Recipe, UpperSample, LowerSample, OtherInfo, Averaging, LogFrequency, Type, Radius,TestDate, Operator, Customer, RefStd, Temperature, RH, Liquid, LastCalibDate, LCFz, LCFx, Tip, OtherData, samplevsscratch only.Rx,,,,10,1000,Scratch,1,9/10/2026 11:14:18 AM,,,ASTM/ISO,,,N/A,N/A,,,,Linear: 0.1 to 6;6;2;2.033898,0.3,
Step, Timestamp, RecipeStep, DAQ.Fz (N),DAQ.CAP (um),DAQ.Fx (N),DAQ.COF (),XYZ.X Position (mm),XYZ.Y Position (mm),XYZ.Z Position (mm),XYZ.Z Depth (mm),
2,0.002,2,0.09506616,397.1318,-0.01954931,0.205639,-2.44705,-12.4139,-33.9441,-0.01470184,
2,0.012,2,0.09428382,397.1282,-0.01841656,0.1953311,-2.44705,-12.4139,-33.9441,-0.01470184,
2,0.022,2,0.09088854,397.1078,-0.02049517,0.2254979,-2.44705,-12.4139,-33.9441,-0.01470184,
2,0.032,2,0.09395741,397.12,-0.01972927,0.209981,-2.44705,-12.4139,-33.9441,-0.01470184,
2,0.042,2,0.09452105,397.1096,-0.01928912,0.2040722,-2.44705,-12.4139,-33.9441,-0.01470184,
2,0.052,2,0.09425332,397.121,-0.01752283,0.1859121,-2.44705,-12.4139,-33.9441,-0.01470184,
2,0.062,2,0.09431852,397.1182,-0.01940918,0.2057834,-2.44705,-12.4139,-33.9441,-0.01470184,
2,0.072,2,0.09503942,397.1023,-0.0186528,0.1962638,-2.44705,-12.4139,-33.9441,-0.01470184,
2,0.082,2,0.09425951,397.095,-0.01905371,0.202141,-2.44705,-12.4139,-33.9441,-0.01470184,
2,0.092,2,0.091781,397.0852,-0.01973073,0.2149762,-2.44705,-12.4139,-33.9441,-0.01470184,
2,0.102,2,0.09142955,397.0836,-0.01943968,0.2126192,-2.44705,-12.4139,-33.9441,-0.01470184,
2,0.112,2,0.09381781,397.1008,-0.0188932,0.2013818,-2.44705,-12.4139,-33.9441,-0.01470184,
2,0.122,2,0.0936529,397.1093,-0.02172131,0.2319342,-2.44705,-12.4139,-33.9441,-0.01470184,
2,0.132,2,0.09373847,397.1244,-0.02001458,0.2135151,-2.44705,-12.4139,-33.9441,-0.01470184,
2,0.142,2,0.09422615,397.1385,-0.01798498,0.1908704,-2.44705,-12.4139,-33.9441,-0.01470184,
2,0.152,2,0.09325194,397.1283,-0.01917793,0.2056572,-2.44705,-12.4139,-33.9441,-0.01470184,
2,0.162,2,0.09376466,397.1123,-0.02055747,0.2192454,-2.44705,-12.4139,-33.9441,-0.01470184,
2,0.172,2,0.09454224,397.0956,-0.01950771,0.2063385,-2.44705,-12.4139,-33.9441,-0.01470184,
2,0.182,2,0.09465913,397.0924,-0.0180588,0.1907772,-2.44705,-12.4139,-33.9441,-0.01470184,
2,0.192,2,0.09260353,397.1254,-0.01929414,0.2083522,-2.44705,-12.4139,-33.9441,-0.01470184,
2,0.202,2,0.09226905,397.1362,-0.01776536,0.1925387,-2.44705,-12.4139,-33.9441,-0.01470184,
2,0.212,2,0.09133733,397.1179,-0.01806657,0.1978005,-2.44705,-12.4139,-33.9441,-0.01470184,
2,0.222,2,0.09104931,397.0915,-0.01959711,0.2152363,-2.44705,-12.4139,-33.9441,-0.01470184,
2,0.232,2,0.09125944,397.1139,-0.02135693,0.2340243,-2.44705,-12.4139,-33.9441,-0.01470184,
2,0.242,2,0.08918083,397.1211,-0.02784093,0.3121851,-2.44705,-12.4139,-33.9441,-0.01470184,
2,0.252,2,0.09270725,397.0986,-0.03046986,0.3286675,-2.44705,-12.4139,-33.9441,-0.01470184,
2,0.262,2,0.09169977,397.0809,-0.03032219,0.3306681,-2.44705,-12.4139,-33.9441,-0.01470184,
2,0.272,2,0.09085044,397.1358,-0.02773357,0.3052662,-2.44705,-12.4139,-33.9441,-0.01470184,
2,0.282,2,0.09113912,397.1319,-0.02791166,0.3062534,-2.44705,-12.4139,-33.9441,-0.01470184,
2,0.292,2,0.09042421,397.1192,-0.02824346,0.312344,-2.44705,-12.4139,-33.9441,-0.01470184,
2,0.302,2,0.0893738,397.1264,-0.03016872,0.3375567,-2.44705,-12.4139,-33.9441,-0.01470184,
2,0.312,2,0.09662098,397.0997,-0.0290603,0.3007659,-2.44705,-12.4139,-33.9441,-0.01470184,
2,0.322,2,0.09555559,397.0618,-0.03010114,0.3150118,-2.44705,-12.4139,-33.9441,-0.01470184,
2,0.332,2,0.09553403,397.0658,-0.0310696,0.3252202,-2.44705,-12.4139,-33.9441,-0.01470184,
2,0.342,2,0.09644506,397.0632,-0.03094956,0.3209035,-2.44705,-12.4139,-33.9441,-0.01470184,
2,0.352,2,0.09699761,397.0525,-0.03103876,0.3199951,-2.44705,-12.4139,-33.9441,-0.01470184,
2,0.362,2,0.09717202,397.0573,-0.03128865,0.3219924,-2.44705,-12.4139,-33.9441,-0.01470184,
2,0.372,2,0.09703971,397.0682,-0.02913841,0.3002731,-2.44705,-12.4139,-33.9441,-0.01470184,
2,0.382,2,0.09696246,397.086,-0.03121849,0.3219647,-2.44705,-12.4139,-33.9441,-0.01470184,
2,0.392,2,0.09721703,397.0468,-0.03135028,0.3224773,-2.44705,-12.4139,-33.9441,-0.01470184,
2,0.402,2,0.09432282,397.0658,-0.03086299,0.327206,-2.44705,-12.4139,-33.9441,-0.01470184,
2,0.412,2,0.09634767,397.0677,-0.0296893,0.3081475,-2.44705,-12.4139,-33.9441,-0.01470184,
2,0.422,2,0.0968256,397.0544,-0.02960692,0.3057757,-2.45082,-12.4139,-33.9444,-0.01440048,
2,0.432,2,0.09690057,397.0582,-0.02982785,0.3078192,-2.45082,-12.4139,-33.9444,-0.01440048,
2,0.442,2,0.09703866,397.0332,-0.02997618,0.3089097,-2.45082,-12.4139,-33.9444,-0.01440048,
2,0.452,2,0.09620722,397.0548,-0.02961536,0.3078289,-2.45082,-12.4139,-33.9444,-0.01440048,
2,0.462,2,0.09648701,397.055,-0.03136532,0.325073,-2.45082,-12.4139,-33.9444,-0.01440048,
2,0.472,2,0.09571999,397.0298,-0.03046084,0.3182286,-2.45082,-12.4139,-33.9444,-0.01440048,
2,0.482,2,0.09523819,397.0323,-0.03036007,0.3187804,-2.45082,-12.4139,-33.9444,-0.01440048,
2,0.492,2,0.09696693,397.0278,-0.02962394,0.3055056,-2.45082,-12.4139,-33.9444,-0.01440048,
2,0.502,2,0.09747406,397.0848,-0.03056964,0.3136182,-2.45082,-12.4139,-33.9444,-0.01440048,
2,0.512,2,0.09806456,396.987,-0.02945764,0.3003903,-2.45082,-12.4139,-33.9444,-0.01440048,
2,0.522,2,0.09993505,396.9598,-0.03029671,0.303164,-2.45082,-12.4139,-33.9444,-0.01440048,
2,0.532,2,0.1039303,396.9456,-0.03125342,0.3007151,-2.45082,-12.4139,-33.9444,-0.01440048,
2,0.542,2,0.1055337,396.9626,-0.03094499,0.2932238,-2.45082,-12.4139,-33.9444,-0.01440048,
2,0.552,2,0.104977,396.9378,-0.03175211,0.3024673,-2.45082,-12.4139,-33.9444,-0.01440048,
2,0.562,2,0.1041997,396.9181,-0.03039952,0.2917429,-2.45082,-12.4139,-33.9444,-0.01440048,
2,0.572,2,0.1056806,396.9494,-0.03113398,0.2946044,-2.45082,-12.4139,-33.9444,-0.01440048,
2,0.582,2,0.1029252,396.9497,-0.0320936,0.3118146,-2.45082,-12.4139,-33.9444,-0.01440048,
2,0.592,2,0.1042816,396.9216,-0.0311155,0.2983796,-2.45082,-12.4139,-33.9444,-0.01440048,
2,0.602,2,0.1042365,396.923,-0.03164332,0.3035725,-2.45082,-12.4139,-33.9444,-0.01440048,
2,0.612,2,0.102964,396.9234,-0.03198146,0.310608,-2.45082,-12.4139,-33.9444,-0.01440048,
2,0.622,2,0.1034855,396.9379,-0.02952241,0.2852807,-2.45735,-12.4139,-33.9449,-0.01390076,
2,0.632,2,0.1053515,396.9121,-0.03162652,0.3002001,-2.45735,-12.4139,-33.9449,-0.01390076,
2,0.642,2,0.1037326,396.9136,-0.02983602,0.2876244,-2.45735,-12.4139,-33.9449,-0.01390076,
2,0.652,2,0.1052958,396.9101,-0.03178706,0.3018835,-2.45735,-12.4139,-33.9449,-0.01390076,
2,0.662,2,0.1055502,396.9145,-0.03306076,0.3132232,-2.45735,-12.4139,-33.9449,-0.01390076,
2,0.672,2,0.1043606,396.9238,-0.03223336,0.3088654,-2.45735,-12.4139,-33.9449,-0.01390076,
2,0.682,2,0.1033875,396.9321,-0.03156744,0.3053313,-2.45735,-12.4139,-33.9449,-0.01390076,
2,0.692,2,0.1049091,396.9027,-0.03165795,0.3017657,-2.45735,-12.4139,-33.9449,-0.01390076,
2,0.702,2,0.1090682,396.8862,-0.03187814,0.2922772,-2.45735,-12.4139,-33.9449,-0.01390076,
2,0.712,2,0.1103507,396.834,-0.0327876,0.2971219,-2.45735,-12.4139,-33.9449,-0.01390076,
2,0.722,2,0.1139352,396.8127,-0.03277675,0.2876789,-2.45735,-12.4139,-33.9449,-0.01390076,
2,0.732,2,0.118167,396.8322,-0.03528341,0.2985893,-2.45735,-12.4139,-33.9449,-0.01390076,
2,0.742,2,0.1149375,396.8027,-0.0324465,0.2822969,-2.45735,-12.4139,-33.9449,-0.01390076,
2,0.752,2,0.1139918,396.7901,-0.03327907,0.2919426,-2.45735,-12.4139,-33.9449,-0.01390076,
2,0.762,2,0.1165866,396.7931,-0.03343214,0.286758,-2.45735,-12.4139,-33.9449,-0.01390076,
2,0.772,2,0.1144822,396.8223,-0.03283207,0.2867876,-2.45735,-12.4139,-33.9449,-0.01390076,
2,0.782,2,0.1120371,396.8034,-0.03549113,0.3167803,-2.45735,-12.4139,-33.9449,-0.01390076,
2,0.792,2,0.1147456,396.7775,-0.03417217,0.297808,-2.45735,-12.4139,-33.9449,-0.01390076,
2,0.802,2,0.1155354,396.7827,-0.03432354,0.2970824,-2.45735,-12.4139,-33.9449,-0.01390076,
2,0.812,2,0.1142786,396.7844,-0.03359177,0.2939464,-2.45735,-12.4139,-33.9449,-0.01390076,
2,0.822,2,0.1139728,396.7741,-0.03465261,0.3040428,-2.45735,-12.4139,-33.9449,-0.01390076,
2,0.832,2,0.115537,396.7654,-0.03535993,0.3060485,-2.45735,-12.4139,-33.9449,-0.01390076,
2,0.842,2,0.1139631,396.7732,-0.03445015,0.3022921,-2.46385,-12.4139,-33.9455,-0.01330185,
2,0.852,2,0.11414,396.8314,-0.03585535,0.314135,-2.46385,-12.4139,-33.9455,-0.01330185,
2,0.862,2,0.1155168,396.7582,-0.03478086,0.3010893,-2.46385,-12.4139,-33.9455,-0.01330185,
2,0.872,2,0.1155351,396.7463,-0.03360112,0.2908303,-2.46385,-12.4139,-33.9455,-0.01330185,
2,0.882,2,0.1131005,396.7755,-0.03522037,0.3114077,-2.46385,-12.4139,-33.9455,-0.01330185,
2,0.892,2,0.114985,396.7697,-0.03422887,0.2976812,-2.46385,-12.4139,-33.9455,-0.01330185,
2,0.902,2,0.1148724,396.7655,-0.03428892,0.2984956,-2.46385,-12.4139,-33.9455,-0.01330185,
2,0.912,2,0.115838,396.7397,-0.03391673,0.2927945,-2.46385,-12.4139,-33.9455,-0.01330185,
2,0.922,2,0.1177323,396.7379,-0.0350727,0.297902,-2.46385,-12.4139,-33.9455,-0.01330185,
2,0.932,2,0.1210435,396.7012,-0.03483846,0.2878176,-2.46385,-12.4139,-33.9455,-0.01330185,
2,0.942,2,0.1242151,396.6591,-0.0374983,0.3018818,-2.46385,-12.4139,-33.9455,-0.01330185,
2,0.952,2,0.1268974,396.6534,-0.0364849,0.2875149,-2.46385,-12.4139,-33.9455,-0.01330185,
2,0.962,2,0.12887,396.6531,-0.03622292,0.281081,-2.46385,-12.4139,-33.9455,-0.01330185,
2,0.972,2,0.1280738,396.7029,-0.03758909,0.2934956,-2.46385,-12.4139,-33.9455,-0.01330185,
2,0.982,2,0.128476,396.635,-0.03716546,0.2892794,-2.46385,-12.4139,-33.9455,-0.01330185,
2,0.992,2,0.1274912,396.6265,-0.03871731,0.3036862,-2.46385,-12.4139,-33.9455,-0.01330185,
2,1.002,2,0.1266511,396.6519,-0.03707036,0.2926967,-2.46385,-12.4139,-33.9455,-0.01330185,
2,1.012,2,0.1288234,396.6296,-0.03850058,0.2988633,-2.46385,-12.4139,-33.9455,-0.01330185,
2,1.022,2,0.1274861,396.6551,-0.04001029,0.3138403,-2.46385,-12.4139,-33.9455,-0.01330185,
2,1.032,2,0.1264469,396.6004,-0.03808552,0.3011979,-2.46385,-12.4139,-33.9455,-0.01330185,
2,1.042,2,0.1259957,396.6311,-0.03990399,0.3167092,-2.46385,-12.4139,-33.9455,-0.01330185,
2,1.052,2,0.1271696,396.6227,-0.03963248,0.3116506,-2.46385,-12.4139,-33.9455,-0.01330185,
2,1.062,2,0.1269855,396.598,-0.03973326,0.312896,-2.46385,-12.4139,-33.9455,-0.01330185,
2,1.072,2,0.128217,396.6071,-0.03847011,0.3000391,-2.47093,-12.4139,-33.9462,-0.01259995,
2,1.082,2,0.1287397,396.6172,-0.04039699,0.3137881,-2.47093,-12.4139,-33.9462,-0.01259995,
2,1.092,2,0.1282374,396.6352,-0.0406639,0.3170985,-2.47093,-12.4139,-33.9462,-0.01259995,
2,1.102,2,0.1270331,396.598,-0.0377184,0.296918,-2.47093,-12.4139,-33.9462,-0.01259995,
2,1.112,2,0.1261674,396.587,-0.03980476,0.3154916,-2.47093,-12.4139,-33.9462,-0.01259995,
2,1.122,2,0.1279224,396.5723,-0.03843617,0.3004648,-2.47093,-12.4139,-33.9462,-0.01259995,
2,1.132,2,0.1321215,396.5746,-0.03817787,0.2889603,-2.47093,-12.4139,-33.9462,-0.01259995,
2,1.142,2,0.1363731,396.5242,-0.03741821,0.2743812,-2.47093,-12.4139,-33.9462,-0.01259995,
2,1.152,2,0.1379834,396.4802,-0.03990071,0.2891704,-2.47093,-12.4139,-33.9462,-0.01259995,
2,1.162,2,0.140177,396.4783,-0.04135986,0.2950546,-2.47093,-12.4139,-33.9462,-0.01259995,
2,1.172,2,0.1420311,396.4685,-0.04084979,0.2876115,-2.47093,-12.4139,-33.9462,-0.01259995,
2,1.182,2,0.1409741,396.4558,-0.04032834,0.2860691,-2.47093,-12.4139,-33.9462,-0.01259995,
2,1.192,2,0.1428512,396.4606,-0.04086262,0.2860502,-2.47093,-12.4139,-33.9462,-0.01259995,
2,1.202,2,0.1440503,396.4477,-0.04013091,0.2785895,-2.47093,-12.4139,-33.9462,-0.01259995,
2,1.212,2,0.1432947,396.4558,-0.04117982,0.2873786,-2.47093,-12.4139,-33.9462,-0.01259995,
2,1.222,2,0.1416056,396.4403,-0.04025754,0.2842934,-2.47093,-12.4139,-33.9462,-0.01259995,
2,1.232,2,0.1399606,396.4246,-0.0399421,0.2853811,-2.47093,-12.4139,-33.9462,-0.01259995,
2,1.242,2,0.1414984,396.4309,-0.04007085,0.2831894,-2.47093,-12.4139,-33.9462,-0.01259995,
2,1.252,2,0.1421443,396.425,-0.04129532,0.2905168,-2.47093,-12.4139,-33.9462,-0.01259995,
2,1.262,2,0.1422648,396.4367,-0.04091937,0.2876282,-2.47093,-12.4139,-33.9462,-0.01259995,
2,1.272,2,0.1432629,396.4488,-0.04023983,0.280881,-2.47093,-12.4139,-33.9462,-0.01259995,
2,1.282,2,0.144232,396.4312,-0.04000761,0.2773838,-2.4785,-12.4139,-33.947,-0.01180267,
2,1.292,2,0.1417185,396.4286,-0.04366783,0.3081307,-2.4785,-12.4139,-33.947,-0.01180267,
2,1.302,2,0.1423035,396.4135,-0.04091652,0.28753,-2.4785,-12.4139,-33.947,-0.01180267,
2,1.312,2,0.143717,396.4139,-0.04137897,0.2879198,-2.4785,-12.4139,-33.947,-0.01180267,
2,1.322,2,0.1411349,396.4322,-0.04296347,0.3044142,-2.4785,-12.4139,-33.947,-0.01180267,
2,1.332,2,0.1433842,396.3993,-0.04237349,0.2955242,-2.4785,-12.4139,-33.947,-0.01180267,
2,1.342,2,0.1418686,396.4002,-0.04197522,0.2958739,-2.4785,-12.4139,-33.947,-0.01180267,
2,1.352,2,0.1468914,396.4145,-0.04339558,0.2954262,-2.4785,-12.4139,-33.947,-0.01180267,
2,1.362,2,0.1480742,396.3648,-0.04423811,0.2987563,-2.4785,-12.4139,-33.947,-0.01180267,
2,1.372,2,0.152986,396.3122,-0.0443013,0.2895775,-2.4785,-12.4139,-33.947,-0.01180267,
2,1.382,2,0.1574185,396.2455,-0.04468557,0.2838647,-2.4785,-12.4139,-33.947,-0.01180267,
2,1.392,2,0.1595046,396.2578,-0.04526955,0.2838134,-2.4785,-12.4139,-33.947,-0.01180267,
2,1.402,2,0.1563877,396.2692,-0.0473164,0.3025583,-2.4785,-12.4139,-33.947,-0.01180267,
2,1.412,2,0.1594565,396.2676,-0.04601195,0.2885548,-2.4785,-12.4139,-33.947,-0.01180267,
2,1.422,2,0.1576343,396.2516,-0.04447542,0.2821431,-2.4785,-12.4139,-33.947,-0.01180267,
2,1.432,2,0.1572721,396.2481,-0.04606731,0.2929148,-2.4785,-12.4139,-33.947,-0.01180267,
2,1.442,2,0.1572207,396.3081,-0.04617811,0.2937152,-2.4785,-12.4139,-33.947,-0.01180267,
2,1.452,2,0.1581891,396.2457,-0.0466043,0.2946112,-2.4785,-12.4139,-33.947,-0.01180267,
2,1.462,2,0.1590953,396.2391,-0.04559037,0.2865601,-2.4785,-12.4139,-33.947,-0.01180267,
2,1.472,2,0.1576115,396.2544,-0.04442992,0.2818951,-2.4785,-12.4139,-33.947,-0.01180267,
2,1.482,2,0.1584833,396.2534,-0.04618729,0.2914332,-2.4785,-12.4139,-33.947,-0.01180267,
2,1.492,2,0.1576425,396.2494,-0.04736015,0.3004275,-2.4785,-12.4139,-33.947,-0.01180267,
2,1.502,2,0.1548138,396.2081,-0.04634799,0.299379,-2.4785,-12.4139,-33.947,-0.01180267,
2,1.512,2,0.1566526,396.2255,-0.04543331,0.2900259,-2.4785,-12.4139,-33.947,-0.01180267,
2,1.522,2,0.1579505,396.2257,-0.04632096,0.2932625,-2.4861,-12.4139,-33.9478,-0.01100159,
2,1.532,2,0.1564598,396.2274,-0.04906091,0.3135687,-2.4861,-12.4139,-33.9478,-0.01100159,
2,1.542,2,0.1566834,396.2194,-0.04726543,0.3016619,-2.4861,-12.4139,-33.9478,-0.01100159,
2,1.552,2,0.1549024,396.231,-0.04710343,0.3040846,-2.4861,-12.4139,-33.9478,-0.01100159,
2,1.562,2,0.1566889,396.2653,-0.04787743,0.3055572,-2.4861,-12.4139,-33.9478,-0.01100159,
2,1.572,2,0.1554732,396.214,-0.04713204,0.3031521,-2.4861,-12.4139,-33.9478,-0.01100159,
2,1.582,2,0.1563686,396.2083,-0.04624874,0.2957675,-2.4861,-12.4139,-33.9478,-0.01100159,
2,1.592,2,0.1603181,396.2249,-0.04689454,0.2925092,-2.4861,-12.4139,-33.9478,-0.01100159,
2,1.602,2,0.1620123,396.1656,-0.04724102,0.291589,-2.4861,-12.4139,-33.9478,-0.01100159,
2,1.612,2,0.1646628,396.1158,-0.04713478,0.2862504,-2.4861,-12.4139,-33.9478,-0.01100159,
2,1.622,2,0.172307,396.0571,-0.04963757,0.2880764,-2.4861,-12.4139,-33.9478,-0.01100159,
2,1.632,2,0.1760604,396.088,-0.04918717,0.2793766,-2.4861,-12.4139,-33.9478,-0.01100159,
2,1.642,2,0.1722456,396.0817,-0.05003118,0.2904643,-2.4861,-12.4139,-33.9478,-0.01100159,
2,1.652,2,0.173294,396.0518,-0.04977998,0.2872573,-2.4861,-12.4139,-33.9478,-0.01100159,
2,1.662,2,0.1753154,396.0616,-0.04967714,0.2833586,-2.4861,-12.4139,-33.9478,-0.01100159,
2,1.672,2,0.1752895,396.0547,-0.05017155,0.286221,-2.4861,-12.4139,-33.9478,-0.01100159,
2,1.682,2,0.176042,396.0407,-0.05176201,0.2940322,-2.4861,-12.4139,-33.9478,-0.01100159,
2,1.692,2,0.1756826,396.0392,-0.05092386,0.2898629,-2.4861,-12.4139,-33.9478,-0.01100159,
2,1.702,2,0.1744939,396.018,-0.05069496,0.2905257,-2.4861,-12.4139,-33.9478,-0.01100159,
2,1.712,2,0.1754621,395.9995,-0.05091408,0.2901714,-2.49423,-12.4139,-33.9488,-0.01000214,
2,1.722,2,0.1754984,396.0038,-0.0513242,0.2924483,-2.49423,-12.4139,-33.9488,-0.01000214,
2,1.732,2,0.1773378,396.0087,-0.05320461,0.3000184,-2.49423,-12.4139,-33.9488,-0.01000214,
2,1.742,2,0.1750765,396.0349,-0.05100153,0.29131,-2.49423,-12.4139,-33.9488,-0.01000214,
2,1.752,2,0.1734927,396.0217,-0.05063333,0.2918471,-2.49423,-12.4139,-33.9488,-0.01000214,
2,1.762,2,0.1754952,396.0344,-0.05037197,0.2870277,-2.49423,-12.4139,-33.9488,-0.01000214,
2,1.772,2,0.1735189,396.0103,-0.05220548,0.3008634,-2.49423,-12.4139,-33.9488,-0.01000214,
2,1.782,2,0.1765407,396.0165,-0.0522445,0.2959346,-2.49423,-12.4139,-33.9488,-0.01000214,
2,1.792,2,0.1813834,395.9855,-0.05123027,0.2824418,-2.49423,-12.4139,-33.9488,-0.01000214,
2,1.802,2,0.1838728,395.9299,-0.05400162,0.2936901,-2.49423,-12.4139,-33.9488,-0.01000214,
2,1.812,2,0.1897309,395.8764,-0.05359277,0.2824673,-2.49423,-12.4139,-33.9488,-0.01000214,
2,1.822,2,0.1919498,395.8651,-0.05508986,0.2870013,-2.49423,-12.4139,-33.9488,-0.01000214,
2,1.832,2,0.1946315,395.8682,-0.05574676,0.2864221,-2.49423,-12.4139,-33.9488,-0.01000214,
2,1.842,2,0.1932847,395.8615,-0.05658496,0.2927545,-2.49423,-12.4139,-33.9488,-0.01000214,
2,1.852,2,0.1908837,395.8683,-0.05489865,0.2876026,-2.49423,-12.4139,-33.9488,-0.01000214,
2,1.862,2,0.195079,395.8646,-0.05559612,0.2849928,-2.49423,-12.4139,-33.9488,-0.01000214,
2,1.872,2,0.1955923,395.8575,-0.05443457,0.2783062,-2.49423,-12.4139,-33.9488,-0.01000214,
2,1.882,2,0.1920464,395.8232,-0.05630685,0.293194,-2.49423,-12.4139,-33.9488,-0.01000214,
2,1.892,2,0.1934917,395.8416,-0.05557015,0.2871966,-2.49423,-12.4139,-33.9488,-0.01000214,
2,1.902,2,0.1947455,395.8499,-0.05505616,0.2827083,-2.49423,-12.4139,-33.9488,-0.01000214,
2,1.912,2,0.1943892,395.8624,-0.05504629,0.2831756,-2.49423,-12.4139,-33.9488,-0.01000214,
2,1.922,2,0.1931984,395.8399,-0.05472026,0.2832335,-2.49423,-12.4139,-33.9488,-0.01000214,
2,1.932,2,0.1942122,395.8281,-0.05612969,0.2890122,-2.50073,-12.4139,-33.9498,-0.009002686,
2,1.942,2,0.1938182,395.8363,-0.05654555,0.2917453,-2.50073,-12.4139,-33.9498,-0.009002686,
2,1.952,2,0.1934033,395.8058,-0.05615016,0.2903267,-2.50073,-12.4139,-33.9498,-0.009002686,
2,1.962,2,0.1920871,395.8328,-0.055443,0.2886347,-2.50073,-12.4139,-33.9498,-0.009002686,
2,1.972,2,0.1943045,395.7864,-0.05626487,0.2895706,-2.50073,-12.4139,-33.9498,-0.009002686,
2,1.982,2,0.1935342,395.8056,-0.05791494,0.2992492,-2.50073,-12.4139,-33.9498,-0.009002686,
2,1.992,2,0.1902809,395.8116,-0.05639702,0.2963882,-2.50073,-12.4139,-33.9498,-0.009002686,
2,2.002,2,0.1949193,395.8156,-0.05701502,0.2925058,-2.50073,-12.4139,-33.9498,-0.009002686,
2,2.012,2,0.1985273,395.7866,-0.05616386,0.2829024,-2.50073,-12.4139,-33.9498,-0.009002686,
2,2.022,2,0.2011065,395.7208,-0.05588604,0.2778927,-2.50073,-12.4139,-33.9498,-0.009002686,
2,2.032,2,0.2072874,395.7446,-0.05930343,0.2860928,-2.50073,-12.4139,-33.9498,-0.009002686,
2,2.042,2,0.2091601,395.6669,-0.06142584,0.2936785,-2.50073,-12.4139,-33.9498,-0.009002686,
2,2.052,2,0.2130124,395.653,-0.06124996,0.2875417,-2.50073,-12.4139,-33.9498,-0.009002686,
2,2.062,2,0.2116573,395.6569,-0.06175531,0.2917702,-2.50073,-12.4139,-33.9498,-0.009002686,
2,2.072,2,0.2126944,395.6558,-0.05975498,0.2809429,-2.50073,-12.4139,-33.9498,-0.009002686,
2,2.082,2,0.2113759,395.6444,-0.06133506,0.2901706,-2.50073,-12.4139,-33.9498,-0.009002686,
2,2.092,2,0.2095,395.6212,-0.06242042,0.2979495,-2.50073,-12.4139,-33.9498,-0.009002686,
2,2.102,2,0.2114363,395.6145,-0.06074386,0.2872915,-2.50073,-12.4139,-33.9498,-0.009002686,
2,2.112,2,0.213736,395.6304,-0.06254248,0.2926157,-2.50073,-12.4139,-33.9498,-0.009002686,
2,2.122,2,0.2119171,395.6322,-0.0607435,0.2866381,-2.50073,-12.4139,-33.9498,-0.009002686,
2,2.132,2,0.2093625,395.6235,-0.06090813,0.2909218,-2.50073,-12.4139,-33.9498,-0.009002686,
2,2.142,2,0.2119115,395.6261,-0.06318942,0.2981877,-2.50073,-12.4139,-33.9498,-0.009002686,
2,2.152,2,0.210923,395.6763,-0.06150437,0.2915964,-2.50073,-12.4139,-33.9498,-0.009002686,
2,2.162,2,0.2092743,395.6121,-0.06213733,0.2969181,-2.50833,-12.4139,-33.9508,-0.00799942,
2,2.172,2,0.212173,395.6033,-0.0611972,0.2884307,-2.50833,-12.4139,-33.9508,-0.00799942,
2,2.182,2,0.2112117,395.629,-0.06022441,0.2851377,-2.50833,-12.4139,-33.9508,-0.00799942,
2,2.192,2,0.2106542,395.5969,-0.05992353,0.284464,-2.50833,-12.4139,-33.9508,-0.00799942,
2,2.202,2,0.2092612,395.5999,-0.0621964,0.2972189,-2.50833,-12.4139,-33.9508,-0.00799942,
2,2.212,2,0.2120909,395.5976,-0.06018286,0.2837597,-2.50833,-12.4139,-33.9508,-0.00799942,
2,2.222,2,0.2174335,395.5758,-0.0622869,0.2864641,-2.50833,-12.4139,-33.9508,-0.00799942,
2,2.232,2,0.221012,395.5299,-0.06291787,0.2846808,-2.50833,-12.4139,-33.9508,-0.00799942,
2,2.242,2,0.2231595,395.4513,-0.06483679,0.2905401,-2.50833,-12.4139,-33.9508,-0.00799942,
2,2.252,2,0.230349,395.4569,-0.06405881,0.2780945,-2.50833,-12.4139,-33.9508,-0.00799942,
2,2.262,2,0.2324455,395.4568,-0.06527416,0.2808149,-2.50833,-12.4139,-33.9508,-0.00799942,
2,2.272,2,0.2327223,395.4289,-0.0658062,0.282767,-2.50833,-12.4139,-33.9508,-0.00799942,
2,2.282,2,0.230882,395.445,-0.06629003,0.2871165,-2.50833,-12.4139,-33.9508,-0.00799942,
2,2.292,2,0.2300567,395.4202,-0.06607828,0.287226,-2.50833,-12.4139,-33.9508,-0.00799942,
2,2.302,2,0.232084,395.3934,-0.06664492,0.2871587,-2.50833,-12.4139,-33.9508,-0.00799942,
2,2.312,2,0.230469,395.4246,-0.06743941,0.2926181,-2.50833,-12.4139,-33.9508,-0.00799942,
2,2.322,2,0.2321895,395.428,-0.06448663,0.2777328,-2.50833,-12.4139,-33.9508,-0.00799942,
2,2.332,2,0.2301517,395.4595,-0.06573226,0.285604,-2.50833,-12.4139,-33.9508,-0.00799942,
2,2.342,2,0.2291523,395.3795,-0.0660427,0.2882044,-2.50833,-12.4139,-33.9508,-0.00799942,
2,2.352,2,0.2305757,395.4763,-0.06658798,0.2887901,-2.50833,-12.4139,-33.9508,-0.00799942,
2,2.362,2,0.2300026,395.4232,-0.06579471,0.2860608,-2.51537,-12.4139,-33.9518,-0.006999969,
2,2.372,2,0.2303136,395.4052,-0.06579328,0.2856682,-2.51537,-12.4139,-33.9518,-0.006999969,
2,2.382,2,0.2313813,395.4116,-0.06668522,0.2882048,-2.51537,-12.4139,-33.9518,-0.006999969,
2,2.392,2,0.2314372,395.4163,-0.0667726,0.2885129,-2.51537,-12.4139,-33.9518,-0.006999969,
2,2.402,2,0.2297775,395.4,-0.06663291,0.2899889,-2.51537,-12.4139,-33.9518,-0.006999969,
2,2.412,2,0.2339878,395.366,-0.0665758,0.2845268,-2.51537,-12.4139,-33.9518,-0.006999969,
2,2.422,2,0.2386975,395.3203,-0.06792018,0.284545,-2.51537,-12.4139,-33.9518,-0.006999969,
2,2.432,2,0.244325,395.2797,-0.06858643,0.280718,-2.51537,-12.4139,-33.9518,-0.006999969,
2,2.442,2,0.2503218,395.2698,-0.07146219,0.2854813,-2.51537,-12.4139,-33.9518,-0.006999969,
2,2.452,2,0.2504714,395.2694,-0.06911529,0.2759408,-2.51537,-12.4139,-33.9518,-0.006999969,
2,2.462,2,0.2504132,395.254,-0.06961099,0.2779845,-2.51537,-12.4139,-33.9518,-0.006999969,
2,2.472,2,0.2494342,395.2596,-0.0718506,0.2880543,-2.51537,-12.4139,-33.9518,-0.006999969,
2,2.482,2,0.2507843,395.251,-0.07185494,0.2865209,-2.51537,-12.4139,-33.9518,-0.006999969,
2,2.492,2,0.2517595,395.2269,-0.07061658,0.2804922,-2.51537,-12.4139,-33.9518,-0.006999969,
2,2.502,2,0.2492046,395.2334,-0.07131932,0.2861878,-2.51537,-12.4139,-33.9518,-0.006999969,
2,2.512,2,0.2489672,395.2157,-0.07182185,0.2884792,-2.51537,-12.4139,-33.9518,-0.006999969,
2,2.522,2,0.2486448,395.2202,-0.07272881,0.2925008,-2.51537,-12.4139,-33.9518,-0.006999969,
2,2.532,2,0.2503275,395.2192,-0.07103914,0.2837848,-2.5219,-12.4139,-33.9528,-0.006000519,
2,2.542,2,0.2499282,395.2142,-0.07154918,0.2862789,-2.5219,-12.4139,-33.9528,-0.006000519,
2,2.552,2,0.2505382,395.2079,-0.07136729,0.2848559,-2.5219,-12.4139,-33.9528,-0.006000519,
2,2.562,2,0.2479688,395.1731,-0.07050179,0.2843172,-2.5219,-12.4139,-33.9528,-0.006000519,
2,2.572,2,0.2484699,395.1987,-0.0705568,0.2839652,-2.5219,-12.4139,-33.9528,-0.006000519,
2,2.582,2,0.2506303,395.1918,-0.07096843,0.2831598,-2.5219,-12.4139,-33.9528,-0.006000519,
2,2.592,2,0.2499143,395.2045,-0.07093497,0.2838371,-2.5219,-12.4139,-33.9528,-0.006000519,
2,2.602,2,0.2482374,395.1846,-0.07187403,0.2895375,-2.5219,-12.4139,-33.9528,-0.006000519,
2,2.612,2,0.2501392,395.1763,-0.07217494,0.2885391,-2.5219,-12.4139,-33.9528,-0.006000519,
2,2.622,2,0.2556709,395.2321,-0.07169065,0.280402,-2.5219,-12.4139,-33.9528,-0.006000519,
2,2.632,2,0.2602806,395.1152,-0.07281303,0.2797482,-2.5219,-12.4139,-33.9528,-0.006000519,
2,2.642,2,0.2653621,395.0597,-0.07532634,0.2838625,-2.5219,-12.4139,-33.9528,-0.006000519,
2,2.652,2,0.2673789,395.0634,-0.07544678,0.2821718,-2.5219,-12.4139,-33.9528,-0.006000519,
2,2.662,2,0.26851,395.0353,-0.07401033,0.2756334,-2.5219,-12.4139,-33.9528,-0.006000519,
2,2.672,2,0.2704667,395.0262,-0.07561076,0.2795566,-2.5219,-12.4139,-33.9528,-0.006000519,
2,2.682,2,0.2681318,395.0234,-0.07592072,0.283147,-2.5219,-12.4139,-33.9528,-0.006000519,
2,2.692,2,0.2677713,395.0213,-0.07466793,0.2788497,-2.5219,-12.4139,-33.9528,-0.006000519,
2,2.702,2,0.2707041,395.0149,-0.07661718,0.2830293,-2.5219,-12.4139,-33.9528,-0.006000519,
2,2.712,2,0.2685615,395.0261,-0.07572296,0.2819576,-2.5219,-12.4139,-33.9528,-0.006000519,
2,2.722,2,0.269111,395.0196,-0.07543006,0.2802935,-2.5219,-12.4139,-33.9528,-0.006000519,
2,2.732,2,0.2687443,395.0118,-0.07609733,0.2831588,-2.5219,-12.4139,-33.9528,-0.006000519,
2,2.742,2,0.2680827,395.0318,-0.07681584,0.2865379,-2.5219,-12.4139,-33.9528,-0.006000519,
2,2.752,2,0.2678693,395.0019,-0.07655205,0.2857813,-2.5284,-12.4139,-33.9539,-0.004901886,
2,2.762,2,0.2684052,394.9944,-0.07670598,0.2857842,-2.5284,-12.4139,-33.9539,-0.004901886,
2,2.772,2,0.2665007,395.0203,-0.07643683,0.2868167,-2.5284,-12.4139,-33.9539,-0.004901886,
2,2.782,2,0.2689828,394.9837,-0.07627405,0.2835648,-2.5284,-12.4139,-33.9539,-0.004901886,
2,2.792,2,0.2691927,394.9869,-0.07605965,0.2825472,-2.5284,-12.4139,-33.9539,-0.004901886,
2,2.802,2,0.2681544,394.9652,-0.07661322,0.2857056,-2.5284,-12.4139,-33.9539,-0.004901886,
2,2.812,2,0.2659509,394.9931,-0.07670042,0.2884007,-2.5284,-12.4139,-33.9539,-0.004901886,
2,2.822,2,0.2695745,394.9771,-0.07681594,0.2849526,-2.5284,-12.4139,-33.9539,-0.004901886,
2,2.832,2,0.2736586,394.9354,-0.07776344,0.2841622,-2.5284,-12.4139,-33.9539,-0.004901886,
2,2.842,2,0.2778398,394.9073,-0.07872044,0.2833303,-2.5284,-12.4139,-33.9539,-0.004901886,
2,2.852,2,0.2828151,394.8579,-0.0803293,0.2840347,-2.5284,-12.4139,-33.9539,-0.004901886,
2,2.862,2,0.2888009,394.8051,-0.0796303,0.2757273,-2.5284,-12.4139,-33.9539,-0.004901886,
2,2.872,2,0.2900496,394.8458,-0.07883082,0.2717839,-2.5284,-12.4139,-33.9539,-0.004901886,
2,2.882,2,0.2869865,394.8133,-0.0815186,0.2840503,-2.5284,-12.4139,-33.9539,-0.004901886,
2,2.892,2,0.2854397,394.7743,-0.07950541,0.2785366,-2.5284,-12.4139,-33.9539,-0.004901886,
2,2.902,2,0.2880251,394.8108,-0.07922468,0.2750617,-2.5284,-12.4139,-33.9539,-0.004901886,
2,2.912,2,0.2900251,394.8241,-0.08122684,0.2800684,-2.5284,-12.4139,-33.9539,-0.004901886,
2,2.922,2,0.2881477,394.8535,-0.08294179,0.2878447,-2.5284,-12.4139,-33.9539,-0.004901886,
2,2.932,2,0.2881873,394.8101,-0.08273774,0.2870971,-2.5284,-12.4139,-33.9539,-0.004901886,
2,2.942,2,0.2866005,394.812,-0.08145105,0.2841972,-2.5284,-12.4139,-33.9539,-0.004901886,
2,2.952,2,0.2879361,394.8127,-0.08157674,0.2833154,-2.5284,-12.4139,-33.9539,-0.004901886,
2,2.962,2,0.2876654,394.8025,-0.08312909,0.2889784,-2.536,-12.4139,-33.955,-0.003799438,
2,2.972,2,0.2893509,394.7908,-0.08286876,0.2863954,-2.536,-12.4139,-33.955,-0.003799438,
2,2.982,2,0.285797,394.7895,-0.08193225,0.2866799,-2.536,-12.4139,-33.955,-0.003799438,
2,2.992,2,0.2856646,394.7786,-0.08182605,0.2864409,-2.536,-12.4139,-33.955,-0.003799438,
2,3.002,2,0.2886905,394.7686,-0.08306795,0.2877405,-2.536,-12.4139,-33.955,-0.003799438,
2,3.012,2,0.2867679,394.7708,-0.08328137,0.2904139,-2.536,-12.4139,-33.955,-0.003799438,
2,3.022,2,0.2847838,394.7777,-0.08210281,0.2882988,-2.536,-12.4139,-33.955,-0.003799438,
2,3.032,2,0.2925346,394.7805,-0.08191593,0.2800213,-2.536,-12.4139,-33.955,-0.003799438,
2,3.042,2,0.2963043,394.7845,-0.08215053,0.2772506,-2.536,-12.4139,-33.955,-0.003799438,
2,3.052,2,0.2977458,394.722,-0.08650713,0.2905402,-2.536,-12.4139,-33.955,-0.003799438,
2,3.062,2,0.3050464,394.6521,-0.08688682,0.2848315,-2.536,-12.4139,-33.955,-0.003799438,
2,3.072,2,0.3073131,394.6272,-0.08508192,0.2768574,-2.536,-12.4139,-33.955,-0.003799438,
2,3.082,2,0.3087152,394.6248,-0.08691472,0.2815369,-2.536,-12.4139,-33.955,-0.003799438,
2,3.092,2,0.3072373,394.6149,-0.08696792,0.2830643,-2.536,-12.4139,-33.955,-0.003799438,
2,3.102,2,0.3104434,394.6051,-0.0863544,0.2781647,-2.536,-12.4139,-33.955,-0.003799438,
2,3.112,2,0.3068556,394.6019,-0.08567707,0.2792097,-2.536,-12.4139,-33.955,-0.003799438,
2,3.122,2,0.3077626,394.6075,-0.08747919,0.2842424,-2.536,-12.4139,-33.955,-0.003799438,
2,3.132,2,0.3078752,394.5922,-0.08576197,0.2785608,-2.536,-12.4139,-33.955,-0.003799438,
2,3.142,2,0.3087611,394.5852,-0.0872165,0.2824725,-2.536,-12.4139,-33.955,-0.003799438,
2,3.152,2,0.3085045,394.5371,-0.08652781,0.2804751,-2.536,-12.4139,-33.955,-0.003799438,
2,3.162,2,0.3075098,394.5678,-0.08719675,0.2835576,-2.536,-12.4139,-33.955,-0.003799438,
2,3.172,2,0.3083137,394.5656,-0.08562203,0.2777107,-2.536,-12.4139,-33.955,-0.003799438,
2,3.182,2,0.3096394,394.5959,-0.08778114,0.2834947,-2.54253,-12.4139,-33.956,-0.002799988,
2,3.192,2,0.3082574,394.5814,-0.08681369,0.2816273,-2.54253,-12.4139,-33.956,-0.002799988,
2,3.202,2,0.3072501,394.5602,-0.08682934,0.2826015,-2.54253,-12.4139,-33.956,-0.002799988,
2,3.212,2,0.3080821,394.5936,-0.08770797,0.2846902,-2.54253,-12.4139,-33.956,-0.002799988,
2,3.222,2,0.306774,394.5573,-0.0861346,0.2807754,-2.54253,-12.4139,-33.956,-0.002799988,
2,3.232,2,0.3056974,394.5488,-0.08651208,0.2829991,-2.54253,-12.4139,-33.956,-0.002799988,
2,3.242,2,0.3137974,394.5458,-0.08681816,0.2766694,-2.54253,-12.4139,-33.956,-0.002799988,
2,3.252,2,0.3177732,394.5087,-0.08720291,0.2744187,-2.54253,-12.4139,-33.956,-0.002799988,
2,3.262,2,0.3197976,394.4454,-0.09035003,0.2825225,-2.54253,-12.4139,-33.956,-0.002799988,
2,3.272,2,0.3270358,394.4139,-0.09208988,0.2815897,-2.54253,-12.4139,-33.956,-0.002799988,
2,3.282,2,0.3307259,394.416,-0.0900934,0.2724111,-2.54253,-12.4139,-33.956,-0.002799988,
2,3.292,2,0.3296653,394.3735,-0.09159311,0.2778367,-2.54253,-12.4139,-33.956,-0.002799988,
2,3.302,2,0.328478,394.4155,-0.09215021,0.2805369,-2.54253,-12.4139,-33.956,-0.002799988,
2,3.312,2,0.3289791,394.3865,-0.09088459,0.2762625,-2.54253,-12.4139,-33.956,-0.002799988,
2,3.322,2,0.3300806,394.3797,-0.09362599,0.2836458,-2.54253,-12.4139,-33.956,-0.002799988,
2,3.332,2,0.329985,394.4007,-0.09123418,0.2764798,-2.54253,-12.4139,-33.956,-0.002799988,
2,3.342,2,0.3276916,394.3805,-0.09161852,0.2795877,-2.54253,-12.4139,-33.956,-0.002799988,
2,3.352,2,0.3307366,394.384,-0.09370349,0.2833175,-2.54253,-12.4139,-33.956,-0.002799988,
2,3.362,2,0.3280864,394.3855,-0.09262486,0.2823185,-2.54253,-12.4139,-33.956,-0.002799988,
2,3.372,2,0.3272375,394.3669,-0.09263992,0.2830969,-2.54905,-12.4139,-33.9571,-0.001701355,
2,3.382,2,0.3279734,394.3624,-0.09195277,0.2803665,-2.54905,-12.4139,-33.9571,-0.001701355,
2,3.392,2,0.3291805,394.3553,-0.09337071,0.2836459,-2.54905,-12.4139,-33.9571,-0.001701355,
2,3.402,2,0.3287058,394.3599,-0.09186224,0.2794664,-2.54905,-12.4139,-33.9571,-0.001701355,
2,3.412,2,0.3294269,394.353,-0.09289495,0.2819896,-2.54905,-12.4139,-33.9571,-0.001701355,
2,3.422,2,0.329198,394.3539,-0.09064852,0.2753617,-2.54905,-12.4139,-33.9571,-0.001701355,
2,3.432,2,0.3308467,394.3654,-0.0916874,0.2771295,-2.54905,-12.4139,-33.9571,-0.001701355,
2,3.442,2,0.3333242,394.3266,-0.0930577,0.2791808,-2.54905,-12.4139,-33.9571,-0.001701355,
2,3.452,2,0.3391287,394.1951,-0.09611713,0.2834238,-2.54905,-12.4139,-33.9571,-0.001701355,
2,3.462,2,0.3470673,394.2284,-0.09663702,0.2784388,-2.54905,-12.4139,-33.9571,-0.001701355,
2,3.472,2,0.3491932,394.2061,-0.09700947,0.2778102,-2.54905,-12.4139,-33.9571,-0.001701355,
2,3.482,2,0.349052,394.1807,-0.09682579,0.2773964,-2.54905,-12.4139,-33.9571,-0.001701355,
2,3.492,2,0.349739,394.1891,-0.09683794,0.2768863,-2.54905,-12.4139,-33.9571,-0.001701355,
2,3.502,2,0.3479358,394.1991,-0.09776406,0.280983,-2.54905,-12.4139,-33.9571,-0.001701355,
2,3.512,2,0.3506415,394.2299,-0.0961304,0.2741558,-2.54905,-12.4139,-33.9571,-0.001701355,
2,3.522,2,0.3508401,394.1828,-0.09842972,0.2805543,-2.54905,-12.4139,-33.9571,-0.001701355,
2,3.532,2,0.3489357,394.1941,-0.09716377,0.2784575,-2.54905,-12.4139,-33.9571,-0.001701355,
2,3.542,2,0.3488169,394.1853,-0.09628758,0.2760404,-2.54905,-12.4139,-33.9571,-0.001701355,
2,3.552,2,0.3498723,394.1785,-0.09773851,0.2793548,-2.54905,-12.4139,-33.9571,-0.001701355,
2,3.562,2,0.3504288,394.1808,-0.09932617,0.2834418,-2.55553,-12.4139,-33.9582,-0.0006027222,
2,3.572,2,0.3491066,394.1646,-0.09883036,0.2830951,-2.55553,-12.4139,-33.9582,-0.0006027222,
2,3.582,2,0.3492525,394.1608,-0.09849127,0.2820059,-2.55553,-12.4139,-33.9582,-0.0006027222,
2,3.592,2,0.349086,394.147,-0.09812959,0.2811044,-2.55553,-12.4139,-33.9582,-0.0006027222,
2,3.602,2,0.3482441,394.1506,-0.09757853,0.2802016,-2.55553,-12.4139,-33.9582,-0.0006027222,
2,3.612,2,0.3467409,394.1357,-0.09852337,0.2841412,-2.55553,-12.4139,-33.9582,-0.0006027222,
2,3.622,2,0.3492605,394.1463,-0.09729636,0.2785782,-2.55553,-12.4139,-33.9582,-0.0006027222,
2,3.632,2,0.3497427,394.1443,-0.09886675,0.2826842,-2.55553,-12.4139,-33.9582,-0.0006027222,
2,3.642,2,0.351164,394.1287,-0.09882582,0.2814235,-2.55553,-12.4139,-33.9582,-0.0006027222,
2,3.652,2,0.3565535,394.0864,-0.09913819,0.2780457,-2.55553,-12.4139,-33.9582,-0.0006027222,
2,3.662,2,0.3598668,394.0487,-0.09901372,0.2751399,-2.55553,-12.4139,-33.9582,-0.0006027222,
2,3.672,2,0.3666489,394.023,-0.1022721,0.2789375,-2.55553,-12.4139,-33.9582,-0.0006027222,
2,3.682,2,0.3698564,393.991,-0.1013184,0.2739398,-2.55553,-12.4139,-33.9582,-0.0006027222,
2,3.692,2,0.3714911,393.9979,-0.1028561,0.2768736,-2.55553,-12.4139,-33.9582,-0.0006027222,
2,3.702,2,0.3698566,393.9892,-0.1029077,0.2782369,-2.55553,-12.4139,-33.9582,-0.0006027222,
2,3.712,2,0.3688647,394.0018,-0.1014037,0.2749076,-2.55553,-12.4139,-33.9582,-0.0006027222,
2,3.722,2,0.3676498,393.9657,-0.1027289,0.2794205,-2.55553,-12.4139,-33.9582,-0.0006027222,
2,3.732,2,0.3676053,393.9581,-0.1011849,0.2752543,-2.55553,-12.4139,-33.9582,-0.0006027222,
2,3.742,2,0.3680442,393.9337,-0.1011071,0.2747146,-2.55553,-12.4139,-33.9582,-0.0006027222,
2,3.752,2,0.3670277,393.9523,-0.1021464,0.2783072,-2.55553,-12.4139,-33.9582,-0.0006027222,
2,3.762,2,0.3685918,393.9446,-0.1028112,0.2789297,-2.55553,-12.4139,-33.9582,-0.0006027222,
2,3.772,2,0.3690274,393.962,-0.1033587,0.2800841,-2.56258,-12.4139,-33.9593,0.0004997253,
2,3.782,2,0.3688067,393.9541,-0.1043951,0.2830618,-2.56258,-12.4139,-33.9593,0.0004997253,
2,3.792,2,0.3696618,393.952,-0.1026634,0.2777224,-2.56258,-12.4139,-33.9593,0.0004997253,
2,3.802,2,0.3676842,393.9397,-0.1025908,0.2790189,-2.56258,-12.4139,-33.9593,0.0004997253,
2,3.812,2,0.3689301,393.9348,-0.1031532,0.279601,-2.56258,-12.4139,-33.9593,0.0004997253,
2,3.822,2,0.3674089,393.9258,-0.1036397,0.2820828,-2.56258,-12.4139,-33.9593,0.0004997253,
2,3.832,2,0.3730323,393.9355,-0.1037791,0.278204,-2.56258,-12.4139,-33.9593,0.0004997253,
2,3.842,2,0.3766846,393.8938,-0.1031507,0.2738384,-2.56258,-12.4139,-33.9593,0.0004997253,
2,3.852,2,0.3797413,393.8418,-0.1070537,0.2819122,-2.56258,-12.4139,-33.9593,0.0004997253,
2,3.862,2,0.3867652,393.8215,-0.1085013,0.2805353,-2.56258,-12.4139,-33.9593,0.0004997253,
2,3.872,2,0.3900522,393.7974,-0.108064,0.27705,-2.56258,-12.4139,-33.9593,0.0004997253,
2,3.882,2,0.3889298,393.7828,-0.1094798,0.28149,-2.56258,-12.4139,-33.9593,0.0004997253,
2,3.892,2,0.3902022,393.7987,-0.1086597,0.2784703,-2.56258,-12.4139,-33.9593,0.0004997253,
2,3.902,2,0.387904,393.7873,-0.1076586,0.2775393,-2.56258,-12.4139,-33.9593,0.0004997253,
2,3.912,2,0.3879586,393.7824,-0.1093908,0.2819652,-2.56258,-12.4139,-33.9593,0.0004997253,
2,3.922,2,0.3881406,393.7634,-0.1090465,0.2809459,-2.56258,-12.4139,-33.9593,0.0004997253,
2,3.932,2,0.389048,393.7733,-0.1095571,0.281603,-2.56258,-12.4139,-33.9593,0.0004997253,
2,3.942,2,0.3902865,393.7717,-0.1087342,0.278601,-2.56258,-12.4139,-33.9593,0.0004997253,
2,3.952,2,0.3868732,393.7646,-0.1083241,0.279999,-2.56258,-12.4139,-33.9593,0.0004997253,
2,3.962,2,0.3883619,393.7516,-0.1090135,0.2807009,-2.5691,-12.4139,-33.9604,0.001598358,
2,3.972,2,0.3882661,393.7442,-0.1084813,0.2793993,-2.5691,-12.4139,-33.9604,0.001598358,
2,3.982,2,0.3877298,393.7578,-0.1064074,0.274437,-2.5691,-12.4139,-33.9604,0.001598358,
2,3.992,2,0.3883446,393.7347,-0.1082269,0.2786879,-2.5691,-12.4139,-33.9604,0.001598358,
2,4.002,2,0.3893391,393.7401,-0.1079089,0.2771591,-2.5691,-12.4139,-33.9604,0.001598358,
2,4.012,2,0.3872725,393.7462,-0.107196,0.2767975,-2.5691,-12.4139,-33.9604,0.001598358,
2,4.022,2,0.3885984,393.7522,-0.1089339,0.2803251,-2.5691,-12.4139,-33.9604,0.001598358,
2,4.032,2,0.3949434,393.6953,-0.1085039,0.2747328,-2.5691,-12.4139,-33.9604,0.001598358,
2,4.042,2,0.3987541,393.6115,-0.1103644,0.276773,-2.5691,-12.4139,-33.9604,0.001598358,
2,4.052,2,0.4030939,393.6161,-0.1114128,0.2763942,-2.5691,-12.4139,-33.9604,0.001598358,
2,4.062,2,0.4081848,393.5869,-0.1112112,0.2724531,-2.5691,-12.4139,-33.9604,0.001598358,
2,4.072,2,0.4095289,393.5724,-0.1131654,0.2763307,-2.5691,-12.4139,-33.9604,0.001598358,
2,4.082,2,0.4112269,393.5839,-0.1137485,0.2766076,-2.5691,-12.4139,-33.9604,0.001598358,
2,4.092,2,0.4096994,393.5706,-0.1127803,0.2752756,-2.5691,-12.4139,-33.9604,0.001598358,
2,4.102,2,0.4091423,393.6096,-0.1119861,0.2737094,-2.5691,-12.4139,-33.9604,0.001598358,
2,4.112,2,0.4101003,393.5635,-0.1129715,0.2754728,-2.5691,-12.4139,-33.9604,0.001598358,
2,4.122,2,0.4090844,393.5691,-0.1135561,0.277586,-2.5691,-12.4139,-33.9604,0.001598358,
2,4.132,2,0.4097341,393.578,-0.1133242,0.2765799,-2.5691,-12.4139,-33.9604,0.001598358,
2,4.142,2,0.4108562,393.5541,-0.1107216,0.2694899,-2.5691,-12.4139,-33.9604,0.001598358,
2,4.152,2,0.408034,393.5537,-0.1133505,0.2777966,-2.5691,-12.4139,-33.9604,0.001598358,
2,4.162,2,0.4089005,393.543,-0.1130845,0.2765576,-2.5691,-12.4139,-33.9604,0.001598358,
2,4.172,2,0.4056541,393.5468,-0.1126383,0.2776709,-2.5691,-12.4139,-33.9604,0.001598358,
2,4.182,2,0.4089936,393.5339,-0.114948,0.2810508,-2.5691,-12.4139,-33.9604,0.001598358,
2,4.192,2,0.4090636,393.5379,-0.1148044,0.2806518,-2.5691,-12.4139,-33.9604,0.001598358,
2,4.202,2,0.4082697,393.5332,-0.1148429,0.2812917,-2.57667,-12.4139,-33.9614,0.002597809,
2,4.212,2,0.4088964,393.5341,-0.1154206,0.2822736,-2.57667,-12.4139,-33.9614,0.002597809,
2,4.222,2,0.4085486,393.5002,-0.1137841,0.278508,-2.57667,-12.4139,-33.9614,0.002597809,
2,4.232,2,0.4081642,393.5128,-0.1132398,0.2774368,-2.57667,-12.4139,-33.9614,0.002597809,
2,4.242,2,0.4098177,393.5108,-0.1135525,0.2770806,-2.57667,-12.4139,-33.9614,0.002597809,
2,4.252,2,0.4085825,393.5242,-0.1136773,0.2782235,-2.57667,-12.4139,-33.9614,0.002597809,
2,4.262,2,0.4099423,393.5092,-0.1134356,0.2767113,-2.57667,-12.4139,-33.9614,0.002597809,
2,4.272,2,0.4126662,393.4749,-0.1137355,0.2756113,-2.57667,-12.4139,-33.9614,0.002597809,
2,4.282,2,0.4195879,393.4437,-0.1159339,0.2763042,-2.57667,-12.4139,-33.9614,0.002597809,
2,4.292,2,0.4251613,393.4017,-0.1151099,0.2707441,-2.57667,-12.4139,-33.9614,0.002597809,
2,4.302,2,0.4282169,393.3848,-0.1186872,0.277166,-2.57667,-12.4139,-33.9614,0.002597809,
2,4.312,2,0.428671,393.3569,-0.1186992,0.2769005,-2.57667,-12.4139,-33.9614,0.002597809,
2,4.322,2,0.4283855,393.3452,-0.1190285,0.2778537,-2.57667,-12.4139,-33.9614,0.002597809,
2,4.332,2,0.4295116,393.364,-0.1202209,0.2799014,-2.57667,-12.4139,-33.9614,0.002597809,
2,4.342,2,0.4286896,393.3429,-0.1181636,0.2756391,-2.57667,-12.4139,-33.9614,0.002597809,
2,4.352,2,0.4315741,393.3422,-0.1185718,0.2747426,-2.57667,-12.4139,-33.9614,0.002597809,
2,4.362,2,0.4302381,393.3457,-0.1200262,0.2789762,-2.57667,-12.4139,-33.9614,0.002597809,
2,4.372,2,0.4280033,393.3289,-0.1190066,0.2780505,-2.57667,-12.4139,-33.9614,0.002597809,
2,4.382,2,0.4297079,393.3394,-0.1185261,0.2758295,-2.57667,-12.4139,-33.9614,0.002597809,
2,4.392,2,0.4281614,393.3014,-0.1210939,0.2828231,-2.57667,-12.4139,-33.9614,0.002597809,
2,4.402,2,0.4294779,393.3237,-0.1206828,0.2809988,-2.57667,-12.4139,-33.9614,0.002597809,
2,4.412,2,0.4299503,393.336,-0.1190837,0.2769708,-2.57667,-12.4139,-33.9614,0.002597809,
2,4.422,2,0.4291859,393.3394,-0.1195041,0.2784437,-2.57667,-12.4139,-33.9614,0.002597809,
2,4.432,2,0.4299397,393.3152,-0.1195915,0.2781588,-2.58483,-12.4139,-33.9626,0.003799438,
2,4.442,2,0.4275608,393.3112,-0.118953,0.2782131,-2.58483,-12.4139,-33.9626,0.003799438,
2,4.452,2,0.4287633,393.3263,-0.1196625,0.2790874,-2.58483,-12.4139,-33.9626,0.003799438,
2,4.462,2,0.4298851,393.3176,-0.1210034,0.2814785,-2.58483,-12.4139,-33.9626,0.003799438,
2,4.472,2,0.4285443,393.3056,-0.12033,0.2807877,-2.58483,-12.4139,-33.9626,0.003799438,
2,4.482,2,0.4282213,393.3262,-0.1198177,0.2798031,-2.58483,-12.4139,-33.9626,0.003799438,
2,4.492,2,0.4267952,393.3121,-0.1183216,0.2772326,-2.58483,-12.4139,-33.9626,0.003799438,
2,4.502,2,0.4297229,393.2814,-0.1202923,0.27993,-2.58483,-12.4139,-33.9626,0.003799438,
2,4.512,2,0.434711,393.2341,-0.1212284,0.2788713,-2.58483,-12.4139,-33.9626,0.003799438,
2,4.522,2,0.4386021,393.2251,-0.1225807,0.2794805,-2.58483,-12.4139,-33.9626,0.003799438,
2,4.532,2,0.4445037,393.1835,-0.1252186,0.2817043,-2.58483,-12.4139,-33.9626,0.003799438,
2,4.542,2,0.4515696,393.1474,-0.1255879,0.2781143,-2.58483,-12.4139,-33.9626,0.003799438,
2,4.552,2,0.4507798,393.1489,-0.1233677,0.2736763,-2.58483,-12.4139,-33.9626,0.003799438,
2,4.562,2,0.453141,393.1436,-0.1240233,0.2736969,-2.58483,-12.4139,-33.9626,0.003799438,
2,4.572,2,0.4525995,393.1574,-0.1255981,0.2775038,-2.58483,-12.4139,-33.9626,0.003799438,
2,4.582,2,0.4491271,393.1333,-0.1248145,0.2779046,-2.58483,-12.4139,-33.9626,0.003799438,
2,4.592,2,0.452287,393.1296,-0.1264739,0.2796319,-2.58483,-12.4139,-33.9626,0.003799438,
2,4.602,2,0.4502935,393.1717,-0.1263208,0.2805299,-2.58483,-12.4139,-33.9626,0.003799438,
2,4.612,2,0.4508672,393.1173,-0.1257571,0.2789228,-2.58483,-12.4139,-33.9626,0.003799438,
2,4.622,2,0.4512366,393.0748,-0.1271612,0.2818061,-2.58483,-12.4139,-33.9626,0.003799438,
2,4.632,2,0.4487387,393.0744,-0.1255305,0.2797408,-2.58483,-12.4139,-33.9626,0.003799438,
2,4.642,2,0.4483251,393.112,-0.1257383,0.2804623,-2.59295,-12.4139,-33.9637,0.004898071,
2,4.652,2,0.4504056,393.1119,-0.1256403,0.2789493,-2.59295,-12.4139,-33.9637,0.004898071,
2,4.662,2,0.4486397,393.1149,-0.1249286,0.2784608,-2.59295,-12.4139,-33.9637,0.004898071,
2,4.672,2,0.4484445,393.0941,-0.1255283,0.2799194,-2.59295,-12.4139,-33.9637,0.004898071,
2,4.682,2,0.4473204,393.0934,-0.1276489,0.2853634,-2.59295,-12.4139,-33.9637,0.004898071,
2,4.692,2,0.4500624,393.1068,-0.1250836,0.277925,-2.59295,-12.4139,-33.9637,0.004898071,
2,4.702,2,0.4482816,393.0739,-0.1247672,0.2783232,-2.59295,-12.4139,-33.9637,0.004898071,
2,4.712,2,0.4510289,393.0815,-0.1271964,0.2820137,-2.59295,-12.4139,-33.9637,0.004898071,
2,4.722,2,0.4557325,393.0645,-0.1244247,0.2730213,-2.59295,-12.4139,-33.9637,0.004898071,
2,4.732,2,0.4639959,393.0032,-0.1268808,0.2734524,-2.59295,-12.4139,-33.9637,0.004898071,
2,4.742,2,0.4652843,392.9693,-0.1296743,0.278699,-2.59295,-12.4139,-33.9637,0.004898071,
2,4.752,2,0.469443,392.9304,-0.1294111,0.2756695,-2.59295,-12.4139,-33.9637,0.004898071,
2,4.762,2,0.4725987,392.9434,-0.1297166,0.2744751,-2.59295,-12.4139,-33.9637,0.004898071,
2,4.772,2,0.4706274,392.9421,-0.1310644,0.2784886,-2.59295,-12.4139,-33.9637,0.004898071,
2,4.782,2,0.4706395,392.935,-0.1304879,0.2772567,-2.59295,-12.4139,-33.9637,0.004898071,
2,4.792,2,0.4703699,392.9258,-0.1292991,0.2748882,-2.59295,-12.4139,-33.9637,0.004898071,
2,4.802,2,0.4716466,392.9159,-0.1308534,0.2774395,-2.59295,-12.4139,-33.9637,0.004898071,
2,4.812,2,0.4704334,392.8986,-0.1298629,0.2760494,-2.59295,-12.4139,-33.9637,0.004898071,
2,4.822,2,0.4700043,392.9082,-0.1296827,0.275918,-2.59295,-12.4139,-33.9637,0.004898071,
2,4.832,2,0.471989,392.909,-0.1291829,0.2736989,-2.59295,-12.4139,-33.9637,0.004898071,
2,4.842,2,0.4723751,392.8983,-0.130989,0.2772988,-2.59295,-12.4139,-33.9637,0.004898071,
2,4.852,2,0.4695527,392.9221,-0.1310985,0.2791986,-2.59295,-12.4139,-33.9637,0.004898071,
2,4.862,2,0.4710043,392.8882,-0.1315891,0.2793797,-2.59295,-12.4139,-33.9637,0.004898071,
2,4.872,2,0.4702552,392.9044,-0.1317441,0.2801544,-2.59295,-12.4139,-33.9637,0.004898071,
2,4.882,2,0.4711058,392.8951,-0.1325042,0.281262,-2.6,-12.4139,-33.9648,0.006000519,
2,4.892,2,0.4697376,392.8987,-0.1319604,0.2809236,-2.6,-12.4139,-33.9648,0.006000519,
2,4.902,2,0.4691085,392.8706,-0.1323699,0.2821732,-2.6,-12.4139,-33.9648,0.006000519,
2,4.912,2,0.46938,392.8687,-0.1321313,0.2815018,-2.6,-12.4139,-33.9648,0.006000519,
2,4.922,2,0.4688815,392.8977,-0.132189,0.2819241,-2.6,-12.4139,-33.9648,0.006000519,
2,4.932,2,0.4679768,392.871,-0.1330907,0.2843958,-2.6,-12.4139,-33.9648,0.006000519,
2,4.942,2,0.4716167,392.8658,-0.1326594,0.2812865,-2.6,-12.4139,-33.9648,0.006000519,
2,4.952,2,0.4738694,392.8769,-0.1324411,0.2794886,-2.6,-12.4139,-33.9648,0.006000519,
2,4.962,2,0.4766365,392.8427,-0.1340177,0.2811737,-2.6,-12.4139,-33.9648,0.006000519,
2,4.972,2,0.4817803,392.7976,-0.1346423,0.2794682,-2.6,-12.4139,-33.9648,0.006000519,
2,4.982,2,0.4881529,392.698,-0.137611,0.2819014,-2.6,-12.4139,-33.9648,0.006000519,
2,4.992,2,0.4923583,392.751,-0.136861,0.2779703,-2.6,-12.4139,-33.9648,0.006000519,
2,5.002,2,0.4931764,392.755,-0.1370347,0.2778615,-2.6,-12.4139,-33.9648,0.006000519,
2,5.012,2,0.4922973,392.7564,-0.1372466,0.278788,-2.6,-12.4139,-33.9648,0.006000519,
2,5.022,2,0.4931221,392.7159,-0.1358307,0.2754504,-2.6,-12.4139,-33.9648,0.006000519,
2,5.032,2,0.4911481,392.7142,-0.135839,0.2765744,-2.6,-12.4139,-33.9648,0.006000519,
2,5.042,2,0.4903978,392.7352,-0.1369513,0.2792657,-2.6,-12.4139,-33.9648,0.006000519,
2,5.052,2,0.4924251,392.7125,-0.1378904,0.2800231,-2.6,-12.4139,-33.9648,0.006000519,
2,5.062,2,0.4914789,392.7044,-0.1397171,0.2842789,-2.6,-12.4139,-33.9648,0.006000519,
2,5.072,2,0.491274,392.7169,-0.1379174,0.2807341,-2.6,-12.4139,-33.9648,0.006000519,
2,5.082,2,0.4919028,392.7105,-0.1392166,0.2830165,-2.6,-12.4139,-33.9648,0.006000519,
2,5.092,2,0.4901785,392.6857,-0.1407874,0.2872166,-2.6,-12.4139,-33.9648,0.006000519,
2,5.102,2,0.4923256,392.6336,-0.1390076,0.2823488,-2.6076,-12.4139,-33.966,0.007198334,
2,5.112,2,0.491334,392.6956,-0.1363454,0.2775004,-2.6076,-12.4139,-33.966,0.007198334,
2,5.122,2,0.4906374,392.6861,-0.1380735,0.2814165,-2.6076,-12.4139,-33.966,0.007198334,
2,5.132,2,0.4911081,392.6707,-0.1366235,0.2781945,-2.6076,-12.4139,-33.966,0.007198334,
2,5.142,2,0.4914486,392.6852,-0.1371971,0.2791688,-2.6076,-12.4139,-33.966,0.007198334,
2,5.152,2,0.4931633,392.6703,-0.138085,0.2799985,-2.6076,-12.4139,-33.966,0.007198334,
2,5.162,2,0.4909147,392.6624,-0.1383892,0.2819006,-2.6076,-12.4139,-33.966,0.007198334,
2,5.172,2,0.4923857,392.6613,-0.1363163,0.2768486,-2.6076,-12.4139,-33.966,0.007198334,
2,5.182,2,0.4981618,392.6339,-0.1385655,0.2781537,-2.6076,-12.4139,-33.966,0.007198334,
2,5.192,2,0.504917,392.6131,-0.1425404,0.2823045,-2.6076,-12.4139,-33.966,0.007198334,
2,5.202,2,0.5065651,392.5544,-0.1441567,0.2845769,-2.6076,-12.4139,-33.966,0.007198334,
2,5.212,2,0.5162896,392.519,-0.1431027,0.2771753,-2.6076,-12.4139,-33.966,0.007198334,
2,5.222,2,0.5166716,392.4771,-0.1445893,0.2798476,-2.6076,-12.4139,-33.966,0.007198334,
2,5.232,2,0.5141169,392.5193,-0.1442442,0.280567,-2.6076,-12.4139,-33.966,0.007198334,
2,5.242,2,0.5168726,392.5023,-0.1453482,0.2812069,-2.6076,-12.4139,-33.966,0.007198334,
2,5.252,2,0.5141795,392.5213,-0.1445814,0.2811885,-2.6076,-12.4139,-33.966,0.007198334,
2,5.262,2,0.5150337,392.4846,-0.143403,0.2784342,-2.6076,-12.4139,-33.966,0.007198334,
2,5.272,2,0.51601,392.4929,-0.142941,0.2770121,-2.6076,-12.4139,-33.966,0.007198334,
2,5.282,2,0.5144171,392.4851,-0.1454617,0.2827699,-2.6076,-12.4139,-33.966,0.007198334,
2,5.292,2,0.5146698,392.4728,-0.1445227,0.2808067,-2.6076,-12.4139,-33.966,0.007198334,
2,5.302,2,0.5141815,392.4648,-0.1439544,0.2799681,-2.6076,-12.4139,-33.966,0.007198334,
2,5.312,2,0.515329,392.4913,-0.1439026,0.2792441,-2.6076,-12.4139,-33.966,0.007198334,
2,5.322,2,0.5169784,392.4783,-0.1461362,0.2826737,-2.61573,-12.4139,-33.9672,0.008399963,
2,5.332,2,0.5157752,392.472,-0.1458543,0.2827866,-2.61573,-12.4139,-33.9672,0.008399963,
2,5.342,2,0.5141296,392.4576,-0.1451245,0.2822722,-2.61573,-12.4139,-33.9672,0.008399963,
2,5.352,2,0.5138726,392.4571,-0.1450194,0.2822089,-2.61573,-12.4139,-33.9672,0.008399963,
2,5.362,2,0.5135164,392.4685,-0.1470635,0.2863852,-2.61573,-12.4139,-33.9672,0.008399963,
2,5.372,2,0.5195427,392.4486,-0.1460458,0.2811046,-2.61573,-12.4139,-33.9672,0.008399963,
2,5.382,2,0.5253836,392.3978,-0.1466834,0.2791929,-2.61573,-12.4139,-33.9672,0.008399963,
2,5.392,2,0.5291423,392.3496,-0.1502393,0.2839298,-2.61573,-12.4139,-33.9672,0.008399963,
2,5.402,2,0.5354314,392.2986,-0.1514005,0.2827635,-2.61573,-12.4139,-33.9672,0.008399963,
2,5.412,2,0.5386221,392.3221,-0.1509418,0.280237,-2.61573,-12.4139,-33.9672,0.008399963,
2,5.422,2,0.537498,392.3032,-0.1502759,0.2795841,-2.61573,-12.4139,-33.9672,0.008399963,
2,5.432,2,0.536972,392.3111,-0.1512809,0.2817296,-2.61573,-12.4139,-33.9672,0.008399963,
2,5.442,2,0.5347745,392.3102,-0.1524493,0.2850721,-2.61573,-12.4139,-33.9672,0.008399963,
2,5.452,2,0.5374715,392.2808,-0.1511102,0.2811502,-2.61573,-12.4139,-33.9672,0.008399963,
2,5.462,2,0.5396469,392.3009,-0.1509913,0.2797964,-2.61573,-12.4139,-33.9672,0.008399963,
2,5.472,2,0.5349669,392.3191,-0.1514559,0.2831126,-2.61573,-12.4139,-33.9672,0.008399963,
2,5.482,2,0.5367678,392.2994,-0.1525479,0.2841973,-2.61573,-12.4139,-33.9672,0.008399963,
2,5.492,2,0.5374082,392.2781,-0.1520918,0.2830097,-2.61573,-12.4139,-33.9672,0.008399963,
2,5.502,2,0.5370443,392.2773,-0.151324,0.2817719,-2.61573,-12.4139,-33.9672,0.008399963,
2,5.512,2,0.5377237,392.3013,-0.1534462,0.2853626,-2.61573,-12.4139,-33.9672,0.008399963,
2,5.522,2,0.5383372,392.265,-0.1533349,0.2848306,-2.62223,-12.4139,-33.9683,0.009498596,
2,5.532,2,0.5377113,392.2544,-0.1538435,0.286108,-2.62223,-12.4139,-33.9683,0.009498596,
2,5.542,2,0.5369419,392.2667,-0.1521715,0.2834039,-2.62223,-12.4139,-33.9683,0.009498596,
2,5.552,2,0.5363383,392.2739,-0.1525548,0.2844377,-2.62223,-12.4139,-33.9683,0.009498596,
2,5.562,2,0.536792,392.2732,-0.1536118,0.2861663,-2.62223,-12.4139,-33.9683,0.009498596,
2,5.572,2,0.5362364,392.1869,-0.1523206,0.2840549,-2.62223,-12.4139,-33.9683,0.009498596,
2,5.582,2,0.5379891,392.2502,-0.1536586,0.2856167,-2.62223,-12.4139,-33.9683,0.009498596,
2,5.592,2,0.5415443,392.2617,-0.154731,0.2857217,-2.62223,-12.4139,-33.9683,0.009498596,
2,5.602,2,0.5459922,392.2209,-0.1529253,0.2800869,-2.62223,-12.4139,-33.9683,0.009498596,
2,5.612,2,0.5500833,392.1587,-0.1547903,0.2813942,-2.62223,-12.4139,-33.9683,0.009498596,
2,5.622,2,0.5557417,392.1273,-0.1572048,0.2828738,-2.62223,-12.4139,-33.9683,0.009498596,
2,5.632,2,0.5610831,392.1257,-0.1583789,0.2822736,-2.62223,-12.4139,-33.9683,0.009498596,
2,5.642,2,0.5617327,392.1096,-0.1593969,0.2837593,-2.62223,-12.4139,-33.9683,0.009498596,
2,5.652,2,0.5601676,392.1091,-0.1582216,0.282454,-2.62223,-12.4139,-33.9683,0.009498596,
2,5.662,2,0.5623171,392.1077,-0.1579998,0.2809798,-2.62223,-12.4139,-33.9683,0.009498596,
2,5.672,2,0.5613753,392.1003,-0.1578391,0.2811651,-2.62223,-12.4139,-33.9683,0.009498596,
2,5.682,2,0.5601626,392.0767,-0.1587851,0.2834625,-2.62223,-12.4139,-33.9683,0.009498596,
2,5.692,2,0.5612851,392.0369,-0.1582435,0.2819307,-2.62223,-12.4139,-33.9683,0.009498596,
2,5.702,2,0.561038,392.0736,-0.1586206,0.2827269,-2.62223,-12.4139,-33.9683,0.009498596,
2,5.712,2,0.5592507,392.0855,-0.1588949,0.2841211,-2.62223,-12.4139,-33.9683,0.009498596,
2,5.722,2,0.5626254,392.0483,-0.1588583,0.2823519,-2.62223,-12.4139,-33.9683,0.009498596,
2,5.732,2,0.5629371,392.0647,-0.1567289,0.2784128,-2.62223,-12.4139,-33.9683,0.009498596,
2,5.742,2,0.5597593,392.0588,-0.1583979,0.282975,-2.62223,-12.4139,-33.9683,0.009498596,
2,5.752,2,0.5594347,392.0695,-0.1594201,0.2849664,-2.62223,-12.4139,-33.9683,0.009498596,
2,5.762,2,0.5608048,392.0443,-0.1591594,0.2838054,-2.62983,-12.4139,-33.9695,0.01070023,
2,5.772,2,0.5612136,392.0465,-0.1583576,0.2821699,-2.62983,-12.4139,-33.9695,0.01070023,
2,5.782,2,0.5593358,392.0644,-0.1587845,0.2838804,-2.62983,-12.4139,-33.9695,0.01070023,
2,5.792,2,0.5610651,392.0449,-0.1572863,0.2803352,-2.62983,-12.4139,-33.9695,0.01070023,
2,5.802,2,0.5602292,392.0465,-0.1572407,0.280672,-2.62983,-12.4139,-33.9695,0.01070023,
2,5.812,2,0.558587,392.02,-0.1580336,0.2829166,-2.62983,-12.4139,-33.9695,0.01070023,
2,5.822,2,0.5598453,392.0257,-0.156735,0.2799612,-2.62983,-12.4139,-33.9695,0.01070023,
2,5.832,2,0.5628802,392.037,-0.1590631,0.2825879,-2.62983,-12.4139,-33.9695,0.01070023,
2,5.842,2,0.5667683,392.0121,-0.1592522,0.2809829,-2.62983,-12.4139,-33.9695,0.01070023,
2,5.852,2,0.5721785,391.9466,-0.1620164,0.283157,-2.62983,-12.4139,-33.9695,0.01070023,
2,5.862,2,0.5805225,391.9117,-0.161103,0.2775137,-2.62983,-12.4139,-33.9695,0.01070023,
2,5.872,2,0.5815154,391.886,-0.1629373,0.2801943,-2.62983,-12.4139,-33.9695,0.01070023,
2,5.882,2,0.5828179,391.8908,-0.1642255,0.2817784,-2.62983,-12.4139,-33.9695,0.01070023,
2,5.892,2,0.5834734,391.8829,-0.1644143,0.2817855,-2.62983,-12.4139,-33.9695,0.01070023,
2,5.902,2,0.5836427,391.8992,-0.1628478,0.2790197,-2.62983,-12.4139,-33.9695,0.01070023,
2,5.912,2,0.5837573,391.8852,-0.1643726,0.2815769,-2.62983,-12.4139,-33.9695,0.01070023,
2,5.922,2,0.5814221,391.8729,-0.1636689,0.2814976,-2.62983,-12.4139,-33.9695,0.01070023,
2,5.932,2,0.581865,391.874,-0.1635709,0.2811149,-2.62983,-12.4139,-33.9695,0.01070023,
2,5.942,2,0.5874343,391.8841,-0.1637913,0.2788248,-2.62983,-12.4139,-33.9695,0.01070023,
2,5.952,2,0.5814854,391.8268,-0.164762,0.2833468,-2.62983,-12.4139,-33.9695,0.01070023,
2,5.962,2,0.581039,391.8703,-0.1665889,0.2867086,-2.62983,-12.4139,-33.9695,0.01070023,
2,5.972,2,0.5813345,391.8519,-0.1633778,0.2810393,-2.62983,-12.4139,-33.9695,0.01070023,
2,5.982,2,0.5811781,391.8484,-0.1644523,0.2829638,-2.62983,-12.4139,-33.9695,0.01070023,
2,5.992,2,0.5809707,391.8312,-0.1667739,0.2870608,-2.62983,-12.4139,-33.9695,0.01070023,
2,6.002,2,0.5828783,391.8442,-0.1660939,0.2849547,-2.63797,-12.4139,-33.9706,0.01179886,
2,6.012,2,0.5818096,391.8363,-0.1662169,0.2856894,-2.63797,-12.4139,-33.9706,0.01179886,
2,6.022,2,0.5801669,391.8439,-0.1655478,0.2853451,-2.63797,-12.4139,-33.9706,0.01179886,
2,6.032,2,0.5811254,391.8323,-0.1652083,0.2842902,-2.63797,-12.4139,-33.9706,0.01179886,
2,6.042,2,0.5821638,391.8277,-0.1652727,0.2838939,-2.63797,-12.4139,-33.9706,0.01179886,
2,6.052,2,0.583523,391.8369,-0.1654688,0.2835686,-2.63797,-12.4139,-33.9706,0.01179886,
2,6.062,2,0.5825037,391.8373,-0.1648697,0.2830363,-2.63797,-12.4139,-33.9706,0.01179886,
2,6.072,2,0.5853238,391.8246,-0.1662597,0.2840474,-2.63797,-12.4139,-33.9706,0.01179886,
2,6.082,2,0.5886414,391.7726,-0.1670171,0.2837331,-2.63797,-12.4139,-33.9706,0.01179886,
2,6.092,2,0.5937601,391.7346,-0.168505,0.2837931,-2.63797,-12.4139,-33.9706,0.01179886,
2,6.102,2,0.6016741,391.7482,-0.1723845,0.2865082,-2.63797,-12.4139,-33.9706,0.01179886,
2,6.112,2,0.6038934,391.6954,-0.1716114,0.2841749,-2.63797,-12.4139,-33.9706,0.01179886,
2,6.122,2,0.6058675,391.6827,-0.1720728,0.2840106,-2.63797,-12.4139,-33.9706,0.01179886,
2,6.132,2,0.6044108,391.6791,-0.1756618,0.2906331,-2.63797,-12.4139,-33.9706,0.01179886,
2,6.142,2,0.604673,391.6752,-0.17218,0.2847489,-2.63797,-12.4139,-33.9706,0.01179886,
2,6.152,2,0.6043247,391.67,-0.1719986,0.284613,-2.63797,-12.4139,-33.9706,0.01179886,
2,6.162,2,0.6040325,391.593,-0.1707549,0.2826915,-2.63797,-12.4139,-33.9706,0.01179886,
2,6.172,2,0.6035279,391.668,-0.1702333,0.2820638,-2.63797,-12.4139,-33.9706,0.01179886,
2,6.182,2,0.604789,391.6508,-0.1701944,0.2814112,-2.63797,-12.4139,-33.9706,0.01179886,
2,6.192,2,0.6076717,391.6483,-0.1713925,0.2820478,-2.63797,-12.4139,-33.9706,0.01179886,
2,6.202,2,0.6070416,391.65,-0.170505,0.2808787,-2.63797,-12.4139,-33.9706,0.01179886,
2,6.212,2,0.6065425,391.633,-0.170136,0.2805014,-2.63797,-12.4139,-33.9706,0.01179886,
2,6.222,2,0.6060307,391.6637,-0.1715492,0.2830702,-2.64558,-12.4139,-33.9718,0.01300049,
2,6.232,2,0.6041865,391.6339,-0.1703407,0.281934,-2.64558,-12.4139,-33.9718,0.01300049,
2,6.242,2,0.6033974,391.6331,-0.1715804,0.2843572,-2.64558,-12.4139,-33.9718,0.01300049,
2,6.252,2,0.6060503,391.6243,-0.1712036,0.2824907,-2.64558,-12.4139,-33.9718,0.01300049,
2,6.262,2,0.6036435,391.6266,-0.1708978,0.2831105,-2.64558,-12.4139,-33.9718,0.01300049,
2,6.272,2,0.6027697,391.6212,-0.1704926,0.2828487,-2.64558,-12.4139,-33.9718,0.01300049,
2,6.282,2,0.6048805,391.5569,-0.1698447,0.2807905,-2.64558,-12.4139,-33.9718,0.01300049,
2,6.292,2,0.6076553,391.6234,-0.1705559,0.2806787,-2.64558,-12.4139,-33.9718,0.01300049,
2,6.302,2,0.6092501,391.6045,-0.1724917,0.2831214,-2.64558,-12.4139,-33.9718,0.01300049,
2,6.312,2,0.6172208,391.532,-0.172646,0.2797152,-2.64558,-12.4139,-33.9718,0.01300049,
2,6.322,2,0.6214086,391.5102,-0.1748475,0.2813729,-2.64558,-12.4139,-33.9718,0.01300049,
2,6.332,2,0.6247256,391.489,-0.1765373,0.2825837,-2.64558,-12.4139,-33.9718,0.01300049,
2,6.342,2,0.6258264,391.4945,-0.1757661,0.2808544,-2.64558,-12.4139,-33.9718,0.01300049,
2,6.352,2,0.6276783,391.4648,-0.1751614,0.2790624,-2.64558,-12.4139,-33.9718,0.01300049,
2,6.362,2,0.6271366,391.4598,-0.1780433,0.2838988,-2.64558,-12.4139,-33.9718,0.01300049,
2,6.372,2,0.6268898,391.4882,-0.1787953,0.2852101,-2.64558,-12.4139,-33.9718,0.01300049,
2,6.382,2,0.627636,391.4686,-0.1774881,0.2827883,-2.64558,-12.4139,-33.9718,0.01300049,
2,6.392,2,0.6287816,391.4496,-0.1794613,0.2854112,-2.64558,-12.4139,-33.9718,0.01300049,
2,6.402,2,0.6280591,391.3904,-0.180409,0.2872485,-2.64558,-12.4139,-33.9718,0.01300049,
2,6.412,2,0.6290212,391.4733,-0.1783931,0.2836043,-2.64558,-12.4139,-33.9718,0.01300049,
2,6.422,2,0.6265456,391.4986,-0.1800087,0.2873034,-2.64558,-12.4139,-33.9718,0.01300049,
2,6.432,2,0.6262889,391.4854,-0.1772368,0.2829952,-2.64558,-12.4139,-33.9718,0.01300049,
2,6.442,2,0.6268312,391.4294,-0.1798069,0.2868506,-2.65368,-12.4139,-33.973,0.0141983,
2,6.452,2,0.6288544,391.4266,-0.1785572,0.2839404,-2.65368,-12.4139,-33.973,0.0141983,
2,6.462,2,0.6294969,391.4036,-0.1756202,0.278985,-2.65368,-12.4139,-33.973,0.0141983,
2,6.472,2,0.6284773,391.4284,-0.1804875,0.2871822,-2.65368,-12.4139,-33.973,0.0141983,
2,6.482,2,0.6303106,391.4164,-0.1802613,0.285988,-2.65368,-12.4139,-33.973,0.0141983,
2,6.492,2,0.633469,391.4156,-0.1797043,0.2836828,-2.65368,-12.4139,-33.973,0.0141983,
2,6.502,2,0.6398931,391.3762,-0.1785059,0.278962,-2.65368,-12.4139,-33.973,0.0141983,
2,6.512,2,0.6457047,391.3303,-0.1802745,0.2791903,-2.65368,-12.4139,-33.973,0.0141983,
2,6.522,2,0.6490493,391.3012,-0.1832109,0.2822757,-2.65368,-12.4139,-33.973,0.0141983,
2,6.532,2,0.6505076,391.2985,-0.1828372,0.2810685,-2.65368,-12.4139,-33.973,0.0141983,
2,6.542,2,0.6505666,391.3055,-0.1836294,0.2822607,-2.65368,-12.4139,-33.973,0.0141983,
2,6.552,2,0.6500695,391.284,-0.1829536,0.281437,-2.65368,-12.4139,-33.973,0.0141983,
2,6.562,2,0.6510171,391.2866,-0.1819416,0.2794729,-2.65368,-12.4139,-33.973,0.0141983,
2,6.572,2,0.6505919,391.2733,-0.183441,0.2819602,-2.65368,-12.4139,-33.973,0.0141983,
2,6.582,2,0.650018,391.2642,-0.182486,0.2807399,-2.65368,-12.4139,-33.973,0.0141983,
2,6.592,2,0.652522,391.2652,-0.1830755,0.2805661,-2.65368,-12.4139,-33.973,0.0141983,
2,6.602,2,0.6512188,391.2516,-0.182061,0.2795696,-2.65368,-12.4139,-33.973,0.0141983,
2,6.612,2,0.6479195,391.2684,-0.1839526,0.2839128,-2.65368,-12.4139,-33.973,0.0141983,
2,6.622,2,0.6520393,391.2594,-0.1818258,0.2788571,-2.65368,-12.4139,-33.973,0.0141983,
2,6.632,2,0.6517668,391.2438,-0.1838389,0.2820624,-2.65368,-12.4139,-33.973,0.0141983,
2,6.642,2,0.649298,391.2564,-0.1839213,0.2832618,-2.6602,-12.4139,-33.9742,0.01539993,
2,6.652,2,0.6488902,391.2647,-0.183473,0.2827489,-2.6602,-12.4139,-33.9742,0.01539993,
2,6.662,2,0.6486148,391.2509,-0.1831163,0.282319,-2.6602,-12.4139,-33.9742,0.01539993,
2,6.672,2,0.6491277,391.2442,-0.1835009,0.2826885,-2.6602,-12.4139,-33.9742,0.01539993,
2,6.682,2,0.649453,391.2336,-0.1860784,0.2865155,-2.6602,-12.4139,-33.9742,0.01539993,
2,6.692,2,0.6488967,391.2539,-0.1856292,0.286069,-2.6602,-12.4139,-33.9742,0.01539993,
2,6.702,2,0.6501911,391.2238,-0.1843956,0.2836021,-2.6602,-12.4139,-33.9742,0.01539993,
2,6.712,2,0.6532491,391.1997,-0.1853344,0.2837116,-2.6602,-12.4139,-33.9742,0.01539993,
2,6.722,2,0.6567647,391.1696,-0.1854566,0.2823791,-2.6602,-12.4139,-33.9742,0.01539993,
2,6.732,2,0.6622909,391.1524,-0.186299,0.2812948,-2.6602,-12.4139,-33.9742,0.01539993,
2,6.742,2,0.6673898,391.1173,-0.1880644,0.2817909,-2.6602,-12.4139,-33.9742,0.01539993,
2,6.752,2,0.6718996,391.0225,-0.1898297,0.2825269,-2.6602,-12.4139,-33.9742,0.01539993,
2,6.762,2,0.6725042,391.097,-0.1879445,0.2794696,-2.6602,-12.4139,-33.9742,0.01539993,
2,6.772,2,0.6713728,391.0941,-0.1889767,0.281478,-2.6602,-12.4139,-33.9742,0.01539993,
2,6.782,2,0.6713925,391.0881,-0.1891959,0.2817963,-2.6602,-12.4139,-33.9742,0.01539993,
2,6.792,2,0.670637,391.0997,-0.1881855,0.280607,-2.6602,-12.4139,-33.9742,0.01539993,
2,6.802,2,0.6697263,391.0725,-0.1889492,0.282129,-2.6602,-12.4139,-33.9742,0.01539993,
2,6.812,2,0.6719081,391.0798,-0.1903634,0.2833176,-2.6602,-12.4139,-33.9742,0.01539993,
2,6.822,2,0.6699269,391.0733,-0.1888511,0.281898,-2.6602,-12.4139,-33.9742,0.01539993,
2,6.832,2,0.6730467,391.0579,-0.1897184,0.28188,-2.6602,-12.4139,-33.9742,0.01539993,
2,6.842,2,0.6719456,391.0472,-0.1908023,0.283955,-2.66727,-12.4139,-33.9753,0.01649857,
2,6.852,2,0.6703631,391.0591,-0.1893257,0.2824226,-2.66727,-12.4139,-33.9753,0.01649857,
2,6.862,2,0.671091,391.0557,-0.1907184,0.2841916,-2.66727,-12.4139,-33.9753,0.01649857,
2,6.872,2,0.6723136,391.0125,-0.1909712,0.2840507,-2.66727,-12.4139,-33.9753,0.01649857,
2,6.882,2,0.671937,391.0416,-0.1890105,0.281292,-2.66727,-12.4139,-33.9753,0.01649857,
2,6.892,2,0.6698896,391.0512,-0.1925337,0.2874111,-2.66727,-12.4139,-33.9753,0.01649857,
2,6.902,2,0.6706437,391.0244,-0.1897485,0.2829349,-2.66727,-12.4139,-33.9753,0.01649857,
2,6.912,2,0.6683108,391.0535,-0.1904351,0.2849499,-2.66727,-12.4139,-33.9753,0.01649857,
2,6.922,2,0.6735262,391.0278,-0.1885913,0.2800059,-2.66727,-12.4139,-33.9753,0.01649857,
2,6.932,2,0.6807003,391.0162,-0.1912375,0.2809423,-2.66727,-12.4139,-33.9753,0.01649857,
2,6.942,2,0.6852229,390.9404,-0.1936865,0.2826621,-2.66727,-12.4139,-33.9753,0.01649857,
2,6.952,2,0.6891453,390.9128,-0.1933313,0.2805378,-2.66727,-12.4139,-33.9753,0.01649857,
2,6.962,2,0.6926481,390.9333,-0.1956118,0.2824115,-2.66727,-12.4139,-33.9753,0.01649857,
2,6.972,2,0.6964816,390.9058,-0.1951177,0.2801476,-2.66727,-12.4139,-33.9753,0.01649857,
2,6.982,2,0.6938965,390.9005,-0.1956757,0.2819955,-2.66727,-12.4139,-33.9753,0.01649857,
2,6.992,2,0.6922116,390.9096,-0.1961324,0.2833416,-2.66727,-12.4139,-33.9753,0.01649857,
2,7.002,2,0.6960605,390.8969,-0.196194,0.2818634,-2.66727,-12.4139,-33.9753,0.01649857,
2,7.012,2,0.695278,390.8986,-0.1968733,0.2831576,-2.66727,-12.4139,-33.9753,0.01649857,
2,7.022,2,0.6925345,390.9223,-0.1958797,0.2828447,-2.66727,-12.4139,-33.9753,0.01649857,
2,7.032,2,0.6937612,390.8979,-0.1948389,0.2808444,-2.67485,-12.4139,-33.9764,0.0175972,
2,7.042,2,0.6930659,390.8775,-0.1942669,0.2803007,-2.67485,-12.4139,-33.9764,0.0175972,
2,7.052,2,0.6951689,390.8278,-0.1966127,0.2828273,-2.67485,-12.4139,-33.9764,0.0175972,
2,7.062,2,0.6926473,390.8691,-0.1964562,0.2836309,-2.67485,-12.4139,-33.9764,0.0175972,
2,7.072,2,0.6946579,390.864,-0.1958261,0.2819028,-2.67485,-12.4139,-33.9764,0.0175972,
2,7.082,2,0.6942142,390.8659,-0.1950542,0.2809712,-2.67485,-12.4139,-33.9764,0.0175972,
2,7.092,2,0.6932635,390.862,-0.196983,0.2841387,-2.67485,-12.4139,-33.9764,0.0175972,
2,7.102,2,0.6988856,390.8459,-0.1972825,0.2822815,-2.67485,-12.4139,-33.9764,0.0175972,
2,7.112,2,0.7049246,390.7886,-0.1969455,0.2793851,-2.67485,-12.4139,-33.9764,0.0175972,
2,7.122,2,0.7092921,390.7663,-0.2000106,0.2819862,-2.67485,-12.4139,-33.9764,0.0175972,
2,7.132,2,0.7138383,390.769,-0.201848,0.2827644,-2.67485,-12.4139,-33.9764,0.0175972,
2,7.142,2,0.7150044,390.7378,-0.2001992,0.2799971,-2.67485,-12.4139,-33.9764,0.0175972,
2,7.152,2,0.7143793,390.7363,-0.1991161,0.278726,-2.67485,-12.4139,-33.9764,0.0175972,
2,7.162,2,0.7141091,390.7278,-0.2016784,0.2824196,-2.67485,-12.4139,-33.9764,0.0175972,
2,7.172,2,0.7144797,390.7149,-0.2018514,0.2825152,-2.67485,-12.4139,-33.9764,0.0175972,
2,7.182,2,0.7157285,390.7273,-0.2007456,0.2804773,-2.67485,-12.4139,-33.9764,0.0175972,
2,7.192,2,0.7157185,390.7212,-0.2011636,0.2810652,-2.67485,-12.4139,-33.9764,0.0175972,
2,7.202,2,0.7117481,390.7184,-0.2010889,0.2825281,-2.67485,-12.4139,-33.9764,0.0175972,
2,7.212,2,0.7148152,390.713,-0.1994754,0.2790587,-2.67485,-12.4139,-33.9764,0.0175972,
2,7.222,2,0.714353,390.7021,-0.1990094,0.2785869,-2.67485,-12.4139,-33.9764,0.0175972,
2,7.232,2,0.7129475,390.7039,-0.1981498,0.2779304,-2.6808,-12.4139,-33.9775,0.01869965,
2,7.242,2,0.7147691,390.7082,-0.2011507,0.2814205,-2.6808,-12.4139,-33.9775,0.01869965,
2,7.252,2,0.7155584,390.6895,-0.2017293,0.2819187,-2.6808,-12.4139,-33.9775,0.01869965,
2,7.262,2,0.7146146,390.6881,-0.201352,0.2817631,-2.6808,-12.4139,-33.9775,0.01869965,
2,7.272,2,0.7158203,390.6803,-0.2019987,0.2821919,-2.6808,-12.4139,-33.9775,0.01869965,
2,7.282,2,0.7140283,390.706,-0.2021838,0.2831593,-2.6808,-12.4139,-33.9775,0.01869965,
2,7.292,2,0.7204919,390.6601,-0.2007942,0.2786904,-2.6808,-12.4139,-33.9775,0.01869965,
2,7.302,2,0.7252659,390.6284,-0.2031595,0.2801172,-2.6808,-12.4139,-33.9775,0.01869965,
2,7.312,2,0.7296204,390.5698,-0.2050913,0.2810932,-2.6808,-12.4139,-33.9775,0.01869965,
2,7.322,2,0.7332729,390.5764,-0.2062378,0.2812565,-2.6808,-12.4139,-33.9775,0.01869965,
2,7.332,2,0.7359982,390.5697,-0.2056317,0.2793915,-2.6808,-12.4139,-33.9775,0.01869965,
2,7.342,2,0.734326,390.5097,-0.2061516,0.2807359,-2.6808,-12.4139,-33.9775,0.01869965,
2,7.352,2,0.7390651,390.5585,-0.2064741,0.279372,-2.6808,-12.4139,-33.9775,0.01869965,
2,7.362,2,0.7362112,390.5562,-0.2074705,0.2818084,-2.6808,-12.4139,-33.9775,0.01869965,
2,7.372,2,0.734164,390.5333,-0.208124,0.2834843,-2.6808,-12.4139,-33.9775,0.01869965,
2,7.382,2,0.7348602,390.5477,-0.2052571,0.2793145,-2.6808,-12.4139,-33.9775,0.01869965,
2,7.392,2,0.732348,390.5427,-0.2060878,0.281407,-2.6808,-12.4139,-33.9775,0.01869965,
2,7.402,2,0.7328749,390.5367,-0.2076951,0.2833978,-2.6808,-12.4139,-33.9775,0.01869965,
2,7.412,2,0.7343308,390.5284,-0.2055474,0.2799111,-2.6808,-12.4139,-33.9775,0.01869965,
2,7.422,2,0.7366629,390.5267,-0.2056895,0.279218,-2.68733,-12.4139,-33.9786,0.01979828,
2,7.432,2,0.734265,390.5077,-0.2066224,0.2814004,-2.68733,-12.4139,-33.9786,0.01979828,
2,7.442,2,0.7315,390.5131,-0.2062116,0.2819023,-2.68733,-12.4139,-33.9786,0.01979828,
2,7.452,2,0.7359306,390.5233,-0.2067375,0.2809198,-2.68733,-12.4139,-33.9786,0.01979828,
2,7.462,2,0.7356096,390.4999,-0.208155,0.2829694,-2.68733,-12.4139,-33.9786,0.01979828,
2,7.472,2,0.734813,390.498,-0.208514,0.2837647,-2.68733,-12.4139,-33.9786,0.01979828,
2,7.482,2,0.7335368,390.5124,-0.2082049,0.2838369,-2.68733,-12.4139,-33.9786,0.01979828,
2,7.492,2,0.7367497,390.4669,-0.2093341,0.2841319,-2.68733,-12.4139,-33.9786,0.01979828,
2,7.502,2,0.7395958,390.4855,-0.2090853,0.2827022,-2.68733,-12.4139,-33.9786,0.01979828,
2,7.512,2,0.7437794,390.4444,-0.2088644,0.280815,-2.68733,-12.4139,-33.9786,0.01979828,
2,7.522,2,0.7513508,390.4238,-0.2107821,0.2805376,-2.68733,-12.4139,-33.9786,0.01979828,
2,7.532,2,0.7545788,390.3921,-0.2112177,0.2799148,-2.68733,-12.4139,-33.9786,0.01979828,
2,7.542,2,0.7558216,390.3742,-0.2123597,0.2809653,-2.68733,-12.4139,-33.9786,0.01979828,
2,7.552,2,0.7539106,390.3929,-0.2120045,0.2812065,-2.68733,-12.4139,-33.9786,0.01979828,
2,7.562,2,0.7551607,390.3665,-0.2123581,0.2812091,-2.68733,-12.4139,-33.9786,0.01979828,
2,7.572,2,0.7553458,390.3704,-0.2138015,0.2830512,-2.68733,-12.4139,-33.9786,0.01979828,
2,7.582,2,0.7548267,390.4256,-0.2133291,0.28262,-2.68733,-12.4139,-33.9786,0.01979828,
2,7.592,2,0.7576393,390.3521,-0.2109568,0.2784396,-2.68733,-12.4139,-33.9786,0.01979828,
2,7.602,2,0.7545685,390.3651,-0.2135456,0.2830035,-2.68733,-12.4139,-33.9786,0.01979828,
2,7.612,2,0.755799,390.3625,-0.2136566,0.2826897,-2.68733,-12.4139,-33.9786,0.01979828,
2,7.622,2,0.7551817,390.3487,-0.2130706,0.2821449,-2.69438,-12.4139,-33.9796,0.02079773,
2,7.632,2,0.7532339,390.3387,-0.2138556,0.2839167,-2.69438,-12.4139,-33.9796,0.02079773,
2,7.642,2,0.755183,390.3051,-0.2136248,0.2828782,-2.69438,-12.4139,-33.9796,0.02079773,
2,7.652,2,0.7565262,390.3463,-0.2124441,0.2808152,-2.69438,-12.4139,-33.9796,0.02079773,
2,7.662,2,0.7560717,390.3313,-0.2132214,0.2820121,-2.69438,-12.4139,-33.9796,0.02079773,
2,7.672,2,0.7539956,390.328,-0.2121263,0.2813362,-2.69438,-12.4139,-33.9796,0.02079773,
2,7.682,2,0.7540371,390.3286,-0.2130568,0.2825548,-2.69438,-12.4139,-33.9796,0.02079773,
2,7.692,2,0.7552522,390.3127,-0.2126714,0.2815899,-2.69438,-12.4139,-33.9796,0.02079773,
2,7.702,2,0.7557043,390.3168,-0.2131843,0.2821001,-2.69438,-12.4139,-33.9796,0.02079773,
2,7.712,2,0.7538446,390.3146,-0.2130182,0.2825758,-2.69438,-12.4139,-33.9796,0.02079773,
2,7.722,2,0.7585527,390.321,-0.2155854,0.2842063,-2.69438,-12.4139,-33.9796,0.02079773,
2,7.732,2,0.7653494,390.2451,-0.2150955,0.2810423,-2.69438,-12.4139,-33.9796,0.02079773,
2,7.742,2,0.7672371,390.2141,-0.217506,0.2834926,-2.69438,-12.4139,-33.9796,0.02079773,
2,7.752,2,0.7734978,390.2367,-0.2178089,0.2815895,-2.69438,-12.4139,-33.9796,0.02079773,
2,7.762,2,0.7761966,390.1815,-0.2186872,0.281742,-2.69438,-12.4139,-33.9796,0.02079773,
2,7.772,2,0.7780727,390.1904,-0.2163885,0.2781083,-2.69438,-12.4139,-33.9796,0.02079773,
2,7.782,2,0.7745522,390.1864,-0.2190947,0.2828663,-2.69438,-12.4139,-33.9796,0.02079773,
2,7.792,2,0.7768138,390.1738,-0.2179255,0.2805376,-2.69438,-12.4139,-33.9796,0.02079773,
2,7.802,2,0.7772297,390.1726,-0.2187768,0.2814828,-2.69438,-12.4139,-33.9796,0.02079773,
2,7.812,2,0.7756053,390.1822,-0.2199662,0.2836058,-2.69438,-12.4139,-33.9796,0.02079773,
2,7.822,2,0.7747021,390.172,-0.2190763,0.2827878,-2.69438,-12.4139,-33.9796,0.02079773,
2,7.832,2,0.7768353,390.168,-0.2172054,0.2796029,-2.69438,-12.4139,-33.9796,0.02079773,
2,7.842,2,0.7737559,390.1439,-0.2195214,0.2837089,-2.70195,-12.4139,-33.9807,0.02190018,
2,7.852,2,0.7747312,390.1689,-0.2187914,0.2824094,-2.70195,-12.4139,-33.9807,0.02190018,
2,7.862,2,0.7763997,390.1553,-0.2179022,0.2806573,-2.70195,-12.4139,-33.9807,0.02190018,
2,7.872,2,0.7757806,390.2069,-0.2195351,0.282986,-2.70195,-12.4139,-33.9807,0.02190018,
2,7.882,2,0.7752038,390.1493,-0.2185745,0.2819575,-2.70195,-12.4139,-33.9807,0.02190018,
2,7.892,2,0.773828,390.1438,-0.2177566,0.2814018,-2.70195,-12.4139,-33.9807,0.02190018,
2,7.902,2,0.7741389,390.1149,-0.2184554,0.2821915,-2.70195,-12.4139,-33.9807,0.02190018,
2,7.912,2,0.7737007,390.1375,-0.2179575,0.2817078,-2.70195,-12.4139,-33.9807,0.02190018,
2,7.922,2,0.7724369,390.1318,-0.2182542,0.2825529,-2.70195,-12.4139,-33.9807,0.02190018,
2,7.932,2,0.7774977,390.0997,-0.2191964,0.2819255,-2.70195,-12.4139,-33.9807,0.02190018,
2,7.942,2,0.7849338,390.0753,-0.2199301,0.2801894,-2.70195,-12.4139,-33.9807,0.02190018,
2,7.952,2,0.7877447,390.044,-0.2223975,0.2823218,-2.70195,-12.4139,-33.9807,0.02190018,
2,7.962,2,0.7921126,390.0066,-0.2217367,0.2799307,-2.70195,-12.4139,-33.9807,0.02190018,
2,7.972,2,0.7989087,390.024,-0.2219291,0.2777904,-2.70195,-12.4139,-33.9807,0.02190018,
2,7.982,2,0.7965797,390.0186,-0.2226233,0.279474,-2.70195,-12.4139,-33.9807,0.02190018,
2,7.992,2,0.7972234,389.9973,-0.2238349,0.2807681,-2.70195,-12.4139,-33.9807,0.02190018,
2,8.002,2,0.796613,389.9998,-0.2228567,0.2797553,-2.70195,-12.4139,-33.9807,0.02190018,
2,8.012,2,0.796584,389.9881,-0.2229274,0.2798542,-2.7085,-12.4139,-33.9818,0.02299881,
2,8.022,2,0.7968454,389.9696,-0.2255062,0.2829987,-2.7085,-12.4139,-33.9818,0.02299881,
2,8.032,2,0.7943687,389.9848,-0.2228866,0.2805833,-2.7085,-12.4139,-33.9818,0.02299881,
2,8.042,2,0.7969184,389.9958,-0.2241789,0.2813072,-2.7085,-12.4139,-33.9818,0.02299881,
2,8.052,2,0.7936465,389.9697,-0.2259284,0.2846713,-2.7085,-12.4139,-33.9818,0.02299881,
2,8.062,2,0.7935734,389.9766,-0.2257409,0.2844613,-2.7085,-12.4139,-33.9818,0.02299881,
2,8.072,2,0.7957974,389.974,-0.2243388,0.2819044,-2.7085,-12.4139,-33.9818,0.02299881,
2,8.082,2,0.7958679,389.958,-0.2252841,0.2830672,-2.7085,-12.4139,-33.9818,0.02299881,
2,8.092,2,0.7928907,389.973,-0.223107,0.2813843,-2.7085,-12.4139,-33.9818,0.02299881,
2,8.102,2,0.798388,389.9632,-0.2235465,0.2799973,-2.7085,-12.4139,-33.9818,0.02299881,
2,8.112,2,0.803755,389.9464,-0.2236562,0.2782641,-2.7085,-12.4139,-33.9818,0.02299881,
2,8.122,2,0.8052747,389.8987,-0.2265809,0.2813709,-2.7085,-12.4139,-33.9818,0.02299881,
2,8.132,2,0.8119747,389.8699,-0.2292916,0.2823876,-2.7085,-12.4139,-33.9818,0.02299881,
2,8.142,2,0.8143412,389.8445,-0.2291386,0.2813791,-2.7085,-12.4139,-33.9818,0.02299881,
2,8.152,2,0.8180854,389.8289,-0.228174,0.2789122,-2.7085,-12.4139,-33.9818,0.02299881,
2,8.162,2,0.8164504,389.8439,-0.2294572,0.2810424,-2.7085,-12.4139,-33.9818,0.02299881,
2,8.172,2,0.816513,389.8855,-0.2306727,0.2825095,-2.7085,-12.4139,-33.9818,0.02299881,
2,8.182,2,0.8162519,389.8253,-0.2300864,0.2818817,-2.7085,-12.4139,-33.9818,0.02299881,
2,8.192,2,0.8168672,389.8292,-0.2300221,0.2815906,-2.7085,-12.4139,-33.9818,0.02299881,
2,8.202,2,0.8152383,389.8326,-0.2298291,0.2819164,-2.7085,-12.4139,-33.9818,0.02299881,
2,8.212,2,0.8182669,389.829,-0.2287697,0.2795783,-2.7085,-12.4139,-33.9818,0.02299881,
2,8.222,2,0.8171836,389.8,-0.2299889,0.2814409,-2.7085,-12.4139,-33.9818,0.02299881,
2,8.232,2,0.8153318,389.7759,-0.229453,0.2814228,-2.7085,-12.4139,-33.9818,0.02299881,
2,8.242,2,0.817814,389.8138,-0.226973,0.2775362,-2.71498,-12.4139,-33.9829,0.02409744,
2,8.252,2,0.8157142,389.7906,-0.2293337,0.2811447,-2.71498,-12.4139,-33.9829,0.02409744,
2,8.262,2,0.8153998,389.7867,-0.2281652,0.27982,-2.71498,-12.4139,-33.9829,0.02409744,
2,8.272,2,0.8153917,389.7853,-0.2298943,0.2819434,-2.71498,-12.4139,-33.9829,0.02409744,
2,8.282,2,0.8174139,389.7658,-0.2297755,0.2811005,-2.71498,-12.4139,-33.9829,0.02409744,
2,8.292,2,0.8152477,389.7899,-0.2283894,0.2801473,-2.71498,-12.4139,-33.9829,0.02409744,
2,8.302,2,0.8151667,389.7857,-0.2300466,0.282208,-2.71498,-12.4139,-33.9829,0.02409744,
2,8.312,2,0.8192335,389.7839,-0.2304201,0.2812631,-2.71498,-12.4139,-33.9829,0.02409744,
2,8.322,2,0.8226326,389.742,-0.2309467,0.2807411,-2.71498,-12.4139,-33.9829,0.02409744,
2,8.332,2,0.8280553,389.7111,-0.2333911,0.2818545,-2.71498,-12.4139,-33.9829,0.02409744,
2,8.342,2,0.8343467,389.6733,-0.2339853,0.2804414,-2.71498,-12.4139,-33.9829,0.02409744,
2,8.352,2,0.8373519,389.66,-0.2362358,0.2821225,-2.71498,-12.4139,-33.9829,0.02409744,
2,8.362,2,0.8387705,389.6548,-0.2353911,0.2806383,-2.72202,-12.4139,-33.984,0.02519989,
2,8.372,2,0.8382542,389.6519,-0.2348901,0.2802134,-2.72202,-12.4139,-33.984,0.02519989,
2,8.382,2,0.8388149,389.6403,-0.236142,0.2815187,-2.72202,-12.4139,-33.984,0.02519989,
2,8.392,2,0.8372279,389.6412,-0.2347073,0.2803386,-2.72202,-12.4139,-33.984,0.02519989,
2,8.402,2,0.8389372,389.6465,-0.2363559,0.2817326,-2.72202,-12.4139,-33.984,0.02519989,
2,8.412,2,0.8376373,389.6334,-0.2363841,0.2822034,-2.72202,-12.4139,-33.984,0.02519989,
2,8.422,2,0.8368779,389.6317,-0.2352959,0.2811591,-2.72202,-12.4139,-33.984,0.02519989,
2,8.432,2,0.8356109,389.6208,-0.2366855,0.2832485,-2.72202,-12.4139,-33.984,0.02519989,
2,8.442,2,0.8358877,389.6354,-0.2361743,0.2825431,-2.72202,-12.4139,-33.984,0.02519989,
2,8.452,2,0.8379954,389.6428,-0.2360978,0.2817411,-2.72202,-12.4139,-33.984,0.02519989,
2,8.462,2,0.8365195,389.6305,-0.2355096,0.2815351,-2.72202,-12.4139,-33.984,0.02519989,
2,8.472,2,0.8355885,389.6058,-0.2373861,0.2840945,-2.72202,-12.4139,-33.984,0.02519989,
2,8.482,2,0.8365566,389.6092,-0.235979,0.2820837,-2.72202,-12.4139,-33.984,0.02519989,
2,8.492,2,0.8377444,389.5786,-0.2370075,0.2829115,-2.72202,-12.4139,-33.984,0.02519989,
2,8.502,2,0.8368036,389.594,-0.2362232,0.2822923,-2.72202,-12.4139,-33.984,0.02519989,
2,8.512,2,0.8405126,389.5672,-0.238288,0.2835032,-2.72202,-12.4139,-33.984,0.02519989,
2,8.522,2,0.8471519,389.5586,-0.2394858,0.2826953,-2.72202,-12.4139,-33.984,0.02519989,
2,8.532,2,0.8530737,389.5049,-0.2392357,0.2804397,-2.72202,-12.4139,-33.984,0.02519989,
2,8.542,2,0.8556571,389.4976,-0.241043,0.2817051,-2.72202,-12.4139,-33.984,0.02519989,
2,8.552,2,0.8575969,389.4803,-0.2401236,0.2799959,-2.72202,-12.4139,-33.984,0.02519989,
2,8.562,2,0.8583046,389.5005,-0.240119,0.2797597,-2.72202,-12.4139,-33.984,0.02519989,
2,8.572,2,0.8569019,389.4955,-0.2408331,0.281051,-2.72202,-12.4139,-33.984,0.02519989,
2,8.582,2,0.8571427,389.4663,-0.2431022,0.2836193,-2.72202,-12.4139,-33.984,0.02519989,
2,8.592,2,0.8586677,389.4715,-0.2425657,0.2824908,-2.72202,-12.4139,-33.984,0.02519989,
2,8.602,2,0.8568351,389.4758,-0.2423552,0.2828493,-2.72202,-12.4139,-33.984,0.02519989,
2,8.612,2,0.8568177,389.442,-0.2420194,0.2824631,-2.72855,-12.4139,-33.985,0.02619934,
2,8.622,2,0.8584905,389.458,-0.242015,0.2819076,-2.72855,-12.4139,-33.985,0.02619934,
2,8.632,2,0.8583107,389.4656,-0.2427204,0.2827885,-2.72855,-12.4139,-33.985,0.02619934,
2,8.642,2,0.8560429,389.4666,-0.244753,0.2859121,-2.72855,-12.4139,-33.985,0.02619934,
2,8.652,2,0.8548818,389.4384,-0.2414479,0.2824343,-2.72855,-12.4139,-33.985,0.02619934,
2,8.662,2,0.855157,389.4498,-0.2424778,0.2835477,-2.72855,-12.4139,-33.985,0.02619934,
2,8.672,2,0.8541651,389.4514,-0.2434041,0.2849614,-2.72855,-12.4139,-33.985,0.02619934,
2,8.682,2,0.8546364,389.444,-0.2424328,0.2836677,-2.72855,-12.4139,-33.985,0.02619934,
2,8.692,2,0.8602542,389.441,-0.2416827,0.2809433,-2.72855,-12.4139,-33.985,0.02619934,
2,8.702,2,0.8616486,389.4092,-0.2421985,0.2810873,-2.72855,-12.4139,-33.985,0.02619934,
2,8.712,2,0.8655261,389.3877,-0.2452026,0.2832989,-2.72855,-12.4139,-33.985,0.02619934,
2,8.722,2,0.8723213,389.3356,-0.2457185,0.2816834,-2.72855,-12.4139,-33.985,0.02619934,
2,8.732,2,0.8754802,389.3136,-0.2472213,0.2823836,-2.72855,-12.4139,-33.985,0.02619934,
2,8.742,2,0.8764977,389.3071,-0.2476624,0.2825591,-2.72855,-12.4139,-33.985,0.02619934,
2,8.752,2,0.8770238,389.3246,-0.2472305,0.2818972,-2.72855,-12.4139,-33.985,0.02619934,
2,8.762,2,0.8768632,389.3366,-0.2471001,0.2818,-2.72855,-12.4139,-33.985,0.02619934,
2,8.772,2,0.8773242,389.2934,-0.2467375,0.2812387,-2.72855,-12.4139,-33.985,0.02619934,
2,8.782,2,0.8772866,389.2906,-0.2479112,0.2825886,-2.72855,-12.4139,-33.985,0.02619934,
2,8.792,2,0.8762854,389.2867,-0.2500679,0.2853726,-2.72855,-12.4139,-33.985,0.02619934,
2,8.802,2,0.8777391,389.2864,-0.2460421,0.2803134,-2.72855,-12.4139,-33.985,0.02619934,
2,8.812,2,0.8775564,389.2803,-0.2487406,0.2834468,-2.72855,-12.4139,-33.985,0.02619934,
2,8.822,2,0.8769611,389.2717,-0.2482074,0.2830313,-2.73452,-12.4139,-33.986,0.02719879,
2,8.832,2,0.8783892,389.2954,-0.2473297,0.2815719,-2.73452,-12.4139,-33.986,0.02719879,
2,8.842,2,0.8775934,389.2753,-0.2480062,0.2825981,-2.73452,-12.4139,-33.986,0.02719879,
2,8.852,2,0.8748501,389.255,-0.2478301,0.2832829,-2.73452,-12.4139,-33.986,0.02719879,
2,8.862,2,0.8772634,389.2535,-0.2453192,0.2796415,-2.73452,-12.4139,-33.986,0.02719879,
2,8.872,2,0.8768405,389.2548,-0.2488683,0.2838239,-2.73452,-12.4139,-33.986,0.02719879,
2,8.882,2,0.8736974,389.268,-0.2488314,0.2848027,-2.73452,-12.4139,-33.986,0.02719879,
2,8.892,2,0.8814963,389.2363,-0.2478448,0.2811637,-2.73452,-12.4139,-33.986,0.02719879,
2,8.902,2,0.8877699,389.2099,-0.2502532,0.2818897,-2.73452,-12.4139,-33.986,0.02719879,
2,8.912,2,0.8927651,389.1499,-0.2534053,0.2838432,-2.73452,-12.4139,-33.986,0.02719879,
2,8.922,2,0.8940184,389.1427,-0.2524555,0.2823829,-2.73452,-12.4139,-33.986,0.02719879,
2,8.932,2,0.8992131,389.1509,-0.2541694,0.2826576,-2.73452,-12.4139,-33.986,0.02719879,
2,8.942,2,0.8981103,389.15,-0.2554147,0.2843913,-2.73452,-12.4139,-33.986,0.02719879,
2,8.952,2,0.8978779,389.1407,-0.2542771,0.2831978,-2.73452,-12.4139,-33.986,0.02719879,
2,8.962,2,0.8970646,389.1345,-0.2553222,0.2846197,-2.73452,-12.4139,-33.986,0.02719879,
2,8.972,2,0.8978572,389.123,-0.2540939,0.2830003,-2.73452,-12.4139,-33.986,0.02719879,
2,8.982,2,0.8988731,389.1145,-0.2542612,0.2828666,-2.73452,-12.4139,-33.986,0.02719879,
2,8.992,2,0.8973064,389.1319,-0.2542391,0.2833358,-2.73452,-12.4139,-33.986,0.02719879,
2,9.002,2,0.8980347,389.1082,-0.2534962,0.2822788,-2.73452,-12.4139,-33.986,0.02719879,
2,9.012,2,0.8963643,389.1138,-0.2545117,0.2839377,-2.73452,-12.4139,-33.986,0.02719879,
2,9.022,2,0.8946306,389.0972,-0.2546018,0.2845887,-2.73452,-12.4139,-33.986,0.02719879,
2,9.032,2,0.8969988,389.118,-0.253296,0.2823816,-2.74102,-12.4139,-33.9871,0.02829742,
2,9.042,2,0.8977922,389.1062,-0.2566086,0.2858219,-2.74102,-12.4139,-33.9871,0.02829742,
2,9.052,2,0.8952146,389.1046,-0.2563696,0.2863778,-2.74102,-12.4139,-33.9871,0.02829742,
2,9.062,2,0.8957912,389.1215,-0.2542092,0.2837817,-2.74102,-12.4139,-33.9871,0.02829742,
2,9.072,2,0.8957476,389.0031,-0.2546502,0.2842879,-2.74102,-12.4139,-33.9871,0.02829742,
2,9.082,2,0.9026723,389.0203,-0.2569544,0.2846597,-2.74102,-12.4139,-33.9871,0.02829742,
2,9.092,2,0.904922,389.0357,-0.2576997,0.2847756,-2.74102,-12.4139,-33.9871,0.02829742,
2,9.102,2,0.907813,389.0103,-0.2581671,0.2843836,-2.74102,-12.4139,-33.9871,0.02829742,
2,9.112,2,0.9145997,389.0247,-0.2598337,0.2840955,-2.74102,-12.4139,-33.9871,0.02829742,
2,9.122,2,0.9170247,388.9629,-0.2588936,0.2823191,-2.74102,-12.4139,-33.9871,0.02829742,
2,9.132,2,0.9152464,388.9646,-0.2595109,0.2835421,-2.74102,-12.4139,-33.9871,0.02829742,
2,9.142,2,0.9185157,388.9571,-0.259727,0.2827682,-2.74102,-12.4139,-33.9871,0.02829742,
2,9.152,2,0.9176611,388.9706,-0.2610591,0.2844831,-2.74102,-12.4139,-33.9871,0.02829742,
2,9.162,2,0.9153835,388.9622,-0.2612014,0.2853464,-2.74102,-12.4139,-33.9871,0.02829742,
2,9.172,2,0.9166378,388.9263,-0.2603382,0.2840142,-2.74102,-12.4139,-33.9871,0.02829742,
2,9.182,2,0.9190295,388.9425,-0.259342,0.2821912,-2.74102,-12.4139,-33.9871,0.02829742,
2,9.192,2,0.916407,388.9401,-0.2622513,0.2861734,-2.74102,-12.4139,-33.9871,0.02829742,
2,9.202,2,0.9162487,388.9265,-0.2619231,0.2858646,-2.74102,-12.4139,-33.9871,0.02829742,
2,9.212,2,0.9170275,388.9294,-0.260873,0.2844768,-2.74102,-12.4139,-33.9871,0.02829742,
2,9.222,2,0.9154202,388.9341,-0.2616127,0.2857842,-2.74102,-12.4139,-33.9871,0.02829742,
2,9.232,2,0.9136189,388.9668,-0.2643017,0.2892909,-2.74102,-12.4139,-33.9871,0.02829742,
2,9.242,2,0.9170494,388.9136,-0.26155,0.2852082,-2.74102,-12.4139,-33.9871,0.02829742,
2,9.252,2,0.9178202,388.9185,-0.264394,0.2880673,-2.74808,-12.4139,-33.9881,0.02929688,
2,9.262,2,0.9168732,388.9258,-0.2651046,0.2891399,-2.74808,-12.4139,-33.9881,0.02929688,
2,9.272,2,0.9156209,388.9138,-0.2637247,0.2880283,-2.74808,-12.4139,-33.9881,0.02929688,
2,9.282,2,0.917711,388.9112,-0.263696,0.2873411,-2.74808,-12.4139,-33.9881,0.02929688,
2,9.292,2,0.921459,388.9013,-0.2623028,0.2846603,-2.74808,-12.4139,-33.9881,0.02929688,
2,9.302,2,0.9253848,388.8605,-0.2627592,0.2839459,-2.74808,-12.4139,-33.9881,0.02929688,
2,9.312,2,0.9309616,388.812,-0.2661392,0.2858756,-2.74808,-12.4139,-33.9881,0.02929688,
2,9.322,2,0.9341593,388.7842,-0.2706836,0.2897618,-2.74808,-12.4139,-33.9881,0.02929688,
2,9.332,2,0.9387069,388.7864,-0.2666491,0.28406,-2.74808,-12.4139,-33.9881,0.02929688,
2,9.342,2,0.9414688,388.7934,-0.2673304,0.2839504,-2.74808,-12.4139,-33.9881,0.02929688,
2,9.352,2,0.9388387,388.8059,-0.2700101,0.2876001,-2.74808,-12.4139,-33.9881,0.02929688,
2,9.362,2,0.9379673,388.7679,-0.268728,0.2865003,-2.74808,-12.4139,-33.9881,0.02929688,
2,9.372,2,0.9387502,388.7603,-0.2697458,0.2873456,-2.74808,-12.4139,-33.9881,0.02929688,
2,9.382,2,0.9385048,388.7513,-0.2667876,0.2842688,-2.74808,-12.4139,-33.9881,0.02929688,
2,9.392,2,0.9387484,388.7641,-0.2696824,0.2872787,-2.74808,-12.4139,-33.9881,0.02929688,
2,9.402,2,0.9387491,388.7477,-0.2699217,0.2875334,-2.74808,-12.4139,-33.9881,0.02929688,
2,9.412,2,0.9369168,388.7443,-0.2690729,0.2871898,-2.74808,-12.4139,-33.9881,0.02929688,
2,9.422,2,0.9390561,388.7539,-0.2688934,0.2863443,-2.74808,-12.4139,-33.9881,0.02929688,
2,9.432,2,0.9387778,388.7596,-0.2709145,0.2885821,-2.75513,-12.4139,-33.9892,0.03039932,
2,9.442,2,0.9368706,388.7301,-0.2707422,0.2889857,-2.75513,-12.4139,-33.9892,0.03039932,
2,9.452,2,0.9359421,388.7343,-0.2676373,0.2859549,-2.75513,-12.4139,-33.9892,0.03039932,
2,9.462,2,0.9378041,388.7346,-0.2685347,0.2863441,-2.75513,-12.4139,-33.9892,0.03039932,
2,9.472,2,0.9362097,388.7379,-0.270811,0.2892632,-2.75513,-12.4139,-33.9892,0.03039932,
2,9.482,2,0.9374391,388.7201,-0.2706868,0.2887514,-2.75513,-12.4139,-33.9892,0.03039932,
2,9.492,2,0.9361981,388.7215,-0.2706955,0.2891434,-2.75513,-12.4139,-33.9892,0.03039932,
2,9.502,2,0.9375709,388.7114,-0.2697241,0.287684,-2.75513,-12.4139,-33.9892,0.03039932,
2,9.512,2,0.938913,388.7202,-0.2686703,0.2861503,-2.75513,-12.4139,-33.9892,0.03039932,
2,9.522,2,0.9457099,388.7003,-0.2716622,0.2872575,-2.75513,-12.4139,-33.9892,0.03039932,
2,9.532,2,0.9489046,388.6669,-0.2722996,0.286962,-2.75513,-12.4139,-33.9892,0.03039932,
2,9.542,2,0.9554933,388.6272,-0.2743402,0.2871189,-2.75513,-12.4139,-33.9892,0.03039932,
2,9.552,2,0.9576184,388.6231,-0.2764729,0.2887088,-2.75513,-12.4139,-33.9892,0.03039932,
2,9.562,2,0.9605061,388.6106,-0.2750444,0.2863536,-2.75513,-12.4139,-33.9892,0.03039932,
2,9.572,2,0.9582193,388.6025,-0.2753396,0.287345,-2.75513,-12.4139,-33.9892,0.03039932,
2,9.582,2,0.9592795,388.6201,-0.2737213,0.2853405,-2.75513,-12.4139,-33.9892,0.03039932,
2,9.592,2,0.9575754,388.6057,-0.2743729,0.2865288,-2.75513,-12.4139,-33.9892,0.03039932,
2,9.602,2,0.9573419,388.614,-0.2742845,0.2865064,-2.75513,-12.4139,-33.9892,0.03039932,
2,9.612,2,0.9587131,388.5901,-0.277316,0.2892586,-2.75513,-12.4139,-33.9892,0.03039932,
2,9.622,2,0.9590953,388.5976,-0.2760953,0.2878705,-2.7627,-12.4139,-33.9902,0.03139877,
2,9.632,2,0.957289,388.5835,-0.275357,0.2876425,-2.7627,-12.4139,-33.9902,0.03139877,
2,9.642,2,0.9552771,388.5422,-0.2777891,0.2907943,-2.7627,-12.4139,-33.9902,0.03139877,
2,9.652,2,0.9558154,388.5633,-0.2760636,0.2888252,-2.7627,-12.4139,-33.9902,0.03139877,
2,9.662,2,0.956224,388.5557,-0.2746013,0.2871726,-2.7627,-12.4139,-33.9902,0.03139877,
2,9.672,2,0.9576535,388.5511,-0.277263,0.2895233,-2.7627,-12.4139,-33.9902,0.03139877,
2,9.682,2,0.9564691,388.5541,-0.2769977,0.2896045,-2.7627,-12.4139,-33.9902,0.03139877,
2,9.692,2,0.9559206,388.5544,-0.2760746,0.288805,-2.7627,-12.4139,-33.9902,0.03139877,
2,9.702,2,0.9596133,388.6017,-0.2769392,0.2885946,-2.7627,-12.4139,-33.9902,0.03139877,
2,9.712,2,0.9643356,388.5154,-0.2750492,0.2852215,-2.7627,-12.4139,-33.9902,0.03139877,
2,9.722,2,0.9672791,388.4648,-0.2777329,0.2871279,-2.7627,-12.4139,-33.9902,0.03139877,
2,9.732,2,0.9735106,388.4597,-0.2800845,0.2877057,-2.7627,-12.4139,-33.9902,0.03139877,
2,9.742,2,0.9759293,388.444,-0.2790089,0.2858905,-2.7627,-12.4139,-33.9902,0.03139877,
2,9.752,2,0.9798138,388.4283,-0.2810366,0.2868265,-2.7627,-12.4139,-33.9902,0.03139877,
2,9.762,2,0.9779592,388.3966,-0.2829265,0.289303,-2.7627,-12.4139,-33.9902,0.03139877,
2,9.772,2,0.9774249,388.4117,-0.2817169,0.2882236,-2.7627,-12.4139,-33.9902,0.03139877,
2,9.782,2,0.9764261,388.4109,-0.2835914,0.2904382,-2.7627,-12.4139,-33.9902,0.03139877,
2,9.792,2,0.9770321,388.3989,-0.2852318,0.291937,-2.7627,-12.4139,-33.9902,0.03139877,
2,9.802,2,0.979375,388.4041,-0.2826539,0.2886064,-2.7627,-12.4139,-33.9902,0.03139877,
2,9.812,2,0.9767587,388.4157,-0.2831732,0.2899111,-2.76922,-12.4139,-33.9913,0.03249741,
2,9.822,2,0.9737494,388.4486,-0.2832617,0.290898,-2.76922,-12.4139,-33.9913,0.03249741,
2,9.832,2,0.9763249,388.3852,-0.2818347,0.2886689,-2.76922,-12.4139,-33.9913,0.03249741,
2,9.842,2,0.9767178,388.3778,-0.284947,0.2917394,-2.76922,-12.4139,-33.9913,0.03249741,
2,9.852,2,0.9766266,388.4099,-0.2845429,0.2913528,-2.76922,-12.4139,-33.9913,0.03249741,
2,9.862,2,0.9777333,388.3822,-0.2833408,0.2897936,-2.76922,-12.4139,-33.9913,0.03249741,
2,9.872,2,0.9774081,388.3855,-0.2838626,0.2904238,-2.76922,-12.4139,-33.9913,0.03249741,
2,9.882,2,0.9751862,388.3682,-0.2838497,0.2910723,-2.76922,-12.4139,-33.9913,0.03249741,
2,9.892,2,0.9772632,388.3855,-0.2824724,0.2890443,-2.76922,-12.4139,-33.9913,0.03249741,
2,9.902,2,0.9819522,388.352,-0.2846617,0.2898937,-2.76922,-12.4139,-33.9913,0.03249741,
2,9.912,2,0.9898869,388.2925,-0.2865039,0.2894309,-2.76922,-12.4139,-33.9913,0.03249741,
2,9.922,2,0.9910189,388.2871,-0.2876564,0.2902633,-2.76922,-12.4139,-33.9913,0.03249741,
2,9.932,2,0.9964487,388.2839,-0.2873486,0.2883727,-2.76922,-12.4139,-33.9913,0.03249741,
2,9.942,2,0.9977791,388.2734,-0.2894688,0.2901131,-2.76922,-12.4139,-33.9913,0.03249741,
2,9.952,2,0.9953333,388.2492,-0.2898809,0.2912401,-2.76922,-12.4139,-33.9913,0.03249741,
2,9.962,2,0.9973899,388.238,-0.2909325,0.2916938,-2.76922,-12.4139,-33.9913,0.03249741,
2,9.972,2,0.998917,388.2223,-0.2909443,0.2912597,-2.76922,-12.4139,-33.9913,0.03249741,
2,9.982,2,0.9989635,388.2409,-0.2884939,0.2887932,-2.76922,-12.4139,-33.9913,0.03249741,
2,9.992,2,0.9986686,388.2326,-0.2918603,0.2922494,-2.76922,-12.4139,-33.9913,0.03249741,
2,10.002,2,0.9984806,388.2451,-0.2916678,0.2921116,-2.76922,-12.4139,-33.9913,0.03249741,
2,10.012,2,0.9982876,388.2421,-0.2888886,0.2893841,-2.76922,-12.4139,-33.9913,0.03249741,
2,10.022,2,0.999186,388.2479,-0.2883741,0.288609,-2.76922,-12.4139,-33.9913,0.03249741,
2,10.032,2,0.9982349,388.2174,-0.2909848,0.2914993,-2.76922,-12.4139,-33.9913,0.03249741,
2,10.042,2,0.9975337,388.2166,-0.289334,0.2900493,-2.77572,-12.4139,-33.9923,0.03349686,
2,10.052,2,0.9972799,388.2094,-0.2924114,0.293209,-2.77572,-12.4139,-33.9923,0.03349686,
2,10.062,2,0.9971868,388.2223,-0.2927217,0.2935475,-2.77572,-12.4139,-33.9923,0.03349686,
2,10.072,2,0.9972264,388.2003,-0.2907998,0.2916086,-2.77572,-12.4139,-33.9923,0.03349686,
2,10.082,2,0.9967363,388.1941,-0.2938809,0.2948432,-2.77572,-12.4139,-33.9923,0.03349686,
2,10.092,2,0.9959453,388.206,-0.2925019,0.2936927,-2.77572,-12.4139,-33.9923,0.03349686,
2,10.102,2,0.9971305,388.193,-0.2917434,0.292583,-2.77572,-12.4139,-33.9923,0.03349686,
2,10.112,2,0.9974628,388.198,-0.293286,0.294032,-2.77572,-12.4139,-33.9923,0.03349686,
2,10.122,2,0.9972306,388.2139,-0.2941938,0.2950108,-2.77572,-12.4139,-33.9923,0.03349686,
2,10.132,2,0.996387,388.1964,-0.293791,0.2948563,-2.77572,-12.4139,-33.9923,0.03349686,
2,10.142,2,1.001924,388.1736,-0.292141,0.2915798,-2.77572,-12.4139,-33.9923,0.03349686,
2,10.152,2,1.006891,388.1293,-0.2944367,0.2924216,-2.77572,-12.4139,-33.9923,0.03349686,
2,10.162,2,1.010546,388.0748,-0.2965641,0.2934691,-2.77572,-12.4139,-33.9923,0.03349686,
2,10.172,2,1.016691,388.1033,-0.2976338,0.2927476,-2.77572,-12.4139,-33.9923,0.03349686,
2,10.182,2,1.019282,388.0745,-0.2963446,0.2907384,-2.77572,-12.4139,-33.9923,0.03349686,
2,10.192,2,1.018976,388.0574,-0.2975226,0.2919819,-2.77572,-12.4139,-33.9923,0.03349686,
2,10.202,2,1.01995,388.0608,-0.2986025,0.2927619,-2.77572,-12.4139,-33.9923,0.03349686,
2,10.212,2,1.019035,388.0709,-0.2984829,0.2929074,-2.77572,-12.4139,-33.9923,0.03349686,
2,10.222,2,1.016278,388.0616,-0.3002902,0.2954804,-2.77572,-12.4139,-33.9923,0.03349686,
2,10.232,2,1.017692,388.0172,-0.3001005,0.2948834,-2.77572,-12.4139,-33.9923,0.03349686,
2,10.242,2,1.01895,388.057,-0.2987015,0.2931464,-2.77572,-12.4139,-33.9923,0.03349686,
2,10.252,2,1.016523,388.0302,-0.2994092,0.2945423,-2.77572,-12.4139,-33.9923,0.03349686,
2,10.262,2,1.015039,388.012,-0.2999679,0.2955234,-2.78387,-12.4139,-33.9934,0.0345993,
2,10.272,2,1.015787,388.0197,-0.2994076,0.2947544,-2.78387,-12.4139,-33.9934,0.0345993,
2,10.282,2,1.017456,388.0213,-0.3009571,0.2957938,-2.78387,-12.4139,-33.9934,0.0345993,
2,10.292,2,1.016992,388.0827,-0.2997267,0.2947188,-2.78387,-12.4139,-33.9934,0.0345993,
2,10.302,2,1.01582,388.013,-0.2978249,0.2931869,-2.78387,-12.4139,-33.9934,0.0345993,
2,10.312,2,1.018888,387.9983,-0.2967738,0.2912723,-2.78387,-12.4139,-33.9934,0.0345993,
2,10.322,2,1.019404,388.0097,-0.2984396,0.2927589,-2.78387,-12.4139,-33.9934,0.0345993,
2,10.332,2,1.015561,388.0137,-0.2992489,0.2946637,-2.78387,-12.4139,-33.9934,0.0345993,
2,10.342,2,1.021515,388.0016,-0.2981566,0.2918769,-2.78387,-12.4139,-33.9934,0.0345993,
2,10.352,2,1.023333,387.9407,-0.2988894,0.2920744,-2.78387,-12.4139,-33.9934,0.0345993,
2,10.362,2,1.029113,387.9334,-0.3017001,0.2931652,-2.78387,-12.4139,-33.9934,0.0345993,
2,10.372,2,1.033382,387.9012,-0.3046536,0.2948121,-2.78387,-12.4139,-33.9934,0.0345993,
2,10.382,2,1.039073,387.872,-0.3049608,0.2934932,-2.78387,-12.4139,-33.9934,0.0345993,
2,10.392,2,1.042182,387.9094,-0.3054569,0.2930936,-2.78387,-12.4139,-33.9934,0.0345993,
2,10.402,2,1.040277,387.9498,-0.3055481,0.2937179,-2.78387,-12.4139,-33.9934,0.0345993,
2,10.412,2,1.03955,387.951,-0.3069447,0.2952668,-2.78387,-12.4139,-33.9934,0.0345993,
2,10.422,2,1.040404,387.8618,-0.3074832,0.295542,-2.78387,-12.4139,-33.9934,0.0345993,
2,10.432,2,1.038631,387.8547,-0.3069643,0.2955469,-2.78387,-12.4139,-33.9934,0.0345993,
2,10.442,2,1.038596,387.8848,-0.3087741,0.2972997,-2.78387,-12.4139,-33.9934,0.0345993,
2,10.452,2,1.040092,387.8537,-0.3050696,0.2933101,-2.78387,-12.4139,-33.9934,0.0345993,
2,10.462,2,1.039271,387.8484,-0.306254,0.2946815,-2.78387,-12.4139,-33.9934,0.0345993,
2,10.472,2,1.038019,387.8383,-0.3065056,0.2952795,-2.78387,-12.4139,-33.9934,0.0345993,
2,10.482,2,1.039958,387.8506,-0.3066533,0.2948709,-2.78387,-12.4139,-33.9934,0.0345993,
2,10.492,2,1.04014,387.851,-0.3051547,0.2933786,-2.78387,-12.4139,-33.9934,0.0345993,
2,10.502,2,1.038758,387.8167,-0.307003,0.2955481,-2.79093,-12.4139,-33.9945,0.03569794,
2,10.512,2,1.038728,387.8256,-0.3078906,0.2964112,-2.79093,-12.4139,-33.9945,0.03569794,
2,10.522,2,1.037493,387.8429,-0.3087696,0.2976114,-2.79093,-12.4139,-33.9945,0.03569794,
2,10.532,2,1.040205,387.817,-0.307879,0.2959793,-2.79093,-12.4139,-33.9945,0.03569794,
2,10.542,2,1.039003,387.808,-0.3082557,0.296684,-2.79093,-12.4139,-33.9945,0.03569794,
2,10.552,2,1.039083,387.7967,-0.3076594,0.2960875,-2.79093,-12.4139,-33.9945,0.03569794,
2,10.562,2,1.039291,387.7917,-0.3087906,0.2971165,-2.79093,-12.4139,-33.9945,0.03569794,
2,10.572,2,1.037331,387.8111,-0.3071777,0.2961231,-2.79093,-12.4139,-33.9945,0.03569794,
2,10.582,2,1.041877,387.7974,-0.3085592,0.2961572,-2.79093,-12.4139,-33.9945,0.03569794,
2,10.592,2,1.045679,387.7986,-0.3081127,0.2946533,-2.79093,-12.4139,-33.9945,0.03569794,
2,10.602,2,1.050241,387.7494,-0.3108728,0.2960015,-2.79093,-12.4139,-33.9945,0.03569794,
2,10.612,2,1.055426,387.7277,-0.3128295,0.2964013,-2.79093,-12.4139,-33.9945,0.03569794,
2,10.622,2,1.060967,387.6985,-0.3141466,0.2960946,-2.79093,-12.4139,-33.9945,0.03569794,
2,10.632,2,1.064312,387.7015,-0.3114334,0.2926147,-2.79093,-12.4139,-33.9945,0.03569794,
2,10.642,2,1.062002,387.6859,-0.3134486,0.2951486,-2.79093,-12.4139,-33.9945,0.03569794,
2,10.652,2,1.061178,387.6883,-0.3140911,0.2959835,-2.79093,-12.4139,-33.9945,0.03569794,
2,10.662,2,1.063644,387.6736,-0.3128831,0.2941614,-2.79093,-12.4139,-33.9945,0.03569794,
2,10.672,2,1.063428,387.6524,-0.3146943,0.2959243,-2.79093,-12.4139,-33.9945,0.03569794,
2,10.682,2,1.06082,387.6669,-0.3161061,0.2979829,-2.79093,-12.4139,-33.9945,0.03569794,
2,10.692,2,1.061499,387.6616,-0.3153481,0.297078,-2.79093,-12.4139,-33.9945,0.03569794,
2,10.702,2,1.063061,387.6693,-0.3162037,0.2974464,-2.79093,-12.4139,-33.9945,0.03569794,
2,10.712,2,1.060763,387.673,-0.3160885,0.2979823,-2.79905,-12.4139,-33.9956,0.03680038,
2,10.722,2,1.061815,387.6624,-0.3163742,0.2979559,-2.79905,-12.4139,-33.9956,0.03680038,
2,10.732,2,1.061486,387.6576,-0.3176859,0.299284,-2.79905,-12.4139,-33.9956,0.03680038,
2,10.742,2,1.060672,387.6387,-0.3166281,0.2985165,-2.79905,-12.4139,-33.9956,0.03680038,
2,10.752,2,1.060784,387.6383,-0.3138275,0.295845,-2.79905,-12.4139,-33.9956,0.03680038,
2,10.762,2,1.062657,387.6472,-0.3172059,0.2985027,-2.79905,-12.4139,-33.9956,0.03680038,
2,10.772,2,1.059759,387.6266,-0.3150969,0.2973287,-2.79905,-12.4139,-33.9956,0.03680038,
2,10.782,2,1.058066,387.6268,-0.316261,0.2989048,-2.79905,-12.4139,-33.9956,0.03680038,
2,10.792,2,1.065001,387.6447,-0.3173926,0.2980209,-2.79905,-12.4139,-33.9956,0.03680038,
2,10.802,2,1.070467,387.5902,-0.3182925,0.2973398,-2.79905,-12.4139,-33.9956,0.03680038,
2,10.812,2,1.073356,387.5549,-0.3202288,0.2983434,-2.79905,-12.4139,-33.9956,0.03680038,
2,10.822,2,1.079591,387.4799,-0.3210174,0.297351,-2.79905,-12.4139,-33.9956,0.03680038,
2,10.832,2,1.08601,387.5055,-0.3215811,0.2961125,-2.79905,-12.4139,-33.9956,0.03680038,
2,10.842,2,1.084572,387.5056,-0.3229529,0.29777,-2.79905,-12.4139,-33.9956,0.03680038,
2,10.852,2,1.08279,387.5156,-0.3230238,0.2983254,-2.79905,-12.4139,-33.9956,0.03680038,
2,10.862,2,1.081428,387.5443,-0.3231615,0.2988286,-2.79905,-12.4139,-33.9956,0.03680038,
2,10.872,2,1.083391,387.4869,-0.3224331,0.2976147,-2.79905,-12.4139,-33.9956,0.03680038,
2,10.882,2,1.081355,387.5666,-0.3236184,0.2992711,-2.79905,-12.4139,-33.9956,0.03680038,
2,10.892,2,1.080146,387.4818,-0.3234596,0.2994592,-2.79905,-12.4139,-33.9956,0.03680038,
2,10.902,2,1.082828,387.4672,-0.3221704,0.2975268,-2.79905,-12.4139,-33.9956,0.03680038,
2,10.912,2,1.081874,387.481,-0.3237281,0.2992292,-2.79905,-12.4139,-33.9956,0.03680038,
2,10.922,2,1.081646,387.4857,-0.3256353,0.3010552,-2.8061,-12.4139,-33.9967,0.03789902,
2,10.932,2,1.083183,387.4685,-0.3237053,0.2988464,-2.8061,-12.4139,-33.9967,0.03789902,
2,10.942,2,1.081789,387.4482,-0.3251155,0.3005351,-2.8061,-12.4139,-33.9967,0.03789902,
2,10.952,2,1.079725,387.4537,-0.3293324,0.3050152,-2.8061,-12.4139,-33.9967,0.03789902,
2,10.962,2,1.080403,387.4538,-0.3293202,0.3048124,-2.8061,-12.4139,-33.9967,0.03789902,
2,10.972,2,1.081142,387.4576,-0.329496,0.3047667,-2.8061,-12.4139,-33.9967,0.03789902,
2,10.982,2,1.080817,387.4453,-0.3265509,0.3021333,-2.8061,-12.4139,-33.9967,0.03789902,
2,10.992,2,1.080002,387.4472,-0.3262346,0.3020684,-2.8061,-12.4139,-33.9967,0.03789902,
2,11.002,2,1.083962,387.4892,-0.3272677,0.3019182,-2.8061,-12.4139,-33.9967,0.03789902,
2,11.012,2,1.089775,387.3997,-0.3251557,0.2983695,-2.8061,-12.4139,-33.9967,0.03789902,
2,11.022,2,1.09359,387.3539,-0.32928,0.3011002,-2.8061,-12.4139,-33.9967,0.03789902,
2,11.032,2,1.101337,387.3708,-0.3291773,0.2988888,-2.8061,-12.4139,-33.9967,0.03789902,
2,11.042,2,1.105414,387.3224,-0.3291847,0.2977931,-2.8061,-12.4139,-33.9967,0.03789902,
2,11.052,2,1.103236,387.3221,-0.3309594,0.2999898,-2.8061,-12.4139,-33.9967,0.03789902,
2,11.062,2,1.10279,387.3196,-0.3302152,0.2994361,-2.8061,-12.4139,-33.9967,0.03789902,
2,11.072,2,1.106262,387.3255,-0.3293531,0.2977171,-2.8061,-12.4139,-33.9967,0.03789902,
2,11.082,2,1.105365,387.3121,-0.3316874,0.3000706,-2.8061,-12.4139,-33.9967,0.03789902,
2,11.092,2,1.103833,387.2944,-0.3338566,0.3024521,-2.8061,-12.4139,-33.9967,0.03789902,
2,11.102,2,1.102656,387.3107,-0.3315955,0.3007243,-2.8061,-12.4139,-33.9967,0.03789902,
2,11.112,2,1.104808,387.3113,-0.3333424,0.3017198,-2.8061,-12.4139,-33.9967,0.03789902,
2,11.122,2,1.103945,387.2689,-0.3329652,0.3016139,-2.8061,-12.4139,-33.9967,0.03789902,
2,11.132,2,1.103457,387.2848,-0.3325109,0.3013358,-2.81262,-12.4139,-33.9978,0.03899765,
2,11.142,2,1.102537,387.2804,-0.3338012,0.3027575,-2.81262,-12.4139,-33.9978,0.03899765,
2,11.152,2,1.103559,387.2644,-0.3352538,0.3037934,-2.81262,-12.4139,-33.9978,0.03899765,
2,11.162,2,1.100931,387.2737,-0.3318496,0.3014262,-2.81262,-12.4139,-33.9978,0.03899765,
2,11.172,2,1.102695,387.2832,-0.3335927,0.3025248,-2.81262,-12.4139,-33.9978,0.03899765,
2,11.182,2,1.102619,387.3113,-0.3335204,0.30248,-2.81262,-12.4139,-33.9978,0.03899765,
2,11.192,2,1.100779,387.2685,-0.334245,0.3036441,-2.81262,-12.4139,-33.9978,0.03899765,
2,11.202,2,1.102362,387.2721,-0.3343196,0.3032757,-2.81262,-12.4139,-33.9978,0.03899765,
2,11.212,2,1.10261,387.2704,-0.3353395,0.3041324,-2.81262,-12.4139,-33.9978,0.03899765,
2,11.222,2,1.104649,387.2485,-0.3320608,0.300603,-2.81262,-12.4139,-33.9978,0.03899765,
2,11.232,2,1.108864,387.2293,-0.3363914,0.3033658,-2.81262,-12.4139,-33.9978,0.03899765,
2,11.242,2,1.114619,387.2009,-0.3368796,0.3022374,-2.81262,-12.4139,-33.9978,0.03899765,
2,11.252,2,1.11897,387.164,-0.3376021,0.301708,-2.81262,-12.4139,-33.9978,0.03899765,
2,11.262,2,1.124495,387.1345,-0.3400679,0.3024184,-2.81262,-12.4139,-33.9978,0.03899765,
2,11.272,2,1.125945,387.1336,-0.340391,0.3023159,-2.81262,-12.4139,-33.9978,0.03899765,
2,11.282,2,1.126971,387.1169,-0.3399208,0.3016234,-2.81262,-12.4139,-33.9978,0.03899765,
2,11.292,2,1.125774,387.1334,-0.3421229,0.3039003,-2.81262,-12.4139,-33.9978,0.03899765,
2,11.302,2,1.124704,387.1305,-0.3420237,0.3041011,-2.81262,-12.4139,-33.9978,0.03899765,
2,11.312,2,1.125132,387.1204,-0.3402072,0.3023708,-2.81262,-12.4139,-33.9978,0.03899765,
2,11.322,2,1.126396,387.1246,-0.3412594,0.3029658,-2.81262,-12.4139,-33.9978,0.03899765,
2,11.332,2,1.1241,387.1169,-0.3405003,0.3029092,-2.81262,-12.4139,-33.9978,0.03899765,
2,11.342,2,1.124112,387.1056,-0.3420994,0.3043285,-2.81262,-12.4139,-33.9978,0.03899765,
2,11.352,2,1.125546,387.0901,-0.3387807,0.3009924,-2.81967,-12.4139,-33.999,0.04019928,
2,11.362,2,1.124426,387.0828,-0.3407502,0.3030438,-2.81967,-12.4139,-33.999,0.04019928,
2,11.372,2,1.123835,387.0818,-0.340161,0.3026787,-2.81967,-12.4139,-33.999,0.04019928,
2,11.382,2,1.125217,387.0852,-0.3412634,0.3032868,-2.81967,-12.4139,-33.999,0.04019928,
2,11.392,2,1.123532,387.0521,-0.3422248,0.3045972,-2.81967,-12.4139,-33.999,0.04019928,
2,11.402,2,1.123875,387.0567,-0.342559,0.3048016,-2.81967,-12.4139,-33.999,0.04019928,
2,11.412,2,1.124936,387.0432,-0.3412763,0.3033741,-2.81967,-12.4139,-33.999,0.04019928,
2,11.422,2,1.131081,387.0528,-0.3434085,0.303611,-2.81967,-12.4139,-33.999,0.04019928,
2,11.432,2,1.134743,387.0127,-0.3442537,0.3033758,-2.81967,-12.4139,-33.999,0.04019928,
2,11.442,2,1.141366,386.9904,-0.3465808,0.3036544,-2.81967,-12.4139,-33.999,0.04019928,
2,11.452,2,1.145115,386.9525,-0.3479398,0.303847,-2.81967,-12.4139,-33.999,0.04019928,
2,11.462,2,1.148195,386.9551,-0.346783,0.3020245,-2.81967,-12.4139,-33.999,0.04019928,
2,11.472,2,1.147574,387.0179,-0.3472338,0.3025808,-2.81967,-12.4139,-33.999,0.04019928,
2,11.482,2,1.147439,386.9397,-0.3478964,0.3031938,-2.81967,-12.4139,-33.999,0.04019928,
2,11.492,2,1.147344,386.9342,-0.3476333,0.3029896,-2.81967,-12.4139,-33.999,0.04019928,
2,11.502,2,1.149234,386.9396,-0.3487116,0.3034296,-2.81967,-12.4139,-33.999,0.04019928,
2,11.512,2,1.147055,386.9244,-0.346707,0.3022583,-2.81967,-12.4139,-33.999,0.04019928,
2,11.522,2,1.14901,386.924,-0.3470988,0.3020852,-2.81967,-12.4139,-33.999,0.04019928,
2,11.532,2,1.149028,386.9101,-0.3470915,0.302074,-2.81967,-12.4139,-33.999,0.04019928,
2,11.542,2,1.146749,386.9141,-0.3504149,0.3055723,-2.81967,-12.4139,-33.999,0.04019928,
2,11.552,2,1.147635,386.9124,-0.3482875,0.3034829,-2.81967,-12.4139,-33.999,0.04019928,
2,11.562,2,1.146123,386.9152,-0.3497556,0.3051641,-2.81967,-12.4139,-33.999,0.04019928,
2,11.572,2,1.146817,386.901,-0.348487,0.3038733,-2.82725,-12.4139,-34.0001,0.04129791,
2,11.582,2,1.145915,386.9024,-0.3495005,0.3049968,-2.82725,-12.4139,-34.0001,0.04129791,
2,11.592,2,1.148871,386.9122,-0.3491814,0.3039344,-2.82725,-12.4139,-34.0001,0.04129791,
2,11.602,2,1.147313,386.8964,-0.3492951,0.3044462,-2.82725,-12.4139,-34.0001,0.04129791,
2,11.612,2,1.152363,386.8762,-0.349501,0.3032907,-2.82725,-12.4139,-34.0001,0.04129791,
2,11.622,2,1.157787,386.8672,-0.3531104,0.3049874,-2.82725,-12.4139,-34.0001,0.04129791,
2,11.632,2,1.163436,386.8123,-0.3522006,0.3027245,-2.82725,-12.4139,-34.0001,0.04129791,
2,11.642,2,1.16561,386.8026,-0.3542168,0.3038896,-2.82725,-12.4139,-34.0001,0.04129791,
2,11.652,2,1.167648,386.7643,-0.3531545,0.3024495,-2.82725,-12.4139,-34.0001,0.04129791,
2,11.662,2,1.168979,386.7834,-0.353945,0.3027812,-2.82725,-12.4139,-34.0001,0.04129791,
2,11.672,2,1.16852,386.7798,-0.354484,0.3033616,-2.82725,-12.4139,-34.0001,0.04129791,
2,11.682,2,1.167871,386.7541,-0.3546994,0.3037145,-2.82725,-12.4139,-34.0001,0.04129791,
2,11.692,2,1.170078,386.7688,-0.3539991,0.3025432,-2.82725,-12.4139,-34.0001,0.04129791,
2,11.702,2,1.170255,386.7758,-0.3559689,0.3041805,-2.82725,-12.4139,-34.0001,0.04129791,
2,11.712,2,1.165755,386.7166,-0.3581052,0.3071873,-2.82725,-12.4139,-34.0001,0.04129791,
2,11.722,2,1.167213,386.7295,-0.3561853,0.3051588,-2.82725,-12.4139,-34.0001,0.04129791,
2,11.732,2,1.169556,386.7463,-0.3560777,0.3044554,-2.82725,-12.4139,-34.0001,0.04129791,
2,11.742,2,1.167331,386.7079,-0.3579528,0.306642,-2.82725,-12.4139,-34.0001,0.04129791,
2,11.752,2,1.1684,386.7366,-0.3562796,0.3049295,-2.83375,-12.4139,-34.0012,0.04240036,
2,11.762,2,1.170893,386.7348,-0.3550539,0.3032334,-2.83375,-12.4139,-34.0012,0.04240036,
2,11.772,2,1.169386,386.766,-0.3560995,0.3045183,-2.83375,-12.4139,-34.0012,0.04240036,
2,11.782,2,1.166393,386.7268,-0.3557653,0.3050132,-2.83375,-12.4139,-34.0012,0.04240036,
2,11.792,2,1.166474,386.7326,-0.3563277,0.3054742,-2.83375,-12.4139,-34.0012,0.04240036,
2,11.802,2,1.170977,386.7231,-0.3561444,0.3041429,-2.83375,-12.4139,-34.0012,0.04240036,
2,11.812,2,1.177888,386.6783,-0.3571125,0.3031804,-2.83375,-12.4139,-34.0012,0.04240036,
2,11.822,2,1.180693,386.6488,-0.3596271,0.3045898,-2.83375,-12.4139,-34.0012,0.04240036,
2,11.832,2,1.187503,386.6201,-0.3612726,0.3042288,-2.83375,-12.4139,-34.0012,0.04240036,
2,11.842,2,1.191336,386.6041,-0.3616622,0.3035771,-2.83375,-12.4139,-34.0012,0.04240036,
2,11.852,2,1.189659,386.5827,-0.362487,0.3046982,-2.83375,-12.4139,-34.0012,0.04240036,
2,11.862,2,1.190204,386.6005,-0.3629066,0.3049113,-2.83375,-12.4139,-34.0012,0.04240036,
2,11.872,2,1.190494,386.5853,-0.3618005,0.3039079,-2.83375,-12.4139,-34.0012,0.04240036,
2,11.882,2,1.187981,386.5896,-0.3633918,0.3058903,-2.83375,-12.4139,-34.0012,0.04240036,
2,11.892,2,1.188635,386.5883,-0.3632231,0.30558,-2.83375,-12.4139,-34.0012,0.04240036,
2,11.902,2,1.187135,386.5737,-0.3620049,0.3049399,-2.83375,-12.4139,-34.0012,0.04240036,
2,11.912,2,1.188098,386.5771,-0.3651592,0.3073477,-2.83375,-12.4139,-34.0012,0.04240036,
2,11.922,2,1.187994,386.5727,-0.3626701,0.3052794,-2.83375,-12.4139,-34.0012,0.04240036,
2,11.932,2,1.188509,386.5671,-0.3627101,0.3051808,-2.83375,-12.4139,-34.0012,0.04240036,
2,11.942,2,1.187831,386.5536,-0.3620188,0.3047731,-2.83375,-12.4139,-34.0012,0.04240036,
2,11.952,2,1.187314,386.5732,-0.3627647,0.305534,-2.84028,-12.4139,-34.0022,0.04339981,
2,11.962,2,1.189093,386.561,-0.3637347,0.3058926,-2.84028,-12.4139,-34.0022,0.04339981,
2,11.972,2,1.189276,386.5558,-0.3663445,0.3080398,-2.84028,-12.4139,-34.0022,0.04339981,
2,11.982,2,1.187553,386.5405,-0.3651528,0.3074834,-2.84028,-12.4139,-34.0022,0.04339981,
2,11.992,2,1.185603,386.5283,-0.3666607,0.3092608,-2.84028,-12.4139,-34.0022,0.04339981,
2,12.002,2,1.187516,386.4714,-0.3658831,0.3081079,-2.84028,-12.4139,-34.0022,0.04339981,
2,12.012,2,1.188508,386.527,-0.3658698,0.3078397,-2.84028,-12.4139,-34.0022,0.04339981,
2,12.022,2,1.188869,386.5248,-0.366243,0.3080601,-2.84028,-12.4139,-34.0022,0.04339981,
2,12.032,2,1.19422,386.5202,-0.3664756,0.3068743,-2.84028,-12.4139,-34.0022,0.04339981,
2,12.042,2,1.199473,386.4549,-0.3673798,0.3062842,-2.84028,-12.4139,-34.0022,0.04339981,
2,12.052,2,1.204343,386.4336,-0.3679302,0.3055028,-2.84028,-12.4139,-34.0022,0.04339981,
2,12.062,2,1.205494,386.4522,-0.3693941,0.3064255,-2.84028,-12.4139,-34.0022,0.04339981,
2,12.072,2,1.209297,386.4176,-0.3692323,0.3053281,-2.84028,-12.4139,-34.0022,0.04339981,
2,12.082,2,1.209998,386.4164,-0.3691705,0.3051001,-2.84028,-12.4139,-34.0022,0.04339981,
2,12.092,2,1.208869,386.4191,-0.3716897,0.3074691,-2.84028,-12.4139,-34.0022,0.04339981,
2,12.102,2,1.210901,386.4022,-0.3720966,0.307289,-2.84028,-12.4139,-34.0022,0.04339981,
2,12.112,2,1.210992,386.395,-0.3689492,0.3046668,-2.84028,-12.4139,-34.0022,0.04339981,
2,12.122,2,1.209553,386.3976,-0.371943,0.3075046,-2.84028,-12.4139,-34.0022,0.04339981,
2,12.132,2,1.209078,386.3828,-0.3714814,0.3072436,-2.84028,-12.4139,-34.0022,0.04339981,
2,12.142,2,1.209075,386.3786,-0.3697277,0.3057937,-2.84028,-12.4139,-34.0022,0.04339981,
2,12.152,2,1.2091,386.3951,-0.3715753,0.3073157,-2.84028,-12.4139,-34.0022,0.04339981,
2,12.162,2,1.207125,386.3816,-0.3721198,0.3082695,-2.84028,-12.4139,-34.0022,0.04339981,
2,12.172,2,1.209562,386.3663,-0.3720672,0.3076048,-2.84028,-12.4139,-34.0022,0.04339981,
2,12.182,2,1.210792,386.3959,-0.373347,0.3083493,-2.84028,-12.4139,-34.0022,0.04339981,
2,12.192,2,1.207766,386.3423,-0.3721984,0.3081709,-2.84785,-12.4139,-34.0033,0.04449844,
2,12.202,2,1.208315,386.3432,-0.3732069,0.3088656,-2.84785,-12.4139,-34.0033,0.04449844,
2,12.212,2,1.210863,386.3689,-0.3734142,0.308387,-2.84785,-12.4139,-34.0033,0.04449844,
2,12.222,2,1.208546,386.3441,-0.3732786,0.3088659,-2.84785,-12.4139,-34.0033,0.04449844,
2,12.232,2,1.208635,386.3419,-0.3727197,0.3083806,-2.84785,-12.4139,-34.0033,0.04449844,
2,12.242,2,1.20946,386.3372,-0.3730192,0.3084179,-2.84785,-12.4139,-34.0033,0.04449844,
2,12.252,2,1.208307,386.3411,-0.3698584,0.3060964,-2.84785,-12.4139,-34.0033,0.04449844,
2,12.262,2,1.208775,386.3394,-0.3731448,0.3086966,-2.84785,-12.4139,-34.0033,0.04449844,
2,12.272,2,1.214859,386.3192,-0.3754343,0.3090352,-2.84785,-12.4139,-34.0033,0.04449844,
2,12.282,2,1.220573,386.2916,-0.3755893,0.3077155,-2.84785,-12.4139,-34.0033,0.04449844,
2,12.292,2,1.225898,386.2433,-0.3783464,0.308628,-2.84785,-12.4139,-34.0033,0.04449844,
2,12.302,2,1.227976,386.1781,-0.3798668,0.3093438,-2.84785,-12.4139,-34.0033,0.04449844,
2,12.312,2,1.23254,386.2212,-0.3782796,0.3069106,-2.84785,-12.4139,-34.0033,0.04449844,
2,12.322,2,1.23078,386.2114,-0.3809281,0.3095014,-2.84785,-12.4139,-34.0033,0.04449844,
2,12.332,2,1.230248,386.1854,-0.3800672,0.3089353,-2.84785,-12.4139,-34.0033,0.04449844,
2,12.342,2,1.2303,386.2079,-0.3799611,0.3088362,-2.84785,-12.4139,-34.0033,0.04449844,
2,12.352,2,1.229389,386.2212,-0.3799031,0.3090178,-2.84785,-12.4139,-34.0033,0.04449844,
2,12.362,2,1.23043,386.2255,-0.3803009,0.3090796,-2.84785,-12.4139,-34.0033,0.04449844,
2,12.372,2,1.228023,386.1934,-0.3789253,0.3085654,-2.84785,-12.4139,-34.0033,0.04449844,
2,12.382,2,1.229404,386.1957,-0.379765,0.3089016,-2.84785,-12.4139,-34.0033,0.04449844,
2,12.392,2,1.229169,386.1914,-0.3787888,0.3081665,-2.84785,-12.4139,-34.0033,0.04449844,
2,12.402,2,1.229005,386.1845,-0.3777699,0.3073786,-2.84785,-12.4139,-34.0033,0.04449844,
2,12.412,2,1.228247,386.1852,-0.3800317,0.3094098,-2.856,-12.4139,-34.0044,0.04559708,
2,12.422,2,1.228114,386.1802,-0.380416,0.3097562,-2.856,-12.4139,-34.0044,0.04559708,
2,12.432,2,1.228062,386.1714,-0.380698,0.3099989,-2.856,-12.4139,-34.0044,0.04559708,
2,12.442,2,1.228282,386.138,-0.3829554,0.3117813,-2.856,-12.4139,-34.0044,0.04559708,
2,12.452,2,1.230248,386.1656,-0.3810875,0.3097647,-2.856,-12.4139,-34.0044,0.04559708,
2,12.462,2,1.229142,386.1531,-0.380449,0.309524,-2.856,-12.4139,-34.0044,0.04559708,
2,12.472,2,1.228501,386.1562,-0.383231,0.3119501,-2.856,-12.4139,-34.0044,0.04559708,
2,12.482,2,1.23018,386.1576,-0.3819079,0.3104488,-2.856,-12.4139,-34.0044,0.04559708,
2,12.492,2,1.233801,386.1348,-0.3801451,0.3081089,-2.856,-12.4139,-34.0044,0.04559708,
2,12.502,2,1.240152,386.1159,-0.3841108,0.3097287,-2.856,-12.4139,-34.0044,0.04559708,
2,12.512,2,1.24713,386.0666,-0.3850155,0.3087211,-2.856,-12.4139,-34.0044,0.04559708,
2,12.522,2,1.251166,386.0483,-0.384781,0.3075379,-2.856,-12.4139,-34.0044,0.04559708,
2,12.532,2,1.254798,386.0341,-0.3853617,0.3071105,-2.856,-12.4139,-34.0044,0.04559708,
2,12.542,2,1.253634,386.0334,-0.38521,0.3072746,-2.856,-12.4139,-34.0044,0.04559708,
2,12.552,2,1.253312,386.0262,-0.3857479,0.3077828,-2.856,-12.4139,-34.0044,0.04559708,
2,12.562,2,1.252672,386.0436,-0.3872883,0.3091697,-2.856,-12.4139,-34.0044,0.04559708,
2,12.572,2,1.249746,386.0115,-0.3900465,0.3121007,-2.856,-12.4139,-34.0044,0.04559708,
2,12.582,2,1.250773,385.9986,-0.3887476,0.3108059,-2.856,-12.4139,-34.0044,0.04559708,
2,12.592,2,1.252095,385.9973,-0.38924,0.3108709,-2.856,-12.4139,-34.0044,0.04559708,
2,12.602,2,1.249377,385.9951,-0.3896167,0.3118488,-2.856,-12.4139,-34.0044,0.04559708,
2,12.612,2,1.249576,385.9959,-0.3887943,0.3111409,-2.856,-12.4139,-34.0044,0.04559708,
2,12.622,2,1.25054,386.0097,-0.3904093,0.3121926,-2.856,-12.4139,-34.0044,0.04559708,
2,12.632,2,1.25169,385.989,-0.3890582,0.3108263,-2.856,-12.4139,-34.0044,0.04559708,
2,12.642,2,1.253201,385.9832,-0.3870079,0.3088156,-2.856,-12.4139,-34.0044,0.04559708,
2,12.652,2,1.251667,385.9872,-0.3888831,0.3106921,-2.8636,-12.4139,-34.0056,0.04679871,
2,12.662,2,1.252392,385.9822,-0.3891958,0.3107619,-2.8636,-12.4139,-34.0056,0.04679871,
2,12.672,2,1.251891,385.9764,-0.3896578,0.3112554,-2.8636,-12.4139,-34.0056,0.04679871,
2,12.682,2,1.249096,385.9903,-0.3905151,0.3126381,-2.8636,-12.4139,-34.0056,0.04679871,
2,12.692,2,1.251467,385.9682,-0.3901886,0.3117851,-2.8636,-12.4139,-34.0056,0.04679871,
2,12.702,2,1.251873,385.9603,-0.3890195,0.3107499,-2.8636,-12.4139,-34.0056,0.04679871,
2,12.712,2,1.252395,385.9705,-0.3902234,0.3115817,-2.8636,-12.4139,-34.0056,0.04679871,
2,12.722,2,1.259335,385.9337,-0.3922547,0.3114775,-2.8636,-12.4139,-34.0056,0.04679871,
2,12.732,2,1.264855,385.9046,-0.3925122,0.310322,-2.8636,-12.4139,-34.0056,0.04679871,
2,12.742,2,1.268525,385.8806,-0.3955342,0.3118064,-2.8636,-12.4139,-34.0056,0.04679871,
2,12.752,2,1.27238,385.8486,-0.395647,0.3109504,-2.8636,-12.4139,-34.0056,0.04679871,
2,12.762,2,1.274795,385.8256,-0.3960328,0.310664,-2.8636,-12.4139,-34.0056,0.04679871,
2,12.772,2,1.275453,385.8288,-0.3974001,0.3115756,-2.8636,-12.4139,-34.0056,0.04679871,
2,12.782,2,1.272202,385.8391,-0.3942519,0.3098973,-2.8636,-12.4139,-34.0056,0.04679871,
2,12.792,2,1.273221,385.8209,-0.3954068,0.3105564,-2.8636,-12.4139,-34.0056,0.04679871,
2,12.802,2,1.274941,385.8253,-0.3968872,0.3112986,-2.8636,-12.4139,-34.0056,0.04679871,
2,12.812,2,1.273443,385.8046,-0.3980975,0.3126152,-2.8636,-12.4139,-34.0056,0.04679871,
2,12.822,2,1.2736,385.8074,-0.3947591,0.3099552,-2.8636,-12.4139,-34.0056,0.04679871,
2,12.832,2,1.274771,385.8027,-0.3968974,0.3113479,-2.8701,-12.4139,-34.0067,0.04789734,
2,12.842,2,1.273471,385.7961,-0.3962094,0.3111257,-2.8701,-12.4139,-34.0067,0.04789734,
2,12.852,2,1.273198,385.7974,-0.3971303,0.3119155,-2.8701,-12.4139,-34.0067,0.04789734,
2,12.862,2,1.274563,385.8031,-0.3978671,0.3121596,-2.8701,-12.4139,-34.0067,0.04789734,
2,12.872,2,1.275126,385.8014,-0.3966161,0.3110406,-2.8701,-12.4139,-34.0067,0.04789734,
2,12.882,2,1.273858,385.7825,-0.3972862,0.3118763,-2.8701,-12.4139,-34.0067,0.04789734,
2,12.892,2,1.278388,385.7353,-0.4005697,0.3133397,-2.8701,-12.4139,-34.0067,0.04789734,
2,12.902,2,1.284233,385.7467,-0.3996041,0.3111616,-2.8701,-12.4139,-34.0067,0.04789734,
2,12.912,2,1.290105,385.6946,-0.4034075,0.3126936,-2.8701,-12.4139,-34.0067,0.04789734,
2,12.922,2,1.292797,385.6726,-0.4049697,0.3132507,-2.8701,-12.4139,-34.0067,0.04789734,
2,12.932,2,1.295396,385.6652,-0.4029222,0.3110417,-2.8701,-12.4139,-34.0067,0.04789734,
2,12.942,2,1.294784,385.6711,-0.4045743,0.3124647,-2.8701,-12.4139,-34.0067,0.04789734,
2,12.952,2,1.293161,385.6829,-0.4038458,0.3122936,-2.8701,-12.4139,-34.0067,0.04789734,
2,12.962,2,1.295564,385.6452,-0.4009188,0.3094552,-2.8701,-12.4139,-34.0067,0.04789734,
2,12.972,2,1.296244,385.6508,-0.4019445,0.3100839,-2.8701,-12.4139,-34.0067,0.04789734,
2,12.982,2,1.294837,385.6695,-0.4038049,0.3118577,-2.8701,-12.4139,-34.0067,0.04789734,
2,12.992,2,1.295122,385.6505,-0.4030825,0.3112313,-2.8701,-12.4139,-34.0067,0.04789734,
2,13.002,2,1.29448,385.6535,-0.4042935,0.312321,-2.8701,-12.4139,-34.0067,0.04789734,
2,13.012,2,1.295416,385.6251,-0.4064325,0.3137468,-2.87715,-12.4139,-34.0078,0.04899979,
2,13.022,2,1.294604,385.6346,-0.4037529,0.3118737,-2.87715,-12.4139,-34.0078,0.04899979,
2,13.032,2,1.296457,385.6136,-0.4061495,0.3132765,-2.87715,-12.4139,-34.0078,0.04899979,
2,13.042,2,1.295413,385.6172,-0.4055535,0.3130689,-2.87715,-12.4139,-34.0078,0.04899979,
2,13.052,2,1.295363,385.6142,-0.4033531,0.3113824,-2.87715,-12.4139,-34.0078,0.04899979,
2,13.062,2,1.294719,385.621,-0.4047901,0.312647,-2.87715,-12.4139,-34.0078,0.04899979,
2,13.072,2,1.296053,385.6021,-0.404735,0.3122827,-2.87715,-12.4139,-34.0078,0.04899979,
2,13.082,2,1.294347,385.598,-0.4048281,0.3127663,-2.87715,-12.4139,-34.0078,0.04899979,
2,13.092,2,1.293393,385.6042,-0.4049906,0.3131226,-2.87715,-12.4139,-34.0078,0.04899979,
2,13.102,2,1.293253,385.598,-0.4067499,0.3145168,-2.87715,-12.4139,-34.0078,0.04899979,
2,13.112,2,1.297184,385.5967,-0.4050109,0.3122232,-2.87715,-12.4139,-34.0078,0.04899979,
2,13.122,2,1.301654,385.5605,-0.4056673,0.3116551,-2.87715,-12.4139,-34.0078,0.04899979,
2,13.132,2,1.306392,385.515,-0.4081933,0.3124585,-2.87715,-12.4139,-34.0078,0.04899979,
2,13.142,2,1.312442,385.4902,-0.407825,0.3107376,-2.87715,-12.4139,-34.0078,0.04899979,
2,13.152,2,1.317443,385.5049,-0.4102324,0.3113852,-2.87715,-12.4139,-34.0078,0.04899979,
2,13.162,2,1.315739,385.4742,-0.411353,0.3126402,-2.87715,-12.4139,-34.0078,0.04899979,
2,13.172,2,1.316686,385.4571,-0.410553,0.3118077,-2.87715,-12.4139,-34.0078,0.04899979,
2,13.182,2,1.316257,385.4766,-0.4119017,0.3129341,-2.87715,-12.4139,-34.0078,0.04899979,
2,13.192,2,1.314686,385.4619,-0.4102407,0.3120447,-2.87715,-12.4139,-34.0078,0.04899979,
2,13.202,2,1.316133,385.4444,-0.4126612,0.3135405,-2.87715,-12.4139,-34.0078,0.04899979,
2,13.212,2,1.317012,385.4744,-0.4130779,0.3136477,-2.87715,-12.4139,-34.0078,0.04899979,
2,13.222,2,1.316676,385.453,-0.4120721,0.312964,-2.87715,-12.4139,-34.0078,0.04899979,
2,13.232,2,1.31504,385.4424,-0.4120999,0.3133743,-2.87715,-12.4139,-34.0078,0.04899979,
2,13.242,2,1.314578,385.4203,-0.4116951,0.3131767,-2.88422,-12.4139,-34.0088,0.04999924,
2,13.252,2,1.317799,385.4447,-0.4116944,0.3124105,-2.88422,-12.4139,-34.0088,0.04999924,
2,13.262,2,1.316054,385.4426,-0.4114359,0.3126285,-2.88422,-12.4139,-34.0088,0.04999924,
2,13.272,2,1.312923,385.4488,-0.4126876,0.3143273,-2.88422,-12.4139,-34.0088,0.04999924,
2,13.282,2,1.316414,385.4339,-0.4113813,0.3125015,-2.88422,-12.4139,-34.0088,0.04999924,
2,13.292,2,1.314258,385.3964,-0.4118658,0.3133827,-2.88422,-12.4139,-34.0088,0.04999924,
2,13.302,2,1.314392,385.4214,-0.4134667,0.3145687,-2.88422,-12.4139,-34.0088,0.04999924,
2,13.312,2,1.315629,385.4124,-0.4125654,0.3135878,-2.88422,-12.4139,-34.0088,0.04999924,
2,13.322,2,1.319136,385.3974,-0.4134587,0.3134314,-2.88422,-12.4139,-34.0088,0.04999924,
2,13.332,2,1.324929,385.384,-0.4151828,0.3133622,-2.88422,-12.4139,-34.0088,0.04999924,
2,13.342,2,1.329593,385.3362,-0.4162651,0.3130772,-2.88422,-12.4139,-34.0088,0.04999924,
2,13.352,2,1.33439,385.302,-0.4175975,0.3129501,-2.88422,-12.4139,-34.0088,0.04999924,
2,13.362,2,1.34076,385.2663,-0.418633,0.3122355,-2.88422,-12.4139,-34.0088,0.04999924,
2,13.372,2,1.338675,385.3127,-0.419297,0.3132179,-2.88422,-12.4139,-34.0088,0.04999924,
2,13.382,2,1.337677,385.295,-0.4184999,0.3128558,-2.88422,-12.4139,-34.0088,0.04999924,
2,13.392,2,1.336486,385.2794,-0.4182086,0.3129166,-2.88422,-12.4139,-34.0088,0.04999924,
2,13.402,2,1.336568,385.2736,-0.4188988,0.3134138,-2.88422,-12.4139,-34.0088,0.04999924,
2,13.412,2,1.336752,385.2729,-0.4191048,0.3135247,-2.88422,-12.4139,-34.0088,0.04999924,
2,13.422,2,1.339424,385.2793,-0.4184358,0.3123998,-2.88422,-12.4139,-34.0088,0.04999924,
2,13.432,2,1.338518,385.2597,-0.4162087,0.3109474,-2.88422,-12.4139,-34.0088,0.04999924,
2,13.442,2,1.337995,385.2651,-0.4191498,0.3132671,-2.8918,-12.4139,-34.0099,0.05109787,
2,13.452,2,1.335496,385.2759,-0.4193383,0.3139944,-2.8918,-12.4139,-34.0099,0.05109787,
2,13.462,2,1.336676,385.2607,-0.4185342,0.3131156,-2.8918,-12.4139,-34.0099,0.05109787,
2,13.472,2,1.336059,385.2314,-0.4198792,0.3142668,-2.8918,-12.4139,-34.0099,0.05109787,
2,13.482,2,1.333813,385.2042,-0.4194276,0.3144576,-2.8918,-12.4139,-34.0099,0.05109787,
2,13.492,2,1.338694,385.2487,-0.4198203,0.3136044,-2.8918,-12.4139,-34.0099,0.05109787,
2,13.502,2,1.341127,385.2142,-0.4215393,0.3143173,-2.8918,-12.4139,-34.0099,0.05109787,
2,13.512,2,1.347429,385.127,-0.4237222,0.3144673,-2.8918,-12.4139,-34.0099,0.05109787,
2,13.522,2,1.354175,385.1097,-0.4229811,0.3123534,-2.8918,-12.4139,-34.0099,0.05109787,
2,13.532,2,1.357328,385.1264,-0.425784,0.3136927,-2.8918,-12.4139,-34.0099,0.05109787,
2,13.542,2,1.357477,385.1446,-0.4257106,0.3136043,-2.8918,-12.4139,-34.0099,0.05109787,
2,13.552,2,1.357782,385.1213,-0.4243803,0.3125541,-2.8918,-12.4139,-34.0099,0.05109787,
2,13.562,2,1.358283,385.1204,-0.4246971,0.312672,-2.8918,-12.4139,-34.0099,0.05109787,
2,13.572,2,1.356799,385.1343,-0.4260573,0.3140165,-2.8918,-12.4139,-34.0099,0.05109787,
2,13.582,2,1.359495,385.1168,-0.4237941,0.3117291,-2.8918,-12.4139,-34.0099,0.05109787,
2,13.592,2,1.358569,385.1139,-0.4257607,0.3133892,-2.8918,-12.4139,-34.0099,0.05109787,
2,13.602,2,1.357009,385.0941,-0.4268077,0.314521,-2.8918,-12.4139,-34.0099,0.05109787,
2,13.612,2,1.357174,385.0994,-0.425513,0.3135288,-2.8918,-12.4139,-34.0099,0.05109787,
2,13.622,2,1.359905,385.0878,-0.4270843,0.3140545,-2.8918,-12.4139,-34.0099,0.05109787,
2,13.632,2,1.358778,385.0923,-0.4281133,0.3150723,-2.89777,-12.4139,-34.011,0.05220032,
2,13.642,2,1.357131,385.0857,-0.4273789,0.3149135,-2.89777,-12.4139,-34.011,0.05220032,
2,13.652,2,1.356508,385.0754,-0.4292775,0.3164577,-2.89777,-12.4139,-34.011,0.05220032,
2,13.662,2,1.358734,385.0602,-0.42687,0.3141674,-2.89777,-12.4139,-34.011,0.05220032,
2,13.672,2,1.358663,385.0843,-0.4269875,0.3142703,-2.89777,-12.4139,-34.011,0.05220032,
2,13.682,2,1.35562,385.0708,-0.4299642,0.3171716,-2.89777,-12.4139,-34.011,0.05220032,
2,13.692,2,1.360731,385.0685,-0.4299567,0.3159748,-2.89777,-12.4139,-34.011,0.05220032,
2,13.702,2,1.369313,385.0291,-0.4277528,0.312385,-2.89777,-12.4139,-34.011,0.05220032,
2,13.712,2,1.371718,384.9801,-0.4315267,0.3145886,-2.89777,-12.4139,-34.011,0.05220032,
2,13.722,2,1.37525,384.9741,-0.4325211,0.3145036,-2.89777,-12.4139,-34.011,0.05220032,
2,13.732,2,1.378668,384.9715,-0.4313964,0.3129081,-2.89777,-12.4139,-34.011,0.05220032,
2,13.742,2,1.379401,384.9647,-0.4338169,0.3144965,-2.89777,-12.4139,-34.011,0.05220032,
2,13.752,2,1.377987,384.9195,-0.43392,0.3148942,-2.89777,-12.4139,-34.011,0.05220032,
2,13.762,2,1.37876,384.9349,-0.4332866,0.3142582,-2.89777,-12.4139,-34.011,0.05220032,
2,13.772,2,1.378156,384.9504,-0.435463,0.315975,-2.89777,-12.4139,-34.011,0.05220032,
2,13.782,2,1.376682,384.9338,-0.434689,0.3157513,-2.89777,-12.4139,-34.011,0.05220032,
2,13.792,2,1.37832,384.9251,-0.4370522,0.3170905,-2.89777,-12.4139,-34.011,0.05220032,
2,13.802,2,1.378837,384.9381,-0.4373048,0.3171547,-2.89777,-12.4139,-34.011,0.05220032,
2,13.812,2,1.376096,384.925,-0.435721,0.3166355,-2.89777,-12.4139,-34.011,0.05220032,
2,13.822,2,1.37613,384.9142,-0.4340051,0.315381,-2.89777,-12.4139,-34.011,0.05220032,
2,13.832,2,1.378453,384.8623,-0.4352716,0.3157682,-2.89777,-12.4139,-34.011,0.05220032,
2,13.842,2,1.37801,384.9205,-0.4346556,0.3154226,-2.90427,-12.4139,-34.012,0.05319977,
2,13.852,2,1.376248,384.9143,-0.4350626,0.3161221,-2.90427,-12.4139,-34.012,0.05319977,
2,13.862,2,1.377486,384.909,-0.4343889,0.3153491,-2.90427,-12.4139,-34.012,0.05319977,
2,13.872,2,1.377971,384.8965,-0.4342653,0.3151483,-2.90427,-12.4139,-34.012,0.05319977,
2,13.882,2,1.37706,384.8922,-0.4341508,0.3152738,-2.90427,-12.4139,-34.012,0.05319977,
2,13.892,2,1.373417,384.9021,-0.4369659,0.3181596,-2.90427,-12.4139,-34.012,0.05319977,
2,13.902,2,1.376748,384.8817,-0.4353352,0.3162054,-2.90427,-12.4139,-34.012,0.05319977,
2,13.912,2,1.38039,384.8795,-0.4358288,0.3157288,-2.90427,-12.4139,-34.012,0.05319977,
2,13.922,2,1.381087,384.8687,-0.4380258,0.3171601,-2.90427,-12.4139,-34.012,0.05319977,
2,13.932,2,1.389217,384.8093,-0.4394399,0.3163221,-2.90427,-12.4139,-34.012,0.05319977,
2,13.942,2,1.396281,384.7736,-0.4394706,0.3147436,-2.90427,-12.4139,-34.012,0.05319977,
2,13.952,2,1.397802,384.7336,-0.4431117,0.3170061,-2.90427,-12.4139,-34.012,0.05319977,
2,13.962,2,1.399325,384.7869,-0.4414967,0.3155069,-2.90427,-12.4139,-34.012,0.05319977,
2,13.972,2,1.39807,384.7726,-0.4430997,0.3169367,-2.90427,-12.4139,-34.012,0.05319977,
2,13.982,2,1.39781,384.7484,-0.4418321,0.3160889,-2.90427,-12.4139,-34.012,0.05319977,
2,13.992,2,1.396863,384.7618,-0.442137,0.3165213,-2.90427,-12.4139,-34.012,0.05319977,
2,14.002,2,1.398066,384.7509,-0.444288,0.3177877,-2.90427,-12.4139,-34.012,0.05319977,
2,14.012,2,1.399029,384.7598,-0.4418266,0.3158095,-2.90427,-12.4139,-34.012,0.05319977,
2,14.022,2,1.397556,384.7451,-0.4392475,0.314297,-2.90427,-12.4139,-34.012,0.05319977,
2,14.032,2,1.397107,384.7345,-0.4424445,0.3166862,-2.90427,-12.4139,-34.012,0.05319977,
2,14.042,2,1.398275,384.7288,-0.4428102,0.3166832,-2.91188,-12.4139,-34.0131,0.0542984,
2,14.052,2,1.397489,384.7366,-0.4440496,0.3177482,-2.91188,-12.4139,-34.0131,0.0542984,
2,14.062,2,1.39946,384.7154,-0.4445375,0.3176492,-2.91188,-12.4139,-34.0131,0.0542984,
2,14.072,2,1.398556,384.6913,-0.4450535,0.3182236,-2.91188,-12.4139,-34.0131,0.0542984,
2,14.082,2,1.397475,384.7172,-0.4425235,0.3166593,-2.91188,-12.4139,-34.0131,0.0542984,
2,14.092,2,1.395881,384.7103,-0.445367,0.319058,-2.91188,-12.4139,-34.0131,0.0542984,
2,14.102,2,1.395677,384.7369,-0.4435194,0.3177809,-2.91188,-12.4139,-34.0131,0.0542984,
2,14.112,2,1.396439,384.6996,-0.442557,0.3169183,-2.91188,-12.4139,-34.0131,0.0542984,
2,14.122,2,1.400362,384.6967,-0.4453912,0.3180542,-2.91188,-12.4139,-34.0131,0.0542984,
2,14.132,2,1.405476,384.6588,-0.4461271,0.3174206,-2.91188,-12.4139,-34.0131,0.0542984,
2,14.142,2,1.410332,384.6015,-0.4453265,0.3157601,-2.91188,-12.4139,-34.0131,0.0542984,
2,14.152,2,1.417701,384.6059,-0.4477859,0.3158536,-2.91188,-12.4139,-34.0131,0.0542984,
2,14.162,2,1.417393,384.6229,-0.4481614,0.3161871,-2.91188,-12.4139,-34.0131,0.0542984,
2,14.172,2,1.415314,384.6033,-0.4463701,0.3153858,-2.91188,-12.4139,-34.0131,0.0542984,
2,14.182,2,1.419981,384.5894,-0.4469175,0.314735,-2.91188,-12.4139,-34.0131,0.0542984,
2,14.192,2,1.419945,384.5814,-0.4504904,0.317259,-2.91188,-12.4139,-34.0131,0.0542984,
2,14.202,2,1.416749,384.5838,-0.4502174,0.317782,-2.91188,-12.4139,-34.0131,0.0542984,
2,14.212,2,1.419291,384.5823,-0.4502469,0.3172337,-2.91188,-12.4139,-34.0131,0.0542984,
2,14.222,2,1.417793,384.552,-0.4487395,0.3165056,-2.9184,-12.4139,-34.0142,0.05539703,
2,14.232,2,1.419325,384.5513,-0.4495091,0.3167062,-2.9184,-12.4139,-34.0142,0.05539703,
2,14.242,2,1.419651,384.5399,-0.450503,0.3173336,-2.9184,-12.4139,-34.0142,0.05539703,
2,14.252,2,1.418287,384.53,-0.4509596,0.3179607,-2.9184,-12.4139,-34.0142,0.05539703,
2,14.262,2,1.417657,384.5469,-0.4516467,0.3185867,-2.9184,-12.4139,-34.0142,0.05539703,
2,14.272,2,1.418648,384.5435,-0.4493227,0.3167259,-2.9184,-12.4139,-34.0142,0.05539703,
2,14.282,2,1.41778,384.5573,-0.4522704,0.3189991,-2.9184,-12.4139,-34.0142,0.05539703,
2,14.292,2,1.418859,384.5504,-0.4533082,0.3194878,-2.9184,-12.4139,-34.0142,0.05539703,
2,14.302,2,1.423347,384.5026,-0.4533308,0.3184964,-2.9184,-12.4139,-34.0142,0.05539703,
2,14.312,2,1.428754,384.4886,-0.4528898,0.3169824,-2.9184,-12.4139,-34.0142,0.05539703,
2,14.322,2,1.433542,384.4584,-0.4523864,0.3155725,-2.9184,-12.4139,-34.0142,0.05539703,
2,14.332,2,1.439078,384.4497,-0.458048,0.3182928,-2.9184,-12.4139,-34.0142,0.05539703,
2,14.342,2,1.438323,384.429,-0.45967,0.3195876,-2.9184,-12.4139,-34.0142,0.05539703,
2,14.352,2,1.438653,384.4262,-0.4567759,0.3175026,-2.9184,-12.4139,-34.0142,0.05539703,
2,14.362,2,1.44114,384.4456,-0.4575863,0.317517,-2.9184,-12.4139,-34.0142,0.05539703,
2,14.372,2,1.438826,384.4393,-0.4577678,0.3181537,-2.9184,-12.4139,-34.0142,0.05539703,
2,14.382,2,1.438653,384.3602,-0.4595213,0.3194109,-2.9184,-12.4139,-34.0142,0.05539703,
2,14.392,2,1.4416,384.416,-0.4593882,0.3186655,-2.9184,-12.4139,-34.0142,0.05539703,
2,14.402,2,1.439159,384.4073,-0.4602843,0.3198286,-2.9184,-12.4139,-34.0142,0.05539703,
2,14.412,2,1.437245,384.4031,-0.4636043,0.3225645,-2.9184,-12.4139,-34.0142,0.05539703,
2,14.422,2,1.43775,384.3229,-0.4645879,0.3231355,-2.92438,-12.4139,-34.0152,0.0564003,
2,14.432,2,1.439505,384.3989,-0.4634315,0.3219382,-2.92438,-12.4139,-34.0152,0.0564003,
2,14.442,2,1.438467,384.4046,-0.4600063,0.3197893,-2.92438,-12.4139,-34.0152,0.0564003,
2,14.452,2,1.438476,384.3873,-0.4590592,0.3191288,-2.92438,-12.4139,-34.0152,0.0564003,
2,14.462,2,1.440756,384.3787,-0.4601856,0.3194056,-2.92438,-12.4139,-34.0152,0.0564003,
2,14.472,2,1.437873,384.3723,-0.4618871,0.3212295,-2.92438,-12.4139,-34.0152,0.0564003,
2,14.482,2,1.437445,384.3936,-0.4597908,0.3198666,-2.92438,-12.4139,-34.0152,0.0564003,
2,14.492,2,1.445345,384.3452,-0.4584172,0.3171681,-2.92438,-12.4139,-34.0152,0.0564003,
2,14.502,2,1.44812,384.316,-0.4618872,0.3189564,-2.92438,-12.4139,-34.0152,0.0564003,
2,14.512,2,1.452621,384.2967,-0.4657779,0.3206466,-2.92438,-12.4139,-34.0152,0.0564003,
2,14.522,2,1.460899,384.2599,-0.464935,0.3182528,-2.92438,-12.4139,-34.0152,0.0564003,
2,14.532,2,1.459934,384.2581,-0.4635969,0.3175465,-2.92438,-12.4139,-34.0152,0.0564003,
2,14.542,2,1.457433,384.2188,-0.4652328,0.3192137,-2.92438,-12.4139,-34.0152,0.0564003,
2,14.552,2,1.461078,384.2647,-0.4624866,0.3165378,-2.92438,-12.4139,-34.0152,0.0564003,
2,14.562,2,1.461404,384.2583,-0.4631776,0.3169402,-2.92438,-12.4139,-34.0152,0.0564003,
2,14.572,2,1.457772,384.2318,-0.4653006,0.3191862,-2.92438,-12.4139,-34.0152,0.0564003,
2,14.582,2,1.458313,384.2487,-0.4632106,0.3176346,-2.92438,-12.4139,-34.0152,0.0564003,
2,14.592,2,1.462341,384.244,-0.4619908,0.3159255,-2.92438,-12.4139,-34.0152,0.0564003,
2,14.602,2,1.459636,384.2383,-0.4630856,0.317261,-2.93088,-12.4139,-34.0162,0.05739975,
2,14.612,2,1.458771,384.2256,-0.464258,0.318253,-2.93088,-12.4139,-34.0162,0.05739975,
2,14.622,2,1.457625,384.2303,-0.4642148,0.3184734,-2.93088,-12.4139,-34.0162,0.05739975,
2,14.632,2,1.459706,384.253,-0.4653451,0.3187937,-2.93088,-12.4139,-34.0162,0.05739975,
2,14.642,2,1.458128,384.2286,-0.4626482,0.3172892,-2.93088,-12.4139,-34.0162,0.05739975,
2,14.652,2,1.457976,384.2007,-0.4643857,0.318514,-2.93088,-12.4139,-34.0162,0.05739975,
2,14.662,2,1.459166,384.1997,-0.4653359,0.3189055,-2.93088,-12.4139,-34.0162,0.05739975,
2,14.672,2,1.459371,384.2079,-0.4633624,0.3175083,-2.93088,-12.4139,-34.0162,0.05739975,
2,14.682,2,1.462539,384.1998,-0.4665708,0.3190142,-2.93088,-12.4139,-34.0162,0.05739975,
2,14.692,2,1.468825,384.2108,-0.4680915,0.3186842,-2.93088,-12.4139,-34.0162,0.05739975,
2,14.702,2,1.471957,384.1461,-0.4700451,0.3193335,-2.93088,-12.4139,-34.0162,0.05739975,
2,14.712,2,1.477205,384.1264,-0.4709155,0.3187882,-2.93088,-12.4139,-34.0162,0.05739975,
2,14.722,2,1.477275,384.0909,-0.4734591,0.3204948,-2.93088,-12.4139,-34.0162,0.05739975,
2,14.732,2,1.479389,384.0863,-0.4706858,0.3181623,-2.93088,-12.4139,-34.0162,0.05739975,
2,14.742,2,1.47867,384.0842,-0.4726522,0.3196469,-2.93088,-12.4139,-34.0162,0.05739975,
2,14.752,2,1.478237,384.1082,-0.4715788,0.3190144,-2.93088,-12.4139,-34.0162,0.05739975,
2,14.762,2,1.478835,384.0852,-0.4688327,0.3170285,-2.93088,-12.4139,-34.0162,0.05739975,
2,14.772,2,1.481284,384.0872,-0.4707313,0.3177859,-2.93088,-12.4139,-34.0162,0.05739975,
2,14.782,2,1.480261,384.0682,-0.4704604,0.3178226,-2.93088,-12.4139,-34.0162,0.05739975,
2,14.792,2,1.478336,384.0684,-0.4712775,0.3187891,-2.93088,-12.4139,-34.0162,0.05739975,
2,14.802,2,1.478979,384.0741,-0.4740605,0.3205324,-2.93738,-12.4139,-34.0172,0.0583992,
2,14.812,2,1.479056,384.0561,-0.4721278,0.3192089,-2.93738,-12.4139,-34.0172,0.0583992,
2,14.822,2,1.476293,384.0585,-0.4716237,0.3194649,-2.93738,-12.4139,-34.0172,0.0583992,
2,14.832,2,1.478892,384.0404,-0.4721879,0.319285,-2.93738,-12.4139,-34.0172,0.0583992,
2,14.842,2,1.477163,384.0488,-0.472097,0.319597,-2.93738,-12.4139,-34.0172,0.0583992,
2,14.852,2,1.476331,384.0096,-0.4747948,0.3216046,-2.93738,-12.4139,-34.0172,0.0583992,
2,14.862,2,1.47729,384.0397,-0.4739813,0.3208451,-2.93738,-12.4139,-34.0172,0.0583992,
2,14.872,2,1.481015,384.029,-0.4728357,0.3192647,-2.93738,-12.4139,-34.0172,0.0583992,
2,14.882,2,1.484103,384.0031,-0.4701553,0.3167943,-2.93738,-12.4139,-34.0172,0.0583992,
2,14.892,2,1.48864,383.958,-0.4752843,0.3192742,-2.93738,-12.4139,-34.0172,0.0583992,
2,14.902,2,1.495836,383.9552,-0.4743008,0.3170808,-2.93738,-12.4139,-34.0172,0.0583992,
2,14.912,2,1.496964,383.9494,-0.4748086,0.317181,-2.93738,-12.4139,-34.0172,0.0583992,
2,14.922,2,1.498551,383.9457,-0.4776504,0.3187414,-2.93738,-12.4139,-34.0172,0.0583992,
2,14.932,2,1.497801,383.9217,-0.4779444,0.3190975,-2.93738,-12.4139,-34.0172,0.0583992,
2,14.942,2,1.496902,383.92,-0.4775155,0.3190024,-2.93738,-12.4139,-34.0172,0.0583992,
2,14.952,2,1.494938,383.9431,-0.4790631,0.3204567,-2.93738,-12.4139,-34.0172,0.0583992,
2,14.962,2,1.496472,383.9057,-0.4794208,0.3203674,-2.93738,-12.4139,-34.0172,0.0583992,
2,14.972,2,1.496573,383.898,-0.4767894,0.3185874,-2.93738,-12.4139,-34.0172,0.0583992,
2,14.982,2,1.496994,383.9019,-0.4802783,0.3208284,-2.93738,-12.4139,-34.0172,0.0583992,
2,14.992,2,1.494834,383.9006,-0.4805885,0.3214997,-2.93738,-12.4139,-34.0172,0.0583992,
2,15.002,2,1.497942,383.8944,-0.4782609,0.3192787,-2.93738,-12.4139,-34.0172,0.0583992,
2,15.012,2,1.497529,383.8188,-0.4790867,0.3199182,-2.93738,-12.4139,-34.0172,0.0583992,
2,15.022,2,1.493024,383.89,-0.4787582,0.3206634,-2.94388,-12.4139,-34.0182,0.05939865,
2,15.032,2,1.4969,383.8939,-0.4776394,0.3190857,-2.94388,-12.4139,-34.0182,0.05939865,
2,15.042,2,1.498061,383.8728,-0.4801535,0.3205167,-2.94388,-12.4139,-34.0182,0.05939865,
2,15.052,2,1.495601,383.8802,-0.4780388,0.3196299,-2.94388,-12.4139,-34.0182,0.05939865,
2,15.062,2,1.49551,383.8737,-0.4775569,0.319327,-2.94388,-12.4139,-34.0182,0.05939865,
2,15.072,2,1.497494,383.8855,-0.4779628,0.3191752,-2.94388,-12.4139,-34.0182,0.05939865,
2,15.082,2,1.502146,383.857,-0.4787128,0.3186858,-2.94388,-12.4139,-34.0182,0.05939865,
2,15.092,2,1.504007,383.8468,-0.4820448,0.320507,-2.94388,-12.4139,-34.0182,0.05939865,
2,15.102,2,1.511273,383.7993,-0.484516,0.3206013,-2.94388,-12.4139,-34.0182,0.05939865,
2,15.112,2,1.515014,383.7816,-0.4832786,0.3189929,-2.94388,-12.4139,-34.0182,0.05939865,
2,15.122,2,1.518721,383.7601,-0.4831559,0.3181333,-2.94388,-12.4139,-34.0182,0.05939865,
2,15.132,2,1.518496,383.7231,-0.4873945,0.3209719,-2.94388,-12.4139,-34.0182,0.05939865,
2,15.142,2,1.519737,383.7551,-0.4862575,0.3199617,-2.94388,-12.4139,-34.0182,0.05939865,
2,15.152,2,1.519581,383.7628,-0.48634,0.3200487,-2.94388,-12.4139,-34.0182,0.05939865,
2,15.162,2,1.5175,383.7351,-0.4863562,0.3204984,-2.94388,-12.4139,-34.0182,0.05939865,
2,15.172,2,1.517376,383.749,-0.4859146,0.3202336,-2.94388,-12.4139,-34.0182,0.05939865,
2,15.182,2,1.518772,383.7397,-0.4850131,0.3193456,-2.94388,-12.4139,-34.0182,0.05939865,
2,15.192,2,1.519859,383.7373,-0.4841096,0.3185228,-2.94388,-12.4139,-34.0182,0.05939865,
2,15.202,2,1.517646,383.7204,-0.4837797,0.3187698,-2.94388,-12.4139,-34.0182,0.05939865,
2,15.212,2,1.51812,383.7134,-0.4838619,0.3187244,-2.95038,-12.4139,-34.0193,0.06049728,
2,15.222,2,1.517454,383.7437,-0.485773,0.3201236,-2.95038,-12.4139,-34.0193,0.06049728,
2,15.232,2,1.516947,383.7114,-0.487381,0.3212907,-2.95038,-12.4139,-34.0193,0.06049728,
2,15.242,2,1.518447,383.6944,-0.4878026,0.3212509,-2.95038,-12.4139,-34.0193,0.06049728,
2,15.252,2,1.51905,383.6942,-0.4867561,0.3204345,-2.95038,-12.4139,-34.0193,0.06049728,
2,15.262,2,1.516283,383.6987,-0.4870695,0.321226,-2.95038,-12.4139,-34.0193,0.06049728,
2,15.272,2,1.516326,383.7076,-0.4866889,0.3209659,-2.95038,-12.4139,-34.0193,0.06049728,
2,15.282,2,1.517041,383.7077,-0.4862381,0.3205175,-2.95038,-12.4139,-34.0193,0.06049728,
2,15.292,2,1.521302,383.6764,-0.4871702,0.3202325,-2.95038,-12.4139,-34.0193,0.06049728,
2,15.302,2,1.527062,383.6375,-0.4881288,0.3196522,-2.95038,-12.4139,-34.0193,0.06049728,
2,15.312,2,1.534607,383.5789,-0.4914557,0.3202487,-2.95038,-12.4139,-34.0193,0.06049728,
2,15.322,2,1.535539,383.5771,-0.4896504,0.3188786,-2.95038,-12.4139,-34.0193,0.06049728,
2,15.332,2,1.539095,383.5803,-0.4913065,0.3192177,-2.95038,-12.4139,-34.0193,0.06049728,
2,15.342,2,1.539944,383.5809,-0.4912681,0.3190168,-2.95038,-12.4139,-34.0193,0.06049728,
2,15.352,2,1.540088,383.5889,-0.491084,0.3188675,-2.95038,-12.4139,-34.0193,0.06049728,
2,15.362,2,1.539354,383.5714,-0.4952499,0.3217257,-2.95038,-12.4139,-34.0193,0.06049728,
2,15.372,2,1.539906,383.5602,-0.4928517,0.320053,-2.95038,-12.4139,-34.0193,0.06049728,
2,15.382,2,1.540032,383.5677,-0.4919873,0.3194656,-2.95038,-12.4139,-34.0193,0.06049728,
2,15.392,2,1.539897,383.5832,-0.4930865,0.3202075,-2.95038,-12.4139,-34.0193,0.06049728,
2,15.402,2,1.539132,383.5562,-0.4939885,0.3209526,-2.95038,-12.4139,-34.0193,0.06049728,
2,15.412,2,1.537483,383.5425,-0.4950968,0.3220178,-2.95038,-12.4139,-34.0193,0.06049728,
2,15.422,2,1.538739,383.5431,-0.4995827,0.3246702,-2.95745,-12.4139,-34.0203,0.06150055,
2,15.432,2,1.537502,383.5225,-0.4989024,0.3244889,-2.95745,-12.4139,-34.0203,0.06150055,
2,15.442,2,1.537639,383.5289,-0.4942871,0.3214584,-2.95745,-12.4139,-34.0203,0.06150055,
2,15.452,2,1.5382,383.5304,-0.4940245,0.3211706,-2.95745,-12.4139,-34.0203,0.06150055,
2,15.462,2,1.537685,383.5383,-0.4943504,0.32149,-2.95745,-12.4139,-34.0203,0.06150055,
2,15.472,2,1.53642,383.516,-0.4931877,0.320998,-2.95745,-12.4139,-34.0203,0.06150055,
2,15.482,2,1.542529,383.5034,-0.4937836,0.320113,-2.95745,-12.4139,-34.0203,0.06150055,
2,15.492,2,1.548551,383.4841,-0.4934294,0.3186394,-2.95745,-12.4139,-34.0203,0.06150055,
2,15.502,2,1.551744,383.4544,-0.4937771,0.3182078,-2.95745,-12.4139,-34.0203,0.06150055,
2,15.512,2,1.555263,383.4275,-0.498004,0.3202057,-2.95745,-12.4139,-34.0203,0.06150055,
2,15.522,2,1.559261,383.4222,-0.4973494,0.3189647,-2.95745,-12.4139,-34.0203,0.06150055,
2,15.532,2,1.559013,383.4203,-0.4985718,0.3197997,-2.95745,-12.4139,-34.0203,0.06150055,
2,15.542,2,1.558992,383.4473,-0.4991996,0.3202067,-2.95745,-12.4139,-34.0203,0.06150055,
2,15.552,2,1.55849,383.3961,-0.4986399,0.3199506,-2.95745,-12.4139,-34.0203,0.06150055,
2,15.562,2,1.558866,383.39,-0.5006254,0.3211472,-2.95745,-12.4139,-34.0203,0.06150055,
2,15.572,2,1.558772,383.3864,-0.4998441,0.3206654,-2.95745,-12.4139,-34.0203,0.06150055,
2,15.582,2,1.55671,383.3868,-0.4991762,0.3206611,-2.95745,-12.4139,-34.0203,0.06150055,
2,15.592,2,1.5585,383.3856,-0.4989164,0.3201261,-2.95745,-12.4139,-34.0203,0.06150055,
2,15.602,2,1.559151,383.2957,-0.5004404,0.3209698,-2.95745,-12.4139,-34.0203,0.06150055,
2,15.612,2,1.557009,383.3832,-0.4988553,0.3203934,-2.95745,-12.4139,-34.0203,0.06150055,
2,15.622,2,1.55698,383.3908,-0.4962272,0.3187113,-2.95745,-12.4139,-34.0203,0.06150055,
2,15.632,2,1.557537,383.3737,-0.4979224,0.3196858,-2.95745,-12.4139,-34.0203,0.06150055,
2,15.642,2,1.55655,383.3722,-0.4975728,0.3196638,-2.95745,-12.4139,-34.0203,0.06150055,
2,15.652,2,1.558091,383.3643,-0.4976073,0.3193698,-2.96502,-12.4139,-34.0214,0.06259918,
2,15.662,2,1.556992,383.3718,-0.497905,0.3197866,-2.96502,-12.4139,-34.0214,0.06259918,
2,15.672,2,1.558535,383.3528,-0.4998185,0.3206976,-2.96502,-12.4139,-34.0214,0.06259918,
2,15.682,2,1.556505,383.3479,-0.497697,0.3197528,-2.96502,-12.4139,-34.0214,0.06259918,
2,15.692,2,1.559773,383.3336,-0.49938,0.3201619,-2.96502,-12.4139,-34.0214,0.06259918,
2,15.702,2,1.557228,383.3604,-0.5006317,0.321489,-2.96502,-12.4139,-34.0214,0.06259918,
2,15.712,2,1.555864,383.348,-0.5003172,0.3215687,-2.96502,-12.4139,-34.0214,0.06259918,
2,15.722,2,1.563089,383.2958,-0.5002279,0.3200253,-2.96502,-12.4139,-34.0214,0.06259918,
2,15.732,2,1.567122,383.3023,-0.5006133,0.3194475,-2.96502,-12.4139,-34.0214,0.06259918,
2,15.742,2,1.570566,383.2665,-0.5034707,0.3205664,-2.96502,-12.4139,-34.0214,0.06259918,
2,15.752,2,1.576289,383.2235,-0.5030806,0.319155,-2.96502,-12.4139,-34.0214,0.06259918,
2,15.762,2,1.580765,383.2416,-0.5025141,0.3178929,-2.96502,-12.4139,-34.0214,0.06259918,
2,15.772,2,1.578057,383.2354,-0.5017574,0.3179589,-2.96502,-12.4139,-34.0214,0.06259918,
2,15.782,2,1.578615,383.2466,-0.5033981,0.318886,-2.96502,-12.4139,-34.0214,0.06259918,
2,15.792,2,1.578232,383.2136,-0.5031423,0.3188013,-2.96502,-12.4139,-34.0214,0.06259918,
2,15.802,2,1.578548,383.2084,-0.5048761,0.3198358,-2.96502,-12.4139,-34.0214,0.06259918,
2,15.812,2,1.5777,383.2286,-0.5049711,0.320068,-2.96502,-12.4139,-34.0214,0.06259918,
2,15.822,2,1.577271,383.2022,-0.5051965,0.3202978,-2.96502,-12.4139,-34.0214,0.06259918,
2,15.832,2,1.578822,383.1805,-0.5059782,0.3204783,-2.96502,-12.4139,-34.0214,0.06259918,
2,15.842,2,1.576568,383.213,-0.50725,0.3217432,-2.97315,-12.4139,-34.0224,0.06359863,
2,15.852,2,1.578075,383.2026,-0.5064113,0.3209044,-2.97315,-12.4139,-34.0224,0.06359863,
2,15.862,2,1.579239,383.1934,-0.5087652,0.3221583,-2.97315,-12.4139,-34.0224,0.06359863,
2,15.872,2,1.579101,383.1941,-0.5069999,0.3210686,-2.97315,-12.4139,-34.0224,0.06359863,
2,15.882,2,1.57779,383.1765,-0.5067226,0.3211597,-2.97315,-12.4139,-34.0224,0.06359863,
2,15.892,2,1.577546,383.1635,-0.5052434,0.3202716,-2.97315,-12.4139,-34.0224,0.06359863,
2,15.902,2,1.578357,383.1369,-0.5083122,0.3220514,-2.97315,-12.4139,-34.0224,0.06359863,
2,15.912,2,1.58142,383.155,-0.5030489,0.3180994,-2.97315,-12.4139,-34.0224,0.06359863,
2,15.922,2,1.583852,383.1195,-0.5062842,0.3196537,-2.97315,-12.4139,-34.0224,0.06359863,
2,15.932,2,1.590847,383.0994,-0.5073612,0.3189253,-2.97315,-12.4139,-34.0224,0.06359863,
2,15.942,2,1.596027,383.0669,-0.5067388,0.3175002,-2.97315,-12.4139,-34.0224,0.06359863,
2,15.952,2,1.597404,383.0545,-0.5101026,0.3193322,-2.97315,-12.4139,-34.0224,0.06359863,
2,15.962,2,1.600547,383.0503,-0.5115728,0.3196238,-2.97315,-12.4139,-34.0224,0.06359863,
2,15.972,2,1.598527,383.0477,-0.5093074,0.3186104,-2.97315,-12.4139,-34.0224,0.06359863,
2,15.982,2,1.599539,383.0689,-0.5111976,0.3195907,-2.97315,-12.4139,-34.0224,0.06359863,
2,15.992,2,1.598397,383.0429,-0.5115765,0.320056,-2.97315,-12.4139,-34.0224,0.06359863,
2,16.002,2,1.595837,383.0365,-0.5112293,0.3203518,-2.97315,-12.4139,-34.0224,0.06359863,
2,16.012,2,1.599515,383.0383,-0.5131429,0.3208115,-2.97315,-12.4139,-34.0224,0.06359863,
2,16.022,2,1.596209,383.0129,-0.5122268,0.3209021,-2.97315,-12.4139,-34.0224,0.06359863,
2,16.032,2,1.597631,383.0347,-0.5122812,0.3206506,-2.97965,-12.4139,-34.0235,0.06469727,
2,16.042,2,1.599115,383.0137,-0.5123768,0.3204128,-2.97965,-12.4139,-34.0235,0.06469727,
2,16.052,2,1.597605,383.0141,-0.5133504,0.321325,-2.97965,-12.4139,-34.0235,0.06469727,
2,16.062,2,1.596357,383.0059,-0.5094293,0.31912,-2.97965,-12.4139,-34.0235,0.06469727,
2,16.072,2,1.598156,383.0162,-0.5103151,0.3193149,-2.97965,-12.4139,-34.0235,0.06469727,
2,16.082,2,1.595891,383.0055,-0.5105886,0.3199395,-2.97965,-12.4139,-34.0235,0.06469727,
2,16.092,2,1.59734,383.0176,-0.5111589,0.3200064,-2.97965,-12.4139,-34.0235,0.06469727,
2,16.102,2,1.59932,382.9938,-0.5119272,0.3200906,-2.97965,-12.4139,-34.0235,0.06469727,
2,16.112,2,1.603922,382.9712,-0.513676,0.3202625,-2.97965,-12.4139,-34.0235,0.06469727,
2,16.122,2,1.60898,382.9493,-0.51432,0.319656,-2.97965,-12.4139,-34.0235,0.06469727,
2,16.132,2,1.613745,382.9641,-0.5173243,0.3205738,-2.97965,-12.4139,-34.0235,0.06469727,
2,16.142,2,1.618306,382.8966,-0.5168002,0.3193463,-2.97965,-12.4139,-34.0235,0.06469727,
2,16.152,2,1.619507,382.8925,-0.5165557,0.3189586,-2.97965,-12.4139,-34.0235,0.06469727,
2,16.162,2,1.617519,382.8702,-0.5183529,0.3204617,-2.97965,-12.4139,-34.0235,0.06469727,
2,16.172,2,1.618146,382.9074,-0.5185568,0.3204636,-2.97965,-12.4139,-34.0235,0.06469727,
2,16.182,2,1.619566,382.9162,-0.5161066,0.3186697,-2.97965,-12.4139,-34.0235,0.06469727,
2,16.192,2,1.618277,382.8836,-0.5186684,0.3205067,-2.97965,-12.4139,-34.0235,0.06469727,
2,16.202,2,1.61887,382.8756,-0.5178664,0.3198939,-2.97965,-12.4139,-34.0235,0.06469727,
2,16.212,2,1.617016,382.8794,-0.5170496,0.3197553,-2.97965,-12.4139,-34.0235,0.06469727,
2,16.222,2,1.617229,382.8558,-0.5170183,0.3196939,-2.97965,-12.4139,-34.0235,0.06469727,
2,16.232,2,1.617878,382.8702,-0.5179955,0.3201697,-2.97965,-12.4139,-34.0235,0.06469727,
2,16.242,2,1.617657,382.855,-0.5155005,0.318671,-2.97965,-12.4139,-34.0235,0.06469727,
2,16.252,2,1.617646,382.8485,-0.5190932,0.3208942,-2.97965,-12.4139,-34.0235,0.06469727,
2,16.262,2,1.616693,382.8392,-0.5176885,0.3202145,-2.97965,-12.4139,-34.0235,0.06469727,
2,16.272,2,1.615857,382.8337,-0.518518,0.3208934,-2.98618,-12.4139,-34.0245,0.06570053,
2,16.282,2,1.617198,382.8158,-0.5189317,0.3208833,-2.98618,-12.4139,-34.0245,0.06570053,
2,16.292,2,1.618338,382.8279,-0.5175991,0.3198337,-2.98618,-12.4139,-34.0245,0.06570053,
2,16.302,2,1.618953,382.8377,-0.5187019,0.3203934,-2.98618,-12.4139,-34.0245,0.06570053,
2,16.312,2,1.617652,382.8084,-0.520847,0.3219771,-2.98618,-12.4139,-34.0245,0.06570053,
2,16.322,2,1.617603,382.8256,-0.5196905,0.321272,-2.98618,-12.4139,-34.0245,0.06570053,
2,16.332,2,1.617196,382.8202,-0.522043,0.3228076,-2.98618,-12.4139,-34.0245,0.06570053,
2,16.342,2,1.618022,382.8062,-0.5217599,0.3224677,-2.98618,-12.4139,-34.0245,0.06570053,
2,16.352,2,1.623246,382.793,-0.5196105,0.3201058,-2.98618,-12.4139,-34.0245,0.06570053,
2,16.362,2,1.630258,382.7572,-0.5211991,0.3197035,-2.98618,-12.4139,-34.0245,0.06570053,
2,16.372,2,1.635492,382.735,-0.522675,0.3195827,-2.98618,-12.4139,-34.0245,0.06570053,
2,16.382,2,1.63885,382.7032,-0.5214503,0.3181807,-2.98618,-12.4139,-34.0245,0.06570053,
2,16.392,2,1.642312,382.7036,-0.5222167,0.3179766,-2.98618,-12.4139,-34.0245,0.06570053,
2,16.402,2,1.64085,382.7022,-0.5253296,0.320157,-2.98618,-12.4139,-34.0245,0.06570053,
2,16.412,2,1.642109,382.6692,-0.5265514,0.3206556,-2.98618,-12.4139,-34.0245,0.06570053,
2,16.422,2,1.643328,382.6555,-0.5270259,0.3207065,-2.98618,-12.4139,-34.0245,0.06570053,
2,16.432,2,1.639043,382.7322,-0.5258034,0.320799,-2.98618,-12.4139,-34.0245,0.06570053,
2,16.442,2,1.640586,382.6623,-0.5254647,0.3202908,-2.98618,-12.4139,-34.0245,0.06570053,
2,16.452,2,1.641316,382.678,-0.5246499,0.3196519,-2.98618,-12.4139,-34.0245,0.06570053,
2,16.462,2,1.640491,382.6795,-0.5294467,0.3227368,-2.9943,-12.4139,-34.0256,0.06679916,
2,16.472,2,1.63884,382.6698,-0.5267102,0.3213921,-2.9943,-12.4139,-34.0256,0.06679916,
2,16.482,2,1.64077,382.6472,-0.5266629,0.3209852,-2.9943,-12.4139,-34.0256,0.06679916,
2,16.492,2,1.64175,382.62,-0.5257864,0.3202598,-2.9943,-12.4139,-34.0256,0.06679916,
2,16.502,2,1.639152,382.6402,-0.5243911,0.319916,-2.9943,-12.4139,-34.0256,0.06679916,
2,16.512,2,1.638149,382.6395,-0.5271586,0.3218014,-2.9943,-12.4139,-34.0256,0.06679916,
2,16.522,2,1.641651,382.6367,-0.5282036,0.3217515,-2.9943,-12.4139,-34.0256,0.06679916,
2,16.532,2,1.641777,382.6303,-0.5228149,0.3184445,-2.9943,-12.4139,-34.0256,0.06679916,
2,16.542,2,1.637211,382.6153,-0.5252578,0.3208247,-2.9943,-12.4139,-34.0256,0.06679916,
2,16.552,2,1.641924,382.6245,-0.5268037,0.3208455,-2.9943,-12.4139,-34.0256,0.06679916,
2,16.562,2,1.648568,382.6,-0.525002,0.3184594,-2.9943,-12.4139,-34.0256,0.06679916,
2,16.572,2,1.650689,382.5821,-0.5293694,0.3206959,-2.9943,-12.4139,-34.0256,0.06679916,
2,16.582,2,1.655637,382.5325,-0.5328422,0.3218352,-2.9943,-12.4139,-34.0256,0.06679916,
2,16.592,2,1.661297,382.5247,-0.530759,0.3194847,-2.9943,-12.4139,-34.0256,0.06679916,
2,16.602,2,1.662856,382.5222,-0.5318206,0.3198237,-2.9943,-12.4139,-34.0256,0.06679916,
2,16.612,2,1.65924,382.5075,-0.5349445,0.3224033,-2.9943,-12.4139,-34.0256,0.06679916,
2,16.622,2,1.662275,382.5127,-0.5320412,0.3200681,-2.9943,-12.4139,-34.0256,0.06679916,
2,16.632,2,1.66159,382.5118,-0.5329291,0.3207344,-2.9943,-12.4139,-34.0256,0.06679916,
2,16.642,2,1.661802,382.4821,-0.5332806,0.3209049,-2.9943,-12.4139,-34.0256,0.06679916,
2,16.652,2,1.660813,382.5008,-0.5302876,0.319294,-2.9943,-12.4139,-34.0256,0.06679916,
2,16.662,2,1.659911,382.5032,-0.5299259,0.3192495,-2.9943,-12.4139,-34.0256,0.06679916,
2,16.672,2,1.660762,382.4961,-0.529514,0.318838,-2.9943,-12.4139,-34.0256,0.06679916,
2,16.682,2,1.659879,382.4802,-0.5310184,0.319914,-2.9943,-12.4139,-34.0256,0.06679916,
2,16.692,2,1.661413,382.4685,-0.5323197,0.3204017,-2.9943,-12.4139,-34.0256,0.06679916,
2,16.702,2,1.661009,382.4974,-0.5298744,0.3190075,-2.9943,-12.4139,-34.0256,0.06679916,
2,16.712,2,1.660726,382.4889,-0.5322093,0.3204678,-2.9943,-12.4139,-34.0256,0.06679916,
2,16.722,2,1.660796,382.5034,-0.5322081,0.3204537,-3.00137,-12.4139,-34.0267,0.0678978,
2,16.732,2,1.66054,382.4633,-0.5329725,0.3209634,-3.00137,-12.4139,-34.0267,0.0678978,
2,16.742,2,1.661977,382.4567,-0.5340469,0.3213324,-3.00137,-12.4139,-34.0267,0.0678978,
2,16.752,2,1.65944,382.4328,-0.5353155,0.3225881,-3.00137,-12.4139,-34.0267,0.0678978,
2,16.762,2,1.659922,382.4404,-0.5352314,0.3224436,-3.00137,-12.4139,-34.0267,0.0678978,
2,16.772,2,1.659883,382.4442,-0.5341699,0.3218117,-3.00137,-12.4139,-34.0267,0.0678978,
2,16.782,2,1.659222,382.4356,-0.5346478,0.322228,-3.00137,-12.4139,-34.0267,0.0678978,
2,16.792,2,1.663526,382.4189,-0.5335684,0.3207454,-3.00137,-12.4139,-34.0267,0.0678978,
2,16.802,2,1.667413,382.4135,-0.5320991,0.3191166,-3.00137,-12.4139,-34.0267,0.0678978,
2,16.812,2,1.6729,382.362,-0.5363573,0.3206152,-3.00137,-12.4139,-34.0267,0.0678978,
2,16.822,2,1.679273,382.3489,-0.5349329,0.3185502,-3.00137,-12.4139,-34.0267,0.0678978,
2,16.832,2,1.681435,382.3365,-0.5363259,0.3189691,-3.00137,-12.4139,-34.0267,0.0678978,
2,16.842,2,1.682833,382.326,-0.5385113,0.3200029,-3.00137,-12.4139,-34.0267,0.0678978,
2,16.852,2,1.681364,382.3154,-0.5374771,0.3196672,-3.00137,-12.4139,-34.0267,0.0678978,
2,16.862,2,1.681092,382.31,-0.5395557,0.3209555,-3.00137,-12.4139,-34.0267,0.0678978,
2,16.872,2,1.682124,382.2946,-0.5406974,0.3214372,-3.00137,-12.4139,-34.0267,0.0678978,
2,16.882,2,1.680213,382.2949,-0.5387057,0.3206176,-3.00137,-12.4139,-34.0267,0.0678978,
2,16.892,2,1.682091,382.3058,-0.5395563,0.3207652,-3.00137,-12.4139,-34.0267,0.0678978,
2,16.902,2,1.682775,382.2944,-0.5396703,0.3207026,-3.00137,-12.4139,-34.0267,0.0678978,
2,16.912,2,1.680778,382.2775,-0.5413786,0.3221,-3.00137,-12.4139,-34.0267,0.0678978,
2,16.922,2,1.680007,382.2843,-0.5424913,0.3229102,-3.00898,-12.4139,-34.0278,0.06900024,
2,16.932,2,1.683845,382.2722,-0.5407035,0.3211123,-3.00898,-12.4139,-34.0278,0.06900024,
2,16.942,2,1.682673,382.2841,-0.5379902,0.3197237,-3.00898,-12.4139,-34.0278,0.06900024,
2,16.952,2,1.680739,382.2869,-0.5391796,0.3207992,-3.00898,-12.4139,-34.0278,0.06900024,
2,16.962,2,1.681123,382.2794,-0.5386316,0.3203999,-3.00898,-12.4139,-34.0278,0.06900024,
2,16.972,2,1.680661,382.2642,-0.5379987,0.3201113,-3.00898,-12.4139,-34.0278,0.06900024,
2,16.982,2,1.681868,382.2556,-0.5388416,0.3203828,-3.00898,-12.4139,-34.0278,0.06900024,
2,16.992,2,1.681075,382.2571,-0.5420374,0.322435,-3.00898,-12.4139,-34.0278,0.06900024,
2,17.002,2,1.680879,382.2344,-0.5398004,0.3211417,-3.00898,-12.4139,-34.0278,0.06900024,
2,17.012,2,1.683381,382.248,-0.5398134,0.3206721,-3.00898,-12.4139,-34.0278,0.06900024,
2,17.022,2,1.68563,382.2572,-0.5425885,0.3218907,-3.00898,-12.4139,-34.0278,0.06900024,
2,17.032,2,1.693811,382.1927,-0.5425417,0.3203083,-3.00898,-12.4139,-34.0278,0.06900024,
2,17.042,2,1.697781,382.1437,-0.5449327,0.3209677,-3.00898,-12.4139,-34.0278,0.06900024,
2,17.052,2,1.699958,382.1534,-0.5476636,0.3221629,-3.00898,-12.4139,-34.0278,0.06900024,
2,17.062,2,1.703636,382.1359,-0.5456743,0.3202999,-3.00898,-12.4139,-34.0278,0.06900024,
2,17.072,2,1.702388,382.1396,-0.5459957,0.3207234,-3.00898,-12.4139,-34.0278,0.06900024,
2,17.082,2,1.705565,382.1039,-0.5464594,0.3203979,-3.00898,-12.4139,-34.0278,0.06900024,
2,17.092,2,1.703433,382.1263,-0.5436332,0.3191398,-3.00898,-12.4139,-34.0278,0.06900024,
2,17.102,2,1.702442,382.1185,-0.5450682,0.3201685,-3.00898,-12.4139,-34.0278,0.06900024,
2,17.112,2,1.702525,382.1077,-0.5465271,0.3210097,-3.00898,-12.4139,-34.0278,0.06900024,
2,17.122,2,1.705251,382.1026,-0.5452464,0.3197456,-3.00898,-12.4139,-34.0278,0.06900024,
2,17.132,2,1.701852,382.105,-0.5459566,0.3208014,-3.00898,-12.4139,-34.0278,0.06900024,
2,17.142,2,1.703736,382.1028,-0.5446459,0.3196774,-3.01605,-12.4139,-34.029,0.07019806,
2,17.152,2,1.704153,382.0948,-0.5472198,0.3211096,-3.01605,-12.4139,-34.029,0.07019806,
2,17.162,2,1.699846,382.1026,-0.5495183,0.3232754,-3.01605,-12.4139,-34.029,0.07019806,
2,17.172,2,1.700385,382.068,-0.5495951,0.3232181,-3.01605,-12.4139,-34.029,0.07019806,
2,17.182,2,1.7026,382.0693,-0.547182,0.3213802,-3.01605,-12.4139,-34.029,0.07019806,
2,17.192,2,1.704061,382.0883,-0.5475138,0.3212994,-3.01605,-12.4139,-34.029,0.07019806,
2,17.202,2,1.703141,382.0826,-0.5492254,0.3224779,-3.01605,-12.4139,-34.029,0.07019806,
2,17.212,2,1.707472,382.0558,-0.5489063,0.3214732,-3.01605,-12.4139,-34.029,0.07019806,
2,17.222,2,1.71323,382.0393,-0.5521224,0.3222699,-3.01605,-12.4139,-34.029,0.07019806,
2,17.232,2,1.717269,381.9911,-0.5537473,0.3224581,-3.01605,-12.4139,-34.029,0.07019806,
2,17.242,2,1.721913,381.9715,-0.5514364,0.3202463,-3.01605,-12.4139,-34.029,0.07019806,
2,17.252,2,1.726608,381.9747,-0.5534045,0.3205154,-3.01605,-12.4139,-34.029,0.07019806,
2,17.262,2,1.727287,381.9662,-0.5521697,0.3196746,-3.01605,-12.4139,-34.029,0.07019806,
2,17.272,2,1.725688,381.9569,-0.5520676,0.3199117,-3.01605,-12.4139,-34.029,0.07019806,
2,17.282,2,1.723705,381.9352,-0.5527124,0.3206537,-3.01605,-12.4139,-34.029,0.07019806,
2,17.292,2,1.725208,381.9525,-0.5537777,0.3209919,-3.01605,-12.4139,-34.029,0.07019806,
2,17.302,2,1.724827,381.9421,-0.5525553,0.320354,-3.01605,-12.4139,-34.029,0.07019806,
2,17.312,2,1.725888,381.9323,-0.5560341,0.3221729,-3.01605,-12.4139,-34.029,0.07019806,
2,17.322,2,1.726492,381.9247,-0.5552756,0.3216208,-3.01605,-12.4139,-34.029,0.07019806,
2,17.332,2,1.726257,381.9173,-0.5552999,0.3216785,-3.01605,-12.4139,-34.029,0.07019806,
2,17.342,2,1.726271,381.8849,-0.5550092,0.3215076,-3.01605,-12.4139,-34.029,0.07019806,
2,17.352,2,1.727737,381.9057,-0.5548179,0.321124,-3.01605,-12.4139,-34.029,0.07019806,
2,17.362,2,1.724462,381.8971,-0.5558113,0.32231,-3.0236,-12.4139,-34.0301,0.07130051,
2,17.372,2,1.724453,381.9244,-0.5562145,0.3225454,-3.0236,-12.4139,-34.0301,0.07130051,
2,17.382,2,1.727116,381.8955,-0.5556545,0.3217239,-3.0236,-12.4139,-34.0301,0.07130051,
2,17.392,2,1.72829,381.8898,-0.5528601,0.3198884,-3.0236,-12.4139,-34.0301,0.07130051,
2,17.402,2,1.727672,381.8516,-0.5549186,0.3211944,-3.0236,-12.4139,-34.0301,0.07130051,
2,17.412,2,1.735361,381.8585,-0.5544294,0.3194894,-3.0236,-12.4139,-34.0301,0.07130051,
2,17.422,2,1.738655,381.8301,-0.5551843,0.3193184,-3.0236,-12.4139,-34.0301,0.07130051,
2,17.432,2,1.744421,381.7864,-0.5580831,0.3199246,-3.0236,-12.4139,-34.0301,0.07130051,
2,17.442,2,1.746861,381.7866,-0.5580335,0.3194494,-3.0236,-12.4139,-34.0301,0.07130051,
2,17.452,2,1.747589,381.7785,-0.5604623,0.320706,-3.0236,-12.4139,-34.0301,0.07130051,
2,17.462,2,1.748366,381.759,-0.5598596,0.3202188,-3.0236,-12.4139,-34.0301,0.07130051,
2,17.472,2,1.747491,381.7639,-0.5600826,0.3205067,-3.0236,-12.4139,-34.0301,0.07130051,
2,17.482,2,1.746987,381.7708,-0.5627605,0.3221321,-3.0236,-12.4139,-34.0301,0.07130051,
2,17.492,2,1.74653,381.7674,-0.5612801,0.3213688,-3.0236,-12.4139,-34.0301,0.07130051,
2,17.502,2,1.74665,381.7214,-0.5607449,0.3210403,-3.0236,-12.4139,-34.0301,0.07130051,
2,17.512,2,1.745434,381.749,-0.5632771,0.3227146,-3.0236,-12.4139,-34.0301,0.07130051,
2,17.522,2,1.747595,381.7505,-0.5625628,0.3219069,-3.0236,-12.4139,-34.0301,0.07130051,
2,17.532,2,1.74741,381.7438,-0.560545,0.3207861,-3.0236,-12.4139,-34.0301,0.07130051,
2,17.542,2,1.747297,381.7403,-0.5591773,0.3200243,-3.0236,-12.4139,-34.0301,0.07130051,
2,17.552,2,1.744597,381.7297,-0.5590929,0.320471,-3.0301,-12.4139,-34.0312,0.07239914,
2,17.562,2,1.746545,381.737,-0.5603016,0.3208056,-3.0301,-12.4139,-34.0312,0.07239914,
2,17.572,2,1.746395,381.7208,-0.5600892,0.3207116,-3.0301,-12.4139,-34.0312,0.07239914,
2,17.582,2,1.746825,381.7037,-0.56175,0.3215835,-3.0301,-12.4139,-34.0312,0.07239914,
2,17.592,2,1.752016,381.7027,-0.5593102,0.3192381,-3.0301,-12.4139,-34.0312,0.07239914,
2,17.602,2,1.7551,381.6851,-0.5608051,0.3195289,-3.0301,-12.4139,-34.0312,0.07239914,
2,17.612,2,1.759192,381.6797,-0.5657459,0.3215942,-3.0301,-12.4139,-34.0312,0.07239914,
2,17.622,2,1.763533,381.6143,-0.5664733,0.3212151,-3.0301,-12.4139,-34.0312,0.07239914,
2,17.632,2,1.768162,381.6099,-0.5676183,0.3210217,-3.0301,-12.4139,-34.0312,0.07239914,
2,17.642,2,1.766493,381.6004,-0.5687767,0.3219808,-3.0301,-12.4139,-34.0312,0.07239914,
2,17.652,2,1.768411,381.6071,-0.5680663,0.3212298,-3.0301,-12.4139,-34.0312,0.07239914,
2,17.662,2,1.771247,381.592,-0.5687311,0.3210907,-3.0301,-12.4139,-34.0312,0.07239914,
2,17.672,2,1.768587,381.5793,-0.5679432,0.3211282,-3.0301,-12.4139,-34.0312,0.07239914,
2,17.682,2,1.767563,381.5896,-0.5668344,0.320687,-3.0301,-12.4139,-34.0312,0.07239914,
2,17.692,2,1.770546,381.573,-0.5689915,0.321365,-3.0301,-12.4139,-34.0312,0.07239914,
2,17.702,2,1.770598,381.564,-0.5663108,0.3198416,-3.0301,-12.4139,-34.0312,0.07239914,
2,17.712,2,1.768035,381.5662,-0.566314,0.320307,-3.0301,-12.4139,-34.0312,0.07239914,
2,17.722,2,1.768247,381.5617,-0.5685067,0.3215086,-3.0301,-12.4139,-34.0312,0.07239914,
2,17.732,2,1.765376,381.5944,-0.5679295,0.3217046,-3.0301,-12.4139,-34.0312,0.07239914,
2,17.742,2,1.767582,381.5544,-0.5665418,0.320518,-3.0366,-12.4139,-34.0322,0.07339859,
2,17.752,2,1.768383,381.5848,-0.5676427,0.3209954,-3.0366,-12.4139,-34.0322,0.07339859,
2,17.762,2,1.766407,381.538,-0.571997,0.3238196,-3.0366,-12.4139,-34.0322,0.07339859,
2,17.772,2,1.767919,381.529,-0.5689942,0.321844,-3.0366,-12.4139,-34.0322,0.07339859,
2,17.782,2,1.767276,381.5433,-0.5699623,0.3225089,-3.0366,-12.4139,-34.0322,0.07339859,
2,17.792,2,1.773927,381.5214,-0.5714212,0.3221221,-3.0366,-12.4139,-34.0322,0.07339859,
2,17.802,2,1.77992,381.4792,-0.5729606,0.3219024,-3.0366,-12.4139,-34.0322,0.07339859,
2,17.812,2,1.782856,381.4583,-0.5757793,0.3229534,-3.0366,-12.4139,-34.0322,0.07339859,
2,17.822,2,1.787291,381.4384,-0.5756758,0.322094,-3.0366,-12.4139,-34.0322,0.07339859,
2,17.832,2,1.787886,381.4263,-0.5737431,0.3209058,-3.0366,-12.4139,-34.0322,0.07339859,
2,17.842,2,1.78852,381.4433,-0.5737478,0.3207946,-3.0366,-12.4139,-34.0322,0.07339859,
2,17.852,2,1.786806,381.4136,-0.5737056,0.3210788,-3.0366,-12.4139,-34.0322,0.07339859,
2,17.862,2,1.7889,381.4125,-0.5728248,0.3202106,-3.0366,-12.4139,-34.0322,0.07339859,
2,17.872,2,1.788355,381.4056,-0.5738447,0.3208785,-3.0366,-12.4139,-34.0322,0.07339859,
2,17.882,2,1.789156,381.4264,-0.5754673,0.3216418,-3.0366,-12.4139,-34.0322,0.07339859,
2,17.892,2,1.786857,381.4089,-0.574307,0.3214063,-3.0366,-12.4139,-34.0322,0.07339859,
2,17.902,2,1.78682,381.3768,-0.5759853,0.3223521,-3.0366,-12.4139,-34.0322,0.07339859,
2,17.912,2,1.789941,381.3789,-0.5746946,0.3210691,-3.0366,-12.4139,-34.0322,0.07339859,
2,17.922,2,1.784445,381.3914,-0.5768727,0.3232785,-3.04312,-12.4139,-34.0333,0.07449722,
2,17.932,2,1.787657,381.3613,-0.5789371,0.3238524,-3.04312,-12.4139,-34.0333,0.07449722,
2,17.942,2,1.786608,381.3702,-0.5770799,0.3230032,-3.04312,-12.4139,-34.0333,0.07449722,
2,17.952,2,1.785855,381.3617,-0.5768927,0.3230345,-3.04312,-12.4139,-34.0333,0.07449722,
2,17.962,2,1.78635,381.4115,-0.5801358,0.3247603,-3.04312,-12.4139,-34.0333,0.07449722,
2,17.972,2,1.787318,381.361,-0.5787565,0.3238129,-3.04312,-12.4139,-34.0333,0.07449722,
2,17.982,2,1.794484,381.3309,-0.5756138,0.3207685,-3.04312,-12.4139,-34.0333,0.07449722,
2,17.992,2,1.796889,381.2996,-0.5783181,0.3218441,-3.04312,-12.4139,-34.0333,0.07449722,
2,18.002,2,1.802999,381.2843,-0.5782723,0.3207281,-3.04312,-12.4139,-34.0333,0.07449722,
2,18.012,2,1.809438,381.2647,-0.5774379,0.3191254,-3.04312,-12.4139,-34.0333,0.07449722,
2,18.022,2,1.80801,381.2378,-0.5805438,0.3210955,-3.04312,-12.4139,-34.0333,0.07449722,
2,18.032,2,1.807374,381.2466,-0.5805693,0.3212225,-3.04312,-12.4139,-34.0333,0.07449722,
2,18.042,2,1.809194,381.2379,-0.5817879,0.3215729,-3.04312,-12.4139,-34.0333,0.07449722,
2,18.052,2,1.808734,381.2133,-0.5835159,0.3226101,-3.04312,-12.4139,-34.0333,0.07449722,
2,18.062,2,1.808211,381.2243,-0.5842124,0.3230886,-3.04312,-12.4139,-34.0333,0.07449722,
2,18.072,2,1.807866,381.2386,-0.5838284,0.3229379,-3.04312,-12.4139,-34.0333,0.07449722,
2,18.082,2,1.807172,381.2647,-0.5831157,0.3226674,-3.04312,-12.4139,-34.0333,0.07449722,
2,18.092,2,1.806319,381.2154,-0.584287,0.3234684,-3.04312,-12.4139,-34.0333,0.07449722,
2,18.102,2,1.809005,381.2103,-0.5844909,0.3231007,-3.04312,-12.4139,-34.0333,0.07449722,
2,18.112,2,1.80815,381.2138,-0.584009,0.322987,-3.04312,-12.4139,-34.0333,0.07449722,
2,18.122,2,1.806979,381.2091,-0.5829347,0.3226017,-3.04312,-12.4139,-34.0333,0.07449722,
2,18.132,2,1.805513,381.1875,-0.581977,0.3223333,-3.04965,-12.4139,-34.0344,0.07559967,
2,18.142,2,1.808442,381.1921,-0.5821967,0.3219327,-3.04965,-12.4139,-34.0344,0.07559967,
2,18.152,2,1.80748,381.1981,-0.5794351,0.3205762,-3.04965,-12.4139,-34.0344,0.07559967,
2,18.162,2,1.807697,381.1982,-0.5827121,0.3223506,-3.04965,-12.4139,-34.0344,0.07559967,
2,18.172,2,1.805392,381.163,-0.5847242,0.3238765,-3.04965,-12.4139,-34.0344,0.07559967,
2,18.182,2,1.808349,381.1675,-0.5820965,0.321894,-3.04965,-12.4139,-34.0344,0.07559967,
2,18.192,2,1.807592,381.1782,-0.5835357,0.3228249,-3.04965,-12.4139,-34.0344,0.07559967,
2,18.202,2,1.807861,381.186,-0.5852432,0.3237213,-3.04965,-12.4139,-34.0344,0.07559967,
2,18.212,2,1.808194,381.1654,-0.5833209,0.3225986,-3.04965,-12.4139,-34.0344,0.07559967,
2,18.222,2,1.81316,381.1371,-0.5854813,0.3229066,-3.04965,-12.4139,-34.0344,0.07559967,
2,18.232,2,1.817009,381.1021,-0.5898787,0.3246427,-3.04965,-12.4139,-34.0344,0.07559967,
2,18.242,2,1.823407,381.086,-0.5882355,0.3226024,-3.04965,-12.4139,-34.0344,0.07559967,
2,18.252,2,1.828644,381.0622,-0.5885993,0.3218774,-3.04965,-12.4139,-34.0344,0.07559967,
2,18.262,2,1.830218,381.0502,-0.5910743,0.322953,-3.04965,-12.4139,-34.0344,0.07559967,
2,18.272,2,1.828846,381.0568,-0.5908918,0.3230955,-3.04965,-12.4139,-34.0344,0.07559967,
2,18.282,2,1.828425,381.0528,-0.5883362,0.3217721,-3.04965,-12.4139,-34.0344,0.07559967,
2,18.292,2,1.828626,381.0308,-0.589968,0.3226292,-3.04965,-12.4139,-34.0344,0.07559967,
2,18.302,2,1.826594,381.0259,-0.5867939,0.3212504,-3.04965,-12.4139,-34.0344,0.07559967,
2,18.312,2,1.828858,381.0185,-0.5884076,0.3217351,-3.04965,-12.4139,-34.0344,0.07559967,
2,18.322,2,1.829255,381.029,-0.5897856,0.3224185,-3.04965,-12.4139,-34.0344,0.07559967,
2,18.332,2,1.829388,381.0117,-0.5890592,0.321998,-3.04965,-12.4139,-34.0344,0.07559967,
2,18.342,2,1.828497,381.0143,-0.58966,0.3224834,-3.04965,-12.4139,-34.0344,0.07559967,
2,18.352,2,1.829686,381.0074,-0.5900611,0.3224931,-3.04965,-12.4139,-34.0344,0.07559967,
2,18.362,2,1.828628,380.9913,-0.5921261,0.3238089,-3.05778,-12.4139,-34.0354,0.07659912,
2,18.372,2,1.829607,381.0165,-0.5916706,0.3233868,-3.05778,-12.4139,-34.0354,0.07659912,
2,18.382,2,1.829337,381.0061,-0.5916041,0.3233982,-3.05778,-12.4139,-34.0354,0.07659912,
2,18.392,2,1.828702,380.9881,-0.5895733,0.3223999,-3.05778,-12.4139,-34.0354,0.07659912,
2,18.402,2,1.828551,380.9982,-0.5925993,0.3240814,-3.05778,-12.4139,-34.0354,0.07659912,
2,18.412,2,1.828748,380.9767,-0.59035,0.3228165,-3.05778,-12.4139,-34.0354,0.07659912,
2,18.422,2,1.828525,380.9685,-0.589496,0.3223888,-3.05778,-12.4139,-34.0354,0.07659912,
2,18.432,2,1.827538,380.9823,-0.5908592,0.3233088,-3.05778,-12.4139,-34.0354,0.07659912,
2,18.442,2,1.83301,380.9528,-0.5898643,0.321801,-3.05778,-12.4139,-34.0354,0.07659912,
2,18.452,2,1.835626,380.9236,-0.5912881,0.3221179,-3.05778,-12.4139,-34.0354,0.07659912,
2,18.462,2,1.843189,380.8798,-0.594028,0.3222828,-3.05778,-12.4139,-34.0354,0.07659912,
2,18.472,2,1.848931,380.8858,-0.5956652,0.3221673,-3.05778,-12.4139,-34.0354,0.07659912,
2,18.482,2,1.85068,380.8659,-0.5979262,0.3230845,-3.05778,-12.4139,-34.0354,0.07659912,
2,18.492,2,1.853296,380.8216,-0.5979152,0.3226225,-3.05778,-12.4139,-34.0354,0.07659912,
2,18.502,2,1.85089,380.8199,-0.5962942,0.3221662,-3.05778,-12.4139,-34.0354,0.07659912,
2,18.512,2,1.849484,380.8284,-0.5984076,0.3235539,-3.05778,-12.4139,-34.0354,0.07659912,
2,18.522,2,1.851277,380.8168,-0.5978708,0.3229504,-3.05778,-12.4139,-34.0354,0.07659912,
2,18.532,2,1.850176,380.8258,-0.5989113,0.323705,-3.05778,-12.4139,-34.0354,0.07659912,
2,18.542,2,1.849237,380.8274,-0.5997106,0.3243017,-3.05778,-12.4139,-34.0354,0.07659912,
2,18.552,2,1.850653,380.8784,-0.5971253,0.3226566,-3.05778,-12.4139,-34.0354,0.07659912,
2,18.562,2,1.851529,380.8103,-0.5946019,0.3211409,-3.05778,-12.4139,-34.0354,0.07659912,
2,18.572,2,1.851465,380.8047,-0.5965011,0.3221779,-3.05778,-12.4139,-34.0354,0.07659912,
2,18.582,2,1.847494,380.8116,-0.5959262,0.3225592,-3.05778,-12.4139,-34.0354,0.07659912,
2,18.592,2,1.84823,380.8177,-0.5944597,0.3216374,-3.05778,-12.4139,-34.0354,0.07659912,
2,18.602,2,1.850863,380.8076,-0.595694,0.3218466,-3.05778,-12.4139,-34.0354,0.07659912,
2,18.612,2,1.849701,380.7821,-0.5984727,0.3235509,-3.06535,-12.4139,-34.0365,0.07769775,
2,18.622,2,1.848017,380.7951,-0.5961314,0.3225791,-3.06535,-12.4139,-34.0365,0.07769775,
2,18.632,2,1.851591,380.7862,-0.5967984,0.3223164,-3.06535,-12.4139,-34.0365,0.07769775,
2,18.642,2,1.846486,380.7824,-0.5987279,0.3242526,-3.06535,-12.4139,-34.0365,0.07769775,
2,18.652,2,1.84541,380.7729,-0.600871,0.325603,-3.06535,-12.4139,-34.0365,0.07769775,
2,18.662,2,1.849569,380.7902,-0.5986152,0.3236511,-3.06535,-12.4139,-34.0365,0.07769775,
2,18.672,2,1.846066,380.8309,-0.5981946,0.3240374,-3.06535,-12.4139,-34.0365,0.07769775,
2,18.682,2,1.849967,380.7492,-0.5986083,0.3235779,-3.06535,-12.4139,-34.0365,0.07769775,
2,18.692,2,1.858428,380.7247,-0.5994383,0.3225513,-3.06535,-12.4139,-34.0365,0.07769775,
2,18.702,2,1.861089,380.7191,-0.6038027,0.3244351,-3.06535,-12.4139,-34.0365,0.07769775,
2,18.712,2,1.866828,380.6736,-0.6030038,0.3230099,-3.06535,-12.4139,-34.0365,0.07769775,
2,18.722,2,1.86972,380.6731,-0.6029448,0.3224787,-3.06535,-12.4139,-34.0365,0.07769775,
2,18.732,2,1.86845,380.6458,-0.6037713,0.3231403,-3.06535,-12.4139,-34.0365,0.07769775,
2,18.742,2,1.870243,380.6581,-0.602039,0.3219042,-3.06535,-12.4139,-34.0365,0.07769775,
2,18.752,2,1.871127,380.6471,-0.6022005,0.3218384,-3.06535,-12.4139,-34.0365,0.07769775,
2,18.762,2,1.870177,380.6213,-0.6052906,0.3236541,-3.06535,-12.4139,-34.0365,0.07769775,
2,18.772,2,1.870682,380.6297,-0.6060133,0.3239531,-3.06535,-12.4139,-34.0365,0.07769775,
2,18.782,2,1.868864,380.6554,-0.605846,0.3241788,-3.06535,-12.4139,-34.0365,0.07769775,
2,18.792,2,1.871017,380.6273,-0.6061043,0.3239438,-3.06535,-12.4139,-34.0365,0.07769775,
2,18.802,2,1.869156,380.6126,-0.6051536,0.3237577,-3.06535,-12.4139,-34.0365,0.07769775,
2,18.812,2,1.868442,380.6099,-0.6054042,0.3240154,-3.06535,-12.4139,-34.0365,0.07769775,
2,18.822,2,1.870594,380.5884,-0.60611,0.32402,-3.07297,-12.4139,-34.0376,0.0788002,
2,18.832,2,1.871797,380.6015,-0.604517,0.3229608,-3.07297,-12.4139,-34.0376,0.0788002,
2,18.842,2,1.869817,380.5858,-0.6027818,0.3223749,-3.07297,-12.4139,-34.0376,0.0788002,
2,18.852,2,1.867933,380.5935,-0.6048535,0.323809,-3.07297,-12.4139,-34.0376,0.0788002,
2,18.862,2,1.870011,380.6058,-0.6046855,0.3233593,-3.07297,-12.4139,-34.0376,0.0788002,
2,18.872,2,1.869817,380.6022,-0.6033387,0.3226725,-3.07297,-12.4139,-34.0376,0.0788002,
2,18.882,2,1.870255,380.5781,-0.6037961,0.3228415,-3.07297,-12.4139,-34.0376,0.0788002,
2,18.892,2,1.873596,380.5633,-0.6037263,0.3222286,-3.07297,-12.4139,-34.0376,0.0788002,
2,18.902,2,1.882288,380.5317,-0.6046368,0.3212244,-3.07297,-12.4139,-34.0376,0.0788002,
2,18.912,2,1.884866,380.5038,-0.609396,0.32331,-3.07297,-12.4139,-34.0376,0.0788002,
2,18.922,2,1.888669,380.4734,-0.6093626,0.3226413,-3.07297,-12.4139,-34.0376,0.0788002,
2,18.932,2,1.893626,380.4546,-0.6120852,0.3232345,-3.07297,-12.4139,-34.0376,0.0788002,
2,18.942,2,1.891251,380.4686,-0.6120844,0.32364,-3.07297,-12.4139,-34.0376,0.0788002,
2,18.952,2,1.89198,380.4569,-0.6120837,0.3235148,-3.07297,-12.4139,-34.0376,0.0788002,
2,18.962,2,1.893554,380.4557,-0.6123074,0.323364,-3.07297,-12.4139,-34.0376,0.0788002,
2,18.972,2,1.893152,380.4685,-0.6120607,0.3233024,-3.07297,-12.4139,-34.0376,0.0788002,
2,18.982,2,1.890322,380.4596,-0.6112514,0.3233583,-3.07297,-12.4139,-34.0376,0.0788002,
2,18.992,2,1.89125,380.4456,-0.6123981,0.3238059,-3.07297,-12.4139,-34.0376,0.0788002,
2,19.002,2,1.894777,380.4306,-0.6116514,0.3228092,-3.07297,-12.4139,-34.0376,0.0788002,
2,19.012,2,1.892547,380.4212,-0.6108848,0.3227844,-3.07297,-12.4139,-34.0376,0.0788002,
2,19.022,2,1.890198,380.4379,-0.6104652,0.3229636,-3.07297,-12.4139,-34.0376,0.0788002,
2,19.032,2,1.893769,380.4146,-0.6096334,0.3219155,-3.07297,-12.4139,-34.0376,0.0788002,
2,19.042,2,1.893357,380.4168,-0.608546,0.3214112,-3.07297,-12.4139,-34.0376,0.0788002,
2,19.052,2,1.893415,380.4043,-0.6107523,0.3225666,-3.08057,-12.4139,-34.0388,0.07999802,
2,19.062,2,1.890546,380.4266,-0.6127583,0.3241172,-3.08057,-12.4139,-34.0388,0.07999802,
2,19.072,2,1.890654,380.3864,-0.6115786,0.3234747,-3.08057,-12.4139,-34.0388,0.07999802,
2,19.082,2,1.891348,380.3389,-0.6118549,0.3235021,-3.08057,-12.4139,-34.0388,0.07999802,
2,19.092,2,1.891718,380.3962,-0.6126814,0.3238757,-3.08057,-12.4139,-34.0388,0.07999802,
2,19.102,2,1.898799,380.3742,-0.6120997,0.3223615,-3.08057,-12.4139,-34.0388,0.07999802,
2,19.112,2,1.902873,380.3256,-0.6154069,0.3234094,-3.08057,-12.4139,-34.0388,0.07999802,
2,19.122,2,1.908505,380.3021,-0.6196028,0.3246534,-3.08057,-12.4139,-34.0388,0.07999802,
2,19.132,2,1.910496,380.2829,-0.6164444,0.322662,-3.08057,-12.4139,-34.0388,0.07999802,
2,19.142,2,1.914706,380.3513,-0.6190227,0.3232991,-3.08057,-12.4139,-34.0388,0.07999802,
2,19.152,2,1.913515,380.2648,-0.617552,0.3227318,-3.08057,-12.4139,-34.0388,0.07999802,
2,19.162,2,1.913337,380.2616,-0.6182103,0.3231059,-3.08057,-12.4139,-34.0388,0.07999802,
2,19.172,2,1.914825,380.2636,-0.6188082,0.323167,-3.08057,-12.4139,-34.0388,0.07999802,
2,19.182,2,1.912634,380.2652,-0.6181411,0.3231884,-3.08057,-12.4139,-34.0388,0.07999802,
2,19.192,2,1.913532,380.2497,-0.6180804,0.323005,-3.08057,-12.4139,-34.0388,0.07999802,
2,19.202,2,1.915853,380.2243,-0.6197478,0.323484,-3.08057,-12.4139,-34.0388,0.07999802,
2,19.212,2,1.913452,380.2457,-0.6195483,0.3237857,-3.08057,-12.4139,-34.0388,0.07999802,
2,19.222,2,1.913937,380.2382,-0.6194482,0.3236514,-3.0876,-12.4139,-34.0399,0.08110046,
2,19.232,2,1.912632,380.2243,-0.6211104,0.3247411,-3.0876,-12.4139,-34.0399,0.08110046,
2,19.242,2,1.913549,380.223,-0.6195003,0.3237442,-3.0876,-12.4139,-34.0399,0.08110046,
2,19.252,2,1.914131,380.2258,-0.6215488,0.3247159,-3.0876,-12.4139,-34.0399,0.08110046,
2,19.262,2,1.911423,380.2661,-0.6212822,0.3250366,-3.0876,-12.4139,-34.0399,0.08110046,
2,19.272,2,1.91563,380.2058,-0.6186858,0.3229672,-3.0876,-12.4139,-34.0399,0.08110046,
2,19.282,2,1.921369,380.1718,-0.6231763,0.3243397,-3.0876,-12.4139,-34.0399,0.08110046,
2,19.292,2,1.926435,380.1736,-0.6242998,0.32407,-3.0876,-12.4139,-34.0399,0.08110046,
2,19.302,2,1.930929,380.1332,-0.6248936,0.3236233,-3.0876,-12.4139,-34.0399,0.08110046,
2,19.312,2,1.934556,380.0903,-0.6249381,0.3230395,-3.0876,-12.4139,-34.0399,0.08110046,
2,19.322,2,1.935624,380.0851,-0.6239561,0.322354,-3.0876,-12.4139,-34.0399,0.08110046,
2,19.332,2,1.934137,380.1006,-0.6255389,0.3234203,-3.0876,-12.4139,-34.0399,0.08110046,
2,19.342,2,1.934567,380.0954,-0.6252424,0.323195,-3.0876,-12.4139,-34.0399,0.08110046,
2,19.352,2,1.935884,380.0622,-0.624939,0.3228183,-3.0876,-12.4139,-34.0399,0.08110046,
2,19.362,2,1.936028,380.0739,-0.6253501,0.3230067,-3.0876,-12.4139,-34.0399,0.08110046,
2,19.372,2,1.935338,380.0914,-0.6278503,0.3244137,-3.0876,-12.4139,-34.0399,0.08110046,
2,19.382,2,1.934225,380.0526,-0.6287696,0.3250757,-3.0876,-12.4139,-34.0399,0.08110046,
2,19.392,2,1.936284,380.0491,-0.6274557,0.3240514,-3.0876,-12.4139,-34.0399,0.08110046,
2,19.402,2,1.934243,380.0379,-0.628561,0.3249648,-3.0876,-12.4139,-34.0399,0.08110046,
2,19.412,2,1.933026,380.0168,-0.6287593,0.325272,-3.0876,-12.4139,-34.0399,0.08110046,
2,19.422,2,1.933909,380.0388,-0.6267171,0.3240675,-3.09358,-12.4139,-34.041,0.0821991,
2,19.432,2,1.937105,380.0405,-0.6283115,0.3243559,-3.09358,-12.4139,-34.041,0.0821991,
2,19.442,2,1.935369,380.0408,-0.6295288,0.3252758,-3.09358,-12.4139,-34.041,0.0821991,
2,19.452,2,1.934789,380.0343,-0.628372,0.3247754,-3.09358,-12.4139,-34.041,0.0821991,
2,19.462,2,1.933209,380.0466,-0.6293802,0.3255625,-3.09358,-12.4139,-34.041,0.0821991,
2,19.472,2,1.932864,380.0251,-0.6299898,0.3259358,-3.09358,-12.4139,-34.041,0.0821991,
2,19.482,2,1.934431,380.0093,-0.6285623,0.3249339,-3.09358,-12.4139,-34.041,0.0821991,
2,19.492,2,1.93552,380.0059,-0.6283144,0.3246231,-3.09358,-12.4139,-34.041,0.0821991,
2,19.502,2,1.938622,380.0006,-0.6297815,0.3248603,-3.09358,-12.4139,-34.041,0.0821991,
2,19.512,2,1.94583,379.9509,-0.6313503,0.3244632,-3.09358,-12.4139,-34.041,0.0821991,
2,19.522,2,1.949957,379.9098,-0.6341338,0.3252039,-3.09358,-12.4139,-34.041,0.0821991,
2,19.532,2,1.95443,379.9196,-0.6363089,0.3255726,-3.09358,-12.4139,-34.041,0.0821991,
2,19.542,2,1.954066,379.9225,-0.6363697,0.3256644,-3.09358,-12.4139,-34.041,0.0821991,
2,19.552,2,1.956756,379.9142,-0.6375753,0.3258328,-3.09358,-12.4139,-34.041,0.0821991,
2,19.562,2,1.958877,379.9023,-0.6354345,0.3243872,-3.09358,-12.4139,-34.041,0.0821991,
2,19.572,2,1.957167,379.8918,-0.6352191,0.3245606,-3.09358,-12.4139,-34.041,0.0821991,
2,19.582,2,1.954656,379.8909,-0.6382067,0.3265059,-3.09358,-12.4139,-34.041,0.0821991,
2,19.592,2,1.955504,379.8783,-0.6350552,0.3247528,-3.09358,-12.4139,-34.041,0.0821991,
2,19.602,2,1.958147,379.8713,-0.6344615,0.3240111,-3.09358,-12.4139,-34.041,0.0821991,
2,19.612,2,1.955951,379.8787,-0.6356913,0.3250037,-3.09358,-12.4139,-34.041,0.0821991,
2,19.622,2,1.955359,379.8484,-0.6356233,0.3250673,-3.09358,-12.4139,-34.041,0.0821991,
2,19.632,2,1.954459,379.8471,-0.6344071,0.3245948,-3.09358,-12.4139,-34.041,0.0821991,
2,19.642,2,1.954458,379.848,-0.6357436,0.3252788,-3.10115,-12.4139,-34.042,0.08319855,
2,19.652,2,1.954894,379.849,-0.635936,0.3253047,-3.10115,-12.4139,-34.042,0.08319855,
2,19.662,2,1.954648,379.8464,-0.6362417,0.3255019,-3.10115,-12.4139,-34.042,0.08319855,
2,19.672,2,1.954676,379.7834,-0.6365927,0.3256768,-3.10115,-12.4139,-34.042,0.08319855,
2,19.682,2,1.954847,379.8104,-0.6381071,0.3264231,-3.10115,-12.4139,-34.042,0.08319855,
2,19.692,2,1.95429,379.7972,-0.6393173,0.3271352,-3.10115,-12.4139,-34.042,0.08319855,
2,19.702,2,1.957352,379.8588,-0.6392152,0.3265714,-3.10115,-12.4139,-34.042,0.08319855,
2,19.712,2,1.95974,379.7924,-0.638684,0.3259024,-3.10115,-12.4139,-34.042,0.08319855,
2,19.722,2,1.965147,379.7562,-0.6402948,0.3258254,-3.10115,-12.4139,-34.042,0.08319855,
2,19.732,2,1.971771,379.8082,-0.6411827,0.3251811,-3.10115,-12.4139,-34.042,0.08319855,
2,19.742,2,1.97496,379.7179,-0.6431623,0.3256585,-3.10115,-12.4139,-34.042,0.08319855,
2,19.752,2,1.974169,379.6976,-0.6418684,0.3251334,-3.10115,-12.4139,-34.042,0.08319855,
2,19.762,2,1.976124,379.7156,-0.643442,0.3256081,-3.10115,-12.4139,-34.042,0.08319855,
2,19.772,2,1.977061,379.7067,-0.6414578,0.3244501,-3.10115,-12.4139,-34.042,0.08319855,
2,19.782,2,1.976113,379.6951,-0.64081,0.3242781,-3.10115,-12.4139,-34.042,0.08319855,
2,19.792,2,1.975783,379.6766,-0.6435031,0.3256953,-3.10115,-12.4139,-34.042,0.08319855,
2,19.802,2,1.977523,379.6858,-0.6425182,0.3249106,-3.10115,-12.4139,-34.042,0.08319855,
2,19.812,2,1.975669,379.6815,-0.644813,0.326377,-3.10115,-12.4139,-34.042,0.08319855,
2,19.822,2,1.975377,379.664,-0.6450521,0.3265463,-3.10115,-12.4139,-34.042,0.08319855,
2,19.832,2,1.974924,379.6466,-0.6442433,0.3262117,-3.10115,-12.4139,-34.042,0.08319855,
2,19.842,2,1.974658,379.6777,-0.6457637,0.3270257,-3.10115,-12.4139,-34.042,0.08319855,
2,19.852,2,1.977168,379.6797,-0.6452103,0.3263306,-3.10115,-12.4139,-34.042,0.08319855,
2,19.862,2,1.973643,379.6485,-0.6440215,0.3263111,-3.1082,-12.4139,-34.0431,0.08429718,
2,19.872,2,1.976041,379.6351,-0.6446204,0.3262181,-3.1082,-12.4139,-34.0431,0.08429718,
2,19.882,2,1.976296,379.669,-0.645691,0.3267178,-3.1082,-12.4139,-34.0431,0.08429718,
2,19.892,2,1.97454,379.6369,-0.6450472,0.3266823,-3.1082,-12.4139,-34.0431,0.08429718,
2,19.902,2,1.975131,379.6303,-0.642812,0.3254529,-3.1082,-12.4139,-34.0431,0.08429718,
2,19.912,2,1.974236,379.6071,-0.6437949,0.3260982,-3.1082,-12.4139,-34.0431,0.08429718,
2,19.922,2,1.97216,379.6169,-0.6426565,0.3258643,-3.1082,-12.4139,-34.0431,0.08429718,
2,19.932,2,1.974213,379.6214,-0.6444958,0.3264571,-3.1082,-12.4139,-34.0431,0.08429718,
2,19.942,2,1.976718,379.6076,-0.6448742,0.3262348,-3.1082,-12.4139,-34.0431,0.08429718,
2,19.952,2,1.979867,379.5877,-0.6468683,0.3267231,-3.1082,-12.4139,-34.0431,0.08429718,
2,19.962,2,1.986459,379.5673,-0.6476195,0.3260171,-3.1082,-12.4139,-34.0431,0.08429718,
2,19.972,2,1.992632,379.4998,-0.6504185,0.3264118,-3.1082,-12.4139,-34.0431,0.08429718,
2,19.982,2,1.997339,379.4994,-0.6504101,0.3256382,-3.1082,-12.4139,-34.0431,0.08429718,
2,19.992,2,1.996895,379.4869,-0.6527563,0.3268856,-3.1082,-12.4139,-34.0431,0.08429718,
2,20.002,2,1.99722,379.4593,-0.6528794,0.3268941,-3.1158,-12.4139,-34.0442,0.08539963,
2,20.012,2,1.997678,379.4865,-0.6497329,0.3252441,-3.1158,-12.4139,-34.0442,0.08539963,
2,20.022,2,1.994901,379.4945,-0.6513029,0.3264838,-3.1158,-12.4139,-34.0442,0.08539963,
2,20.032,2,1.995325,379.516,-0.652896,0.3272128,-3.1158,-12.4139,-34.0442,0.08539963,
2,20.042,2,1.995614,379.4764,-0.6499894,0.325709,-3.1158,-12.4139,-34.0442,0.08539963,
2,20.052,2,1.994189,379.4809,-0.6506586,0.3262773,-3.1158,-12.4139,-34.0442,0.08539963,
2,20.062,2,1.994722,379.4616,-0.6518611,0.326793,-3.1158,-12.4139,-34.0442,0.08539963,
2,20.072,2,1.996339,379.4593,-0.6484161,0.3248025,-3.1158,-12.4139,-34.0442,0.08539963,
2,20.082,2,1.995051,379.4556,-0.6518009,0.326709,-3.1158,-12.4139,-34.0442,0.08539963,
2,20.092,2,1.994714,379.4501,-0.6550151,0.3283754,-3.1158,-12.4139,-34.0442,0.08539963,
2,20.102,2,1.994529,379.4382,-0.6533021,0.327547,-3.1158,-12.4139,-34.0442,0.08539963,
2,20.112,2,1.995113,379.4219,-0.6537733,0.3276873,-3.1158,-12.4139,-34.0442,0.08539963,
2,20.122,2,1.997228,379.4259,-0.6541143,0.327511,-3.1158,-12.4139,-34.0442,0.08539963,
2,20.132,2,1.993157,379.4196,-0.6529786,0.3276102,-3.1158,-12.4139,-34.0442,0.08539963,
2,20.142,2,1.994787,379.4161,-0.6547145,0.3282128,-3.1158,-12.4139,-34.0442,0.08539963,
2,20.152,2,1.998652,379.4188,-0.6526969,0.3265685,-3.1158,-12.4139,-34.0442,0.08539963,
2,20.162,2,2.00102,379.3712,-0.655202,0.327434,-3.1158,-12.4139,-34.0442,0.08539963,
2,20.172,2,2.008913,379.3566,-0.6547667,0.3259309,-3.1158,-12.4139,-34.0442,0.08539963,
2,20.182,2,2.013505,379.3316,-0.657786,0.3266871,-3.1158,-12.4139,-34.0442,0.08539963,
2,20.192,2,2.016899,379.3096,-0.6575691,0.3260297,-3.1158,-12.4139,-34.0442,0.08539963,
2,20.202,2,2.016538,379.2963,-0.6591688,0.3268814,-3.1158,-12.4139,-34.0442,0.08539963,
2,20.212,2,2.018854,379.2973,-0.6581312,0.3259925,-3.1158,-12.4139,-34.0442,0.08539963,
2,20.222,2,2.018512,379.2812,-0.6570055,0.3254901,-3.1158,-12.4139,-34.0442,0.08539963,
2,20.232,2,2.017084,379.2938,-0.6604134,0.32741,-3.1158,-12.4139,-34.0442,0.08539963,
2,20.242,2,2.01908,379.2729,-0.6592703,0.3265201,-3.1158,-12.4139,-34.0442,0.08539963,
2,20.252,2,2.018279,379.254,-0.6603439,0.3271817,-3.1158,-12.4139,-34.0442,0.08539963,
2,20.262,2,2.017282,379.2187,-0.6609194,0.3276286,-3.1158,-12.4139,-34.0442,0.08539963,
2,20.272,2,2.016973,379.2502,-0.6598108,0.3271292,-3.1158,-12.4139,-34.0442,0.08539963,
2,20.282,2,2.020331,379.2502,-0.6607893,0.3270698,-3.1158,-12.4139,-34.0442,0.08539963,
2,20.292,2,2.018032,379.2598,-0.661236,0.3276638,-3.1158,-12.4139,-34.0442,0.08539963,
2,20.302,2,2.018009,379.2321,-0.6624973,0.3282925,-3.1234,-12.4139,-34.0454,0.08659744,
2,20.312,2,2.017985,379.2448,-0.661342,0.327724,-3.1234,-12.4139,-34.0454,0.08659744,
2,20.322,2,2.018682,379.2878,-0.6621884,0.32803,-3.1234,-12.4139,-34.0454,0.08659744,
2,20.332,2,2.018196,379.2186,-0.6606148,0.3273294,-3.1234,-12.4139,-34.0454,0.08659744,
2,20.342,2,2.019134,379.2175,-0.6588112,0.3262841,-3.1234,-12.4139,-34.0454,0.08659744,
2,20.352,2,2.025831,379.2036,-0.6611706,0.32637,-3.1234,-12.4139,-34.0454,0.08659744,
2,20.362,2,2.028053,379.1663,-0.6612917,0.3260722,-3.1234,-12.4139,-34.0454,0.08659744,
2,20.372,2,2.035048,379.1284,-0.660953,0.3247849,-3.1234,-12.4139,-34.0454,0.08659744,
2,20.382,2,2.040639,379.099,-0.6657404,0.3262411,-3.1234,-12.4139,-34.0454,0.08659744,
2,20.392,2,2.040238,379.1071,-0.665522,0.3261982,-3.1234,-12.4139,-34.0454,0.08659744,
2,20.402,2,2.037604,379.094,-0.6673136,0.3274992,-3.1234,-12.4139,-34.0454,0.08659744,
2,20.412,2,2.042622,379.1111,-0.6678999,0.3269817,-3.1234,-12.4139,-34.0454,0.08659744,
2,20.422,2,2.040396,379.0896,-0.6658419,0.3263297,-3.1234,-12.4139,-34.0454,0.08659744,
2,20.432,2,2.038762,379.0804,-0.6672502,0.327282,-3.1234,-12.4139,-34.0454,0.08659744,
2,20.442,2,2.040285,379.0986,-0.6703742,0.3285689,-3.1234,-12.4139,-34.0454,0.08659744,
2,20.452,2,2.039465,379.0745,-0.667614,0.3273476,-3.1234,-12.4139,-34.0454,0.08659744,
2,20.462,2,2.040388,379.0566,-0.6687572,0.3277599,-3.1234,-12.4139,-34.0454,0.08659744,
2,20.472,2,2.038217,379.0625,-0.6718845,0.3296433,-3.1234,-12.4139,-34.0454,0.08659744,
2,20.482,2,2.03882,379.0437,-0.668885,0.3280746,-3.1234,-12.4139,-34.0454,0.08659744,
2,20.492,2,2.041618,379.0474,-0.6656355,0.3260333,-3.1234,-12.4139,-34.0454,0.08659744,
2,20.502,2,2.039285,379.0318,-0.6671904,0.3271687,-3.1299,-12.4139,-34.0465,0.08769989,
2,20.512,2,2.038933,379.0369,-0.6675546,0.3274039,-3.1299,-12.4139,-34.0465,0.08769989,
2,20.522,2,2.040504,379.038,-0.6673123,0.3270331,-3.1299,-12.4139,-34.0465,0.08769989,
2,20.532,2,2.041378,379.0158,-0.6697937,0.3281086,-3.1299,-12.4139,-34.0465,0.08769989,
2,20.542,2,2.038546,379.0237,-0.6702652,0.3287957,-3.1299,-12.4139,-34.0465,0.08769989,
2,20.552,2,2.038992,379.023,-0.6688807,0.3280448,-3.1299,-12.4139,-34.0465,0.08769989,
2,20.562,2,2.039231,378.9711,-0.6704967,0.3287989,-3.1299,-12.4139,-34.0465,0.08769989,
2,20.572,2,2.043377,378.995,-0.6690271,0.3274125,-3.1299,-12.4139,-34.0465,0.08769989,
2,20.582,2,2.050696,378.954,-0.671428,0.3274148,-3.1299,-12.4139,-34.0465,0.08769989,
2,20.592,2,2.053326,378.9111,-0.675346,0.3289034,-3.1299,-12.4139,-34.0465,0.08769989,
2,20.602,2,2.060632,378.9016,-0.6737489,0.3269622,-3.1299,-12.4139,-34.0465,0.08769989,
2,20.612,2,2.063829,378.9182,-0.6730154,0.3261003,-3.1299,-12.4139,-34.0465,0.08769989,
2,20.622,2,2.06118,378.8982,-0.6741727,0.3270809,-3.1299,-12.4139,-34.0465,0.08769989,
2,20.632,2,2.062303,378.8843,-0.6722243,0.325958,-3.1299,-12.4139,-34.0465,0.08769989,
2,20.642,2,2.06254,378.8967,-0.6737986,0.3266839,-3.1299,-12.4139,-34.0465,0.08769989,
2,20.652,2,2.061535,378.8823,-0.6733847,0.3266425,-3.1299,-12.4139,-34.0465,0.08769989,
2,20.662,2,2.061476,378.8748,-0.6722088,0.3260814,-3.1299,-12.4139,-34.0465,0.08769989,
2,20.672,2,2.060512,378.8667,-0.6756771,0.3279171,-3.1299,-12.4139,-34.0465,0.08769989,
2,20.682,2,2.058524,378.8636,-0.676415,0.3285923,-3.1299,-12.4139,-34.0465,0.08769989,
2,20.692,2,2.061388,378.8457,-0.6743532,0.3271355,-3.1375,-12.4139,-34.0476,0.08879852,
2,20.702,2,2.063059,378.8303,-0.6770845,0.3281944,-3.1375,-12.4139,-34.0476,0.08879852,
2,20.712,2,2.059335,378.8474,-0.6792587,0.3298438,-3.1375,-12.4139,-34.0476,0.08879852,
2,20.722,2,2.061139,378.8338,-0.6744059,0.3272005,-3.1375,-12.4139,-34.0476,0.08879852,
2,20.732,2,2.063377,378.823,-0.6771961,0.328198,-3.1375,-12.4139,-34.0476,0.08879852,
2,20.742,2,2.06229,378.8315,-0.6786485,0.3290752,-3.1375,-12.4139,-34.0476,0.08879852,
2,20.752,2,2.06141,378.8228,-0.67737,0.3285955,-3.1375,-12.4139,-34.0476,0.08879852,
2,20.762,2,2.061026,378.8205,-0.6796521,0.329764,-3.1375,-12.4139,-34.0476,0.08879852,
2,20.772,2,2.061677,378.8002,-0.6783945,0.3290498,-3.1375,-12.4139,-34.0476,0.08879852,
2,20.782,2,2.059509,378.8026,-0.6754656,0.3279742,-3.1375,-12.4139,-34.0476,0.08879852,
2,20.792,2,2.060048,378.803,-0.6760638,0.3281786,-3.1375,-12.4139,-34.0476,0.08879852,
2,20.802,2,2.061133,378.7952,-0.6760812,0.3280144,-3.1375,-12.4139,-34.0476,0.08879852,
2,20.812,2,2.064212,378.7735,-0.6777502,0.3283336,-3.1375,-12.4139,-34.0476,0.08879852,
2,20.822,2,2.071467,378.7603,-0.6848033,0.3305886,-3.1375,-12.4139,-34.0476,0.08879852,
2,20.832,2,2.075354,378.7094,-0.6861522,0.3306194,-3.1375,-12.4139,-34.0476,0.08879852,
2,20.842,2,2.079082,378.6891,-0.6807885,0.3274468,-3.1375,-12.4139,-34.0476,0.08879852,
2,20.852,2,2.081705,378.6349,-0.6941594,0.3334572,-3.1375,-12.4139,-34.0476,0.08879852,
2,20.862,2,2.08124,378.6826,-0.6931157,0.3330302,-3.1375,-12.4139,-34.0476,0.08879852,
2,20.872,2,2.082144,378.6875,-0.6904038,0.3315831,-3.1375,-12.4139,-34.0476,0.08879852,
2,20.882,2,2.082486,378.688,-0.68681,0.329803,-3.1375,-12.4139,-34.0476,0.08879852,
2,20.892,2,2.081676,378.6589,-0.6850421,0.3290819,-3.1375,-12.4139,-34.0476,0.08879852,
2,20.902,2,2.082274,378.6507,-0.6841713,0.3285692,-3.1375,-12.4139,-34.0476,0.08879852,
2,20.912,2,2.082893,378.6784,-0.6839287,0.3283551,-3.1375,-12.4139,-34.0476,0.08879852,
2,20.922,2,2.081645,378.6396,-0.6844482,0.3288015,-3.1375,-12.4139,-34.0476,0.08879852,
2,20.932,2,2.082371,378.6299,-0.682428,0.3277168,-3.1375,-12.4139,-34.0476,0.08879852,
2,20.942,2,2.082391,378.6434,-0.6837049,0.3283269,-3.14563,-12.4139,-34.0487,0.08989716,
2,20.952,2,2.081241,378.6222,-0.682021,0.3276992,-3.14563,-12.4139,-34.0487,0.08989716,
2,20.962,2,2.080078,378.6136,-0.679245,0.3265478,-3.14563,-12.4139,-34.0487,0.08989716,
2,20.972,2,2.081314,378.6163,-0.6821178,0.3277342,-3.14563,-12.4139,-34.0487,0.08989716,
2,20.982,2,2.082586,378.6042,-0.6823693,0.3276548,-3.14563,-12.4139,-34.0487,0.08989716,
2,20.992,2,2.078268,378.5992,-0.6845341,0.3293772,-3.14563,-12.4139,-34.0487,0.08989716,
2,21.002,2,2.07834,378.608,-0.6870224,0.330563,-3.14563,-12.4139,-34.0487,0.08989716,
2,21.012,2,2.079895,378.5989,-0.6847548,0.3292257,-3.14563,-12.4139,-34.0487,0.08989716,
2,21.022,2,2.078664,378.5731,-0.6851866,0.3296284,-3.14563,-12.4139,-34.0487,0.08989716,
2,21.032,2,2.079978,378.5789,-0.6860591,0.3298395,-3.14563,-12.4139,-34.0487,0.08989716,
2,21.042,2,2.080985,378.5788,-0.6872414,0.3302481,-3.14563,-12.4139,-34.0487,0.08989716,
2,21.052,2,2.085463,378.5619,-0.6848038,0.3283702,-3.14563,-12.4139,-34.0487,0.08989716,
2,21.062,2,2.090589,378.532,-0.6892322,0.3296832,-3.14563,-12.4139,-34.0487,0.08989716,
2,21.072,2,2.096757,378.4835,-0.6869547,0.3276272,-3.14563,-12.4139,-34.0487,0.08989716,
2,21.082,2,2.099493,378.4751,-0.6889462,0.3281489,-3.14563,-12.4139,-34.0487,0.08989716,
2,21.092,2,2.102168,378.468,-0.6893154,0.3279069,-3.14563,-12.4139,-34.0487,0.08989716,
2,21.102,2,2.100495,378.4458,-0.6875088,0.3273079,-3.14563,-12.4139,-34.0487,0.08989716,
2,21.112,2,2.103477,378.4625,-0.6876165,0.3268952,-3.14563,-12.4139,-34.0487,0.08989716,
2,21.122,2,2.101203,378.4607,-0.6892347,0.328019,-3.14563,-12.4139,-34.0487,0.08989716,
2,21.132,2,2.101303,378.4554,-0.6903424,0.3285306,-3.14563,-12.4139,-34.0487,0.08989716,
2,21.142,2,2.104832,378.4284,-0.691455,0.3285085,-3.14563,-12.4139,-34.0487,0.08989716,
2,21.152,2,2.102105,378.3855,-0.6923829,0.329376,-3.14563,-12.4139,-34.0487,0.08989716,
2,21.162,2,2.102527,378.4258,-0.6929821,0.3295948,-3.14563,-12.4139,-34.0487,0.08989716,
2,21.172,2,2.10271,378.3918,-0.6915271,0.3288743,-3.14563,-12.4139,-34.0487,0.08989716,
2,21.182,2,2.102626,378.3863,-0.6899833,0.3281532,-3.14563,-12.4139,-34.0487,0.08989716,
2,21.192,2,2.102695,378.402,-0.6915498,0.3288874,-3.15325,-12.4139,-34.0498,0.0909996,
2,21.202,2,2.100968,378.4103,-0.6931186,0.3299044,-3.15325,-12.4139,-34.0498,0.0909996,
2,21.212,2,2.099943,378.4183,-0.691758,0.3294176,-3.15325,-12.4139,-34.0498,0.0909996,
2,21.222,2,2.103104,378.3876,-0.689702,0.3279449,-3.15325,-12.4139,-34.0498,0.0909996,
2,21.232,2,2.100423,378.3967,-0.691019,0.3289904,-3.15325,-12.4139,-34.0498,0.0909996,
2,21.242,2,2.09992,378.3943,-0.6927254,0.3298819,-3.15325,-12.4139,-34.0498,0.0909996,
2,21.252,2,2.10239,378.3865,-0.6888122,0.3276329,-3.15325,-12.4139,-34.0498,0.0909996,
2,21.262,2,2.099358,378.3803,-0.6918674,0.3295614,-3.15325,-12.4139,-34.0498,0.0909996,
2,21.272,2,2.103903,378.3646,-0.6935368,0.329643,-3.15325,-12.4139,-34.0498,0.0909996,
2,21.282,2,2.111657,378.3328,-0.6924862,0.327935,-3.15325,-12.4139,-34.0498,0.0909996,
2,21.292,2,2.114112,378.2867,-0.6964323,0.3294207,-3.15325,-12.4139,-34.0498,0.0909996,
2,21.302,2,2.120914,378.266,-0.7005368,0.3302996,-3.15325,-12.4139,-34.0498,0.0909996,
2,21.312,2,2.125925,378.2577,-0.699459,0.3290139,-3.15325,-12.4139,-34.0498,0.0909996,
2,21.322,2,2.124953,378.2577,-0.7012252,0.3299956,-3.15325,-12.4139,-34.0498,0.0909996,
2,21.332,2,2.123304,378.2416,-0.7012354,0.3302567,-3.15325,-12.4139,-34.0498,0.0909996,
2,21.342,2,2.123243,378.2411,-0.6994103,0.3294066,-3.15325,-12.4139,-34.0498,0.0909996,
2,21.352,2,2.126394,378.2266,-0.6995888,0.3290024,-3.15325,-12.4139,-34.0498,0.0909996,
2,21.362,2,2.124863,378.226,-0.7006599,0.3297436,-3.15325,-12.4139,-34.0498,0.0909996,
2,21.372,2,2.122206,378.2191,-0.6998606,0.3297797,-3.15325,-12.4139,-34.0498,0.0909996,
2,21.382,2,2.125182,378.213,-0.6984218,0.3286409,-3.15325,-12.4139,-34.0498,0.0909996,
2,21.392,2,2.125453,378.205,-0.6980926,0.3284442,-3.15325,-12.4139,-34.0498,0.0909996,
2,21.402,2,2.122942,378.2136,-0.7003281,0.3298857,-3.15325,-12.4139,-34.0498,0.0909996,
2,21.412,2,2.126441,378.2122,-0.6983905,0.3284317,-3.15325,-12.4139,-34.0498,0.0909996,
2,21.422,2,2.123577,378.178,-0.6994268,0.3293627,-3.16138,-12.4139,-34.051,0.09219742,
2,21.432,2,2.123901,378.1712,-0.700335,0.3297399,-3.16138,-12.4139,-34.051,0.09219742,
2,21.442,2,2.123116,378.1661,-0.7036266,0.3314122,-3.16138,-12.4139,-34.051,0.09219742,
2,21.452,2,2.124424,378.172,-0.7005571,0.3297634,-3.16138,-12.4139,-34.051,0.09219742,
2,21.462,2,2.125661,378.1608,-0.7006692,0.3296241,-3.16138,-12.4139,-34.051,0.09219742,
2,21.472,2,2.130758,378.1471,-0.7037027,0.3302594,-3.16138,-12.4139,-34.051,0.09219742,
2,21.482,2,2.136041,378.1118,-0.7054399,0.3302557,-3.16138,-12.4139,-34.051,0.09219742,
2,21.492,2,2.144096,378.0881,-0.7052155,0.3289104,-3.16138,-12.4139,-34.051,0.09219742,
2,21.502,2,2.147612,378.0551,-0.7057806,0.3286351,-3.16138,-12.4139,-34.051,0.09219742,
2,21.512,2,2.148176,378.0598,-0.7057226,0.3285217,-3.16138,-12.4139,-34.051,0.09219742,
2,21.522,2,2.148337,378.0445,-0.7061559,0.3286989,-3.16138,-12.4139,-34.051,0.09219742,
2,21.532,2,2.146568,378.0578,-0.706017,0.328905,-3.16138,-12.4139,-34.051,0.09219742,
2,21.542,2,2.147955,378.0276,-0.7058156,0.3285989,-3.16138,-12.4139,-34.051,0.09219742,
2,21.552,2,2.14762,378.0208,-0.7060477,0.3287582,-3.16138,-12.4139,-34.051,0.09219742,
2,21.562,2,2.147782,378.0208,-0.7075275,0.3294224,-3.16138,-12.4139,-34.051,0.09219742,
2,21.572,2,2.147314,378.0068,-0.7072756,0.3293769,-3.16138,-12.4139,-34.051,0.09219742,
2,21.582,2,2.147555,378.0037,-0.7090336,0.3301586,-3.16138,-12.4139,-34.051,0.09219742,
2,21.592,2,2.145068,378.0094,-0.7108567,0.3313913,-3.16138,-12.4139,-34.051,0.09219742,
2,21.602,2,2.146264,377.9892,-0.7105604,0.3310685,-3.16138,-12.4139,-34.051,0.09219742,
2,21.612,2,2.145304,377.98,-0.7095426,0.3307421,-3.16138,-12.4139,-34.051,0.09219742,
2,21.622,2,2.145977,377.9525,-0.7110193,0.3313266,-3.16138,-12.4139,-34.051,0.09219742,
2,21.632,2,2.14547,377.9773,-0.707528,0.3297776,-3.16788,-12.4139,-34.0521,0.09329987,
2,21.642,2,2.143266,377.9618,-0.7096111,0.3310887,-3.16788,-12.4139,-34.0521,0.09329987,
2,21.652,2,2.14618,377.9562,-0.7113823,0.3314644,-3.16788,-12.4139,-34.0521,0.09329987,
2,21.662,2,2.14635,377.959,-0.7079955,0.3298602,-3.16788,-12.4139,-34.0521,0.09329987,
2,21.672,2,2.150561,377.9553,-0.709462,0.3298963,-3.16788,-12.4139,-34.0521,0.09329987,
2,21.682,2,2.154896,377.9315,-0.7119538,0.330389,-3.16788,-12.4139,-34.0521,0.09329987,
2,21.692,2,2.160219,377.8786,-0.7091607,0.3282818,-3.16788,-12.4139,-34.0521,0.09329987,
2,21.702,2,2.168246,377.8705,-0.7116944,0.328235,-3.16788,-12.4139,-34.0521,0.09329987,
2,21.712,2,2.16981,377.8546,-0.7153034,0.3296618,-3.16788,-12.4139,-34.0521,0.09329987,
2,21.722,2,2.169887,377.8556,-0.7164191,0.3301642,-3.16788,-12.4139,-34.0521,0.09329987,
2,21.732,2,2.173862,377.8357,-0.7156922,0.3292261,-3.16788,-12.4139,-34.0521,0.09329987,
2,21.742,2,2.170434,377.8056,-0.7160973,0.3299328,-3.16788,-12.4139,-34.0521,0.09329987,
2,21.752,2,2.170659,377.8136,-0.7143939,0.3291139,-3.16788,-12.4139,-34.0521,0.09329987,
2,21.762,2,2.170269,377.8024,-0.7169582,0.3303545,-3.16788,-12.4139,-34.0521,0.09329987,
2,21.772,2,2.170094,377.8051,-0.7171868,0.3304866,-3.16788,-12.4139,-34.0521,0.09329987,
2,21.782,2,2.170891,377.796,-0.7165701,0.3300812,-3.16788,-12.4139,-34.0521,0.09329987,
2,21.792,2,2.17072,377.7994,-0.7184032,0.3309516,-3.16788,-12.4139,-34.0521,0.09329987,
2,21.802,2,2.169277,377.8144,-0.7170532,0.3305494,-3.16788,-12.4139,-34.0521,0.09329987,
2,21.812,2,2.169858,377.7763,-0.7177857,0.3307985,-3.16788,-12.4139,-34.0521,0.09329987,
2,21.822,2,2.169168,377.7883,-0.7167282,0.3304161,-3.16788,-12.4139,-34.0521,0.09329987,
2,21.832,2,2.170583,377.7851,-0.7166272,0.3301543,-3.16788,-12.4139,-34.0521,0.09329987,
2,21.842,2,2.168251,377.7699,-0.7185075,0.3313766,-3.17493,-12.4139,-34.0533,0.09449768,
2,21.852,2,2.16694,377.7601,-0.7181482,0.3314112,-3.17493,-12.4139,-34.0533,0.09449768,
2,21.862,2,2.169928,377.7491,-0.7165236,0.3302062,-3.17493,-12.4139,-34.0533,0.09449768,
2,21.872,2,2.169674,377.7436,-0.7166375,0.3302973,-3.17493,-12.4139,-34.0533,0.09449768,
2,21.882,2,2.168183,377.735,-0.7178146,0.3310674,-3.17493,-12.4139,-34.0533,0.09449768,
2,21.892,2,2.167215,377.743,-0.7256572,0.334834,-3.17493,-12.4139,-34.0533,0.09449768,
2,21.902,2,2.168631,377.7316,-0.7210048,0.33247,-3.17493,-12.4139,-34.0533,0.09449768,
2,21.912,2,2.17342,377.7106,-0.7194185,0.3310075,-3.17493,-12.4139,-34.0533,0.09449768,
2,21.922,2,2.173733,377.6802,-0.7214643,0.3319012,-3.17493,-12.4139,-34.0533,0.09449768,
2,21.932,2,2.182699,377.6665,-0.7287657,0.3338828,-3.17493,-12.4139,-34.0533,0.09449768,
2,21.942,2,2.186581,377.6239,-0.7256605,0.3318699,-3.17493,-12.4139,-34.0533,0.09449768,
2,21.952,2,2.189631,377.6245,-0.7251945,0.3311948,-3.17493,-12.4139,-34.0533,0.09449768,
2,21.962,2,2.192588,377.6136,-0.7229552,0.3297269,-3.17493,-12.4139,-34.0533,0.09449768,
2,21.972,2,2.193059,377.5836,-0.7240911,0.330174,-3.17493,-12.4139,-34.0533,0.09449768,
2,21.982,2,2.194299,377.5941,-0.7243607,0.3301102,-3.17493,-12.4139,-34.0533,0.09449768,
2,21.992,2,2.193328,377.5923,-0.7214962,0.3289504,-3.17493,-12.4139,-34.0533,0.09449768,
2,22.002,2,2.191781,377.592,-0.7247676,0.3306752,-3.17493,-12.4139,-34.0533,0.09449768,
2,22.012,2,2.193781,377.5542,-0.7254956,0.3307056,-3.17493,-12.4139,-34.0533,0.09449768,
2,22.022,2,2.189912,377.5586,-0.7243869,0.3307835,-3.17493,-12.4139,-34.0533,0.09449768,
2,22.032,2,2.191035,377.5664,-0.7265798,0.331615,-3.17493,-12.4139,-34.0533,0.09449768,
2,22.042,2,2.189632,377.5524,-0.7263021,0.3317006,-3.17493,-12.4139,-34.0533,0.09449768,
2,22.052,2,2.190983,377.5456,-0.7259579,0.3313389,-3.17493,-12.4139,-34.0533,0.09449768,
2,22.062,2,2.190629,377.5646,-0.7281965,0.3324144,-3.18305,-12.4139,-34.0544,0.09560013,
2,22.072,2,2.19166,377.543,-0.7256537,0.3310978,-3.18305,-12.4139,-34.0544,0.09560013,
2,22.082,2,2.190812,377.5351,-0.7263702,0.331553,-3.18305,-12.4139,-34.0544,0.09560013,
2,22.092,2,2.18907,377.4804,-0.7253731,0.3313614,-3.18305,-12.4139,-34.0544,0.09560013,
2,22.102,2,2.189872,377.5279,-0.7256691,0.3313751,-3.18305,-12.4139,-34.0544,0.09560013,
2,22.112,2,2.190437,377.5207,-0.7250732,0.3310176,-3.18305,-12.4139,-34.0544,0.09560013,
2,22.122,2,2.188856,377.5253,-0.7259482,0.3316565,-3.18305,-12.4139,-34.0544,0.09560013,
2,22.132,2,2.189503,377.5031,-0.7248059,0.3310368,-3.18305,-12.4139,-34.0544,0.09560013,
2,22.142,2,2.189632,377.4952,-0.7235113,0.330426,-3.18305,-12.4139,-34.0544,0.09560013,
2,22.152,2,2.187901,377.5054,-0.7241694,0.3309882,-3.18305,-12.4139,-34.0544,0.09560013,
2,22.162,2,2.188533,377.4871,-0.7262769,0.3318556,-3.18305,-12.4139,-34.0544,0.09560013,
2,22.172,2,2.189768,377.4815,-0.727157,0.3320704,-3.18305,-12.4139,-34.0544,0.09560013,
2,22.182,2,2.191584,377.48,-0.7281402,0.3322437,-3.18305,-12.4139,-34.0544,0.09560013,
2,22.192,2,2.195305,377.4421,-0.7274544,0.3313682,-3.18305,-12.4139,-34.0544,0.09560013,
2,22.202,2,2.201164,377.3876,-0.7305005,0.3318701,-3.18305,-12.4139,-34.0544,0.09560013,
2,22.212,2,2.207298,377.3373,-0.7337338,0.3324126,-3.18305,-12.4139,-34.0544,0.09560013,
2,22.222,2,2.210847,377.3903,-0.7331916,0.3316337,-3.18305,-12.4139,-34.0544,0.09560013,
2,22.232,2,2.213545,377.3655,-0.7343774,0.3317654,-3.18305,-12.4139,-34.0544,0.09560013,
2,22.242,2,2.213464,377.3447,-0.7347198,0.3319322,-3.18305,-12.4139,-34.0544,0.09560013,
2,22.252,2,2.21416,377.3473,-0.7322706,0.3307216,-3.18305,-12.4139,-34.0544,0.09560013,
2,22.262,2,2.21212,377.3414,-0.7318081,0.3308176,-3.18305,-12.4139,-34.0544,0.09560013,
2,22.272,2,2.21337,377.343,-0.7362671,0.3326453,-3.18305,-12.4139,-34.0544,0.09560013,
2,22.282,2,2.213684,377.3354,-0.7320577,0.3306966,-3.18305,-12.4139,-34.0544,0.09560013,
2,22.292,2,2.212904,377.3359,-0.7328097,0.3311529,-3.18305,-12.4139,-34.0544,0.09560013,
2,22.302,2,2.211777,377.3384,-0.7350491,0.3323342,-3.19175,-12.4139,-34.0556,0.09679794,
2,22.312,2,2.210199,377.3214,-0.7349219,0.332514,-3.19175,-12.4139,-34.0556,0.09679794,
2,22.322,2,2.211581,377.2948,-0.7351833,0.3324243,-3.19175,-12.4139,-34.0556,0.09679794,
2,22.332,2,2.212583,377.2766,-0.7375202,0.3333299,-3.19175,-12.4139,-34.0556,0.09679794,
2,22.342,2,2.210542,377.3041,-0.7362802,0.3330767,-3.19175,-12.4139,-34.0556,0.09679794,
2,22.352,2,2.213333,377.2843,-0.7369383,0.3329541,-3.19175,-12.4139,-34.0556,0.09679794,
2,22.362,2,2.211535,377.294,-0.7390564,0.3341826,-3.19175,-12.4139,-34.0556,0.09679794,
2,22.372,2,2.2117,377.2745,-0.73865,0.3339739,-3.19175,-12.4139,-34.0556,0.09679794,
2,22.382,2,2.217993,377.2502,-0.7402337,0.3337403,-3.19175,-12.4139,-34.0556,0.09679794,
2,22.392,2,2.223839,377.2178,-0.7435563,0.334357,-3.19175,-12.4139,-34.0556,0.09679794,
2,22.402,2,2.226805,377.1888,-0.7406127,0.3325899,-3.19175,-12.4139,-34.0556,0.09679794,
2,22.412,2,2.231565,377.1727,-0.7443711,0.3335645,-3.19175,-12.4139,-34.0556,0.09679794,
2,22.422,2,2.23245,377.1898,-0.7460895,0.334202,-3.19175,-12.4139,-34.0556,0.09679794,
2,22.432,2,2.234438,377.1689,-0.7434871,0.33274,-3.19175,-12.4139,-34.0556,0.09679794,
2,22.442,2,2.232662,377.1775,-0.7431524,0.3328548,-3.19175,-12.4139,-34.0556,0.09679794,
2,22.452,2,2.233102,377.1325,-0.7434431,0.3329195,-3.19175,-12.4139,-34.0556,0.09679794,
2,22.462,2,2.233187,377.1296,-0.7415599,0.3320635,-3.19175,-12.4139,-34.0556,0.09679794,
2,22.472,2,2.233545,377.127,-0.7446759,0.3334054,-3.19175,-12.4139,-34.0556,0.09679794,
2,22.482,2,2.230679,377.1059,-0.7443517,0.3336884,-3.19175,-12.4139,-34.0556,0.09679794,
2,22.492,2,2.233467,377.1133,-0.7427202,0.3325414,-3.19175,-12.4139,-34.0556,0.09679794,
2,22.502,2,2.232053,377.0884,-0.7456408,0.3340606,-3.19825,-12.4139,-34.0568,0.09799957,
2,22.512,2,2.231778,377.0774,-0.7443885,0.3335406,-3.19825,-12.4139,-34.0568,0.09799957,
2,22.522,2,2.232536,377.0887,-0.7445598,0.3335041,-3.19825,-12.4139,-34.0568,0.09799957,
2,22.532,2,2.23304,377.0768,-0.7442112,0.3332727,-3.19825,-12.4139,-34.0568,0.09799957,
2,22.542,2,2.232959,377.09,-0.7463297,0.3342335,-3.19825,-12.4139,-34.0568,0.09799957,
2,22.552,2,2.232211,377.0817,-0.7449584,0.3337311,-3.19825,-12.4139,-34.0568,0.09799957,
2,22.562,2,2.234192,377.0509,-0.7434521,0.332761,-3.19825,-12.4139,-34.0568,0.09799957,
2,22.572,2,2.237151,377.0527,-0.7439734,0.3325539,-3.19825,-12.4139,-34.0568,0.09799957,
2,22.582,2,2.242681,377.0208,-0.7457238,0.3325144,-3.19825,-12.4139,-34.0568,0.09799957,
2,22.592,2,2.250056,376.9872,-0.7476423,0.3322772,-3.19825,-12.4139,-34.0568,0.09799957,
2,22.602,2,2.254313,376.9502,-0.7515462,0.3333815,-3.19825,-12.4139,-34.0568,0.09799957,
2,22.612,2,2.255548,376.9378,-0.7503504,0.3326689,-3.19825,-12.4139,-34.0568,0.09799957,
2,22.622,2,2.256914,376.9601,-0.7514052,0.3329347,-3.19825,-12.4139,-34.0568,0.09799957,
2,22.632,2,2.254942,376.9267,-0.7513506,0.3332017,-3.19825,-12.4139,-34.0568,0.09799957,
2,22.642,2,2.255662,376.9208,-0.7506026,0.3327638,-3.19825,-12.4139,-34.0568,0.09799957,
2,22.652,2,2.254029,376.9338,-0.7535005,0.3342905,-3.19825,-12.4139,-34.0568,0.09799957,
2,22.662,2,2.256562,376.8972,-0.7531998,0.333782,-3.19825,-12.4139,-34.0568,0.09799957,
2,22.672,2,2.253775,376.9112,-0.7514812,0.3334323,-3.19825,-12.4139,-34.0568,0.09799957,
2,22.682,2,2.255347,376.8529,-0.7551581,0.3348301,-3.19825,-12.4139,-34.0568,0.09799957,
2,22.692,2,2.256799,376.9044,-0.7523932,0.3333895,-3.19825,-12.4139,-34.0568,0.09799957,
2,22.702,2,2.256047,376.8976,-0.7494415,0.3321924,-3.2053,-12.4139,-34.0579,0.09909821,
2,22.712,2,2.25522,376.8957,-0.7517947,0.3333576,-3.2053,-12.4139,-34.0579,0.09909821,
2,22.722,2,2.254313,376.8709,-0.7490328,0.3322666,-3.2053,-12.4139,-34.0579,0.09909821,
2,22.732,2,2.255427,376.8656,-0.7491549,0.3321565,-3.2053,-12.4139,-34.0579,0.09909821,
2,22.742,2,2.256201,376.8831,-0.7507808,0.3327632,-3.2053,-12.4139,-34.0579,0.09909821,
2,22.752,2,2.255185,376.8562,-0.752447,0.333652,-3.2053,-12.4139,-34.0579,0.09909821,
2,22.762,2,2.255919,376.8526,-0.751088,0.3329411,-3.2053,-12.4139,-34.0579,0.09909821,
2,22.772,2,2.25424,376.8671,-0.753803,0.3343934,-3.2053,-12.4139,-34.0579,0.09909821,
2,22.782,2,2.252401,376.8418,-0.7514009,0.3336,-3.2053,-12.4139,-34.0579,0.09909821,
2,22.792,2,2.254035,376.8211,-0.7533173,0.3342084,-3.2053,-12.4139,-34.0579,0.09909821,
2,22.802,2,2.254199,376.7893,-0.7550964,0.3349733,-3.2053,-12.4139,-34.0579,0.09909821,
2,22.812,2,2.260858,376.8176,-0.7532599,0.3331744,-3.2053,-12.4139,-34.0579,0.09909821,
2,22.822,2,2.2612,376.7788,-0.754751,0.3337834,-3.2053,-12.4139,-34.0579,0.09909821,
2,22.832,2,2.270483,376.7281,-0.7581286,0.3339062,-3.2053,-12.4139,-34.0579,0.09909821,
2,22.842,2,2.276143,376.7242,-0.7570314,0.332594,-3.2053,-12.4139,-34.0579,0.09909821,
2,22.852,2,2.275417,376.7212,-0.757852,0.3330607,-3.2053,-12.4139,-34.0579,0.09909821,
2,22.862,2,2.274348,376.7197,-0.7581992,0.33337,-3.2053,-12.4139,-34.0579,0.09909821,
2,22.872,2,2.27598,376.6936,-0.7557303,0.3320461,-3.2053,-12.4139,-34.0579,0.09909821,
2,22.882,2,2.276047,376.6938,-0.7554634,0.331919,-3.2053,-12.4139,-34.0579,0.09909821,
2,22.892,2,2.276097,376.7021,-0.7604923,0.3341212,-3.2053,-12.4139,-34.0579,0.09909821,
2,22.902,2,2.276927,376.6871,-0.7596909,0.3336474,-3.2053,-12.4139,-34.0579,0.09909821,
2,22.912,2,2.276181,376.6642,-0.75925,0.333563,-3.2053,-12.4139,-34.0579,0.09909821,
2,22.922,2,2.277235,376.6431,-0.7610425,0.3341959,-3.2053,-12.4139,-34.0579,0.09909821,
2,22.932,2,2.275693,376.6674,-0.7590424,0.3335433,-3.2053,-12.4139,-34.0579,0.09909821,
2,22.942,2,2.276577,376.6521,-0.7619116,0.3346743,-3.21235,-12.4139,-34.059,0.1001968,
2,22.952,2,2.276151,376.666,-0.760455,0.3340969,-3.21235,-12.4139,-34.059,0.1001968,
2,22.962,2,2.275807,376.6254,-0.7615384,0.3346234,-3.21235,-12.4139,-34.059,0.1001968,
2,22.972,2,2.275497,376.6534,-0.7620458,0.3348921,-3.21235,-12.4139,-34.059,0.1001968,
2,22.982,2,2.275969,376.6314,-0.7605389,0.3341604,-3.21235,-12.4139,-34.059,0.1001968,
2,22.992,2,2.2734,376.6216,-0.7601596,0.3343712,-3.21235,-12.4139,-34.059,0.1001968,
2,23.002,2,2.275945,376.6127,-0.7605534,0.3341703,-3.21235,-12.4139,-34.059,0.1001968,
2,23.012,2,2.275051,376.6223,-0.7603451,0.3342102,-3.21235,-12.4139,-34.059,0.1001968,
2,23.022,2,2.274232,376.6176,-0.7580635,0.3333272,-3.21235,-12.4139,-34.059,0.1001968,
2,23.032,2,2.275398,376.5908,-0.7597929,0.3339164,-3.21235,-12.4139,-34.059,0.1001968,
2,23.042,2,2.277431,376.5994,-0.7605902,0.3339685,-3.21235,-12.4139,-34.059,0.1001968,
2,23.052,2,2.28129,376.5721,-0.7604828,0.3333565,-3.21235,-12.4139,-34.059,0.1001968,
2,23.062,2,2.284173,376.5395,-0.763456,0.3342373,-3.21235,-12.4139,-34.059,0.1001968,
2,23.072,2,2.289787,376.5075,-0.7658428,0.3344602,-3.21235,-12.4139,-34.059,0.1001968,
2,23.082,2,2.295036,376.4912,-0.7651782,0.3334057,-3.21235,-12.4139,-34.059,0.1001968,
2,23.092,2,2.297209,376.4766,-0.7702784,0.3353106,-3.21235,-12.4139,-34.059,0.1001968,
2,23.102,2,2.298114,376.4531,-0.7697313,0.3349404,-3.21235,-12.4139,-34.059,0.1001968,
2,23.112,2,2.299475,376.4602,-0.7675359,0.3337874,-3.21235,-12.4139,-34.059,0.1001968,
2,23.122,2,2.299788,376.4579,-0.7693195,0.3345176,-3.21235,-12.4139,-34.059,0.1001968,
2,23.132,2,2.297122,376.4614,-0.7710541,0.3356609,-3.21235,-12.4139,-34.059,0.1001968,
2,23.142,2,2.299402,376.4514,-0.7691407,0.334496,-3.21235,-12.4139,-34.059,0.1001968,
2,23.152,2,2.299785,376.4216,-0.7698309,0.3347403,-3.21235,-12.4139,-34.059,0.1001968,
2,23.162,2,2.297199,376.4359,-0.7688659,0.3346972,-3.21235,-12.4139,-34.059,0.1001968,
2,23.172,2,2.297678,376.4307,-0.7665246,0.3336084,-3.22158,-12.4139,-34.0602,0.1013985,
2,23.182,2,2.296525,376.4325,-0.7688291,0.3347794,-3.22158,-12.4139,-34.0602,0.1013985,
2,23.192,2,2.296908,376.4187,-0.7714375,0.3358591,-3.22158,-12.4139,-34.0602,0.1013985,
2,23.202,2,2.296414,376.4002,-0.7709361,0.335713,-3.22158,-12.4139,-34.0602,0.1013985,
2,23.212,2,2.297157,376.4387,-0.770803,0.3355466,-3.22158,-12.4139,-34.0602,0.1013985,
2,23.222,2,2.298621,376.3899,-0.7703214,0.3351232,-3.22158,-12.4139,-34.0602,0.1013985,
2,23.232,2,2.295394,376.3777,-0.7718846,0.3362753,-3.22158,-12.4139,-34.0602,0.1013985,
2,23.242,2,2.297493,376.3988,-0.772444,0.3362116,-3.22158,-12.4139,-34.0602,0.1013985,
2,23.252,2,2.299122,376.3769,-0.7708532,0.3352816,-3.22158,-12.4139,-34.0602,0.1013985,
2,23.262,2,2.294565,376.3747,-0.7712746,0.3361311,-3.22158,-12.4139,-34.0602,0.1013985,
2,23.272,2,2.296106,376.3006,-0.7721393,0.336282,-3.22158,-12.4139,-34.0602,0.1013985,
2,23.282,2,2.299535,376.3864,-0.7704621,0.3350513,-3.22158,-12.4139,-34.0602,0.1013985,
2,23.292,2,2.30275,376.3907,-0.7696624,0.3342363,-3.22158,-12.4139,-34.0602,0.1013985,
2,23.302,2,2.308514,376.3076,-0.7734122,0.335026,-3.22158,-12.4139,-34.0602,0.1013985,
2,23.312,2,2.313618,376.2869,-0.7733068,0.3342414,-3.22158,-12.4139,-34.0602,0.1013985,
2,23.322,2,2.318716,376.2538,-0.771601,0.3327708,-3.22158,-12.4139,-34.0602,0.1013985,
2,23.332,2,2.322523,376.2744,-0.7768457,0.3344836,-3.22158,-12.4139,-34.0602,0.1013985,
2,23.342,2,2.320459,376.2386,-0.7758594,0.3343561,-3.22158,-12.4139,-34.0602,0.1013985,
2,23.352,2,2.321131,376.2288,-0.777144,0.3348126,-3.22158,-12.4139,-34.0602,0.1013985,
2,23.362,2,2.321488,376.2239,-0.7803541,0.3361439,-3.22158,-12.4139,-34.0602,0.1013985,
2,23.372,2,2.319591,376.2216,-0.7778135,0.3353235,-3.22158,-12.4139,-34.0602,0.1013985,
2,23.382,2,2.32427,376.2014,-0.7771976,0.3343835,-3.22158,-12.4139,-34.0602,0.1013985,
2,23.392,2,2.322913,376.152,-0.7805635,0.3360279,-3.22158,-12.4139,-34.0602,0.1013985,
2,23.402,2,2.320803,376.1975,-0.7781447,0.3352911,-3.22158,-12.4139,-34.0602,0.1013985,
2,23.412,2,2.320544,376.1991,-0.7802909,0.3362534,-3.22158,-12.4139,-34.0602,0.1013985,
2,23.422,2,2.320865,376.1642,-0.7833166,0.3375106,-3.2297,-12.4139,-34.0614,0.1026001,
2,23.432,2,2.319217,376.1749,-0.782255,0.3372926,-3.2297,-12.4139,-34.0614,0.1026001,
2,23.442,2,2.319422,376.1649,-0.7767272,0.3348796,-3.2297,-12.4139,-34.0614,0.1026001,
2,23.452,2,2.32011,376.1693,-0.7788354,0.3356889,-3.2297,-12.4139,-34.0614,0.1026001,
2,23.462,2,2.320036,376.1495,-0.7762553,0.3345876,-3.2297,-12.4139,-34.0614,0.1026001,
2,23.472,2,2.319272,376.1555,-0.7760647,0.3346156,-3.2297,-12.4139,-34.0614,0.1026001,
2,23.482,2,2.317349,376.1724,-0.7818121,0.3373734,-3.2297,-12.4139,-34.0614,0.1026001,
2,23.492,2,2.318287,376.1501,-0.7810993,0.3369295,-3.2297,-12.4139,-34.0614,0.1026001,
2,23.502,2,2.318993,376.1177,-0.7789611,0.3359048,-3.2297,-12.4139,-34.0614,0.1026001,
2,23.512,2,2.316617,376.0989,-0.7807571,0.3370246,-3.2297,-12.4139,-34.0614,0.1026001,
2,23.522,2,2.319099,376.1171,-0.7776459,0.3353224,-3.2297,-12.4139,-34.0614,0.1026001,
2,23.532,2,2.320746,376.1096,-0.7801088,0.3361457,-3.2297,-12.4139,-34.0614,0.1026001,
2,23.542,2,2.320775,376.14,-0.7822446,0.3370619,-3.2297,-12.4139,-34.0614,0.1026001,
2,23.552,2,2.326315,376.0851,-0.7822602,0.3362659,-3.2297,-12.4139,-34.0614,0.1026001,
2,23.562,2,2.332126,376.0502,-0.7858066,0.3369487,-3.2297,-12.4139,-34.0614,0.1026001,
2,23.572,2,2.337674,376.0094,-0.7898058,0.3378597,-3.2297,-12.4139,-34.0614,0.1026001,
2,23.582,2,2.340832,375.9961,-0.783358,0.3346494,-3.2297,-12.4139,-34.0614,0.1026001,
2,23.592,2,2.344417,375.9859,-0.7848885,0.3347904,-3.2297,-12.4139,-34.0614,0.1026001,
2,23.602,2,2.34156,375.9982,-0.784018,0.3348272,-3.2297,-12.4139,-34.0614,0.1026001,
2,23.612,2,2.341431,375.9836,-0.7830501,0.3344322,-3.2297,-12.4139,-34.0614,0.1026001,
2,23.622,2,2.342447,375.9719,-0.7825629,0.3340793,-3.2297,-12.4139,-34.0614,0.1026001,
2,23.632,2,2.340808,375.9579,-0.7834113,0.3346756,-3.2297,-12.4139,-34.0614,0.1026001,
2,23.642,2,2.341359,375.9621,-0.7848929,0.3352297,-3.2297,-12.4139,-34.0614,0.1026001,
2,23.652,2,2.341842,375.9594,-0.7859422,0.3356085,-3.2297,-12.4139,-34.0614,0.1026001,
2,23.662,2,2.342792,375.9427,-0.7870303,0.3359369,-3.2297,-12.4139,-34.0614,0.1026001,
2,23.672,2,2.342925,375.9381,-0.7867057,0.3357793,-3.2297,-12.4139,-34.0614,0.1026001,
2,23.682,2,2.34404,375.9418,-0.7890372,0.3366142,-3.2297,-12.4139,-34.0614,0.1026001,
2,23.692,2,2.343569,375.9058,-0.7885501,0.3364741,-3.2297,-12.4139,-34.0614,0.1026001,
2,23.702,2,2.340839,375.9162,-0.7875836,0.3364536,-3.2297,-12.4139,-34.0614,0.1026001,
2,23.712,2,2.339141,375.9201,-0.7889193,0.3372688,-3.23837,-12.4139,-34.0626,0.1037979,
2,23.722,2,2.34091,375.9217,-0.7895852,0.3372984,-3.23837,-12.4139,-34.0626,0.1037979,
2,23.732,2,2.342727,375.9148,-0.7855489,0.3353138,-3.23837,-12.4139,-34.0626,0.1037979,
2,23.742,2,2.341347,375.881,-0.7874607,0.3363281,-3.23837,-12.4139,-34.0626,0.1037979,
2,23.752,2,2.339424,375.9284,-0.7873098,0.3365401,-3.23837,-12.4139,-34.0626,0.1037979,
2,23.762,2,2.342499,375.912,-0.7849543,0.3350927,-3.23837,-12.4139,-34.0626,0.1037979,
2,23.772,2,2.347903,375.8725,-0.7868282,0.3351195,-3.23837,-12.4139,-34.0626,0.1037979,
2,23.782,2,2.354018,375.8433,-0.7902481,0.3357019,-3.23837,-12.4139,-34.0626,0.1037979,
2,23.792,2,2.357642,375.8033,-0.7905626,0.3353192,-3.23837,-12.4139,-34.0626,0.1037979,
2,23.802,2,2.366045,375.8151,-0.7933665,0.3353134,-3.23837,-12.4139,-34.0626,0.1037979,
2,23.812,2,2.366933,375.7638,-0.793987,0.3354497,-3.23837,-12.4139,-34.0626,0.1037979,
2,23.822,2,2.366675,375.748,-0.7971579,0.3368261,-3.23837,-12.4139,-34.0626,0.1037979,
2,23.832,2,2.367094,375.7445,-0.7991614,0.3376129,-3.23837,-12.4139,-34.0626,0.1037979,
2,23.842,2,2.367555,375.7441,-0.7979324,0.3370281,-3.23837,-12.4139,-34.0626,0.1037979,
2,23.852,2,2.366909,375.7357,-0.794315,0.3355917,-3.23837,-12.4139,-34.0626,0.1037979,
2,23.862,2,2.36688,375.6322,-0.7974675,0.3369277,-3.23837,-12.4139,-34.0626,0.1037979,
2,23.872,2,2.368195,375.7277,-0.799038,0.3374038,-3.23837,-12.4139,-34.0626,0.1037979,
2,23.882,2,2.366544,375.7347,-0.7955946,0.3361842,-3.23837,-12.4139,-34.0626,0.1037979,
2,23.892,2,2.366847,375.7105,-0.7962525,0.3364191,-3.23837,-12.4139,-34.0626,0.1037979,
2,23.902,2,2.365635,375.696,-0.7936347,0.3354849,-3.2449,-12.4139,-34.0639,0.1050987,
2,23.912,2,2.36728,375.6891,-0.7936676,0.3352655,-3.2449,-12.4139,-34.0639,0.1050987,
2,23.922,2,2.363782,375.7034,-0.7937121,0.3357806,-3.2449,-12.4139,-34.0639,0.1050987,
2,23.932,2,2.364927,375.6802,-0.7942085,0.3358279,-3.2449,-12.4139,-34.0639,0.1050987,
2,23.942,2,2.366153,375.6678,-0.794907,0.3359491,-3.2449,-12.4139,-34.0639,0.1050987,
2,23.952,2,2.365758,375.6663,-0.7965221,0.3366879,-3.2449,-12.4139,-34.0639,0.1050987,
2,23.962,2,2.363683,375.6614,-0.7969208,0.3371521,-3.2449,-12.4139,-34.0639,0.1050987,
2,23.972,2,2.364445,375.6498,-0.7944818,0.3360119,-3.2449,-12.4139,-34.0639,0.1050987,
2,23.982,2,2.365154,375.6147,-0.7977271,0.3372834,-3.2449,-12.4139,-34.0639,0.1050987,
2,23.992,2,2.365527,375.6749,-0.7972514,0.3370291,-3.2449,-12.4139,-34.0639,0.1050987,
2,24.002,2,2.365407,375.6721,-0.7966068,0.3367737,-3.2449,-12.4139,-34.0639,0.1050987,
2,24.012,2,2.370232,375.6035,-0.7977458,0.3365686,-3.2449,-12.4139,-34.0639,0.1050987,
2,24.022,2,2.375852,375.6001,-0.7983988,0.3360474,-3.2449,-12.4139,-34.0639,0.1050987,
2,24.032,2,2.383994,375.5531,-0.7989511,0.3351313,-3.2449,-12.4139,-34.0639,0.1050987,
2,24.042,2,2.388956,375.5362,-0.8007124,0.3351726,-3.2449,-12.4139,-34.0639,0.1050987,
2,24.052,2,2.392052,375.5081,-0.7995932,0.3342708,-3.2449,-12.4139,-34.0639,0.1050987,
2,24.062,2,2.391486,375.5059,-0.8014896,0.3351429,-3.2449,-12.4139,-34.0639,0.1050987,
2,24.072,2,2.388801,375.5215,-0.8022057,0.3358194,-3.2449,-12.4139,-34.0639,0.1050987,
2,24.082,2,2.388825,375.4883,-0.8014871,0.3355152,-3.2449,-12.4139,-34.0639,0.1050987,
2,24.092,2,2.389895,375.4696,-0.8029193,0.3359643,-3.2449,-12.4139,-34.0639,0.1050987,
2,24.102,2,2.389324,375.4793,-0.8039681,0.3364834,-3.2449,-12.4139,-34.0639,0.1050987,
2,24.112,2,2.38865,375.4663,-0.80287,0.3361187,-3.2449,-12.4139,-34.0639,0.1050987,
2,24.122,2,2.389745,375.4844,-0.8032243,0.3361129,-3.2449,-12.4139,-34.0639,0.1050987,
2,24.132,2,2.388957,375.4814,-0.8058288,0.3373141,-3.2541,-12.4139,-34.0651,0.1063004,
2,24.142,2,2.389263,375.4577,-0.8028336,0.3360172,-3.2541,-12.4139,-34.0651,0.1063004,
2,24.152,2,2.390339,375.4491,-0.804024,0.336364,-3.2541,-12.4139,-34.0651,0.1063004,
2,24.162,2,2.387188,375.4108,-0.8051719,0.3372889,-3.2541,-12.4139,-34.0651,0.1063004,
2,24.172,2,2.389538,375.4302,-0.8019774,0.3356203,-3.2541,-12.4139,-34.0651,0.1063004,
2,24.182,2,2.38914,375.4176,-0.8025551,0.335918,-3.2541,-12.4139,-34.0651,0.1063004,
2,24.192,2,2.388867,375.4282,-0.8041593,0.3366279,-3.2541,-12.4139,-34.0651,0.1063004,
2,24.202,2,2.387771,375.4147,-0.8025913,0.3361257,-3.2541,-12.4139,-34.0651,0.1063004,
2,24.212,2,2.391375,375.4024,-0.8024995,0.3355808,-3.2541,-12.4139,-34.0651,0.1063004,
2,24.222,2,2.389111,375.3878,-0.8022734,0.3358042,-3.2541,-12.4139,-34.0651,0.1063004,
2,24.232,2,2.386133,375.403,-0.8047756,0.3372718,-3.2541,-12.4139,-34.0651,0.1063004,
2,24.242,2,2.388316,375.4104,-0.8045173,0.3368555,-3.2541,-12.4139,-34.0651,0.1063004,
2,24.252,2,2.394689,375.3715,-0.8047438,0.3360536,-3.2541,-12.4139,-34.0651,0.1063004,
2,24.262,2,2.398715,375.3502,-0.8055588,0.3358292,-3.2541,-12.4139,-34.0651,0.1063004,
2,24.272,2,2.402994,375.3045,-0.8097343,0.3369689,-3.2541,-12.4139,-34.0651,0.1063004,
2,24.282,2,2.410579,375.2907,-0.8124122,0.3370195,-3.2541,-12.4139,-34.0651,0.1063004,
2,24.292,2,2.412618,375.271,-0.811453,0.3363371,-3.2541,-12.4139,-34.0651,0.1063004,
2,24.302,2,2.411704,375.2575,-0.8128518,0.3370446,-3.2541,-12.4139,-34.0651,0.1063004,
2,24.312,2,2.412778,375.2591,-0.8110543,0.3361495,-3.2541,-12.4139,-34.0651,0.1063004,
2,24.322,2,2.41334,375.2527,-0.8091428,0.3352793,-3.2541,-12.4139,-34.0651,0.1063004,
2,24.332,2,2.413182,375.2388,-0.8097562,0.3355554,-3.2541,-12.4139,-34.0651,0.1063004,
2,24.342,2,2.412713,375.2423,-0.8086852,0.3351768,-3.2541,-12.4139,-34.0651,0.1063004,
2,24.352,2,2.415585,375.2343,-0.8082889,0.3346141,-3.2541,-12.4139,-34.0651,0.1063004,
2,24.362,2,2.413892,375.2106,-0.8112693,0.3360835,-3.2541,-12.4139,-34.0651,0.1063004,
2,24.372,2,2.414007,375.2074,-0.811694,0.3362435,-3.2541,-12.4139,-34.0651,0.1063004,
2,24.382,2,2.413142,375.2002,-0.8131479,0.3369665,-3.2541,-12.4139,-34.0651,0.1063004,
2,24.392,2,2.41342,375.2476,-0.812023,0.3364616,-3.2541,-12.4139,-34.0651,0.1063004,
2,24.402,2,2.412132,375.1827,-0.8103088,0.3359306,-3.26225,-12.4139,-34.0664,0.1075974,
2,24.412,2,2.412439,375.1849,-0.8121721,0.3366601,-3.26225,-12.4139,-34.0664,0.1075974,
2,24.422,2,2.411753,375.1632,-0.8155032,0.3381371,-3.26225,-12.4139,-34.0664,0.1075974,
2,24.432,2,2.412455,375.1826,-0.8137174,0.3372985,-3.26225,-12.4139,-34.0664,0.1075974,
2,24.442,2,2.410499,375.1726,-0.815038,0.33812,-3.26225,-12.4139,-34.0664,0.1075974,
2,24.452,2,2.412451,375.0862,-0.8143789,0.3375732,-3.26225,-12.4139,-34.0664,0.1075974,
2,24.462,2,2.412025,375.1406,-0.8124003,0.3368125,-3.26225,-12.4139,-34.0664,0.1075974,
2,24.472,2,2.415184,375.1635,-0.810263,0.3354872,-3.26225,-12.4139,-34.0664,0.1075974,
2,24.482,2,2.420407,375.1065,-0.8126635,0.3357549,-3.26225,-12.4139,-34.0664,0.1075974,
2,24.492,2,2.426295,375.0893,-0.8122516,0.3347703,-3.26225,-12.4139,-34.0664,0.1075974,
2,24.502,2,2.434042,375.0548,-0.8122829,0.3337177,-3.26225,-12.4139,-34.0664,0.1075974,
2,24.512,2,2.437335,375.0385,-0.8184416,0.3357936,-3.26225,-12.4139,-34.0664,0.1075974,
2,24.522,2,2.438472,375.0117,-0.8179248,0.3354252,-3.26225,-12.4139,-34.0664,0.1075974,
2,24.532,2,2.438118,375.0083,-0.8195759,0.336151,-3.26225,-12.4139,-34.0664,0.1075974,
2,24.542,2,2.438962,374.9869,-0.821155,0.3366822,-3.26225,-12.4139,-34.0664,0.1075974,
2,24.552,2,2.438333,374.996,-0.8191772,0.3359579,-3.26225,-12.4139,-34.0664,0.1075974,
2,24.562,2,2.438458,374.9798,-0.8205881,0.3365193,-3.26225,-12.4139,-34.0664,0.1075974,
2,24.572,2,2.437956,374.9566,-0.8209578,0.3367402,-3.26225,-12.4139,-34.0664,0.1075974,
2,24.582,2,2.436362,374.9836,-0.8211259,0.3370295,-3.26933,-12.4139,-34.0676,0.108799,
2,24.592,2,2.439657,374.9727,-0.8199903,0.3361088,-3.26933,-12.4139,-34.0676,0.108799,
2,24.602,2,2.437957,374.9486,-0.8240606,0.3380128,-3.26933,-12.4139,-34.0676,0.108799,
2,24.612,2,2.437097,374.9582,-0.8208783,0.3368263,-3.26933,-12.4139,-34.0676,0.108799,
2,24.622,2,2.436487,374.9637,-0.8202394,0.3366484,-3.26933,-12.4139,-34.0676,0.108799,
2,24.632,2,2.437663,374.9729,-0.8188237,0.3359052,-3.26933,-12.4139,-34.0676,0.108799,
2,24.642,2,2.437376,374.9312,-0.8181619,0.3356733,-3.26933,-12.4139,-34.0676,0.108799,
2,24.652,2,2.435977,374.9258,-0.8189348,0.3361834,-3.26933,-12.4139,-34.0676,0.108799,
2,24.662,2,2.437555,374.9377,-0.8203535,0.3365477,-3.26933,-12.4139,-34.0676,0.108799,
2,24.672,2,2.437282,374.9123,-0.8205474,0.3366649,-3.26933,-12.4139,-34.0676,0.108799,
2,24.682,2,2.438781,374.8837,-0.8203599,0.3363812,-3.26933,-12.4139,-34.0676,0.108799,
2,24.692,2,2.446069,374.8935,-0.8247648,0.3371797,-3.26933,-12.4139,-34.0676,0.108799,
2,24.702,2,2.45197,374.8361,-0.8249659,0.3364502,-3.26933,-12.4139,-34.0676,0.108799,
2,24.712,2,2.456394,374.8381,-0.8286091,0.3373274,-3.26933,-12.4139,-34.0676,0.108799,
2,24.722,2,2.45929,374.8091,-0.8298841,0.3374487,-3.26933,-12.4139,-34.0676,0.108799,
2,24.732,2,2.461323,374.7931,-0.8271456,0.3360572,-3.26933,-12.4139,-34.0676,0.108799,
2,24.742,2,2.46271,374.7745,-0.8272811,0.335923,-3.26933,-12.4139,-34.0676,0.108799,
2,24.752,2,2.458894,374.7531,-0.8296289,0.3373993,-3.26933,-12.4139,-34.0676,0.108799,
2,24.762,2,2.46349,374.7547,-0.8273336,0.3358381,-3.26933,-12.4139,-34.0676,0.108799,
2,24.772,2,2.461841,374.7476,-0.8283377,0.3364708,-3.26933,-12.4139,-34.0676,0.108799,
2,24.782,2,2.459613,374.7441,-0.8265865,0.3360636,-3.26933,-12.4139,-34.0676,0.108799,
2,24.792,2,2.462114,374.7435,-0.8248092,0.3350004,-3.26933,-12.4139,-34.0676,0.108799,
2,24.802,2,2.460256,374.7291,-0.8262205,0.3358271,-3.26933,-12.4139,-34.0676,0.108799,
2,24.812,2,2.459473,374.7246,-0.8276485,0.3365146,-3.26933,-12.4139,-34.0676,0.108799,
2,24.822,2,2.460508,374.7179,-0.8277287,0.3364057,-3.2769,-12.4139,-34.0688,0.1100006,
2,24.832,2,2.457801,374.7286,-0.8289796,0.3372851,-3.2769,-12.4139,-34.0688,0.1100006,
2,24.842,2,2.458801,374.7166,-0.8300295,0.3375749,-3.2769,-12.4139,-34.0688,0.1100006,
2,24.852,2,2.459978,374.7258,-0.8281099,0.3366331,-3.2769,-12.4139,-34.0688,0.1100006,
2,24.862,2,2.461679,374.7039,-0.8288029,0.336682,-3.2769,-12.4139,-34.0688,0.1100006,
2,24.872,2,2.459585,374.6841,-0.8291653,0.3371159,-3.2769,-12.4139,-34.0688,0.1100006,
2,24.882,2,2.457082,374.684,-0.8292019,0.3374742,-3.2769,-12.4139,-34.0688,0.1100006,
2,24.892,2,2.458178,374.6791,-0.8314249,0.3382281,-3.2769,-12.4139,-34.0688,0.1100006,
2,24.902,2,2.462355,374.6712,-0.8291777,0.3367418,-3.2769,-12.4139,-34.0688,0.1100006,
2,24.912,2,2.458149,374.6639,-0.8283962,0.337,-3.2769,-12.4139,-34.0688,0.1100006,
2,24.922,2,2.457484,374.6473,-0.8301259,0.337795,-3.2769,-12.4139,-34.0688,0.1100006,
2,24.932,2,2.45943,374.6407,-0.8284776,0.3368575,-3.2769,-12.4139,-34.0688,0.1100006,
2,24.942,2,2.464735,374.6496,-0.8261492,0.3351879,-3.2769,-12.4139,-34.0688,0.1100006,
2,24.952,2,2.472078,374.5928,-0.8308799,0.3361058,-3.2769,-12.4139,-34.0688,0.1100006,
2,24.962,2,2.475081,374.5777,-0.8333939,0.3367139,-3.2769,-12.4139,-34.0688,0.1100006,
2,24.972,2,2.480749,374.5568,-0.834915,0.3365576,-3.2769,-12.4139,-34.0688,0.1100006,
2,24.982,2,2.48314,374.6023,-0.8363562,0.3368139,-3.2769,-12.4139,-34.0688,0.1100006,
2,24.992,2,2.483143,374.5225,-0.8381655,0.3375421,-3.2769,-12.4139,-34.0688,0.1100006,
2,25.002,2,2.483281,374.5091,-0.8380279,0.337468,-3.2769,-12.4139,-34.0688,0.1100006,
2,25.012,2,2.484354,374.4778,-0.8403065,0.3382395,-3.2769,-12.4139,-34.0688,0.1100006,
2,25.022,2,2.483525,374.5014,-0.8395197,0.3380356,-3.2769,-12.4139,-34.0688,0.1100006,
2,25.032,2,2.484131,374.4945,-0.8378175,0.3372678,-3.2769,-12.4139,-34.0688,0.1100006,
2,25.042,2,2.483445,374.4503,-0.8380835,0.3374681,-3.2769,-12.4139,-34.0688,0.1100006,
2,25.052,2,2.485079,374.4856,-0.8371143,0.3368562,-3.2769,-12.4139,-34.0688,0.1100006,
2,25.062,2,2.482735,374.4897,-0.835834,0.3366586,-3.28557,-12.4139,-34.07,0.1111984,
2,25.072,2,2.482384,374.4702,-0.8365077,0.3369775,-3.28557,-12.4139,-34.07,0.1111984,
2,25.082,2,2.482664,374.4972,-0.8359409,0.3367113,-3.28557,-12.4139,-34.07,0.1111984,
2,25.092,2,2.481455,374.4862,-0.833595,0.3359299,-3.28557,-12.4139,-34.07,0.1111984,
2,25.102,2,2.480875,374.4427,-0.8368995,0.3373404,-3.28557,-12.4139,-34.07,0.1111984,
2,25.112,2,2.483309,374.4383,-0.8350547,0.3362669,-3.28557,-12.4139,-34.07,0.1111984,
2,25.122,2,2.481841,374.4358,-0.8363976,0.337007,-3.28557,-12.4139,-34.07,0.1111984,
2,25.132,2,2.479965,374.4141,-0.8394822,0.3385057,-3.28557,-12.4139,-34.07,0.1111984,
2,25.142,2,2.482328,374.4269,-0.8387007,0.3378686,-3.28557,-12.4139,-34.07,0.1111984,
2,25.152,2,2.481879,374.429,-0.8384286,0.3378201,-3.28557,-12.4139,-34.07,0.1111984,
2,25.162,2,2.480468,374.3996,-0.8421904,0.3395289,-3.28557,-12.4139,-34.07,0.1111984,
2,25.172,2,2.483478,374.4116,-0.8393704,0.3379818,-3.28557,-12.4139,-34.07,0.1111984,
2,25.182,2,2.487777,374.3912,-0.8381516,0.3369078,-3.28557,-12.4139,-34.07,0.1111984,
2,25.192,2,2.494336,374.346,-0.8430324,0.3379787,-3.28557,-12.4139,-34.07,0.1111984,
2,25.202,2,2.49957,374.3325,-0.842959,0.3372417,-3.28557,-12.4139,-34.07,0.1111984,
2,25.212,2,2.504991,374.3159,-0.8417525,0.3360302,-3.28557,-12.4139,-34.07,0.1111984,
2,25.222,2,2.507433,374.2964,-0.8425125,0.336006,-3.28557,-12.4139,-34.07,0.1111984,
2,25.232,2,2.505481,374.2716,-0.842909,0.3364261,-3.28557,-12.4139,-34.07,0.1111984,
2,25.242,2,2.507412,374.2674,-0.8421988,0.3358837,-3.28557,-12.4139,-34.07,0.1111984,
2,25.252,2,2.505931,374.2689,-0.8445905,0.3370366,-3.28557,-12.4139,-34.07,0.1111984,
2,25.262,2,2.506216,374.2465,-0.8426408,0.3362203,-3.28557,-12.4139,-34.07,0.1111984,
2,25.272,2,2.506276,374.2401,-0.8440347,0.3367684,-3.28557,-12.4139,-34.07,0.1111984,
2,25.282,2,2.506099,374.2865,-0.846116,0.3376227,-3.28557,-12.4139,-34.07,0.1111984,
2,25.292,2,2.507135,374.2405,-0.8450097,0.337042,-3.28557,-12.4139,-34.07,0.1111984,
2,25.302,2,2.504684,374.2354,-0.8469207,0.3381348,-3.28557,-12.4139,-34.07,0.1111984,
2,25.312,2,2.504196,374.236,-0.8501726,0.3394993,-3.2932,-12.4139,-34.0712,0.1124001,
2,25.322,2,2.506093,374.217,-0.84615,0.3376372,-3.2932,-12.4139,-34.0712,0.1124001,
2,25.332,2,2.504392,374.1987,-0.8479166,0.3385718,-3.2932,-12.4139,-34.0712,0.1124001,
2,25.342,2,2.505145,374.1784,-0.8467221,0.3379932,-3.2932,-12.4139,-34.0712,0.1124001,
2,25.352,2,2.5043,374.1978,-0.8427514,0.3365218,-3.2932,-12.4139,-34.0712,0.1124001,
2,25.362,2,2.504556,374.1849,-0.8430665,0.3366131,-3.2932,-12.4139,-34.0712,0.1124001,
2,25.372,2,2.506716,374.1831,-0.8445352,0.336909,-3.2932,-12.4139,-34.0712,0.1124001,
2,25.382,2,2.507149,374.1773,-0.8411338,0.3354942,-3.2932,-12.4139,-34.0712,0.1124001,
2,25.392,2,2.505256,374.1594,-0.8421406,0.3361495,-3.2932,-12.4139,-34.0712,0.1124001,
2,25.402,2,2.504957,374.1671,-0.8457893,0.3376462,-3.2932,-12.4139,-34.0712,0.1124001,
2,25.412,2,2.505985,374.1609,-0.8492318,0.3388814,-3.2932,-12.4139,-34.0712,0.1124001,
2,25.422,2,2.50978,374.1438,-0.8491387,0.3383319,-3.2932,-12.4139,-34.0712,0.1124001,
2,25.432,2,2.516381,374.1059,-0.8509125,0.3381493,-3.2932,-12.4139,-34.0712,0.1124001,
2,25.442,2,2.521854,374.0696,-0.8517121,0.3377325,-3.2932,-12.4139,-34.0712,0.1124001,
2,25.452,2,2.527813,374.0586,-0.8523702,0.3371967,-3.2932,-12.4139,-34.0712,0.1124001,
2,25.462,2,2.53093,374.0325,-0.8545213,0.3376313,-3.2932,-12.4139,-34.0712,0.1124001,
2,25.472,2,2.532307,374.0303,-0.851446,0.3362333,-3.2932,-12.4139,-34.0712,0.1124001,
2,25.482,2,2.530758,374.0407,-0.8548706,0.3377923,-3.2932,-12.4139,-34.0712,0.1124001,
2,25.492,2,2.530779,374.0222,-0.8548315,0.3377741,-3.2932,-12.4139,-34.0712,0.1124001,
2,25.502,2,2.531718,374.0043,-0.8524902,0.336724,-3.2932,-12.4139,-34.0712,0.1124001,
2,25.512,2,2.52993,373.9994,-0.8509382,0.3363485,-3.2932,-12.4139,-34.0712,0.1124001,
2,25.522,2,2.530529,373.9991,-0.8529279,0.3370552,-3.2932,-12.4139,-34.0712,0.1124001,
2,25.532,2,2.530195,373.9865,-0.8503672,0.3360876,-3.30185,-12.4139,-34.0725,0.1136971,
2,25.542,2,2.529844,373.9709,-0.8515698,0.3366096,-3.30185,-12.4139,-34.0725,0.1136971,
2,25.552,2,2.529424,373.9777,-0.8530658,0.3372569,-3.30185,-12.4139,-34.0725,0.1136971,
2,25.562,2,2.529922,373.9821,-0.8535417,0.3373786,-3.30185,-12.4139,-34.0725,0.1136971,
2,25.572,2,2.529503,374.0001,-0.8533583,0.3373621,-3.30185,-12.4139,-34.0725,0.1136971,
2,25.582,2,2.528338,373.9503,-0.8533819,0.3375268,-3.30185,-12.4139,-34.0725,0.1136971,
2,25.592,2,2.52781,373.9442,-0.8531225,0.3374948,-3.30185,-12.4139,-34.0725,0.1136971,
2,25.602,2,2.52795,373.9145,-0.8569395,0.3389859,-3.30185,-12.4139,-34.0725,0.1136971,
2,25.612,2,2.527268,373.9359,-0.8564165,0.3388704,-3.30185,-12.4139,-34.0725,0.1136971,
2,25.622,2,2.528242,373.9095,-0.8546314,0.3380339,-3.30185,-12.4139,-34.0725,0.1136971,
2,25.632,2,2.530325,373.9369,-0.8548527,0.337843,-3.30185,-12.4139,-34.0725,0.1136971,
2,25.642,2,2.528486,373.9296,-0.8554788,0.3383364,-3.30185,-12.4139,-34.0725,0.1136971,
2,25.652,2,2.52813,373.926,-0.8530591,0.3374269,-3.30185,-12.4139,-34.0725,0.1136971,
2,25.662,2,2.533973,373.8829,-0.8523163,0.3363558,-3.30185,-12.4139,-34.0725,0.1136971,
2,25.672,2,2.541352,373.871,-0.8538424,0.3359797,-3.30185,-12.4139,-34.0725,0.1136971,
2,25.682,2,2.545138,373.8284,-0.855407,0.3360946,-3.30185,-12.4139,-34.0725,0.1136971,
2,25.692,2,2.549829,373.7916,-0.8594775,0.3370726,-3.30185,-12.4139,-34.0725,0.1136971,
2,25.702,2,2.554794,373.8112,-0.858284,0.3359504,-3.30185,-12.4139,-34.0725,0.1136971,
2,25.712,2,2.552391,373.7828,-0.8599404,0.3369156,-3.30185,-12.4139,-34.0725,0.1136971,
2,25.722,2,2.553375,373.7626,-0.8614682,0.3373842,-3.30185,-12.4139,-34.0725,0.1136971,
2,25.732,2,2.554864,373.7578,-0.8619093,0.3373602,-3.30185,-12.4139,-34.0725,0.1136971,
2,25.742,2,2.555155,373.7679,-0.8603557,0.3367138,-3.30185,-12.4139,-34.0725,0.1136971,
2,25.752,2,2.553259,373.7636,-0.8630596,0.3380228,-3.30185,-12.4139,-34.0725,0.1136971,
2,25.762,2,2.553193,373.746,-0.8621435,0.3376727,-3.30185,-12.4139,-34.0725,0.1136971,
2,25.772,2,2.553657,373.7466,-0.8618618,0.3375011,-3.30185,-12.4139,-34.0725,0.1136971,
2,25.782,2,2.551025,373.7441,-0.8615041,0.337709,-3.30185,-12.4139,-34.0725,0.1136971,
2,25.792,2,2.552248,373.7391,-0.8612858,0.3374617,-3.30185,-12.4139,-34.0725,0.1136971,
2,25.802,2,2.552281,373.7392,-0.8606796,0.3372197,-3.30185,-12.4139,-34.0725,0.1136971,
2,25.812,2,2.551318,373.7156,-0.860651,0.3373358,-3.30185,-12.4139,-34.0725,0.1136971,
2,25.822,2,2.551309,373.7163,-0.8585371,0.3365084,-3.30185,-12.4139,-34.0725,0.1136971,
2,25.832,2,2.550863,373.6952,-0.8595966,0.3369826,-3.30997,-12.4139,-34.0737,0.1148987,
2,25.842,2,2.55356,373.6833,-0.8605535,0.3370015,-3.30997,-12.4139,-34.0737,0.1148987,
2,25.852,2,2.552646,373.6783,-0.8612952,0.3374127,-3.30997,-12.4139,-34.0737,0.1148987,
2,25.862,2,2.549547,373.6813,-0.8606364,0.3375644,-3.30997,-12.4139,-34.0737,0.1148987,
2,25.872,2,2.549804,373.706,-0.8631288,0.338508,-3.30997,-12.4139,-34.0737,0.1148987,
2,25.882,2,2.549771,373.6737,-0.8633614,0.3386036,-3.30997,-12.4139,-34.0737,0.1148987,
2,25.892,2,2.547866,373.6703,-0.8661394,0.339947,-3.30997,-12.4139,-34.0737,0.1148987,
2,25.902,2,2.550764,373.6546,-0.864848,0.3390545,-3.30997,-12.4139,-34.0737,0.1148987,
2,25.912,2,2.549698,373.6653,-0.8614107,0.3378481,-3.30997,-12.4139,-34.0737,0.1148987,
2,25.922,2,2.551758,373.6445,-0.8650665,0.339008,-3.30997,-12.4139,-34.0737,0.1148987,
2,25.932,2,2.556377,373.6205,-0.8642074,0.3380595,-3.30997,-12.4139,-34.0737,0.1148987,
2,25.942,2,2.561022,373.5635,-0.8622249,0.3366722,-3.30997,-12.4139,-34.0737,0.1148987,
2,25.952,2,2.568244,373.556,-0.8659189,0.3371638,-3.30997,-12.4139,-34.0737,0.1148987,
2,25.962,2,2.573123,373.5334,-0.8655671,0.3363877,-3.30997,-12.4139,-34.0737,0.1148987,
2,25.972,2,2.577705,373.5204,-0.8652924,0.3356833,-3.30997,-12.4139,-34.0737,0.1148987,
2,25.982,2,2.578642,373.5076,-0.8669556,0.3362062,-3.30997,-12.4139,-34.0737,0.1148987,
2,25.992,2,2.579689,373.5075,-0.8684459,0.3366476,-3.30997,-12.4139,-34.0737,0.1148987,
2,26.002,2,2.577812,373.492,-0.867099,0.3363702,-3.30997,-12.4139,-34.0737,0.1148987,
2,26.012,2,2.578512,373.4981,-0.8716962,0.3380617,-3.30997,-12.4139,-34.0737,0.1148987,
2,26.022,2,2.575358,373.4861,-0.8712313,0.3382952,-3.30997,-12.4139,-34.0737,0.1148987,
2,26.032,2,2.57537,373.4725,-0.8716365,0.3384509,-3.30997,-12.4139,-34.0737,0.1148987,
2,26.042,2,2.579109,373.4822,-0.8732325,0.3385792,-3.30997,-12.4139,-34.0737,0.1148987,
2,26.052,2,2.577658,373.4668,-0.871852,0.3382342,-3.30997,-12.4139,-34.0737,0.1148987,
2,26.062,2,2.57725,373.449,-0.8720828,0.3383773,-3.30997,-12.4139,-34.0737,0.1148987,
2,26.072,2,2.579326,373.4622,-0.8721325,0.3381242,-3.30997,-12.4139,-34.0737,0.1148987,
2,26.082,2,2.577214,373.4456,-0.8732544,0.3388367,-3.3192,-12.4139,-34.075,0.1161995,
2,26.092,2,2.576747,373.442,-0.8704541,0.3378113,-3.3192,-12.4139,-34.075,0.1161995,
2,26.102,2,2.576807,373.4408,-0.8688881,0.3371956,-3.3192,-12.4139,-34.075,0.1161995,
2,26.112,2,2.577914,373.4312,-0.8675966,0.3365499,-3.3192,-12.4139,-34.075,0.1161995,
2,26.122,2,2.578283,373.4172,-0.8682943,0.3367723,-3.3192,-12.4139,-34.075,0.1161995,
2,26.132,2,2.572769,373.3956,-0.8697109,0.3380447,-3.3192,-12.4139,-34.075,0.1161995,
2,26.142,2,2.576345,373.4209,-0.8720858,0.3384973,-3.3192,-12.4139,-34.075,0.1161995,
2,26.152,2,2.574131,373.4104,-0.8713244,0.3384926,-3.3192,-12.4139,-34.075,0.1161995,
2,26.162,2,2.5742,373.4053,-0.8712565,0.3384571,-3.3192,-12.4139,-34.075,0.1161995,
2,26.172,2,2.579664,373.3714,-0.8739519,0.3387852,-3.3192,-12.4139,-34.075,0.1161995,
2,26.182,2,2.58911,373.3354,-0.8728459,0.3371219,-3.3192,-12.4139,-34.075,0.1161995,
2,26.192,2,2.592641,373.2726,-0.8765082,0.3380754,-3.3192,-12.4139,-34.075,0.1161995,
2,26.202,2,2.596308,373.2791,-0.8802391,0.3390349,-3.3192,-12.4139,-34.075,0.1161995,
2,26.212,2,2.604015,373.266,-0.8788541,0.3374996,-3.3192,-12.4139,-34.075,0.1161995,
2,26.222,2,2.603624,373.291,-0.8774917,0.3370271,-3.3192,-12.4139,-34.075,0.1161995,
2,26.232,2,2.600838,373.2516,-0.8781453,0.3376393,-3.3192,-12.4139,-34.075,0.1161995,
2,26.242,2,2.600755,373.2395,-0.8764961,0.3370161,-3.3192,-12.4139,-34.075,0.1161995,
2,26.252,2,2.603992,373.2258,-0.8774114,0.3369487,-3.3192,-12.4139,-34.075,0.1161995,
2,26.262,2,2.601067,373.2433,-0.876,0.3367848,-3.3192,-12.4139,-34.075,0.1161995,
2,26.272,2,2.598814,373.2391,-0.8770045,0.3374634,-3.3192,-12.4139,-34.075,0.1161995,
2,26.282,2,2.601557,373.2021,-0.8784961,0.3376808,-3.3192,-12.4139,-34.075,0.1161995,
2,26.292,2,2.600241,373.2111,-0.8783265,0.3377866,-3.32733,-12.4139,-34.0763,0.1175003,
2,26.302,2,2.600123,373.2017,-0.8800367,0.3384597,-3.32733,-12.4139,-34.0763,0.1175003,
2,26.312,2,2.601449,373.1842,-0.8782043,0.3375827,-3.32733,-12.4139,-34.0763,0.1175003,
2,26.322,2,2.599876,373.1827,-0.8787735,0.338006,-3.32733,-12.4139,-34.0763,0.1175003,
2,26.332,2,2.599228,373.2011,-0.8809991,0.3389464,-3.32733,-12.4139,-34.0763,0.1175003,
2,26.342,2,2.600865,373.1998,-0.880888,0.3386904,-3.32733,-12.4139,-34.0763,0.1175003,
2,26.352,2,2.599936,373.1666,-0.8787639,0.3379945,-3.32733,-12.4139,-34.0763,0.1175003,
2,26.362,2,2.599344,373.1727,-0.8807707,0.3388434,-3.32733,-12.4139,-34.0763,0.1175003,
2,26.372,2,2.597436,373.1706,-0.8814379,0.3393492,-3.32733,-12.4139,-34.0763,0.1175003,
2,26.382,2,2.600423,373.1551,-0.8775389,0.33746,-3.32733,-12.4139,-34.0763,0.1175003,
2,26.392,2,2.598638,373.1513,-0.8772613,0.3375851,-3.32733,-12.4139,-34.0763,0.1175003,
2,26.402,2,2.597897,373.1395,-0.8794279,0.3385153,-3.32733,-12.4139,-34.0763,0.1175003,
2,26.412,2,2.604913,373.1038,-0.8788148,0.3373682,-3.32733,-12.4139,-34.0763,0.1175003,
2,26.422,2,2.609724,373.11,-0.876799,0.3359738,-3.32733,-12.4139,-34.0763,0.1175003,
2,26.432,2,2.617601,373.0406,-0.8833037,0.3374478,-3.32733,-12.4139,-34.0763,0.1175003,
2,26.442,2,2.62165,373.0103,-0.8839948,0.3371903,-3.32733,-12.4139,-34.0763,0.1175003,
2,26.452,2,2.622926,373.0198,-0.8866023,0.3380203,-3.32733,-12.4139,-34.0763,0.1175003,
2,26.462,2,2.625499,373.0161,-0.8862467,0.3375536,-3.32733,-12.4139,-34.0763,0.1175003,
2,26.472,2,2.624507,372.9943,-0.8857667,0.3374983,-3.32733,-12.4139,-34.0763,0.1175003,
2,26.482,2,2.625553,372.9868,-0.8868439,0.3377741,-3.32733,-12.4139,-34.0763,0.1175003,
2,26.492,2,2.625566,372.9609,-0.8898847,0.3389307,-3.32733,-12.4139,-34.0763,0.1175003,
2,26.502,2,2.625876,372.9735,-0.8860493,0.33743,-3.32733,-12.4139,-34.0763,0.1175003,
2,26.512,2,2.62255,372.9579,-0.8874466,0.3383907,-3.32733,-12.4139,-34.0763,0.1175003,
2,26.522,2,2.627376,372.9456,-0.8877965,0.3379024,-3.32733,-12.4139,-34.0763,0.1175003,
2,26.532,2,2.626909,372.9514,-0.8847221,0.336792,-3.32733,-12.4139,-34.0763,0.1175003,
2,26.542,2,2.621646,372.9396,-0.8847184,0.3374667,-3.32733,-12.4139,-34.0763,0.1175003,
2,26.552,2,2.624404,372.9289,-0.8847749,0.3371337,-3.32733,-12.4139,-34.0763,0.1175003,
2,26.562,2,2.624411,372.9222,-0.882891,0.3364149,-3.32733,-12.4139,-34.0763,0.1175003,
2,26.572,2,2.624076,372.9099,-0.8857361,0.3375421,-3.33545,-12.4139,-34.0776,0.1187973,
2,26.582,2,2.62388,372.9146,-0.8879011,0.3383924,-3.33545,-12.4139,-34.0776,0.1187973,
2,26.592,2,2.623417,372.898,-0.8877474,0.3383936,-3.33545,-12.4139,-34.0776,0.1187973,
2,26.602,2,2.623862,372.9034,-0.8880149,0.3384382,-3.33545,-12.4139,-34.0776,0.1187973,
2,26.612,2,2.623922,372.8916,-0.8867169,0.3379357,-3.33545,-12.4139,-34.0776,0.1187973,
2,26.622,2,2.623533,372.8796,-0.8859325,0.3376868,-3.33545,-12.4139,-34.0776,0.1187973,
2,26.632,2,2.623586,372.8898,-0.8874501,0.3382584,-3.33545,-12.4139,-34.0776,0.1187973,
2,26.642,2,2.623676,372.9114,-0.8883145,0.3385764,-3.33545,-12.4139,-34.0776,0.1187973,
2,26.652,2,2.6204,372.8873,-0.8865672,0.3383328,-3.33545,-12.4139,-34.0776,0.1187973,
2,26.662,2,2.624288,372.8808,-0.8878791,0.3383314,-3.33545,-12.4139,-34.0776,0.1187973,
2,26.672,2,2.630757,372.8371,-0.8873389,0.3372941,-3.33545,-12.4139,-34.0776,0.1187973,
2,26.682,2,2.636806,372.7973,-0.8882661,0.336872,-3.33545,-12.4139,-34.0776,0.1187973,
2,26.692,2,2.645329,372.7826,-0.8894419,0.3362311,-3.33545,-12.4139,-34.0776,0.1187973,
2,26.702,2,2.649318,372.741,-0.8905351,0.3361374,-3.33545,-12.4139,-34.0776,0.1187973,
2,26.712,2,2.652641,372.7366,-0.8893803,0.3352811,-3.33545,-12.4139,-34.0776,0.1187973,
2,26.722,2,2.650195,372.7214,-0.8910671,0.336227,-3.33545,-12.4139,-34.0776,0.1187973,
2,26.732,2,2.651423,372.7297,-0.8952643,0.3376543,-3.33545,-12.4139,-34.0776,0.1187973,
2,26.742,2,2.651814,372.716,-0.8929615,0.3367361,-3.33545,-12.4139,-34.0776,0.1187973,
2,26.752,2,2.649388,372.6838,-0.8958108,0.3381199,-3.33545,-12.4139,-34.0776,0.1187973,
2,26.762,2,2.651788,372.6829,-0.8955727,0.3377241,-3.33545,-12.4139,-34.0776,0.1187973,
2,26.772,2,2.650789,372.6802,-0.893991,0.3372546,-3.33545,-12.4139,-34.0776,0.1187973,
2,26.782,2,2.648889,372.6496,-0.8970072,0.3386353,-3.33545,-12.4139,-34.0776,0.1187973,
2,26.792,2,2.651391,372.6616,-0.896823,0.3382463,-3.33545,-12.4139,-34.0776,0.1187973,
2,26.802,2,2.649634,372.647,-0.8941021,0.3374436,-3.34308,-12.4139,-34.0789,0.1200981,
2,26.812,2,2.650509,372.7082,-0.8963605,0.3381843,-3.34308,-12.4139,-34.0789,0.1200981,
2,26.822,2,2.649365,372.6437,-0.8948846,0.3377732,-3.34308,-12.4139,-34.0789,0.1200981,
2,26.832,2,2.648788,372.6389,-0.8916172,0.3366133,-3.34308,-12.4139,-34.0789,0.1200981,
2,26.842,2,2.648559,372.627,-0.8949997,0.3379195,-3.34308,-12.4139,-34.0789,0.1200981,
2,26.852,2,2.647663,372.6393,-0.8927884,0.3371986,-3.34308,-12.4139,-34.0789,0.1200981,
2,26.862,2,2.649331,372.6284,-0.8934177,0.3372239,-3.34308,-12.4139,-34.0789,0.1200981,
2,26.872,2,2.652107,372.5711,-0.8934851,0.3368963,-3.34308,-12.4139,-34.0789,0.1200981,
2,26.882,2,2.655613,372.5802,-0.8958004,0.3373234,-3.34308,-12.4139,-34.0789,0.1200981,
2,26.892,2,2.660949,372.5641,-0.8979631,0.3374597,-3.34308,-12.4139,-34.0789,0.1200981,
2,26.902,2,2.671725,372.4931,-0.9015532,0.3374424,-3.34308,-12.4139,-34.0789,0.1200981,
2,26.912,2,2.673492,372.4904,-0.9024338,0.3375487,-3.34308,-12.4139,-34.0789,0.1200981,
2,26.922,2,2.675889,372.5117,-0.9035187,0.3376517,-3.34308,-12.4139,-34.0789,0.1200981,
2,26.932,2,2.674851,372.5336,-0.9049726,0.3383264,-3.34308,-12.4139,-34.0789,0.1200981,
2,26.942,2,2.672318,372.4718,-0.9023641,0.3376709,-3.34308,-12.4139,-34.0789,0.1200981,
2,26.952,2,2.672788,372.4698,-0.9027778,0.3377664,-3.34308,-12.4139,-34.0789,0.1200981,
2,26.962,2,2.673379,372.4802,-0.9088462,0.3399616,-3.34308,-12.4139,-34.0789,0.1200981,
2,26.972,2,2.675592,372.462,-0.9024191,0.3372782,-3.34308,-12.4139,-34.0789,0.1200981,
2,26.982,2,2.674444,372.4527,-0.9020613,0.3372892,-3.34308,-12.4139,-34.0789,0.1200981,
2,26.992,2,2.674727,372.437,-0.902989,0.3376004,-3.34308,-12.4139,-34.0789,0.1200981,
2,27.002,2,2.673718,372.4346,-0.9007152,0.3368773,-3.34308,-12.4139,-34.0789,0.1200981,
2,27.012,2,2.676107,372.4265,-0.9001029,0.3363478,-3.34308,-12.4139,-34.0789,0.1200981,
2,27.022,2,2.672299,372.3976,-0.9036036,0.3381371,-3.34308,-12.4139,-34.0789,0.1200981,
2,27.032,2,2.671463,372.4031,-0.9029331,0.337992,-3.3512,-12.4139,-34.0802,0.1213989,
2,27.042,2,2.673981,372.4248,-0.9029258,0.337671,-3.3512,-12.4139,-34.0802,0.1213989,
2,27.052,2,2.672459,372.4055,-0.9045945,0.3384877,-3.3512,-12.4139,-34.0802,0.1213989,
2,27.062,2,2.671729,372.3863,-0.9041235,0.3384039,-3.3512,-12.4139,-34.0802,0.1213989,
2,27.072,2,2.671138,372.3907,-0.906298,0.3392928,-3.3512,-12.4139,-34.0802,0.1213989,
2,27.082,2,2.672765,372.3743,-0.9064016,0.339125,-3.3512,-12.4139,-34.0802,0.1213989,
2,27.092,2,2.669916,372.3726,-0.9051182,0.3390062,-3.3512,-12.4139,-34.0802,0.1213989,
2,27.102,2,2.671999,372.3675,-0.9062533,0.3391668,-3.3512,-12.4139,-34.0802,0.1213989,
2,27.112,2,2.672546,372.3708,-0.9062749,0.3391054,-3.3512,-12.4139,-34.0802,0.1213989,
2,27.122,2,2.670645,372.3718,-0.9027069,0.3380107,-3.3512,-12.4139,-34.0802,0.1213989,
2,27.132,2,2.67061,372.3504,-0.902339,0.3378775,-3.3512,-12.4139,-34.0802,0.1213989,
2,27.142,2,2.673403,372.3363,-0.9028255,0.3377065,-3.3512,-12.4139,-34.0802,0.1213989,
2,27.152,2,2.679425,372.3116,-0.9011663,0.3363283,-3.3512,-12.4139,-34.0802,0.1213989,
2,27.162,2,2.683997,372.2798,-0.9030176,0.3364451,-3.3512,-12.4139,-34.0802,0.1213989,
2,27.172,2,2.691824,372.2617,-0.9064033,0.3367245,-3.3512,-12.4139,-34.0802,0.1213989,
2,27.182,2,2.694822,372.2265,-0.9077868,0.3368634,-3.3512,-12.4139,-34.0802,0.1213989,
2,27.192,2,2.696694,372.2067,-0.9116963,0.3380792,-3.3512,-12.4139,-34.0802,0.1213989,
2,27.202,2,2.696029,372.2173,-0.9128202,0.3385795,-3.3512,-12.4139,-34.0802,0.1213989,
2,27.212,2,2.696148,372.2053,-0.9107586,0.3377999,-3.3512,-12.4139,-34.0802,0.1213989,
2,27.222,2,2.694039,372.2075,-0.9187235,0.3410208,-3.3512,-12.4139,-34.0802,0.1213989,
2,27.232,2,2.693453,372.1999,-0.9205223,0.341763,-3.3512,-12.4139,-34.0802,0.1213989,
2,27.242,2,2.696008,372.1841,-0.915756,0.3396711,-3.3512,-12.4139,-34.0802,0.1213989,
2,27.252,2,2.696846,372.1883,-0.9138888,0.3388732,-3.3512,-12.4139,-34.0802,0.1213989,
2,27.262,2,2.694042,372.1502,-0.9132552,0.3389907,-3.3512,-12.4139,-34.0802,0.1213989,
2,27.272,2,2.695092,372.1477,-0.9115743,0.338235,-3.36042,-12.4139,-34.0815,0.1226997,
2,27.282,2,2.698458,372.163,-0.9099253,0.3372019,-3.36042,-12.4139,-34.0815,0.1226997,
2,27.292,2,2.69554,372.1412,-0.9103252,0.3377154,-3.36042,-12.4139,-34.0815,0.1226997,
2,27.302,2,2.696434,372.1339,-0.9105209,0.337676,-3.36042,-12.4139,-34.0815,0.1226997,
2,27.312,2,2.69551,372.1243,-0.9099337,0.3375739,-3.36042,-12.4139,-34.0815,0.1226997,
2,27.322,2,2.695308,372.1345,-0.9116578,0.3382388,-3.36042,-12.4139,-34.0815,0.1226997,
2,27.332,2,2.693679,372.1233,-0.9117666,0.3384838,-3.36042,-12.4139,-34.0815,0.1226997,
2,27.342,2,2.695895,372.0728,-0.913263,0.3387606,-3.36042,-12.4139,-34.0815,0.1226997,
2,27.352,2,2.696423,372.1088,-0.9118226,0.3381601,-3.36042,-12.4139,-34.0815,0.1226997,
2,27.362,2,2.696792,372.0893,-0.9118993,0.3381422,-3.36042,-12.4139,-34.0815,0.1226997,
2,27.372,2,2.693158,372.0656,-0.9158542,0.3400671,-3.36042,-12.4139,-34.0815,0.1226997,
2,27.382,2,2.698275,372.0836,-0.9152001,0.3391797,-3.36042,-12.4139,-34.0815,0.1226997,
2,27.392,2,2.703375,372.0591,-0.9137169,0.3379911,-3.36042,-12.4139,-34.0815,0.1226997,
2,27.402,2,2.708814,372.0728,-0.9150408,0.3378013,-3.36042,-12.4139,-34.0815,0.1226997,
2,27.412,2,2.714463,371.9835,-0.9158005,0.3373782,-3.36042,-12.4139,-34.0815,0.1226997,
2,27.422,2,2.722148,371.9726,-0.9175983,0.3370862,-3.36042,-12.4139,-34.0815,0.1226997,
2,27.432,2,2.722651,371.9707,-0.9180654,0.3371954,-3.36042,-12.4139,-34.0815,0.1226997,
2,27.442,2,2.720957,371.9602,-0.9174153,0.3371664,-3.36042,-12.4139,-34.0815,0.1226997,
2,27.452,2,2.722437,371.9472,-0.9143011,0.3358392,-3.36042,-12.4139,-34.0815,0.1226997,
2,27.462,2,2.723286,371.9061,-0.9189662,0.3374476,-3.36042,-12.4139,-34.0815,0.1226997,
2,27.472,2,2.721429,371.9174,-0.9200162,0.3380636,-3.36042,-12.4139,-34.0815,0.1226997,
2,27.482,2,2.721625,371.9218,-0.9186885,0.3375515,-3.36042,-12.4139,-34.0815,0.1226997,
2,27.492,2,2.722747,371.9016,-0.9188242,0.3374622,-3.36042,-12.4139,-34.0815,0.1226997,
2,27.502,2,2.721417,371.9116,-0.9191805,0.337758,-3.36042,-12.4139,-34.0815,0.1226997,
2,27.512,2,2.720156,371.8984,-0.9191922,0.3379189,-3.36803,-12.4139,-34.0828,0.1240005,
2,27.522,2,2.722906,371.9246,-0.9190307,0.3375183,-3.36803,-12.4139,-34.0828,0.1240005,
2,27.532,2,2.723812,371.8805,-0.9192895,0.337501,-3.36803,-12.4139,-34.0828,0.1240005,
2,27.542,2,2.722436,371.8783,-0.9199533,0.3379155,-3.36803,-12.4139,-34.0828,0.1240005,
2,27.552,2,2.722288,371.9017,-0.9211339,0.3383676,-3.36803,-12.4139,-34.0828,0.1240005,
2,27.562,2,2.722354,371.8681,-0.9174864,0.3370196,-3.36803,-12.4139,-34.0828,0.1240005,
2,27.572,2,2.718934,371.8513,-0.9182217,0.3377139,-3.36803,-12.4139,-34.0828,0.1240005,
2,27.582,2,2.71944,371.8333,-0.9213545,0.3388031,-3.36803,-12.4139,-34.0828,0.1240005,
2,27.592,2,2.721158,371.8511,-0.9170348,0.3370017,-3.36803,-12.4139,-34.0828,0.1240005,
2,27.602,2,2.720464,371.838,-0.9203405,0.3383028,-3.36803,-12.4139,-34.0828,0.1240005,
2,27.612,2,2.71943,371.806,-0.9232885,0.3395154,-3.36803,-12.4139,-34.0828,0.1240005,
2,27.622,2,2.723443,371.8145,-0.9220991,0.3385784,-3.36803,-12.4139,-34.0828,0.1240005,
2,27.632,2,2.728759,371.8117,-0.9229637,0.3382357,-3.36803,-12.4139,-34.0828,0.1240005,
2,27.642,2,2.734111,371.7635,-0.9274486,0.339214,-3.36803,-12.4139,-34.0828,0.1240005,
2,27.652,2,2.739139,371.7254,-0.9292839,0.3392613,-3.36803,-12.4139,-34.0828,0.1240005,
2,27.662,2,2.745857,371.7082,-0.9302077,0.3387677,-3.36803,-12.4139,-34.0828,0.1240005,
2,27.672,2,2.744514,371.6804,-0.9291607,0.338552,-3.36803,-12.4139,-34.0828,0.1240005,
2,27.682,2,2.745245,371.6861,-0.9262381,0.3373972,-3.36803,-12.4139,-34.0828,0.1240005,
2,27.692,2,2.747446,371.6839,-0.9263725,0.3371759,-3.36803,-12.4139,-34.0828,0.1240005,
2,27.702,2,2.746259,371.6853,-0.9259515,0.3371683,-3.36803,-12.4139,-34.0828,0.1240005,
2,27.712,2,2.746089,371.6749,-0.9252039,0.336917,-3.36803,-12.4139,-34.0828,0.1240005,
2,27.722,2,2.747036,371.668,-0.9229622,0.3359847,-3.36803,-12.4139,-34.0828,0.1240005,
2,27.732,2,2.745657,371.6583,-0.9243574,0.3366617,-3.36803,-12.4139,-34.0828,0.1240005,
2,27.742,2,2.74678,371.64,-0.920912,0.3352696,-3.36803,-12.4139,-34.0828,0.1240005,
2,27.752,2,2.746266,371.6405,-0.9238093,0.3363874,-3.36803,-12.4139,-34.0828,0.1240005,
2,27.762,2,2.745757,371.6334,-0.9255291,0.3370761,-3.3756,-12.4139,-34.0841,0.1252975,
2,27.772,2,2.746372,371.6234,-0.9259849,0.3371665,-3.3756,-12.4139,-34.0841,0.1252975,
2,27.782,2,2.743023,371.6121,-0.92684,0.33789,-3.3756,-12.4139,-34.0841,0.1252975,
2,27.792,2,2.747426,371.6097,-0.9285515,0.3379714,-3.3756,-12.4139,-34.0841,0.1252975,
2,27.802,2,2.745608,371.6005,-0.926887,0.337589,-3.3756,-12.4139,-34.0841,0.1252975,
2,27.812,2,2.745078,371.5969,-0.9279445,0.3380394,-3.3756,-12.4139,-34.0841,0.1252975,
2,27.822,2,2.745492,371.597,-0.9276413,0.337878,-3.3756,-12.4139,-34.0841,0.1252975,
2,27.832,2,2.74742,371.5823,-0.9247356,0.3365833,-3.3756,-12.4139,-34.0841,0.1252975,
2,27.842,2,2.751925,371.5556,-0.9299689,0.3379339,-3.3756,-12.4139,-34.0841,0.1252975,
2,27.852,2,2.758747,371.5079,-0.9290229,0.3367554,-3.3756,-12.4139,-34.0841,0.1252975,
2,27.862,2,2.765161,371.483,-0.9315528,0.3368892,-3.3756,-12.4139,-34.0841,0.1252975,
2,27.872,2,2.771316,371.485,-0.9335796,0.3368723,-3.3756,-12.4139,-34.0841,0.1252975,
2,27.882,2,2.77205,371.4506,-0.9337343,0.3368389,-3.3756,-12.4139,-34.0841,0.1252975,
2,27.892,2,2.772048,371.4493,-0.9325597,0.3364155,-3.3756,-12.4139,-34.0841,0.1252975,
2,27.902,2,2.771575,371.4466,-0.9341601,0.3370503,-3.3756,-12.4139,-34.0841,0.1252975,
2,27.912,2,2.771206,371.4478,-0.9342844,0.33714,-3.3756,-12.4139,-34.0841,0.1252975,
2,27.922,2,2.769097,371.4325,-0.934517,0.3374807,-3.3756,-12.4139,-34.0841,0.1252975,
2,27.932,2,2.76907,371.3616,-0.9351725,0.3377208,-3.3756,-12.4139,-34.0841,0.1252975,
2,27.942,2,2.771183,371.3945,-0.9325682,0.3365235,-3.3756,-12.4139,-34.0841,0.1252975,
2,27.952,2,2.76986,371.4004,-0.9341019,0.337238,-3.3756,-12.4139,-34.0841,0.1252975,
2,27.962,2,2.771253,371.397,-0.9370227,0.3381224,-3.3756,-12.4139,-34.0841,0.1252975,
2,27.972,2,2.770119,371.3614,-0.9342229,0.3372501,-3.3756,-12.4139,-34.0841,0.1252975,
2,27.982,2,2.770477,371.3597,-0.9331535,0.3368205,-3.3756,-12.4139,-34.0841,0.1252975,
2,27.992,2,2.767478,371.4278,-0.9363171,0.3383287,-3.38372,-12.4139,-34.0854,0.1265984,
2,28.002,2,2.771293,371.3532,-0.9343533,0.3371543,-3.38372,-12.4139,-34.0854,0.1265984,
2,28.012,2,2.770547,371.3508,-0.9330112,0.3367606,-3.38372,-12.4139,-34.0854,0.1265984,
2,28.022,2,2.769506,371.3712,-0.9320825,0.3365519,-3.38372,-12.4139,-34.0854,0.1265984,
2,28.032,2,2.769398,371.3463,-0.934126,0.3373029,-3.38372,-12.4139,-34.0854,0.1265984,
2,28.042,2,2.767617,371.349,-0.9304086,0.3361768,-3.38372,-12.4139,-34.0854,0.1265984,
2,28.052,2,2.768195,371.3141,-0.9328235,0.336979,-3.38372,-12.4139,-34.0854,0.1265984,
2,28.062,2,2.769416,371.3196,-0.9343275,0.3373734,-3.38372,-12.4139,-34.0854,0.1265984,
2,28.072,2,2.769481,371.3203,-0.934408,0.3373946,-3.38372,-12.4139,-34.0854,0.1265984,
2,28.082,2,2.76854,371.2956,-0.9345579,0.3375635,-3.38372,-12.4139,-34.0854,0.1265984,
2,28.092,2,2.771711,371.2954,-0.934013,0.3369807,-3.38372,-12.4139,-34.0854,0.1265984,
2,28.102,2,2.778939,371.2679,-0.9353913,0.3366001,-3.38372,-12.4139,-34.0854,0.1265984,
2,28.112,2,2.78668,371.2675,-0.9375023,0.3364227,-3.38372,-12.4139,-34.0854,0.1265984,
2,28.122,2,2.793739,371.1907,-0.9394362,0.3362649,-3.38372,-12.4139,-34.0854,0.1265984,
2,28.132,2,2.793832,371.1962,-0.9404118,0.3366029,-3.38372,-12.4139,-34.0854,0.1265984,
2,28.142,2,2.794412,371.2169,-0.9444172,0.3379663,-3.38372,-12.4139,-34.0854,0.1265984,
2,28.152,2,2.79325,371.1787,-0.9410086,0.3368866,-3.38372,-12.4139,-34.0854,0.1265984,
2,28.162,2,2.79649,371.1721,-0.9384843,0.3355937,-3.38372,-12.4139,-34.0854,0.1265984,
2,28.172,2,2.797086,371.1425,-0.9388447,0.335651,-3.38372,-12.4139,-34.0854,0.1265984,
2,28.182,2,2.794661,371.1562,-0.9376127,0.3355013,-3.38372,-12.4139,-34.0854,0.1265984,
2,28.192,2,2.794352,371.1478,-0.9399893,0.3363891,-3.38372,-12.4139,-34.0854,0.1265984,
2,28.202,2,2.793909,371.1254,-0.9423306,0.3372804,-3.38372,-12.4139,-34.0854,0.1265984,
2,28.212,2,2.79472,371.1014,-0.9408771,0.3366624,-3.38372,-12.4139,-34.0854,0.1265984,
2,28.222,2,2.794212,371.1023,-0.9418088,0.337057,-3.39243,-12.4139,-34.0866,0.1278,
2,28.232,2,2.793634,371.0864,-0.9435838,0.3377622,-3.39243,-12.4139,-34.0866,0.1278,
2,28.242,2,2.792335,371.1009,-0.9410348,0.3370064,-3.39243,-12.4139,-34.0866,0.1278,
2,28.252,2,2.792797,371.0847,-0.9423658,0.3374272,-3.39243,-12.4139,-34.0866,0.1278,
2,28.262,2,2.794919,371.0742,-0.9459375,0.338449,-3.39243,-12.4139,-34.0866,0.1278,
2,28.272,2,2.79159,371.0743,-0.9434779,0.3379715,-3.39243,-12.4139,-34.0866,0.1278,
2,28.282,2,2.792118,371.0742,-0.9433432,0.3378594,-3.39243,-12.4139,-34.0866,0.1278,
2,28.292,2,2.791582,371.0884,-0.9419611,0.3374291,-3.39243,-12.4139,-34.0866,0.1278,
2,28.302,2,2.791603,371.0669,-0.9396647,0.336604,-3.39243,-12.4139,-34.0866,0.1278,
2,28.312,2,2.793017,371.0719,-0.9409852,0.3369064,-3.39243,-12.4139,-34.0866,0.1278,
2,28.322,2,2.79287,371.048,-0.941133,0.336977,-3.39243,-12.4139,-34.0866,0.1278,
2,28.332,2,2.792529,371.0416,-0.9379131,0.3358651,-3.39243,-12.4139,-34.0866,0.1278,
2,28.342,2,2.792922,371.0455,-0.9402304,0.3366475,-3.39243,-12.4139,-34.0866,0.1278,
2,28.352,2,2.800256,371.0168,-0.9396082,0.3355437,-3.39243,-12.4139,-34.0866,0.1278,
2,28.362,2,2.805511,370.9676,-0.9422156,0.3358445,-3.39243,-12.4139,-34.0866,0.1278,
2,28.372,2,2.811263,370.9471,-0.947796,0.3371424,-3.39243,-12.4139,-34.0866,0.1278,
2,28.382,2,2.816984,370.916,-0.9473659,0.336305,-3.39243,-12.4139,-34.0866,0.1278,
2,28.392,2,2.818692,370.9093,-0.9477241,0.3362284,-3.39243,-12.4139,-34.0866,0.1278,
2,28.402,2,2.820381,370.9063,-0.9502262,0.3369142,-3.39243,-12.4139,-34.0866,0.1278,
2,28.412,2,2.817646,370.9027,-0.949661,0.3370406,-3.39243,-12.4139,-34.0866,0.1278,
2,28.422,2,2.821697,370.8906,-0.9502158,0.3367533,-3.39243,-12.4139,-34.0866,0.1278,
2,28.432,2,2.818103,370.897,-0.94951,0.3369323,-3.39243,-12.4139,-34.0866,0.1278,
2,28.442,2,2.815812,370.8683,-0.9501695,0.3374407,-3.39243,-12.4139,-34.0866,0.1278,
2,28.452,2,2.81885,370.8688,-0.9478878,0.3362676,-3.39243,-12.4139,-34.0866,0.1278,
2,28.462,2,2.818385,370.8624,-0.9471052,0.3360454,-3.39243,-12.4139,-34.0866,0.1278,
2,28.472,2,2.81651,370.8346,-0.946237,0.3359607,-3.4011,-12.4139,-34.0879,0.129097,
2,28.482,2,2.816191,370.8386,-0.9454804,0.3357302,-3.4011,-12.4139,-34.0879,0.129097,
2,28.492,2,2.817134,370.8475,-0.9462385,0.3358869,-3.4011,-12.4139,-34.0879,0.129097,
2,28.502,2,2.818661,370.8256,-0.9476528,0.3362067,-3.4011,-12.4139,-34.0879,0.129097,
2,28.512,2,2.815503,370.8137,-0.9473825,0.3364878,-3.4011,-12.4139,-34.0879,0.129097,
2,28.522,2,2.814661,370.7456,-0.9495863,0.3373715,-3.4011,-12.4139,-34.0879,0.129097,
2,28.532,2,2.818007,370.7977,-0.949037,0.336776,-3.4011,-12.4139,-34.0879,0.129097,
2,28.542,2,2.814612,370.7978,-0.9487302,0.3370732,-3.4011,-12.4139,-34.0879,0.129097,
2,28.552,2,2.814261,370.7957,-0.9527082,0.3385287,-3.4011,-12.4139,-34.0879,0.129097,
2,28.562,2,2.816934,370.7875,-0.9511839,0.3376664,-3.4011,-12.4139,-34.0879,0.129097,
2,28.572,2,2.813992,370.7718,-0.9506643,0.3378347,-3.4011,-12.4139,-34.0879,0.129097,
2,28.582,2,2.814423,370.8493,-0.9535468,0.3388072,-3.4011,-12.4139,-34.0879,0.129097,
2,28.592,2,2.817834,370.7589,-0.9490603,0.3368049,-3.4011,-12.4139,-34.0879,0.129097,
2,28.602,2,2.820047,370.7292,-0.9487367,0.3364258,-3.4011,-12.4139,-34.0879,0.129097,
2,28.612,2,2.825027,370.7348,-0.9490887,0.3359573,-3.4011,-12.4139,-34.0879,0.129097,
2,28.622,2,2.833226,370.6867,-0.9507831,0.3355832,-3.4011,-12.4139,-34.0879,0.129097,
2,28.632,2,2.840335,370.6547,-0.9511335,0.3348667,-3.4011,-12.4139,-34.0879,0.129097,
2,28.642,2,2.844604,370.6213,-0.9542893,0.3354735,-3.4011,-12.4139,-34.0879,0.129097,
2,28.652,2,2.844519,370.6225,-0.9521551,0.3347333,-3.4011,-12.4139,-34.0879,0.129097,
2,28.662,2,2.84537,370.6153,-0.955441,0.3357879,-3.4011,-12.4139,-34.0879,0.129097,
2,28.672,2,2.844506,370.623,-0.956854,0.3363867,-3.4011,-12.4139,-34.0879,0.129097,
2,28.682,2,2.844338,370.597,-0.9581628,0.3368666,-3.4011,-12.4139,-34.0879,0.129097,
2,28.692,2,2.84502,370.5885,-0.9570649,0.3364,-3.4011,-12.4139,-34.0879,0.129097,
2,28.702,2,2.844247,370.6132,-0.9586472,0.3370478,-3.4011,-12.4139,-34.0879,0.129097,
2,28.712,2,2.841384,370.573,-0.9577199,0.337061,-3.4011,-12.4139,-34.0879,0.129097,
2,28.722,2,2.845149,370.5613,-0.9613935,0.3379062,-3.4011,-12.4139,-34.0879,0.129097,
2,28.732,2,2.843289,370.5859,-0.9602223,0.3377153,-3.4098,-12.4139,-34.0892,0.1303978,
2,28.742,2,2.843935,370.5612,-0.9564219,0.3363023,-3.4098,-12.4139,-34.0892,0.1303978,
2,28.752,2,2.8437,370.5436,-0.956374,0.3363132,-3.4098,-12.4139,-34.0892,0.1303978,
2,28.762,2,2.841579,370.5237,-0.9577391,0.3370447,-3.4098,-12.4139,-34.0892,0.1303978,
2,28.772,2,2.843483,370.5408,-0.9541897,0.3355707,-3.4098,-12.4139,-34.0892,0.1303978,
2,28.782,2,2.84212,370.5414,-0.9567968,0.336649,-3.4098,-12.4139,-34.0892,0.1303978,
2,28.792,2,2.840585,370.5088,-0.9577046,0.3371504,-3.4098,-12.4139,-34.0892,0.1303978,
2,28.802,2,2.84187,370.5161,-0.9591976,0.3375234,-3.4098,-12.4139,-34.0892,0.1303978,
2,28.812,2,2.841813,370.5282,-0.9573783,0.33689,-3.4098,-12.4139,-34.0892,0.1303978,
2,28.822,2,2.840094,370.4745,-0.9619378,0.3386993,-3.4098,-12.4139,-34.0892,0.1303978,
2,28.832,2,2.842425,370.4929,-0.9580311,0.3370471,-3.4098,-12.4139,-34.0892,0.1303978,
2,28.842,2,2.846473,370.4517,-0.9603043,0.3373664,-3.4098,-12.4139,-34.0892,0.1303978,
2,28.852,2,2.851255,370.4451,-0.9643452,0.3382178,-3.4098,-12.4139,-34.0892,0.1303978,
2,28.862,2,2.855269,370.4194,-0.9636867,0.3375117,-3.4098,-12.4139,-34.0892,0.1303978,
2,28.872,2,2.865874,370.3927,-0.9644536,0.3365304,-3.4098,-12.4139,-34.0892,0.1303978,
2,28.882,2,2.867357,370.3849,-0.968375,0.3377239,-3.4098,-12.4139,-34.0892,0.1303978,
2,28.892,2,2.867966,370.3772,-0.9636831,0.3360162,-3.4098,-12.4139,-34.0892,0.1303978,
2,28.902,2,2.868465,370.375,-0.9639422,0.3360481,-3.4098,-12.4139,-34.0892,0.1303978,
2,28.912,2,2.867924,370.357,-0.9648854,0.3364404,-3.4098,-12.4139,-34.0892,0.1303978,
2,28.922,2,2.8667,370.3488,-0.9632194,0.3360029,-3.4098,-12.4139,-34.0892,0.1303978,
2,28.932,2,2.868511,370.3472,-0.9629601,0.3357003,-3.4098,-12.4139,-34.0892,0.1303978,
2,28.942,2,2.868316,370.3317,-0.9642963,0.336189,-3.4098,-12.4139,-34.0892,0.1303978,
2,28.952,2,2.86623,370.3202,-0.9633872,0.3361166,-3.4098,-12.4139,-34.0892,0.1303978,
2,28.962,2,2.866206,370.2992,-0.9657645,0.3369488,-3.4098,-12.4139,-34.0892,0.1303978,
2,28.972,2,2.867314,370.3132,-0.9656099,0.3367646,-3.4098,-12.4139,-34.0892,0.1303978,
2,28.982,2,2.868227,370.2879,-0.9651281,0.3364894,-3.4179,-12.4139,-34.0905,0.1316986,
2,28.992,2,2.867517,370.2795,-0.9683281,0.3376887,-3.4179,-12.4139,-34.0905,0.1316986,
2,29.002,2,2.866798,370.2952,-0.9683697,0.3377879,-3.4179,-12.4139,-34.0905,0.1316986,
2,29.012,2,2.867585,370.2868,-0.9653573,0.3366447,-3.4179,-12.4139,-34.0905,0.1316986,
2,29.022,2,2.866521,370.2767,-0.9666945,0.3372362,-3.4179,-12.4139,-34.0905,0.1316986,
2,29.032,2,2.865093,370.2625,-0.9658543,0.3371111,-3.4179,-12.4139,-34.0905,0.1316986,
2,29.042,2,2.867746,370.2615,-0.9646559,0.3363812,-3.4179,-12.4139,-34.0905,0.1316986,
2,29.052,2,2.864737,370.2582,-0.9661875,0.3372692,-3.4179,-12.4139,-34.0905,0.1316986,
2,29.062,2,2.864663,370.2336,-0.9648852,0.3368233,-3.4179,-12.4139,-34.0905,0.1316986,
2,29.072,2,2.867389,370.2216,-0.9628451,0.3357916,-3.4179,-12.4139,-34.0905,0.1316986,
2,29.082,2,2.86784,370.2415,-0.9639536,0.3361253,-3.4179,-12.4139,-34.0905,0.1316986,
2,29.092,2,2.87552,370.1964,-0.9679921,0.336632,-3.4179,-12.4139,-34.0905,0.1316986,
2,29.102,2,2.881608,370.1501,-0.9697961,0.3365469,-3.4179,-12.4139,-34.0905,0.1316986,
2,29.112,2,2.890438,370.0524,-0.9715588,0.3361286,-3.4179,-12.4139,-34.0905,0.1316986,
2,29.122,2,2.890786,370.108,-0.9713125,0.3360029,-3.4179,-12.4139,-34.0905,0.1316986,
2,29.132,2,2.891513,370.0948,-0.9719371,0.3361344,-3.4179,-12.4139,-34.0905,0.1316986,
2,29.142,2,2.892511,370.1124,-0.9734725,0.3365493,-3.4179,-12.4139,-34.0905,0.1316986,
2,29.152,2,2.891787,370.0925,-0.975275,0.3372569,-3.4179,-12.4139,-34.0905,0.1316986,
2,29.162,2,2.8911,370.0871,-0.9753756,0.3373718,-3.4179,-12.4139,-34.0905,0.1316986,
2,29.172,2,2.891023,370.1164,-0.9762424,0.3376806,-3.4179,-12.4139,-34.0905,0.1316986,
2,29.182,2,2.893678,370.0728,-0.9736887,0.3364882,-3.4179,-12.4139,-34.0905,0.1316986,
2,29.192,2,2.891091,370.05,-0.9703744,0.335643,-3.4179,-12.4139,-34.0905,0.1316986,
2,29.202,2,2.891281,370.0565,-0.973564,0.3367241,-3.4179,-12.4139,-34.0905,0.1316986,
2,29.212,2,2.891987,370.0351,-0.970127,0.3354534,-3.42552,-12.4139,-34.0918,0.1329994,
2,29.222,2,2.890688,370.0218,-0.9705648,0.3357556,-3.42552,-12.4139,-34.0918,0.1329994,
2,29.232,2,2.888859,370.0218,-0.9713666,0.3362458,-3.42552,-12.4139,-34.0918,0.1329994,
2,29.242,2,2.888142,370.0135,-0.9725869,0.3367518,-3.42552,-12.4139,-34.0918,0.1329994,
2,29.252,2,2.888087,370.0111,-0.9733503,0.3370225,-3.42552,-12.4139,-34.0918,0.1329994,
2,29.262,2,2.890995,370.017,-0.9751723,0.3373138,-3.42552,-12.4139,-34.0918,0.1329994,
2,29.272,2,2.888235,370.0015,-0.9729326,0.3368606,-3.42552,-12.4139,-34.0918,0.1329994,
2,29.282,2,2.891235,369.9884,-0.9725042,0.3363629,-3.42552,-12.4139,-34.0918,0.1329994,
2,29.292,2,2.890489,369.9978,-0.9746817,0.3372031,-3.42552,-12.4139,-34.0918,0.1329994,
2,29.302,2,2.888584,369.9949,-0.9725389,0.3366836,-3.42552,-12.4139,-34.0918,0.1329994,
2,29.312,2,2.888123,369.9732,-0.9750246,0.337598,-3.42552,-12.4139,-34.0918,0.1329994,
2,29.322,2,2.8929,369.9836,-0.976727,0.3376291,-3.42552,-12.4139,-34.0918,0.1329994,
2,29.332,2,2.900223,369.9258,-0.9743795,0.3359672,-3.42552,-12.4139,-34.0918,0.1329994,
2,29.342,2,2.906597,369.8882,-0.9754515,0.3355992,-3.42552,-12.4139,-34.0918,0.1329994,
2,29.352,2,2.914112,369.845,-0.977072,0.3352898,-3.42552,-12.4139,-34.0918,0.1329994,
2,29.362,2,2.915422,369.8541,-0.9755839,0.3346287,-3.42552,-12.4139,-34.0918,0.1329994,
2,29.372,2,2.914729,369.8459,-0.9781564,0.3355908,-3.42552,-12.4139,-34.0918,0.1329994,
2,29.382,2,2.917264,369.8203,-0.9805803,0.3361301,-3.42552,-12.4139,-34.0918,0.1329994,
2,29.392,2,2.917735,369.8417,-0.9789096,0.3355033,-3.42552,-12.4139,-34.0918,0.1329994,
2,29.402,2,2.915398,369.8235,-0.9795707,0.335999,-3.42552,-12.4139,-34.0918,0.1329994,
2,29.412,2,2.916805,369.7668,-0.9821717,0.3367286,-3.42552,-12.4139,-34.0918,0.1329994,
2,29.422,2,2.915737,369.8052,-0.98072,0.3363541,-3.42552,-12.4139,-34.0918,0.1329994,
2,29.432,2,2.914355,369.7792,-0.9817179,0.336856,-3.42552,-12.4139,-34.0918,0.1329994,
2,29.442,2,2.913484,369.7714,-0.9829596,0.3373829,-3.42552,-12.4139,-34.0918,0.1329994,
2,29.452,2,2.915925,369.7832,-0.9822848,0.336869,-3.42552,-12.4139,-34.0918,0.1329994,
2,29.462,2,2.916237,369.7906,-0.9802321,0.3361291,-3.43365,-12.4139,-34.0931,0.1343002,
2,29.472,2,2.913492,369.7727,-0.9824121,0.337194,-3.43365,-12.4139,-34.0931,0.1343002,
2,29.482,2,2.916027,369.7586,-0.9805871,0.3362751,-3.43365,-12.4139,-34.0931,0.1343002,
2,29.492,2,2.915683,369.764,-0.9794306,0.3359181,-3.43365,-12.4139,-34.0931,0.1343002,
2,29.502,2,2.911679,369.7463,-0.9804915,0.3367443,-3.43365,-12.4139,-34.0931,0.1343002,
2,29.512,2,2.911546,369.7455,-0.9790208,0.3362546,-3.43365,-12.4139,-34.0931,0.1343002,
2,29.522,2,2.913185,369.7483,-0.9794481,0.3362122,-3.43365,-12.4139,-34.0931,0.1343002,
2,29.532,2,2.914392,369.758,-0.983546,0.337479,-3.43365,-12.4139,-34.0931,0.1343002,
2,29.542,2,2.912808,369.6888,-0.9814426,0.3369403,-3.43365,-12.4139,-34.0931,0.1343002,
2,29.552,2,2.914639,369.6985,-0.9824452,0.3370727,-3.43365,-12.4139,-34.0931,0.1343002,
2,29.562,2,2.913161,369.6988,-0.985365,0.338246,-3.43365,-12.4139,-34.0931,0.1343002,
2,29.572,2,2.913924,369.6916,-0.9843919,0.3378235,-3.43365,-12.4139,-34.0931,0.1343002,
2,29.582,2,2.918442,369.6625,-0.9837601,0.337084,-3.43365,-12.4139,-34.0931,0.1343002,
2,29.592,2,2.925175,369.6441,-0.9848332,0.336675,-3.43365,-12.4139,-34.0931,0.1343002,
2,29.602,2,2.930075,369.6089,-0.9859457,0.3364916,-3.43365,-12.4139,-34.0931,0.1343002,
2,29.612,2,2.936884,369.5824,-0.9907886,0.3373605,-3.43365,-12.4139,-34.0931,0.1343002,
2,29.622,2,2.942207,369.588,-0.9879728,0.3357931,-3.43365,-12.4139,-34.0931,0.1343002,
2,29.632,2,2.941233,369.5692,-0.9871599,0.3356279,-3.43365,-12.4139,-34.0931,0.1343002,
2,29.642,2,2.940353,369.563,-0.989882,0.3366541,-3.43365,-12.4139,-34.0931,0.1343002,
2,29.652,2,2.939554,369.5447,-0.9877712,0.3360275,-3.43365,-12.4139,-34.0931,0.1343002,
2,29.662,2,2.941265,369.5363,-0.9842088,0.334621,-3.43365,-12.4139,-34.0931,0.1343002,
2,29.672,2,2.94071,369.5465,-0.9883833,0.3361036,-3.43365,-12.4139,-34.0931,0.1343002,
2,29.682,2,2.939249,369.5293,-0.9888098,0.3364158,-3.44233,-12.4139,-34.0944,0.1355972,
2,29.692,2,2.939868,369.5084,-0.9905842,0.3369485,-3.44233,-12.4139,-34.0944,0.1355972,
2,29.702,2,2.940594,369.4728,-0.9943783,0.3381556,-3.44233,-12.4139,-34.0944,0.1355972,
2,29.712,2,2.941629,369.4966,-0.9895813,0.3364059,-3.44233,-12.4139,-34.0944,0.1355972,
2,29.722,2,2.939016,369.491,-0.9905677,0.3370405,-3.44233,-12.4139,-34.0944,0.1355972,
2,29.732,2,2.938703,369.4962,-0.994904,0.3385521,-3.44233,-12.4139,-34.0944,0.1355972,
2,29.742,2,2.940638,369.4812,-0.9912544,0.3370882,-3.44233,-12.4139,-34.0944,0.1355972,
2,29.752,2,2.938981,369.476,-0.9917576,0.3374495,-3.44233,-12.4139,-34.0944,0.1355972,
2,29.762,2,2.939315,369.4771,-0.9927559,0.3377508,-3.44233,-12.4139,-34.0944,0.1355972,
2,29.772,2,2.941013,369.4701,-0.9882523,0.3360244,-3.44233,-12.4139,-34.0944,0.1355972,
2,29.782,2,2.938756,369.4592,-0.9890608,0.3365576,-3.44233,-12.4139,-34.0944,0.1355972,
2,29.792,2,2.939515,369.4621,-0.9906082,0.3369972,-3.44233,-12.4139,-34.0944,0.1355972,
2,29.802,2,2.937881,369.4308,-0.9887837,0.3365635,-3.44233,-12.4139,-34.0944,0.1355972,
2,29.812,2,2.939617,369.4306,-0.9876898,0.3359927,-3.44233,-12.4139,-34.0944,0.1355972,
2,29.822,2,2.943072,369.4079,-0.9898331,0.3363265,-3.44233,-12.4139,-34.0944,0.1355972,
2,29.832,2,2.950486,369.3766,-0.9871255,0.3345637,-3.44233,-12.4139,-34.0944,0.1355972,
2,29.842,2,2.957061,369.33,-0.9930326,0.3358175,-3.44233,-12.4139,-34.0944,0.1355972,
2,29.852,2,2.960793,369.3375,-0.9973872,0.3368649,-3.44233,-12.4139,-34.0944,0.1355972,
2,29.862,2,2.965845,369.3111,-0.9938551,0.3351001,-3.44233,-12.4139,-34.0944,0.1355972,
2,29.872,2,2.964947,369.2925,-0.9971714,0.3363201,-3.44233,-12.4139,-34.0944,0.1355972,
2,29.882,2,2.963499,369.2869,-1.000592,0.3376388,-3.44233,-12.4139,-34.0944,0.1355972,
2,29.892,2,2.963768,369.2843,-0.998217,0.3368067,-3.44233,-12.4139,-34.0944,0.1355972,
2,29.902,2,2.964065,369.2739,-0.9977148,0.3366036,-3.44233,-12.4139,-34.0944,0.1355972,
2,29.912,2,2.962916,369.2916,-0.9986371,0.3370454,-3.44233,-12.4139,-34.0944,0.1355972,
2,29.922,2,2.96225,369.2662,-0.9975,0.3367373,-3.44233,-12.4139,-34.0944,0.1355972,
2,29.932,2,2.961873,369.2521,-0.9974799,0.3367733,-3.451,-12.4139,-34.0957,0.136898,
2,29.942,2,2.963086,369.2394,-0.995994,0.3361341,-3.451,-12.4139,-34.0957,0.136898,
2,29.952,2,2.962803,369.2494,-0.9931571,0.3352087,-3.451,-12.4139,-34.0957,0.136898,
2,29.962,2,2.964739,369.2399,-0.9947293,0.33552,-3.451,-12.4139,-34.0957,0.136898,
2,29.972,2,2.96375,369.2229,-0.9985282,0.3369138,-3.451,-12.4139,-34.0957,0.136898,
2,29.982,2,2.963151,369.2342,-0.9961703,0.3361861,-3.451,-12.4139,-34.0957,0.136898,
2,29.992,2,2.962278,369.2093,-0.9973998,0.3367002,-3.451,-12.4139,-34.0957,0.136898,
2,30.002,2,2.961762,369.1946,-0.9984274,0.3371059,-3.451,-12.4139,-34.0957,0.136898,
2,30.012,2,2.96328,369.1797,-0.9979671,0.3367778,-3.451,-12.4139,-34.0957,0.136898,
2,30.022,2,2.963439,369.1664,-0.9993669,0.3372321,-3.451,-12.4139,-34.0957,0.136898,
2,30.032,2,2.960126,369.1606,-0.99825,0.3372323,-3.451,-12.4139,-34.0957,0.136898,
2,30.042,2,2.965517,369.154,-0.9982651,0.3366243,-3.451,-12.4139,-34.0957,0.136898,
2,30.052,2,2.972079,369.1407,-0.9986669,0.3360163,-3.451,-12.4139,-34.0957,0.136898,
2,30.062,2,2.978462,369.1113,-1.000105,0.3357788,-3.451,-12.4139,-34.0957,0.136898,
2,30.072,2,2.986856,369.0623,-1.000766,0.3350568,-3.451,-12.4139,-34.0957,0.136898,
2,30.082,2,2.992285,369.0635,-1.001548,0.3347101,-3.451,-12.4139,-34.0957,0.136898,
2,30.092,2,2.990227,369.056,-1.002371,0.3352156,-3.451,-12.4139,-34.0957,0.136898,
2,30.102,2,2.989863,369.0473,-0.9990994,0.3341622,-3.451,-12.4139,-34.0957,0.136898,
2,30.112,2,2.988556,369.0372,-1.001158,0.3349973,-3.451,-12.4139,-34.0957,0.136898,
2,30.122,2,2.99054,369.0132,-1.002263,0.3351445,-3.451,-12.4139,-34.0957,0.136898,
2,30.132,2,2.986876,369.0146,-1.003878,0.3360962,-3.451,-12.4139,-34.0957,0.136898,
2,30.142,2,2.989498,368.9912,-1.005724,0.3364191,-3.451,-12.4139,-34.0957,0.136898,
2,30.152,2,2.989591,368.9941,-1.003966,0.3358206,-3.451,-12.4139,-34.0957,0.136898,
2,30.162,2,2.987444,368.9862,-1.00313,0.335782,-3.451,-12.4139,-34.0957,0.136898,
2,30.172,2,2.989187,368.9755,-1.007178,0.3369406,-3.451,-12.4139,-34.0957,0.136898,
2,30.182,2,2.987921,368.9711,-1.006837,0.3369689,-3.45808,-12.4139,-34.097,0.1381989,
2,30.192,2,2.988818,368.9677,-1.004099,0.3359519,-3.45808,-12.4139,-34.097,0.1381989,
2,30.202,2,2.987007,368.9504,-1.007382,0.3372545,-3.45808,-12.4139,-34.097,0.1381989,
2,30.212,2,2.988916,368.9588,-1.005967,0.336566,-3.45808,-12.4139,-34.097,0.1381989,
2,30.222,2,2.987908,368.9507,-1.000798,0.3349494,-3.45808,-12.4139,-34.097,0.1381989,
2,30.232,2,2.986485,368.9435,-1.003431,0.3359907,-3.45808,-12.4139,-34.097,0.1381989,
2,30.242,2,2.988773,368.933,-1.002249,0.3353379,-3.45808,-12.4139,-34.097,0.1381989,
2,30.252,2,2.988533,368.924,-0.9993119,0.3343821,-3.45808,-12.4139,-34.097,0.1381989,
2,30.262,2,2.988143,368.928,-1.001634,0.3352028,-3.45808,-12.4139,-34.097,0.1381989,
2,30.272,2,2.986151,368.8969,-1.003853,0.3361697,-3.45808,-12.4139,-34.097,0.1381989,
2,30.282,2,2.986256,368.887,-1.002697,0.3357706,-3.45808,-12.4139,-34.097,0.1381989,
2,30.292,2,2.989115,368.8867,-1.003552,0.3357354,-3.45808,-12.4139,-34.097,0.1381989,
2,30.302,2,2.991833,368.8696,-1.003556,0.3354318,-3.45808,-12.4139,-34.097,0.1381989,
2,30.312,2,3.002667,368.8223,-1.006006,0.3350376,-3.45808,-12.4139,-34.097,0.1381989,
2,30.322,2,3.006792,368.8333,-1.01029,0.3360027,-3.45808,-12.4139,-34.097,0.1381989,
2,30.332,2,3.011014,368.7855,-1.009797,0.3353676,-3.45808,-12.4139,-34.097,0.1381989,
2,30.342,2,3.014814,368.7777,-1.010212,0.3350825,-3.45808,-12.4139,-34.097,0.1381989,
2,30.352,2,3.015925,368.7388,-1.011664,0.3354405,-3.45808,-12.4139,-34.097,0.1381989,
2,30.362,2,3.014884,368.7595,-1.011267,0.3354247,-3.45808,-12.4139,-34.097,0.1381989,
2,30.372,2,3.01336,368.7416,-1.012665,0.3360583,-3.45808,-12.4139,-34.097,0.1381989,
2,30.382,2,3.013682,368.751,-1.011142,0.335517,-3.45808,-12.4139,-34.097,0.1381989,
2,30.392,2,3.017551,368.7294,-1.008887,0.3343396,-3.46675,-12.4139,-34.0984,0.1395988,
2,30.402,2,3.016466,368.7268,-1.007763,0.3340872,-3.46675,-12.4139,-34.0984,0.1395988,
2,30.412,2,3.013228,368.7146,-1.012099,0.3358854,-3.46675,-12.4139,-34.0984,0.1395988,
2,30.422,2,3.012864,368.7032,-1.011078,0.3355872,-3.46675,-12.4139,-34.0984,0.1395988,
2,30.432,2,3.013494,368.702,-1.010008,0.3351617,-3.46675,-12.4139,-34.0984,0.1395988,
2,30.442,2,3.010546,368.7075,-1.014533,0.3369931,-3.46675,-12.4139,-34.0984,0.1395988,
2,30.452,2,3.014614,368.6877,-1.014167,0.3364169,-3.46675,-12.4139,-34.0984,0.1395988,
2,30.462,2,3.0134,368.6665,-1.011263,0.3355888,-3.46675,-12.4139,-34.0984,0.1395988,
2,30.472,2,3.012549,368.6625,-1.013799,0.3365254,-3.46675,-12.4139,-34.0984,0.1395988,
2,30.482,2,3.012046,368.6643,-1.011616,0.3358566,-3.46675,-12.4139,-34.0984,0.1395988,
2,30.492,2,3.01155,368.657,-1.013369,0.3364943,-3.46675,-12.4139,-34.0984,0.1395988,
2,30.502,2,3.015589,368.6508,-1.013592,0.3361176,-3.46675,-12.4139,-34.0984,0.1395988,
2,30.512,2,3.020424,368.6253,-1.012599,0.3352506,-3.46675,-12.4139,-34.0984,0.1395988,
2,30.522,2,3.027598,368.5841,-1.013444,0.3347353,-3.46675,-12.4139,-34.0984,0.1395988,
2,30.532,2,3.034361,368.5492,-1.014026,0.3341809,-3.46675,-12.4139,-34.0984,0.1395988,
2,30.542,2,3.039924,368.538,-1.013946,0.3335432,-3.46675,-12.4139,-34.0984,0.1395988,
2,30.552,2,3.039818,368.5348,-1.015828,0.3341738,-3.46675,-12.4139,-34.0984,0.1395988,
2,30.562,2,3.038762,368.5341,-1.017353,0.3347918,-3.46675,-12.4139,-34.0984,0.1395988,
2,30.572,2,3.038019,368.5299,-1.017591,0.3349522,-3.46675,-12.4139,-34.0984,0.1395988,
2,30.582,2,3.038648,368.4982,-1.01873,0.3352576,-3.46675,-12.4139,-34.0984,0.1395988,
2,30.592,2,3.037653,368.4879,-1.020427,0.3359261,-3.46675,-12.4139,-34.0984,0.1395988,
2,30.602,2,3.040911,368.4972,-1.019414,0.3352329,-3.46675,-12.4139,-34.0984,0.1395988,
2,30.612,2,3.039141,368.4796,-1.023612,0.3368097,-3.46675,-12.4139,-34.0984,0.1395988,
2,30.622,2,3.037017,368.465,-1.023699,0.3370739,-3.47432,-12.4139,-34.0996,0.1408005,
2,30.632,2,3.037023,368.4642,-1.01981,0.3357927,-3.47432,-12.4139,-34.0996,0.1408005,
2,30.642,2,3.038349,368.4652,-1.023423,0.3368351,-3.47432,-12.4139,-34.0996,0.1408005,
2,30.652,2,3.034896,368.4591,-1.023261,0.3371651,-3.47432,-12.4139,-34.0996,0.1408005,
2,30.662,2,3.036793,368.4462,-1.02036,0.3359993,-3.47432,-12.4139,-34.0996,0.1408005,
2,30.672,2,3.038079,368.4599,-1.020096,0.3357701,-3.47432,-12.4139,-34.0996,0.1408005,
2,30.682,2,3.038499,368.4454,-1.020976,0.3360134,-3.47432,-12.4139,-34.0996,0.1408005,
2,30.692,2,3.03736,368.4377,-1.019612,0.3356901,-3.47432,-12.4139,-34.0996,0.1408005,
2,30.702,2,3.036513,368.4312,-1.020467,0.3360654,-3.47432,-12.4139,-34.0996,0.1408005,
2,30.712,2,3.036613,368.4083,-1.021865,0.3365146,-3.47432,-12.4139,-34.0996,0.1408005,
2,30.722,2,3.038403,368.4063,-1.020513,0.3358715,-3.47432,-12.4139,-34.0996,0.1408005,
2,30.732,2,3.036294,368.3858,-1.023039,0.3369369,-3.47432,-12.4139,-34.0996,0.1408005,
2,30.742,2,3.03653,368.3978,-1.023363,0.3370174,-3.47432,-12.4139,-34.0996,0.1408005,
2,30.752,2,3.036648,368.3889,-1.02026,0.3359825,-3.47432,-12.4139,-34.0996,0.1408005,
2,30.762,2,3.041232,368.3389,-1.022394,0.3361774,-3.47432,-12.4139,-34.0996,0.1408005,
2,30.772,2,3.050249,368.3249,-1.023248,0.3354639,-3.47432,-12.4139,-34.0996,0.1408005,
2,30.782,2,3.055669,368.3043,-1.026529,0.3359426,-3.47432,-12.4139,-34.0996,0.1408005,
2,30.792,2,3.058657,368.2674,-1.027731,0.3360072,-3.47432,-12.4139,-34.0996,0.1408005,
2,30.802,2,3.062987,368.2893,-1.026282,0.3350593,-3.47432,-12.4139,-34.0996,0.1408005,
2,30.812,2,3.06051,368.2749,-1.024534,0.3347592,-3.47432,-12.4139,-34.0996,0.1408005,
2,30.822,2,3.059927,368.2491,-1.029375,0.3364052,-3.47432,-12.4139,-34.0996,0.1408005,
2,30.832,2,3.060761,368.2533,-1.025035,0.3348955,-3.47432,-12.4139,-34.0996,0.1408005,
2,30.842,2,3.061472,368.2393,-1.023565,0.3343375,-3.47432,-12.4139,-34.0996,0.1408005,
2,30.852,2,3.05922,368.2314,-1.026028,0.3353889,-3.47432,-12.4139,-34.0996,0.1408005,
2,30.862,2,3.058369,368.1847,-1.025191,0.3352085,-3.483,-12.4139,-34.1008,0.1419983,
2,30.872,2,3.060704,368.201,-1.024338,0.3346741,-3.483,-12.4139,-34.1008,0.1419983,
2,30.882,2,3.061913,368.2061,-1.025924,0.3350598,-3.483,-12.4139,-34.1008,0.1419983,
2,30.892,2,3.056755,368.2003,-1.025324,0.3354287,-3.483,-12.4139,-34.1008,0.1419983,
2,30.902,2,3.059485,368.1923,-1.02567,0.3352428,-3.483,-12.4139,-34.1008,0.1419983,
2,30.912,2,3.058217,368.2155,-1.029655,0.3366846,-3.483,-12.4139,-34.1008,0.1419983,
2,30.922,2,3.056889,368.1886,-1.030323,0.3370496,-3.483,-12.4139,-34.1008,0.1419983,
2,30.932,2,3.061904,368.1791,-1.029286,0.3361588,-3.483,-12.4139,-34.1008,0.1419983,
2,30.942,2,3.057727,368.1266,-1.030342,0.3369635,-3.483,-12.4139,-34.1008,0.1419983,
2,30.952,2,3.055868,368.1669,-1.028043,0.3364161,-3.483,-12.4139,-34.1008,0.1419983,
2,30.962,2,3.061182,368.163,-1.025209,0.3349065,-3.483,-12.4139,-34.1008,0.1419983,
2,30.972,2,3.058928,368.162,-1.024885,0.3350472,-3.483,-12.4139,-34.1008,0.1419983,
2,30.982,2,3.058423,368.1489,-1.024529,0.334986,-3.483,-12.4139,-34.1008,0.1419983,
2,30.992,2,3.057132,368.1304,-1.023983,0.3349489,-3.483,-12.4139,-34.1008,0.1419983,
2,31.002,2,3.059815,368.1436,-1.025327,0.3350944,-3.483,-12.4139,-34.1008,0.1419983,
2,31.012,2,3.069859,368.0934,-1.027889,0.3348325,-3.483,-12.4139,-34.1008,0.1419983,
2,31.022,2,3.074878,368.0635,-1.032692,0.3358481,-3.483,-12.4139,-34.1008,0.1419983,
2,31.032,2,3.078996,368.0441,-1.032349,0.3352877,-3.483,-12.4139,-34.1008,0.1419983,
2,31.042,2,3.084556,368.027,-1.032409,0.3347027,-3.483,-12.4139,-34.1008,0.1419983,
2,31.052,2,3.084642,368.0046,-1.033522,0.3350541,-3.483,-12.4139,-34.1008,0.1419983,
2,31.062,2,3.086994,367.9689,-1.035258,0.3353613,-3.483,-12.4139,-34.1008,0.1419983,
2,31.072,2,3.085143,368.0056,-1.034199,0.3352193,-3.483,-12.4139,-34.1008,0.1419983,
2,31.082,2,3.085522,367.99,-1.034886,0.3354005,-3.483,-12.4139,-34.1008,0.1419983,
2,31.092,2,3.08673,367.9713,-1.035807,0.3355677,-3.483,-12.4139,-34.1008,0.1419983,
2,31.102,2,3.082573,367.9714,-1.034297,0.3355305,-3.483,-12.4139,-34.1008,0.1419983,
2,31.112,2,3.08454,367.972,-1.034052,0.3352369,-3.483,-12.4139,-34.1008,0.1419983,
2,31.122,2,3.085,367.9694,-1.033723,0.3350803,-3.483,-12.4139,-34.1008,0.1419983,
2,31.132,2,3.081845,367.9549,-1.031966,0.3348534,-3.49005,-12.4139,-34.1021,0.1432991,
2,31.142,2,3.084932,367.9429,-1.032263,0.3346145,-3.49005,-12.4139,-34.1021,0.1432991,
2,31.152,2,3.085202,367.9548,-1.033555,0.335004,-3.49005,-12.4139,-34.1021,0.1432991,
2,31.162,2,3.082925,367.9371,-1.033265,0.3351574,-3.49005,-12.4139,-34.1021,0.1432991,
2,31.172,2,3.083738,367.913,-1.034386,0.3354325,-3.49005,-12.4139,-34.1021,0.1432991,
2,31.182,2,3.083679,367.9129,-1.03471,0.3355441,-3.49005,-12.4139,-34.1021,0.1432991,
2,31.192,2,3.080374,367.9088,-1.033305,0.3354478,-3.49005,-12.4139,-34.1021,0.1432991,
2,31.202,2,3.080368,367.8969,-1.03702,0.3366546,-3.49005,-12.4139,-34.1021,0.1432991,
2,31.212,2,3.088453,367.8937,-1.03655,0.3356212,-3.49005,-12.4139,-34.1021,0.1432991,
2,31.222,2,3.092574,367.8531,-1.037015,0.3353243,-3.49005,-12.4139,-34.1021,0.1432991,
2,31.232,2,3.098102,367.8176,-1.039874,0.3356489,-3.49005,-12.4139,-34.1021,0.1432991,
2,31.242,2,3.106246,367.7915,-1.041667,0.3353461,-3.49005,-12.4139,-34.1021,0.1432991,
2,31.252,2,3.111033,367.7773,-1.039335,0.3340805,-3.49005,-12.4139,-34.1021,0.1432991,
2,31.262,2,3.111237,367.788,-1.039679,0.3341689,-3.49005,-12.4139,-34.1021,0.1432991,
2,31.272,2,3.108317,367.7708,-1.03989,0.3345508,-3.49005,-12.4139,-34.1021,0.1432991,
2,31.282,2,3.109742,367.7569,-1.038226,0.3338624,-3.49005,-12.4139,-34.1021,0.1432991,
2,31.292,2,3.109673,367.7594,-1.037491,0.3336334,-3.49005,-12.4139,-34.1021,0.1432991,
2,31.302,2,3.108187,367.737,-1.04052,0.3347673,-3.49005,-12.4139,-34.1021,0.1432991,
2,31.312,2,3.108777,367.7361,-1.039039,0.3342277,-3.49005,-12.4139,-34.1021,0.1432991,
2,31.322,2,3.111082,367.7185,-1.039774,0.3342162,-3.49005,-12.4139,-34.1021,0.1432991,
2,31.332,2,3.10911,367.7018,-1.042386,0.3352683,-3.49005,-12.4139,-34.1021,0.1432991,
2,31.342,2,3.109087,367.7152,-1.041521,0.3349926,-3.49005,-12.4139,-34.1021,0.1432991,
2,31.352,2,3.106337,367.6985,-1.044909,0.3363799,-3.49005,-12.4139,-34.1021,0.1432991,
2,31.362,2,3.109658,367.6727,-1.041707,0.3349907,-3.49817,-12.4139,-34.1034,0.1445999,
2,31.372,2,3.107011,367.6859,-1.043119,0.3357309,-3.49817,-12.4139,-34.1034,0.1445999,
2,31.382,2,3.107352,367.6688,-1.043815,0.3359179,-3.49817,-12.4139,-34.1034,0.1445999,
2,31.392,2,3.110742,367.674,-1.042505,0.3351306,-3.49817,-12.4139,-34.1034,0.1445999,
2,31.402,2,3.10813,367.6801,-1.042493,0.3354085,-3.49817,-12.4139,-34.1034,0.1445999,
2,31.412,2,3.105657,367.6647,-1.040536,0.3350455,-3.49817,-12.4139,-34.1034,0.1445999,
2,31.422,2,3.107927,367.6703,-1.039191,0.3343681,-3.49817,-12.4139,-34.1034,0.1445999,
2,31.432,2,3.105586,367.6488,-1.039127,0.3345994,-3.49817,-12.4139,-34.1034,0.1445999,
2,31.442,2,3.105582,367.6492,-1.041147,0.33525,-3.49817,-12.4139,-34.1034,0.1445999,
2,31.452,2,3.106382,367.6283,-1.03961,0.334669,-3.49817,-12.4139,-34.1034,0.1445999,
2,31.462,2,3.109083,367.6163,-1.040718,0.3347346,-3.49817,-12.4139,-34.1034,0.1445999,
2,31.472,2,3.115372,367.6323,-1.042806,0.3347293,-3.49817,-12.4139,-34.1034,0.1445999,
2,31.482,2,3.120164,367.5672,-1.043333,0.334384,-3.49817,-12.4139,-34.1034,0.1445999,
2,31.492,2,3.12728,367.527,-1.045418,0.3342897,-3.49817,-12.4139,-34.1034,0.1445999,
2,31.502,2,3.130248,367.5515,-1.050138,0.3354809,-3.49817,-12.4139,-34.1034,0.1445999,
2,31.512,2,3.131734,367.5214,-1.050892,0.3355621,-3.49817,-12.4139,-34.1034,0.1445999,
2,31.522,2,3.135854,367.5156,-1.048871,0.3344771,-3.49817,-12.4139,-34.1034,0.1445999,
2,31.532,2,3.136004,367.4407,-1.050193,0.3348827,-3.49817,-12.4139,-34.1034,0.1445999,
2,31.542,2,3.132181,367.502,-1.049184,0.3349692,-3.49817,-12.4139,-34.1034,0.1445999,
2,31.552,2,3.134423,367.4916,-1.047796,0.3342867,-3.49817,-12.4139,-34.1034,0.1445999,
2,31.562,2,3.133495,367.4809,-1.048878,0.334731,-3.49817,-12.4139,-34.1034,0.1445999,
2,31.572,2,3.131696,367.4618,-1.045966,0.3339935,-3.49817,-12.4139,-34.1034,0.1445999,
2,31.582,2,3.13023,367.4496,-1.046385,0.3342837,-3.49817,-12.4139,-34.1034,0.1445999,
2,31.592,2,3.133886,367.465,-1.04821,0.334476,-3.49817,-12.4139,-34.1034,0.1445999,
2,31.602,2,3.133749,367.4393,-1.046455,0.3339307,-3.49817,-12.4139,-34.1034,0.1445999,
2,31.612,2,3.131142,367.4367,-1.048727,0.3349344,-3.49817,-12.4139,-34.1034,0.1445999,
2,31.622,2,3.129458,367.4363,-1.049483,0.3353563,-3.50688,-12.4139,-34.1047,0.1458969,
2,31.632,2,3.13278,367.4176,-1.048066,0.3345482,-3.50688,-12.4139,-34.1047,0.1458969,
2,31.642,2,3.13246,367.401,-1.048896,0.3348475,-3.50688,-12.4139,-34.1047,0.1458969,
2,31.652,2,3.129978,367.3645,-1.048649,0.335034,-3.50688,-12.4139,-34.1047,0.1458969,
2,31.662,2,3.133002,367.3994,-1.048681,0.3347207,-3.50688,-12.4139,-34.1047,0.1458969,
2,31.672,2,3.131543,367.4086,-1.050103,0.335331,-3.50688,-12.4139,-34.1047,0.1458969,
2,31.682,2,3.12912,367.3849,-1.050096,0.3355885,-3.50688,-12.4139,-34.1047,0.1458969,
2,31.692,2,3.13143,367.3888,-1.046486,0.3341877,-3.50688,-12.4139,-34.1047,0.1458969,
2,31.702,2,3.133117,367.3769,-1.046453,0.3339973,-3.50688,-12.4139,-34.1047,0.1458969,
2,31.712,2,3.131719,367.3846,-1.048772,0.334887,-3.50688,-12.4139,-34.1047,0.1458969,
2,31.722,2,3.130693,367.3553,-1.045243,0.3338695,-3.50688,-12.4139,-34.1047,0.1458969,
2,31.732,2,3.131116,367.3768,-1.046478,0.3342189,-3.50688,-12.4139,-34.1047,0.1458969,
2,31.742,2,3.135406,367.3505,-1.049701,0.3347896,-3.50688,-12.4139,-34.1047,0.1458969,
2,31.752,2,3.145112,367.3128,-1.049422,0.3336675,-3.50688,-12.4139,-34.1047,0.1458969,
2,31.762,2,3.150135,367.253,-1.050526,0.3334861,-3.50688,-12.4139,-34.1047,0.1458969,
2,31.772,2,3.155355,367.2448,-1.055131,0.3343937,-3.50688,-12.4139,-34.1047,0.1458969,
2,31.782,2,3.157553,367.2415,-1.054985,0.3341147,-3.50688,-12.4139,-34.1047,0.1458969,
2,31.792,2,3.157315,367.2398,-1.058039,0.3351071,-3.50688,-12.4139,-34.1047,0.1458969,
2,31.802,2,3.15938,367.2354,-1.058615,0.3350704,-3.50688,-12.4139,-34.1047,0.1458969,
2,31.812,2,3.157711,367.2112,-1.055635,0.3343038,-3.50688,-12.4139,-34.1047,0.1458969,
2,31.822,2,3.158127,367.202,-1.05767,0.3349043,-3.50688,-12.4139,-34.1047,0.1458969,
2,31.832,2,3.157712,367.1912,-1.059642,0.3355727,-3.50688,-12.4139,-34.1047,0.1458969,
2,31.842,2,3.157415,367.1841,-1.055131,0.3341756,-3.51555,-12.4139,-34.106,0.1471977,
2,31.852,2,3.156744,367.1831,-1.056522,0.3346872,-3.51555,-12.4139,-34.106,0.1471977,
2,31.862,2,3.155809,367.1761,-1.057377,0.3350573,-3.51555,-12.4139,-34.106,0.1471977,
2,31.872,2,3.156959,367.1614,-1.052844,0.3334994,-3.51555,-12.4139,-34.106,0.1471977,
2,31.882,2,3.155438,367.1685,-1.054525,0.3341928,-3.51555,-12.4139,-34.106,0.1471977,
2,31.892,2,3.155862,367.1448,-1.054583,0.3341664,-3.51555,-12.4139,-34.106,0.1471977,
2,31.902,2,3.156281,367.1539,-1.055349,0.3343649,-3.51555,-12.4139,-34.106,0.1471977,
2,31.912,2,3.156688,367.1462,-1.057689,0.3350629,-3.51555,-12.4139,-34.106,0.1471977,
2,31.922,2,3.152522,367.1269,-1.058829,0.3358672,-3.51555,-12.4139,-34.106,0.1471977,
2,31.932,2,3.157892,367.1252,-1.057538,0.3348872,-3.51555,-12.4139,-34.106,0.1471977,
2,31.942,2,3.157356,367.1211,-1.058715,0.3353171,-3.51555,-12.4139,-34.106,0.1471977,
2,31.952,2,3.154026,367.106,-1.059845,0.3360294,-3.51555,-12.4139,-34.106,0.1471977,
2,31.962,2,3.159194,367.1143,-1.057596,0.3347677,-3.51555,-12.4139,-34.106,0.1471977,
2,31.972,2,3.166009,367.0911,-1.059155,0.3345394,-3.51555,-12.4139,-34.106,0.1471977,
2,31.982,2,3.169036,367.0553,-1.062512,0.3352792,-3.51555,-12.4139,-34.106,0.1471977,
2,31.992,2,3.176126,367.0194,-1.061808,0.3343091,-3.51555,-12.4139,-34.106,0.1471977,
2,32.002,2,3.181779,366.9892,-1.060978,0.3334545,-3.51555,-12.4139,-34.106,0.1471977,
2,32.012,2,3.183804,366.9973,-1.061141,0.3332935,-3.51555,-12.4139,-34.106,0.1471977,
2,32.022,2,3.184198,366.9909,-1.059686,0.3327952,-3.51555,-12.4139,-34.106,0.1471977,
2,32.032,2,3.181563,366.975,-1.063014,0.3341168,-3.51555,-12.4139,-34.106,0.1471977,
2,32.042,2,3.183462,366.9608,-1.065826,0.3348009,-3.51555,-12.4139,-34.106,0.1471977,
2,32.052,2,3.180973,366.9503,-1.062359,0.3339731,-3.51555,-12.4139,-34.106,0.1471977,
2,32.062,2,3.180405,366.994,-1.065238,0.3349379,-3.51555,-12.4139,-34.106,0.1471977,
2,32.072,2,3.182088,366.9426,-1.065188,0.3347451,-3.51555,-12.4139,-34.106,0.1471977,
2,32.082,2,3.1811,366.9374,-1.06477,0.3347175,-3.51555,-12.4139,-34.106,0.1471977,
2,32.092,2,3.180054,366.945,-1.067638,0.3357294,-3.51555,-12.4139,-34.106,0.1471977,
2,32.102,2,3.180188,366.9442,-1.067771,0.3357572,-3.51555,-12.4139,-34.106,0.1471977,
2,32.112,2,3.180486,366.9202,-1.064618,0.3347343,-3.52367,-12.4139,-34.1072,0.1483994,
2,32.122,2,3.183664,366.8369,-1.066217,0.3349025,-3.52367,-12.4139,-34.1072,0.1483994,
2,32.132,2,3.179801,366.9148,-1.067229,0.3356275,-3.52367,-12.4139,-34.1072,0.1483994,
2,32.142,2,3.179931,366.9108,-1.063532,0.3344512,-3.52367,-12.4139,-34.1072,0.1483994,
2,32.152,2,3.179544,366.8951,-1.066144,0.3353134,-3.52367,-12.4139,-34.1072,0.1483994,
2,32.162,2,3.177403,366.8877,-1.063537,0.3347189,-3.52367,-12.4139,-34.1072,0.1483994,
2,32.172,2,3.180019,366.8674,-1.063559,0.3344505,-3.52367,-12.4139,-34.1072,0.1483994,
2,32.182,2,3.178813,366.8959,-1.064843,0.3349813,-3.52367,-12.4139,-34.1072,0.1483994,
2,32.192,2,3.180512,366.873,-1.064823,0.3347962,-3.52367,-12.4139,-34.1072,0.1483994,
2,32.202,2,3.179447,366.8708,-1.066871,0.3355524,-3.52367,-12.4139,-34.1072,0.1483994,
2,32.212,2,3.181419,366.8395,-1.066689,0.3352871,-3.52367,-12.4139,-34.1072,0.1483994,
2,32.222,2,3.185132,366.8352,-1.066358,0.3347923,-3.52367,-12.4139,-34.1072,0.1483994,
2,32.232,2,3.192036,366.8004,-1.068395,0.3347064,-3.52367,-12.4139,-34.1072,0.1483994,
2,32.242,2,3.196968,366.7215,-1.073888,0.3359084,-3.52367,-12.4139,-34.1072,0.1483994,
2,32.252,2,3.203988,366.7473,-1.069797,0.3338955,-3.52367,-12.4139,-34.1072,0.1483994,
2,32.262,2,3.206965,366.7427,-1.075249,0.3352855,-3.52367,-12.4139,-34.1072,0.1483994,
2,32.272,2,3.206208,366.7065,-1.07478,0.3352185,-3.52367,-12.4139,-34.1072,0.1483994,
2,32.282,2,3.209237,366.7219,-1.07477,0.334899,-3.52367,-12.4139,-34.1072,0.1483994,
2,32.292,2,3.205925,366.7112,-1.071182,0.3341257,-3.52367,-12.4139,-34.1072,0.1483994,
2,32.302,2,3.206747,366.7149,-1.071676,0.3341942,-3.52367,-12.4139,-34.1072,0.1483994,
2,32.312,2,3.208441,366.6835,-1.069921,0.3334707,-3.52367,-12.4139,-34.1072,0.1483994,
2,32.322,2,3.206205,366.6754,-1.068716,0.3333275,-3.52367,-12.4139,-34.1072,0.1483994,
2,32.332,2,3.204728,366.6859,-1.074779,0.335373,-3.53235,-12.4139,-34.1086,0.1497993,
2,32.342,2,3.204758,366.6732,-1.072758,0.3347393,-3.53235,-12.4139,-34.1086,0.1497993,
2,32.352,2,3.205808,366.6439,-1.073344,0.3348124,-3.53235,-12.4139,-34.1086,0.1497993,
2,32.362,2,3.206037,366.6552,-1.075398,0.3354291,-3.53235,-12.4139,-34.1086,0.1497993,
2,32.372,2,3.204233,366.6562,-1.07572,0.3357183,-3.53235,-12.4139,-34.1086,0.1497993,
2,32.382,2,3.20624,366.6523,-1.076311,0.3356925,-3.53235,-12.4139,-34.1086,0.1497993,
2,32.392,2,3.206326,366.6529,-1.077787,0.3361438,-3.53235,-12.4139,-34.1086,0.1497993,
2,32.402,2,3.205872,366.633,-1.073362,0.3348112,-3.53235,-12.4139,-34.1086,0.1497993,
2,32.412,2,3.20311,366.6146,-1.075861,0.3358802,-3.53235,-12.4139,-34.1086,0.1497993,
2,32.422,2,3.206969,366.637,-1.076678,0.3357307,-3.53235,-12.4139,-34.1086,0.1497993,
2,32.432,2,3.203846,366.6028,-1.071885,0.334562,-3.53235,-12.4139,-34.1086,0.1497993,
2,32.442,2,3.205553,366.5995,-1.075729,0.335583,-3.53235,-12.4139,-34.1086,0.1497993,
2,32.452,2,3.206096,366.6015,-1.075074,0.3353218,-3.53235,-12.4139,-34.1086,0.1497993,
2,32.462,2,3.212708,366.591,-1.070187,0.3331107,-3.53235,-12.4139,-34.1086,0.1497993,
2,32.472,2,3.219172,366.5396,-1.074151,0.333673,-3.53235,-12.4139,-34.1086,0.1497993,
2,32.482,2,3.222972,366.5031,-1.078411,0.3346012,-3.53235,-12.4139,-34.1086,0.1497993,
2,32.492,2,3.229539,366.5002,-1.080157,0.3344615,-3.53235,-12.4139,-34.1086,0.1497993,
2,32.502,2,3.232165,366.4979,-1.081579,0.3346301,-3.53235,-12.4139,-34.1086,0.1497993,
2,32.512,2,3.232672,366.4809,-1.082562,0.3348814,-3.53235,-12.4139,-34.1086,0.1497993,
2,32.522,2,3.230569,366.4694,-1.083336,0.3353391,-3.53235,-12.4139,-34.1086,0.1497993,
2,32.532,2,3.234694,366.4624,-1.08358,0.3349867,-3.53235,-12.4139,-34.1086,0.1497993,
2,32.542,2,3.230629,366.4368,-1.083204,0.3352921,-3.53235,-12.4139,-34.1086,0.1497993,
2,32.552,2,3.231213,366.4431,-1.083968,0.3354678,-3.53235,-12.4139,-34.1086,0.1497993,
2,32.562,2,3.232624,366.4454,-1.085643,0.3358397,-3.5405,-12.4139,-34.1098,0.1509972,
2,32.572,2,3.230513,366.4317,-1.083613,0.3354306,-3.5405,-12.4139,-34.1098,0.1509972,
2,32.582,2,3.232309,366.435,-1.08279,0.3349896,-3.5405,-12.4139,-34.1098,0.1509972,
2,32.592,2,3.230855,366.4175,-1.083559,0.3353784,-3.5405,-12.4139,-34.1098,0.1509972,
2,32.602,2,3.230968,366.423,-1.08279,0.3351289,-3.5405,-12.4139,-34.1098,0.1509972,
2,32.612,2,3.230077,366.4179,-1.079865,0.3343154,-3.5405,-12.4139,-34.1098,0.1509972,
2,32.622,2,3.228456,366.4037,-1.081853,0.3350992,-3.5405,-12.4139,-34.1098,0.1509972,
2,32.632,2,3.229887,366.39,-1.08353,0.3354701,-3.5405,-12.4139,-34.1098,0.1509972,
2,32.642,2,3.229684,366.3891,-1.083055,0.3353438,-3.5405,-12.4139,-34.1098,0.1509972,
2,32.652,2,3.229088,366.4499,-1.084033,0.3357087,-3.5405,-12.4139,-34.1098,0.1509972,
2,32.662,2,3.230644,366.3724,-1.085349,0.3359545,-3.5405,-12.4139,-34.1098,0.1509972,
2,32.672,2,3.230446,366.3318,-1.083173,0.3353015,-3.5405,-12.4139,-34.1098,0.1509972,
2,32.682,2,3.229524,366.3298,-1.086566,0.3364479,-3.5405,-12.4139,-34.1098,0.1509972,
2,32.692,2,3.234078,366.3628,-1.08675,0.336031,-3.5405,-12.4139,-34.1098,0.1509972,
2,32.702,2,3.236285,366.351,-1.08385,0.3349054,-3.5405,-12.4139,-34.1098,0.1509972,
2,32.712,2,3.243809,366.222,-1.086804,0.3350393,-3.5405,-12.4139,-34.1098,0.1509972,
2,32.722,2,3.250507,366.2781,-1.087787,0.3346515,-3.5405,-12.4139,-34.1098,0.1509972,
2,32.732,2,3.257089,366.2697,-1.086875,0.3336953,-3.5405,-12.4139,-34.1098,0.1509972,
2,32.742,2,3.257979,366.2455,-1.089067,0.334277,-3.5405,-12.4139,-34.1098,0.1509972,
2,32.752,2,3.253058,366.246,-1.088925,0.3347389,-3.5405,-12.4139,-34.1098,0.1509972,
2,32.762,2,3.255706,366.227,-1.086728,0.3337918,-3.5405,-12.4139,-34.1098,0.1509972,
2,32.772,2,3.2573,366.2347,-1.089068,0.334347,-3.5405,-12.4139,-34.1098,0.1509972,
2,32.782,2,3.256267,366.2144,-1.088824,0.334378,-3.5405,-12.4139,-34.1098,0.1509972,
2,32.792,2,3.254171,366.2026,-1.090698,0.3351692,-3.5405,-12.4139,-34.1098,0.1509972,
2,32.802,2,3.256175,366.2035,-1.09124,0.3351294,-3.5405,-12.4139,-34.1098,0.1509972,
2,32.812,2,3.254236,366.1946,-1.09217,0.3356147,-3.5405,-12.4139,-34.1098,0.1509972,
2,32.822,2,3.254865,366.1876,-1.092125,0.3355361,-3.54862,-12.4139,-34.1111,0.152298,
2,32.832,2,3.253973,366.1574,-1.093663,0.3361007,-3.54862,-12.4139,-34.1111,0.152298,
2,32.842,2,3.253685,366.1736,-1.094381,0.3363511,-3.54862,-12.4139,-34.1111,0.152298,
2,32.852,2,3.253868,366.1769,-1.093534,0.3360721,-3.54862,-12.4139,-34.1111,0.152298,
2,32.862,2,3.255926,366.1468,-1.091927,0.3353659,-3.54862,-12.4139,-34.1111,0.152298,
2,32.872,2,3.255186,366.1588,-1.091852,0.3354192,-3.54862,-12.4139,-34.1111,0.152298,
2,32.882,2,3.255103,366.1475,-1.090045,0.3348726,-3.54862,-12.4139,-34.1111,0.152298,
2,32.892,2,3.254346,366.1505,-1.090236,0.3350093,-3.54862,-12.4139,-34.1111,0.152298,
2,32.902,2,3.253787,366.1273,-1.086951,0.3340574,-3.54862,-12.4139,-34.1111,0.152298,
2,32.912,2,3.25269,366.1191,-1.088583,0.3346717,-3.54862,-12.4139,-34.1111,0.152298,
2,32.922,2,3.253767,366.1439,-1.091007,0.3353059,-3.54862,-12.4139,-34.1111,0.152298,
2,32.932,2,3.253235,366.1224,-1.090894,0.335326,-3.54862,-12.4139,-34.1111,0.152298,
2,32.942,2,3.259583,366.076,-1.091183,0.3347615,-3.54862,-12.4139,-34.1111,0.152298,
2,32.952,2,3.266044,366.0606,-1.093884,0.3349263,-3.54862,-12.4139,-34.1111,0.152298,
2,32.962,2,3.273249,366.0218,-1.094591,0.3344051,-3.54862,-12.4139,-34.1111,0.152298,
2,32.972,2,3.277469,366.0176,-1.097136,0.3347511,-3.54862,-12.4139,-34.1111,0.152298,
2,32.982,2,3.282134,366.0159,-1.099605,0.3350273,-3.54862,-12.4139,-34.1111,0.152298,
2,32.992,2,3.279444,365.9894,-1.098875,0.3350795,-3.54862,-12.4139,-34.1111,0.152298,
2,33.002,2,3.281023,365.9748,-1.099878,0.335224,-3.54862,-12.4139,-34.1111,0.152298,
2,33.012,2,3.279639,365.9653,-1.100087,0.3354293,-3.54862,-12.4139,-34.1111,0.152298,
2,33.022,2,3.279459,365.9706,-1.096712,0.3344184,-3.54862,-12.4139,-34.1111,0.152298,
2,33.032,2,3.278837,365.9537,-1.098197,0.334935,-3.54862,-12.4139,-34.1111,0.152298,
2,33.042,2,3.280204,365.9575,-1.097941,0.3347172,-3.54862,-12.4139,-34.1111,0.152298,
2,33.052,2,3.279643,365.9567,-1.095226,0.3339469,-3.54862,-12.4139,-34.1111,0.152298,
2,33.062,2,3.28005,365.9348,-1.095369,0.3339489,-3.54862,-12.4139,-34.1111,0.152298,
2,33.072,2,3.278878,365.9267,-1.096038,0.3342721,-3.54862,-12.4139,-34.1111,0.152298,
2,33.082,2,3.279456,365.9314,-1.097591,0.3346868,-3.55675,-12.4139,-34.1124,0.1535988,
2,33.092,2,3.278883,365.9381,-1.099445,0.3353109,-3.55675,-12.4139,-34.1124,0.1535988,
2,33.102,2,3.277879,365.9143,-1.099358,0.335387,-3.55675,-12.4139,-34.1124,0.1535988,
2,33.112,2,3.278167,365.9083,-1.101374,0.3359724,-3.55675,-12.4139,-34.1124,0.1535988,
2,33.122,2,3.281499,365.9156,-1.100406,0.3353365,-3.55675,-12.4139,-34.1124,0.1535988,
2,33.132,2,3.277468,365.8818,-1.101483,0.3360773,-3.55675,-12.4139,-34.1124,0.1535988,
2,33.142,2,3.27807,365.887,-1.101419,0.3359962,-3.55675,-12.4139,-34.1124,0.1535988,
2,33.152,2,3.278428,365.8855,-1.101332,0.3359329,-3.55675,-12.4139,-34.1124,0.1535988,
2,33.162,2,3.27612,365.8944,-1.101252,0.3361453,-3.55675,-12.4139,-34.1124,0.1535988,
2,33.172,2,3.278307,365.8734,-1.097836,0.334879,-3.55675,-12.4139,-34.1124,0.1535988,
2,33.182,2,3.276221,365.8665,-1.098022,0.3351488,-3.55675,-12.4139,-34.1124,0.1535988,
2,33.192,2,3.281363,365.859,-1.097051,0.3343278,-3.55675,-12.4139,-34.1124,0.1535988,
2,33.202,2,3.287106,365.8508,-1.096132,0.3334641,-3.55675,-12.4139,-34.1124,0.1535988,
2,33.212,2,3.294294,365.8038,-1.100406,0.3340341,-3.55675,-12.4139,-34.1124,0.1535988,
2,33.222,2,3.30345,365.7637,-1.103078,0.3339171,-3.55675,-12.4139,-34.1124,0.1535988,
2,33.232,2,3.301591,365.7552,-1.103387,0.3341986,-3.55675,-12.4139,-34.1124,0.1535988,
2,33.242,2,3.306089,365.8057,-1.107056,0.3348535,-3.55675,-12.4139,-34.1124,0.1535988,
2,33.252,2,3.307799,365.7361,-1.105966,0.334351,-3.55675,-12.4139,-34.1124,0.1535988,
2,33.262,2,3.306522,365.7267,-1.106488,0.3346379,-3.55675,-12.4139,-34.1124,0.1535988,
2,33.272,2,3.303936,365.7034,-1.109907,0.3359349,-3.55675,-12.4139,-34.1124,0.1535988,
2,33.282,2,3.305405,365.7173,-1.108665,0.3354098,-3.55675,-12.4139,-34.1124,0.1535988,
2,33.292,2,3.306784,365.7004,-1.106771,0.3346972,-3.55675,-12.4139,-34.1124,0.1535988,
2,33.302,2,3.305217,365.6566,-1.10873,0.3354486,-3.55675,-12.4139,-34.1124,0.1535988,
2,33.312,2,3.307123,365.7025,-1.106949,0.3347165,-3.55675,-12.4139,-34.1124,0.1535988,
2,33.322,2,3.30863,365.7032,-1.105546,0.3341401,-3.55675,-12.4139,-34.1124,0.1535988,
2,33.332,2,3.305713,365.6703,-1.105199,0.3343301,-3.55675,-12.4139,-34.1124,0.1535988,
2,33.342,2,3.306339,365.6761,-1.103776,0.3338361,-3.56545,-12.4139,-34.1137,0.1548996,
2,33.352,2,3.304755,365.6671,-1.102455,0.3335965,-3.56545,-12.4139,-34.1137,0.1548996,
2,33.362,2,3.303791,365.6717,-1.106112,0.3348008,-3.56545,-12.4139,-34.1137,0.1548996,
2,33.372,2,3.303586,365.6556,-1.104445,0.334317,-3.56545,-12.4139,-34.1137,0.1548996,
2,33.382,2,3.306596,365.6555,-1.10887,0.3353508,-3.56545,-12.4139,-34.1137,0.1548996,
2,33.392,2,3.306248,365.6282,-1.107891,0.3350901,-3.56545,-12.4139,-34.1137,0.1548996,
2,33.402,2,3.30355,365.6409,-1.106905,0.3350653,-3.56545,-12.4139,-34.1137,0.1548996,
2,33.412,2,3.302889,365.6377,-1.10906,0.3357846,-3.56545,-12.4139,-34.1137,0.1548996,
2,33.422,2,3.305409,365.6058,-1.109963,0.335802,-3.56545,-12.4139,-34.1137,0.1548996,
2,33.432,2,3.303131,365.6198,-1.107922,0.3354158,-3.56545,-12.4139,-34.1137,0.1548996,
2,33.442,2,3.302616,365.6204,-1.108364,0.3356018,-3.56545,-12.4139,-34.1137,0.1548996,
2,33.452,2,3.301981,365.6093,-1.110259,0.3362403,-3.56545,-12.4139,-34.1137,0.1548996,
2,33.462,2,3.306047,365.6129,-1.10415,0.333979,-3.56545,-12.4139,-34.1137,0.1548996,
2,33.472,2,3.311895,365.5985,-1.104511,0.3334982,-3.56545,-12.4139,-34.1137,0.1548996,
2,33.482,2,3.317181,365.5707,-1.10847,0.3341602,-3.56545,-12.4139,-34.1137,0.1548996,
2,33.492,2,3.32638,365.5237,-1.107634,0.332985,-3.56545,-12.4139,-34.1137,0.1548996,
2,33.502,2,3.328793,365.5117,-1.110645,0.3336481,-3.56545,-12.4139,-34.1137,0.1548996,
2,33.512,2,3.327018,365.5131,-1.11353,0.3346932,-3.56545,-12.4139,-34.1137,0.1548996,
2,33.522,2,3.331896,365.4811,-1.112425,0.3338714,-3.56545,-12.4139,-34.1137,0.1548996,
2,33.532,2,3.332343,365.4423,-1.114236,0.3343701,-3.56545,-12.4139,-34.1137,0.1548996,
2,33.542,2,3.329115,365.5089,-1.114016,0.3346282,-3.56545,-12.4139,-34.1137,0.1548996,
2,33.552,2,3.329503,365.4579,-1.113645,0.3344778,-3.56545,-12.4139,-34.1137,0.1548996,
2,33.562,2,3.329389,365.4774,-1.114278,0.3346794,-3.56545,-12.4139,-34.1137,0.1548996,
2,33.572,2,3.328885,365.468,-1.118233,0.3359183,-3.57465,-12.4139,-34.115,0.1562004,
2,33.582,2,3.328674,365.4524,-1.116079,0.3352923,-3.57465,-12.4139,-34.115,0.1562004,
2,33.592,2,3.328397,365.4309,-1.11611,0.3353295,-3.57465,-12.4139,-34.115,0.1562004,
2,33.602,2,3.326765,365.4332,-1.11599,0.335458,-3.57465,-12.4139,-34.115,0.1562004,
2,33.612,2,3.329766,365.4308,-1.114203,0.3346189,-3.57465,-12.4139,-34.115,0.1562004,
2,33.622,2,3.329169,365.403,-1.111542,0.3338796,-3.57465,-12.4139,-34.115,0.1562004,
2,33.632,2,3.32667,365.4216,-1.113269,0.3346496,-3.57465,-12.4139,-34.115,0.1562004,
2,33.642,2,3.32728,365.408,-1.111773,0.3341388,-3.57465,-12.4139,-34.115,0.1562004,
2,33.652,2,3.326493,365.3841,-1.114144,0.3349306,-3.57465,-12.4139,-34.115,0.1562004,
2,33.662,2,3.327989,365.3932,-1.113614,0.3346208,-3.57465,-12.4139,-34.115,0.1562004,
2,33.672,2,3.329058,365.3884,-1.113865,0.3345886,-3.57465,-12.4139,-34.115,0.1562004,
2,33.682,2,3.328579,365.3863,-1.115427,0.335106,-3.57465,-12.4139,-34.115,0.1562004,
2,33.692,2,3.326307,365.3668,-1.118493,0.3362567,-3.57465,-12.4139,-34.115,0.1562004,
2,33.702,2,3.331433,365.3777,-1.115364,0.3348001,-3.57465,-12.4139,-34.115,0.1562004,
2,33.712,2,3.336591,365.3546,-1.118048,0.3350869,-3.57465,-12.4139,-34.115,0.1562004,
2,33.722,2,3.340541,365.3134,-1.121137,0.3356153,-3.57465,-12.4139,-34.115,0.1562004,
2,33.732,2,3.347827,365.2859,-1.120267,0.3346251,-3.57465,-12.4139,-34.115,0.1562004,
2,33.742,2,3.356502,365.2695,-1.123313,0.3346678,-3.57465,-12.4139,-34.115,0.1562004,
2,33.752,2,3.35354,365.272,-1.125503,0.3356163,-3.57465,-12.4139,-34.115,0.1562004,
2,33.762,2,3.356033,365.2471,-1.121798,0.3342631,-3.57465,-12.4139,-34.115,0.1562004,
2,33.772,2,3.355879,365.2421,-1.122059,0.3343563,-3.57465,-12.4139,-34.115,0.1562004,
2,33.782,2,3.353464,365.2404,-1.119599,0.3338636,-3.57465,-12.4139,-34.115,0.1562004,
2,33.792,2,3.354901,365.2238,-1.119989,0.3338368,-3.57465,-12.4139,-34.115,0.1562004,
2,33.802,2,3.354604,365.2082,-1.120735,0.3340887,-3.57465,-12.4139,-34.115,0.1562004,
2,33.812,2,3.351702,365.2251,-1.12122,0.3345225,-3.57465,-12.4139,-34.115,0.1562004,
2,33.822,2,3.35328,365.2184,-1.122618,0.334782,-3.57465,-12.4139,-34.115,0.1562004,
2,33.832,2,3.353319,365.2614,-1.123162,0.3349402,-3.57465,-12.4139,-34.115,0.1562004,
2,33.842,2,3.354478,365.1994,-1.122789,0.3347134,-3.57465,-12.4139,-34.115,0.1562004,
2,33.852,2,3.35318,365.1819,-1.124554,0.3353694,-3.5828,-12.4139,-34.1162,0.1573982,
2,33.862,2,3.351657,365.1562,-1.126133,0.3359931,-3.5828,-12.4139,-34.1162,0.1573982,
2,33.872,2,3.354743,365.1828,-1.124553,0.3352128,-3.5828,-12.4139,-34.1162,0.1573982,
2,33.882,2,3.35421,365.1693,-1.122846,0.3347572,-3.5828,-12.4139,-34.1162,0.1573982,
2,33.892,2,3.35404,365.1375,-1.126094,0.3357427,-3.5828,-12.4139,-34.1162,0.1573982,
2,33.902,2,3.354431,365.1537,-1.123917,0.3350543,-3.5828,-12.4139,-34.1162,0.1573982,
2,33.912,2,3.35355,365.1566,-1.119909,0.3339473,-3.5828,-12.4139,-34.1162,0.1573982,
2,33.922,2,3.352638,365.1277,-1.121973,0.3346539,-3.5828,-12.4139,-34.1162,0.1573982,
2,33.932,2,3.353128,365.146,-1.121284,0.3343996,-3.5828,-12.4139,-34.1162,0.1573982,
2,33.942,2,3.35485,365.1364,-1.118173,0.3333003,-3.5828,-12.4139,-34.1162,0.1573982,
2,33.952,2,3.352727,365.1255,-1.122255,0.3347292,-3.5828,-12.4139,-34.1162,0.1573982,
2,33.962,2,3.353244,365.1287,-1.123871,0.3351593,-3.5828,-12.4139,-34.1162,0.1573982,
2,33.972,2,3.354958,365.1142,-1.122976,0.3347212,-3.5828,-12.4139,-34.1162,0.1573982,
2,33.982,2,3.358445,365.0776,-1.123964,0.334668,-3.5828,-12.4139,-34.1162,0.1573982,
2,33.992,2,3.36539,365.0813,-1.126345,0.3346848,-3.5828,-12.4139,-34.1162,0.1573982,
2,34.002,2,3.373386,365.0547,-1.128644,0.3345731,-3.5828,-12.4139,-34.1162,0.1573982,
2,34.012,2,3.379764,365.0145,-1.132072,0.334956,-3.5828,-12.4139,-34.1162,0.1573982,
2,34.022,2,3.379348,365.0158,-1.134545,0.3357289,-3.5828,-12.4139,-34.1162,0.1573982,
2,34.032,2,3.37933,365.0057,-1.134345,0.3356716,-3.5828,-12.4139,-34.1162,0.1573982,
2,34.042,2,3.380723,364.9986,-1.134651,0.3356238,-3.5828,-12.4139,-34.1162,0.1573982,
2,34.052,2,3.381444,364.9952,-1.133353,0.3351683,-3.5828,-12.4139,-34.1162,0.1573982,
2,34.062,2,3.378533,364.988,-1.130735,0.3346822,-3.5828,-12.4139,-34.1162,0.1573982,
2,34.072,2,3.376239,364.9922,-1.132172,0.3353352,-3.5828,-12.4139,-34.1162,0.1573982,
2,34.082,2,3.381703,364.9653,-1.129845,0.3341052,-3.5828,-12.4139,-34.1162,0.1573982,
2,34.092,2,3.378561,364.9677,-1.129277,0.334248,-3.5828,-12.4139,-34.1162,0.1573982,
2,34.102,2,3.377732,364.9646,-1.133706,0.3356413,-3.5828,-12.4139,-34.1162,0.1573982,
2,34.112,2,3.379658,364.9375,-1.133022,0.3352475,-3.59203,-12.4139,-34.1176,0.1587982,
2,34.122,2,3.380719,364.9406,-1.132976,0.3351287,-3.59203,-12.4139,-34.1176,0.1587982,
2,34.132,2,3.379299,364.9494,-1.134227,0.3356396,-3.59203,-12.4139,-34.1176,0.1587982,
2,34.142,2,3.378535,364.916,-1.133732,0.3355691,-3.59203,-12.4139,-34.1176,0.1587982,
2,34.152,2,3.37957,364.9205,-1.134529,0.3357021,-3.59203,-12.4139,-34.1176,0.1587982,
2,34.162,2,3.379769,364.9143,-1.1372,0.3364726,-3.59203,-12.4139,-34.1176,0.1587982,
2,34.172,2,3.378082,364.9112,-1.135592,0.3361647,-3.59203,-12.4139,-34.1176,0.1587982,
2,34.182,2,3.377263,364.8995,-1.134084,0.3357999,-3.59203,-12.4139,-34.1176,0.1587982,
2,34.192,2,3.376578,364.8931,-1.13502,0.3361451,-3.59203,-12.4139,-34.1176,0.1587982,
2,34.202,2,3.377578,364.8986,-1.134536,0.3359022,-3.59203,-12.4139,-34.1176,0.1587982,
2,34.212,2,3.378866,364.8835,-1.132654,0.3352173,-3.59203,-12.4139,-34.1176,0.1587982,
2,34.222,2,3.376253,364.8795,-1.133495,0.3357258,-3.59203,-12.4139,-34.1176,0.1587982,
2,34.232,2,3.382392,364.8535,-1.128955,0.3337741,-3.59203,-12.4139,-34.1176,0.1587982,
2,34.242,2,3.387597,364.8222,-1.133633,0.3346424,-3.59203,-12.4139,-34.1176,0.1587982,
2,34.252,2,3.393372,364.8276,-1.135566,0.3346423,-3.59203,-12.4139,-34.1176,0.1587982,
2,34.262,2,3.400837,364.7956,-1.1382,0.3346823,-3.59203,-12.4139,-34.1176,0.1587982,
2,34.272,2,3.404597,364.7792,-1.1417,0.3353407,-3.59203,-12.4139,-34.1176,0.1587982,
2,34.282,2,3.407263,364.7631,-1.142481,0.3353077,-3.59203,-12.4139,-34.1176,0.1587982,
2,34.292,2,3.40598,364.7534,-1.142354,0.3353966,-3.59203,-12.4139,-34.1176,0.1587982,
2,34.302,2,3.408742,364.7618,-1.145399,0.3360181,-3.59203,-12.4139,-34.1176,0.1587982,
2,34.312,2,3.407878,364.7438,-1.14385,0.3356488,-3.59203,-12.4139,-34.1176,0.1587982,
2,34.322,2,3.407516,364.7442,-1.141372,0.3349571,-3.59203,-12.4139,-34.1176,0.1587982,
2,34.332,2,3.405448,364.7395,-1.144692,0.3361354,-3.59203,-12.4139,-34.1176,0.1587982,
2,34.342,2,3.40418,364.715,-1.145513,0.3365018,-3.59203,-12.4139,-34.1176,0.1587982,
2,34.352,2,3.40528,364.7121,-1.141225,0.3351339,-3.59203,-12.4139,-34.1176,0.1587982,
2,34.362,2,3.406394,364.7099,-1.140467,0.3348019,-3.60017,-12.4139,-34.1189,0.160099,
2,34.372,2,3.40616,364.717,-1.141176,0.3350331,-3.60017,-12.4139,-34.1189,0.160099,
2,34.382,2,3.405667,364.7076,-1.136961,0.3338439,-3.60017,-12.4139,-34.1189,0.160099,
2,34.392,2,3.407755,364.668,-1.141163,0.3348722,-3.60017,-12.4139,-34.1189,0.160099,
2,34.402,2,3.402637,364.7097,-1.139602,0.3349173,-3.60017,-12.4139,-34.1189,0.160099,
2,34.412,2,3.402694,364.689,-1.141906,0.3355889,-3.60017,-12.4139,-34.1189,0.160099,
2,34.422,2,3.405816,364.6957,-1.141062,0.3350334,-3.60017,-12.4139,-34.1189,0.160099,
2,34.432,2,3.405106,364.6727,-1.140437,0.3349196,-3.60017,-12.4139,-34.1189,0.160099,
2,34.442,2,3.404369,364.6649,-1.142418,0.335574,-3.60017,-12.4139,-34.1189,0.160099,
2,34.452,2,3.405789,364.6273,-1.143149,0.3356488,-3.60017,-12.4139,-34.1189,0.160099,
2,34.462,2,3.407176,364.6522,-1.142975,0.3354612,-3.60017,-12.4139,-34.1189,0.160099,
2,34.472,2,3.408037,364.646,-1.142512,0.3352404,-3.60017,-12.4139,-34.1189,0.160099,
2,34.482,2,3.412313,364.6364,-1.144104,0.3352868,-3.60017,-12.4139,-34.1189,0.160099,
2,34.492,2,3.420033,364.5901,-1.142553,0.3340765,-3.60017,-12.4139,-34.1189,0.160099,
2,34.502,2,3.426829,364.561,-1.14486,0.3340872,-3.60017,-12.4139,-34.1189,0.160099,
2,34.512,2,3.427617,364.537,-1.146219,0.3344068,-3.60017,-12.4139,-34.1189,0.160099,
2,34.522,2,3.433748,364.5523,-1.146196,0.3338032,-3.60017,-12.4139,-34.1189,0.160099,
2,34.532,2,3.434236,364.5559,-1.142511,0.3326828,-3.60017,-12.4139,-34.1189,0.160099,
2,34.542,2,3.428426,364.5207,-1.147956,0.3348346,-3.60017,-12.4139,-34.1189,0.160099,
2,34.552,2,3.430759,364.5197,-1.148358,0.3347242,-3.60017,-12.4139,-34.1189,0.160099,
2,34.562,2,3.43435,364.5163,-1.146574,0.3338549,-3.60017,-12.4139,-34.1189,0.160099,
2,34.572,2,3.430376,364.4928,-1.149842,0.3351941,-3.60017,-12.4139,-34.1189,0.160099,
2,34.582,2,3.430548,364.5009,-1.148951,0.3349175,-3.60017,-12.4139,-34.1189,0.160099,
2,34.592,2,3.431992,364.507,-1.149614,0.3349699,-3.60017,-12.4139,-34.1189,0.160099,
2,34.602,2,3.429245,364.4983,-1.151641,0.3358295,-3.60017,-12.4139,-34.1189,0.160099,
2,34.612,2,3.429898,364.4781,-1.151719,0.3357882,-3.60775,-12.4139,-34.1202,0.1613998,
2,34.622,2,3.430479,364.4815,-1.150616,0.3354097,-3.60775,-12.4139,-34.1202,0.1613998,
2,34.632,2,3.427199,364.4771,-1.152693,0.3363366,-3.60775,-12.4139,-34.1202,0.1613998,
2,34.642,2,3.429509,364.4688,-1.150834,0.3355681,-3.60775,-12.4139,-34.1202,0.1613998,
2,34.652,2,3.431253,364.4686,-1.148118,0.3346061,-3.60775,-12.4139,-34.1202,0.1613998,
2,34.662,2,3.430518,364.4589,-1.147776,0.3345779,-3.60775,-12.4139,-34.1202,0.1613998,
2,34.672,2,3.42857,364.4547,-1.144774,0.3338926,-3.60775,-12.4139,-34.1202,0.1613998,
2,34.682,2,3.432165,364.429,-1.147293,0.3342769,-3.60775,-12.4139,-34.1202,0.1613998,
2,34.692,2,3.439918,364.3934,-1.150871,0.3345635,-3.60775,-12.4139,-34.1202,0.1613998,
2,34.702,2,3.443317,364.3556,-1.151999,0.3345607,-3.60775,-12.4139,-34.1202,0.1613998,
2,34.712,2,3.450835,364.3607,-1.155205,0.3347609,-3.60775,-12.4139,-34.1202,0.1613998,
2,34.722,2,3.454911,364.342,-1.155851,0.3345532,-3.60775,-12.4139,-34.1202,0.1613998,
2,34.732,2,3.455463,364.3308,-1.157166,0.3348803,-3.60775,-12.4139,-34.1202,0.1613998,
2,34.742,2,3.456406,364.3254,-1.158207,0.33509,-3.60775,-12.4139,-34.1202,0.1613998,
2,34.752,2,3.456131,364.3209,-1.161296,0.3360105,-3.60775,-12.4139,-34.1202,0.1613998,
2,34.762,2,3.457438,364.3152,-1.157644,0.334827,-3.60775,-12.4139,-34.1202,0.1613998,
2,34.772,2,3.458232,364.2918,-1.158569,0.3350178,-3.60775,-12.4139,-34.1202,0.1613998,
2,34.782,2,3.454364,364.2905,-1.158901,0.3354889,-3.60775,-12.4139,-34.1202,0.1613998,
2,34.792,2,3.456509,364.2917,-1.15598,0.3344358,-3.60775,-12.4139,-34.1202,0.1613998,
2,34.802,2,3.458593,364.2731,-1.156858,0.334488,-3.60775,-12.4139,-34.1202,0.1613998,
2,34.812,2,3.458476,364.2784,-1.155566,0.3341257,-3.60775,-12.4139,-34.1202,0.1613998,
2,34.822,2,3.456711,364.2669,-1.154487,0.3339843,-3.60775,-12.4139,-34.1202,0.1613998,
2,34.832,2,3.455131,364.248,-1.156441,0.3347024,-3.60775,-12.4139,-34.1202,0.1613998,
2,34.842,2,3.456453,364.2565,-1.156901,0.3347076,-3.60775,-12.4139,-34.1202,0.1613998,
2,34.852,2,3.453851,364.2369,-1.155328,0.3345042,-3.61588,-12.4139,-34.1214,0.1625977,
2,34.862,2,3.453755,364.2434,-1.158631,0.33547,-3.61588,-12.4139,-34.1214,0.1625977,
2,34.872,2,3.455207,364.2408,-1.16017,0.3357745,-3.61588,-12.4139,-34.1214,0.1625977,
2,34.882,2,3.454686,364.2384,-1.157073,0.3349285,-3.61588,-12.4139,-34.1214,0.1625977,
2,34.892,2,3.453712,364.2498,-1.158724,0.335501,-3.61588,-12.4139,-34.1214,0.1625977,
2,34.902,2,3.452634,364.229,-1.161903,0.3365266,-3.61588,-12.4139,-34.1214,0.1625977,
2,34.912,2,3.452133,364.2135,-1.158387,0.3355568,-3.61588,-12.4139,-34.1214,0.1625977,
2,34.922,2,3.453613,364.2378,-1.161657,0.3363601,-3.61588,-12.4139,-34.1214,0.1625977,
2,34.932,2,3.453135,364.1964,-1.161329,0.3363115,-3.61588,-12.4139,-34.1214,0.1625977,
2,34.942,2,3.449808,364.2143,-1.157717,0.3355888,-3.61588,-12.4139,-34.1214,0.1625977,
2,34.952,2,3.456115,364.2097,-1.161002,0.3359269,-3.61588,-12.4139,-34.1214,0.1625977,
2,34.962,2,3.462409,364.1753,-1.158386,0.3345607,-3.61588,-12.4139,-34.1214,0.1625977,
2,34.972,2,3.468153,364.1469,-1.157071,0.3336276,-3.61588,-12.4139,-34.1214,0.1625977,
2,34.982,2,3.473543,364.0996,-1.162765,0.3347491,-3.61588,-12.4139,-34.1214,0.1625977,
2,34.992,2,3.480326,364.1096,-1.166414,0.3351451,-3.61588,-12.4139,-34.1214,0.1625977,
2,35.002,2,3.480317,364.1145,-1.164491,0.3345934,-3.61588,-12.4139,-34.1214,0.1625977,
2,35.012,2,3.480087,364.0875,-1.166848,0.3352929,-3.61588,-12.4139,-34.1214,0.1625977,
2,35.022,2,3.480264,364.0907,-1.166326,0.3351257,-3.61588,-12.4139,-34.1214,0.1625977,
2,35.032,2,3.47786,364.0666,-1.168983,0.3361214,-3.61588,-12.4139,-34.1214,0.1625977,
2,35.042,2,3.478708,364.0321,-1.170003,0.3363325,-3.61588,-12.4139,-34.1214,0.1625977,
2,35.052,2,3.4816,364.0587,-1.169024,0.3357721,-3.61588,-12.4139,-34.1214,0.1625977,
2,35.062,2,3.477946,364.0483,-1.168598,0.3360025,-3.61588,-12.4139,-34.1214,0.1625977,
2,35.072,2,3.479839,364.083,-1.16944,0.3360615,-3.61588,-12.4139,-34.1214,0.1625977,
2,35.082,2,3.479821,364.0317,-1.168761,0.3358683,-3.61588,-12.4139,-34.1214,0.1625977,
2,35.092,2,3.481174,364.0307,-1.167622,0.3354105,-3.6251,-12.4139,-34.1227,0.1638985,
2,35.102,2,3.480503,364.0356,-1.169008,0.3358733,-3.6251,-12.4139,-34.1227,0.1638985,
2,35.112,2,3.479711,364.0335,-1.166423,0.3352068,-3.6251,-12.4139,-34.1227,0.1638985,
2,35.122,2,3.479762,364.0269,-1.164094,0.3345326,-3.6251,-12.4139,-34.1227,0.1638985,
2,35.132,2,3.476077,364.0097,-1.16572,0.335355,-3.6251,-12.4139,-34.1227,0.1638985,
2,35.142,2,3.477912,364.0038,-1.166656,0.3354472,-3.6251,-12.4139,-34.1227,0.1638985,
2,35.152,2,3.47963,363.9982,-1.167112,0.3354127,-3.6251,-12.4139,-34.1227,0.1638985,
2,35.162,2,3.474039,363.9702,-1.171484,0.3372109,-3.6251,-12.4139,-34.1227,0.1638985,
2,35.172,2,3.475885,363.9786,-1.173761,0.3376871,-3.6251,-12.4139,-34.1227,0.1638985,
2,35.182,2,3.479166,363.9857,-1.170068,0.3363069,-3.6251,-12.4139,-34.1227,0.1638985,
2,35.192,2,3.476473,364.0222,-1.171816,0.3370703,-3.6251,-12.4139,-34.1227,0.1638985,
2,35.202,2,3.479026,363.9706,-1.170799,0.3365306,-3.6251,-12.4139,-34.1227,0.1638985,
2,35.212,2,3.485458,363.9635,-1.170845,0.3359229,-3.6251,-12.4139,-34.1227,0.1638985,
2,35.222,2,3.490146,363.9531,-1.173542,0.3362443,-3.6251,-12.4139,-34.1227,0.1638985,
2,35.232,2,3.495229,363.9125,-1.172544,0.3354697,-3.6251,-12.4139,-34.1227,0.1638985,
2,35.242,2,3.502802,363.8818,-1.173654,0.3350614,-3.6251,-12.4139,-34.1227,0.1638985,
2,35.252,2,3.505982,363.8694,-1.173429,0.3346936,-3.6251,-12.4139,-34.1227,0.1638985,
2,35.262,2,3.504786,363.8655,-1.172367,0.3345047,-3.6251,-12.4139,-34.1227,0.1638985,
2,35.272,2,3.504741,363.8486,-1.174442,0.3351009,-3.6251,-12.4139,-34.1227,0.1638985,
2,35.282,2,3.50582,363.8363,-1.176497,0.3355839,-3.6251,-12.4139,-34.1227,0.1638985,
2,35.292,2,3.50517,363.8303,-1.172812,0.3345948,-3.6251,-12.4139,-34.1227,0.1638985,
2,35.302,2,3.503293,363.8528,-1.176552,0.3358418,-3.6251,-12.4139,-34.1227,0.1638985,
2,35.312,2,3.505025,363.7802,-1.178423,0.3362095,-3.6251,-12.4139,-34.1227,0.1638985,
2,35.322,2,3.50556,363.7823,-1.17707,0.3357724,-3.6251,-12.4139,-34.1227,0.1638985,
2,35.332,2,3.504362,363.8895,-1.17971,0.3366403,-3.6251,-12.4139,-34.1227,0.1638985,
2,35.342,2,3.502186,363.8174,-1.181095,0.3372452,-3.63325,-12.4139,-34.124,0.1651993,
2,35.352,2,3.503633,363.8023,-1.17926,0.3365822,-3.63325,-12.4139,-34.124,0.1651993,
2,35.362,2,3.505179,363.7977,-1.18033,0.3367388,-3.63325,-12.4139,-34.124,0.1651993,
2,35.372,2,3.503247,363.797,-1.179456,0.3366751,-3.63325,-12.4139,-34.124,0.1651993,
2,35.382,2,3.505396,363.7905,-1.176816,0.3357157,-3.63325,-12.4139,-34.124,0.1651993,
2,35.392,2,3.504877,363.7846,-1.17629,0.3356152,-3.63325,-12.4139,-34.124,0.1651993,
2,35.402,2,3.50368,363.7682,-1.176,0.3356471,-3.63325,-12.4139,-34.124,0.1651993,
2,35.412,2,3.506135,363.7609,-1.17282,0.3345051,-3.63325,-12.4139,-34.124,0.1651993,
2,35.422,2,3.508529,363.7464,-1.174519,0.3347612,-3.63325,-12.4139,-34.124,0.1651993,
2,35.432,2,3.516088,363.7251,-1.178435,0.3351552,-3.63325,-12.4139,-34.124,0.1651993,
2,35.442,2,3.523757,363.6846,-1.17967,0.3347761,-3.63325,-12.4139,-34.124,0.1651993,
2,35.452,2,3.529312,363.6686,-1.182244,0.3349786,-3.63325,-12.4139,-34.124,0.1651993,
2,35.462,2,3.532066,363.6741,-1.186527,0.33593,-3.63325,-12.4139,-34.124,0.1651993,
2,35.472,2,3.531659,363.6641,-1.185399,0.3356494,-3.63325,-12.4139,-34.124,0.1651993,
2,35.482,2,3.532212,363.6609,-1.186472,0.3359006,-3.63325,-12.4139,-34.124,0.1651993,
2,35.492,2,3.529992,363.6632,-1.190919,0.3373717,-3.63325,-12.4139,-34.124,0.1651993,
2,35.502,2,3.532152,363.6449,-1.183599,0.3350928,-3.63325,-12.4139,-34.124,0.1651993,
2,35.512,2,3.530243,363.6488,-1.188051,0.3365352,-3.63325,-12.4139,-34.124,0.1651993,
2,35.522,2,3.531302,363.619,-1.187038,0.3361473,-3.63325,-12.4139,-34.124,0.1651993,
2,35.532,2,3.530999,363.6205,-1.182423,0.3348692,-3.63325,-12.4139,-34.124,0.1651993,
2,35.542,2,3.529504,363.622,-1.185069,0.3357608,-3.63325,-12.4139,-34.124,0.1651993,
2,35.552,2,3.529932,363.6201,-1.184912,0.3356755,-3.64083,-12.4139,-34.1253,0.1665001,
2,35.562,2,3.531285,363.6193,-1.179791,0.3340968,-3.64083,-12.4139,-34.1253,0.1665001,
2,35.572,2,3.529685,363.5699,-1.18386,0.3354011,-3.64083,-12.4139,-34.1253,0.1665001,
2,35.582,2,3.529181,363.603,-1.185862,0.3360161,-3.64083,-12.4139,-34.1253,0.1665001,
2,35.592,2,3.531192,363.5886,-1.184208,0.3353564,-3.64083,-12.4139,-34.1253,0.1665001,
2,35.602,2,3.530404,363.5546,-1.184961,0.3356445,-3.64083,-12.4139,-34.1253,0.1665001,
2,35.612,2,3.528554,363.5764,-1.184787,0.3357712,-3.64083,-12.4139,-34.1253,0.1665001,
2,35.622,2,3.530134,363.5596,-1.188627,0.3367089,-3.64083,-12.4139,-34.1253,0.1665001,
2,35.632,2,3.529284,363.5414,-1.188778,0.3368327,-3.64083,-12.4139,-34.1253,0.1665001,
2,35.642,2,3.530389,363.5367,-1.188472,0.3366404,-3.64083,-12.4139,-34.1253,0.1665001,
2,35.652,2,3.538397,363.5181,-1.188131,0.3357824,-3.64083,-12.4139,-34.1253,0.1665001,
2,35.662,2,3.543527,363.5399,-1.191912,0.3363632,-3.64083,-12.4139,-34.1253,0.1665001,
2,35.672,2,3.553609,363.4623,-1.192731,0.3356393,-3.64083,-12.4139,-34.1253,0.1665001,
2,35.682,2,3.555864,363.4467,-1.193026,0.3355094,-3.64083,-12.4139,-34.1253,0.1665001,
2,35.692,2,3.556114,363.4492,-1.194141,0.3357995,-3.64083,-12.4139,-34.1253,0.1665001,
2,35.702,2,3.556793,363.4486,-1.192964,0.3354042,-3.64083,-12.4139,-34.1253,0.1665001,
2,35.712,2,3.555872,363.4354,-1.191702,0.3351365,-3.64083,-12.4139,-34.1253,0.1665001,
2,35.722,2,3.55623,363.4066,-1.1915,0.3350458,-3.64083,-12.4139,-34.1253,0.1665001,
2,35.732,2,3.55523,363.4203,-1.189452,0.334564,-3.64083,-12.4139,-34.1253,0.1665001,
2,35.742,2,3.555631,363.413,-1.191054,0.3349769,-3.64083,-12.4139,-34.1253,0.1665001,
2,35.752,2,3.554406,363.3893,-1.192772,0.3355756,-3.64083,-12.4139,-34.1253,0.1665001,
2,35.762,2,3.554469,363.3968,-1.192403,0.3354658,-3.64843,-12.4139,-34.1265,0.1676979,
2,35.772,2,3.556691,363.4063,-1.191133,0.3348993,-3.64843,-12.4139,-34.1265,0.1676979,
2,35.782,2,3.554089,363.4343,-1.196995,0.3367939,-3.64843,-12.4139,-34.1265,0.1676979,
2,35.792,2,3.55396,363.3724,-1.19391,0.335938,-3.64843,-12.4139,-34.1265,0.1676979,
2,35.802,2,3.55411,363.3724,-1.194044,0.3359616,-3.64843,-12.4139,-34.1265,0.1676979,
2,35.812,2,3.555471,363.383,-1.194613,0.335993,-3.64843,-12.4139,-34.1265,0.1676979,
2,35.822,2,3.554307,363.3691,-1.193674,0.3358387,-3.64843,-12.4139,-34.1265,0.1676979,
2,35.832,2,3.554773,363.3559,-1.192405,0.3354378,-3.64843,-12.4139,-34.1265,0.1676979,
2,35.842,2,3.555724,363.3457,-1.192653,0.3354177,-3.64843,-12.4139,-34.1265,0.1676979,
2,35.852,2,3.554712,363.3481,-1.190153,0.3348098,-3.64843,-12.4139,-34.1265,0.1676979,
2,35.862,2,3.553799,363.3135,-1.191559,0.3352917,-3.64843,-12.4139,-34.1265,0.1676979,
2,35.872,2,3.553964,363.3089,-1.193084,0.335705,-3.64843,-12.4139,-34.1265,0.1676979,
2,35.882,2,3.55632,363.3112,-1.196195,0.3363575,-3.64843,-12.4139,-34.1265,0.1676979,
2,35.892,2,3.564381,363.308,-1.196526,0.3356896,-3.64843,-12.4139,-34.1265,0.1676979,
2,35.902,2,3.572729,363.2555,-1.198788,0.3355384,-3.64843,-12.4139,-34.1265,0.1676979,
2,35.912,2,3.57786,363.2446,-1.198375,0.3349417,-3.64843,-12.4139,-34.1265,0.1676979,
2,35.922,2,3.580395,363.2322,-1.203167,0.3360432,-3.64843,-12.4139,-34.1265,0.1676979,
2,35.932,2,3.578984,363.2122,-1.204248,0.3364777,-3.64843,-12.4139,-34.1265,0.1676979,
2,35.942,2,3.580086,363.2318,-1.20233,0.3358382,-3.64843,-12.4139,-34.1265,0.1676979,
2,35.952,2,3.579482,363.2147,-1.202654,0.3359856,-3.64843,-12.4139,-34.1265,0.1676979,
2,35.962,2,3.577827,363.2217,-1.202868,0.3362007,-3.64843,-12.4139,-34.1265,0.1676979,
2,35.972,2,3.579106,363.2169,-1.199297,0.3350827,-3.64843,-12.4139,-34.1265,0.1676979,
2,35.982,2,3.577943,363.2147,-1.200931,0.3356484,-3.64843,-12.4139,-34.1265,0.1676979,
2,35.992,2,3.576426,363.1958,-1.205043,0.3369406,-3.64843,-12.4139,-34.1265,0.1676979,
2,36.002,2,3.579135,363.1889,-1.197919,0.3346952,-3.65655,-12.4139,-34.1277,0.1688995,
2,36.012,2,3.579602,363.1765,-1.197647,0.3345756,-3.65655,-12.4139,-34.1277,0.1688995,
2,36.022,2,3.576747,363.178,-1.201033,0.3357891,-3.65655,-12.4139,-34.1277,0.1688995,
2,36.032,2,3.575897,363.1629,-1.20219,0.3361927,-3.65655,-12.4139,-34.1277,0.1688995,
2,36.042,2,3.576969,363.1584,-1.203047,0.3363314,-3.65655,-12.4139,-34.1277,0.1688995,
2,36.052,2,3.578644,363.1642,-1.205798,0.3369428,-3.65655,-12.4139,-34.1277,0.1688995,
2,36.062,2,3.577347,363.1521,-1.205561,0.3369986,-3.65655,-12.4139,-34.1277,0.1688995,
2,36.072,2,3.576621,363.1596,-1.20803,0.3377572,-3.65655,-12.4139,-34.1277,0.1688995,
2,36.082,2,3.577316,363.1586,-1.205314,0.3369325,-3.65655,-12.4139,-34.1277,0.1688995,
2,36.092,2,3.575236,363.1529,-1.203845,0.3367178,-3.65655,-12.4139,-34.1277,0.1688995,
2,36.102,2,3.573174,363.1445,-1.20729,0.3378761,-3.65655,-12.4139,-34.1277,0.1688995,
2,36.112,2,3.576217,363.1341,-1.205647,0.3371292,-3.65655,-12.4139,-34.1277,0.1688995,
2,36.122,2,3.580734,363.1257,-1.202622,0.3358589,-3.65655,-12.4139,-34.1277,0.1688995,
2,36.132,2,3.586247,363.111,-1.204844,0.3359624,-3.65655,-12.4139,-34.1277,0.1688995,
2,36.142,2,3.595873,363.0638,-1.205727,0.3353085,-3.65655,-12.4139,-34.1277,0.1688995,
2,36.152,2,3.6002,363.0437,-1.206071,0.3350011,-3.65655,-12.4139,-34.1277,0.1688995,
2,36.162,2,3.600511,363.0215,-1.210227,0.3361264,-3.65655,-12.4139,-34.1277,0.1688995,
2,36.172,2,3.602292,363.0403,-1.211916,0.3364291,-3.65655,-12.4139,-34.1277,0.1688995,
2,36.182,2,3.603756,363.0079,-1.211509,0.3361795,-3.65655,-12.4139,-34.1277,0.1688995,
2,36.192,2,3.602675,362.9671,-1.211802,0.3363617,-3.65655,-12.4139,-34.1277,0.1688995,
2,36.202,2,3.604091,363.0161,-1.213243,0.3366294,-3.65655,-12.4139,-34.1277,0.1688995,
2,36.212,2,3.603965,363.0039,-1.210188,0.3357934,-3.65655,-12.4139,-34.1277,0.1688995,
2,36.222,2,3.60475,362.9806,-1.213027,0.3365081,-3.65655,-12.4139,-34.1277,0.1688995,
2,36.232,2,3.603617,362.9835,-1.213735,0.3368101,-3.65655,-12.4139,-34.1277,0.1688995,
2,36.242,2,3.60378,362.9816,-1.213274,0.3366672,-3.65655,-12.4139,-34.1277,0.1688995,
2,36.252,2,3.603698,363.0421,-1.213111,0.3366294,-3.65655,-12.4139,-34.1277,0.1688995,
2,36.262,2,3.602874,362.9626,-1.21107,0.33614,-3.65655,-12.4139,-34.1277,0.1688995,
2,36.272,2,3.603345,362.9601,-1.210914,0.3360527,-3.66418,-12.4139,-34.1289,0.1700974,
2,36.282,2,3.602397,362.9655,-1.212686,0.3366331,-3.66418,-12.4139,-34.1289,0.1700974,
2,36.292,2,3.602033,362.9569,-1.208119,0.3353993,-3.66418,-12.4139,-34.1289,0.1700974,
2,36.302,2,3.602232,362.9509,-1.208281,0.3354258,-3.66418,-12.4139,-34.1289,0.1700974,
2,36.312,2,3.60306,362.9164,-1.21065,0.3360061,-3.66418,-12.4139,-34.1289,0.1700974,
2,36.322,2,3.600945,362.9341,-1.209225,0.3358077,-3.66418,-12.4139,-34.1289,0.1700974,
2,36.332,2,3.60208,362.9304,-1.211233,0.3362593,-3.66418,-12.4139,-34.1289,0.1700974,
2,36.342,2,3.603702,362.9003,-1.214121,0.3369093,-3.66418,-12.4139,-34.1289,0.1700974,
2,36.352,2,3.60893,362.8949,-1.215294,0.3367464,-3.66418,-12.4139,-34.1289,0.1700974,
2,36.362,2,3.61583,362.8775,-1.216062,0.336316,-3.66418,-12.4139,-34.1289,0.1700974,
2,36.372,2,3.621286,362.8926,-1.219458,0.3367473,-3.66418,-12.4139,-34.1289,0.1700974,
2,36.382,2,3.627206,362.8266,-1.219991,0.3363446,-3.66418,-12.4139,-34.1289,0.1700974,
2,36.392,2,3.627887,362.8286,-1.220848,0.3365176,-3.66418,-12.4139,-34.1289,0.1700974,
2,36.402,2,3.627832,362.8405,-1.223505,0.3372551,-3.66418,-12.4139,-34.1289,0.1700974,
2,36.412,2,3.627974,362.8093,-1.219164,0.3360453,-3.66418,-12.4139,-34.1289,0.1700974,
2,36.422,2,3.630449,362.8107,-1.219024,0.3357776,-3.66418,-12.4139,-34.1289,0.1700974,
2,36.432,2,3.627621,362.7887,-1.218744,0.3359623,-3.66418,-12.4139,-34.1289,0.1700974,
2,36.442,2,3.628262,362.7915,-1.219032,0.3359823,-3.66418,-12.4139,-34.1289,0.1700974,
2,36.452,2,3.62854,362.7847,-1.217988,0.3356689,-3.66418,-12.4139,-34.1289,0.1700974,
2,36.462,2,3.628195,362.7697,-1.220051,0.3362695,-3.66418,-12.4139,-34.1289,0.1700974,
2,36.472,2,3.627497,362.7701,-1.218784,0.3359849,-3.66418,-12.4139,-34.1289,0.1700974,
2,36.482,2,3.625018,362.7872,-1.221297,0.3369079,-3.66418,-12.4139,-34.1289,0.1700974,
2,36.492,2,3.628944,362.7545,-1.221174,0.3365094,-3.67228,-12.4139,-34.1302,0.1713982,
2,36.502,2,3.627635,362.738,-1.221991,0.336856,-3.67228,-12.4139,-34.1302,0.1713982,
2,36.512,2,3.626359,362.7283,-1.224417,0.3376436,-3.67228,-12.4139,-34.1302,0.1713982,
2,36.522,2,3.628334,362.7314,-1.226014,0.3379001,-3.67228,-12.4139,-34.1302,0.1713982,
2,36.532,2,3.627231,362.7399,-1.224056,0.3374631,-3.67228,-12.4139,-34.1302,0.1713982,
2,36.542,2,3.625492,362.7369,-1.224421,0.3377254,-3.67228,-12.4139,-34.1302,0.1713982,
2,36.552,2,3.626304,362.74,-1.225408,0.3379221,-3.67228,-12.4139,-34.1302,0.1713982,
2,36.562,2,3.6247,362.7353,-1.221065,0.3368733,-3.67228,-12.4139,-34.1302,0.1713982,
2,36.572,2,3.626125,362.7256,-1.220881,0.3366902,-3.67228,-12.4139,-34.1302,0.1713982,
2,36.582,2,3.628625,362.7162,-1.221655,0.3366717,-3.67228,-12.4139,-34.1302,0.1713982,
2,36.592,2,3.635646,362.69,-1.219372,0.3353934,-3.67228,-12.4139,-34.1302,0.1713982,
2,36.602,2,3.642376,362.6641,-1.224108,0.3360739,-3.67228,-12.4139,-34.1302,0.1713982,
2,36.612,2,3.648066,362.638,-1.227203,0.3363982,-3.67228,-12.4139,-34.1302,0.1713982,
2,36.622,2,3.652714,362.6189,-1.227892,0.3361587,-3.67228,-12.4139,-34.1302,0.1713982,
2,36.632,2,3.654877,362.6104,-1.230369,0.3366376,-3.67228,-12.4139,-34.1302,0.1713982,
2,36.642,2,3.653413,362.6462,-1.231252,0.3370141,-3.67228,-12.4139,-34.1302,0.1713982,
2,36.652,2,3.652355,362.6001,-1.232945,0.3375754,-3.67228,-12.4139,-34.1302,0.1713982,
2,36.662,2,3.654556,362.5884,-1.233621,0.3375569,-3.67228,-12.4139,-34.1302,0.1713982,
2,36.672,2,3.652579,362.6062,-1.230652,0.336927,-3.67228,-12.4139,-34.1302,0.1713982,
2,36.682,2,3.653191,362.594,-1.23074,0.3368946,-3.67228,-12.4139,-34.1302,0.1713982,
2,36.692,2,3.651661,362.5911,-1.233162,0.3376989,-3.67228,-12.4139,-34.1302,0.1713982,
2,36.702,2,3.65305,362.576,-1.231368,0.3370795,-3.67228,-12.4139,-34.1302,0.1713982,
2,36.712,2,3.652556,362.5674,-1.229808,0.3366978,-3.67228,-12.4139,-34.1302,0.1713982,
2,36.722,2,3.652556,362.5645,-1.229588,0.3366376,-3.68042,-12.4139,-34.1314,0.1725998,
2,36.732,2,3.653247,362.5427,-1.228806,0.33636,-3.68042,-12.4139,-34.1314,0.1725998,
2,36.742,2,3.652129,362.5396,-1.226961,0.3359579,-3.68042,-12.4139,-34.1314,0.1725998,
2,36.752,2,3.64933,362.5428,-1.228997,0.3367732,-3.68042,-12.4139,-34.1314,0.1725998,
2,36.762,2,3.652896,362.5371,-1.230641,0.3368945,-3.68042,-12.4139,-34.1314,0.1725998,
2,36.772,2,3.652524,362.5307,-1.229599,0.3366436,-3.68042,-12.4139,-34.1314,0.1725998,
2,36.782,2,3.649626,362.4661,-1.232071,0.3375883,-3.68042,-12.4139,-34.1314,0.1725998,
2,36.792,2,3.6501,362.5139,-1.232159,0.3375686,-3.68042,-12.4139,-34.1314,0.1725998,
2,36.802,2,3.651869,362.5187,-1.232439,0.3374817,-3.68042,-12.4139,-34.1314,0.1725998,
2,36.812,2,3.650938,362.5014,-1.233906,0.3379696,-3.68042,-12.4139,-34.1314,0.1725998,
2,36.822,2,3.650207,362.4945,-1.233906,0.3380374,-3.68042,-12.4139,-34.1314,0.1725998,
2,36.832,2,3.651134,362.4863,-1.233177,0.3377519,-3.68042,-12.4139,-34.1314,0.1725998,
2,36.842,2,3.658849,362.5696,-1.235286,0.3376161,-3.68042,-12.4139,-34.1314,0.1725998,
2,36.852,2,3.662104,362.4559,-1.233865,0.3369278,-3.68042,-12.4139,-34.1314,0.1725998,
2,36.862,2,3.667519,362.4203,-1.233739,0.3363962,-3.68042,-12.4139,-34.1314,0.1725998,
2,36.872,2,3.674155,362.4231,-1.23642,0.3365181,-3.68042,-12.4139,-34.1314,0.1725998,
2,36.882,2,3.6769,362.4112,-1.237,0.3364248,-3.68042,-12.4139,-34.1314,0.1725998,
2,36.892,2,3.675358,362.3878,-1.234261,0.3358205,-3.68042,-12.4139,-34.1314,0.1725998,
2,36.902,2,3.678488,362.378,-1.237627,0.3364498,-3.68042,-12.4139,-34.1314,0.1725998,
2,36.912,2,3.678251,362.3782,-1.236368,0.3361292,-3.68042,-12.4139,-34.1314,0.1725998,
2,36.922,2,3.676346,362.3817,-1.239609,0.3371849,-3.68042,-12.4139,-34.1314,0.1725998,
2,36.932,2,3.675201,362.3716,-1.242275,0.3380155,-3.68042,-12.4139,-34.1314,0.1725998,
2,36.942,2,3.677026,362.3628,-1.239957,0.3372173,-3.68042,-12.4139,-34.1314,0.1725998,
2,36.952,2,3.676663,362.3657,-1.242144,0.3378454,-3.68042,-12.4139,-34.1314,0.1725998,
2,36.962,2,3.673827,362.3771,-1.241985,0.3380631,-3.68042,-12.4139,-34.1314,0.1725998,
2,36.972,2,3.67674,362.3468,-1.240247,0.3373225,-3.68042,-12.4139,-34.1314,0.1725998,
2,36.982,2,3.677595,362.3326,-1.239724,0.3371019,-3.68042,-12.4139,-34.1314,0.1725998,
2,36.992,2,3.673913,362.367,-1.241029,0.3377948,-3.6891,-12.4139,-34.1326,0.1737976,
2,37.002,2,3.673236,362.3397,-1.239694,0.3374937,-3.6891,-12.4139,-34.1326,0.1737976,
2,37.012,2,3.675967,362.3233,-1.236523,0.3363804,-3.6891,-12.4139,-34.1326,0.1737976,
2,37.022,2,3.676397,362.3073,-1.236733,0.3363981,-3.6891,-12.4139,-34.1326,0.1737976,
2,37.032,2,3.673446,362.3187,-1.236506,0.3366064,-3.6891,-12.4139,-34.1326,0.1737976,
2,37.042,2,3.675947,362.3268,-1.23534,0.3360604,-3.6891,-12.4139,-34.1326,0.1737976,
2,37.052,2,3.675198,362.2846,-1.23982,0.3373478,-3.6891,-12.4139,-34.1326,0.1737976,
2,37.062,2,3.673727,362.2961,-1.237706,0.3369074,-3.6891,-12.4139,-34.1326,0.1737976,
2,37.072,2,3.672191,362.3058,-1.238927,0.3373807,-3.6891,-12.4139,-34.1326,0.1737976,
2,37.082,2,3.674278,362.2616,-1.240349,0.3375763,-3.6891,-12.4139,-34.1326,0.1737976,
2,37.092,2,3.674305,362.268,-1.239326,0.3372952,-3.6891,-12.4139,-34.1326,0.1737976,
2,37.102,2,3.678493,362.2499,-1.243731,0.3381089,-3.6891,-12.4139,-34.1326,0.1737976,
2,37.112,2,3.686423,362.1819,-1.246147,0.338037,-3.6891,-12.4139,-34.1326,0.1737976,
2,37.122,2,3.691514,362.1822,-1.242779,0.3366584,-3.6891,-12.4139,-34.1326,0.1737976,
2,37.132,2,3.696991,362.17,-1.248014,0.3375755,-3.6891,-12.4139,-34.1326,0.1737976,
2,37.142,2,3.700923,362.2017,-1.24953,0.3376266,-3.6891,-12.4139,-34.1326,0.1737976,
2,37.152,2,3.700484,362.1936,-1.244428,0.3362879,-3.6891,-12.4139,-34.1326,0.1737976,
2,37.162,2,3.699767,362.1917,-1.246919,0.3370263,-3.6891,-12.4139,-34.1326,0.1737976,
2,37.172,2,3.700297,362.1739,-1.247367,0.3370993,-3.6891,-12.4139,-34.1326,0.1737976,
2,37.182,2,3.701862,362.168,-1.243305,0.3358593,-3.6891,-12.4139,-34.1326,0.1737976,
2,37.192,2,3.70265,362.1615,-1.244551,0.3361243,-3.6891,-12.4139,-34.1326,0.1737976,
2,37.202,2,3.701607,362.1483,-1.245884,0.3365793,-3.6891,-12.4139,-34.1326,0.1737976,
2,37.212,2,3.700857,362.1294,-1.246889,0.336919,-3.6891,-12.4139,-34.1326,0.1737976,
2,37.222,2,3.702542,362.1273,-1.249093,0.337361,-3.6891,-12.4139,-34.1326,0.1737976,
2,37.232,2,3.699647,362.134,-1.248319,0.3374157,-3.6967,-12.4139,-34.1338,0.1749992,
2,37.242,2,3.699465,362.1254,-1.249395,0.3377231,-3.6967,-12.4139,-34.1338,0.1749992,
2,37.252,2,3.702148,362.1111,-1.24987,0.3376068,-3.6967,-12.4139,-34.1338,0.1749992,
2,37.262,2,3.69851,362.1353,-1.249182,0.3377527,-3.6967,-12.4139,-34.1338,0.1749992,
2,37.272,2,3.69821,362.1081,-1.248934,0.337713,-3.6967,-12.4139,-34.1338,0.1749992,
2,37.282,2,3.700506,362.1181,-1.25164,0.3382348,-3.6967,-12.4139,-34.1338,0.1749992,
2,37.292,2,3.700269,362.0999,-1.249574,0.3376982,-3.6967,-12.4139,-34.1338,0.1749992,
2,37.302,2,3.703086,362.0972,-1.246877,0.336713,-3.6967,-12.4139,-34.1338,0.1749992,
2,37.312,2,3.707667,362.0665,-1.249679,0.3370526,-3.6967,-12.4139,-34.1338,0.1749992,
2,37.322,2,3.714666,362.0446,-1.2485,0.3361002,-3.6967,-12.4139,-34.1338,0.1749992,
2,37.332,2,3.718764,362.0114,-1.248716,0.335788,-3.6967,-12.4139,-34.1338,0.1749992,
2,37.342,2,3.724258,362.0185,-1.252877,0.3364099,-3.6967,-12.4139,-34.1338,0.1749992,
2,37.352,2,3.727455,361.9897,-1.253239,0.3362185,-3.6967,-12.4139,-34.1338,0.1749992,
2,37.362,2,3.726815,361.9915,-1.25408,0.3365017,-3.6967,-12.4139,-34.1338,0.1749992,
2,37.372,2,3.72428,361.9167,-1.256137,0.3372832,-3.6967,-12.4139,-34.1338,0.1749992,
2,37.382,2,3.724431,361.9688,-1.254642,0.3368682,-3.6967,-12.4139,-34.1338,0.1749992,
2,37.392,2,3.726082,361.9787,-1.255305,0.3368969,-3.6967,-12.4139,-34.1338,0.1749992,
2,37.402,2,3.723386,361.9743,-1.257746,0.3377963,-3.6967,-12.4139,-34.1338,0.1749992,
2,37.412,2,3.72484,361.9529,-1.258385,0.3378359,-3.6967,-12.4139,-34.1338,0.1749992,
2,37.422,2,3.726178,361.9637,-1.257073,0.3373626,-3.6967,-12.4139,-34.1338,0.1749992,
2,37.432,2,3.726516,362.0165,-1.258334,0.3376703,-3.6967,-12.4139,-34.1338,0.1749992,
2,37.442,2,3.724522,361.9338,-1.257902,0.3377351,-3.6967,-12.4139,-34.1338,0.1749992,
2,37.452,2,3.725999,361.9144,-1.256599,0.3372517,-3.70482,-12.4139,-34.135,0.1761971,
2,37.462,2,3.725724,361.9414,-1.255776,0.3370554,-3.70482,-12.4139,-34.135,0.1761971,
2,37.472,2,3.72473,361.9305,-1.252541,0.336277,-3.70482,-12.4139,-34.135,0.1761971,
2,37.482,2,3.724228,361.9241,-1.253087,0.3364689,-3.70482,-12.4139,-34.135,0.1761971,
2,37.492,2,3.723958,361.8982,-1.254129,0.3367731,-3.70482,-12.4139,-34.135,0.1761971,
2,37.502,2,3.725778,361.8978,-1.253173,0.3363521,-3.70482,-12.4139,-34.135,0.1761971,
2,37.512,2,3.724131,361.9068,-1.256293,0.3373386,-3.70482,-12.4139,-34.135,0.1761971,
2,37.522,2,3.723791,361.9016,-1.257822,0.3377799,-3.70482,-12.4139,-34.135,0.1761971,
2,37.532,2,3.725631,361.887,-1.257652,0.3375676,-3.70482,-12.4139,-34.135,0.1761971,
2,37.542,2,3.726625,361.8841,-1.256195,0.3370866,-3.70482,-12.4139,-34.135,0.1761971,
2,37.552,2,3.732587,361.8784,-1.260145,0.3376064,-3.70482,-12.4139,-34.135,0.1761971,
2,37.562,2,3.739313,361.8351,-1.259036,0.3367025,-3.70482,-12.4139,-34.135,0.1761971,
2,37.572,2,3.745543,361.8125,-1.261574,0.33682,-3.70482,-12.4139,-34.135,0.1761971,
2,37.582,2,3.748629,361.822,-1.264127,0.3372239,-3.70482,-12.4139,-34.135,0.1761971,
2,37.592,2,3.751141,361.7926,-1.260797,0.3361102,-3.70482,-12.4139,-34.135,0.1761971,
2,37.602,2,3.750868,361.7759,-1.259976,0.3359159,-3.70482,-12.4139,-34.135,0.1761971,
2,37.612,2,3.749097,361.7582,-1.262645,0.3367863,-3.70482,-12.4139,-34.135,0.1761971,
2,37.622,2,3.750658,361.7762,-1.259837,0.3358976,-3.70482,-12.4139,-34.135,0.1761971,
2,37.632,2,3.75287,361.7771,-1.260508,0.3358784,-3.70482,-12.4139,-34.135,0.1761971,
2,37.642,2,3.747483,361.7411,-1.265153,0.3376008,-3.70482,-12.4139,-34.135,0.1761971,
2,37.652,2,3.747569,361.7498,-1.264509,0.3374212,-3.70482,-12.4139,-34.135,0.1761971,
2,37.662,2,3.748993,361.7713,-1.26313,0.336925,-3.70482,-12.4139,-34.135,0.1761971,
2,37.672,2,3.747585,361.6864,-1.266183,0.3378663,-3.70482,-12.4139,-34.135,0.1761971,
2,37.682,2,3.746531,361.7244,-1.265434,0.3377616,-3.70482,-12.4139,-34.135,0.1761971,
2,37.692,2,3.748493,361.7077,-1.268483,0.3383982,-3.71298,-12.4139,-34.1362,0.1773987,
2,37.702,2,3.748176,361.7175,-1.268312,0.3383811,-3.71298,-12.4139,-34.1362,0.1773987,
2,37.712,2,3.746084,361.7158,-1.266873,0.3381861,-3.71298,-12.4139,-34.1362,0.1773987,
2,37.722,2,3.746926,361.7228,-1.267951,0.3383978,-3.71298,-12.4139,-34.1362,0.1773987,
2,37.732,2,3.748352,361.7013,-1.266951,0.3380021,-3.71298,-12.4139,-34.1362,0.1773987,
2,37.742,2,3.748507,361.7253,-1.265784,0.3376767,-3.71298,-12.4139,-34.1362,0.1773987,
2,37.752,2,3.747492,361.722,-1.265699,0.3377456,-3.71298,-12.4139,-34.1362,0.1773987,
2,37.762,2,3.746838,361.6937,-1.266531,0.3380267,-3.71298,-12.4139,-34.1362,0.1773987,
2,37.772,2,3.74921,361.6861,-1.262278,0.3366784,-3.71298,-12.4139,-34.1362,0.1773987,
2,37.782,2,3.747592,361.7023,-1.263041,0.3370274,-3.71298,-12.4139,-34.1362,0.1773987,
2,37.792,2,3.750403,361.6777,-1.265525,0.3374372,-3.71298,-12.4139,-34.1362,0.1773987,
2,37.802,2,3.749221,361.6648,-1.26543,0.3375182,-3.71298,-12.4139,-34.1362,0.1773987,
2,37.812,2,3.748899,361.65,-1.266858,0.3379281,-3.71298,-12.4139,-34.1362,0.1773987,
2,37.822,2,3.754818,361.6574,-1.267879,0.3376674,-3.71298,-12.4139,-34.1362,0.1773987,
2,37.832,2,3.76113,361.6137,-1.270121,0.3376966,-3.71298,-12.4139,-34.1362,0.1773987,
2,37.842,2,3.76739,361.5783,-1.273707,0.3380873,-3.71298,-12.4139,-34.1362,0.1773987,
2,37.852,2,3.772842,361.5868,-1.274901,0.3379153,-3.71298,-12.4139,-34.1362,0.1773987,
2,37.862,2,3.773379,361.5833,-1.273026,0.3373704,-3.71298,-12.4139,-34.1362,0.1773987,
2,37.872,2,3.773273,361.5712,-1.278056,0.3387129,-3.71298,-12.4139,-34.1362,0.1773987,
2,37.882,2,3.775796,361.5734,-1.276634,0.3381098,-3.71298,-12.4139,-34.1362,0.1773987,
2,37.892,2,3.772443,361.5588,-1.27443,0.337826,-3.71298,-12.4139,-34.1362,0.1773987,
2,37.902,2,3.774705,361.5529,-1.274751,0.3377088,-3.71298,-12.4139,-34.1362,0.1773987,
2,37.912,2,3.773245,361.5449,-1.272765,0.3373132,-3.71298,-12.4139,-34.1362,0.1773987,
2,37.922,2,3.774329,361.5316,-1.270344,0.3365749,-3.71298,-12.4139,-34.1362,0.1773987,
2,37.932,2,3.773422,361.5499,-1.272556,0.337242,-3.72167,-12.4139,-34.1374,0.1786003,
2,37.942,2,3.77511,361.5221,-1.274356,0.3375679,-3.72167,-12.4139,-34.1374,0.1786003,
2,37.952,2,3.773344,361.5033,-1.273486,0.3374953,-3.72167,-12.4139,-34.1374,0.1786003,
2,37.962,2,3.76956,361.4488,-1.277175,0.3388128,-3.72167,-12.4139,-34.1374,0.1786003,
2,37.972,2,3.771978,361.5305,-1.275767,0.3382222,-3.72167,-12.4139,-34.1374,0.1786003,
2,37.982,2,3.772058,361.499,-1.275257,0.33808,-3.72167,-12.4139,-34.1374,0.1786003,
2,37.992,2,3.771743,361.5204,-1.278851,0.339061,-3.72167,-12.4139,-34.1374,0.1786003,
2,38.002,2,3.771271,361.4831,-1.279711,0.3393314,-3.72167,-12.4139,-34.1374,0.1786003,
2,38.012,2,3.775139,361.4864,-1.277745,0.3384629,-3.72167,-12.4139,-34.1374,0.1786003,
2,38.022,2,3.771384,361.5264,-1.279661,0.339308,-3.72167,-12.4139,-34.1374,0.1786003,
2,38.032,2,3.772814,361.4794,-1.277445,0.3385922,-3.72167,-12.4139,-34.1374,0.1786003,
2,38.042,2,3.776596,361.4577,-1.276808,0.3380842,-3.72167,-12.4139,-34.1374,0.1786003,
2,38.052,2,3.782105,361.4623,-1.276089,0.3374018,-3.72167,-12.4139,-34.1374,0.1786003,
2,38.062,2,3.78783,361.423,-1.276044,0.3368798,-3.72167,-12.4139,-34.1374,0.1786003,
2,38.072,2,3.795908,361.3949,-1.277272,0.3364866,-3.72167,-12.4139,-34.1374,0.1786003,
2,38.082,2,3.798147,361.3823,-1.281101,0.3372963,-3.72167,-12.4139,-34.1374,0.1786003,
2,38.092,2,3.797827,361.3774,-1.281744,0.3374942,-3.72167,-12.4139,-34.1374,0.1786003,
2,38.102,2,3.796105,361.376,-1.283832,0.3381973,-3.72167,-12.4139,-34.1374,0.1786003,
2,38.112,2,3.797017,361.3848,-1.285498,0.3385546,-3.72167,-12.4139,-34.1374,0.1786003,
2,38.122,2,3.797925,361.3528,-1.283982,0.3380745,-3.72167,-12.4139,-34.1374,0.1786003,
2,38.132,2,3.795311,361.3456,-1.28493,0.3385572,-3.72167,-12.4139,-34.1374,0.1786003,
2,38.142,2,3.796205,361.346,-1.287956,0.3392747,-3.72167,-12.4139,-34.1374,0.1786003,
2,38.152,2,3.797877,361.3417,-1.286291,0.3386868,-3.72167,-12.4139,-34.1374,0.1786003,
2,38.162,2,3.797718,361.339,-1.287614,0.3390493,-3.72167,-12.4139,-34.1374,0.1786003,
2,38.172,2,3.796681,361.3514,-1.288388,0.3393459,-3.72167,-12.4139,-34.1374,0.1786003,
2,38.182,2,3.795941,361.3326,-1.28496,0.3385091,-3.7287,-12.4139,-34.1386,0.1797981,
2,38.192,2,3.796925,361.3197,-1.281737,0.3375725,-3.7287,-12.4139,-34.1386,0.1797981,
2,38.202,2,3.796316,361.2754,-1.284183,0.338271,-3.7287,-12.4139,-34.1386,0.1797981,
2,38.212,2,3.795794,361.2939,-1.280933,0.3374611,-3.7287,-12.4139,-34.1386,0.1797981,
2,38.222,2,3.797019,361.3144,-1.280075,0.3371263,-3.7287,-12.4139,-34.1386,0.1797981,
2,38.232,2,3.793995,361.2986,-1.284421,0.3385406,-3.7287,-12.4139,-34.1386,0.1797981,
2,38.242,2,3.794848,361.3,-1.282059,0.337842,-3.7287,-12.4139,-34.1386,0.1797981,
2,38.252,2,3.7983,361.2969,-1.284929,0.3382906,-3.7287,-12.4139,-34.1386,0.1797981,
2,38.262,2,3.798721,361.2602,-1.284943,0.3382567,-3.7287,-12.4139,-34.1386,0.1797981,
2,38.272,2,3.803679,361.2596,-1.284899,0.3378043,-3.7287,-12.4139,-34.1386,0.1797981,
2,38.282,2,3.81069,361.2215,-1.289036,0.3382685,-3.7287,-12.4139,-34.1386,0.1797981,
2,38.292,2,3.818069,361.2001,-1.290992,0.3381269,-3.7287,-12.4139,-34.1386,0.1797981,
2,38.302,2,3.823468,361.2031,-1.291293,0.3377282,-3.7287,-12.4139,-34.1386,0.1797981,
2,38.312,2,3.823249,361.2045,-1.294825,0.3386715,-3.7287,-12.4139,-34.1386,0.1797981,
2,38.322,2,3.823001,361.189,-1.294519,0.3386135,-3.7287,-12.4139,-34.1386,0.1797981,
2,38.332,2,3.822671,361.1836,-1.290968,0.3377137,-3.7287,-12.4139,-34.1386,0.1797981,
2,38.342,2,3.821094,361.1917,-1.291748,0.338057,-3.7287,-12.4139,-34.1386,0.1797981,
2,38.352,2,3.821245,361.1666,-1.292241,0.3381726,-3.7287,-12.4139,-34.1386,0.1797981,
2,38.362,2,3.823203,361.162,-1.288089,0.3369136,-3.7287,-12.4139,-34.1386,0.1797981,
2,38.372,2,3.821405,361.1719,-1.289096,0.3373355,-3.7287,-12.4139,-34.1386,0.1797981,
2,38.382,2,3.821218,361.1464,-1.291398,0.3379545,-3.7287,-12.4139,-34.1386,0.1797981,
2,38.392,2,3.820176,361.1349,-1.289661,0.337592,-3.7287,-12.4139,-34.1386,0.1797981,
2,38.402,2,3.820946,361.1199,-1.293229,0.3384578,-3.7287,-12.4139,-34.1386,0.1797981,
2,38.412,2,3.821879,361.1308,-1.294513,0.3387112,-3.73738,-12.4139,-34.1398,0.1809998,
2,38.422,2,3.821083,361.1237,-1.293162,0.3384282,-3.73738,-12.4139,-34.1398,0.1809998,
2,38.432,2,3.822586,361.0934,-1.295073,0.3387949,-3.73738,-12.4139,-34.1398,0.1809998,
2,38.442,2,3.820918,361.1315,-1.295336,0.3390118,-3.73738,-12.4139,-34.1398,0.1809998,
2,38.452,2,3.821751,361.1235,-1.293816,0.3385402,-3.73738,-12.4139,-34.1398,0.1809998,
2,38.462,2,3.821329,361.0978,-1.296989,0.3394077,-3.73738,-12.4139,-34.1398,0.1809998,
2,38.472,2,3.820324,361.1107,-1.295261,0.3390448,-3.73738,-12.4139,-34.1398,0.1809998,
2,38.482,2,3.820915,361.1,-1.292704,0.3383233,-3.73738,-12.4139,-34.1398,0.1809998,
2,38.492,2,3.822555,361.0992,-1.29318,0.3383024,-3.73738,-12.4139,-34.1398,0.1809998,
2,38.502,2,3.823534,361.0757,-1.291445,0.3377621,-3.73738,-12.4139,-34.1398,0.1809998,
2,38.512,2,3.8284,361.0621,-1.290741,0.3371489,-3.73738,-12.4139,-34.1398,0.1809998,
2,38.522,2,3.835399,361.0546,-1.293916,0.3373614,-3.73738,-12.4139,-34.1398,0.1809998,
2,38.532,2,3.842766,361.0006,-1.294808,0.3369469,-3.73738,-12.4139,-34.1398,0.1809998,
2,38.542,2,3.845317,360.9951,-1.297728,0.3374827,-3.73738,-12.4139,-34.1398,0.1809998,
2,38.552,2,3.842805,360.9693,-1.299938,0.3382785,-3.73738,-12.4139,-34.1398,0.1809998,
2,38.562,2,3.846792,360.9804,-1.299424,0.3377942,-3.73738,-12.4139,-34.1398,0.1809998,
2,38.572,2,3.847419,360.9805,-1.300365,0.3379836,-3.73738,-12.4139,-34.1398,0.1809998,
2,38.582,2,3.846507,360.9952,-1.303235,0.3388101,-3.73738,-12.4139,-34.1398,0.1809998,
2,38.592,2,3.846046,360.9713,-1.304404,0.3391545,-3.73738,-12.4139,-34.1398,0.1809998,
2,38.602,2,3.847705,360.9676,-1.301261,0.3381914,-3.73738,-12.4139,-34.1398,0.1809998,
2,38.612,2,3.847448,360.9728,-1.302096,0.3384309,-3.73738,-12.4139,-34.1398,0.1809998,
2,38.622,2,3.846805,360.9472,-1.301993,0.3384609,-3.73738,-12.4139,-34.1398,0.1809998,
2,38.632,2,3.844726,360.944,-1.299984,0.3381214,-3.73738,-12.4139,-34.1398,0.1809998,
2,38.642,2,3.845747,360.9543,-1.301636,0.3384611,-3.7455,-12.4139,-34.141,0.1821976,
2,38.652,2,3.845059,360.9319,-1.299898,0.3380697,-3.7455,-12.4139,-34.141,0.1821976,
2,38.662,2,3.846196,360.9278,-1.298957,0.337725,-3.7455,-12.4139,-34.141,0.1821976,
2,38.672,2,3.844947,360.9186,-1.299557,0.3379909,-3.7455,-12.4139,-34.141,0.1821976,
2,38.682,2,3.843935,360.8884,-1.300838,0.338413,-3.7455,-12.4139,-34.141,0.1821976,
2,38.692,2,3.845441,360.9057,-1.302975,0.3388363,-3.7455,-12.4139,-34.141,0.1821976,
2,38.702,2,3.842655,360.923,-1.304801,0.3395571,-3.7455,-12.4139,-34.141,0.1821976,
2,38.712,2,3.843203,360.9065,-1.303806,0.3392498,-3.7455,-12.4139,-34.141,0.1821976,
2,38.722,2,3.843512,360.8806,-1.304518,0.3394077,-3.7455,-12.4139,-34.141,0.1821976,
2,38.732,2,3.84552,360.8766,-1.30564,0.3395224,-3.7455,-12.4139,-34.141,0.1821976,
2,38.742,2,3.848529,360.8859,-1.30459,0.338984,-3.7455,-12.4139,-34.141,0.1821976,
2,38.752,2,3.851486,360.8648,-1.305786,0.3390344,-3.7455,-12.4139,-34.141,0.1821976,
2,38.762,2,3.858135,360.8369,-1.310059,0.3395576,-3.7455,-12.4139,-34.141,0.1821976,
2,38.772,2,3.866126,360.8243,-1.308217,0.3383793,-3.7455,-12.4139,-34.141,0.1821976,
2,38.782,2,3.866368,360.7992,-1.308249,0.3383663,-3.7455,-12.4139,-34.141,0.1821976,
2,38.792,2,3.868457,360.7952,-1.30865,0.3382873,-3.7455,-12.4139,-34.141,0.1821976,
2,38.802,2,3.86869,360.7913,-1.305831,0.3375383,-3.7455,-12.4139,-34.141,0.1821976,
2,38.812,2,3.868326,360.787,-1.306005,0.337615,-3.7455,-12.4139,-34.141,0.1821976,
2,38.822,2,3.869823,360.7917,-1.309663,0.3384297,-3.7455,-12.4139,-34.141,0.1821976,
2,38.832,2,3.870644,360.7757,-1.309706,0.3383691,-3.7455,-12.4139,-34.141,0.1821976,
2,38.842,2,3.870239,360.7597,-1.309359,0.3383147,-3.7455,-12.4139,-34.141,0.1821976,
2,38.852,2,3.868753,360.7486,-1.311074,0.3388879,-3.7455,-12.4139,-34.141,0.1821976,
2,38.862,2,3.86946,360.7428,-1.311234,0.3388674,-3.7455,-12.4139,-34.141,0.1821976,
2,38.872,2,3.867871,360.7272,-1.312106,0.3392323,-3.7455,-12.4139,-34.141,0.1821976,
2,38.882,2,3.866074,360.7344,-1.317011,0.3406584,-3.7455,-12.4139,-34.141,0.1821976,
2,38.892,2,3.866868,360.7321,-1.312971,0.3395438,-3.75365,-12.4139,-34.1422,0.1833992,
2,38.902,2,3.868874,360.7269,-1.314414,0.3397406,-3.75365,-12.4139,-34.1422,0.1833992,
2,38.912,2,3.867796,360.7273,-1.313724,0.3396569,-3.75365,-12.4139,-34.1422,0.1833992,
2,38.922,2,3.86467,360.7231,-1.310449,0.3390843,-3.75365,-12.4139,-34.1422,0.1833992,
2,38.932,2,3.866959,360.7274,-1.311591,0.3391789,-3.75365,-12.4139,-34.1422,0.1833992,
2,38.942,2,3.869968,360.7197,-1.310197,0.338555,-3.75365,-12.4139,-34.1422,0.1833992,
2,38.952,2,3.866721,360.7093,-1.30765,0.3381805,-3.75365,-12.4139,-34.1422,0.1833992,
2,38.962,2,3.866798,360.7102,-1.30961,0.3386808,-3.75365,-12.4139,-34.1422,0.1833992,
2,38.972,2,3.866953,360.6883,-1.30977,0.3387085,-3.75365,-12.4139,-34.1422,0.1833992,
2,38.982,2,3.86692,360.6848,-1.309911,0.3387477,-3.75365,-12.4139,-34.1422,0.1833992,
2,38.992,2,3.867966,360.6787,-1.313063,0.3394713,-3.75365,-12.4139,-34.1422,0.1833992,
2,39.002,2,3.870059,360.6669,-1.314334,0.3396161,-3.75365,-12.4139,-34.1422,0.1833992,
2,39.012,2,3.878271,360.6501,-1.313427,0.338663,-3.75365,-12.4139,-34.1422,0.1833992,
2,39.022,2,3.882153,360.6006,-1.318917,0.3397387,-3.75365,-12.4139,-34.1422,0.1833992,
2,39.032,2,3.889216,360.6074,-1.320355,0.3394912,-3.75365,-12.4139,-34.1422,0.1833992,
2,39.042,2,3.892753,360.6001,-1.320235,0.3391521,-3.75365,-12.4139,-34.1422,0.1833992,
2,39.052,2,3.893826,360.5818,-1.321476,0.3393773,-3.75365,-12.4139,-34.1422,0.1833992,
2,39.062,2,3.892615,360.5972,-1.321378,0.3394576,-3.75365,-12.4139,-34.1422,0.1833992,
2,39.072,2,3.892544,360.6001,-1.318778,0.338796,-3.75365,-12.4139,-34.1422,0.1833992,
2,39.082,2,3.893482,360.5676,-1.318386,0.3386135,-3.75365,-12.4139,-34.1422,0.1833992,
2,39.092,2,3.893585,360.5653,-1.318048,0.3385178,-3.75365,-12.4139,-34.1422,0.1833992,
2,39.102,2,3.89198,360.5679,-1.316708,0.3383132,-3.75365,-12.4139,-34.1422,0.1833992,
2,39.112,2,3.890966,360.5687,-1.318709,0.3389156,-3.75365,-12.4139,-34.1422,0.1833992,
2,39.122,2,3.894328,360.5366,-1.319671,0.3388699,-3.75365,-12.4139,-34.1422,0.1833992,
2,39.132,2,3.891026,360.5256,-1.319873,0.3392096,-3.75365,-12.4139,-34.1422,0.1833992,
2,39.142,2,3.891437,360.5238,-1.322299,0.3397971,-3.75365,-12.4139,-34.1422,0.1833992,
2,39.152,2,3.892268,360.5117,-1.322183,0.3396948,-3.76233,-12.4139,-34.1434,0.184597,
2,39.162,2,3.891145,360.5338,-1.322514,0.3398778,-3.76233,-12.4139,-34.1434,0.184597,
2,39.172,2,3.892216,360.5525,-1.3249,0.3403974,-3.76233,-12.4139,-34.1434,0.184597,
2,39.182,2,3.890442,360.5177,-1.322686,0.3399836,-3.76233,-12.4139,-34.1434,0.184597,
2,39.192,2,3.891141,360.5144,-1.32223,0.3398052,-3.76233,-12.4139,-34.1434,0.184597,
2,39.202,2,3.891984,360.4714,-1.32585,0.3406616,-3.76233,-12.4139,-34.1434,0.184597,
2,39.212,2,3.892199,360.4974,-1.322335,0.3397397,-3.76233,-12.4139,-34.1434,0.184597,
2,39.222,2,3.892728,360.4953,-1.319435,0.3389486,-3.76233,-12.4139,-34.1434,0.184597,
2,39.232,2,3.89,360.5013,-1.322531,0.3399822,-3.76233,-12.4139,-34.1434,0.184597,
2,39.242,2,3.896754,360.4771,-1.319907,0.3387197,-3.76233,-12.4139,-34.1434,0.184597,
2,39.252,2,3.904133,360.4485,-1.316411,0.3371841,-3.76233,-12.4139,-34.1434,0.184597,
2,39.262,2,3.907964,360.433,-1.322079,0.3383037,-3.76233,-12.4139,-34.1434,0.184597,
2,39.272,2,3.912761,360.411,-1.324577,0.3385274,-3.76233,-12.4139,-34.1434,0.184597,
2,39.282,2,3.918211,360.3919,-1.325326,0.3382478,-3.76233,-12.4139,-34.1434,0.184597,
2,39.292,2,3.920308,360.3961,-1.3285,0.3388765,-3.76233,-12.4139,-34.1434,0.184597,
2,39.302,2,3.919451,360.3714,-1.326519,0.3384451,-3.76233,-12.4139,-34.1434,0.184597,
2,39.312,2,3.917918,360.3546,-1.329965,0.3394571,-3.76233,-12.4139,-34.1434,0.184597,
2,39.322,2,3.918576,360.3315,-1.331109,0.3396921,-3.76233,-12.4139,-34.1434,0.184597,
2,39.332,2,3.917641,360.371,-1.329049,0.3392472,-3.76233,-12.4139,-34.1434,0.184597,
2,39.342,2,3.918417,360.3575,-1.330937,0.339662,-3.76233,-12.4139,-34.1434,0.184597,
2,39.352,2,3.916705,360.342,-1.33163,0.3399874,-3.76233,-12.4139,-34.1434,0.184597,
2,39.362,2,3.917993,360.34,-1.328275,0.3390193,-3.76233,-12.4139,-34.1434,0.184597,
2,39.372,2,3.916199,360.3354,-1.328461,0.339222,-3.76233,-12.4139,-34.1434,0.184597,
2,39.382,2,3.915827,360.3263,-1.329044,0.3394032,-3.76233,-12.4139,-34.1434,0.184597,
2,39.392,2,3.920546,360.3375,-1.326153,0.3382573,-3.76233,-12.4139,-34.1434,0.184597,
2,39.402,2,3.91828,360.3354,-1.32572,0.3383423,-3.76233,-12.4139,-34.1434,0.184597,
2,39.412,2,3.916855,360.3283,-1.330208,0.3396113,-3.77045,-12.4139,-34.1446,0.1857986,
2,39.422,2,3.916438,360.317,-1.327193,0.3388775,-3.77045,-12.4139,-34.1446,0.1857986,
2,39.432,2,3.914185,360.2936,-1.32849,0.3394039,-3.77045,-12.4139,-34.1446,0.1857986,
2,39.442,2,3.914572,360.2893,-1.329989,0.3397534,-3.77045,-12.4139,-34.1446,0.1857986,
2,39.452,2,3.91442,360.2901,-1.328807,0.3394646,-3.77045,-12.4139,-34.1446,0.1857986,
2,39.462,2,3.914233,360.2786,-1.332837,0.3405104,-3.77045,-12.4139,-34.1446,0.1857986,
2,39.472,2,3.914374,360.2871,-1.336234,0.3413659,-3.77045,-12.4139,-34.1446,0.1857986,
2,39.482,2,3.914864,360.2773,-1.33423,0.3408113,-3.77045,-12.4139,-34.1446,0.1857986,
2,39.492,2,3.91704,360.2687,-1.334361,0.3406553,-3.77045,-12.4139,-34.1446,0.1857986,
2,39.502,2,3.915583,360.2666,-1.33455,0.3408304,-3.77045,-12.4139,-34.1446,0.1857986,
2,39.512,2,3.914567,360.2669,-1.333273,0.3405926,-3.77045,-12.4139,-34.1446,0.1857986,
2,39.522,2,3.917991,360.2615,-1.331786,0.3399154,-3.77045,-12.4139,-34.1446,0.1857986,
2,39.532,2,3.92199,360.245,-1.332303,0.3397007,-3.77045,-12.4139,-34.1446,0.1857986,
2,39.542,2,3.926286,360.236,-1.329665,0.3386573,-3.77045,-12.4139,-34.1446,0.1857986,
2,39.552,2,3.933423,360.1899,-1.332942,0.3388757,-3.77045,-12.4139,-34.1446,0.1857986,
2,39.562,2,3.939561,360.1768,-1.336182,0.3391701,-3.77045,-12.4139,-34.1446,0.1857986,
2,39.572,2,3.94139,360.163,-1.336589,0.3391162,-3.77045,-12.4139,-34.1446,0.1857986,
2,39.582,2,3.940351,360.156,-1.340395,0.3401714,-3.77045,-12.4139,-34.1446,0.1857986,
2,39.592,2,3.941456,360.1516,-1.34182,0.3404376,-3.77045,-12.4139,-34.1446,0.1857986,
2,39.602,2,3.939969,360.1511,-1.338714,0.3397779,-3.77045,-12.4139,-34.1446,0.1857986,
2,39.612,2,3.939013,360.1257,-1.341584,0.340589,-3.77045,-12.4139,-34.1446,0.1857986,
2,39.622,2,3.941557,360.1215,-1.341481,0.3403429,-3.77045,-12.4139,-34.1446,0.1857986,
2,39.632,2,3.942172,360.1328,-1.341505,0.340296,-3.77045,-12.4139,-34.1446,0.1857986,
2,39.642,2,3.939946,360.1158,-1.343593,0.3410182,-3.77045,-12.4139,-34.1446,0.1857986,
2,39.652,2,3.939595,360.1377,-1.343328,0.3409813,-3.7797,-12.4139,-34.1459,0.1870995,
2,39.662,2,3.942003,360.1254,-1.340223,0.3399853,-3.7797,-12.4139,-34.1459,0.1870995,
2,39.672,2,3.942293,360.1189,-1.3412,0.340208,-3.7797,-12.4139,-34.1459,0.1870995,
2,39.682,2,3.939286,360.1217,-1.341465,0.3405349,-3.7797,-12.4139,-34.1459,0.1870995,
2,39.692,2,3.941097,360.1117,-1.339249,0.3398163,-3.7797,-12.4139,-34.1459,0.1870995,
2,39.702,2,3.940497,360.1132,-1.340793,0.3402599,-3.7797,-12.4139,-34.1459,0.1870995,
2,39.712,2,3.93991,360.0711,-1.342695,0.3407933,-3.7797,-12.4139,-34.1459,0.1870995,
2,39.722,2,3.938834,360.0795,-1.341927,0.3406915,-3.7797,-12.4139,-34.1459,0.1870995,
2,39.732,2,3.939378,360.1,-1.342951,0.3409044,-3.7797,-12.4139,-34.1459,0.1870995,
2,39.742,2,3.939385,360.0718,-1.343774,0.3411125,-3.7797,-12.4139,-34.1459,0.1870995,
2,39.752,2,3.939008,360.0667,-1.346333,0.3417948,-3.7797,-12.4139,-34.1459,0.1870995,
2,39.762,2,3.939235,360.1274,-1.350662,0.3428742,-3.7797,-12.4139,-34.1459,0.1870995,
2,39.772,2,3.943587,360.0048,-1.351219,0.3426371,-3.7797,-12.4139,-34.1459,0.1870995,
2,39.782,2,3.953948,359.9503,-1.349037,0.3411874,-3.7797,-12.4139,-34.1459,0.1870995,
2,39.792,2,3.958119,359.8978,-1.355559,0.3424757,-3.7797,-12.4139,-34.1459,0.1870995,
2,39.802,2,3.964042,359.9922,-1.352707,0.3412444,-3.7797,-12.4139,-34.1459,0.1870995,
2,39.812,2,3.967842,359.9816,-1.349726,0.3401663,-3.7797,-12.4139,-34.1459,0.1870995,
2,39.822,2,3.965232,359.9796,-1.350861,0.3406764,-3.7797,-12.4139,-34.1459,0.1870995,
2,39.832,2,3.968873,359.9507,-1.347863,0.3396086,-3.7797,-12.4139,-34.1459,0.1870995,
2,39.842,2,3.966616,359.9518,-1.346935,0.3395678,-3.7797,-12.4139,-34.1459,0.1870995,
2,39.852,2,3.967568,359.9694,-1.348128,0.3397871,-3.7797,-12.4139,-34.1459,0.1870995,
2,39.862,2,3.966269,359.9477,-1.348905,0.3400941,-3.7797,-12.4139,-34.1459,0.1870995,
2,39.872,2,3.965926,359.9352,-1.350204,0.3404512,-3.7797,-12.4139,-34.1459,0.1870995,
2,39.882,2,3.966897,359.9435,-1.352197,0.3408701,-3.7797,-12.4139,-34.1459,0.1870995,
2,39.892,2,3.96623,359.9272,-1.351825,0.3408336,-3.78728,-12.4139,-34.1471,0.1882973,
2,39.902,2,3.963762,359.9113,-1.351849,0.341052,-3.78728,-12.4139,-34.1471,0.1882973,
2,39.912,2,3.965196,359.8631,-1.354259,0.3415364,-3.78728,-12.4139,-34.1471,0.1882973,
2,39.922,2,3.96473,359.9159,-1.353304,0.3413358,-3.78728,-12.4139,-34.1471,0.1882973,
2,39.932,2,3.964641,359.9041,-1.354228,0.3415766,-3.78728,-12.4139,-34.1471,0.1882973,
2,39.942,2,3.96631,359.8926,-1.355085,0.3416488,-3.78728,-12.4139,-34.1471,0.1882973,
2,39.952,2,3.965321,359.9026,-1.353613,0.3413629,-3.78728,-12.4139,-34.1471,0.1882973,
2,39.962,2,3.965827,359.8906,-1.352139,0.3409475,-3.78728,-12.4139,-34.1471,0.1882973,
2,39.972,2,3.964287,359.8933,-1.352184,0.3410913,-3.78728,-12.4139,-34.1471,0.1882973,
2,39.982,2,3.963228,359.8767,-1.35039,0.3407298,-3.78728,-12.4139,-34.1471,0.1882973,
2,39.992,2,3.968852,359.8761,-1.350308,0.3402264,-3.78728,-12.4139,-34.1471,0.1882973,
2,40.002,2,3.973157,359.8643,-1.354147,0.3408238,-3.78728,-12.4139,-34.1471,0.1882973,
2,40.012,2,3.980561,359.8169,-1.353271,0.3399698,-3.78728,-12.4139,-34.1471,0.1882973,
2,40.022,2,3.989352,359.7613,-1.355752,0.3398428,-3.78728,-12.4139,-34.1471,0.1882973,
2,40.032,2,3.989696,359.7862,-1.359167,0.3406692,-3.78728,-12.4139,-34.1471,0.1882973,
2,40.042,2,3.992426,359.7875,-1.361012,0.3408984,-3.78728,-12.4139,-34.1471,0.1882973,
2,40.052,2,3.993021,359.7741,-1.363464,0.3414619,-3.78728,-12.4139,-34.1471,0.1882973,
2,40.062,2,3.991793,359.7739,-1.364441,0.3418115,-3.78728,-12.4139,-34.1471,0.1882973,
2,40.072,2,3.991499,359.7593,-1.36362,0.341631,-3.78728,-12.4139,-34.1471,0.1882973,
2,40.082,2,3.990937,359.7594,-1.362476,0.3413926,-3.78728,-12.4139,-34.1471,0.1882973,
2,40.092,2,3.9925,359.7498,-1.363223,0.3414459,-3.78728,-12.4139,-34.1471,0.1882973,
2,40.102,2,3.991561,359.7465,-1.360058,0.3407333,-3.78728,-12.4139,-34.1471,0.1882973,
2,40.112,2,3.9917,359.7391,-1.361928,0.3411899,-3.79595,-12.4139,-34.1484,0.1895981,
2,40.122,2,3.992106,359.755,-1.360255,0.3407362,-3.79595,-12.4139,-34.1484,0.1895981,
2,40.132,2,3.991885,359.7451,-1.356923,0.3399203,-3.79595,-12.4139,-34.1484,0.1895981,
2,40.142,2,3.990342,359.7287,-1.359598,0.3407222,-3.79595,-12.4139,-34.1484,0.1895981,
2,40.152,2,3.992896,359.709,-1.361432,0.3409636,-3.79595,-12.4139,-34.1484,0.1895981,
2,40.162,2,3.989385,359.7143,-1.362054,0.3414195,-3.79595,-12.4139,-34.1484,0.1895981,
2,40.172,2,3.991608,359.7119,-1.363846,0.3416783,-3.79595,-12.4139,-34.1484,0.1895981,
2,40.182,2,3.994319,359.7042,-1.363688,0.3414069,-3.79595,-12.4139,-34.1484,0.1895981,
2,40.192,2,3.991264,359.7038,-1.363438,0.3416057,-3.79595,-12.4139,-34.1484,0.1895981,
2,40.202,2,3.990142,359.6851,-1.367651,0.3427576,-3.79595,-12.4139,-34.1484,0.1895981,
2,40.212,2,3.9914,359.667,-1.366538,0.3423705,-3.79595,-12.4139,-34.1484,0.1895981,
2,40.222,2,3.99772,359.6729,-1.365191,0.3414924,-3.79595,-12.4139,-34.1484,0.1895981,
2,40.232,2,4.00147,359.6417,-1.371173,0.3426673,-3.79595,-12.4139,-34.1484,0.1895981,
2,40.242,2,4.008677,359.6266,-1.372022,0.342263,-3.79595,-12.4139,-34.1484,0.1895981,
2,40.252,2,4.016236,359.6122,-1.368192,0.3406652,-3.79595,-12.4139,-34.1484,0.1895981,
2,40.262,2,4.019504,359.5924,-1.370536,0.3409714,-3.79595,-12.4139,-34.1484,0.1895981,
2,40.272,2,4.016985,359.5973,-1.36854,0.3406883,-3.79595,-12.4139,-34.1484,0.1895981,
2,40.282,2,4.018084,359.5794,-1.368578,0.3406047,-3.79595,-12.4139,-34.1484,0.1895981,
2,40.292,2,4.018041,359.6065,-1.368314,0.3405426,-3.79595,-12.4139,-34.1484,0.1895981,
2,40.302,2,4.017413,359.5836,-1.370509,0.3411421,-3.79595,-12.4139,-34.1484,0.1895981,
2,40.312,2,4.014513,359.5482,-1.371786,0.3417066,-3.79595,-12.4139,-34.1484,0.1895981,
2,40.322,2,4.017934,359.6075,-1.370357,0.3410601,-3.79595,-12.4139,-34.1484,0.1895981,
2,40.332,2,4.016283,359.551,-1.371313,0.3414384,-3.79595,-12.4139,-34.1484,0.1895981,
2,40.342,2,4.016264,359.5513,-1.372754,0.3417987,-3.79595,-12.4139,-34.1484,0.1895981,
2,40.352,2,4.01761,359.5618,-1.37452,0.3421239,-3.80355,-12.4139,-34.1496,0.1907997,
2,40.362,2,4.01566,359.5484,-1.372487,0.3417838,-3.80355,-12.4139,-34.1496,0.1907997,
2,40.372,2,4.017086,359.5387,-1.374097,0.3420631,-3.80355,-12.4139,-34.1496,0.1907997,
2,40.382,2,4.016505,359.4584,-1.374044,0.3420995,-3.80355,-12.4139,-34.1496,0.1907997,
2,40.392,2,4.016437,359.5281,-1.370757,0.3412867,-3.80355,-12.4139,-34.1496,0.1907997,
2,40.402,2,4.016707,359.5225,-1.371179,0.3413689,-3.80355,-12.4139,-34.1496,0.1907997,
2,40.412,2,4.013042,359.512,-1.371853,0.3418485,-3.80355,-12.4139,-34.1496,0.1907997,
2,40.422,2,4.014763,359.5025,-1.370096,0.3412644,-3.80355,-12.4139,-34.1496,0.1907997,
2,40.432,2,4.014828,359.4933,-1.367362,0.3405781,-3.80355,-12.4139,-34.1496,0.1907997,
2,40.442,2,4.013134,359.5132,-1.371153,0.3416665,-3.80355,-12.4139,-34.1496,0.1907997,
2,40.452,2,4.015612,359.4915,-1.371372,0.3415101,-3.80355,-12.4139,-34.1496,0.1907997,
2,40.462,2,4.020844,359.472,-1.372356,0.3413104,-3.80355,-12.4139,-34.1496,0.1907997,
2,40.472,2,4.029088,359.4568,-1.375685,0.3414384,-3.80355,-12.4139,-34.1496,0.1907997,
2,40.482,2,4.031396,359.4289,-1.377353,0.3416564,-3.80355,-12.4139,-34.1496,0.1907997,
2,40.492,2,4.037565,359.3943,-1.378394,0.3413924,-3.80355,-12.4139,-34.1496,0.1907997,
2,40.502,2,4.041621,359.351,-1.38232,0.3420213,-3.80355,-12.4139,-34.1496,0.1907997,
2,40.512,2,4.041798,359.4091,-1.382264,0.3419925,-3.80355,-12.4139,-34.1496,0.1907997,
2,40.522,2,4.04024,359.3984,-1.38346,0.3424203,-3.80355,-12.4139,-34.1496,0.1907997,
2,40.532,2,4.039923,359.3736,-1.382914,0.3423121,-3.80355,-12.4139,-34.1496,0.1907997,
2,40.542,2,4.039275,359.3761,-1.382494,0.3422629,-3.80355,-12.4139,-34.1496,0.1907997,
2,40.552,2,4.041472,359.3794,-1.381206,0.3417581,-3.80355,-12.4139,-34.1496,0.1907997,
2,40.562,2,4.041827,359.3786,-1.379665,0.3413469,-3.81115,-12.4139,-34.1507,0.1918983,
2,40.572,2,4.039155,359.3669,-1.375666,0.3405825,-3.81115,-12.4139,-34.1507,0.1918983,
2,40.582,2,4.040224,359.3573,-1.379338,0.3414014,-3.81115,-12.4139,-34.1507,0.1918983,
2,40.592,2,4.039854,359.377,-1.380833,0.3418028,-3.81115,-12.4139,-34.1507,0.1918983,
2,40.602,2,4.040185,359.3574,-1.381172,0.3418586,-3.81115,-12.4139,-34.1507,0.1918983,
2,40.612,2,4.041094,359.3261,-1.382931,0.3422171,-3.81115,-12.4139,-34.1507,0.1918983,
2,40.622,2,4.039585,359.3243,-1.385176,0.3429006,-3.81115,-12.4139,-34.1507,0.1918983,
2,40.632,2,4.039719,359.3177,-1.383052,0.3423634,-3.81115,-12.4139,-34.1507,0.1918983,
2,40.642,2,4.038094,359.3233,-1.384798,0.3429336,-3.81115,-12.4139,-34.1507,0.1918983,
2,40.652,2,4.038009,359.332,-1.388112,0.3437615,-3.81115,-12.4139,-34.1507,0.1918983,
2,40.662,2,4.041836,359.3002,-1.384636,0.342576,-3.81115,-12.4139,-34.1507,0.1918983,
2,40.672,2,4.046265,359.3008,-1.384268,0.3421101,-3.81115,-12.4139,-34.1507,0.1918983,
2,40.682,2,4.050791,359.2661,-1.388418,0.3427523,-3.81115,-12.4139,-34.1507,0.1918983,
2,40.692,2,4.059701,359.2492,-1.386952,0.341639,-3.81115,-12.4139,-34.1507,0.1918983,
2,40.702,2,4.065369,359.2335,-1.386314,0.3410056,-3.81115,-12.4139,-34.1507,0.1918983,
2,40.712,2,4.063528,359.2333,-1.387641,0.3414868,-3.81115,-12.4139,-34.1507,0.1918983,
2,40.722,2,4.063603,359.2351,-1.386657,0.3412383,-3.81115,-12.4139,-34.1507,0.1918983,
2,40.732,2,4.064374,359.2207,-1.387331,0.3413393,-3.81115,-12.4139,-34.1507,0.1918983,
2,40.742,2,4.064456,359.2,-1.389294,0.3418155,-3.81115,-12.4139,-34.1507,0.1918983,
2,40.752,2,4.063654,359.2109,-1.3886,0.3417123,-3.81115,-12.4139,-34.1507,0.1918983,
2,40.762,2,4.063763,359.1983,-1.390821,0.3422496,-3.81115,-12.4139,-34.1507,0.1918983,
2,40.772,2,4.065005,359.1869,-1.392081,0.342455,-3.81115,-12.4139,-34.1507,0.1918983,
2,40.782,2,4.066305,359.1959,-1.390683,0.3420017,-3.81115,-12.4139,-34.1507,0.1918983,
2,40.792,2,4.063637,359.1807,-1.393605,0.3429454,-3.81115,-12.4139,-34.1507,0.1918983,
2,40.802,2,4.064496,359.1575,-1.39285,0.3426872,-3.81115,-12.4139,-34.1507,0.1918983,
2,40.812,2,4.063108,359.1668,-1.391027,0.3423553,-3.81115,-12.4139,-34.1507,0.1918983,
2,40.822,2,4.0619,359.1614,-1.394914,0.3434142,-3.81873,-12.4139,-34.1519,0.1931,
2,40.832,2,4.06375,359.1683,-1.395577,0.343421,-3.81873,-12.4139,-34.1519,0.1931,
2,40.842,2,4.062023,359.1581,-1.391154,0.3424781,-3.81873,-12.4139,-34.1519,0.1931,
2,40.852,2,4.061828,359.1355,-1.391399,0.3425548,-3.81873,-12.4139,-34.1519,0.1931,
2,40.862,2,4.064106,359.1557,-1.390162,0.3420584,-3.81873,-12.4139,-34.1519,0.1931,
2,40.872,2,4.062616,359.1401,-1.387248,0.3414667,-3.81873,-12.4139,-34.1519,0.1931,
2,40.882,2,4.061527,359.1376,-1.388866,0.3419566,-3.81873,-12.4139,-34.1519,0.1931,
2,40.892,2,4.059498,359.129,-1.391423,0.3427573,-3.81873,-12.4139,-34.1519,0.1931,
2,40.902,2,4.064387,359.1168,-1.391023,0.3422466,-3.81873,-12.4139,-34.1519,0.1931,
2,40.912,2,4.069277,359.1419,-1.393048,0.342333,-3.81873,-12.4139,-34.1519,0.1931,
2,40.922,2,4.075918,359.084,-1.395784,0.3424465,-3.81873,-12.4139,-34.1519,0.1931,
2,40.932,2,4.081836,359.0532,-1.397506,0.342372,-3.81873,-12.4139,-34.1519,0.1931,
2,40.942,2,4.086566,359.0528,-1.400931,0.3428138,-3.81873,-12.4139,-34.1519,0.1931,
2,40.952,2,4.087318,359.0486,-1.400867,0.3427349,-3.81873,-12.4139,-34.1519,0.1931,
2,40.962,2,4.088035,359.0537,-1.401986,0.3429487,-3.81873,-12.4139,-34.1519,0.1931,
2,40.972,2,4.087521,358.9461,-1.402934,0.3432237,-3.81873,-12.4139,-34.1519,0.1931,
2,40.982,2,4.088793,359.0284,-1.400738,0.3425799,-3.81873,-12.4139,-34.1519,0.1931,
2,40.992,2,4.088122,359.0302,-1.400531,0.3425855,-3.81873,-12.4139,-34.1519,0.1931,
2,41.002,2,4.087293,358.9975,-1.400285,0.3425946,-3.81873,-12.4139,-34.1519,0.1931,
2,41.012,2,4.088506,358.9988,-1.397535,0.3418204,-3.82687,-12.4139,-34.153,0.1941986,
2,41.022,2,4.087907,358.987,-1.395873,0.3414639,-3.82687,-12.4139,-34.153,0.1941986,
2,41.032,2,4.087216,359.0033,-1.397667,0.3419607,-3.82687,-12.4139,-34.153,0.1941986,
2,41.042,2,4.088509,358.9814,-1.399283,0.3422478,-3.82687,-12.4139,-34.153,0.1941986,
2,41.052,2,4.088257,358.9754,-1.399237,0.3422575,-3.82687,-12.4139,-34.153,0.1941986,
2,41.062,2,4.084934,358.9616,-1.403296,0.3435297,-3.82687,-12.4139,-34.153,0.1941986,
2,41.072,2,4.087485,358.968,-1.403585,0.3433861,-3.82687,-12.4139,-34.153,0.1941986,
2,41.082,2,4.087122,358.9563,-1.402145,0.3430641,-3.82687,-12.4139,-34.153,0.1941986,
2,41.092,2,4.084922,358.9166,-1.404391,0.3437988,-3.82687,-12.4139,-34.153,0.1941986,
2,41.102,2,4.085425,358.9586,-1.403836,0.3436204,-3.82687,-12.4139,-34.153,0.1941986,
2,41.112,2,4.086297,358.9557,-1.403543,0.3434756,-3.82687,-12.4139,-34.153,0.1941986,
2,41.122,2,4.087038,358.9371,-1.404219,0.3435787,-3.82687,-12.4139,-34.153,0.1941986,
2,41.132,2,4.091722,358.9352,-1.402767,0.3428304,-3.82687,-12.4139,-34.153,0.1941986,
2,41.142,2,4.098193,358.9099,-1.404423,0.3426934,-3.82687,-12.4139,-34.153,0.1941986,
2,41.152,2,4.103617,358.8951,-1.406019,0.3426291,-3.82687,-12.4139,-34.153,0.1941986,
2,41.162,2,4.10759,358.8682,-1.404204,0.3418559,-3.82687,-12.4139,-34.153,0.1941986,
2,41.172,2,4.110808,358.8589,-1.410857,0.3432066,-3.82687,-12.4139,-34.153,0.1941986,
2,41.182,2,4.110671,358.8734,-1.413228,0.343795,-3.82687,-12.4139,-34.153,0.1941986,
2,41.192,2,4.111233,358.8471,-1.405178,0.34179,-3.82687,-12.4139,-34.153,0.1941986,
2,41.202,2,4.110075,358.818,-1.407073,0.3423472,-3.82687,-12.4139,-34.153,0.1941986,
2,41.212,2,4.109897,358.827,-1.410125,0.3431048,-3.82687,-12.4139,-34.153,0.1941986,
2,41.222,2,4.110125,358.8231,-1.408814,0.3427667,-3.82687,-12.4139,-34.153,0.1941986,
2,41.232,2,4.111815,358.8429,-1.411854,0.3433652,-3.82687,-12.4139,-34.153,0.1941986,
2,41.242,2,4.111603,358.8286,-1.414754,0.3440882,-3.82687,-12.4139,-34.153,0.1941986,
2,41.252,2,4.109024,358.8073,-1.408396,0.3427568,-3.83445,-12.4139,-34.1542,0.1954002,
2,41.262,2,4.110866,358.7959,-1.410486,0.3431118,-3.83445,-12.4139,-34.1542,0.1954002,
2,41.272,2,4.109944,358.7786,-1.410963,0.3433045,-3.83445,-12.4139,-34.1542,0.1954002,
2,41.282,2,4.106839,358.7827,-1.408717,0.3430173,-3.83445,-12.4139,-34.1542,0.1954002,
2,41.292,2,4.109244,358.7798,-1.408296,0.342714,-3.83445,-12.4139,-34.1542,0.1954002,
2,41.302,2,4.108554,358.7858,-1.408666,0.3428617,-3.83445,-12.4139,-34.1542,0.1954002,
2,41.312,2,4.109983,358.7755,-1.406466,0.3422073,-3.83445,-12.4139,-34.1542,0.1954002,
2,41.322,2,4.109286,358.7635,-1.406739,0.3423316,-3.83445,-12.4139,-34.1542,0.1954002,
2,41.332,2,4.108525,358.7589,-1.410167,0.3432295,-3.83445,-12.4139,-34.1542,0.1954002,
2,41.342,2,4.108604,358.7583,-1.409333,0.3430198,-3.83445,-12.4139,-34.1542,0.1954002,
2,41.352,2,4.112037,358.7822,-1.413205,0.3436753,-3.83445,-12.4139,-34.1542,0.1954002,
2,41.362,2,4.116407,358.7246,-1.413667,0.3434225,-3.83445,-12.4139,-34.1542,0.1954002,
2,41.372,2,4.120707,358.7089,-1.414441,0.343252,-3.83445,-12.4139,-34.1542,0.1954002,
2,41.382,2,4.129944,358.7,-1.419043,0.3435985,-3.83445,-12.4139,-34.1542,0.1954002,
2,41.392,2,4.132685,358.6636,-1.419315,0.3434365,-3.83445,-12.4139,-34.1542,0.1954002,
2,41.402,2,4.134101,358.6657,-1.418395,0.3430964,-3.83445,-12.4139,-34.1542,0.1954002,
2,41.412,2,4.131435,358.6644,-1.423836,0.3446348,-3.83445,-12.4139,-34.1542,0.1954002,
2,41.422,2,4.132741,358.6673,-1.421403,0.3439371,-3.83445,-12.4139,-34.1542,0.1954002,
2,41.432,2,4.132896,358.6577,-1.417212,0.3429101,-3.83445,-12.4139,-34.1542,0.1954002,
2,41.442,2,4.130318,358.6492,-1.419481,0.3436735,-3.83445,-12.4139,-34.1542,0.1954002,
2,41.452,2,4.135142,358.6506,-1.418937,0.343141,-3.83445,-12.4139,-34.1542,0.1954002,
2,41.462,2,4.135834,358.6437,-1.414054,0.341903,-3.83445,-12.4139,-34.1542,0.1954002,
2,41.472,2,4.132251,358.6348,-1.417791,0.3431039,-3.83445,-12.4139,-34.1542,0.1954002,
2,41.482,2,4.133569,358.6081,-1.420275,0.3435953,-3.83445,-12.4139,-34.1542,0.1954002,
2,41.492,2,4.135034,358.6149,-1.418738,0.3431018,-3.84205,-12.4139,-34.1553,0.1964989,
2,41.502,2,4.135231,358.6763,-1.420827,0.3435906,-3.84205,-12.4139,-34.1553,0.1964989,
2,41.512,2,4.132131,358.6068,-1.421614,0.344039,-3.84205,-12.4139,-34.1553,0.1964989,
2,41.522,2,4.132452,358.5899,-1.423333,0.3444282,-3.84205,-12.4139,-34.1553,0.1964989,
2,41.532,2,4.134292,358.5988,-1.426156,0.3449577,-3.84205,-12.4139,-34.1553,0.1964989,
2,41.542,2,4.130972,358.5966,-1.424326,0.3447919,-3.84205,-12.4139,-34.1553,0.1964989,
2,41.552,2,4.133214,358.5857,-1.424019,0.3445308,-3.84205,-12.4139,-34.1553,0.1964989,
2,41.562,2,4.131773,358.5156,-1.424766,0.3448315,-3.84205,-12.4139,-34.1553,0.1964989,
2,41.572,2,4.132392,358.5728,-1.420427,0.34373,-3.84205,-12.4139,-34.1553,0.1964989,
2,41.582,2,4.132456,358.5942,-1.421831,0.3440643,-3.84205,-12.4139,-34.1553,0.1964989,
2,41.592,2,4.135715,358.5591,-1.419113,0.343136,-3.84205,-12.4139,-34.1553,0.1964989,
2,41.602,2,4.141872,358.5586,-1.417518,0.342241,-3.84205,-12.4139,-34.1553,0.1964989,
2,41.612,2,4.146691,358.519,-1.419528,0.3423279,-3.84205,-12.4139,-34.1553,0.1964989,
2,41.622,2,4.154974,358.5041,-1.424643,0.3428766,-3.84205,-12.4139,-34.1553,0.1964989,
2,41.632,2,4.157719,358.4803,-1.427085,0.3432375,-3.84205,-12.4139,-34.1553,0.1964989,
2,41.642,2,4.157467,358.4867,-1.428182,0.3435222,-3.84205,-12.4139,-34.1553,0.1964989,
2,41.652,2,4.15612,358.4644,-1.433278,0.3448595,-3.84205,-12.4139,-34.1553,0.1964989,
2,41.662,2,4.15849,358.4733,-1.431286,0.344184,-3.84205,-12.4139,-34.1553,0.1964989,
2,41.672,2,4.159644,358.4708,-1.430323,0.343857,-3.84205,-12.4139,-34.1553,0.1964989,
2,41.682,2,4.156532,358.4382,-1.432261,0.3445809,-3.84205,-12.4139,-34.1553,0.1964989,
2,41.692,2,4.158604,358.4663,-1.432223,0.3443999,-3.84205,-12.4139,-34.1553,0.1964989,
2,41.702,2,4.156526,358.4662,-1.432031,0.3445259,-3.84205,-12.4139,-34.1553,0.1964989,
2,41.712,2,4.157379,358.4425,-1.433966,0.3449208,-3.84205,-12.4139,-34.1553,0.1964989,
2,41.722,2,4.157801,358.4468,-1.433262,0.3447163,-3.84205,-12.4139,-34.1553,0.1964989,
2,41.732,2,4.156863,358.4427,-1.430301,0.3440819,-3.84205,-12.4139,-34.1553,0.1964989,
2,41.742,2,4.156693,358.4506,-1.430221,0.3440766,-3.85017,-12.4139,-34.1565,0.1977005,
2,41.752,2,4.157026,358.4207,-1.427205,0.3433236,-3.85017,-12.4139,-34.1565,0.1977005,
2,41.762,2,4.156135,358.4128,-1.42915,0.3438653,-3.85017,-12.4139,-34.1565,0.1977005,
2,41.772,2,4.157531,358.4363,-1.430384,0.3440465,-3.85017,-12.4139,-34.1565,0.1977005,
2,41.782,2,4.156019,358.4129,-1.431102,0.3443445,-3.85017,-12.4139,-34.1565,0.1977005,
2,41.792,2,4.155551,358.39,-1.432874,0.3448097,-3.85017,-12.4139,-34.1565,0.1977005,
2,41.802,2,4.156672,358.4193,-1.432404,0.3446034,-3.85017,-12.4139,-34.1565,0.1977005,
2,41.812,2,4.15645,358.4034,-1.431901,0.3445009,-3.85017,-12.4139,-34.1565,0.1977005,
2,41.822,2,4.155312,358.4033,-1.434027,0.3451069,-3.85017,-12.4139,-34.1565,0.1977005,
2,41.832,2,4.160315,358.3927,-1.436645,0.3453213,-3.85017,-12.4139,-34.1565,0.1977005,
2,41.842,2,4.166378,358.3627,-1.432999,0.3439436,-3.85017,-12.4139,-34.1565,0.1977005,
2,41.852,2,4.171089,358.3292,-1.436932,0.3444981,-3.85017,-12.4139,-34.1565,0.1977005,
2,41.862,2,4.177542,358.3191,-1.43934,0.3445423,-3.85017,-12.4139,-34.1565,0.1977005,
2,41.872,2,4.180243,358.3037,-1.437713,0.3439306,-3.85017,-12.4139,-34.1565,0.1977005,
2,41.882,2,4.181424,358.2901,-1.437522,0.3437877,-3.85017,-12.4139,-34.1565,0.1977005,
2,41.892,2,4.179594,358.3028,-1.437942,0.3440388,-3.85017,-12.4139,-34.1565,0.1977005,
2,41.902,2,4.179105,358.2794,-1.435747,0.3435536,-3.85017,-12.4139,-34.1565,0.1977005,
2,41.912,2,4.181355,358.264,-1.435738,0.3433667,-3.85017,-12.4139,-34.1565,0.1977005,
2,41.922,2,4.179868,358.2696,-1.437637,0.3439431,-3.85017,-12.4139,-34.1565,0.1977005,
2,41.932,2,4.179152,358.2693,-1.439471,0.3444409,-3.85017,-12.4139,-34.1565,0.1977005,
2,41.942,2,4.180914,358.2697,-1.439491,0.3443004,-3.85017,-12.4139,-34.1565,0.1977005,
2,41.952,2,4.18073,358.2553,-1.441952,0.3449045,-3.85833,-12.4139,-34.1576,0.1987991,
2,41.962,2,4.179124,358.275,-1.441087,0.3448299,-3.85833,-12.4139,-34.1576,0.1987991,
2,41.972,2,4.17908,358.2721,-1.443057,0.3453051,-3.85833,-12.4139,-34.1576,0.1987991,
2,41.982,2,4.179569,358.2383,-1.443252,0.3453113,-3.85833,-12.4139,-34.1576,0.1987991,
2,41.992,2,4.18026,358.2304,-1.441717,0.344887,-3.85833,-12.4139,-34.1576,0.1987991,
2,42.002,2,4.178491,358.2393,-1.445561,0.345953,-3.85833,-12.4139,-34.1576,0.1987991,
2,42.012,2,4.180151,358.2367,-1.444071,0.3454591,-3.85833,-12.4139,-34.1576,0.1987991,
2,42.022,2,4.179032,358.2185,-1.443308,0.345369,-3.85833,-12.4139,-34.1576,0.1987991,
2,42.032,2,4.179413,358.215,-1.442654,0.3451809,-3.85833,-12.4139,-34.1576,0.1987991,
2,42.042,2,4.180669,358.2149,-1.440726,0.3446161,-3.85833,-12.4139,-34.1576,0.1987991,
2,42.052,2,4.178341,358.216,-1.439783,0.3445825,-3.85833,-12.4139,-34.1576,0.1987991,
2,42.062,2,4.176441,358.1925,-1.441293,0.3451009,-3.85833,-12.4139,-34.1576,0.1987991,
2,42.072,2,4.182158,358.2044,-1.443846,0.3452396,-3.85833,-12.4139,-34.1576,0.1987991,
2,42.082,2,4.187795,358.1856,-1.444033,0.3448193,-3.85833,-12.4139,-34.1576,0.1987991,
2,42.092,2,4.192712,358.214,-1.448071,0.3453782,-3.85833,-12.4139,-34.1576,0.1987991,
2,42.102,2,4.200941,358.1114,-1.4494,0.3450179,-3.85833,-12.4139,-34.1576,0.1987991,
2,42.112,2,4.206628,358.1067,-1.450224,0.3447472,-3.85833,-12.4139,-34.1576,0.1987991,
2,42.122,2,4.20535,358.0858,-1.455157,0.3460252,-3.85833,-12.4139,-34.1576,0.1987991,
2,42.132,2,4.204813,358.1099,-1.455523,0.3461564,-3.85833,-12.4139,-34.1576,0.1987991,
2,42.142,2,4.203695,358.1034,-1.45383,0.3458459,-3.85833,-12.4139,-34.1576,0.1987991,
2,42.152,2,4.205779,358.0488,-1.452799,0.3454292,-3.85833,-12.4139,-34.1576,0.1987991,
2,42.162,2,4.202563,358.0966,-1.451026,0.3452718,-3.85833,-12.4139,-34.1576,0.1987991,
2,42.172,2,4.202852,358.0974,-1.449455,0.3448741,-3.85833,-12.4139,-34.1576,0.1987991,
2,42.182,2,4.203395,358.0716,-1.450924,0.3451791,-3.85833,-12.4139,-34.1576,0.1987991,
2,42.192,2,4.204522,358.0823,-1.445737,0.3438529,-3.85833,-12.4139,-34.1576,0.1987991,
2,42.202,2,4.205423,358.0752,-1.445796,0.3437933,-3.85833,-12.4139,-34.1576,0.1987991,
2,42.212,2,4.206313,358.0719,-1.450048,0.3447313,-3.85833,-12.4139,-34.1576,0.1987991,
2,42.222,2,4.205503,358.0558,-1.450135,0.3448185,-3.86645,-12.4139,-34.1588,0.1999969,
2,42.232,2,4.202875,358.062,-1.448721,0.3446975,-3.86645,-12.4139,-34.1588,0.1999969,
2,42.242,2,4.201772,358.0351,-1.452109,0.3455944,-3.86645,-12.4139,-34.1588,0.1999969,
2,42.252,2,4.204253,358.0374,-1.45281,0.3455571,-3.86645,-12.4139,-34.1588,0.1999969,
2,42.262,2,4.203937,358.039,-1.454146,0.345901,-3.86645,-12.4139,-34.1588,0.1999969,
2,42.272,2,4.204265,358.026,-1.459141,0.347062,-3.86645,-12.4139,-34.1588,0.1999969,
2,42.282,2,4.202385,358.0268,-1.453544,0.3458855,-3.86645,-12.4139,-34.1588,0.1999969,
2,42.292,2,4.20276,358.0312,-1.455202,0.346249,-3.86645,-12.4139,-34.1588,0.1999969,
2,42.302,2,4.20113,358.0207,-1.454248,0.3461563,-3.86645,-12.4139,-34.1588,0.1999969,
2,42.312,2,4.202772,358.0203,-1.451193,0.3452942,-3.86645,-12.4139,-34.1588,0.1999969,
2,42.322,2,4.203525,358.0233,-1.452135,0.3454565,-3.86645,-12.4139,-34.1588,0.1999969,
2,42.332,2,4.205962,357.9934,-1.452427,0.3453257,-3.86645,-12.4139,-34.1588,0.1999969,
2,42.342,2,4.21166,357.966,-1.453136,0.3450269,-3.86645,-12.4139,-34.1588,0.1999969,
2,42.352,2,4.21853,357.9434,-1.454315,0.3447446,-3.86645,-12.4139,-34.1588,0.1999969,
2,42.362,2,4.225776,357.9441,-1.456646,0.344705,-3.86645,-12.4139,-34.1588,0.1999969,
2,42.372,2,4.227655,357.9107,-1.458299,0.3449427,-3.86645,-12.4139,-34.1588,0.1999969,
2,42.382,2,4.225801,357.9132,-1.461487,0.3458485,-3.86645,-12.4139,-34.1588,0.1999969,
2,42.392,2,4.228264,357.9359,-1.461426,0.3456326,-3.86645,-12.4139,-34.1588,0.1999969,
2,42.402,2,4.229097,357.9115,-1.460876,0.3454345,-3.86645,-12.4139,-34.1588,0.1999969,
2,42.412,2,4.225267,357.9114,-1.463093,0.3462723,-3.86645,-12.4139,-34.1588,0.1999969,
2,42.422,2,4.228467,357.8804,-1.463729,0.3461608,-3.86645,-12.4139,-34.1588,0.1999969,
2,42.432,2,4.227098,357.8991,-1.460407,0.3454868,-3.86645,-12.4139,-34.1588,0.1999969,
2,42.442,2,4.228185,357.8866,-1.463953,0.3462367,-3.86645,-12.4139,-34.1588,0.1999969,
2,42.452,2,4.22582,357.8774,-1.462988,0.3462022,-3.86645,-12.4139,-34.1588,0.1999969,
2,42.462,2,4.228548,357.873,-1.459628,0.3451841,-3.87405,-12.4139,-34.16,0.2011986,
2,42.472,2,4.228197,357.8555,-1.458632,0.3449773,-3.87405,-12.4139,-34.16,0.2011986,
2,42.482,2,4.227381,357.8593,-1.459366,0.3452174,-3.87405,-12.4139,-34.16,0.2011986,
2,42.492,2,4.228302,357.856,-1.455867,0.3443149,-3.87405,-12.4139,-34.16,0.2011986,
2,42.502,2,4.226045,357.8374,-1.456283,0.344597,-3.87405,-12.4139,-34.16,0.2011986,
2,42.512,2,4.224642,357.8478,-1.460551,0.345722,-3.87405,-12.4139,-34.16,0.2011986,
2,42.522,2,4.226029,357.8358,-1.461221,0.345767,-3.87405,-12.4139,-34.16,0.2011986,
2,42.532,2,4.22791,357.8485,-1.463253,0.3460937,-3.87405,-12.4139,-34.16,0.2011986,
2,42.542,2,4.231272,357.8177,-1.463234,0.3458142,-3.87405,-12.4139,-34.16,0.2011986,
2,42.552,2,4.238386,357.7944,-1.462847,0.3451425,-3.87405,-12.4139,-34.16,0.2011986,
2,42.562,2,4.245793,357.7952,-1.466244,0.3453404,-3.87405,-12.4139,-34.16,0.2011986,
2,42.572,2,4.248817,357.7645,-1.468241,0.3455647,-3.87405,-12.4139,-34.16,0.2011986,
2,42.582,2,4.249623,357.749,-1.469808,0.3458678,-3.87405,-12.4139,-34.16,0.2011986,
2,42.592,2,4.252672,357.7514,-1.471285,0.3459672,-3.87405,-12.4139,-34.16,0.2011986,
2,42.602,2,4.250531,357.7382,-1.471164,0.3461129,-3.87405,-12.4139,-34.16,0.2011986,
2,42.612,2,4.252517,357.7341,-1.468832,0.3454028,-3.87405,-12.4139,-34.16,0.2011986,
2,42.622,2,4.250638,357.7169,-1.470736,0.3460036,-3.87405,-12.4139,-34.16,0.2011986,
2,42.632,2,4.251753,357.7355,-1.4683,0.3453399,-3.87405,-12.4139,-34.16,0.2011986,
2,42.642,2,4.252233,357.7249,-1.462838,0.3440165,-3.87405,-12.4139,-34.16,0.2011986,
2,42.652,2,4.250865,357.7053,-1.467915,0.3453216,-3.87405,-12.4139,-34.16,0.2011986,
2,42.662,2,4.251684,357.698,-1.468656,0.3454293,-3.87405,-12.4139,-34.16,0.2011986,
2,42.672,2,4.251686,357.7137,-1.467541,0.3451668,-3.87405,-12.4139,-34.16,0.2011986,
2,42.682,2,4.2487,357.7324,-1.46996,0.3459788,-3.87405,-12.4139,-34.16,0.2011986,
2,42.692,2,4.251352,357.6915,-1.469864,0.3457403,-3.8822,-12.4139,-34.1611,0.2022972,
2,42.702,2,4.251942,357.6855,-1.469767,0.3456695,-3.8822,-12.4139,-34.1611,0.2022972,
2,42.712,2,4.250124,357.648,-1.473747,0.346754,-3.8822,-12.4139,-34.1611,0.2022972,
2,42.722,2,4.248474,357.6783,-1.474218,0.3469993,-3.8822,-12.4139,-34.1611,0.2022972,
2,42.732,2,4.251849,357.6628,-1.471308,0.3460397,-3.8822,-12.4139,-34.1611,0.2022972,
2,42.742,2,4.251,357.6485,-1.473234,0.3465618,-3.8822,-12.4139,-34.1611,0.2022972,
2,42.752,2,4.250339,357.6606,-1.471238,0.346146,-3.8822,-12.4139,-34.1611,0.2022972,
2,42.762,2,4.247881,357.674,-1.467441,0.3454524,-3.8822,-12.4139,-34.1611,0.2022972,
2,42.772,2,4.251594,357.6409,-1.468488,0.345397,-3.8822,-12.4139,-34.1611,0.2022972,
2,42.782,2,4.25066,357.6523,-1.468371,0.3454453,-3.8822,-12.4139,-34.1611,0.2022972,
2,42.792,2,4.248466,357.6555,-1.465973,0.3450594,-3.8822,-12.4139,-34.1611,0.2022972,
2,42.802,2,4.251465,357.6406,-1.468887,0.3455013,-3.8822,-12.4139,-34.1611,0.2022972,
2,42.812,2,4.255457,357.6272,-1.468576,0.3451041,-3.8822,-12.4139,-34.1611,0.2022972,
2,42.822,2,4.260014,357.5984,-1.47084,0.3452664,-3.8822,-12.4139,-34.1611,0.2022972,
2,42.832,2,4.267898,357.554,-1.476624,0.345984,-3.8822,-12.4139,-34.1611,0.2022972,
2,42.842,2,4.273271,357.5605,-1.475707,0.3453342,-3.8822,-12.4139,-34.1611,0.2022972,
2,42.852,2,4.274771,357.5659,-1.477396,0.3456081,-3.8822,-12.4139,-34.1611,0.2022972,
2,42.862,2,4.274672,357.5546,-1.482409,0.3467889,-3.8822,-12.4139,-34.1611,0.2022972,
2,42.872,2,4.27554,357.5454,-1.480309,0.3462273,-3.8822,-12.4139,-34.1611,0.2022972,
2,42.882,2,4.27593,357.5398,-1.479341,0.3459693,-3.8822,-12.4139,-34.1611,0.2022972,
2,42.892,2,4.275545,357.5377,-1.483902,0.3470674,-3.8822,-12.4139,-34.1611,0.2022972,
2,42.902,2,4.274046,357.51,-1.48056,0.3464071,-3.8822,-12.4139,-34.1611,0.2022972,
2,42.912,2,4.275094,357.5091,-1.478391,0.3458149,-3.8822,-12.4139,-34.1611,0.2022972,
2,42.922,2,4.275057,357.5208,-1.479212,0.34601,-3.8822,-12.4139,-34.1611,0.2022972,
2,42.932,2,4.274173,357.5029,-1.477045,0.3455744,-3.8914,-12.4139,-34.1623,0.2034988,
2,42.942,2,4.275478,357.5009,-1.474878,0.3449621,-3.8914,-12.4139,-34.1623,0.2034988,
2,42.952,2,4.274537,357.4985,-1.478275,0.3458327,-3.8914,-12.4139,-34.1623,0.2034988,
2,42.962,2,4.273791,357.4833,-1.478366,0.3459144,-3.8914,-12.4139,-34.1623,0.2034988,
2,42.972,2,4.273385,357.4966,-1.479698,0.3462591,-3.8914,-12.4139,-34.1623,0.2034988,
2,42.982,2,4.272633,357.482,-1.479651,0.346309,-3.8914,-12.4139,-34.1623,0.2034988,
2,42.992,2,4.272506,357.4698,-1.4803,0.3464711,-3.8914,-12.4139,-34.1623,0.2034988,
2,43.002,2,4.272093,357.4756,-1.482948,0.3471245,-3.8914,-12.4139,-34.1623,0.2034988,
2,43.012,2,4.273458,357.4699,-1.485207,0.3475423,-3.8914,-12.4139,-34.1623,0.2034988,
2,43.022,2,4.271539,357.4697,-1.481515,0.3468339,-3.8914,-12.4139,-34.1623,0.2034988,
2,43.032,2,4.270557,357.4653,-1.481327,0.3468697,-3.8914,-12.4139,-34.1623,0.2034988,
2,43.042,2,4.274193,357.4519,-1.484029,0.3472068,-3.8914,-12.4139,-34.1623,0.2034988,
2,43.052,2,4.280919,357.438,-1.478032,0.3452603,-3.8914,-12.4139,-34.1623,0.2034988,
2,43.062,2,4.284178,357.4073,-1.481111,0.3457166,-3.8914,-12.4139,-34.1623,0.2034988,
2,43.072,2,4.290393,357.3871,-1.483684,0.3458153,-3.8914,-12.4139,-34.1623,0.2034988,
2,43.082,2,4.297163,357.3711,-1.482692,0.3450397,-3.8914,-12.4139,-34.1623,0.2034988,
2,43.092,2,4.296801,357.3615,-1.482713,0.3450738,-3.8914,-12.4139,-34.1623,0.2034988,
2,43.102,2,4.29671,357.3626,-1.485423,0.3457117,-3.8914,-12.4139,-34.1623,0.2034988,
2,43.112,2,4.299092,357.3546,-1.484457,0.3452955,-3.8914,-12.4139,-34.1623,0.2034988,
2,43.122,2,4.29889,357.3588,-1.487445,0.3460069,-3.8914,-12.4139,-34.1623,0.2034988,
2,43.132,2,4.296847,357.3477,-1.491379,0.3470867,-3.8914,-12.4139,-34.1623,0.2034988,
2,43.142,2,4.30055,357.3427,-1.48998,0.3464625,-3.8914,-12.4139,-34.1623,0.2034988,
2,43.152,2,4.297483,357.3597,-1.491305,0.3470182,-3.8914,-12.4139,-34.1623,0.2034988,
2,43.162,2,4.295175,357.3342,-1.491401,0.3472272,-3.8914,-12.4139,-34.1623,0.2034988,
2,43.172,2,4.296065,357.3243,-1.490894,0.3470371,-3.89902,-12.4139,-34.1634,0.2045975,
2,43.182,2,4.297324,357.3311,-1.491902,0.3471701,-3.89902,-12.4139,-34.1634,0.2045975,
2,43.192,2,4.297745,357.3216,-1.492583,0.3472944,-3.89902,-12.4139,-34.1634,0.2045975,
2,43.202,2,4.298415,357.3057,-1.491003,0.3468727,-3.89902,-12.4139,-34.1634,0.2045975,
2,43.212,2,4.298602,357.3054,-1.488655,0.3463114,-3.89902,-12.4139,-34.1634,0.2045975,
2,43.222,2,4.298491,357.3096,-1.488797,0.3463533,-3.89902,-12.4139,-34.1634,0.2045975,
2,43.232,2,4.297936,357.3009,-1.486856,0.3459466,-3.89902,-12.4139,-34.1634,0.2045975,
2,43.242,2,4.297038,357.2739,-1.488519,0.3464058,-3.89902,-12.4139,-34.1634,0.2045975,
2,43.252,2,4.299311,357.3071,-1.490266,0.3466292,-3.89902,-12.4139,-34.1634,0.2045975,
2,43.262,2,4.296382,357.3011,-1.490485,0.3469164,-3.89902,-12.4139,-34.1634,0.2045975,
2,43.272,2,4.298838,357.2963,-1.492631,0.3472173,-3.89902,-12.4139,-34.1634,0.2045975,
2,43.282,2,4.305306,357.2542,-1.491818,0.3465069,-3.89902,-12.4139,-34.1634,0.2045975,
2,43.292,2,4.315858,357.2559,-1.493897,0.3461412,-3.89902,-12.4139,-34.1634,0.2045975,
2,43.302,2,4.318272,357.1841,-1.498366,0.3469827,-3.89902,-12.4139,-34.1634,0.2045975,
2,43.312,2,4.32166,357.1964,-1.500717,0.3472548,-3.89902,-12.4139,-34.1634,0.2045975,
2,43.322,2,4.325249,357.196,-1.499055,0.3465823,-3.89902,-12.4139,-34.1634,0.2045975,
2,43.332,2,4.321995,357.2084,-1.502001,0.3475249,-3.89902,-12.4139,-34.1634,0.2045975,
2,43.342,2,4.323286,357.1863,-1.498586,0.3466312,-3.89902,-12.4139,-34.1634,0.2045975,
2,43.352,2,4.323531,357.1814,-1.496213,0.3460628,-3.89902,-12.4139,-34.1634,0.2045975,
2,43.362,2,4.324137,357.1644,-1.499051,0.3466707,-3.89902,-12.4139,-34.1634,0.2045975,
2,43.372,2,4.324116,357.1725,-1.497696,0.346359,-3.89902,-12.4139,-34.1634,0.2045975,
2,43.382,2,4.324403,357.1617,-1.496959,0.3461655,-3.89902,-12.4139,-34.1634,0.2045975,
2,43.392,2,4.324329,357.1497,-1.497089,0.3462014,-3.89902,-12.4139,-34.1634,0.2045975,
2,43.402,2,4.323568,357.1452,-1.500461,0.3470422,-3.89902,-12.4139,-34.1634,0.2045975,
2,43.412,2,4.322746,357.1433,-1.500326,0.347077,-3.89902,-12.4139,-34.1634,0.2045975,
2,43.422,2,4.32396,357.1102,-1.504318,0.3479028,-3.89902,-12.4139,-34.1634,0.2045975,
2,43.432,2,4.321688,357.1276,-1.501913,0.3475293,-3.89902,-12.4139,-34.1634,0.2045975,
2,43.442,2,4.320454,357.1514,-1.50311,0.3479057,-3.90712,-12.4139,-34.1646,0.2057991,
2,43.452,2,4.324112,357.1408,-1.505023,0.3480537,-3.90712,-12.4139,-34.1646,0.2057991,
2,43.462,2,4.322063,357.119,-1.501994,0.3475179,-3.90712,-12.4139,-34.1646,0.2057991,
2,43.472,2,4.32018,357.1233,-1.503134,0.3479332,-3.90712,-12.4139,-34.1646,0.2057991,
2,43.482,2,4.321519,357.1142,-1.506347,0.3485687,-3.90712,-12.4139,-34.1646,0.2057991,
2,43.492,2,4.322852,357.1185,-1.502904,0.347665,-3.90712,-12.4139,-34.1646,0.2057991,
2,43.502,2,4.32139,357.1123,-1.501848,0.3475381,-3.90712,-12.4139,-34.1646,0.2057991,
2,43.512,2,4.32003,357.1057,-1.502114,0.3477091,-3.90712,-12.4139,-34.1646,0.2057991,
2,43.522,2,4.321759,357.0929,-1.499339,0.3469279,-3.90712,-12.4139,-34.1646,0.2057991,
2,43.532,2,4.321946,357.089,-1.498518,0.346723,-3.90712,-12.4139,-34.1646,0.2057991,
2,43.542,2,4.319452,357.0796,-1.503027,0.3479671,-3.90712,-12.4139,-34.1646,0.2057991,
2,43.552,2,4.319951,357.0681,-1.503055,0.3479334,-3.90712,-12.4139,-34.1646,0.2057991,
2,43.562,2,4.327199,357.0884,-1.503389,0.3474278,-3.90712,-12.4139,-34.1646,0.2057991,
2,43.572,2,4.335178,357.0473,-1.505817,0.3473484,-3.90712,-12.4139,-34.1646,0.2057991,
2,43.582,2,4.336042,357.0187,-1.506617,0.3474637,-3.90712,-12.4139,-34.1646,0.2057991,
2,43.592,2,4.344141,357.0108,-1.511488,0.3479371,-3.90712,-12.4139,-34.1646,0.2057991,
2,43.602,2,4.347695,357.0042,-1.512685,0.347928,-3.90712,-12.4139,-34.1646,0.2057991,
2,43.612,2,4.347927,356.9855,-1.51181,0.3477083,-3.90712,-12.4139,-34.1646,0.2057991,
2,43.622,2,4.348273,356.9873,-1.513228,0.3480067,-3.90712,-12.4139,-34.1646,0.2057991,
2,43.632,2,4.349186,356.9855,-1.513613,0.3480222,-3.90712,-12.4139,-34.1646,0.2057991,
2,43.642,2,4.347403,356.9809,-1.511421,0.3476606,-3.90712,-12.4139,-34.1646,0.2057991,
2,43.652,2,4.349119,356.9653,-1.511283,0.3474917,-3.90712,-12.4139,-34.1646,0.2057991,
2,43.662,2,4.347667,356.9586,-1.511203,0.3475893,-3.9169,-12.4139,-34.1658,0.2069969,
2,43.672,2,4.349813,356.9578,-1.506413,0.3463168,-3.9169,-12.4139,-34.1658,0.2069969,
2,43.682,2,4.346417,356.9459,-1.510814,0.3475997,-3.9169,-12.4139,-34.1658,0.2069969,
2,43.692,2,4.345728,356.9545,-1.511401,0.3477901,-3.9169,-12.4139,-34.1658,0.2069969,
2,43.702,2,4.345448,356.9375,-1.510059,0.3475037,-3.9169,-12.4139,-34.1658,0.2069969,
2,43.712,2,4.346212,356.941,-1.514026,0.3483554,-3.9169,-12.4139,-34.1658,0.2069969,
2,43.722,2,4.345617,356.9296,-1.516519,0.3489767,-3.9169,-12.4139,-34.1658,0.2069969,
2,43.732,2,4.346316,356.927,-1.513826,0.3483008,-3.9169,-12.4139,-34.1658,0.2069969,
2,43.742,2,4.345276,356.9515,-1.514731,0.3485926,-3.9169,-12.4139,-34.1658,0.2069969,
2,43.752,2,4.344309,356.9174,-1.513368,0.3483565,-3.9169,-12.4139,-34.1658,0.2069969,
2,43.762,2,4.344117,356.9089,-1.514411,0.348612,-3.9169,-12.4139,-34.1658,0.2069969,
2,43.772,2,4.344186,356.9302,-1.517322,0.3492765,-3.9169,-12.4139,-34.1658,0.2069969,
2,43.782,2,4.347499,356.8989,-1.517423,0.3490336,-3.9169,-12.4139,-34.1658,0.2069969,
2,43.792,2,4.353206,356.8889,-1.514026,0.3477958,-3.9169,-12.4139,-34.1658,0.2069969,
2,43.802,2,4.358802,356.8641,-1.515991,0.3477999,-3.9169,-12.4139,-34.1658,0.2069969,
2,43.812,2,4.364498,356.8494,-1.516499,0.3474625,-3.9169,-12.4139,-34.1658,0.2069969,
2,43.822,2,4.370469,356.8319,-1.514192,0.3464598,-3.9169,-12.4139,-34.1658,0.2069969,
2,43.832,2,4.372983,356.8091,-1.520284,0.3476537,-3.9169,-12.4139,-34.1658,0.2069969,
2,43.842,2,4.371538,356.8275,-1.52092,0.3479141,-3.9169,-12.4139,-34.1658,0.2069969,
2,43.852,2,4.371498,356.8184,-1.518844,0.3474425,-3.9169,-12.4139,-34.1658,0.2069969,
2,43.862,2,4.37185,356.7893,-1.521233,0.347961,-3.9169,-12.4139,-34.1658,0.2069969,
2,43.872,2,4.370893,356.7997,-1.523213,0.3484901,-3.9169,-12.4139,-34.1658,0.2069969,
2,43.882,2,4.370641,356.7959,-1.522949,0.3484498,-3.9169,-12.4139,-34.1658,0.2069969,
2,43.892,2,4.370909,356.7528,-1.524253,0.3487267,-3.92397,-12.4139,-34.167,0.2081985,
2,43.902,2,4.369904,356.7741,-1.525241,0.3490331,-3.92397,-12.4139,-34.167,0.2081985,
2,43.912,2,4.371224,356.7709,-1.523152,0.3484497,-3.92397,-12.4139,-34.167,0.2081985,
2,43.922,2,4.368681,356.8156,-1.526338,0.3493818,-3.92397,-12.4139,-34.167,0.2081985,
2,43.932,2,4.368622,356.7672,-1.523655,0.3487724,-3.92397,-12.4139,-34.167,0.2081985,
2,43.942,2,4.369699,356.7581,-1.521711,0.3482414,-3.92397,-12.4139,-34.167,0.2081985,
2,43.952,2,4.369256,356.7584,-1.523105,0.3485959,-3.92397,-12.4139,-34.167,0.2081985,
2,43.962,2,4.368383,356.7603,-1.51921,0.3477739,-3.92397,-12.4139,-34.167,0.2081985,
2,43.972,2,4.37178,356.7516,-1.517567,0.347128,-3.92397,-12.4139,-34.167,0.2081985,
2,43.982,2,4.370795,356.7101,-1.51867,0.3474585,-3.92397,-12.4139,-34.167,0.2081985,
2,43.992,2,4.375167,356.7184,-1.520583,0.3475484,-3.92397,-12.4139,-34.167,0.2081985,
2,44.002,2,4.377883,356.7107,-1.524219,0.3481635,-3.92397,-12.4139,-34.167,0.2081985,
2,44.012,2,4.38253,356.6329,-1.52662,0.3483422,-3.92397,-12.4139,-34.167,0.2081985,
2,44.022,2,4.391509,356.6662,-1.527111,0.3477417,-3.92397,-12.4139,-34.167,0.2081985,
2,44.032,2,4.392996,356.6666,-1.528816,0.3480121,-3.92397,-12.4139,-34.167,0.2081985,
2,44.042,2,4.395316,356.6776,-1.533404,0.3488722,-3.92397,-12.4139,-34.167,0.2081985,
2,44.052,2,4.394249,356.6398,-1.531371,0.3484944,-3.92397,-12.4139,-34.167,0.2081985,
2,44.062,2,4.394617,356.6431,-1.531472,0.3484881,-3.92397,-12.4139,-34.167,0.2081985,
2,44.072,2,4.393036,356.6559,-1.533433,0.34906,-3.92397,-12.4139,-34.167,0.2081985,
2,44.082,2,4.395072,356.6382,-1.530842,0.3483087,-3.92397,-12.4139,-34.167,0.2081985,
2,44.092,2,4.394207,356.6378,-1.528093,0.3477517,-3.92397,-12.4139,-34.167,0.2081985,
2,44.102,2,4.393355,356.6152,-1.530851,0.3484468,-3.92397,-12.4139,-34.167,0.2081985,
2,44.112,2,4.395127,356.6202,-1.527332,0.3475057,-3.92397,-12.4139,-34.167,0.2081985,
2,44.122,2,4.395216,356.6058,-1.527977,0.3476454,-3.92397,-12.4139,-34.167,0.2081985,
2,44.132,2,4.396278,356.5967,-1.531049,0.3482603,-3.92397,-12.4139,-34.167,0.2081985,
2,44.142,2,4.393647,356.593,-1.530141,0.3482623,-3.93155,-12.4139,-34.1682,0.2094002,
2,44.152,2,4.395297,356.6147,-1.531731,0.3484932,-3.93155,-12.4139,-34.1682,0.2094002,
2,44.162,2,4.392241,356.5851,-1.534334,0.3493283,-3.93155,-12.4139,-34.1682,0.2094002,
2,44.172,2,4.394042,356.5818,-1.53154,0.3485491,-3.93155,-12.4139,-34.1682,0.2094002,
2,44.182,2,4.392467,356.575,-1.533994,0.3492329,-3.93155,-12.4139,-34.1682,0.2094002,
2,44.192,2,4.39466,356.5705,-1.535775,0.3494639,-3.93155,-12.4139,-34.1682,0.2094002,
2,44.202,2,4.396526,356.5844,-1.533972,0.3489054,-3.93155,-12.4139,-34.1682,0.2094002,
2,44.212,2,4.3948,356.5708,-1.536992,0.3497298,-3.93155,-12.4139,-34.1682,0.2094002,
2,44.222,2,4.395035,356.5679,-1.537275,0.3497754,-3.93155,-12.4139,-34.1682,0.2094002,
2,44.232,2,4.395999,356.5576,-1.532992,0.3487243,-3.93155,-12.4139,-34.1682,0.2094002,
2,44.242,2,4.403791,356.5332,-1.533858,0.3483039,-3.93155,-12.4139,-34.1682,0.2094002,
2,44.252,2,4.410861,356.5143,-1.536754,0.3484023,-3.93155,-12.4139,-34.1682,0.2094002,
2,44.262,2,4.418677,356.4906,-1.533257,0.3469945,-3.93155,-12.4139,-34.1682,0.2094002,
2,44.272,2,4.423176,356.4753,-1.537536,0.3476091,-3.93155,-12.4139,-34.1682,0.2094002,
2,44.282,2,4.422249,356.4789,-1.538872,0.347984,-3.93155,-12.4139,-34.1682,0.2094002,
2,44.292,2,4.422075,356.4613,-1.539588,0.3481597,-3.93155,-12.4139,-34.1682,0.2094002,
2,44.302,2,4.421593,356.4598,-1.542053,0.3487551,-3.93155,-12.4139,-34.1682,0.2094002,
2,44.312,2,4.420808,356.46,-1.543985,0.349254,-3.93155,-12.4139,-34.1682,0.2094002,
2,44.322,2,4.422709,356.4456,-1.541702,0.3485877,-3.93155,-12.4139,-34.1682,0.2094002,
2,44.332,2,4.419449,356.466,-1.54351,0.349254,-3.93155,-12.4139,-34.1682,0.2094002,
2,44.342,2,4.417628,356.4495,-1.544176,0.3495487,-3.93155,-12.4139,-34.1682,0.2094002,
2,44.352,2,4.419927,356.4328,-1.543625,0.3492421,-3.93968,-12.4139,-34.1694,0.210598,
2,44.362,2,4.419359,356.4402,-1.545279,0.3496614,-3.93968,-12.4139,-34.1694,0.210598,
2,44.372,2,4.41668,356.4252,-1.545751,0.3499803,-3.93968,-12.4139,-34.1694,0.210598,
2,44.382,2,4.418834,356.4124,-1.542603,0.3490973,-3.93968,-12.4139,-34.1694,0.210598,
2,44.392,2,4.420106,356.4358,-1.540507,0.3485228,-3.93968,-12.4139,-34.1694,0.210598,
2,44.402,2,4.418201,356.4119,-1.541791,0.3489634,-3.93968,-12.4139,-34.1694,0.210598,
2,44.412,2,4.417566,356.3988,-1.541101,0.3488574,-3.93968,-12.4139,-34.1694,0.210598,
2,44.422,2,4.420157,356.3858,-1.54282,0.349042,-3.93968,-12.4139,-34.1694,0.210598,
2,44.432,2,4.418871,356.4048,-1.542628,0.3491001,-3.93968,-12.4139,-34.1694,0.210598,
2,44.442,2,4.416946,356.3937,-1.542557,0.349236,-3.93968,-12.4139,-34.1694,0.210598,
2,44.452,2,4.419124,356.3447,-1.545884,0.3498169,-3.93968,-12.4139,-34.1694,0.210598,
2,44.462,2,4.424819,356.3384,-1.545596,0.3493016,-3.93968,-12.4139,-34.1694,0.210598,
2,44.472,2,4.431581,356.2852,-1.545679,0.3487871,-3.93968,-12.4139,-34.1694,0.210598,
2,44.482,2,4.435986,356.2733,-1.552162,0.3499023,-3.93968,-12.4139,-34.1694,0.210598,
2,44.492,2,4.441497,356.2883,-1.55367,0.3498078,-3.93968,-12.4139,-34.1694,0.210598,
2,44.502,2,4.446182,356.2866,-1.551653,0.3489855,-3.93968,-12.4139,-34.1694,0.210598,
2,44.512,2,4.443435,356.3368,-1.554899,0.3499318,-3.93968,-12.4139,-34.1694,0.210598,
2,44.522,2,4.445702,356.2839,-1.554577,0.3496809,-3.93968,-12.4139,-34.1694,0.210598,
2,44.532,2,4.445593,356.2816,-1.550128,0.3486888,-3.93968,-12.4139,-34.1694,0.210598,
2,44.542,2,4.444986,356.2753,-1.552112,0.3491828,-3.93968,-12.4139,-34.1694,0.210598,
2,44.552,2,4.442813,356.2667,-1.552073,0.3493446,-3.93968,-12.4139,-34.1694,0.210598,
2,44.562,2,4.44326,356.2651,-1.54831,0.3484627,-3.93968,-12.4139,-34.1694,0.210598,
2,44.572,2,4.446384,356.2338,-1.54962,0.3485125,-3.93968,-12.4139,-34.1694,0.210598,
2,44.582,2,4.442527,356.2473,-1.551403,0.3492164,-3.93968,-12.4139,-34.1694,0.210598,
2,44.592,2,4.445979,356.239,-1.55278,0.3492549,-3.93968,-12.4139,-34.1694,0.210598,
2,44.602,2,4.443286,356.2213,-1.555031,0.3499731,-3.93968,-12.4139,-34.1694,0.210598,
2,44.612,2,4.442583,356.2354,-1.55294,0.3495579,-3.93968,-12.4139,-34.1694,0.210598,
2,44.622,2,4.444846,356.2455,-1.555552,0.3499676,-3.93968,-12.4139,-34.1694,0.210598,
2,44.632,2,4.443922,356.2557,-1.557136,0.3503968,-3.94727,-12.4139,-34.1705,0.2117004,
2,44.642,2,4.444055,356.2135,-1.55518,0.3499461,-3.94727,-12.4139,-34.1705,0.2117004,
2,44.652,2,4.442658,356.2201,-1.558763,0.3508626,-3.94727,-12.4139,-34.1705,0.2117004,
2,44.662,2,4.44364,356.2234,-1.558702,0.3507714,-3.94727,-12.4139,-34.1705,0.2117004,
2,44.672,2,4.443965,356.2115,-1.553828,0.3496489,-3.94727,-12.4139,-34.1705,0.2117004,
2,44.682,2,4.441243,356.2018,-1.55272,0.3496139,-3.94727,-12.4139,-34.1705,0.2117004,
2,44.692,2,4.443097,356.1998,-1.55486,0.3499496,-3.94727,-12.4139,-34.1705,0.2117004,
2,44.702,2,4.443018,356.1981,-1.549597,0.3487713,-3.94727,-12.4139,-34.1705,0.2117004,
2,44.712,2,4.440839,356.1859,-1.550648,0.349179,-3.94727,-12.4139,-34.1705,0.2117004,
2,44.722,2,4.441603,356.1624,-1.554677,0.3500262,-3.94727,-12.4139,-34.1705,0.2117004,
2,44.732,2,4.442623,356.1604,-1.553066,0.3495831,-3.94727,-12.4139,-34.1705,0.2117004,
2,44.742,2,4.445639,356.1909,-1.553736,0.3494966,-3.94727,-12.4139,-34.1705,0.2117004,
2,44.752,2,4.44975,356.1497,-1.557594,0.3500407,-3.94727,-12.4139,-34.1705,0.2117004,
2,44.762,2,4.456987,356.137,-1.556736,0.34928,-3.94727,-12.4139,-34.1705,0.2117004,
2,44.772,2,4.464099,356.1175,-1.562384,0.3499886,-3.94727,-12.4139,-34.1705,0.2117004,
2,44.782,2,4.466368,356.0877,-1.56452,0.350289,-3.94727,-12.4139,-34.1705,0.2117004,
2,44.792,2,4.467616,356.0984,-1.564257,0.3501325,-3.94727,-12.4139,-34.1705,0.2117004,
2,44.802,2,4.469921,356.0925,-1.56463,0.3500353,-3.94727,-12.4139,-34.1705,0.2117004,
2,44.812,2,4.468092,356.0946,-1.564978,0.3502564,-3.94727,-12.4139,-34.1705,0.2117004,
2,44.822,2,4.466373,356.0825,-1.561985,0.3497212,-3.94727,-12.4139,-34.1705,0.2117004,
2,44.832,2,4.469113,356.0695,-1.563658,0.3498811,-3.94727,-12.4139,-34.1705,0.2117004,
2,44.842,2,4.46919,356.0617,-1.561291,0.3493453,-3.94727,-12.4139,-34.1705,0.2117004,
2,44.852,2,4.464671,356.0662,-1.558298,0.3490286,-3.94727,-12.4139,-34.1705,0.2117004,
2,44.862,2,4.464734,356.0576,-1.560583,0.3495356,-3.94727,-12.4139,-34.1705,0.2117004,
2,44.872,2,4.46799,356.0477,-1.561881,0.3495713,-3.94727,-12.4139,-34.1705,0.2117004,
2,44.882,2,4.467328,356.0271,-1.560906,0.3494048,-3.94727,-12.4139,-34.1705,0.2117004,
2,44.892,2,4.462607,356.0238,-1.564816,0.3506507,-3.94727,-12.4139,-34.1705,0.2117004,
2,44.902,2,4.464715,356.0316,-1.566725,0.3509127,-3.94727,-12.4139,-34.1705,0.2117004,
2,44.912,2,4.466138,356.0129,-1.564262,0.3502494,-3.95705,-12.4139,-34.1717,0.2128983,
2,44.922,2,4.465646,356.0204,-1.565184,0.3504944,-3.95705,-12.4139,-34.1717,0.2128983,
2,44.932,2,4.464236,356.0312,-1.567439,0.3511102,-3.95705,-12.4139,-34.1717,0.2128983,
2,44.942,2,4.466702,356.0115,-1.566908,0.3507977,-3.95705,-12.4139,-34.1717,0.2128983,
2,44.952,2,4.466031,356.0101,-1.566824,0.3508315,-3.95705,-12.4139,-34.1717,0.2128983,
2,44.962,2,4.464485,356.0009,-1.567696,0.3511481,-3.95705,-12.4139,-34.1717,0.2128983,
2,44.972,2,4.466492,355.9889,-1.56625,0.3506667,-3.95705,-12.4139,-34.1717,0.2128983,
2,44.982,2,4.465348,356.0044,-1.563426,0.3501242,-3.95705,-12.4139,-34.1717,0.2128983,
2,44.992,2,4.465298,355.9823,-1.566029,0.350711,-3.95705,-12.4139,-34.1717,0.2128983,
2,45.002,2,4.466184,355.9601,-1.563902,0.3501653,-3.95705,-12.4139,-34.1717,0.2128983,
2,45.012,2,4.465436,355.9817,-1.565393,0.3505576,-3.95705,-12.4139,-34.1717,0.2128983,
2,45.022,2,4.464044,355.9718,-1.566891,0.3510026,-3.95705,-12.4139,-34.1717,0.2128983,
2,45.032,2,4.468136,355.9594,-1.565626,0.350398,-3.95705,-12.4139,-34.1717,0.2128983,
2,45.042,2,4.472728,355.8872,-1.566446,0.3502215,-3.95705,-12.4139,-34.1717,0.2128983,
2,45.052,2,4.481578,355.9128,-1.569822,0.3502832,-3.95705,-12.4139,-34.1717,0.2128983,
2,45.062,2,4.488919,355.8919,-1.57362,0.3505566,-3.95705,-12.4139,-34.1717,0.2128983,
2,45.072,2,4.491862,355.8667,-1.576459,0.3509589,-3.95705,-12.4139,-34.1717,0.2128983,
2,45.082,2,4.492907,355.868,-1.57697,0.3509909,-3.95705,-12.4139,-34.1717,0.2128983,
2,45.092,2,4.49317,355.8568,-1.575875,0.3507268,-3.95705,-12.4139,-34.1717,0.2128983,
2,45.102,2,4.492492,355.9387,-1.578278,0.3513146,-3.95705,-12.4139,-34.1717,0.2128983,
2,45.112,2,4.4932,355.8558,-1.575933,0.3507372,-3.95705,-12.4139,-34.1717,0.2128983,
2,45.122,2,4.492156,355.8562,-1.57391,0.3503684,-3.95705,-12.4139,-34.1717,0.2128983,
2,45.132,2,4.490853,355.8616,-1.574719,0.3506504,-3.95705,-12.4139,-34.1717,0.2128983,
2,45.142,2,4.493159,355.8487,-1.574392,0.3503975,-3.95705,-12.4139,-34.1717,0.2128983,
2,45.152,2,4.492485,355.8502,-1.570121,0.3494994,-3.95705,-12.4139,-34.1717,0.2128983,
2,45.162,2,4.491923,355.8263,-1.57398,0.3504023,-3.95705,-12.4139,-34.1717,0.2128983,
2,45.172,2,4.493461,355.8375,-1.574522,0.3504029,-3.95705,-12.4139,-34.1717,0.2128983,
2,45.182,2,4.491479,355.8294,-1.577906,0.3513109,-3.9668,-12.4139,-34.1729,0.2140999,
2,45.192,2,4.492803,355.7975,-1.578511,0.351342,-3.9668,-12.4139,-34.1729,0.2140999,
2,45.202,2,4.488663,355.8146,-1.577109,0.3513538,-3.9668,-12.4139,-34.1729,0.2140999,
2,45.212,2,4.490581,355.8174,-1.578098,0.351424,-3.9668,-12.4139,-34.1729,0.2140999,
2,45.222,2,4.490455,355.8405,-1.57981,0.351815,-3.9668,-12.4139,-34.1729,0.2140999,
2,45.232,2,4.49245,355.8132,-1.5766,0.3509444,-3.9668,-12.4139,-34.1729,0.2140999,
2,45.242,2,4.48974,355.8043,-1.58118,0.3521763,-3.9668,-12.4139,-34.1729,0.2140999,
2,45.252,2,4.493237,355.8174,-1.581219,0.3519109,-3.9668,-12.4139,-34.1729,0.2140999,
2,45.262,2,4.489906,355.8032,-1.578287,0.351519,-3.9668,-12.4139,-34.1729,0.2140999,
2,45.272,2,4.48943,355.7902,-1.577875,0.3514644,-3.9668,-12.4139,-34.1729,0.2140999,
2,45.282,2,4.493549,355.7738,-1.57877,0.3513413,-3.9668,-12.4139,-34.1729,0.2140999,
2,45.292,2,4.494407,355.7813,-1.573583,0.3501202,-3.9668,-12.4139,-34.1729,0.2140999,
2,45.302,2,4.502654,355.7536,-1.57496,0.3497848,-3.9668,-12.4139,-34.1729,0.2140999,
2,45.312,2,4.508021,355.7283,-1.580868,0.350679,-3.9668,-12.4139,-34.1729,0.2140999,
2,45.322,2,4.515026,355.6992,-1.580709,0.3500997,-3.9668,-12.4139,-34.1729,0.2140999,
2,45.332,2,4.518935,355.7146,-1.583742,0.350468,-3.9668,-12.4139,-34.1729,0.2140999,
2,45.342,2,4.516737,355.6789,-1.586792,0.3513137,-3.9668,-12.4139,-34.1729,0.2140999,
2,45.352,2,4.51703,355.6788,-1.583767,0.3506213,-3.9668,-12.4139,-34.1729,0.2140999,
2,45.362,2,4.519114,355.6645,-1.587455,0.3512758,-3.9668,-12.4139,-34.1729,0.2140999,
2,45.372,2,4.51484,355.6673,-1.590429,0.3522669,-3.9668,-12.4139,-34.1729,0.2140999,
2,45.382,2,4.514858,355.6706,-1.590738,0.352334,-3.9668,-12.4139,-34.1729,0.2140999,
2,45.392,2,4.517715,355.676,-1.587496,0.3513935,-3.9668,-12.4139,-34.1729,0.2140999,
2,45.402,2,4.517357,355.6869,-1.588448,0.3516321,-3.9668,-12.4139,-34.1729,0.2140999,
2,45.412,2,4.516811,355.6597,-1.587832,0.3515383,-3.97447,-12.4139,-34.1742,0.2153969,
2,45.422,2,4.515579,355.667,-1.58667,0.3513768,-3.97447,-12.4139,-34.1742,0.2153969,
2,45.432,2,4.517022,355.6493,-1.586135,0.3511463,-3.97447,-12.4139,-34.1742,0.2153969,
2,45.442,2,4.515885,355.6362,-1.584598,0.3508942,-3.97447,-12.4139,-34.1742,0.2153969,
2,45.452,2,4.519384,355.6399,-1.583551,0.3503909,-3.97447,-12.4139,-34.1742,0.2153969,
2,45.462,2,4.517454,355.64,-1.58446,0.3507419,-3.97447,-12.4139,-34.1742,0.2153969,
2,45.472,2,4.516562,355.6161,-1.584679,0.3508595,-3.97447,-12.4139,-34.1742,0.2153969,
2,45.482,2,4.515268,355.6114,-1.589214,0.3519645,-3.97447,-12.4139,-34.1742,0.2153969,
2,45.492,2,4.515457,355.6086,-1.588938,0.3518887,-3.97447,-12.4139,-34.1742,0.2153969,
2,45.502,2,4.516303,355.6119,-1.588836,0.3518003,-3.97447,-12.4139,-34.1742,0.2153969,
2,45.512,2,4.519418,355.5841,-1.589954,0.3518052,-3.97447,-12.4139,-34.1742,0.2153969,
2,45.522,2,4.523795,355.5896,-1.592679,0.352067,-3.97447,-12.4139,-34.1742,0.2153969,
2,45.532,2,4.532241,355.5579,-1.591566,0.3511654,-3.97447,-12.4139,-34.1742,0.2153969,
2,45.542,2,4.53887,355.5536,-1.597141,0.3518807,-3.97447,-12.4139,-34.1742,0.2153969,
2,45.552,2,4.542028,355.508,-1.600271,0.3523253,-3.97447,-12.4139,-34.1742,0.2153969,
2,45.562,2,4.544501,355.4999,-1.59753,0.3515304,-3.97447,-12.4139,-34.1742,0.2153969,
2,45.572,2,4.543272,355.5226,-1.598959,0.3519399,-3.97447,-12.4139,-34.1742,0.2153969,
2,45.582,2,4.54276,355.5004,-1.597289,0.3516121,-3.97447,-12.4139,-34.1742,0.2153969,
2,45.592,2,4.544325,355.4934,-1.593997,0.3507665,-3.97447,-12.4139,-34.1742,0.2153969,
2,45.602,2,4.544178,355.4989,-1.596908,0.3514184,-3.97447,-12.4139,-34.1742,0.2153969,
2,45.612,2,4.542051,355.4938,-1.596576,0.3515098,-3.97447,-12.4139,-34.1742,0.2153969,
2,45.622,2,4.544872,355.4837,-1.596542,0.3512843,-3.97447,-12.4139,-34.1742,0.2153969,
2,45.632,2,4.543843,355.4078,-1.600214,0.3521719,-3.97447,-12.4139,-34.1742,0.2153969,
2,45.642,2,4.543213,355.4747,-1.599972,0.3521674,-3.98307,-12.4139,-34.1754,0.2165985,
2,45.652,2,4.541692,355.4739,-1.601137,0.352542,-3.98307,-12.4139,-34.1754,0.2165985,
2,45.662,2,4.543194,355.4699,-1.603692,0.3529878,-3.98307,-12.4139,-34.1754,0.2165985,
2,45.672,2,4.540769,355.4532,-1.603281,0.3530858,-3.98307,-12.4139,-34.1754,0.2165985,
2,45.682,2,4.541174,355.453,-1.600945,0.3525398,-3.98307,-12.4139,-34.1754,0.2165985,
2,45.692,2,4.54021,355.5215,-1.604241,0.3533407,-3.98307,-12.4139,-34.1754,0.2165985,
2,45.702,2,4.544273,355.4525,-1.601883,0.3525058,-3.98307,-12.4139,-34.1754,0.2165985,
2,45.712,2,4.543644,355.4289,-1.599347,0.3519966,-3.98307,-12.4139,-34.1754,0.2165985,
2,45.722,2,4.542202,355.4577,-1.601247,0.3525266,-3.98307,-12.4139,-34.1754,0.2165985,
2,45.732,2,4.54314,355.4379,-1.59668,0.3514485,-3.98307,-12.4139,-34.1754,0.2165985,
2,45.742,2,4.542405,355.4315,-1.59631,0.3514239,-3.98307,-12.4139,-34.1754,0.2165985,
2,45.752,2,4.546417,355.3938,-1.597598,0.3513971,-3.98307,-12.4139,-34.1754,0.2165985,
2,45.762,2,4.552042,355.3962,-1.599746,0.3514349,-3.98307,-12.4139,-34.1754,0.2165985,
2,45.772,2,4.561601,355.3665,-1.603318,0.3514813,-3.98307,-12.4139,-34.1754,0.2165985,
2,45.782,2,4.566099,355.3477,-1.608266,0.3522187,-3.98307,-12.4139,-34.1754,0.2165985,
2,45.792,2,4.571988,355.3615,-1.608821,0.3518865,-3.98307,-12.4139,-34.1754,0.2165985,
2,45.802,2,4.574495,355.3594,-1.609578,0.3518592,-3.98307,-12.4139,-34.1754,0.2165985,
2,45.812,2,4.572929,355.3441,-1.613934,0.3529322,-3.98307,-12.4139,-34.1754,0.2165985,
2,45.822,2,4.571634,355.3275,-1.610561,0.3522944,-3.98307,-12.4139,-34.1754,0.2165985,
2,45.832,2,4.570384,355.3128,-1.610088,0.3522874,-3.98307,-12.4139,-34.1754,0.2165985,
2,45.842,2,4.572363,355.3346,-1.615946,0.3534158,-3.98307,-12.4139,-34.1754,0.2165985,
2,45.852,2,4.569093,355.3125,-1.61026,0.3524244,-3.98307,-12.4139,-34.1754,0.2165985,
2,45.862,2,4.569811,355.3047,-1.608366,0.3519546,-3.98307,-12.4139,-34.1754,0.2165985,
2,45.872,2,4.571261,355.2805,-1.610511,0.3523122,-3.98307,-12.4139,-34.1754,0.2165985,
2,45.882,2,4.570613,355.2975,-1.608561,0.3519354,-3.98307,-12.4139,-34.1754,0.2165985,
2,45.892,2,4.570326,355.3027,-1.607323,0.3516868,-3.98307,-12.4139,-34.1754,0.2165985,
2,45.902,2,4.569408,355.2718,-1.611639,0.352702,-3.9912,-12.4139,-34.1766,0.2178001,
2,45.912,2,4.568399,355.2752,-1.608827,0.3521642,-3.9912,-12.4139,-34.1766,0.2178001,
2,45.922,2,4.568158,355.2849,-1.609204,0.3522655,-3.9912,-12.4139,-34.1766,0.2178001,
2,45.932,2,4.569919,355.2393,-1.61252,0.3528553,-3.9912,-12.4139,-34.1766,0.2178001,
2,45.942,2,4.56797,355.2666,-1.613111,0.3531353,-3.9912,-12.4139,-34.1766,0.2178001,
2,45.952,2,4.567705,355.2668,-1.615686,0.3537194,-3.9912,-12.4139,-34.1766,0.2178001,
2,45.962,2,4.566955,355.2505,-1.618115,0.3543095,-3.9912,-12.4139,-34.1766,0.2178001,
2,45.972,2,4.567275,355.2549,-1.616214,0.3538683,-3.9912,-12.4139,-34.1766,0.2178001,
2,45.982,2,4.568372,355.2515,-1.617951,0.3541636,-3.9912,-12.4139,-34.1766,0.2178001,
2,45.992,2,4.566462,355.24,-1.616429,0.3539785,-3.9912,-12.4139,-34.1766,0.2178001,
2,46.002,2,4.567079,355.242,-1.612838,0.3531443,-3.9912,-12.4139,-34.1766,0.2178001,
2,46.012,2,4.573407,355.2404,-1.613646,0.3528323,-3.9912,-12.4139,-34.1766,0.2178001,
2,46.022,2,4.579451,355.1913,-1.613202,0.3522696,-3.9912,-12.4139,-34.1766,0.2178001,
2,46.032,2,4.58553,355.1801,-1.613105,0.3517815,-3.9912,-12.4139,-34.1766,0.2178001,
2,46.042,2,4.591669,355.171,-1.614568,0.3516298,-3.9912,-12.4139,-34.1766,0.2178001,
2,46.052,2,4.595181,355.1536,-1.617941,0.3520952,-3.9912,-12.4139,-34.1766,0.2178001,
2,46.062,2,4.597027,355.1405,-1.616738,0.3516921,-3.9912,-12.4139,-34.1766,0.2178001,
2,46.072,2,4.592233,355.1358,-1.620422,0.3528616,-3.9912,-12.4139,-34.1766,0.2178001,
2,46.082,2,4.596039,355.1533,-1.62167,0.3528408,-3.9912,-12.4139,-34.1766,0.2178001,
2,46.092,2,4.59518,355.1136,-1.619835,0.3525074,-3.9912,-12.4139,-34.1766,0.2178001,
2,46.102,2,4.59337,355.1122,-1.623423,0.3534273,-3.9912,-12.4139,-34.1766,0.2178001,
2,46.112,2,4.595325,355.127,-1.625577,0.3537459,-3.9912,-12.4139,-34.1766,0.2178001,
2,46.122,2,4.596292,355.1212,-1.623073,0.3531266,-3.9912,-12.4139,-34.1766,0.2178001,
2,46.132,2,4.591236,355.1126,-1.62773,0.3545297,-3.9912,-12.4139,-34.1766,0.2178001,
2,46.142,2,4.593997,355.1055,-1.627598,0.3542879,-3.99883,-12.4139,-34.1778,0.218998,
2,46.152,2,4.593431,355.1001,-1.622748,0.3532757,-3.99883,-12.4139,-34.1778,0.218998,
2,46.162,2,4.594194,355.1034,-1.623237,0.3533235,-3.99883,-12.4139,-34.1778,0.218998,
2,46.172,2,4.592756,355.0758,-1.622721,0.3533217,-3.99883,-12.4139,-34.1778,0.218998,
2,46.182,2,4.591168,355.0843,-1.617432,0.3522921,-3.99883,-12.4139,-34.1778,0.218998,
2,46.192,2,4.593978,355.0948,-1.620597,0.3527656,-3.99883,-12.4139,-34.1778,0.218998,
2,46.202,2,4.592634,355.0763,-1.621469,0.3530587,-3.99883,-12.4139,-34.1778,0.218998,
2,46.212,2,4.595728,355.0599,-1.620934,0.3527044,-3.99883,-12.4139,-34.1778,0.218998,
2,46.222,2,4.600338,354.9784,-1.623425,0.3528927,-3.99883,-12.4139,-34.1778,0.218998,
2,46.232,2,4.604029,355.0257,-1.624098,0.3527558,-3.99883,-12.4139,-34.1778,0.218998,
2,46.242,2,4.61314,355.0037,-1.628752,0.353068,-3.99883,-12.4139,-34.1778,0.218998,
2,46.252,2,4.618072,355.0055,-1.633587,0.353738,-3.99883,-12.4139,-34.1778,0.218998,
2,46.262,2,4.618058,354.9783,-1.633421,0.353703,-3.99883,-12.4139,-34.1778,0.218998,
2,46.272,2,4.618449,354.9801,-1.632861,0.3535518,-3.99883,-12.4139,-34.1778,0.218998,
2,46.282,2,4.620788,355.0168,-1.636624,0.3541872,-3.99883,-12.4139,-34.1778,0.218998,
2,46.292,2,4.619206,354.9715,-1.630059,0.3528872,-3.99883,-12.4139,-34.1778,0.218998,
2,46.302,2,4.621382,354.9524,-1.629292,0.3525551,-3.99883,-12.4139,-34.1778,0.218998,
2,46.312,2,4.618956,354.9713,-1.630622,0.3530282,-3.99883,-12.4139,-34.1778,0.218998,
2,46.322,2,4.6203,354.9485,-1.628214,0.3524043,-3.99883,-12.4139,-34.1778,0.218998,
2,46.332,2,4.620305,354.9335,-1.626408,0.3520132,-3.99883,-12.4139,-34.1778,0.218998,
2,46.342,2,4.618008,354.9334,-1.628752,0.3526957,-3.99883,-12.4139,-34.1778,0.218998,
2,46.352,2,4.61832,354.9315,-1.62739,0.352377,-4.00695,-12.4139,-34.179,0.2201996,
2,46.362,2,4.618687,354.9288,-1.629195,0.3527399,-4.00695,-12.4139,-34.179,0.2201996,
2,46.372,2,4.618402,354.9348,-1.633446,0.3536822,-4.00695,-12.4139,-34.179,0.2201996,
2,46.382,2,4.617441,354.9191,-1.635442,0.3541879,-4.00695,-12.4139,-34.179,0.2201996,
2,46.392,2,4.618151,354.9108,-1.632572,0.353512,-4.00695,-12.4139,-34.179,0.2201996,
2,46.402,2,4.617839,354.9201,-1.637542,0.3546123,-4.00695,-12.4139,-34.179,0.2201996,
2,46.412,2,4.618653,354.897,-1.636231,0.3542659,-4.00695,-12.4139,-34.179,0.2201996,
2,46.422,2,4.620265,354.9047,-1.635218,0.3539229,-4.00695,-12.4139,-34.179,0.2201996,
2,46.432,2,4.619882,354.9068,-1.636868,0.3543096,-4.00695,-12.4139,-34.179,0.2201996,
2,46.442,2,4.620955,354.8858,-1.636989,0.3542533,-4.00695,-12.4139,-34.179,0.2201996,
2,46.452,2,4.628271,354.8514,-1.635416,0.3533536,-4.00695,-12.4139,-34.179,0.2201996,
2,46.462,2,4.636576,354.8287,-1.633914,0.3523966,-4.00695,-12.4139,-34.179,0.2201996,
2,46.472,2,4.640462,354.8324,-1.63273,0.3518464,-4.00695,-12.4139,-34.179,0.2201996,
2,46.482,2,4.643562,354.8167,-1.634293,0.3519481,-4.00695,-12.4139,-34.179,0.2201996,
2,46.492,2,4.64306,354.7924,-1.636739,0.3525129,-4.00695,-12.4139,-34.179,0.2201996,
2,46.502,2,4.645703,354.8011,-1.637715,0.3525226,-4.00695,-12.4139,-34.179,0.2201996,
2,46.512,2,4.644204,354.8042,-1.639761,0.3530769,-4.00695,-12.4139,-34.179,0.2201996,
2,46.522,2,4.646297,354.7688,-1.64121,0.3532296,-4.00695,-12.4139,-34.179,0.2201996,
2,46.532,2,4.646415,354.7788,-1.638639,0.3526674,-4.00695,-12.4139,-34.179,0.2201996,
2,46.542,2,4.643381,354.7609,-1.642177,0.3536597,-4.00695,-12.4139,-34.179,0.2201996,
2,46.552,2,4.642303,354.7718,-1.646552,0.3546843,-4.00695,-12.4139,-34.179,0.2201996,
2,46.562,2,4.64405,354.7598,-1.645064,0.3542305,-4.00695,-12.4139,-34.179,0.2201996,
2,46.572,2,4.642547,354.7592,-1.646467,0.3546473,-4.014,-12.4139,-34.1802,0.2213974,
2,46.582,2,4.641282,354.7498,-1.647055,0.3548707,-4.014,-12.4139,-34.1802,0.2213974,
2,46.592,2,4.644242,354.7535,-1.641763,0.353505,-4.014,-12.4139,-34.1802,0.2213974,
2,46.602,2,4.644849,354.7621,-1.641907,0.35349,-4.014,-12.4139,-34.1802,0.2213974,
2,46.612,2,4.640917,354.7469,-1.643979,0.3542358,-4.014,-12.4139,-34.1802,0.2213974,
2,46.622,2,4.643517,354.7321,-1.640277,0.3532403,-4.014,-12.4139,-34.1802,0.2213974,
2,46.632,2,4.642017,354.7424,-1.639115,0.3531041,-4.014,-12.4139,-34.1802,0.2213974,
2,46.642,2,4.642718,354.7222,-1.641063,0.3534702,-4.014,-12.4139,-34.1802,0.2213974,
2,46.652,2,4.642439,354.7189,-1.643696,0.3540587,-4.014,-12.4139,-34.1802,0.2213974,
2,46.662,2,4.641373,354.7156,-1.644259,0.3542613,-4.014,-12.4139,-34.1802,0.2213974,
2,46.672,2,4.643629,354.7119,-1.644752,0.3541954,-4.014,-12.4139,-34.1802,0.2213974,
2,46.682,2,4.645242,354.6871,-1.643137,0.3537247,-4.014,-12.4139,-34.1802,0.2213974,
2,46.692,2,4.652185,354.6428,-1.648911,0.354438,-4.014,-12.4139,-34.1802,0.2213974,
2,46.702,2,4.658934,354.6577,-1.649767,0.3541082,-4.014,-12.4139,-34.1802,0.2213974,
2,46.712,2,4.663044,354.6421,-1.650813,0.3540204,-4.014,-12.4139,-34.1802,0.2213974,
2,46.722,2,4.666221,354.6278,-1.65504,0.3546852,-4.014,-12.4139,-34.1802,0.2213974,
2,46.732,2,4.668755,354.6388,-1.654749,0.3544304,-4.014,-12.4139,-34.1802,0.2213974,
2,46.742,2,4.668016,354.6359,-1.650222,0.3535168,-4.014,-12.4139,-34.1802,0.2213974,
2,46.752,2,4.666049,354.6257,-1.65429,0.3545376,-4.014,-12.4139,-34.1802,0.2213974,
2,46.762,2,4.666234,354.6018,-1.64987,0.3535763,-4.014,-12.4139,-34.1802,0.2213974,
2,46.772,2,4.666811,354.5956,-1.64864,0.353269,-4.014,-12.4139,-34.1802,0.2213974,
2,46.782,2,4.667049,354.6143,-1.6501,0.3535638,-4.014,-12.4139,-34.1802,0.2213974,
2,46.792,2,4.663912,354.5795,-1.654222,0.3546855,-4.014,-12.4139,-34.1802,0.2213974,
2,46.802,2,4.66615,354.5751,-1.654025,0.3544731,-4.014,-12.4139,-34.1802,0.2213974,
2,46.812,2,4.666887,354.533,-1.654285,0.3544728,-4.014,-12.4139,-34.1802,0.2213974,
2,46.822,2,4.664618,354.5656,-1.655888,0.3549889,-4.014,-12.4139,-34.1802,0.2213974,
2,46.832,2,4.666308,354.5672,-1.658082,0.3553306,-4.02215,-12.4139,-34.1813,0.2224998,
2,46.842,2,4.66712,354.588,-1.659705,0.3556165,-4.02215,-12.4139,-34.1813,0.2224998,
2,46.852,2,4.664279,354.5547,-1.658431,0.3555599,-4.02215,-12.4139,-34.1813,0.2224998,
2,46.862,2,4.663829,354.5499,-1.660112,0.3559546,-4.02215,-12.4139,-34.1813,0.2224998,
2,46.872,2,4.6644,354.5781,-1.661582,0.3562264,-4.02215,-12.4139,-34.1813,0.2224998,
2,46.882,2,4.664932,354.5383,-1.657661,0.3553451,-4.02215,-12.4139,-34.1813,0.2224998,
2,46.892,2,4.665611,354.5212,-1.654618,0.3546412,-4.02215,-12.4139,-34.1813,0.2224998,
2,46.902,2,4.668571,354.5331,-1.657347,0.3550011,-4.02215,-12.4139,-34.1813,0.2224998,
2,46.912,2,4.673892,354.5115,-1.654072,0.3538959,-4.02215,-12.4139,-34.1813,0.2224998,
2,46.922,2,4.67802,354.4882,-1.654578,0.353692,-4.02215,-12.4139,-34.1813,0.2224998,
2,46.932,2,4.682606,354.4622,-1.65923,0.354339,-4.02215,-12.4139,-34.1813,0.2224998,
2,46.942,2,4.68858,354.455,-1.659548,0.3539555,-4.02215,-12.4139,-34.1813,0.2224998,
2,46.952,2,4.691137,354.4485,-1.662146,0.3543161,-4.02215,-12.4139,-34.1813,0.2224998,
2,46.962,2,4.688898,354.4572,-1.666426,0.3553982,-4.02215,-12.4139,-34.1813,0.2224998,
2,46.972,2,4.691198,354.4435,-1.664023,0.3547118,-4.02215,-12.4139,-34.1813,0.2224998,
2,46.982,2,4.690301,354.4192,-1.665424,0.3550782,-4.02215,-12.4139,-34.1813,0.2224998,
2,46.992,2,4.688181,354.4248,-1.668924,0.3559854,-4.02215,-12.4139,-34.1813,0.2224998,
2,47.002,2,4.690099,354.4156,-1.667414,0.355518,-4.02215,-12.4139,-34.1813,0.2224998,
2,47.012,2,4.691202,354.4099,-1.666967,0.355339,-4.02215,-12.4139,-34.1813,0.2224998,
2,47.022,2,4.688852,354.4167,-1.670707,0.3563146,-4.02215,-12.4139,-34.1813,0.2224998,
2,47.032,2,4.688899,354.4105,-1.669583,0.3560716,-4.02215,-12.4139,-34.1813,0.2224998,
2,47.042,2,4.688706,354.3945,-1.666118,0.355347,-4.02215,-12.4139,-34.1813,0.2224998,
2,47.052,2,4.687475,354.3902,-1.66695,0.355618,-4.03027,-12.4139,-34.1824,0.2235985,
2,47.062,2,4.689859,354.3969,-1.664455,0.3549052,-4.03027,-12.4139,-34.1824,0.2235985,
2,47.072,2,4.688517,354.3958,-1.663183,0.3547355,-4.03027,-12.4139,-34.1824,0.2235985,
2,47.082,2,4.692267,354.3813,-1.666652,0.3551911,-4.03027,-12.4139,-34.1824,0.2235985,
2,47.092,2,4.689865,354.384,-1.664951,0.3550105,-4.03027,-12.4139,-34.1824,0.2235985,
2,47.102,2,4.68899,354.3612,-1.667082,0.3555312,-4.03027,-12.4139,-34.1824,0.2235985,
2,47.112,2,4.688828,354.389,-1.671026,0.3563845,-4.03027,-12.4139,-34.1824,0.2235985,
2,47.122,2,4.688509,354.3474,-1.66891,0.3559574,-4.03027,-12.4139,-34.1824,0.2235985,
2,47.132,2,4.689639,354.331,-1.67123,0.3563664,-4.03027,-12.4139,-34.1824,0.2235985,
2,47.142,2,4.691412,354.3466,-1.671965,0.3563884,-4.03027,-12.4139,-34.1824,0.2235985,
2,47.152,2,4.695712,354.3278,-1.670378,0.3557242,-4.03027,-12.4139,-34.1824,0.2235985,
2,47.162,2,4.702933,354.3063,-1.672569,0.3556437,-4.03027,-12.4139,-34.1824,0.2235985,
2,47.172,2,4.709047,354.2881,-1.676535,0.3560243,-4.03027,-12.4139,-34.1824,0.2235985,
2,47.182,2,4.714831,354.2762,-1.671841,0.3545919,-4.03027,-12.4139,-34.1824,0.2235985,
2,47.192,2,4.713301,354.2943,-1.672234,0.3547904,-4.03027,-12.4139,-34.1824,0.2235985,
2,47.202,2,4.713607,354.2802,-1.674378,0.3552221,-4.03027,-12.4139,-34.1824,0.2235985,
2,47.212,2,4.714453,354.2728,-1.671867,0.3546258,-4.03027,-12.4139,-34.1824,0.2235985,
2,47.222,2,4.713726,354.2753,-1.672485,0.3548117,-4.03027,-12.4139,-34.1824,0.2235985,
2,47.232,2,4.713338,354.2481,-1.674232,0.3552115,-4.03027,-12.4139,-34.1824,0.2235985,
2,47.242,2,4.714716,354.244,-1.675467,0.3553696,-4.03027,-12.4139,-34.1824,0.2235985,
2,47.252,2,4.714645,354.2319,-1.677292,0.3557621,-4.03027,-12.4139,-34.1824,0.2235985,
2,47.262,2,4.714481,354.2541,-1.678002,0.355925,-4.03027,-12.4139,-34.1824,0.2235985,
2,47.272,2,4.713887,354.2249,-1.678016,0.3559729,-4.03027,-12.4139,-34.1824,0.2235985,
2,47.282,2,4.715559,354.2022,-1.680699,0.3564155,-4.03027,-12.4139,-34.1824,0.2235985,
2,47.292,2,4.716111,354.2067,-1.679805,0.3561843,-4.0384,-12.4139,-34.1836,0.2248001,
2,47.302,2,4.714218,354.215,-1.678888,0.3561329,-4.0384,-12.4139,-34.1836,0.2248001,
2,47.312,2,4.712115,354.2012,-1.683528,0.3572765,-4.0384,-12.4139,-34.1836,0.2248001,
2,47.322,2,4.714399,354.209,-1.680658,0.3564947,-4.0384,-12.4139,-34.1836,0.2248001,
2,47.332,2,4.713497,354.2094,-1.67909,0.3562302,-4.0384,-12.4139,-34.1836,0.2248001,
2,47.342,2,4.712959,354.2041,-1.679747,0.3564103,-4.0384,-12.4139,-34.1836,0.2248001,
2,47.352,2,4.712138,354.1819,-1.678314,0.3561684,-4.0384,-12.4139,-34.1836,0.2248001,
2,47.362,2,4.714904,354.2087,-1.674226,0.3550923,-4.0384,-12.4139,-34.1836,0.2248001,
2,47.372,2,4.71052,354.1988,-1.676956,0.3560024,-4.0384,-12.4139,-34.1836,0.2248001,
2,47.382,2,4.709141,354.1637,-1.679775,0.3567051,-4.0384,-12.4139,-34.1836,0.2248001,
2,47.392,2,4.713299,354.1589,-1.67935,0.3563004,-4.0384,-12.4139,-34.1836,0.2248001,
2,47.402,2,4.710748,354.1489,-1.680855,0.3568128,-4.0384,-12.4139,-34.1836,0.2248001,
2,47.412,2,4.712305,354.1523,-1.681069,0.3567402,-4.0384,-12.4139,-34.1836,0.2248001,
2,47.422,2,4.718141,354.1413,-1.681595,0.3564106,-4.0384,-12.4139,-34.1836,0.2248001,
2,47.432,2,4.723609,354.1353,-1.686162,0.3569648,-4.0384,-12.4139,-34.1836,0.2248001,
2,47.442,2,4.729328,354.1092,-1.690073,0.35736,-4.0384,-12.4139,-34.1836,0.2248001,
2,47.452,2,4.735716,354.0919,-1.689558,0.3567692,-4.0384,-12.4139,-34.1836,0.2248001,
2,47.462,2,4.738149,354.0708,-1.69066,0.3568187,-4.0384,-12.4139,-34.1836,0.2248001,
2,47.472,2,4.737451,354.0819,-1.689525,0.3566316,-4.0384,-12.4139,-34.1836,0.2248001,
2,47.482,2,4.735826,354.0738,-1.688695,0.3565789,-4.0384,-12.4139,-34.1836,0.2248001,
2,47.492,2,4.737236,354.0816,-1.688503,0.3564322,-4.0384,-12.4139,-34.1836,0.2248001,
2,47.502,2,4.73766,354.0656,-1.684866,0.3556325,-4.0384,-12.4139,-34.1836,0.2248001,
2,47.512,2,4.736796,354.0491,-1.686505,0.3560434,-4.0384,-12.4139,-34.1836,0.2248001,
2,47.522,2,4.737906,354.0489,-1.687786,0.3562304,-4.0384,-12.4139,-34.1836,0.2248001,
2,47.532,2,4.737076,354.0333,-1.687386,0.3562084,-4.04707,-12.4139,-34.1847,0.2258987,
2,47.542,2,4.737287,354.0421,-1.688758,0.3564821,-4.04707,-12.4139,-34.1847,0.2258987,
2,47.552,2,4.736613,354.0591,-1.691559,0.3571242,-4.04707,-12.4139,-34.1847,0.2258987,
2,47.562,2,4.737212,354.0279,-1.691993,0.3571707,-4.04707,-12.4139,-34.1847,0.2258987,
2,47.572,2,4.735445,354.0085,-1.69065,0.3570203,-4.04707,-12.4139,-34.1847,0.2258987,
2,47.582,2,4.734248,354.005,-1.693484,0.3577091,-4.04707,-12.4139,-34.1847,0.2258987,
2,47.592,2,4.736854,354.0155,-1.694153,0.3576537,-4.04707,-12.4139,-34.1847,0.2258987,
2,47.602,2,4.73638,354.0135,-1.694801,0.3578263,-4.04707,-12.4139,-34.1847,0.2258987,
2,47.612,2,4.734667,354.012,-1.69557,0.3581182,-4.04707,-12.4139,-34.1847,0.2258987,
2,47.622,2,4.734756,354.0001,-1.692917,0.3575512,-4.04707,-12.4139,-34.1847,0.2258987,
2,47.632,2,4.734236,354.0009,-1.691814,0.3573574,-4.04707,-12.4139,-34.1847,0.2258987,
2,47.642,2,4.738442,353.9795,-1.691001,0.3568685,-4.04707,-12.4139,-34.1847,0.2258987,
2,47.652,2,4.744229,353.9613,-1.689253,0.3560648,-4.04707,-12.4139,-34.1847,0.2258987,
2,47.662,2,4.752398,353.9493,-1.691404,0.3559054,-4.04707,-12.4139,-34.1847,0.2258987,
2,47.672,2,4.757559,353.9283,-1.694931,0.3562607,-4.04707,-12.4139,-34.1847,0.2258987,
2,47.682,2,4.759467,353.9324,-1.696734,0.3564966,-4.04707,-12.4139,-34.1847,0.2258987,
2,47.692,2,4.762434,353.8999,-1.69884,0.3567169,-4.04707,-12.4139,-34.1847,0.2258987,
2,47.702,2,4.760524,353.9087,-1.700125,0.3571299,-4.04707,-12.4139,-34.1847,0.2258987,
2,47.712,2,4.761472,353.9068,-1.700503,0.357138,-4.04707,-12.4139,-34.1847,0.2258987,
2,47.722,2,4.759723,353.8897,-1.703192,0.3578342,-4.04707,-12.4139,-34.1847,0.2258987,
2,47.732,2,4.761514,353.8879,-1.704789,0.358035,-4.04707,-12.4139,-34.1847,0.2258987,
2,47.742,2,4.760342,353.8861,-1.701429,0.3574173,-4.04707,-12.4139,-34.1847,0.2258987,
2,47.752,2,4.760134,353.8693,-1.703776,0.3579262,-4.04707,-12.4139,-34.1847,0.2258987,
2,47.762,2,4.757631,353.8745,-1.705105,0.3583936,-4.04707,-12.4139,-34.1847,0.2258987,
2,47.772,2,4.760549,353.8739,-1.699941,0.3570893,-4.05412,-12.4139,-34.1859,0.2271004,
2,47.782,2,4.758822,353.8807,-1.700173,0.3572676,-4.05412,-12.4139,-34.1859,0.2271004,
2,47.792,2,4.759315,353.87,-1.700795,0.3573612,-4.05412,-12.4139,-34.1859,0.2271004,
2,47.802,2,4.757589,353.8701,-1.697258,0.3567475,-4.05412,-12.4139,-34.1859,0.2271004,
2,47.812,2,4.760197,353.8648,-1.697333,0.3565678,-4.05412,-12.4139,-34.1859,0.2271004,
2,47.822,2,4.75888,353.8375,-1.697584,0.3567192,-4.05412,-12.4139,-34.1859,0.2271004,
2,47.832,2,4.758434,353.8451,-1.699413,0.357137,-4.05412,-12.4139,-34.1859,0.2271004,
2,47.842,2,4.75974,353.8403,-1.701488,0.3574749,-4.05412,-12.4139,-34.1859,0.2271004,
2,47.852,2,4.757469,353.8326,-1.703846,0.3581412,-4.05412,-12.4139,-34.1859,0.2271004,
2,47.862,2,4.757895,353.8236,-1.704439,0.3582339,-4.05412,-12.4139,-34.1859,0.2271004,
2,47.872,2,4.757336,353.7959,-1.706015,0.3586072,-4.05412,-12.4139,-34.1859,0.2271004,
2,47.882,2,4.76333,353.8108,-1.705566,0.3580617,-4.05412,-12.4139,-34.1859,0.2271004,
2,47.892,2,4.770185,353.8002,-1.707178,0.3578851,-4.05412,-12.4139,-34.1859,0.2271004,
2,47.902,2,4.773058,353.7627,-1.710279,0.3583192,-4.05412,-12.4139,-34.1859,0.2271004,
2,47.912,2,4.78243,353.759,-1.711674,0.3579088,-4.05412,-12.4139,-34.1859,0.2271004,
2,47.922,2,4.784358,353.7564,-1.710186,0.3574536,-4.05412,-12.4139,-34.1859,0.2271004,
2,47.932,2,4.783988,353.7424,-1.710675,0.3575834,-4.05412,-12.4139,-34.1859,0.2271004,
2,47.942,2,4.78472,353.7291,-1.708273,0.3570268,-4.05412,-12.4139,-34.1859,0.2271004,
2,47.952,2,4.786954,353.7287,-1.705683,0.356319,-4.05412,-12.4139,-34.1859,0.2271004,
2,47.962,2,4.786303,353.7254,-1.707956,0.3568425,-4.05412,-12.4139,-34.1859,0.2271004,
2,47.972,2,4.786026,353.6856,-1.707958,0.3568634,-4.05412,-12.4139,-34.1859,0.2271004,
2,47.982,2,4.78652,353.7085,-1.708791,0.3570008,-4.05412,-12.4139,-34.1859,0.2271004,
2,47.992,2,4.784514,353.7139,-1.711913,0.3578029,-4.06335,-12.4139,-34.187,0.228199,
2,48.002,2,4.784232,353.6866,-1.713596,0.3581758,-4.06335,-12.4139,-34.187,0.228199,
2,48.012,2,4.785519,353.6864,-1.713258,0.3580089,-4.06335,-12.4139,-34.187,0.228199,
2,48.022,2,4.784701,353.7147,-1.716568,0.3587617,-4.06335,-12.4139,-34.187,0.228199,
2,48.032,2,4.784424,353.686,-1.716624,0.3587943,-4.06335,-12.4139,-34.187,0.228199,
2,48.042,2,4.783967,353.6865,-1.716356,0.3587725,-4.06335,-12.4139,-34.187,0.228199,
2,48.052,2,4.784309,353.632,-1.717474,0.3589805,-4.06335,-12.4139,-34.187,0.228199,
2,48.062,2,4.782548,353.6817,-1.71416,0.3584198,-4.06335,-12.4139,-34.187,0.228199,
2,48.072,2,4.781035,353.6593,-1.713333,0.3583602,-4.06335,-12.4139,-34.187,0.228199,
2,48.082,2,4.783265,353.6605,-1.715231,0.3585899,-4.06335,-12.4139,-34.187,0.228199,
2,48.092,2,4.783049,353.6507,-1.709796,0.3574699,-4.06335,-12.4139,-34.187,0.228199,
2,48.102,2,4.782809,353.6393,-1.710369,0.3576077,-4.06335,-12.4139,-34.187,0.228199,
2,48.112,2,4.784138,353.6532,-1.711789,0.3578051,-4.06335,-12.4139,-34.187,0.228199,
2,48.122,2,4.786907,353.6248,-1.711978,0.3576377,-4.06335,-12.4139,-34.187,0.228199,
2,48.132,2,4.795571,353.6113,-1.712962,0.3571967,-4.06335,-12.4139,-34.187,0.228199,
2,48.142,2,4.800546,353.6124,-1.719106,0.3581064,-4.06335,-12.4139,-34.187,0.228199,
2,48.152,2,4.807086,353.5723,-1.718784,0.3575521,-4.06335,-12.4139,-34.187,0.228199,
2,48.162,2,4.810989,353.5526,-1.720516,0.3576221,-4.06335,-12.4139,-34.187,0.228199,
2,48.172,2,4.809511,353.533,-1.724827,0.3586285,-4.06335,-12.4139,-34.187,0.228199,
2,48.182,2,4.809787,353.5585,-1.721985,0.3580169,-4.06335,-12.4139,-34.187,0.228199,
2,48.192,2,4.80899,353.5429,-1.722673,0.3582194,-4.06335,-12.4139,-34.187,0.228199,
2,48.202,2,4.809574,353.5391,-1.726491,0.3589696,-4.06335,-12.4139,-34.187,0.228199,
2,48.212,2,4.809289,353.5304,-1.721698,0.3579942,-4.06335,-12.4139,-34.187,0.228199,
2,48.222,2,4.809158,353.5271,-1.720695,0.3577955,-4.06335,-12.4139,-34.187,0.228199,
2,48.232,2,4.807768,353.5241,-1.721663,0.3581004,-4.06335,-12.4139,-34.187,0.228199,
2,48.242,2,4.808283,353.5289,-1.72,0.357716,-4.07148,-12.4139,-34.1882,0.2294006,
2,48.252,2,4.809659,353.5186,-1.718255,0.3572509,-4.07148,-12.4139,-34.1882,0.2294006,
2,48.262,2,4.810914,353.5213,-1.721297,0.3577901,-4.07148,-12.4139,-34.1882,0.2294006,
2,48.272,2,4.80935,353.51,-1.721513,0.3579513,-4.07148,-12.4139,-34.1882,0.2294006,
2,48.282,2,4.805382,353.4957,-1.723089,0.3585748,-4.07148,-12.4139,-34.1882,0.2294006,
2,48.292,2,4.808669,353.5042,-1.724472,0.3586174,-4.07148,-12.4139,-34.1882,0.2294006,
2,48.302,2,4.805602,353.4944,-1.722555,0.3584473,-4.07148,-12.4139,-34.1882,0.2294006,
2,48.312,2,4.808041,353.4876,-1.727999,0.3593978,-4.07148,-12.4139,-34.1882,0.2294006,
2,48.322,2,4.809391,353.4798,-1.728555,0.3594125,-4.07148,-12.4139,-34.1882,0.2294006,
2,48.332,2,4.812271,353.4766,-1.727495,0.358977,-4.07148,-12.4139,-34.1882,0.2294006,
2,48.342,2,4.806758,353.4612,-1.728535,0.3596051,-4.07148,-12.4139,-34.1882,0.2294006,
2,48.352,2,4.809077,353.4589,-1.72906,0.359541,-4.07148,-12.4139,-34.1882,0.2294006,
2,48.362,2,4.815516,353.4586,-1.72397,0.3580033,-4.07148,-12.4139,-34.1882,0.2294006,
2,48.372,2,4.820014,353.4418,-1.72549,0.3579845,-4.07148,-12.4139,-34.1882,0.2294006,
2,48.382,2,4.824127,353.4171,-1.727948,0.3581887,-4.07148,-12.4139,-34.1882,0.2294006,
2,48.392,2,4.832404,353.3994,-1.725226,0.3570119,-4.07148,-12.4139,-34.1882,0.2294006,
2,48.402,2,4.835772,353.3973,-1.727185,0.3571685,-4.07148,-12.4139,-34.1882,0.2294006,
2,48.412,2,4.833576,353.3766,-1.731004,0.3581207,-4.07148,-12.4139,-34.1882,0.2294006,
2,48.422,2,4.835601,353.3726,-1.729533,0.3576665,-4.07148,-12.4139,-34.1882,0.2294006,
2,48.432,2,4.836025,353.3605,-1.733114,0.3583758,-4.07148,-12.4139,-34.1882,0.2294006,
2,48.442,2,4.8335,353.397,-1.735759,0.3591102,-4.07148,-12.4139,-34.1882,0.2294006,
2,48.452,2,4.834028,353.3582,-1.735082,0.3589309,-4.07148,-12.4139,-34.1882,0.2294006,
2,48.462,2,4.833479,353.3732,-1.73501,0.3589568,-4.07148,-12.4139,-34.1882,0.2294006,
2,48.472,2,4.833686,353.3239,-1.735785,0.3591016,-4.07148,-12.4139,-34.1882,0.2294006,
2,48.482,2,4.832198,353.3444,-1.736577,0.3593763,-4.07148,-12.4139,-34.1882,0.2294006,
2,48.492,2,4.833558,353.3217,-1.738411,0.3596546,-4.07148,-12.4139,-34.1882,0.2294006,
2,48.502,2,4.834725,353.3328,-1.736779,0.3592301,-4.07148,-12.4139,-34.1882,0.2294006,
2,48.512,2,4.831944,353.327,-1.735723,0.3592183,-4.0791,-12.4139,-34.1894,0.2305984,
2,48.522,2,4.832128,353.3193,-1.734649,0.3589823,-4.0791,-12.4139,-34.1894,0.2305984,
2,48.532,2,4.835137,353.3187,-1.73139,0.3580851,-4.0791,-12.4139,-34.1894,0.2305984,
2,48.542,2,4.833246,353.3101,-1.728313,0.3575886,-4.0791,-12.4139,-34.1894,0.2305984,
2,48.552,2,4.832483,353.3086,-1.732378,0.3584861,-4.0791,-12.4139,-34.1894,0.2305984,
2,48.562,2,4.832316,353.2787,-1.732562,0.3585366,-4.0791,-12.4139,-34.1894,0.2305984,
2,48.572,2,4.83217,353.273,-1.73413,0.3588719,-4.0791,-12.4139,-34.1894,0.2305984,
2,48.582,2,4.832734,353.3108,-1.737684,0.3595653,-4.0791,-12.4139,-34.1894,0.2305984,
2,48.592,2,4.841024,353.2528,-1.738736,0.3591669,-4.0791,-12.4139,-34.1894,0.2305984,
2,48.602,2,4.847949,353.2274,-1.740652,0.3590491,-4.0791,-12.4139,-34.1894,0.2305984,
2,48.612,2,4.850883,353.2495,-1.744745,0.3596757,-4.0791,-12.4139,-34.1894,0.2305984,
2,48.622,2,4.855836,353.2196,-1.747884,0.3599552,-4.0791,-12.4139,-34.1894,0.2305984,
2,48.632,2,4.858229,353.2172,-1.745353,0.3592571,-4.0791,-12.4139,-34.1894,0.2305984,
2,48.642,2,4.858949,353.1447,-1.748221,0.3597941,-4.0791,-12.4139,-34.1894,0.2305984,
2,48.652,2,4.857458,353.2037,-1.748069,0.3598732,-4.0791,-12.4139,-34.1894,0.2305984,
2,48.662,2,4.859179,353.2015,-1.745733,0.3592649,-4.0791,-12.4139,-34.1894,0.2305984,
2,48.672,2,4.858209,353.1792,-1.744174,0.3590158,-4.0791,-12.4139,-34.1894,0.2305984,
2,48.682,2,4.8588,353.1714,-1.742162,0.3585581,-4.0791,-12.4139,-34.1894,0.2305984,
2,48.692,2,4.856188,353.1646,-1.742623,0.3588459,-4.0791,-12.4139,-34.1894,0.2305984,
2,48.702,2,4.85905,353.184,-1.743532,0.3588215,-4.0791,-12.4139,-34.1894,0.2305984,
2,48.712,2,4.856319,353.1627,-1.744545,0.359232,-4.0791,-12.4139,-34.1894,0.2305984,
2,48.722,2,4.85602,353.1606,-1.747236,0.3598082,-4.0791,-12.4139,-34.1894,0.2305984,
2,48.732,2,4.85664,353.1659,-1.749178,0.3601621,-4.0872,-12.4139,-34.1905,0.2316971,
2,48.742,2,4.858222,353.1495,-1.748235,0.3598509,-4.0872,-12.4139,-34.1905,0.2316971,
2,48.752,2,4.856546,353.1251,-1.749527,0.3602409,-4.0872,-12.4139,-34.1905,0.2316971,
2,48.762,2,4.856533,353.1066,-1.752589,0.3608724,-4.0872,-12.4139,-34.1905,0.2316971,
2,48.772,2,4.857589,353.1425,-1.749844,0.3602289,-4.0872,-12.4139,-34.1905,0.2316971,
2,48.782,2,4.855793,353.1329,-1.750659,0.36053,-4.0872,-12.4139,-34.1905,0.2316971,
2,48.792,2,4.855371,353.1166,-1.753182,0.361081,-4.0872,-12.4139,-34.1905,0.2316971,
2,48.802,2,4.858073,353.1222,-1.751518,0.3605377,-4.0872,-12.4139,-34.1905,0.2316971,
2,48.812,2,4.856529,353.1169,-1.748533,0.3600376,-4.0872,-12.4139,-34.1905,0.2316971,
2,48.822,2,4.85717,353.1116,-1.749029,0.3600923,-4.0872,-12.4139,-34.1905,0.2316971,
2,48.832,2,4.864155,353.0946,-1.7458,0.3589112,-4.0872,-12.4139,-34.1905,0.2316971,
2,48.842,2,4.871096,353.0728,-1.748633,0.3589814,-4.0872,-12.4139,-34.1905,0.2316971,
2,48.852,2,4.874732,353.0691,-1.756151,0.360256,-4.0872,-12.4139,-34.1905,0.2316971,
2,48.862,2,4.880735,353.0505,-1.754966,0.3595701,-4.0872,-12.4139,-34.1905,0.2316971,
2,48.872,2,4.881287,353.0207,-1.756302,0.3598031,-4.0872,-12.4139,-34.1905,0.2316971,
2,48.882,2,4.881816,353.0347,-1.759061,0.3603292,-4.0872,-12.4139,-34.1905,0.2316971,
2,48.892,2,4.883049,353.023,-1.758648,0.3601536,-4.0872,-12.4139,-34.1905,0.2316971,
2,48.902,2,4.880642,353.0241,-1.762125,0.3610436,-4.0872,-12.4139,-34.1905,0.2316971,
2,48.912,2,4.882044,352.998,-1.762319,0.3609798,-4.0872,-12.4139,-34.1905,0.2316971,
2,48.922,2,4.879088,353.0044,-1.762834,0.3613041,-4.0872,-12.4139,-34.1905,0.2316971,
2,48.932,2,4.879927,352.999,-1.763072,0.3612906,-4.0872,-12.4139,-34.1905,0.2316971,
2,48.942,2,4.88149,352.9827,-1.763615,0.3612863,-4.0872,-12.4139,-34.1905,0.2316971,
2,48.952,2,4.878081,352.9901,-1.761045,0.3610119,-4.0872,-12.4139,-34.1905,0.2316971,
2,48.962,2,4.880316,352.9811,-1.759711,0.3605731,-4.0872,-12.4139,-34.1905,0.2316971,
2,48.972,2,4.881349,352.9774,-1.760647,0.3606886,-4.09535,-12.4139,-34.1917,0.2328987,
2,48.982,2,4.879667,352.9727,-1.755672,0.3597934,-4.09535,-12.4139,-34.1917,0.2328987,
2,48.992,2,4.880573,352.9589,-1.757521,0.3601055,-4.09535,-12.4139,-34.1917,0.2328987,
2,49.002,2,4.88104,352.9621,-1.758933,0.3603604,-4.09535,-12.4139,-34.1917,0.2328987,
2,49.012,2,4.880814,352.9556,-1.758634,0.3603156,-4.09535,-12.4139,-34.1917,0.2328987,
2,49.022,2,4.877987,352.9493,-1.761217,0.361054,-4.09535,-12.4139,-34.1917,0.2328987,
2,49.032,2,4.877506,352.9445,-1.763841,0.3616275,-4.09535,-12.4139,-34.1917,0.2328987,
2,49.042,2,4.879031,352.9391,-1.762449,0.3612293,-4.09535,-12.4139,-34.1917,0.2328987,
2,49.052,2,4.879779,352.9256,-1.76599,0.3618996,-4.09535,-12.4139,-34.1917,0.2328987,
2,49.062,2,4.879119,352.9155,-1.765102,0.3617665,-4.09535,-12.4139,-34.1917,0.2328987,
2,49.072,2,4.87921,352.9106,-1.76556,0.3618537,-4.09535,-12.4139,-34.1917,0.2328987,
2,49.082,2,4.879939,352.9119,-1.768897,0.3624835,-4.09535,-12.4139,-34.1917,0.2328987,
2,49.092,2,4.881739,352.9273,-1.766139,0.3617847,-4.09535,-12.4139,-34.1917,0.2328987,
2,49.102,2,4.885707,352.9086,-1.763155,0.3608803,-4.09535,-12.4139,-34.1917,0.2328987,
2,49.112,2,4.894797,352.8694,-1.766664,0.360927,-4.09535,-12.4139,-34.1917,0.2328987,
2,49.122,2,4.899629,352.8815,-1.765789,0.3603923,-4.09535,-12.4139,-34.1917,0.2328987,
2,49.132,2,4.905472,352.85,-1.765087,0.3598199,-4.09535,-12.4139,-34.1917,0.2328987,
2,49.142,2,4.906033,352.841,-1.767615,0.3602942,-4.09535,-12.4139,-34.1917,0.2328987,
2,49.152,2,4.906675,352.8227,-1.769023,0.360534,-4.09535,-12.4139,-34.1917,0.2328987,
2,49.162,2,4.905015,352.814,-1.768938,0.3606387,-4.09535,-12.4139,-34.1917,0.2328987,
2,49.172,2,4.904289,352.8662,-1.771521,0.3612188,-4.09535,-12.4139,-34.1917,0.2328987,
2,49.182,2,4.906523,352.8087,-1.7705,0.3608462,-4.09535,-12.4139,-34.1917,0.2328987,
2,49.192,2,4.906174,352.8026,-1.77539,0.3618685,-4.09535,-12.4139,-34.1917,0.2328987,
2,49.202,2,4.904028,352.8223,-1.777637,0.3624851,-4.09535,-12.4139,-34.1917,0.2328987,
2,49.212,2,4.906798,352.8178,-1.777406,0.3622333,-4.10405,-12.4139,-34.1928,0.2339973,
2,49.222,2,4.907291,352.8028,-1.773952,0.3614931,-4.10405,-12.4139,-34.1928,0.2339973,
2,49.232,2,4.906054,352.7092,-1.773214,0.3614337,-4.10405,-12.4139,-34.1928,0.2339973,
2,49.242,2,4.902858,352.8053,-1.772927,0.3616109,-4.10405,-12.4139,-34.1928,0.2339973,
2,49.252,2,4.9042,352.7985,-1.770812,0.3610807,-4.10405,-12.4139,-34.1928,0.2339973,
2,49.262,2,4.902174,352.7705,-1.772496,0.3615736,-4.10405,-12.4139,-34.1928,0.2339973,
2,49.272,2,4.903625,352.7743,-1.770753,0.361111,-4.10405,-12.4139,-34.1928,0.2339973,
2,49.282,2,4.901447,352.761,-1.768195,0.3607496,-4.10405,-12.4139,-34.1928,0.2339973,
2,49.292,2,4.904627,352.7802,-1.772522,0.3613979,-4.10405,-12.4139,-34.1928,0.2339973,
2,49.302,2,4.903783,352.7476,-1.770627,0.3610738,-4.10405,-12.4139,-34.1928,0.2339973,
2,49.312,2,4.903821,352.7566,-1.772142,0.3613799,-4.10405,-12.4139,-34.1928,0.2339973,
2,49.322,2,4.908107,352.7465,-1.776322,0.3619159,-4.10405,-12.4139,-34.1928,0.2339973,
2,49.332,2,4.913307,352.7257,-1.775556,0.361377,-4.10405,-12.4139,-34.1928,0.2339973,
2,49.342,2,4.919237,352.6945,-1.779682,0.3617801,-4.10405,-12.4139,-34.1928,0.2339973,
2,49.352,2,4.928964,352.649,-1.783912,0.3619243,-4.10405,-12.4139,-34.1928,0.2339973,
2,49.362,2,4.930254,352.6913,-1.782332,0.3615092,-4.10405,-12.4139,-34.1928,0.2339973,
2,49.372,2,4.928482,352.6804,-1.786721,0.3625296,-4.10405,-12.4139,-34.1928,0.2339973,
2,49.382,2,4.929319,352.6614,-1.788697,0.362869,-4.10405,-12.4139,-34.1928,0.2339973,
2,49.392,2,4.931454,352.6679,-1.783204,0.361598,-4.10405,-12.4139,-34.1928,0.2339973,
2,49.402,2,4.929826,352.6656,-1.781564,0.3613847,-4.10405,-12.4139,-34.1928,0.2339973,
2,49.412,2,4.927089,352.6664,-1.780538,0.3613773,-4.10405,-12.4139,-34.1928,0.2339973,
2,49.422,2,4.929791,352.6424,-1.778976,0.3608624,-4.10405,-12.4139,-34.1928,0.2339973,
2,49.432,2,4.931039,352.6471,-1.777903,0.3605534,-4.10405,-12.4139,-34.1928,0.2339973,
2,49.442,2,4.928816,352.6647,-1.779393,0.3610183,-4.10405,-12.4139,-34.1928,0.2339973,
2,49.452,2,4.929034,352.6378,-1.781109,0.3613504,-4.10405,-12.4139,-34.1928,0.2339973,
2,49.462,2,4.929027,352.5946,-1.781578,0.3614462,-4.10405,-12.4139,-34.1928,0.2339973,
2,49.472,2,4.92623,352.6258,-1.783872,0.3621171,-4.11215,-12.4139,-34.194,0.235199,
2,49.482,2,4.925568,352.6178,-1.785366,0.3624691,-4.11215,-12.4139,-34.194,0.235199,
2,49.492,2,4.928298,352.6183,-1.7882,0.3628433,-4.11215,-12.4139,-34.194,0.235199,
2,49.502,2,4.928182,352.6205,-1.78944,0.3631035,-4.11215,-12.4139,-34.194,0.235199,
2,49.512,2,4.927242,352.5979,-1.78762,0.3628034,-4.11215,-12.4139,-34.194,0.235199,
2,49.522,2,4.926165,352.5764,-1.789829,0.363331,-4.11215,-12.4139,-34.194,0.235199,
2,49.532,2,4.929022,352.6003,-1.78788,0.3627251,-4.11215,-12.4139,-34.194,0.235199,
2,49.542,2,4.927099,352.5491,-1.786416,0.3625695,-4.11215,-12.4139,-34.194,0.235199,
2,49.552,2,4.927807,352.5741,-1.78574,0.3623803,-4.11215,-12.4139,-34.194,0.235199,
2,49.562,2,4.929196,352.5779,-1.785242,0.3621771,-4.11215,-12.4139,-34.194,0.235199,
2,49.572,2,4.928651,352.5732,-1.780265,0.3612074,-4.11215,-12.4139,-34.194,0.235199,
2,49.582,2,4.926371,352.5462,-1.783649,0.3620616,-4.11215,-12.4139,-34.194,0.235199,
2,49.592,2,4.931273,352.549,-1.78581,0.3621398,-4.11215,-12.4139,-34.194,0.235199,
2,49.602,2,4.936381,352.5417,-1.784349,0.3614691,-4.11215,-12.4139,-34.194,0.235199,
2,49.612,2,4.94128,352.5111,-1.790998,0.3624563,-4.11215,-12.4139,-34.194,0.235199,
2,49.622,2,4.946767,352.4931,-1.795363,0.3629367,-4.11215,-12.4139,-34.194,0.235199,
2,49.632,2,4.951696,352.4915,-1.794439,0.3623888,-4.11215,-12.4139,-34.194,0.235199,
2,49.642,2,4.953658,352.4689,-1.7962,0.3626008,-4.11215,-12.4139,-34.194,0.235199,
2,49.652,2,4.953054,352.4629,-1.798582,0.363126,-4.11215,-12.4139,-34.194,0.235199,
2,49.662,2,4.952801,352.4594,-1.798126,0.3630522,-4.11215,-12.4139,-34.194,0.235199,
2,49.672,2,4.953612,352.4571,-1.79976,0.3633228,-4.11215,-12.4139,-34.194,0.235199,
2,49.682,2,4.953361,352.4822,-1.798447,0.3630761,-4.11215,-12.4139,-34.194,0.235199,
2,49.692,2,4.95115,352.4511,-1.797603,0.3630678,-4.11215,-12.4139,-34.194,0.235199,
2,49.702,2,4.952491,352.4569,-1.796678,0.3627827,-4.11215,-12.4139,-34.194,0.235199,
2,49.712,2,4.954827,352.4569,-1.795155,0.3623043,-4.11215,-12.4139,-34.194,0.235199,
2,49.722,2,4.954473,352.4551,-1.793695,0.3620355,-4.11215,-12.4139,-34.194,0.235199,
2,49.732,2,4.952103,352.4272,-1.794915,0.3624551,-4.11215,-12.4139,-34.194,0.235199,
2,49.742,2,4.952177,352.4276,-1.797697,0.3630115,-4.1214,-12.4139,-34.1952,0.2364006,
2,49.752,2,4.948357,352.4185,-1.799634,0.3636831,-4.1214,-12.4139,-34.1952,0.2364006,
2,49.762,2,4.951032,352.4934,-1.802805,0.3641271,-4.1214,-12.4139,-34.1952,0.2364006,
2,49.772,2,4.952751,352.4525,-1.802447,0.3639285,-4.1214,-12.4139,-34.1952,0.2364006,
2,49.782,2,4.951797,352.4122,-1.800308,0.3635666,-4.1214,-12.4139,-34.1952,0.2364006,
2,49.792,2,4.952181,352.4069,-1.804342,0.364353,-4.1214,-12.4139,-34.1952,0.2364006,
2,49.802,2,4.950716,352.4067,-1.804131,0.3644182,-4.1214,-12.4139,-34.1952,0.2364006,
2,49.812,2,4.950214,352.3984,-1.799544,0.3635284,-4.1214,-12.4139,-34.1952,0.2364006,
2,49.822,2,4.949629,352.3093,-1.802995,0.3642688,-4.1214,-12.4139,-34.1952,0.2364006,
2,49.832,2,4.950396,352.3981,-1.799311,0.3634682,-4.1214,-12.4139,-34.1952,0.2364006,
2,49.842,2,4.950652,352.4034,-1.796672,0.3629163,-4.1214,-12.4139,-34.1952,0.2364006,
2,49.852,2,4.957139,352.3602,-1.799327,0.3629768,-4.1214,-12.4139,-34.1952,0.2364006,
2,49.862,2,4.963653,352.3437,-1.798615,0.3623571,-4.1214,-12.4139,-34.1952,0.2364006,
2,49.872,2,4.971457,352.3202,-1.797727,0.3616096,-4.1214,-12.4139,-34.1952,0.2364006,
2,49.882,2,4.97572,352.3311,-1.802153,0.3621893,-4.1214,-12.4139,-34.1952,0.2364006,
2,49.892,2,4.977626,352.3041,-1.805737,0.3627708,-4.1214,-12.4139,-34.1952,0.2364006,
2,49.902,2,4.978369,352.2984,-1.806403,0.3628504,-4.1214,-12.4139,-34.1952,0.2364006,
2,49.912,2,4.978813,352.2914,-1.809256,0.363391,-4.1214,-12.4139,-34.1952,0.2364006,
2,49.922,2,4.979656,352.2885,-1.807811,0.3630393,-4.1214,-12.4139,-34.1952,0.2364006,
2,49.932,2,4.977352,352.277,-1.809334,0.3635134,-4.1214,-12.4139,-34.1952,0.2364006,
2,49.942,2,4.97838,352.2525,-1.810064,0.3635849,-4.1214,-12.4139,-34.1952,0.2364006,
2,49.952,2,4.979555,352.2807,-1.810905,0.363668,-4.1214,-12.4139,-34.1952,0.2364006,
2,49.962,2,4.977594,352.2741,-1.812615,0.3641548,-4.1214,-12.4139,-34.1952,0.2364006,
2,49.972,2,4.977041,352.2476,-1.812386,0.3641494,-4.1214,-12.4139,-34.1952,0.2364006,
2,49.982,2,4.979861,352.2592,-1.810228,0.3635097,-4.12897,-12.4139,-34.1964,0.2375984,
2,49.992,2,4.979279,352.2562,-1.812061,0.3639204,-4.12897,-12.4139,-34.1964,0.2375984,
2,50.002,2,4.977488,352.2802,-1.809154,0.3634672,-4.12897,-12.4139,-34.1964,0.2375984,
2,50.012,2,4.976733,352.2408,-1.806983,0.3630862,-4.12897,-12.4139,-34.1964,0.2375984,
2,50.022,2,4.97837,352.2118,-1.806951,0.3629604,-4.12897,-12.4139,-34.1964,0.2375984,
2,50.032,2,4.979006,352.2375,-1.810402,0.363607,-4.12897,-12.4139,-34.1964,0.2375984,
2,50.042,2,4.97822,352.2297,-1.809472,0.3634777,-4.12897,-12.4139,-34.1964,0.2375984,
2,50.052,2,4.981126,352.1911,-1.810976,0.3635676,-4.12897,-12.4139,-34.1964,0.2375984,
2,50.062,2,4.983677,352.2326,-1.812827,0.3637529,-4.12897,-12.4139,-34.1964,0.2375984,
2,50.072,2,4.993134,352.1784,-1.81339,0.3631768,-4.12897,-12.4139,-34.1964,0.2375984,
2,50.082,2,5.000945,352.1667,-1.816511,0.3632335,-4.12897,-12.4139,-34.1964,0.2375984,
2,50.092,2,5.003976,352.142,-1.820823,0.3638752,-4.12897,-12.4139,-34.1964,0.2375984,
2,50.102,2,5.005788,352.132,-1.820213,0.3636216,-4.12897,-12.4139,-34.1964,0.2375984,
2,50.112,2,5.004669,352.1225,-1.821601,0.3639803,-4.12897,-12.4139,-34.1964,0.2375984,
2,50.122,2,5.007883,352.1075,-1.823594,0.3641447,-4.12897,-12.4139,-34.1964,0.2375984,
2,50.132,2,5.007193,352.1078,-1.81882,0.3632414,-4.12897,-12.4139,-34.1964,0.2375984,
2,50.142,2,5.006014,352.1052,-1.819415,0.3634458,-4.12897,-12.4139,-34.1964,0.2375984,
2,50.152,2,5.005905,352.1071,-1.818313,0.3632337,-4.12897,-12.4139,-34.1964,0.2375984,
2,50.162,2,5.005124,352.1028,-1.81536,0.3627004,-4.12897,-12.4139,-34.1964,0.2375984,
2,50.172,2,5.003301,352.0765,-1.817279,0.363216,-4.12897,-12.4139,-34.1964,0.2375984,
2,50.182,2,5.006059,352.0792,-1.817456,0.3630513,-4.12897,-12.4139,-34.1964,0.2375984,
2,50.192,2,5.003551,352.0789,-1.818632,0.3634682,-4.12897,-12.4139,-34.1964,0.2375984,
2,50.202,2,5.003258,352.076,-1.821986,0.3641599,-4.12897,-12.4139,-34.1964,0.2375984,
2,50.212,2,5.004497,352.0617,-1.8212,0.3639127,-4.12897,-12.4139,-34.1964,0.2375984,
2,50.222,2,5.00469,352.0667,-1.821605,0.3639795,-4.1371,-12.4139,-34.1976,0.2388,
2,50.232,2,5.005966,352.0832,-1.823573,0.36428,-4.1371,-12.4139,-34.1976,0.2388,
2,50.242,2,5.003177,352.0576,-1.825062,0.3647807,-4.1371,-12.4139,-34.1976,0.2388,
2,50.252,2,5.004079,352.0632,-1.824939,0.3646903,-4.1371,-12.4139,-34.1976,0.2388,
2,50.262,2,5.004259,352.0567,-1.824641,0.3646176,-4.1371,-12.4139,-34.1976,0.2388,
2,50.272,2,5.002172,352.0496,-1.825249,0.3648913,-4.1371,-12.4139,-34.1976,0.2388,
2,50.282,2,5.005113,352.0367,-1.822153,0.3640584,-4.1371,-12.4139,-34.1976,0.2388,
2,50.292,2,5.003742,352.0306,-1.821981,0.3641237,-4.1371,-12.4139,-34.1976,0.2388,
2,50.302,2,5.002713,352.0322,-1.821478,0.3640981,-4.1371,-12.4139,-34.1976,0.2388,
2,50.312,2,5.006094,352.0334,-1.817804,0.3631183,-4.1371,-12.4139,-34.1976,0.2388,
2,50.322,2,5.014472,351.9889,-1.821539,0.3632565,-4.1371,-12.4139,-34.1976,0.2388,
2,50.332,2,5.020516,351.9807,-1.823601,0.3632298,-4.1371,-12.4139,-34.1976,0.2388,
2,50.342,2,5.024807,351.9686,-1.826913,0.3635787,-4.1371,-12.4139,-34.1976,0.2388,
2,50.352,2,5.030457,352.0279,-1.82998,0.3637801,-4.1371,-12.4139,-34.1976,0.2388,
2,50.362,2,5.032487,351.9395,-1.830938,0.3638236,-4.1371,-12.4139,-34.1976,0.2388,
2,50.372,2,5.029279,351.9263,-1.830719,0.3640122,-4.1371,-12.4139,-34.1976,0.2388,
2,50.382,2,5.027023,351.9129,-1.836506,0.3653267,-4.1371,-12.4139,-34.1976,0.2388,
2,50.392,2,5.027535,351.9299,-1.835114,0.3650127,-4.1371,-12.4139,-34.1976,0.2388,
2,50.402,2,5.02824,351.9297,-1.834421,0.3648237,-4.1371,-12.4139,-34.1976,0.2388,
2,50.412,2,5.027889,351.8709,-1.837141,0.3653901,-4.1371,-12.4139,-34.1976,0.2388,
2,50.422,2,5.027994,351.9175,-1.835916,0.3651389,-4.1371,-12.4139,-34.1976,0.2388,
2,50.432,2,5.02945,351.92,-1.833146,0.3644824,-4.1458,-12.4139,-34.1988,0.2399979,
2,50.442,2,5.028057,351.8927,-1.835251,0.365002,-4.1458,-12.4139,-34.1988,0.2399979,
2,50.452,2,5.027107,351.8938,-1.833997,0.3648215,-4.1458,-12.4139,-34.1988,0.2399979,
2,50.462,2,5.028898,351.8853,-1.829997,0.3638962,-4.1458,-12.4139,-34.1988,0.2399979,
2,50.472,2,5.029139,351.8948,-1.833471,0.3645695,-4.1458,-12.4139,-34.1988,0.2399979,
2,50.482,2,5.02801,351.8665,-1.834214,0.3647992,-4.1458,-12.4139,-34.1988,0.2399979,
2,50.492,2,5.029216,351.8643,-1.83645,0.3651564,-4.1458,-12.4139,-34.1988,0.2399979,
2,50.502,2,5.028222,351.8653,-1.836995,0.3653368,-4.1458,-12.4139,-34.1988,0.2399979,
2,50.512,2,5.027784,351.8672,-1.838634,0.3656948,-4.1458,-12.4139,-34.1988,0.2399979,
2,50.522,2,5.02813,351.8589,-1.84204,0.3663469,-4.1458,-12.4139,-34.1988,0.2399979,
2,50.532,2,5.03168,351.8449,-1.84143,0.3659673,-4.1458,-12.4139,-34.1988,0.2399979,
2,50.542,2,5.033957,351.8655,-1.839696,0.3654573,-4.1458,-12.4139,-34.1988,0.2399979,
2,50.552,2,5.039263,351.844,-1.843636,0.3658544,-4.1458,-12.4139,-34.1988,0.2399979,
2,50.562,2,5.048203,351.7893,-1.846957,0.3658642,-4.1458,-12.4139,-34.1988,0.2399979,
2,50.572,2,5.052499,351.7917,-1.845047,0.3651752,-4.1458,-12.4139,-34.1988,0.2399979,
2,50.582,2,5.053721,351.785,-1.845206,0.3651183,-4.1458,-12.4139,-34.1988,0.2399979,
2,50.592,2,5.055033,351.7788,-1.846298,0.3652395,-4.1458,-12.4139,-34.1988,0.2399979,
2,50.602,2,5.052838,351.764,-1.842934,0.3647324,-4.1458,-12.4139,-34.1988,0.2399979,
2,50.612,2,5.054342,351.7622,-1.843491,0.3647342,-4.1458,-12.4139,-34.1988,0.2399979,
2,50.622,2,5.051554,351.7651,-1.848148,0.3658574,-4.1458,-12.4139,-34.1988,0.2399979,
2,50.632,2,5.054185,351.7467,-1.846021,0.3652461,-4.1458,-12.4139,-34.1988,0.2399979,
2,50.642,2,5.051694,351.7385,-1.846916,0.3656033,-4.1458,-12.4139,-34.1988,0.2399979,
2,50.652,2,5.05089,351.7565,-1.849739,0.3662204,-4.1458,-12.4139,-34.1988,0.2399979,
2,50.662,2,5.053135,351.7322,-1.848504,0.3658133,-4.1458,-12.4139,-34.1988,0.2399979,
2,50.672,2,5.053915,351.7462,-1.853709,0.3667867,-4.1458,-12.4139,-34.1988,0.2399979,
2,50.682,2,5.051686,351.7242,-1.855536,0.3673103,-4.1458,-12.4139,-34.1988,0.2399979,
2,50.692,2,5.052592,351.7153,-1.851737,0.3664926,-4.15338,-12.4139,-34.1999,0.2411003,
2,50.702,2,5.054186,351.7104,-1.852225,0.3664733,-4.15338,-12.4139,-34.1999,0.2411003,
2,50.712,2,5.051512,351.7008,-1.852345,0.3666913,-4.15338,-12.4139,-34.1999,0.2411003,
2,50.722,2,5.05135,351.7028,-1.850445,0.3663269,-4.15338,-12.4139,-34.1999,0.2411003,
2,50.732,2,5.053907,351.6882,-1.850392,0.3661309,-4.15338,-12.4139,-34.1999,0.2411003,
2,50.742,2,5.053998,351.7006,-1.848898,0.3658287,-4.15338,-12.4139,-34.1999,0.2411003,
2,50.752,2,5.052114,351.6879,-1.845732,0.3653386,-4.15338,-12.4139,-34.1999,0.2411003,
2,50.762,2,5.052644,351.6677,-1.84812,0.3657729,-4.15338,-12.4139,-34.1999,0.2411003,
2,50.772,2,5.052209,351.6741,-1.848641,0.3659074,-4.15338,-12.4139,-34.1999,0.2411003,
2,50.782,2,5.052557,351.6779,-1.847722,0.3657005,-4.15338,-12.4139,-34.1999,0.2411003,
2,50.792,2,5.055322,351.6769,-1.853593,0.3666618,-4.15338,-12.4139,-34.1999,0.2411003,
2,50.802,2,5.060178,351.6493,-1.855068,0.3666013,-4.15338,-12.4139,-34.1999,0.2411003,
2,50.812,2,5.070636,351.6289,-1.854342,0.365702,-4.15338,-12.4139,-34.1999,0.2411003,
2,50.822,2,5.073573,351.6287,-1.857591,0.3661307,-4.15338,-12.4139,-34.1999,0.2411003,
2,50.832,2,5.078628,351.598,-1.860901,0.366418,-4.15338,-12.4139,-34.1999,0.2411003,
2,50.842,2,5.079414,351.5978,-1.861491,0.3664775,-4.15338,-12.4139,-34.1999,0.2411003,
2,50.852,2,5.079283,351.6024,-1.861305,0.3664502,-4.15338,-12.4139,-34.1999,0.2411003,
2,50.862,2,5.077541,351.5941,-1.863041,0.3669179,-4.15338,-12.4139,-34.1999,0.2411003,
2,50.872,2,5.079332,351.5887,-1.859274,0.3660469,-4.15338,-12.4139,-34.1999,0.2411003,
2,50.882,2,5.078464,351.5653,-1.85886,0.366028,-4.15338,-12.4139,-34.1999,0.2411003,
2,50.892,2,5.077645,351.5777,-1.858675,0.3660505,-4.15338,-12.4139,-34.1999,0.2411003,
2,50.902,2,5.077344,351.5741,-1.85571,0.3654884,-4.15338,-12.4139,-34.1999,0.2411003,
2,50.912,2,5.077962,351.5378,-1.859578,0.3662056,-4.15338,-12.4139,-34.1999,0.2411003,
2,50.922,2,5.07717,351.5584,-1.860491,0.3664426,-4.16205,-12.4139,-34.2011,0.2422981,
2,50.932,2,5.077758,351.5468,-1.860435,0.3663889,-4.16205,-12.4139,-34.2011,0.2422981,
2,50.942,2,5.077985,351.5747,-1.861578,0.3665977,-4.16205,-12.4139,-34.2011,0.2422981,
2,50.952,2,5.075346,351.5354,-1.861391,0.3667515,-4.16205,-12.4139,-34.2011,0.2422981,
2,50.962,2,5.074156,351.5318,-1.863018,0.3671581,-4.16205,-12.4139,-34.2011,0.2422981,
2,50.972,2,5.077472,351.5103,-1.866636,0.367631,-4.16205,-12.4139,-34.2011,0.2422981,
2,50.982,2,5.073673,351.5227,-1.866301,0.3678401,-4.16205,-12.4139,-34.2011,0.2422981,
2,50.992,2,5.076435,351.522,-1.866557,0.3676905,-4.16205,-12.4139,-34.2011,0.2422981,
2,51.002,2,5.076826,351.4857,-1.867692,0.3678857,-4.16205,-12.4139,-34.2011,0.2422981,
2,51.012,2,5.075902,351.5087,-1.864608,0.3673451,-4.16205,-12.4139,-34.2011,0.2422981,
2,51.022,2,5.074465,351.5203,-1.862846,0.3671019,-4.16205,-12.4139,-34.2011,0.2422981,
2,51.032,2,5.080078,351.4848,-1.866346,0.3673852,-4.16205,-12.4139,-34.2011,0.2422981,
2,51.042,2,5.086151,351.4807,-1.860981,0.3658918,-4.16205,-12.4139,-34.2011,0.2422981,
2,51.052,2,5.091006,351.4625,-1.861791,0.365702,-4.16205,-12.4139,-34.2011,0.2422981,
2,51.062,2,5.09712,351.4381,-1.865628,0.3660161,-4.16205,-12.4139,-34.2011,0.2422981,
2,51.072,2,5.099836,351.4263,-1.866741,0.3660395,-4.16205,-12.4139,-34.2011,0.2422981,
2,51.082,2,5.103772,351.4157,-1.869849,0.3663662,-4.16205,-12.4139,-34.2011,0.2422981,
2,51.092,2,5.102158,351.3978,-1.87102,0.3667116,-4.16205,-12.4139,-34.2011,0.2422981,
2,51.102,2,5.10282,351.4247,-1.87187,0.3668306,-4.16205,-12.4139,-34.2011,0.2422981,
2,51.112,2,5.101952,351.4077,-1.873883,0.3672875,-4.16205,-12.4139,-34.2011,0.2422981,
2,51.122,2,5.102023,351.3926,-1.874205,0.3673454,-4.16205,-12.4139,-34.2011,0.2422981,
2,51.132,2,5.101143,351.4013,-1.873752,0.3673199,-4.16205,-12.4139,-34.2011,0.2422981,
2,51.142,2,5.100627,351.4013,-1.873056,0.3672208,-4.16205,-12.4139,-34.2011,0.2422981,
2,51.152,2,5.100738,351.3876,-1.874726,0.3675402,-4.16205,-12.4139,-34.2011,0.2422981,
2,51.162,2,5.102186,351.3862,-1.876523,0.367788,-4.16205,-12.4139,-34.2011,0.2422981,
2,51.172,2,5.098155,351.3836,-1.871903,0.3671727,-4.16205,-12.4139,-34.2011,0.2422981,
2,51.182,2,5.103516,351.377,-1.873207,0.3670425,-4.1702,-12.4139,-34.2022,0.2434006,
2,51.192,2,5.102861,351.3498,-1.868815,0.3662289,-4.1702,-12.4139,-34.2022,0.2434006,
2,51.202,2,5.099442,351.3449,-1.870824,0.3668685,-4.1702,-12.4139,-34.2022,0.2434006,
2,51.212,2,5.100259,351.3596,-1.873283,0.3672917,-4.1702,-12.4139,-34.2022,0.2434006,
2,51.222,2,5.100711,351.3441,-1.872437,0.3670934,-4.1702,-12.4139,-34.2022,0.2434006,
2,51.232,2,5.09833,351.3488,-1.873511,0.3674753,-4.1702,-12.4139,-34.2022,0.2434006,
2,51.242,2,5.098944,351.3311,-1.875622,0.3678452,-4.1702,-12.4139,-34.2022,0.2434006,
2,51.252,2,5.100493,351.3302,-1.875982,0.3678041,-4.1702,-12.4139,-34.2022,0.2434006,
2,51.262,2,5.10144,351.3308,-1.877574,0.3680478,-4.1702,-12.4139,-34.2022,0.2434006,
2,51.272,2,5.100047,351.3262,-1.880561,0.368734,-4.1702,-12.4139,-34.2022,0.2434006,
2,51.282,2,5.099143,351.322,-1.880733,0.3688333,-4.1702,-12.4139,-34.2022,0.2434006,
2,51.292,2,5.106684,351.3077,-1.881582,0.3684548,-4.1702,-12.4139,-34.2022,0.2434006,
2,51.302,2,5.111895,351.2834,-1.880585,0.367884,-4.1702,-12.4139,-34.2022,0.2434006,
2,51.312,2,5.117932,351.2589,-1.880945,0.3675205,-4.1702,-12.4139,-34.2022,0.2434006,
2,51.322,2,5.124913,351.236,-1.881404,0.3671095,-4.1702,-12.4139,-34.2022,0.2434006,
2,51.332,2,5.128908,351.2437,-1.880685,0.3666832,-4.1702,-12.4139,-34.2022,0.2434006,
2,51.342,2,5.127536,351.2468,-1.878822,0.366418,-4.1702,-12.4139,-34.2022,0.2434006,
2,51.352,2,5.128922,351.2347,-1.880099,0.366568,-4.1702,-12.4139,-34.2022,0.2434006,
2,51.362,2,5.127579,351.2301,-1.880604,0.3667625,-4.1702,-12.4139,-34.2022,0.2434006,
2,51.372,2,5.125823,351.216,-1.880946,0.366955,-4.1702,-12.4139,-34.2022,0.2434006,
2,51.382,2,5.127489,351.2125,-1.884405,0.3675104,-4.1702,-12.4139,-34.2022,0.2434006,
2,51.392,2,5.127827,351.2039,-1.887292,0.3680491,-4.1702,-12.4139,-34.2022,0.2434006,
2,51.402,2,5.126662,351.2054,-1.886981,0.3680719,-4.1702,-12.4139,-34.2022,0.2434006,
2,51.412,2,5.124264,351.2223,-1.888841,0.3686072,-4.1702,-12.4139,-34.2022,0.2434006,
2,51.422,2,5.127765,351.1908,-1.888497,0.3682886,-4.1778,-12.4139,-34.2034,0.2445984,
2,51.432,2,5.127184,351.1888,-1.888733,0.3683762,-4.1778,-12.4139,-34.2034,0.2445984,
2,51.442,2,5.124033,351.2021,-1.891547,0.369152,-4.1778,-12.4139,-34.2034,0.2445984,
2,51.452,2,5.126106,351.1757,-1.891926,0.3690767,-4.1778,-12.4139,-34.2034,0.2445984,
2,51.462,2,5.126412,351.1729,-1.887791,0.3682481,-4.1778,-12.4139,-34.2034,0.2445984,
2,51.472,2,5.125357,351.169,-1.888409,0.3684444,-4.1778,-12.4139,-34.2034,0.2445984,
2,51.482,2,5.12505,351.1742,-1.887716,0.3683312,-4.1778,-12.4139,-34.2034,0.2445984,
2,51.492,2,5.128386,351.163,-1.884435,0.3674518,-4.1778,-12.4139,-34.2034,0.2445984,
2,51.502,2,5.132428,351.1218,-1.885505,0.367371,-4.1778,-12.4139,-34.2034,0.2445984,
2,51.512,2,5.140187,351.1333,-1.889805,0.3676529,-4.1778,-12.4139,-34.2034,0.2445984,
2,51.522,2,5.145024,351.1038,-1.890591,0.3674601,-4.1778,-12.4139,-34.2034,0.2445984,
2,51.532,2,5.150349,351.1061,-1.894806,0.3678986,-4.1778,-12.4139,-34.2034,0.2445984,
2,51.542,2,5.151572,351.0797,-1.895492,0.3679443,-4.1778,-12.4139,-34.2034,0.2445984,
2,51.552,2,5.148077,351.066,-1.897274,0.3685403,-4.1778,-12.4139,-34.2034,0.2445984,
2,51.562,2,5.152257,351.0362,-1.900987,0.3689619,-4.1778,-12.4139,-34.2034,0.2445984,
2,51.572,2,5.149759,351.0827,-1.900696,0.3690845,-4.1778,-12.4139,-34.2034,0.2445984,
2,51.582,2,5.149415,351.0796,-1.900682,0.3691064,-4.1778,-12.4139,-34.2034,0.2445984,
2,51.592,2,5.15156,351.0736,-1.90293,0.369389,-4.1778,-12.4139,-34.2034,0.2445984,
2,51.602,2,5.150435,351.0518,-1.899098,0.3687257,-4.1778,-12.4139,-34.2034,0.2445984,
2,51.612,2,5.149061,351.0505,-1.896567,0.3683326,-4.1778,-12.4139,-34.2034,0.2445984,
2,51.622,2,5.147867,351.0359,-1.897934,0.3686835,-4.1778,-12.4139,-34.2034,0.2445984,
2,51.632,2,5.152097,351.045,-1.895938,0.3679934,-4.18593,-12.4139,-34.2046,0.2458,
2,51.642,2,5.149045,351.0324,-1.893516,0.3677412,-4.18593,-12.4139,-34.2046,0.2458,
2,51.652,2,5.147299,351.024,-1.89661,0.368467,-4.18593,-12.4139,-34.2046,0.2458,
2,51.662,2,5.148751,351.0224,-1.89719,0.3684758,-4.18593,-12.4139,-34.2046,0.2458,
2,51.672,2,5.147701,351.0052,-1.898973,0.3688974,-4.18593,-12.4139,-34.2046,0.2458,
2,51.682,2,5.146642,350.9849,-1.90153,0.36947,-4.18593,-12.4139,-34.2046,0.2458,
2,51.692,2,5.148621,350.9958,-1.900821,0.3691902,-4.18593,-12.4139,-34.2046,0.2458,
2,51.702,2,5.150716,351.0046,-1.90132,0.369137,-4.18593,-12.4139,-34.2046,0.2458,
2,51.712,2,5.148693,351.0052,-1.904657,0.3699302,-4.18593,-12.4139,-34.2046,0.2458,
2,51.722,2,5.15192,350.9835,-1.90248,0.3692758,-4.18593,-12.4139,-34.2046,0.2458,
2,51.732,2,5.158687,350.9808,-1.903091,0.36891,-4.18593,-12.4139,-34.2046,0.2458,
2,51.742,2,5.165994,350.9394,-1.90662,0.3690713,-4.18593,-12.4139,-34.2046,0.2458,
2,51.752,2,5.169874,350.9363,-1.906067,0.3686874,-4.18593,-12.4139,-34.2046,0.2458,
2,51.762,2,5.173419,350.936,-1.908094,0.3688264,-4.18593,-12.4139,-34.2046,0.2458,
2,51.772,2,5.173894,350.9277,-1.906634,0.3685105,-4.18593,-12.4139,-34.2046,0.2458,
2,51.782,2,5.17385,350.9025,-1.903051,0.3678211,-4.18593,-12.4139,-34.2046,0.2458,
2,51.792,2,5.173944,350.9005,-1.904452,0.3680851,-4.18593,-12.4139,-34.2046,0.2458,
2,51.802,2,5.174123,350.8906,-1.907169,0.3685975,-4.18593,-12.4139,-34.2046,0.2458,
2,51.812,2,5.175329,350.8786,-1.906095,0.3683041,-4.18593,-12.4139,-34.2046,0.2458,
2,51.822,2,5.173617,350.9016,-1.908736,0.3689365,-4.18593,-12.4139,-34.2046,0.2458,
2,51.832,2,5.172711,350.8731,-1.90919,0.3690889,-4.18593,-12.4139,-34.2046,0.2458,
2,51.842,2,5.174007,350.8669,-1.908825,0.3689258,-4.19352,-12.4139,-34.2057,0.2468987,
2,51.852,2,5.171311,350.8758,-1.912879,0.3699021,-4.19352,-12.4139,-34.2057,0.2468987,
2,51.862,2,5.172499,350.8613,-1.914719,0.370173,-4.19352,-12.4139,-34.2057,0.2468987,
2,51.872,2,5.171253,350.8902,-1.912901,0.3699104,-4.19352,-12.4139,-34.2057,0.2468987,
2,51.882,2,5.17069,350.8566,-1.915416,0.3704373,-4.19352,-12.4139,-34.2057,0.2468987,
2,51.892,2,5.170146,350.8486,-1.916016,0.3705922,-4.19352,-12.4139,-34.2057,0.2468987,
2,51.902,2,5.17115,350.842,-1.909611,0.3692818,-4.19352,-12.4139,-34.2057,0.2468987,
2,51.912,2,5.171071,350.8383,-1.909595,0.3692844,-4.19352,-12.4139,-34.2057,0.2468987,
2,51.922,2,5.171422,350.8299,-1.910194,0.369375,-4.19352,-12.4139,-34.2057,0.2468987,
2,51.932,2,5.170751,350.8248,-1.908198,0.3690369,-4.19352,-12.4139,-34.2057,0.2468987,
2,51.942,2,5.171693,350.8088,-1.908893,0.3691041,-4.19352,-12.4139,-34.2057,0.2468987,
2,51.952,2,5.171977,350.8224,-1.907792,0.368871,-4.19352,-12.4139,-34.2057,0.2468987,
2,51.962,2,5.17526,350.8055,-1.909064,0.3688827,-4.19352,-12.4139,-34.2057,0.2468987,
2,51.972,2,5.184393,350.7824,-1.912642,0.368923,-4.19352,-12.4139,-34.2057,0.2468987,
2,51.982,2,5.189363,350.7612,-1.916679,0.3693476,-4.19352,-12.4139,-34.2057,0.2468987,
2,51.992,2,5.191844,350.752,-1.917665,0.369361,-4.19352,-12.4139,-34.2057,0.2468987,
2,52.002,2,5.196204,350.7837,-1.920068,0.3695136,-4.19352,-12.4139,-34.2057,0.2468987,
2,52.012,2,5.197286,350.7425,-1.921,0.369616,-4.19352,-12.4139,-34.2057,0.2468987,
2,52.022,2,5.197757,350.7314,-1.919072,0.3692116,-4.19352,-12.4139,-34.2057,0.2468987,
2,52.032,2,5.195074,350.7496,-1.921497,0.369869,-4.19352,-12.4139,-34.2057,0.2468987,
2,52.042,2,5.196059,350.7244,-1.923493,0.3701831,-4.19352,-12.4139,-34.2057,0.2468987,
2,52.052,2,5.195599,350.7065,-1.921025,0.3697408,-4.19352,-12.4139,-34.2057,0.2468987,
2,52.062,2,5.193811,350.718,-1.917727,0.369233,-4.19352,-12.4139,-34.2057,0.2468987,
2,52.072,2,5.195719,350.7,-1.918432,0.3692333,-4.19352,-12.4139,-34.2057,0.2468987,
2,52.082,2,5.197043,350.6917,-1.916686,0.3688031,-4.20165,-12.4139,-34.2068,0.2479973,
2,52.092,2,5.195509,350.6713,-1.917874,0.3691407,-4.20165,-12.4139,-34.2068,0.2479973,
2,52.102,2,5.191619,350.6941,-1.918075,0.369456,-4.20165,-12.4139,-34.2068,0.2479973,
2,52.112,2,5.194357,350.6796,-1.918993,0.3694381,-4.20165,-12.4139,-34.2068,0.2479973,
2,52.122,2,5.196414,350.6716,-1.922526,0.3699716,-4.20165,-12.4139,-34.2068,0.2479973,
2,52.132,2,5.193433,350.6684,-1.922661,0.37021,-4.20165,-12.4139,-34.2068,0.2479973,
2,52.142,2,5.194077,350.6577,-1.922403,0.3701144,-4.20165,-12.4139,-34.2068,0.2479973,
2,52.152,2,5.193863,350.6252,-1.925387,0.3707043,-4.20165,-12.4139,-34.2068,0.2479973,
2,52.162,2,5.194555,350.6541,-1.926212,0.3708138,-4.20165,-12.4139,-34.2068,0.2479973,
2,52.172,2,5.193141,350.6407,-1.925874,0.3708496,-4.20165,-12.4139,-34.2068,0.2479973,
2,52.182,2,5.192578,350.6785,-1.925765,0.3708688,-4.20165,-12.4139,-34.2068,0.2479973,
2,52.192,2,5.196201,350.6553,-1.924431,0.3703535,-4.20165,-12.4139,-34.2068,0.2479973,
2,52.202,2,5.196466,350.6549,-1.92506,0.3704556,-4.20165,-12.4139,-34.2068,0.2479973,
2,52.212,2,5.204788,350.6058,-1.923877,0.3696361,-4.20165,-12.4139,-34.2068,0.2479973,
2,52.222,2,5.210063,350.5954,-1.921423,0.3687907,-4.20165,-12.4139,-34.2068,0.2479973,
2,52.232,2,5.216845,350.5721,-1.922552,0.3685277,-4.20165,-12.4139,-34.2068,0.2479973,
2,52.242,2,5.220229,350.5587,-1.927652,0.3692658,-4.20165,-12.4139,-34.2068,0.2479973,
2,52.252,2,5.220207,350.5529,-1.929016,0.3695287,-4.20165,-12.4139,-34.2068,0.2479973,
2,52.262,2,5.219873,350.5454,-1.929327,0.3696119,-4.20165,-12.4139,-34.2068,0.2479973,
2,52.272,2,5.21733,350.5266,-1.933953,0.3706787,-4.20165,-12.4139,-34.2068,0.2479973,
2,52.282,2,5.219118,350.5279,-1.935189,0.3707886,-4.20165,-12.4139,-34.2068,0.2479973,
2,52.292,2,5.21953,350.538,-1.93409,0.3705487,-4.20165,-12.4139,-34.2068,0.2479973,
2,52.302,2,5.219279,350.5576,-1.936456,0.3710198,-4.20165,-12.4139,-34.2068,0.2479973,
2,52.312,2,5.220108,350.5335,-1.933906,0.3704724,-4.20165,-12.4139,-34.2068,0.2479973,
2,52.322,2,5.219692,350.5223,-1.938612,0.3714036,-4.20165,-12.4139,-34.2068,0.2479973,
2,52.332,2,5.215314,350.5256,-1.939947,0.3719713,-4.20165,-12.4139,-34.2068,0.2479973,
2,52.342,2,5.218946,350.5204,-1.937457,0.3712354,-4.20165,-12.4139,-34.2068,0.2479973,
2,52.352,2,5.218655,350.5016,-1.936038,0.3709841,-4.20927,-12.4139,-34.2079,0.2490997,
2,52.362,2,5.219785,350.5034,-1.935641,0.3708277,-4.20927,-12.4139,-34.2079,0.2490997,
2,52.372,2,5.217041,350.5022,-1.933165,0.3705481,-4.20927,-12.4139,-34.2079,0.2490997,
2,52.382,2,5.219548,350.4903,-1.933658,0.3704646,-4.20927,-12.4139,-34.2079,0.2490997,
2,52.392,2,5.218538,350.4735,-1.93389,0.3705809,-4.20927,-12.4139,-34.2079,0.2490997,
2,52.402,2,5.217002,350.4694,-1.935607,0.371019,-4.20927,-12.4139,-34.2079,0.2490997,
2,52.412,2,5.218474,350.4915,-1.935292,0.370854,-4.20927,-12.4139,-34.2079,0.2490997,
2,52.422,2,5.221619,350.4456,-1.937411,0.3710364,-4.20927,-12.4139,-34.2079,0.2490997,
2,52.432,2,5.227213,350.4324,-1.936523,0.3704695,-4.20927,-12.4139,-34.2079,0.2490997,
2,52.442,2,5.232708,350.4299,-1.940863,0.3709098,-4.20927,-12.4139,-34.2079,0.2490997,
2,52.452,2,5.237872,350.3983,-1.947447,0.3718012,-4.20927,-12.4139,-34.2079,0.2490997,
2,52.462,2,5.245842,350.3957,-1.945109,0.3707907,-4.20927,-12.4139,-34.2079,0.2490997,
2,52.472,2,5.24651,350.3906,-1.948268,0.3713454,-4.20927,-12.4139,-34.2079,0.2490997,
2,52.482,2,5.242516,350.3882,-1.949747,0.3719105,-4.20927,-12.4139,-34.2079,0.2490997,
2,52.492,2,5.245557,350.3786,-1.947437,0.3712546,-4.20927,-12.4139,-34.2079,0.2490997,
2,52.502,2,5.247231,350.3766,-1.946662,0.3709883,-4.20927,-12.4139,-34.2079,0.2490997,
2,52.512,2,5.243228,350.3651,-1.946007,0.3711468,-4.20927,-12.4139,-34.2079,0.2490997,
2,52.522,2,5.244493,350.3534,-1.944379,0.3707468,-4.20927,-12.4139,-34.2079,0.2490997,
2,52.532,2,5.243885,350.3412,-1.943305,0.3705849,-4.20927,-12.4139,-34.2079,0.2490997,
2,52.542,2,5.244482,350.3634,-1.945551,0.370971,-4.20927,-12.4139,-34.2079,0.2490997,
2,52.552,2,5.245206,350.3486,-1.946374,0.3710768,-4.20927,-12.4139,-34.2079,0.2490997,
2,52.562,2,5.24364,350.34,-1.950212,0.3719195,-4.21737,-12.4139,-34.209,0.2501984,
2,52.572,2,5.245178,350.3406,-1.949472,0.3716694,-4.21737,-12.4139,-34.209,0.2501984,
2,52.582,2,5.243156,350.3303,-1.949765,0.3718686,-4.21737,-12.4139,-34.209,0.2501984,
2,52.592,2,5.241593,350.3604,-1.950836,0.3721838,-4.21737,-12.4139,-34.209,0.2501984,
2,52.602,2,5.244167,350.3363,-1.950598,0.3719558,-4.21737,-12.4139,-34.209,0.2501984,
2,52.612,2,5.243071,350.3182,-1.950347,0.3719857,-4.21737,-12.4139,-34.209,0.2501984,
2,52.622,2,5.243146,350.3346,-1.953233,0.3725308,-4.21737,-12.4139,-34.209,0.2501984,
2,52.632,2,5.244208,350.3111,-1.952232,0.3722644,-4.21737,-12.4139,-34.209,0.2501984,
2,52.642,2,5.242144,350.3091,-1.949162,0.3718254,-4.21737,-12.4139,-34.209,0.2501984,
2,52.652,2,5.240964,350.3167,-1.949632,0.3719988,-4.21737,-12.4139,-34.209,0.2501984,
2,52.662,2,5.244133,350.2962,-1.946375,0.3711529,-4.21737,-12.4139,-34.209,0.2501984,
2,52.672,2,5.244889,350.2537,-1.943768,0.3706023,-4.21737,-12.4139,-34.209,0.2501984,
2,52.682,2,5.246586,350.2818,-1.946432,0.3709902,-4.21737,-12.4139,-34.209,0.2501984,
2,52.692,2,5.254886,350.2736,-1.94888,0.37087,-4.21737,-12.4139,-34.209,0.2501984,
2,52.702,2,5.261171,350.241,-1.950107,0.3706602,-4.21737,-12.4139,-34.209,0.2501984,
2,52.712,2,5.265098,350.2018,-1.955923,0.3714884,-4.21737,-12.4139,-34.209,0.2501984,
2,52.722,2,5.267764,350.209,-1.956089,0.371332,-4.21737,-12.4139,-34.209,0.2501984,
2,52.732,2,5.270396,350.206,-1.959903,0.3718701,-4.21737,-12.4139,-34.209,0.2501984,
2,52.742,2,5.269781,350.1756,-1.963125,0.372525,-4.21737,-12.4139,-34.209,0.2501984,
2,52.752,2,5.270158,350.1884,-1.960947,0.372085,-4.21737,-12.4139,-34.209,0.2501984,
2,52.762,2,5.26843,350.1957,-1.962409,0.3724845,-4.21737,-12.4139,-34.209,0.2501984,
2,52.772,2,5.26888,350.2424,-1.963261,0.3726145,-4.21737,-12.4139,-34.209,0.2501984,
2,52.782,2,5.267804,350.1873,-1.960564,0.3721786,-4.21737,-12.4139,-34.209,0.2501984,
2,52.792,2,5.267653,350.1759,-1.958634,0.3718228,-4.22608,-12.4139,-34.2102,0.2514,
2,52.802,2,5.270691,350.1853,-1.961056,0.3720681,-4.22608,-12.4139,-34.2102,0.2514,
2,52.812,2,5.271387,350.1686,-1.956169,0.3710919,-4.22608,-12.4139,-34.2102,0.2514,
2,52.822,2,5.268241,350.1731,-1.955453,0.3711776,-4.22608,-12.4139,-34.2102,0.2514,
2,52.832,2,5.267393,350.1496,-1.957994,0.3717198,-4.22608,-12.4139,-34.2102,0.2514,
2,52.842,2,5.26804,350.1538,-1.958834,0.3718336,-4.22608,-12.4139,-34.2102,0.2514,
2,52.852,2,5.266401,350.1416,-1.961215,0.3724013,-4.22608,-12.4139,-34.2102,0.2514,
2,52.862,2,5.263907,350.1266,-1.963378,0.3729887,-4.22608,-12.4139,-34.2102,0.2514,
2,52.872,2,5.268469,350.1354,-1.961348,0.3722804,-4.22608,-12.4139,-34.2102,0.2514,
2,52.882,2,5.268889,350.1504,-1.963409,0.3726419,-4.22608,-12.4139,-34.2102,0.2514,
2,52.892,2,5.264721,350.1429,-1.967933,0.3737963,-4.22608,-12.4139,-34.2102,0.2514,
2,52.902,2,5.269861,350.1128,-1.965731,0.3730139,-4.22608,-12.4139,-34.2102,0.2514,
2,52.912,2,5.276495,350.1148,-1.966424,0.3726761,-4.22608,-12.4139,-34.2102,0.2514,
2,52.922,2,5.279974,350.109,-1.971836,0.3734557,-4.22608,-12.4139,-34.2102,0.2514,
2,52.932,2,5.287143,350.0767,-1.972087,0.3729968,-4.22608,-12.4139,-34.2102,0.2514,
2,52.942,2,5.292542,350.0623,-1.968079,0.371859,-4.22608,-12.4139,-34.2102,0.2514,
2,52.952,2,5.292287,350.0536,-1.970629,0.3723587,-4.22608,-12.4139,-34.2102,0.2514,
2,52.962,2,5.292203,350.0483,-1.969803,0.3722086,-4.22608,-12.4139,-34.2102,0.2514,
2,52.972,2,5.29075,350.0447,-1.968292,0.3720251,-4.22608,-12.4139,-34.2102,0.2514,
2,52.982,2,5.290974,350.0148,-1.97092,0.372506,-4.22608,-12.4139,-34.2102,0.2514,
2,52.992,2,5.292766,350.018,-1.96987,0.3721817,-4.22608,-12.4139,-34.2102,0.2514,
2,53.002,2,5.290751,350.0319,-1.974125,0.3731275,-4.22608,-12.4139,-34.2102,0.2514,
2,53.012,2,5.292264,349.9963,-1.975759,0.3733297,-4.22608,-12.4139,-34.2102,0.2514,
2,53.022,2,5.290362,350.0107,-1.972915,0.3729263,-4.22608,-12.4139,-34.2102,0.2514,
2,53.032,2,5.290682,350.014,-1.976619,0.3736037,-4.22608,-12.4139,-34.2102,0.2514,
2,53.042,2,5.290876,349.9855,-1.978483,0.3739424,-4.22608,-12.4139,-34.2102,0.2514,
2,53.052,2,5.29029,349.9854,-1.975854,0.3734869,-4.23313,-12.4139,-34.2113,0.2524986,
2,53.062,2,5.291289,350.0033,-1.978988,0.3740086,-4.23313,-12.4139,-34.2113,0.2524986,
2,53.072,2,5.288814,349.9949,-1.978724,0.3741337,-4.23313,-12.4139,-34.2113,0.2524986,
2,53.082,2,5.291764,349.9836,-1.974184,0.3730673,-4.23313,-12.4139,-34.2113,0.2524986,
2,53.092,2,5.289111,349.9839,-1.975367,0.373478,-4.23313,-12.4139,-34.2113,0.2524986,
2,53.102,2,5.289167,349.9716,-1.975541,0.373507,-4.23313,-12.4139,-34.2113,0.2524986,
2,53.112,2,5.289943,349.9645,-1.970934,0.3725812,-4.23313,-12.4139,-34.2113,0.2524986,
2,53.122,2,5.288964,349.9572,-1.972703,0.3729848,-4.23313,-12.4139,-34.2113,0.2524986,
2,53.132,2,5.287947,349.9388,-1.975175,0.373524,-4.23313,-12.4139,-34.2113,0.2524986,
2,53.142,2,5.289217,349.9423,-1.975299,0.3734577,-4.23313,-12.4139,-34.2113,0.2524986,
2,53.152,2,5.290111,349.9497,-1.978387,0.3739785,-4.23313,-12.4139,-34.2113,0.2524986,
2,53.162,2,5.293055,349.9408,-1.978087,0.3737137,-4.23313,-12.4139,-34.2113,0.2524986,
2,53.172,2,5.300997,349.9143,-1.978662,0.3732622,-4.23313,-12.4139,-34.2113,0.2524986,
2,53.182,2,5.30715,349.9124,-1.98287,0.3736224,-4.23313,-12.4139,-34.2113,0.2524986,
2,53.192,2,5.314378,349.8971,-1.984301,0.3733834,-4.23313,-12.4139,-34.2113,0.2524986,
2,53.202,2,5.314989,349.8773,-1.984923,0.3734576,-4.23313,-12.4139,-34.2113,0.2524986,
2,53.212,2,5.312147,349.8919,-1.988093,0.3742541,-4.23313,-12.4139,-34.2113,0.2524986,
2,53.222,2,5.315609,349.8694,-1.988695,0.3741235,-4.23313,-12.4139,-34.2113,0.2524986,
2,53.232,2,5.314899,349.8665,-1.984829,0.3734462,-4.23313,-12.4139,-34.2113,0.2524986,
2,53.242,2,5.314155,349.8587,-1.984836,0.3734998,-4.23313,-12.4139,-34.2113,0.2524986,
2,53.252,2,5.31689,349.8458,-1.982964,0.3729556,-4.23313,-12.4139,-34.2113,0.2524986,
2,53.262,2,5.313991,349.8429,-1.981476,0.3728791,-4.23313,-12.4139,-34.2113,0.2524986,
2,53.272,2,5.313771,349.8416,-1.984365,0.3734382,-4.23313,-12.4139,-34.2113,0.2524986,
2,53.282,2,5.315704,349.8502,-1.984283,0.373287,-4.24232,-12.4139,-34.2124,0.2535973,
2,53.292,2,5.315677,349.8284,-1.98493,0.3734107,-4.24232,-12.4139,-34.2124,0.2535973,
2,53.302,2,5.312531,349.7767,-1.98807,0.3742228,-4.24232,-12.4139,-34.2124,0.2535973,
2,53.312,2,5.312211,349.8177,-1.987953,0.3742234,-4.24232,-12.4139,-34.2124,0.2535973,
2,53.322,2,5.314334,349.8073,-1.988525,0.3741814,-4.24232,-12.4139,-34.2124,0.2535973,
2,53.332,2,5.313039,349.7904,-1.992818,0.3750806,-4.24232,-12.4139,-34.2124,0.2535973,
2,53.342,2,5.312462,349.8023,-1.995359,0.3755997,-4.24232,-12.4139,-34.2124,0.2535973,
2,53.352,2,5.313351,349.801,-1.99167,0.3748426,-4.24232,-12.4139,-34.2124,0.2535973,
2,53.362,2,5.314746,349.8709,-1.993159,0.3750242,-4.24232,-12.4139,-34.2124,0.2535973,
2,53.372,2,5.310441,349.804,-1.992681,0.3752383,-4.24232,-12.4139,-34.2124,0.2535973,
2,53.382,2,5.312843,349.7937,-1.989799,0.3745261,-4.24232,-12.4139,-34.2124,0.2535973,
2,53.392,2,5.314612,349.8003,-1.989973,0.3744342,-4.24232,-12.4139,-34.2124,0.2535973,
2,53.402,2,5.318367,349.7762,-1.987392,0.3736846,-4.24232,-12.4139,-34.2124,0.2535973,
2,53.412,2,5.32427,349.762,-1.988135,0.37341,-4.24232,-12.4139,-34.2124,0.2535973,
2,53.422,2,5.330725,349.7224,-1.990602,0.3734206,-4.24232,-12.4139,-34.2124,0.2535973,
2,53.432,2,5.335178,349.7177,-1.992428,0.3734511,-4.24232,-12.4139,-34.2124,0.2535973,
2,53.442,2,5.33772,349.709,-1.993862,0.3735418,-4.24232,-12.4139,-34.2124,0.2535973,
2,53.452,2,5.337058,349.6958,-1.999289,0.3746051,-4.24232,-12.4139,-34.2124,0.2535973,
2,53.462,2,5.339301,349.6935,-1.999223,0.3744354,-4.24232,-12.4139,-34.2124,0.2535973,
2,53.472,2,5.339854,349.7111,-1.999686,0.3744833,-4.24232,-12.4139,-34.2124,0.2535973,
2,53.482,2,5.338726,349.7165,-2.004568,0.3754768,-4.24232,-12.4139,-34.2124,0.2535973,
2,53.492,2,5.33904,349.6753,-2.003422,0.3752402,-4.24232,-12.4139,-34.2124,0.2535973,
2,53.502,2,5.337196,349.6787,-2.001597,0.3750278,-4.24232,-12.4139,-34.2124,0.2535973,
2,53.512,2,5.337364,349.6855,-2.005574,0.3757612,-4.24232,-12.4139,-34.2124,0.2535973,
2,53.522,2,5.339579,349.6774,-2.003015,0.375126,-4.25047,-12.4139,-34.2135,0.2546997,
2,53.532,2,5.338471,349.6643,-2.000829,0.3747945,-4.25047,-12.4139,-34.2135,0.2546997,
2,53.542,2,5.337935,349.6484,-2.000872,0.3748401,-4.25047,-12.4139,-34.2135,0.2546997,
2,53.552,2,5.334433,349.6614,-1.998363,0.3746159,-4.25047,-12.4139,-34.2135,0.2546997,
2,53.562,2,5.336377,349.6412,-1.998472,0.3744998,-4.25047,-12.4139,-34.2135,0.2546997,
2,53.572,2,5.335479,349.6295,-2.000024,0.3748536,-4.25047,-12.4139,-34.2135,0.2546997,
2,53.582,2,5.333236,349.6326,-2.001162,0.3752247,-4.25047,-12.4139,-34.2135,0.2546997,
2,53.592,2,5.336529,349.6418,-2.002398,0.3752248,-4.25047,-12.4139,-34.2135,0.2546997,
2,53.602,2,5.338233,349.6003,-2.00198,0.3750267,-4.25047,-12.4139,-34.2135,0.2546997,
2,53.612,2,5.337727,349.6208,-2.003073,0.3752671,-4.25047,-12.4139,-34.2135,0.2546997,
2,53.622,2,5.336357,349.6063,-2.006105,0.3759316,-4.25047,-12.4139,-34.2135,0.2546997,
2,53.632,2,5.335669,349.6052,-2.008556,0.3764394,-4.25047,-12.4139,-34.2135,0.2546997,
2,53.642,2,5.341763,349.6018,-2.005938,0.3755198,-4.25047,-12.4139,-34.2135,0.2546997,
2,53.652,2,5.347025,349.5924,-2.007863,0.3755104,-4.25047,-12.4139,-34.2135,0.2546997,
2,53.662,2,5.353344,349.5752,-2.009394,0.375353,-4.25047,-12.4139,-34.2135,0.2546997,
2,53.672,2,5.360344,349.5471,-2.006887,0.3743952,-4.25047,-12.4139,-34.2135,0.2546997,
2,53.682,2,5.360473,349.5486,-2.009583,0.3748891,-4.25047,-12.4139,-34.2135,0.2546997,
2,53.692,2,5.359787,349.5338,-2.012079,0.3754029,-4.25047,-12.4139,-34.2135,0.2546997,
2,53.702,2,5.362333,349.522,-2.007563,0.3743825,-4.25047,-12.4139,-34.2135,0.2546997,
2,53.712,2,5.361203,349.5337,-2.006506,0.3742642,-4.25047,-12.4139,-34.2135,0.2546997,
2,53.722,2,5.357639,349.522,-2.009022,0.3749827,-4.25047,-12.4139,-34.2135,0.2546997,
2,53.732,2,5.362939,349.4987,-2.007945,0.3744113,-4.25047,-12.4139,-34.2135,0.2546997,
2,53.742,2,5.361712,349.4979,-2.009533,0.3747932,-4.25047,-12.4139,-34.2135,0.2546997,
2,53.752,2,5.362573,349.4859,-2.012677,0.3753193,-4.25047,-12.4139,-34.2135,0.2546997,
2,53.762,2,5.362088,349.4911,-2.013349,0.3754785,-4.25047,-12.4139,-34.2135,0.2546997,
2,53.772,2,5.359904,349.4802,-2.01383,0.3757213,-4.25047,-12.4139,-34.2135,0.2546997,
2,53.782,2,5.360705,349.4977,-2.017203,0.3762943,-4.25047,-12.4139,-34.2135,0.2546997,
2,53.792,2,5.359408,349.4893,-2.016062,0.3761724,-4.25808,-12.4139,-34.2146,0.2557983,
2,53.802,2,5.358693,349.4932,-2.016322,0.3762713,-4.25808,-12.4139,-34.2146,0.2557983,
2,53.812,2,5.358907,349.4709,-2.016932,0.37637,-4.25808,-12.4139,-34.2146,0.2557983,
2,53.822,2,5.357647,349.4667,-2.014928,0.3760844,-4.25808,-12.4139,-34.2146,0.2557983,
2,53.832,2,5.360169,349.4674,-2.015214,0.3759609,-4.25808,-12.4139,-34.2146,0.2557983,
2,53.842,2,5.361046,349.4383,-2.012087,0.3753162,-4.25808,-12.4139,-34.2146,0.2557983,
2,53.852,2,5.360123,349.4496,-2.009771,0.3749486,-4.25808,-12.4139,-34.2146,0.2557983,
2,53.862,2,5.362608,349.4461,-2.011382,0.3750753,-4.25808,-12.4139,-34.2146,0.2557983,
2,53.872,2,5.370378,349.4334,-2.013521,0.3749309,-4.25808,-12.4139,-34.2146,0.2557983,
2,53.882,2,5.374089,349.4038,-2.016043,0.3751414,-4.25808,-12.4139,-34.2146,0.2557983,
2,53.892,2,5.380254,349.3161,-2.018845,0.3752322,-4.25808,-12.4139,-34.2146,0.2557983,
2,53.902,2,5.385052,349.3763,-2.021407,0.3753737,-4.25808,-12.4139,-34.2146,0.2557983,
2,53.912,2,5.384923,349.3689,-2.022861,0.3756528,-4.25808,-12.4139,-34.2146,0.2557983,
2,53.922,2,5.385749,349.3575,-2.025826,0.3761455,-4.25808,-12.4139,-34.2146,0.2557983,
2,53.932,2,5.383769,349.3556,-2.025522,0.3762276,-4.25808,-12.4139,-34.2146,0.2557983,
2,53.942,2,5.384983,349.3445,-2.027223,0.3764585,-4.25808,-12.4139,-34.2146,0.2557983,
2,53.952,2,5.385208,349.4191,-2.027462,0.3764872,-4.25808,-12.4139,-34.2146,0.2557983,
2,53.962,2,5.384909,349.3358,-2.025164,0.3760813,-4.25808,-12.4139,-34.2146,0.2557983,
2,53.972,2,5.388989,349.3228,-2.024078,0.3755952,-4.25808,-12.4139,-34.2146,0.2557983,
2,53.982,2,5.386414,349.3424,-2.022712,0.3755212,-4.25808,-12.4139,-34.2146,0.2557983,
2,53.992,2,5.383802,349.3318,-2.021916,0.3755555,-4.25808,-12.4139,-34.2146,0.2557983,
2,54.002,2,5.383995,349.3374,-2.019079,0.375015,-4.25808,-12.4139,-34.2146,0.2557983,
2,54.012,2,5.384904,349.2838,-2.01888,0.3749148,-4.2662,-12.4139,-34.2158,0.257,
2,54.022,2,5.385775,349.3029,-2.01989,0.3750417,-4.2662,-12.4139,-34.2158,0.257,
2,54.032,2,5.382367,349.2892,-2.022906,0.3758395,-4.2662,-12.4139,-34.2158,0.257,
2,54.042,2,5.386015,349.2859,-2.026718,0.3762926,-4.2662,-12.4139,-34.2158,0.257,
2,54.052,2,5.384432,349.2776,-2.025408,0.37616,-4.2662,-12.4139,-34.2158,0.257,
2,54.062,2,5.383534,349.286,-2.028034,0.3767106,-4.2662,-12.4139,-34.2158,0.257,
2,54.072,2,5.384732,349.2903,-2.032882,0.377527,-4.2662,-12.4139,-34.2158,0.257,
2,54.082,2,5.384981,349.2629,-2.029721,0.3769225,-4.2662,-12.4139,-34.2158,0.257,
2,54.092,2,5.383658,349.2684,-2.030311,0.3771248,-4.2662,-12.4139,-34.2158,0.257,
2,54.102,2,5.384451,349.2919,-2.033357,0.3776349,-4.2662,-12.4139,-34.2158,0.257,
2,54.112,2,5.393753,349.2484,-2.031003,0.3765473,-4.2662,-12.4139,-34.2158,0.257,
2,54.122,2,5.399055,349.2245,-2.03049,0.3760825,-4.2662,-12.4139,-34.2158,0.257,
2,54.132,2,5.404819,349.1922,-2.031441,0.3758574,-4.2662,-12.4139,-34.2158,0.257,
2,54.142,2,5.407542,349.2056,-2.030665,0.3755246,-4.2662,-12.4139,-34.2158,0.257,
2,54.152,2,5.41125,349.1942,-2.032587,0.3756225,-4.2662,-12.4139,-34.2158,0.257,
2,54.162,2,5.410807,349.1722,-2.034217,0.3759545,-4.2662,-12.4139,-34.2158,0.257,
2,54.172,2,5.410728,349.1789,-2.03531,0.376162,-4.2662,-12.4139,-34.2158,0.257,
2,54.182,2,5.410182,349.1815,-2.037201,0.3765495,-4.2662,-12.4139,-34.2158,0.257,
2,54.192,2,5.411618,349.1306,-2.039742,0.3769191,-4.2662,-12.4139,-34.2158,0.257,
2,54.202,2,5.410636,349.1469,-2.040627,0.377151,-4.2662,-12.4139,-34.2158,0.257,
2,54.212,2,5.409245,349.1375,-2.043033,0.3776929,-4.2662,-12.4139,-34.2158,0.257,
2,54.222,2,5.409247,349.156,-2.045432,0.3781362,-4.2662,-12.4139,-34.2158,0.257,
2,54.232,2,5.408675,349.1591,-2.043398,0.3778002,-4.2662,-12.4139,-34.2158,0.257,
2,54.242,2,5.409328,349.1525,-2.044741,0.3780028,-4.2662,-12.4139,-34.2158,0.257,
2,54.252,2,5.408969,349.1406,-2.044132,0.3779154,-4.27432,-12.4139,-34.217,0.2581978,
2,54.262,2,5.408015,349.1474,-2.041201,0.37744,-4.27432,-12.4139,-34.217,0.2581978,
2,54.272,2,5.407681,349.1488,-2.042752,0.37775,-4.27432,-12.4139,-34.217,0.2581978,
2,54.282,2,5.407703,349.1231,-2.041655,0.3775456,-4.27432,-12.4139,-34.217,0.2581978,
2,54.292,2,5.407988,349.1126,-2.037225,0.3767067,-4.27432,-12.4139,-34.217,0.2581978,
2,54.302,2,5.408125,349.1228,-2.039045,0.3770337,-4.27432,-12.4139,-34.217,0.2581978,
2,54.312,2,5.407444,349.109,-2.041657,0.3775641,-4.27432,-12.4139,-34.217,0.2581978,
2,54.322,2,5.409784,349.0984,-2.040281,0.3771465,-4.27432,-12.4139,-34.217,0.2581978,
2,54.332,2,5.407612,349.0952,-2.042026,0.3776206,-4.27432,-12.4139,-34.217,0.2581978,
2,54.342,2,5.407883,349.0922,-2.045923,0.3783222,-4.27432,-12.4139,-34.217,0.2581978,
2,54.352,2,5.40689,349.0872,-2.044627,0.3781521,-4.27432,-12.4139,-34.217,0.2581978,
2,54.362,2,5.408399,349.0634,-2.047972,0.3786652,-4.27432,-12.4139,-34.217,0.2581978,
2,54.372,2,5.410291,349.102,-2.047616,0.3784668,-4.27432,-12.4139,-34.217,0.2581978,
2,54.382,2,5.41486,349.0849,-2.047512,0.3781284,-4.27432,-12.4139,-34.217,0.2581978,
2,54.392,2,5.423423,349.0398,-2.051408,0.3782497,-4.27432,-12.4139,-34.217,0.2581978,
2,54.402,2,5.430268,349.0331,-2.050934,0.3776856,-4.27432,-12.4139,-34.217,0.2581978,
2,54.412,2,5.43241,349.0156,-2.049282,0.3772325,-4.27432,-12.4139,-34.217,0.2581978,
2,54.422,2,5.43578,349.0088,-2.050656,0.3772516,-4.27432,-12.4139,-34.217,0.2581978,
2,54.432,2,5.435415,348.9981,-2.049032,0.376978,-4.27432,-12.4139,-34.217,0.2581978,
2,54.442,2,5.433661,348.9888,-2.048902,0.3770758,-4.27432,-12.4139,-34.217,0.2581978,
2,54.452,2,5.437604,349.007,-2.051008,0.3771896,-4.27432,-12.4139,-34.217,0.2581978,
2,54.462,2,5.436936,348.9708,-2.048832,0.3768358,-4.27432,-12.4139,-34.217,0.2581978,
2,54.472,2,5.435273,348.9533,-2.050955,0.3773417,-4.27432,-12.4139,-34.217,0.2581978,
2,54.482,2,5.434873,348.8809,-2.054609,0.3780418,-4.28302,-12.4139,-34.2181,0.2593002,
2,54.492,2,5.432291,348.9705,-2.053428,0.378004,-4.28302,-12.4139,-34.2181,0.2593002,
2,54.502,2,5.43627,348.9757,-2.053731,0.3777832,-4.28302,-12.4139,-34.2181,0.2593002,
2,54.512,2,5.434225,348.9663,-2.057859,0.3786849,-4.28302,-12.4139,-34.2181,0.2593002,
2,54.522,2,5.43339,348.9556,-2.057787,0.3787298,-4.28302,-12.4139,-34.2181,0.2593002,
2,54.532,2,5.435141,348.9444,-2.057051,0.3784725,-4.28302,-12.4139,-34.2181,0.2593002,
2,54.542,2,5.433135,348.9941,-2.058241,0.3788312,-4.28302,-12.4139,-34.2181,0.2593002,
2,54.552,2,5.432724,348.9328,-2.05759,0.37874,-4.28302,-12.4139,-34.2181,0.2593002,
2,54.562,2,5.436307,348.9231,-2.053463,0.3777311,-4.28302,-12.4139,-34.2181,0.2593002,
2,54.572,2,5.434131,348.949,-2.054607,0.378093,-4.28302,-12.4139,-34.2181,0.2593002,
2,54.582,2,5.434252,348.9216,-2.053349,0.3778531,-4.28302,-12.4139,-34.2181,0.2593002,
2,54.592,2,5.442169,348.9071,-2.052482,0.3771442,-4.28302,-12.4139,-34.2181,0.2593002,
2,54.602,2,5.448025,348.8709,-2.055645,0.3773194,-4.28302,-12.4139,-34.2181,0.2593002,
2,54.612,2,5.455096,348.8634,-2.056831,0.3770476,-4.28302,-12.4139,-34.2181,0.2593002,
2,54.622,2,5.457941,348.8543,-2.060375,0.3775005,-4.28302,-12.4139,-34.2181,0.2593002,
2,54.632,2,5.459462,348.8495,-2.064644,0.3781772,-4.28302,-12.4139,-34.2181,0.2593002,
2,54.642,2,5.459754,348.8328,-2.064603,0.3781495,-4.28302,-12.4139,-34.2181,0.2593002,
2,54.652,2,5.458648,348.8301,-2.066154,0.3785103,-4.28302,-12.4139,-34.2181,0.2593002,
2,54.662,2,5.459537,348.8394,-2.067218,0.3786435,-4.28302,-12.4139,-34.2181,0.2593002,
2,54.672,2,5.458919,348.8224,-2.06665,0.3785822,-4.28302,-12.4139,-34.2181,0.2593002,
2,54.682,2,5.459238,348.8124,-2.06883,0.3789596,-4.28302,-12.4139,-34.2181,0.2593002,
2,54.692,2,5.457778,348.8427,-2.070215,0.3793148,-4.28302,-12.4139,-34.2181,0.2593002,
2,54.702,2,5.46184,348.8107,-2.066713,0.3783914,-4.28302,-12.4139,-34.2181,0.2593002,
2,54.712,2,5.458334,348.8074,-2.065369,0.3783882,-4.28302,-12.4139,-34.2181,0.2593002,
2,54.722,2,5.456059,348.7879,-2.066909,0.3788281,-4.28302,-12.4139,-34.2181,0.2593002,
2,54.732,2,5.459978,348.8007,-2.062971,0.377835,-4.2906,-12.4139,-34.2192,0.2603989,
2,54.742,2,5.458092,348.7951,-2.061955,0.3777794,-4.2906,-12.4139,-34.2192,0.2603989,
2,54.752,2,5.456784,348.7591,-2.066122,0.3786336,-4.2906,-12.4139,-34.2192,0.2603989,
2,54.762,2,5.456719,348.7753,-2.066353,0.3786804,-4.2906,-12.4139,-34.2192,0.2603989,
2,54.772,2,5.457699,348.778,-2.067051,0.3787404,-4.2906,-12.4139,-34.2192,0.2603989,
2,54.782,2,5.456974,348.7401,-2.069351,0.3792122,-4.2906,-12.4139,-34.2192,0.2603989,
2,54.792,2,5.457633,348.7581,-2.068721,0.379051,-4.2906,-12.4139,-34.2192,0.2603989,
2,54.802,2,5.456322,348.7384,-2.072199,0.3797795,-4.2906,-12.4139,-34.2192,0.2603989,
2,54.812,2,5.457561,348.7433,-2.074162,0.380053,-4.2906,-12.4139,-34.2192,0.2603989,
2,54.822,2,5.460626,348.745,-2.072622,0.3795575,-4.2906,-12.4139,-34.2192,0.2603989,
2,54.832,2,5.465968,348.7279,-2.07291,0.3792394,-4.2906,-12.4139,-34.2192,0.2603989,
2,54.842,2,5.471941,348.7003,-2.076229,0.3794318,-4.2906,-12.4139,-34.2192,0.2603989,
2,54.852,2,5.476889,348.6472,-2.073495,0.3785899,-4.2906,-12.4139,-34.2192,0.2603989,
2,54.862,2,5.481547,348.7231,-2.074413,0.3784357,-4.2906,-12.4139,-34.2192,0.2603989,
2,54.872,2,5.481084,348.6883,-2.074506,0.3784847,-4.2906,-12.4139,-34.2192,0.2603989,
2,54.882,2,5.481709,348.6776,-2.072882,0.3781451,-4.2906,-12.4139,-34.2192,0.2603989,
2,54.892,2,5.481483,348.6816,-2.0741,0.378383,-4.2906,-12.4139,-34.2192,0.2603989,
2,54.902,2,5.483441,348.6633,-2.075776,0.3785536,-4.2906,-12.4139,-34.2192,0.2603989,
2,54.912,2,5.482427,348.6451,-2.075661,0.3786026,-4.2906,-12.4139,-34.2192,0.2603989,
2,54.922,2,5.480371,348.6448,-2.079544,0.3794531,-4.2906,-12.4139,-34.2192,0.2603989,
2,54.932,2,5.48192,348.6484,-2.080696,0.379556,-4.2906,-12.4139,-34.2192,0.2603989,
2,54.942,2,5.482782,348.6424,-2.081218,0.3795916,-4.2906,-12.4139,-34.2192,0.2603989,
2,54.952,2,5.482148,348.6234,-2.082233,0.3798207,-4.2906,-12.4139,-34.2192,0.2603989,
2,54.962,2,5.480044,348.6406,-2.0828,0.38007,-4.2906,-12.4139,-34.2192,0.2603989,
2,54.972,2,5.480175,348.6335,-2.081549,0.3798326,-4.29875,-12.4139,-34.2204,0.2616005,
2,54.982,2,5.481771,348.6166,-2.083708,0.3801158,-4.29875,-12.4139,-34.2204,0.2616005,
2,54.992,2,5.480074,348.6334,-2.083799,0.3802501,-4.29875,-12.4139,-34.2204,0.2616005,
2,55.002,2,5.481067,348.6207,-2.082019,0.3798566,-4.29875,-12.4139,-34.2204,0.2616005,
2,55.012,2,5.480919,348.6222,-2.079661,0.3794366,-4.29875,-12.4139,-34.2204,0.2616005,
2,55.022,2,5.48106,348.5989,-2.07747,0.379027,-4.29875,-12.4139,-34.2204,0.2616005,
2,55.032,2,5.48009,348.5925,-2.075717,0.3787743,-4.29875,-12.4139,-34.2204,0.2616005,
2,55.042,2,5.480977,348.6158,-2.080663,0.3796154,-4.29875,-12.4139,-34.2204,0.2616005,
2,55.052,2,5.480219,348.5831,-2.080831,0.3796985,-4.29875,-12.4139,-34.2204,0.2616005,
2,55.062,2,5.476394,348.5749,-2.080961,0.3799875,-4.29875,-12.4139,-34.2204,0.2616005,
2,55.072,2,5.477248,348.5351,-2.083158,0.3803292,-4.29875,-12.4139,-34.2204,0.2616005,
2,55.082,2,5.478974,348.5715,-2.084288,0.3804158,-4.29875,-12.4139,-34.2204,0.2616005,
2,55.092,2,5.481787,348.5819,-2.083829,0.3801368,-4.29875,-12.4139,-34.2204,0.2616005,
2,55.102,2,5.483469,348.5641,-2.089236,0.3810062,-4.29875,-12.4139,-34.2204,0.2616005,
2,55.112,2,5.492063,348.542,-2.090787,0.3806925,-4.29875,-12.4139,-34.2204,0.2616005,
2,55.122,2,5.499602,348.5157,-2.0924,0.3804638,-4.29875,-12.4139,-34.2204,0.2616005,
2,55.132,2,5.505486,348.5343,-2.093594,0.3802741,-4.29875,-12.4139,-34.2204,0.2616005,
2,55.142,2,5.506292,348.5032,-2.092809,0.3800759,-4.29875,-12.4139,-34.2204,0.2616005,
2,55.152,2,5.506016,348.4834,-2.090106,0.3796042,-4.29875,-12.4139,-34.2204,0.2616005,
2,55.162,2,5.504377,348.5028,-2.091455,0.3799622,-4.29875,-12.4139,-34.2204,0.2616005,
2,55.172,2,5.507204,348.4814,-2.088916,0.3793062,-4.29875,-12.4139,-34.2204,0.2616005,
2,55.182,2,5.506909,348.4627,-2.08729,0.3790311,-4.29875,-12.4139,-34.2204,0.2616005,
2,55.192,2,5.505279,348.4589,-2.090666,0.3797566,-4.29875,-12.4139,-34.2204,0.2616005,
2,55.202,2,5.504095,348.4623,-2.090571,0.379821,-4.29875,-12.4139,-34.2204,0.2616005,
2,55.212,2,5.50467,348.4538,-2.092472,0.3801267,-4.30743,-12.4139,-34.2215,0.2626991,
2,55.222,2,5.507707,348.4708,-2.093348,0.3800761,-4.30743,-12.4139,-34.2215,0.2626991,
2,55.232,2,5.502878,348.4536,-2.094117,0.3805493,-4.30743,-12.4139,-34.2215,0.2626991,
2,55.242,2,5.506503,348.4424,-2.097397,0.3808946,-4.30743,-12.4139,-34.2215,0.2626991,
2,55.252,2,5.504318,348.4344,-2.097258,0.3810204,-4.30743,-12.4139,-34.2215,0.2626991,
2,55.262,2,5.504696,348.4351,-2.096536,0.3808631,-4.30743,-12.4139,-34.2215,0.2626991,
2,55.272,2,5.504234,348.4272,-2.099042,0.3813505,-4.30743,-12.4139,-34.2215,0.2626991,
2,55.282,2,5.505153,348.4393,-2.100517,0.3815547,-4.30743,-12.4139,-34.2215,0.2626991,
2,55.292,2,5.505598,348.4233,-2.096671,0.3808253,-4.30743,-12.4139,-34.2215,0.2626991,
2,55.302,2,5.504155,348.4149,-2.093431,0.3803364,-4.30743,-12.4139,-34.2215,0.2626991,
2,55.312,2,5.502187,348.4162,-2.093529,0.3804904,-4.30743,-12.4139,-34.2215,0.2626991,
2,55.322,2,5.510427,348.3991,-2.090296,0.3793347,-4.30743,-12.4139,-34.2215,0.2626991,
2,55.332,2,5.515415,348.3855,-2.089845,0.3789099,-4.30743,-12.4139,-34.2215,0.2626991,
2,55.342,2,5.520623,348.359,-2.097293,0.3799015,-4.30743,-12.4139,-34.2215,0.2626991,
2,55.352,2,5.527328,348.3468,-2.09873,0.3797006,-4.30743,-12.4139,-34.2215,0.2626991,
2,55.362,2,5.530803,348.3384,-2.100495,0.3797811,-4.30743,-12.4139,-34.2215,0.2626991,
2,55.372,2,5.529183,348.3338,-2.101874,0.3801419,-4.30743,-12.4139,-34.2215,0.2626991,
2,55.382,2,5.529759,348.3154,-2.103897,0.3804681,-4.30743,-12.4139,-34.2215,0.2626991,
2,55.392,2,5.528578,348.3029,-2.106251,0.3809752,-4.30743,-12.4139,-34.2215,0.2626991,
2,55.402,2,5.528738,348.3217,-2.109886,0.3816217,-4.30743,-12.4139,-34.2215,0.2626991,
2,55.412,2,5.52987,348.3191,-2.109982,0.381561,-4.30743,-12.4139,-34.2215,0.2626991,
2,55.422,2,5.529105,348.3041,-2.110856,0.3817718,-4.30743,-12.4139,-34.2215,0.2626991,
2,55.432,2,5.529243,348.2931,-2.108846,0.3813987,-4.30743,-12.4139,-34.2215,0.2626991,
2,55.442,2,5.529119,348.3075,-2.105888,0.3808723,-4.30743,-12.4139,-34.2215,0.2626991,
2,55.452,2,5.530971,348.3157,-2.104102,0.3804218,-4.31448,-12.4139,-34.2227,0.2638969,
2,55.462,2,5.533116,348.2908,-2.104113,0.3802764,-4.31448,-12.4139,-34.2227,0.2638969,
2,55.472,2,5.529661,348.2797,-2.099504,0.3796804,-4.31448,-12.4139,-34.2227,0.2638969,
2,55.482,2,5.527931,348.2852,-2.102635,0.3803656,-4.31448,-12.4139,-34.2227,0.2638969,
2,55.492,2,5.528896,348.2649,-2.105188,0.380761,-4.31448,-12.4139,-34.2227,0.2638969,
2,55.502,2,5.529485,348.2596,-2.106706,0.3809951,-4.31448,-12.4139,-34.2227,0.2638969,
2,55.512,2,5.528302,348.2514,-2.109249,0.3815365,-4.31448,-12.4139,-34.2227,0.2638969,
2,55.522,2,5.528133,348.2489,-2.109519,0.381597,-4.31448,-12.4139,-34.2227,0.2638969,
2,55.532,2,5.52867,348.2433,-2.107259,0.3811511,-4.31448,-12.4139,-34.2227,0.2638969,
2,55.542,2,5.528565,348.2081,-2.109898,0.3816356,-4.31448,-12.4139,-34.2227,0.2638969,
2,55.552,2,5.528426,348.2115,-2.112012,0.3820277,-4.31448,-12.4139,-34.2227,0.2638969,
2,55.562,2,5.53318,348.211,-2.110259,0.3813827,-4.31448,-12.4139,-34.2227,0.2638969,
2,55.572,2,5.541781,348.1826,-2.111753,0.3810604,-4.31448,-12.4139,-34.2227,0.2638969,
2,55.582,2,5.547094,348.1928,-2.114372,0.3811676,-4.31448,-12.4139,-34.2227,0.2638969,
2,55.592,2,5.552551,348.18,-2.11215,0.3803927,-4.31448,-12.4139,-34.2227,0.2638969,
2,55.602,2,5.556003,348.1747,-2.111871,0.3801063,-4.31448,-12.4139,-34.2227,0.2638969,
2,55.612,2,5.555544,348.1612,-2.109346,0.379683,-4.31448,-12.4139,-34.2227,0.2638969,
2,55.622,2,5.556845,348.1496,-2.10934,0.3795931,-4.31448,-12.4139,-34.2227,0.2638969,
2,55.632,2,5.556954,348.1643,-2.110466,0.3797882,-4.31448,-12.4139,-34.2227,0.2638969,
2,55.642,2,5.554081,348.1349,-2.111904,0.3802436,-4.31448,-12.4139,-34.2227,0.2638969,
2,55.652,2,5.553201,348.121,-2.113358,0.3805658,-4.31448,-12.4139,-34.2227,0.2638969,
2,55.662,2,5.556727,348.0985,-2.115819,0.3807671,-4.31448,-12.4139,-34.2227,0.2638969,
2,55.672,2,5.55612,348.1252,-2.115112,0.3806814,-4.31448,-12.4139,-34.2227,0.2638969,
2,55.682,2,5.552639,348.1176,-2.119585,0.3817256,-4.31448,-12.4139,-34.2227,0.2638969,
2,55.692,2,5.556785,348.1323,-2.12169,0.3818198,-4.31448,-12.4139,-34.2227,0.2638969,
2,55.702,2,5.557375,348.1065,-2.118419,0.3811905,-4.31448,-12.4139,-34.2227,0.2638969,
2,55.712,2,5.552333,348.1083,-2.11998,0.3818178,-4.31448,-12.4139,-34.2227,0.2638969,
2,55.722,2,5.550217,348.0911,-2.122648,0.3824442,-4.3237,-12.4139,-34.2238,0.2649994,
2,55.732,2,5.553174,348.0822,-2.119245,0.3816277,-4.3237,-12.4139,-34.2238,0.2649994,
2,55.742,2,5.554055,348.0773,-2.115471,0.3808877,-4.3237,-12.4139,-34.2238,0.2649994,
2,55.752,2,5.552888,348.0975,-2.114745,0.380837,-4.3237,-12.4139,-34.2238,0.2649994,
2,55.762,2,5.553781,348.0667,-2.116049,0.3810106,-4.3237,-12.4139,-34.2238,0.2649994,
2,55.772,2,5.554924,348.0689,-2.113187,0.3804169,-4.3237,-12.4139,-34.2238,0.2649994,
2,55.782,2,5.552493,348.0513,-2.113348,0.3806125,-4.3237,-12.4139,-34.2238,0.2649994,
2,55.792,2,5.551569,348.0402,-2.113871,0.38077,-4.3237,-12.4139,-34.2238,0.2649994,
2,55.802,2,5.554805,348.0538,-2.118327,0.3813503,-4.3237,-12.4139,-34.2238,0.2649994,
2,55.812,2,5.55289,348.0707,-2.120323,0.3818414,-4.3237,-12.4139,-34.2238,0.2649994,
2,55.822,2,5.551035,348.0498,-2.119552,0.38183,-4.3237,-12.4139,-34.2238,0.2649994,
2,55.832,2,5.552225,348.0359,-2.120101,0.3818471,-4.3237,-12.4139,-34.2238,0.2649994,
2,55.842,2,5.552804,348.019,-2.123173,0.3823604,-4.3237,-12.4139,-34.2238,0.2649994,
2,55.852,2,5.558295,348.0236,-2.120914,0.3815764,-4.3237,-12.4139,-34.2238,0.2649994,
2,55.862,2,5.564507,348.0002,-2.125579,0.3819888,-4.3237,-12.4139,-34.2238,0.2649994,
2,55.872,2,5.571625,347.9784,-2.128733,0.3820668,-4.3237,-12.4139,-34.2238,0.2649994,
2,55.882,2,5.576658,347.9692,-2.126995,0.3814103,-4.3237,-12.4139,-34.2238,0.2649994,
2,55.892,2,5.579931,347.958,-2.125456,0.3809108,-4.3237,-12.4139,-34.2238,0.2649994,
2,55.902,2,5.579406,347.9506,-2.126782,0.3811844,-4.3237,-12.4139,-34.2238,0.2649994,
2,55.912,2,5.579868,347.9502,-2.12232,0.380353,-4.3237,-12.4139,-34.2238,0.2649994,
2,55.922,2,5.580138,347.9475,-2.12273,0.3804083,-4.3237,-12.4139,-34.2238,0.2649994,
2,55.932,2,5.576771,347.9291,-2.128185,0.3816161,-4.3237,-12.4139,-34.2238,0.2649994,
2,55.942,2,5.578331,347.9413,-2.12647,0.3812019,-4.3237,-12.4139,-34.2238,0.2649994,
2,55.952,2,5.579777,347.9079,-2.125801,0.3809831,-4.3237,-12.4139,-34.2238,0.2649994,
2,55.962,2,5.578684,347.9201,-2.131134,0.3820138,-4.3237,-12.4139,-34.2238,0.2649994,
2,55.972,2,5.579572,347.9037,-2.130553,0.3818488,-4.3237,-12.4139,-34.2238,0.2649994,
2,55.982,2,5.578596,347.8958,-2.132669,0.3822949,-4.3237,-12.4139,-34.2238,0.2649994,
2,55.992,2,5.575609,347.9048,-2.134365,0.382804,-4.3237,-12.4139,-34.2238,0.2649994,
2,56.002,2,5.577733,347.8951,-2.134305,0.3826475,-4.3237,-12.4139,-34.2238,0.2649994,
2,56.012,2,5.577316,347.8771,-2.134106,0.3826403,-4.33345,-12.4139,-34.225,0.2661972,
2,56.022,2,5.57706,347.885,-2.136102,0.3830158,-4.33345,-12.4139,-34.225,0.2661972,
2,56.032,2,5.57889,347.8669,-2.133629,0.3824469,-4.33345,-12.4139,-34.225,0.2661972,
2,56.042,2,5.576675,347.8839,-2.134012,0.3826673,-4.33345,-12.4139,-34.225,0.2661972,
2,56.052,2,5.577849,347.8854,-2.132006,0.3822273,-4.33345,-12.4139,-34.225,0.2661972,
2,56.062,2,5.577303,347.8799,-2.128491,0.3816345,-4.33345,-12.4139,-34.225,0.2661972,
2,56.072,2,5.576641,347.8789,-2.128517,0.3816844,-4.33345,-12.4139,-34.225,0.2661972,
2,56.082,2,5.577404,347.859,-2.130589,0.3820037,-4.33345,-12.4139,-34.225,0.2661972,
2,56.092,2,5.576468,347.8624,-2.133103,0.3825187,-4.33345,-12.4139,-34.225,0.2661972,
2,56.102,2,5.579688,347.8442,-2.137196,0.3830315,-4.33345,-12.4139,-34.225,0.2661972,
2,56.112,2,5.586795,347.8274,-2.137825,0.3826568,-4.33345,-12.4139,-34.225,0.2661972,
2,56.122,2,5.593102,347.816,-2.13843,0.3823334,-4.33345,-12.4139,-34.225,0.2661972,
2,56.132,2,5.600362,347.7547,-2.14392,0.3828181,-4.33345,-12.4139,-34.225,0.2661972,
2,56.142,2,5.602989,347.7727,-2.145177,0.382863,-4.33345,-12.4139,-34.225,0.2661972,
2,56.152,2,5.608531,347.7818,-2.144658,0.3823922,-4.33345,-12.4139,-34.225,0.2661972,
2,56.162,2,5.607814,347.7535,-2.147263,0.3829055,-4.33345,-12.4139,-34.225,0.2661972,
2,56.172,2,5.605706,347.766,-2.146768,0.3829612,-4.33345,-12.4139,-34.225,0.2661972,
2,56.182,2,5.608185,347.7594,-2.145093,0.3824933,-4.33345,-12.4139,-34.225,0.2661972,
2,56.192,2,5.608045,347.7525,-2.143711,0.3822564,-4.33345,-12.4139,-34.225,0.2661972,
2,56.202,2,5.606423,347.7487,-2.14287,0.382217,-4.33345,-12.4139,-34.225,0.2661972,
2,56.212,2,5.605861,347.7376,-2.140563,0.3818438,-4.33345,-12.4139,-34.225,0.2661972,
2,56.222,2,5.605685,347.7528,-2.145187,0.3826807,-4.33345,-12.4139,-34.225,0.2661972,
2,56.232,2,5.605055,347.7181,-2.14196,0.3821478,-4.33345,-12.4139,-34.225,0.2661972,
2,56.242,2,5.6037,347.7122,-2.143187,0.3824593,-4.33345,-12.4139,-34.225,0.2661972,
2,56.252,2,5.603975,347.7153,-2.145535,0.3828594,-4.34212,-12.4139,-34.2263,0.267498,
2,56.262,2,5.60397,347.7205,-2.14525,0.382809,-4.34212,-12.4139,-34.2263,0.267498,
2,56.272,2,5.60414,347.7093,-2.146153,0.3829586,-4.34212,-12.4139,-34.2263,0.267498,
2,56.282,2,5.602156,347.7393,-2.153798,0.3844588,-4.34212,-12.4139,-34.2263,0.267498,
2,56.292,2,5.604157,347.7095,-2.150558,0.3837433,-4.34212,-12.4139,-34.2263,0.267498,
2,56.302,2,5.604907,347.6994,-2.148985,0.3834114,-4.34212,-12.4139,-34.2263,0.267498,
2,56.312,2,5.603367,347.6594,-2.150286,0.383749,-4.34212,-12.4139,-34.2263,0.267498,
2,56.322,2,5.60466,347.6762,-2.147393,0.3831443,-4.34212,-12.4139,-34.2263,0.267498,
2,56.332,2,5.603025,347.6724,-2.146358,0.3830712,-4.34212,-12.4139,-34.2263,0.267498,
2,56.342,2,5.606214,347.6794,-2.146142,0.3828149,-4.34212,-12.4139,-34.2263,0.267498,
2,56.352,2,5.610796,347.6549,-2.145446,0.3823782,-4.34212,-12.4139,-34.2263,0.267498,
2,56.362,2,5.620593,347.6264,-2.144628,0.3815662,-4.34212,-12.4139,-34.2263,0.267498,
2,56.372,2,5.626947,347.6118,-2.151148,0.382294,-4.34212,-12.4139,-34.2263,0.267498,
2,56.382,2,5.629833,347.5972,-2.152085,0.3822643,-4.34212,-12.4139,-34.2263,0.267498,
2,56.392,2,5.632584,347.6008,-2.15515,0.3826219,-4.34212,-12.4139,-34.2263,0.267498,
2,56.402,2,5.632819,347.6084,-2.156271,0.3828048,-4.34212,-12.4139,-34.2263,0.267498,
2,56.412,2,5.631208,347.5708,-2.158406,0.3832937,-4.34212,-12.4139,-34.2263,0.267498,
2,56.422,2,5.633175,347.5734,-2.155768,0.3826915,-4.34212,-12.4139,-34.2263,0.267498,
2,56.432,2,5.632577,347.5489,-2.157,0.3829508,-4.34212,-12.4139,-34.2263,0.267498,
2,56.442,2,5.630621,347.5664,-2.157455,0.3831647,-4.34212,-12.4139,-34.2263,0.267498,
2,56.452,2,5.629724,347.5668,-2.159921,0.3836637,-4.34212,-12.4139,-34.2263,0.267498,
2,56.462,2,5.631591,347.5442,-2.160543,0.383647,-4.34212,-12.4139,-34.2263,0.267498,
2,56.472,2,5.631946,347.5512,-2.156109,0.3828356,-4.34212,-12.4139,-34.2263,0.267498,
2,56.482,2,5.630164,347.5451,-2.155147,0.3827857,-4.35028,-12.4139,-34.2275,0.2686996,
2,56.492,2,5.632376,347.5371,-2.156077,0.3828007,-4.35028,-12.4139,-34.2275,0.2686996,
2,56.502,2,5.632413,347.5373,-2.154105,0.3824481,-4.35028,-12.4139,-34.2275,0.2686996,
2,56.512,2,5.631005,347.5368,-2.15503,0.382708,-4.35028,-12.4139,-34.2275,0.2686996,
2,56.522,2,5.63122,347.5375,-2.156094,0.3828822,-4.35028,-12.4139,-34.2275,0.2686996,
2,56.532,2,5.62981,347.5303,-2.155533,0.3828785,-4.35028,-12.4139,-34.2275,0.2686996,
2,56.542,2,5.62937,347.5019,-2.159074,0.3835374,-4.35028,-12.4139,-34.2275,0.2686996,
2,56.552,2,5.62778,347.5244,-2.162513,0.3842568,-4.35028,-12.4139,-34.2275,0.2686996,
2,56.562,2,5.628721,347.4914,-2.160893,0.3839047,-4.35028,-12.4139,-34.2275,0.2686996,
2,56.572,2,5.631181,347.5082,-2.164322,0.384346,-4.35028,-12.4139,-34.2275,0.2686996,
2,56.582,2,5.627611,347.497,-2.167387,0.3851344,-4.35028,-12.4139,-34.2275,0.2686996,
2,56.592,2,5.628788,347.493,-2.164996,0.3846292,-4.35028,-12.4139,-34.2275,0.2686996,
2,56.602,2,5.635278,347.4668,-2.165554,0.3842852,-4.35028,-12.4139,-34.2275,0.2686996,
2,56.612,2,5.64166,347.4603,-2.166078,0.3839433,-4.35028,-12.4139,-34.2275,0.2686996,
2,56.622,2,5.646696,347.4478,-2.164473,0.3833167,-4.35028,-12.4139,-34.2275,0.2686996,
2,56.632,2,5.655543,347.4254,-2.164458,0.3827143,-4.35028,-12.4139,-34.2275,0.2686996,
2,56.642,2,5.656035,347.429,-2.167206,0.383167,-4.35028,-12.4139,-34.2275,0.2686996,
2,56.652,2,5.655982,347.4281,-2.165245,0.3828239,-4.35028,-12.4139,-34.2275,0.2686996,
2,56.662,2,5.658583,347.4141,-2.167107,0.382977,-4.35028,-12.4139,-34.2275,0.2686996,
2,56.672,2,5.658942,347.391,-2.169968,0.3834583,-4.35028,-12.4139,-34.2275,0.2686996,
2,56.682,2,5.657895,347.3945,-2.170482,0.38362,-4.35028,-12.4139,-34.2275,0.2686996,
2,56.692,2,5.65558,347.3839,-2.173178,0.3842539,-4.35028,-12.4139,-34.2275,0.2686996,
2,56.702,2,5.656659,347.377,-2.174312,0.384381,-4.35028,-12.4139,-34.2275,0.2686996,
2,56.712,2,5.654424,347.3826,-2.173538,0.3843961,-4.35028,-12.4139,-34.2275,0.2686996,
2,56.722,2,5.652448,347.3514,-2.176205,0.3850021,-4.35895,-12.4139,-34.2286,0.2697983,
2,56.732,2,5.655026,347.3519,-2.17699,0.3849654,-4.35895,-12.4139,-34.2286,0.2697983,
2,56.742,2,5.654959,347.3611,-2.173633,0.3843765,-4.35895,-12.4139,-34.2286,0.2697983,
2,56.752,2,5.65361,347.3415,-2.177045,0.3850716,-4.35895,-12.4139,-34.2286,0.2697983,
2,56.762,2,5.653927,347.3638,-2.178809,0.385362,-4.35895,-12.4139,-34.2286,0.2697983,
2,56.772,2,5.653674,347.3562,-2.175949,0.3848734,-4.35895,-12.4139,-34.2286,0.2697983,
2,56.782,2,5.652859,347.347,-2.173111,0.384427,-4.35895,-12.4139,-34.2286,0.2697983,
2,56.792,2,5.656437,347.3425,-2.169763,0.3835919,-4.35895,-12.4139,-34.2286,0.2697983,
2,56.802,2,5.652971,347.3312,-2.171041,0.3840532,-4.35895,-12.4139,-34.2286,0.2697983,
2,56.812,2,5.652803,347.3463,-2.171907,0.3842177,-4.35895,-12.4139,-34.2286,0.2697983,
2,56.822,2,5.657371,347.3071,-2.173208,0.3841374,-4.35895,-12.4139,-34.2286,0.2697983,
2,56.832,2,5.661838,347.2946,-2.173505,0.3838868,-4.35895,-12.4139,-34.2286,0.2697983,
2,56.842,2,5.668425,347.3028,-2.177828,0.3842033,-4.35895,-12.4139,-34.2286,0.2697983,
2,56.852,2,5.675115,347.2607,-2.178027,0.3837855,-4.35895,-12.4139,-34.2286,0.2697983,
2,56.862,2,5.679585,347.2524,-2.180815,0.3839744,-4.35895,-12.4139,-34.2286,0.2697983,
2,56.872,2,5.681292,347.2826,-2.186401,0.3848423,-4.35895,-12.4139,-34.2286,0.2697983,
2,56.882,2,5.681772,347.2485,-2.184443,0.3844651,-4.35895,-12.4139,-34.2286,0.2697983,
2,56.892,2,5.681492,347.2524,-2.184945,0.3845724,-4.35895,-12.4139,-34.2286,0.2697983,
2,56.902,2,5.682254,347.1848,-2.186441,0.3847842,-4.35895,-12.4139,-34.2286,0.2697983,
2,56.912,2,5.682193,347.222,-2.183049,0.3841913,-4.35895,-12.4139,-34.2286,0.2697983,
2,56.922,2,5.682368,347.2208,-2.182915,0.3841558,-4.35895,-12.4139,-34.2286,0.2697983,
2,56.932,2,5.679126,347.2111,-2.183186,0.3844229,-4.35895,-12.4139,-34.2286,0.2697983,
2,56.942,2,5.682647,347.2014,-2.179702,0.3835717,-4.35895,-12.4139,-34.2286,0.2697983,
2,56.952,2,5.680276,347.2046,-2.179357,0.383671,-4.35895,-12.4139,-34.2286,0.2697983,
2,56.962,2,5.679514,347.2243,-2.181549,0.3841084,-4.35895,-12.4139,-34.2286,0.2697983,
2,56.972,2,5.680291,347.1817,-2.183739,0.3844414,-4.36655,-12.4139,-34.2298,0.2709999,
2,56.982,2,5.680978,347.1843,-2.182946,0.3842553,-4.36655,-12.4139,-34.2298,0.2709999,
2,56.992,2,5.678308,347.1904,-2.186726,0.3851017,-4.36655,-12.4139,-34.2298,0.2709999,
2,57.002,2,5.679514,347.1765,-2.189219,0.3854589,-4.36655,-12.4139,-34.2298,0.2709999,
2,57.012,2,5.679149,347.1566,-2.187276,0.3851416,-4.36655,-12.4139,-34.2298,0.2709999,
2,57.022,2,5.677942,347.141,-2.189779,0.3856642,-4.36655,-12.4139,-34.2298,0.2709999,
2,57.032,2,5.679242,347.1593,-2.189896,0.3855966,-4.36655,-12.4139,-34.2298,0.2709999,
2,57.042,2,5.679582,347.1527,-2.188418,0.3853132,-4.36655,-12.4139,-34.2298,0.2709999,
2,57.052,2,5.677454,347.1356,-2.190717,0.3858626,-4.36655,-12.4139,-34.2298,0.2709999,
2,57.062,2,5.679924,347.1462,-2.189805,0.3855342,-4.36655,-12.4139,-34.2298,0.2709999,
2,57.072,2,5.677749,347.1437,-2.187457,0.3852683,-4.36655,-12.4139,-34.2298,0.2709999,
2,57.082,2,5.684429,347.1359,-2.18571,0.3845083,-4.36655,-12.4139,-34.2298,0.2709999,
2,57.092,2,5.690427,347.1105,-2.183731,0.3837551,-4.36655,-12.4139,-34.2298,0.2709999,
2,57.102,2,5.695639,347.0945,-2.186773,0.3839382,-4.36655,-12.4139,-34.2298,0.2709999,
2,57.112,2,5.702846,347.1262,-2.189885,0.3839986,-4.36655,-12.4139,-34.2298,0.2709999,
2,57.122,2,5.70677,347.0869,-2.189934,0.3837431,-4.36655,-12.4139,-34.2298,0.2709999,
2,57.132,2,5.703214,347.0423,-2.192997,0.3845195,-4.36655,-12.4139,-34.2298,0.2709999,
2,57.142,2,5.70336,347.0611,-2.197705,0.3853351,-4.36655,-12.4139,-34.2298,0.2709999,
2,57.152,2,5.704887,347.0456,-2.193799,0.3845473,-4.36655,-12.4139,-34.2298,0.2709999,
2,57.162,2,5.703704,347.0434,-2.196913,0.3851731,-4.36655,-12.4139,-34.2298,0.2709999,
2,57.172,2,5.702988,347.0451,-2.20137,0.3860029,-4.36655,-12.4139,-34.2298,0.2709999,
2,57.182,2,5.706051,347.0286,-2.1981,0.3852226,-4.36655,-12.4139,-34.2298,0.2709999,
2,57.192,2,5.704429,347.0201,-2.200598,0.38577,-4.36655,-12.4139,-34.2298,0.2709999,
2,57.202,2,5.704988,347.0166,-2.198766,0.3854111,-4.37523,-12.4139,-34.231,0.2721977,
2,57.212,2,5.706481,347.0073,-2.195959,0.3848184,-4.37523,-12.4139,-34.231,0.2721977,
2,57.222,2,5.705194,347.0089,-2.196533,0.3850058,-4.37523,-12.4139,-34.231,0.2721977,
2,57.232,2,5.703437,347.0135,-2.195262,0.3849016,-4.37523,-12.4139,-34.231,0.2721977,
2,57.242,2,5.703623,347.009,-2.191369,0.3842066,-4.37523,-12.4139,-34.231,0.2721977,
2,57.252,2,5.705273,346.9943,-2.194802,0.3846971,-4.37523,-12.4139,-34.231,0.2721977,
2,57.262,2,5.701392,346.9826,-2.197289,0.3853951,-4.37523,-12.4139,-34.231,0.2721977,
2,57.272,2,5.702869,346.9911,-2.198242,0.3854625,-4.37523,-12.4139,-34.231,0.2721977,
2,57.282,2,5.702986,346.9726,-2.19821,0.3854489,-4.37523,-12.4139,-34.231,0.2721977,
2,57.292,2,5.70317,346.9635,-2.198664,0.3855161,-4.37523,-12.4139,-34.231,0.2721977,
2,57.302,2,5.7064,346.9752,-2.199357,0.3854194,-4.37523,-12.4139,-34.231,0.2721977,
2,57.312,2,5.712015,346.9294,-2.201472,0.3854107,-4.37523,-12.4139,-34.231,0.2721977,
2,57.322,2,5.720809,346.9149,-2.204021,0.385264,-4.37523,-12.4139,-34.231,0.2721977,
2,57.332,2,5.726753,346.9166,-2.206969,0.3853787,-4.37523,-12.4139,-34.231,0.2721977,
2,57.342,2,5.730696,346.887,-2.208742,0.3854229,-4.37523,-12.4139,-34.231,0.2721977,
2,57.352,2,5.731541,346.916,-2.209862,0.3855617,-4.37523,-12.4139,-34.231,0.2721977,
2,57.362,2,5.731689,346.89,-2.20628,0.3849266,-4.37523,-12.4139,-34.231,0.2721977,
2,57.372,2,5.729959,346.8804,-2.206869,0.3851458,-4.37523,-12.4139,-34.231,0.2721977,
2,57.382,2,5.729704,346.8783,-2.205533,0.3849296,-4.37523,-12.4139,-34.231,0.2721977,
2,57.392,2,5.731776,346.8674,-2.203602,0.3844536,-4.37523,-12.4139,-34.231,0.2721977,
2,57.402,2,5.73001,346.869,-2.205534,0.3849093,-4.37523,-12.4139,-34.231,0.2721977,
2,57.412,2,5.729172,346.8411,-2.205231,0.3849127,-4.37523,-12.4139,-34.231,0.2721977,
2,57.422,2,5.72996,346.8401,-2.208469,0.3854249,-4.37523,-12.4139,-34.231,0.2721977,
2,57.432,2,5.728959,346.876,-2.210718,0.3858848,-4.37523,-12.4139,-34.231,0.2721977,
2,57.442,2,5.729714,346.8362,-2.208363,0.3854229,-4.37523,-12.4139,-34.231,0.2721977,
2,57.452,2,5.727957,346.839,-2.208906,0.385636,-4.3828,-12.4139,-34.2321,0.2733002,
2,57.462,2,5.730506,346.8489,-2.213609,0.386285,-4.3828,-12.4139,-34.2321,0.2733002,
2,57.472,2,5.729192,346.8356,-2.213243,0.3863098,-4.3828,-12.4139,-34.2321,0.2733002,
2,57.482,2,5.728238,346.8177,-2.212016,0.3861599,-4.3828,-12.4139,-34.2321,0.2733002,
2,57.492,2,5.728165,346.7489,-2.21477,0.3866456,-4.3828,-12.4139,-34.2321,0.2733002,
2,57.502,2,5.730506,346.807,-2.212569,0.3861036,-4.3828,-12.4139,-34.2321,0.2733002,
2,57.512,2,5.729717,346.8024,-2.210688,0.3858284,-4.3828,-12.4139,-34.2321,0.2733002,
2,57.522,2,5.729536,346.7806,-2.210082,0.3857349,-4.3828,-12.4139,-34.2321,0.2733002,
2,57.532,2,5.730341,346.7882,-2.206696,0.3850897,-4.3828,-12.4139,-34.2321,0.2733002,
2,57.542,2,5.728503,346.7852,-2.206668,0.3852085,-4.3828,-12.4139,-34.2321,0.2733002,
2,57.552,2,5.727417,346.791,-2.211209,0.3860744,-4.3828,-12.4139,-34.2321,0.2733002,
2,57.562,2,5.733409,346.7632,-2.210258,0.385505,-4.3828,-12.4139,-34.2321,0.2733002,
2,57.572,2,5.739713,346.7543,-2.211721,0.3853365,-4.3828,-12.4139,-34.2321,0.2733002,
2,57.582,2,5.742444,346.744,-2.220088,0.3866104,-4.3828,-12.4139,-34.2321,0.2733002,
2,57.592,2,5.752032,346.7313,-2.219818,0.3859189,-4.3828,-12.4139,-34.2321,0.2733002,
2,57.602,2,5.755003,346.7072,-2.220655,0.3858651,-4.3828,-12.4139,-34.2321,0.2733002,
2,57.612,2,5.753966,346.6641,-2.224883,0.3866694,-4.3828,-12.4139,-34.2321,0.2733002,
2,57.622,2,5.754525,346.6933,-2.223269,0.3863514,-4.3828,-12.4139,-34.2321,0.2733002,
2,57.632,2,5.75385,346.6949,-2.221808,0.3861429,-4.3828,-12.4139,-34.2321,0.2733002,
2,57.642,2,5.754026,346.6704,-2.226062,0.3868702,-4.3828,-12.4139,-34.2321,0.2733002,
2,57.652,2,5.752859,346.6579,-2.22113,0.3860915,-4.3828,-12.4139,-34.2321,0.2733002,
2,57.662,2,5.754814,346.6615,-2.219667,0.3857062,-4.3828,-12.4139,-34.2321,0.2733002,
2,57.672,2,5.752934,346.6761,-2.21968,0.3858344,-4.3828,-12.4139,-34.2321,0.2733002,
2,57.682,2,5.752954,346.6579,-2.218068,0.3855529,-4.3828,-12.4139,-34.2321,0.2733002,
2,57.692,2,5.751224,346.6557,-2.220289,0.3860551,-4.3828,-12.4139,-34.2321,0.2733002,
2,57.702,2,5.752553,346.6621,-2.22203,0.3862685,-4.3828,-12.4139,-34.2321,0.2733002,
2,57.712,2,5.751379,346.6534,-2.220655,0.3861083,-4.3915,-12.4139,-34.2333,0.274498,
2,57.722,2,5.750584,346.6078,-2.224743,0.3868726,-4.3915,-12.4139,-34.2333,0.274498,
2,57.732,2,5.752394,346.6386,-2.226274,0.3870171,-4.3915,-12.4139,-34.2333,0.274498,
2,57.742,2,5.752496,346.6227,-2.225044,0.3867962,-4.3915,-12.4139,-34.2333,0.274498,
2,57.752,2,5.751392,346.6216,-2.227007,0.3872118,-4.3915,-12.4139,-34.2333,0.274498,
2,57.762,2,5.751153,346.6223,-2.230599,0.3878525,-4.3915,-12.4139,-34.2333,0.274498,
2,57.772,2,5.754109,346.6065,-2.226975,0.3870235,-4.3915,-12.4139,-34.2333,0.274498,
2,57.782,2,5.751253,346.6004,-2.227933,0.3873822,-4.3915,-12.4139,-34.2333,0.274498,
2,57.792,2,5.750213,346.5914,-2.229763,0.3877705,-4.3915,-12.4139,-34.2333,0.274498,
2,57.802,2,5.754249,346.5959,-2.227552,0.3871144,-4.3915,-12.4139,-34.2333,0.274498,
2,57.812,2,5.763932,346.5606,-2.228068,0.3865535,-4.3915,-12.4139,-34.2333,0.274498,
2,57.822,2,5.769054,346.5551,-2.230023,0.3865492,-4.3915,-12.4139,-34.2333,0.274498,
2,57.832,2,5.775064,346.5466,-2.226332,0.3855078,-4.3915,-12.4139,-34.2333,0.274498,
2,57.842,2,5.783823,346.5232,-2.228971,0.3853803,-4.3915,-12.4139,-34.2333,0.274498,
2,57.852,2,5.779696,346.5049,-2.230846,0.3859798,-4.3915,-12.4139,-34.2333,0.274498,
2,57.862,2,5.77708,346.5104,-2.233128,0.3865496,-4.3915,-12.4139,-34.2333,0.274498,
2,57.872,2,5.781416,346.4973,-2.235211,0.3866199,-4.3915,-12.4139,-34.2333,0.274498,
2,57.882,2,5.780937,346.5035,-2.238042,0.3871418,-4.3915,-12.4139,-34.2333,0.274498,
2,57.892,2,5.779686,346.4903,-2.237235,0.3870858,-4.3915,-12.4139,-34.2333,0.274498,
2,57.902,2,5.77962,346.4923,-2.239785,0.3875316,-4.3915,-12.4139,-34.2333,0.274498,
2,57.912,2,5.780155,346.4637,-2.239609,0.3874652,-4.3915,-12.4139,-34.2333,0.274498,
2,57.922,2,5.778762,346.4816,-2.238827,0.3874232,-4.39962,-12.4139,-34.2345,0.2756996,
2,57.932,2,5.777855,346.4666,-2.241238,0.3879014,-4.39962,-12.4139,-34.2345,0.2756996,
2,57.942,2,5.779894,346.479,-2.242537,0.3879894,-4.39962,-12.4139,-34.2345,0.2756996,
2,57.952,2,5.779264,346.4714,-2.239563,0.3875169,-4.39962,-12.4139,-34.2345,0.2756996,
2,57.962,2,5.777034,346.4699,-2.239712,0.3876925,-4.39962,-12.4139,-34.2345,0.2756996,
2,57.972,2,5.778187,346.4637,-2.239213,0.3875287,-4.39962,-12.4139,-34.2345,0.2756996,
2,57.982,2,5.776768,346.4685,-2.233459,0.3866279,-4.39962,-12.4139,-34.2345,0.2756996,
2,57.992,2,5.776207,346.4447,-2.237993,0.3874502,-4.39962,-12.4139,-34.2345,0.2756996,
2,58.002,2,5.775651,346.4301,-2.240221,0.3878734,-4.39962,-12.4139,-34.2345,0.2756996,
2,58.012,2,5.776486,346.428,-2.240329,0.387836,-4.39962,-12.4139,-34.2345,0.2756996,
2,58.022,2,5.776393,346.4744,-2.242299,0.3881832,-4.39962,-12.4139,-34.2345,0.2756996,
2,58.032,2,5.775825,346.4224,-2.244923,0.3886757,-4.39962,-12.4139,-34.2345,0.2756996,
2,58.042,2,5.778834,346.4189,-2.243587,0.3882422,-4.39962,-12.4139,-34.2345,0.2756996,
2,58.052,2,5.778767,346.4371,-2.245457,0.3885704,-4.39962,-12.4139,-34.2345,0.2756996,
2,58.062,2,5.782775,346.4041,-2.247162,0.3885957,-4.39962,-12.4139,-34.2345,0.2756996,
2,58.072,2,5.790951,346.3892,-2.249472,0.3884461,-4.39962,-12.4139,-34.2345,0.2756996,
2,58.082,2,5.798957,346.292,-2.251865,0.3883224,-4.39962,-12.4139,-34.2345,0.2756996,
2,58.092,2,5.801759,346.3623,-2.248576,0.387568,-4.39962,-12.4139,-34.2345,0.2756996,
2,58.102,2,5.806355,346.351,-2.248796,0.387299,-4.39962,-12.4139,-34.2345,0.2756996,
2,58.112,2,5.804865,346.3302,-2.25004,0.3876128,-4.39962,-12.4139,-34.2345,0.2756996,
2,58.122,2,5.804006,346.3222,-2.247899,0.3873012,-4.39962,-12.4139,-34.2345,0.2756996,
2,58.132,2,5.804451,346.3213,-2.245125,0.3867937,-4.39962,-12.4139,-34.2345,0.2756996,
2,58.142,2,5.805024,346.3313,-2.246998,0.3870781,-4.39962,-12.4139,-34.2345,0.2756996,
2,58.152,2,5.806467,346.3104,-2.247664,0.3870968,-4.39962,-12.4139,-34.2345,0.2756996,
2,58.162,2,5.803278,346.3055,-2.247686,0.3873131,-4.39962,-12.4139,-34.2345,0.2756996,
2,58.172,2,5.802459,346.3041,-2.2524,0.3881803,-4.39962,-12.4139,-34.2345,0.2756996,
2,58.182,2,5.803638,346.2983,-2.249614,0.3876214,-4.39962,-12.4139,-34.2345,0.2756996,
2,58.192,2,5.800677,346.2881,-2.250834,0.3880296,-4.40833,-12.4139,-34.2356,0.2767982,
2,58.202,2,5.802563,346.2672,-2.253681,0.388394,-4.40833,-12.4139,-34.2356,0.2767982,
2,58.212,2,5.803098,346.2936,-2.252724,0.3881933,-4.40833,-12.4139,-34.2356,0.2767982,
2,58.222,2,5.804319,346.2917,-2.253947,0.3883224,-4.40833,-12.4139,-34.2356,0.2767982,
2,58.232,2,5.801076,346.2618,-2.255134,0.388744,-4.40833,-12.4139,-34.2356,0.2767982,
2,58.242,2,5.802058,346.2617,-2.253217,0.3883478,-4.40833,-12.4139,-34.2356,0.2767982,
2,58.252,2,5.802717,346.2687,-2.253193,0.3882997,-4.40833,-12.4139,-34.2356,0.2767982,
2,58.262,2,5.803796,346.2811,-2.253135,0.3882175,-4.40833,-12.4139,-34.2356,0.2767982,
2,58.272,2,5.80158,346.2479,-2.249806,0.387792,-4.40833,-12.4139,-34.2356,0.2767982,
2,58.282,2,5.800507,346.2432,-2.251038,0.388076,-4.40833,-12.4139,-34.2356,0.2767982,
2,58.292,2,5.804268,346.2488,-2.253504,0.3882494,-4.40833,-12.4139,-34.2356,0.2767982,
2,58.302,2,5.805696,346.2296,-2.254472,0.3883207,-4.40833,-12.4139,-34.2356,0.2767982,
2,58.312,2,5.804384,346.1883,-2.253821,0.3882962,-4.40833,-12.4139,-34.2356,0.2767982,
2,58.322,2,5.812158,346.2217,-2.2572,0.3883584,-4.40833,-12.4139,-34.2356,0.2767982,
2,58.332,2,5.817551,346.1932,-2.257542,0.3880571,-4.40833,-12.4139,-34.2356,0.2767982,
2,58.342,2,5.823818,346.1821,-2.261047,0.3882414,-4.40833,-12.4139,-34.2356,0.2767982,
2,58.352,2,5.83053,346.1679,-2.26496,0.3884656,-4.40833,-12.4139,-34.2356,0.2767982,
2,58.362,2,5.829643,346.1633,-2.266849,0.3888487,-4.40833,-12.4139,-34.2356,0.2767982,
2,58.372,2,5.82755,346.1506,-2.267544,0.3891076,-4.40833,-12.4139,-34.2356,0.2767982,
2,58.382,2,5.828105,346.1411,-2.268481,0.3892314,-4.40833,-12.4139,-34.2356,0.2767982,
2,58.392,2,5.828734,346.1367,-2.263372,0.3883127,-4.40833,-12.4139,-34.2356,0.2767982,
2,58.402,2,5.831246,346.1292,-2.261784,0.3878731,-4.40833,-12.4139,-34.2356,0.2767982,
2,58.412,2,5.831091,346.1372,-2.261661,0.3878623,-4.40833,-12.4139,-34.2356,0.2767982,
2,58.422,2,5.828743,346.1292,-2.258888,0.387543,-4.40833,-12.4139,-34.2356,0.2767982,
2,58.432,2,5.82877,346.1124,-2.260432,0.387806,-4.40833,-12.4139,-34.2356,0.2767982,
2,58.442,2,5.827106,346.107,-2.263671,0.3884726,-4.4159,-12.4139,-34.2368,0.2779999,
2,58.452,2,5.829127,346.0548,-2.26384,0.3883669,-4.4159,-12.4139,-34.2368,0.2779999,
2,58.462,2,5.829693,346.0582,-2.266405,0.3887693,-4.4159,-12.4139,-34.2368,0.2779999,
2,58.472,2,5.826127,346.0984,-2.267873,0.3892591,-4.4159,-12.4139,-34.2368,0.2779999,
2,58.482,2,5.825866,346.0907,-2.268858,0.3894457,-4.4159,-12.4139,-34.2368,0.2779999,
2,58.492,2,5.828481,346.1019,-2.271266,0.389684,-4.4159,-12.4139,-34.2368,0.2779999,
2,58.502,2,5.830055,346.0687,-2.268975,0.3891858,-4.4159,-12.4139,-34.2368,0.2779999,
2,58.512,2,5.826391,346.0766,-2.26934,0.3894932,-4.4159,-12.4139,-34.2368,0.2779999,
2,58.522,2,5.831699,346.0713,-2.271883,0.3895749,-4.4159,-12.4139,-34.2368,0.2779999,
2,58.532,2,5.84218,346.0539,-2.271877,0.3888749,-4.4159,-12.4139,-34.2368,0.2779999,
2,58.542,2,5.845849,346.0258,-2.268479,0.3880495,-4.4159,-12.4139,-34.2368,0.2779999,
2,58.552,2,5.850734,346.0047,-2.27395,0.3886607,-4.4159,-12.4139,-34.2368,0.2779999,
2,58.562,2,5.855487,346.0128,-2.274807,0.3884915,-4.4159,-12.4139,-34.2368,0.2779999,
2,58.572,2,5.856399,346.0058,-2.270785,0.3877443,-4.4159,-12.4139,-34.2368,0.2779999,
2,58.582,2,5.85391,345.9868,-2.275206,0.3886643,-4.4159,-12.4139,-34.2368,0.2779999,
2,58.592,2,5.855453,345.9707,-2.276021,0.3887012,-4.4159,-12.4139,-34.2368,0.2779999,
2,58.602,2,5.857069,345.9666,-2.273247,0.3881202,-4.4159,-12.4139,-34.2368,0.2779999,
2,58.612,2,5.854728,346.0508,-2.276256,0.3887894,-4.4159,-12.4139,-34.2368,0.2779999,
2,58.622,2,5.854301,345.9599,-2.277418,0.3890162,-4.4159,-12.4139,-34.2368,0.2779999,
2,58.632,2,5.855799,345.9539,-2.278708,0.3891371,-4.4159,-12.4139,-34.2368,0.2779999,
2,58.642,2,5.853516,345.9486,-2.278949,0.38933,-4.4159,-12.4139,-34.2368,0.2779999,
2,58.652,2,5.852719,345.9572,-2.280512,0.3896501,-4.4159,-12.4139,-34.2368,0.2779999,
2,58.662,2,5.856749,345.9494,-2.279846,0.3892681,-4.4159,-12.4139,-34.2368,0.2779999,
2,58.672,2,5.85713,345.8934,-2.280064,0.38928,-4.42403,-12.4139,-34.238,0.2791977,
2,58.682,2,5.854963,345.9393,-2.280086,0.3894279,-4.42403,-12.4139,-34.238,0.2791977,
2,58.692,2,5.850319,345.9474,-2.276547,0.3891322,-4.42403,-12.4139,-34.238,0.2791977,
2,58.702,2,5.85422,345.9099,-2.277765,0.3890809,-4.42403,-12.4139,-34.238,0.2791977,
2,58.712,2,5.852882,345.924,-2.276565,0.3889648,-4.42403,-12.4139,-34.238,0.2791977,
2,58.722,2,5.851884,345.9088,-2.274544,0.3886858,-4.42403,-12.4139,-34.238,0.2791977,
2,58.732,2,5.852332,345.9172,-2.27779,0.3892106,-4.42403,-12.4139,-34.238,0.2791977,
2,58.742,2,5.85306,345.8989,-2.275546,0.3887789,-4.42403,-12.4139,-34.238,0.2791977,
2,58.752,2,5.850946,345.8922,-2.278362,0.3894006,-4.42403,-12.4139,-34.238,0.2791977,
2,58.762,2,5.853442,345.8823,-2.283688,0.3901445,-4.42403,-12.4139,-34.238,0.2791977,
2,58.772,2,5.852759,345.89,-2.281924,0.3898886,-4.42403,-12.4139,-34.238,0.2791977,
2,58.782,2,5.849703,345.8846,-2.284426,0.39052,-4.42403,-12.4139,-34.238,0.2791977,
2,58.792,2,5.854805,345.8617,-2.287484,0.390702,-4.42403,-12.4139,-34.238,0.2791977,
2,58.802,2,5.861879,345.867,-2.284431,0.3897097,-4.42403,-12.4139,-34.238,0.2791977,
2,58.812,2,5.869526,345.8573,-2.285936,0.3894584,-4.42403,-12.4139,-34.238,0.2791977,
2,58.822,2,5.874555,345.8091,-2.291201,0.3900213,-4.42403,-12.4139,-34.238,0.2791977,
2,58.832,2,5.880058,345.812,-2.28983,0.389423,-4.42403,-12.4139,-34.238,0.2791977,
2,58.842,2,5.880859,345.8243,-2.288626,0.3891653,-4.42403,-12.4139,-34.238,0.2791977,
2,58.852,2,5.878856,345.8115,-2.288115,0.3892109,-4.42403,-12.4139,-34.238,0.2791977,
2,58.862,2,5.877962,345.7899,-2.284908,0.3887244,-4.42403,-12.4139,-34.238,0.2791977,
2,58.872,2,5.877367,345.7722,-2.28774,0.3892457,-4.42403,-12.4139,-34.238,0.2791977,
2,58.882,2,5.877278,345.7973,-2.288162,0.3893235,-4.42403,-12.4139,-34.238,0.2791977,
2,58.892,2,5.877309,345.7695,-2.288163,0.3893216,-4.42403,-12.4139,-34.238,0.2791977,
2,58.902,2,5.877606,345.7541,-2.289898,0.3895971,-4.42403,-12.4139,-34.238,0.2791977,
2,58.912,2,5.87437,345.7769,-2.292739,0.3902954,-4.43325,-12.4139,-34.2391,0.2803001,
2,58.922,2,5.876971,345.7919,-2.292663,0.3901097,-4.43325,-12.4139,-34.2391,0.2803001,
2,58.932,2,5.876081,345.7775,-2.29438,0.3904609,-4.43325,-12.4139,-34.2391,0.2803001,
2,58.942,2,5.876484,345.7435,-2.297541,0.3909721,-4.43325,-12.4139,-34.2391,0.2803001,
2,58.952,2,5.876594,345.7465,-2.294833,0.3905039,-4.43325,-12.4139,-34.2391,0.2803001,
2,58.962,2,5.874321,345.7351,-2.299391,0.3914309,-4.43325,-12.4139,-34.2391,0.2803001,
2,58.972,2,5.87697,345.7352,-2.29865,0.3911285,-4.43325,-12.4139,-34.2391,0.2803001,
2,58.982,2,5.875481,345.7194,-2.293262,0.3903106,-4.43325,-12.4139,-34.2391,0.2803001,
2,58.992,2,5.875525,345.7122,-2.29197,0.3900877,-4.43325,-12.4139,-34.2391,0.2803001,
2,59.002,2,5.874938,345.7268,-2.294973,0.3906378,-4.43325,-12.4139,-34.2391,0.2803001,
2,59.012,2,5.879061,345.7142,-2.289941,0.3895079,-4.43325,-12.4139,-34.2391,0.2803001,
2,59.022,2,5.877236,345.6873,-2.290478,0.3897203,-4.43325,-12.4139,-34.2391,0.2803001,
2,59.032,2,5.8787,345.6948,-2.292628,0.389989,-4.43325,-12.4139,-34.2391,0.2803001,
2,59.042,2,5.884227,345.68,-2.295264,0.3900706,-4.43325,-12.4139,-34.2391,0.2803001,
2,59.052,2,5.892434,345.6671,-2.297702,0.3899411,-4.43325,-12.4139,-34.2391,0.2803001,
2,59.062,2,5.898307,345.6378,-2.302301,0.3903325,-4.43325,-12.4139,-34.2391,0.2803001,
2,59.072,2,5.898815,345.6289,-2.304033,0.3905925,-4.43325,-12.4139,-34.2391,0.2803001,
2,59.082,2,5.902864,345.6412,-2.306892,0.390809,-4.43325,-12.4139,-34.2391,0.2803001,
2,59.092,2,5.904076,345.6183,-2.305722,0.3905305,-4.43325,-12.4139,-34.2391,0.2803001,
2,59.102,2,5.901599,345.6158,-2.306344,0.3907998,-4.43325,-12.4139,-34.2391,0.2803001,
2,59.112,2,5.89953,345.6203,-2.307627,0.3911544,-4.43325,-12.4139,-34.2391,0.2803001,
2,59.122,2,5.902615,345.6151,-2.307939,0.3910028,-4.43325,-12.4139,-34.2391,0.2803001,
2,59.132,2,5.901011,345.606,-2.303951,0.3904332,-4.43325,-12.4139,-34.2391,0.2803001,
2,59.142,2,5.900936,345.5872,-2.30564,0.3907245,-4.43325,-12.4139,-34.2391,0.2803001,
2,59.152,2,5.901196,345.5992,-2.301907,0.3900747,-4.43325,-12.4139,-34.2391,0.2803001,
2,59.162,2,5.901138,345.5976,-2.299584,0.3896848,-4.43325,-12.4139,-34.2391,0.2803001,
2,59.172,2,5.900893,345.5572,-2.302553,0.3902042,-4.43325,-12.4139,-34.2391,0.2803001,
2,59.182,2,5.900296,345.5745,-2.303193,0.3903521,-4.43325,-12.4139,-34.2391,0.2803001,
2,59.192,2,5.899566,345.5696,-2.302432,0.3902713,-4.43325,-12.4139,-34.2391,0.2803001,
2,59.202,2,5.901869,345.5287,-2.303382,0.3902801,-4.4414,-12.4139,-34.2402,0.2813988,
2,59.212,2,5.898623,345.5396,-2.296198,0.389277,-4.4414,-12.4139,-34.2402,0.2813988,
2,59.222,2,5.900051,345.5436,-2.28807,0.3878051,-4.4414,-12.4139,-34.2402,0.2813988,
2,59.232,2,5.8997,345.5253,-2.282896,0.3869511,-4.4414,-12.4139,-34.2402,0.2813988,
2,59.242,2,5.899475,345.5157,-2.276252,0.3858397,-4.4414,-12.4139,-34.2402,0.2813988,
2,59.252,2,5.899366,345.5035,-2.266999,0.3842783,-4.4414,-12.4139,-34.2402,0.2813988,
2,59.262,2,5.900461,345.4872,-2.251477,0.3815765,-4.4414,-12.4139,-34.2402,0.2813988,
2,59.272,2,5.898796,345.4535,-2.240503,0.3798237,-4.4414,-12.4139,-34.2402,0.2813988,
2,59.282,2,5.899592,345.446,-2.223608,0.3769087,-4.4414,-12.4139,-34.2402,0.2813988,
2,59.292,2,5.899309,345.4235,-2.207971,0.3742762,-4.4414,-12.4139,-34.2402,0.2813988,
2,59.302,2,5.899887,345.3962,-2.191666,0.371476,-4.4414,-12.4139,-34.2402,0.2813988,
2,59.312,2,5.900397,345.3762,-2.179479,0.3693784,-4.4414,-12.4139,-34.2402,0.2813988,
2,59.322,2,5.900828,345.3587,-2.165048,0.3669059,-4.4414,-12.4139,-34.2402,0.2813988,
2,59.332,2,5.900675,345.3326,-2.155201,0.3652466,-4.4414,-12.4139,-34.2402,0.2813988,
2,59.342,2,5.901788,345.3072,-2.142291,0.3629902,-4.4414,-12.4139,-34.2402,0.2813988,
2,59.352,2,5.897439,345.2901,-2.132602,0.3616149,-4.4414,-12.4139,-34.2402,0.2813988,

TotalTime
00:02:42.3218665
