Recipe, UpperSample, LowerSample, OtherInfo, Averaging, LogFrequency, Type, Radius,TestDate, Operator, Customer, RefStd, Temperature, RH, Liquid, LastCalibDate, LCFz, LCFx, Tip, OtherData, samplevsscratch only.Rx,,,,10,1000,Scratch,1,9/8/2026 11:32:46 AM,,,ASTM/ISO,,,N/A,N/A,,,,Linear: 0.1 to 6;3;2;1.016949,0.3,
Step, Timestamp, RecipeStep, DAQ.Fz (N),DAQ.CAP (um),DAQ.Fx (N),DAQ.COF (),XYZ.X Position (mm),XYZ.Y Position (mm),XYZ.Z Position (mm),XYZ.Z Depth (mm),
2,0.01,2,0.09651844,387.501,-0.01368452,0.1417814,7.21585,-7.6722,-33.8673,-0.004703522,
2,0.02,2,0.09705156,387.501,-0.01803645,0.185844,7.21585,-7.6722,-33.8673,-0.004703522,
2,0.03,2,0.09381679,387.5001,-0.0205816,0.2193808,7.21585,-7.6722,-33.8673,-0.004703522,
2,0.04,2,0.09317607,387.4935,-0.0209413,0.2247497,7.21585,-7.6722,-33.8673,-0.004703522,
2,0.05,2,0.09507605,387.5023,-0.01730636,0.1820265,7.21585,-7.6722,-33.8673,-0.004703522,
2,0.06,2,0.0979766,387.4989,-0.01527831,0.1559384,7.21585,-7.6722,-33.8673,-0.004703522,
2,0.07,2,0.09600782,387.4927,-0.01469173,0.1530264,7.21585,-7.6722,-33.8673,-0.004703522,
2,0.08,2,0.09526598,387.5017,-0.01517232,0.1592627,7.21585,-7.6722,-33.8673,-0.004703522,
2,0.09,2,0.09703942,387.4897,-0.01789495,0.1844091,7.21585,-7.6722,-33.8673,-0.004703522,
2,0.1,2,0.09925825,387.4858,-0.01293074,0.1302737,7.21585,-7.6722,-33.8673,-0.004703522,
2,0.11,2,0.09653595,387.4998,-0.01434636,0.1486116,7.21585,-7.6722,-33.8673,-0.004703522,
2,0.12,2,0.09352337,387.4872,-0.0136934,0.1464168,7.21585,-7.6722,-33.8673,-0.004703522,
2,0.13,2,0.09685629,387.5015,-0.01681282,0.1735852,7.21585,-7.6722,-33.8673,-0.004703522,
2,0.14,2,0.09737617,387.498,-0.01525448,0.1566552,7.21585,-7.6722,-33.8673,-0.004703522,
2,0.15,2,0.09773203,387.481,-0.01328892,0.1359731,7.21585,-7.6722,-33.8673,-0.004703522,
2,0.16,2,0.09723906,387.507,-0.01500992,0.154361,7.21585,-7.6722,-33.8673,-0.004703522,
2,0.17,2,0.09588058,387.4833,-0.01451929,0.1514309,7.21585,-7.6722,-33.8673,-0.004703522,
2,0.18,2,0.09649723,387.4907,-0.01439191,0.1491432,7.21585,-7.6722,-33.8673,-0.004703522,
2,0.19,2,0.09516386,387.4904,-0.01482017,0.1557332,7.21585,-7.6722,-33.8673,-0.004703522,
2,0.2,2,0.09245815,387.4838,-0.01378242,0.1490666,7.21585,-7.6722,-33.8673,-0.004703522,
2,0.21,2,0.09790836,387.4944,-0.01171029,0.1196046,7.21585,-7.6722,-33.8673,-0.004703522,
2,0.22,2,0.09170421,387.4984,-0.01309212,0.1427646,7.21585,-7.6722,-33.8673,-0.004703522,
2,0.23,2,0.09484825,387.4886,-0.01381447,0.1456482,7.21585,-7.6722,-33.8673,-0.004703522,
2,0.24,2,0.09363565,387.4701,-0.01627385,0.1737998,7.21585,-7.6722,-33.8673,-0.004703522,
2,0.25,2,0.09451091,387.5082,-0.01942107,0.2054902,7.21585,-7.6722,-33.8673,-0.004703522,
2,0.26,2,0.09608526,387.4949,-0.01810733,0.1884506,7.21585,-7.6722,-33.8673,-0.004703522,
2,0.27,2,0.09446353,387.4845,-0.01699621,0.1799235,7.21585,-7.6722,-33.8673,-0.004703522,
2,0.28,2,0.09357495,387.4783,-0.02011117,0.2149205,7.21585,-7.6722,-33.8673,-0.004703522,
2,0.29,2,0.09613962,387.478,-0.01651022,0.1717317,7.21585,-7.6722,-33.8673,-0.004703522,
2,0.3,2,0.09535709,387.4759,-0.01771695,0.1857959,7.21585,-7.6722,-33.8673,-0.004703522,
2,0.31,2,0.09688842,387.4489,-0.0196467,0.2027765,7.21585,-7.6722,-33.8673,-0.004703522,
2,0.32,2,0.09276361,387.4249,-0.0218733,0.2357962,7.21585,-7.6722,-33.8673,-0.004703522,
2,0.33,2,0.09655053,387.412,-0.02254994,0.2335559,7.21585,-7.6722,-33.8673,-0.004703522,
2,0.34,2,0.09657397,387.416,-0.01930816,0.1999312,7.21585,-7.6722,-33.8673,-0.004703522,
2,0.35,2,0.09529123,387.4034,-0.01996334,0.2094982,7.21585,-7.6722,-33.8673,-0.004703522,
2,0.36,2,0.09830867,387.4155,-0.0204611,0.2081312,7.21585,-7.6722,-33.8673,-0.004703522,
2,0.37,2,0.09880839,387.4193,-0.02204208,0.2230791,7.21585,-7.6722,-33.8673,-0.004703522,
2,0.38,2,0.09612542,387.415,-0.02124939,0.221059,7.21585,-7.6722,-33.8673,-0.004703522,
2,0.39,2,0.09573559,387.4058,-0.02026851,0.2117135,7.21585,-7.6722,-33.8673,-0.004703522,
2,0.4,2,0.09791777,387.4208,-0.02251001,0.2298869,7.21585,-7.6722,-33.8673,-0.004703522,
2,0.41,2,0.09783937,387.4141,-0.02041284,0.2086363,7.21585,-7.6722,-33.8673,-0.004703522,
2,0.42,2,0.09515677,387.4065,-0.01952982,0.2052384,7.21585,-7.6722,-33.8673,-0.004703522,
2,0.43,2,0.09790152,387.4144,-0.02063677,0.2107911,7.21585,-7.6722,-33.8673,-0.004703522,
2,0.44,2,0.09760295,387.4099,-0.0231489,0.2371742,7.21585,-7.6722,-33.8673,-0.004703522,
2,0.45,2,0.09647968,387.4075,-0.0227909,0.2362248,7.21585,-7.6722,-33.8673,-0.004703522,
2,0.46,2,0.09501426,387.4049,-0.02169246,0.2283074,7.21362,-7.6722,-33.8675,-0.004501343,
2,0.47,2,0.09602366,387.3997,-0.02368967,0.2467066,7.21362,-7.6722,-33.8675,-0.004501343,
2,0.48,2,0.09609228,387.3914,-0.02466463,0.2566765,7.21362,-7.6722,-33.8675,-0.004501343,
2,0.49,2,0.09632991,387.3954,-0.02276229,0.2362952,7.21362,-7.6722,-33.8675,-0.004501343,
2,0.5,2,0.09410083,387.3842,-0.02341293,0.2488069,7.21362,-7.6722,-33.8675,-0.004501343,
2,0.51,2,0.09516439,387.3936,-0.02054174,0.2158553,7.21362,-7.6722,-33.8675,-0.004501343,
2,0.52,2,0.09723264,387.401,-0.01982783,0.2039215,7.21362,-7.6722,-33.8675,-0.004501343,
2,0.53,2,0.1010907,387.3858,-0.0213586,0.2112816,7.21362,-7.6722,-33.8675,-0.004501343,
2,0.54,2,0.09586008,387.3346,-0.021247,0.221646,7.21362,-7.6722,-33.8675,-0.004501343,
2,0.55,2,0.09887308,387.3016,-0.02270766,0.2296648,7.21362,-7.6722,-33.8675,-0.004501343,
2,0.56,2,0.09961259,387.311,-0.02624491,0.2634698,7.21362,-7.6722,-33.8675,-0.004501343,
2,0.57,2,0.0988958,387.3039,-0.02407687,0.243457,7.21362,-7.6722,-33.8675,-0.004501343,
2,0.58,2,0.09732766,387.3082,-0.02145648,0.2204562,7.21362,-7.6722,-33.8675,-0.004501343,
2,0.59,2,0.1000116,387.3083,-0.02209766,0.2209509,7.21362,-7.6722,-33.8675,-0.004501343,
2,0.6,2,0.1007783,387.3105,-0.02270303,0.2252769,7.21362,-7.6722,-33.8675,-0.004501343,
2,0.61,2,0.1018736,387.2621,-0.02451759,0.2406667,7.21362,-7.6722,-33.8675,-0.004501343,
2,0.62,2,0.1002887,387.3078,-0.02259646,0.2253142,7.21362,-7.6722,-33.8675,-0.004501343,
2,0.63,2,0.102442,387.3003,-0.02027593,0.197926,7.21362,-7.6722,-33.8675,-0.004501343,
2,0.64,2,0.1044353,387.3039,-0.01961104,0.1877817,7.21362,-7.6722,-33.8675,-0.004501343,
2,0.65,2,0.1023895,387.2954,-0.02144663,0.2094611,7.21362,-7.6722,-33.8675,-0.004501343,
2,0.66,2,0.09965314,387.2931,-0.02137798,0.2145239,7.21362,-7.6722,-33.8675,-0.004501343,
2,0.67,2,0.09896559,387.252,-0.0269837,0.2726575,7.21362,-7.6722,-33.8675,-0.004501343,
2,0.68,2,0.1012914,387.291,-0.02411666,0.2380918,7.21007,-7.6722,-33.8678,-0.004199982,
2,0.69,2,0.1014961,387.2937,-0.0269769,0.2657925,7.21007,-7.6722,-33.8678,-0.004199982,
2,0.7,2,0.09977037,387.2855,-0.0313561,0.3142827,7.21007,-7.6722,-33.8678,-0.004199982,
2,0.71,2,0.09963635,387.2901,-0.03214648,0.3226381,7.21007,-7.6722,-33.8678,-0.004199982,
2,0.72,2,0.09956972,387.2741,-0.03181586,0.3195334,7.21007,-7.6722,-33.8678,-0.004199982,
2,0.73,2,0.09966011,387.2732,-0.03124138,0.3134792,7.21007,-7.6722,-33.8678,-0.004199982,
2,0.74,2,0.09916259,387.2895,-0.03201665,0.3228703,7.21007,-7.6722,-33.8678,-0.004199982,
2,0.75,2,0.09915695,387.2831,-0.0299289,0.3018336,7.21007,-7.6722,-33.8678,-0.004199982,
2,0.76,2,0.1054319,387.247,-0.02965587,0.2812798,7.21007,-7.6722,-33.8678,-0.004199982,
2,0.77,2,0.1032137,387.2061,-0.03106212,0.3009497,7.21007,-7.6722,-33.8678,-0.004199982,
2,0.78,2,0.1016539,387.2028,-0.03382552,0.3327519,7.21007,-7.6722,-33.8678,-0.004199982,
2,0.79,2,0.1025436,387.1912,-0.04091503,0.3990013,7.21007,-7.6722,-33.8678,-0.004199982,
2,0.8,2,0.1053578,387.205,-0.03012249,0.2859066,7.21007,-7.6722,-33.8678,-0.004199982,
2,0.81,2,0.1034784,387.198,-0.03445481,0.3329663,7.21007,-7.6722,-33.8678,-0.004199982,
2,0.82,2,0.103646,387.1953,-0.03317481,0.3200782,7.21007,-7.6722,-33.8678,-0.004199982,
2,0.83,2,0.1014532,387.1816,-0.03241899,0.3195463,7.21007,-7.6722,-33.8678,-0.004199982,
2,0.84,2,0.1026234,387.1742,-0.02592599,0.2526323,7.21007,-7.6722,-33.8678,-0.004199982,
2,0.85,2,0.1031583,387.2148,-0.0273679,0.2653001,7.21007,-7.6722,-33.8678,-0.004199982,
2,0.86,2,0.1043919,387.1694,-0.02552756,0.2445358,7.21007,-7.6722,-33.8678,-0.004199982,
2,0.87,2,0.1047896,387.1747,-0.02406139,0.2296162,7.21007,-7.6722,-33.8678,-0.004199982,
2,0.88,2,0.1048481,387.1704,-0.02898153,0.2764145,7.21007,-7.6722,-33.8678,-0.004199982,
2,0.89,2,0.1044666,387.173,-0.0305819,0.2927434,7.21007,-7.6722,-33.8678,-0.004199982,
2,0.9,2,0.1048229,387.1777,-0.02611829,0.2491658,7.20603,-7.6722,-33.8681,-0.003902435,
2,0.91,2,0.1056397,387.1771,-0.02425952,0.2296439,7.20603,-7.6722,-33.8681,-0.003902435,
2,0.92,2,0.1050433,387.1721,-0.02469054,0.2350511,7.20603,-7.6722,-33.8681,-0.003902435,
2,0.93,2,0.1034485,387.1771,-0.02571906,0.2486169,7.20603,-7.6722,-33.8681,-0.003902435,
2,0.94,2,0.1050893,387.174,-0.02922426,0.2780898,7.20603,-7.6722,-33.8681,-0.003902435,
2,0.95,2,0.1097532,387.1498,-0.02782172,0.2534934,7.20603,-7.6722,-33.8681,-0.003902435,
2,0.96,2,0.1078648,387.0848,-0.03255215,0.3017866,7.20603,-7.6722,-33.8681,-0.003902435,
2,0.97,2,0.1097322,387.0473,-0.02996427,0.2730672,7.20603,-7.6722,-33.8681,-0.003902435,
2,0.98,2,0.1104265,387.0476,-0.02559095,0.2317464,7.20603,-7.6722,-33.8681,-0.003902435,
2,0.99,2,0.1106292,387.0486,-0.02812917,0.2542652,7.20603,-7.6722,-33.8681,-0.003902435,
2,1,2,0.1137331,387.0668,-0.02379038,0.2091773,7.20603,-7.6722,-33.8681,-0.003902435,
2,1.01,2,0.1082502,387.0514,-0.02616857,0.2417415,7.20603,-7.6722,-33.8681,-0.003902435,
2,1.02,2,0.1119512,387.0525,-0.02898587,0.2589152,7.20603,-7.6722,-33.8681,-0.003902435,
2,1.03,2,0.1112635,387.0473,-0.02887207,0.2594927,7.20603,-7.6722,-33.8681,-0.003902435,
2,1.04,2,0.1085673,387.0506,-0.03733538,0.3438918,7.20603,-7.6722,-33.8681,-0.003902435,
2,1.05,2,0.1085638,387.0394,-0.03617781,0.3332401,7.20603,-7.6722,-33.8681,-0.003902435,
2,1.06,2,0.1102051,387.0382,-0.03016938,0.2737566,7.20603,-7.6722,-33.8681,-0.003902435,
2,1.07,2,0.1131458,387.0437,-0.0266987,0.2359672,7.20603,-7.6722,-33.8681,-0.003902435,
2,1.08,2,0.1100226,387.0144,-0.02729081,0.2480473,7.20603,-7.6722,-33.8681,-0.003902435,
2,1.09,2,0.1103737,387.0292,-0.02803764,0.2540246,7.20603,-7.6722,-33.8681,-0.003902435,
2,1.1,2,0.110684,387.0258,-0.02893221,0.2613947,7.20278,-7.6722,-33.8685,-0.003501892,
2,1.11,2,0.1123068,387.0286,-0.03067764,0.2731593,7.20278,-7.6722,-33.8685,-0.003501892,
2,1.12,2,0.1112155,387.0196,-0.03644572,0.3277035,7.20278,-7.6722,-33.8685,-0.003501892,
2,1.13,2,0.1096912,387.0193,-0.03741225,0.3410689,7.20278,-7.6722,-33.8685,-0.003501892,
2,1.14,2,0.1128986,387.0349,-0.0291676,0.2583522,7.20278,-7.6722,-33.8685,-0.003501892,
2,1.15,2,0.1148026,387.0229,-0.02781728,0.2423053,7.20278,-7.6722,-33.8685,-0.003501892,
2,1.16,2,0.1127963,387.0253,-0.02605938,0.2310304,7.20278,-7.6722,-33.8685,-0.003501892,
2,1.17,2,0.1144918,387.0263,-0.02705581,0.2363122,7.20278,-7.6722,-33.8685,-0.003501892,
2,1.18,2,0.115686,386.9507,-0.02683716,0.2319828,7.20278,-7.6722,-33.8685,-0.003501892,
2,1.19,2,0.116674,386.9312,-0.0297562,0.2550371,7.20278,-7.6722,-33.8685,-0.003501892,
2,1.2,2,0.1169446,386.8827,-0.03617654,0.3093475,7.20278,-7.6722,-33.8685,-0.003501892,
2,1.21,2,0.1164321,386.9014,-0.03557476,0.3055409,7.20278,-7.6722,-33.8685,-0.003501892,
2,1.22,2,0.1187615,386.9088,-0.02952849,0.2486369,7.20278,-7.6722,-33.8685,-0.003501892,
2,1.23,2,0.1168177,386.9006,-0.0294747,0.2523137,7.20278,-7.6722,-33.8685,-0.003501892,
2,1.24,2,0.1177822,386.903,-0.02929976,0.2487621,7.20278,-7.6722,-33.8685,-0.003501892,
2,1.25,2,0.1154022,386.8994,-0.02779129,0.2408211,7.20278,-7.6722,-33.8685,-0.003501892,
2,1.26,2,0.1184028,386.9539,-0.02857539,0.2413405,7.20278,-7.6722,-33.8685,-0.003501892,
2,1.27,2,0.1197398,386.902,-0.02898271,0.2420474,7.20278,-7.6722,-33.8685,-0.003501892,
2,1.28,2,0.118316,386.8935,-0.02962403,0.2503806,7.20278,-7.6722,-33.8685,-0.003501892,
2,1.29,2,0.119151,386.8916,-0.02744639,0.2303495,7.20278,-7.6722,-33.8685,-0.003501892,
2,1.3,2,0.1202248,386.891,-0.02912838,0.2422826,7.20278,-7.6722,-33.8685,-0.003501892,
2,1.31,2,0.118919,386.895,-0.02892712,0.2432506,7.20278,-7.6722,-33.8685,-0.003501892,
2,1.32,2,0.1186412,386.8923,-0.03041941,0.2563983,7.20278,-7.6722,-33.8685,-0.003501892,
2,1.33,2,0.1193278,386.8844,-0.02907435,0.243651,7.20278,-7.6722,-33.8685,-0.003501892,
2,1.34,2,0.1203301,386.8866,-0.02971816,0.2469719,7.19895,-7.6722,-33.8689,-0.003101349,
2,1.35,2,0.1181555,386.8885,-0.02905087,0.2458697,7.19895,-7.6722,-33.8689,-0.003101349,
2,1.36,2,0.116849,386.8799,-0.02986173,0.2555582,7.19895,-7.6722,-33.8689,-0.003101349,
2,1.37,2,0.1171607,386.8806,-0.03018072,0.2576012,7.19895,-7.6722,-33.8689,-0.003101349,
2,1.38,2,0.1188545,386.9037,-0.03120156,0.2625189,7.19895,-7.6722,-33.8689,-0.003101349,
2,1.39,2,0.119352,386.8761,-0.02905584,0.2434467,7.19895,-7.6722,-33.8689,-0.003101349,
2,1.4,2,0.1177076,386.8664,-0.02900491,0.246415,7.19895,-7.6722,-33.8689,-0.003101349,
2,1.41,2,0.1197795,386.8759,-0.0285614,0.2384499,7.19895,-7.6722,-33.8689,-0.003101349,
2,1.42,2,0.12429,386.8312,-0.0288389,0.2320291,7.19895,-7.6722,-33.8689,-0.003101349,
2,1.43,2,0.124361,386.794,-0.02892943,0.2326247,7.19895,-7.6722,-33.8689,-0.003101349,
2,1.44,2,0.1276573,386.7627,-0.0306739,0.2402831,7.19895,-7.6722,-33.8689,-0.003101349,
2,1.45,2,0.1259227,386.7646,-0.03155836,0.250617,7.19895,-7.6722,-33.8689,-0.003101349,
2,1.46,2,0.1270782,386.7537,-0.03899153,0.306831,7.19895,-7.6722,-33.8689,-0.003101349,
2,1.47,2,0.1255265,386.7578,-0.03798173,0.3025794,7.19895,-7.6722,-33.8689,-0.003101349,
2,1.48,2,0.1254491,386.7465,-0.03924291,0.3128195,7.19895,-7.6722,-33.8689,-0.003101349,
2,1.49,2,0.1265973,386.7368,-0.03881859,0.3066304,7.19895,-7.6722,-33.8689,-0.003101349,
2,1.5,2,0.1259592,386.7392,-0.03959937,0.3143826,7.19895,-7.6722,-33.8689,-0.003101349,
2,1.51,2,0.1278044,386.7418,-0.03890086,0.3043782,7.19895,-7.6722,-33.8689,-0.003101349,
2,1.52,2,0.1265689,386.7372,-0.04145858,0.3275574,7.19895,-7.6722,-33.8689,-0.003101349,
2,1.53,2,0.1258449,386.744,-0.04027553,0.3200409,7.19895,-7.6722,-33.8689,-0.003101349,
2,1.54,2,0.1258459,386.7469,-0.04179171,0.3320865,7.19895,-7.6722,-33.8689,-0.003101349,
2,1.55,2,0.1273495,386.7239,-0.04035678,0.3168979,7.19895,-7.6722,-33.8689,-0.003101349,
2,1.56,2,0.1274906,386.7585,-0.04009261,0.3144751,7.1949,-7.6722,-33.8694,-0.002601624,
2,1.57,2,0.1267185,386.7365,-0.03729719,0.294331,7.1949,-7.6722,-33.8694,-0.002601624,
2,1.58,2,0.1277768,386.7394,-0.03978124,0.3113338,7.1949,-7.6722,-33.8694,-0.002601624,
2,1.59,2,0.1250055,386.7312,-0.04020475,0.3216237,7.1949,-7.6722,-33.8694,-0.002601624,
2,1.6,2,0.1268711,386.7297,-0.04166233,0.3283832,7.1949,-7.6722,-33.8694,-0.002601624,
2,1.61,2,0.122456,386.737,-0.04238875,0.346155,7.1949,-7.6722,-33.8694,-0.002601624,
2,1.62,2,0.122694,386.7347,-0.03964191,0.3230957,7.1949,-7.6722,-33.8694,-0.002601624,
2,1.63,2,0.1272845,386.7297,-0.04067331,0.3195466,7.1949,-7.6722,-33.8694,-0.002601624,
2,1.64,2,0.1278971,386.6949,-0.04136317,0.3234099,7.1949,-7.6722,-33.8694,-0.002601624,
2,1.65,2,0.130834,386.6278,-0.04414568,0.3374175,7.1949,-7.6722,-33.8694,-0.002601624,
2,1.66,2,0.13233,386.5972,-0.04369076,0.3301653,7.1949,-7.6722,-33.8694,-0.002601624,
2,1.67,2,0.1330061,386.615,-0.04091088,0.3075866,7.1949,-7.6722,-33.8694,-0.002601624,
2,1.68,2,0.1342711,386.6099,-0.03385758,0.2521584,7.1949,-7.6722,-33.8694,-0.002601624,
2,1.69,2,0.1355695,386.5984,-0.03236714,0.2387494,7.1949,-7.6722,-33.8694,-0.002601624,
2,1.7,2,0.1349016,386.5964,-0.0446507,0.3309873,7.1949,-7.6722,-33.8694,-0.002601624,
2,1.71,2,0.1305854,386.5931,-0.04496545,0.3443376,7.1949,-7.6722,-33.8694,-0.002601624,
2,1.72,2,0.1326331,386.5833,-0.03714797,0.2800807,7.1949,-7.6722,-33.8694,-0.002601624,
2,1.73,2,0.1368635,386.5755,-0.03605118,0.2634098,7.1949,-7.6722,-33.8694,-0.002601624,
2,1.74,2,0.1311302,386.5796,-0.04323501,0.3297105,7.1949,-7.6722,-33.8694,-0.002601624,
2,1.75,2,0.1319618,386.5749,-0.03881442,0.2941338,7.1949,-7.6722,-33.8694,-0.002601624,
2,1.76,2,0.1346546,386.5712,-0.03453771,0.2564911,7.1949,-7.6722,-33.8694,-0.002601624,
2,1.77,2,0.1352189,386.5888,-0.03472029,0.256771,7.1949,-7.6722,-33.8694,-0.002601624,
2,1.78,2,0.1341445,386.5773,-0.03729538,0.2780238,7.1911,-7.6722,-33.8699,-0.002101898,
2,1.79,2,0.1327366,386.6057,-0.03828774,0.288449,7.1911,-7.6722,-33.8699,-0.002101898,
2,1.8,2,0.1334138,386.5686,-0.03828009,0.2869276,7.1911,-7.6722,-33.8699,-0.002101898,
2,1.81,2,0.1361333,386.5783,-0.03868236,0.2841507,7.1911,-7.6722,-33.8699,-0.002101898,
2,1.82,2,0.1312634,386.5658,-0.03865507,0.2944848,7.1911,-7.6722,-33.8699,-0.002101898,
2,1.83,2,0.1302385,386.5716,-0.03802468,0.2919619,7.1911,-7.6722,-33.8699,-0.002101898,
2,1.84,2,0.1339075,386.5702,-0.0340304,0.2541337,7.1911,-7.6722,-33.8699,-0.002101898,
2,1.85,2,0.1332475,386.5644,-0.04428439,0.3323469,7.1911,-7.6722,-33.8699,-0.002101898,
2,1.86,2,0.1348308,386.5581,-0.04400934,0.3264043,7.1911,-7.6722,-33.8699,-0.002101898,
2,1.87,2,0.1376944,386.5,-0.04059171,0.2947956,7.1911,-7.6722,-33.8699,-0.002101898,
2,1.88,2,0.1381863,386.4512,-0.04651351,0.3366,7.1911,-7.6722,-33.8699,-0.002101898,
2,1.89,2,0.1407496,386.4407,-0.04459931,0.3168699,7.1911,-7.6722,-33.8699,-0.002101898,
2,1.9,2,0.140011,386.446,-0.04393682,0.3138097,7.1911,-7.6722,-33.8699,-0.002101898,
2,1.91,2,0.1434494,386.417,-0.04741576,0.33054,7.1911,-7.6722,-33.8699,-0.002101898,
2,1.92,2,0.1437716,386.4319,-0.04646416,0.3231804,7.1911,-7.6722,-33.8699,-0.002101898,
2,1.93,2,0.1423527,386.4374,-0.04668682,0.3279658,7.1911,-7.6722,-33.8699,-0.002101898,
2,1.94,2,0.142511,386.4339,-0.04247492,0.2980466,7.1911,-7.6722,-33.8699,-0.002101898,
2,1.95,2,0.1417719,386.4211,-0.04551755,0.321062,7.1911,-7.6722,-33.8699,-0.002101898,
2,1.96,2,0.1445758,386.4287,-0.04441305,0.3071956,7.1911,-7.6722,-33.8699,-0.002101898,
2,1.97,2,0.1441162,386.4026,-0.04758831,0.3302079,7.1911,-7.6722,-33.8699,-0.002101898,
2,1.98,2,0.1412665,386.4297,-0.0451802,0.3198226,7.1911,-7.6722,-33.8699,-0.002101898,
2,1.99,2,0.1413825,386.4416,-0.04374977,0.3094426,7.18785,-7.6722,-33.8705,-0.001502991,
2,2,2,0.1432984,386.4243,-0.04415178,0.3081108,7.18785,-7.6722,-33.8705,-0.001502991,
2,2.01,2,0.1428512,386.4057,-0.04683325,0.3278463,7.18785,-7.6722,-33.8705,-0.001502991,
2,2.02,2,0.1429196,386.3955,-0.04012395,0.2807448,7.18785,-7.6722,-33.8705,-0.001502991,
2,2.03,2,0.1426796,386.375,-0.04621776,0.3239269,7.18785,-7.6722,-33.8705,-0.001502991,
2,2.04,2,0.1424402,386.4153,-0.04811862,0.3378162,7.18785,-7.6722,-33.8705,-0.001502991,
2,2.05,2,0.1419509,386.4078,-0.04659135,0.3282216,7.18785,-7.6722,-33.8705,-0.001502991,
2,2.06,2,0.1393834,386.4141,-0.04832067,0.3466746,7.18785,-7.6722,-33.8705,-0.001502991,
2,2.07,2,0.1448767,386.3869,-0.04728667,0.3263924,7.18785,-7.6722,-33.8705,-0.001502991,
2,2.08,2,0.151236,386.3183,-0.04674258,0.3090704,7.18785,-7.6722,-33.8705,-0.001502991,
2,2.09,2,0.1481595,386.2968,-0.0493016,0.3327603,7.18785,-7.6722,-33.8705,-0.001502991,
2,2.1,2,0.150324,386.2761,-0.04701788,0.3127769,7.18785,-7.6722,-33.8705,-0.001502991,
2,2.11,2,0.1513062,386.2661,-0.05082281,0.3358937,7.18785,-7.6722,-33.8705,-0.001502991,
2,2.12,2,0.150612,386.2687,-0.05021937,0.3334353,7.18785,-7.6722,-33.8705,-0.001502991,
2,2.13,2,0.1509524,386.2672,-0.04942835,0.3274434,7.18785,-7.6722,-33.8705,-0.001502991,
2,2.14,2,0.1512813,386.2902,-0.05161895,0.3412117,7.18785,-7.6722,-33.8705,-0.001502991,
2,2.15,2,0.1505204,386.2745,-0.05025417,0.3338695,7.18785,-7.6722,-33.8705,-0.001502991,
2,2.16,2,0.1527131,386.2692,-0.04925575,0.3225378,7.18785,-7.6722,-33.8705,-0.001502991,
2,2.17,2,0.1503264,386.2766,-0.05065821,0.336988,7.18785,-7.6722,-33.8705,-0.001502991,
2,2.18,2,0.1482809,386.2829,-0.04980376,0.3358744,7.18785,-7.6722,-33.8705,-0.001502991,
2,2.19,2,0.150134,386.2663,-0.05049427,0.3363281,7.18785,-7.6722,-33.8705,-0.001502991,
2,2.2,2,0.1515023,386.2646,-0.04166079,0.2749845,7.18785,-7.6722,-33.8705,-0.001502991,
2,2.21,2,0.1508949,386.2612,-0.04109802,0.272362,7.18785,-7.6722,-33.8705,-0.001502991,
2,2.22,2,0.1511687,386.2599,-0.04178494,0.2764126,7.18377,-7.6722,-33.871,-0.001003265,
2,2.23,2,0.15022,386.2616,-0.04261565,0.2836882,7.18377,-7.6722,-33.871,-0.001003265,
2,2.24,2,0.1510321,386.252,-0.04978792,0.3296514,7.18377,-7.6722,-33.871,-0.001003265,
2,2.25,2,0.1494352,386.2466,-0.0509482,0.3409384,7.18377,-7.6722,-33.871,-0.001003265,
2,2.26,2,0.1512534,386.2401,-0.04476029,0.2959291,7.18377,-7.6722,-33.871,-0.001003265,
2,2.27,2,0.1494921,386.228,-0.04305309,0.2879958,7.18377,-7.6722,-33.871,-0.001003265,
2,2.28,2,0.1520945,386.2438,-0.04548777,0.2990758,7.18377,-7.6722,-33.871,-0.001003265,
2,2.29,2,0.1530657,386.2469,-0.04907873,0.3206384,7.18377,-7.6722,-33.871,-0.001003265,
2,2.3,2,0.154793,386.1852,-0.04399663,0.2842288,7.18377,-7.6722,-33.871,-0.001003265,
2,2.31,2,0.1581321,386.1389,-0.04912755,0.3106741,7.18377,-7.6722,-33.871,-0.001003265,
2,2.32,2,0.1620638,386.1252,-0.04997054,0.3083386,7.18377,-7.6722,-33.871,-0.001003265,
2,2.33,2,0.1623092,386.1122,-0.05071491,0.3124587,7.18377,-7.6722,-33.871,-0.001003265,
2,2.34,2,0.1587223,386.1053,-0.04763092,0.3000896,7.18377,-7.6722,-33.871,-0.001003265,
2,2.35,2,0.1619187,386.1028,-0.04889295,0.3019599,7.18377,-7.6722,-33.871,-0.001003265,
2,2.36,2,0.1625693,386.0928,-0.05188972,0.3191853,7.18377,-7.6722,-33.871,-0.001003265,
2,2.37,2,0.1597706,386.0992,-0.05274716,0.3301431,7.18377,-7.6722,-33.871,-0.001003265,
2,2.38,2,0.157296,386.0491,-0.05221589,0.3319595,7.18377,-7.6722,-33.871,-0.001003265,
2,2.39,2,0.1625232,386.1023,-0.04950264,0.3045882,7.18377,-7.6722,-33.871,-0.001003265,
2,2.4,2,0.1604722,386.0959,-0.04909397,0.3059345,7.18377,-7.6722,-33.871,-0.001003265,
2,2.41,2,0.1606382,386.0976,-0.04834559,0.3009594,7.18377,-7.6722,-33.871,-0.001003265,
2,2.42,2,0.1601907,386.0877,-0.04851342,0.302848,7.18377,-7.6722,-33.871,-0.001003265,
2,2.43,2,0.1608538,386.0955,-0.04844744,0.3011892,7.18377,-7.6722,-33.871,-0.001003265,
2,2.44,2,0.1611237,386.0721,-0.05149946,0.3196268,7.18377,-7.6722,-33.871,-0.001003265,
2,2.45,2,0.1609656,386.0835,-0.04942997,0.307084,7.17998,-7.6722,-33.8716,-0.0004005432,
2,2.46,2,0.1602198,386.0854,-0.05043459,0.3147838,7.17998,-7.6722,-33.8716,-0.0004005432,
2,2.47,2,0.1608922,386.0816,-0.04830674,0.3002429,7.17998,-7.6722,-33.8716,-0.0004005432,
2,2.48,2,0.162137,386.0907,-0.05045721,0.3112011,7.17998,-7.6722,-33.8716,-0.0004005432,
2,2.49,2,0.1598337,386.07,-0.0478782,0.29955,7.17998,-7.6722,-33.8716,-0.0004005432,
2,2.5,2,0.1612563,386.0702,-0.04697258,0.2912914,7.17998,-7.6722,-33.8716,-0.0004005432,
2,2.51,2,0.1610751,386.0838,-0.05016477,0.3114371,7.17998,-7.6722,-33.8716,-0.0004005432,
2,2.52,2,0.1651708,386.0547,-0.04793877,0.2902376,7.17998,-7.6722,-33.8716,-0.0004005432,
2,2.53,2,0.1670015,385.9888,-0.04998257,0.2992941,7.17998,-7.6722,-33.8716,-0.0004005432,
2,2.54,2,0.1693393,385.9578,-0.04779563,0.2822478,7.17998,-7.6722,-33.8716,-0.0004005432,
2,2.55,2,0.172141,385.9583,-0.05377709,0.3124014,7.17998,-7.6722,-33.8716,-0.0004005432,
2,2.56,2,0.172605,385.9619,-0.05432788,0.3147526,7.17998,-7.6722,-33.8716,-0.0004005432,
2,2.57,2,0.1687638,385.9414,-0.05369197,0.3181486,7.17998,-7.6722,-33.8716,-0.0004005432,
2,2.58,2,0.1702697,385.9413,-0.05729898,0.336519,7.17998,-7.6722,-33.8716,-0.0004005432,
2,2.59,2,0.1712099,385.9146,-0.05616981,0.3280758,7.17998,-7.6722,-33.8716,-0.0004005432,
2,2.6,2,0.1698614,385.9212,-0.05857667,0.3448497,7.17998,-7.6722,-33.8716,-0.0004005432,
2,2.61,2,0.1682111,385.9364,-0.05816433,0.3457817,7.17998,-7.6722,-33.8716,-0.0004005432,
2,2.62,2,0.171626,385.9362,-0.05789199,0.3373147,7.17998,-7.6722,-33.8716,-0.0004005432,
2,2.63,2,0.1722421,385.9157,-0.05788532,0.3360695,7.17998,-7.6722,-33.8716,-0.0004005432,
2,2.64,2,0.1713021,385.9069,-0.05766521,0.3366287,7.17998,-7.6722,-33.8716,-0.0004005432,
2,2.65,2,0.1708376,385.9122,-0.0586468,0.3432898,7.17618,-7.6722,-33.8723,0.0002975464,
2,2.66,2,0.1706476,385.9211,-0.05738579,0.3362825,7.17618,-7.6722,-33.8723,0.0002975464,
2,2.67,2,0.1714483,385.9132,-0.05907504,0.3445647,7.17618,-7.6722,-33.8723,0.0002975464,
2,2.68,2,0.1701671,385.9002,-0.05895235,0.3464379,7.17618,-7.6722,-33.8723,0.0002975464,
2,2.69,2,0.170701,385.9124,-0.0582948,0.3415025,7.17618,-7.6722,-33.8723,0.0002975464,
2,2.7,2,0.1735539,385.9073,-0.05800644,0.3342273,7.17618,-7.6722,-33.8723,0.0002975464,
2,2.71,2,0.1717516,385.9052,-0.05738923,0.3341409,7.17618,-7.6722,-33.8723,0.0002975464,
2,2.72,2,0.1723947,385.8934,-0.0572565,0.3321245,7.17618,-7.6722,-33.8723,0.0002975464,
2,2.73,2,0.1766653,385.8431,-0.05864786,0.3319716,7.17618,-7.6722,-33.8723,0.0002975464,
2,2.74,2,0.1773689,385.7854,-0.05929977,0.3343301,7.17618,-7.6722,-33.8723,0.0002975464,
2,2.75,2,0.1809979,385.7701,-0.06096649,0.3368353,7.17618,-7.6722,-33.8723,0.0002975464,
2,2.76,2,0.1823732,385.7637,-0.06018113,0.3299889,7.17618,-7.6722,-33.8723,0.0002975464,
2,2.77,2,0.1824399,385.78,-0.05961846,0.3267841,7.17618,-7.6722,-33.8723,0.0002975464,
2,2.78,2,0.1815307,385.7767,-0.06007484,0.3309349,7.17618,-7.6722,-33.8723,0.0002975464,
2,2.79,2,0.1792306,385.7581,-0.06134606,0.3422746,7.17618,-7.6722,-33.8723,0.0002975464,
2,2.8,2,0.1788605,385.7687,-0.06043515,0.3378898,7.17618,-7.6722,-33.8723,0.0002975464,
2,2.81,2,0.1811833,385.7652,-0.05817087,0.3210609,7.17618,-7.6722,-33.8723,0.0002975464,
2,2.82,2,0.1818716,385.7659,-0.06123121,0.3366727,7.17618,-7.6722,-33.8723,0.0002975464,
2,2.83,2,0.1802937,385.7615,-0.06107596,0.3387581,7.17618,-7.6722,-33.8723,0.0002975464,
2,2.84,2,0.178393,385.7566,-0.05237143,0.2935733,7.17618,-7.6722,-33.8723,0.0002975464,
2,2.85,2,0.1813943,385.7432,-0.05016543,0.2765545,7.17618,-7.6722,-33.8723,0.0002975464,
2,2.86,2,0.1799263,385.7581,-0.05187399,0.2883069,7.17618,-7.6722,-33.8723,0.0002975464,
2,2.87,2,0.1813367,385.7425,-0.05071814,0.2796904,7.17265,-7.6722,-33.8729,0.0008964539,
2,2.88,2,0.1791975,385.7428,-0.05369081,0.2996182,7.17265,-7.6722,-33.8729,0.0008964539,
2,2.89,2,0.1782364,385.7511,-0.05041542,0.2828571,7.17265,-7.6722,-33.8729,0.0008964539,
2,2.9,2,0.1815541,385.7433,-0.04907546,0.2703077,7.17265,-7.6722,-33.8729,0.0008964539,
2,2.91,2,0.1805082,385.7396,-0.05146342,0.285103,7.17265,-7.6722,-33.8729,0.0008964539,
2,2.92,2,0.1806892,385.7426,-0.0491428,0.2719743,7.17265,-7.6722,-33.8729,0.0008964539,
2,2.93,2,0.1819822,385.7413,-0.05040755,0.2769916,7.17265,-7.6722,-33.8729,0.0008964539,
2,2.94,2,0.181199,385.7404,-0.05277267,0.2912416,7.17265,-7.6722,-33.8729,0.0008964539,
2,2.95,2,0.1848143,385.7341,-0.05508746,0.2980691,7.17265,-7.6722,-33.8729,0.0008964539,
2,2.96,2,0.1851073,385.6563,-0.05397707,0.2915988,7.17265,-7.6722,-33.8729,0.0008964539,
2,2.97,2,0.1888833,385.6647,-0.05564344,0.2945917,7.17265,-7.6722,-33.8729,0.0008964539,
2,2.98,2,0.1923591,385.601,-0.05528944,0.2874283,7.17265,-7.6722,-33.8729,0.0008964539,
2,2.99,2,0.1899418,385.6003,-0.05547174,0.292046,7.17265,-7.6722,-33.8729,0.0008964539,
2,3,2,0.1896406,385.5978,-0.05497628,0.2898972,7.17265,-7.6722,-33.8729,0.0008964539,
2,3.01,2,0.1924666,385.5971,-0.0549195,0.2853456,7.17265,-7.6722,-33.8729,0.0008964539,
2,3.02,2,0.1916572,385.5986,-0.05643811,0.2944742,7.17265,-7.6722,-33.8729,0.0008964539,
2,3.03,2,0.1879539,385.6417,-0.05745674,0.305696,7.17265,-7.6722,-33.8729,0.0008964539,
2,3.04,2,0.1903426,385.5932,-0.05606062,0.2945247,7.17265,-7.6722,-33.8729,0.0008964539,
2,3.05,2,0.1919338,385.5837,-0.05674965,0.295673,7.17265,-7.6722,-33.8729,0.0008964539,
2,3.06,2,0.1901962,385.5866,-0.05678414,0.2985555,7.17265,-7.6722,-33.8729,0.0008964539,
2,3.07,2,0.1926944,385.5807,-0.0572089,0.2968893,7.17265,-7.6722,-33.8729,0.0008964539,
2,3.08,2,0.1877263,385.6021,-0.05485736,0.2922199,7.17265,-7.6722,-33.8729,0.0008964539,
2,3.09,2,0.189006,385.5891,-0.05475452,0.2896972,7.17265,-7.6722,-33.8729,0.0008964539,
2,3.1,2,0.1919161,385.5756,-0.05324855,0.2774574,7.17265,-7.6722,-33.8729,0.0008964539,
2,3.11,2,0.1897207,385.5688,-0.05590979,0.2946952,7.16888,-7.6722,-33.8735,0.001499176,
2,3.12,2,0.1885803,385.5733,-0.05379248,0.2852497,7.16888,-7.6722,-33.8735,0.001499176,
2,3.13,2,0.1913514,385.5692,-0.05394344,0.2819077,7.16888,-7.6722,-33.8735,0.001499176,
2,3.14,2,0.1903486,385.5634,-0.05487765,0.2883008,7.16888,-7.6722,-33.8735,0.001499176,
2,3.15,2,0.1900345,385.5683,-0.05589222,0.2941162,7.16888,-7.6722,-33.8735,0.001499176,
2,3.16,2,0.1902834,385.5544,-0.05543709,0.2913395,7.16888,-7.6722,-33.8735,0.001499176,
2,3.17,2,0.1940192,385.5446,-0.05576715,0.2874311,7.16888,-7.6722,-33.8735,0.001499176,
2,3.18,2,0.1984894,385.5228,-0.05606206,0.2824436,7.16888,-7.6722,-33.8735,0.001499176,
2,3.19,2,0.1999705,385.4627,-0.05823194,0.2912027,7.16888,-7.6722,-33.8735,0.001499176,
2,3.2,2,0.2025549,385.4338,-0.05902644,0.2914096,7.16888,-7.6722,-33.8735,0.001499176,
2,3.21,2,0.203004,385.3739,-0.06670992,0.3286139,7.16888,-7.6722,-33.8735,0.001499176,
2,3.22,2,0.2026082,385.4176,-0.06902133,0.3406641,7.16888,-7.6722,-33.8735,0.001499176,
2,3.23,2,0.2014984,385.4172,-0.06529225,0.3240336,7.16888,-7.6722,-33.8735,0.001499176,
2,3.24,2,0.205007,385.4099,-0.05987832,0.2920795,7.16888,-7.6722,-33.8735,0.001499176,
2,3.25,2,0.2046226,385.4,-0.05944424,0.2905068,7.16888,-7.6722,-33.8735,0.001499176,
2,3.26,2,0.2043894,385.3975,-0.05923378,0.2898085,7.16888,-7.6722,-33.8735,0.001499176,
2,3.27,2,0.2014715,385.4032,-0.06137604,0.3046389,7.16888,-7.6722,-33.8735,0.001499176,
2,3.28,2,0.2033465,385.3988,-0.06278767,0.3087718,7.16888,-7.6722,-33.8735,0.001499176,
2,3.29,2,0.2051494,385.3978,-0.06370316,0.3105209,7.16888,-7.6722,-33.8735,0.001499176,
2,3.3,2,0.2019947,385.3886,-0.06383873,0.3160415,7.1656,-7.6722,-33.8742,0.002197266,
2,3.31,2,0.2028,385.3977,-0.06310642,0.3111757,7.1656,-7.6722,-33.8742,0.002197266,
2,3.32,2,0.2039287,385.3944,-0.05948359,0.2916881,7.1656,-7.6722,-33.8742,0.002197266,
2,3.33,2,0.20326,385.394,-0.06061429,0.2982106,7.1656,-7.6722,-33.8742,0.002197266,
2,3.34,2,0.2035545,385.379,-0.06044656,0.2969552,7.1656,-7.6722,-33.8742,0.002197266,
2,3.35,2,0.2049598,385.3702,-0.0600665,0.2930648,7.1656,-7.6722,-33.8742,0.002197266,
2,3.36,2,0.204184,385.3849,-0.05914637,0.2896719,7.1656,-7.6722,-33.8742,0.002197266,
2,3.37,2,0.2062484,385.3878,-0.05769158,0.2797188,7.1656,-7.6722,-33.8742,0.002197266,
2,3.38,2,0.2067677,385.3778,-0.05840711,0.2824769,7.1656,-7.6722,-33.8742,0.002197266,
2,3.39,2,0.2089434,385.3282,-0.05824604,0.2787647,7.1656,-7.6722,-33.8742,0.002197266,
2,3.4,2,0.2138722,385.2779,-0.0598562,0.279869,7.1656,-7.6722,-33.8742,0.002197266,
2,3.41,2,0.2157761,385.2662,-0.06296764,0.2918193,7.1656,-7.6722,-33.8742,0.002197266,
2,3.42,2,0.2169537,385.2578,-0.06387322,0.2944095,7.1656,-7.6722,-33.8742,0.002197266,
2,3.43,2,0.2169772,385.2367,-0.06354208,0.2928514,7.1656,-7.6722,-33.8742,0.002197266,
2,3.44,2,0.2143454,385.2633,-0.06427099,0.2998477,7.1656,-7.6722,-33.8742,0.002197266,
2,3.45,2,0.2146759,385.2469,-0.06727167,0.3133639,7.1656,-7.6722,-33.8742,0.002197266,
2,3.46,2,0.2147428,385.2538,-0.06734058,0.3135871,7.1656,-7.6722,-33.8742,0.002197266,
2,3.47,2,0.2145355,385.2395,-0.06602546,0.3077601,7.1656,-7.6722,-33.8742,0.002197266,
2,3.48,2,0.2167029,385.2453,-0.06285564,0.2900544,7.1656,-7.6722,-33.8742,0.002197266,
2,3.49,2,0.216573,385.2365,-0.06375399,0.2943765,7.1656,-7.6722,-33.8742,0.002197266,
2,3.5,2,0.2157283,385.2286,-0.06346139,0.2941727,7.1656,-7.6722,-33.8742,0.002197266,
2,3.51,2,0.2169248,385.2303,-0.06268963,0.2889925,7.16208,-7.6722,-33.8748,0.002799988,
2,3.52,2,0.2166978,385.2262,-0.06705704,0.3094495,7.16208,-7.6722,-33.8748,0.002799988,
2,3.53,2,0.2153673,385.2202,-0.06702636,0.3112188,7.16208,-7.6722,-33.8748,0.002799988,
2,3.54,2,0.2126098,385.2215,-0.07293327,0.3430381,7.16208,-7.6722,-33.8748,0.002799988,
2,3.55,2,0.2129953,385.224,-0.07404315,0.3476281,7.16208,-7.6722,-33.8748,0.002799988,
2,3.56,2,0.2145883,385.231,-0.07171258,0.3341868,7.16208,-7.6722,-33.8748,0.002799988,
2,3.57,2,0.2165251,385.2216,-0.07553686,0.3488595,7.16208,-7.6722,-33.8748,0.002799988,
2,3.58,2,0.2192841,385.1809,-0.07607022,0.3469026,7.16208,-7.6722,-33.8748,0.002799988,
2,3.59,2,0.2199428,385.1234,-0.07678936,0.3491333,7.16208,-7.6722,-33.8748,0.002799988,
2,3.6,2,0.224543,385.1085,-0.07546006,0.3360606,7.16208,-7.6722,-33.8748,0.002799988,
2,3.61,2,0.2251689,385.1031,-0.07636949,0.3391654,7.16208,-7.6722,-33.8748,0.002799988,
2,3.62,2,0.2211381,385.0629,-0.07622772,0.3447063,7.16208,-7.6722,-33.8748,0.002799988,
2,3.63,2,0.2238245,385.0995,-0.07636681,0.3411905,7.16208,-7.6722,-33.8748,0.002799988,
2,3.64,2,0.2257073,385.0896,-0.07555008,0.3347259,7.16208,-7.6722,-33.8748,0.002799988,
2,3.65,2,0.2252234,385.0923,-0.07643384,0.339369,7.16208,-7.6722,-33.8748,0.002799988,
2,3.66,2,0.2237345,385.093,-0.07652555,0.3420373,7.16208,-7.6722,-33.8748,0.002799988,
2,3.67,2,0.2227988,385.0793,-0.07998703,0.3590102,7.16208,-7.6722,-33.8748,0.002799988,
2,3.68,2,0.2239508,385.0844,-0.07521691,0.3358636,7.16208,-7.6722,-33.8748,0.002799988,
2,3.69,2,0.2229948,385.0814,-0.07832794,0.3512545,7.16208,-7.6722,-33.8748,0.002799988,
2,3.7,2,0.2211694,385.0754,-0.0822636,0.3719483,7.15882,-7.6722,-33.8754,0.003398895,
2,3.71,2,0.2244215,385.0712,-0.07849017,0.3497444,7.15882,-7.6722,-33.8754,0.003398895,
2,3.72,2,0.2238146,385.0701,-0.07530385,0.3364564,7.15882,-7.6722,-33.8754,0.003398895,
2,3.73,2,0.2234683,385.0777,-0.0764233,0.3419872,7.15882,-7.6722,-33.8754,0.003398895,
2,3.74,2,0.2222949,385.0499,-0.07812877,0.3514645,7.15882,-7.6722,-33.8754,0.003398895,
2,3.75,2,0.2232283,385.076,-0.07999551,0.3583574,7.15882,-7.6722,-33.8754,0.003398895,
2,3.76,2,0.2254322,385.0633,-0.07849392,0.3481931,7.15882,-7.6722,-33.8754,0.003398895,
2,3.77,2,0.229963,385.0275,-0.0777305,0.3380131,7.15882,-7.6722,-33.8754,0.003398895,
2,3.78,2,0.228234,384.9516,-0.08199155,0.3592433,7.15882,-7.6722,-33.8754,0.003398895,
2,3.79,2,0.2342596,384.9241,-0.07980646,0.3406753,7.15882,-7.6722,-33.8754,0.003398895,
2,3.8,2,0.236981,384.9324,-0.07275013,0.3069872,7.15882,-7.6722,-33.8754,0.003398895,
2,3.81,2,0.2367022,384.9293,-0.07504268,0.3170342,7.15882,-7.6722,-33.8754,0.003398895,
2,3.82,2,0.2356584,384.9294,-0.07956108,0.3376119,7.15882,-7.6722,-33.8754,0.003398895,
2,3.83,2,0.2367598,384.932,-0.08202394,0.3464437,7.15882,-7.6722,-33.8754,0.003398895,
2,3.84,2,0.2360685,384.9308,-0.08319002,0.3523977,7.15882,-7.6722,-33.8754,0.003398895,
2,3.85,2,0.2358577,384.9377,-0.08188058,0.347161,7.15882,-7.6722,-33.8754,0.003398895,
2,3.86,2,0.2371929,384.9369,-0.07437071,0.3135452,7.15882,-7.6722,-33.8754,0.003398895,
2,3.87,2,0.2366288,384.9271,-0.0726686,0.3070996,7.15882,-7.6722,-33.8754,0.003398895,
2,3.88,2,0.2331672,384.904,-0.08145837,0.3493561,7.15882,-7.6722,-33.8754,0.003398895,
2,3.89,2,0.2331356,384.9109,-0.08259714,0.354288,7.15882,-7.6722,-33.8754,0.003398895,
2,3.9,2,0.2346191,384.9019,-0.07289867,0.3107108,7.1553,-7.6722,-33.8761,0.004096985,
2,3.91,2,0.2379054,384.9119,-0.07439309,0.3127003,7.1553,-7.6722,-33.8761,0.004096985,
2,3.92,2,0.2361441,384.886,-0.07321294,0.310035,7.1553,-7.6722,-33.8761,0.004096985,
2,3.93,2,0.2367027,384.9041,-0.07340744,0.3101251,7.1553,-7.6722,-33.8761,0.004096985,
2,3.94,2,0.2344687,384.902,-0.08111048,0.3459331,7.1553,-7.6722,-33.8761,0.004096985,
2,3.95,2,0.2344626,384.9064,-0.08424687,0.3593189,7.1553,-7.6722,-33.8761,0.004096985,
2,3.96,2,0.2308896,384.9026,-0.08290187,0.3590542,7.1553,-7.6722,-33.8761,0.004096985,
2,3.97,2,0.236462,384.8944,-0.08119538,0.3433761,7.1553,-7.6722,-33.8761,0.004096985,
2,3.98,2,0.2385027,384.8454,-0.08424144,0.3532096,7.1553,-7.6722,-33.8761,0.004096985,
2,3.99,2,0.2412483,384.809,-0.0841665,0.3488792,7.1553,-7.6722,-33.8761,0.004096985,
2,4,2,0.2450799,384.8027,-0.07804895,0.3184633,7.1553,-7.6722,-33.8761,0.004096985,
2,4.01,2,0.2452293,384.785,-0.08017217,0.3269274,7.1553,-7.6722,-33.8761,0.004096985,
2,4.02,2,0.2446858,384.7815,-0.08687545,0.355049,7.1553,-7.6722,-33.8761,0.004096985,
2,4.03,2,0.246735,384.7563,-0.08524361,0.3454864,7.1553,-7.6722,-33.8761,0.004096985,
2,4.04,2,0.2429686,384.7586,-0.08611574,0.3544315,7.1553,-7.6722,-33.8761,0.004096985,
2,4.05,2,0.2414234,384.7666,-0.08544437,0.3539192,7.1553,-7.6722,-33.8761,0.004096985,
2,4.06,2,0.2461248,384.7676,-0.08722748,0.3544035,7.1553,-7.6722,-33.8761,0.004096985,
2,4.07,2,0.244556,384.7691,-0.08613558,0.3522121,7.1553,-7.6722,-33.8761,0.004096985,
2,4.08,2,0.2430167,384.7649,-0.08629701,0.3551074,7.1553,-7.6722,-33.8761,0.004096985,
2,4.09,2,0.2431344,384.774,-0.08744983,0.3596769,7.1515,-7.6722,-33.8767,0.004699707,
2,4.1,2,0.2435511,384.7579,-0.08705477,0.3574395,7.1515,-7.6722,-33.8767,0.004699707,
2,4.11,2,0.2446923,384.7578,-0.08623973,0.3524415,7.1515,-7.6722,-33.8767,0.004699707,
2,4.12,2,0.2427427,384.7551,-0.08585259,0.3536774,7.1515,-7.6722,-33.8767,0.004699707,
2,4.13,2,0.2413521,384.7487,-0.08622047,0.3572393,7.1515,-7.6722,-33.8767,0.004699707,
2,4.14,2,0.244636,384.7564,-0.08655225,0.3538002,7.1515,-7.6722,-33.8767,0.004699707,
2,4.15,2,0.24794,384.6973,-0.0879345,0.3546605,7.1515,-7.6722,-33.8767,0.004699707,
2,4.16,2,0.2473273,384.6807,-0.08796315,0.3556548,7.1515,-7.6722,-33.8767,0.004699707,
2,4.17,2,0.2503988,384.6449,-0.08979936,0.3586254,7.1515,-7.6722,-33.8767,0.004699707,
2,4.18,2,0.2549307,384.636,-0.09068944,0.3557415,7.1515,-7.6722,-33.8767,0.004699707,
2,4.19,2,0.2551555,384.6334,-0.09101816,0.3567165,7.1515,-7.6722,-33.8767,0.004699707,
2,4.2,2,0.2559019,384.6343,-0.09012727,0.3521946,7.1515,-7.6722,-33.8767,0.004699707,
2,4.21,2,0.2495679,384.6307,-0.09038255,0.3621562,7.1515,-7.6722,-33.8767,0.004699707,
2,4.22,2,0.2560097,384.6262,-0.09084795,0.3548613,7.1515,-7.6722,-33.8767,0.004699707,
2,4.23,2,0.2547635,384.6168,-0.08957347,0.3515946,7.1515,-7.6722,-33.8767,0.004699707,
2,4.24,2,0.2525971,384.6104,-0.09138647,0.3617875,7.1515,-7.6722,-33.8767,0.004699707,
2,4.25,2,0.2540024,384.6129,-0.09189321,0.3617809,7.1515,-7.6722,-33.8767,0.004699707,
2,4.26,2,0.2555717,384.6053,-0.09022522,0.3530329,7.14853,-7.6722,-33.8773,0.005298615,
2,4.27,2,0.2542359,384.6276,-0.09124265,0.3588898,7.14853,-7.6722,-33.8773,0.005298615,
2,4.28,2,0.2524836,384.6047,-0.09248081,0.3662845,7.14853,-7.6722,-33.8773,0.005298615,
2,4.29,2,0.256471,384.5912,-0.08700698,0.3392468,7.14853,-7.6722,-33.8773,0.005298615,
2,4.3,2,0.2576182,384.5922,-0.08201303,0.318351,7.14853,-7.6722,-33.8773,0.005298615,
2,4.31,2,0.2589932,384.5817,-0.08347519,0.3223065,7.14853,-7.6722,-33.8773,0.005298615,
2,4.32,2,0.2581803,384.5424,-0.09093188,0.352203,7.14853,-7.6722,-33.8773,0.005298615,
2,4.33,2,0.259124,384.5261,-0.09522989,0.367507,7.14853,-7.6722,-33.8773,0.005298615,
2,4.34,2,0.2670595,384.4901,-0.09350602,0.3501318,7.14853,-7.6722,-33.8773,0.005298615,
2,4.35,2,0.2647885,384.4806,-0.09483026,0.3581359,7.14853,-7.6722,-33.8773,0.005298615,
2,4.36,2,0.2620782,384.4881,-0.09523007,0.3633651,7.14853,-7.6722,-33.8773,0.005298615,
2,4.37,2,0.2657433,384.4773,-0.09569997,0.3601218,7.14853,-7.6722,-33.8773,0.005298615,
2,4.38,2,0.2677132,384.4874,-0.0964112,0.3601286,7.14853,-7.6722,-33.8773,0.005298615,
2,4.39,2,0.2653925,384.4721,-0.09392639,0.353915,7.14853,-7.6722,-33.8773,0.005298615,
2,4.4,2,0.2636136,384.4679,-0.0885317,0.3358389,7.14853,-7.6722,-33.8773,0.005298615,
2,4.41,2,0.2674417,384.4594,-0.08721951,0.3261253,7.14853,-7.6722,-33.8773,0.005298615,
2,4.42,2,0.2664348,384.4537,-0.08764237,0.3289449,7.14853,-7.6722,-33.8773,0.005298615,
2,4.43,2,0.2665622,384.4504,-0.08884723,0.3333077,7.14853,-7.6722,-33.8773,0.005298615,
2,4.44,2,0.2642927,384.4566,-0.09547756,0.3612569,7.14853,-7.6722,-33.8773,0.005298615,
2,4.45,2,0.2642998,384.4301,-0.09464814,0.358109,7.14582,-7.6722,-33.8779,0.005897522,
2,4.46,2,0.2668882,384.4469,-0.08783832,0.3291203,7.14582,-7.6722,-33.8779,0.005897522,
2,4.47,2,0.2682074,384.4442,-0.08744209,0.3260241,7.14582,-7.6722,-33.8779,0.005897522,
2,4.48,2,0.2660847,384.4453,-0.09602916,0.360897,7.14582,-7.6722,-33.8779,0.005897522,
2,4.49,2,0.2668711,384.4386,-0.09745557,0.3651785,7.14582,-7.6722,-33.8779,0.005897522,
2,4.5,2,0.2691456,384.421,-0.09707606,0.3606823,7.14582,-7.6722,-33.8779,0.005897522,
2,4.51,2,0.2690649,384.3984,-0.09742868,0.3621011,7.14582,-7.6722,-33.8779,0.005897522,
2,4.52,2,0.2740046,384.3546,-0.0914498,0.3337527,7.14582,-7.6722,-33.8779,0.005897522,
2,4.53,2,0.2763623,384.349,-0.09158526,0.3313957,7.14582,-7.6722,-33.8779,0.005897522,
2,4.54,2,0.2759638,384.335,-0.09933185,0.3599452,7.14582,-7.6722,-33.8779,0.005897522,
2,4.55,2,0.2748281,384.3369,-0.1000742,0.3641336,7.14582,-7.6722,-33.8779,0.005897522,
2,4.56,2,0.2761053,384.3311,-0.09178717,0.3324353,7.14582,-7.6722,-33.8779,0.005897522,
2,4.57,2,0.2779525,384.3377,-0.09022773,0.3246157,7.14582,-7.6722,-33.8779,0.005897522,
2,4.58,2,0.273808,384.3265,-0.09974523,0.3642889,7.14582,-7.6722,-33.8779,0.005897522,
2,4.59,2,0.2727839,384.3234,-0.1010265,0.3703538,7.14582,-7.6722,-33.8779,0.005897522,
2,4.6,2,0.2769139,384.3268,-0.1007506,0.3638337,7.14582,-7.6722,-33.8779,0.005897522,
2,4.61,2,0.2758868,384.321,-0.1002335,0.3633139,7.14582,-7.6722,-33.8779,0.005897522,
2,4.62,2,0.2768135,384.32,-0.0913479,0.329998,7.14582,-7.6722,-33.8779,0.005897522,
2,4.63,2,0.2765017,384.322,-0.09126879,0.330084,7.14255,-7.6722,-33.8784,0.006397247,
2,4.64,2,0.2751275,384.3121,-0.09157947,0.3328619,7.14255,-7.6722,-33.8784,0.006397247,
2,4.65,2,0.2771429,384.2983,-0.09153515,0.3302815,7.14255,-7.6722,-33.8784,0.006397247,
2,4.66,2,0.2757683,384.309,-0.09162799,0.3322643,7.14255,-7.6722,-33.8784,0.006397247,
2,4.67,2,0.2763813,384.298,-0.09240664,0.3343447,7.14255,-7.6722,-33.8784,0.006397247,
2,4.68,2,0.275008,384.288,-0.09190502,0.3341904,7.14255,-7.6722,-33.8784,0.006397247,
2,4.69,2,0.275102,384.295,-0.09333476,0.3392733,7.14255,-7.6722,-33.8784,0.006397247,
2,4.7,2,0.2731685,384.2853,-0.1013844,0.3711425,7.14255,-7.6722,-33.8784,0.006397247,
2,4.71,2,0.2770708,384.2804,-0.1016491,0.3668706,7.14255,-7.6722,-33.8784,0.006397247,
2,4.72,2,0.2789915,384.2386,-0.09423584,0.3377732,7.14255,-7.6722,-33.8784,0.006397247,
2,4.73,2,0.2842118,384.2068,-0.09639297,0.3391589,7.14255,-7.6722,-33.8784,0.006397247,
2,4.74,2,0.2862988,384.2329,-0.09478083,0.3310557,7.14255,-7.6722,-33.8784,0.006397247,
2,4.75,2,0.2852736,384.1844,-0.09506229,0.333232,7.14255,-7.6722,-33.8784,0.006397247,
2,4.76,2,0.2838387,384.1885,-0.09565086,0.3369901,7.14255,-7.6722,-33.8784,0.006397247,
2,4.77,2,0.2851113,384.1808,-0.09463157,0.331911,7.14255,-7.6722,-33.8784,0.006397247,
2,4.78,2,0.2828142,384.1896,-0.1030448,0.3643552,7.14255,-7.6722,-33.8784,0.006397247,
2,4.79,2,0.2830161,384.1759,-0.1061242,0.374976,7.14255,-7.6722,-33.8784,0.006397247,
2,4.8,2,0.2848816,384.182,-0.09624612,0.3378461,7.14255,-7.6722,-33.8784,0.006397247,
2,4.81,2,0.2852358,384.1708,-0.09562559,0.335251,7.14255,-7.6722,-33.8784,0.006397247,
2,4.82,2,0.286218,384.1647,-0.09478933,0.3311788,7.14255,-7.6722,-33.8784,0.006397247,
2,4.83,2,0.283719,384.1589,-0.09622315,0.3391494,7.14255,-7.6722,-33.8784,0.006397247,
2,4.84,2,0.2860515,384.1674,-0.1035013,0.3618274,7.13903,-7.6722,-33.879,0.006999969,
2,4.85,2,0.2844897,384.1751,-0.1062487,0.3734712,7.13903,-7.6722,-33.879,0.006999969,
2,4.86,2,0.2810522,384.1591,-0.1039272,0.3697791,7.13903,-7.6722,-33.879,0.006999969,
2,4.87,2,0.2841921,384.1592,-0.1041391,0.3664392,7.13903,-7.6722,-33.879,0.006999969,
2,4.88,2,0.2847816,384.1567,-0.1048279,0.3680992,7.13903,-7.6722,-33.879,0.006999969,
2,4.89,2,0.284288,384.1554,-0.1062988,0.3739125,7.13903,-7.6722,-33.879,0.006999969,
2,4.9,2,0.2823141,384.1452,-0.1064499,0.377062,7.13903,-7.6722,-33.879,0.006999969,
2,4.91,2,0.2818068,384.1449,-0.1062826,0.3771472,7.13903,-7.6722,-33.879,0.006999969,
2,4.92,2,0.2889384,384.1213,-0.1055853,0.3654248,7.13903,-7.6722,-33.879,0.006999969,
2,4.93,2,0.2881297,384.0914,-0.09751172,0.33843,7.13903,-7.6722,-33.879,0.006999969,
2,4.94,2,0.2914306,384.0692,-0.09982812,0.3425452,7.13903,-7.6722,-33.879,0.006999969,
2,4.95,2,0.2940657,384.0528,-0.1076973,0.3662357,7.13903,-7.6722,-33.879,0.006999969,
2,4.96,2,0.2944036,384.0171,-0.1091761,0.3708382,7.13903,-7.6722,-33.879,0.006999969,
2,4.97,2,0.2954241,384.0649,-0.1083181,0.3666528,7.13903,-7.6722,-33.879,0.006999969,
2,4.98,2,0.2934439,384.0296,-0.1081074,0.368409,7.13903,-7.6722,-33.879,0.006999969,
2,4.99,2,0.2939485,384.0489,-0.1003028,0.3412257,7.13903,-7.6722,-33.879,0.006999969,
2,5,2,0.296217,384.0402,-0.1009697,0.3408639,7.13903,-7.6722,-33.879,0.006999969,
2,5.01,2,0.2944275,384.0396,-0.1014239,0.3444785,7.13903,-7.6722,-33.879,0.006999969,
2,5.02,2,0.2921285,384.0296,-0.1009988,0.3457341,7.13903,-7.6722,-33.879,0.006999969,
2,5.03,2,0.2933108,384.0289,-0.1087123,0.3706387,7.13903,-7.6722,-33.879,0.006999969,
2,5.04,2,0.2936028,384.0394,-0.1088022,0.3705762,7.13903,-7.6722,-33.879,0.006999969,
2,5.05,2,0.2945755,384.0186,-0.1005905,0.341476,7.13903,-7.6722,-33.879,0.006999969,
2,5.06,2,0.2909924,384.0321,-0.1013139,0.3481666,7.1355,-7.6722,-33.8796,0.007598877,
2,5.07,2,0.2930918,384.0231,-0.100467,0.3427835,7.1355,-7.6722,-33.8796,0.007598877,
2,5.08,2,0.2944067,384.0294,-0.1030389,0.3499884,7.1355,-7.6722,-33.8796,0.007598877,
2,5.09,2,0.2936192,384.0383,-0.101082,0.3442622,7.1355,-7.6722,-33.8796,0.007598877,
2,5.1,2,0.2933405,384.0217,-0.1035913,0.3531436,7.1355,-7.6722,-33.8796,0.007598877,
2,5.11,2,0.2919497,384.0177,-0.1017582,0.3485472,7.1355,-7.6722,-33.8796,0.007598877,
2,5.12,2,0.2944574,384.0226,-0.1036257,0.3519208,7.1355,-7.6722,-33.8796,0.007598877,
2,5.13,2,0.2999113,383.9801,-0.1091332,0.3638848,7.1355,-7.6722,-33.8796,0.007598877,
2,5.14,2,0.2983814,383.9442,-0.1117288,0.3744495,7.1355,-7.6722,-33.8796,0.007598877,
2,5.15,2,0.3043383,383.936,-0.1066307,0.3503691,7.1355,-7.6722,-33.8796,0.007598877,
2,5.16,2,0.3056548,383.9298,-0.1001846,0.3277704,7.1355,-7.6722,-33.8796,0.007598877,
2,5.17,2,0.3031861,383.9221,-0.1101441,0.3632886,7.1355,-7.6722,-33.8796,0.007598877,
2,5.18,2,0.3034252,383.9214,-0.1048312,0.3454928,7.1355,-7.6722,-33.8796,0.007598877,
2,5.19,2,0.303549,383.9203,-0.1046827,0.3448626,7.1355,-7.6722,-33.8796,0.007598877,
2,5.2,2,0.3028104,383.9147,-0.111624,0.3686266,7.1355,-7.6722,-33.8796,0.007598877,
2,5.21,2,0.3005309,383.9118,-0.1141889,0.3799573,7.1355,-7.6722,-33.8796,0.007598877,
2,5.22,2,0.3034517,383.8953,-0.1112344,0.3665637,7.1355,-7.6722,-33.8796,0.007598877,
2,5.23,2,0.3053688,383.902,-0.1134156,0.3714053,7.1355,-7.6722,-33.8796,0.007598877,
2,5.24,2,0.3035737,383.899,-0.1125427,0.370726,7.1355,-7.6722,-33.8796,0.007598877,
2,5.25,2,0.3026661,383.9002,-0.1131273,0.3737692,7.1355,-7.6722,-33.8796,0.007598877,
2,5.26,2,0.3029328,383.8996,-0.1129874,0.3729783,7.13225,-7.6722,-33.8802,0.008197784,
2,5.27,2,0.3038609,383.8863,-0.1106602,0.3641804,7.13225,-7.6722,-33.8802,0.008197784,
2,5.28,2,0.3044216,383.8922,-0.1084181,0.3561445,7.13225,-7.6722,-33.8802,0.008197784,
2,5.29,2,0.3010021,383.8918,-0.1146436,0.380873,7.13225,-7.6722,-33.8802,0.008197784,
2,5.3,2,0.3023347,383.8874,-0.1067635,0.3531303,7.13225,-7.6722,-33.8802,0.008197784,
2,5.31,2,0.305697,383.8804,-0.1037386,0.339351,7.13225,-7.6722,-33.8802,0.008197784,
2,5.32,2,0.3016477,383.8878,-0.1085917,0.359995,7.13225,-7.6722,-33.8802,0.008197784,
2,5.33,2,0.3050105,383.8285,-0.1042559,0.3418108,7.13225,-7.6722,-33.8802,0.008197784,
2,5.34,2,0.309216,383.8454,-0.1074103,0.3473634,7.13225,-7.6722,-33.8802,0.008197784,
2,5.35,2,0.3107809,383.814,-0.1136647,0.3657389,7.13225,-7.6722,-33.8802,0.008197784,
2,5.36,2,0.3153451,383.7977,-0.1137543,0.3607296,7.13225,-7.6722,-33.8802,0.008197784,
2,5.37,2,0.3158078,383.7882,-0.1124109,0.3559473,7.13225,-7.6722,-33.8802,0.008197784,
2,5.38,2,0.3153204,383.7976,-0.1105712,0.3506629,7.13225,-7.6722,-33.8802,0.008197784,
2,5.39,2,0.3148988,383.7478,-0.1077604,0.3422066,7.13225,-7.6722,-33.8802,0.008197784,
2,5.4,2,0.3152612,383.7784,-0.1128636,0.3580003,7.13225,-7.6722,-33.8802,0.008197784,
2,5.41,2,0.3153573,383.7827,-0.1074416,0.3406979,7.13225,-7.6722,-33.8802,0.008197784,
2,5.42,2,0.3173262,383.7737,-0.1099439,0.3464697,7.13225,-7.6722,-33.8802,0.008197784,
2,5.43,2,0.3150654,383.7811,-0.1165347,0.3698746,7.13225,-7.6722,-33.8802,0.008197784,
2,5.44,2,0.316597,383.7619,-0.1122379,0.3545135,7.13225,-7.6722,-33.8802,0.008197784,
2,5.45,2,0.3148613,383.7606,-0.1114525,0.3539734,7.12845,-7.6722,-33.8808,0.008796692,
2,5.46,2,0.3158258,383.7722,-0.1154234,0.3654653,7.12845,-7.6722,-33.8808,0.008796692,
2,5.47,2,0.3165525,383.7709,-0.1167027,0.3686677,7.12845,-7.6722,-33.8808,0.008796692,
2,5.48,2,0.3153551,383.7734,-0.1175057,0.3726141,7.12845,-7.6722,-33.8808,0.008796692,
2,5.49,2,0.3129299,383.7768,-0.1197366,0.3826309,7.12845,-7.6722,-33.8808,0.008796692,
2,5.5,2,0.3156148,383.7718,-0.11916,0.3775489,7.12845,-7.6722,-33.8808,0.008796692,
2,5.51,2,0.3155759,383.7617,-0.1178176,0.3733416,7.12845,-7.6722,-33.8808,0.008796692,
2,5.52,2,0.315064,383.7748,-0.1180136,0.3745703,7.12845,-7.6722,-33.8808,0.008796692,
2,5.53,2,0.3187658,383.7261,-0.12027,0.377299,7.12845,-7.6722,-33.8808,0.008796692,
2,5.54,2,0.3207862,383.701,-0.1198901,0.3737383,7.12845,-7.6722,-33.8808,0.008796692,
2,5.55,2,0.323123,383.6829,-0.1231552,0.3811404,7.12845,-7.6722,-33.8808,0.008796692,
2,5.56,2,0.3274688,383.6682,-0.1231318,0.376011,7.12845,-7.6722,-33.8808,0.008796692,
2,5.57,2,0.322832,383.705,-0.1232762,0.3818587,7.12845,-7.6722,-33.8808,0.008796692,
2,5.58,2,0.3246826,383.6674,-0.1246392,0.3838803,7.12845,-7.6722,-33.8808,0.008796692,
2,5.59,2,0.328197,383.6649,-0.1221916,0.3723118,7.12845,-7.6722,-33.8808,0.008796692,
2,5.6,2,0.3232454,383.6669,-0.1235757,0.3822968,7.12845,-7.6722,-33.8808,0.008796692,
2,5.61,2,0.3238364,383.6642,-0.1208554,0.3731988,7.12845,-7.6722,-33.8808,0.008796692,
2,5.62,2,0.3263554,383.6645,-0.1225619,0.3755474,7.12845,-7.6722,-33.8808,0.008796692,
2,5.63,2,0.3260576,383.6541,-0.1235075,0.3787904,7.12845,-7.6722,-33.8808,0.008796692,
2,5.64,2,0.3239537,383.666,-0.1241407,0.3832052,7.1252,-7.6722,-33.8813,0.009300232,
2,5.65,2,0.3234297,383.6584,-0.1233528,0.3813899,7.1252,-7.6722,-33.8813,0.009300232,
2,5.66,2,0.3243403,383.658,-0.1227683,0.3785169,7.1252,-7.6722,-33.8813,0.009300232,
2,5.67,2,0.3254764,383.652,-0.1233569,0.3790039,7.1252,-7.6722,-33.8813,0.009300232,
2,5.68,2,0.3248911,383.6475,-0.1244075,0.3829205,7.1252,-7.6722,-33.8813,0.009300232,
2,5.69,2,0.3249762,383.6328,-0.1218256,0.3748756,7.1252,-7.6722,-33.8813,0.009300232,
2,5.7,2,0.3248147,383.6338,-0.1237154,0.38088,7.1252,-7.6722,-33.8813,0.009300232,
2,5.71,2,0.3242859,383.6519,-0.1240321,0.3824778,7.1252,-7.6722,-33.8813,0.009300232,
2,5.72,2,0.3295825,383.6245,-0.1243607,0.3773279,7.1252,-7.6722,-33.8813,0.009300232,
2,5.73,2,0.32998,383.5905,-0.1255963,0.3806179,7.1252,-7.6722,-33.8813,0.009300232,
2,5.74,2,0.3314439,383.5604,-0.125714,0.3792919,7.1252,-7.6722,-33.8813,0.009300232,
2,5.75,2,0.336645,383.5654,-0.1277753,0.379555,7.1252,-7.6722,-33.8813,0.009300232,
2,5.76,2,0.3346946,383.5642,-0.1262094,0.3770882,7.1252,-7.6722,-33.8813,0.009300232,
2,5.77,2,0.3358632,383.5538,-0.1276647,0.3801092,7.1252,-7.6722,-33.8813,0.009300232,
2,5.78,2,0.3359607,383.5565,-0.1259004,0.3747473,7.1252,-7.6722,-33.8813,0.009300232,
2,5.79,2,0.3348833,383.5615,-0.1274526,0.3805881,7.1252,-7.6722,-33.8813,0.009300232,
2,5.8,2,0.3362725,383.5337,-0.1280973,0.380933,7.1252,-7.6722,-33.8813,0.009300232,
2,5.81,2,0.3349603,383.543,-0.1264103,0.3773889,7.1252,-7.6722,-33.8813,0.009300232,
2,5.82,2,0.3363805,383.5377,-0.1276548,0.3794953,7.1252,-7.6722,-33.8813,0.009300232,
2,5.83,2,0.3346786,383.5463,-0.1277505,0.3817109,7.1252,-7.6722,-33.8813,0.009300232,
2,5.84,2,0.3332108,383.5369,-0.1271388,0.3815567,7.1252,-7.6722,-33.8813,0.009300232,
2,5.85,2,0.3376559,383.5396,-0.1268886,0.3757927,7.1252,-7.6722,-33.8813,0.009300232,
2,5.86,2,0.3357575,383.5425,-0.1264901,0.3767306,7.12195,-7.6722,-33.8819,0.009899139,
2,5.87,2,0.3340799,383.5397,-0.1212987,0.3630829,7.12195,-7.6722,-33.8819,0.009899139,
2,5.88,2,0.3345499,383.5352,-0.126927,0.3793963,7.12195,-7.6722,-33.8819,0.009899139,
2,5.89,2,0.3327691,383.5326,-0.1287336,0.3868558,7.12195,-7.6722,-33.8819,0.009899139,
2,5.9,2,0.3352536,383.5276,-0.1274633,0.3801996,7.12195,-7.6722,-33.8819,0.009899139,
2,5.91,2,0.3343788,383.5347,-0.1273159,0.3807535,7.12195,-7.6722,-33.8819,0.009899139,
2,5.92,2,0.3340746,383.5128,-0.1245864,0.37293,7.12195,-7.6722,-33.8819,0.009899139,
2,5.93,2,0.3398177,383.49,-0.1272282,0.3744012,7.12195,-7.6722,-33.8819,0.009899139,
2,5.94,2,0.340346,383.4662,-0.1288589,0.3786116,7.12195,-7.6722,-33.8819,0.009899139,
2,5.95,2,0.3432515,383.4547,-0.1303436,0.379732,7.12195,-7.6722,-33.8819,0.009899139,
2,5.96,2,0.3451079,383.4549,-0.129061,0.373973,7.12195,-7.6722,-33.8819,0.009899139,
2,5.97,2,0.3456788,383.4566,-0.130596,0.3777958,7.12195,-7.6722,-33.8819,0.009899139,
2,5.98,2,0.3459942,383.5052,-0.1295445,0.3744122,7.12195,-7.6722,-33.8819,0.009899139,
2,5.99,2,0.3444637,383.4448,-0.1223306,0.3551333,7.12195,-7.6722,-33.8819,0.009899139,
2,6,2,0.3461574,383.4313,-0.1235957,0.3570505,7.12195,-7.6722,-33.8819,0.009899139,
2,6.01,2,0.3460207,383.4428,-0.1329039,0.3840923,7.12195,-7.6722,-33.8819,0.009899139,
2,6.02,2,0.3440318,383.4381,-0.1322542,0.3844245,7.12195,-7.6722,-33.8819,0.009899139,
2,6.03,2,0.3445357,383.4301,-0.1313428,0.3812169,7.12195,-7.6722,-33.8819,0.009899139,
2,6.04,2,0.3445315,383.4373,-0.1317241,0.3823283,7.12195,-7.6722,-33.8819,0.009899139,
2,6.05,2,0.3464859,383.4254,-0.1283957,0.3705655,7.12195,-7.6722,-33.8819,0.009899139,
2,6.06,2,0.3435048,383.4248,-0.1296825,0.3775274,7.11842,-7.6722,-33.8824,0.01039886,
2,6.07,2,0.3458258,383.4247,-0.1298777,0.3755583,7.11842,-7.6722,-33.8824,0.01039886,
2,6.08,2,0.3443154,383.4249,-0.1299864,0.3775213,7.11842,-7.6722,-33.8824,0.01039886,
2,6.09,2,0.3492068,383.4214,-0.125646,0.3598039,7.11842,-7.6722,-33.8824,0.01039886,
2,6.1,2,0.3432566,383.4481,-0.1255862,0.3658668,7.11842,-7.6722,-33.8824,0.01039886,
2,6.11,2,0.3442515,383.4123,-0.1250222,0.363171,7.11842,-7.6722,-33.8824,0.01039886,
2,6.12,2,0.3445377,383.4154,-0.1238858,0.359571,7.11842,-7.6722,-33.8824,0.01039886,
2,6.13,2,0.3479572,383.4162,-0.1256669,0.3611563,7.11842,-7.6722,-33.8824,0.01039886,
2,6.14,2,0.3510456,383.3628,-0.1263572,0.3599451,7.11842,-7.6722,-33.8824,0.01039886,
2,6.15,2,0.3519439,383.3892,-0.1280998,0.3639778,7.11842,-7.6722,-33.8824,0.01039886,
2,6.16,2,0.3539189,383.3207,-0.1289743,0.3644176,7.11842,-7.6722,-33.8824,0.01039886,
2,6.17,2,0.3561864,383.322,-0.1282343,0.3600204,7.11842,-7.6722,-33.8824,0.01039886,
2,6.18,2,0.3562516,383.3407,-0.1261453,0.3540905,7.11842,-7.6722,-33.8824,0.01039886,
2,6.19,2,0.3547317,383.3203,-0.1291718,0.3641396,7.11842,-7.6722,-33.8824,0.01039886,
2,6.2,2,0.3543501,383.3156,-0.1284703,0.3625518,7.11842,-7.6722,-33.8824,0.01039886,
2,6.21,2,0.3560862,383.3116,-0.1264083,0.3549936,7.11842,-7.6722,-33.8824,0.01039886,
2,6.22,2,0.3578798,383.3232,-0.1261977,0.3526258,7.11842,-7.6722,-33.8824,0.01039886,
2,6.23,2,0.3575093,383.3152,-0.1247549,0.3489555,7.11842,-7.6722,-33.8824,0.01039886,
2,6.24,2,0.3597457,383.313,-0.1276176,0.3547438,7.11842,-7.6722,-33.8824,0.01039886,
2,6.25,2,0.3601559,383.3252,-0.1274632,0.3539112,7.11842,-7.6722,-33.8824,0.01039886,
2,6.26,2,0.3560911,383.3284,-0.1300137,0.3651137,7.11842,-7.6722,-33.8824,0.01039886,
2,6.27,2,0.3555511,383.3151,-0.1279068,0.3597424,7.11842,-7.6722,-33.8824,0.01039886,
2,6.28,2,0.3554599,383.3336,-0.1277352,0.3593519,7.11515,-7.6722,-33.883,0.01099777,
2,6.29,2,0.357318,383.3072,-0.1250924,0.3500869,7.11515,-7.6722,-33.883,0.01099777,
2,6.3,2,0.3556375,383.3082,-0.1274276,0.3583077,7.11515,-7.6722,-33.883,0.01099777,
2,6.31,2,0.3585415,383.3003,-0.1242285,0.3464829,7.11515,-7.6722,-33.883,0.01099777,
2,6.32,2,0.3561054,383.3053,-0.1279726,0.3593671,7.11515,-7.6722,-33.883,0.01099777,
2,6.33,2,0.3581061,383.3122,-0.1282982,0.3582687,7.11515,-7.6722,-33.883,0.01099777,
2,6.34,2,0.3584952,383.3104,-0.1267253,0.3534924,7.11515,-7.6722,-33.883,0.01099777,
2,6.35,2,0.3603286,383.2528,-0.1290352,0.3581041,7.11515,-7.6722,-33.883,0.01099777,
2,6.36,2,0.3652413,383.2375,-0.1265236,0.3464109,7.11515,-7.6722,-33.883,0.01099777,
2,6.37,2,0.3704585,383.2346,-0.129982,0.3508679,7.11515,-7.6722,-33.883,0.01099777,
2,6.38,2,0.3674401,383.2276,-0.1299537,0.3536731,7.11515,-7.6722,-33.883,0.01099777,
2,6.39,2,0.3673744,383.2438,-0.1297055,0.3530608,7.11515,-7.6722,-33.883,0.01099777,
2,6.4,2,0.3692448,383.2376,-0.1289906,0.3493363,7.11515,-7.6722,-33.883,0.01099777,
2,6.41,2,0.3682222,383.2265,-0.1293815,0.3513679,7.11515,-7.6722,-33.883,0.01099777,
2,6.42,2,0.3650368,383.2217,-0.1324249,0.3627712,7.11515,-7.6722,-33.883,0.01099777,
2,6.43,2,0.3675241,383.2213,-0.1343939,0.3656739,7.11515,-7.6722,-33.883,0.01099777,
2,6.44,2,0.3673587,383.2125,-0.1337109,0.363979,7.11515,-7.6722,-33.883,0.01099777,
2,6.45,2,0.370613,383.2027,-0.134071,0.3617547,7.11515,-7.6722,-33.883,0.01099777,
2,6.46,2,0.3654372,383.2025,-0.1338461,0.3662631,7.11515,-7.6722,-33.883,0.01099777,
2,6.47,2,0.3646222,383.2057,-0.1338244,0.3670222,7.11515,-7.6722,-33.883,0.01099777,
2,6.48,2,0.368013,383.2038,-0.135871,0.3692016,7.11193,-7.6722,-33.8836,0.01159668,
2,6.49,2,0.3680679,383.2133,-0.1338808,0.3637395,7.11193,-7.6722,-33.8836,0.01159668,
2,6.5,2,0.3632329,383.2003,-0.1355052,0.3730533,7.11193,-7.6722,-33.8836,0.01159668,
2,6.51,2,0.3675192,383.2386,-0.133053,0.3620301,7.11193,-7.6722,-33.8836,0.01159668,
2,6.52,2,0.3676487,383.1998,-0.1332739,0.3625033,7.11193,-7.6722,-33.8836,0.01159668,
2,6.53,2,0.3702108,383.1946,-0.1338564,0.3615679,7.11193,-7.6722,-33.8836,0.01159668,
2,6.54,2,0.3712675,383.1682,-0.1343328,0.3618222,7.11193,-7.6722,-33.8836,0.01159668,
2,6.55,2,0.3732905,383.1438,-0.1356753,0.3634577,7.11193,-7.6722,-33.8836,0.01159668,
2,6.56,2,0.3772933,383.1308,-0.137989,0.3657341,7.11193,-7.6722,-33.8836,0.01159668,
2,6.57,2,0.3793398,383.1128,-0.1383344,0.3646714,7.11193,-7.6722,-33.8836,0.01159668,
2,6.58,2,0.3776027,383.1255,-0.1381609,0.3658897,7.11193,-7.6722,-33.8836,0.01159668,
2,6.59,2,0.3804446,383.1254,-0.1374071,0.3611751,7.11193,-7.6722,-33.8836,0.01159668,
2,6.6,2,0.3826243,383.1167,-0.1341776,0.3506772,7.11193,-7.6722,-33.8836,0.01159668,
2,6.61,2,0.3786019,383.1242,-0.1339279,0.3537433,7.11193,-7.6722,-33.8836,0.01159668,
2,6.62,2,0.3755102,383.1217,-0.1363072,0.362992,7.11193,-7.6722,-33.8836,0.01159668,
2,6.63,2,0.3779064,383.0988,-0.1351006,0.3574975,7.11193,-7.6722,-33.8836,0.01159668,
2,6.64,2,0.3804667,383.118,-0.1365509,0.3589037,7.11193,-7.6722,-33.8836,0.01159668,
2,6.65,2,0.376182,383.1133,-0.138996,0.3694912,7.11193,-7.6722,-33.8836,0.01159668,
2,6.66,2,0.3766246,383.1164,-0.1363942,0.3621489,7.10865,-7.6722,-33.8842,0.0121994,
2,6.67,2,0.3792902,383.109,-0.1385119,0.3651871,7.10865,-7.6722,-33.8842,0.0121994,
2,6.68,2,0.3796487,383.1056,-0.1356049,0.3571851,7.10865,-7.6722,-33.8842,0.0121994,
2,6.69,2,0.3778169,383.083,-0.1353028,0.3581174,7.10865,-7.6722,-33.8842,0.0121994,
2,6.7,2,0.3781025,383.0927,-0.1345741,0.3559198,7.10865,-7.6722,-33.8842,0.0121994,
2,6.71,2,0.3799693,383.1005,-0.1387151,0.3650692,7.10865,-7.6722,-33.8842,0.0121994,
2,6.72,2,0.3783547,383.1016,-0.1355114,0.3581597,7.10865,-7.6722,-33.8842,0.0121994,
2,6.73,2,0.3829707,383.0875,-0.136285,0.3558627,7.10865,-7.6722,-33.8842,0.0121994,
2,6.74,2,0.3838799,383.0203,-0.1400252,0.3647632,7.10865,-7.6722,-33.8842,0.0121994,
2,6.75,2,0.3849342,383.0018,-0.1431158,0.3717929,7.10865,-7.6722,-33.8842,0.0121994,
2,6.76,2,0.3921581,383.0232,-0.1387694,0.3538609,7.10865,-7.6722,-33.8842,0.0121994,
2,6.77,2,0.3877725,383.0243,-0.1381059,0.3561518,7.10865,-7.6722,-33.8842,0.0121994,
2,6.78,2,0.3878231,383.0255,-0.1412117,0.3641136,7.10865,-7.6722,-33.8842,0.0121994,
2,6.79,2,0.3887163,383.0173,-0.1450999,0.3732798,7.10865,-7.6722,-33.8842,0.0121994,
2,6.8,2,0.3888057,383.0287,-0.1399416,0.3599268,7.10865,-7.6722,-33.8842,0.0121994,
2,6.81,2,0.3854221,383.0194,-0.1415604,0.3672867,7.10865,-7.6722,-33.8842,0.0121994,
2,6.82,2,0.38807,383.0058,-0.1392765,0.3588953,7.10865,-7.6722,-33.8842,0.0121994,
2,6.83,2,0.3872715,383.008,-0.1395527,0.3603484,7.10865,-7.6722,-33.8842,0.0121994,
2,6.84,2,0.3864394,383.0069,-0.1445286,0.3740007,7.10865,-7.6722,-33.8842,0.0121994,
2,6.85,2,0.3862856,382.9977,-0.14484,0.3749557,7.10865,-7.6722,-33.8842,0.0121994,
2,6.86,2,0.3882725,383.0156,-0.1423755,0.3666897,7.10488,-7.6722,-33.8847,0.01269913,
2,6.87,2,0.3886854,383.0047,-0.1409952,0.362749,7.10488,-7.6722,-33.8847,0.01269913,
2,6.88,2,0.3895049,383.0171,-0.1398107,0.3589447,7.10488,-7.6722,-33.8847,0.01269913,
2,6.89,2,0.3909734,383.0116,-0.1373027,0.3511816,7.10488,-7.6722,-33.8847,0.01269913,
2,6.9,2,0.3886657,383.0153,-0.1412485,0.363419,7.10488,-7.6722,-33.8847,0.01269913,
2,6.91,2,0.3876647,383.0135,-0.1393849,0.3595501,7.10488,-7.6722,-33.8847,0.01269913,
2,6.92,2,0.3894708,383.0053,-0.1381974,0.3548338,7.10488,-7.6722,-33.8847,0.01269913,
2,6.93,2,0.3905191,382.9902,-0.1388258,0.3554905,7.10488,-7.6722,-33.8847,0.01269913,
2,6.94,2,0.3918826,382.967,-0.1374945,0.3508565,7.10488,-7.6722,-33.8847,0.01269913,
2,6.95,2,0.3968494,382.9432,-0.142112,0.3581005,7.10488,-7.6722,-33.8847,0.01269913,
2,6.96,2,0.3971394,382.9146,-0.1431762,0.3605188,7.10488,-7.6722,-33.8847,0.01269913,
2,6.97,2,0.3977416,382.9188,-0.1449019,0.3643116,7.10488,-7.6722,-33.8847,0.01269913,
2,6.98,2,0.3983651,382.9134,-0.1459888,0.3664698,7.10488,-7.6722,-33.8847,0.01269913,
2,6.99,2,0.4006924,382.9069,-0.1429108,0.3566596,7.10488,-7.6722,-33.8847,0.01269913,
2,7,2,0.3991078,382.9283,-0.1424238,0.3568554,7.10488,-7.6722,-33.8847,0.01269913,
2,7.01,2,0.3956427,382.9144,-0.1434975,0.3626947,7.10488,-7.6722,-33.8847,0.01269913,
2,7.02,2,0.3987753,382.9005,-0.1457604,0.3655201,7.10488,-7.6722,-33.8847,0.01269913,
2,7.03,2,0.400598,382.9132,-0.1439984,0.3594586,7.10488,-7.6722,-33.8847,0.01269913,
2,7.04,2,0.3983498,382.9155,-0.1456146,0.3655446,7.10488,-7.6722,-33.8847,0.01269913,
2,7.05,2,0.3989374,382.9106,-0.1450254,0.3635292,7.1016,-7.6722,-33.8853,0.01329803,
2,7.06,2,0.4004784,382.8997,-0.1442545,0.3602055,7.1016,-7.6722,-33.8853,0.01329803,
2,7.07,2,0.4028032,382.904,-0.1440199,0.357544,7.1016,-7.6722,-33.8853,0.01329803,
2,7.08,2,0.3991822,382.9064,-0.1446699,0.3624156,7.1016,-7.6722,-33.8853,0.01329803,
2,7.09,2,0.3972985,382.9023,-0.147134,0.3703361,7.1016,-7.6722,-33.8853,0.01329803,
2,7.1,2,0.3987589,382.856,-0.1450751,0.3638166,7.1016,-7.6722,-33.8853,0.01329803,
2,7.11,2,0.3982454,382.9076,-0.1405985,0.3530448,7.1016,-7.6722,-33.8853,0.01329803,
2,7.12,2,0.3971523,382.9025,-0.1415423,0.3563931,7.1016,-7.6722,-33.8853,0.01329803,
2,7.13,2,0.4042361,382.8688,-0.1424178,0.3523135,7.1016,-7.6722,-33.8853,0.01329803,
2,7.14,2,0.4049965,382.8488,-0.1442823,0.3562556,7.1016,-7.6722,-33.8853,0.01329803,
2,7.15,2,0.4070207,382.8299,-0.1453133,0.357017,7.1016,-7.6722,-33.8853,0.01329803,
2,7.16,2,0.4097437,382.8168,-0.1487291,0.3629808,7.1016,-7.6722,-33.8853,0.01329803,
2,7.17,2,0.4061778,382.8372,-0.1549997,0.3816055,7.1016,-7.6722,-33.8853,0.01329803,
2,7.18,2,0.408372,382.8273,-0.1524396,0.3732861,7.1016,-7.6722,-33.8853,0.01329803,
2,7.19,2,0.4086884,382.8172,-0.1485756,0.3635424,7.1016,-7.6722,-33.8853,0.01329803,
2,7.2,2,0.4053643,382.8214,-0.1484002,0.3660909,7.1016,-7.6722,-33.8853,0.01329803,
2,7.21,2,0.4089698,382.7989,-0.1477705,0.3613238,7.1016,-7.6722,-33.8853,0.01329803,
2,7.22,2,0.4097938,382.817,-0.148494,0.3623628,7.1016,-7.6722,-33.8853,0.01329803,
2,7.23,2,0.4062724,382.8192,-0.1463935,0.3603333,7.1016,-7.6722,-33.8853,0.01329803,
2,7.24,2,0.4057308,382.8101,-0.1438156,0.3544606,7.09835,-7.6722,-33.8858,0.01379776,
2,7.25,2,0.4067824,382.809,-0.1446677,0.3556392,7.09835,-7.6722,-33.8858,0.01379776,
2,7.26,2,0.410329,382.8129,-0.1469384,0.3580989,7.09835,-7.6722,-33.8858,0.01379776,
2,7.27,2,0.4099014,382.8172,-0.1487427,0.3628745,7.09835,-7.6722,-33.8858,0.01379776,
2,7.28,2,0.4069611,382.8257,-0.1458805,0.3584629,7.09835,-7.6722,-33.8858,0.01379776,
2,7.29,2,0.4095127,382.8059,-0.1465327,0.3578221,7.09835,-7.6722,-33.8858,0.01379776,
2,7.3,2,0.413183,382.811,-0.1457614,0.3527769,7.09835,-7.6722,-33.8858,0.01379776,
2,7.31,2,0.4095737,382.7979,-0.1451191,0.3543173,7.09835,-7.6722,-33.8858,0.01379776,
2,7.32,2,0.4122752,382.7572,-0.1480463,0.3590957,7.09835,-7.6722,-33.8858,0.01379776,
2,7.33,2,0.4162866,382.7528,-0.148963,0.3578377,7.09835,-7.6722,-33.8858,0.01379776,
2,7.34,2,0.4187018,382.7584,-0.1495951,0.3572831,7.09835,-7.6722,-33.8858,0.01379776,
2,7.35,2,0.4211104,382.7239,-0.1506989,0.3578607,7.09835,-7.6722,-33.8858,0.01379776,
2,7.36,2,0.4187605,382.7203,-0.1516741,0.3621976,7.09835,-7.6722,-33.8858,0.01379776,
2,7.37,2,0.4178968,382.7248,-0.1523635,0.364596,7.09835,-7.6722,-33.8858,0.01379776,
2,7.38,2,0.4235046,382.7235,-0.1515763,0.3579095,7.09835,-7.6722,-33.8858,0.01379776,
2,7.39,2,0.4191691,382.7173,-0.1492627,0.3560918,7.09835,-7.6722,-33.8858,0.01379776,
2,7.4,2,0.4212839,382.6992,-0.150673,0.3576518,7.09835,-7.6722,-33.8858,0.01379776,
2,7.41,2,0.4199012,382.711,-0.1511559,0.3599797,7.09835,-7.6722,-33.8858,0.01379776,
2,7.42,2,0.4216683,382.7057,-0.1508854,0.3578297,7.09835,-7.6722,-33.8858,0.01379776,
2,7.43,2,0.4187056,382.708,-0.1556392,0.3717151,7.09835,-7.6722,-33.8858,0.01379776,
2,7.44,2,0.4205814,382.707,-0.1553748,0.3694286,7.09835,-7.6722,-33.8858,0.01379776,
2,7.45,2,0.4214517,382.6907,-0.1512772,0.358943,7.09482,-7.6722,-33.8864,0.01439667,
2,7.46,2,0.4200941,382.6879,-0.1501817,0.3574954,7.09482,-7.6722,-33.8864,0.01439667,
2,7.47,2,0.4208345,382.6922,-0.1509345,0.3586553,7.09482,-7.6722,-33.8864,0.01439667,
2,7.48,2,0.4192141,382.6953,-0.1526981,0.3642485,7.09482,-7.6722,-33.8864,0.01439667,
2,7.49,2,0.4204324,382.6945,-0.1523005,0.3622473,7.09482,-7.6722,-33.8864,0.01439667,
2,7.5,2,0.4219394,382.7028,-0.1523507,0.3610725,7.09482,-7.6722,-33.8864,0.01439667,
2,7.51,2,0.4177416,382.6899,-0.1569718,0.3757629,7.09482,-7.6722,-33.8864,0.01439667,
2,7.52,2,0.4198411,382.695,-0.156918,0.3737558,7.09482,-7.6722,-33.8864,0.01439667,
2,7.53,2,0.4260717,382.6746,-0.1521787,0.3571668,7.09482,-7.6722,-33.8864,0.01439667,
2,7.54,2,0.425164,382.6387,-0.1528824,0.3595846,7.09482,-7.6722,-33.8864,0.01439667,
2,7.55,2,0.4277439,382.6365,-0.1547444,0.3617687,7.09482,-7.6722,-33.8864,0.01439667,
2,7.56,2,0.431504,382.6314,-0.1569885,0.3638172,7.09482,-7.6722,-33.8864,0.01439667,
2,7.57,2,0.4322419,382.6156,-0.1575666,0.3645335,7.09482,-7.6722,-33.8864,0.01439667,
2,7.58,2,0.4296434,382.6305,-0.1592821,0.370731,7.09482,-7.6722,-33.8864,0.01439667,
2,7.59,2,0.4276219,382.6172,-0.1606293,0.375634,7.09482,-7.6722,-33.8864,0.01439667,
2,7.6,2,0.4286356,382.6151,-0.1633935,0.3811945,7.09482,-7.6722,-33.8864,0.01439667,
2,7.61,2,0.4301779,382.6124,-0.1620892,0.3767957,7.09482,-7.6722,-33.8864,0.01439667,
2,7.62,2,0.4319999,382.6108,-0.1638829,0.3793586,7.09482,-7.6722,-33.8864,0.01439667,
2,7.63,2,0.4292235,382.6136,-0.162267,0.3780479,7.09482,-7.6722,-33.8864,0.01439667,
2,7.64,2,0.429595,382.61,-0.1545132,0.3596717,7.09482,-7.6722,-33.8864,0.01439667,
2,7.65,2,0.4314362,382.6107,-0.1533388,0.3554149,7.09482,-7.6722,-33.8864,0.01439667,
2,7.66,2,0.4298459,382.6025,-0.1612073,0.3750351,7.09482,-7.6722,-33.8864,0.01439667,
2,7.67,2,0.4280688,382.6087,-0.1600417,0.3738691,7.09482,-7.6722,-33.8864,0.01439667,
2,7.68,2,0.4296131,382.6013,-0.1602727,0.3730629,7.09482,-7.6722,-33.8864,0.01439667,
2,7.69,2,0.4313255,382.6462,-0.1603176,0.3716859,7.09482,-7.6722,-33.8864,0.01439667,
2,7.7,2,0.4304123,382.595,-0.1565109,0.3636302,7.0913,-7.6722,-33.8869,0.01490021,
2,7.71,2,0.4304395,382.6004,-0.1553441,0.3608964,7.0913,-7.6722,-33.8869,0.01490021,
2,7.72,2,0.4305271,382.6045,-0.1539703,0.357632,7.0913,-7.6722,-33.8869,0.01490021,
2,7.73,2,0.4322933,382.5971,-0.1538295,0.3558452,7.0913,-7.6722,-33.8869,0.01490021,
2,7.74,2,0.4302556,382.602,-0.1542431,0.3584918,7.0913,-7.6722,-33.8869,0.01490021,
2,7.75,2,0.4336709,382.6248,-0.1546125,0.3565204,7.0913,-7.6722,-33.8869,0.01490021,
2,7.76,2,0.4349265,382.5515,-0.1560574,0.3588134,7.0913,-7.6722,-33.8869,0.01490021,
2,7.77,2,0.4407939,382.5322,-0.1560733,0.3540731,7.0913,-7.6722,-33.8869,0.01490021,
2,7.78,2,0.4437666,382.5281,-0.1574423,0.3547862,7.0913,-7.6722,-33.8869,0.01490021,
2,7.79,2,0.4395361,382.5233,-0.1585134,0.3606379,7.0913,-7.6722,-33.8869,0.01490021,
2,7.8,2,0.4408783,382.5296,-0.1575453,0.3573442,7.0913,-7.6722,-33.8869,0.01490021,
2,7.81,2,0.4421725,382.5365,-0.1575621,0.3563363,7.0913,-7.6722,-33.8869,0.01490021,
2,7.82,2,0.441755,382.5162,-0.1581407,0.3579827,7.0913,-7.6722,-33.8869,0.01490021,
2,7.83,2,0.4394813,382.5238,-0.1584937,0.3606382,7.0913,-7.6722,-33.8869,0.01490021,
2,7.84,2,0.4412302,382.5142,-0.1573508,0.3566184,7.0913,-7.6722,-33.8869,0.01490021,
2,7.85,2,0.4434946,382.5121,-0.1583791,0.3571163,7.0913,-7.6722,-33.8869,0.01490021,
2,7.86,2,0.4406004,382.5086,-0.1583694,0.3594401,7.0913,-7.6722,-33.8869,0.01490021,
2,7.87,2,0.4390234,382.5086,-0.1589372,0.3620244,7.0913,-7.6722,-33.8869,0.01490021,
2,7.88,2,0.4404232,382.4967,-0.1601014,0.3635172,7.0913,-7.6722,-33.8869,0.01490021,
2,7.89,2,0.44102,382.4998,-0.1585981,0.3596165,7.0913,-7.6722,-33.8869,0.01490021,
2,7.9,2,0.4394855,382.4932,-0.1588182,0.3613731,7.0875,-7.6722,-33.8874,0.01539993,
2,7.91,2,0.4429478,382.4948,-0.1593045,0.3596461,7.0875,-7.6722,-33.8874,0.01539993,
2,7.92,2,0.4414409,382.5099,-0.1612343,0.3652456,7.0875,-7.6722,-33.8874,0.01539993,
2,7.93,2,0.4404378,382.485,-0.1605616,0.36455,7.0875,-7.6722,-33.8874,0.01539993,
2,7.94,2,0.4396975,382.5043,-0.1590841,0.3618035,7.0875,-7.6722,-33.8874,0.01539993,
2,7.95,2,0.4407512,382.4953,-0.1583778,0.3593361,7.0875,-7.6722,-33.8874,0.01539993,
2,7.96,2,0.4421413,382.4926,-0.1585619,0.3586226,7.0875,-7.6722,-33.8874,0.01539993,
2,7.97,2,0.4417942,382.486,-0.1592895,0.3605513,7.0875,-7.6722,-33.8874,0.01539993,
2,7.98,2,0.4454564,382.4462,-0.1605202,0.36035,7.0875,-7.6722,-33.8874,0.01539993,
2,7.99,2,0.4485893,382.4333,-0.1622111,0.3616028,7.0875,-7.6722,-33.8874,0.01539993,
2,8,2,0.4496785,382.4247,-0.1630872,0.3626752,7.0875,-7.6722,-33.8874,0.01539993,
2,8.01,2,0.4519364,382.4211,-0.1627952,0.360217,7.0875,-7.6722,-33.8874,0.01539993,
2,8.02,2,0.4494321,382.4176,-0.1633342,0.3634236,7.0875,-7.6722,-33.8874,0.01539993,
2,8.03,2,0.4534823,382.415,-0.1638382,0.3612891,7.0875,-7.6722,-33.8874,0.01539993,
2,8.04,2,0.4550364,382.4248,-0.1611966,0.35425,7.0875,-7.6722,-33.8874,0.01539993,
2,8.05,2,0.4540308,382.4392,-0.1625936,0.3581114,7.0875,-7.6722,-33.8874,0.01539993,
2,8.06,2,0.4533291,382.405,-0.1608069,0.3547244,7.0875,-7.6722,-33.8874,0.01539993,
2,8.07,2,0.455076,382.4105,-0.1595431,0.3505855,7.0875,-7.6722,-33.8874,0.01539993,
2,8.08,2,0.453366,382.4136,-0.1618766,0.357055,7.0875,-7.6722,-33.8874,0.01539993,
2,8.09,2,0.4531071,382.3986,-0.1616369,0.35673,7.0875,-7.6722,-33.8874,0.01539993,
2,8.1,2,0.4522926,382.4115,-0.1643748,0.3634258,7.08372,-7.6722,-33.888,0.01599884,
2,8.11,2,0.4536614,382.4144,-0.1640477,0.3616082,7.08372,-7.6722,-33.888,0.01599884,
2,8.12,2,0.4515367,382.4059,-0.1722321,0.3814354,7.08372,-7.6722,-33.888,0.01599884,
2,8.13,2,0.4495994,382.4046,-0.1712282,0.3808461,7.08372,-7.6722,-33.888,0.01599884,
2,8.14,2,0.4517116,382.4052,-0.1727675,0.382473,7.08372,-7.6722,-33.888,0.01599884,
2,8.15,2,0.4533929,382.3932,-0.1729799,0.3815232,7.08372,-7.6722,-33.888,0.01599884,
2,8.16,2,0.4527374,382.412,-0.169203,0.3737333,7.08372,-7.6722,-33.888,0.01599884,
2,8.17,2,0.44986,382.3907,-0.1719339,0.3821942,7.08372,-7.6722,-33.888,0.01599884,
2,8.18,2,0.4549666,382.3824,-0.1682785,0.36987,7.08372,-7.6722,-33.888,0.01599884,
2,8.19,2,0.457607,382.3571,-0.1722664,0.3764504,7.08372,-7.6722,-33.888,0.01599884,
2,8.2,2,0.4603718,382.3322,-0.1697866,0.3688032,7.08372,-7.6722,-33.888,0.01599884,
2,8.21,2,0.4587544,382.3321,-0.1674438,0.3649967,7.08372,-7.6722,-33.888,0.01599884,
2,8.22,2,0.4609098,382.3164,-0.1767514,0.3834836,7.08372,-7.6722,-33.888,0.01599884,
2,8.23,2,0.4635654,382.3216,-0.1753126,0.3781831,7.08372,-7.6722,-33.888,0.01599884,
2,8.24,2,0.4638824,382.3152,-0.1668113,0.3595984,7.08372,-7.6722,-33.888,0.01599884,
2,8.25,2,0.4634587,382.3173,-0.1663277,0.3588835,7.08372,-7.6722,-33.888,0.01599884,
2,8.26,2,0.4623796,382.3127,-0.1682684,0.3639182,7.08372,-7.6722,-33.888,0.01599884,
2,8.27,2,0.4623249,382.3105,-0.1696733,0.3670002,7.08372,-7.6722,-33.888,0.01599884,
2,8.28,2,0.4627452,382.3191,-0.1663635,0.3595143,7.08372,-7.6722,-33.888,0.01599884,
2,8.29,2,0.4614118,382.3241,-0.1683974,0.3649612,7.08045,-7.6722,-33.8885,0.01649857,
2,8.3,2,0.4593376,382.315,-0.1750116,0.3810087,7.08045,-7.6722,-33.8885,0.01649857,
2,8.31,2,0.4605253,382.3105,-0.1756658,0.3814466,7.08045,-7.6722,-33.8885,0.01649857,
2,8.32,2,0.460568,382.3113,-0.1768119,0.3838997,7.08045,-7.6722,-33.8885,0.01649857,
2,8.33,2,0.4591308,382.2815,-0.1799058,0.39184,7.08045,-7.6722,-33.8885,0.01649857,
2,8.34,2,0.4599718,382.256,-0.1764996,0.3837183,7.08045,-7.6722,-33.8885,0.01649857,
2,8.35,2,0.4622405,382.3094,-0.1684873,0.3645014,7.08045,-7.6722,-33.8885,0.01649857,
2,8.36,2,0.4616108,382.3077,-0.1737866,0.3764787,7.08045,-7.6722,-33.8885,0.01649857,
2,8.37,2,0.4623286,382.3032,-0.1754632,0.3795205,7.08045,-7.6722,-33.8885,0.01649857,
2,8.38,2,0.4639544,382.2614,-0.1757025,0.3787063,7.08045,-7.6722,-33.8885,0.01649857,
2,8.39,2,0.4675231,382.2406,-0.1779525,0.3806283,7.08045,-7.6722,-33.8885,0.01649857,
2,8.4,2,0.4694359,382.2389,-0.1782271,0.3796622,7.08045,-7.6722,-33.8885,0.01649857,
2,8.41,2,0.4725354,382.243,-0.1768579,0.3742744,7.08045,-7.6722,-33.8885,0.01649857,
2,8.42,2,0.4716634,382.2406,-0.1760697,0.3732953,7.08045,-7.6722,-33.8885,0.01649857,
2,8.43,2,0.4707368,382.2399,-0.1742955,0.3702612,7.08045,-7.6722,-33.8885,0.01649857,
2,8.44,2,0.4699592,382.2365,-0.1776494,0.3780103,7.08045,-7.6722,-33.8885,0.01649857,
2,8.45,2,0.4703199,382.233,-0.1778186,0.37808,7.08045,-7.6722,-33.8885,0.01649857,
2,8.46,2,0.4707902,382.2119,-0.1722414,0.365856,7.08045,-7.6722,-33.8885,0.01649857,
2,8.47,2,0.4726265,382.2458,-0.1723666,0.3646994,7.08045,-7.6722,-33.8885,0.01649857,
2,8.48,2,0.469978,382.2255,-0.1777336,0.3781744,7.08045,-7.6722,-33.8885,0.01649857,
2,8.49,2,0.4699198,382.2223,-0.1796104,0.3822151,7.08045,-7.6722,-33.8885,0.01649857,
2,8.5,2,0.4711582,382.2012,-0.180173,0.3824044,7.07692,-7.6722,-33.889,0.01699829,
2,8.51,2,0.4691778,382.1967,-0.1814353,0.3867091,7.07692,-7.6722,-33.889,0.01699829,
2,8.52,2,0.4696527,382.1941,-0.1804594,0.3842401,7.07692,-7.6722,-33.889,0.01699829,
2,8.53,2,0.4705567,382.2058,-0.1802808,0.3831224,7.07692,-7.6722,-33.889,0.01699829,
2,8.54,2,0.4729312,382.2091,-0.1732911,0.3664192,7.07692,-7.6722,-33.889,0.01699829,
2,8.55,2,0.4720426,382.2149,-0.1725177,0.3654706,7.07692,-7.6722,-33.889,0.01699829,
2,8.56,2,0.468515,382.2122,-0.173004,0.3692604,7.07692,-7.6722,-33.889,0.01699829,
2,8.57,2,0.4703448,382.2168,-0.17396,0.3698564,7.07692,-7.6722,-33.889,0.01699829,
2,8.58,2,0.4744038,382.208,-0.1729758,0.3646173,7.07692,-7.6722,-33.889,0.01699829,
2,8.59,2,0.4760783,382.1721,-0.1714334,0.360095,7.07692,-7.6722,-33.889,0.01699829,
2,8.6,2,0.4789737,382.1474,-0.1753681,0.366133,7.07692,-7.6722,-33.889,0.01699829,
2,8.61,2,0.4834324,382.1389,-0.1764786,0.3650533,7.07692,-7.6722,-33.889,0.01699829,
2,8.62,2,0.4861531,382.126,-0.175073,0.3601191,7.07692,-7.6722,-33.889,0.01699829,
2,8.63,2,0.4846781,382.1347,-0.1741912,0.3593957,7.07692,-7.6722,-33.889,0.01699829,
2,8.64,2,0.4822354,382.1059,-0.1763519,0.3656967,7.07692,-7.6722,-33.889,0.01699829,
2,8.65,2,0.4838054,382.1268,-0.1747339,0.3611657,7.07692,-7.6722,-33.889,0.01699829,
2,8.66,2,0.4838461,382.1291,-0.1843638,0.3810381,7.07692,-7.6722,-33.889,0.01699829,
2,8.67,2,0.4813606,382.128,-0.1838685,0.3819767,7.07692,-7.6722,-33.889,0.01699829,
2,8.68,2,0.4800246,382.1375,-0.1756709,0.3659623,7.07692,-7.6722,-33.889,0.01699829,
2,8.69,2,0.4824856,382.1267,-0.177154,0.3671696,7.07692,-7.6722,-33.889,0.01699829,
2,8.7,2,0.4811206,382.119,-0.1824193,0.379155,7.07368,-7.6722,-33.8896,0.0175972,
2,8.71,2,0.4824494,382.1223,-0.1792631,0.3715687,7.07368,-7.6722,-33.8896,0.0175972,
2,8.72,2,0.4806953,382.1151,-0.1820065,0.3786318,7.07368,-7.6722,-33.8896,0.0175972,
2,8.73,2,0.4830747,382.1176,-0.1861587,0.3853621,7.07368,-7.6722,-33.8896,0.0175972,
2,8.74,2,0.4807956,382.1108,-0.1851306,0.3850505,7.07368,-7.6722,-33.8896,0.0175972,
2,8.75,2,0.4821973,382.0855,-0.1843266,0.3822638,7.07368,-7.6722,-33.8896,0.0175972,
2,8.76,2,0.4811285,382.1012,-0.1860548,0.3867051,7.07368,-7.6722,-33.8896,0.0175972,
2,8.77,2,0.4847002,382.1122,-0.1848372,0.3813434,7.07368,-7.6722,-33.8896,0.0175972,
2,8.78,2,0.489365,382.0752,-0.1843748,0.3767634,7.07368,-7.6722,-33.8896,0.0175972,
2,8.79,2,0.4891849,382.0568,-0.1863463,0.3809323,7.07368,-7.6722,-33.8896,0.0175972,
2,8.8,2,0.4912921,382.0558,-0.187202,0.3810402,7.07368,-7.6722,-33.8896,0.0175972,
2,8.81,2,0.4934939,382.0555,-0.1877433,0.3804369,7.07368,-7.6722,-33.8896,0.0175972,
2,8.82,2,0.4913371,382.0472,-0.1892519,0.3851772,7.07368,-7.6722,-33.8896,0.0175972,
2,8.83,2,0.4896966,382.0433,-0.1872296,0.3823379,7.07368,-7.6722,-33.8896,0.0175972,
2,8.84,2,0.4925259,382.0343,-0.188261,0.3822357,7.07368,-7.6722,-33.8896,0.0175972,
2,8.85,2,0.4911594,382.034,-0.189142,0.3850929,7.07368,-7.6722,-33.8896,0.0175972,
2,8.86,2,0.4940622,382.0403,-0.1855178,0.3754948,7.07368,-7.6722,-33.8896,0.0175972,
2,8.87,2,0.4904979,381.9978,-0.1853882,0.3779591,7.07368,-7.6722,-33.8896,0.0175972,
2,8.88,2,0.4894735,382.0158,-0.1879505,0.3839851,7.07368,-7.6722,-33.8896,0.0175972,
2,8.89,2,0.4922872,382.0336,-0.1880201,0.3819318,7.07368,-7.6722,-33.8896,0.0175972,
2,8.9,2,0.4923686,382.0312,-0.1883251,0.3824881,7.07043,-7.6722,-33.8901,0.01809692,
2,8.91,2,0.4914618,382.0365,-0.189495,0.3855742,7.07043,-7.6722,-33.8901,0.01809692,
2,8.92,2,0.4930165,382.0281,-0.1888258,0.383001,7.07043,-7.6722,-33.8901,0.01809692,
2,8.93,2,0.4925447,382.0525,-0.1798468,0.3651379,7.07043,-7.6722,-33.8901,0.01809692,
2,8.94,2,0.4914413,382.0251,-0.1789917,0.3642178,7.07043,-7.6722,-33.8901,0.01809692,
2,8.95,2,0.4913296,382.0237,-0.1779764,0.3622342,7.07043,-7.6722,-33.8901,0.01809692,
2,8.96,2,0.4917899,382.0229,-0.1780956,0.3621375,7.07043,-7.6722,-33.8901,0.01809692,
2,8.97,2,0.4933808,382.0151,-0.1794055,0.3636248,7.07043,-7.6722,-33.8901,0.01809692,
2,8.98,2,0.4969507,381.9984,-0.1789648,0.3601259,7.07043,-7.6722,-33.8901,0.01809692,
2,8.99,2,0.4973711,382.0038,-0.1785072,0.3589015,7.07043,-7.6722,-33.8901,0.01809692,
2,9,2,0.5005654,381.9527,-0.1817505,0.3630904,7.07043,-7.6722,-33.8901,0.01809692,
2,9.01,2,0.5014163,381.9456,-0.1805087,0.3599976,7.07043,-7.6722,-33.8901,0.01809692,
2,9.02,2,0.5025218,381.9484,-0.1816779,0.3615324,7.07043,-7.6722,-33.8901,0.01809692,
2,9.03,2,0.5030035,381.9436,-0.1823545,0.3625313,7.07043,-7.6722,-33.8901,0.01809692,
2,9.04,2,0.5035719,381.9473,-0.1835701,0.364536,7.07043,-7.6722,-33.8901,0.01809692,
2,9.05,2,0.504465,381.9656,-0.1826798,0.3621259,7.07043,-7.6722,-33.8901,0.01809692,
2,9.06,2,0.5030183,381.9289,-0.1822243,0.3622617,7.07043,-7.6722,-33.8901,0.01809692,
2,9.07,2,0.4997027,381.9345,-0.1825614,0.36534,7.07043,-7.6722,-33.8901,0.01809692,
2,9.08,2,0.5038837,381.9375,-0.1835555,0.3642815,7.07043,-7.6722,-33.8901,0.01809692,
2,9.09,2,0.5030391,381.913,-0.1861397,0.3700302,7.07043,-7.6722,-33.8901,0.01809692,
2,9.1,2,0.5021374,381.9505,-0.1941716,0.3866903,7.06717,-7.6722,-33.8907,0.01869965,
2,9.11,2,0.5020345,381.929,-0.185737,0.3699686,7.06717,-7.6722,-33.8907,0.01869965,
2,9.12,2,0.5027591,381.9248,-0.1904145,0.3787391,7.06717,-7.6722,-33.8907,0.01869965,
2,9.13,2,0.5028951,381.9129,-0.1911466,0.3800924,7.06717,-7.6722,-33.8907,0.01869965,
2,9.14,2,0.501515,381.9138,-0.1934386,0.3857086,7.06717,-7.6722,-33.8907,0.01869965,
2,9.15,2,0.4993087,381.9189,-0.1949925,0.3905249,7.06717,-7.6722,-33.8907,0.01869965,
2,9.16,2,0.5070445,381.8987,-0.1943104,0.3832217,7.06717,-7.6722,-33.8907,0.01869965,
2,9.17,2,0.5096656,381.8603,-0.1958749,0.3843205,7.06717,-7.6722,-33.8907,0.01869965,
2,9.18,2,0.5092953,381.8577,-0.1933303,0.3796036,7.06717,-7.6722,-33.8907,0.01869965,
2,9.19,2,0.5118873,381.8523,-0.1943889,0.3797494,7.06717,-7.6722,-33.8907,0.01869965,
2,9.2,2,0.5110742,381.8514,-0.1942211,0.3800252,7.06717,-7.6722,-33.8907,0.01869965,
2,9.21,2,0.5129797,381.8523,-0.1997204,0.3893339,7.06717,-7.6722,-33.8907,0.01869965,
2,9.22,2,0.5107136,381.828,-0.194074,0.3800055,7.06717,-7.6722,-33.8907,0.01869965,
2,9.23,2,0.5095574,381.865,-0.1896828,0.3722501,7.06717,-7.6722,-33.8907,0.01869965,
2,9.24,2,0.5110322,381.8381,-0.1940638,0.3797487,7.06717,-7.6722,-33.8907,0.01869965,
2,9.25,2,0.5131301,381.8347,-0.1927281,0.375593,7.06717,-7.6722,-33.8907,0.01869965,
2,9.26,2,0.5110903,381.8327,-0.1948772,0.3812969,7.06717,-7.6722,-33.8907,0.01869965,
2,9.27,2,0.5114044,381.8439,-0.189195,0.3699518,7.06717,-7.6722,-33.8907,0.01869965,
2,9.28,2,0.5114822,381.8371,-0.186125,0.3638933,7.06717,-7.6722,-33.8907,0.01869965,
2,9.29,2,0.5116382,381.8353,-0.1856157,0.3627872,7.06717,-7.6722,-33.8907,0.01869965,
2,9.3,2,0.5107348,381.8357,-0.1860489,0.3642769,7.06717,-7.6722,-33.8907,0.01869965,
2,9.31,2,0.5098187,381.8333,-0.1921434,0.3768856,7.0639,-7.6722,-33.8912,0.01919937,
2,9.32,2,0.5143988,381.8217,-0.1937418,0.3766374,7.0639,-7.6722,-33.8912,0.01919937,
2,9.33,2,0.5116513,381.8221,-0.1870359,0.3655536,7.0639,-7.6722,-33.8912,0.01919937,
2,9.34,2,0.510004,381.8343,-0.1863946,0.3654767,7.0639,-7.6722,-33.8912,0.01919937,
2,9.35,2,0.5172384,381.8209,-0.1868382,0.3612226,7.0639,-7.6722,-33.8912,0.01919937,
2,9.36,2,0.5184261,381.7959,-0.1883553,0.3633215,7.0639,-7.6722,-33.8912,0.01919937,
2,9.37,2,0.519326,381.7535,-0.1895782,0.3650467,7.0639,-7.6722,-33.8912,0.01919937,
2,9.38,2,0.519874,381.7536,-0.2015485,0.3876873,7.0639,-7.6722,-33.8912,0.01919937,
2,9.39,2,0.5224181,381.7474,-0.197655,0.3783463,7.0639,-7.6722,-33.8912,0.01919937,
2,9.4,2,0.5264811,381.74,-0.1903071,0.3614699,7.0639,-7.6722,-33.8912,0.01919937,
2,9.41,2,0.5250601,381.7456,-0.18874,0.3594635,7.0639,-7.6722,-33.8912,0.01919937,
2,9.42,2,0.5211573,381.7424,-0.2001716,0.3840906,7.0639,-7.6722,-33.8912,0.01919937,
2,9.43,2,0.524336,381.7425,-0.199553,0.3805823,7.0639,-7.6722,-33.8912,0.01919937,
2,9.44,2,0.525994,381.7416,-0.1897914,0.3608243,7.0639,-7.6722,-33.8912,0.01919937,
2,9.45,2,0.522911,381.731,-0.1904997,0.3643062,7.0639,-7.6722,-33.8912,0.01919937,
2,9.46,2,0.5219657,381.7626,-0.191146,0.3662042,7.0639,-7.6722,-33.8912,0.01919937,
2,9.47,2,0.5233113,381.7324,-0.1904254,0.3638856,7.0639,-7.6722,-33.8912,0.01919937,
2,9.48,2,0.5254732,381.7334,-0.1919638,0.3653161,7.0639,-7.6722,-33.8912,0.01919937,
2,9.49,2,0.5223381,381.7341,-0.1919329,0.3674496,7.0639,-7.6722,-33.8912,0.01919937,
2,9.5,2,0.5220432,381.7355,-0.1927822,0.3692839,7.0639,-7.6722,-33.8912,0.01919937,
2,9.51,2,0.5221103,381.7217,-0.1915817,0.3669372,7.0604,-7.6722,-33.8918,0.01979828,
2,9.52,2,0.5230417,381.7301,-0.2004071,0.3831571,7.0604,-7.6722,-33.8918,0.01979828,
2,9.53,2,0.5218463,381.7217,-0.2019755,0.3870402,7.0604,-7.6722,-33.8918,0.01979828,
2,9.54,2,0.5220409,381.722,-0.2021575,0.3872445,7.0604,-7.6722,-33.8918,0.01979828,
2,9.55,2,0.5219144,381.7222,-0.1989397,0.3811731,7.0604,-7.6722,-33.8918,0.01979828,
2,9.56,2,0.527961,381.7012,-0.1992394,0.3773753,7.0604,-7.6722,-33.8918,0.01979828,
2,9.57,2,0.5279613,381.6789,-0.201423,0.3815109,7.0604,-7.6722,-33.8918,0.01979828,
2,9.58,2,0.5281653,381.6507,-0.2037771,0.3858207,7.0604,-7.6722,-33.8918,0.01979828,
2,9.59,2,0.5350493,381.6518,-0.2023239,0.3781408,7.0604,-7.6722,-33.8918,0.01979828,
2,9.6,2,0.5350738,381.6635,-0.2024296,0.3783208,7.0604,-7.6722,-33.8918,0.01979828,
2,9.61,2,0.5312296,381.6537,-0.202012,0.3802725,7.0604,-7.6722,-33.8918,0.01979828,
2,9.62,2,0.5325453,381.6461,-0.2050058,0.3849547,7.0604,-7.6722,-33.8918,0.01979828,
2,9.63,2,0.5329778,381.645,-0.2046981,0.3840649,7.0604,-7.6722,-33.8918,0.01979828,
2,9.64,2,0.5311856,381.6408,-0.2025402,0.3812983,7.0604,-7.6722,-33.8918,0.01979828,
2,9.65,2,0.5318187,381.6528,-0.2037773,0.3831705,7.0604,-7.6722,-33.8918,0.01979828,
2,9.66,2,0.5300178,381.6299,-0.2028568,0.3827358,7.0604,-7.6722,-33.8918,0.01979828,
2,9.67,2,0.5314829,381.6278,-0.203101,0.3821402,7.0604,-7.6722,-33.8918,0.01979828,
2,9.68,2,0.5335603,381.6444,-0.2010543,0.3768165,7.0604,-7.6722,-33.8918,0.01979828,
2,9.69,2,0.5325821,381.6348,-0.204237,0.3834846,7.0604,-7.6722,-33.8918,0.01979828,
2,9.7,2,0.5333949,381.5949,-0.2038693,0.3822108,7.05688,-7.6722,-33.8923,0.020298,
2,9.71,2,0.5320312,381.6223,-0.2044271,0.3842389,7.05688,-7.6722,-33.8923,0.020298,
2,9.72,2,0.532412,381.6299,-0.2028289,0.3809623,7.05688,-7.6722,-33.8923,0.020298,
2,9.73,2,0.5309758,381.6272,-0.2052964,0.3866399,7.05688,-7.6722,-33.8923,0.020298,
2,9.74,2,0.5291454,381.6254,-0.206871,0.3909531,7.05688,-7.6722,-33.8923,0.020298,
2,9.75,2,0.5358173,381.603,-0.2048786,0.3823665,7.05688,-7.6722,-33.8923,0.020298,
2,9.76,2,0.5377749,381.5912,-0.203982,0.3793073,7.05688,-7.6722,-33.8923,0.020298,
2,9.77,2,0.5373846,381.5674,-0.2073042,0.385765,7.05688,-7.6722,-33.8923,0.020298,
2,9.78,2,0.5414165,381.5637,-0.2066966,0.38177,7.05688,-7.6722,-33.8923,0.020298,
2,9.79,2,0.5417036,381.5578,-0.209698,0.3871083,7.05688,-7.6722,-33.8923,0.020298,
2,9.8,2,0.542627,381.5626,-0.2065452,0.3806395,7.05688,-7.6722,-33.8923,0.020298,
2,9.81,2,0.5402158,381.5792,-0.2034238,0.3765603,7.05688,-7.6722,-33.8923,0.020298,
2,9.82,2,0.5405837,381.5694,-0.2017839,0.3732704,7.05688,-7.6722,-33.8923,0.020298,
2,9.83,2,0.5428574,381.556,-0.1998816,0.3682027,7.05688,-7.6722,-33.8923,0.020298,
2,9.84,2,0.5433285,381.5542,-0.1982471,0.3648753,7.05688,-7.6722,-33.8923,0.020298,
2,9.85,2,0.5406223,381.5508,-0.1982742,0.3667517,7.05688,-7.6722,-33.8923,0.020298,
2,9.86,2,0.5420601,381.5465,-0.2016068,0.371927,7.05688,-7.6722,-33.8923,0.020298,
2,9.87,2,0.5428134,381.5518,-0.1989676,0.3665488,7.05688,-7.6722,-33.8923,0.020298,
2,9.88,2,0.5426581,381.5445,-0.1991581,0.3670048,7.05387,-7.6722,-33.8928,0.02079773,
2,9.89,2,0.5397967,381.5519,-0.1976837,0.3662188,7.05387,-7.6722,-33.8928,0.02079773,
2,9.9,2,0.5422229,381.5436,-0.1970179,0.3633522,7.05387,-7.6722,-33.8928,0.02079773,
2,9.91,2,0.5438309,381.5345,-0.1975472,0.363251,7.05387,-7.6722,-33.8928,0.02079773,
2,9.92,2,0.5394341,381.5366,-0.1987277,0.3684002,7.05387,-7.6722,-33.8928,0.02079773,
2,9.93,2,0.5414955,381.5329,-0.1988911,0.3672996,7.05387,-7.6722,-33.8928,0.02079773,
2,9.94,2,0.5444577,381.5165,-0.1982159,0.3640611,7.05387,-7.6722,-33.8928,0.02079773,
2,9.95,2,0.5464983,381.4978,-0.1987074,0.3636012,7.05387,-7.6722,-33.8928,0.02079773,
2,9.96,2,0.5477377,381.4788,-0.2004721,0.3660002,7.05387,-7.6722,-33.8928,0.02079773,
2,9.97,2,0.5494456,381.4677,-0.1998539,0.3637373,7.05387,-7.6722,-33.8928,0.02079773,
2,9.98,2,0.551695,381.4623,-0.2013281,0.3649265,7.05387,-7.6722,-33.8928,0.02079773,
2,9.99,2,0.5505533,381.4537,-0.201526,0.3660426,7.05387,-7.6722,-33.8928,0.02079773,
2,10,2,0.5515888,381.4641,-0.2012114,0.3647851,7.05387,-7.6722,-33.8928,0.02079773,
2,10.01,2,0.5521497,381.4563,-0.201134,0.3642743,7.05387,-7.6722,-33.8928,0.02079773,
2,10.02,2,0.5517275,381.4528,-0.2020843,0.3662755,7.05387,-7.6722,-33.8928,0.02079773,
2,10.03,2,0.5522463,381.4546,-0.2013709,0.3646396,7.05387,-7.6722,-33.8928,0.02079773,
2,10.04,2,0.5506526,381.459,-0.2008449,0.3647397,7.05387,-7.6722,-33.8928,0.02079773,
2,10.05,2,0.5512632,381.4044,-0.2020174,0.3664627,7.05387,-7.6722,-33.8928,0.02079773,
2,10.06,2,0.5516298,381.4547,-0.2027791,0.3675999,7.05387,-7.6722,-33.8928,0.02079773,
2,10.07,2,0.551007,381.4538,-0.2058634,0.3736131,7.05387,-7.6722,-33.8928,0.02079773,
2,10.08,2,0.5476893,381.4445,-0.2108269,0.3849388,7.05387,-7.6722,-33.8928,0.02079773,
2,10.09,2,0.5510305,381.4446,-0.2097718,0.3806899,7.05035,-7.6722,-33.8933,0.02129745,
2,10.1,2,0.5525069,381.4533,-0.2096627,0.3794753,7.05035,-7.6722,-33.8933,0.02129745,
2,10.11,2,0.550741,381.4151,-0.2093802,0.380179,7.05035,-7.6722,-33.8933,0.02129745,
2,10.12,2,0.5511343,381.4413,-0.2092445,0.3796616,7.05035,-7.6722,-33.8933,0.02129745,
2,10.13,2,0.5515613,381.4417,-0.205154,0.3719514,7.05035,-7.6722,-33.8933,0.02129745,
2,10.14,2,0.5508107,381.4351,-0.209086,0.3795969,7.05035,-7.6722,-33.8933,0.02129745,
2,10.15,2,0.551946,381.4377,-0.2080549,0.3769479,7.05035,-7.6722,-33.8933,0.02129745,
2,10.16,2,0.5512379,381.4249,-0.2075477,0.3765121,7.05035,-7.6722,-33.8933,0.02129745,
2,10.17,2,0.5562224,381.3917,-0.2089665,0.3756888,7.05035,-7.6722,-33.8933,0.02129745,
2,10.18,2,0.5567079,381.3817,-0.2056107,0.3693332,7.05035,-7.6722,-33.8933,0.02129745,
2,10.19,2,0.5593556,381.37,-0.2113096,0.3777733,7.05035,-7.6722,-33.8933,0.02129745,
2,10.2,2,0.5611911,381.3681,-0.2120366,0.3778332,7.05035,-7.6722,-33.8933,0.02129745,
2,10.21,2,0.5633874,381.3731,-0.2110308,0.374575,7.05035,-7.6722,-33.8933,0.02129745,
2,10.22,2,0.560411,381.3657,-0.2122009,0.3786522,7.05035,-7.6722,-33.8933,0.02129745,
2,10.23,2,0.5624603,381.3718,-0.2132402,0.3791204,7.05035,-7.6722,-33.8933,0.02129745,
2,10.24,2,0.5624547,381.3661,-0.2108176,0.3748171,7.05035,-7.6722,-33.8933,0.02129745,
2,10.25,2,0.5622166,381.3651,-0.2112212,0.3756937,7.05035,-7.6722,-33.8933,0.02129745,
2,10.26,2,0.5624005,381.349,-0.2131097,0.3789287,7.05035,-7.6722,-33.8933,0.02129745,
2,10.27,2,0.5606453,381.3534,-0.2145576,0.3826976,7.05035,-7.6722,-33.8933,0.02129745,
2,10.28,2,0.5614824,381.3403,-0.2108701,0.3755597,7.04682,-7.6722,-33.8939,0.02190018,
2,10.29,2,0.5622622,381.3777,-0.2050084,0.3646135,7.04682,-7.6722,-33.8939,0.02190018,
2,10.3,2,0.5606761,381.3475,-0.2116849,0.3775529,7.04682,-7.6722,-33.8939,0.02190018,
2,10.31,2,0.5615278,381.3372,-0.2106243,0.3750914,7.04682,-7.6722,-33.8939,0.02190018,
2,10.32,2,0.5603669,381.3436,-0.2063436,0.3682294,7.04682,-7.6722,-33.8939,0.02190018,
2,10.33,2,0.5627012,381.3483,-0.2069532,0.3677853,7.04682,-7.6722,-33.8939,0.02190018,
2,10.34,2,0.5607229,381.3481,-0.2062384,0.367808,7.04682,-7.6722,-33.8939,0.02190018,
2,10.35,2,0.5570031,381.3328,-0.2098726,0.3767888,7.04682,-7.6722,-33.8939,0.02190018,
2,10.36,2,0.5658219,381.3184,-0.2093226,0.3699444,7.04682,-7.6722,-33.8939,0.02190018,
2,10.37,2,0.5679154,381.2842,-0.2089946,0.3680031,7.04682,-7.6722,-33.8939,0.02190018,
2,10.38,2,0.5696899,381.2791,-0.2084946,0.3659792,7.04682,-7.6722,-33.8939,0.02190018,
2,10.39,2,0.5705645,381.2599,-0.2136747,0.374497,7.04682,-7.6722,-33.8939,0.02190018,
2,10.4,2,0.5714908,381.2646,-0.2091633,0.3659959,7.04682,-7.6722,-33.8939,0.02190018,
2,10.41,2,0.5736768,381.2289,-0.2118686,0.369317,7.04682,-7.6722,-33.8939,0.02190018,
2,10.42,2,0.5716925,381.259,-0.2149894,0.3760577,7.04682,-7.6722,-33.8939,0.02190018,
2,10.43,2,0.5711263,381.2553,-0.2132321,0.3733537,7.04682,-7.6722,-33.8939,0.02190018,
2,10.44,2,0.5723125,381.2554,-0.2107449,0.368234,7.04682,-7.6722,-33.8939,0.02190018,
2,10.45,2,0.5717687,381.2588,-0.2113332,0.3696131,7.04682,-7.6722,-33.8939,0.02190018,
2,10.46,2,0.5718679,381.2493,-0.2133414,0.3730606,7.04682,-7.6722,-33.8939,0.02190018,
2,10.47,2,0.5717353,381.2579,-0.2166982,0.3790183,7.04682,-7.6722,-33.8939,0.02190018,
2,10.48,2,0.5706367,381.2474,-0.2138648,0.3747827,7.04682,-7.6722,-33.8939,0.02190018,
2,10.49,2,0.5755574,381.2512,-0.2092289,0.3635239,7.04682,-7.6722,-33.8939,0.02190018,
2,10.5,2,0.5713151,381.2562,-0.2161107,0.3782689,7.04357,-7.6722,-33.8944,0.0223999,
2,10.51,2,0.5701126,381.2486,-0.2089309,0.366473,7.04357,-7.6722,-33.8944,0.0223999,
2,10.52,2,0.570623,381.2405,-0.2160894,0.3786903,7.04357,-7.6722,-33.8944,0.0223999,
2,10.53,2,0.5704436,381.2542,-0.2186504,0.3832989,7.04357,-7.6722,-33.8944,0.0223999,
2,10.54,2,0.5717345,381.2375,-0.2185714,0.3822953,7.04357,-7.6722,-33.8944,0.0223999,
2,10.55,2,0.5741897,381.2275,-0.2161857,0.3765057,7.04357,-7.6722,-33.8944,0.0223999,
2,10.56,2,0.5749598,381.1983,-0.2161611,0.3759587,7.04357,-7.6722,-33.8944,0.0223999,
2,10.57,2,0.5786762,381.1893,-0.2162213,0.3736482,7.04357,-7.6722,-33.8944,0.0223999,
2,10.58,2,0.5845884,381.1819,-0.2151363,0.3680133,7.04357,-7.6722,-33.8944,0.0223999,
2,10.59,2,0.5812947,381.1745,-0.2132397,0.3668359,7.04357,-7.6722,-33.8944,0.0223999,
2,10.6,2,0.5838349,381.1789,-0.2128015,0.3644891,7.04357,-7.6722,-33.8944,0.0223999,
2,10.61,2,0.5829853,381.1682,-0.2119078,0.3634874,7.04357,-7.6722,-33.8944,0.0223999,
2,10.62,2,0.581965,381.1654,-0.2127273,0.3655329,7.04357,-7.6722,-33.8944,0.0223999,
2,10.63,2,0.5814256,381.1657,-0.2138003,0.3677174,7.04357,-7.6722,-33.8944,0.0223999,
2,10.64,2,0.5821497,381.1741,-0.2137845,0.3672328,7.04357,-7.6722,-33.8944,0.0223999,
2,10.65,2,0.5809218,381.152,-0.2126262,0.3660153,7.04357,-7.6722,-33.8944,0.0223999,
2,10.66,2,0.5821708,381.1624,-0.2132096,0.366232,7.04357,-7.6722,-33.8944,0.0223999,
2,10.67,2,0.5834235,381.1609,-0.2144518,0.3675749,7.04357,-7.6722,-33.8944,0.0223999,
2,10.68,2,0.5813493,381.1361,-0.2119397,0.3645652,7.04005,-7.6722,-33.8949,0.02289963,
2,10.69,2,0.5822134,381.1563,-0.2130545,0.3659388,7.04005,-7.6722,-33.8949,0.02289963,
2,10.7,2,0.5818561,381.205,-0.2131049,0.3662501,7.04005,-7.6722,-33.8949,0.02289963,
2,10.71,2,0.5813177,381.1564,-0.2131429,0.3666547,7.04005,-7.6722,-33.8949,0.02289963,
2,10.72,2,0.5820358,381.1462,-0.2124878,0.3650768,7.04005,-7.6722,-33.8949,0.02289963,
2,10.73,2,0.5830066,381.1454,-0.2136117,0.3663967,7.04005,-7.6722,-33.8949,0.02289963,
2,10.74,2,0.5834953,381.1466,-0.213107,0.3652248,7.04005,-7.6722,-33.8949,0.02289963,
2,10.75,2,0.5814118,381.1532,-0.2141007,0.3682428,7.04005,-7.6722,-33.8949,0.02289963,
2,10.76,2,0.5892819,381.1096,-0.2134933,0.3622939,7.04005,-7.6722,-33.8949,0.02289963,
2,10.77,2,0.5892429,381.0874,-0.2141659,0.3634595,7.04005,-7.6722,-33.8949,0.02289963,
2,10.78,2,0.5898154,381.0784,-0.2146702,0.3639618,7.04005,-7.6722,-33.8949,0.02289963,
2,10.79,2,0.5946668,381.0676,-0.2149992,0.3615456,7.04005,-7.6722,-33.8949,0.02289963,
2,10.8,2,0.5938518,381.0798,-0.217934,0.3669838,7.04005,-7.6722,-33.8949,0.02289963,
2,10.81,2,0.5940431,381.0687,-0.2168806,0.3650923,7.04005,-7.6722,-33.8949,0.02289963,
2,10.82,2,0.5919824,381.0682,-0.2176937,0.3677368,7.04005,-7.6722,-33.8949,0.02289963,
2,10.83,2,0.5919761,381.0712,-0.2178314,0.3679733,7.04005,-7.6722,-33.8949,0.02289963,
2,10.84,2,0.5959992,381.0672,-0.2179817,0.3657416,7.04005,-7.6722,-33.8949,0.02289963,
2,10.85,2,0.5949485,381.0576,-0.2165381,0.363961,7.04005,-7.6722,-33.8949,0.02289963,
2,10.86,2,0.5919468,381.0685,-0.2187984,0.3696251,7.04005,-7.6722,-33.8949,0.02289963,
2,10.87,2,0.5916637,381.078,-0.2197065,0.3713368,7.04005,-7.6722,-33.8949,0.02289963,
2,10.88,2,0.5920049,381.0375,-0.2225099,0.3758582,7.04005,-7.6722,-33.8949,0.02289963,
2,10.89,2,0.5933583,381.0504,-0.2189675,0.3690307,7.04005,-7.6722,-33.8949,0.02289963,
2,10.9,2,0.5903069,381.0578,-0.2191513,0.3712497,7.03652,-7.6722,-33.8954,0.02339935,
2,10.91,2,0.5916606,381.05,-0.2178564,0.3682118,7.03652,-7.6722,-33.8954,0.02339935,
2,10.92,2,0.5923845,381.0458,-0.2189444,0.3695985,7.03652,-7.6722,-33.8954,0.02339935,
2,10.93,2,0.591426,381.0366,-0.2184502,0.3693619,7.03652,-7.6722,-33.8954,0.02339935,
2,10.94,2,0.5899046,381.0444,-0.2184648,0.3703392,7.03652,-7.6722,-33.8954,0.02339935,
2,10.95,2,0.5896549,381.0426,-0.2205897,0.3740996,7.03652,-7.6722,-33.8954,0.02339935,
2,10.96,2,0.5921919,381.04,-0.2183239,0.3686709,7.03652,-7.6722,-33.8954,0.02339935,
2,10.97,2,0.5964263,381.0201,-0.2214303,0.3712618,7.03652,-7.6722,-33.8954,0.02339935,
2,10.98,2,0.596862,380.9994,-0.2271061,0.3805003,7.03652,-7.6722,-33.8954,0.02339935,
2,10.99,2,0.6004005,380.9751,-0.2269005,0.3779153,7.03652,-7.6722,-33.8954,0.02339935,
2,11,2,0.6028187,380.9928,-0.2276423,0.3776299,7.03652,-7.6722,-33.8954,0.02339935,
2,11.01,2,0.6008422,380.9762,-0.2289428,0.3810364,7.03652,-7.6722,-33.8954,0.02339935,
2,11.02,2,0.6012099,380.971,-0.2298124,0.3822499,7.03652,-7.6722,-33.8954,0.02339935,
2,11.03,2,0.6008106,380.9672,-0.2284736,0.3802756,7.03652,-7.6722,-33.8954,0.02339935,
2,11.04,2,0.601846,380.973,-0.2224391,0.3695946,7.03652,-7.6722,-33.8954,0.02339935,
2,11.05,2,0.6015618,380.9737,-0.221099,0.3675417,7.03652,-7.6722,-33.8954,0.02339935,
2,11.06,2,0.597374,380.9745,-0.2266272,0.3793724,7.03652,-7.6722,-33.8954,0.02339935,
2,11.07,2,0.600327,380.9712,-0.2261058,0.3766378,7.03652,-7.6722,-33.8954,0.02339935,
2,11.08,2,0.6023383,380.968,-0.2220421,0.3686336,7.03652,-7.6722,-33.8954,0.02339935,
2,11.09,2,0.6004691,380.9685,-0.221136,0.368272,7.03652,-7.6722,-33.8954,0.02339935,
2,11.1,2,0.597628,380.949,-0.2215296,0.3706815,7.03652,-7.6722,-33.8954,0.02339935,
2,11.11,2,0.6025457,380.9852,-0.2229487,0.3700113,7.033,-7.6722,-33.896,0.02399826,
2,11.12,2,0.6007488,380.9629,-0.2210595,0.3679734,7.033,-7.6722,-33.896,0.02399826,
2,11.13,2,0.6000172,380.9618,-0.2227118,0.3711756,7.033,-7.6722,-33.896,0.02399826,
2,11.14,2,0.6008552,380.9556,-0.2229284,0.3710185,7.033,-7.6722,-33.896,0.02399826,
2,11.15,2,0.6010215,380.9593,-0.2221497,0.3696203,7.033,-7.6722,-33.896,0.02399826,
2,11.16,2,0.6019861,380.9481,-0.2257542,0.3750156,7.033,-7.6722,-33.896,0.02399826,
2,11.17,2,0.6013803,380.9382,-0.2218276,0.3688641,7.033,-7.6722,-33.896,0.02399826,
2,11.18,2,0.6000569,380.9494,-0.2232846,0.3721057,7.033,-7.6722,-33.896,0.02399826,
2,11.19,2,0.6051893,380.9316,-0.2226237,0.3678579,7.033,-7.6722,-33.896,0.02399826,
2,11.2,2,0.6074192,380.9047,-0.2220681,0.3655929,7.033,-7.6722,-33.896,0.02399826,
2,11.21,2,0.6077576,380.8904,-0.2244426,0.3692963,7.033,-7.6722,-33.896,0.02399826,
2,11.22,2,0.6109467,380.8775,-0.2289391,0.3747285,7.033,-7.6722,-33.896,0.02399826,
2,11.23,2,0.6123914,380.8984,-0.227284,0.3711418,7.033,-7.6722,-33.896,0.02399826,
2,11.24,2,0.6103613,380.8628,-0.2227649,0.3649721,7.033,-7.6722,-33.896,0.02399826,
2,11.25,2,0.611899,380.8708,-0.2232446,0.364839,7.033,-7.6722,-33.896,0.02399826,
2,11.26,2,0.6134606,380.8699,-0.2296103,0.3742869,7.033,-7.6722,-33.896,0.02399826,
2,11.27,2,0.6101659,380.8643,-0.2311487,0.3788292,7.033,-7.6722,-33.896,0.02399826,
2,11.28,2,0.6112376,380.8713,-0.2305227,0.3771409,7.033,-7.6722,-33.896,0.02399826,
2,11.29,2,0.6109723,380.8423,-0.2331953,0.381679,7.033,-7.6722,-33.896,0.02399826,
2,11.3,2,0.6111361,380.8632,-0.2323868,0.3802537,7.02948,-7.6722,-33.8965,0.02449799,
2,11.31,2,0.6118114,380.8612,-0.2320695,0.3793154,7.02948,-7.6722,-33.8965,0.02449799,
2,11.32,2,0.6113927,380.8657,-0.2299559,0.3761182,7.02948,-7.6722,-33.8965,0.02449799,
2,11.33,2,0.6110141,380.8543,-0.2320214,0.3797317,7.02948,-7.6722,-33.8965,0.02449799,
2,11.34,2,0.6095761,380.8594,-0.2324934,0.3814018,7.02948,-7.6722,-33.8965,0.02449799,
2,11.35,2,0.6113723,380.8371,-0.232451,0.3802119,7.02948,-7.6722,-33.8965,0.02449799,
2,11.36,2,0.6086287,380.8467,-0.2322339,0.381569,7.02948,-7.6722,-33.8965,0.02449799,
2,11.37,2,0.6081846,380.8498,-0.2323693,0.3820703,7.02948,-7.6722,-33.8965,0.02449799,
2,11.38,2,0.6140119,380.8495,-0.2280041,0.371335,7.02948,-7.6722,-33.8965,0.02449799,
2,11.39,2,0.6163225,380.8076,-0.2342735,0.3801151,7.02948,-7.6722,-33.8965,0.02449799,
2,11.4,2,0.6184034,380.7845,-0.2350254,0.380052,7.02948,-7.6722,-33.8965,0.02449799,
2,11.41,2,0.6222308,380.7694,-0.2295845,0.36897,7.02948,-7.6722,-33.8965,0.02449799,
2,11.42,2,0.623355,380.7914,-0.229779,0.3686167,7.02948,-7.6722,-33.8965,0.02449799,
2,11.43,2,0.6229478,380.7751,-0.2290332,0.3676604,7.02948,-7.6722,-33.8965,0.02449799,
2,11.44,2,0.6225754,380.7686,-0.2309888,0.3710214,7.02948,-7.6722,-33.8965,0.02449799,
2,11.45,2,0.6214204,380.7799,-0.2342795,0.3770064,7.02948,-7.6722,-33.8965,0.02449799,
2,11.46,2,0.62128,380.7448,-0.2404157,0.3869683,7.02948,-7.6722,-33.8965,0.02449799,
2,11.47,2,0.6231824,380.7445,-0.2307965,0.3703515,7.02948,-7.6722,-33.8965,0.02449799,
2,11.48,2,0.6240926,380.7692,-0.2290045,0.3669399,7.02623,-7.6722,-33.8971,0.02509689,
2,11.49,2,0.6230369,380.7647,-0.2335096,0.3747926,7.02623,-7.6722,-33.8971,0.02509689,
2,11.5,2,0.6225084,380.7639,-0.2371944,0.38103,7.02623,-7.6722,-33.8971,0.02509689,
2,11.51,2,0.6235333,380.7561,-0.2365222,0.3793257,7.02623,-7.6722,-33.8971,0.02509689,
2,11.52,2,0.6193113,380.7593,-0.2332955,0.3767015,7.02623,-7.6722,-33.8971,0.02509689,
2,11.53,2,0.6196563,380.7647,-0.2370954,0.382624,7.02623,-7.6722,-33.8971,0.02509689,
2,11.54,2,0.6242713,380.7547,-0.2345709,0.3757516,7.02623,-7.6722,-33.8971,0.02509689,
2,11.55,2,0.6223427,380.7595,-0.2336133,0.3753772,7.02623,-7.6722,-33.8971,0.02509689,
2,11.56,2,0.6267746,380.7384,-0.2328013,0.3714275,7.02623,-7.6722,-33.8971,0.02509689,
2,11.57,2,0.6258435,380.6971,-0.2344822,0.3746658,7.02623,-7.6722,-33.8971,0.02509689,
2,11.58,2,0.6305941,380.7103,-0.2377591,0.3770399,7.02623,-7.6722,-33.8971,0.02509689,
2,11.59,2,0.6351274,380.6626,-0.2355825,0.3709216,7.02623,-7.6722,-33.8971,0.02509689,
2,11.6,2,0.6306814,380.6893,-0.2373592,0.3763536,7.02623,-7.6722,-33.8971,0.02509689,
2,11.61,2,0.631152,380.6844,-0.2368958,0.3753388,7.02623,-7.6722,-33.8971,0.02509689,
2,11.62,2,0.6373336,380.6866,-0.23617,0.3705594,7.02623,-7.6722,-33.8971,0.02509689,
2,11.63,2,0.6334652,380.6836,-0.2333791,0.3684166,7.02623,-7.6722,-33.8971,0.02509689,
2,11.64,2,0.6305351,380.6821,-0.2343008,0.3715904,7.02623,-7.6722,-33.8971,0.02509689,
2,11.65,2,0.6321869,380.6819,-0.2321944,0.3672876,7.02623,-7.6722,-33.8971,0.02509689,
2,11.66,2,0.6336166,380.6748,-0.233405,0.3683694,7.02623,-7.6722,-33.8971,0.02509689,
2,11.67,2,0.6330765,380.674,-0.2307735,0.364527,7.02623,-7.6722,-33.8971,0.02509689,
2,11.68,2,0.6316599,380.6656,-0.2326577,0.3683275,7.02322,-7.6722,-33.8976,0.02559662,
2,11.69,2,0.633258,380.6684,-0.2380604,0.3759296,7.02322,-7.6722,-33.8976,0.02559662,
2,11.7,2,0.6332474,380.6559,-0.2390482,0.3774957,7.02322,-7.6722,-33.8976,0.02559662,
2,11.71,2,0.6317117,380.648,-0.2349349,0.3719021,7.02322,-7.6722,-33.8976,0.02559662,
2,11.72,2,0.6303928,380.6602,-0.2378146,0.3772482,7.02322,-7.6722,-33.8976,0.02559662,
2,11.73,2,0.6344626,380.6615,-0.2330283,0.3672846,7.02322,-7.6722,-33.8976,0.02559662,
2,11.74,2,0.633842,380.6485,-0.2360299,0.3723798,7.02322,-7.6722,-33.8976,0.02559662,
2,11.75,2,0.6376835,380.6416,-0.2383398,0.3737588,7.02322,-7.6722,-33.8976,0.02559662,
2,11.76,2,0.6352985,380.6263,-0.2380375,0.3746861,7.02322,-7.6722,-33.8976,0.02559662,
2,11.77,2,0.6407494,380.5949,-0.237803,0.3711326,7.02322,-7.6722,-33.8976,0.02559662,
2,11.78,2,0.6473262,380.5927,-0.2366018,0.3655063,7.02322,-7.6722,-33.8976,0.02559662,
2,11.79,2,0.6440796,380.5888,-0.236075,0.3665308,7.02322,-7.6722,-33.8976,0.02559662,
2,11.8,2,0.6426292,380.5832,-0.2368992,0.3686406,7.02322,-7.6722,-33.8976,0.02559662,
2,11.81,2,0.6447332,380.5862,-0.2394784,0.371438,7.02322,-7.6722,-33.8976,0.02559662,
2,11.82,2,0.6425195,380.5489,-0.242685,0.3777085,7.02322,-7.6722,-33.8976,0.02559662,
2,11.83,2,0.6442713,380.5909,-0.2424209,0.3762715,7.02322,-7.6722,-33.8976,0.02559662,
2,11.84,2,0.6427094,380.584,-0.2418839,0.3763503,7.02322,-7.6722,-33.8976,0.02559662,
2,11.85,2,0.6410894,380.5863,-0.2375172,0.3704899,7.02322,-7.6722,-33.8976,0.02559662,
2,11.86,2,0.6441955,380.5474,-0.2381627,0.3697057,7.02322,-7.6722,-33.8976,0.02559662,
2,11.87,2,0.642513,380.5809,-0.2436313,0.379185,7.02322,-7.6722,-33.8976,0.02559662,
2,11.88,2,0.6419792,380.5727,-0.2420318,0.3770088,7.01972,-7.6722,-33.8981,0.02610016,
2,11.89,2,0.6450828,380.5733,-0.2368631,0.3671825,7.01972,-7.6722,-33.8981,0.02610016,
2,11.9,2,0.6458167,380.5771,-0.2401617,0.3718728,7.01972,-7.6722,-33.8981,0.02610016,
2,11.91,2,0.6435558,380.5717,-0.2375246,0.3690815,7.01972,-7.6722,-33.8981,0.02610016,
2,11.92,2,0.6409943,380.562,-0.2380657,0.3714006,7.01972,-7.6722,-33.8981,0.02610016,
2,11.93,2,0.6492909,380.5355,-0.238713,0.3676518,7.01972,-7.6722,-33.8981,0.02610016,
2,11.94,2,0.6493906,380.5344,-0.2387427,0.3676411,7.01972,-7.6722,-33.8981,0.02610016,
2,11.95,2,0.6512762,380.5144,-0.2380584,0.3655261,7.01972,-7.6722,-33.8981,0.02610016,
2,11.96,2,0.6550431,380.5034,-0.2383992,0.3639444,7.01972,-7.6722,-33.8981,0.02610016,
2,11.97,2,0.6549886,380.4998,-0.2389403,0.3648008,7.01972,-7.6722,-33.8981,0.02610016,
2,11.98,2,0.6533082,380.4949,-0.2387175,0.3653979,7.01972,-7.6722,-33.8981,0.02610016,
2,11.99,2,0.6540514,380.492,-0.2410635,0.3685697,7.01972,-7.6722,-33.8981,0.02610016,
2,12,2,0.6545552,380.5018,-0.2412814,0.3686188,7.01972,-7.6722,-33.8981,0.02610016,
2,12.01,2,0.6558849,380.4863,-0.2384473,0.3635505,7.01972,-7.6722,-33.8981,0.02610016,
2,12.02,2,0.6551647,380.4874,-0.239308,0.3652639,7.01972,-7.6722,-33.8981,0.02610016,
2,12.03,2,0.6528322,380.4863,-0.2381344,0.3647712,7.01972,-7.6722,-33.8981,0.02610016,
2,12.04,2,0.6533001,380.478,-0.239064,0.3659329,7.01972,-7.6722,-33.8981,0.02610016,
2,12.05,2,0.6531251,380.483,-0.240148,0.3676906,7.01972,-7.6722,-33.8981,0.02610016,
2,12.06,2,0.65008,380.4955,-0.2393847,0.3682389,7.01972,-7.6722,-33.8981,0.02610016,
2,12.07,2,0.6518591,380.4826,-0.238015,0.3651326,7.01673,-7.6722,-33.8986,0.02659988,
2,12.08,2,0.653594,380.4765,-0.2390343,0.365723,7.01673,-7.6722,-33.8986,0.02659988,
2,12.09,2,0.650354,380.4688,-0.2387689,0.3671368,7.01673,-7.6722,-33.8986,0.02659988,
2,12.1,2,0.6542166,380.4713,-0.2372955,0.3627171,7.01673,-7.6722,-33.8986,0.02659988,
2,12.11,2,0.6527081,380.478,-0.2388999,0.3660133,7.01673,-7.6722,-33.8986,0.02659988,
2,12.12,2,0.6577706,380.4365,-0.2383025,0.3622882,7.01673,-7.6722,-33.8986,0.02659988,
2,12.13,2,0.6583529,380.4163,-0.23934,0.3635436,7.01673,-7.6722,-33.8986,0.02659988,
2,12.14,2,0.6613357,380.4066,-0.2404435,0.3635726,7.01673,-7.6722,-33.8986,0.02659988,
2,12.15,2,0.6634434,380.4089,-0.2402679,0.3621528,7.01673,-7.6722,-33.8986,0.02659988,
2,12.16,2,0.6634722,380.4028,-0.2415596,0.364084,7.01673,-7.6722,-33.8986,0.02659988,
2,12.17,2,0.6605865,380.3716,-0.2423964,0.3669412,7.01673,-7.6722,-33.8986,0.02659988,
2,12.18,2,0.6624033,380.389,-0.2424709,0.3660472,7.01673,-7.6722,-33.8986,0.02659988,
2,12.19,2,0.6604443,380.3984,-0.2416155,0.3658378,7.01673,-7.6722,-33.8986,0.02659988,
2,12.2,2,0.6613764,380.3934,-0.2408394,0.3641488,7.01673,-7.6722,-33.8986,0.02659988,
2,12.21,2,0.6623915,380.3905,-0.2403794,0.3628962,7.01673,-7.6722,-33.8986,0.02659988,
2,12.22,2,0.6617239,380.3969,-0.2411993,0.3645014,7.01673,-7.6722,-33.8986,0.02659988,
2,12.23,2,0.6615785,380.381,-0.241118,0.3644587,7.01673,-7.6722,-33.8986,0.02659988,
2,12.24,2,0.6618078,380.3708,-0.2421636,0.3659122,7.01673,-7.6722,-33.8986,0.02659988,
2,12.25,2,0.6623948,380.3805,-0.2409428,0.3637451,7.01673,-7.6722,-33.8986,0.02659988,
2,12.26,2,0.6604766,380.3837,-0.2407735,0.3645451,7.01347,-7.6722,-33.8992,0.02719879,
2,12.27,2,0.6621554,380.3837,-0.2418003,0.3651715,7.01347,-7.6722,-33.8992,0.02719879,
2,12.28,2,0.6623105,380.3641,-0.2444865,0.3691418,7.01347,-7.6722,-33.8992,0.02719879,
2,12.29,2,0.6628632,380.3773,-0.2428286,0.3663329,7.01347,-7.6722,-33.8992,0.02719879,
2,12.3,2,0.6596055,380.382,-0.2422138,0.3672101,7.01347,-7.6722,-33.8992,0.02719879,
2,12.31,2,0.660524,380.3725,-0.2437125,0.3689685,7.01347,-7.6722,-33.8992,0.02719879,
2,12.32,2,0.6621754,380.37,-0.2423357,0.3659691,7.01347,-7.6722,-33.8992,0.02719879,
2,12.33,2,0.6676024,380.3406,-0.2432525,0.3643673,7.01347,-7.6722,-33.8992,0.02719879,
2,12.34,2,0.6653187,380.3128,-0.2460459,0.3698166,7.01347,-7.6722,-33.8992,0.02719879,
2,12.35,2,0.6700273,380.3153,-0.2455281,0.3664449,7.01347,-7.6722,-33.8992,0.02719879,
2,12.36,2,0.6732584,380.3091,-0.2469692,0.3668268,7.01347,-7.6722,-33.8992,0.02719879,
2,12.37,2,0.6722034,380.3012,-0.2471018,0.3675997,7.01347,-7.6722,-33.8992,0.02719879,
2,12.38,2,0.6702924,380.304,-0.2466403,0.3679592,7.01347,-7.6722,-33.8992,0.02719879,
2,12.39,2,0.6707056,380.3048,-0.2466161,0.3676964,7.01347,-7.6722,-33.8992,0.02719879,
2,12.4,2,0.6718712,380.2935,-0.2471282,0.3678208,7.01347,-7.6722,-33.8992,0.02719879,
2,12.41,2,0.6740201,380.3397,-0.2460472,0.3650444,7.01347,-7.6722,-33.8992,0.02719879,
2,12.42,2,0.6724693,380.28,-0.2457338,0.36542,7.01347,-7.6722,-33.8992,0.02719879,
2,12.43,2,0.6734973,380.3011,-0.2457789,0.3649293,7.01347,-7.6722,-33.8992,0.02719879,
2,12.44,2,0.673344,380.2855,-0.2459964,0.3653355,7.01347,-7.6722,-33.8992,0.02719879,
2,12.45,2,0.6707456,380.2865,-0.2472054,0.3685532,7.01347,-7.6722,-33.8992,0.02719879,
2,12.46,2,0.6695594,380.2873,-0.2466085,0.3683146,7.01347,-7.6722,-33.8992,0.02719879,
2,12.47,2,0.6715331,380.3046,-0.2465582,0.3671571,7.01347,-7.6722,-33.8992,0.02719879,
2,12.48,2,0.6723314,380.2807,-0.2474247,0.36801,7.01347,-7.6722,-33.8992,0.02719879,
2,12.49,2,0.6696715,380.2829,-0.2461455,0.3675616,7.00995,-7.6722,-33.8997,0.02769852,
2,12.5,2,0.6712827,380.2846,-0.2466778,0.3674722,7.00995,-7.6722,-33.8997,0.02769852,
2,12.51,2,0.6709153,380.2787,-0.2470411,0.368215,7.00995,-7.6722,-33.8997,0.02769852,
2,12.52,2,0.6728752,380.2872,-0.2453088,0.3645681,7.00995,-7.6722,-33.8997,0.02769852,
2,12.53,2,0.6703253,380.2791,-0.2471503,0.3687021,7.00995,-7.6722,-33.8997,0.02769852,
2,12.54,2,0.6713081,380.2715,-0.2458538,0.3662309,7.00995,-7.6722,-33.8997,0.02769852,
2,12.55,2,0.676456,380.2706,-0.246216,0.3639794,7.00995,-7.6722,-33.8997,0.02769852,
2,12.56,2,0.6784062,380.2374,-0.2471663,0.3643338,7.00995,-7.6722,-33.8997,0.02769852,
2,12.57,2,0.6776119,380.2125,-0.2483765,0.3665468,7.00995,-7.6722,-33.8997,0.02769852,
2,12.58,2,0.6805533,380.2102,-0.2496737,0.3668688,7.00995,-7.6722,-33.8997,0.02769852,
2,12.59,2,0.6815541,380.2028,-0.2499719,0.3667675,7.00995,-7.6722,-33.8997,0.02769852,
2,12.6,2,0.6780143,380.2018,-0.2501582,0.3689571,7.00995,-7.6722,-33.8997,0.02769852,
2,12.61,2,0.6792721,380.2003,-0.2500804,0.3681594,7.00995,-7.6722,-33.8997,0.02769852,
2,12.62,2,0.680521,380.1953,-0.2500486,0.3674371,7.00995,-7.6722,-33.8997,0.02769852,
2,12.63,2,0.6797515,380.187,-0.251562,0.3700793,7.00995,-7.6722,-33.8997,0.02769852,
2,12.64,2,0.6832166,380.1964,-0.2504362,0.3665546,7.00995,-7.6722,-33.8997,0.02769852,
2,12.65,2,0.6795639,380.1637,-0.2498202,0.3676185,7.00995,-7.6722,-33.8997,0.02769852,
2,12.66,2,0.6824012,380.1945,-0.2493345,0.3653782,7.00995,-7.6722,-33.8997,0.02769852,
2,12.67,2,0.685609,380.191,-0.2504947,0.3653609,7.00995,-7.6722,-33.8997,0.02769852,
2,12.68,2,0.6842105,380.1789,-0.2503215,0.3658545,7.00615,-7.6722,-33.9002,0.02819824,
2,12.69,2,0.6814008,380.1839,-0.2512408,0.3687123,7.00615,-7.6722,-33.9002,0.02819824,
2,12.7,2,0.6796038,380.1736,-0.2498924,0.3677031,7.00615,-7.6722,-33.9002,0.02819824,
2,12.71,2,0.6820661,380.1873,-0.2502544,0.3669063,7.00615,-7.6722,-33.9002,0.02819824,
2,12.72,2,0.6827677,380.1788,-0.2518245,0.3688289,7.00615,-7.6722,-33.9002,0.02819824,
2,12.73,2,0.6797151,380.1842,-0.2518764,0.3705617,7.00615,-7.6722,-33.9002,0.02819824,
2,12.74,2,0.6797678,380.1703,-0.2509174,0.3691222,7.00615,-7.6722,-33.9002,0.02819824,
2,12.75,2,0.6820655,380.1845,-0.2519338,0.3693689,7.00615,-7.6722,-33.9002,0.02819824,
2,12.76,2,0.6846647,380.168,-0.2531092,0.3696835,7.00615,-7.6722,-33.9002,0.02819824,
2,12.77,2,0.6839066,380.1465,-0.2530742,0.370042,7.00615,-7.6722,-33.9002,0.02819824,
2,12.78,2,0.6895928,380.1149,-0.2548546,0.3695726,7.00615,-7.6722,-33.9002,0.02819824,
2,12.79,2,0.6915632,380.1104,-0.2546471,0.3682196,7.00615,-7.6722,-33.9002,0.02819824,
2,12.8,2,0.6909888,380.1055,-0.2538142,0.3673202,7.00615,-7.6722,-33.9002,0.02819824,
2,12.81,2,0.6896996,380.11,-0.2543923,0.3688451,7.00615,-7.6722,-33.9002,0.02819824,
2,12.82,2,0.6925892,380.1257,-0.2551403,0.3683861,7.00615,-7.6722,-33.9002,0.02819824,
2,12.83,2,0.6897093,380.1175,-0.2535511,0.3676202,7.00615,-7.6722,-33.9002,0.02819824,
2,12.84,2,0.6904882,380.1053,-0.2527565,0.3660547,7.00615,-7.6722,-33.9002,0.02819824,
2,12.85,2,0.6892699,380.0996,-0.2533144,0.3675112,7.00615,-7.6722,-33.9002,0.02819824,
2,12.86,2,0.6901404,380.1034,-0.2549816,0.3694633,7.00615,-7.6722,-33.9002,0.02819824,
2,12.87,2,0.6909925,380.0943,-0.2538437,0.3673611,7.00615,-7.6722,-33.9002,0.02819824,
2,12.88,2,0.6899799,380.1112,-0.2545186,0.3688783,7.00615,-7.6722,-33.9002,0.02819824,
2,12.89,2,0.6879808,380.0819,-0.2554283,0.3712725,7.00615,-7.6722,-33.9002,0.02819824,
2,12.9,2,0.6906013,380.0912,-0.2546303,0.3687081,7.00262,-7.6722,-33.9008,0.02879715,
2,12.91,2,0.6907372,380.0901,-0.2550279,0.3692112,7.00262,-7.6722,-33.9008,0.02879715,
2,12.92,2,0.6906308,380.0821,-0.2553155,0.3696845,7.00262,-7.6722,-33.9008,0.02879715,
2,12.93,2,0.6905807,380.0762,-0.2566733,0.3716775,7.00262,-7.6722,-33.9008,0.02879715,
2,12.94,2,0.6907237,380.0715,-0.2557389,0.3702478,7.00262,-7.6722,-33.9008,0.02879715,
2,12.95,2,0.6912925,380.0793,-0.255385,0.3694313,7.00262,-7.6722,-33.9008,0.02879715,
2,12.96,2,0.6889528,380.0831,-0.2555159,0.3708757,7.00262,-7.6722,-33.9008,0.02879715,
2,12.97,2,0.6925796,380.0464,-0.2559399,0.3695458,7.00262,-7.6722,-33.9008,0.02879715,
2,12.98,2,0.6988317,380.0306,-0.2574447,0.368393,7.00262,-7.6722,-33.9008,0.02879715,
2,12.99,2,0.7010943,380.0186,-0.2570122,0.3665872,7.00262,-7.6722,-33.9008,0.02879715,
2,13,2,0.7021542,379.996,-0.2587721,0.3685403,7.00262,-7.6722,-33.9008,0.02879715,
2,13.01,2,0.7002388,380.0134,-0.258664,0.3693939,7.00262,-7.6722,-33.9008,0.02879715,
2,13.02,2,0.7000647,380.0093,-0.2590719,0.3700685,7.00262,-7.6722,-33.9008,0.02879715,
2,13.03,2,0.7032536,380.0075,-0.2584695,0.3675338,7.00262,-7.6722,-33.9008,0.02879715,
2,13.04,2,0.7009571,380.0381,-0.2586107,0.3689394,7.00262,-7.6722,-33.9008,0.02879715,
2,13.05,2,0.6988807,379.9956,-0.25986,0.3718231,7.00262,-7.6722,-33.9008,0.02879715,
2,13.06,2,0.7027067,379.952,-0.2599624,0.3699444,7.00262,-7.6722,-33.9008,0.02879715,
2,13.07,2,0.7009788,380.0103,-0.2579398,0.3679708,7.00262,-7.6722,-33.9008,0.02879715,
2,13.08,2,0.7011712,380.0033,-0.2580685,0.3680535,7.00262,-7.6722,-33.9008,0.02879715,
2,13.09,2,0.7027684,379.9962,-0.2577722,0.3667954,7.00262,-7.6722,-33.9008,0.02879715,
2,13.1,2,0.7025423,379.9911,-0.2601443,0.3702899,6.9991,-7.6722,-33.9013,0.02929688,
2,13.11,2,0.7024267,379.9773,-0.259552,0.3695076,6.9991,-7.6722,-33.9013,0.02929688,
2,13.12,2,0.7014652,379.9879,-0.2594317,0.3698426,6.9991,-7.6722,-33.9013,0.02929688,
2,13.13,2,0.7007644,379.9904,-0.2603529,0.371527,6.9991,-7.6722,-33.9013,0.02929688,
2,13.14,2,0.7022147,379.9823,-0.2600426,0.3703178,6.9991,-7.6722,-33.9013,0.02929688,
2,13.15,2,0.7007574,379.99,-0.2598569,0.3708229,6.9991,-7.6722,-33.9013,0.02929688,
2,13.16,2,0.7006096,379.9829,-0.2610274,0.3725719,6.9991,-7.6722,-33.9013,0.02929688,
2,13.17,2,0.7025245,379.9891,-0.2613476,0.372012,6.9991,-7.6722,-33.9013,0.02929688,
2,13.18,2,0.7073542,379.9364,-0.2607457,0.3686211,6.9991,-7.6722,-33.9013,0.02929688,
2,13.19,2,0.7075677,379.9352,-0.2668821,0.3771825,6.9991,-7.6722,-33.9013,0.02929688,
2,13.2,2,0.7108749,379.9342,-0.268132,0.3771859,6.9991,-7.6722,-33.9013,0.02929688,
2,13.21,2,0.7118981,379.9271,-0.2627055,0.3690213,6.9991,-7.6722,-33.9013,0.02929688,
2,13.22,2,0.7137057,379.9198,-0.265158,0.3715229,6.9991,-7.6722,-33.9013,0.02929688,
2,13.23,2,0.7124407,379.9004,-0.2638981,0.3704142,6.9991,-7.6722,-33.9013,0.02929688,
2,13.24,2,0.7122167,379.9417,-0.2643943,0.3712273,6.9991,-7.6722,-33.9013,0.02929688,
2,13.25,2,0.713214,379.9059,-0.2642034,0.3704405,6.9991,-7.6722,-33.9013,0.02929688,
2,13.26,2,0.713857,379.9021,-0.263525,0.3691566,6.9991,-7.6722,-33.9013,0.02929688,
2,13.27,2,0.7107194,379.9045,-0.264154,0.3716713,6.9991,-7.6722,-33.9013,0.02929688,
2,13.28,2,0.7100449,379.9018,-0.265254,0.3735736,6.9991,-7.6722,-33.9013,0.02929688,
2,13.29,2,0.7109779,379.911,-0.2664058,0.3747034,6.9991,-7.6722,-33.9013,0.02929688,
2,13.3,2,0.7132706,379.9057,-0.2644114,0.3707029,6.99557,-7.6722,-33.9018,0.0297966,
2,13.31,2,0.7128444,379.9021,-0.2635801,0.3697582,6.99557,-7.6722,-33.9018,0.0297966,
2,13.32,2,0.7127865,379.8967,-0.2662976,0.3736008,6.99557,-7.6722,-33.9018,0.0297966,
2,13.33,2,0.7109529,379.892,-0.2651051,0.372887,6.99557,-7.6722,-33.9018,0.0297966,
2,13.34,2,0.7126628,379.8865,-0.2662024,0.373532,6.99557,-7.6722,-33.9018,0.0297966,
2,13.35,2,0.7122048,379.8879,-0.2654591,0.3727286,6.99557,-7.6722,-33.9018,0.0297966,
2,13.36,2,0.7132406,379.8715,-0.2653059,0.3719725,6.99557,-7.6722,-33.9018,0.0297966,
2,13.37,2,0.7124754,379.8831,-0.2642627,0.3709078,6.99557,-7.6722,-33.9018,0.0297966,
2,13.38,2,0.7164608,379.869,-0.2632944,0.3674932,6.99557,-7.6722,-33.9018,0.0297966,
2,13.39,2,0.7178891,379.8577,-0.2657124,0.3701301,6.99557,-7.6722,-33.9018,0.0297966,
2,13.4,2,0.7207935,379.8368,-0.2673977,0.3709769,6.99557,-7.6722,-33.9018,0.0297966,
2,13.41,2,0.724091,379.8277,-0.2676678,0.3696604,6.99557,-7.6722,-33.9018,0.0297966,
2,13.42,2,0.7229345,379.8259,-0.2673975,0.3698779,6.99557,-7.6722,-33.9018,0.0297966,
2,13.43,2,0.7223862,379.8236,-0.266486,0.3688968,6.99557,-7.6722,-33.9018,0.0297966,
2,13.44,2,0.723398,379.8131,-0.2729877,0.3773686,6.99557,-7.6722,-33.9018,0.0297966,
2,13.45,2,0.7243035,379.8139,-0.2720173,0.3755571,6.99557,-7.6722,-33.9018,0.0297966,
2,13.46,2,0.7221631,379.8199,-0.2769878,0.3835529,6.99557,-7.6722,-33.9018,0.0297966,
2,13.47,2,0.7225381,379.7943,-0.2753761,0.3811233,6.99557,-7.6722,-33.9018,0.0297966,
2,13.48,2,0.7244451,379.8001,-0.2685631,0.3707156,6.99557,-7.6722,-33.9018,0.0297966,
2,13.49,2,0.7261935,379.8096,-0.2676483,0.3685633,6.99557,-7.6722,-33.9018,0.0297966,
2,13.5,2,0.725123,379.8065,-0.2689134,0.370852,6.99557,-7.6722,-33.9018,0.0297966,
2,13.51,2,0.7232441,379.8017,-0.2666063,0.3686256,6.99557,-7.6722,-33.9018,0.0297966,
2,13.52,2,0.7234944,379.7999,-0.2702946,0.373596,6.99557,-7.6722,-33.9018,0.0297966,
2,13.53,2,0.7220287,379.8109,-0.2710327,0.3753766,6.99557,-7.6722,-33.9018,0.0297966,
2,13.54,2,0.7232986,379.802,-0.2686246,0.3713883,6.99205,-7.6722,-33.9024,0.03039932,
2,13.55,2,0.7211454,379.8033,-0.2689328,0.3729245,6.99205,-7.6722,-33.9024,0.03039932,
2,13.56,2,0.7230831,379.7864,-0.2686417,0.3715226,6.99205,-7.6722,-33.9024,0.03039932,
2,13.57,2,0.7250834,379.7884,-0.2707229,0.3733679,6.99205,-7.6722,-33.9024,0.03039932,
2,13.58,2,0.7229621,379.7949,-0.2707877,0.3745531,6.99205,-7.6722,-33.9024,0.03039932,
2,13.59,2,0.7216134,379.7568,-0.269439,0.3733841,6.99205,-7.6722,-33.9024,0.03039932,
2,13.6,2,0.7223868,379.7902,-0.2684795,0.3716561,6.99205,-7.6722,-33.9024,0.03039932,
2,13.61,2,0.7208235,379.7943,-0.2767624,0.3839531,6.99205,-7.6722,-33.9024,0.03039932,
2,13.62,2,0.7217942,379.7845,-0.2773033,0.3841861,6.99205,-7.6722,-33.9024,0.03039932,
2,13.63,2,0.7271822,379.7556,-0.2722471,0.3743864,6.99205,-7.6722,-33.9024,0.03039932,
2,13.64,2,0.7312276,379.7376,-0.2714827,0.3712698,6.99205,-7.6722,-33.9024,0.03039932,
2,13.65,2,0.7325026,379.7635,-0.2736671,0.3736056,6.99205,-7.6722,-33.9024,0.03039932,
2,13.66,2,0.7329137,379.7296,-0.2701607,0.3686119,6.99205,-7.6722,-33.9024,0.03039932,
2,13.67,2,0.7308673,379.7224,-0.2702426,0.369756,6.99205,-7.6722,-33.9024,0.03039932,
2,13.68,2,0.7342525,379.7102,-0.2708543,0.3688844,6.99205,-7.6722,-33.9024,0.03039932,
2,13.69,2,0.7330248,379.7105,-0.2708705,0.3695244,6.99205,-7.6722,-33.9024,0.03039932,
2,13.7,2,0.7302814,379.7027,-0.2727625,0.3735033,6.99205,-7.6722,-33.9024,0.03039932,
2,13.71,2,0.7314944,379.7251,-0.2795059,0.3821026,6.99205,-7.6722,-33.9024,0.03039932,
2,13.72,2,0.7342383,379.7057,-0.2777873,0.378334,6.99205,-7.6722,-33.9024,0.03039932,
2,13.73,2,0.733542,379.706,-0.2724875,0.3714681,6.99205,-7.6722,-33.9024,0.03039932,
2,13.74,2,0.7338079,379.7031,-0.2714803,0.369961,6.99205,-7.6722,-33.9024,0.03039932,
2,13.75,2,0.7319887,379.7045,-0.2718429,0.3713758,6.98852,-7.6722,-33.9029,0.03089905,
2,13.76,2,0.7339541,379.6985,-0.2747675,0.374366,6.98852,-7.6722,-33.9029,0.03089905,
2,13.77,2,0.73306,379.7386,-0.272172,0.3712821,6.98852,-7.6722,-33.9029,0.03089905,
2,13.78,2,0.7325135,379.6962,-0.2736538,0.3735819,6.98852,-7.6722,-33.9029,0.03089905,
2,13.79,2,0.7325031,379.6845,-0.272349,0.371806,6.98852,-7.6722,-33.9029,0.03089905,
2,13.8,2,0.7328072,379.688,-0.2739218,0.3737979,6.98852,-7.6722,-33.9029,0.03089905,
2,13.81,2,0.7347787,379.6866,-0.2728376,0.3713194,6.98852,-7.6722,-33.9029,0.03089905,
2,13.82,2,0.7363856,379.6949,-0.2750311,0.3734879,6.98852,-7.6722,-33.9029,0.03089905,
2,13.83,2,0.7378693,379.6537,-0.2735497,0.3707292,6.98852,-7.6722,-33.9029,0.03089905,
2,13.84,2,0.7416183,379.6272,-0.274904,0.3706812,6.98852,-7.6722,-33.9029,0.03089905,
2,13.85,2,0.7437351,379.6312,-0.275679,0.3706682,6.98852,-7.6722,-33.9029,0.03089905,
2,13.86,2,0.7410434,379.6242,-0.2767797,0.3734999,6.98852,-7.6722,-33.9029,0.03089905,
2,13.87,2,0.7442268,379.6185,-0.2755959,0.3703117,6.98852,-7.6722,-33.9029,0.03089905,
2,13.88,2,0.7450911,379.6141,-0.2771498,0.3719677,6.98852,-7.6722,-33.9029,0.03089905,
2,13.89,2,0.742411,379.6039,-0.2769057,0.3729817,6.98852,-7.6722,-33.9029,0.03089905,
2,13.9,2,0.7403447,379.6017,-0.2752586,0.3717979,6.98852,-7.6722,-33.9029,0.03089905,
2,13.91,2,0.7424036,379.6034,-0.2744551,0.3696845,6.98852,-7.6722,-33.9029,0.03089905,
2,13.92,2,0.7429787,379.6039,-0.2764346,0.3720626,6.98852,-7.6722,-33.9029,0.03089905,
2,13.93,2,0.7420514,379.5991,-0.2775011,0.3739648,6.98852,-7.6722,-33.9029,0.03089905,
2,13.94,2,0.7415202,379.5853,-0.2765188,0.372908,6.98527,-7.6722,-33.9035,0.03149796,
2,13.95,2,0.7425748,379.6195,-0.2768822,0.3728678,6.98527,-7.6722,-33.9035,0.03149796,
2,13.96,2,0.7459852,379.5976,-0.2763916,0.3705054,6.98527,-7.6722,-33.9035,0.03149796,
2,13.97,2,0.7423137,379.5972,-0.2753663,0.3709567,6.98527,-7.6722,-33.9035,0.03149796,
2,13.98,2,0.7405354,379.5917,-0.2754129,0.3719104,6.98527,-7.6722,-33.9035,0.03149796,
2,13.99,2,0.743933,379.5878,-0.2785136,0.3743799,6.98527,-7.6722,-33.9035,0.03149796,
2,14,2,0.7468297,379.5939,-0.2772839,0.3712813,6.98527,-7.6722,-33.9035,0.03149796,
2,14.01,2,0.748489,379.5783,-0.2747836,0.3671178,6.98527,-7.6722,-33.9035,0.03149796,
2,14.02,2,0.749437,379.5327,-0.2746365,0.3664571,6.98527,-7.6722,-33.9035,0.03149796,
2,14.03,2,0.7522453,379.5285,-0.2761791,0.3671397,6.98527,-7.6722,-33.9035,0.03149796,
2,14.04,2,0.7550197,379.5309,-0.2770401,0.3669309,6.98527,-7.6722,-33.9035,0.03149796,
2,14.05,2,0.7545555,379.5284,-0.2789493,0.369687,6.98527,-7.6722,-33.9035,0.03149796,
2,14.06,2,0.7528673,379.5368,-0.2795732,0.3713446,6.98527,-7.6722,-33.9035,0.03149796,
2,14.07,2,0.7536732,379.5392,-0.2783992,0.3693899,6.98527,-7.6722,-33.9035,0.03149796,
2,14.08,2,0.7539539,379.5174,-0.2778423,0.3685136,6.98527,-7.6722,-33.9035,0.03149796,
2,14.09,2,0.7515407,379.5139,-0.2785003,0.3705725,6.98527,-7.6722,-33.9035,0.03149796,
2,14.1,2,0.7520097,379.5124,-0.2794845,0.3716501,6.98527,-7.6722,-33.9035,0.03149796,
2,14.11,2,0.7519854,379.5155,-0.2786142,0.3705048,6.98527,-7.6722,-33.9035,0.03149796,
2,14.12,2,0.7534291,379.503,-0.2786044,0.3697819,6.98527,-7.6722,-33.9035,0.03149796,
2,14.13,2,0.7546945,379.5039,-0.2784564,0.3689657,6.98527,-7.6722,-33.9035,0.03149796,
2,14.14,2,0.7509276,379.5036,-0.2791044,0.3716795,6.98527,-7.6722,-33.9035,0.03149796,
2,14.15,2,0.7509718,379.5018,-0.2888847,0.3846812,6.98527,-7.6722,-33.9035,0.03149796,
2,14.16,2,0.7534512,379.505,-0.2912472,0.3865508,6.98527,-7.6722,-33.9035,0.03149796,
2,14.17,2,0.7531297,379.4976,-0.2841909,0.3773466,6.98147,-7.6722,-33.904,0.03199768,
2,14.18,2,0.7549718,379.5315,-0.2812713,0.3725587,6.98147,-7.6722,-33.904,0.03199768,
2,14.19,2,0.7534566,379.4901,-0.2796676,0.3711794,6.98147,-7.6722,-33.904,0.03199768,
2,14.2,2,0.7523782,379.4984,-0.2791661,0.371045,6.98147,-7.6722,-33.904,0.03199768,
2,14.21,2,0.751313,379.5007,-0.2874078,0.3825408,6.98147,-7.6722,-33.904,0.03199768,
2,14.22,2,0.7509981,379.4718,-0.2906272,0.3869879,6.98147,-7.6722,-33.904,0.03199768,
2,14.23,2,0.751399,379.492,-0.2827509,0.3762993,6.98147,-7.6722,-33.904,0.03199768,
2,14.24,2,0.7549344,379.4957,-0.2818006,0.3732783,6.98147,-7.6722,-33.904,0.03199768,
2,14.25,2,0.755437,379.4604,-0.2799327,0.3705573,6.98147,-7.6722,-33.904,0.03199768,
2,14.26,2,0.7588494,379.4422,-0.2804638,0.3695908,6.98147,-7.6722,-33.904,0.03199768,
2,14.27,2,0.7618768,379.4233,-0.2874066,0.377235,6.98147,-7.6722,-33.904,0.03199768,
2,14.28,2,0.7614039,379.4302,-0.2923175,0.3839191,6.98147,-7.6722,-33.904,0.03199768,
2,14.29,2,0.7633795,379.4323,-0.2855169,0.3740169,6.98147,-7.6722,-33.904,0.03199768,
2,14.3,2,0.762571,379.4028,-0.2842373,0.3727355,6.98147,-7.6722,-33.904,0.03199768,
2,14.31,2,0.76346,379.4189,-0.2817499,0.3690434,6.98147,-7.6722,-33.904,0.03199768,
2,14.32,2,0.7634524,379.4209,-0.2840047,0.3720006,6.98147,-7.6722,-33.904,0.03199768,
2,14.33,2,0.7603057,379.4135,-0.2839689,0.373493,6.98147,-7.6722,-33.904,0.03199768,
2,14.34,2,0.7640453,379.4081,-0.2822425,0.3694055,6.98147,-7.6722,-33.904,0.03199768,
2,14.35,2,0.7640929,379.4113,-0.284362,0.3721564,6.98147,-7.6722,-33.904,0.03199768,
2,14.36,2,0.7625538,379.3976,-0.2844012,0.3729589,6.98147,-7.6722,-33.904,0.03199768,
2,14.37,2,0.7622825,379.407,-0.2848021,0.3736175,6.9774,-7.6722,-33.9046,0.03259659,
2,14.38,2,0.7635144,379.4065,-0.2846641,0.3728339,6.9774,-7.6722,-33.9046,0.03259659,
2,14.39,2,0.7627319,379.3997,-0.2853931,0.3741722,6.9774,-7.6722,-33.9046,0.03259659,
2,14.4,2,0.7634521,379.3978,-0.2849907,0.3732921,6.9774,-7.6722,-33.9046,0.03259659,
2,14.41,2,0.7642084,379.3899,-0.2870241,0.3755835,6.9774,-7.6722,-33.9046,0.03259659,
2,14.42,2,0.7629256,379.3675,-0.2849391,0.3734822,6.9774,-7.6722,-33.9046,0.03259659,
2,14.43,2,0.7623143,379.3897,-0.2849872,0.3738448,6.9774,-7.6722,-33.9046,0.03259659,
2,14.44,2,0.7696524,379.3795,-0.2847601,0.3699853,6.9774,-7.6722,-33.9046,0.03259659,
2,14.45,2,0.770272,379.3527,-0.2874252,0.3731478,6.9774,-7.6722,-33.9046,0.03259659,
2,14.46,2,0.7717985,379.3381,-0.2893412,0.3748922,6.9774,-7.6722,-33.9046,0.03259659,
2,14.47,2,0.7756969,379.3223,-0.2900832,0.3739646,6.9774,-7.6722,-33.9046,0.03259659,
2,14.48,2,0.7741626,379.3389,-0.2878844,0.3718656,6.9774,-7.6722,-33.9046,0.03259659,
2,14.49,2,0.7722512,379.3264,-0.2890525,0.3742985,6.9774,-7.6722,-33.9046,0.03259659,
2,14.5,2,0.7746708,379.3226,-0.2890369,0.3731093,6.9774,-7.6722,-33.9046,0.03259659,
2,14.51,2,0.7740706,379.3165,-0.2892022,0.3736121,6.9774,-7.6722,-33.9046,0.03259659,
2,14.52,2,0.7724826,379.3186,-0.2889047,0.3739951,6.9774,-7.6722,-33.9046,0.03259659,
2,14.53,2,0.7726973,379.3432,-0.2885566,0.3734407,6.9774,-7.6722,-33.9046,0.03259659,
2,14.54,2,0.7751424,379.3223,-0.288216,0.3718233,6.9774,-7.6722,-33.9046,0.03259659,
2,14.55,2,0.7745601,379.3156,-0.2864994,0.3698866,6.9774,-7.6722,-33.9046,0.03259659,
2,14.56,2,0.7725204,379.3143,-0.2875936,0.3722796,6.9774,-7.6722,-33.9046,0.03259659,
2,14.57,2,0.774173,379.3118,-0.2886653,0.3728693,6.97415,-7.6722,-33.9052,0.03319931,
2,14.58,2,0.7749017,379.3132,-0.2885044,0.372311,6.97415,-7.6722,-33.9052,0.03319931,
2,14.59,2,0.7758195,379.3187,-0.2885008,0.3718659,6.97415,-7.6722,-33.9052,0.03319931,
2,14.6,2,0.7734668,379.3116,-0.2879634,0.3723023,6.97415,-7.6722,-33.9052,0.03319931,
2,14.61,2,0.7723649,379.305,-0.2864768,0.3709086,6.97415,-7.6722,-33.9052,0.03319931,
2,14.62,2,0.7744769,379.3006,-0.2872841,0.3709396,6.97415,-7.6722,-33.9052,0.03319931,
2,14.63,2,0.7752606,379.3109,-0.2889944,0.3727707,6.97415,-7.6722,-33.9052,0.03319931,
2,14.64,2,0.7760069,379.2943,-0.2894255,0.3729677,6.97415,-7.6722,-33.9052,0.03319931,
2,14.65,2,0.776868,379.2673,-0.288424,0.3712651,6.97415,-7.6722,-33.9052,0.03319931,
2,14.66,2,0.782922,379.2351,-0.2907204,0.3713275,6.97415,-7.6722,-33.9052,0.03319931,
2,14.67,2,0.7838416,379.2338,-0.2904147,0.3705017,6.97415,-7.6722,-33.9052,0.03319931,
2,14.68,2,0.7858618,379.2381,-0.2913081,0.3706862,6.97415,-7.6722,-33.9052,0.03319931,
2,14.69,2,0.7872047,379.2243,-0.2923623,0.371393,6.97415,-7.6722,-33.9052,0.03319931,
2,14.7,2,0.785412,379.23,-0.2927739,0.3727647,6.97415,-7.6722,-33.9052,0.03319931,
2,14.71,2,0.7852916,379.2192,-0.292769,0.3728157,6.97415,-7.6722,-33.9052,0.03319931,
2,14.72,2,0.7863711,379.2215,-0.2921704,0.3715426,6.97415,-7.6722,-33.9052,0.03319931,
2,14.73,2,0.7848339,379.223,-0.292538,0.3727387,6.97415,-7.6722,-33.9052,0.03319931,
2,14.74,2,0.7859989,379.2171,-0.2918266,0.3712812,6.97415,-7.6722,-33.9052,0.03319931,
2,14.75,2,0.7865918,379.2139,-0.2918544,0.3710367,6.97415,-7.6722,-33.9052,0.03319931,
2,14.76,2,0.7845844,379.2227,-0.2942629,0.3750558,6.97062,-7.6722,-33.9057,0.03369904,
2,14.77,2,0.7850779,379.1696,-0.2928304,0.3729954,6.97062,-7.6722,-33.9057,0.03369904,
2,14.78,2,0.7863871,379.221,-0.292355,0.3717699,6.97062,-7.6722,-33.9057,0.03369904,
2,14.79,2,0.7849056,379.211,-0.2917034,0.3716414,6.97062,-7.6722,-33.9057,0.03369904,
2,14.8,2,0.7854379,379.2098,-0.2934768,0.3736474,6.97062,-7.6722,-33.9057,0.03369904,
2,14.81,2,0.7859983,379.2008,-0.2929547,0.3727166,6.97062,-7.6722,-33.9057,0.03369904,
2,14.82,2,0.788802,379.2097,-0.2931513,0.3716412,6.97062,-7.6722,-33.9057,0.03369904,
2,14.83,2,0.7886635,379.1532,-0.2942114,0.3730505,6.97062,-7.6722,-33.9057,0.03369904,
2,14.84,2,0.7903885,379.1555,-0.2983144,0.3774275,6.97062,-7.6722,-33.9057,0.03369904,
2,14.85,2,0.7940075,379.1503,-0.3032764,0.3819566,6.97062,-7.6722,-33.9057,0.03369904,
2,14.86,2,0.7953696,379.1405,-0.2978251,0.3744487,6.97062,-7.6722,-33.9057,0.03369904,
2,14.87,2,0.7971022,379.1364,-0.2953252,0.3704986,6.97062,-7.6722,-33.9057,0.03369904,
2,14.88,2,0.7959057,379.1232,-0.2969725,0.3731252,6.97062,-7.6722,-33.9057,0.03369904,
2,14.89,2,0.7942685,379.1212,-0.296112,0.372811,6.97062,-7.6722,-33.9057,0.03369904,
2,14.9,2,0.7978094,379.1304,-0.2940784,0.3686073,6.97062,-7.6722,-33.9057,0.03369904,
2,14.91,2,0.7946332,379.128,-0.2979235,0.3749196,6.97062,-7.6722,-33.9057,0.03369904,
2,14.92,2,0.7927306,379.1222,-0.298719,0.3768229,6.97062,-7.6722,-33.9057,0.03369904,
2,14.93,2,0.7972929,379.1296,-0.296375,0.3717266,6.97062,-7.6722,-33.9057,0.03369904,
2,14.94,2,0.7961785,379.1295,-0.2980059,0.3742954,6.97062,-7.6722,-33.9057,0.03369904,
2,14.95,2,0.7946028,379.1398,-0.2988462,0.3760951,6.97062,-7.6722,-33.9057,0.03369904,
2,14.96,2,0.794843,379.1276,-0.2995789,0.3769033,6.97062,-7.6722,-33.9057,0.03369904,
2,14.97,2,0.7942106,379.1165,-0.2964686,0.3732871,6.96765,-7.6722,-33.9062,0.03419876,
2,14.98,2,0.7945965,379.1114,-0.3004771,0.3781506,6.96765,-7.6722,-33.9062,0.03419876,
2,14.99,2,0.7932246,379.1141,-0.3057895,0.3855018,6.96765,-7.6722,-33.9062,0.03419876,
2,15,2,0.7946367,379.1071,-0.3079228,0.3875013,6.96765,-7.6722,-33.9062,0.03419876,
2,15.01,2,0.7940034,379.1182,-0.3021533,0.3805441,6.96765,-7.6722,-33.9062,0.03419876,
2,15.02,2,0.7952541,379.1075,-0.2973416,0.3738952,6.96765,-7.6722,-33.9062,0.03419876,
2,15.03,2,0.7938114,379.0933,-0.2980608,0.3754807,6.96765,-7.6722,-33.9062,0.03419876,
2,15.04,2,0.7981915,379.0987,-0.2984474,0.3739046,6.96765,-7.6722,-33.9062,0.03419876,
2,15.05,2,0.8003337,379.0859,-0.2979906,0.372333,6.96765,-7.6722,-33.9062,0.03419876,
2,15.06,2,0.80021,379.0614,-0.2992333,0.3739434,6.96765,-7.6722,-33.9062,0.03419876,
2,15.07,2,0.8027998,379.0374,-0.3017129,0.3758259,6.96765,-7.6722,-33.9062,0.03419876,
2,15.08,2,0.8041158,379.0421,-0.3009804,0.3742998,6.96765,-7.6722,-33.9062,0.03419876,
2,15.09,2,0.8079631,379.037,-0.3037662,0.3759655,6.96765,-7.6722,-33.9062,0.03419876,
2,15.1,2,0.8046588,379.0343,-0.3080527,0.3828364,6.96765,-7.6722,-33.9062,0.03419876,
2,15.11,2,0.8027349,379.0277,-0.3060986,0.3813197,6.96765,-7.6722,-33.9062,0.03419876,
2,15.12,2,0.8058313,379.0286,-0.3052506,0.3788022,6.96765,-7.6722,-33.9062,0.03419876,
2,15.13,2,0.8042147,379.0154,-0.306775,0.3814591,6.96765,-7.6722,-33.9062,0.03419876,
2,15.14,2,0.8057781,379.0233,-0.301327,0.3739578,6.96765,-7.6722,-33.9062,0.03419876,
2,15.15,2,0.8051896,379.0197,-0.3003139,0.3729729,6.96765,-7.6722,-33.9062,0.03419876,
2,15.16,2,0.8033678,379.0187,-0.307773,0.3831034,6.96765,-7.6722,-33.9062,0.03419876,
2,15.17,2,0.8047951,379.0219,-0.3092077,0.3842067,6.96765,-7.6722,-33.9062,0.03419876,
2,15.18,2,0.8056867,379.008,-0.3024397,0.3753813,6.96385,-7.6722,-33.9068,0.03479767,
2,15.19,2,0.8025265,379.0167,-0.3019671,0.3762706,6.96385,-7.6722,-33.9068,0.03479767,
2,15.2,2,0.8063765,379.0089,-0.3000311,0.3720732,6.96385,-7.6722,-33.9068,0.03479767,
2,15.21,2,0.8060836,379.0074,-0.3005695,0.3728763,6.96385,-7.6722,-33.9068,0.03479767,
2,15.22,2,0.8051145,379.008,-0.3001048,0.372748,6.96385,-7.6722,-33.9068,0.03479767,
2,15.23,2,0.8025437,379.013,-0.3024597,0.3768763,6.96385,-7.6722,-33.9068,0.03479767,
2,15.24,2,0.801995,379.006,-0.3017839,0.3762914,6.96385,-7.6722,-33.9068,0.03479767,
2,15.25,2,0.8066851,379.0108,-0.301664,0.3739551,6.96385,-7.6722,-33.9068,0.03479767,
2,15.26,2,0.8116553,378.9798,-0.3012444,0.3711481,6.96385,-7.6722,-33.9068,0.03479767,
2,15.27,2,0.8090392,378.9582,-0.3029394,0.3744434,6.96385,-7.6722,-33.9068,0.03479767,
2,15.28,2,0.8158486,378.942,-0.3046497,0.3734145,6.96385,-7.6722,-33.9068,0.03479767,
2,15.29,2,0.8169873,378.9449,-0.3056687,0.3741413,6.96385,-7.6722,-33.9068,0.03479767,
2,15.3,2,0.8157794,378.9388,-0.305441,0.3744161,6.96385,-7.6722,-33.9068,0.03479767,
2,15.31,2,0.8152704,378.9313,-0.3079877,0.3777737,6.96385,-7.6722,-33.9068,0.03479767,
2,15.32,2,0.8141931,378.9362,-0.3056665,0.3754226,6.96385,-7.6722,-33.9068,0.03479767,
2,15.33,2,0.8156475,378.9389,-0.3039951,0.372704,6.96385,-7.6722,-33.9068,0.03479767,
2,15.34,2,0.8137486,378.9341,-0.306099,0.3761592,6.96385,-7.6722,-33.9068,0.03479767,
2,15.35,2,0.8136985,378.9171,-0.3085113,0.3791469,6.96385,-7.6722,-33.9068,0.03479767,
2,15.36,2,0.8146595,378.9469,-0.3160139,0.3879092,6.96385,-7.6722,-33.9068,0.03479767,
2,15.37,2,0.8143147,378.9128,-0.3106251,0.3814558,6.96032,-7.6722,-33.9074,0.03539658,
2,15.38,2,0.8144941,378.9248,-0.3105057,0.3812253,6.96032,-7.6722,-33.9074,0.03539658,
2,15.39,2,0.8137575,378.9144,-0.3098116,0.3807173,6.96032,-7.6722,-33.9074,0.03539658,
2,15.4,2,0.8142367,378.9038,-0.3131072,0.3845408,6.96032,-7.6722,-33.9074,0.03539658,
2,15.41,2,0.8145587,378.9218,-0.3162676,0.3882687,6.96032,-7.6722,-33.9074,0.03539658,
2,15.42,2,0.814047,378.9632,-0.317349,0.389841,6.96032,-7.6722,-33.9074,0.03539658,
2,15.43,2,0.8128624,378.9099,-0.3144905,0.3868927,6.96032,-7.6722,-33.9074,0.03539658,
2,15.44,2,0.8169681,378.9039,-0.3145032,0.3849639,6.96032,-7.6722,-33.9074,0.03539658,
2,15.45,2,0.8210995,378.8833,-0.3140943,0.3825289,6.96032,-7.6722,-33.9074,0.03539658,
2,15.46,2,0.8211226,378.8594,-0.3156388,0.384399,6.96032,-7.6722,-33.9074,0.03539658,
2,15.47,2,0.8237627,378.8559,-0.3193545,0.3876778,6.96032,-7.6722,-33.9074,0.03539658,
2,15.48,2,0.8274632,378.843,-0.3193979,0.3859966,6.96032,-7.6722,-33.9074,0.03539658,
2,15.49,2,0.8285549,378.8331,-0.3167067,0.3822399,6.96032,-7.6722,-33.9074,0.03539658,
2,15.5,2,0.8264149,378.8363,-0.3166856,0.3832042,6.96032,-7.6722,-33.9074,0.03539658,
2,15.51,2,0.8262216,378.8274,-0.3170266,0.3837065,6.96032,-7.6722,-33.9074,0.03539658,
2,15.52,2,0.8255062,378.8325,-0.3176561,0.3848016,6.96032,-7.6722,-33.9074,0.03539658,
2,15.53,2,0.8252555,378.8214,-0.3189622,0.3865011,6.96032,-7.6722,-33.9074,0.03539658,
2,15.54,2,0.8257955,378.8389,-0.3195728,0.3869879,6.96032,-7.6722,-33.9074,0.03539658,
2,15.55,2,0.823145,378.82,-0.3173236,0.3855014,6.96032,-7.6722,-33.9074,0.03539658,
2,15.56,2,0.8270753,378.8169,-0.3197349,0.386585,6.96032,-7.6722,-33.9074,0.03539658,
2,15.57,2,0.8248745,378.822,-0.3178241,0.3853,6.96032,-7.6722,-33.9074,0.03539658,
2,15.58,2,0.8248649,378.8114,-0.3204722,0.3885148,6.95732,-7.6722,-33.9079,0.03590012,
2,15.59,2,0.8237023,378.8307,-0.3203152,0.3888725,6.95732,-7.6722,-33.9079,0.03590012,
2,15.6,2,0.8244267,378.7669,-0.3203948,0.3886273,6.95732,-7.6722,-33.9079,0.03590012,
2,15.61,2,0.8259102,378.8138,-0.3185756,0.3857267,6.95732,-7.6722,-33.9079,0.03590012,
2,15.62,2,0.8254406,378.8168,-0.3134039,0.3796808,6.95732,-7.6722,-33.9079,0.03590012,
2,15.63,2,0.8257324,378.8196,-0.3119123,0.3777402,6.95732,-7.6722,-33.9079,0.03590012,
2,15.64,2,0.8249793,378.8036,-0.3126128,0.3789341,6.95732,-7.6722,-33.9079,0.03590012,
2,15.65,2,0.8287708,378.7971,-0.3123395,0.3768709,6.95732,-7.6722,-33.9079,0.03590012,
2,15.66,2,0.8328645,378.7755,-0.3123782,0.3750649,6.95732,-7.6722,-33.9079,0.03590012,
2,15.67,2,0.8332489,378.7484,-0.3126201,0.3751822,6.95732,-7.6722,-33.9079,0.03590012,
2,15.68,2,0.8375238,378.7448,-0.3198308,0.3818767,6.95732,-7.6722,-33.9079,0.03590012,
2,15.69,2,0.8373401,378.7314,-0.3230039,0.3857499,6.95732,-7.6722,-33.9079,0.03590012,
2,15.7,2,0.8356401,378.7442,-0.3243991,0.3882044,6.95732,-7.6722,-33.9079,0.03590012,
2,15.71,2,0.8375097,378.7359,-0.3220951,0.3845867,6.95732,-7.6722,-33.9079,0.03590012,
2,15.72,2,0.8345389,378.7457,-0.324168,0.3884397,6.95732,-7.6722,-33.9079,0.03590012,
2,15.73,2,0.8376485,378.7347,-0.3192043,0.3810719,6.95732,-7.6722,-33.9079,0.03590012,
2,15.74,2,0.8386757,378.7344,-0.3145544,0.3750608,6.95732,-7.6722,-33.9079,0.03590012,
2,15.75,2,0.837056,378.7304,-0.3178233,0.3796918,6.95407,-7.6722,-33.9085,0.03649902,
2,15.76,2,0.8366885,378.7217,-0.3243493,0.3876584,6.95407,-7.6722,-33.9085,0.03649902,
2,15.77,2,0.8351068,378.7399,-0.3248585,0.3890023,6.95407,-7.6722,-33.9085,0.03649902,
2,15.78,2,0.8375295,378.7229,-0.3174968,0.3790873,6.95407,-7.6722,-33.9085,0.03649902,
2,15.79,2,0.8371812,378.7195,-0.3145975,0.3757818,6.95407,-7.6722,-33.9085,0.03649902,
2,15.8,2,0.8354725,378.7199,-0.3122146,0.3736982,6.95407,-7.6722,-33.9085,0.03649902,
2,15.81,2,0.8385962,378.7265,-0.3149657,0.3755868,6.95407,-7.6722,-33.9085,0.03649902,
2,15.82,2,0.8413876,378.6808,-0.3109198,0.3695322,6.95407,-7.6722,-33.9085,0.03649902,
2,15.83,2,0.8438344,378.6915,-0.3131012,0.3710458,6.95407,-7.6722,-33.9085,0.03649902,
2,15.84,2,0.8446057,378.6707,-0.3155979,0.373663,6.95407,-7.6722,-33.9085,0.03649902,
2,15.85,2,0.8456597,378.6563,-0.3162329,0.3739482,6.95407,-7.6722,-33.9085,0.03649902,
2,15.86,2,0.8471979,378.659,-0.3154698,0.3723685,6.95407,-7.6722,-33.9085,0.03649902,
2,15.87,2,0.8463762,378.6582,-0.3165386,0.3739928,6.95407,-7.6722,-33.9085,0.03649902,
2,15.88,2,0.8476995,378.6458,-0.3182793,0.3754625,6.95407,-7.6722,-33.9085,0.03649902,
2,15.89,2,0.8477384,378.633,-0.3176906,0.3747508,6.95407,-7.6722,-33.9085,0.03649902,
2,15.9,2,0.8467201,378.6456,-0.3170795,0.3744797,6.95407,-7.6722,-33.9085,0.03649902,
2,15.91,2,0.8484687,378.6432,-0.315778,0.3721741,6.95407,-7.6722,-33.9085,0.03649902,
2,15.92,2,0.8480781,378.6332,-0.3186538,0.3757364,6.95407,-7.6722,-33.9085,0.03649902,
2,15.93,2,0.8453181,378.6346,-0.317411,0.375493,6.95407,-7.6722,-33.9085,0.03649902,
2,15.94,2,0.8465785,378.6378,-0.3184769,0.376193,6.95138,-7.6722,-33.909,0.03699875,
2,15.95,2,0.8474474,378.6418,-0.3178485,0.3750658,6.95138,-7.6722,-33.909,0.03699875,
2,15.96,2,0.8450909,378.6286,-0.3191275,0.377625,6.95138,-7.6722,-33.909,0.03699875,
2,15.97,2,0.8482892,378.6294,-0.3192467,0.3763418,6.95138,-7.6722,-33.909,0.03699875,
2,15.98,2,0.8480363,378.6236,-0.317047,0.3738602,6.95138,-7.6722,-33.909,0.03699875,
2,15.99,2,0.8516127,378.6268,-0.3181588,0.3735956,6.95138,-7.6722,-33.909,0.03699875,
2,16,2,0.849974,378.5879,-0.3204111,0.3769657,6.95138,-7.6722,-33.909,0.03699875,
2,16.01,2,0.8515624,378.5446,-0.3193053,0.3749641,6.95138,-7.6722,-33.909,0.03699875,
2,16.02,2,0.8566971,378.5796,-0.3195705,0.3730263,6.95138,-7.6722,-33.909,0.03699875,
2,16.03,2,0.8565788,378.5768,-0.3330442,0.3888074,6.95138,-7.6722,-33.909,0.03699875,
2,16.04,2,0.8537298,378.5782,-0.321779,0.3769097,6.95138,-7.6722,-33.909,0.03699875,
2,16.05,2,0.8549868,378.5671,-0.3248245,0.3799176,6.95138,-7.6722,-33.909,0.03699875,
2,16.06,2,0.8557606,378.5615,-0.3267998,0.3818823,6.95138,-7.6722,-33.909,0.03699875,
2,16.07,2,0.8546874,378.5628,-0.3292266,0.3852012,6.95138,-7.6722,-33.909,0.03699875,
2,16.08,2,0.8549388,378.5579,-0.3288175,0.3846094,6.95138,-7.6722,-33.909,0.03699875,
2,16.09,2,0.8549139,378.553,-0.3297377,0.385697,6.95138,-7.6722,-33.909,0.03699875,
2,16.1,2,0.8567344,378.5564,-0.323671,0.3777962,6.95138,-7.6722,-33.909,0.03699875,
2,16.11,2,0.8544464,378.5522,-0.3296191,0.3857692,6.95138,-7.6722,-33.909,0.03699875,
2,16.12,2,0.8549611,378.5536,-0.3228777,0.377652,6.94785,-7.6722,-33.9095,0.03749847,
2,16.13,2,0.8541312,378.5251,-0.3258636,0.3815147,6.94785,-7.6722,-33.9095,0.03749847,
2,16.14,2,0.8558704,378.5592,-0.3243995,0.3790287,6.94785,-7.6722,-33.9095,0.03749847,
2,16.15,2,0.8548025,378.5511,-0.3231006,0.3779828,6.94785,-7.6722,-33.9095,0.03749847,
2,16.16,2,0.8537099,378.5356,-0.3253651,0.381119,6.94785,-7.6722,-33.9095,0.03749847,
2,16.17,2,0.8542587,378.5432,-0.3263399,0.3820153,6.94785,-7.6722,-33.9095,0.03749847,
2,16.18,2,0.8542951,378.5127,-0.3309596,0.3874067,6.94785,-7.6722,-33.9095,0.03749847,
2,16.19,2,0.8533602,378.5187,-0.3328943,0.3900982,6.94785,-7.6722,-33.9095,0.03749847,
2,16.2,2,0.8587419,378.5158,-0.334868,0.3899519,6.94785,-7.6722,-33.9095,0.03749847,
2,16.21,2,0.8611417,378.4961,-0.3338583,0.3876926,6.94785,-7.6722,-33.9095,0.03749847,
2,16.22,2,0.8623112,378.4874,-0.3405465,0.394923,6.94785,-7.6722,-33.9095,0.03749847,
2,16.23,2,0.8629228,378.481,-0.3391317,0.3930035,6.94785,-7.6722,-33.9095,0.03749847,
2,16.24,2,0.86344,378.4846,-0.3390126,0.3926302,6.94785,-7.6722,-33.9095,0.03749847,
2,16.25,2,0.865263,378.4858,-0.3307168,0.3822154,6.94785,-7.6722,-33.9095,0.03749847,
2,16.26,2,0.8655792,378.4738,-0.3286159,0.3796485,6.94785,-7.6722,-33.9095,0.03749847,
2,16.27,2,0.8657981,378.4733,-0.335113,0.3870567,6.94785,-7.6722,-33.9095,0.03749847,
2,16.28,2,0.8652915,378.4678,-0.3388818,0.3916388,6.94785,-7.6722,-33.9095,0.03749847,
2,16.29,2,0.8648489,378.4614,-0.3396102,0.3926815,6.94785,-7.6722,-33.9095,0.03749847,
2,16.3,2,0.8646443,378.4764,-0.3386363,0.3916481,6.94785,-7.6722,-33.9095,0.03749847,
2,16.31,2,0.8648609,378.4472,-0.3378496,0.3906404,6.94785,-7.6722,-33.9095,0.03749847,
2,16.32,2,0.8653104,378.4531,-0.3379503,0.3905538,6.94785,-7.6722,-33.9095,0.03749847,
2,16.33,2,0.8653854,378.4604,-0.3374216,0.3899091,6.94785,-7.6722,-33.9095,0.03749847,
2,16.34,2,0.8651361,378.4621,-0.3362951,0.3887193,6.94432,-7.6722,-33.91,0.0379982,
2,16.35,2,0.8634862,378.457,-0.3285077,0.3804434,6.94432,-7.6722,-33.91,0.0379982,
2,16.36,2,0.8657878,378.4488,-0.3282744,0.3791627,6.94432,-7.6722,-33.91,0.0379982,
2,16.37,2,0.8651053,378.4465,-0.3276889,0.378785,6.94432,-7.6722,-33.91,0.0379982,
2,16.38,2,0.8652362,378.4539,-0.3266124,0.3774835,6.94432,-7.6722,-33.91,0.0379982,
2,16.39,2,0.8617563,378.4429,-0.3258402,0.3781118,6.94432,-7.6722,-33.91,0.0379982,
2,16.4,2,0.8648006,378.4394,-0.327757,0.3789972,6.94432,-7.6722,-33.91,0.0379982,
2,16.41,2,0.8689792,378.4288,-0.327803,0.3772276,6.94432,-7.6722,-33.91,0.0379982,
2,16.42,2,0.8708309,378.3803,-0.3293992,0.3782586,6.94432,-7.6722,-33.91,0.0379982,
2,16.43,2,0.8749791,378.377,-0.3291489,0.3761792,6.94432,-7.6722,-33.91,0.0379982,
2,16.44,2,0.8760192,378.3862,-0.3305005,0.3772753,6.94432,-7.6722,-33.91,0.0379982,
2,16.45,2,0.8759137,378.386,-0.3309737,0.3778611,6.94432,-7.6722,-33.91,0.0379982,
2,16.46,2,0.876704,378.377,-0.3322848,0.379016,6.94432,-7.6722,-33.91,0.0379982,
2,16.47,2,0.8756606,378.373,-0.3335603,0.3809241,6.94432,-7.6722,-33.91,0.0379982,
2,16.48,2,0.8754224,378.3899,-0.3336349,0.3811131,6.94432,-7.6722,-33.91,0.0379982,
2,16.49,2,0.875814,378.3758,-0.3334505,0.3807321,6.94432,-7.6722,-33.91,0.0379982,
2,16.5,2,0.874683,378.3684,-0.3403954,0.3891643,6.94432,-7.6722,-33.91,0.0379982,
2,16.51,2,0.8742299,378.3713,-0.3399835,0.3888949,6.94432,-7.6722,-33.91,0.0379982,
2,16.52,2,0.8756487,378.3653,-0.3336721,0.381057,6.9408,-7.6722,-33.9105,0.03849792,
2,16.53,2,0.8743868,378.3675,-0.3336173,0.3815443,6.9408,-7.6722,-33.9105,0.03849792,
2,16.54,2,0.8745233,378.3289,-0.3348514,0.3828959,6.9408,-7.6722,-33.9105,0.03849792,
2,16.55,2,0.8767812,378.3667,-0.3328691,0.379649,6.9408,-7.6722,-33.9105,0.03849792,
2,16.56,2,0.8769144,378.3538,-0.3329682,0.3797044,6.9408,-7.6722,-33.9105,0.03849792,
2,16.57,2,0.8740268,378.3891,-0.3336062,0.3816887,6.9408,-7.6722,-33.9105,0.03849792,
2,16.58,2,0.8767125,378.3452,-0.3433324,0.3916135,6.9408,-7.6722,-33.9105,0.03849792,
2,16.59,2,0.8799168,378.3252,-0.3441415,0.3911069,6.9408,-7.6722,-33.9105,0.03849792,
2,16.6,2,0.8816422,378.319,-0.3362488,0.3813892,6.9408,-7.6722,-33.9105,0.03849792,
2,16.61,2,0.8859183,378.3089,-0.3359906,0.3792569,6.9408,-7.6722,-33.9105,0.03849792,
2,16.62,2,0.8864309,378.3018,-0.3350471,0.3779732,6.9408,-7.6722,-33.9105,0.03849792,
2,16.63,2,0.8841324,378.2999,-0.3352176,0.3791486,6.9408,-7.6722,-33.9105,0.03849792,
2,16.64,2,0.8853649,378.3014,-0.3347342,0.3780749,6.9408,-7.6722,-33.9105,0.03849792,
2,16.65,2,0.8860101,378.2809,-0.3364213,0.3797038,6.9408,-7.6722,-33.9105,0.03849792,
2,16.66,2,0.8854207,378.3135,-0.3350995,0.3784636,6.9408,-7.6722,-33.9105,0.03849792,
2,16.67,2,0.8879228,378.2852,-0.3341229,0.3762973,6.9408,-7.6722,-33.9105,0.03849792,
2,16.68,2,0.8868076,378.282,-0.3350325,0.3777962,6.9408,-7.6722,-33.9105,0.03849792,
2,16.69,2,0.884242,378.2802,-0.3368891,0.380992,6.9408,-7.6722,-33.9105,0.03849792,
2,16.7,2,0.8860401,378.2793,-0.3431879,0.3873278,6.93783,-7.6722,-33.911,0.03899765,
2,16.71,2,0.8878738,378.2784,-0.3435625,0.3869497,6.93783,-7.6722,-33.911,0.03899765,
2,16.72,2,0.8865887,378.3049,-0.3377284,0.3809302,6.93783,-7.6722,-33.911,0.03899765,
2,16.73,2,0.8849723,378.2782,-0.335766,0.3794084,6.93783,-7.6722,-33.911,0.03899765,
2,16.74,2,0.8847181,378.2699,-0.3349068,0.3785464,6.93783,-7.6722,-33.911,0.03899765,
2,16.75,2,0.8852192,378.267,-0.3365924,0.3802362,6.93783,-7.6722,-33.911,0.03899765,
2,16.76,2,0.8852938,378.254,-0.3368974,0.3805487,6.93783,-7.6722,-33.911,0.03899765,
2,16.77,2,0.8895026,378.2831,-0.3374733,0.3793955,6.93783,-7.6722,-33.911,0.03899765,
2,16.78,2,0.8894278,378.2505,-0.3367847,0.3786533,6.93783,-7.6722,-33.911,0.03899765,
2,16.79,2,0.8918518,378.216,-0.3374783,0.3784017,6.93783,-7.6722,-33.911,0.03899765,
2,16.8,2,0.8979395,378.2206,-0.3394725,0.3780572,6.93783,-7.6722,-33.911,0.03899765,
2,16.81,2,0.8953654,378.2043,-0.3396548,0.3793477,6.93783,-7.6722,-33.911,0.03899765,
2,16.82,2,0.8934468,378.2067,-0.3415112,0.3822401,6.93783,-7.6722,-33.911,0.03899765,
2,16.83,2,0.8968811,378.1991,-0.3410738,0.3802887,6.93783,-7.6722,-33.911,0.03899765,
2,16.84,2,0.8977904,378.1964,-0.3395807,0.3782405,6.93783,-7.6722,-33.911,0.03899765,
2,16.85,2,0.8961623,378.2009,-0.3395981,0.378947,6.93783,-7.6722,-33.911,0.03899765,
2,16.86,2,0.8965699,378.1997,-0.3415356,0.3809358,6.93783,-7.6722,-33.911,0.03899765,
2,16.87,2,0.8970428,378.2028,-0.3420293,0.3812854,6.93783,-7.6722,-33.911,0.03899765,
2,16.88,2,0.8976141,378.1985,-0.3427223,0.3818147,6.93455,-7.6722,-33.9115,0.03949738,
2,16.89,2,0.8967786,378.1661,-0.3409162,0.3801565,6.93455,-7.6722,-33.9115,0.03949738,
2,16.9,2,0.8953933,378.1862,-0.3392759,0.3789127,6.93455,-7.6722,-33.9115,0.03949738,
2,16.91,2,0.897567,378.1849,-0.3382849,0.3768909,6.93455,-7.6722,-33.9115,0.03949738,
2,16.92,2,0.8957595,378.1876,-0.3463049,0.3866048,6.93455,-7.6722,-33.9115,0.03949738,
2,16.93,2,0.8955207,378.1801,-0.3513477,0.392339,6.93455,-7.6722,-33.9115,0.03949738,
2,16.94,2,0.8941061,378.1763,-0.3440695,0.3848196,6.93455,-7.6722,-33.9115,0.03949738,
2,16.95,2,0.8996795,378.1783,-0.3408904,0.378902,6.93455,-7.6722,-33.9115,0.03949738,
2,16.96,2,0.900629,378.1447,-0.3417553,0.3794629,6.93455,-7.6722,-33.9115,0.03949738,
2,16.97,2,0.9034325,378.1367,-0.3425398,0.3791537,6.93455,-7.6722,-33.9115,0.03949738,
2,16.98,2,0.9038974,378.119,-0.3430769,0.3795529,6.93455,-7.6722,-33.9115,0.03949738,
2,16.99,2,0.9068404,378.1246,-0.344127,0.3794791,6.93455,-7.6722,-33.9115,0.03949738,
2,17,2,0.9050738,378.1184,-0.344993,0.3811767,6.93455,-7.6722,-33.9115,0.03949738,
2,17.01,2,0.9043474,378.1167,-0.3465268,0.3831789,6.93455,-7.6722,-33.9115,0.03949738,
2,17.02,2,0.9054505,378.1388,-0.3452346,0.381285,6.93455,-7.6722,-33.9115,0.03949738,
2,17.03,2,0.9040391,378.1147,-0.3432246,0.3796567,6.93455,-7.6722,-33.9115,0.03949738,
2,17.04,2,0.9044415,378.1112,-0.3449501,0.3813957,6.93455,-7.6722,-33.9115,0.03949738,
2,17.05,2,0.9059955,378.1078,-0.3476659,0.3837391,6.93455,-7.6722,-33.9115,0.03949738,
2,17.06,2,0.9058036,378.11,-0.348718,0.384982,6.93455,-7.6722,-33.9115,0.03949738,
2,17.07,2,0.9078025,378.0906,-0.3472343,0.3824998,6.93455,-7.6722,-33.9115,0.03949738,
2,17.08,2,0.9042442,378.1073,-0.3459271,0.3825594,6.93157,-7.6722,-33.912,0.0399971,
2,17.09,2,0.9026008,378.1023,-0.3459212,0.3832493,6.93157,-7.6722,-33.912,0.0399971,
2,17.1,2,0.9036049,378.1037,-0.3485169,0.3856961,6.93157,-7.6722,-33.912,0.0399971,
2,17.11,2,0.9040372,378.1071,-0.3575565,0.3955108,6.93157,-7.6722,-33.912,0.0399971,
2,17.12,2,0.9019992,378.1004,-0.356515,0.3952498,6.93157,-7.6722,-33.912,0.0399971,
2,17.13,2,0.9021976,378.1345,-0.3492182,0.3870751,6.93157,-7.6722,-33.912,0.0399971,
2,17.14,2,0.9029595,378.0806,-0.3479817,0.385379,6.93157,-7.6722,-33.912,0.0399971,
2,17.15,2,0.9058145,378.0956,-0.3481559,0.3843567,6.93157,-7.6722,-33.912,0.0399971,
2,17.16,2,0.9087077,378.077,-0.3470426,0.3819079,6.93157,-7.6722,-33.912,0.0399971,
2,17.17,2,0.9090164,378.0656,-0.350236,0.3852912,6.93157,-7.6722,-33.912,0.0399971,
2,17.18,2,0.9132757,378.044,-0.3522047,0.3856499,6.93157,-7.6722,-33.912,0.0399971,
2,17.19,2,0.9125869,378.0635,-0.3518031,0.3855009,6.93157,-7.6722,-33.912,0.0399971,
2,17.2,2,0.9116577,378.0434,-0.3504599,0.3844205,6.93157,-7.6722,-33.912,0.0399971,
2,17.21,2,0.9121926,378.0404,-0.3505098,0.3842497,6.93157,-7.6722,-33.912,0.0399971,
2,17.22,2,0.9129301,378.0362,-0.3502448,0.383649,6.93157,-7.6722,-33.912,0.0399971,
2,17.23,2,0.9116659,378.0372,-0.3507308,0.3847142,6.93157,-7.6722,-33.912,0.0399971,
2,17.24,2,0.9121513,378.0465,-0.3504085,0.3841561,6.93157,-7.6722,-33.912,0.0399971,
2,17.25,2,0.9125596,378.0394,-0.3494816,0.3829685,6.93157,-7.6722,-33.912,0.0399971,
2,17.26,2,0.915738,378.0269,-0.3478341,0.3798402,6.93157,-7.6722,-33.912,0.0399971,
2,17.27,2,0.9135328,378.0255,-0.3492098,0.382263,6.93157,-7.6722,-33.912,0.0399971,
2,17.28,2,0.9113516,378.0224,-0.3498727,0.3839053,6.93157,-7.6722,-33.912,0.0399971,
2,17.29,2,0.9127485,378.0239,-0.3517845,0.3854123,6.93157,-7.6722,-33.912,0.0399971,
2,17.3,2,0.9120366,378.0165,-0.3513919,0.3852827,6.92833,-7.6722,-33.9125,0.04049683,
2,17.31,2,0.910863,378.0113,-0.3505996,0.3849092,6.92833,-7.6722,-33.9125,0.04049683,
2,17.32,2,0.9133794,378.0149,-0.3496523,0.3828117,6.92833,-7.6722,-33.9125,0.04049683,
2,17.33,2,0.9127934,378.0157,-0.3507141,0.3842207,6.92833,-7.6722,-33.9125,0.04049683,
2,17.34,2,0.9108757,378.0047,-0.3526366,0.3871402,6.92833,-7.6722,-33.9125,0.04049683,
2,17.35,2,0.9133177,378.0151,-0.3525643,0.3860259,6.92833,-7.6722,-33.9125,0.04049683,
2,17.36,2,0.9147303,378.0042,-0.3528693,0.3857632,6.92833,-7.6722,-33.9125,0.04049683,
2,17.37,2,0.9168669,377.9691,-0.3532403,0.3852689,6.92833,-7.6722,-33.9125,0.04049683,
2,17.38,2,0.91772,377.9751,-0.3527426,0.3843685,6.92833,-7.6722,-33.9125,0.04049683,
2,17.39,2,0.9225101,377.963,-0.3550511,0.384875,6.92833,-7.6722,-33.9125,0.04049683,
2,17.4,2,0.9223865,377.9607,-0.3547601,0.3846112,6.92833,-7.6722,-33.9125,0.04049683,
2,17.41,2,0.9202387,377.9523,-0.3562364,0.3871131,6.92833,-7.6722,-33.9125,0.04049683,
2,17.42,2,0.92555,377.946,-0.3547572,0.3832934,6.92833,-7.6722,-33.9125,0.04049683,
2,17.43,2,0.9203709,377.9432,-0.3617554,0.3930539,6.92833,-7.6722,-33.9125,0.04049683,
2,17.44,2,0.9194417,377.9325,-0.353447,0.3844149,6.92833,-7.6722,-33.9125,0.04049683,
2,17.45,2,0.9243272,377.9358,-0.3517243,0.3805192,6.92833,-7.6722,-33.9125,0.04049683,
2,17.46,2,0.9236435,377.9313,-0.3521814,0.3812958,6.92833,-7.6722,-33.9125,0.04049683,
2,17.47,2,0.9218328,377.9327,-0.354293,0.3843354,6.92833,-7.6722,-33.9125,0.04049683,
2,17.48,2,0.9234293,377.9476,-0.3535111,0.3828242,6.92833,-7.6722,-33.9125,0.04049683,
2,17.49,2,0.9231356,377.9424,-0.3536958,0.3831461,6.92833,-7.6722,-33.9125,0.04049683,
2,17.5,2,0.9206098,377.9348,-0.3516862,0.3820144,6.92833,-7.6722,-33.9125,0.04049683,
2,17.51,2,0.9230348,377.9319,-0.3497995,0.3789667,6.92452,-7.6722,-33.913,0.04099655,
2,17.52,2,0.9242126,377.9266,-0.3509662,0.3797461,6.92452,-7.6722,-33.913,0.04099655,
2,17.53,2,0.9220905,377.9262,-0.3528484,0.3826613,6.92452,-7.6722,-33.913,0.04099655,
2,17.54,2,0.9217237,377.9386,-0.3520583,0.3819565,6.92452,-7.6722,-33.913,0.04099655,
2,17.55,2,0.9217649,377.9221,-0.350506,0.3802553,6.92452,-7.6722,-33.913,0.04099655,
2,17.56,2,0.9289342,377.9004,-0.3508684,0.3777107,6.92452,-7.6722,-33.913,0.04099655,
2,17.57,2,0.9271649,377.8831,-0.3532319,0.3809807,6.92452,-7.6722,-33.913,0.04099655,
2,17.58,2,0.9332619,377.8657,-0.3520389,0.3772134,6.92452,-7.6722,-33.913,0.04099655,
2,17.59,2,0.9328528,377.8654,-0.3567216,0.3823986,6.92452,-7.6722,-33.913,0.04099655,
2,17.6,2,0.9312401,377.8607,-0.3584072,0.3848709,6.92452,-7.6722,-33.913,0.04099655,
2,17.61,2,0.9338024,377.8524,-0.3550424,0.3802115,6.92452,-7.6722,-33.913,0.04099655,
2,17.62,2,0.9363235,377.8653,-0.354002,0.3780766,6.92452,-7.6722,-33.913,0.04099655,
2,17.63,2,0.9305925,377.853,-0.3548568,0.3813235,6.92452,-7.6722,-33.913,0.04099655,
2,17.64,2,0.9324678,377.8518,-0.3544965,0.3801702,6.92452,-7.6722,-33.913,0.04099655,
2,17.65,2,0.9317827,377.8543,-0.3561258,0.3821984,6.92452,-7.6722,-33.913,0.04099655,
2,17.66,2,0.9301461,377.8338,-0.3574037,0.3842447,6.92452,-7.6722,-33.913,0.04099655,
2,17.67,2,0.9346214,377.8421,-0.3564223,0.3813547,6.92452,-7.6722,-33.913,0.04099655,
2,17.68,2,0.9331378,377.8453,-0.3553941,0.3808592,6.92452,-7.6722,-33.913,0.04099655,
2,17.69,2,0.9275288,377.8406,-0.3571658,0.3850725,6.92452,-7.6722,-33.913,0.04099655,
2,17.7,2,0.9309947,377.8431,-0.3570037,0.3834648,6.92452,-7.6722,-33.913,0.04099655,
2,17.71,2,0.9363526,377.8456,-0.355993,0.3801912,6.92128,-7.6722,-33.9135,0.04150009,
2,17.72,2,0.932875,377.8063,-0.3581714,0.3839436,6.92128,-7.6722,-33.9135,0.04150009,
2,17.73,2,0.9304883,377.847,-0.357246,0.3839339,6.92128,-7.6722,-33.9135,0.04150009,
2,17.74,2,0.9330405,377.8419,-0.3555355,0.3810504,6.92128,-7.6722,-33.9135,0.04150009,
2,17.75,2,0.936807,377.8096,-0.3567725,0.3808388,6.92128,-7.6722,-33.9135,0.04150009,
2,17.76,2,0.938698,377.8081,-0.3591627,0.3826179,6.92128,-7.6722,-33.9135,0.04150009,
2,17.77,2,0.9406199,377.7822,-0.3595793,0.3822791,6.92128,-7.6722,-33.9135,0.04150009,
2,17.78,2,0.9436811,377.7371,-0.3634656,0.3851573,6.92128,-7.6722,-33.9135,0.04150009,
2,17.79,2,0.9446853,377.7751,-0.3632948,0.384567,6.92128,-7.6722,-33.9135,0.04150009,
2,17.8,2,0.9455026,377.7765,-0.3620813,0.3829511,6.92128,-7.6722,-33.9135,0.04150009,
2,17.81,2,0.9441697,377.7706,-0.3624585,0.3838913,6.92128,-7.6722,-33.9135,0.04150009,
2,17.82,2,0.9441072,377.7645,-0.3620122,0.383444,6.92128,-7.6722,-33.9135,0.04150009,
2,17.83,2,0.942047,377.7647,-0.3612263,0.3834483,6.92128,-7.6722,-33.9135,0.04150009,
2,17.84,2,0.9434962,377.758,-0.3610172,0.3826377,6.92128,-7.6722,-33.9135,0.04150009,
2,17.85,2,0.9459917,377.7642,-0.3606814,0.3812734,6.92128,-7.6722,-33.9135,0.04150009,
2,17.86,2,0.9422447,377.7677,-0.3599342,0.3819965,6.92128,-7.6722,-33.9135,0.04150009,
2,17.87,2,0.9432083,377.7608,-0.3608911,0.3826208,6.92128,-7.6722,-33.9135,0.04150009,
2,17.88,2,0.9444348,377.7598,-0.3631088,0.3844721,6.92128,-7.6722,-33.9135,0.04150009,
2,17.89,2,0.947145,377.7635,-0.3642354,0.3845614,6.91803,-7.6722,-33.9141,0.042099,
2,17.9,2,0.9420407,377.7498,-0.3669727,0.3895508,6.91803,-7.6722,-33.9141,0.042099,
2,17.91,2,0.9398217,377.7579,-0.3677177,0.3912633,6.91803,-7.6722,-33.9141,0.042099,
2,17.92,2,0.9433396,377.7497,-0.3660656,0.3880528,6.91803,-7.6722,-33.9141,0.042099,
2,17.93,2,0.9443401,377.7599,-0.3682527,0.3899577,6.91803,-7.6722,-33.9141,0.042099,
2,17.94,2,0.9383516,377.7449,-0.3695126,0.3937891,6.91803,-7.6722,-33.9141,0.042099,
2,17.95,2,0.94416,377.7287,-0.3687435,0.3905519,6.91803,-7.6722,-33.9141,0.042099,
2,17.96,2,0.9436517,377.7872,-0.371276,0.393446,6.91803,-7.6722,-33.9141,0.042099,
2,17.97,2,0.9403325,377.7252,-0.3724225,0.396054,6.91803,-7.6722,-33.9141,0.042099,
2,17.98,2,0.9463216,377.7268,-0.3721417,0.3932508,6.91803,-7.6722,-33.9141,0.042099,
2,17.99,2,0.9416124,377.7314,-0.373538,0.3967004,6.91803,-7.6722,-33.9141,0.042099,
2,18,2,0.9427271,377.7334,-0.3732585,0.3959348,6.91803,-7.6722,-33.9141,0.042099,
2,18.01,2,0.9494481,377.7143,-0.3729735,0.3928319,6.91803,-7.6722,-33.9141,0.042099,
2,18.02,2,0.9462011,377.696,-0.3673953,0.3882845,6.91803,-7.6722,-33.9141,0.042099,
2,18.03,2,0.9522881,377.68,-0.3688401,0.3873199,6.91803,-7.6722,-33.9141,0.042099,
2,18.04,2,0.9521224,377.6822,-0.3738885,0.3926895,6.91803,-7.6722,-33.9141,0.042099,
2,18.05,2,0.9488342,377.6771,-0.3675016,0.3873191,6.91803,-7.6722,-33.9141,0.042099,
2,18.06,2,0.9507473,377.6711,-0.367024,0.3860374,6.91803,-7.6722,-33.9141,0.042099,
2,18.07,2,0.94862,377.6774,-0.3657466,0.3855565,6.91803,-7.6722,-33.9141,0.042099,
2,18.08,2,0.9503282,377.6566,-0.3666308,0.3857938,6.91803,-7.6722,-33.9141,0.042099,
2,18.09,2,0.9542028,377.6585,-0.363657,0.3811108,6.91803,-7.6722,-33.9141,0.042099,
2,18.1,2,0.9497384,377.6696,-0.3644144,0.3836997,6.91803,-7.6722,-33.9141,0.042099,
2,18.11,2,0.9506817,377.659,-0.3645594,0.3834715,6.91803,-7.6722,-33.9141,0.042099,
2,18.12,2,0.9528903,377.6661,-0.3664646,0.3845822,6.91803,-7.6722,-33.9141,0.042099,
2,18.13,2,0.9511138,377.6634,-0.3650962,0.3838617,6.91803,-7.6722,-33.9141,0.042099,
2,18.14,2,0.9484233,377.6595,-0.36606,0.385967,6.91367,-7.6722,-33.9146,0.04259872,
2,18.15,2,0.9468144,377.6676,-0.3639755,0.3844212,6.91367,-7.6722,-33.9146,0.04259872,
2,18.16,2,0.9520063,377.6423,-0.3630927,0.3813973,6.91367,-7.6722,-33.9146,0.04259872,
2,18.17,2,0.9547899,377.6464,-0.3642693,0.3815177,6.91367,-7.6722,-33.9146,0.04259872,
2,18.18,2,0.948658,377.655,-0.3672171,0.3870911,6.91367,-7.6722,-33.9146,0.04259872,
2,18.19,2,0.9509557,377.634,-0.3650323,0.3838584,6.91367,-7.6722,-33.9146,0.04259872,
2,18.2,2,0.9566271,377.6496,-0.3678361,0.3845136,6.91367,-7.6722,-33.9146,0.04259872,
2,18.21,2,0.9512964,377.6479,-0.3668886,0.3856722,6.91367,-7.6722,-33.9146,0.04259872,
2,18.22,2,0.9549189,377.6228,-0.3649158,0.3821432,6.91367,-7.6722,-33.9146,0.04259872,
2,18.23,2,0.9649546,377.5946,-0.3770219,0.3907146,6.91367,-7.6722,-33.9146,0.04259872,
2,18.24,2,0.9592434,377.5934,-0.3810089,0.3971974,6.91367,-7.6722,-33.9146,0.04259872,
2,18.25,2,0.9562914,377.5951,-0.3802152,0.3975935,6.91367,-7.6722,-33.9146,0.04259872,
2,18.26,2,0.9622018,377.6024,-0.3774526,0.3922801,6.91367,-7.6722,-33.9146,0.04259872,
2,18.27,2,0.9604786,377.5807,-0.3777882,0.3933332,6.91367,-7.6722,-33.9146,0.04259872,
2,18.28,2,0.96359,377.579,-0.374789,0.3889506,6.91367,-7.6722,-33.9146,0.04259872,
2,18.29,2,0.9616166,377.5837,-0.3810214,0.39623,6.91367,-7.6722,-33.9146,0.04259872,
2,18.3,2,0.9579219,377.5827,-0.3838537,0.4007151,6.91367,-7.6722,-33.9146,0.04259872,
2,18.31,2,0.9637281,377.5605,-0.3736576,0.387721,6.91367,-7.6722,-33.9146,0.04259872,
2,18.32,2,0.9640129,377.5741,-0.3729823,0.3869059,6.91367,-7.6722,-33.9146,0.04259872,
2,18.33,2,0.9634151,377.572,-0.3736757,0.3878658,6.91015,-7.6722,-33.9151,0.04309845,
2,18.34,2,0.9627575,377.5697,-0.373268,0.3877071,6.91015,-7.6722,-33.9151,0.04309845,
2,18.35,2,0.9594083,377.5744,-0.3724508,0.3882089,6.91015,-7.6722,-33.9151,0.04309845,
2,18.36,2,0.961494,377.5728,-0.3746768,0.3896819,6.91015,-7.6722,-33.9151,0.04309845,
2,18.37,2,0.9658814,377.6154,-0.371475,0.3845969,6.91015,-7.6722,-33.9151,0.04309845,
2,18.38,2,0.9621309,377.5715,-0.3726026,0.387268,6.91015,-7.6722,-33.9151,0.04309845,
2,18.39,2,0.9652672,377.5608,-0.3736093,0.3870527,6.91015,-7.6722,-33.9151,0.04309845,
2,18.4,2,0.9678432,377.5289,-0.3714305,0.3837714,6.91015,-7.6722,-33.9151,0.04309845,
2,18.41,2,0.9708828,377.5222,-0.3739194,0.3851334,6.91015,-7.6722,-33.9151,0.04309845,
2,18.42,2,0.9761482,377.513,-0.3762745,0.3854686,6.91015,-7.6722,-33.9151,0.04309845,
2,18.43,2,0.9725575,377.5049,-0.3755077,0.3861033,6.91015,-7.6722,-33.9151,0.04309845,
2,18.44,2,0.9722439,377.5009,-0.3728751,0.3835202,6.91015,-7.6722,-33.9151,0.04309845,
2,18.45,2,0.9798776,377.4877,-0.3739185,0.3815972,6.91015,-7.6722,-33.9151,0.04309845,
2,18.46,2,0.9709296,377.495,-0.3737743,0.3849654,6.91015,-7.6722,-33.9151,0.04309845,
2,18.47,2,0.9741006,377.4937,-0.3749306,0.3848992,6.91015,-7.6722,-33.9151,0.04309845,
2,18.48,2,0.9758906,377.4994,-0.3772144,0.3865335,6.91015,-7.6722,-33.9151,0.04309845,
2,18.49,2,0.972419,377.514,-0.3744305,0.3850506,6.91015,-7.6722,-33.9151,0.04309845,
2,18.5,2,0.98006,377.4825,-0.3743738,0.3819907,6.91015,-7.6722,-33.9151,0.04309845,
2,18.51,2,0.9748006,377.484,-0.3760569,0.3857783,6.91015,-7.6722,-33.9151,0.04309845,
2,18.52,2,0.972069,377.4765,-0.376543,0.3873625,6.91015,-7.6722,-33.9151,0.04309845,
2,18.53,2,0.9761257,377.4798,-0.3763455,0.3855502,6.91015,-7.6722,-33.9151,0.04309845,
2,18.54,2,0.9729198,377.4998,-0.3786187,0.3891572,6.91015,-7.6722,-33.9151,0.04309845,
2,18.55,2,0.9753495,377.4673,-0.3788453,0.3884201,6.91015,-7.6722,-33.9151,0.04309845,
2,18.56,2,0.975933,377.4724,-0.3777412,0.3870565,6.90718,-7.6722,-33.9157,0.04369736,
2,18.57,2,0.9721782,377.4695,-0.3786715,0.3895084,6.90718,-7.6722,-33.9157,0.04369736,
2,18.58,2,0.9746634,377.455,-0.3788393,0.3886873,6.90718,-7.6722,-33.9157,0.04369736,
2,18.59,2,0.9746785,377.4612,-0.3781625,0.3879869,6.90718,-7.6722,-33.9157,0.04369736,
2,18.6,2,0.9691005,377.4557,-0.3804783,0.3926098,6.90718,-7.6722,-33.9157,0.04369736,
2,18.61,2,0.9726335,377.4476,-0.3793876,0.3900623,6.90718,-7.6722,-33.9157,0.04369736,
2,18.62,2,0.9750146,377.4558,-0.3758902,0.3855226,6.90718,-7.6722,-33.9157,0.04369736,
2,18.63,2,0.9762125,377.4543,-0.3793395,0.3885829,6.90718,-7.6722,-33.9157,0.04369736,
2,18.64,2,0.9793332,377.4208,-0.3783857,0.3863707,6.90718,-7.6722,-33.9157,0.04369736,
2,18.65,2,0.9821149,377.4185,-0.3800135,0.3869339,6.90718,-7.6722,-33.9157,0.04369736,
2,18.66,2,0.9886104,377.3879,-0.3819917,0.3863926,6.90718,-7.6722,-33.9157,0.04369736,
2,18.67,2,0.9828337,377.4274,-0.3822832,0.3889602,6.90718,-7.6722,-33.9157,0.04369736,
2,18.68,2,0.981115,377.4,-0.3794864,0.3867909,6.90718,-7.6722,-33.9157,0.04369736,
2,18.69,2,0.9890761,377.3971,-0.3805034,0.3847059,6.90718,-7.6722,-33.9157,0.04369736,
2,18.7,2,0.9866845,377.3957,-0.3804271,0.385561,6.90718,-7.6722,-33.9157,0.04369736,
2,18.71,2,0.9805782,377.3967,-0.3821854,0.3897552,6.90718,-7.6722,-33.9157,0.04369736,
2,18.72,2,0.9841498,377.3967,-0.381362,0.387504,6.90718,-7.6722,-33.9157,0.04369736,
2,18.73,2,0.988633,377.3913,-0.3793785,0.3837404,6.90718,-7.6722,-33.9157,0.04369736,
2,18.74,2,0.9835228,377.3892,-0.3804925,0.386867,6.90718,-7.6722,-33.9157,0.04369736,
2,18.75,2,0.9846597,377.3842,-0.3809355,0.3868702,6.90718,-7.6722,-33.9157,0.04369736,
2,18.76,2,0.9826595,377.3903,-0.3802058,0.3869151,6.90718,-7.6722,-33.9157,0.04369736,
2,18.77,2,0.9877387,377.3827,-0.3817465,0.3864853,6.90718,-7.6722,-33.9157,0.04369736,
2,18.78,2,0.9845503,377.4004,-0.3830974,0.389109,6.9031,-7.6722,-33.9162,0.04419708,
2,18.79,2,0.9786429,377.3914,-0.3824733,0.3908201,6.9031,-7.6722,-33.9162,0.04419708,
2,18.8,2,0.9845103,377.3783,-0.3826374,0.3886576,6.9031,-7.6722,-33.9162,0.04419708,
2,18.81,2,0.9850035,377.3805,-0.3802871,0.3860769,6.9031,-7.6722,-33.9162,0.04419708,
2,18.82,2,0.9834354,377.3743,-0.3810021,0.3874195,6.9031,-7.6722,-33.9162,0.04419708,
2,18.83,2,0.9837385,377.3657,-0.3836814,0.3900238,6.9031,-7.6722,-33.9162,0.04419708,
2,18.84,2,0.9797299,377.3574,-0.3841069,0.3920539,6.9031,-7.6722,-33.9162,0.04419708,
2,18.85,2,0.9848158,377.3607,-0.3813014,0.3871805,6.9031,-7.6722,-33.9162,0.04419708,
2,18.86,2,0.9937267,377.3368,-0.3830051,0.385423,6.9031,-7.6722,-33.9162,0.04419708,
2,18.87,2,0.9893838,377.3224,-0.3852077,0.3893411,6.9031,-7.6722,-33.9162,0.04419708,
2,18.88,2,0.9883206,377.3124,-0.3879497,0.3925342,6.9031,-7.6722,-33.9162,0.04419708,
2,18.89,2,1.002097,377.3098,-0.3856343,0.3848275,6.9031,-7.6722,-33.9162,0.04419708,
2,18.9,2,0.9986383,377.3479,-0.3839672,0.3844908,6.9031,-7.6722,-33.9162,0.04419708,
2,18.91,2,0.9897789,377.2986,-0.3899444,0.3939712,6.9031,-7.6722,-33.9162,0.04419708,
2,18.92,2,0.9942516,377.2938,-0.3887529,0.3910005,6.9031,-7.6722,-33.9162,0.04419708,
2,18.93,2,0.9939501,377.3108,-0.3870079,0.3893635,6.9031,-7.6722,-33.9162,0.04419708,
2,18.94,2,0.9954044,377.2817,-0.3880764,0.3898681,6.9031,-7.6722,-33.9162,0.04419708,
2,18.95,2,0.9966764,377.2951,-0.3873761,0.3886679,6.9031,-7.6722,-33.9162,0.04419708,
2,18.96,2,0.9926329,377.2849,-0.3899005,0.3927943,6.9031,-7.6722,-33.9162,0.04419708,
2,18.97,2,0.9914895,377.2865,-0.3939768,0.3973586,6.9031,-7.6722,-33.9162,0.04419708,
2,18.98,2,0.9967574,377.296,-0.387221,0.3884807,6.89985,-7.6722,-33.9168,0.0447998,
2,18.99,2,0.9936334,377.2878,-0.3879202,0.3904058,6.89985,-7.6722,-33.9168,0.0447998,
2,19,2,0.9928969,377.2855,-0.3929422,0.3957533,6.89985,-7.6722,-33.9168,0.0447998,
2,19.01,2,0.9934657,377.2905,-0.3862664,0.388807,6.89985,-7.6722,-33.9168,0.0447998,
2,19.02,2,0.9950275,377.2542,-0.3830019,0.3849159,6.89985,-7.6722,-33.9168,0.0447998,
2,19.03,2,0.9952955,377.2788,-0.3865494,0.3883765,6.89985,-7.6722,-33.9168,0.0447998,
2,19.04,2,0.9905422,377.2825,-0.3859833,0.3896687,6.89985,-7.6722,-33.9168,0.0447998,
2,19.05,2,0.994934,377.2809,-0.3841944,0.3861506,6.89985,-7.6722,-33.9168,0.0447998,
2,19.06,2,0.9991839,377.2641,-0.3847505,0.3850648,6.89985,-7.6722,-33.9168,0.0447998,
2,19.07,2,0.9961779,377.2509,-0.3878017,0.3892896,6.89985,-7.6722,-33.9168,0.0447998,
2,19.08,2,1.002182,377.205,-0.3894316,0.3885838,6.89985,-7.6722,-33.9168,0.0447998,
2,19.09,2,1.005772,377.2219,-0.3920729,0.3898228,6.89985,-7.6722,-33.9168,0.0447998,
2,19.1,2,1.002162,377.22,-0.3916393,0.3907946,6.89985,-7.6722,-33.9168,0.0447998,
2,19.11,2,1.005789,377.2184,-0.3894798,0.3872381,6.89985,-7.6722,-33.9168,0.0447998,
2,19.12,2,1.004613,377.2079,-0.3912276,0.3894314,6.89985,-7.6722,-33.9168,0.0447998,
2,19.13,2,1.002059,377.1832,-0.3953001,0.3944879,6.89985,-7.6722,-33.9168,0.0447998,
2,19.14,2,1.007101,377.186,-0.3952961,0.392509,6.89985,-7.6722,-33.9168,0.0447998,
2,19.15,2,1.004324,377.194,-0.3912791,0.3895943,6.89985,-7.6722,-33.9168,0.0447998,
2,19.16,2,1.007891,377.1975,-0.3911594,0.3880969,6.89985,-7.6722,-33.9168,0.0447998,
2,19.17,2,1.003238,377.1967,-0.3896037,0.3883461,6.89985,-7.6722,-33.9168,0.0447998,
2,19.18,2,0.9997187,377.2005,-0.3920883,0.3921986,6.89985,-7.6722,-33.9168,0.0447998,
2,19.19,2,1.006073,377.1886,-0.3906434,0.3882854,6.89633,-7.6722,-33.9173,0.04529953,
2,19.2,2,1.007615,377.2009,-0.3924809,0.3895147,6.89633,-7.6722,-33.9173,0.04529953,
2,19.21,2,1.003791,377.1885,-0.3927143,0.3912312,6.89633,-7.6722,-33.9173,0.04529953,
2,19.22,2,0.9985283,377.189,-0.3932808,0.3938604,6.89633,-7.6722,-33.9173,0.04529953,
2,19.23,2,1.005416,377.1801,-0.392909,0.3907924,6.89633,-7.6722,-33.9173,0.04529953,
2,19.24,2,1.0094,377.1734,-0.3939459,0.3902771,6.89633,-7.6722,-33.9173,0.04529953,
2,19.25,2,0.99972,377.2072,-0.392184,0.3922938,6.89633,-7.6722,-33.9173,0.04529953,
2,19.26,2,1.001002,377.1862,-0.3906454,0.3902544,6.89633,-7.6722,-33.9173,0.04529953,
2,19.27,2,1.003367,377.181,-0.3894251,0.3881182,6.89633,-7.6722,-33.9173,0.04529953,
2,19.28,2,1.005607,377.1841,-0.3920351,0.3898494,6.89633,-7.6722,-33.9173,0.04529953,
2,19.29,2,1.005225,377.182,-0.3906076,0.3885773,6.89633,-7.6722,-33.9173,0.04529953,
2,19.3,2,0.9992053,377.1808,-0.3930485,0.3933611,6.89633,-7.6722,-33.9173,0.04529953,
2,19.31,2,1.00289,377.1822,-0.393863,0.3927281,6.89633,-7.6722,-33.9173,0.04529953,
2,19.32,2,1.012445,377.1712,-0.3894339,0.3846469,6.89633,-7.6722,-33.9173,0.04529953,
2,19.33,2,1.008227,377.1418,-0.3920107,0.388812,6.89633,-7.6722,-33.9173,0.04529953,
2,19.34,2,1.01117,377.1414,-0.393321,0.3889762,6.89633,-7.6722,-33.9173,0.04529953,
2,19.35,2,1.021702,377.1141,-0.3894193,0.3811476,6.89633,-7.6722,-33.9173,0.04529953,
2,19.36,2,1.017559,377.123,-0.3937777,0.3869826,6.89633,-7.6722,-33.9173,0.04529953,
2,19.37,2,1.008199,377.1008,-0.3954713,0.392255,6.89633,-7.6722,-33.9173,0.04529953,
2,19.38,2,1.01493,377.0944,-0.3903213,0.3845794,6.89633,-7.6722,-33.9173,0.04529953,
2,19.39,2,1.024656,377.1057,-0.3915137,0.3820927,6.89633,-7.6722,-33.9173,0.04529953,
2,19.4,2,1.016941,377.106,-0.3962194,0.3896188,6.89633,-7.6722,-33.9173,0.04529953,
2,19.41,2,1.006248,377.1045,-0.3963737,0.3939128,6.89633,-7.6722,-33.9173,0.04529953,
2,19.42,2,1.014558,377.0955,-0.3985259,0.3928074,6.89633,-7.6722,-33.9173,0.04529953,
2,19.43,2,1.017794,377.0968,-0.3954311,0.3885176,6.89633,-7.6722,-33.9173,0.04529953,
2,19.44,2,1.014551,377.0949,-0.396032,0.390352,6.89633,-7.6722,-33.9173,0.04529953,
2,19.45,2,1.013974,377.0874,-0.3941408,0.3887091,6.89145,-7.6722,-33.9179,0.04589844,
2,19.46,2,1.014525,377.0931,-0.3958021,0.3901353,6.89145,-7.6722,-33.9179,0.04589844,
2,19.47,2,1.013504,377.0806,-0.3934735,0.3882309,6.89145,-7.6722,-33.9179,0.04589844,
2,19.48,2,1.010615,377.0968,-0.3942044,0.3900637,6.89145,-7.6722,-33.9179,0.04589844,
2,19.49,2,1.011516,377.0416,-0.3968693,0.3923509,6.89145,-7.6722,-33.9179,0.04589844,
2,19.5,2,1.018678,377.088,-0.3968934,0.389616,6.89145,-7.6722,-33.9179,0.04589844,
2,19.51,2,1.016799,377.0731,-0.3973968,0.3908313,6.89145,-7.6722,-33.9179,0.04589844,
2,19.52,2,1.008056,377.0832,-0.4040404,0.4008116,6.89145,-7.6722,-33.9179,0.04589844,
2,19.53,2,1.017484,377.067,-0.401316,0.39442,6.89145,-7.6722,-33.9179,0.04589844,
2,19.54,2,1.026405,377.0461,-0.3990627,0.3887965,6.89145,-7.6722,-33.9179,0.04589844,
2,19.55,2,1.02208,377.0177,-0.4022274,0.3935382,6.89145,-7.6722,-33.9179,0.04589844,
2,19.56,2,1.022954,377.0247,-0.3974322,0.3885143,6.89145,-7.6722,-33.9179,0.04589844,
2,19.57,2,1.025447,377.0272,-0.397371,0.3875102,6.89145,-7.6722,-33.9179,0.04589844,
2,19.58,2,1.025865,377.0154,-0.4005335,0.390435,6.89145,-7.6722,-33.9179,0.04589844,
2,19.59,2,1.029624,377.0099,-0.398476,0.3870111,6.89145,-7.6722,-33.9179,0.04589844,
2,19.6,2,1.024701,377.0086,-0.3988209,0.3892072,6.89145,-7.6722,-33.9179,0.04589844,
2,19.61,2,1.023036,377.0041,-0.3988521,0.3898711,6.89145,-7.6722,-33.9179,0.04589844,
2,19.62,2,1.027012,377.0005,-0.3989337,0.3884412,6.89145,-7.6722,-33.9179,0.04589844,
2,19.63,2,1.025132,377.0035,-0.395116,0.3854293,6.89145,-7.6722,-33.9179,0.04589844,
2,19.64,2,1.026369,377.0057,-0.3963705,0.3861872,6.88793,-7.6722,-33.9184,0.04639816,
2,19.65,2,1.025588,377.0071,-0.3977444,0.3878209,6.88793,-7.6722,-33.9184,0.04639816,
2,19.66,2,1.026892,377.002,-0.4002642,0.389782,6.88793,-7.6722,-33.9184,0.04639816,
2,19.67,2,1.024607,377.0149,-0.4054585,0.395721,6.88793,-7.6722,-33.9184,0.04639816,
2,19.68,2,1.023091,376.9995,-0.4002541,0.3912206,6.88793,-7.6722,-33.9184,0.04639816,
2,19.69,2,1.029871,376.9867,-0.4019418,0.3902838,6.88793,-7.6722,-33.9184,0.04639816,
2,19.7,2,1.024359,376.9808,-0.4067468,0.3970746,6.88793,-7.6722,-33.9184,0.04639816,
2,19.71,2,1.024199,376.9851,-0.400914,0.3914413,6.88793,-7.6722,-33.9184,0.04639816,
2,19.72,2,1.032306,376.9669,-0.4011495,0.3885956,6.88793,-7.6722,-33.9184,0.04639816,
2,19.73,2,1.031799,376.9438,-0.4039291,0.3914805,6.88793,-7.6722,-33.9184,0.04639816,
2,19.74,2,1.035747,376.9241,-0.4042895,0.390336,6.88793,-7.6722,-33.9184,0.04639816,
2,19.75,2,1.03286,376.9218,-0.4047941,0.3919159,6.88793,-7.6722,-33.9184,0.04639816,
2,19.76,2,1.035345,376.9145,-0.4043555,0.3905513,6.88793,-7.6722,-33.9184,0.04639816,
2,19.77,2,1.041357,376.9195,-0.4051143,0.3890254,6.88793,-7.6722,-33.9184,0.04639816,
2,19.78,2,1.036139,376.9241,-0.4048321,0.3907122,6.88793,-7.6722,-33.9184,0.04639816,
2,19.79,2,1.035434,376.9051,-0.4048481,0.3909934,6.88793,-7.6722,-33.9184,0.04639816,
2,19.8,2,1.037543,376.9178,-0.4037926,0.3891816,6.88793,-7.6722,-33.9184,0.04639816,
2,19.81,2,1.034205,376.9191,-0.4029848,0.3896564,6.88793,-7.6722,-33.9184,0.04639816,
2,19.82,2,1.038692,376.9077,-0.4062551,0.3911217,6.88793,-7.6722,-33.9184,0.04639816,
2,19.83,2,1.037828,376.9048,-0.4036821,0.3889682,6.88793,-7.6722,-33.9184,0.04639816,
2,19.84,2,1.030914,376.8899,-0.4077232,0.3954967,6.88793,-7.6722,-33.9184,0.04639816,
2,19.85,2,1.032771,376.8925,-0.4067717,0.3938643,6.88468,-7.6722,-33.919,0.04699707,
2,19.86,2,1.038678,376.8981,-0.4010546,0.3861202,6.88468,-7.6722,-33.919,0.04699707,
2,19.87,2,1.0392,376.9012,-0.4009049,0.3857822,6.88468,-7.6722,-33.919,0.04699707,
2,19.88,2,1.036345,376.8984,-0.4052399,0.3910281,6.88468,-7.6722,-33.919,0.04699707,
2,19.89,2,1.039957,376.8979,-0.4029068,0.3874262,6.88468,-7.6722,-33.919,0.04699707,
2,19.9,2,1.035364,376.8885,-0.4075226,0.3936034,6.88468,-7.6722,-33.919,0.04699707,
2,19.91,2,1.03718,376.8865,-0.4043996,0.3899031,6.88468,-7.6722,-33.919,0.04699707,
2,19.92,2,1.040198,376.8916,-0.3985385,0.3831372,6.88468,-7.6722,-33.919,0.04699707,
2,19.93,2,1.03259,376.892,-0.404993,0.3922107,6.88468,-7.6722,-33.919,0.04699707,
2,19.94,2,1.039424,376.8938,-0.4071389,0.3916968,6.88468,-7.6722,-33.919,0.04699707,
2,19.95,2,1.039348,376.8851,-0.4059046,0.3905378,6.88468,-7.6722,-33.919,0.04699707,
2,19.96,2,1.040122,376.8613,-0.4078777,0.392144,6.88468,-7.6722,-33.919,0.04699707,
2,19.97,2,1.045645,376.8512,-0.4121936,0.3942003,6.88468,-7.6722,-33.919,0.04699707,
2,19.98,2,1.045071,376.8269,-0.4133297,0.3955041,6.88468,-7.6722,-33.919,0.04699707,
2,19.99,2,1.039882,376.8297,-0.4114766,0.3956957,6.88468,-7.6722,-33.919,0.04699707,
2,20,2,1.047873,376.8199,-0.4075586,0.3889389,6.88468,-7.6722,-33.919,0.04699707,
2,20.01,2,1.056075,376.8286,-0.4065277,0.384942,6.88468,-7.6722,-33.919,0.04699707,
2,20.02,2,1.040655,376.8192,-0.4119965,0.3959012,6.88468,-7.6722,-33.919,0.04699707,
2,20.03,2,1.044264,376.8059,-0.4091039,0.391763,6.88468,-7.6722,-33.919,0.04699707,
2,20.04,2,1.050505,376.8241,-0.4089051,0.3892464,6.88468,-7.6722,-33.919,0.04699707,
2,20.05,2,1.042645,376.817,-0.4135121,0.3965992,6.88468,-7.6722,-33.919,0.04699707,
2,20.06,2,1.045693,376.8045,-0.4126444,0.3946135,6.88468,-7.6722,-33.919,0.04699707,
2,20.07,2,1.0461,376.8071,-0.4118712,0.3937209,6.88468,-7.6722,-33.919,0.04699707,
2,20.08,2,1.044855,376.8408,-0.4144855,0.3966919,6.8806,-7.6722,-33.9196,0.04759979,
2,20.09,2,1.050071,376.7746,-0.4114472,0.3918281,6.8806,-7.6722,-33.9196,0.04759979,
2,20.1,2,1.045132,376.8311,-0.4096414,0.3919519,6.8806,-7.6722,-33.9196,0.04759979,
2,20.11,2,1.04545,376.7845,-0.4142694,0.3962595,6.8806,-7.6722,-33.9196,0.04759979,
2,20.12,2,1.048088,376.7862,-0.4125263,0.393599,6.8806,-7.6722,-33.9196,0.04759979,
2,20.13,2,1.042967,376.7953,-0.4121321,0.3951536,6.8806,-7.6722,-33.9196,0.04759979,
2,20.14,2,1.050186,376.8232,-0.4154257,0.3955736,6.8806,-7.6722,-33.9196,0.04759979,
2,20.15,2,1.048812,376.7848,-0.4131406,0.3939131,6.8806,-7.6722,-33.9196,0.04759979,
2,20.16,2,1.047848,376.7549,-0.4129625,0.3941054,6.8806,-7.6722,-33.9196,0.04759979,
2,20.17,2,1.056789,376.7357,-0.4141771,0.3919205,6.8806,-7.6722,-33.9196,0.04759979,
2,20.18,2,1.059255,376.7383,-0.4143077,0.3911313,6.8806,-7.6722,-33.9196,0.04759979,
2,20.19,2,1.056332,376.7366,-0.4130464,0.3910196,6.8806,-7.6722,-33.9196,0.04759979,
2,20.2,2,1.056199,376.7261,-0.4143314,0.3922853,6.8806,-7.6722,-33.9196,0.04759979,
2,20.21,2,1.054763,376.7204,-0.4155474,0.3939723,6.8806,-7.6722,-33.9196,0.04759979,
2,20.22,2,1.060467,376.7174,-0.4121143,0.3886156,6.8806,-7.6722,-33.9196,0.04759979,
2,20.23,2,1.060721,376.7182,-0.4102789,0.3867924,6.8806,-7.6722,-33.9196,0.04759979,
2,20.24,2,1.058165,376.7106,-0.4119785,0.3893328,6.8806,-7.6722,-33.9196,0.04759979,
2,20.25,2,1.056996,376.7092,-0.4168998,0.3944193,6.8806,-7.6722,-33.9196,0.04759979,
2,20.26,2,1.060709,376.7189,-0.4125879,0.3889737,6.8806,-7.6722,-33.9196,0.04759979,
2,20.27,2,1.06645,376.7062,-0.4101062,0.3845525,6.8806,-7.6722,-33.9196,0.04759979,
2,20.28,2,1.057256,376.7143,-0.4142071,0.3917754,6.8806,-7.6722,-33.9196,0.04759979,
2,20.29,2,1.052133,376.702,-0.4133279,0.3928476,6.8806,-7.6722,-33.9196,0.04759979,
2,20.3,2,1.062398,376.6895,-0.4116257,0.3874494,6.87735,-7.6722,-33.9202,0.0481987,
2,20.31,2,1.063185,376.7128,-0.4204277,0.3954416,6.87735,-7.6722,-33.9202,0.0481987,
2,20.32,2,1.054483,376.6713,-0.4217972,0.4000036,6.87735,-7.6722,-33.9202,0.0481987,
2,20.33,2,1.055093,376.6988,-0.4172882,0.395499,6.87735,-7.6722,-33.9202,0.0481987,
2,20.34,2,1.064342,376.6923,-0.4194225,0.3940674,6.87735,-7.6722,-33.9202,0.0481987,
2,20.35,2,1.054791,376.6848,-0.4243137,0.4022729,6.87735,-7.6722,-33.9202,0.0481987,
2,20.36,2,1.05527,376.6819,-0.4214134,0.3993419,6.87735,-7.6722,-33.9202,0.0481987,
2,20.37,2,1.057636,376.6812,-0.4226941,0.3996595,6.87735,-7.6722,-33.9202,0.0481987,
2,20.38,2,1.056076,376.6829,-0.4206102,0.3982763,6.87735,-7.6722,-33.9202,0.0481987,
2,20.39,2,1.056341,376.6871,-0.4156367,0.3934683,6.87735,-7.6722,-33.9202,0.0481987,
2,20.4,2,1.058359,376.6821,-0.4158807,0.3929485,6.87735,-7.6722,-33.9202,0.0481987,
2,20.41,2,1.063884,376.6609,-0.4203154,0.3950762,6.87735,-7.6722,-33.9202,0.0481987,
2,20.42,2,1.06298,376.6462,-0.4186297,0.3938264,6.87735,-7.6722,-33.9202,0.0481987,
2,20.43,2,1.067071,376.6369,-0.41591,0.3897681,6.87735,-7.6722,-33.9202,0.0481987,
2,20.44,2,1.072113,376.6345,-0.4235329,0.3950451,6.87735,-7.6722,-33.9202,0.0481987,
2,20.45,2,1.06799,376.6309,-0.4201212,0.3933756,6.87735,-7.6722,-33.9202,0.0481987,
2,20.46,2,1.068994,376.6319,-0.4183491,0.3913483,6.87735,-7.6722,-33.9202,0.0481987,
2,20.47,2,1.071939,376.6238,-0.4154317,0.3875516,6.87735,-7.6722,-33.9202,0.0481987,
2,20.48,2,1.070923,376.6152,-0.4201925,0.3923647,6.87735,-7.6722,-33.9202,0.0481987,
2,20.49,2,1.066627,376.6378,-0.4190298,0.392855,6.87735,-7.6722,-33.9202,0.0481987,
2,20.5,2,1.06625,376.6211,-0.4187848,0.3927642,6.87735,-7.6722,-33.9202,0.0481987,
2,20.51,2,1.073485,376.6151,-0.4150387,0.3866272,6.87735,-7.6722,-33.9202,0.0481987,
2,20.52,2,1.073907,376.6178,-0.4148956,0.3863421,6.87735,-7.6722,-33.9202,0.0481987,
2,20.53,2,1.064922,376.6069,-0.4211203,0.3954469,6.87735,-7.6722,-33.9202,0.0481987,
2,20.54,2,1.069022,376.6026,-0.4212183,0.3940219,6.87735,-7.6722,-33.9202,0.0481987,
2,20.55,2,1.071457,376.6256,-0.418694,0.3907706,6.87735,-7.6722,-33.9202,0.0481987,
2,20.56,2,1.068175,376.6064,-0.4234525,0.3964263,6.87735,-7.6722,-33.9202,0.0481987,
2,20.57,2,1.063673,376.5978,-0.422044,0.3967799,6.873,-7.6722,-33.9207,0.04869843,
2,20.58,2,1.072302,376.6008,-0.4184575,0.3902422,6.873,-7.6722,-33.9207,0.04869843,
2,20.59,2,1.071127,376.6003,-0.4203169,0.3924061,6.873,-7.6722,-33.9207,0.04869843,
2,20.6,2,1.062277,376.5889,-0.4260893,0.4011095,6.873,-7.6722,-33.9207,0.04869843,
2,20.61,2,1.0706,376.5813,-0.4198777,0.3921891,6.873,-7.6722,-33.9207,0.04869843,
2,20.62,2,1.070581,376.5851,-0.4224419,0.3945913,6.873,-7.6722,-33.9207,0.04869843,
2,20.63,2,1.065108,376.5876,-0.4223031,0.3964885,6.873,-7.6722,-33.9207,0.04869843,
2,20.64,2,1.071538,376.5825,-0.4200052,0.3919646,6.873,-7.6722,-33.9207,0.04869843,
2,20.65,2,1.077473,376.5657,-0.4188536,0.388737,6.873,-7.6722,-33.9207,0.04869843,
2,20.66,2,1.072352,376.5332,-0.4259809,0.3972399,6.873,-7.6722,-33.9207,0.04869843,
2,20.67,2,1.078005,376.5342,-0.4212604,0.3907778,6.873,-7.6722,-33.9207,0.04869843,
2,20.68,2,1.088576,376.5298,-0.4244598,0.389922,6.873,-7.6722,-33.9207,0.04869843,
2,20.69,2,1.081387,376.5161,-0.4288988,0.3966193,6.873,-7.6722,-33.9207,0.04869843,
2,20.7,2,1.074356,376.5286,-0.4277449,0.3981407,6.873,-7.6722,-33.9207,0.04869843,
2,20.71,2,1.086156,376.5096,-0.4222525,0.3887585,6.873,-7.6722,-33.9207,0.04869843,
2,20.72,2,1.084277,376.5147,-0.4294958,0.3961126,6.873,-7.6722,-33.9207,0.04869843,
2,20.73,2,1.077947,376.4568,-0.4332647,0.4019352,6.873,-7.6722,-33.9207,0.04869843,
2,20.74,2,1.08232,376.5114,-0.4254599,0.3931,6.873,-7.6722,-33.9207,0.04869843,
2,20.75,2,1.084819,376.5119,-0.422711,0.3896604,6.873,-7.6722,-33.9207,0.04869843,
2,20.76,2,1.083097,376.5057,-0.4280129,0.3951752,6.873,-7.6722,-33.9207,0.04869843,
2,20.77,2,1.080498,376.5049,-0.429138,0.3971669,6.873,-7.6722,-33.9207,0.04869843,
2,20.78,2,1.082935,376.4978,-0.4274161,0.3946832,6.873,-7.6722,-33.9207,0.04869843,
2,20.79,2,1.083877,376.5022,-0.4271377,0.3940831,6.86893,-7.6722,-33.9213,0.04929733,
2,20.8,2,1.077403,376.5067,-0.4238971,0.3934435,6.86893,-7.6722,-33.9213,0.04929733,
2,20.81,2,1.079584,376.4928,-0.4250094,0.3936789,6.86893,-7.6722,-33.9213,0.04929733,
2,20.82,2,1.089884,376.4922,-0.4264311,0.3912629,6.86893,-7.6722,-33.9213,0.04929733,
2,20.83,2,1.0776,376.4962,-0.4276535,0.3968574,6.86893,-7.6722,-33.9213,0.04929733,
2,20.84,2,1.077196,376.4927,-0.4269362,0.3963403,6.86893,-7.6722,-33.9213,0.04929733,
2,20.85,2,1.083422,376.4679,-0.4261772,0.393362,6.86893,-7.6722,-33.9213,0.04929733,
2,20.86,2,1.079615,376.4973,-0.4257599,0.3943626,6.86893,-7.6722,-33.9213,0.04929733,
2,20.87,2,1.086151,376.4805,-0.4287656,0.394757,6.86893,-7.6722,-33.9213,0.04929733,
2,20.88,2,1.085785,376.4456,-0.4280601,0.3942403,6.86893,-7.6722,-33.9213,0.04929733,
2,20.89,2,1.087226,376.4335,-0.4287304,0.3943343,6.86893,-7.6722,-33.9213,0.04929733,
2,20.9,2,1.096898,376.3975,-0.4316847,0.3935505,6.86893,-7.6722,-33.9213,0.04929733,
2,20.91,2,1.090758,376.4238,-0.4302585,0.3944582,6.86893,-7.6722,-33.9213,0.04929733,
2,20.92,2,1.090245,376.4049,-0.4311093,0.3954242,6.86893,-7.6722,-33.9213,0.04929733,
2,20.93,2,1.098771,376.4272,-0.4326178,0.3937287,6.86893,-7.6722,-33.9213,0.04929733,
2,20.94,2,1.086304,376.4213,-0.4334495,0.3990132,6.86893,-7.6722,-33.9213,0.04929733,
2,20.95,2,1.089106,376.4133,-0.4357549,0.4001032,6.86893,-7.6722,-33.9213,0.04929733,
2,20.96,2,1.096519,376.416,-0.4349183,0.3966353,6.86893,-7.6722,-33.9213,0.04929733,
2,20.97,2,1.088441,376.4159,-0.4356368,0.4002391,6.86893,-7.6722,-33.9213,0.04929733,
2,20.98,2,1.096277,376.3992,-0.4352332,0.3970102,6.86893,-7.6722,-33.9213,0.04929733,
2,20.99,2,1.08944,376.4082,-0.4312775,0.3958709,6.86893,-7.6722,-33.9213,0.04929733,
2,21,2,1.087746,376.3973,-0.4340175,0.3990063,6.86893,-7.6722,-33.9213,0.04929733,
2,21.01,2,1.106045,376.3893,-0.4333913,0.3918388,6.86515,-7.6722,-33.9219,0.04990005,
2,21.02,2,1.088223,376.4087,-0.4338344,0.3986633,6.86515,-7.6722,-33.9219,0.04990005,
2,21.03,2,1.086075,376.3775,-0.4322393,0.3979829,6.86515,-7.6722,-33.9219,0.04990005,
2,21.04,2,1.100025,376.3805,-0.4281138,0.3891855,6.86515,-7.6722,-33.9219,0.04990005,
2,21.05,2,1.088172,376.3913,-0.4274873,0.3928492,6.86515,-7.6722,-33.9219,0.04990005,
2,21.06,2,1.092747,376.3886,-0.430667,0.3941139,6.86515,-7.6722,-33.9219,0.04990005,
2,21.07,2,1.093353,376.3988,-0.4272115,0.3907354,6.86515,-7.6722,-33.9219,0.04990005,
2,21.08,2,1.088405,376.3949,-0.4304103,0.3954505,6.86515,-7.6722,-33.9219,0.04990005,
2,21.09,2,1.09531,376.3786,-0.4313539,0.3938191,6.86515,-7.6722,-33.9219,0.04990005,
2,21.1,2,1.089092,376.3812,-0.4267686,0.3918571,6.86515,-7.6722,-33.9219,0.04990005,
2,21.11,2,1.092111,376.3683,-0.4261175,0.3901778,6.86515,-7.6722,-33.9219,0.04990005,
2,21.12,2,1.09853,376.3407,-0.4375176,0.3982754,6.86515,-7.6722,-33.9219,0.04990005,
2,21.13,2,1.091579,376.3449,-0.435912,0.3993407,6.86515,-7.6722,-33.9219,0.04990005,
2,21.14,2,1.103953,376.2984,-0.4346011,0.3936771,6.86515,-7.6722,-33.9219,0.04990005,
2,21.15,2,1.10917,376.3054,-0.4327564,0.3901625,6.86515,-7.6722,-33.9219,0.04990005,
2,21.16,2,1.102216,376.3235,-0.4306512,0.3907141,6.86515,-7.6722,-33.9219,0.04990005,
2,21.17,2,1.101385,376.318,-0.4328206,0.3929787,6.86515,-7.6722,-33.9219,0.04990005,
2,21.18,2,1.10272,376.3151,-0.4365279,0.3958648,6.86515,-7.6722,-33.9219,0.04990005,
2,21.19,2,1.102617,376.303,-0.4338478,0.3934712,6.86515,-7.6722,-33.9219,0.04990005,
2,21.2,2,1.101496,376.3154,-0.4365572,0.396331,6.86515,-7.6722,-33.9219,0.04990005,
2,21.21,2,1.103807,376.3042,-0.4330671,0.3923396,6.86515,-7.6722,-33.9219,0.04990005,
2,21.22,2,1.097317,376.3108,-0.4380969,0.3992436,6.86515,-7.6722,-33.9219,0.04990005,
2,21.23,2,1.097191,376.3072,-0.4370778,0.3983608,6.86515,-7.6722,-33.9219,0.04990005,
2,21.24,2,1.105666,376.2954,-0.4339647,0.3924918,6.86515,-7.6722,-33.9219,0.04990005,
2,21.25,2,1.104268,376.3075,-0.437497,0.3961874,6.86515,-7.6722,-33.9219,0.04990005,
2,21.26,2,1.096859,376.2449,-0.4397972,0.4009604,6.86107,-7.6722,-33.9225,0.05049896,
2,21.27,2,1.096574,376.2899,-0.4347253,0.3964396,6.86107,-7.6722,-33.9225,0.05049896,
2,21.28,2,1.09891,376.3153,-0.4349838,0.3958321,6.86107,-7.6722,-33.9225,0.05049896,
2,21.29,2,1.106309,376.2813,-0.4323083,0.3907664,6.86107,-7.6722,-33.9225,0.05049896,
2,21.3,2,1.101222,376.2898,-0.4336449,0.393785,6.86107,-7.6722,-33.9225,0.05049896,
2,21.31,2,1.101516,376.2962,-0.4341806,0.3941666,6.86107,-7.6722,-33.9225,0.05049896,
2,21.32,2,1.10057,376.3088,-0.4370005,0.3970673,6.86107,-7.6722,-33.9225,0.05049896,
2,21.33,2,1.101152,376.2947,-0.4342609,0.3943696,6.86107,-7.6722,-33.9225,0.05049896,
2,21.34,2,1.109935,376.2591,-0.4299988,0.3874091,6.86107,-7.6722,-33.9225,0.05049896,
2,21.35,2,1.112143,376.2418,-0.4372448,0.3931551,6.86107,-7.6722,-33.9225,0.05049896,
2,21.36,2,1.106014,376.229,-0.4395613,0.3974282,6.86107,-7.6722,-33.9225,0.05049896,
2,21.37,2,1.110837,376.2068,-0.4376035,0.3939403,6.86107,-7.6722,-33.9225,0.05049896,
2,21.38,2,1.117742,376.2299,-0.4386641,0.3924557,6.86107,-7.6722,-33.9225,0.05049896,
2,21.39,2,1.115597,376.2086,-0.4394341,0.3939005,6.86107,-7.6722,-33.9225,0.05049896,
2,21.4,2,1.109128,376.2085,-0.4373925,0.394357,6.86107,-7.6722,-33.9225,0.05049896,
2,21.41,2,1.119506,376.2085,-0.4323576,0.3862038,6.86107,-7.6722,-33.9225,0.05049896,
2,21.42,2,1.118811,376.205,-0.4400507,0.39332,6.86107,-7.6722,-33.9225,0.05049896,
2,21.43,2,1.107912,376.2201,-0.4416927,0.3986714,6.86107,-7.6722,-33.9225,0.05049896,
2,21.44,2,1.115073,376.2281,-0.4375698,0.3924136,6.86107,-7.6722,-33.9225,0.05049896,
2,21.45,2,1.113457,376.199,-0.437896,0.393276,6.85728,-7.6722,-33.9231,0.05109787,
2,21.46,2,1.111889,376.1977,-0.4399082,0.3956406,6.85728,-7.6722,-33.9231,0.05109787,
2,21.47,2,1.115863,376.1976,-0.437983,0.392506,6.85728,-7.6722,-33.9231,0.05109787,
2,21.48,2,1.109358,376.1998,-0.4397505,0.3964009,6.85728,-7.6722,-33.9231,0.05109787,
2,21.49,2,1.112791,376.2027,-0.4410432,0.3963398,6.85728,-7.6722,-33.9231,0.05109787,
2,21.5,2,1.11602,376.1911,-0.4369069,0.3914867,6.85728,-7.6722,-33.9231,0.05109787,
2,21.51,2,1.113602,376.1801,-0.4385286,0.3937928,6.85728,-7.6722,-33.9231,0.05109787,
2,21.52,2,1.10931,376.166,-0.4436853,0.3999651,6.85728,-7.6722,-33.9231,0.05109787,
2,21.53,2,1.124145,376.152,-0.4365348,0.388326,6.85728,-7.6722,-33.9231,0.05109787,
2,21.54,2,1.12817,376.132,-0.4386241,0.3887928,6.85728,-7.6722,-33.9231,0.05109787,
2,21.55,2,1.119835,376.1167,-0.4446833,0.3970972,6.85728,-7.6722,-33.9231,0.05109787,
2,21.56,2,1.124342,376.1114,-0.438105,0.3896547,6.85728,-7.6722,-33.9231,0.05109787,
2,21.57,2,1.133688,376.1255,-0.4368726,0.3853552,6.85728,-7.6722,-33.9231,0.05109787,
2,21.58,2,1.128622,376.1103,-0.4393505,0.3892806,6.85728,-7.6722,-33.9231,0.05109787,
2,21.59,2,1.120465,376.1155,-0.4383969,0.3912634,6.85728,-7.6722,-33.9231,0.05109787,
2,21.6,2,1.124614,376.1159,-0.4391061,0.3904506,6.85728,-7.6722,-33.9231,0.05109787,
2,21.61,2,1.127129,376.0894,-0.4405647,0.3908733,6.85728,-7.6722,-33.9231,0.05109787,
2,21.62,2,1.127614,376.1029,-0.4369477,0.3874975,6.85728,-7.6722,-33.9231,0.05109787,
2,21.63,2,1.129966,376.101,-0.4356265,0.3855218,6.85728,-7.6722,-33.9231,0.05109787,
2,21.64,2,1.125326,376.0878,-0.441065,0.3919444,6.85402,-7.6722,-33.9237,0.05169678,
2,21.65,2,1.115131,376.1057,-0.4403708,0.3949049,6.85402,-7.6722,-33.9237,0.05169678,
2,21.66,2,1.133381,376.0912,-0.4333796,0.3823776,6.85402,-7.6722,-33.9237,0.05169678,
2,21.67,2,1.136592,376.0857,-0.4391064,0.3863361,6.85402,-7.6722,-33.9237,0.05169678,
2,21.68,2,1.119476,376.0862,-0.4396192,0.3927009,6.85402,-7.6722,-33.9237,0.05169678,
2,21.69,2,1.125249,376.0929,-0.4359078,0.3873878,6.85402,-7.6722,-33.9237,0.05169678,
2,21.7,2,1.127252,376.0934,-0.4330179,0.3841361,6.85402,-7.6722,-33.9237,0.05169678,
2,21.71,2,1.13067,376.082,-0.4381468,0.3875109,6.85402,-7.6722,-33.9237,0.05169678,
2,21.72,2,1.135569,376.0661,-0.4403772,0.3878032,6.85402,-7.6722,-33.9237,0.05169678,
2,21.73,2,1.132334,376.053,-0.4404145,0.3889441,6.85402,-7.6722,-33.9237,0.05169678,
2,21.74,2,1.138963,376.0325,-0.4407963,0.3870154,6.85402,-7.6722,-33.9237,0.05169678,
2,21.75,2,1.137474,376.0262,-0.4409428,0.387651,6.85402,-7.6722,-33.9237,0.05169678,
2,21.76,2,1.136151,376.0285,-0.4392175,0.3865839,6.85402,-7.6722,-33.9237,0.05169678,
2,21.77,2,1.137277,376.0168,-0.4409291,0.387706,6.85402,-7.6722,-33.9237,0.05169678,
2,21.78,2,1.138963,376.0115,-0.4398867,0.386217,6.85402,-7.6722,-33.9237,0.05169678,
2,21.79,2,1.135875,376.0049,-0.4408729,0.388135,6.85402,-7.6722,-33.9237,0.05169678,
2,21.8,2,1.139023,376.0144,-0.4403385,0.3865931,6.85402,-7.6722,-33.9237,0.05169678,
2,21.81,2,1.141024,376.0125,-0.4405343,0.3860866,6.85402,-7.6722,-33.9237,0.05169678,
2,21.82,2,1.136974,376.0127,-0.4418876,0.3886523,6.85402,-7.6722,-33.9237,0.05169678,
2,21.83,2,1.134978,376.0117,-0.4432613,0.3905461,6.85402,-7.6722,-33.9237,0.05169678,
2,21.84,2,1.138656,376.0059,-0.4450247,0.3908334,6.85402,-7.6722,-33.9237,0.05169678,
2,21.85,2,1.138849,376.0343,-0.4460514,0.3916688,6.85103,-7.6722,-33.9243,0.0522995,
2,21.86,2,1.133823,375.9886,-0.4437286,0.3913561,6.85103,-7.6722,-33.9243,0.0522995,
2,21.87,2,1.139688,376.0107,-0.4405314,0.3865369,6.85103,-7.6722,-33.9243,0.0522995,
2,21.88,2,1.139286,375.9941,-0.443994,0.3897124,6.85103,-7.6722,-33.9243,0.0522995,
2,21.89,2,1.131532,375.9868,-0.4466866,0.3947628,6.85103,-7.6722,-33.9243,0.0522995,
2,21.9,2,1.138947,375.9846,-0.4416783,0.3877952,6.85103,-7.6722,-33.9243,0.0522995,
2,21.91,2,1.14784,375.9901,-0.4431701,0.3860904,6.85103,-7.6722,-33.9243,0.0522995,
2,21.92,2,1.138692,375.952,-0.4472195,0.3927485,6.85103,-7.6722,-33.9243,0.0522995,
2,21.93,2,1.141962,375.9362,-0.4440405,0.38884,6.85103,-7.6722,-33.9243,0.0522995,
2,21.94,2,1.150372,375.9402,-0.4426739,0.3848094,6.85103,-7.6722,-33.9243,0.0522995,
2,21.95,2,1.151372,375.9305,-0.4450245,0.3865167,6.85103,-7.6722,-33.9243,0.0522995,
2,21.96,2,1.147521,375.9382,-0.4474797,0.3899535,6.85103,-7.6722,-33.9243,0.0522995,
2,21.97,2,1.150053,375.9288,-0.4444981,0.3865022,6.85103,-7.6722,-33.9243,0.0522995,
2,21.98,2,1.147014,375.9165,-0.445496,0.3883962,6.85103,-7.6722,-33.9243,0.0522995,
2,21.99,2,1.143616,375.9245,-0.4438452,0.3881068,6.85103,-7.6722,-33.9243,0.0522995,
2,22,2,1.145124,375.9279,-0.4444785,0.3881488,6.85103,-7.6722,-33.9243,0.0522995,
2,22.01,2,1.148387,375.9136,-0.4484212,0.3904792,6.85103,-7.6722,-33.9243,0.0522995,
2,22.02,2,1.144719,375.9151,-0.4463175,0.3898928,6.85103,-7.6722,-33.9243,0.0522995,
2,22.03,2,1.144777,375.9071,-0.4450734,0.3887862,6.85103,-7.6722,-33.9243,0.0522995,
2,22.04,2,1.148107,375.9054,-0.4459087,0.3883861,6.85103,-7.6722,-33.9243,0.0522995,
2,22.05,2,1.141476,375.9026,-0.4470277,0.3916226,6.85103,-7.6722,-33.9243,0.0522995,
2,22.06,2,1.145044,375.9107,-0.4441247,0.387867,6.84753,-7.6722,-33.9248,0.05279922,
2,22.07,2,1.151152,375.901,-0.4432733,0.3850693,6.84753,-7.6722,-33.9248,0.05279922,
2,22.08,2,1.145004,375.8914,-0.4478224,0.39111,6.84753,-7.6722,-33.9248,0.05279922,
2,22.09,2,1.143343,375.8804,-0.4458642,0.3899655,6.84753,-7.6722,-33.9248,0.05279922,
2,22.1,2,1.1438,375.9013,-0.4451132,0.3891532,6.84753,-7.6722,-33.9248,0.05279922,
2,22.11,2,1.149402,375.8943,-0.4440562,0.3863366,6.84753,-7.6722,-33.9248,0.05279922,
2,22.12,2,1.143642,375.889,-0.447237,0.3910637,6.84753,-7.6722,-33.9248,0.05279922,
2,22.13,2,1.146074,375.8922,-0.4469708,0.3900018,6.84753,-7.6722,-33.9248,0.05279922,
2,22.14,2,1.149644,375.8851,-0.4478784,0.38958,6.84753,-7.6722,-33.9248,0.05279922,
2,22.15,2,1.147802,375.8875,-0.4485413,0.3907829,6.84753,-7.6722,-33.9248,0.05279922,
2,22.16,2,1.149741,375.8453,-0.4466713,0.3884972,6.84753,-7.6722,-33.9248,0.05279922,
2,22.17,2,1.157288,375.8293,-0.4487403,0.3877517,6.84753,-7.6722,-33.9248,0.05279922,
2,22.18,2,1.15865,375.8175,-0.450504,0.3888179,6.84753,-7.6722,-33.9248,0.05279922,
2,22.19,2,1.161728,375.8211,-0.450729,0.3879817,6.84753,-7.6722,-33.9248,0.05279922,
2,22.2,2,1.157809,375.842,-0.4507039,0.389273,6.84753,-7.6722,-33.9248,0.05279922,
2,22.21,2,1.158386,375.8271,-0.4490547,0.3876554,6.84753,-7.6722,-33.9248,0.05279922,
2,22.22,2,1.161247,375.8207,-0.4481125,0.3858892,6.84753,-7.6722,-33.9248,0.05279922,
2,22.23,2,1.154716,375.8252,-0.449492,0.3892665,6.84753,-7.6722,-33.9248,0.05279922,
2,22.24,2,1.161512,375.8112,-0.4492832,0.386809,6.84753,-7.6722,-33.9248,0.05279922,
2,22.25,2,1.159077,375.8188,-0.4501796,0.3883949,6.84753,-7.6722,-33.9248,0.05279922,
2,22.26,2,1.155926,375.8143,-0.4510069,0.3901692,6.84753,-7.6722,-33.9248,0.05279922,
2,22.27,2,1.155225,375.8094,-0.4469822,0.3869222,6.84753,-7.6722,-33.9248,0.05279922,
2,22.28,2,1.159517,375.8165,-0.4448267,0.3836309,6.84753,-7.6722,-33.9248,0.05279922,
2,22.29,2,1.164681,375.8007,-0.4466485,0.3834943,6.84753,-7.6722,-33.9248,0.05279922,
2,22.3,2,1.154936,375.7989,-0.4499033,0.3895482,6.84345,-7.6722,-33.9254,0.05339813,
2,22.31,2,1.156263,375.7943,-0.4469379,0.3865365,6.84345,-7.6722,-33.9254,0.05339813,
2,22.32,2,1.159516,375.8022,-0.4489191,0.3871609,6.84345,-7.6722,-33.9254,0.05339813,
2,22.33,2,1.15693,375.7823,-0.4504715,0.389368,6.84345,-7.6722,-33.9254,0.05339813,
2,22.34,2,1.158476,375.7892,-0.4468405,0.385714,6.84345,-7.6722,-33.9254,0.05339813,
2,22.35,2,1.156076,375.8046,-0.4487928,0.3882037,6.84345,-7.6722,-33.9254,0.05339813,
2,22.36,2,1.15577,375.7856,-0.4516511,0.3907795,6.84345,-7.6722,-33.9254,0.05339813,
2,22.37,2,1.161409,375.7851,-0.449732,0.3872298,6.84345,-7.6722,-33.9254,0.05339813,
2,22.38,2,1.164131,375.7561,-0.4488031,0.3855264,6.84345,-7.6722,-33.9254,0.05339813,
2,22.39,2,1.165285,375.7198,-0.4520042,0.3878917,6.84345,-7.6722,-33.9254,0.05339813,
2,22.4,2,1.165618,375.7364,-0.4531686,0.3887796,6.84345,-7.6722,-33.9254,0.05339813,
2,22.41,2,1.170797,375.7393,-0.4515407,0.3856696,6.84345,-7.6722,-33.9254,0.05339813,
2,22.42,2,1.169602,375.7288,-0.4565533,0.3903492,6.84345,-7.6722,-33.9254,0.05339813,
2,22.43,2,1.169233,375.7337,-0.4547882,0.3889627,6.84345,-7.6722,-33.9254,0.05339813,
2,22.44,2,1.172358,375.6779,-0.4542904,0.3875015,6.84345,-7.6722,-33.9254,0.05339813,
2,22.45,2,1.166448,375.7251,-0.4550121,0.3900834,6.84345,-7.6722,-33.9254,0.05339813,
2,22.46,2,1.173682,375.6776,-0.4531721,0.3861113,6.84345,-7.6722,-33.9254,0.05339813,
2,22.47,2,1.172044,375.7367,-0.4546551,0.3879165,6.84345,-7.6722,-33.9254,0.05339813,
2,22.48,2,1.167148,375.722,-0.4576711,0.3921276,6.84345,-7.6722,-33.9254,0.05339813,
2,22.49,2,1.174256,375.7123,-0.4552863,0.3877232,6.84345,-7.6722,-33.9254,0.05339813,
2,22.5,2,1.172014,375.6805,-0.4544675,0.3877663,6.84345,-7.6722,-33.9254,0.05339813,
2,22.51,2,1.166391,375.7103,-0.4552589,0.3903141,6.83992,-7.6722,-33.926,0.05399704,
2,22.52,2,1.171283,375.7014,-0.4517848,0.385718,6.83992,-7.6722,-33.926,0.05399704,
2,22.53,2,1.167765,375.7074,-0.4525625,0.3875458,6.83992,-7.6722,-33.926,0.05399704,
2,22.54,2,1.171695,375.6938,-0.4522632,0.3859906,6.83992,-7.6722,-33.926,0.05399704,
2,22.55,2,1.170117,375.6811,-0.4533683,0.3874555,6.83992,-7.6722,-33.926,0.05399704,
2,22.56,2,1.166822,375.6857,-0.45329,0.3884825,6.83992,-7.6722,-33.926,0.05399704,
2,22.57,2,1.169091,375.6871,-0.4537651,0.3881348,6.83992,-7.6722,-33.926,0.05399704,
2,22.58,2,1.169995,375.7002,-0.4499953,0.3846131,6.83992,-7.6722,-33.926,0.05399704,
2,22.59,2,1.172066,375.6917,-0.4510761,0.3848554,6.83992,-7.6722,-33.926,0.05399704,
2,22.6,2,1.171234,375.6862,-0.4554852,0.3888935,6.83992,-7.6722,-33.926,0.05399704,
2,22.61,2,1.171743,375.6912,-0.4512758,0.385132,6.83992,-7.6722,-33.926,0.05399704,
2,22.62,2,1.175776,375.663,-0.4537264,0.3858953,6.83992,-7.6722,-33.926,0.05399704,
2,22.63,2,1.176296,375.6478,-0.4563564,0.3879605,6.83992,-7.6722,-33.926,0.05399704,
2,22.64,2,1.177419,375.6268,-0.4557421,0.3870687,6.83992,-7.6722,-33.926,0.05399704,
2,22.65,2,1.176683,375.6316,-0.4571801,0.3885328,6.83992,-7.6722,-33.926,0.05399704,
2,22.66,2,1.185948,375.6096,-0.4560277,0.3845259,6.83992,-7.6722,-33.926,0.05399704,
2,22.67,2,1.181469,375.6088,-0.4569241,0.3867425,6.83992,-7.6722,-33.926,0.05399704,
2,22.68,2,1.177157,375.6582,-0.4595165,0.3903613,6.83992,-7.6722,-33.926,0.05399704,
2,22.69,2,1.178105,375.6033,-0.4568661,0.3877974,6.83992,-7.6722,-33.926,0.05399704,
2,22.7,2,1.183233,375.609,-0.4526659,0.3825669,6.83992,-7.6722,-33.926,0.05399704,
2,22.71,2,1.188179,375.6026,-0.4584727,0.3858615,6.83992,-7.6722,-33.926,0.05399704,
2,22.72,2,1.175958,375.6095,-0.4619638,0.3928403,6.83992,-7.6722,-33.926,0.05399704,
2,22.73,2,1.179268,375.6098,-0.4589027,0.3891418,6.83992,-7.6722,-33.926,0.05399704,
2,22.74,2,1.179909,375.5914,-0.4584543,0.3885505,6.83992,-7.6722,-33.926,0.05399704,
2,22.75,2,1.182037,375.5972,-0.4557433,0.3855577,6.83585,-7.6722,-33.9266,0.05459976,
2,22.76,2,1.187329,375.5987,-0.4559624,0.3840235,6.83585,-7.6722,-33.9266,0.05459976,
2,22.77,2,1.176713,375.6041,-0.4600218,0.3909379,6.83585,-7.6722,-33.9266,0.05459976,
2,22.78,2,1.181905,375.5847,-0.4574221,0.3870211,6.83585,-7.6722,-33.9266,0.05459976,
2,22.79,2,1.185439,375.5739,-0.4576409,0.3860519,6.83585,-7.6722,-33.9266,0.05459976,
2,22.8,2,1.179186,375.5802,-0.459419,0.389607,6.83585,-7.6722,-33.9266,0.05459976,
2,22.81,2,1.179129,375.5773,-0.457646,0.3881222,6.83585,-7.6722,-33.9266,0.05459976,
2,22.82,2,1.178737,375.5862,-0.455489,0.3864212,6.83585,-7.6722,-33.9266,0.05459976,
2,22.83,2,1.184201,375.5825,-0.4557118,0.3848263,6.83585,-7.6722,-33.9266,0.05459976,
2,22.84,2,1.189382,375.5641,-0.4577738,0.3848837,6.83585,-7.6722,-33.9266,0.05459976,
2,22.85,2,1.183816,375.5446,-0.4601663,0.3887143,6.83585,-7.6722,-33.9266,0.05459976,
2,22.86,2,1.191018,375.5322,-0.4586109,0.3850579,6.83585,-7.6722,-33.9266,0.05459976,
2,22.87,2,1.188089,375.5468,-0.4580655,0.3855481,6.83585,-7.6722,-33.9266,0.05459976,
2,22.88,2,1.193038,375.5265,-0.4552738,0.3816089,6.83585,-7.6722,-33.9266,0.05459976,
2,22.89,2,1.196548,375.5152,-0.4583681,0.3830753,6.83585,-7.6722,-33.9266,0.05459976,
2,22.9,2,1.188283,375.5181,-0.4629343,0.3895824,6.83585,-7.6722,-33.9266,0.05459976,
2,22.91,2,1.185923,375.5132,-0.4598439,0.3877518,6.83585,-7.6722,-33.9266,0.05459976,
2,22.92,2,1.194531,375.5126,-0.458559,0.3838821,6.83585,-7.6722,-33.9266,0.05459976,
2,22.93,2,1.192937,375.5105,-0.461974,0.3872577,6.83585,-7.6722,-33.9266,0.05459976,
2,22.94,2,1.188618,375.5088,-0.4614531,0.3882266,6.83585,-7.6722,-33.9266,0.05459976,
2,22.95,2,1.190341,375.5059,-0.4608774,0.3871811,6.83585,-7.6722,-33.9266,0.05459976,
2,22.96,2,1.189791,375.4978,-0.4606949,0.3872066,6.83585,-7.6722,-33.9266,0.05459976,
2,22.97,2,1.191144,375.5087,-0.4627189,0.3884661,6.83585,-7.6722,-33.9266,0.05459976,
2,22.98,2,1.190153,375.5056,-0.4604126,0.3868517,6.83178,-7.6722,-33.9271,0.05509949,
2,22.99,2,1.188822,375.503,-0.4617955,0.388448,6.83178,-7.6722,-33.9271,0.05509949,
2,23,2,1.190212,375.4966,-0.4611363,0.3874404,6.83178,-7.6722,-33.9271,0.05509949,
2,23.01,2,1.191648,375.4912,-0.4626626,0.3882544,6.83178,-7.6722,-33.9271,0.05509949,
2,23.02,2,1.189716,375.492,-0.4648436,0.3907181,6.83178,-7.6722,-33.9271,0.05509949,
2,23.03,2,1.191132,375.477,-0.4628335,0.3885661,6.83178,-7.6722,-33.9271,0.05509949,
2,23.04,2,1.18843,375.4695,-0.4633098,0.3898503,6.83178,-7.6722,-33.9271,0.05509949,
2,23.05,2,1.190972,375.474,-0.4603818,0.3865598,6.83178,-7.6722,-33.9271,0.05509949,
2,23.06,2,1.196333,375.4906,-0.4629578,0.3869808,6.83178,-7.6722,-33.9271,0.05509949,
2,23.07,2,1.194386,375.4587,-0.4644113,0.3888284,6.83178,-7.6722,-33.9271,0.05509949,
2,23.08,2,1.19808,375.4445,-0.4661126,0.3890496,6.83178,-7.6722,-33.9271,0.05509949,
2,23.09,2,1.202656,375.4819,-0.4649886,0.3866347,6.83178,-7.6722,-33.9271,0.05509949,
2,23.1,2,1.203367,375.4251,-0.4636707,0.3853112,6.83178,-7.6722,-33.9271,0.05509949,
2,23.11,2,1.199126,375.4193,-0.4648205,0.3876327,6.83178,-7.6722,-33.9271,0.05509949,
2,23.12,2,1.201874,375.4166,-0.462926,0.38517,6.83178,-7.6722,-33.9271,0.05509949,
2,23.13,2,1.204104,375.4193,-0.4682631,0.3888892,6.83178,-7.6722,-33.9271,0.05509949,
2,23.14,2,1.198321,375.4214,-0.4757462,0.3970107,6.83178,-7.6722,-33.9271,0.05509949,
2,23.15,2,1.206169,375.3897,-0.467902,0.3879239,6.83178,-7.6722,-33.9271,0.05509949,
2,23.16,2,1.203643,375.4057,-0.4649384,0.3862759,6.82825,-7.6722,-33.9277,0.05569839,
2,23.17,2,1.196249,375.4028,-0.4656469,0.3892557,6.82825,-7.6722,-33.9277,0.05569839,
2,23.18,2,1.205651,375.3918,-0.4634516,0.3843995,6.82825,-7.6722,-33.9277,0.05569839,
2,23.19,2,1.202781,375.4008,-0.465385,0.3869243,6.82825,-7.6722,-33.9277,0.05569839,
2,23.2,2,1.202452,375.3922,-0.4684979,0.3896189,6.82825,-7.6722,-33.9277,0.05569839,
2,23.21,2,1.19905,375.4089,-0.4665926,0.3891353,6.82825,-7.6722,-33.9277,0.05569839,
2,23.22,2,1.19978,375.3911,-0.4650791,0.3876369,6.82825,-7.6722,-33.9277,0.05569839,
2,23.23,2,1.206782,375.3803,-0.464366,0.3847968,6.82825,-7.6722,-33.9277,0.05569839,
2,23.24,2,1.200905,375.3837,-0.4655728,0.3876851,6.82825,-7.6722,-33.9277,0.05569839,
2,23.25,2,1.202843,375.3828,-0.4655796,0.3870659,6.82825,-7.6722,-33.9277,0.05569839,
2,23.26,2,1.203852,375.3932,-0.4674198,0.3882701,6.82825,-7.6722,-33.9277,0.05569839,
2,23.27,2,1.198379,375.3549,-0.4668996,0.3896093,6.82825,-7.6722,-33.9277,0.05569839,
2,23.28,2,1.211679,375.3369,-0.4641291,0.3830462,6.82825,-7.6722,-33.9277,0.05569839,
2,23.29,2,1.217322,375.3235,-0.468612,0.3849533,6.82825,-7.6722,-33.9277,0.05569839,
2,23.3,2,1.210665,375.3165,-0.4710829,0.3891109,6.82825,-7.6722,-33.9277,0.05569839,
2,23.31,2,1.211266,375.3098,-0.4705782,0.388501,6.82825,-7.6722,-33.9277,0.05569839,
2,23.32,2,1.211819,375.3128,-0.470908,0.3885961,6.82825,-7.6722,-33.9277,0.05569839,
2,23.33,2,1.20931,375.3062,-0.4708244,0.389333,6.82825,-7.6722,-33.9277,0.05569839,
2,23.34,2,1.216473,375.315,-0.469812,0.3862082,6.82825,-7.6722,-33.9277,0.05569839,
2,23.35,2,1.215977,375.3148,-0.4683577,0.3851699,6.82825,-7.6722,-33.9277,0.05569839,
2,23.36,2,1.208058,375.3085,-0.4732704,0.3917614,6.82825,-7.6722,-33.9277,0.05569839,
2,23.37,2,1.210582,375.3126,-0.475888,0.3931068,6.82825,-7.6722,-33.9277,0.05569839,
2,23.38,2,1.213104,375.3019,-0.469681,0.3871728,6.82825,-7.6722,-33.9277,0.05569839,
2,23.39,2,1.217202,375.3173,-0.46966,0.385852,6.82825,-7.6722,-33.9277,0.05569839,
2,23.4,2,1.21624,375.2941,-0.4680483,0.3848323,6.82825,-7.6722,-33.9277,0.05569839,
2,23.41,2,1.209897,375.2935,-0.4672356,0.3861778,6.82447,-7.6722,-33.9283,0.0562973,
2,23.42,2,1.21112,375.2977,-0.4681004,0.3865021,6.82447,-7.6722,-33.9283,0.0562973,
2,23.43,2,1.215447,375.2856,-0.4682678,0.3852638,6.82447,-7.6722,-33.9283,0.0562973,
2,23.44,2,1.213968,375.2945,-0.468619,0.3860225,6.82447,-7.6722,-33.9283,0.0562973,
2,23.45,2,1.214798,375.2874,-0.4700974,0.3869756,6.82447,-7.6722,-33.9283,0.0562973,
2,23.46,2,1.210017,375.2936,-0.4670434,0.3859807,6.82447,-7.6722,-33.9283,0.0562973,
2,23.47,2,1.214488,375.2834,-0.46558,0.383355,6.82447,-7.6722,-33.9283,0.0562973,
2,23.48,2,1.216452,375.2777,-0.4663913,0.383403,6.82447,-7.6722,-33.9283,0.0562973,
2,23.49,2,1.211119,375.2812,-0.468164,0.386555,6.82447,-7.6722,-33.9283,0.0562973,
2,23.5,2,1.215486,375.308,-0.4689564,0.385818,6.82447,-7.6722,-33.9283,0.0562973,
2,23.51,2,1.217719,375.284,-0.4684976,0.3847339,6.82447,-7.6722,-33.9283,0.0562973,
2,23.52,2,1.213745,375.2485,-0.4691138,0.3865012,6.82447,-7.6722,-33.9283,0.0562973,
2,23.53,2,1.226741,375.2317,-0.4695148,0.3827335,6.82447,-7.6722,-33.9283,0.0562973,
2,23.54,2,1.227784,375.2299,-0.4702943,0.3830433,6.82447,-7.6722,-33.9283,0.0562973,
2,23.55,2,1.220299,375.2196,-0.4736035,0.3881046,6.82447,-7.6722,-33.9283,0.0562973,
2,23.56,2,1.224982,375.2101,-0.4732019,0.3862929,6.82447,-7.6722,-33.9283,0.0562973,
2,23.57,2,1.227435,375.2063,-0.4721029,0.3846255,6.82447,-7.6722,-33.9283,0.0562973,
2,23.58,2,1.22011,375.2208,-0.4746934,0.389058,6.82447,-7.6722,-33.9283,0.0562973,
2,23.59,2,1.224128,375.2065,-0.470888,0.3846723,6.82447,-7.6722,-33.9283,0.0562973,
2,23.6,2,1.231983,375.2153,-0.4706634,0.3820373,6.82447,-7.6722,-33.9283,0.0562973,
2,23.61,2,1.218014,375.2097,-0.4769493,0.3915795,6.82447,-7.6722,-33.9283,0.0562973,
2,23.62,2,1.222936,375.2316,-0.4732932,0.3870138,6.82447,-7.6722,-33.9283,0.0562973,
2,23.63,2,1.223797,375.2086,-0.4707521,0.3846652,6.82447,-7.6722,-33.9283,0.0562973,
2,23.64,2,1.225499,375.1742,-0.4742304,0.3869692,6.82447,-7.6722,-33.9283,0.0562973,
2,23.65,2,1.227324,375.2043,-0.4715765,0.3842314,6.8204,-7.6722,-33.9288,0.05679703,
2,23.66,2,1.217931,375.2099,-0.4725522,0.387996,6.8204,-7.6722,-33.9288,0.05679703,
2,23.67,2,1.228643,375.182,-0.4743558,0.386081,6.8204,-7.6722,-33.9288,0.05679703,
2,23.68,2,1.225461,375.1594,-0.4756969,0.3881779,6.8204,-7.6722,-33.9288,0.05679703,
2,23.69,2,1.218354,375.1883,-0.4744233,0.3893968,6.8204,-7.6722,-33.9288,0.05679703,
2,23.7,2,1.233202,375.1798,-0.4713318,0.3822015,6.8204,-7.6722,-33.9288,0.05679703,
2,23.71,2,1.230491,375.1585,-0.4734344,0.3847523,6.8204,-7.6722,-33.9288,0.05679703,
2,23.72,2,1.229009,375.1287,-0.4728657,0.3847537,6.8204,-7.6722,-33.9288,0.05679703,
2,23.73,2,1.237846,375.1348,-0.4770902,0.3854195,6.8204,-7.6722,-33.9288,0.05679703,
2,23.74,2,1.23277,375.1154,-0.474933,0.3852566,6.8204,-7.6722,-33.9288,0.05679703,
2,23.75,2,1.238843,375.1156,-0.4740182,0.3826298,6.8204,-7.6722,-33.9288,0.05679703,
2,23.76,2,1.236943,375.1199,-0.4721656,0.3817199,6.8204,-7.6722,-33.9288,0.05679703,
2,23.77,2,1.233253,375.1195,-0.4730181,0.3835531,6.8204,-7.6722,-33.9288,0.05679703,
2,23.78,2,1.240975,375.1053,-0.475754,0.3833712,6.8204,-7.6722,-33.9288,0.05679703,
2,23.79,2,1.234405,375.1229,-0.4776194,0.3869227,6.8204,-7.6722,-33.9288,0.05679703,
2,23.8,2,1.23137,375.0818,-0.4746226,0.3854427,6.8204,-7.6722,-33.9288,0.05679703,
2,23.81,2,1.244797,375.1084,-0.4740005,0.3807853,6.8204,-7.6722,-33.9288,0.05679703,
2,23.82,2,1.236895,375.1074,-0.4758429,0.3847076,6.8204,-7.6722,-33.9288,0.05679703,
2,23.83,2,1.230932,375.0935,-0.4754209,0.3862284,6.8204,-7.6722,-33.9288,0.05679703,
2,23.84,2,1.237283,375.1003,-0.4762394,0.3849075,6.8204,-7.6722,-33.9288,0.05679703,
2,23.85,2,1.235954,375.0627,-0.4760256,0.3851483,6.8204,-7.6722,-33.9288,0.05679703,
2,23.86,2,1.239011,375.0771,-0.4763678,0.3844743,6.8204,-7.6722,-33.9288,0.05679703,
2,23.87,2,1.23657,375.0878,-0.4750821,0.3841933,6.8204,-7.6722,-33.9288,0.05679703,
2,23.88,2,1.228112,375.095,-0.4771399,0.3885152,6.81715,-7.6722,-33.9294,0.05739975,
2,23.89,2,1.234614,375.0897,-0.4788143,0.387825,6.81715,-7.6722,-33.9294,0.05739975,
2,23.9,2,1.241487,375.0825,-0.4773224,0.3844762,6.81715,-7.6722,-33.9294,0.05739975,
2,23.91,2,1.230289,375.0854,-0.4795646,0.3897983,6.81715,-7.6722,-33.9294,0.05739975,
2,23.92,2,1.238132,375.0923,-0.4790829,0.38694,6.81715,-7.6722,-33.9294,0.05739975,
2,23.93,2,1.243414,375.0734,-0.476245,0.383014,6.81715,-7.6722,-33.9294,0.05739975,
2,23.94,2,1.236204,375.0322,-0.4792783,0.3877017,6.81715,-7.6722,-33.9294,0.05739975,
2,23.95,2,1.251892,375.0066,-0.4788656,0.3825136,6.81715,-7.6722,-33.9294,0.05739975,
2,23.96,2,1.249375,375.0185,-0.4794559,0.3837565,6.81715,-7.6722,-33.9294,0.05739975,
2,23.97,2,1.242744,375.0241,-0.4837339,0.3892465,6.81715,-7.6722,-33.9294,0.05739975,
2,23.98,2,1.251646,375.0025,-0.4788822,0.3826021,6.81715,-7.6722,-33.9294,0.05739975,
2,23.99,2,1.247417,375.0192,-0.4769383,0.3823407,6.81715,-7.6722,-33.9294,0.05739975,
2,24,2,1.249446,375.0173,-0.4828078,0.3864174,6.81715,-7.6722,-33.9294,0.05739975,
2,24.01,2,1.248818,375.0141,-0.4804306,0.3847082,6.81715,-7.6722,-33.9294,0.05739975,
2,24.02,2,1.24578,375.0179,-0.4771918,0.3830465,6.81715,-7.6722,-33.9294,0.05739975,
2,24.03,2,1.249593,375.0056,-0.4804685,0.3845001,6.81715,-7.6722,-33.9294,0.05739975,
2,24.04,2,1.246313,375.0074,-0.480601,0.3856182,6.81715,-7.6722,-33.9294,0.05739975,
2,24.05,2,1.247672,375.0146,-0.4768602,0.3822,6.81715,-7.6722,-33.9294,0.05739975,
2,24.06,2,1.249001,374.9948,-0.4800248,0.3843271,6.81715,-7.6722,-33.9294,0.05739975,
2,24.07,2,1.245065,374.9968,-0.4781504,0.3840364,6.81335,-7.6722,-33.93,0.05799866,
2,24.08,2,1.248455,374.991,-0.4788975,0.3835921,6.81335,-7.6722,-33.93,0.05799866,
2,24.09,2,1.247591,374.9749,-0.4827172,0.3869196,6.81335,-7.6722,-33.93,0.05799866,
2,24.1,2,1.246558,374.9713,-0.4798082,0.3849066,6.81335,-7.6722,-33.93,0.05799866,
2,24.11,2,1.247344,374.987,-0.477165,0.3825448,6.81335,-7.6722,-33.93,0.05799866,
2,24.12,2,1.250299,374.9756,-0.4817535,0.3853108,6.81335,-7.6722,-33.93,0.05799866,
2,24.13,2,1.245969,374.9819,-0.4822081,0.3870144,6.81335,-7.6722,-33.93,0.05799866,
2,24.14,2,1.244966,374.9841,-0.4824605,0.387529,6.81335,-7.6722,-33.93,0.05799866,
2,24.15,2,1.24748,374.9769,-0.4821042,0.3864623,6.81335,-7.6722,-33.93,0.05799866,
2,24.16,2,1.251499,374.9728,-0.4813608,0.3846273,6.81335,-7.6722,-33.93,0.05799866,
2,24.17,2,1.253934,374.9579,-0.480908,0.3835195,6.81335,-7.6722,-33.93,0.05799866,
2,24.18,2,1.253966,374.9294,-0.482497,0.3847769,6.81335,-7.6722,-33.93,0.05799866,
2,24.19,2,1.258374,374.9191,-0.4835013,0.3842269,6.81335,-7.6722,-33.93,0.05799866,
2,24.2,2,1.258961,374.9246,-0.485599,0.3857141,6.81335,-7.6722,-33.93,0.05799866,
2,24.21,2,1.263011,374.8791,-0.4839736,0.3831902,6.81335,-7.6722,-33.93,0.05799866,
2,24.22,2,1.259217,374.9154,-0.4851613,0.385288,6.81335,-7.6722,-33.93,0.05799866,
2,24.23,2,1.253564,374.9216,-0.4848446,0.386773,6.81335,-7.6722,-33.93,0.05799866,
2,24.24,2,1.263545,374.9071,-0.4851835,0.383986,6.81335,-7.6722,-33.93,0.05799866,
2,24.25,2,1.25945,374.9091,-0.4837744,0.3841155,6.81335,-7.6722,-33.93,0.05799866,
2,24.26,2,1.255331,374.9101,-0.4863304,0.387412,6.81335,-7.6722,-33.93,0.05799866,
2,24.27,2,1.261625,374.8943,-0.484786,0.3842553,6.81335,-7.6722,-33.93,0.05799866,
2,24.28,2,1.255561,374.9142,-0.4838258,0.3853463,6.81335,-7.6722,-33.93,0.05799866,
2,24.29,2,1.255551,374.9015,-0.484205,0.3856514,6.81335,-7.6722,-33.93,0.05799866,
2,24.3,2,1.266788,374.8866,-0.4831728,0.3814158,6.81335,-7.6722,-33.93,0.05799866,
2,24.31,2,1.256074,374.8991,-0.4855411,0.3865545,6.80928,-7.6722,-33.9306,0.05859756,
2,24.32,2,1.253497,374.8779,-0.4865315,0.3881392,6.80928,-7.6722,-33.9306,0.05859756,
2,24.33,2,1.262776,374.8867,-0.4822158,0.3818698,6.80928,-7.6722,-33.9306,0.05859756,
2,24.34,2,1.255669,374.8883,-0.4830473,0.3846933,6.80928,-7.6722,-33.9306,0.05859756,
2,24.35,2,1.257336,374.8799,-0.4842216,0.3851171,6.80928,-7.6722,-33.9306,0.05859756,
2,24.36,2,1.259609,374.8782,-0.4801084,0.3811566,6.80928,-7.6722,-33.9306,0.05859756,
2,24.37,2,1.256532,374.8774,-0.4823288,0.3838571,6.80928,-7.6722,-33.9306,0.05859756,
2,24.38,2,1.258465,374.8658,-0.4873451,0.3872535,6.80928,-7.6722,-33.9306,0.05859756,
2,24.39,2,1.254555,374.8937,-0.483807,0.3856404,6.80928,-7.6722,-33.9306,0.05859756,
2,24.4,2,1.254175,374.8727,-0.4835504,0.3855526,6.80928,-7.6722,-33.9306,0.05859756,
2,24.41,2,1.263633,374.8649,-0.4844081,0.3833456,6.80928,-7.6722,-33.9306,0.05859756,
2,24.42,2,1.253108,374.883,-0.4834788,0.3858237,6.80928,-7.6722,-33.9306,0.05859756,
2,24.43,2,1.252957,374.854,-0.4857436,0.3876777,6.80928,-7.6722,-33.9306,0.05859756,
2,24.44,2,1.265455,374.8541,-0.4853079,0.3835045,6.80928,-7.6722,-33.9306,0.05859756,
2,24.45,2,1.262268,374.8307,-0.4854546,0.384589,6.80928,-7.6722,-33.9306,0.05859756,
2,24.46,2,1.268529,374.8004,-0.4874598,0.3842716,6.80928,-7.6722,-33.9306,0.05859756,
2,24.47,2,1.270707,374.8009,-0.4880697,0.3840932,6.80928,-7.6722,-33.9306,0.05859756,
2,24.48,2,1.26739,374.7959,-0.4893474,0.3861066,6.80928,-7.6722,-33.9306,0.05859756,
2,24.49,2,1.270759,374.7986,-0.489842,0.3854719,6.80928,-7.6722,-33.9306,0.05859756,
2,24.5,2,1.268988,374.7977,-0.4921579,0.387835,6.80928,-7.6722,-33.9306,0.05859756,
2,24.51,2,1.265889,374.7895,-0.4906064,0.3875588,6.80928,-7.6722,-33.9306,0.05859756,
2,24.52,2,1.274515,374.7941,-0.4905123,0.384862,6.80928,-7.6722,-33.9306,0.05859756,
2,24.53,2,1.268293,374.791,-0.4894165,0.3858859,6.80928,-7.6722,-33.9306,0.05859756,
2,24.54,2,1.267321,374.7859,-0.4896848,0.3863937,6.80928,-7.6722,-33.9306,0.05859756,
2,24.55,2,1.270197,374.7786,-0.4917645,0.387156,6.80468,-7.6722,-33.9312,0.05919647,
2,24.56,2,1.271194,374.7546,-0.490246,0.3856578,6.80468,-7.6722,-33.9312,0.05919647,
2,24.57,2,1.271377,374.7676,-0.4904697,0.3857782,6.80468,-7.6722,-33.9312,0.05919647,
2,24.58,2,1.267269,374.7736,-0.4896542,0.3863852,6.80468,-7.6722,-33.9312,0.05919647,
2,24.59,2,1.268164,374.7684,-0.4918539,0.3878473,6.80468,-7.6722,-33.9312,0.05919647,
2,24.6,2,1.272359,374.769,-0.491015,0.3859091,6.80468,-7.6722,-33.9312,0.05919647,
2,24.61,2,1.268903,374.7781,-0.4900764,0.3862206,6.80468,-7.6722,-33.9312,0.05919647,
2,24.62,2,1.263896,374.7691,-0.4908904,0.3883945,6.80468,-7.6722,-33.9312,0.05919647,
2,24.63,2,1.269579,374.7592,-0.4880859,0.3844471,6.80468,-7.6722,-33.9312,0.05919647,
2,24.64,2,1.266021,374.7624,-0.4892068,0.386413,6.80468,-7.6722,-33.9312,0.05919647,
2,24.65,2,1.268246,374.759,-0.4877193,0.3845621,6.80468,-7.6722,-33.9312,0.05919647,
2,24.66,2,1.276435,374.7631,-0.4865329,0.3811653,6.80468,-7.6722,-33.9312,0.05919647,
2,24.67,2,1.264257,374.7598,-0.4889001,0.3867094,6.80468,-7.6722,-33.9312,0.05919647,
2,24.68,2,1.274882,374.7306,-0.4914048,0.3854512,6.80468,-7.6722,-33.9312,0.05919647,
2,24.69,2,1.2783,374.7294,-0.4889439,0.3824955,6.80468,-7.6722,-33.9312,0.05919647,
2,24.7,2,1.278728,374.716,-0.490187,0.3833396,6.80468,-7.6722,-33.9312,0.05919647,
2,24.71,2,1.285269,374.6936,-0.4900852,0.3813096,6.80468,-7.6722,-33.9312,0.05919647,
2,24.72,2,1.285464,374.6961,-0.4907517,0.38177,6.80468,-7.6722,-33.9312,0.05919647,
2,24.73,2,1.278738,374.6976,-0.4934122,0.3858586,6.80468,-7.6722,-33.9312,0.05919647,
2,24.74,2,1.286646,374.6809,-0.4930228,0.3831845,6.80468,-7.6722,-33.9312,0.05919647,
2,24.75,2,1.283528,374.6962,-0.492669,0.3838395,6.80468,-7.6722,-33.9312,0.05919647,
2,24.76,2,1.279113,374.69,-0.49573,0.3875577,6.80468,-7.6722,-33.9312,0.05919647,
2,24.77,2,1.28354,374.6811,-0.4927309,0.3838843,6.80468,-7.6722,-33.9312,0.05919647,
2,24.78,2,1.280977,374.6973,-0.4943362,0.3859057,6.80468,-7.6722,-33.9312,0.05919647,
2,24.79,2,1.283068,374.6801,-0.4957176,0.3863533,6.80468,-7.6722,-33.9312,0.05919647,
2,24.8,2,1.284977,374.7372,-0.4932207,0.3838361,6.80468,-7.6722,-33.9312,0.05919647,
2,24.81,2,1.281382,374.6949,-0.4923082,0.3842009,6.80468,-7.6722,-33.9312,0.05919647,
2,24.82,2,1.282769,374.6649,-0.496376,0.3869566,6.80468,-7.6722,-33.9312,0.05919647,
2,24.83,2,1.280355,374.675,-0.4952164,0.3867804,6.80468,-7.6722,-33.9312,0.05919647,
2,24.84,2,1.279634,374.6714,-0.4965588,0.3880475,6.80468,-7.6722,-33.9312,0.05919647,
2,24.85,2,1.2828,374.6816,-0.499237,0.3891775,6.8006,-7.6722,-33.9318,0.05979919,
2,24.86,2,1.277929,374.6908,-0.4976996,0.3894579,6.8006,-7.6722,-33.9318,0.05979919,
2,24.87,2,1.278075,374.6729,-0.4976608,0.3893832,6.8006,-7.6722,-33.9318,0.05979919,
2,24.88,2,1.281273,374.6608,-0.4984359,0.3890163,6.8006,-7.6722,-33.9318,0.05979919,
2,24.89,2,1.282797,374.6642,-0.4953785,0.3861706,6.8006,-7.6722,-33.9318,0.05979919,
2,24.9,2,1.279634,374.6606,-0.4954395,0.3871728,6.8006,-7.6722,-33.9318,0.05979919,
2,24.91,2,1.282273,374.6723,-0.4978484,0.3882546,6.8006,-7.6722,-33.9318,0.05979919,
2,24.92,2,1.279157,374.6691,-0.4939362,0.386142,6.8006,-7.6722,-33.9318,0.05979919,
2,24.93,2,1.278961,374.6499,-0.4973863,0.3888988,6.8006,-7.6722,-33.9318,0.05979919,
2,24.94,2,1.282155,374.6468,-0.4916378,0.3834463,6.8006,-7.6722,-33.9318,0.05979919,
2,24.95,2,1.283829,374.6383,-0.4937892,0.3846222,6.8006,-7.6722,-33.9318,0.05979919,
2,24.96,2,1.287164,374.6132,-0.4977372,0.3866929,6.8006,-7.6722,-33.9318,0.05979919,
2,24.97,2,1.291184,374.5963,-0.4989938,0.3864621,6.8006,-7.6722,-33.9318,0.05979919,
2,24.98,2,1.292756,374.6055,-0.4981023,0.3853026,6.8006,-7.6722,-33.9318,0.05979919,
2,24.99,2,1.292643,374.5904,-0.4994515,0.3863799,6.8006,-7.6722,-33.9318,0.05979919,
2,25,2,1.291073,374.5905,-0.4998156,0.3871319,6.8006,-7.6722,-33.9318,0.05979919,
2,25.01,2,1.291933,374.5829,-0.5015858,0.3882444,6.8006,-7.6722,-33.9318,0.05979919,
2,25.02,2,1.293635,374.5832,-0.5045594,0.3900322,6.8006,-7.6722,-33.9318,0.05979919,
2,25.03,2,1.290062,374.5837,-0.5060322,0.3922543,6.8006,-7.6722,-33.9318,0.05979919,
2,25.04,2,1.29246,374.5472,-0.5024789,0.388777,6.8006,-7.6722,-33.9318,0.05979919,
2,25.05,2,1.293743,374.5699,-0.5041911,0.3897151,6.8006,-7.6722,-33.9318,0.05979919,
2,25.06,2,1.294269,374.5703,-0.5025465,0.3882861,6.8006,-7.6722,-33.9318,0.05979919,
2,25.07,2,1.290642,374.5807,-0.5025976,0.3894168,6.796,-7.6722,-33.9324,0.0603981,
2,25.08,2,1.290869,374.5693,-0.5039743,0.3904148,6.796,-7.6722,-33.9324,0.0603981,
2,25.09,2,1.292489,374.5547,-0.5074504,0.3926148,6.796,-7.6722,-33.9324,0.0603981,
2,25.1,2,1.290062,374.5686,-0.5068378,0.3928786,6.796,-7.6722,-33.9324,0.0603981,
2,25.11,2,1.293113,374.556,-0.5015136,0.3878345,6.796,-7.6722,-33.9324,0.0603981,
2,25.12,2,1.293415,374.5704,-0.4964429,0.3838235,6.796,-7.6722,-33.9324,0.0603981,
2,25.13,2,1.290855,374.5658,-0.4975722,0.3854595,6.796,-7.6722,-33.9324,0.0603981,
2,25.14,2,1.290867,374.5611,-0.5009837,0.3880986,6.796,-7.6722,-33.9324,0.0603981,
2,25.15,2,1.292472,374.568,-0.5069929,0.3922662,6.796,-7.6722,-33.9324,0.0603981,
2,25.16,2,1.288087,374.5627,-0.5112447,0.3969024,6.796,-7.6722,-33.9324,0.0603981,
2,25.17,2,1.290881,374.5541,-0.5089252,0.3942465,6.796,-7.6722,-33.9324,0.0603981,
2,25.18,2,1.289173,374.5546,-0.5069908,0.3932683,6.796,-7.6722,-33.9324,0.0603981,
2,25.19,2,1.290278,374.5413,-0.5090185,0.3945031,6.796,-7.6722,-33.9324,0.0603981,
2,25.2,2,1.291812,374.5428,-0.5081437,0.3933573,6.796,-7.6722,-33.9324,0.0603981,
2,25.21,2,1.294978,374.5486,-0.5065765,0.3911854,6.796,-7.6722,-33.9324,0.0603981,
2,25.22,2,1.300089,374.4983,-0.5057948,0.3890463,6.796,-7.6722,-33.9324,0.0603981,
2,25.23,2,1.298033,374.4931,-0.5054362,0.3893861,6.796,-7.6722,-33.9324,0.0603981,
2,25.24,2,1.301971,374.4904,-0.5071633,0.389535,6.796,-7.6722,-33.9324,0.0603981,
2,25.25,2,1.306829,374.4787,-0.5084714,0.3890879,6.796,-7.6722,-33.9324,0.0603981,
2,25.26,2,1.300265,374.4785,-0.5107852,0.3928317,6.796,-7.6722,-33.9324,0.0603981,
2,25.27,2,1.303917,374.478,-0.5087919,0.3902026,6.796,-7.6722,-33.9324,0.0603981,
2,25.28,2,1.303599,374.4719,-0.509069,0.3905105,6.796,-7.6722,-33.9324,0.0603981,
2,25.29,2,1.300869,374.4702,-0.5085534,0.3909338,6.796,-7.6722,-33.9324,0.0603981,
2,25.3,2,1.305376,374.463,-0.509374,0.3902124,6.796,-7.6722,-33.9324,0.0603981,
2,25.31,2,1.303797,374.4689,-0.5100523,0.3912053,6.796,-7.6722,-33.9324,0.0603981,
2,25.32,2,1.301875,374.4572,-0.5139813,0.3948007,6.796,-7.6722,-33.9324,0.0603981,
2,25.33,2,1.304418,374.4427,-0.5131904,0.3934248,6.796,-7.6722,-33.9324,0.0603981,
2,25.34,2,1.302241,374.4617,-0.5098,0.391479,6.79165,-7.6722,-33.933,0.06099701,
2,25.35,2,1.303487,374.4558,-0.507933,0.3896726,6.79165,-7.6722,-33.933,0.06099701,
2,25.36,2,1.303799,374.4538,-0.5017372,0.3848272,6.79165,-7.6722,-33.933,0.06099701,
2,25.37,2,1.302454,374.4547,-0.5011526,0.3847757,6.79165,-7.6722,-33.933,0.06099701,
2,25.38,2,1.306107,374.4465,-0.5036249,0.3855923,6.79165,-7.6722,-33.933,0.06099701,
2,25.39,2,1.306654,374.4433,-0.50271,0.3847308,6.79165,-7.6722,-33.933,0.06099701,
2,25.4,2,1.306381,374.4551,-0.5006904,0.3832653,6.79165,-7.6722,-33.933,0.06099701,
2,25.41,2,1.305815,374.4428,-0.5023919,0.3847342,6.79165,-7.6722,-33.933,0.06099701,
2,25.42,2,1.302421,374.449,-0.5015639,0.3851012,6.79165,-7.6722,-33.933,0.06099701,
2,25.43,2,1.30384,374.445,-0.5022604,0.3852164,6.79165,-7.6722,-33.933,0.06099701,
2,25.44,2,1.305198,374.4402,-0.5062003,0.3878341,6.79165,-7.6722,-33.933,0.06099701,
2,25.45,2,1.306039,374.3818,-0.5035515,0.3855562,6.79165,-7.6722,-33.933,0.06099701,
2,25.46,2,1.309151,374.4356,-0.5020877,0.3835216,6.79165,-7.6722,-33.933,0.06099701,
2,25.47,2,1.310756,374.4143,-0.5015659,0.3826539,6.79165,-7.6722,-33.933,0.06099701,
2,25.48,2,1.314879,374.3886,-0.5011835,0.3811631,6.79165,-7.6722,-33.933,0.06099701,
2,25.49,2,1.317978,374.3794,-0.5046345,0.3828854,6.79165,-7.6722,-33.933,0.06099701,
2,25.5,2,1.31745,374.3677,-0.5052078,0.3834739,6.79165,-7.6722,-33.933,0.06099701,
2,25.51,2,1.31725,374.3781,-0.5029638,0.3818285,6.79165,-7.6722,-33.933,0.06099701,
2,25.52,2,1.316841,374.3831,-0.503395,0.3822748,6.79165,-7.6722,-33.933,0.06099701,
2,25.53,2,1.320042,374.3701,-0.5026135,0.3807557,6.79165,-7.6722,-33.933,0.06099701,
2,25.54,2,1.316139,374.3663,-0.5019439,0.3813761,6.79165,-7.6722,-33.933,0.06099701,
2,25.55,2,1.314747,374.3635,-0.5048807,0.3840136,6.79165,-7.6722,-33.933,0.06099701,
2,25.56,2,1.318281,374.3581,-0.5071082,0.3846737,6.79165,-7.6722,-33.933,0.06099701,
2,25.57,2,1.316927,374.3523,-0.504877,0.3833752,6.79165,-7.6722,-33.933,0.06099701,
2,25.58,2,1.315188,374.3655,-0.5055328,0.3843805,6.78785,-7.6722,-33.9336,0.06159973,
2,25.59,2,1.315505,374.3516,-0.5051647,0.3840083,6.78785,-7.6722,-33.9336,0.06159973,
2,25.6,2,1.31863,374.3577,-0.5050905,0.3830418,6.78785,-7.6722,-33.9336,0.06159973,
2,25.61,2,1.318836,374.3344,-0.5045588,0.3825789,6.78785,-7.6722,-33.9336,0.06159973,
2,25.62,2,1.319154,374.3148,-0.5071204,0.3844286,6.78785,-7.6722,-33.9336,0.06159973,
2,25.63,2,1.31452,374.3715,-0.5049467,0.38413,6.78785,-7.6722,-33.9336,0.06159973,
2,25.64,2,1.316215,374.337,-0.506453,0.3847798,6.78785,-7.6722,-33.9336,0.06159973,
2,25.65,2,1.318866,374.3395,-0.5053328,0.3831569,6.78785,-7.6722,-33.9336,0.06159973,
2,25.66,2,1.317718,374.3383,-0.5060872,0.3840634,6.78785,-7.6722,-33.9336,0.06159973,
2,25.67,2,1.320601,374.3341,-0.506187,0.3833005,6.78785,-7.6722,-33.9336,0.06159973,
2,25.68,2,1.321213,374.3059,-0.5080244,0.3845136,6.78785,-7.6722,-33.9336,0.06159973,
2,25.69,2,1.325988,374.2729,-0.5097002,0.3843928,6.78785,-7.6722,-33.9336,0.06159973,
2,25.7,2,1.333279,374.2727,-0.509802,0.382367,6.78785,-7.6722,-33.9336,0.06159973,
2,25.71,2,1.32661,374.281,-0.5093368,0.3839386,6.78785,-7.6722,-33.9336,0.06159973,
2,25.72,2,1.330773,374.2741,-0.5113612,0.3842587,6.78785,-7.6722,-33.9336,0.06159973,
2,25.73,2,1.332577,374.2536,-0.510971,0.3834458,6.78785,-7.6722,-33.9336,0.06159973,
2,25.74,2,1.327169,374.2553,-0.5128952,0.3864581,6.78785,-7.6722,-33.9336,0.06159973,
2,25.75,2,1.330628,374.2444,-0.5110912,0.3840976,6.78785,-7.6722,-33.9336,0.06159973,
2,25.76,2,1.329881,374.2625,-0.5084016,0.3822912,6.78785,-7.6722,-33.9336,0.06159973,
2,25.77,2,1.327145,374.2539,-0.5102695,0.3844867,6.78785,-7.6722,-33.9336,0.06159973,
2,25.78,2,1.331926,374.2543,-0.5105842,0.3833429,6.78785,-7.6722,-33.9336,0.06159973,
2,25.79,2,1.330791,374.2586,-0.5108703,0.3838846,6.78785,-7.6722,-33.9336,0.06159973,
2,25.8,2,1.329328,374.2476,-0.512274,0.3853631,6.78785,-7.6722,-33.9336,0.06159973,
2,25.81,2,1.331504,374.2394,-0.5130172,0.3852915,6.78785,-7.6722,-33.9336,0.06159973,
2,25.82,2,1.330286,374.2485,-0.5080826,0.381935,6.78405,-7.6722,-33.9343,0.06229782,
2,25.83,2,1.329422,374.2343,-0.5099785,0.3836092,6.78405,-7.6722,-33.9343,0.06229782,
2,25.84,2,1.331078,374.2352,-0.5100462,0.3831828,6.78405,-7.6722,-33.9343,0.06229782,
2,25.85,2,1.327986,374.2429,-0.5092725,0.3834922,6.78405,-7.6722,-33.9343,0.06229782,
2,25.86,2,1.329255,374.1978,-0.5111206,0.3845165,6.78405,-7.6722,-33.9343,0.06229782,
2,25.87,2,1.329491,374.2175,-0.5099509,0.3835685,6.78405,-7.6722,-33.9343,0.06229782,
2,25.88,2,1.330465,374.2278,-0.5092956,0.3827951,6.78405,-7.6722,-33.9343,0.06229782,
2,25.89,2,1.33049,374.2288,-0.5100466,0.3833526,6.78405,-7.6722,-33.9343,0.06229782,
2,25.9,2,1.333885,374.2007,-0.508859,0.3814864,6.78405,-7.6722,-33.9343,0.06229782,
2,25.91,2,1.339717,374.1669,-0.5126958,0.3826896,6.78405,-7.6722,-33.9343,0.06229782,
2,25.92,2,1.340549,374.1821,-0.5171841,0.3858002,6.78405,-7.6722,-33.9343,0.06229782,
2,25.93,2,1.337995,374.17,-0.5164546,0.3859913,6.78405,-7.6722,-33.9343,0.06229782,
2,25.94,2,1.342081,374.1711,-0.513138,0.3823451,6.78405,-7.6722,-33.9343,0.06229782,
2,25.95,2,1.341254,374.1596,-0.5125433,0.3821373,6.78405,-7.6722,-33.9343,0.06229782,
2,25.96,2,1.340692,374.155,-0.5142391,0.3835625,6.78405,-7.6722,-33.9343,0.06229782,
2,25.97,2,1.34125,374.1566,-0.5162196,0.3848794,6.78405,-7.6722,-33.9343,0.06229782,
2,25.98,2,1.338135,374.1239,-0.5161893,0.3857528,6.78405,-7.6722,-33.9343,0.06229782,
2,25.99,2,1.341827,374.149,-0.5174787,0.3856522,6.78405,-7.6722,-33.9343,0.06229782,
2,26,2,1.341485,374.1464,-0.5162284,0.3848185,6.78405,-7.6722,-33.9343,0.06229782,
2,26.01,2,1.340369,374.1487,-0.5161766,0.3851003,6.78405,-7.6722,-33.9343,0.06229782,
2,26.02,2,1.342008,374.1385,-0.517661,0.3857362,6.78,-7.6722,-33.9349,0.06289673,
2,26.03,2,1.339764,374.1524,-0.516804,0.3857425,6.78,-7.6722,-33.9349,0.06289673,
2,26.04,2,1.339421,374.1694,-0.5182687,0.3869349,6.78,-7.6722,-33.9349,0.06289673,
2,26.05,2,1.340621,374.1401,-0.5170736,0.385697,6.78,-7.6722,-33.9349,0.06289673,
2,26.06,2,1.34013,374.1429,-0.5150403,0.3843212,6.78,-7.6722,-33.9349,0.06289673,
2,26.07,2,1.341159,374.1342,-0.5158553,0.384634,6.78,-7.6722,-33.9349,0.06289673,
2,26.08,2,1.342185,374.1423,-0.5178801,0.3858485,6.78,-7.6722,-33.9349,0.06289673,
2,26.09,2,1.340932,374.1228,-0.5169219,0.3854945,6.78,-7.6722,-33.9349,0.06289673,
2,26.1,2,1.340304,374.1404,-0.5165315,0.3853837,6.78,-7.6722,-33.9349,0.06289673,
2,26.11,2,1.341211,374.1284,-0.5148968,0.3839043,6.78,-7.6722,-33.9349,0.06289673,
2,26.12,2,1.343683,374.1123,-0.5136724,0.3822868,6.78,-7.6722,-33.9349,0.06289673,
2,26.13,2,1.346228,374.0871,-0.5143133,0.3820403,6.78,-7.6722,-33.9349,0.06289673,
2,26.14,2,1.350207,374.0797,-0.5168352,0.3827823,6.78,-7.6722,-33.9349,0.06289673,
2,26.15,2,1.354438,374.0712,-0.5183156,0.3826796,6.78,-7.6722,-33.9349,0.06289673,
2,26.16,2,1.352863,374.0935,-0.5199755,0.384352,6.78,-7.6722,-33.9349,0.06289673,
2,26.17,2,1.352152,374.0605,-0.5180014,0.3830941,6.78,-7.6722,-33.9349,0.06289673,
2,26.18,2,1.352103,374.0559,-0.5188407,0.3837286,6.78,-7.6722,-33.9349,0.06289673,
2,26.19,2,1.35229,374.0621,-0.5180354,0.3830801,6.78,-7.6722,-33.9349,0.06289673,
2,26.2,2,1.353504,374.0443,-0.5219641,0.3856391,6.78,-7.6722,-33.9349,0.06289673,
2,26.21,2,1.35389,374.0735,-0.5216049,0.3852638,6.78,-7.6722,-33.9349,0.06289673,
2,26.22,2,1.350688,374.0489,-0.5195618,0.3846645,6.78,-7.6722,-33.9349,0.06289673,
2,26.23,2,1.353709,374.039,-0.5165535,0.381584,6.7762,-7.6722,-33.9355,0.06349945,
2,26.24,2,1.355916,374.0295,-0.5187359,0.3825723,6.7762,-7.6722,-33.9355,0.06349945,
2,26.25,2,1.351382,374.0398,-0.5202877,0.3850042,6.7762,-7.6722,-33.9355,0.06349945,
2,26.26,2,1.354275,374.0398,-0.5174751,0.382105,6.7762,-7.6722,-33.9355,0.06349945,
2,26.27,2,1.353736,374.0257,-0.5229868,0.3863285,6.7762,-7.6722,-33.9355,0.06349945,
2,26.28,2,1.350241,374.0291,-0.5237814,0.387917,6.7762,-7.6722,-33.9355,0.06349945,
2,26.29,2,1.353215,374.03,-0.5214643,0.3853521,6.7762,-7.6722,-33.9355,0.06349945,
2,26.3,2,1.353086,374.0343,-0.5218035,0.3856396,6.7762,-7.6722,-33.9355,0.06349945,
2,26.31,2,1.352371,374.0212,-0.5217058,0.3857712,6.7762,-7.6722,-33.9355,0.06349945,
2,26.32,2,1.353014,374.0287,-0.5210331,0.3850908,6.7762,-7.6722,-33.9355,0.06349945,
2,26.33,2,1.350478,374.0144,-0.5218505,0.3864191,6.7762,-7.6722,-33.9355,0.06349945,
2,26.34,2,1.350668,374.0289,-0.5227131,0.3870035,6.7762,-7.6722,-33.9355,0.06349945,
2,26.35,2,1.352985,374.0031,-0.5224488,0.3861453,6.7762,-7.6722,-33.9355,0.06349945,
2,26.36,2,1.358403,374.0028,-0.5197759,0.3826374,6.7762,-7.6722,-33.9355,0.06349945,
2,26.37,2,1.357719,373.9667,-0.521385,0.3840152,6.7762,-7.6722,-33.9355,0.06349945,
2,26.38,2,1.363685,373.9635,-0.5229336,0.383471,6.7762,-7.6722,-33.9355,0.06349945,
2,26.39,2,1.364189,373.9634,-0.5224125,0.3829472,6.7762,-7.6722,-33.9355,0.06349945,
2,26.4,2,1.363527,373.9606,-0.5248882,0.3849488,6.7762,-7.6722,-33.9355,0.06349945,
2,26.41,2,1.364335,373.9439,-0.5226466,0.3830778,6.7762,-7.6722,-33.9355,0.06349945,
2,26.42,2,1.367146,373.9524,-0.5233207,0.3827834,6.7762,-7.6722,-33.9355,0.06349945,
2,26.43,2,1.366451,373.9463,-0.5252481,0.3843884,6.7762,-7.6722,-33.9355,0.06349945,
2,26.44,2,1.365034,373.9396,-0.5266136,0.3857878,6.7762,-7.6722,-33.9355,0.06349945,
2,26.45,2,1.364087,373.9656,-0.5277707,0.3869041,6.7762,-7.6722,-33.9355,0.06349945,
2,26.46,2,1.365926,373.9601,-0.5259511,0.385051,6.7762,-7.6722,-33.9355,0.06349945,
2,26.47,2,1.366363,373.9313,-0.5265397,0.3853585,6.7762,-7.6722,-33.9355,0.06349945,
2,26.48,2,1.365246,373.9345,-0.525598,0.3849842,6.7762,-7.6722,-33.9355,0.06349945,
2,26.49,2,1.364255,373.9276,-0.5249711,0.3848042,6.7762,-7.6722,-33.9355,0.06349945,
2,26.5,2,1.364559,373.9224,-0.5252894,0.3849517,6.77238,-7.6722,-33.9361,0.06409836,
2,26.51,2,1.363737,373.9216,-0.5256798,0.38547,6.77238,-7.6722,-33.9361,0.06409836,
2,26.52,2,1.364395,373.929,-0.5255188,0.3851662,6.77238,-7.6722,-33.9361,0.06409836,
2,26.53,2,1.364907,373.9323,-0.5280188,0.3868534,6.77238,-7.6722,-33.9361,0.06409836,
2,26.54,2,1.363288,373.926,-0.5262878,0.386043,6.77238,-7.6722,-33.9361,0.06409836,
2,26.55,2,1.362517,373.9295,-0.5268802,0.3866963,6.77238,-7.6722,-33.9361,0.06409836,
2,26.56,2,1.36301,373.9209,-0.5271298,0.3867395,6.77238,-7.6722,-33.9361,0.06409836,
2,26.57,2,1.363881,373.9438,-0.5289044,0.3877938,6.77238,-7.6722,-33.9361,0.06409836,
2,26.58,2,1.369769,373.8933,-0.5286309,0.3859269,6.77238,-7.6722,-33.9361,0.06409836,
2,26.59,2,1.372916,373.8859,-0.5263928,0.3834123,6.77238,-7.6722,-33.9361,0.06409836,
2,26.6,2,1.370978,373.8578,-0.5270814,0.3844566,6.77238,-7.6722,-33.9361,0.06409836,
2,26.61,2,1.377373,373.8622,-0.529618,0.3845133,6.77238,-7.6722,-33.9361,0.06409836,
2,26.62,2,1.377933,373.8369,-0.5317153,0.3858789,6.77238,-7.6722,-33.9361,0.06409836,
2,26.63,2,1.374435,373.867,-0.5314668,0.3866801,6.77238,-7.6722,-33.9361,0.06409836,
2,26.64,2,1.377139,373.8459,-0.5320345,0.3863333,6.77238,-7.6722,-33.9361,0.06409836,
2,26.65,2,1.375674,373.8456,-0.5315393,0.3863848,6.77238,-7.6722,-33.9361,0.06409836,
2,26.66,2,1.375603,373.8457,-0.5306489,0.3857573,6.77238,-7.6722,-33.9361,0.06409836,
2,26.67,2,1.374364,373.8341,-0.5310053,0.3863643,6.77238,-7.6722,-33.9361,0.06409836,
2,26.68,2,1.376335,373.8462,-0.5300141,0.3850908,6.77238,-7.6722,-33.9361,0.06409836,
2,26.69,2,1.376089,373.8196,-0.5310667,0.3859248,6.77238,-7.6722,-33.9361,0.06409836,
2,26.7,2,1.377714,373.8307,-0.5286772,0.3837352,6.77238,-7.6722,-33.9361,0.06409836,
2,26.71,2,1.375172,373.833,-0.5284914,0.3843094,6.77238,-7.6722,-33.9361,0.06409836,
2,26.72,2,1.374984,373.8253,-0.5311226,0.3862756,6.77238,-7.6722,-33.9361,0.06409836,
2,26.73,2,1.37678,373.8183,-0.5342848,0.3880683,6.77238,-7.6722,-33.9361,0.06409836,
2,26.74,2,1.377341,373.8253,-0.5330607,0.3870217,6.76832,-7.6722,-33.9367,0.06469727,
2,26.75,2,1.375515,373.8075,-0.5329998,0.3874911,6.76832,-7.6722,-33.9367,0.06469727,
2,26.76,2,1.377319,373.82,-0.5320038,0.3862603,6.76832,-7.6722,-33.9367,0.06469727,
2,26.77,2,1.375765,373.8171,-0.5308466,0.3858555,6.76832,-7.6722,-33.9367,0.06469727,
2,26.78,2,1.374486,373.8173,-0.5343685,0.3887769,6.76832,-7.6722,-33.9367,0.06469727,
2,26.79,2,1.376501,373.8183,-0.5322179,0.3866455,6.76832,-7.6722,-33.9367,0.06469727,
2,26.8,2,1.378764,373.7853,-0.5299703,0.3843806,6.76832,-7.6722,-33.9367,0.06469727,
2,26.81,2,1.374021,373.7887,-0.5334931,0.3882715,6.76832,-7.6722,-33.9367,0.06469727,
2,26.82,2,1.374486,373.8016,-0.5328339,0.3876605,6.76832,-7.6722,-33.9367,0.06469727,
2,26.83,2,1.377318,373.8005,-0.5317037,0.3860427,6.76832,-7.6722,-33.9367,0.06469727,
2,26.84,2,1.382915,373.7774,-0.5329185,0.3853589,6.76832,-7.6722,-33.9367,0.06469727,
2,26.85,2,1.382238,373.757,-0.5347389,0.3868647,6.76832,-7.6722,-33.9367,0.06469727,
2,26.86,2,1.387177,373.7424,-0.5345452,0.3853477,6.76832,-7.6722,-33.9367,0.06469727,
2,26.87,2,1.388916,373.7462,-0.5381843,0.387485,6.76832,-7.6722,-33.9367,0.06469727,
2,26.88,2,1.387128,373.7447,-0.5341311,0.3850627,6.76832,-7.6722,-33.9367,0.06469727,
2,26.89,2,1.388536,373.7368,-0.5338818,0.3844926,6.76832,-7.6722,-33.9367,0.06469727,
2,26.9,2,1.389496,373.7237,-0.536204,0.3858982,6.76832,-7.6722,-33.9367,0.06469727,
2,26.91,2,1.385641,373.7319,-0.5359466,0.3867862,6.76832,-7.6722,-33.9367,0.06469727,
2,26.92,2,1.387321,373.7638,-0.5354351,0.3859488,6.76832,-7.6722,-33.9367,0.06469727,
2,26.93,2,1.387618,373.7448,-0.5357395,0.3860857,6.76832,-7.6722,-33.9367,0.06469727,
2,26.94,2,1.387964,373.7235,-0.5356874,0.3859521,6.76832,-7.6722,-33.9367,0.06469727,
2,26.95,2,1.387771,373.7251,-0.5356266,0.3859619,6.76832,-7.6722,-33.9367,0.06469727,
2,26.96,2,1.386405,373.7186,-0.537731,0.38786,6.76832,-7.6722,-33.9367,0.06469727,
2,26.97,2,1.386528,373.7195,-0.5355299,0.386238,6.764,-7.6722,-33.9373,0.06529999,
2,26.98,2,1.387721,373.7261,-0.5356773,0.3860122,6.764,-7.6722,-33.9373,0.06529999,
2,26.99,2,1.387754,373.7238,-0.5354397,0.3858318,6.764,-7.6722,-33.9373,0.06529999,
2,27,2,1.383376,373.7133,-0.5350151,0.386746,6.764,-7.6722,-33.9373,0.06529999,
2,27.01,2,1.386631,373.7092,-0.5334209,0.3846886,6.764,-7.6722,-33.9373,0.06529999,
2,27.02,2,1.38922,373.6998,-0.535499,0.3854674,6.764,-7.6722,-33.9373,0.06529999,
2,27.03,2,1.387358,373.6986,-0.5369347,0.3870195,6.764,-7.6722,-33.9373,0.06529999,
2,27.04,2,1.387084,373.7067,-0.5396183,0.3890308,6.764,-7.6722,-33.9373,0.06529999,
2,27.05,2,1.386532,373.6878,-0.5363204,0.3868071,6.764,-7.6722,-33.9373,0.06529999,
2,27.06,2,1.387925,373.6983,-0.5362354,0.3863575,6.764,-7.6722,-33.9373,0.06529999,
2,27.07,2,1.38939,373.6974,-0.5352305,0.3852271,6.764,-7.6722,-33.9373,0.06529999,
2,27.08,2,1.385458,373.6912,-0.5367591,0.3874237,6.764,-7.6722,-33.9373,0.06529999,
2,27.09,2,1.392136,373.6812,-0.5375603,0.3861407,6.764,-7.6722,-33.9373,0.06529999,
2,27.1,2,1.395043,373.6666,-0.5375725,0.3853447,6.764,-7.6722,-33.9373,0.06529999,
2,27.11,2,1.396291,373.6353,-0.5390618,0.3860669,6.764,-7.6722,-33.9373,0.06529999,
2,27.12,2,1.398718,373.632,-0.5441306,0.389021,6.764,-7.6722,-33.9373,0.06529999,
2,27.13,2,1.400451,373.6234,-0.5412651,0.3864934,6.764,-7.6722,-33.9373,0.06529999,
2,27.14,2,1.397935,373.6266,-0.5443775,0.3894154,6.764,-7.6722,-33.9373,0.06529999,
2,27.15,2,1.399613,373.6314,-0.5416533,0.3870023,6.764,-7.6722,-33.9373,0.06529999,
2,27.16,2,1.39937,373.5706,-0.5427999,0.3878888,6.764,-7.6722,-33.9373,0.06529999,
2,27.17,2,1.39874,373.626,-0.544236,0.3890902,6.764,-7.6722,-33.9373,0.06529999,
2,27.18,2,1.399199,373.6221,-0.544907,0.389442,6.764,-7.6722,-33.9373,0.06529999,
2,27.19,2,1.397602,373.6188,-0.5427726,0.3883598,6.764,-7.6722,-33.9373,0.06529999,
2,27.2,2,1.399424,373.6285,-0.545322,0.3896761,6.764,-7.6722,-33.9373,0.06529999,
2,27.21,2,1.397591,373.6075,-0.5477151,0.3918993,6.764,-7.6722,-33.9373,0.06529999,
2,27.22,2,1.395642,373.5992,-0.5473231,0.3921657,6.764,-7.6722,-33.9373,0.06529999,
2,27.23,2,1.397674,373.6159,-0.5423102,0.3880091,6.764,-7.6722,-33.9373,0.06529999,
2,27.24,2,1.398875,373.612,-0.5474196,0.3913285,6.764,-7.6722,-33.9373,0.06529999,
2,27.25,2,1.400258,373.6,-0.5426701,0.3875501,6.75965,-7.6722,-33.9379,0.0658989,
2,27.26,2,1.399256,373.6016,-0.5435427,0.3884511,6.75965,-7.6722,-33.9379,0.0658989,
2,27.27,2,1.397248,373.5818,-0.5439068,0.3892701,6.75965,-7.6722,-33.9379,0.0658989,
2,27.28,2,1.396063,373.58,-0.5483278,0.3927671,6.75965,-7.6722,-33.9379,0.0658989,
2,27.29,2,1.396769,373.5961,-0.5495489,0.3934428,6.75965,-7.6722,-33.9379,0.0658989,
2,27.3,2,1.39917,373.5857,-0.5493041,0.3925927,6.75965,-7.6722,-33.9379,0.0658989,
2,27.31,2,1.39418,373.5948,-0.5478978,0.3929894,6.75965,-7.6722,-33.9379,0.0658989,
2,27.32,2,1.396968,373.5862,-0.5496895,0.3934875,6.75965,-7.6722,-33.9379,0.0658989,
2,27.33,2,1.397709,373.5891,-0.5492164,0.3929406,6.75965,-7.6722,-33.9379,0.0658989,
2,27.34,2,1.395875,373.5872,-0.5476415,0.3923284,6.75965,-7.6722,-33.9379,0.0658989,
2,27.35,2,1.39976,373.5663,-0.5439668,0.3886142,6.75965,-7.6722,-33.9379,0.0658989,
2,27.36,2,1.404008,373.542,-0.5454249,0.388477,6.75965,-7.6722,-33.9379,0.0658989,
2,27.37,2,1.408987,373.5331,-0.5462578,0.3876954,6.75965,-7.6722,-33.9379,0.0658989,
2,27.38,2,1.410293,373.5146,-0.5463758,0.3874199,6.75965,-7.6722,-33.9379,0.0658989,
2,27.39,2,1.408354,373.5104,-0.550881,0.3911523,6.75965,-7.6722,-33.9379,0.0658989,
2,27.4,2,1.411747,373.5295,-0.5556719,0.3936059,6.75965,-7.6722,-33.9379,0.0658989,
2,27.41,2,1.411696,373.5048,-0.5557507,0.3936758,6.75965,-7.6722,-33.9379,0.0658989,
2,27.42,2,1.410978,373.5047,-0.5547885,0.3931942,6.75965,-7.6722,-33.9379,0.0658989,
2,27.43,2,1.410849,373.5015,-0.5580245,0.3955238,6.75965,-7.6722,-33.9379,0.0658989,
2,27.44,2,1.408761,373.5101,-0.5580164,0.3961043,6.75965,-7.6722,-33.9379,0.0658989,
2,27.45,2,1.407597,373.5134,-0.557567,0.3961127,6.75965,-7.6722,-33.9379,0.0658989,
2,27.46,2,1.408498,373.4931,-0.5564974,0.3950999,6.75965,-7.6722,-33.9379,0.0658989,
2,27.47,2,1.410547,373.4966,-0.5543444,0.3929996,6.75965,-7.6722,-33.9379,0.0658989,
2,27.48,2,1.410454,373.4899,-0.5562648,0.3943869,6.7553,-7.6722,-33.9385,0.0664978,
2,27.49,2,1.40844,373.4869,-0.5564011,0.3950477,6.7553,-7.6722,-33.9385,0.0664978,
2,27.5,2,1.408351,373.4872,-0.5587982,0.3967747,6.7553,-7.6722,-33.9385,0.0664978,
2,27.51,2,1.408782,373.4741,-0.5564087,0.3949573,6.7553,-7.6722,-33.9385,0.0664978,
2,27.52,2,1.410305,373.4785,-0.5564179,0.3945372,6.7553,-7.6722,-33.9385,0.0664978,
2,27.53,2,1.407779,373.4831,-0.5542698,0.3937193,6.7553,-7.6722,-33.9385,0.0664978,
2,27.54,2,1.40981,373.4799,-0.5535068,0.392611,6.7553,-7.6722,-33.9385,0.0664978,
2,27.55,2,1.409655,373.4813,-0.5549999,0.3937133,6.7553,-7.6722,-33.9385,0.0664978,
2,27.56,2,1.406807,373.4733,-0.5563725,0.3954861,6.7553,-7.6722,-33.9385,0.0664978,
2,27.57,2,1.410435,373.4636,-0.5569251,0.3948605,6.7553,-7.6722,-33.9385,0.0664978,
2,27.58,2,1.408672,373.4773,-0.5561837,0.3948283,6.7553,-7.6722,-33.9385,0.0664978,
2,27.59,2,1.414495,373.4671,-0.5529177,0.3908941,6.7553,-7.6722,-33.9385,0.0664978,
2,27.6,2,1.414103,373.4342,-0.553673,0.3915364,6.7553,-7.6722,-33.9385,0.0664978,
2,27.61,2,1.418009,373.4214,-0.5531875,0.3901157,6.7553,-7.6722,-33.9385,0.0664978,
2,27.62,2,1.424079,373.4134,-0.5571487,0.3912343,6.7553,-7.6722,-33.9385,0.0664978,
2,27.63,2,1.421328,373.4126,-0.558527,0.3929612,6.7553,-7.6722,-33.9385,0.0664978,
2,27.64,2,1.41951,373.4142,-0.5602187,0.3946564,6.7553,-7.6722,-33.9385,0.0664978,
2,27.65,2,1.424075,373.3975,-0.5589911,0.3925291,6.7553,-7.6722,-33.9385,0.0664978,
2,27.66,2,1.421781,373.4047,-0.5600927,0.3939373,6.7553,-7.6722,-33.9385,0.0664978,
2,27.67,2,1.422212,373.397,-0.5606008,0.3941752,6.7553,-7.6722,-33.9385,0.0664978,
2,27.68,2,1.422231,373.3929,-0.5614008,0.3947325,6.7553,-7.6722,-33.9385,0.0664978,
2,27.69,2,1.421071,373.3958,-0.5608662,0.3946785,6.7553,-7.6722,-33.9385,0.0664978,
2,27.7,2,1.419445,373.392,-0.5592003,0.393957,6.7553,-7.6722,-33.9385,0.0664978,
2,27.71,2,1.421032,373.3934,-0.5602499,0.3942556,6.7553,-7.6722,-33.9385,0.0664978,
2,27.72,2,1.422479,373.3854,-0.5589812,0.3929629,6.7553,-7.6722,-33.9385,0.0664978,
2,27.73,2,1.421866,373.3788,-0.5600526,0.3938857,6.75125,-7.6722,-33.9392,0.06719971,
2,27.74,2,1.420213,373.3847,-0.5602741,0.3945002,6.75125,-7.6722,-33.9392,0.06719971,
2,27.75,2,1.421567,373.3787,-0.5616205,0.3950715,6.75125,-7.6722,-33.9392,0.06719971,
2,27.76,2,1.422312,373.3604,-0.5596313,0.3934658,6.75125,-7.6722,-33.9392,0.06719971,
2,27.77,2,1.418594,373.3842,-0.5572922,0.3928482,6.75125,-7.6722,-33.9392,0.06719971,
2,27.78,2,1.419686,373.3607,-0.5602051,0.3945979,6.75125,-7.6722,-33.9392,0.06719971,
2,27.79,2,1.421634,373.3725,-0.5560409,0.391128,6.75125,-7.6722,-33.9392,0.06719971,
2,27.8,2,1.421299,373.3563,-0.5544379,0.3900924,6.75125,-7.6722,-33.9392,0.06719971,
2,27.81,2,1.424263,373.4038,-0.5548466,0.3895676,6.75125,-7.6722,-33.9392,0.06719971,
2,27.82,2,1.42315,373.3635,-0.555435,0.3902856,6.75125,-7.6722,-33.9392,0.06719971,
2,27.83,2,1.422003,373.3577,-0.5530014,0.3888891,6.75125,-7.6722,-33.9392,0.06719971,
2,27.84,2,1.424202,373.3545,-0.5516127,0.3873134,6.75125,-7.6722,-33.9392,0.06719971,
2,27.85,2,1.426502,373.336,-0.5528175,0.3875337,6.75125,-7.6722,-33.9392,0.06719971,
2,27.86,2,1.428559,373.313,-0.5550128,0.3885123,6.75125,-7.6722,-33.9392,0.06719971,
2,27.87,2,1.433567,373.2926,-0.5548421,0.3870361,6.75125,-7.6722,-33.9392,0.06719971,
2,27.88,2,1.437202,373.2848,-0.5568407,0.3874478,6.75125,-7.6722,-33.9392,0.06719971,
2,27.89,2,1.43702,373.2922,-0.5561607,0.3870235,6.75125,-7.6722,-33.9392,0.06719971,
2,27.9,2,1.433706,373.2882,-0.5542054,0.3865544,6.75125,-7.6722,-33.9392,0.06719971,
2,27.91,2,1.436728,373.2751,-0.5530266,0.3849208,6.75125,-7.6722,-33.9392,0.06719971,
2,27.92,2,1.433539,373.2747,-0.5585188,0.3896084,6.75125,-7.6722,-33.9392,0.06719971,
2,27.93,2,1.432628,373.289,-0.5587979,0.3900509,6.75125,-7.6722,-33.9392,0.06719971,
2,27.94,2,1.432056,373.2701,-0.5559784,0.3882378,6.75125,-7.6722,-33.9392,0.06719971,
2,27.95,2,1.435366,373.2697,-0.556269,0.3875451,6.75125,-7.6722,-33.9392,0.06719971,
2,27.96,2,1.435807,373.2622,-0.5549666,0.386519,6.75125,-7.6722,-33.9392,0.06719971,
2,27.97,2,1.433963,373.2607,-0.55705,0.3884688,6.75125,-7.6722,-33.9392,0.06719971,
2,27.98,2,1.434532,373.2874,-0.5584773,0.3893098,6.7469,-7.6722,-33.9398,0.06779861,
2,27.99,2,1.433686,373.2148,-0.5578388,0.3890942,6.7469,-7.6722,-33.9398,0.06779861,
2,28,2,1.432804,373.2549,-0.5569946,0.3887444,6.7469,-7.6722,-33.9398,0.06779861,
2,28.01,2,1.434154,373.2419,-0.5574042,0.3886641,6.7469,-7.6722,-33.9398,0.06779861,
2,28.02,2,1.434744,373.2503,-0.5584766,0.3892517,6.7469,-7.6722,-33.9398,0.06779861,
2,28.03,2,1.433402,373.2484,-0.559541,0.3903588,6.7469,-7.6722,-33.9398,0.06779861,
2,28.04,2,1.434983,373.2389,-0.5601661,0.3903643,6.7469,-7.6722,-33.9398,0.06779861,
2,28.05,2,1.431219,373.252,-0.559539,0.3909528,6.7469,-7.6722,-33.9398,0.06779861,
2,28.06,2,1.432822,373.2462,-0.5600968,0.3909048,6.7469,-7.6722,-33.9398,0.06779861,
2,28.07,2,1.435106,373.2442,-0.5581465,0.3889235,6.7469,-7.6722,-33.9398,0.06779861,
2,28.08,2,1.435108,373.2241,-0.5593134,0.389736,6.7469,-7.6722,-33.9398,0.06779861,
2,28.09,2,1.437053,373.234,-0.5593129,0.3892083,6.7469,-7.6722,-33.9398,0.06779861,
2,28.1,2,1.439447,373.1958,-0.5620112,0.3904355,6.7469,-7.6722,-33.9398,0.06779861,
2,28.11,2,1.443695,373.2036,-0.5620543,0.3893165,6.7469,-7.6722,-33.9398,0.06779861,
2,28.12,2,1.445131,373.1808,-0.5601568,0.3876167,6.7469,-7.6722,-33.9398,0.06779861,
2,28.13,2,1.445925,373.1789,-0.5601915,0.3874278,6.7469,-7.6722,-33.9398,0.06779861,
2,28.14,2,1.444309,373.1712,-0.5621738,0.3892336,6.7469,-7.6722,-33.9398,0.06779861,
2,28.15,2,1.446743,373.1681,-0.5624679,0.388782,6.7469,-7.6722,-33.9398,0.06779861,
2,28.16,2,1.446507,373.1808,-0.5616171,0.3882575,6.7469,-7.6722,-33.9398,0.06779861,
2,28.17,2,1.444391,373.1676,-0.561381,0.3886627,6.7469,-7.6722,-33.9398,0.06779861,
2,28.18,2,1.448433,373.1673,-0.5625966,0.3884173,6.7469,-7.6722,-33.9398,0.06779861,
2,28.19,2,1.446292,373.1613,-0.560266,0.387381,6.7469,-7.6722,-33.9398,0.06779861,
2,28.2,2,1.445402,373.1563,-0.5596168,0.3871705,6.7469,-7.6722,-33.9398,0.06779861,
2,28.21,2,1.450152,373.1495,-0.5600436,0.3861964,6.7469,-7.6722,-33.9398,0.06779861,
2,28.22,2,1.446601,373.1778,-0.5624192,0.3887868,6.7469,-7.6722,-33.9398,0.06779861,
2,28.23,2,1.444983,373.1521,-0.5615669,0.3886321,6.7469,-7.6722,-33.9398,0.06779861,
2,28.24,2,1.449158,373.149,-0.5615572,0.387506,6.74285,-7.6722,-33.9405,0.0684967,
2,28.25,2,1.446253,373.1382,-0.5614166,0.3881871,6.74285,-7.6722,-33.9405,0.0684967,
2,28.26,2,1.44796,373.1319,-0.5627645,0.3886602,6.74285,-7.6722,-33.9405,0.0684967,
2,28.27,2,1.444389,373.1343,-0.5627326,0.3895992,6.74285,-7.6722,-33.9405,0.0684967,
2,28.28,2,1.44352,373.1292,-0.5635944,0.3904306,6.74285,-7.6722,-33.9405,0.0684967,
2,28.29,2,1.44861,373.1312,-0.5642733,0.3895274,6.74285,-7.6722,-33.9405,0.0684967,
2,28.3,2,1.446622,373.1366,-0.5645419,0.3902483,6.74285,-7.6722,-33.9405,0.0684967,
2,28.31,2,1.443192,373.1314,-0.5633549,0.3903533,6.74285,-7.6722,-33.9405,0.0684967,
2,28.32,2,1.445615,373.127,-0.5649142,0.3907777,6.74285,-7.6722,-33.9405,0.0684967,
2,28.33,2,1.444566,373.1274,-0.5661733,0.3919332,6.74285,-7.6722,-33.9405,0.0684967,
2,28.34,2,1.447242,373.1415,-0.566448,0.3913982,6.74285,-7.6722,-33.9405,0.0684967,
2,28.35,2,1.45442,373.0612,-0.565021,0.3884853,6.74285,-7.6722,-33.9405,0.0684967,
2,28.36,2,1.453741,373.0921,-0.5638392,0.387854,6.74285,-7.6722,-33.9405,0.0684967,
2,28.37,2,1.457564,373.0648,-0.5678661,0.3895996,6.74285,-7.6722,-33.9405,0.0684967,
2,28.38,2,1.459631,373.0691,-0.5689558,0.3897942,6.74285,-7.6722,-33.9405,0.0684967,
2,28.39,2,1.461686,373.0568,-0.5698726,0.3898735,6.74285,-7.6722,-33.9405,0.0684967,
2,28.4,2,1.461154,373.0182,-0.571317,0.391004,6.74285,-7.6722,-33.9405,0.0684967,
2,28.41,2,1.460128,373.0669,-0.5681341,0.3890988,6.74285,-7.6722,-33.9405,0.0684967,
2,28.42,2,1.455973,373.059,-0.5684089,0.3903979,6.74285,-7.6722,-33.9405,0.0684967,
2,28.43,2,1.460754,373.0491,-0.5670438,0.3881857,6.74285,-7.6722,-33.9405,0.0684967,
2,28.44,2,1.45843,373.0493,-0.5686412,0.3898995,6.74285,-7.6722,-33.9405,0.0684967,
2,28.45,2,1.460111,373.0471,-0.5688275,0.3895783,6.74285,-7.6722,-33.9405,0.0684967,
2,28.46,2,1.459857,373.0297,-0.5695664,0.390152,6.73905,-7.6722,-33.9411,0.06909943,
2,28.47,2,1.457981,373.039,-0.5670634,0.3889374,6.73905,-7.6722,-33.9411,0.06909943,
2,28.48,2,1.458291,373.0396,-0.5663754,0.3883829,6.73905,-7.6722,-33.9411,0.06909943,
2,28.49,2,1.459004,373.0328,-0.5662344,0.3880965,6.73905,-7.6722,-33.9411,0.06909943,
2,28.5,2,1.459161,373.0286,-0.5692564,0.3901258,6.73905,-7.6722,-33.9411,0.06909943,
2,28.51,2,1.461237,373.0245,-0.5680586,0.388752,6.73905,-7.6722,-33.9411,0.06909943,
2,28.52,2,1.458824,372.9967,-0.5696274,0.3904702,6.73905,-7.6722,-33.9411,0.06909943,
2,28.53,2,1.457896,373.0317,-0.5704405,0.3912766,6.73905,-7.6722,-33.9411,0.06909943,
2,28.54,2,1.45546,373.0226,-0.5687135,0.390745,6.73905,-7.6722,-33.9411,0.06909943,
2,28.55,2,1.461033,373.0142,-0.5671527,0.3881862,6.73905,-7.6722,-33.9411,0.06909943,
2,28.56,2,1.466491,372.9807,-0.570961,0.3893383,6.73905,-7.6722,-33.9411,0.06909943,
2,28.57,2,1.467165,372.9413,-0.5744883,0.3915634,6.73905,-7.6722,-33.9411,0.06909943,
2,28.58,2,1.471813,372.9403,-0.5725915,0.3890382,6.73905,-7.6722,-33.9411,0.06909943,
2,28.59,2,1.475184,372.9487,-0.5727994,0.3882901,6.73905,-7.6722,-33.9411,0.06909943,
2,28.6,2,1.471647,372.9498,-0.5734631,0.3896745,6.73905,-7.6722,-33.9411,0.06909943,
2,28.61,2,1.47399,372.9585,-0.5718374,0.3879519,6.73905,-7.6722,-33.9411,0.06909943,
2,28.62,2,1.473091,372.9509,-0.5767208,0.3915038,6.73905,-7.6722,-33.9411,0.06909943,
2,28.63,2,1.471301,372.9366,-0.5764679,0.3918083,6.73905,-7.6722,-33.9411,0.06909943,
2,28.64,2,1.471684,372.9424,-0.5775465,0.3924392,6.73905,-7.6722,-33.9411,0.06909943,
2,28.65,2,1.473679,372.9378,-0.5743171,0.3897166,6.73905,-7.6722,-33.9411,0.06909943,
2,28.66,2,1.472106,372.9279,-0.5750427,0.390626,6.73905,-7.6722,-33.9411,0.06909943,
2,28.67,2,1.470937,372.9213,-0.5747034,0.3907058,6.73905,-7.6722,-33.9411,0.06909943,
2,28.68,2,1.474312,372.9221,-0.576184,0.3908156,6.73497,-7.6722,-33.9418,0.06979752,
2,28.69,2,1.471344,372.9351,-0.5761178,0.391559,6.73497,-7.6722,-33.9418,0.06979752,
2,28.7,2,1.471992,372.9092,-0.5759058,0.3912424,6.73497,-7.6722,-33.9418,0.06979752,
2,28.71,2,1.471544,372.9248,-0.5736605,0.3898358,6.73497,-7.6722,-33.9418,0.06979752,
2,28.72,2,1.472337,372.9216,-0.5785253,0.39293,6.73497,-7.6722,-33.9418,0.06979752,
2,28.73,2,1.467942,372.9178,-0.581449,0.3960981,6.73497,-7.6722,-33.9418,0.06979752,
2,28.74,2,1.473501,372.9164,-0.5773645,0.3918318,6.73497,-7.6722,-33.9418,0.06979752,
2,28.75,2,1.473199,372.9062,-0.5774457,0.3919674,6.73497,-7.6722,-33.9418,0.06979752,
2,28.76,2,1.472938,372.897,-0.5741617,0.389807,6.73497,-7.6722,-33.9418,0.06979752,
2,28.77,2,1.473184,372.9112,-0.5727273,0.3887682,6.73497,-7.6722,-33.9418,0.06979752,
2,28.78,2,1.470229,372.9055,-0.5731966,0.389869,6.73497,-7.6722,-33.9418,0.06979752,
2,28.79,2,1.475122,372.8942,-0.5744569,0.3894302,6.73497,-7.6722,-33.9418,0.06979752,
2,28.8,2,1.480281,372.8754,-0.5743697,0.388014,6.73497,-7.6722,-33.9418,0.06979752,
2,28.81,2,1.479762,372.835,-0.5807709,0.3924759,6.73497,-7.6722,-33.9418,0.06979752,
2,28.82,2,1.483162,372.8338,-0.5793166,0.3905956,6.73497,-7.6722,-33.9418,0.06979752,
2,28.83,2,1.484537,372.8416,-0.5773335,0.388898,6.73497,-7.6722,-33.9418,0.06979752,
2,28.84,2,1.481991,372.8466,-0.5787123,0.3904966,6.73497,-7.6722,-33.9418,0.06979752,
2,28.85,2,1.48513,372.8329,-0.5801796,0.3906591,6.73497,-7.6722,-33.9418,0.06979752,
2,28.86,2,1.485048,372.8327,-0.5806016,0.3909647,6.73497,-7.6722,-33.9418,0.06979752,
2,28.87,2,1.479832,372.8453,-0.580647,0.3923735,6.73497,-7.6722,-33.9418,0.06979752,
2,28.88,2,1.484449,372.825,-0.5813048,0.3915963,6.73497,-7.6722,-33.9418,0.06979752,
2,28.89,2,1.485656,372.8259,-0.5796642,0.3901738,6.73497,-7.6722,-33.9418,0.06979752,
2,28.9,2,1.482617,372.8229,-0.5855358,0.3949339,6.73497,-7.6722,-33.9418,0.06979752,
2,28.91,2,1.485105,372.8159,-0.5870158,0.3952689,6.73497,-7.6722,-33.9418,0.06979752,
2,28.92,2,1.483444,372.8257,-0.5798392,0.3908736,6.73497,-7.6722,-33.9418,0.06979752,
2,28.93,2,1.481634,372.7835,-0.5805281,0.3918161,6.7309,-7.6722,-33.9424,0.07040024,
2,28.94,2,1.484753,372.8245,-0.5812964,0.3915105,6.7309,-7.6722,-33.9424,0.07040024,
2,28.95,2,1.48491,372.8179,-0.5787945,0.3897841,6.7309,-7.6722,-33.9424,0.07040024,
2,28.96,2,1.483407,372.8187,-0.581131,0.3917543,6.7309,-7.6722,-33.9424,0.07040024,
2,28.97,2,1.484573,372.7819,-0.5791889,0.3901384,6.7309,-7.6722,-33.9424,0.07040024,
2,28.98,2,1.482181,372.821,-0.5794689,0.390957,6.7309,-7.6722,-33.9424,0.07040024,
2,28.99,2,1.482803,372.8114,-0.5806384,0.3915815,6.7309,-7.6722,-33.9424,0.07040024,
2,29,2,1.484972,372.8112,-0.5804604,0.3908897,6.7309,-7.6722,-33.9424,0.07040024,
2,29.01,2,1.482487,372.8022,-0.5808053,0.3917776,6.7309,-7.6722,-33.9424,0.07040024,
2,29.02,2,1.481839,372.8003,-0.5801917,0.391535,6.7309,-7.6722,-33.9424,0.07040024,
2,29.03,2,1.485081,372.7906,-0.5794406,0.3901744,6.7309,-7.6722,-33.9424,0.07040024,
2,29.04,2,1.487973,372.7515,-0.5818383,0.3910274,6.7309,-7.6722,-33.9424,0.07040024,
2,29.05,2,1.49415,372.7654,-0.5819557,0.3894894,6.7309,-7.6722,-33.9424,0.07040024,
2,29.06,2,1.497558,372.7472,-0.580668,0.3877432,6.7309,-7.6722,-33.9424,0.07040024,
2,29.07,2,1.494185,372.7333,-0.5803761,0.3884231,6.7309,-7.6722,-33.9424,0.07040024,
2,29.08,2,1.495231,372.7235,-0.5818226,0.3891188,6.7309,-7.6722,-33.9424,0.07040024,
2,29.09,2,1.500003,372.7256,-0.5817819,0.3878539,6.7309,-7.6722,-33.9424,0.07040024,
2,29.1,2,1.49597,372.7334,-0.5857726,0.391567,6.7309,-7.6722,-33.9424,0.07040024,
2,29.11,2,1.49299,372.7486,-0.5865502,0.3928696,6.7309,-7.6722,-33.9424,0.07040024,
2,29.12,2,1.496047,372.719,-0.5842057,0.3904994,6.7309,-7.6722,-33.9424,0.07040024,
2,29.13,2,1.496041,372.7228,-0.5825346,0.389384,6.7309,-7.6722,-33.9424,0.07040024,
2,29.14,2,1.495843,372.7104,-0.5849971,0.3910818,6.7271,-7.6722,-33.943,0.07099915,
2,29.15,2,1.492795,372.7051,-0.5857155,0.3923617,6.7271,-7.6722,-33.943,0.07099915,
2,29.16,2,1.496324,372.7404,-0.584295,0.390487,6.7271,-7.6722,-33.943,0.07099915,
2,29.17,2,1.49548,372.7114,-0.5853534,0.391415,6.7271,-7.6722,-33.943,0.07099915,
2,29.18,2,1.49508,372.6973,-0.5845098,0.3909555,6.7271,-7.6722,-33.943,0.07099915,
2,29.19,2,1.489906,372.7014,-0.58441,0.3922463,6.7271,-7.6722,-33.943,0.07099915,
2,29.2,2,1.494118,372.6909,-0.5853808,0.3917901,6.7271,-7.6722,-33.943,0.07099915,
2,29.21,2,1.494833,372.6956,-0.5859334,0.3919725,6.7271,-7.6722,-33.943,0.07099915,
2,29.22,2,1.49247,372.6954,-0.5870572,0.3933461,6.7271,-7.6722,-33.943,0.07099915,
2,29.23,2,1.495253,372.6784,-0.5872365,0.3927339,6.7271,-7.6722,-33.943,0.07099915,
2,29.24,2,1.492293,372.6895,-0.5852702,0.3921954,6.7271,-7.6722,-33.943,0.07099915,
2,29.25,2,1.4949,372.6855,-0.5840459,0.3906921,6.7271,-7.6722,-33.943,0.07099915,
2,29.26,2,1.501051,372.6745,-0.5843886,0.3893196,6.7271,-7.6722,-33.943,0.07099915,
2,29.27,2,1.500252,372.6472,-0.5875071,0.3916057,6.7271,-7.6722,-33.943,0.07099915,
2,29.28,2,1.509939,372.5928,-0.5888422,0.3899775,6.7271,-7.6722,-33.943,0.07099915,
2,29.29,2,1.511432,372.6212,-0.587718,0.3888485,6.7271,-7.6722,-33.943,0.07099915,
2,29.3,2,1.501462,372.6262,-0.5871104,0.3910258,6.7271,-7.6722,-33.943,0.07099915,
2,29.31,2,1.505961,372.6113,-0.5873205,0.3899973,6.7271,-7.6722,-33.943,0.07099915,
2,29.32,2,1.511278,372.6191,-0.5863276,0.387968,6.7271,-7.6722,-33.943,0.07099915,
2,29.33,2,1.50697,372.618,-0.5897811,0.3913687,6.7271,-7.6722,-33.943,0.07099915,
2,29.34,2,1.507054,372.6071,-0.5899366,0.3914503,6.7271,-7.6722,-33.943,0.07099915,
2,29.35,2,1.506721,372.6166,-0.5884733,0.3905656,6.7271,-7.6722,-33.943,0.07099915,
2,29.36,2,1.50733,372.6038,-0.5862514,0.3889336,6.7271,-7.6722,-33.943,0.07099915,
2,29.37,2,1.508714,372.6047,-0.5859893,0.3884031,6.7271,-7.6722,-33.943,0.07099915,
2,29.38,2,1.503513,372.6045,-0.5841621,0.3885315,6.72358,-7.6722,-33.9436,0.07159805,
2,29.39,2,1.502832,372.6004,-0.5876963,0.3910592,6.72358,-7.6722,-33.9436,0.07159805,
2,29.4,2,1.507154,372.5899,-0.5904312,0.3917524,6.72358,-7.6722,-33.9436,0.07159805,
2,29.41,2,1.505409,372.6057,-0.5876514,0.3903601,6.72358,-7.6722,-33.9436,0.07159805,
2,29.42,2,1.506504,372.5807,-0.5885733,0.3906882,6.72358,-7.6722,-33.9436,0.07159805,
2,29.43,2,1.507936,372.5892,-0.5900478,0.391295,6.72358,-7.6722,-33.9436,0.07159805,
2,29.44,2,1.504084,372.5797,-0.5912604,0.3931032,6.72358,-7.6722,-33.9436,0.07159805,
2,29.45,2,1.50571,372.5781,-0.5908468,0.3924042,6.72358,-7.6722,-33.9436,0.07159805,
2,29.46,2,1.507715,372.58,-0.5909879,0.3919759,6.72358,-7.6722,-33.9436,0.07159805,
2,29.47,2,1.504302,372.5802,-0.5905547,0.3925772,6.72358,-7.6722,-33.9436,0.07159805,
2,29.48,2,1.505988,372.5755,-0.5901987,0.3919013,6.72358,-7.6722,-33.9436,0.07159805,
2,29.49,2,1.510921,372.5689,-0.5897338,0.3903142,6.72358,-7.6722,-33.9436,0.07159805,
2,29.5,2,1.516291,372.5567,-0.591116,0.3898435,6.72358,-7.6722,-33.9436,0.07159805,
2,29.51,2,1.514658,372.526,-0.5929571,0.3914791,6.72358,-7.6722,-33.9436,0.07159805,
2,29.52,2,1.515129,372.5728,-0.5944818,0.3923638,6.72358,-7.6722,-33.9436,0.07159805,
2,29.53,2,1.517318,372.5186,-0.5923945,0.3904221,6.72358,-7.6722,-33.9436,0.07159805,
2,29.54,2,1.524478,372.4892,-0.5927746,0.3888378,6.72358,-7.6722,-33.9436,0.07159805,
2,29.55,2,1.519497,372.5064,-0.5935692,0.3906352,6.72358,-7.6722,-33.9436,0.07159805,
2,29.56,2,1.517806,372.5095,-0.5976049,0.3937294,6.72358,-7.6722,-33.9436,0.07159805,
2,29.57,2,1.52186,372.5007,-0.5951638,0.3910766,6.72358,-7.6722,-33.9436,0.07159805,
2,29.58,2,1.523166,372.5202,-0.5956883,0.3910855,6.72358,-7.6722,-33.9436,0.07159805,
2,29.59,2,1.519931,372.4951,-0.5970741,0.3928297,6.72358,-7.6722,-33.9436,0.07159805,
2,29.6,2,1.518108,372.4979,-0.5961801,0.3927125,6.72358,-7.6722,-33.9436,0.07159805,
2,29.61,2,1.519353,372.4878,-0.5912768,0.3891636,6.72358,-7.6722,-33.9436,0.07159805,
2,29.62,2,1.522126,372.4882,-0.5935286,0.3899339,6.72358,-7.6722,-33.9436,0.07159805,
2,29.63,2,1.516343,372.5042,-0.595241,0.3925503,6.72358,-7.6722,-33.9436,0.07159805,
2,29.64,2,1.518013,372.4939,-0.5968675,0.3931899,6.71898,-7.6722,-33.9443,0.07229996,
2,29.65,2,1.521475,372.4702,-0.5937375,0.3902382,6.71898,-7.6722,-33.9443,0.07229996,
2,29.66,2,1.519224,372.478,-0.5930922,0.3903916,6.71898,-7.6722,-33.9443,0.07229996,
2,29.67,2,1.519041,372.4756,-0.5926521,0.3901489,6.71898,-7.6722,-33.9443,0.07229996,
2,29.68,2,1.518455,372.4736,-0.5952941,0.3920395,6.71898,-7.6722,-33.9443,0.07229996,
2,29.69,2,1.518867,372.4646,-0.5964506,0.3926944,6.71898,-7.6722,-33.9443,0.07229996,
2,29.7,2,1.519512,372.4629,-0.5938702,0.3908297,6.71898,-7.6722,-33.9443,0.07229996,
2,29.71,2,1.517177,372.4622,-0.5953864,0.3924305,6.71898,-7.6722,-33.9443,0.07229996,
2,29.72,2,1.51766,372.4564,-0.5976595,0.3938031,6.71898,-7.6722,-33.9443,0.07229996,
2,29.73,2,1.52055,372.4547,-0.5986223,0.3936878,6.71898,-7.6722,-33.9443,0.07229996,
2,29.74,2,1.518289,372.4586,-0.5991507,0.3946223,6.71898,-7.6722,-33.9443,0.07229996,
2,29.75,2,1.518052,372.4534,-0.5984613,0.3942299,6.71898,-7.6722,-33.9443,0.07229996,
2,29.76,2,1.52234,372.4363,-0.5984164,0.3930898,6.71898,-7.6722,-33.9443,0.07229996,
2,29.77,2,1.523137,372.4385,-0.5973722,0.3921986,6.71898,-7.6722,-33.9443,0.07229996,
2,29.78,2,1.526873,372.4016,-0.599318,0.3925133,6.71898,-7.6722,-33.9443,0.07229996,
2,29.79,2,1.530069,372.3976,-0.598941,0.391447,6.71898,-7.6722,-33.9443,0.07229996,
2,29.8,2,1.533344,372.3903,-0.603487,0.3935758,6.71898,-7.6722,-33.9443,0.07229996,
2,29.81,2,1.531106,372.3796,-0.6053983,0.3953995,6.71898,-7.6722,-33.9443,0.07229996,
2,29.82,2,1.530876,372.396,-0.6019645,0.3932157,6.71898,-7.6722,-33.9443,0.07229996,
2,29.83,2,1.531143,372.39,-0.6006911,0.3923156,6.71898,-7.6722,-33.9443,0.07229996,
2,29.84,2,1.531757,372.3793,-0.6015539,0.3927215,6.71898,-7.6722,-33.9443,0.07229996,
2,29.85,2,1.530703,372.3888,-0.6011292,0.3927144,6.71898,-7.6722,-33.9443,0.07229996,
2,29.86,2,1.530356,372.3876,-0.602689,0.3938227,6.71898,-7.6722,-33.9443,0.07229996,
2,29.87,2,1.532295,372.3864,-0.6034122,0.3937964,6.71898,-7.6722,-33.9443,0.07229996,
2,29.88,2,1.530644,372.3871,-0.6023912,0.3935541,6.71435,-7.6722,-33.9449,0.07289886,
2,29.89,2,1.532782,372.3662,-0.5993149,0.3909981,6.71435,-7.6722,-33.9449,0.07289886,
2,29.9,2,1.533298,372.3696,-0.6017861,0.3924781,6.71435,-7.6722,-33.9449,0.07289886,
2,29.91,2,1.533524,372.3692,-0.6016632,0.3923401,6.71435,-7.6722,-33.9449,0.07289886,
2,29.92,2,1.531418,372.3636,-0.6037325,0.394231,6.71435,-7.6722,-33.9449,0.07289886,
2,29.93,2,1.52893,372.3742,-0.6015364,0.3934362,6.71435,-7.6722,-33.9449,0.07289886,
2,29.94,2,1.529773,372.3577,-0.6000079,0.3922201,6.71435,-7.6722,-33.9449,0.07289886,
2,29.95,2,1.531717,372.3635,-0.5980757,0.3904609,6.71435,-7.6722,-33.9449,0.07289886,
2,29.96,2,1.531081,372.3654,-0.6001976,0.392009,6.71435,-7.6722,-33.9449,0.07289886,
2,29.97,2,1.53063,372.3472,-0.6010688,0.3926937,6.71435,-7.6722,-33.9449,0.07289886,
2,29.98,2,1.531982,372.3524,-0.6020154,0.392965,6.71435,-7.6722,-33.9449,0.07289886,
2,29.99,2,1.537273,372.3429,-0.600804,0.3908245,6.71435,-7.6722,-33.9449,0.07289886,
2,30,2,1.537531,372.3087,-0.6014565,0.3911834,6.71435,-7.6722,-33.9449,0.07289886,
2,30.01,2,1.538893,372.2984,-0.6021398,0.3912812,6.71435,-7.6722,-33.9449,0.07289886,
2,30.02,2,1.542667,372.2848,-0.6036955,0.3913323,6.71435,-7.6722,-33.9449,0.07289886,
2,30.03,2,1.542732,372.2901,-0.6066869,0.3932548,6.71435,-7.6722,-33.9449,0.07289886,
2,30.04,2,1.542862,372.2838,-0.6088445,0.3946203,6.71435,-7.6722,-33.9449,0.07289886,
2,30.05,2,1.54507,372.2635,-0.6083774,0.393754,6.71435,-7.6722,-33.9449,0.07289886,
2,30.06,2,1.542777,372.2845,-0.6085367,0.3944423,6.71435,-7.6722,-33.9449,0.07289886,
2,30.07,2,1.539648,372.2842,-0.6057444,0.3934304,6.71435,-7.6722,-33.9449,0.07289886,
2,30.08,2,1.544312,372.2777,-0.6085624,0.3940669,6.71435,-7.6722,-33.9449,0.07289886,
2,30.09,2,1.544215,372.2789,-0.6082585,0.393895,6.71435,-7.6722,-33.9449,0.07289886,
2,30.1,2,1.542991,372.2727,-0.6075972,0.3937787,6.71435,-7.6722,-33.9449,0.07289886,
2,30.11,2,1.545103,372.2241,-0.6088175,0.3940303,6.71435,-7.6722,-33.9449,0.07289886,
2,30.12,2,1.54224,372.2874,-0.6072514,0.3937465,6.71435,-7.6722,-33.9449,0.07289886,
2,30.13,2,1.545128,372.2615,-0.6057454,0.3920356,6.71435,-7.6722,-33.9449,0.07289886,
2,30.14,2,1.545502,372.2787,-0.6059132,0.3920495,6.71435,-7.6722,-33.9449,0.07289886,
2,30.15,2,1.542883,372.2521,-0.60664,0.393186,6.71058,-7.6722,-33.9456,0.07359695,
2,30.16,2,1.542139,372.2523,-0.6097439,0.3953884,6.71058,-7.6722,-33.9456,0.07359695,
2,30.17,2,1.542914,372.2106,-0.6086709,0.3944945,6.71058,-7.6722,-33.9456,0.07359695,
2,30.18,2,1.543942,372.2545,-0.6062499,0.3926637,6.71058,-7.6722,-33.9456,0.07359695,
2,30.19,2,1.543625,372.2484,-0.6069868,0.3932217,6.71058,-7.6722,-33.9456,0.07359695,
2,30.2,2,1.541776,372.2525,-0.607189,0.3938244,6.71058,-7.6722,-33.9456,0.07359695,
2,30.21,2,1.540802,372.2388,-0.6065548,0.3936618,6.71058,-7.6722,-33.9456,0.07359695,
2,30.22,2,1.542307,372.2357,-0.6085875,0.3945956,6.71058,-7.6722,-33.9456,0.07359695,
2,30.23,2,1.548143,372.2262,-0.6114049,0.3949279,6.71058,-7.6722,-33.9456,0.07359695,
2,30.24,2,1.549051,372.2077,-0.6091455,0.3932378,6.71058,-7.6722,-33.9456,0.07359695,
2,30.25,2,1.549572,372.1938,-0.6075646,0.3920855,6.71058,-7.6722,-33.9456,0.07359695,
2,30.26,2,1.55602,372.1851,-0.6087149,0.3911998,6.71058,-7.6722,-33.9456,0.07359695,
2,30.27,2,1.559014,372.1829,-0.6088303,0.3905227,6.71058,-7.6722,-33.9456,0.07359695,
2,30.28,2,1.554627,372.1858,-0.6135906,0.3946868,6.71058,-7.6722,-33.9456,0.07359695,
2,30.29,2,1.555654,372.1666,-0.6144877,0.3950029,6.71058,-7.6722,-33.9456,0.07359695,
2,30.3,2,1.557262,372.1738,-0.6125056,0.3933221,6.71058,-7.6722,-33.9456,0.07359695,
2,30.31,2,1.553392,372.17,-0.6160089,0.3965572,6.71058,-7.6722,-33.9456,0.07359695,
2,30.32,2,1.553885,372.1711,-0.6131254,0.3945759,6.71058,-7.6722,-33.9456,0.07359695,
2,30.33,2,1.559578,372.1683,-0.6116834,0.3922108,6.71058,-7.6722,-33.9456,0.07359695,
2,30.34,2,1.55409,372.1561,-0.6144547,0.395379,6.71058,-7.6722,-33.9456,0.07359695,
2,30.35,2,1.548859,372.1904,-0.6176077,0.3987502,6.71058,-7.6722,-33.9456,0.07359695,
2,30.36,2,1.555729,372.1445,-0.6160189,0.3959679,6.7065,-7.6722,-33.9462,0.07419968,
2,30.37,2,1.557388,372.1537,-0.6163684,0.3957706,6.7065,-7.6722,-33.9462,0.07419968,
2,30.38,2,1.552412,372.1495,-0.614341,0.3957332,6.7065,-7.6722,-33.9462,0.07419968,
2,30.39,2,1.551627,372.1486,-0.6175863,0.3980249,6.7065,-7.6722,-33.9462,0.07419968,
2,30.4,2,1.554827,372.1498,-0.6176932,0.3972746,6.7065,-7.6722,-33.9462,0.07419968,
2,30.41,2,1.554672,372.1389,-0.6149955,0.395579,6.7065,-7.6722,-33.9462,0.07419968,
2,30.42,2,1.556349,372.1403,-0.6134375,0.3941515,6.7065,-7.6722,-33.9462,0.07419968,
2,30.43,2,1.556897,372.138,-0.615114,0.3950897,6.7065,-7.6722,-33.9462,0.07419968,
2,30.44,2,1.551305,372.1418,-0.6146393,0.3962078,6.7065,-7.6722,-33.9462,0.07419968,
2,30.45,2,1.556048,372.1227,-0.6164544,0.3961667,6.7065,-7.6722,-33.9462,0.07419968,
2,30.46,2,1.557735,372.1199,-0.6148942,0.394736,6.7065,-7.6722,-33.9462,0.07419968,
2,30.47,2,1.555367,372.1087,-0.614796,0.395274,6.7065,-7.6722,-33.9462,0.07419968,
2,30.48,2,1.557466,372.1231,-0.6144232,0.3945017,6.7065,-7.6722,-33.9462,0.07419968,
2,30.49,2,1.559706,372.106,-0.613623,0.3934222,6.7065,-7.6722,-33.9462,0.07419968,
2,30.5,2,1.562298,372.0867,-0.6150589,0.3936885,6.7065,-7.6722,-33.9462,0.07419968,
2,30.51,2,1.567178,372.0728,-0.6174262,0.3939734,6.7065,-7.6722,-33.9462,0.07419968,
2,30.52,2,1.566002,372.0631,-0.6167477,0.3938358,6.7065,-7.6722,-33.9462,0.07419968,
2,30.53,2,1.569366,372.0565,-0.6167059,0.392965,6.7065,-7.6722,-33.9462,0.07419968,
2,30.54,2,1.568138,372.0538,-0.6148604,0.3920958,6.7065,-7.6722,-33.9462,0.07419968,
2,30.55,2,1.564247,372.0516,-0.6175743,0.394806,6.7065,-7.6722,-33.9462,0.07419968,
2,30.56,2,1.56708,372.0546,-0.6197888,0.3955055,6.7065,-7.6722,-33.9462,0.07419968,
2,30.57,2,1.569795,372.0464,-0.6182957,0.3938704,6.7065,-7.6722,-33.9462,0.07419968,
2,30.58,2,1.566657,372.0241,-0.6202508,0.3959073,6.7065,-7.6722,-33.9462,0.07419968,
2,30.59,2,1.567469,372.0359,-0.6192584,0.395069,6.7065,-7.6722,-33.9462,0.07419968,
2,30.6,2,1.56984,372.0366,-0.6162724,0.3925702,6.7065,-7.6722,-33.9462,0.07419968,
2,30.61,2,1.567902,372.0313,-0.6185063,0.3944803,6.70215,-7.6722,-33.9468,0.07479858,
2,30.62,2,1.566995,372.0304,-0.6199615,0.3956372,6.70215,-7.6722,-33.9468,0.07479858,
2,30.63,2,1.56724,372.0403,-0.6217825,0.3967374,6.70215,-7.6722,-33.9468,0.07479858,
2,30.64,2,1.567335,372.0295,-0.6233369,0.397705,6.70215,-7.6722,-33.9468,0.07479858,
2,30.65,2,1.567323,372.021,-0.6203479,0.3958008,6.70215,-7.6722,-33.9468,0.07479858,
2,30.66,2,1.568393,372.0248,-0.6194668,0.3949691,6.70215,-7.6722,-33.9468,0.07479858,
2,30.67,2,1.565278,372.0159,-0.6217511,0.3972145,6.70215,-7.6722,-33.9468,0.07479858,
2,30.68,2,1.567627,372.0133,-0.6236623,0.3978385,6.70215,-7.6722,-33.9468,0.07479858,
2,30.69,2,1.568259,372.0146,-0.6226607,0.3970394,6.70215,-7.6722,-33.9468,0.07479858,
2,30.7,2,1.566395,371.9698,-0.6241751,0.3984787,6.70215,-7.6722,-33.9468,0.07479858,
2,30.71,2,1.567913,372.0236,-0.6226574,0.397125,6.70215,-7.6722,-33.9468,0.07479858,
2,30.72,2,1.569023,372.0006,-0.6226501,0.3968392,6.70215,-7.6722,-33.9468,0.07479858,
2,30.73,2,1.573121,372.0002,-0.6239637,0.3966407,6.70215,-7.6722,-33.9468,0.07479858,
2,30.74,2,1.572798,371.9865,-0.6238221,0.396632,6.70215,-7.6722,-33.9468,0.07479858,
2,30.75,2,1.577811,371.9608,-0.6236826,0.3952833,6.70215,-7.6722,-33.9468,0.07479858,
2,30.76,2,1.582463,371.9919,-0.6254463,0.3952361,6.70215,-7.6722,-33.9468,0.07479858,
2,30.77,2,1.579804,371.9552,-0.6240404,0.3950113,6.70215,-7.6722,-33.9468,0.07479858,
2,30.78,2,1.579193,371.9487,-0.6236194,0.3948976,6.70215,-7.6722,-33.9468,0.07479858,
2,30.79,2,1.584761,371.9461,-0.6243739,0.393986,6.70215,-7.6722,-33.9468,0.07479858,
2,30.8,2,1.582017,371.9392,-0.6263038,0.3958894,6.70215,-7.6722,-33.9468,0.07479858,
2,30.81,2,1.579159,371.9338,-0.6259421,0.3963767,6.70215,-7.6722,-33.9468,0.07479858,
2,30.82,2,1.577628,371.9315,-0.6258757,0.3967194,6.70215,-7.6722,-33.9468,0.07479858,
2,30.83,2,1.582512,371.9286,-0.6232827,0.3938566,6.70215,-7.6722,-33.9468,0.07479858,
2,30.84,2,1.581356,371.9268,-0.6208919,0.3926325,6.6981,-7.6722,-33.9475,0.07549667,
2,30.85,2,1.575921,371.9256,-0.6233048,0.3955178,6.6981,-7.6722,-33.9475,0.07549667,
2,30.86,2,1.578522,371.9201,-0.6265862,0.3969448,6.6981,-7.6722,-33.9475,0.07549667,
2,30.87,2,1.581243,371.9115,-0.6244574,0.3949156,6.6981,-7.6722,-33.9475,0.07549667,
2,30.88,2,1.580424,371.9415,-0.6251613,0.3955656,6.6981,-7.6722,-33.9475,0.07549667,
2,30.89,2,1.581466,371.914,-0.6260008,0.3958357,6.6981,-7.6722,-33.9475,0.07549667,
2,30.9,2,1.578398,371.8999,-0.6255224,0.396302,6.6981,-7.6722,-33.9475,0.07549667,
2,30.91,2,1.574779,371.9119,-0.6283157,0.3989865,6.6981,-7.6722,-33.9475,0.07549667,
2,30.92,2,1.580613,371.8986,-0.6271645,0.3967855,6.6981,-7.6722,-33.9475,0.07549667,
2,30.93,2,1.583912,371.9373,-0.6257694,0.3950784,6.6981,-7.6722,-33.9475,0.07549667,
2,30.94,2,1.574277,371.9017,-0.6298595,0.4000944,6.6981,-7.6722,-33.9475,0.07549667,
2,30.95,2,1.576285,371.894,-0.6290212,0.399053,6.6981,-7.6722,-33.9475,0.07549667,
2,30.96,2,1.584495,371.8948,-0.6270075,0.3957145,6.6981,-7.6722,-33.9475,0.07549667,
2,30.97,2,1.584141,371.8828,-0.6299725,0.3976746,6.6981,-7.6722,-33.9475,0.07549667,
2,30.98,2,1.585653,371.8396,-0.6281515,0.396147,6.6981,-7.6722,-33.9475,0.07549667,
2,30.99,2,1.592874,371.8271,-0.6308049,0.3960168,6.6981,-7.6722,-33.9475,0.07549667,
2,31,2,1.595218,371.834,-0.6315945,0.3959298,6.6981,-7.6722,-33.9475,0.07549667,
2,31.01,2,1.589474,371.8373,-0.6319464,0.397582,6.6981,-7.6722,-33.9475,0.07549667,
2,31.02,2,1.593274,371.8335,-0.6313914,0.3962855,6.6981,-7.6722,-33.9475,0.07549667,
2,31.03,2,1.59266,371.8269,-0.633284,0.3976266,6.6981,-7.6722,-33.9475,0.07549667,
2,31.04,2,1.589235,371.8347,-0.6344902,0.3992425,6.6981,-7.6722,-33.9475,0.07549667,
2,31.05,2,1.588728,371.8091,-0.6311259,0.3972523,6.6981,-7.6722,-33.9475,0.07549667,
2,31.06,2,1.591382,371.8409,-0.6308221,0.3963991,6.6981,-7.6722,-33.9475,0.07549667,
2,31.07,2,1.590593,371.8179,-0.6295463,0.3957936,6.69455,-7.6722,-33.9481,0.0760994,
2,31.08,2,1.592586,371.8098,-0.6280339,0.3943484,6.69455,-7.6722,-33.9481,0.0760994,
2,31.09,2,1.592708,371.8122,-0.6294982,0.3952377,6.69455,-7.6722,-33.9481,0.0760994,
2,31.1,2,1.593292,371.7983,-0.6320152,0.3966725,6.69455,-7.6722,-33.9481,0.0760994,
2,31.11,2,1.59167,371.8167,-0.6307745,0.3962972,6.69455,-7.6722,-33.9481,0.0760994,
2,31.12,2,1.588172,371.8146,-0.6321441,0.3980325,6.69455,-7.6722,-33.9481,0.0760994,
2,31.13,2,1.588844,371.8038,-0.6335889,0.3987736,6.69455,-7.6722,-33.9481,0.0760994,
2,31.14,2,1.591006,371.7975,-0.6372383,0.4005253,6.69455,-7.6722,-33.9481,0.0760994,
2,31.15,2,1.591057,371.7903,-0.6397311,0.4020794,6.69455,-7.6722,-33.9481,0.0760994,
2,31.16,2,1.586327,371.7802,-0.6380638,0.4022272,6.69455,-7.6722,-33.9481,0.0760994,
2,31.17,2,1.589535,371.813,-0.6366698,0.4005383,6.69455,-7.6722,-33.9481,0.0760994,
2,31.18,2,1.590858,371.8026,-0.6405274,0.40263,6.69455,-7.6722,-33.9481,0.0760994,
2,31.19,2,1.595696,371.7834,-0.6395565,0.4008011,6.69455,-7.6722,-33.9481,0.0760994,
2,31.2,2,1.59475,371.7504,-0.6387535,0.4005351,6.69455,-7.6722,-33.9481,0.0760994,
2,31.21,2,1.600058,371.7366,-0.6466106,0.4041169,6.69455,-7.6722,-33.9481,0.0760994,
2,31.22,2,1.601978,371.7238,-0.6478261,0.4043914,6.69455,-7.6722,-33.9481,0.0760994,
2,31.23,2,1.601818,371.7215,-0.6482364,0.4046878,6.69455,-7.6722,-33.9481,0.0760994,
2,31.24,2,1.602715,371.7253,-0.647525,0.4040175,6.69455,-7.6722,-33.9481,0.0760994,
2,31.25,2,1.60176,371.7195,-0.6439053,0.4019987,6.69455,-7.6722,-33.9481,0.0760994,
2,31.26,2,1.604,371.7207,-0.6432407,0.4010228,6.69455,-7.6722,-33.9481,0.0760994,
2,31.27,2,1.602056,371.7255,-0.6460782,0.4032807,6.69455,-7.6722,-33.9481,0.0760994,
2,31.28,2,1.602364,371.711,-0.6476036,0.4041552,6.69455,-7.6722,-33.9481,0.0760994,
2,31.29,2,1.603515,371.7344,-0.6494873,0.4050397,6.69455,-7.6722,-33.9481,0.0760994,
2,31.3,2,1.600451,371.7075,-0.6471009,0.4043241,6.69455,-7.6722,-33.9481,0.0760994,
2,31.31,2,1.602981,371.7064,-0.6460494,0.40303,6.69455,-7.6722,-33.9481,0.0760994,
2,31.32,2,1.601072,371.6853,-0.645719,0.403304,6.69023,-7.6722,-33.9488,0.07679749,
2,31.33,2,1.602134,371.7046,-0.6468495,0.4037424,6.69023,-7.6722,-33.9488,0.07679749,
2,31.34,2,1.603011,371.6827,-0.646368,0.4032213,6.69023,-7.6722,-33.9488,0.07679749,
2,31.35,2,1.601124,371.6849,-0.6508919,0.4065218,6.69023,-7.6722,-33.9488,0.07679749,
2,31.36,2,1.60093,371.6901,-0.6488892,0.4053202,6.69023,-7.6722,-33.9488,0.07679749,
2,31.37,2,1.600566,371.698,-0.6467196,0.4040568,6.69023,-7.6722,-33.9488,0.07679749,
2,31.38,2,1.607691,371.6822,-0.6440388,0.4005987,6.69023,-7.6722,-33.9488,0.07679749,
2,31.39,2,1.603552,371.679,-0.6462697,0.403024,6.69023,-7.6722,-33.9488,0.07679749,
2,31.4,2,1.595138,371.6991,-0.6482086,0.4063652,6.69023,-7.6722,-33.9488,0.07679749,
2,31.41,2,1.60511,371.6554,-0.6444728,0.4015131,6.69023,-7.6722,-33.9488,0.07679749,
2,31.42,2,1.603278,371.6803,-0.6450325,0.4023211,6.69023,-7.6722,-33.9488,0.07679749,
2,31.43,2,1.602678,371.6714,-0.6473245,0.4039018,6.69023,-7.6722,-33.9488,0.07679749,
2,31.44,2,1.607902,371.6418,-0.6472403,0.4025372,6.69023,-7.6722,-33.9488,0.07679749,
2,31.45,2,1.612774,371.6282,-0.6496156,0.402794,6.69023,-7.6722,-33.9488,0.07679749,
2,31.46,2,1.618045,371.6135,-0.6523353,0.4031627,6.69023,-7.6722,-33.9488,0.07679749,
2,31.47,2,1.615974,371.6001,-0.652627,0.4038598,6.69023,-7.6722,-33.9488,0.07679749,
2,31.48,2,1.611585,371.6154,-0.6518682,0.4044889,6.69023,-7.6722,-33.9488,0.07679749,
2,31.49,2,1.615045,371.6089,-0.6515067,0.4033984,6.69023,-7.6722,-33.9488,0.07679749,
2,31.5,2,1.615608,371.6154,-0.6451095,0.3992983,6.69023,-7.6722,-33.9488,0.07679749,
2,31.51,2,1.614263,371.5979,-0.6501797,0.4027719,6.69023,-7.6722,-33.9488,0.07679749,
2,31.52,2,1.616468,371.5918,-0.6540337,0.4046066,6.69023,-7.6722,-33.9488,0.07679749,
2,31.53,2,1.613415,371.577,-0.6543339,0.4055582,6.69023,-7.6722,-33.9488,0.07679749,
2,31.54,2,1.617293,371.5852,-0.6525441,0.4034792,6.69023,-7.6722,-33.9488,0.07679749,
2,31.55,2,1.614728,371.5912,-0.6522814,0.4039573,6.69023,-7.6722,-33.9488,0.07679749,
2,31.56,2,1.611008,371.5878,-0.6536949,0.4057676,6.69023,-7.6722,-33.9488,0.07679749,
2,31.57,2,1.615135,371.5805,-0.652789,0.4041699,6.69023,-7.6722,-33.9488,0.07679749,
2,31.58,2,1.612254,371.5912,-0.6541008,0.4057058,6.68615,-7.6722,-33.9494,0.07740021,
2,31.59,2,1.61644,371.593,-0.651489,0.4030393,6.68615,-7.6722,-33.9494,0.07740021,
2,31.6,2,1.614287,371.5751,-0.6533793,0.404748,6.68615,-7.6722,-33.9494,0.07740021,
2,31.61,2,1.60837,371.5881,-0.6540983,0.4066841,6.68615,-7.6722,-33.9494,0.07740021,
2,31.62,2,1.615986,371.575,-0.6491054,0.4016777,6.68615,-7.6722,-33.9494,0.07740021,
2,31.63,2,1.618913,371.5741,-0.6525124,0.4030559,6.68615,-7.6722,-33.9494,0.07740021,
2,31.64,2,1.609674,371.6108,-0.6508099,0.4043115,6.68615,-7.6722,-33.9494,0.07740021,
2,31.65,2,1.613027,371.5776,-0.6458501,0.4003963,6.68615,-7.6722,-33.9494,0.07740021,
2,31.66,2,1.61984,371.5627,-0.6421589,0.3964335,6.68615,-7.6722,-33.9494,0.07740021,
2,31.67,2,1.615448,371.5609,-0.6423916,0.3976554,6.68615,-7.6722,-33.9494,0.07740021,
2,31.68,2,1.613663,371.5625,-0.6452872,0.3998896,6.68615,-7.6722,-33.9494,0.07740021,
2,31.69,2,1.625012,371.5475,-0.6435537,0.3960302,6.68615,-7.6722,-33.9494,0.07740021,
2,31.7,2,1.622835,371.5274,-0.6467697,0.398543,6.68615,-7.6722,-33.9494,0.07740021,
2,31.71,2,1.625076,371.5153,-0.643978,0.3962757,6.68615,-7.6722,-33.9494,0.07740021,
2,31.72,2,1.632771,371.5014,-0.643421,0.394067,6.68615,-7.6722,-33.9494,0.07740021,
2,31.73,2,1.631512,371.4974,-0.6473953,0.3968069,6.68615,-7.6722,-33.9494,0.07740021,
2,31.74,2,1.624208,371.4997,-0.6488163,0.3994663,6.68615,-7.6722,-33.9494,0.07740021,
2,31.75,2,1.629492,371.4934,-0.6453443,0.3960401,6.68615,-7.6722,-33.9494,0.07740021,
2,31.76,2,1.634091,371.4896,-0.6488605,0.3970774,6.68615,-7.6722,-33.9494,0.07740021,
2,31.77,2,1.627616,371.4742,-0.655443,0.4027013,6.68615,-7.6722,-33.9494,0.07740021,
2,31.78,2,1.624123,371.4922,-0.6539288,0.402635,6.68615,-7.6722,-33.9494,0.07740021,
2,31.79,2,1.633041,371.4865,-0.6504623,0.3983134,6.68615,-7.6722,-33.9494,0.07740021,
2,31.8,2,1.630925,371.4768,-0.6571978,0.4029603,6.68615,-7.6722,-33.9494,0.07740021,
2,31.81,2,1.627587,371.4786,-0.6547562,0.4022864,6.68615,-7.6722,-33.9494,0.07740021,
2,31.82,2,1.628298,371.48,-0.6560273,0.4028913,6.68235,-7.6722,-33.95,0.07799911,
2,31.83,2,1.627031,371.4712,-0.6578595,0.4043314,6.68235,-7.6722,-33.95,0.07799911,
2,31.84,2,1.628581,371.4593,-0.6531997,0.4010851,6.68235,-7.6722,-33.95,0.07799911,
2,31.85,2,1.630379,371.4622,-0.655996,0.4023579,6.68235,-7.6722,-33.95,0.07799911,
2,31.86,2,1.626465,371.4614,-0.6587092,0.4049942,6.68235,-7.6722,-33.95,0.07799911,
2,31.87,2,1.62488,371.4673,-0.6539662,0.4024705,6.68235,-7.6722,-33.95,0.07799911,
2,31.88,2,1.632535,371.3778,-0.6558481,0.401736,6.68235,-7.6722,-33.95,0.07799911,
2,31.89,2,1.62916,371.4826,-0.6548396,0.4019491,6.68235,-7.6722,-33.95,0.07799911,
2,31.9,2,1.623495,371.4546,-0.6548395,0.4033517,6.68235,-7.6722,-33.95,0.07799911,
2,31.91,2,1.633748,371.4565,-0.6516299,0.3988557,6.68235,-7.6722,-33.95,0.07799911,
2,31.92,2,1.638578,371.4249,-0.6548179,0.3996257,6.68235,-7.6722,-33.95,0.07799911,
2,31.93,2,1.633767,371.4053,-0.6600125,0.403982,6.68235,-7.6722,-33.95,0.07799911,
2,31.94,2,1.637773,371.3814,-0.6599339,0.4029459,6.68235,-7.6722,-33.95,0.07799911,
2,31.95,2,1.643155,371.4019,-0.6563123,0.3994222,6.68235,-7.6722,-33.95,0.07799911,
2,31.96,2,1.642142,371.3934,-0.6548123,0.398755,6.68235,-7.6722,-33.95,0.07799911,
2,31.97,2,1.63895,371.3951,-0.6556903,0.4000672,6.68235,-7.6722,-33.95,0.07799911,
2,31.98,2,1.641258,371.3901,-0.6577045,0.4007319,6.68235,-7.6722,-33.95,0.07799911,
2,31.99,2,1.641402,371.376,-0.6611956,0.4028238,6.68235,-7.6722,-33.95,0.07799911,
2,32,2,1.639112,371.3722,-0.6605424,0.402988,6.68235,-7.6722,-33.95,0.07799911,
2,32.01,2,1.638448,371.3803,-0.6600742,0.4028656,6.68235,-7.6722,-33.95,0.07799911,
2,32.02,2,1.638725,371.382,-0.6612036,0.4034866,6.68235,-7.6722,-33.95,0.07799911,
2,32.03,2,1.63669,371.3767,-0.6581826,0.4021425,6.68235,-7.6722,-33.95,0.07799911,
2,32.04,2,1.641504,371.3702,-0.6596627,0.4018647,6.68235,-7.6722,-33.95,0.07799911,
2,32.05,2,1.639888,371.3718,-0.6608437,0.402981,6.67802,-7.6722,-33.9507,0.0786972,
2,32.06,2,1.635975,371.3807,-0.6636112,0.4056365,6.67802,-7.6722,-33.9507,0.0786972,
2,32.07,2,1.642284,371.3625,-0.6598033,0.4017594,6.67802,-7.6722,-33.9507,0.0786972,
2,32.08,2,1.641856,371.358,-0.6585169,0.4010808,6.67802,-7.6722,-33.9507,0.0786972,
2,32.09,2,1.636623,371.356,-0.6611695,0.4039841,6.67802,-7.6722,-33.9507,0.0786972,
2,32.1,2,1.638414,371.3535,-0.6642824,0.4054423,6.67802,-7.6722,-33.9507,0.0786972,
2,32.11,2,1.640864,371.3514,-0.6629017,0.4039954,6.67802,-7.6722,-33.9507,0.0786972,
2,32.12,2,1.639404,371.3503,-0.6642889,0.4052015,6.67802,-7.6722,-33.9507,0.0786972,
2,32.13,2,1.636679,371.3399,-0.6643993,0.4059436,6.67802,-7.6722,-33.9507,0.0786972,
2,32.14,2,1.635842,371.3565,-0.6646799,0.4063227,6.67802,-7.6722,-33.9507,0.0786972,
2,32.15,2,1.646582,371.3129,-0.6650329,0.4038869,6.67802,-7.6722,-33.9507,0.0786972,
2,32.16,2,1.644699,371.3131,-0.6661209,0.4050109,6.67802,-7.6722,-33.9507,0.0786972,
2,32.17,2,1.645605,371.3105,-0.6703694,0.4073695,6.67802,-7.6722,-33.9507,0.0786972,
2,32.18,2,1.649671,371.2771,-0.6701845,0.4062534,6.67802,-7.6722,-33.9507,0.0786972,
2,32.19,2,1.654732,371.2827,-0.6674464,0.4033562,6.67802,-7.6722,-33.9507,0.0786972,
2,32.2,2,1.650964,371.2779,-0.6663499,0.4036125,6.67802,-7.6722,-33.9507,0.0786972,
2,32.21,2,1.648351,371.2807,-0.6694137,0.4061111,6.67802,-7.6722,-33.9507,0.0786972,
2,32.22,2,1.655759,371.2728,-0.6665705,0.4025771,6.67802,-7.6722,-33.9507,0.0786972,
2,32.23,2,1.653446,371.2544,-0.6693289,0.4048083,6.67802,-7.6722,-33.9507,0.0786972,
2,32.24,2,1.646586,371.264,-0.6675192,0.4053958,6.67802,-7.6722,-33.9507,0.0786972,
2,32.25,2,1.654557,371.2642,-0.6626937,0.4005264,6.67802,-7.6722,-33.9507,0.0786972,
2,32.26,2,1.651218,371.2679,-0.6660085,0.4033437,6.67802,-7.6722,-33.9507,0.0786972,
2,32.27,2,1.645667,371.2631,-0.6691618,0.4066204,6.67802,-7.6722,-33.9507,0.0786972,
2,32.28,2,1.65158,371.2607,-0.6622014,0.4009503,6.67802,-7.6722,-33.9507,0.0786972,
2,32.29,2,1.654603,371.2409,-0.6661436,0.4026003,6.67802,-7.6722,-33.9507,0.0786972,
2,32.3,2,1.651341,371.2444,-0.6670871,0.4039669,6.67802,-7.6722,-33.9507,0.0786972,
2,32.31,2,1.64779,371.2572,-0.665401,0.4038142,6.6742,-7.6722,-33.9513,0.07929993,
2,32.32,2,1.65267,371.2525,-0.6653676,0.4026015,6.6742,-7.6722,-33.9513,0.07929993,
2,32.33,2,1.654477,371.245,-0.665718,0.4023736,6.6742,-7.6722,-33.9513,0.07929993,
2,32.34,2,1.652871,371.2517,-0.6583912,0.3983319,6.6742,-7.6722,-33.9513,0.07929993,
2,32.35,2,1.651226,371.2286,-0.6642186,0.4022577,6.6742,-7.6722,-33.9513,0.07929993,
2,32.36,2,1.65081,371.2447,-0.670652,0.4062564,6.6742,-7.6722,-33.9513,0.07929993,
2,32.37,2,1.65042,371.2283,-0.6680875,0.4047985,6.6742,-7.6722,-33.9513,0.07929993,
2,32.38,2,1.6507,371.2319,-0.6651484,0.4029493,6.6742,-7.6722,-33.9513,0.07929993,
2,32.39,2,1.652931,371.2245,-0.6702617,0.4054988,6.6742,-7.6722,-33.9513,0.07929993,
2,32.4,2,1.650574,371.2287,-0.668575,0.405056,6.6742,-7.6722,-33.9513,0.07929993,
2,32.41,2,1.650171,371.2253,-0.6665581,0.4039328,6.6742,-7.6722,-33.9513,0.07929993,
2,32.42,2,1.656203,371.2174,-0.66347,0.400597,6.6742,-7.6722,-33.9513,0.07929993,
2,32.43,2,1.658041,371.194,-0.6644365,0.4007359,6.6742,-7.6722,-33.9513,0.07929993,
2,32.44,2,1.659953,371.1743,-0.6705696,0.403969,6.6742,-7.6722,-33.9513,0.07929993,
2,32.45,2,1.668746,371.1663,-0.6634598,0.3975799,6.6742,-7.6722,-33.9513,0.07929993,
2,32.46,2,1.665336,371.1607,-0.6667634,0.4003778,6.6742,-7.6722,-33.9513,0.07929993,
2,32.47,2,1.662549,371.2122,-0.6700162,0.4030054,6.6742,-7.6722,-33.9513,0.07929993,
2,32.48,2,1.664662,371.1407,-0.6659443,0.4000476,6.6742,-7.6722,-33.9513,0.07929993,
2,32.49,2,1.668236,371.1556,-0.6649562,0.3985985,6.6742,-7.6722,-33.9513,0.07929993,
2,32.5,2,1.664485,371.1638,-0.6700044,0.4025297,6.6742,-7.6722,-33.9513,0.07929993,
2,32.51,2,1.664661,371.1447,-0.6679996,0.4012828,6.6742,-7.6722,-33.9513,0.07929993,
2,32.52,2,1.667198,371.161,-0.6772419,0.4062157,6.6742,-7.6722,-33.9513,0.07929993,
2,32.53,2,1.666343,371.1841,-0.6688088,0.4013633,6.6742,-7.6722,-33.9513,0.07929993,
2,32.54,2,1.664374,371.1467,-0.6651963,0.3996677,6.6742,-7.6722,-33.9513,0.07929993,
2,32.55,2,1.665918,371.1412,-0.6649207,0.3991318,6.6742,-7.6722,-33.9513,0.07929993,
2,32.56,2,1.664865,371.1412,-0.6686177,0.4016047,6.6742,-7.6722,-33.9513,0.07929993,
2,32.57,2,1.665144,371.1345,-0.6732883,0.4043424,6.6742,-7.6722,-33.9513,0.07929993,
2,32.58,2,1.665945,371.1433,-0.6758952,0.4057127,6.66935,-7.6722,-33.952,0.07999802,
2,32.59,2,1.663346,371.1381,-0.6732977,0.4047851,6.66935,-7.6722,-33.952,0.07999802,
2,32.6,2,1.665338,371.1218,-0.6701381,0.4024037,6.66935,-7.6722,-33.952,0.07999802,
2,32.61,2,1.66858,371.1215,-0.6704171,0.401789,6.66935,-7.6722,-33.952,0.07999802,
2,32.62,2,1.664795,371.1172,-0.6714227,0.4033065,6.66935,-7.6722,-33.952,0.07999802,
2,32.63,2,1.663149,371.1115,-0.6725773,0.4043999,6.66935,-7.6722,-33.952,0.07999802,
2,32.64,2,1.666836,371.1151,-0.6695138,0.4016676,6.66935,-7.6722,-33.952,0.07999802,
2,32.65,2,1.665955,371.1185,-0.6678772,0.4008975,6.66935,-7.6722,-33.952,0.07999802,
2,32.66,2,1.664752,371.0906,-0.6668075,0.4005446,6.66935,-7.6722,-33.952,0.07999802,
2,32.67,2,1.673568,371.0684,-0.6662657,0.398111,6.66935,-7.6722,-33.952,0.07999802,
2,32.68,2,1.673971,371.0566,-0.6694328,0.399907,6.66935,-7.6722,-33.952,0.07999802,
2,32.69,2,1.677437,371.049,-0.673129,0.4012842,6.66935,-7.6722,-33.952,0.07999802,
2,32.7,2,1.682387,371.0602,-0.6727189,0.3998599,6.66935,-7.6722,-33.952,0.07999802,
2,32.71,2,1.675619,371.0154,-0.6734614,0.4019179,6.66935,-7.6722,-33.952,0.07999802,
2,32.72,2,1.677331,371.039,-0.6747643,0.4022845,6.66935,-7.6722,-33.952,0.07999802,
2,32.73,2,1.679023,371.0479,-0.6708856,0.3995689,6.66935,-7.6722,-33.952,0.07999802,
2,32.74,2,1.675519,371.0453,-0.6741241,0.4023376,6.66935,-7.6722,-33.952,0.07999802,
2,32.75,2,1.678895,371.0273,-0.6785114,0.4041417,6.66935,-7.6722,-33.952,0.07999802,
2,32.76,2,1.679298,371.033,-0.6766027,0.4029082,6.66935,-7.6722,-33.952,0.07999802,
2,32.77,2,1.677842,371.0388,-0.6773186,0.4036844,6.66935,-7.6722,-33.952,0.07999802,
2,32.78,2,1.676454,371.0219,-0.6784075,0.4046681,6.66935,-7.6722,-33.952,0.07999802,
2,32.79,2,1.677907,371.0274,-0.6740704,0.4017329,6.66528,-7.6722,-33.9526,0.08059692,
2,32.8,2,1.677483,371.0166,-0.6743613,0.4020078,6.66528,-7.6722,-33.9526,0.08059692,
2,32.81,2,1.674345,371.0244,-0.6750469,0.4031707,6.66528,-7.6722,-33.9526,0.08059692,
2,32.82,2,1.678612,371.0237,-0.6724914,0.4006234,6.66528,-7.6722,-33.9526,0.08059692,
2,32.83,2,1.680521,371.0265,-0.6757004,0.4020779,6.66528,-7.6722,-33.9526,0.08059692,
2,32.84,2,1.674139,371.009,-0.6765951,0.4041451,6.66528,-7.6722,-33.9526,0.08059692,
2,32.85,2,1.678288,371.0081,-0.6769068,0.4033317,6.66528,-7.6722,-33.9526,0.08059692,
2,32.86,2,1.678688,371.008,-0.6744299,0.4017602,6.66528,-7.6722,-33.9526,0.08059692,
2,32.87,2,1.673144,371.0104,-0.6764961,0.4043263,6.66528,-7.6722,-33.9526,0.08059692,
2,32.88,2,1.678978,371.0105,-0.6733366,0.4010396,6.66528,-7.6722,-33.9526,0.08059692,
2,32.89,2,1.683654,370.9998,-0.6729254,0.3996815,6.66528,-7.6722,-33.9526,0.08059692,
2,32.9,2,1.682522,370.9612,-0.6741962,0.4007058,6.66528,-7.6722,-33.9526,0.08059692,
2,32.91,2,1.69128,370.9518,-0.6728941,0.3978609,6.66528,-7.6722,-33.9526,0.08059692,
2,32.92,2,1.691911,370.9509,-0.6765082,0.3998487,6.66528,-7.6722,-33.9526,0.08059692,
2,32.93,2,1.687195,370.9443,-0.6814066,0.4038694,6.66528,-7.6722,-33.9526,0.08059692,
2,32.94,2,1.689414,370.9519,-0.6842304,0.4050105,6.66528,-7.6722,-33.9526,0.08059692,
2,32.95,2,1.693512,370.9421,-0.6788139,0.4008321,6.66528,-7.6722,-33.9526,0.08059692,
2,32.96,2,1.686593,370.9402,-0.6799125,0.4031278,6.66528,-7.6722,-33.9526,0.08059692,
2,32.97,2,1.690119,370.9289,-0.6765816,0.4003159,6.66528,-7.6722,-33.9526,0.08059692,
2,32.98,2,1.686753,370.9293,-0.6775377,0.4016817,6.66528,-7.6722,-33.9526,0.08059692,
2,32.99,2,1.687454,370.9202,-0.6810241,0.4035808,6.66528,-7.6722,-33.9526,0.08059692,
2,33,2,1.691035,370.9067,-0.6805452,0.402443,6.66148,-7.6722,-33.9532,0.08119965,
2,33.01,2,1.687458,370.9249,-0.6812475,0.4037122,6.66148,-7.6722,-33.9532,0.08119965,
2,33.02,2,1.689234,370.9197,-0.678906,0.4019017,6.66148,-7.6722,-33.9532,0.08119965,
2,33.03,2,1.687668,370.9226,-0.6790856,0.4023811,6.66148,-7.6722,-33.9532,0.08119965,
2,33.04,2,1.687861,370.9108,-0.6794607,0.4025573,6.66148,-7.6722,-33.9532,0.08119965,
2,33.05,2,1.691747,370.9121,-0.6831936,0.403839,6.66148,-7.6722,-33.9532,0.08119965,
2,33.06,2,1.684313,370.8949,-0.6804693,0.404004,6.66148,-7.6722,-33.9532,0.08119965,
2,33.07,2,1.690218,370.9282,-0.6798614,0.4022329,6.66148,-7.6722,-33.9532,0.08119965,
2,33.08,2,1.695171,370.9088,-0.6761454,0.3988657,6.66148,-7.6722,-33.9532,0.08119965,
2,33.09,2,1.679824,370.9198,-0.6796859,0.4046174,6.66148,-7.6722,-33.9532,0.08119965,
2,33.1,2,1.684444,370.9014,-0.6801997,0.4038126,6.66148,-7.6722,-33.9532,0.08119965,
2,33.11,2,1.698863,370.9042,-0.6783534,0.3992985,6.66148,-7.6722,-33.9532,0.08119965,
2,33.12,2,1.691459,370.8191,-0.680123,0.4020926,6.66148,-7.6722,-33.9532,0.08119965,
2,33.13,2,1.691291,370.852,-0.684335,0.4046227,6.66148,-7.6722,-33.9532,0.08119965,
2,33.14,2,1.704327,370.8567,-0.6806225,0.3993497,6.66148,-7.6722,-33.9532,0.08119965,
2,33.15,2,1.703348,370.8566,-0.6814325,0.4000548,6.66148,-7.6722,-33.9532,0.08119965,
2,33.16,2,1.696553,370.8493,-0.6843565,0.4033806,6.66148,-7.6722,-33.9532,0.08119965,
2,33.17,2,1.702958,370.8388,-0.6787599,0.398577,6.66148,-7.6722,-33.9532,0.08119965,
2,33.18,2,1.700463,370.8489,-0.6818263,0.400965,6.66148,-7.6722,-33.9532,0.08119965,
2,33.19,2,1.695273,370.8478,-0.6815457,0.4020272,6.66148,-7.6722,-33.9532,0.08119965,
2,33.2,2,1.704603,370.8333,-0.6777709,0.3976123,6.66148,-7.6722,-33.9532,0.08119965,
2,33.21,2,1.699157,370.8466,-0.6784564,0.3992901,6.66148,-7.6722,-33.9532,0.08119965,
2,33.22,2,1.694637,370.8242,-0.6820479,0.4024742,6.66148,-7.6722,-33.9532,0.08119965,
2,33.23,2,1.702515,370.8268,-0.6794631,0.3990937,6.66148,-7.6722,-33.9532,0.08119965,
2,33.24,2,1.699419,370.8129,-0.6828207,0.4017966,6.6577,-7.6722,-33.9538,0.08179855,
2,33.25,2,1.702308,370.8279,-0.6844679,0.4020824,6.6577,-7.6722,-33.9538,0.08179855,
2,33.26,2,1.698109,370.8306,-0.6826226,0.4019898,6.6577,-7.6722,-33.9538,0.08179855,
2,33.27,2,1.695372,370.8151,-0.6852986,0.4042172,6.6577,-7.6722,-33.9538,0.08179855,
2,33.28,2,1.702348,370.8141,-0.6863884,0.403201,6.6577,-7.6722,-33.9538,0.08179855,
2,33.29,2,1.697687,370.7925,-0.6836647,0.4027036,6.6577,-7.6722,-33.9538,0.08179855,
2,33.3,2,1.69681,370.7994,-0.6863518,0.4044955,6.6577,-7.6722,-33.9538,0.08179855,
2,33.31,2,1.700143,370.7962,-0.6836659,0.4021226,6.6577,-7.6722,-33.9538,0.08179855,
2,33.32,2,1.697617,370.8058,-0.6816365,0.4015255,6.6577,-7.6722,-33.9538,0.08179855,
2,33.33,2,1.698351,370.7903,-0.6845492,0.403067,6.6577,-7.6722,-33.9538,0.08179855,
2,33.34,2,1.695566,370.8006,-0.6865999,0.4049385,6.6577,-7.6722,-33.9538,0.08179855,
2,33.35,2,1.695976,370.8067,-0.687161,0.4051713,6.6577,-7.6722,-33.9538,0.08179855,
2,33.36,2,1.700164,370.8052,-0.6877374,0.4045123,6.6577,-7.6722,-33.9538,0.08179855,
2,33.37,2,1.702256,370.7804,-0.6861333,0.4030729,6.6577,-7.6722,-33.9538,0.08179855,
2,33.38,2,1.701455,370.7649,-0.6856173,0.4029593,6.6577,-7.6722,-33.9538,0.08179855,
2,33.39,2,1.710156,370.7385,-0.6889193,0.40284,6.6577,-7.6722,-33.9538,0.08179855,
2,33.4,2,1.712662,370.7416,-0.6927203,0.4044699,6.6577,-7.6722,-33.9538,0.08179855,
2,33.41,2,1.707366,370.7407,-0.6933793,0.4061106,6.6577,-7.6722,-33.9538,0.08179855,
2,33.42,2,1.713734,370.7094,-0.6898776,0.4025582,6.6577,-7.6722,-33.9538,0.08179855,
2,33.43,2,1.711562,370.7271,-0.6871345,0.4014664,6.6577,-7.6722,-33.9538,0.08179855,
2,33.44,2,1.709296,370.7264,-0.68495,0.4007206,6.6577,-7.6722,-33.9538,0.08179855,
2,33.45,2,1.716506,370.7215,-0.6881989,0.40093,6.6577,-7.6722,-33.9538,0.08179855,
2,33.46,2,1.708272,370.735,-0.6905434,0.404235,6.6577,-7.6722,-33.9538,0.08179855,
2,33.47,2,1.712018,370.7149,-0.689538,0.4027632,6.6577,-7.6722,-33.9538,0.08179855,
2,33.48,2,1.718502,370.7103,-0.6895754,0.4012655,6.6577,-7.6722,-33.9538,0.08179855,
2,33.49,2,1.705939,370.7235,-0.6856255,0.4019051,6.6577,-7.6722,-33.9538,0.08179855,
2,33.5,2,1.712189,370.707,-0.6897603,0.4028528,6.6577,-7.6722,-33.9538,0.08179855,
2,33.51,2,1.716085,370.7115,-0.6867623,0.4001912,6.6536,-7.6722,-33.9544,0.08239746,
2,33.52,2,1.707934,370.7234,-0.6878239,0.4027228,6.6536,-7.6722,-33.9544,0.08239746,
2,33.53,2,1.711768,370.6652,-0.6902096,0.4032146,6.6536,-7.6722,-33.9544,0.08239746,
2,33.54,2,1.715832,370.6869,-0.6883334,0.401166,6.6536,-7.6722,-33.9544,0.08239746,
2,33.55,2,1.707055,370.6924,-0.6908112,0.40468,6.6536,-7.6722,-33.9544,0.08239746,
2,33.56,2,1.713189,370.6852,-0.6897264,0.4025978,6.6536,-7.6722,-33.9544,0.08239746,
2,33.57,2,1.711528,370.6982,-0.688251,0.4021266,6.6536,-7.6722,-33.9544,0.08239746,
2,33.58,2,1.7054,370.691,-0.6958743,0.4080417,6.6536,-7.6722,-33.9544,0.08239746,
2,33.59,2,1.711944,370.6944,-0.6939724,0.405371,6.6536,-7.6722,-33.9544,0.08239746,
2,33.6,2,1.712382,370.6872,-0.6893213,0.4025511,6.6536,-7.6722,-33.9544,0.08239746,
2,33.61,2,1.707334,370.6841,-0.6907243,0.4045631,6.6536,-7.6722,-33.9544,0.08239746,
2,33.62,2,1.711461,370.6771,-0.6958096,0.4065588,6.6536,-7.6722,-33.9544,0.08239746,
2,33.63,2,1.710299,370.6685,-0.6983048,0.408294,6.6536,-7.6722,-33.9544,0.08239746,
2,33.64,2,1.712734,370.6627,-0.6924824,0.404314,6.6536,-7.6722,-33.9544,0.08239746,
2,33.65,2,1.718743,370.6233,-0.6918409,0.4025274,6.6536,-7.6722,-33.9544,0.08239746,
2,33.66,2,1.723209,370.5959,-0.6919693,0.4015584,6.6536,-7.6722,-33.9544,0.08239746,
2,33.67,2,1.72221,370.6468,-0.6940176,0.4029808,6.6536,-7.6722,-33.9544,0.08239746,
2,33.68,2,1.723311,370.6177,-0.6925544,0.4018742,6.6536,-7.6722,-33.9544,0.08239746,
2,33.69,2,1.72406,370.6219,-0.6940823,0.4025859,6.6536,-7.6722,-33.9544,0.08239746,
2,33.7,2,1.725469,370.6246,-0.6965964,0.4037142,6.6536,-7.6722,-33.9544,0.08239746,
2,33.71,2,1.722018,370.6372,-0.6956784,0.4039902,6.6536,-7.6722,-33.9544,0.08239746,
2,33.72,2,1.722269,370.6171,-0.6937428,0.4028075,6.6536,-7.6722,-33.9544,0.08239746,
2,33.73,2,1.726102,370.6025,-0.6940773,0.4021069,6.6536,-7.6722,-33.9544,0.08239746,
2,33.74,2,1.720155,370.6108,-0.6927435,0.4027215,6.6536,-7.6722,-33.9544,0.08239746,
2,33.75,2,1.723824,370.5971,-0.6927832,0.4018876,6.6536,-7.6722,-33.9544,0.08239746,
2,33.76,2,1.725274,370.5897,-0.6926284,0.40146,6.649,-7.6722,-33.9551,0.08309937,
2,33.77,2,1.720421,370.6205,-0.6946608,0.4037738,6.649,-7.6722,-33.9551,0.08309937,
2,33.78,2,1.72189,370.589,-0.6914027,0.4015371,6.649,-7.6722,-33.9551,0.08309937,
2,33.79,2,1.724703,370.588,-0.6912428,0.4007895,6.649,-7.6722,-33.9551,0.08309937,
2,33.8,2,1.718505,370.59,-0.6913434,0.4022935,6.649,-7.6722,-33.9551,0.08309937,
2,33.81,2,1.720632,370.5889,-0.6923006,0.4023526,6.649,-7.6722,-33.9551,0.08309937,
2,33.82,2,1.722224,370.5779,-0.6941727,0.4030676,6.649,-7.6722,-33.9551,0.08309937,
2,33.83,2,1.719592,370.599,-0.6945199,0.4038864,6.649,-7.6722,-33.9551,0.08309937,
2,33.84,2,1.724831,370.5717,-0.6945359,0.402669,6.649,-7.6722,-33.9551,0.08309937,
2,33.85,2,1.724555,370.5862,-0.6923938,0.4014913,6.649,-7.6722,-33.9551,0.08309937,
2,33.86,2,1.717471,370.5699,-0.6985905,0.4067553,6.649,-7.6722,-33.9551,0.08309937,
2,33.87,2,1.722188,370.5529,-0.6961183,0.4042057,6.649,-7.6722,-33.9551,0.08309937,
2,33.88,2,1.73098,370.5841,-0.693827,0.400829,6.649,-7.6722,-33.9551,0.08309937,
2,33.89,2,1.726042,370.5326,-0.6999264,0.4055095,6.649,-7.6722,-33.9551,0.08309937,
2,33.9,2,1.734246,370.5126,-0.6999307,0.4035936,6.649,-7.6722,-33.9551,0.08309937,
2,33.91,2,1.739297,370.5027,-0.6998242,0.4023603,6.649,-7.6722,-33.9551,0.08309937,
2,33.92,2,1.732682,370.4995,-0.7040367,0.4063277,6.649,-7.6722,-33.9551,0.08309937,
2,33.93,2,1.737834,370.5005,-0.7031085,0.404589,6.649,-7.6722,-33.9551,0.08309937,
2,33.94,2,1.740958,370.5035,-0.7019417,0.4031928,6.649,-7.6722,-33.9551,0.08309937,
2,33.95,2,1.733851,370.4859,-0.7043266,0.406221,6.649,-7.6722,-33.9551,0.08309937,
2,33.96,2,1.735056,370.4841,-0.7018847,0.4045316,6.649,-7.6722,-33.9551,0.08309937,
2,33.97,2,1.73707,370.495,-0.6979048,0.4017712,6.649,-7.6722,-33.9551,0.08309937,
2,33.98,2,1.735363,370.4956,-0.7009131,0.4039001,6.649,-7.6722,-33.9551,0.08309937,
2,33.99,2,1.737375,370.4832,-0.7018175,0.4039527,6.649,-7.6722,-33.9551,0.08309937,
2,34,2,1.736836,370.46,-0.7019054,0.4041286,6.649,-7.6722,-33.9551,0.08309937,
2,34.01,2,1.733899,370.4793,-0.7026076,0.4052184,6.649,-7.6722,-33.9551,0.08309937,
2,34.02,2,1.733695,370.477,-0.7005894,0.4041018,6.64493,-7.6722,-33.9557,0.08369827,
2,34.03,2,1.735896,370.4659,-0.7004218,0.403493,6.64493,-7.6722,-33.9557,0.08369827,
2,34.04,2,1.736743,370.4739,-0.6984688,0.4021716,6.64493,-7.6722,-33.9557,0.08369827,
2,34.05,2,1.732525,370.4705,-0.7009204,0.4045659,6.64493,-7.6722,-33.9557,0.08369827,
2,34.06,2,1.734588,370.4649,-0.7015569,0.4044516,6.64493,-7.6722,-33.9557,0.08369827,
2,34.07,2,1.735795,370.4606,-0.7004422,0.4035282,6.64493,-7.6722,-33.9557,0.08369827,
2,34.08,2,1.736164,370.4704,-0.6984661,0.4023043,6.64493,-7.6722,-33.9557,0.08369827,
2,34.09,2,1.735166,370.4641,-0.6988149,0.4027366,6.64493,-7.6722,-33.9557,0.08369827,
2,34.1,2,1.736905,370.4538,-0.6992609,0.4025903,6.64493,-7.6722,-33.9557,0.08369827,
2,34.11,2,1.733566,370.4555,-0.6987289,0.4030588,6.64493,-7.6722,-33.9557,0.08369827,
2,34.12,2,1.736106,370.4478,-0.6995689,0.4029528,6.64493,-7.6722,-33.9557,0.08369827,
2,34.13,2,1.73653,370.4688,-0.6997919,0.4029828,6.64493,-7.6722,-33.9557,0.08369827,
2,34.14,2,1.742845,370.4226,-0.6995224,0.4013682,6.64493,-7.6722,-33.9557,0.08369827,
2,34.15,2,1.743875,370.4036,-0.703266,0.4032777,6.64493,-7.6722,-33.9557,0.08369827,
2,34.16,2,1.748664,370.3972,-0.7039434,0.4025606,6.64493,-7.6722,-33.9557,0.08369827,
2,34.17,2,1.748199,370.3914,-0.7043439,0.4028969,6.64493,-7.6722,-33.9557,0.08369827,
2,34.18,2,1.747527,370.3833,-0.7067537,0.4044308,6.64493,-7.6722,-33.9557,0.08369827,
2,34.19,2,1.748477,370.3856,-0.7045915,0.4029743,6.64493,-7.6722,-33.9557,0.08369827,
2,34.2,2,1.746547,370.3826,-0.7019747,0.4019215,6.64493,-7.6722,-33.9557,0.08369827,
2,34.21,2,1.746843,370.3806,-0.7069989,0.4047296,6.64493,-7.6722,-33.9557,0.08369827,
2,34.22,2,1.751022,370.3798,-0.7066253,0.4035503,6.64493,-7.6722,-33.9557,0.08369827,
2,34.23,2,1.750519,370.3726,-0.7055159,0.4030324,6.64493,-7.6722,-33.9557,0.08369827,
2,34.24,2,1.745721,370.4491,-0.7081488,0.4056483,6.6406,-7.6722,-33.9564,0.08440018,
2,34.25,2,1.749614,370.3258,-0.7046679,0.4027561,6.6406,-7.6722,-33.9564,0.08440018,
2,34.26,2,1.7489,370.3763,-0.7037703,0.4024073,6.6406,-7.6722,-33.9564,0.08440018,
2,34.27,2,1.745504,370.3513,-0.7065997,0.4048114,6.6406,-7.6722,-33.9564,0.08440018,
2,34.28,2,1.748327,370.3718,-0.7079902,0.4049529,6.6406,-7.6722,-33.9564,0.08440018,
2,34.29,2,1.750322,370.3583,-0.7072781,0.4040847,6.6406,-7.6722,-33.9564,0.08440018,
2,34.3,2,1.750421,370.3737,-0.7081199,0.4045425,6.6406,-7.6722,-33.9564,0.08440018,
2,34.31,2,1.748553,370.3542,-0.7087934,0.40536,6.6406,-7.6722,-33.9564,0.08440018,
2,34.32,2,1.748861,370.3547,-0.7056643,0.4034994,6.6406,-7.6722,-33.9564,0.08440018,
2,34.33,2,1.749612,370.3595,-0.7024081,0.4014651,6.6406,-7.6722,-33.9564,0.08440018,
2,34.34,2,1.748729,370.3363,-0.7075235,0.4045929,6.6406,-7.6722,-33.9564,0.08440018,
2,34.35,2,1.753811,370.3391,-0.7054274,0.4022254,6.6406,-7.6722,-33.9564,0.08440018,
2,34.36,2,1.755728,370.3096,-0.7050658,0.4015802,6.6406,-7.6722,-33.9564,0.08440018,
2,34.37,2,1.758983,370.2893,-0.7077205,0.4023464,6.6406,-7.6722,-33.9564,0.08440018,
2,34.38,2,1.759509,370.2935,-0.706386,0.4014678,6.6406,-7.6722,-33.9564,0.08440018,
2,34.39,2,1.758447,370.2903,-0.7063972,0.4017166,6.6406,-7.6722,-33.9564,0.08440018,
2,34.4,2,1.759468,370.2852,-0.7089422,0.4029298,6.6406,-7.6722,-33.9564,0.08440018,
2,34.41,2,1.760175,370.2765,-0.7116301,0.4042952,6.6406,-7.6722,-33.9564,0.08440018,
2,34.42,2,1.759023,370.2715,-0.7115241,0.4044997,6.6406,-7.6722,-33.9564,0.08440018,
2,34.43,2,1.7605,370.2691,-0.7128079,0.4048894,6.6406,-7.6722,-33.9564,0.08440018,
2,34.44,2,1.760741,370.2646,-0.7114875,0.4040841,6.63707,-7.6722,-33.957,0.08499908,
2,34.45,2,1.760528,370.2654,-0.7086664,0.4025307,6.63707,-7.6722,-33.957,0.08499908,
2,34.46,2,1.758787,370.2597,-0.7139428,0.4059292,6.63707,-7.6722,-33.957,0.08499908,
2,34.47,2,1.760296,370.2544,-0.7150393,0.4062041,6.63707,-7.6722,-33.957,0.08499908,
2,34.48,2,1.761245,370.2627,-0.7115692,0.4040149,6.63707,-7.6722,-33.957,0.08499908,
2,34.49,2,1.76059,370.2538,-0.7114439,0.404094,6.63707,-7.6722,-33.957,0.08499908,
2,34.5,2,1.760206,370.2643,-0.7130296,0.4050831,6.63707,-7.6722,-33.957,0.08499908,
2,34.51,2,1.761858,370.2493,-0.7105293,0.4032842,6.63707,-7.6722,-33.957,0.08499908,
2,34.52,2,1.761054,370.2498,-0.7132183,0.4049951,6.63707,-7.6722,-33.957,0.08499908,
2,34.53,2,1.759652,370.2513,-0.7156099,0.4066769,6.63707,-7.6722,-33.957,0.08499908,
2,34.54,2,1.76016,370.2529,-0.7134953,0.4053583,6.63707,-7.6722,-33.957,0.08499908,
2,34.55,2,1.76188,370.2455,-0.7135413,0.4049885,6.63707,-7.6722,-33.957,0.08499908,
2,34.56,2,1.761752,370.2394,-0.7155468,0.4061565,6.63707,-7.6722,-33.957,0.08499908,
2,34.57,2,1.766435,370.2239,-0.7131734,0.403736,6.63707,-7.6722,-33.957,0.08499908,
2,34.58,2,1.766328,370.2122,-0.7173241,0.4061103,6.63707,-7.6722,-33.957,0.08499908,
2,34.59,2,1.771331,370.2158,-0.7265682,0.4101821,6.63707,-7.6722,-33.957,0.08499908,
2,34.6,2,1.774839,370.2006,-0.7311745,0.4119667,6.63707,-7.6722,-33.957,0.08499908,
2,34.61,2,1.769193,370.1906,-0.7270674,0.41096,6.63707,-7.6722,-33.957,0.08499908,
2,34.62,2,1.775441,370.1834,-0.7145672,0.402473,6.63707,-7.6722,-33.957,0.08499908,
2,34.63,2,1.777516,370.181,-0.718774,0.4043698,6.63707,-7.6722,-33.957,0.08499908,
2,34.64,2,1.771493,370.1797,-0.7246334,0.4090524,6.63707,-7.6722,-33.957,0.08499908,
2,34.65,2,1.774537,370.1784,-0.7165372,0.4037883,6.63707,-7.6722,-33.957,0.08499908,
2,34.66,2,1.775703,370.1765,-0.7151008,0.4027141,6.63707,-7.6722,-33.957,0.08499908,
2,34.67,2,1.771543,370.1694,-0.719486,0.4061353,6.63707,-7.6722,-33.957,0.08499908,
2,34.68,2,1.773006,370.1668,-0.7224456,0.4074694,6.63707,-7.6722,-33.957,0.08499908,
2,34.69,2,1.776642,370.1647,-0.7164478,0.4032596,6.63707,-7.6722,-33.957,0.08499908,
2,34.7,2,1.772199,370.1693,-0.7145237,0.4031849,6.63707,-7.6722,-33.957,0.08499908,
2,34.71,2,1.775232,370.1599,-0.7174681,0.4041547,6.63328,-7.6722,-33.9576,0.08559799,
2,34.72,2,1.772514,370.1456,-0.7216929,0.4071577,6.63328,-7.6722,-33.9576,0.08559799,
2,34.73,2,1.772838,370.1492,-0.7248163,0.4088451,6.63328,-7.6722,-33.9576,0.08559799,
2,34.74,2,1.771221,370.1509,-0.7253423,0.4095154,6.63328,-7.6722,-33.9576,0.08559799,
2,34.75,2,1.771901,370.1425,-0.7184601,0.4054742,6.63328,-7.6722,-33.9576,0.08559799,
2,34.76,2,1.775803,370.1405,-0.7188545,0.4048052,6.63328,-7.6722,-33.9576,0.08559799,
2,34.77,2,1.772837,370.1338,-0.7224532,0.4075126,6.63328,-7.6722,-33.9576,0.08559799,
2,34.78,2,1.771139,370.1394,-0.7234539,0.4084682,6.63328,-7.6722,-33.9576,0.08559799,
2,34.79,2,1.772033,370.1357,-0.7197708,0.4061837,6.63328,-7.6722,-33.9576,0.08559799,
2,34.8,2,1.77391,370.1316,-0.7270348,0.4098488,6.63328,-7.6722,-33.9576,0.08559799,
2,34.81,2,1.778671,370.109,-0.7299086,0.4103675,6.63328,-7.6722,-33.9576,0.08559799,
2,34.82,2,1.781095,370.0943,-0.7307804,0.4102984,6.63328,-7.6722,-33.9576,0.08559799,
2,34.83,2,1.783194,370.0418,-0.7276447,0.408057,6.63328,-7.6722,-33.9576,0.08559799,
2,34.84,2,1.784029,370.0627,-0.7245867,0.4061519,6.63328,-7.6722,-33.9576,0.08559799,
2,34.85,2,1.78549,370.1068,-0.7222863,0.4045312,6.63328,-7.6722,-33.9576,0.08559799,
2,34.86,2,1.78252,370.0799,-0.72944,0.4092184,6.63328,-7.6722,-33.9576,0.08559799,
2,34.87,2,1.785692,370.0759,-0.7292125,0.408364,6.63328,-7.6722,-33.9576,0.08559799,
2,34.88,2,1.782605,370.0719,-0.7291557,0.4090394,6.63328,-7.6722,-33.9576,0.08559799,
2,34.89,2,1.784377,370.0293,-0.7347589,0.4117733,6.63328,-7.6722,-33.9576,0.08559799,
2,34.9,2,1.785178,370.0587,-0.7267577,0.4071065,6.63328,-7.6722,-33.9576,0.08559799,
2,34.91,2,1.787032,370.0669,-0.7283375,0.4075682,6.63328,-7.6722,-33.9576,0.08559799,
2,34.92,2,1.785057,370.058,-0.719733,0.4031988,6.62895,-7.6722,-33.9582,0.0861969,
2,34.93,2,1.784649,370.0633,-0.7240431,0.4057062,6.62895,-7.6722,-33.9582,0.0861969,
2,34.94,2,1.787833,370.0446,-0.7252393,0.4056526,6.62895,-7.6722,-33.9582,0.0861969,
2,34.95,2,1.784927,370.0441,-0.7224845,0.4047697,6.62895,-7.6722,-33.9582,0.0861969,
2,34.96,2,1.782691,370.0517,-0.7218952,0.4049469,6.62895,-7.6722,-33.9582,0.0861969,
2,34.97,2,1.783578,370.0454,-0.7283158,0.4083453,6.62895,-7.6722,-33.9582,0.0861969,
2,34.98,2,1.78517,370.044,-0.7240609,0.4055977,6.62895,-7.6722,-33.9582,0.0861969,
2,34.99,2,1.783289,370.0439,-0.7207832,0.4041875,6.62895,-7.6722,-33.9582,0.0861969,
2,35,2,1.784341,370.0455,-0.72383,0.4056568,6.62895,-7.6722,-33.9582,0.0861969,
2,35.01,2,1.784118,370.0292,-0.7248666,0.4062885,6.62895,-7.6722,-33.9582,0.0861969,
2,35.02,2,1.784834,370.0382,-0.7273312,0.4075063,6.62895,-7.6722,-33.9582,0.0861969,
2,35.03,2,1.788618,370.0267,-0.7237374,0.404635,6.62895,-7.6722,-33.9582,0.0861969,
2,35.04,2,1.788408,370.0085,-0.7262161,0.4060685,6.62895,-7.6722,-33.9582,0.0861969,
2,35.05,2,1.792491,369.974,-0.7345361,0.409785,6.62895,-7.6722,-33.9582,0.0861969,
2,35.06,2,1.797735,369.9736,-0.7358574,0.4093248,6.62895,-7.6722,-33.9582,0.0861969,
2,35.07,2,1.795169,370.0011,-0.7282933,0.4056962,6.62895,-7.6722,-33.9582,0.0861969,
2,35.08,2,1.793649,369.9627,-0.727451,0.4055705,6.62895,-7.6722,-33.9582,0.0861969,
2,35.09,2,1.798411,369.9676,-0.7264129,0.4039192,6.62895,-7.6722,-33.9582,0.0861969,
2,35.1,2,1.796749,369.9593,-0.727339,0.4048084,6.62895,-7.6722,-33.9582,0.0861969,
2,35.11,2,1.796511,369.9688,-0.7301155,0.4064075,6.62895,-7.6722,-33.9582,0.0861969,
2,35.12,2,1.797788,369.9749,-0.7332039,0.4078367,6.62895,-7.6722,-33.9582,0.0861969,
2,35.13,2,1.79606,369.96,-0.7324715,0.4078214,6.62895,-7.6722,-33.9582,0.0861969,
2,35.14,2,1.798869,369.9506,-0.7295911,0.4055833,6.62895,-7.6722,-33.9582,0.0861969,
2,35.15,2,1.795357,369.953,-0.7269462,0.4049033,6.62895,-7.6722,-33.9582,0.0861969,
2,35.16,2,1.793909,369.9521,-0.7284619,0.4060751,6.62895,-7.6722,-33.9582,0.0861969,
2,35.17,2,1.795312,369.9435,-0.7294914,0.4063312,6.62515,-7.6722,-33.9588,0.08679962,
2,35.18,2,1.79783,369.9371,-0.7316624,0.4069697,6.62515,-7.6722,-33.9588,0.08679962,
2,35.19,2,1.797874,369.9296,-0.730325,0.406216,6.62515,-7.6722,-33.9588,0.08679962,
2,35.2,2,1.7943,369.9428,-0.7294919,0.4065607,6.62515,-7.6722,-33.9588,0.08679962,
2,35.21,2,1.798186,369.9368,-0.7260038,0.4037423,6.62515,-7.6722,-33.9588,0.08679962,
2,35.22,2,1.796473,369.9334,-0.7256553,0.4039334,6.62515,-7.6722,-33.9588,0.08679962,
2,35.23,2,1.792354,369.9328,-0.7282653,0.4063179,6.62515,-7.6722,-33.9588,0.08679962,
2,35.24,2,1.798192,369.9233,-0.7278401,0.4047622,6.62515,-7.6722,-33.9588,0.08679962,
2,35.25,2,1.796358,369.9297,-0.727377,0.4049176,6.62515,-7.6722,-33.9588,0.08679962,
2,35.26,2,1.794311,369.927,-0.724803,0.4039451,6.62515,-7.6722,-33.9588,0.08679962,
2,35.27,2,1.79445,369.9199,-0.7261723,0.4046768,6.62515,-7.6722,-33.9588,0.08679962,
2,35.28,2,1.796722,369.9289,-0.7282625,0.4053285,6.62515,-7.6722,-33.9588,0.08679962,
2,35.29,2,1.801022,369.8993,-0.7293042,0.4049391,6.62515,-7.6722,-33.9588,0.08679962,
2,35.3,2,1.803076,369.8712,-0.7310247,0.405432,6.62515,-7.6722,-33.9588,0.08679962,
2,35.31,2,1.80557,369.8694,-0.7284548,0.4034488,6.62515,-7.6722,-33.9588,0.08679962,
2,35.32,2,1.811152,369.8496,-0.7292851,0.4026637,6.62515,-7.6722,-33.9588,0.08679962,
2,35.33,2,1.809368,369.8618,-0.7313377,0.4041952,6.62515,-7.6722,-33.9588,0.08679962,
2,35.34,2,1.805648,369.8543,-0.7338123,0.4063983,6.62515,-7.6722,-33.9588,0.08679962,
2,35.35,2,1.807965,369.854,-0.7367832,0.4075207,6.62515,-7.6722,-33.9588,0.08679962,
2,35.36,2,1.806485,369.8647,-0.7372822,0.4081308,6.62515,-7.6722,-33.9588,0.08679962,
2,35.37,2,1.807715,369.8531,-0.7370846,0.4077438,6.62515,-7.6722,-33.9588,0.08679962,
2,35.38,2,1.809002,369.8439,-0.7324251,0.4048781,6.62515,-7.6722,-33.9588,0.08679962,
2,35.39,2,1.809285,369.8452,-0.7318869,0.4045171,6.62515,-7.6722,-33.9588,0.08679962,
2,35.4,2,1.808226,369.839,-0.7338411,0.4058349,6.62515,-7.6722,-33.9588,0.08679962,
2,35.41,2,1.807315,369.8414,-0.7358989,0.4071779,6.62515,-7.6722,-33.9588,0.08679962,
2,35.42,2,1.806524,369.8539,-0.7341179,0.4063704,6.62135,-7.6722,-33.9595,0.08749771,
2,35.43,2,1.809441,369.8273,-0.7331263,0.4051673,6.62135,-7.6722,-33.9595,0.08749771,
2,35.44,2,1.805637,369.8293,-0.7348073,0.4069519,6.62135,-7.6722,-33.9595,0.08749771,
2,35.45,2,1.80726,369.83,-0.7337176,0.4059833,6.62135,-7.6722,-33.9595,0.08749771,
2,35.46,2,1.808068,369.8177,-0.7343827,0.4061699,6.62135,-7.6722,-33.9595,0.08749771,
2,35.47,2,1.808536,369.8352,-0.735881,0.4068933,6.62135,-7.6722,-33.9595,0.08749771,
2,35.48,2,1.807562,369.8698,-0.7376523,0.4080923,6.62135,-7.6722,-33.9595,0.08749771,
2,35.49,2,1.808582,369.8207,-0.7363067,0.4071184,6.62135,-7.6722,-33.9595,0.08749771,
2,35.5,2,1.807396,369.8116,-0.733622,0.4059,6.62135,-7.6722,-33.9595,0.08749771,
2,35.51,2,1.812946,369.8077,-0.7326026,0.4040951,6.62135,-7.6722,-33.9595,0.08749771,
2,35.52,2,1.811075,369.7832,-0.7352172,0.4059563,6.62135,-7.6722,-33.9595,0.08749771,
2,35.53,2,1.818084,369.7705,-0.7359921,0.4048176,6.62135,-7.6722,-33.9595,0.08749771,
2,35.54,2,1.822028,369.7458,-0.736266,0.4040915,6.62135,-7.6722,-33.9595,0.08749771,
2,35.55,2,1.81904,369.7465,-0.7358783,0.4045421,6.62135,-7.6722,-33.9595,0.08749771,
2,35.56,2,1.821033,369.746,-0.7365409,0.4044632,6.62135,-7.6722,-33.9595,0.08749771,
2,35.57,2,1.825339,369.7381,-0.7357438,0.4030724,6.62135,-7.6722,-33.9595,0.08749771,
2,35.58,2,1.818331,369.7452,-0.7384394,0.4061083,6.62135,-7.6722,-33.9595,0.08749771,
2,35.59,2,1.820441,369.7346,-0.7377298,0.4052479,6.62135,-7.6722,-33.9595,0.08749771,
2,35.6,2,1.82172,369.7622,-0.7380492,0.4051387,6.62135,-7.6722,-33.9595,0.08749771,
2,35.61,2,1.820674,369.7276,-0.7400678,0.4064801,6.62135,-7.6722,-33.9595,0.08749771,
2,35.62,2,1.818816,369.7284,-0.7390963,0.4063613,6.62135,-7.6722,-33.9595,0.08749771,
2,35.63,2,1.821988,369.7238,-0.736136,0.404029,6.62135,-7.6722,-33.9595,0.08749771,
2,35.64,2,1.823897,369.7151,-0.7395775,0.4054931,6.62135,-7.6722,-33.9595,0.08749771,
2,35.65,2,1.820678,369.7415,-0.743018,0.4080996,6.61728,-7.6722,-33.9601,0.08809662,
2,35.66,2,1.818956,369.6787,-0.742049,0.4079532,6.61728,-7.6722,-33.9601,0.08809662,
2,35.67,2,1.820514,369.7293,-0.7399041,0.4064258,6.61728,-7.6722,-33.9601,0.08809662,
2,35.68,2,1.819867,369.7085,-0.7401928,0.4067292,6.61728,-7.6722,-33.9601,0.08809662,
2,35.69,2,1.821485,369.7093,-0.7414261,0.4070448,6.61728,-7.6722,-33.9601,0.08809662,
2,35.7,2,1.819566,369.7138,-0.7429488,0.4083111,6.61728,-7.6722,-33.9601,0.08809662,
2,35.71,2,1.8187,369.7003,-0.7413926,0.4076498,6.61728,-7.6722,-33.9601,0.08809662,
2,35.72,2,1.818204,369.7018,-0.7414546,0.4077952,6.61728,-7.6722,-33.9601,0.08809662,
2,35.73,2,1.820438,369.6992,-0.7411345,0.4071187,6.61728,-7.6722,-33.9601,0.08809662,
2,35.74,2,1.822248,369.6931,-0.7410973,0.406694,6.61728,-7.6722,-33.9601,0.08809662,
2,35.75,2,1.823401,369.6918,-0.7384472,0.4049835,6.61728,-7.6722,-33.9601,0.08809662,
2,35.76,2,1.82745,369.6665,-0.7429169,0.406532,6.61728,-7.6722,-33.9601,0.08809662,
2,35.77,2,1.826459,369.6541,-0.7465171,0.4087237,6.61728,-7.6722,-33.9601,0.08809662,
2,35.78,2,1.830586,369.6648,-0.7453012,0.407138,6.61728,-7.6722,-33.9601,0.08809662,
2,35.79,2,1.833447,369.6457,-0.7431047,0.4053047,6.61728,-7.6722,-33.9601,0.08809662,
2,35.8,2,1.829839,369.6429,-0.7439638,0.4065734,6.61728,-7.6722,-33.9601,0.08809662,
2,35.81,2,1.83587,369.6352,-0.7417797,0.4040481,6.61728,-7.6722,-33.9601,0.08809662,
2,35.82,2,1.833493,369.6292,-0.7408338,0.404056,6.61728,-7.6722,-33.9601,0.08809662,
2,35.83,2,1.829601,369.6479,-0.7417507,0.4054166,6.61728,-7.6722,-33.9601,0.08809662,
2,35.84,2,1.831001,369.6434,-0.7419652,0.4052238,6.61728,-7.6722,-33.9601,0.08809662,
2,35.85,2,1.830979,369.6274,-0.7412239,0.4048238,6.61728,-7.6722,-33.9601,0.08809662,
2,35.86,2,1.829744,369.6115,-0.7385333,0.4036266,6.61295,-7.6722,-33.9607,0.08869934,
2,35.87,2,1.832266,369.6241,-0.743139,0.4055847,6.61295,-7.6722,-33.9607,0.08869934,
2,35.88,2,1.831867,369.5953,-0.7438341,0.4060526,6.61295,-7.6722,-33.9607,0.08869934,
2,35.89,2,1.832166,369.6479,-0.7448825,0.4065583,6.61295,-7.6722,-33.9607,0.08869934,
2,35.9,2,1.831785,369.6245,-0.7438725,0.4060916,6.61295,-7.6722,-33.9607,0.08869934,
2,35.91,2,1.829822,369.6099,-0.7432091,0.4061647,6.61295,-7.6722,-33.9607,0.08869934,
2,35.92,2,1.828947,369.6115,-0.7465093,0.4081635,6.61295,-7.6722,-33.9607,0.08869934,
2,35.93,2,1.829693,369.6126,-0.7469712,0.4082494,6.61295,-7.6722,-33.9607,0.08869934,
2,35.94,2,1.828518,369.5993,-0.7472932,0.4086879,6.61295,-7.6722,-33.9607,0.08869934,
2,35.95,2,1.829747,369.5902,-0.7480783,0.4088424,6.61295,-7.6722,-33.9607,0.08869934,
2,35.96,2,1.829093,369.5885,-0.7468514,0.408318,6.61295,-7.6722,-33.9607,0.08869934,
2,35.97,2,1.829023,369.5935,-0.7457093,0.4077092,6.61295,-7.6722,-33.9607,0.08869934,
2,35.98,2,1.83099,369.591,-0.7445742,0.406651,6.61295,-7.6722,-33.9607,0.08869934,
2,35.99,2,1.834292,369.5756,-0.7476642,0.4076036,6.61295,-7.6722,-33.9607,0.08869934,
2,36,2,1.836628,369.5666,-0.7506629,0.408718,6.61295,-7.6722,-33.9607,0.08869934,
2,36.01,2,1.839452,369.5648,-0.75214,0.4088936,6.61295,-7.6722,-33.9607,0.08869934,
2,36.02,2,1.841398,369.5471,-0.752844,0.4088436,6.61295,-7.6722,-33.9607,0.08869934,
2,36.03,2,1.841552,369.5121,-0.7506379,0.4076115,6.61295,-7.6722,-33.9607,0.08869934,
2,36.04,2,1.84184,369.5533,-0.7509894,0.4077387,6.61295,-7.6722,-33.9607,0.08869934,
2,36.05,2,1.843205,369.5273,-0.7537929,0.4089578,6.61295,-7.6722,-33.9607,0.08869934,
2,36.06,2,1.840886,369.5284,-0.7598917,0.4127858,6.61295,-7.6722,-33.9607,0.08869934,
2,36.07,2,1.844184,369.504,-0.7580051,0.4110248,6.61295,-7.6722,-33.9607,0.08869934,
2,36.08,2,1.841017,369.5272,-0.7588105,0.4121693,6.61295,-7.6722,-33.9607,0.08869934,
2,36.09,2,1.841631,369.5254,-0.7529672,0.4088588,6.61295,-7.6722,-33.9607,0.08869934,
2,36.1,2,1.842535,369.517,-0.7480063,0.4059658,6.61295,-7.6722,-33.9607,0.08869934,
2,36.11,2,1.840411,369.5093,-0.7528719,0.4090781,6.61295,-7.6722,-33.9607,0.08869934,
2,36.12,2,1.840022,369.515,-0.7528709,0.4091641,6.61295,-7.6722,-33.9607,0.08869934,
2,36.13,2,1.843173,369.4895,-0.7512664,0.4075942,6.60887,-7.6722,-33.9614,0.08939743,
2,36.14,2,1.841937,369.5064,-0.7493733,0.4068398,6.60887,-7.6722,-33.9614,0.08939743,
2,36.15,2,1.841523,369.5011,-0.7469457,0.4056131,6.60887,-7.6722,-33.9614,0.08939743,
2,36.16,2,1.841148,369.5029,-0.7473672,0.4059247,6.60887,-7.6722,-33.9614,0.08939743,
2,36.17,2,1.84386,369.4999,-0.7474127,0.4053523,6.60887,-7.6722,-33.9614,0.08939743,
2,36.18,2,1.841903,369.4934,-0.7513958,0.4079454,6.60887,-7.6722,-33.9614,0.08939743,
2,36.19,2,1.8406,369.4704,-0.7509993,0.4080187,6.60887,-7.6722,-33.9614,0.08939743,
2,36.2,2,1.842799,369.4865,-0.750677,0.407357,6.60887,-7.6722,-33.9614,0.08939743,
2,36.21,2,1.840091,369.4954,-0.7486186,0.4068378,6.60887,-7.6722,-33.9614,0.08939743,
2,36.22,2,1.838759,369.488,-0.7493367,0.407523,6.60887,-7.6722,-33.9614,0.08939743,
2,36.23,2,1.847865,369.4669,-0.7502564,0.4060127,6.60887,-7.6722,-33.9614,0.08939743,
2,36.24,2,1.849809,369.4406,-0.7525539,0.4068278,6.60887,-7.6722,-33.9614,0.08939743,
2,36.25,2,1.851401,369.4158,-0.7530528,0.4067474,6.60887,-7.6722,-33.9614,0.08939743,
2,36.26,2,1.853567,369.4145,-0.7547068,0.4071646,6.60887,-7.6722,-33.9614,0.08939743,
2,36.27,2,1.852617,369.435,-0.7542204,0.4071107,6.60887,-7.6722,-33.9614,0.08939743,
2,36.28,2,1.855353,369.423,-0.7542799,0.4065425,6.60887,-7.6722,-33.9614,0.08939743,
2,36.29,2,1.854976,369.4229,-0.7569603,0.4080701,6.60887,-7.6722,-33.9614,0.08939743,
2,36.3,2,1.851041,369.4264,-0.758613,0.4098305,6.60887,-7.6722,-33.9614,0.08939743,
2,36.31,2,1.854083,369.4213,-0.7579893,0.4088216,6.60887,-7.6722,-33.9614,0.08939743,
2,36.32,2,1.857241,369.41,-0.7561257,0.4071231,6.60887,-7.6722,-33.9614,0.08939743,
2,36.33,2,1.85578,369.415,-0.7555045,0.4071089,6.60887,-7.6722,-33.9614,0.08939743,
2,36.34,2,1.854676,369.4033,-0.7549241,0.4070381,6.60887,-7.6722,-33.9614,0.08939743,
2,36.35,2,1.854146,369.4032,-0.7548966,0.4071399,6.60887,-7.6722,-33.9614,0.08939743,
2,36.36,2,1.853537,369.4193,-0.7566494,0.4082192,6.60887,-7.6722,-33.9614,0.08939743,
2,36.37,2,1.854004,369.3966,-0.7565178,0.4080455,6.60887,-7.6722,-33.9614,0.08939743,
2,36.38,2,1.852562,369.3966,-0.753417,0.4066893,6.60507,-7.6722,-33.962,0.09000015,
2,36.39,2,1.855597,369.3985,-0.7532776,0.4059489,6.60507,-7.6722,-33.962,0.09000015,
2,36.4,2,1.855906,369.3968,-0.7546335,0.406612,6.60507,-7.6722,-33.962,0.09000015,
2,36.41,2,1.852783,369.399,-0.7553555,0.407687,6.60507,-7.6722,-33.962,0.09000015,
2,36.42,2,1.850713,369.392,-0.7550023,0.4079522,6.60507,-7.6722,-33.962,0.09000015,
2,36.43,2,1.852949,369.3738,-0.7546272,0.4072574,6.60507,-7.6722,-33.962,0.09000015,
2,36.44,2,1.855325,369.3946,-0.7517627,0.405192,6.60507,-7.6722,-33.962,0.09000015,
2,36.45,2,1.855372,369.3938,-0.7524054,0.405528,6.60507,-7.6722,-33.962,0.09000015,
2,36.46,2,1.861407,369.3565,-0.7527366,0.4043913,6.60507,-7.6722,-33.962,0.09000015,
2,36.47,2,1.862733,369.3419,-0.7557921,0.4057438,6.60507,-7.6722,-33.962,0.09000015,
2,36.48,2,1.865574,369.3223,-0.7575912,0.4060902,6.60507,-7.6722,-33.962,0.09000015,
2,36.49,2,1.868781,369.31,-0.7575376,0.4053646,6.60507,-7.6722,-33.962,0.09000015,
2,36.5,2,1.870806,369.3217,-0.757502,0.4049067,6.60507,-7.6722,-33.962,0.09000015,
2,36.51,2,1.868309,369.316,-0.7595389,0.4065381,6.60507,-7.6722,-33.962,0.09000015,
2,36.52,2,1.868554,369.3143,-0.7588865,0.4061356,6.60507,-7.6722,-33.962,0.09000015,
2,36.53,2,1.86884,369.3096,-0.760214,0.406784,6.60507,-7.6722,-33.962,0.09000015,
2,36.54,2,1.867281,369.3182,-0.7617962,0.4079708,6.60507,-7.6722,-33.962,0.09000015,
2,36.55,2,1.866913,369.3102,-0.7622455,0.408292,6.60507,-7.6722,-33.962,0.09000015,
2,36.56,2,1.868623,369.3058,-0.7597572,0.4065866,6.60507,-7.6722,-33.962,0.09000015,
2,36.57,2,1.867446,369.3001,-0.7594553,0.4066812,6.60507,-7.6722,-33.962,0.09000015,
2,36.58,2,1.863645,369.2939,-0.7594548,0.4075103,6.60507,-7.6722,-33.962,0.09000015,
2,36.59,2,1.865751,369.2948,-0.759977,0.4073304,6.60507,-7.6722,-33.962,0.09000015,
2,36.6,2,1.867026,369.2803,-0.7616221,0.4079333,6.601,-7.6722,-33.9626,0.09059906,
2,36.61,2,1.866686,369.2813,-0.7603426,0.4073221,6.601,-7.6722,-33.9626,0.09059906,
2,36.62,2,1.865402,369.2884,-0.7588206,0.4067865,6.601,-7.6722,-33.9626,0.09059906,
2,36.63,2,1.866253,369.2865,-0.7584596,0.4064078,6.601,-7.6722,-33.9626,0.09059906,
2,36.64,2,1.867906,369.291,-0.7617462,0.4078076,6.601,-7.6722,-33.9626,0.09059906,
2,36.65,2,1.866077,369.2869,-0.7626076,0.4086688,6.601,-7.6722,-33.9626,0.09059906,
2,36.66,2,1.866083,369.2729,-0.7622326,0.4084667,6.601,-7.6722,-33.9626,0.09059906,
2,36.67,2,1.865459,369.2835,-0.7630877,0.4090617,6.601,-7.6722,-33.9626,0.09059906,
2,36.68,2,1.868421,369.275,-0.7611719,0.4073877,6.601,-7.6722,-33.9626,0.09059906,
2,36.69,2,1.869104,369.2745,-0.7600397,0.4066333,6.601,-7.6722,-33.9626,0.09059906,
2,36.7,2,1.86531,369.2698,-0.7604989,0.4077064,6.601,-7.6722,-33.9626,0.09059906,
2,36.71,2,1.866482,369.2531,-0.7603316,0.4073609,6.601,-7.6722,-33.9626,0.09059906,
2,36.72,2,1.869357,369.2705,-0.7611671,0.4071813,6.601,-7.6722,-33.9626,0.09059906,
2,36.73,2,1.871927,369.2472,-0.757195,0.4045002,6.601,-7.6722,-33.9626,0.09059906,
2,36.74,2,1.87606,369.2216,-0.7607061,0.4054808,6.601,-7.6722,-33.9626,0.09059906,
2,36.75,2,1.881333,369.2024,-0.7592834,0.4035879,6.601,-7.6722,-33.9626,0.09059906,
2,36.76,2,1.881058,369.2117,-0.7617936,0.4049814,6.601,-7.6722,-33.9626,0.09059906,
2,36.77,2,1.881154,369.2018,-0.7641312,0.4062034,6.601,-7.6722,-33.9626,0.09059906,
2,36.78,2,1.878706,369.2272,-0.7648765,0.4071296,6.601,-7.6722,-33.9626,0.09059906,
2,36.79,2,1.877311,369.1999,-0.7641513,0.4070457,6.601,-7.6722,-33.9626,0.09059906,
2,36.8,2,1.880533,369.193,-0.7640941,0.4063177,6.601,-7.6722,-33.9626,0.09059906,
2,36.81,2,1.880714,369.1923,-0.7620122,0.4051718,6.601,-7.6722,-33.9626,0.09059906,
2,36.82,2,1.878257,369.1854,-0.7670591,0.4083889,6.601,-7.6722,-33.9626,0.09059906,
2,36.83,2,1.878977,369.1903,-0.769365,0.4094594,6.601,-7.6722,-33.9626,0.09059906,
2,36.84,2,1.880723,369.1589,-0.7680799,0.4083961,6.5964,-7.6722,-33.9633,0.09129715,
2,36.85,2,1.878545,369.1779,-0.7669348,0.40826,6.5964,-7.6722,-33.9633,0.09129715,
2,36.86,2,1.880843,369.1634,-0.7660518,0.4072917,6.5964,-7.6722,-33.9633,0.09129715,
2,36.87,2,1.879684,369.1685,-0.7659392,0.4074829,6.5964,-7.6722,-33.9633,0.09129715,
2,36.88,2,1.8805,369.1745,-0.7686473,0.4087462,6.5964,-7.6722,-33.9633,0.09129715,
2,36.89,2,1.879644,369.1726,-0.7700516,0.4096794,6.5964,-7.6722,-33.9633,0.09129715,
2,36.9,2,1.879305,369.1592,-0.7686237,0.4089935,6.5964,-7.6722,-33.9633,0.09129715,
2,36.91,2,1.878259,369.1625,-0.7678993,0.4088357,6.5964,-7.6722,-33.9633,0.09129715,
2,36.92,2,1.879887,369.1653,-0.7665956,0.4077882,6.5964,-7.6722,-33.9633,0.09129715,
2,36.93,2,1.879687,369.1608,-0.7655847,0.4072938,6.5964,-7.6722,-33.9633,0.09129715,
2,36.94,2,1.879178,369.1571,-0.769347,0.4094061,6.5964,-7.6722,-33.9633,0.09129715,
2,36.95,2,1.882254,369.1161,-0.7680025,0.4080227,6.5964,-7.6722,-33.9633,0.09129715,
2,36.96,2,1.885888,369.1149,-0.7679932,0.4072316,6.5964,-7.6722,-33.9633,0.09129715,
2,36.97,2,1.888399,369.1044,-0.7658852,0.4055737,6.5964,-7.6722,-33.9633,0.09129715,
2,36.98,2,1.89154,369.0962,-0.767777,0.4059006,6.5964,-7.6722,-33.9633,0.09129715,
2,36.99,2,1.893191,369.0901,-0.7687034,0.4060359,6.5964,-7.6722,-33.9633,0.09129715,
2,37,2,1.891857,369.0981,-0.7704289,0.4072342,6.5964,-7.6722,-33.9633,0.09129715,
2,37.01,2,1.892887,369.0885,-0.7699996,0.4067858,6.5964,-7.6722,-33.9633,0.09129715,
2,37.02,2,1.89155,369.079,-0.7692887,0.4066975,6.5964,-7.6722,-33.9633,0.09129715,
2,37.03,2,1.891154,369.0858,-0.7666765,0.4054013,6.5964,-7.6722,-33.9633,0.09129715,
2,37.04,2,1.892944,369.076,-0.7686003,0.4060345,6.5964,-7.6722,-33.9633,0.09129715,
2,37.05,2,1.891512,369.0793,-0.767511,0.4057659,6.5964,-7.6722,-33.9633,0.09129715,
2,37.06,2,1.890425,369.0665,-0.7692806,0.4069352,6.5964,-7.6722,-33.9633,0.09129715,
2,37.07,2,1.889511,369.0591,-0.7711502,0.4081215,6.5964,-7.6722,-33.9633,0.09129715,
2,37.08,2,1.891276,369.0835,-0.7725599,0.4084862,6.5964,-7.6722,-33.9633,0.09129715,
2,37.09,2,1.88984,369.0674,-0.7718495,0.4084205,6.59285,-7.6722,-33.9639,0.09189987,
2,37.1,2,1.889669,369.056,-0.7710379,0.408028,6.59285,-7.6722,-33.9639,0.09189987,
2,37.11,2,1.890377,369.0581,-0.7724031,0.4085974,6.59285,-7.6722,-33.9639,0.09189987,
2,37.12,2,1.892233,369.0605,-0.773642,0.4088513,6.59285,-7.6722,-33.9639,0.09189987,
2,37.13,2,1.891562,369.0635,-0.7742653,0.4093259,6.59285,-7.6722,-33.9639,0.09189987,
2,37.14,2,1.893879,369.053,-0.772836,0.4080704,6.59285,-7.6722,-33.9639,0.09189987,
2,37.15,2,1.892721,369.0532,-0.7724525,0.4081174,6.59285,-7.6722,-33.9639,0.09189987,
2,37.16,2,1.889318,369.0534,-0.7733306,0.4093174,6.59285,-7.6722,-33.9639,0.09189987,
2,37.17,2,1.891275,369.0456,-0.7758006,0.4101999,6.59285,-7.6722,-33.9639,0.09189987,
2,37.18,2,1.891257,369.0506,-0.7761935,0.4104115,6.59285,-7.6722,-33.9639,0.09189987,
2,37.19,2,1.892852,369.0867,-0.7747909,0.4093245,6.59285,-7.6722,-33.9639,0.09189987,
2,37.2,2,1.898166,368.9957,-0.7742553,0.4078965,6.59285,-7.6722,-33.9639,0.09189987,
2,37.21,2,1.901453,368.9779,-0.7742279,0.4071769,6.59285,-7.6722,-33.9639,0.09189987,
2,37.22,2,1.904022,369.0017,-0.7751485,0.4071111,6.59285,-7.6722,-33.9639,0.09189987,
2,37.23,2,1.904269,368.9911,-0.7774256,0.4082541,6.59285,-7.6722,-33.9639,0.09189987,
2,37.24,2,1.901087,368.9958,-0.7776381,0.4090492,6.59285,-7.6722,-33.9639,0.09189987,
2,37.25,2,1.903646,369.0154,-0.7780995,0.4087418,6.59285,-7.6722,-33.9639,0.09189987,
2,37.26,2,1.902346,368.9773,-0.7761973,0.4080211,6.59285,-7.6722,-33.9639,0.09189987,
2,37.27,2,1.902382,368.972,-0.7749562,0.407361,6.59285,-7.6722,-33.9639,0.09189987,
2,37.28,2,1.902366,368.9765,-0.7740223,0.4068735,6.59285,-7.6722,-33.9639,0.09189987,
2,37.29,2,1.901733,368.9702,-0.7747334,0.4073829,6.59285,-7.6722,-33.9639,0.09189987,
2,37.3,2,1.904741,368.9814,-0.7754767,0.4071298,6.59285,-7.6722,-33.9639,0.09189987,
2,37.31,2,1.901858,368.9839,-0.7782755,0.4092186,6.59285,-7.6722,-33.9639,0.09189987,
2,37.32,2,1.903839,368.9689,-0.7737349,0.4064077,6.58855,-7.6722,-33.9646,0.09259796,
2,37.33,2,1.903587,368.9583,-0.7719561,0.4055272,6.58855,-7.6722,-33.9646,0.09259796,
2,37.34,2,1.901407,368.953,-0.7744454,0.4073012,6.58855,-7.6722,-33.9646,0.09259796,
2,37.35,2,1.901076,368.9519,-0.7747269,0.4075202,6.58855,-7.6722,-33.9646,0.09259796,
2,37.36,2,1.902791,368.9526,-0.7772204,0.4084633,6.58855,-7.6722,-33.9646,0.09259796,
2,37.37,2,1.902211,368.9521,-0.7781883,0.4090968,6.58855,-7.6722,-33.9646,0.09259796,
2,37.38,2,1.902518,368.9371,-0.7745324,0.4071092,6.58855,-7.6722,-33.9646,0.09259796,
2,37.39,2,1.902148,368.9413,-0.775025,0.4074473,6.58855,-7.6722,-33.9646,0.09259796,
2,37.4,2,1.900867,368.9368,-0.776702,0.4086041,6.58855,-7.6722,-33.9646,0.09259796,
2,37.41,2,1.904421,368.9338,-0.7784749,0.4087725,6.58855,-7.6722,-33.9646,0.09259796,
2,37.42,2,1.902553,368.95,-0.7794182,0.4096696,6.58855,-7.6722,-33.9646,0.09259796,
2,37.43,2,1.902445,368.9172,-0.7785057,0.4092132,6.58855,-7.6722,-33.9646,0.09259796,
2,37.44,2,1.90446,368.9438,-0.7797602,0.4094391,6.58855,-7.6722,-33.9646,0.09259796,
2,37.45,2,1.907478,368.9193,-0.7783357,0.4080444,6.58855,-7.6722,-33.9646,0.09259796,
2,37.46,2,1.910892,368.889,-0.7792054,0.4077705,6.58855,-7.6722,-33.9646,0.09259796,
2,37.47,2,1.913719,368.8754,-0.7843331,0.4098476,6.58855,-7.6722,-33.9646,0.09259796,
2,37.48,2,1.913815,368.8733,-0.7848222,0.4100826,6.58855,-7.6722,-33.9646,0.09259796,
2,37.49,2,1.914913,368.8749,-0.7847778,0.4098243,6.58855,-7.6722,-33.9646,0.09259796,
2,37.5,2,1.915153,368.8652,-0.7833648,0.4090352,6.58855,-7.6722,-33.9646,0.09259796,
2,37.51,2,1.916188,368.8622,-0.7831274,0.4086904,6.58855,-7.6722,-33.9646,0.09259796,
2,37.52,2,1.917131,368.8598,-0.7858878,0.409929,6.58855,-7.6722,-33.9646,0.09259796,
2,37.53,2,1.916385,368.8599,-0.7850921,0.4096734,6.58855,-7.6722,-33.9646,0.09259796,
2,37.54,2,1.914833,368.8676,-0.7846798,0.4097903,6.58855,-7.6722,-33.9646,0.09259796,
2,37.55,2,1.913113,368.8686,-0.7833813,0.40948,6.58855,-7.6722,-33.9646,0.09259796,
2,37.56,2,1.915557,368.8509,-0.7819499,0.4082101,6.58855,-7.6722,-33.9646,0.09259796,
2,37.57,2,1.91892,368.8583,-0.7779293,0.4053995,6.5842,-7.6722,-33.9652,0.09319687,
2,37.58,2,1.915915,368.8539,-0.7796805,0.4069493,6.5842,-7.6722,-33.9652,0.09319687,
2,37.59,2,1.914149,368.8404,-0.7816058,0.4083308,6.5842,-7.6722,-33.9652,0.09319687,
2,37.6,2,1.915334,368.8674,-0.7813165,0.4079269,6.5842,-7.6722,-33.9652,0.09319687,
2,37.61,2,1.912902,368.8594,-0.7796537,0.4075765,6.5842,-7.6722,-33.9652,0.09319687,
2,37.62,2,1.916702,368.8406,-0.7784738,0.4061527,6.5842,-7.6722,-33.9652,0.09319687,
2,37.63,2,1.915257,368.833,-0.7785983,0.4065242,6.5842,-7.6722,-33.9652,0.09319687,
2,37.64,2,1.916183,368.8358,-0.7797584,0.4069332,6.5842,-7.6722,-33.9652,0.09319687,
2,37.65,2,1.91418,368.8317,-0.7829164,0.4090089,6.5842,-7.6722,-33.9652,0.09319687,
2,37.66,2,1.915776,368.8301,-0.7900907,0.412413,6.5842,-7.6722,-33.9652,0.09319687,
2,37.67,2,1.91474,368.8118,-0.7861606,0.4105834,6.5842,-7.6722,-33.9652,0.09319687,
2,37.68,2,1.917941,368.8301,-0.7848811,0.4092312,6.5842,-7.6722,-33.9652,0.09319687,
2,37.69,2,1.918502,368.8143,-0.7896506,0.4115974,6.5842,-7.6722,-33.9652,0.09319687,
2,37.7,2,1.923902,368.7749,-0.7888681,0.4100355,6.5842,-7.6722,-33.9652,0.09319687,
2,37.71,2,1.9269,368.7656,-0.7894357,0.409692,6.5842,-7.6722,-33.9652,0.09319687,
2,37.72,2,1.927241,368.7559,-0.7894394,0.4096215,6.5842,-7.6722,-33.9652,0.09319687,
2,37.73,2,1.928042,368.7637,-0.7907498,0.4101311,6.5842,-7.6722,-33.9652,0.09319687,
2,37.74,2,1.929323,368.7545,-0.7940274,0.4115576,6.5842,-7.6722,-33.9652,0.09319687,
2,37.75,2,1.930504,368.751,-0.7921054,0.4103101,6.5842,-7.6722,-33.9652,0.09319687,
2,37.76,2,1.926105,368.747,-0.7923613,0.41138,6.5842,-7.6722,-33.9652,0.09319687,
2,37.77,2,1.928463,368.7542,-0.793083,0.4112513,6.5842,-7.6722,-33.9652,0.09319687,
2,37.78,2,1.929095,368.7157,-0.7912881,0.4101861,6.5842,-7.6722,-33.9652,0.09319687,
2,37.79,2,1.925427,368.7779,-0.7956141,0.4132143,6.5842,-7.6722,-33.9652,0.09319687,
2,37.8,2,1.925989,368.7449,-0.7932594,0.4118712,6.5842,-7.6722,-33.9652,0.09319687,
2,37.81,2,1.9293,368.7425,-0.7902394,0.4095989,6.5842,-7.6722,-33.9652,0.09319687,
2,37.82,2,1.92837,368.7324,-0.7921163,0.41077,6.5842,-7.6722,-33.9652,0.09319687,
2,37.83,2,1.926157,368.7512,-0.7926724,0.4115306,6.5804,-7.6722,-33.9658,0.09379959,
2,37.84,2,1.927922,368.6748,-0.7928259,0.4112334,6.5804,-7.6722,-33.9658,0.09379959,
2,37.85,2,1.926629,368.7346,-0.7964024,0.4133656,6.5804,-7.6722,-33.9658,0.09379959,
2,37.86,2,1.926471,368.7363,-0.791805,0.4110133,6.5804,-7.6722,-33.9658,0.09379959,
2,37.87,2,1.927717,368.7314,-0.7920299,0.4108642,6.5804,-7.6722,-33.9658,0.09379959,
2,37.88,2,1.926891,368.7264,-0.7957841,0.4129886,6.5804,-7.6722,-33.9658,0.09379959,
2,37.89,2,1.925513,368.7211,-0.7972535,0.4140472,6.5804,-7.6722,-33.9658,0.09379959,
2,37.9,2,1.927176,368.7268,-0.7944906,0.4122564,6.5804,-7.6722,-33.9658,0.09379959,
2,37.91,2,1.928053,368.7227,-0.7931265,0.4113614,6.5804,-7.6722,-33.9658,0.09379959,
2,37.92,2,1.928193,368.715,-0.7919177,0.4107046,6.5804,-7.6722,-33.9658,0.09379959,
2,37.93,2,1.928671,368.7137,-0.7893156,0.4092537,6.5804,-7.6722,-33.9658,0.09379959,
2,37.94,2,1.928185,368.7132,-0.790832,0.4101432,6.5804,-7.6722,-33.9658,0.09379959,
2,37.95,2,1.925597,368.7125,-0.7943974,0.412546,6.5804,-7.6722,-33.9658,0.09379959,
2,37.96,2,1.930364,368.6761,-0.7930023,0.4108045,6.5804,-7.6722,-33.9658,0.09379959,
2,37.97,2,1.93636,368.675,-0.7898995,0.4079301,6.5804,-7.6722,-33.9658,0.09379959,
2,37.98,2,1.936538,368.6635,-0.7914947,0.4087163,6.5804,-7.6722,-33.9658,0.09379959,
2,37.99,2,1.940613,368.6552,-0.793974,0.4091358,6.5804,-7.6722,-33.9658,0.09379959,
2,38,2,1.940628,368.6467,-0.7942516,0.4092755,6.5804,-7.6722,-33.9658,0.09379959,
2,38.01,2,1.940549,368.6213,-0.7999224,0.4122145,6.5804,-7.6722,-33.9658,0.09379959,
2,38.02,2,1.94071,368.6776,-0.7986372,0.411518,6.5804,-7.6722,-33.9658,0.09379959,
2,38.03,2,1.938347,368.6228,-0.8018933,0.4136995,6.5804,-7.6722,-33.9658,0.09379959,
2,38.04,2,1.9388,368.6291,-0.798443,0.4118233,6.5804,-7.6722,-33.9658,0.09379959,
2,38.05,2,1.94102,368.6321,-0.8008515,0.4125931,6.5804,-7.6722,-33.9658,0.09379959,
2,38.06,2,1.939299,368.636,-0.7989094,0.4119579,6.5804,-7.6722,-33.9658,0.09379959,
2,38.07,2,1.938898,368.6175,-0.8017892,0.4135284,6.57552,-7.6722,-33.9665,0.09449768,
2,38.08,2,1.940662,368.6271,-0.8016313,0.413071,6.57552,-7.6722,-33.9665,0.09449768,
2,38.09,2,1.938934,368.6259,-0.8021774,0.4137208,6.57552,-7.6722,-33.9665,0.09449768,
2,38.1,2,1.9402,368.6271,-0.8022904,0.4135091,6.57552,-7.6722,-33.9665,0.09449768,
2,38.11,2,1.938722,368.6193,-0.802153,0.4137535,6.57552,-7.6722,-33.9665,0.09449768,
2,38.12,2,1.939715,368.6152,-0.8008013,0.4128449,6.57552,-7.6722,-33.9665,0.09449768,
2,38.13,2,1.939864,368.6147,-0.8035553,0.4142329,6.57552,-7.6722,-33.9665,0.09449768,
2,38.14,2,1.938221,368.5937,-0.8026409,0.4141121,6.57552,-7.6722,-33.9665,0.09449768,
2,38.15,2,1.938592,368.6002,-0.8017597,0.4135784,6.57552,-7.6722,-33.9665,0.09449768,
2,38.16,2,1.939942,368.604,-0.8004531,0.4126171,6.57552,-7.6722,-33.9665,0.09449768,
2,38.17,2,1.939139,368.5967,-0.7954999,0.4102336,6.57552,-7.6722,-33.9665,0.09449768,
2,38.18,2,1.944731,368.6038,-0.7958862,0.4092526,6.57552,-7.6722,-33.9665,0.09449768,
2,38.19,2,1.94453,368.5692,-0.7966409,0.4096831,6.57552,-7.6722,-33.9665,0.09449768,
2,38.2,2,1.948969,368.5481,-0.797302,0.4090892,6.57552,-7.6722,-33.9665,0.09449768,
2,38.21,2,1.951742,368.56,-0.7983788,0.4090596,6.57552,-7.6722,-33.9665,0.09449768,
2,38.22,2,1.954327,368.5475,-0.7948939,0.4067354,6.57552,-7.6722,-33.9665,0.09449768,
2,38.23,2,1.953327,368.5395,-0.799102,0.4090979,6.57552,-7.6722,-33.9665,0.09449768,
2,38.24,2,1.952277,368.5379,-0.8018858,0.4107438,6.57552,-7.6722,-33.9665,0.09449768,
2,38.25,2,1.951063,368.4983,-0.7978417,0.4089266,6.57552,-7.6722,-33.9665,0.09449768,
2,38.26,2,1.952399,368.5149,-0.796214,0.4078132,6.57552,-7.6722,-33.9665,0.09449768,
2,38.27,2,1.953038,368.5217,-0.7965071,0.4078299,6.57552,-7.6722,-33.9665,0.09449768,
2,38.28,2,1.951421,368.5163,-0.7958722,0.4078423,6.57552,-7.6722,-33.9665,0.09449768,
2,38.29,2,1.954362,368.5207,-0.7976701,0.4081486,6.57552,-7.6722,-33.9665,0.09449768,
2,38.3,2,1.95202,368.517,-0.8007922,0.4102376,6.57552,-7.6722,-33.9665,0.09449768,
2,38.31,2,1.953322,368.5211,-0.8037723,0.4114899,6.57552,-7.6722,-33.9665,0.09449768,
2,38.32,2,1.951735,368.5147,-0.8031498,0.4115055,6.57552,-7.6722,-33.9665,0.09449768,
2,38.33,2,1.955384,368.509,-0.8018357,0.4100657,6.57172,-7.6722,-33.9671,0.09509659,
2,38.34,2,1.956155,368.5008,-0.8008542,0.4094022,6.57172,-7.6722,-33.9671,0.09509659,
2,38.35,2,1.954061,368.4994,-0.8009702,0.4099003,6.57172,-7.6722,-33.9671,0.09509659,
2,38.36,2,1.953295,368.5083,-0.8049919,0.41212,6.57172,-7.6722,-33.9671,0.09509659,
2,38.37,2,1.95504,368.4596,-0.8052041,0.4118608,6.57172,-7.6722,-33.9671,0.09509659,
2,38.38,2,1.954027,368.4837,-0.8031804,0.4110386,6.57172,-7.6722,-33.9671,0.09509659,
2,38.39,2,1.951769,368.5157,-0.8035405,0.4116985,6.57172,-7.6722,-33.9671,0.09509659,
2,38.4,2,1.950197,368.4838,-0.8033644,0.41194,6.57172,-7.6722,-33.9671,0.09509659,
2,38.41,2,1.952273,368.4853,-0.8079243,0.4138378,6.57172,-7.6722,-33.9671,0.09509659,
2,38.42,2,1.951462,368.4984,-0.8043815,0.4121943,6.57172,-7.6722,-33.9671,0.09509659,
2,38.43,2,1.95243,368.5103,-0.8087663,0.4142358,6.57172,-7.6722,-33.9671,0.09509659,
2,38.44,2,1.956943,368.4838,-0.8048716,0.4112903,6.57172,-7.6722,-33.9671,0.09509659,
2,38.45,2,1.958844,368.4507,-0.8077006,0.4123354,6.57172,-7.6722,-33.9671,0.09509659,
2,38.46,2,1.962851,368.4449,-0.8073865,0.4113337,6.57172,-7.6722,-33.9671,0.09509659,
2,38.47,2,1.968066,368.4276,-0.805224,0.4091448,6.57172,-7.6722,-33.9671,0.09509659,
2,38.48,2,1.965458,368.4243,-0.8033293,0.4087238,6.57172,-7.6722,-33.9671,0.09509659,
2,38.49,2,1.9665,368.4328,-0.8034062,0.4085462,6.57172,-7.6722,-33.9671,0.09509659,
2,38.5,2,1.968606,368.4201,-0.8012635,0.4070207,6.57172,-7.6722,-33.9671,0.09509659,
2,38.51,2,1.966155,368.4233,-0.7983511,0.4060469,6.57172,-7.6722,-33.9671,0.09509659,
2,38.52,2,1.964438,368.4164,-0.7995572,0.4070157,6.57172,-7.6722,-33.9671,0.09509659,
2,38.53,2,1.96605,368.4111,-0.7987798,0.4062867,6.57172,-7.6722,-33.9671,0.09509659,
2,38.54,2,1.964136,368.4109,-0.7998323,0.4072183,6.57172,-7.6722,-33.9671,0.09509659,
2,38.55,2,1.964708,368.4299,-0.8022503,0.4083306,6.57172,-7.6722,-33.9671,0.09509659,
2,38.56,2,1.965991,368.4028,-0.8008499,0.4073518,6.57172,-7.6722,-33.9671,0.09509659,
2,38.57,2,1.966268,368.3972,-0.8020428,0.407901,6.57172,-7.6722,-33.9671,0.09509659,
2,38.58,2,1.965499,368.4016,-0.8011271,0.4075947,6.56738,-7.6722,-33.9678,0.09579849,
2,38.59,2,1.966568,368.3955,-0.8035139,0.4085869,6.56738,-7.6722,-33.9678,0.09579849,
2,38.6,2,1.968164,368.418,-0.8039624,0.4084834,6.56738,-7.6722,-33.9678,0.09579849,
2,38.61,2,1.965693,368.3858,-0.8041221,0.4090782,6.56738,-7.6722,-33.9678,0.09579849,
2,38.62,2,1.965,368.3823,-0.8027494,0.4085238,6.56738,-7.6722,-33.9678,0.09579849,
2,38.63,2,1.966142,368.3775,-0.8018287,0.4078183,6.56738,-7.6722,-33.9678,0.09579849,
2,38.64,2,1.965105,368.3758,-0.801901,0.4080703,6.56738,-7.6722,-33.9678,0.09579849,
2,38.65,2,1.962298,368.3759,-0.8048409,0.4101522,6.56738,-7.6722,-33.9678,0.09579849,
2,38.66,2,1.964999,368.3731,-0.8059489,0.4101522,6.56738,-7.6722,-33.9678,0.09579849,
2,38.67,2,1.964899,368.3545,-0.8057612,0.4100776,6.56738,-7.6722,-33.9678,0.09579849,
2,38.68,2,1.969443,368.3669,-0.8032595,0.4078612,6.56738,-7.6722,-33.9678,0.09579849,
2,38.69,2,1.970814,368.3383,-0.8049331,0.4084267,6.56738,-7.6722,-33.9678,0.09579849,
2,38.7,2,1.975656,368.3285,-0.8058208,0.4078751,6.56738,-7.6722,-33.9678,0.09579849,
2,38.71,2,1.977939,368.3154,-0.8074211,0.4082133,6.56738,-7.6722,-33.9678,0.09579849,
2,38.72,2,1.977471,368.2945,-0.8109259,0.4100824,6.56738,-7.6722,-33.9678,0.09579849,
2,38.73,2,1.976455,368.3255,-0.8082605,0.4089445,6.56738,-7.6722,-33.9678,0.09579849,
2,38.74,2,1.980866,368.3049,-0.8073542,0.4075764,6.56738,-7.6722,-33.9678,0.09579849,
2,38.75,2,1.980017,368.3003,-0.8066911,0.4074163,6.56738,-7.6722,-33.9678,0.09579849,
2,38.76,2,1.977443,368.2982,-0.807455,0.4083329,6.56738,-7.6722,-33.9678,0.09579849,
2,38.77,2,1.977831,368.2938,-0.8072281,0.4081381,6.56738,-7.6722,-33.9678,0.09579849,
2,38.78,2,1.979872,368.2972,-0.8085371,0.4083785,6.56738,-7.6722,-33.9678,0.09579849,
2,38.79,2,1.976903,368.2906,-0.8070871,0.4082583,6.56332,-7.6722,-33.9684,0.0963974,
2,38.8,2,1.978327,368.2958,-0.805221,0.4070213,6.56332,-7.6722,-33.9684,0.0963974,
2,38.81,2,1.979159,368.2867,-0.8047726,0.4066235,6.56332,-7.6722,-33.9684,0.0963974,
2,38.82,2,1.978803,368.276,-0.805106,0.4068651,6.56332,-7.6722,-33.9684,0.0963974,
2,38.83,2,1.978399,368.2852,-0.8065364,0.4076713,6.56332,-7.6722,-33.9684,0.0963974,
2,38.84,2,1.977503,368.2935,-0.8064215,0.4077979,6.56332,-7.6722,-33.9684,0.0963974,
2,38.85,2,1.975911,368.2937,-0.8071089,0.4084744,6.56332,-7.6722,-33.9684,0.0963974,
2,38.86,2,1.978718,368.2787,-0.804627,0.4066406,6.56332,-7.6722,-33.9684,0.0963974,
2,38.87,2,1.977151,368.2678,-0.806148,0.4077322,6.56332,-7.6722,-33.9684,0.0963974,
2,38.88,2,1.978739,368.2678,-0.8096228,0.409161,6.56332,-7.6722,-33.9684,0.0963974,
2,38.89,2,1.976704,368.2707,-0.8095956,0.4095683,6.56332,-7.6722,-33.9684,0.0963974,
2,38.9,2,1.98119,368.2561,-0.8113096,0.4095062,6.56332,-7.6722,-33.9684,0.0963974,
2,38.91,2,1.985317,368.2305,-0.811801,0.4089024,6.56332,-7.6722,-33.9684,0.0963974,
2,38.92,2,1.985954,368.2169,-0.8090923,0.4074074,6.56332,-7.6722,-33.9684,0.0963974,
2,38.93,2,1.989917,368.2162,-0.8092989,0.4066999,6.56332,-7.6722,-33.9684,0.0963974,
2,38.94,2,1.991522,368.2186,-0.8115398,0.4074973,6.56332,-7.6722,-33.9684,0.0963974,
2,38.95,2,1.990211,368.2094,-0.812097,0.4080456,6.56332,-7.6722,-33.9684,0.0963974,
2,38.96,2,1.991267,368.2535,-0.8146922,0.4091326,6.56332,-7.6722,-33.9684,0.0963974,
2,38.97,2,1.990685,368.1724,-0.8147082,0.4092603,6.56332,-7.6722,-33.9684,0.0963974,
2,38.98,2,1.991662,368.1998,-0.8115273,0.4074624,6.56332,-7.6722,-33.9684,0.0963974,
2,38.99,2,1.990988,368.1914,-0.8118402,0.4077574,6.56332,-7.6722,-33.9684,0.0963974,
2,39,2,1.992008,368.1936,-0.8145716,0.4089198,6.56332,-7.6722,-33.9684,0.0963974,
2,39.01,2,1.992164,368.1799,-0.815767,0.4094878,6.55953,-7.6722,-33.969,0.09700012,
2,39.02,2,1.989059,368.1929,-0.8131382,0.4088055,6.55953,-7.6722,-33.969,0.09700012,
2,39.03,2,1.987517,368.1904,-0.812813,0.408959,6.55953,-7.6722,-33.969,0.09700012,
2,39.04,2,1.988463,368.1885,-0.814033,0.4093781,6.55953,-7.6722,-33.969,0.09700012,
2,39.05,2,1.989056,368.1803,-0.8136684,0.4090727,6.55953,-7.6722,-33.969,0.09700012,
2,39.06,2,1.989384,368.1739,-0.812458,0.4083968,6.55953,-7.6722,-33.969,0.09700012,
2,39.07,2,1.989573,368.1838,-0.8125768,0.4084178,6.55953,-7.6722,-33.969,0.09700012,
2,39.08,2,1.988093,368.1592,-0.8118929,0.4083778,6.55953,-7.6722,-33.969,0.09700012,
2,39.09,2,1.98752,368.1641,-0.8099788,0.4075325,6.55953,-7.6722,-33.969,0.09700012,
2,39.1,2,1.990498,368.1754,-0.8096594,0.4067623,6.55953,-7.6722,-33.969,0.09700012,
2,39.11,2,1.98997,368.1652,-0.8108656,0.4074763,6.55953,-7.6722,-33.969,0.09700012,
2,39.12,2,1.99149,368.1587,-0.8129841,0.4082291,6.55953,-7.6722,-33.969,0.09700012,
2,39.13,2,1.994358,368.1448,-0.8123785,0.4073383,6.55953,-7.6722,-33.969,0.09700012,
2,39.14,2,1.993265,368.1134,-0.8132148,0.4079812,6.55953,-7.6722,-33.969,0.09700012,
2,39.15,2,1.999346,368.1116,-0.8145019,0.4073841,6.55953,-7.6722,-33.969,0.09700012,
2,39.16,2,1.999314,368.1084,-0.8144851,0.4073824,6.55953,-7.6722,-33.969,0.09700012,
2,39.17,2,2.001658,368.0917,-0.8149025,0.4071138,6.55953,-7.6722,-33.969,0.09700012,
2,39.18,2,2.002721,368.0975,-0.8177577,0.4083233,6.55953,-7.6722,-33.969,0.09700012,
2,39.19,2,2.001368,368.0818,-0.8167135,0.4080776,6.55953,-7.6722,-33.969,0.09700012,
2,39.2,2,2.000529,368.0746,-0.8168139,0.408299,6.55953,-7.6722,-33.969,0.09700012,
2,39.21,2,2.001065,368.0947,-0.8164514,0.4080085,6.55953,-7.6722,-33.969,0.09700012,
2,39.22,2,2.000863,368.0724,-0.8158981,0.407773,6.55953,-7.6722,-33.969,0.09700012,
2,39.23,2,2.001069,368.084,-0.816648,0.4081059,6.55953,-7.6722,-33.969,0.09700012,
2,39.24,2,2.00031,368.0789,-0.8195696,0.4097213,6.55573,-7.6722,-33.9696,0.09759903,
2,39.25,2,2.001093,368.0722,-0.8198885,0.4097202,6.55573,-7.6722,-33.9696,0.09759903,
2,39.26,2,2.003407,368.0795,-0.8226339,0.4106174,6.55573,-7.6722,-33.9696,0.09759903,
2,39.27,2,2.001936,368.0677,-0.8201323,0.4096695,6.55573,-7.6722,-33.9696,0.09759903,
2,39.28,2,2.001582,368.0715,-0.8193566,0.4093545,6.55573,-7.6722,-33.9696,0.09759903,
2,39.29,2,1.999946,368.0672,-0.8196673,0.4098447,6.55573,-7.6722,-33.9696,0.09759903,
2,39.3,2,2.000825,368.0616,-0.8201975,0.4099296,6.55573,-7.6722,-33.9696,0.09759903,
2,39.31,2,2.001857,368.1004,-0.8200034,0.4096214,6.55573,-7.6722,-33.9696,0.09759903,
2,39.32,2,2.001098,368.0731,-0.8200158,0.409783,6.55573,-7.6722,-33.9696,0.09759903,
2,39.33,2,2.00027,368.0621,-0.8187074,0.4092985,6.55573,-7.6722,-33.9696,0.09759903,
2,39.34,2,2.000024,368.0693,-0.8179544,0.4089722,6.55573,-7.6722,-33.9696,0.09759903,
2,39.35,2,2.005749,368.0432,-0.8163785,0.4070192,6.55573,-7.6722,-33.9696,0.09759903,
2,39.36,2,2.008846,368.0292,-0.8173399,0.4068705,6.55573,-7.6722,-33.9696,0.09759903,
2,39.37,2,2.009246,368.0277,-0.8188809,0.4075564,6.55573,-7.6722,-33.9696,0.09759903,
2,39.38,2,2.012716,368.0095,-0.818984,0.406905,6.55573,-7.6722,-33.9696,0.09759903,
2,39.39,2,2.013636,368.0019,-0.8172821,0.4058738,6.55573,-7.6722,-33.9696,0.09759903,
2,39.4,2,2.01107,367.9998,-0.8165253,0.4060155,6.55573,-7.6722,-33.9696,0.09759903,
2,39.41,2,2.01328,367.9984,-0.8181913,0.4063971,6.55573,-7.6722,-33.9696,0.09759903,
2,39.42,2,2.013164,367.9926,-0.819698,0.407169,6.55573,-7.6722,-33.9696,0.09759903,
2,39.43,2,2.013292,367.9997,-0.8188649,0.4067293,6.55573,-7.6722,-33.9696,0.09759903,
2,39.44,2,2.012142,367.9725,-0.8223674,0.4087025,6.55573,-7.6722,-33.9696,0.09759903,
2,39.45,2,2.009811,367.9926,-0.819865,0.4079314,6.55573,-7.6722,-33.9696,0.09759903,
2,39.46,2,2.012702,367.9771,-0.8205732,0.4076973,6.55573,-7.6722,-33.9696,0.09759903,
2,39.47,2,2.013143,367.9795,-0.8216127,0.4081244,6.55573,-7.6722,-33.9696,0.09759903,
2,39.48,2,2.012135,367.9789,-0.8231244,0.4090802,6.55193,-7.6722,-33.9702,0.09819794,
2,39.49,2,2.012849,367.9626,-0.8262307,0.4104782,6.55193,-7.6722,-33.9702,0.09819794,
2,39.5,2,2.011739,367.9731,-0.8237087,0.409451,6.55193,-7.6722,-33.9702,0.09819794,
2,39.51,2,2.010318,367.9667,-0.8235003,0.4096369,6.55193,-7.6722,-33.9702,0.09819794,
2,39.52,2,2.010507,367.9553,-0.8223002,0.4090014,6.55193,-7.6722,-33.9702,0.09819794,
2,39.53,2,2.009804,367.9625,-0.823496,0.4097393,6.55193,-7.6722,-33.9702,0.09819794,
2,39.54,2,2.013005,367.9709,-0.8256308,0.4101485,6.55193,-7.6722,-33.9702,0.09819794,
2,39.55,2,2.012766,367.9014,-0.8255461,0.4101551,6.55193,-7.6722,-33.9702,0.09819794,
2,39.56,2,2.012674,367.9634,-0.8243954,0.4096021,6.55193,-7.6722,-33.9702,0.09819794,
2,39.57,2,2.01349,367.9659,-0.8240771,0.4092779,6.55193,-7.6722,-33.9702,0.09819794,
2,39.58,2,2.011163,367.9498,-0.8247841,0.4101031,6.55193,-7.6722,-33.9702,0.09819794,
2,39.59,2,2.015483,367.9467,-0.8232594,0.4084675,6.55193,-7.6722,-33.9702,0.09819794,
2,39.6,2,2.017533,367.9131,-0.8257071,0.4092657,6.55193,-7.6722,-33.9702,0.09819794,
2,39.61,2,2.020066,367.876,-0.8253806,0.4085908,6.55193,-7.6722,-33.9702,0.09819794,
2,39.62,2,2.025006,367.8981,-0.8256215,0.4077131,6.55193,-7.6722,-33.9702,0.09819794,
2,39.63,2,2.025302,367.8856,-0.8260521,0.4078661,6.55193,-7.6722,-33.9702,0.09819794,
2,39.64,2,2.024035,367.8819,-0.8242365,0.4072244,6.55193,-7.6722,-33.9702,0.09819794,
2,39.65,2,2.026866,367.8821,-0.8260653,0.4075578,6.55193,-7.6722,-33.9702,0.09819794,
2,39.66,2,2.026832,367.8664,-0.8279203,0.40848,6.55193,-7.6722,-33.9702,0.09819794,
2,39.67,2,2.026771,367.8564,-0.8262092,0.4076481,6.55193,-7.6722,-33.9702,0.09819794,
2,39.68,2,2.025335,367.8753,-0.8232549,0.4064785,6.55193,-7.6722,-33.9702,0.09819794,
2,39.69,2,2.024085,367.8654,-0.8223829,0.4062986,6.55193,-7.6722,-33.9702,0.09819794,
2,39.7,2,2.023944,367.8624,-0.8226207,0.4064443,6.55193,-7.6722,-33.9702,0.09819794,
2,39.71,2,2.026306,367.8642,-0.8239648,0.4066339,6.55193,-7.6722,-33.9702,0.09819794,
2,39.72,2,2.025742,367.8693,-0.828565,0.409018,6.54785,-7.6722,-33.9708,0.09879684,
2,39.73,2,2.028095,367.8698,-0.8301848,0.4093422,6.54785,-7.6722,-33.9708,0.09879684,
2,39.74,2,2.026181,367.8544,-0.8294804,0.4093813,6.54785,-7.6722,-33.9708,0.09879684,
2,39.75,2,2.02646,367.8469,-0.8267532,0.407979,6.54785,-7.6722,-33.9708,0.09879684,
2,39.76,2,2.02396,367.8553,-0.8269681,0.4085891,6.54785,-7.6722,-33.9708,0.09879684,
2,39.77,2,2.024938,367.8316,-0.8261525,0.407989,6.54785,-7.6722,-33.9708,0.09879684,
2,39.78,2,2.024419,367.8388,-0.8269914,0.4085081,6.54785,-7.6722,-33.9708,0.09879684,
2,39.79,2,2.023524,367.842,-0.827877,0.4091264,6.54785,-7.6722,-33.9708,0.09879684,
2,39.8,2,2.0275,367.8265,-0.8276267,0.4082006,6.54785,-7.6722,-33.9708,0.09879684,
2,39.81,2,2.026579,367.8251,-0.8260998,0.4076327,6.54785,-7.6722,-33.9708,0.09879684,
2,39.82,2,2.025302,367.8312,-0.8303591,0.4099928,6.54785,-7.6722,-33.9708,0.09879684,
2,39.83,2,2.029051,367.8156,-0.8292423,0.4086848,6.54785,-7.6722,-33.9708,0.09879684,
2,39.84,2,2.031817,367.8011,-0.8325923,0.4097772,6.54785,-7.6722,-33.9708,0.09879684,
2,39.85,2,2.032764,367.7922,-0.8315436,0.4090704,6.54785,-7.6722,-33.9708,0.09879684,
2,39.86,2,2.036277,367.7777,-0.8306926,0.4079467,6.54785,-7.6722,-33.9708,0.09879684,
2,39.87,2,2.038124,367.7817,-0.8321316,0.4082831,6.54785,-7.6722,-33.9708,0.09879684,
2,39.88,2,2.037044,367.7795,-0.8342683,0.4095486,6.54785,-7.6722,-33.9708,0.09879684,
2,39.89,2,2.037966,367.7693,-0.8356851,0.4100584,6.54785,-7.6722,-33.9708,0.09879684,
2,39.9,2,2.037437,367.756,-0.8363592,0.4104957,6.54785,-7.6722,-33.9708,0.09879684,
2,39.91,2,2.037344,367.7482,-0.8338008,0.4092587,6.54785,-7.6722,-33.9708,0.09879684,
2,39.92,2,2.038407,367.7578,-0.8314302,0.4078823,6.54785,-7.6722,-33.9708,0.09879684,
2,39.93,2,2.036142,367.7647,-0.8310531,0.4081509,6.54785,-7.6722,-33.9708,0.09879684,
2,39.94,2,2.034877,367.7584,-0.833217,0.4094681,6.54785,-7.6722,-33.9708,0.09879684,
2,39.95,2,2.035336,367.7572,-0.8322185,0.408885,6.54785,-7.6722,-33.9708,0.09879684,
2,39.96,2,2.035584,367.7438,-0.8332707,0.4093522,6.54785,-7.6722,-33.9708,0.09879684,
2,39.97,2,2.037094,367.7307,-0.8319249,0.408388,6.54785,-7.6722,-33.9708,0.09879684,
2,39.98,2,2.036017,367.7552,-0.8302187,0.4077661,6.5438,-7.6722,-33.9714,0.09939957,
2,39.99,2,2.035253,367.7347,-0.8287411,0.4071931,6.5438,-7.6722,-33.9714,0.09939957,
2,40,2,2.036202,367.7367,-0.8300483,0.4076453,6.5438,-7.6722,-33.9714,0.09939957,
2,40.01,2,2.03532,367.7302,-0.829334,0.407471,6.5438,-7.6722,-33.9714,0.09939957,
2,40.02,2,2.034124,367.7161,-0.8325578,0.4092955,6.5438,-7.6722,-33.9714,0.09939957,
2,40.03,2,2.037509,367.7335,-0.8318389,0.4082626,6.5438,-7.6722,-33.9714,0.09939957,
2,40.04,2,2.036155,367.7227,-0.8319519,0.4085896,6.5438,-7.6722,-33.9714,0.09939957,
2,40.05,2,2.037435,367.7238,-0.8323464,0.4085267,6.5438,-7.6722,-33.9714,0.09939957,
2,40.06,2,2.036402,367.7209,-0.8340792,0.4095849,6.5438,-7.6722,-33.9714,0.09939957,
2,40.07,2,2.040652,367.7123,-0.8345538,0.4089643,6.5438,-7.6722,-33.9714,0.09939957,
2,40.08,2,2.043558,367.6998,-0.8351296,0.4086645,6.5438,-7.6722,-33.9714,0.09939957,
2,40.09,2,2.043557,367.6798,-0.8371178,0.4096376,6.5438,-7.6722,-33.9714,0.09939957,
2,40.1,2,2.047868,367.6638,-0.836523,0.4084847,6.5438,-7.6722,-33.9714,0.09939957,
2,40.11,2,2.052728,367.6631,-0.8366621,0.4075855,6.5438,-7.6722,-33.9714,0.09939957,
2,40.12,2,2.047276,367.6602,-0.8377421,0.4091985,6.5438,-7.6722,-33.9714,0.09939957,
2,40.13,2,2.04873,367.6617,-0.8395749,0.4098026,6.5438,-7.6722,-33.9714,0.09939957,
2,40.14,2,2.047598,367.6845,-0.8400285,0.4102506,6.5438,-7.6722,-33.9714,0.09939957,
2,40.15,2,2.048848,367.6519,-0.838379,0.4091952,6.5438,-7.6722,-33.9714,0.09939957,
2,40.16,2,2.048368,367.6413,-0.8395202,0.4098484,6.5438,-7.6722,-33.9714,0.09939957,
2,40.17,2,2.048822,367.6462,-0.8402431,0.4101104,6.5438,-7.6722,-33.9714,0.09939957,
2,40.18,2,2.048896,367.641,-0.8425643,0.4112284,6.5438,-7.6722,-33.9714,0.09939957,
2,40.19,2,2.050576,367.6468,-0.8416142,0.4104282,6.5438,-7.6722,-33.9714,0.09939957,
2,40.2,2,2.049472,367.6898,-0.8414766,0.4105822,6.53972,-7.6722,-33.9721,0.1000977,
2,40.21,2,2.049715,367.6411,-0.8397387,0.4096856,6.53972,-7.6722,-33.9721,0.1000977,
2,40.22,2,2.049271,367.6288,-0.8356524,0.4077803,6.53972,-7.6722,-33.9721,0.1000977,
2,40.23,2,2.049261,367.6244,-0.8361295,0.4080152,6.53972,-7.6722,-33.9721,0.1000977,
2,40.24,2,2.049655,367.628,-0.8400537,0.4098513,6.53972,-7.6722,-33.9721,0.1000977,
2,40.25,2,2.050763,367.6323,-0.8400953,0.4096502,6.53972,-7.6722,-33.9721,0.1000977,
2,40.26,2,2.048817,367.6161,-0.8396767,0.4098349,6.53972,-7.6722,-33.9721,0.1000977,
2,40.27,2,2.04962,367.6111,-0.835778,0.4077722,6.53972,-7.6722,-33.9721,0.1000977,
2,40.28,2,2.04868,367.6206,-0.8340198,0.4071011,6.53972,-7.6722,-33.9721,0.1000977,
2,40.29,2,2.050474,367.5967,-0.8335791,0.4065299,6.53972,-7.6722,-33.9721,0.1000977,
2,40.3,2,2.054831,367.5924,-0.8382671,0.4079495,6.53972,-7.6722,-33.9721,0.1000977,
2,40.31,2,2.056366,367.5676,-0.8387784,0.4078936,6.53972,-7.6722,-33.9721,0.1000977,
2,40.32,2,2.060052,367.5748,-0.8396788,0.4076008,6.53972,-7.6722,-33.9721,0.1000977,
2,40.33,2,2.060027,367.5494,-0.8401054,0.4078128,6.53972,-7.6722,-33.9721,0.1000977,
2,40.34,2,2.060209,367.5427,-0.8417359,0.4085683,6.53972,-7.6722,-33.9721,0.1000977,
2,40.35,2,2.062881,367.5479,-0.841804,0.4080721,6.53972,-7.6722,-33.9721,0.1000977,
2,40.36,2,2.061231,367.546,-0.8426632,0.4088156,6.53972,-7.6722,-33.9721,0.1000977,
2,40.37,2,2.060849,367.5587,-0.8429924,0.4090511,6.53972,-7.6722,-33.9721,0.1000977,
2,40.38,2,2.059019,367.494,-0.8439829,0.4098957,6.53972,-7.6722,-33.9721,0.1000977,
2,40.39,2,2.060395,367.5455,-0.8419764,0.408648,6.5362,-7.6722,-33.9727,0.1006966,
2,40.4,2,2.062336,367.5409,-0.8431726,0.4088435,6.5362,-7.6722,-33.9727,0.1006966,
2,40.41,2,2.059323,367.5327,-0.8420753,0.4089088,6.5362,-7.6722,-33.9727,0.1006966,
2,40.42,2,2.060028,367.5234,-0.84538,0.410373,6.5362,-7.6722,-33.9727,0.1006966,
2,40.43,2,2.060722,367.5151,-0.8464918,0.4107744,6.5362,-7.6722,-33.9727,0.1006966,
2,40.44,2,2.059005,367.5228,-0.8477491,0.4117275,6.5362,-7.6722,-33.9727,0.1006966,
2,40.45,2,2.061082,367.5193,-0.8445274,0.4097495,6.5362,-7.6722,-33.9727,0.1006966,
2,40.46,2,2.060297,367.5238,-0.8440652,0.4096813,6.5362,-7.6722,-33.9727,0.1006966,
2,40.47,2,2.058393,367.5266,-0.845616,0.4108137,6.5362,-7.6722,-33.9727,0.1006966,
2,40.48,2,2.060256,367.5222,-0.8457053,0.4104856,6.5362,-7.6722,-33.9727,0.1006966,
2,40.49,2,2.059951,367.52,-0.8452094,0.4103055,6.5362,-7.6722,-33.9727,0.1006966,
2,40.5,2,2.061891,367.522,-0.8458902,0.4102497,6.5362,-7.6722,-33.9727,0.1006966,
2,40.51,2,2.06815,367.4883,-0.845358,0.4087508,6.5362,-7.6722,-33.9727,0.1006966,
2,40.52,2,2.070465,367.4763,-0.8469168,0.4090466,6.5362,-7.6722,-33.9727,0.1006966,
2,40.53,2,2.074208,367.4611,-0.8476087,0.4086422,6.5362,-7.6722,-33.9727,0.1006966,
2,40.54,2,2.074504,367.4605,-0.8473616,0.4084647,6.5362,-7.6722,-33.9727,0.1006966,
2,40.55,2,2.072196,367.47,-0.8522075,0.4112581,6.5362,-7.6722,-33.9727,0.1006966,
2,40.56,2,2.073612,367.4605,-0.8552364,0.4124379,6.5362,-7.6722,-33.9727,0.1006966,
2,40.57,2,2.070493,367.4533,-0.8623031,0.4164723,6.5362,-7.6722,-33.9727,0.1006966,
2,40.58,2,2.071918,367.45,-0.8516436,0.4110411,6.5362,-7.6722,-33.9727,0.1006966,
2,40.59,2,2.073762,367.435,-0.8470727,0.4084714,6.5362,-7.6722,-33.9727,0.1006966,
2,40.6,2,2.070454,367.4348,-0.8552055,0.4130521,6.5362,-7.6722,-33.9727,0.1006966,
2,40.61,2,2.072124,367.4674,-0.8494005,0.4099177,6.5362,-7.6722,-33.9727,0.1006966,
2,40.62,2,2.072952,367.4488,-0.8482873,0.409217,6.5362,-7.6722,-33.9727,0.1006966,
2,40.63,2,2.073783,367.4315,-0.8501192,0.4099365,6.53295,-7.6722,-33.9733,0.1012993,
2,40.64,2,2.072381,367.4283,-0.8493712,0.4098528,6.53295,-7.6722,-33.9733,0.1012993,
2,40.65,2,2.0715,367.4378,-0.8585776,0.4144714,6.53295,-7.6722,-33.9733,0.1012993,
2,40.66,2,2.071772,367.4187,-0.8560967,0.4132195,6.53295,-7.6722,-33.9733,0.1012993,
2,40.67,2,2.072355,367.4092,-0.8538456,0.412017,6.53295,-7.6722,-33.9733,0.1012993,
2,40.68,2,2.072305,367.4062,-0.856609,0.4133605,6.53295,-7.6722,-33.9733,0.1012993,
2,40.69,2,2.073355,367.4114,-0.8572184,0.413445,6.53295,-7.6722,-33.9733,0.1012993,
2,40.7,2,2.070463,367.4069,-0.8584187,0.4146022,6.53295,-7.6722,-33.9733,0.1012993,
2,40.71,2,2.073599,367.4087,-0.8576577,0.4136084,6.53295,-7.6722,-33.9733,0.1012993,
2,40.72,2,2.078335,367.3789,-0.8608919,0.4142219,6.53295,-7.6722,-33.9733,0.1012993,
2,40.73,2,2.081395,367.3967,-0.8601841,0.4132729,6.53295,-7.6722,-33.9733,0.1012993,
2,40.74,2,2.084603,367.3453,-0.8541037,0.4097201,6.53295,-7.6722,-33.9733,0.1012993,
2,40.75,2,2.082675,367.3767,-0.8553299,0.410688,6.53295,-7.6722,-33.9733,0.1012993,
2,40.76,2,2.083405,367.3486,-0.8554686,0.4106109,6.53295,-7.6722,-33.9733,0.1012993,
2,40.77,2,2.086331,367.3431,-0.8565328,0.4105451,6.53295,-7.6722,-33.9733,0.1012993,
2,40.78,2,2.085493,367.3494,-0.8581526,0.4114866,6.53295,-7.6722,-33.9733,0.1012993,
2,40.79,2,2.082379,367.312,-0.858894,0.4124581,6.53295,-7.6722,-33.9733,0.1012993,
2,40.8,2,2.082515,367.3444,-0.8568063,0.4114285,6.53295,-7.6722,-33.9733,0.1012993,
2,40.81,2,2.083689,367.3445,-0.8545377,0.4101081,6.53295,-7.6722,-33.9733,0.1012993,
2,40.82,2,2.083408,367.3354,-0.8541725,0.4099881,6.53295,-7.6722,-33.9733,0.1012993,
2,40.83,2,2.081308,367.3328,-0.8566766,0.4116049,6.53295,-7.6722,-33.9733,0.1012993,
2,40.84,2,2.082243,367.3282,-0.856746,0.4114534,6.53295,-7.6722,-33.9733,0.1012993,
2,40.85,2,2.082761,367.3322,-0.8556328,0.4108166,6.52887,-7.6722,-33.9739,0.1018982,
2,40.86,2,2.084797,367.327,-0.8558771,0.4105325,6.52887,-7.6722,-33.9739,0.1018982,
2,40.87,2,2.085024,367.3235,-0.8526859,0.4089574,6.52887,-7.6722,-33.9739,0.1018982,
2,40.88,2,2.085474,367.3213,-0.8527479,0.4088989,6.52887,-7.6722,-33.9739,0.1018982,
2,40.89,2,2.082715,367.3111,-0.8547466,0.4104003,6.52887,-7.6722,-33.9739,0.1018982,
2,40.9,2,2.082317,367.3173,-0.8570471,0.4115834,6.52887,-7.6722,-33.9739,0.1018982,
2,40.91,2,2.08233,367.2937,-0.8566009,0.4113666,6.52887,-7.6722,-33.9739,0.1018982,
2,40.92,2,2.0839,367.3092,-0.8572053,0.4113467,6.52887,-7.6722,-33.9739,0.1018982,
2,40.93,2,2.085614,367.3044,-0.8558903,0.4103782,6.52887,-7.6722,-33.9739,0.1018982,
2,40.94,2,2.0888,367.2858,-0.8549835,0.4093179,6.52887,-7.6722,-33.9739,0.1018982,
2,40.95,2,2.087672,367.2577,-0.8592322,0.4115744,6.52887,-7.6722,-33.9739,0.1018982,
2,40.96,2,2.090906,367.2298,-0.8587018,0.410684,6.52887,-7.6722,-33.9739,0.1018982,
2,40.97,2,2.097841,367.2332,-0.8600518,0.4099699,6.52887,-7.6722,-33.9739,0.1018982,
2,40.98,2,2.094711,367.248,-0.8590884,0.4101226,6.52887,-7.6722,-33.9739,0.1018982,
2,40.99,2,2.094435,367.2421,-0.8596563,0.4104478,6.52887,-7.6722,-33.9739,0.1018982,
2,41,2,2.095395,367.2363,-0.8597617,0.4103101,6.52887,-7.6722,-33.9739,0.1018982,
2,41.01,2,2.094332,367.2441,-0.8638994,0.4124941,6.52887,-7.6722,-33.9739,0.1018982,
2,41.02,2,2.096472,367.2386,-0.8636466,0.4119524,6.52887,-7.6722,-33.9739,0.1018982,
2,41.03,2,2.098233,367.2425,-0.8649513,0.4122284,6.52887,-7.6722,-33.9739,0.1018982,
2,41.04,2,2.094801,367.2283,-0.8630213,0.4119825,6.52887,-7.6722,-33.9739,0.1018982,
2,41.05,2,2.095923,367.2338,-0.8639712,0.4122152,6.52887,-7.6722,-33.9739,0.1018982,
2,41.06,2,2.094447,367.2183,-0.8621792,0.41165,6.52887,-7.6722,-33.9739,0.1018982,
2,41.07,2,2.091787,367.2153,-0.8653006,0.4136657,6.52887,-7.6722,-33.9739,0.1018982,
2,41.08,2,2.092895,367.2277,-0.8654446,0.4135156,6.52507,-7.6722,-33.9745,0.1024971,
2,41.09,2,2.094144,367.2003,-0.8617935,0.4115255,6.52507,-7.6722,-33.9745,0.1024971,
2,41.1,2,2.094084,367.2097,-0.8596304,0.4105042,6.52507,-7.6722,-33.9745,0.1024971,
2,41.11,2,2.09374,367.2216,-0.861629,0.4115264,6.52507,-7.6722,-33.9745,0.1024971,
2,41.12,2,2.096114,367.2133,-0.8591649,0.4098846,6.52507,-7.6722,-33.9745,0.1024971,
2,41.13,2,2.092515,367.2127,-0.8607331,0.4113391,6.52507,-7.6722,-33.9745,0.1024971,
2,41.14,2,2.092491,367.195,-0.8629448,0.4124007,6.52507,-7.6722,-33.9745,0.1024971,
2,41.15,2,2.091074,367.206,-0.8619526,0.4122056,6.52507,-7.6722,-33.9745,0.1024971,
2,41.16,2,2.091603,367.1914,-0.8592893,0.4108281,6.52507,-7.6722,-33.9745,0.1024971,
2,41.17,2,2.091877,367.2051,-0.8586892,0.4104875,6.52507,-7.6722,-33.9745,0.1024971,
2,41.18,2,2.093568,367.1851,-0.859165,0.4103831,6.52507,-7.6722,-33.9745,0.1024971,
2,41.19,2,2.091725,367.196,-0.8624138,0.4122979,6.52507,-7.6722,-33.9745,0.1024971,
2,41.2,2,2.094662,367.1612,-0.8642955,0.4126182,6.52507,-7.6722,-33.9745,0.1024971,
2,41.21,2,2.098284,367.1533,-0.8607889,0.4102347,6.52507,-7.6722,-33.9745,0.1024971,
2,41.22,2,2.098927,367.1417,-0.8632352,0.4112745,6.52507,-7.6722,-33.9745,0.1024971,
2,41.23,2,2.102275,367.1293,-0.8658932,0.4118838,6.52507,-7.6722,-33.9745,0.1024971,
2,41.24,2,2.103259,367.1266,-0.868983,0.4131603,6.52507,-7.6722,-33.9745,0.1024971,
2,41.25,2,2.104845,367.1329,-0.8690151,0.4128641,6.52507,-7.6722,-33.9745,0.1024971,
2,41.26,2,2.103559,367.1313,-0.8714505,0.4142742,6.52507,-7.6722,-33.9745,0.1024971,
2,41.27,2,2.106696,367.1257,-0.8690966,0.4125401,6.52507,-7.6722,-33.9745,0.1024971,
2,41.28,2,2.102845,367.1125,-0.867864,0.4127095,6.52507,-7.6722,-33.9745,0.1024971,
2,41.29,2,2.105361,367.1165,-0.8657983,0.411235,6.52507,-7.6722,-33.9745,0.1024971,
2,41.3,2,2.106242,367.1145,-0.8663821,0.4113403,6.52507,-7.6722,-33.9745,0.1024971,
2,41.31,2,2.104452,367.1165,-0.8692704,0.4130626,6.52507,-7.6722,-33.9745,0.1024971,
2,41.32,2,2.105829,367.0565,-0.867913,0.4121478,6.52507,-7.6722,-33.9745,0.1024971,
2,41.33,2,2.105192,367.0942,-0.8683456,0.4124781,6.52072,-7.6722,-33.9751,0.1030998,
2,41.34,2,2.105469,367.1043,-0.8667325,0.4116576,6.52072,-7.6722,-33.9751,0.1030998,
2,41.35,2,2.10458,367.1039,-0.8668054,0.4118663,6.52072,-7.6722,-33.9751,0.1030998,
2,41.36,2,2.10539,367.1059,-0.8695947,0.4130327,6.52072,-7.6722,-33.9751,0.1030998,
2,41.37,2,2.105666,367.1086,-0.8704801,0.413399,6.52072,-7.6722,-33.9751,0.1030998,
2,41.38,2,2.102047,367.1081,-0.8694351,0.4136135,6.52072,-7.6722,-33.9751,0.1030998,
2,41.39,2,2.104603,367.0922,-0.8693249,0.4130589,6.52072,-7.6722,-33.9751,0.1030998,
2,41.4,2,2.105409,367.0911,-0.8693659,0.4129203,6.52072,-7.6722,-33.9751,0.1030998,
2,41.41,2,2.106916,367.0894,-0.8686642,0.4122917,6.52072,-7.6722,-33.9751,0.1030998,
2,41.42,2,2.104532,367.0845,-0.8681582,0.4125184,6.52072,-7.6722,-33.9751,0.1030998,
2,41.43,2,2.108906,367.0656,-0.868112,0.4116409,6.52072,-7.6722,-33.9751,0.1030998,
2,41.44,2,2.112232,367.0674,-0.8692129,0.4115139,6.52072,-7.6722,-33.9751,0.1030998,
2,41.45,2,2.115318,367.0395,-0.8669341,0.4098363,6.52072,-7.6722,-33.9751,0.1030998,
2,41.46,2,2.116115,367.0279,-0.8680549,0.4102117,6.52072,-7.6722,-33.9751,0.1030998,
2,41.47,2,2.119706,367.0266,-0.8704171,0.410631,6.52072,-7.6722,-33.9751,0.1030998,
2,41.48,2,2.116063,367.0251,-0.8715024,0.411851,6.52072,-7.6722,-33.9751,0.1030998,
2,41.49,2,2.11692,367.0257,-0.8721564,0.4119932,6.52072,-7.6722,-33.9751,0.1030998,
2,41.5,2,2.116474,367.0356,-0.8741041,0.4130001,6.52072,-7.6722,-33.9751,0.1030998,
2,41.51,2,2.115544,367.0161,-0.8753753,0.4137826,6.52072,-7.6722,-33.9751,0.1030998,
2,41.52,2,2.116768,367.0071,-0.8731964,0.4125139,6.52072,-7.6722,-33.9751,0.1030998,
2,41.53,2,2.117978,367.0056,-0.8741059,0.4127078,6.52072,-7.6722,-33.9751,0.1030998,
2,41.54,2,2.117637,367.0013,-0.8769662,0.414125,6.52072,-7.6722,-33.9751,0.1030998,
2,41.55,2,2.115889,367.0233,-0.8746998,0.4133959,6.52072,-7.6722,-33.9751,0.1030998,
2,41.56,2,2.116991,366.9998,-0.8735259,0.4126261,6.52072,-7.6722,-33.9751,0.1030998,
2,41.57,2,2.120765,366.9862,-0.8774477,0.4137411,6.52072,-7.6722,-33.9751,0.1030998,
2,41.58,2,2.115976,366.991,-0.8758972,0.4139448,6.52072,-7.6722,-33.9751,0.1030998,
2,41.59,2,2.118792,366.9874,-0.873996,0.4124974,6.52072,-7.6722,-33.9751,0.1030998,
2,41.6,2,2.118886,366.9843,-0.8776224,0.4141904,6.51667,-7.6722,-33.9757,0.1036987,
2,41.61,2,2.117584,366.9799,-0.8778013,0.4145295,6.51667,-7.6722,-33.9757,0.1036987,
2,41.62,2,2.114924,366.9807,-0.8739483,0.4132291,6.51667,-7.6722,-33.9757,0.1036987,
2,41.63,2,2.115909,366.9778,-0.8753785,0.4137127,6.51667,-7.6722,-33.9757,0.1036987,
2,41.64,2,2.117489,366.9791,-0.8759936,0.4136946,6.51667,-7.6722,-33.9757,0.1036987,
2,41.65,2,2.119374,366.9866,-0.8751799,0.4129426,6.51667,-7.6722,-33.9757,0.1036987,
2,41.66,2,2.117217,366.9781,-0.8756975,0.4136079,6.51667,-7.6722,-33.9757,0.1036987,
2,41.67,2,2.117367,366.9384,-0.878778,0.4150334,6.51667,-7.6722,-33.9757,0.1036987,
2,41.68,2,2.119577,366.9544,-0.8774182,0.4139591,6.51667,-7.6722,-33.9757,0.1036987,
2,41.69,2,2.118288,366.9646,-0.8756148,0.4133597,6.51667,-7.6722,-33.9757,0.1036987,
2,41.7,2,2.115738,366.9667,-0.8722177,0.4122523,6.51667,-7.6722,-33.9757,0.1036987,
2,41.71,2,2.117531,366.9522,-0.8746037,0.4130299,6.51667,-7.6722,-33.9757,0.1036987,
2,41.72,2,2.123282,366.9489,-0.8818473,0.4153228,6.51667,-7.6722,-33.9757,0.1036987,
2,41.73,2,2.123045,366.9163,-0.8763477,0.4127787,6.51667,-7.6722,-33.9757,0.1036987,
2,41.74,2,2.128789,366.9108,-0.8765585,0.411764,6.51667,-7.6722,-33.9757,0.1036987,
2,41.75,2,2.130689,366.9099,-0.8745894,0.4104726,6.51667,-7.6722,-33.9757,0.1036987,
2,41.76,2,2.130184,366.9028,-0.8766623,0.411543,6.51667,-7.6722,-33.9757,0.1036987,
2,41.77,2,2.131101,366.8885,-0.876911,0.4114825,6.51667,-7.6722,-33.9757,0.1036987,
2,41.78,2,2.130554,366.8837,-0.8787004,0.4124281,6.51667,-7.6722,-33.9757,0.1036987,
2,41.79,2,2.129327,366.8843,-0.8794236,0.4130055,6.51667,-7.6722,-33.9757,0.1036987,
2,41.8,2,2.129844,366.8937,-0.8792458,0.4128216,6.51667,-7.6722,-33.9757,0.1036987,
2,41.81,2,2.129675,366.8806,-0.8780296,0.4122834,6.51667,-7.6722,-33.9757,0.1036987,
2,41.82,2,2.129565,366.8827,-0.8782019,0.4123856,6.51667,-7.6722,-33.9757,0.1036987,
2,41.83,2,2.128739,366.8815,-0.8807885,0.4137608,6.51667,-7.6722,-33.9757,0.1036987,
2,41.84,2,2.129013,366.8706,-0.8810534,0.4138318,6.5118,-7.6722,-33.9763,0.1042976,
2,41.85,2,2.129915,366.8696,-0.8827903,0.414472,6.5118,-7.6722,-33.9763,0.1042976,
2,41.86,2,2.128834,366.872,-0.8798593,0.4133057,6.5118,-7.6722,-33.9763,0.1042976,
2,41.87,2,2.128634,366.869,-0.8792747,0.4130698,6.5118,-7.6722,-33.9763,0.1042976,
2,41.88,2,2.131608,366.8558,-0.8815061,0.4135405,6.5118,-7.6722,-33.9763,0.1042976,
2,41.89,2,2.127108,366.8665,-0.8829359,0.4150876,6.5118,-7.6722,-33.9763,0.1042976,
2,41.9,2,2.127855,366.8613,-0.8830869,0.4150127,6.5118,-7.6722,-33.9763,0.1042976,
2,41.91,2,2.128358,366.8915,-0.88315,0.4149443,6.5118,-7.6722,-33.9763,0.1042976,
2,41.92,2,2.128483,366.8439,-0.882865,0.414786,6.5118,-7.6722,-33.9763,0.1042976,
2,41.93,2,2.12899,366.8597,-0.8812756,0.4139407,6.5118,-7.6722,-33.9763,0.1042976,
2,41.94,2,2.129225,366.836,-0.8809857,0.4137589,6.5118,-7.6722,-33.9763,0.1042976,
2,41.95,2,2.127171,366.843,-0.8827318,0.4149792,6.5118,-7.6722,-33.9763,0.1042976,
2,41.96,2,2.128948,366.84,-0.884892,0.4156475,6.5118,-7.6722,-33.9763,0.1042976,
2,41.97,2,2.13132,366.8666,-0.8845521,0.4150254,6.5118,-7.6722,-33.9763,0.1042976,
2,41.98,2,2.13684,366.8312,-0.8799782,0.4118129,6.5118,-7.6722,-33.9763,0.1042976,
2,41.99,2,2.135212,366.8065,-0.8805578,0.4123983,6.5118,-7.6722,-33.9763,0.1042976,
2,42,2,2.138271,366.7976,-0.8827707,0.4128432,6.5118,-7.6722,-33.9763,0.1042976,
2,42.01,2,2.141992,366.7885,-0.882627,0.412059,6.5118,-7.6722,-33.9763,0.1042976,
2,42.02,2,2.139721,366.802,-0.8851731,0.4136862,6.5118,-7.6722,-33.9763,0.1042976,
2,42.03,2,2.142895,366.784,-0.8849543,0.4129713,6.5118,-7.6722,-33.9763,0.1042976,
2,42.04,2,2.141163,366.7824,-0.8838239,0.4127775,6.5118,-7.6722,-33.9763,0.1042976,
2,42.05,2,2.142705,366.7776,-0.8814909,0.4113916,6.5118,-7.6722,-33.9763,0.1042976,
2,42.06,2,2.140468,366.772,-0.8810984,0.4116383,6.5118,-7.6722,-33.9763,0.1042976,
2,42.07,2,2.140748,366.7617,-0.88495,0.4133836,6.5118,-7.6722,-33.9763,0.1042976,
2,42.08,2,2.14102,366.7632,-0.8866981,0.4141476,6.5118,-7.6722,-33.9763,0.1042976,
2,42.09,2,2.13987,366.7581,-0.8869919,0.4145073,6.5118,-7.6722,-33.9763,0.1042976,
2,42.1,2,2.138947,366.7641,-0.8858815,0.414167,6.5118,-7.6722,-33.9763,0.1042976,
2,42.11,2,2.13933,366.7642,-0.8831355,0.4128094,6.5118,-7.6722,-33.9763,0.1042976,
2,42.12,2,2.140604,366.7506,-0.8847479,0.413317,6.5118,-7.6722,-33.9763,0.1042976,
2,42.13,2,2.141782,366.7491,-0.8854146,0.4134009,6.50745,-7.6722,-33.9769,0.1048965,
2,42.14,2,2.142797,366.7493,-0.887409,0.4141359,6.50745,-7.6722,-33.9769,0.1048965,
2,42.15,2,2.141148,366.7434,-0.8884577,0.4149445,6.50745,-7.6722,-33.9769,0.1048965,
2,42.16,2,2.140193,366.7521,-0.8880883,0.414957,6.50745,-7.6722,-33.9769,0.1048965,
2,42.17,2,2.141283,366.7397,-0.8855958,0.4135818,6.50745,-7.6722,-33.9769,0.1048965,
2,42.18,2,2.139446,366.743,-0.8872761,0.4147222,6.50745,-7.6722,-33.9769,0.1048965,
2,42.19,2,2.140471,366.7285,-0.8899879,0.4157907,6.50745,-7.6722,-33.9769,0.1048965,
2,42.2,2,2.139218,366.7262,-0.8905379,0.4162912,6.50745,-7.6722,-33.9769,0.1048965,
2,42.21,2,2.138616,366.7312,-0.8902449,0.4162715,6.50745,-7.6722,-33.9769,0.1048965,
2,42.22,2,2.141716,366.7235,-0.8896704,0.4154007,6.50745,-7.6722,-33.9769,0.1048965,
2,42.23,2,2.145844,366.718,-0.8877895,0.413725,6.50745,-7.6722,-33.9769,0.1048965,
2,42.24,2,2.148166,366.698,-0.8906168,0.4145941,6.50745,-7.6722,-33.9769,0.1048965,
2,42.25,2,2.152922,366.6887,-0.8908462,0.4137847,6.50745,-7.6722,-33.9769,0.1048965,
2,42.26,2,2.154546,366.7007,-0.8925769,0.414276,6.50745,-7.6722,-33.9769,0.1048965,
2,42.27,2,2.156977,366.6803,-0.892864,0.4139423,6.50745,-7.6722,-33.9769,0.1048965,
2,42.28,2,2.156098,366.6756,-0.8924438,0.4139161,6.50745,-7.6722,-33.9769,0.1048965,
2,42.29,2,2.15587,366.6695,-0.8926869,0.4140727,6.50745,-7.6722,-33.9769,0.1048965,
2,42.3,2,2.154936,366.661,-0.8929223,0.4143614,6.50745,-7.6722,-33.9769,0.1048965,
2,42.31,2,2.155092,366.6552,-0.8934903,0.4145949,6.50745,-7.6722,-33.9769,0.1048965,
2,42.32,2,2.153333,366.664,-0.8944535,0.415381,6.50745,-7.6722,-33.9769,0.1048965,
2,42.33,2,2.153064,366.6473,-0.8922821,0.4144243,6.50745,-7.6722,-33.9769,0.1048965,
2,42.34,2,2.155041,366.6508,-0.8888131,0.4124345,6.50745,-7.6722,-33.9769,0.1048965,
2,42.35,2,2.153141,366.6459,-0.8899719,0.4133366,6.50745,-7.6722,-33.9769,0.1048965,
2,42.36,2,2.155317,366.6382,-0.8905554,0.4131901,6.50745,-7.6722,-33.9769,0.1048965,
2,42.37,2,2.155533,366.6374,-0.8927482,0.4141659,6.50745,-7.6722,-33.9769,0.1048965,
2,42.38,2,2.155026,366.6414,-0.8926781,0.4142308,6.50745,-7.6722,-33.9769,0.1048965,
2,42.39,2,2.152546,366.6256,-0.892513,0.4146313,6.50313,-7.6722,-33.9776,0.1055984,
2,42.4,2,2.155072,366.6355,-0.893778,0.4147323,6.50313,-7.6722,-33.9776,0.1055984,
2,42.41,2,2.156826,366.6328,-0.8925201,0.4138118,6.50313,-7.6722,-33.9776,0.1055984,
2,42.42,2,2.153421,366.6255,-0.8940755,0.4151885,6.50313,-7.6722,-33.9776,0.1055984,
2,42.43,2,2.154421,366.6201,-0.8957498,0.4157729,6.50313,-7.6722,-33.9776,0.1055984,
2,42.44,2,2.151706,366.6132,-0.8953429,0.4161084,6.50313,-7.6722,-33.9776,0.1055984,
2,42.45,2,2.151436,366.6101,-0.8948421,0.4159279,6.50313,-7.6722,-33.9776,0.1055984,
2,42.46,2,2.155718,366.6131,-0.8946629,0.4150185,6.50313,-7.6722,-33.9776,0.1055984,
2,42.47,2,2.153857,366.6189,-0.8927069,0.4144689,6.50313,-7.6722,-33.9776,0.1055984,
2,42.48,2,2.151687,366.6125,-0.8962306,0.4165246,6.50313,-7.6722,-33.9776,0.1055984,
2,42.49,2,2.154143,366.6152,-0.8983397,0.4170288,6.50313,-7.6722,-33.9776,0.1055984,
2,42.5,2,2.152979,366.5767,-0.8958661,0.4161054,6.50313,-7.6722,-33.9776,0.1055984,
2,42.51,2,2.156802,366.6287,-0.8959926,0.4154264,6.50313,-7.6722,-33.9776,0.1055984,
2,42.52,2,2.160883,366.6064,-0.8946707,0.4140302,6.50313,-7.6722,-33.9776,0.1055984,
2,42.53,2,2.161419,366.5729,-0.8967124,0.414872,6.50313,-7.6722,-33.9776,0.1055984,
2,42.54,2,2.165425,366.5633,-0.898773,0.4150562,6.50313,-7.6722,-33.9776,0.1055984,
2,42.55,2,2.165651,366.5626,-0.899757,0.4154673,6.50313,-7.6722,-33.9776,0.1055984,
2,42.56,2,2.164318,366.5122,-0.9008333,0.4162205,6.50313,-7.6722,-33.9776,0.1055984,
2,42.57,2,2.166527,366.5453,-0.8988493,0.4148803,6.50313,-7.6722,-33.9776,0.1055984,
2,42.58,2,2.166874,366.5499,-0.8999954,0.4153427,6.50313,-7.6722,-33.9776,0.1055984,
2,42.59,2,2.165992,366.5419,-0.8977028,0.4144533,6.50313,-7.6722,-33.9776,0.1055984,
2,42.6,2,2.167205,366.5408,-0.8992047,0.4149145,6.50313,-7.6722,-33.9776,0.1055984,
2,42.61,2,2.165545,366.5268,-0.8986717,0.4149864,6.50313,-7.6722,-33.9776,0.1055984,
2,42.62,2,2.166075,366.5211,-0.9000343,0.415514,6.50313,-7.6722,-33.9776,0.1055984,
2,42.63,2,2.167045,366.5303,-0.8989043,0.4148065,6.49823,-7.6722,-33.9782,0.1061974,
2,42.64,2,2.167355,366.5284,-0.8961107,0.4134583,6.49823,-7.6722,-33.9782,0.1061974,
2,42.65,2,2.165571,366.5218,-0.8963929,0.4139291,6.49823,-7.6722,-33.9782,0.1061974,
2,42.66,2,2.166013,366.5212,-0.8981457,0.4146539,6.49823,-7.6722,-33.9782,0.1061974,
2,42.67,2,2.166894,366.5261,-0.8990383,0.4148972,6.49823,-7.6722,-33.9782,0.1061974,
2,42.68,2,2.167239,366.5103,-0.8995923,0.4150868,6.49823,-7.6722,-33.9782,0.1061974,
2,42.69,2,2.166629,366.5176,-0.899466,0.4151453,6.49823,-7.6722,-33.9782,0.1061974,
2,42.7,2,2.165213,366.5085,-0.9008418,0.4160524,6.49823,-7.6722,-33.9782,0.1061974,
2,42.71,2,2.165586,366.5139,-0.9024013,0.4167007,6.49823,-7.6722,-33.9782,0.1061974,
2,42.72,2,2.164904,366.5035,-0.9024951,0.4168753,6.49823,-7.6722,-33.9782,0.1061974,
2,42.73,2,2.166603,366.4863,-0.9032411,0.4168928,6.49823,-7.6722,-33.9782,0.1061974,
2,42.74,2,2.166972,366.5215,-0.9026409,0.4165449,6.49823,-7.6722,-33.9782,0.1061974,
2,42.75,2,2.166159,366.4923,-0.9024013,0.4165905,6.49823,-7.6722,-33.9782,0.1061974,
2,42.76,2,2.170103,366.4709,-0.9012314,0.4152943,6.49823,-7.6722,-33.9782,0.1061974,
2,42.77,2,2.170665,366.4575,-0.9026673,0.4158484,6.49823,-7.6722,-33.9782,0.1061974,
2,42.78,2,2.178493,366.4465,-0.9065235,0.4161242,6.49823,-7.6722,-33.9782,0.1061974,
2,42.79,2,2.17937,366.4425,-0.9074038,0.4163607,6.49823,-7.6722,-33.9782,0.1061974,
2,42.8,2,2.177112,366.4449,-0.9099138,0.4179454,6.49823,-7.6722,-33.9782,0.1061974,
2,42.81,2,2.181099,366.4426,-0.9080833,0.416342,6.49823,-7.6722,-33.9782,0.1061974,
2,42.82,2,2.179686,366.4288,-0.9054638,0.4154102,6.49823,-7.6722,-33.9782,0.1061974,
2,42.83,2,2.181034,366.4249,-0.9058675,0.4153385,6.49823,-7.6722,-33.9782,0.1061974,
2,42.84,2,2.180115,366.4145,-0.9094319,0.4171485,6.49823,-7.6722,-33.9782,0.1061974,
2,42.85,2,2.179171,366.4132,-0.9082583,0.4167907,6.49823,-7.6722,-33.9782,0.1061974,
2,42.86,2,2.182863,366.4066,-0.9064119,0.41524,6.49823,-7.6722,-33.9782,0.1061974,
2,42.87,2,2.180382,366.412,-0.9061257,0.4155812,6.49823,-7.6722,-33.9782,0.1061974,
2,42.88,2,2.17683,366.4162,-0.9052382,0.4158516,6.49823,-7.6722,-33.9782,0.1061974,
2,42.89,2,2.178335,366.4046,-0.9058409,0.4158409,6.49823,-7.6722,-33.9782,0.1061974,
2,42.9,2,2.176888,366.4183,-0.9059407,0.4161631,6.49442,-7.6722,-33.9789,0.1068993,
2,42.91,2,2.176232,366.3958,-0.9064763,0.4165348,6.49442,-7.6722,-33.9789,0.1068993,
2,42.92,2,2.178043,366.3992,-0.907003,0.4164303,6.49442,-7.6722,-33.9789,0.1068993,
2,42.93,2,2.175608,366.402,-0.9049131,0.4159357,6.49442,-7.6722,-33.9789,0.1068993,
2,42.94,2,2.177641,366.3995,-0.9028146,0.4145837,6.49442,-7.6722,-33.9789,0.1068993,
2,42.95,2,2.176785,366.3994,-0.9029493,0.4148086,6.49442,-7.6722,-33.9789,0.1068993,
2,42.96,2,2.175816,366.3974,-0.9066677,0.4167024,6.49442,-7.6722,-33.9789,0.1068993,
2,42.97,2,2.176208,366.366,-0.9067762,0.4166771,6.49442,-7.6722,-33.9789,0.1068993,
2,42.98,2,2.178594,366.3742,-0.9076635,0.4166281,6.49442,-7.6722,-33.9789,0.1068993,
2,42.99,2,2.17841,366.3778,-0.906247,0.4160131,6.49442,-7.6722,-33.9789,0.1068993,
2,43,2,2.17819,366.3802,-0.9072562,0.4165184,6.49442,-7.6722,-33.9789,0.1068993,
2,43.01,2,2.177515,366.3806,-0.9094364,0.4176488,6.49442,-7.6722,-33.9789,0.1068993,
2,43.02,2,2.176676,366.3676,-0.90816,0.4172234,6.49442,-7.6722,-33.9789,0.1068993,
2,43.03,2,2.181631,366.3838,-0.909144,0.4167268,6.49442,-7.6722,-33.9789,0.1068993,
2,43.04,2,2.184417,366.3411,-0.9103242,0.4167355,6.49442,-7.6722,-33.9789,0.1068993,
2,43.05,2,2.18894,366.3232,-0.9113452,0.4163409,6.49442,-7.6722,-33.9789,0.1068993,
2,43.06,2,2.191879,366.3174,-0.9115902,0.4158943,6.49442,-7.6722,-33.9789,0.1068993,
2,43.07,2,2.19314,366.3123,-0.9110441,0.4154063,6.49442,-7.6722,-33.9789,0.1068993,
2,43.08,2,2.192366,366.3152,-0.9141627,0.4169754,6.49442,-7.6722,-33.9789,0.1068993,
2,43.09,2,2.191124,366.2854,-0.914803,0.417504,6.49442,-7.6722,-33.9789,0.1068993,
2,43.1,2,2.19116,366.3032,-0.913869,0.4170709,6.49442,-7.6722,-33.9789,0.1068993,
2,43.11,2,2.192159,366.2946,-0.9126117,0.4163072,6.49442,-7.6722,-33.9789,0.1068993,
2,43.12,2,2.192275,366.3106,-0.914003,0.4169198,6.49442,-7.6722,-33.9789,0.1068993,
2,43.13,2,2.191427,366.3037,-0.9135384,0.4168691,6.49442,-7.6722,-33.9789,0.1068993,
2,43.14,2,2.190828,366.2981,-0.9159455,0.4180818,6.49442,-7.6722,-33.9789,0.1068993,
2,43.15,2,2.193647,366.3338,-0.9160696,0.4176013,6.49442,-7.6722,-33.9789,0.1068993,
2,43.16,2,2.19082,366.2952,-0.9142421,0.4173059,6.49442,-7.6722,-33.9789,0.1068993,
2,43.17,2,2.190082,366.2903,-0.9124162,0.4166129,6.48955,-7.6722,-33.9796,0.1075974,
2,43.18,2,2.192478,366.2813,-0.9122395,0.4160769,6.48955,-7.6722,-33.9796,0.1075974,
2,43.19,2,2.191541,366.2812,-0.9114954,0.4159153,6.48955,-7.6722,-33.9796,0.1075974,
2,43.2,2,2.18932,366.2787,-0.9138715,0.4174226,6.48955,-7.6722,-33.9796,0.1075974,
2,43.21,2,2.189324,366.2679,-0.9137188,0.417352,6.48955,-7.6722,-33.9796,0.1075974,
2,43.22,2,2.1921,366.2663,-0.9100997,0.4151726,6.48955,-7.6722,-33.9796,0.1075974,
2,43.23,2,2.193567,366.2678,-0.9096347,0.4146829,6.48955,-7.6722,-33.9796,0.1075974,
2,43.24,2,2.193972,366.27,-0.9116684,0.4155333,6.48955,-7.6722,-33.9796,0.1075974,
2,43.25,2,2.193963,366.2691,-0.9122478,0.415799,6.48955,-7.6722,-33.9796,0.1075974,
2,43.26,2,2.19218,366.2612,-0.9149041,0.4173489,6.48955,-7.6722,-33.9796,0.1075974,
2,43.27,2,2.193994,366.2858,-0.9150027,0.4170489,6.48955,-7.6722,-33.9796,0.1075974,
2,43.28,2,2.191981,366.251,-0.9132452,0.4166301,6.48955,-7.6722,-33.9796,0.1075974,
2,43.29,2,2.192753,366.249,-0.9138374,0.4167535,6.48955,-7.6722,-33.9796,0.1075974,
2,43.3,2,2.197677,366.2501,-0.9138902,0.4158437,6.48955,-7.6722,-33.9796,0.1075974,
2,43.31,2,2.197415,366.2082,-0.9152921,0.4165313,6.48955,-7.6722,-33.9796,0.1075974,
2,43.32,2,2.201949,366.2216,-0.9201517,0.4178806,6.48955,-7.6722,-33.9796,0.1075974,
2,43.33,2,2.205015,366.1805,-0.9189208,0.4167413,6.48955,-7.6722,-33.9796,0.1075974,
2,43.34,2,2.209093,366.1821,-0.9193881,0.4161836,6.48955,-7.6722,-33.9796,0.1075974,
2,43.35,2,2.20549,366.1938,-0.9186097,0.4165104,6.48955,-7.6722,-33.9796,0.1075974,
2,43.36,2,2.204714,366.1762,-0.9198806,0.4172336,6.48955,-7.6722,-33.9796,0.1075974,
2,43.37,2,2.205488,366.1726,-0.9211552,0.417665,6.48955,-7.6722,-33.9796,0.1075974,
2,43.38,2,2.202759,366.1742,-0.9227217,0.4188937,6.48955,-7.6722,-33.9796,0.1075974,
2,43.39,2,2.205096,366.179,-0.922598,0.4183937,6.48955,-7.6722,-33.9796,0.1075974,
2,43.4,2,2.205264,366.1667,-0.9202132,0.4172804,6.48955,-7.6722,-33.9796,0.1075974,
2,43.41,2,2.202808,366.1651,-0.920454,0.4178549,6.48955,-7.6722,-33.9796,0.1075974,
2,43.42,2,2.203772,366.1633,-0.9216191,0.4182007,6.4852,-7.6722,-33.9802,0.1082001,
2,43.43,2,2.202326,366.1679,-0.9207692,0.4180894,6.4852,-7.6722,-33.9802,0.1082001,
2,43.44,2,2.205426,366.1627,-0.9225953,0.4183297,6.4852,-7.6722,-33.9802,0.1082001,
2,43.45,2,2.204123,366.1799,-0.9210808,0.41789,6.4852,-7.6722,-33.9802,0.1082001,
2,43.46,2,2.20442,366.1611,-0.9199395,0.417316,6.4852,-7.6722,-33.9802,0.1082001,
2,43.47,2,2.201837,366.1533,-0.9206058,0.418108,6.4852,-7.6722,-33.9802,0.1082001,
2,43.48,2,2.204705,366.1407,-0.9210564,0.4177686,6.4852,-7.6722,-33.9802,0.1082001,
2,43.49,2,2.202517,366.1423,-0.9216526,0.4184543,6.4852,-7.6722,-33.9802,0.1082001,
2,43.5,2,2.204403,366.158,-0.9220023,0.4182548,6.4852,-7.6722,-33.9802,0.1082001,
2,43.51,2,2.203389,366.1565,-0.9188541,0.4170185,6.4852,-7.6722,-33.9802,0.1082001,
2,43.52,2,2.205539,366.1411,-0.9164884,0.4155394,6.4852,-7.6722,-33.9802,0.1082001,
2,43.53,2,2.210066,366.1172,-0.9165501,0.4147162,6.4852,-7.6722,-33.9802,0.1082001,
2,43.54,2,2.213504,366.0976,-0.9188772,0.4151233,6.4852,-7.6722,-33.9802,0.1082001,
2,43.55,2,2.219026,366.0848,-0.9209471,0.4150232,6.4852,-7.6722,-33.9802,0.1082001,
2,43.56,2,2.221323,366.1067,-0.9246578,0.4162645,6.4852,-7.6722,-33.9802,0.1082001,
2,43.57,2,2.220111,366.0975,-0.924742,0.4165296,6.4852,-7.6722,-33.9802,0.1082001,
2,43.58,2,2.219702,366.0703,-0.9237826,0.4161742,6.4852,-7.6722,-33.9802,0.1082001,
2,43.59,2,2.220169,366.0641,-0.9247245,0.4165108,6.4852,-7.6722,-33.9802,0.1082001,
2,43.6,2,2.219168,366.071,-0.9243156,0.4165144,6.4852,-7.6722,-33.9802,0.1082001,
2,43.61,2,2.222372,366.0633,-0.9271494,0.4171891,6.4852,-7.6722,-33.9802,0.1082001,
2,43.62,2,2.217,366.05,-0.9291431,0.4190994,6.4852,-7.6722,-33.9802,0.1082001,
2,43.63,2,2.220499,366.0498,-0.9271931,0.4175606,6.4852,-7.6722,-33.9802,0.1082001,
2,43.64,2,2.222937,366.057,-0.9266756,0.4168699,6.4852,-7.6722,-33.9802,0.1082001,
2,43.65,2,2.220489,366.0511,-0.9270836,0.4175133,6.4852,-7.6722,-33.9802,0.1082001,
2,43.66,2,2.219936,366.0569,-0.9280961,0.4180733,6.48168,-7.6722,-33.9809,0.1088982,
2,43.67,2,2.219717,366.05,-0.929822,0.4188922,6.48168,-7.6722,-33.9809,0.1088982,
2,43.68,2,2.217547,366.0853,-0.9310609,0.4198608,6.48168,-7.6722,-33.9809,0.1088982,
2,43.69,2,2.219176,366.0317,-0.9293921,0.4188006,6.48168,-7.6722,-33.9809,0.1088982,
2,43.7,2,2.218138,366.0381,-0.9282629,0.4184875,6.48168,-7.6722,-33.9809,0.1088982,
2,43.71,2,2.221424,366.0305,-0.9285302,0.4179887,6.48168,-7.6722,-33.9809,0.1088982,
2,43.72,2,2.220555,366.023,-0.9299361,0.4187855,6.48168,-7.6722,-33.9809,0.1088982,
2,43.73,2,2.216781,366.0353,-0.9301525,0.419596,6.48168,-7.6722,-33.9809,0.1088982,
2,43.74,2,2.216315,366.0076,-0.9323165,0.4206606,6.48168,-7.6722,-33.9809,0.1088982,
2,43.75,2,2.221682,366.0222,-0.9291881,0.4182363,6.48168,-7.6722,-33.9809,0.1088982,
2,43.76,2,2.223591,366.0049,-0.9246424,0.4158329,6.48168,-7.6722,-33.9809,0.1088982,
2,43.77,2,2.229476,365.9783,-0.9246711,0.4147482,6.48168,-7.6722,-33.9809,0.1088982,
2,43.78,2,2.23372,365.9716,-0.9275674,0.4152567,6.48168,-7.6722,-33.9809,0.1088982,
2,43.79,2,2.233834,365.9854,-0.9283693,0.4155946,6.48168,-7.6722,-33.9809,0.1088982,
2,43.8,2,2.232051,365.9478,-0.9268073,0.4152268,6.48168,-7.6722,-33.9809,0.1088982,
2,43.81,2,2.232107,365.9624,-0.9258854,0.4148033,6.48168,-7.6722,-33.9809,0.1088982,
2,43.82,2,2.231509,365.9607,-0.9255747,0.4147753,6.48168,-7.6722,-33.9809,0.1088982,
2,43.83,2,2.231661,365.9472,-0.9265888,0.4152014,6.48168,-7.6722,-33.9809,0.1088982,
2,43.84,2,2.229242,365.9568,-0.9275689,0.4160915,6.48168,-7.6722,-33.9809,0.1088982,
2,43.85,2,2.231151,365.9565,-0.9311088,0.4173222,6.48168,-7.6722,-33.9809,0.1088982,
2,43.86,2,2.231147,365.9272,-0.9328297,0.4180942,6.48168,-7.6722,-33.9809,0.1088982,
2,43.87,2,2.230164,365.9466,-0.930473,0.4172218,6.48168,-7.6722,-33.9809,0.1088982,
2,43.88,2,2.231335,365.9373,-0.9303111,0.4169303,6.47735,-7.6722,-33.9816,0.1096001,
2,43.89,2,2.232011,365.9336,-0.9297728,0.4165628,6.47735,-7.6722,-33.9816,0.1096001,
2,43.9,2,2.230445,365.9357,-0.9329858,0.4182957,6.47735,-7.6722,-33.9816,0.1096001,
2,43.91,2,2.230325,365.9166,-0.9337059,0.4186411,6.47735,-7.6722,-33.9816,0.1096001,
2,43.92,2,2.228384,365.9209,-0.9334165,0.4188761,6.47735,-7.6722,-33.9816,0.1096001,
2,43.93,2,2.230057,365.9324,-0.9337986,0.4187331,6.47735,-7.6722,-33.9816,0.1096001,
2,43.94,2,2.229916,365.9302,-0.9330603,0.4184285,6.47735,-7.6722,-33.9816,0.1096001,
2,43.95,2,2.230241,365.9321,-0.9330507,0.4183632,6.47735,-7.6722,-33.9816,0.1096001,
2,43.96,2,2.231508,365.92,-0.9344003,0.4187305,6.47735,-7.6722,-33.9816,0.1096001,
2,43.97,2,2.230316,365.9157,-0.9353514,0.4193806,6.47735,-7.6722,-33.9816,0.1096001,
2,43.98,2,2.231372,365.9171,-0.9369096,0.4198805,6.47735,-7.6722,-33.9816,0.1096001,
2,43.99,2,2.233581,365.9088,-0.9336723,0.4180159,6.47735,-7.6722,-33.9816,0.1096001,
2,44,2,2.237691,365.8767,-0.9310873,0.4160928,6.47735,-7.6722,-33.9816,0.1096001,
2,44.01,2,2.241269,365.8673,-0.9349477,0.417151,6.47735,-7.6722,-33.9816,0.1096001,
2,44.02,2,2.242407,365.8665,-0.9378532,0.418235,6.47735,-7.6722,-33.9816,0.1096001,
2,44.03,2,2.242988,365.8859,-0.9380597,0.4182188,6.47735,-7.6722,-33.9816,0.1096001,
2,44.04,2,2.243362,365.8596,-0.9379774,0.4181123,6.47735,-7.6722,-33.9816,0.1096001,
2,44.05,2,2.243847,365.8606,-0.9368882,0.4175365,6.47735,-7.6722,-33.9816,0.1096001,
2,44.06,2,2.243306,365.8621,-0.9348732,0.416739,6.47735,-7.6722,-33.9816,0.1096001,
2,44.07,2,2.242212,365.8523,-0.9361193,0.4174981,6.47735,-7.6722,-33.9816,0.1096001,
2,44.08,2,2.242287,365.8518,-0.9364692,0.4176402,6.47735,-7.6722,-33.9816,0.1096001,
2,44.09,2,2.245951,365.8524,-0.9355865,0.4165658,6.47735,-7.6722,-33.9816,0.1096001,
2,44.1,2,2.241424,365.8465,-0.9366055,0.4178619,6.47735,-7.6722,-33.9816,0.1096001,
2,44.11,2,2.243172,365.8334,-0.9351556,0.4168898,6.47735,-7.6722,-33.9816,0.1096001,
2,44.12,2,2.24229,365.8374,-0.9347393,0.4168681,6.47328,-7.6722,-33.9822,0.110199,
2,44.13,2,2.242451,365.8375,-0.9355908,0.4172179,6.47328,-7.6722,-33.9822,0.110199,
2,44.14,2,2.242316,365.8212,-0.9382135,0.4184127,6.47328,-7.6722,-33.9822,0.110199,
2,44.15,2,2.243924,365.8224,-0.9387543,0.4183539,6.47328,-7.6722,-33.9822,0.110199,
2,44.16,2,2.24042,365.8116,-0.9387006,0.4189842,6.47328,-7.6722,-33.9822,0.110199,
2,44.17,2,2.243135,365.8085,-0.9382825,0.4182907,6.47328,-7.6722,-33.9822,0.110199,
2,44.18,2,2.242049,365.8161,-0.9379015,0.4183233,6.47328,-7.6722,-33.9822,0.110199,
2,44.19,2,2.241859,365.8128,-0.9381037,0.4184489,6.47328,-7.6722,-33.9822,0.110199,
2,44.2,2,2.240934,365.8083,-0.9403293,0.4196149,6.47328,-7.6722,-33.9822,0.110199,
2,44.21,2,2.240219,365.8131,-0.9415749,0.4203048,6.47328,-7.6722,-33.9822,0.110199,
2,44.22,2,2.241683,365.803,-0.940305,0.4194639,6.47328,-7.6722,-33.9822,0.110199,
2,44.23,2,2.243415,365.8032,-0.93888,0.4185049,6.47328,-7.6722,-33.9822,0.110199,
2,44.24,2,2.2416,365.7947,-0.9382374,0.418557,6.47328,-7.6722,-33.9822,0.110199,
2,44.25,2,2.247751,365.7774,-0.940933,0.4186108,6.47328,-7.6722,-33.9822,0.110199,
2,44.26,2,2.249349,365.7688,-0.9433365,0.419382,6.47328,-7.6722,-33.9822,0.110199,
2,44.27,2,2.252875,365.7172,-0.9439724,0.4190079,6.47328,-7.6722,-33.9822,0.110199,
2,44.28,2,2.255991,365.7496,-0.9452466,0.418994,6.47328,-7.6722,-33.9822,0.110199,
2,44.29,2,2.255212,365.7425,-0.9442282,0.4186871,6.47328,-7.6722,-33.9822,0.110199,
2,44.3,2,2.254248,365.7541,-0.9445994,0.4190308,6.47328,-7.6722,-33.9822,0.110199,
2,44.31,2,2.254459,365.7531,-0.9458964,0.4195669,6.47328,-7.6722,-33.9822,0.110199,
2,44.32,2,2.253841,365.7485,-0.9478788,0.4205615,6.47328,-7.6722,-33.9822,0.110199,
2,44.33,2,2.253954,365.7224,-0.9476866,0.4204552,6.47328,-7.6722,-33.9822,0.110199,
2,44.34,2,2.251259,365.7392,-0.9458766,0.4201545,6.47328,-7.6722,-33.9822,0.110199,
2,44.35,2,2.254767,365.7229,-0.9437506,0.4185579,6.47328,-7.6722,-33.9822,0.110199,
2,44.36,2,2.253238,365.7169,-0.9415238,0.4178537,6.47328,-7.6722,-33.9822,0.110199,
2,44.37,2,2.253534,365.725,-0.9440159,0.4189048,6.46895,-7.6722,-33.9828,0.1107979,
2,44.38,2,2.253089,365.7138,-0.9434726,0.4187462,6.46895,-7.6722,-33.9828,0.1107979,
2,44.39,2,2.254241,365.7118,-0.9438783,0.4187123,6.46895,-7.6722,-33.9828,0.1107979,
2,44.4,2,2.252645,365.7163,-0.9410059,0.4177338,6.46895,-7.6722,-33.9828,0.1107979,
2,44.41,2,2.253244,365.7079,-0.9390642,0.416761,6.46895,-7.6722,-33.9828,0.1107979,
2,44.42,2,2.252237,365.7081,-0.9398183,0.4172822,6.46895,-7.6722,-33.9828,0.1107979,
2,44.43,2,2.252086,365.7088,-0.9417513,0.4181685,6.46895,-7.6722,-33.9828,0.1107979,
2,44.44,2,2.253052,365.7025,-0.942894,0.4184963,6.46895,-7.6722,-33.9828,0.1107979,
2,44.45,2,2.252057,365.7104,-0.944767,0.4195129,6.46895,-7.6722,-33.9828,0.1107979,
2,44.46,2,2.252253,365.6908,-0.9428389,0.4186204,6.46895,-7.6722,-33.9828,0.1107979,
2,44.47,2,2.255008,365.686,-0.9429708,0.4181674,6.46895,-7.6722,-33.9828,0.1107979,
2,44.48,2,2.25356,365.6938,-0.9445444,0.4191344,6.46895,-7.6722,-33.9828,0.1107979,
2,44.49,2,2.259347,365.6645,-0.9444862,0.4180351,6.46895,-7.6722,-33.9828,0.1107979,
2,44.5,2,2.261574,365.6635,-0.9490439,0.4196387,6.46895,-7.6722,-33.9828,0.1107979,
2,44.51,2,2.264598,365.6304,-0.9520202,0.4203925,6.46895,-7.6722,-33.9828,0.1107979,
2,44.52,2,2.266234,365.631,-0.9554878,0.4216191,6.46895,-7.6722,-33.9828,0.1107979,
2,44.53,2,2.268368,365.6315,-0.9547757,0.4209086,6.46895,-7.6722,-33.9828,0.1107979,
2,44.54,2,2.265564,365.6208,-0.956818,0.422331,6.46895,-7.6722,-33.9828,0.1107979,
2,44.55,2,2.26737,365.625,-0.9587706,0.4228557,6.46895,-7.6722,-33.9828,0.1107979,
2,44.56,2,2.264082,365.6257,-0.9603725,0.4241774,6.46895,-7.6722,-33.9828,0.1107979,
2,44.57,2,2.266841,365.6222,-0.9577521,0.4225052,6.46895,-7.6722,-33.9828,0.1107979,
2,44.58,2,2.26582,365.6218,-0.955802,0.4218349,6.46895,-7.6722,-33.9828,0.1107979,
2,44.59,2,2.267665,365.6133,-0.9575545,0.4222645,6.46895,-7.6722,-33.9828,0.1107979,
2,44.6,2,2.268245,365.6168,-0.9583789,0.4225201,6.46895,-7.6722,-33.9828,0.1107979,
2,44.61,2,2.265493,365.6009,-0.959578,0.4235626,6.4654,-7.6722,-33.9835,0.1114998,
2,44.62,2,2.267111,365.5786,-0.9618317,0.4242543,6.4654,-7.6722,-33.9835,0.1114998,
2,44.63,2,2.266022,365.5967,-0.9595051,0.4234316,6.4654,-7.6722,-33.9835,0.1114998,
2,44.64,2,2.265728,365.5953,-0.9574938,0.4225987,6.4654,-7.6722,-33.9835,0.1114998,
2,44.65,2,2.267939,365.591,-0.9566442,0.4218121,6.4654,-7.6722,-33.9835,0.1114998,
2,44.66,2,2.264673,365.5907,-0.958052,0.4230422,6.4654,-7.6722,-33.9835,0.1114998,
2,44.67,2,2.26751,365.5905,-0.954201,0.4208145,6.4654,-7.6722,-33.9835,0.1114998,
2,44.68,2,2.267682,365.5764,-0.9554,0.4213112,6.4654,-7.6722,-33.9835,0.1114998,
2,44.69,2,2.265421,365.587,-0.9562511,0.4221075,6.4654,-7.6722,-33.9835,0.1114998,
2,44.7,2,2.265425,365.5811,-0.9543599,0.4212719,6.4654,-7.6722,-33.9835,0.1114998,
2,44.71,2,2.271024,365.5687,-0.9547358,0.4203989,6.4654,-7.6722,-33.9835,0.1114998,
2,44.72,2,2.273712,365.5446,-0.9567648,0.4207942,6.4654,-7.6722,-33.9835,0.1114998,
2,44.73,2,2.277455,365.5356,-0.9598849,0.4214725,6.4654,-7.6722,-33.9835,0.1114998,
2,44.74,2,2.279888,365.5096,-0.9615155,0.421738,6.4654,-7.6722,-33.9835,0.1114998,
2,44.75,2,2.280036,365.5313,-0.960421,0.4212306,6.4654,-7.6722,-33.9835,0.1114998,
2,44.76,2,2.279029,365.5092,-0.9603785,0.4213982,6.4654,-7.6722,-33.9835,0.1114998,
2,44.77,2,2.280108,365.5154,-0.9603529,0.4211874,6.4654,-7.6722,-33.9835,0.1114998,
2,44.78,2,2.280057,365.5085,-0.9626274,0.4221944,6.4654,-7.6722,-33.9835,0.1114998,
2,44.79,2,2.280922,365.5068,-0.9645547,0.4228793,6.4654,-7.6722,-33.9835,0.1114998,
2,44.8,2,2.275903,365.5128,-0.966619,0.424719,6.4654,-7.6722,-33.9835,0.1114998,
2,44.81,2,2.28074,365.5075,-0.9650111,0.4231131,6.4654,-7.6722,-33.9835,0.1114998,
2,44.82,2,2.279549,365.5063,-0.9650353,0.4233449,6.4654,-7.6722,-33.9835,0.1114998,
2,44.83,2,2.279141,365.5034,-0.9640064,0.4229691,6.4654,-7.6722,-33.9835,0.1114998,
2,44.84,2,2.280078,365.4979,-0.9642009,0.4228806,6.46107,-7.6722,-33.9841,0.1120987,
2,44.85,2,2.277111,365.4829,-0.9664584,0.4244231,6.46107,-7.6722,-33.9841,0.1120987,
2,44.86,2,2.278471,365.5414,-0.9668747,0.4243523,6.46107,-7.6722,-33.9841,0.1120987,
2,44.87,2,2.277387,365.4679,-0.9670074,0.4246127,6.46107,-7.6722,-33.9841,0.1120987,
2,44.88,2,2.277837,365.4786,-0.966081,0.4241222,6.46107,-7.6722,-33.9841,0.1120987,
2,44.89,2,2.279059,365.4771,-0.9652881,0.4235469,6.46107,-7.6722,-33.9841,0.1120987,
2,44.9,2,2.275882,365.4811,-0.9674883,0.4251048,6.46107,-7.6722,-33.9841,0.1120987,
2,44.91,2,2.276429,365.4732,-0.9685033,0.4254486,6.46107,-7.6722,-33.9841,0.1120987,
2,44.92,2,2.278868,365.5133,-0.9679955,0.4247704,6.46107,-7.6722,-33.9841,0.1120987,
2,44.93,2,2.278221,365.4672,-0.9667329,0.4243367,6.46107,-7.6722,-33.9841,0.1120987,
2,44.94,2,2.278534,365.4662,-0.9651914,0.4236019,6.46107,-7.6722,-33.9841,0.1120987,
2,44.95,2,2.282113,365.4526,-0.9635176,0.4222041,6.46107,-7.6722,-33.9841,0.1120987,
2,44.96,2,2.285277,365.4276,-0.9656093,0.4225349,6.46107,-7.6722,-33.9841,0.1120987,
2,44.97,2,2.286865,365.4236,-0.9676619,0.423139,6.46107,-7.6722,-33.9841,0.1120987,
2,44.98,2,2.292558,365.4106,-0.9684415,0.4224284,6.46107,-7.6722,-33.9841,0.1120987,
2,44.99,2,2.292376,365.4029,-0.9669104,0.4217941,6.46107,-7.6722,-33.9841,0.1120987,
2,45,2,2.292436,365.4017,-0.9643956,0.420686,6.46107,-7.6722,-33.9841,0.1120987,
2,45.01,2,2.292043,365.3954,-0.9640284,0.4205979,6.46107,-7.6722,-33.9841,0.1120987,
2,45.02,2,2.29073,365.3976,-0.9673825,0.4223032,6.46107,-7.6722,-33.9841,0.1120987,
2,45.03,2,2.291996,365.3881,-0.9715821,0.4239021,6.46107,-7.6722,-33.9841,0.1120987,
2,45.04,2,2.290656,365.3959,-0.9701612,0.4235298,6.46107,-7.6722,-33.9841,0.1120987,
2,45.05,2,2.291165,365.3845,-0.9675869,0.4223123,6.46107,-7.6722,-33.9841,0.1120987,
2,45.06,2,2.290696,365.3754,-0.9693437,0.4231656,6.46107,-7.6722,-33.9841,0.1120987,
2,45.07,2,2.290123,365.3774,-0.9697656,0.4234557,6.46107,-7.6722,-33.9841,0.1120987,
2,45.08,2,2.291342,365.3862,-0.9707111,0.423643,6.457,-7.6722,-33.9848,0.1127968,
2,45.09,2,2.289617,365.3941,-0.9721082,0.4245723,6.457,-7.6722,-33.9848,0.1127968,
2,45.1,2,2.29039,365.3423,-0.9713464,0.4240966,6.457,-7.6722,-33.9848,0.1127968,
2,45.11,2,2.291075,365.3651,-0.9711334,0.4238768,6.457,-7.6722,-33.9848,0.1127968,
2,45.12,2,2.289503,365.3683,-0.9707584,0.4240039,6.457,-7.6722,-33.9848,0.1127968,
2,45.13,2,2.292771,365.3582,-0.9715428,0.4237418,6.457,-7.6722,-33.9848,0.1127968,
2,45.14,2,2.292112,365.3567,-0.9744062,0.4251128,6.457,-7.6722,-33.9848,0.1127968,
2,45.15,2,2.290173,365.3446,-0.9765782,0.4264213,6.457,-7.6722,-33.9848,0.1127968,
2,45.16,2,2.291667,365.3518,-0.9752651,0.4255702,6.457,-7.6722,-33.9848,0.1127968,
2,45.17,2,2.291638,365.3495,-0.9711515,0.4237805,6.457,-7.6722,-33.9848,0.1127968,
2,45.18,2,2.288998,365.3516,-0.9720142,0.4246462,6.457,-7.6722,-33.9848,0.1127968,
2,45.19,2,2.290818,365.3491,-0.9713751,0.4240299,6.457,-7.6722,-33.9848,0.1127968,
2,45.2,2,2.29214,365.3564,-0.9718449,0.4239902,6.457,-7.6722,-33.9848,0.1127968,
2,45.21,2,2.295593,365.3381,-0.9740787,0.4243255,6.457,-7.6722,-33.9848,0.1127968,
2,45.22,2,2.296877,365.3121,-0.972566,0.4234298,6.457,-7.6722,-33.9848,0.1127968,
2,45.23,2,2.300305,365.2974,-0.9752028,0.423945,6.457,-7.6722,-33.9848,0.1127968,
2,45.24,2,2.305932,365.2891,-0.9753211,0.4229619,6.457,-7.6722,-33.9848,0.1127968,
2,45.25,2,2.303686,365.2871,-0.9739354,0.4227726,6.457,-7.6722,-33.9848,0.1127968,
2,45.26,2,2.301456,365.2824,-0.9761601,0.424149,6.457,-7.6722,-33.9848,0.1127968,
2,45.27,2,2.303495,365.3045,-0.979113,0.4250554,6.457,-7.6722,-33.9848,0.1127968,
2,45.28,2,2.301884,365.2822,-0.9760903,0.4240397,6.457,-7.6722,-33.9848,0.1127968,
2,45.29,2,2.303622,365.2704,-0.9737157,0.422689,6.457,-7.6722,-33.9848,0.1127968,
2,45.3,2,2.30273,365.2795,-0.9718889,0.4220595,6.457,-7.6722,-33.9848,0.1127968,
2,45.31,2,2.302969,365.2724,-0.9724219,0.4222471,6.457,-7.6722,-33.9848,0.1127968,
2,45.32,2,2.30109,365.2589,-0.9738891,0.4232294,6.457,-7.6722,-33.9848,0.1127968,
2,45.33,2,2.305327,365.2774,-0.9748299,0.4228597,6.4532,-7.6722,-33.9854,0.1133995,
2,45.34,2,2.304207,365.2581,-0.9739708,0.4226924,6.4532,-7.6722,-33.9854,0.1133995,
2,45.35,2,2.302059,365.2525,-0.9734805,0.4228738,6.4532,-7.6722,-33.9854,0.1133995,
2,45.36,2,2.303046,365.2505,-0.9736922,0.4227846,6.4532,-7.6722,-33.9854,0.1133995,
2,45.37,2,2.301249,365.2541,-0.9744496,0.4234439,6.4532,-7.6722,-33.9854,0.1133995,
2,45.38,2,2.302764,365.2509,-0.978626,0.4249789,6.4532,-7.6722,-33.9854,0.1133995,
2,45.39,2,2.301073,365.2272,-0.9813939,0.426494,6.4532,-7.6722,-33.9854,0.1133995,
2,45.4,2,2.301846,365.2413,-0.9788519,0.4252464,6.4532,-7.6722,-33.9854,0.1133995,
2,45.41,2,2.302063,365.2445,-0.9784429,0.4250287,6.4532,-7.6722,-33.9854,0.1133995,
2,45.42,2,2.301956,365.239,-0.9784604,0.4250561,6.4532,-7.6722,-33.9854,0.1133995,
2,45.43,2,2.306496,365.2303,-0.9782853,0.4241435,6.4532,-7.6722,-33.9854,0.1133995,
2,45.44,2,2.309998,365.2089,-0.9812019,0.4247631,6.4532,-7.6722,-33.9854,0.1133995,
2,45.45,2,2.311457,365.1989,-0.9823366,0.4249859,6.4532,-7.6722,-33.9854,0.1133995,
2,45.46,2,2.316772,365.1958,-0.9838632,0.4246697,6.4532,-7.6722,-33.9854,0.1133995,
2,45.47,2,2.315119,365.1716,-0.9813741,0.4238979,6.4532,-7.6722,-33.9854,0.1133995,
2,45.48,2,2.316079,365.1832,-0.9809973,0.4235595,6.4532,-7.6722,-33.9854,0.1133995,
2,45.49,2,2.315463,365.1818,-0.9841321,0.4250261,6.4532,-7.6722,-33.9854,0.1133995,
2,45.5,2,2.315746,365.1698,-0.9853476,0.425499,6.4532,-7.6722,-33.9854,0.1133995,
2,45.51,2,2.315764,365.1267,-0.985609,0.4256085,6.4532,-7.6722,-33.9854,0.1133995,
2,45.52,2,2.314858,365.1737,-0.9846267,0.4253508,6.4532,-7.6722,-33.9854,0.1133995,
2,45.53,2,2.315718,365.1701,-0.9821368,0.4241177,6.44915,-7.6722,-33.986,0.1139984,
2,45.54,2,2.31506,365.1651,-0.9812424,0.4238519,6.44915,-7.6722,-33.986,0.1139984,
2,45.55,2,2.314683,365.1558,-0.9838709,0.4250564,6.44915,-7.6722,-33.986,0.1139984,
2,45.56,2,2.315679,365.153,-0.9821655,0.4241371,6.44915,-7.6722,-33.986,0.1139984,
2,45.57,2,2.315393,365.1628,-0.9831851,0.4246299,6.44915,-7.6722,-33.986,0.1139984,
2,45.58,2,2.317722,365.1555,-0.9790142,0.4224037,6.44915,-7.6722,-33.986,0.1139984,
2,45.59,2,2.314312,365.1396,-0.9813507,0.4240357,6.44915,-7.6722,-33.986,0.1139984,
2,45.6,2,2.313058,365.1398,-0.9815469,0.4243503,6.44915,-7.6722,-33.986,0.1139984,
2,45.61,2,2.315267,365.1428,-0.9810329,0.4237234,6.44915,-7.6722,-33.986,0.1139984,
2,45.62,2,2.313501,365.1397,-0.9835591,0.4251388,6.44915,-7.6722,-33.986,0.1139984,
2,45.63,2,2.314634,365.124,-0.9819764,0.4242469,6.44915,-7.6722,-33.986,0.1139984,
2,45.64,2,2.322476,365.1172,-0.9825515,0.423062,6.44915,-7.6722,-33.986,0.1139984,
2,45.65,2,2.321969,365.087,-0.9856744,0.4244994,6.44915,-7.6722,-33.986,0.1139984,
2,45.66,2,2.325336,365.0776,-0.9853025,0.4237248,6.44915,-7.6722,-33.986,0.1139984,
2,45.67,2,2.328555,365.0835,-0.984753,0.4229031,6.44915,-7.6722,-33.986,0.1139984,
2,45.68,2,2.32542,365.062,-0.9853908,0.4237475,6.44915,-7.6722,-33.986,0.1139984,
2,45.69,2,2.327074,365.0798,-0.9858844,0.4236583,6.44915,-7.6722,-33.986,0.1139984,
2,45.7,2,2.326393,365.0728,-0.9858317,0.4237597,6.44915,-7.6722,-33.986,0.1139984,
2,45.71,2,2.328111,365.0673,-0.9876305,0.4242197,6.44915,-7.6722,-33.986,0.1139984,
2,45.72,2,2.327933,365.0696,-0.9905137,0.4254906,6.44915,-7.6722,-33.986,0.1139984,
2,45.73,2,2.324399,365.0626,-0.9884117,0.4252333,6.44915,-7.6722,-33.986,0.1139984,
2,45.74,2,2.32448,365.0593,-0.9892806,0.4255922,6.44915,-7.6722,-33.986,0.1139984,
2,45.75,2,2.327365,365.059,-0.9892399,0.4250472,6.44915,-7.6722,-33.986,0.1139984,
2,45.76,2,2.323303,365.0547,-0.9913156,0.4266838,6.44915,-7.6722,-33.986,0.1139984,
2,45.77,2,2.324863,365.0488,-0.9860253,0.4241219,6.44535,-7.6722,-33.9866,0.1145973,
2,45.78,2,2.326265,365.0406,-0.9851826,0.423504,6.44535,-7.6722,-33.9866,0.1145973,
2,45.79,2,2.32612,365.0386,-0.9865103,0.4241011,6.44535,-7.6722,-33.9866,0.1145973,
2,45.8,2,2.32532,365.0438,-0.9880936,0.4249281,6.44535,-7.6722,-33.9866,0.1145973,
2,45.81,2,2.327008,365.0191,-0.9875852,0.4244014,6.44535,-7.6722,-33.9866,0.1145973,
2,45.82,2,2.32662,365.04,-0.9845622,0.4231728,6.44535,-7.6722,-33.9866,0.1145973,
2,45.83,2,2.326402,365.0358,-0.9840988,0.4230132,6.44535,-7.6722,-33.9866,0.1145973,
2,45.84,2,2.324836,365.0368,-0.9849832,0.4236785,6.44535,-7.6722,-33.9866,0.1145973,
2,45.85,2,2.325716,365.0414,-0.984643,0.4233721,6.44535,-7.6722,-33.9866,0.1145973,
2,45.86,2,2.32497,365.0212,-0.9865353,0.4243217,6.44535,-7.6722,-33.9866,0.1145973,
2,45.87,2,2.325401,365.0123,-0.9865112,0.4242328,6.44535,-7.6722,-33.9866,0.1145973,
2,45.88,2,2.331962,365.0119,-0.9809166,0.42064,6.44535,-7.6722,-33.9866,0.1145973,
2,45.89,2,2.331116,364.9803,-0.9823269,0.4213977,6.44535,-7.6722,-33.9866,0.1145973,
2,45.9,2,2.338243,364.9727,-0.9853585,0.4214097,6.44535,-7.6722,-33.9866,0.1145973,
2,45.91,2,2.338863,364.9657,-0.9886293,0.4226965,6.44535,-7.6722,-33.9866,0.1145973,
2,45.92,2,2.335586,364.9402,-0.9903681,0.4240341,6.44535,-7.6722,-33.9866,0.1145973,
2,45.93,2,2.337495,364.9445,-0.9927904,0.4247241,6.44535,-7.6722,-33.9866,0.1145973,
2,45.94,2,2.336967,364.9523,-0.9925867,0.4247328,6.44535,-7.6722,-33.9866,0.1145973,
2,45.95,2,2.338912,364.9527,-0.9930919,0.4245956,6.44535,-7.6722,-33.9866,0.1145973,
2,45.96,2,2.337632,364.9518,-0.9937864,0.4251252,6.44535,-7.6722,-33.9866,0.1145973,
2,45.97,2,2.339208,364.9448,-0.9952064,0.4254459,6.44535,-7.6722,-33.9866,0.1145973,
2,45.98,2,2.335912,364.9526,-1.000055,0.4281218,6.44535,-7.6722,-33.9866,0.1145973,
2,45.99,2,2.336778,364.9476,-1.010661,0.4325021,6.44535,-7.6722,-33.9866,0.1145973,
2,46,2,2.336036,364.9351,-0.9944471,0.4256986,6.44535,-7.6722,-33.9866,0.1145973,
2,46.01,2,2.336618,364.9337,-1.001092,0.4284363,6.44535,-7.6722,-33.9866,0.1145973,
2,46.02,2,2.336994,364.927,-1.007223,0.4309906,6.44128,-7.6722,-33.9873,0.1152992,
2,46.03,2,2.335816,364.9232,-1.008222,0.4316358,6.44128,-7.6722,-33.9873,0.1152992,
2,46.04,2,2.336269,364.8634,-1.004475,0.4299484,6.44128,-7.6722,-33.9873,0.1152992,
2,46.05,2,2.337088,364.9313,-1.003884,0.4295448,6.44128,-7.6722,-33.9873,0.1152992,
2,46.06,2,2.33796,364.9148,-1.003775,0.4293379,6.44128,-7.6722,-33.9873,0.1152992,
2,46.07,2,2.336394,364.9218,-1.001142,0.4284988,6.44128,-7.6722,-33.9873,0.1152992,
2,46.08,2,2.336093,364.9091,-0.9954395,0.426113,6.44128,-7.6722,-33.9873,0.1152992,
2,46.09,2,2.337877,364.9291,-1.004708,0.4297521,6.44128,-7.6722,-33.9873,0.1152992,
2,46.1,2,2.34025,364.9255,-1.006943,0.4302714,6.44128,-7.6722,-33.9873,0.1152992,
2,46.11,2,2.341862,364.8826,-1.004604,0.4289768,6.44128,-7.6722,-33.9873,0.1152992,
2,46.12,2,2.347106,364.8665,-0.9988027,0.4255465,6.44128,-7.6722,-33.9873,0.1152992,
2,46.13,2,2.350592,364.8623,-0.9983021,0.4247025,6.44128,-7.6722,-33.9873,0.1152992,
2,46.14,2,2.351001,364.8571,-0.9999875,0.4253455,6.44128,-7.6722,-33.9873,0.1152992,
2,46.15,2,2.350043,364.8452,-1.002043,0.4263933,6.44128,-7.6722,-33.9873,0.1152992,
2,46.16,2,2.350171,364.8608,-0.9973216,0.4243613,6.44128,-7.6722,-33.9873,0.1152992,
2,46.17,2,2.351609,364.8394,-0.998832,0.424744,6.44128,-7.6722,-33.9873,0.1152992,
2,46.18,2,2.35019,364.8418,-1.000453,0.4256902,6.44128,-7.6722,-33.9873,0.1152992,
2,46.19,2,2.350397,364.8422,-1.001562,0.4261248,6.44128,-7.6722,-33.9873,0.1152992,
2,46.2,2,2.349403,364.847,-1.001974,0.4264801,6.43748,-7.6722,-33.9879,0.1158981,
2,46.21,2,2.352667,364.8361,-0.9965011,0.4235624,6.43748,-7.6722,-33.9879,0.1158981,
2,46.22,2,2.350201,364.8572,-1.000412,0.4256709,6.43748,-7.6722,-33.9879,0.1158981,
2,46.23,2,2.351196,364.8214,-1.000735,0.4256281,6.43748,-7.6722,-33.9879,0.1158981,
2,46.24,2,2.350301,364.8229,-0.9969756,0.4241907,6.43748,-7.6722,-33.9879,0.1158981,
2,46.25,2,2.350645,364.8201,-1.005221,0.4276362,6.43748,-7.6722,-33.9879,0.1158981,
2,46.26,2,2.349783,364.8114,-1.003066,0.4268758,6.43748,-7.6722,-33.9879,0.1158981,
2,46.27,2,2.350621,364.8387,-1.003599,0.4269507,6.43748,-7.6722,-33.9879,0.1158981,
2,46.28,2,2.350759,364.7933,-1.006455,0.4281403,6.43748,-7.6722,-33.9879,0.1158981,
2,46.29,2,2.34992,364.8127,-1.0062,0.4281849,6.43748,-7.6722,-33.9879,0.1158981,
2,46.3,2,2.350558,364.8002,-1.004662,0.4274141,6.43748,-7.6722,-33.9879,0.1158981,
2,46.31,2,2.349106,364.8013,-1.005071,0.4278526,6.43748,-7.6722,-33.9879,0.1158981,
2,46.32,2,2.353804,364.7933,-1.00345,0.4263098,6.43748,-7.6722,-33.9879,0.1158981,
2,46.33,2,2.357022,364.775,-1.007116,0.4272832,6.43748,-7.6722,-33.9879,0.1158981,
2,46.34,2,2.357368,364.7596,-1.012385,0.4294558,6.43748,-7.6722,-33.9879,0.1158981,
2,46.35,2,2.359806,364.7497,-1.009931,0.427972,6.43748,-7.6722,-33.9879,0.1158981,
2,46.36,2,2.361545,364.7447,-1.008773,0.4271665,6.43748,-7.6722,-33.9879,0.1158981,
2,46.37,2,2.362612,364.7435,-1.010473,0.4276935,6.43748,-7.6722,-33.9879,0.1158981,
2,46.38,2,2.363842,364.7401,-1.009422,0.4270259,6.43748,-7.6722,-33.9879,0.1158981,
2,46.39,2,2.364972,364.7206,-1.00634,0.4255186,6.43748,-7.6722,-33.9879,0.1158981,
2,46.4,2,2.361212,364.7337,-1.006864,0.4264182,6.43748,-7.6722,-33.9879,0.1158981,
2,46.41,2,2.363504,364.7213,-1.003956,0.4247746,6.43748,-7.6722,-33.9879,0.1158981,
2,46.42,2,2.362978,364.7242,-1.002314,0.4241742,6.43748,-7.6722,-33.9879,0.1158981,
2,46.43,2,2.363436,364.7212,-1.003231,0.4244801,6.43748,-7.6722,-33.9879,0.1158981,
2,46.44,2,2.361569,364.7189,-1.004696,0.425436,6.43748,-7.6722,-33.9879,0.1158981,
2,46.45,2,2.363133,364.7259,-1.006157,0.4257727,6.43395,-7.6722,-33.9885,0.116497,
2,46.46,2,2.36303,364.7124,-1.003687,0.4247459,6.43395,-7.6722,-33.9885,0.116497,
2,46.47,2,2.364184,364.7083,-1.001052,0.4234241,6.43395,-7.6722,-33.9885,0.116497,
2,46.48,2,2.363427,364.7047,-1.002196,0.4240437,6.43395,-7.6722,-33.9885,0.116497,
2,46.49,2,2.362673,364.6944,-1.002926,0.424488,6.43395,-7.6722,-33.9885,0.116497,
2,46.5,2,2.363238,364.6962,-1.004425,0.4250207,6.43395,-7.6722,-33.9885,0.116497,
2,46.51,2,2.364079,364.6966,-1.004851,0.4250499,6.43395,-7.6722,-33.9885,0.116497,
2,46.52,2,2.362385,364.7025,-1.006134,0.4258974,6.43395,-7.6722,-33.9885,0.116497,
2,46.53,2,2.362483,364.6881,-1.005844,0.4257574,6.43395,-7.6722,-33.9885,0.116497,
2,46.54,2,2.364815,364.6781,-1.005384,0.4251428,6.43395,-7.6722,-33.9885,0.116497,
2,46.55,2,2.370969,364.6716,-1.004745,0.4237697,6.43395,-7.6722,-33.9885,0.116497,
2,46.56,2,2.3678,364.6488,-1.00858,0.4259563,6.43395,-7.6722,-33.9885,0.116497,
2,46.57,2,2.371846,364.6351,-1.0101,0.4258708,6.43395,-7.6722,-33.9885,0.116497,
2,46.58,2,2.375512,364.6342,-1.010987,0.4255869,6.43395,-7.6722,-33.9885,0.116497,
2,46.59,2,2.374889,364.6332,-1.008886,0.4248141,6.43395,-7.6722,-33.9885,0.116497,
2,46.6,2,2.373967,364.6389,-1.009509,0.4252412,6.43395,-7.6722,-33.9885,0.116497,
2,46.61,2,2.372498,364.6298,-1.012062,0.426581,6.43395,-7.6722,-33.9885,0.116497,
2,46.62,2,2.374959,364.6257,-1.014328,0.4270929,6.43395,-7.6722,-33.9885,0.116497,
2,46.63,2,2.375785,364.6457,-1.012419,0.4261406,6.43395,-7.6722,-33.9885,0.116497,
2,46.64,2,2.374409,364.601,-1.011594,0.4260403,6.43395,-7.6722,-33.9885,0.116497,
2,46.65,2,2.375492,364.6151,-1.010808,0.425515,6.43395,-7.6722,-33.9885,0.116497,
2,46.66,2,2.377144,364.6044,-1.011088,0.4253373,6.43395,-7.6722,-33.9885,0.116497,
2,46.67,2,2.374099,364.6058,-1.013455,0.42688,6.43395,-7.6722,-33.9885,0.116497,
2,46.68,2,2.375777,364.602,-1.016108,0.4276952,6.43015,-7.6722,-33.9891,0.1170998,
2,46.69,2,2.373818,364.6143,-1.014175,0.4272337,6.43015,-7.6722,-33.9891,0.1170998,
2,46.7,2,2.375767,364.598,-1.013665,0.4266684,6.43015,-7.6722,-33.9891,0.1170998,
2,46.71,2,2.375195,364.5999,-1.010728,0.4255348,6.43015,-7.6722,-33.9891,0.1170998,
2,46.72,2,2.373559,364.6053,-1.009573,0.4253412,6.43015,-7.6722,-33.9891,0.1170998,
2,46.73,2,2.373435,364.5966,-1.010396,0.4257105,6.43015,-7.6722,-33.9891,0.1170998,
2,46.74,2,2.373612,364.6019,-1.011956,0.4263358,6.43015,-7.6722,-33.9891,0.1170998,
2,46.75,2,2.376905,364.5764,-1.008956,0.4244832,6.43015,-7.6722,-33.9891,0.1170998,
2,46.76,2,2.376452,364.5787,-1.007594,0.4239908,6.43015,-7.6722,-33.9891,0.1170998,
2,46.77,2,2.376651,364.5751,-1.00723,0.4238023,6.43015,-7.6722,-33.9891,0.1170998,
2,46.78,2,2.37374,364.5782,-1.00716,0.4242923,6.43015,-7.6722,-33.9891,0.1170998,
2,46.79,2,2.380144,364.5703,-1.00857,0.4237435,6.43015,-7.6722,-33.9891,0.1170998,
2,46.8,2,2.379835,364.5471,-1.01095,0.4247985,6.43015,-7.6722,-33.9891,0.1170998,
2,46.81,2,2.385855,364.5248,-1.013427,0.4247646,6.43015,-7.6722,-33.9891,0.1170998,
2,46.82,2,2.388038,364.5187,-1.013951,0.4245959,6.43015,-7.6722,-33.9891,0.1170998,
2,46.83,2,2.386703,364.5175,-1.017206,0.4261973,6.43015,-7.6722,-33.9891,0.1170998,
2,46.84,2,2.386033,364.5162,-1.017673,0.4265124,6.43015,-7.6722,-33.9891,0.1170998,
2,46.85,2,2.38394,364.5237,-1.026239,0.4304801,6.43015,-7.6722,-33.9891,0.1170998,
2,46.86,2,2.38294,364.4994,-1.034411,0.4340901,6.43015,-7.6722,-33.9891,0.1170998,
2,46.87,2,2.385218,364.5007,-1.020398,0.4278007,6.43015,-7.6722,-33.9891,0.1170998,
2,46.88,2,2.383313,364.4985,-1.019615,0.427814,6.43015,-7.6722,-33.9891,0.1170998,
2,46.89,2,2.384115,364.5031,-1.018803,0.4273294,6.43015,-7.6722,-33.9891,0.1170998,
2,46.9,2,2.385992,364.4904,-1.020737,0.4278038,6.42583,-7.6722,-33.9897,0.1176987,
2,46.91,2,2.384812,364.493,-1.02805,0.4310822,6.42583,-7.6722,-33.9897,0.1176987,
2,46.92,2,2.383507,364.4871,-1.033148,0.433457,6.42583,-7.6722,-33.9897,0.1176987,
2,46.93,2,2.386215,364.495,-1.028706,0.4311038,6.42583,-7.6722,-33.9897,0.1176987,
2,46.94,2,2.386933,364.4879,-1.025655,0.4296957,6.42583,-7.6722,-33.9897,0.1176987,
2,46.95,2,2.385289,364.483,-1.022985,0.4288726,6.42583,-7.6722,-33.9897,0.1176987,
2,46.96,2,2.384733,364.4772,-1.020041,0.4277378,6.42583,-7.6722,-33.9897,0.1176987,
2,46.97,2,2.385123,364.4809,-1.025371,0.4299029,6.42583,-7.6722,-33.9897,0.1176987,
2,46.98,2,2.386822,364.5096,-1.02258,0.4284276,6.42583,-7.6722,-33.9897,0.1176987,
2,46.99,2,2.386147,364.4887,-1.023346,0.4288697,6.42583,-7.6722,-33.9897,0.1176987,
2,47,2,2.383827,364.4783,-1.021724,0.4286065,6.42583,-7.6722,-33.9897,0.1176987,
2,47.01,2,2.383512,364.4732,-1.022057,0.4288029,6.42583,-7.6722,-33.9897,0.1176987,
2,47.02,2,2.387246,364.4801,-1.021293,0.4278121,6.42583,-7.6722,-33.9897,0.1176987,
2,47.03,2,2.389089,364.4578,-1.026574,0.4296927,6.42583,-7.6722,-33.9897,0.1176987,
2,47.04,2,2.393191,364.4377,-1.01919,0.4258709,6.42583,-7.6722,-33.9897,0.1176987,
2,47.05,2,2.396557,364.4221,-1.025121,0.4277474,6.42583,-7.6722,-33.9897,0.1176987,
2,47.06,2,2.398344,364.4135,-1.025831,0.4277248,6.42583,-7.6722,-33.9897,0.1176987,
2,47.07,2,2.396644,364.4096,-1.02591,0.4280609,6.42583,-7.6722,-33.9897,0.1176987,
2,47.08,2,2.396389,364.4084,-1.026344,0.4282876,6.42583,-7.6722,-33.9897,0.1176987,
2,47.09,2,2.395231,364.3948,-1.030202,0.4301053,6.42583,-7.6722,-33.9897,0.1176987,
2,47.1,2,2.395285,364.404,-1.031138,0.4304865,6.42583,-7.6722,-33.9897,0.1176987,
2,47.11,2,2.398012,364.395,-1.027331,0.4284096,6.42583,-7.6722,-33.9897,0.1176987,
2,47.12,2,2.397932,364.4015,-1.022271,0.4263135,6.42583,-7.6722,-33.9897,0.1176987,
2,47.13,2,2.397909,364.3965,-1.025814,0.4277954,6.42583,-7.6722,-33.9897,0.1176987,
2,47.14,2,2.397991,364.3936,-1.032903,0.4307368,6.42203,-7.6722,-33.9903,0.1182976,
2,47.15,2,2.399039,364.3842,-1.027376,0.4282449,6.42203,-7.6722,-33.9903,0.1182976,
2,47.16,2,2.399021,364.3693,-1.027776,0.4284146,6.42203,-7.6722,-33.9903,0.1182976,
2,47.17,2,2.397756,364.374,-1.025062,0.4275087,6.42203,-7.6722,-33.9903,0.1182976,
2,47.18,2,2.395974,364.3837,-1.026752,0.4285322,6.42203,-7.6722,-33.9903,0.1182976,
2,47.19,2,2.397064,364.3739,-1.029398,0.4294413,6.42203,-7.6722,-33.9903,0.1182976,
2,47.2,2,2.397173,364.3728,-1.025977,0.4279944,6.42203,-7.6722,-33.9903,0.1182976,
2,47.21,2,2.39542,364.3746,-1.032385,0.430983,6.42203,-7.6722,-33.9903,0.1182976,
2,47.22,2,2.397156,364.299,-1.029622,0.429518,6.42203,-7.6722,-33.9903,0.1182976,
2,47.23,2,2.397165,364.384,-1.027642,0.4286906,6.42203,-7.6722,-33.9903,0.1182976,
2,47.24,2,2.397977,364.3604,-1.029154,0.4291759,6.42203,-7.6722,-33.9903,0.1182976,
2,47.25,2,2.399312,364.3614,-1.033483,0.4307415,6.42203,-7.6722,-33.9903,0.1182976,
2,47.26,2,2.403416,364.3377,-1.032855,0.4297445,6.42203,-7.6722,-33.9903,0.1182976,
2,47.27,2,2.405881,364.3193,-1.033566,0.4295996,6.42203,-7.6722,-33.9903,0.1182976,
2,47.28,2,2.407024,364.2805,-1.028691,0.4273705,6.42203,-7.6722,-33.9903,0.1182976,
2,47.29,2,2.407681,364.3186,-1.038772,0.431441,6.42203,-7.6722,-33.9903,0.1182976,
2,47.3,2,2.408009,364.3198,-1.034309,0.4295287,6.42203,-7.6722,-33.9903,0.1182976,
2,47.31,2,2.411865,364.2999,-1.030849,0.4274072,6.42203,-7.6722,-33.9903,0.1182976,
2,47.32,2,2.408576,364.2981,-1.03273,0.4287718,6.42203,-7.6722,-33.9903,0.1182976,
2,47.33,2,2.407493,364.2901,-1.034144,0.429552,6.42203,-7.6722,-33.9903,0.1182976,
2,47.34,2,2.408784,364.2743,-1.034217,0.4293523,6.42203,-7.6722,-33.9903,0.1182976,
2,47.35,2,2.411778,364.2946,-1.028784,0.4265667,6.42203,-7.6722,-33.9903,0.1182976,
2,47.36,2,2.40744,364.2937,-1.024696,0.4256374,6.42203,-7.6722,-33.9903,0.1182976,
2,47.37,2,2.410335,364.2866,-1.023959,0.4248202,6.42203,-7.6722,-33.9903,0.1182976,
2,47.38,2,2.410303,364.2867,-1.027769,0.4264066,6.42203,-7.6722,-33.9903,0.1182976,
2,47.39,2,2.408859,364.2794,-1.029361,0.4273232,6.4185,-7.6722,-33.9909,0.1188965,
2,47.4,2,2.409711,364.2725,-1.029008,0.4270257,6.4185,-7.6722,-33.9909,0.1188965,
2,47.41,2,2.408632,364.2794,-1.028591,0.4270435,6.4185,-7.6722,-33.9909,0.1188965,
2,47.42,2,2.409217,364.2727,-1.027491,0.4264834,6.4185,-7.6722,-33.9909,0.1188965,
2,47.43,2,2.410954,364.2675,-1.029153,0.4268653,6.4185,-7.6722,-33.9909,0.1188965,
2,47.44,2,2.409086,364.2632,-1.030205,0.4276331,6.4185,-7.6722,-33.9909,0.1188965,
2,47.45,2,2.409582,364.248,-1.031113,0.427922,6.4185,-7.6722,-33.9909,0.1188965,
2,47.46,2,2.413834,364.2779,-1.031966,0.4275216,6.4185,-7.6722,-33.9909,0.1188965,
2,47.47,2,2.415804,364.2288,-1.028967,0.4259314,6.4185,-7.6722,-33.9909,0.1188965,
2,47.48,2,2.421841,364.2079,-1.031477,0.4259059,6.4185,-7.6722,-33.9909,0.1188965,
2,47.49,2,2.421037,364.2091,-1.033892,0.427045,6.4185,-7.6722,-33.9909,0.1188965,
2,47.5,2,2.421799,364.2081,-1.036589,0.4280243,6.4185,-7.6722,-33.9909,0.1188965,
2,47.51,2,2.422345,364.2019,-1.037784,0.428421,6.4185,-7.6722,-33.9909,0.1188965,
2,47.52,2,2.419989,364.1898,-1.036359,0.4282496,6.4185,-7.6722,-33.9909,0.1188965,
2,47.53,2,2.42335,364.194,-1.037093,0.4279583,6.4185,-7.6722,-33.9909,0.1188965,
2,47.54,2,2.422858,364.19,-1.036288,0.427713,6.4185,-7.6722,-33.9909,0.1188965,
2,47.55,2,2.422588,364.1863,-1.036254,0.4277467,6.4185,-7.6722,-33.9909,0.1188965,
2,47.56,2,2.422623,364.1654,-1.037855,0.4284014,6.4185,-7.6722,-33.9909,0.1188965,
2,47.57,2,2.422247,364.171,-1.038977,0.4289312,6.4185,-7.6722,-33.9909,0.1188965,
2,47.58,2,2.422324,364.1725,-1.03706,0.4281259,6.4185,-7.6722,-33.9909,0.1188965,
2,47.59,2,2.419493,364.1806,-1.035945,0.4281661,6.4185,-7.6722,-33.9909,0.1188965,
2,47.6,2,2.421035,364.1711,-1.03316,0.4267432,6.4185,-7.6722,-33.9909,0.1188965,
2,47.61,2,2.421726,364.1765,-1.033862,0.4269111,6.4185,-7.6722,-33.9909,0.1188965,
2,47.62,2,2.422851,364.1684,-1.035607,0.427433,6.4147,-7.6722,-33.9915,0.1194992,
2,47.63,2,2.421704,364.1585,-1.038066,0.4286512,6.4147,-7.6722,-33.9915,0.1194992,
2,47.64,2,2.421015,364.1479,-1.036831,0.4282628,6.4147,-7.6722,-33.9915,0.1194992,
2,47.65,2,2.420986,364.1598,-1.036661,0.4281977,6.4147,-7.6722,-33.9915,0.1194992,
2,47.66,2,2.419057,364.1563,-1.034495,0.4276441,6.4147,-7.6722,-33.9915,0.1194992,
2,47.67,2,2.420215,364.1462,-1.033075,0.4268525,6.4147,-7.6722,-33.9915,0.1194992,
2,47.68,2,2.420709,364.1522,-1.037868,0.4287456,6.4147,-7.6722,-33.9915,0.1194992,
2,47.69,2,2.418158,364.1292,-1.036836,0.428771,6.4147,-7.6722,-33.9915,0.1194992,
2,47.7,2,2.423431,364.1407,-1.037178,0.4279791,6.4147,-7.6722,-33.9915,0.1194992,
2,47.71,2,2.426225,364.1061,-1.035171,0.426659,6.4147,-7.6722,-33.9915,0.1194992,
2,47.72,2,2.428735,364.1031,-1.038022,0.4273919,6.4147,-7.6722,-33.9915,0.1194992,
2,47.73,2,2.433146,364.0885,-1.041197,0.427922,6.4147,-7.6722,-33.9915,0.1194992,
2,47.74,2,2.432277,364.0918,-1.043057,0.4288398,6.4147,-7.6722,-33.9915,0.1194992,
2,47.75,2,2.43301,364.098,-1.050178,0.4316373,6.4147,-7.6722,-33.9915,0.1194992,
2,47.76,2,2.429792,364.0784,-1.047099,0.4309418,6.4147,-7.6722,-33.9915,0.1194992,
2,47.77,2,2.43171,364.0847,-1.042394,0.4286671,6.4147,-7.6722,-33.9915,0.1194992,
2,47.78,2,2.428841,364.0744,-1.040239,0.4282863,6.4147,-7.6722,-33.9915,0.1194992,
2,47.79,2,2.433217,364.0712,-1.041964,0.4282249,6.4147,-7.6722,-33.9915,0.1194992,
2,47.8,2,2.431334,364.0744,-1.043918,0.4293604,6.4147,-7.6722,-33.9915,0.1194992,
2,47.81,2,2.430969,364.0662,-1.045858,0.4302226,6.4147,-7.6722,-33.9915,0.1194992,
2,47.82,2,2.432945,364.0622,-1.042963,0.4286834,6.4147,-7.6722,-33.9915,0.1194992,
2,47.83,2,2.430358,364.0601,-1.043992,0.429563,6.4147,-7.6722,-33.9915,0.1194992,
2,47.84,2,2.431858,364.0648,-1.044623,0.4295577,6.4147,-7.6722,-33.9915,0.1194992,
2,47.85,2,2.433446,364.0647,-1.046308,0.4299695,6.4147,-7.6722,-33.9915,0.1194992,
2,47.86,2,2.433035,364.0656,-1.048099,0.4307784,6.41038,-7.6722,-33.9921,0.1200981,
2,47.87,2,2.432383,364.1049,-1.050635,0.4319366,6.41038,-7.6722,-33.9921,0.1200981,
2,47.88,2,2.43135,364.0538,-1.050768,0.4321748,6.41038,-7.6722,-33.9921,0.1200981,
2,47.89,2,2.431615,364.0559,-1.048457,0.4311774,6.41038,-7.6722,-33.9921,0.1200981,
2,47.9,2,2.431959,364.0467,-1.049372,0.4314926,6.41038,-7.6722,-33.9921,0.1200981,
2,47.91,2,2.429697,364.0398,-1.064533,0.4381343,6.41038,-7.6722,-33.9921,0.1200981,
2,47.92,2,2.430918,364.0374,-1.046619,0.4305447,6.41038,-7.6722,-33.9921,0.1200981,
2,47.93,2,2.43208,364.0139,-1.045287,0.4297914,6.41038,-7.6722,-33.9921,0.1200981,
2,47.94,2,2.431201,364.0223,-1.049833,0.4318168,6.41038,-7.6722,-33.9921,0.1200981,
2,47.95,2,2.431854,364.0215,-1.044168,0.4293711,6.41038,-7.6722,-33.9921,0.1200981,
2,47.96,2,2.430439,364.0251,-1.043174,0.429212,6.41038,-7.6722,-33.9921,0.1200981,
2,47.97,2,2.429295,364.0234,-1.054019,0.4338786,6.41038,-7.6722,-33.9921,0.1200981,
2,47.98,2,2.430327,364.0214,-1.047276,0.4309198,6.41038,-7.6722,-33.9921,0.1200981,
2,47.99,2,2.435798,364.0208,-1.053354,0.4324471,6.41038,-7.6722,-33.9921,0.1200981,
2,48,2,2.4386,363.9843,-1.047777,0.4296635,6.41038,-7.6722,-33.9921,0.1200981,
2,48.01,2,2.440217,363.9671,-1.051142,0.4307575,6.41038,-7.6722,-33.9921,0.1200981,
2,48.02,2,2.442874,363.9657,-1.050578,0.4300581,6.41038,-7.6722,-33.9921,0.1200981,
2,48.03,2,2.443498,363.9622,-1.049006,0.4293052,6.41038,-7.6722,-33.9921,0.1200981,
2,48.04,2,2.444868,363.9792,-1.051453,0.4300651,6.41038,-7.6722,-33.9921,0.1200981,
2,48.05,2,2.442374,363.9211,-1.052536,0.4309478,6.41038,-7.6722,-33.9921,0.1200981,
2,48.06,2,2.441404,363.9561,-1.054237,0.431816,6.41038,-7.6722,-33.9921,0.1200981,
2,48.07,2,2.443387,363.9543,-1.050061,0.4297563,6.41038,-7.6722,-33.9921,0.1200981,
2,48.08,2,2.441624,363.9513,-1.053193,0.4313492,6.41038,-7.6722,-33.9921,0.1200981,
2,48.09,2,2.442788,363.9435,-1.05443,0.4316502,6.41038,-7.6722,-33.9921,0.1200981,
2,48.1,2,2.444973,363.941,-1.056554,0.4321331,6.41038,-7.6722,-33.9921,0.1200981,
2,48.11,2,2.440639,363.9472,-1.054265,0.4319625,6.41038,-7.6722,-33.9921,0.1200981,
2,48.12,2,2.443811,363.9321,-1.051964,0.4304606,6.40548,-7.6722,-33.9927,0.120697,
2,48.13,2,2.443151,363.9413,-1.051976,0.4305819,6.40548,-7.6722,-33.9927,0.120697,
2,48.14,2,2.444075,363.937,-1.052433,0.4306058,6.40548,-7.6722,-33.9927,0.120697,
2,48.15,2,2.444044,363.9455,-1.05261,0.4306839,6.40548,-7.6722,-33.9927,0.120697,
2,48.16,2,2.446075,363.9335,-1.054656,0.4311625,6.40548,-7.6722,-33.9927,0.120697,
2,48.17,2,2.440435,363.9469,-1.054755,0.4321994,6.40548,-7.6722,-33.9927,0.120697,
2,48.18,2,2.441669,363.9284,-1.049884,0.4299863,6.40548,-7.6722,-33.9927,0.120697,
2,48.19,2,2.443944,363.9216,-1.049003,0.4292256,6.40548,-7.6722,-33.9927,0.120697,
2,48.2,2,2.443274,363.9182,-1.048835,0.4292744,6.40548,-7.6722,-33.9927,0.120697,
2,48.21,2,2.44117,363.9168,-1.050487,0.4303211,6.40548,-7.6722,-33.9927,0.120697,
2,48.22,2,2.440185,363.9337,-1.051131,0.4307588,6.40548,-7.6722,-33.9927,0.120697,
2,48.23,2,2.440607,363.9144,-1.049192,0.4298899,6.40548,-7.6722,-33.9927,0.120697,
2,48.24,2,2.444001,363.9055,-1.045973,0.4279758,6.40548,-7.6722,-33.9927,0.120697,
2,48.25,2,2.447948,363.8879,-1.046442,0.4274771,6.40548,-7.6722,-33.9927,0.120697,
2,48.26,2,2.449257,363.8751,-1.049044,0.4283109,6.40548,-7.6722,-33.9927,0.120697,
2,48.27,2,2.453526,363.8557,-1.051807,0.4286918,6.40548,-7.6722,-33.9927,0.120697,
2,48.28,2,2.457408,363.8742,-1.052638,0.428353,6.40548,-7.6722,-33.9927,0.120697,
2,48.29,2,2.455695,363.8645,-1.051746,0.4282884,6.40548,-7.6722,-33.9927,0.120697,
2,48.3,2,2.453512,363.8528,-1.05583,0.4303344,6.40548,-7.6722,-33.9927,0.120697,
2,48.31,2,2.458864,363.8456,-1.05326,0.4283522,6.40548,-7.6722,-33.9927,0.120697,
2,48.32,2,2.454458,363.8428,-1.056039,0.4302536,6.40548,-7.6722,-33.9927,0.120697,
2,48.33,2,2.454772,363.8302,-1.057005,0.4305922,6.40548,-7.6722,-33.9927,0.120697,
2,48.34,2,2.453719,363.8262,-1.058812,0.431513,6.40548,-7.6722,-33.9927,0.120697,
2,48.35,2,2.454016,363.83,-1.056571,0.4305475,6.40548,-7.6722,-33.9927,0.120697,
2,48.36,2,2.456526,363.8234,-1.057212,0.4303688,6.40548,-7.6722,-33.9927,0.120697,
2,48.37,2,2.454838,363.825,-1.056664,0.4304417,6.40115,-7.6722,-33.9934,0.1213989,
2,48.38,2,2.455101,363.8313,-1.058367,0.4310893,6.40115,-7.6722,-33.9934,0.1213989,
2,48.39,2,2.454882,363.8259,-1.060389,0.431951,6.40115,-7.6722,-33.9934,0.1213989,
2,48.4,2,2.455283,363.8599,-1.057895,0.4308649,6.40115,-7.6722,-33.9934,0.1213989,
2,48.41,2,2.454643,363.8111,-1.057561,0.4308409,6.40115,-7.6722,-33.9934,0.1213989,
2,48.42,2,2.45583,363.8122,-1.057268,0.4305135,6.40115,-7.6722,-33.9934,0.1213989,
2,48.43,2,2.454479,363.8156,-1.05733,0.4307759,6.40115,-7.6722,-33.9934,0.1213989,
2,48.44,2,2.455271,363.8144,-1.057932,0.4308819,6.40115,-7.6722,-33.9934,0.1213989,
2,48.45,2,2.453728,363.8052,-1.060351,0.4321389,6.40115,-7.6722,-33.9934,0.1213989,
2,48.46,2,2.453404,363.7751,-1.060983,0.4324535,6.40115,-7.6722,-33.9934,0.1213989,
2,48.47,2,2.45572,363.8039,-1.059137,0.4312938,6.40115,-7.6722,-33.9934,0.1213989,
2,48.48,2,2.455519,363.7977,-1.055394,0.4298048,6.40115,-7.6722,-33.9934,0.1213989,
2,48.49,2,2.460843,363.7863,-1.055359,0.4288609,6.40115,-7.6722,-33.9934,0.1213989,
2,48.5,2,2.463375,363.7528,-1.058753,0.4297977,6.40115,-7.6722,-33.9934,0.1213989,
2,48.51,2,2.466686,363.7516,-1.059877,0.4296764,6.40115,-7.6722,-33.9934,0.1213989,
2,48.52,2,2.472188,363.7372,-1.061078,0.429206,6.40115,-7.6722,-33.9934,0.1213989,
2,48.53,2,2.469794,363.7422,-1.060022,0.4291944,6.40115,-7.6722,-33.9934,0.1213989,
2,48.54,2,2.469561,363.7456,-1.0552,0.4272823,6.40115,-7.6722,-33.9934,0.1213989,
2,48.55,2,2.469089,363.7338,-1.059088,0.4289388,6.40115,-7.6722,-33.9934,0.1213989,
2,48.56,2,2.467961,363.7285,-1.060156,0.4295676,6.40115,-7.6722,-33.9934,0.1213989,
2,48.57,2,2.466284,363.7305,-1.060212,0.4298824,6.40115,-7.6722,-33.9934,0.1213989,
2,48.58,2,2.467602,363.7032,-1.062739,0.4306769,6.40115,-7.6722,-33.9934,0.1213989,
2,48.59,2,2.466105,363.7258,-1.061918,0.4306053,6.40115,-7.6722,-33.9934,0.1213989,
2,48.6,2,2.467965,363.7192,-1.060674,0.429777,6.40115,-7.6722,-33.9934,0.1213989,
2,48.61,2,2.468221,363.7256,-1.060469,0.4296492,6.39762,-7.6722,-33.994,0.1219978,
2,48.62,2,2.46599,363.712,-1.061817,0.4305843,6.39762,-7.6722,-33.994,0.1219978,
2,48.63,2,2.468061,363.6814,-1.064094,0.4311457,6.39762,-7.6722,-33.994,0.1219978,
2,48.64,2,2.466736,363.7005,-1.063228,0.4310265,6.39762,-7.6722,-33.994,0.1219978,
2,48.65,2,2.465238,363.7005,-1.063136,0.431251,6.39762,-7.6722,-33.994,0.1219978,
2,48.66,2,2.465943,363.7017,-1.062631,0.4309226,6.39762,-7.6722,-33.994,0.1219978,
2,48.67,2,2.46728,363.7032,-1.063377,0.4309919,6.39762,-7.6722,-33.994,0.1219978,
2,48.68,2,2.465847,363.6921,-1.065506,0.4321053,6.39762,-7.6722,-33.994,0.1219978,
2,48.69,2,2.467935,363.6977,-1.067533,0.4325612,6.39762,-7.6722,-33.994,0.1219978,
2,48.7,2,2.467974,363.7008,-1.066583,0.4321693,6.39762,-7.6722,-33.994,0.1219978,
2,48.71,2,2.47157,363.6857,-1.065389,0.4310575,6.39762,-7.6722,-33.994,0.1219978,
2,48.72,2,2.475755,363.6561,-1.063998,0.429767,6.39762,-7.6722,-33.994,0.1219978,
2,48.73,2,2.477697,363.6443,-1.065478,0.4300277,6.39762,-7.6722,-33.994,0.1219978,
2,48.74,2,2.480665,363.6336,-1.069752,0.4312361,6.39762,-7.6722,-33.994,0.1219978,
2,48.75,2,2.480522,363.6459,-1.069301,0.431079,6.39762,-7.6722,-33.994,0.1219978,
2,48.76,2,2.480806,363.617,-1.067498,0.4303031,6.39762,-7.6722,-33.994,0.1219978,
2,48.77,2,2.480412,363.6282,-1.068096,0.4306124,6.39762,-7.6722,-33.994,0.1219978,
2,48.78,2,2.477637,363.6308,-1.06515,0.4299057,6.39762,-7.6722,-33.994,0.1219978,
2,48.79,2,2.480278,363.6249,-1.065428,0.42956,6.39762,-7.6722,-33.994,0.1219978,
2,48.8,2,2.479791,363.615,-1.066845,0.4302155,6.39762,-7.6722,-33.994,0.1219978,
2,48.81,2,2.479364,363.6139,-1.067948,0.4307348,6.39762,-7.6722,-33.994,0.1219978,
2,48.82,2,2.482038,363.6113,-1.066953,0.4298697,6.39762,-7.6722,-33.994,0.1219978,
2,48.83,2,2.479837,363.6104,-1.064493,0.4292595,6.39762,-7.6722,-33.994,0.1219978,
2,48.84,2,2.480181,363.5995,-1.064195,0.4290796,6.39762,-7.6722,-33.994,0.1219978,
2,48.85,2,2.479381,363.605,-1.064712,0.4294268,6.39327,-7.6722,-33.9946,0.1225967,
2,48.86,2,2.480425,363.6006,-1.066459,0.4299502,6.39327,-7.6722,-33.9946,0.1225967,
2,48.87,2,2.480079,363.587,-1.068684,0.4309072,6.39327,-7.6722,-33.9946,0.1225967,
2,48.88,2,2.480302,363.5786,-1.066754,0.4300905,6.39327,-7.6722,-33.9946,0.1225967,
2,48.89,2,2.481866,363.5891,-1.067501,0.4301205,6.39327,-7.6722,-33.9946,0.1225967,
2,48.9,2,2.47826,363.5895,-1.067004,0.4305455,6.39327,-7.6722,-33.9946,0.1225967,
2,48.91,2,2.480254,363.5836,-1.07011,0.4314519,6.39327,-7.6722,-33.9946,0.1225967,
2,48.92,2,2.479966,363.5866,-1.069769,0.4313643,6.39327,-7.6722,-33.9946,0.1225967,
2,48.93,2,2.479426,363.5827,-1.070631,0.4318059,6.39327,-7.6722,-33.9946,0.1225967,
2,48.94,2,2.477378,363.5695,-1.071314,0.4324387,6.39327,-7.6722,-33.9946,0.1225967,
2,48.95,2,2.484058,363.5639,-1.069839,0.430682,6.39327,-7.6722,-33.9946,0.1225967,
2,48.96,2,2.485862,363.5347,-1.071764,0.4311439,6.39327,-7.6722,-33.9946,0.1225967,
2,48.97,2,2.489807,363.5197,-1.073696,0.4312366,6.39327,-7.6722,-33.9946,0.1225967,
2,48.98,2,2.490937,363.5224,-1.075397,0.4317238,6.39327,-7.6722,-33.9946,0.1225967,
2,48.99,2,2.493627,363.4723,-1.076793,0.4318181,6.39327,-7.6722,-33.9946,0.1225967,
2,49,2,2.492646,363.5196,-1.075017,0.4312753,6.39327,-7.6722,-33.9946,0.1225967,
2,49.01,2,2.490623,363.5194,-1.073237,0.4309111,6.39327,-7.6722,-33.9946,0.1225967,
2,49.02,2,2.49253,363.5165,-1.073978,0.4308787,6.39327,-7.6722,-33.9946,0.1225967,
2,49.03,2,2.491233,363.4975,-1.076995,0.4323138,6.39327,-7.6722,-33.9946,0.1225967,
2,49.04,2,2.491,363.5091,-1.078773,0.4330682,6.39327,-7.6722,-33.9946,0.1225967,
2,49.05,2,2.491911,363.5054,-1.076671,0.4320663,6.39327,-7.6722,-33.9946,0.1225967,
2,49.06,2,2.491773,363.5002,-1.074834,0.4313532,6.39327,-7.6722,-33.9946,0.1225967,
2,49.07,2,2.48937,363.4948,-1.07385,0.4313741,6.39327,-7.6722,-33.9946,0.1225967,
2,49.08,2,2.491553,363.4958,-1.072858,0.430598,6.39327,-7.6722,-33.9946,0.1225967,
2,49.09,2,2.490365,363.5007,-1.072741,0.4307566,6.39327,-7.6722,-33.9946,0.1225967,
2,49.1,2,2.492766,363.4778,-1.074162,0.4309119,6.38923,-7.6722,-33.9953,0.1232986,
2,49.11,2,2.491844,363.4964,-1.074023,0.4310152,6.38923,-7.6722,-33.9953,0.1232986,
2,49.12,2,2.492753,363.4818,-1.072744,0.4303451,6.38923,-7.6722,-33.9953,0.1232986,
2,49.13,2,2.491195,363.4796,-1.070967,0.4299009,6.38923,-7.6722,-33.9953,0.1232986,
2,49.14,2,2.493805,363.4757,-1.07298,0.430258,6.38923,-7.6722,-33.9953,0.1232986,
2,49.15,2,2.490415,363.4686,-1.072798,0.4307707,6.38923,-7.6722,-33.9953,0.1232986,
2,49.16,2,2.490734,363.4731,-1.074918,0.4315668,6.38923,-7.6722,-33.9953,0.1232986,
2,49.17,2,2.491473,363.4924,-1.07386,0.4310143,6.38923,-7.6722,-33.9953,0.1232986,
2,49.18,2,2.493469,363.4613,-1.072313,0.4300489,6.38923,-7.6722,-33.9953,0.1232986,
2,49.19,2,2.490234,363.458,-1.074138,0.43134,6.38923,-7.6722,-33.9953,0.1232986,
2,49.2,2,2.492657,363.4503,-1.076049,0.4316875,6.38923,-7.6722,-33.9953,0.1232986,
2,49.21,2,2.49797,363.4321,-1.075959,0.4307335,6.38923,-7.6722,-33.9953,0.1232986,
2,49.22,2,2.497718,363.4265,-1.078586,0.4318287,6.38923,-7.6722,-33.9953,0.1232986,
2,49.23,2,2.501272,363.3935,-1.081635,0.4324338,6.38923,-7.6722,-33.9953,0.1232986,
2,49.24,2,2.505174,363.4058,-1.079973,0.4310971,6.38923,-7.6722,-33.9953,0.1232986,
2,49.25,2,2.502354,363.3932,-1.081008,0.4319963,6.38923,-7.6722,-33.9953,0.1232986,
2,49.26,2,2.502815,363.4001,-1.080145,0.4315722,6.38923,-7.6722,-33.9953,0.1232986,
2,49.27,2,2.505075,363.4029,-1.083469,0.4325097,6.38923,-7.6722,-33.9953,0.1232986,
2,49.28,2,2.50312,363.3875,-1.086671,0.4341264,6.38923,-7.6722,-33.9953,0.1232986,
2,49.29,2,2.503762,363.3761,-1.083278,0.4326604,6.38923,-7.6722,-33.9953,0.1232986,
2,49.3,2,2.503883,363.3833,-1.084055,0.4329496,6.38923,-7.6722,-33.9953,0.1232986,
2,49.31,2,2.504293,363.3795,-1.083124,0.4325068,6.38923,-7.6722,-33.9953,0.1232986,
2,49.32,2,2.504188,363.3763,-1.08307,0.4325034,6.38923,-7.6722,-33.9953,0.1232986,
2,49.33,2,2.505633,363.3764,-1.084028,0.4326366,6.38513,-7.6722,-33.9959,0.1238976,
2,49.34,2,2.502943,363.3327,-1.084524,0.4332996,6.38513,-7.6722,-33.9959,0.1238976,
2,49.35,2,2.502377,363.3701,-1.083944,0.4331656,6.38513,-7.6722,-33.9959,0.1238976,
2,49.36,2,2.504128,363.3707,-1.082481,0.4322785,6.38513,-7.6722,-33.9959,0.1238976,
2,49.37,2,2.506127,363.37,-1.079427,0.430715,6.38513,-7.6722,-33.9959,0.1238976,
2,49.38,2,2.502593,363.365,-1.082065,0.4323775,6.38513,-7.6722,-33.9959,0.1238976,
2,49.39,2,2.503118,363.3627,-1.082522,0.4324695,6.38513,-7.6722,-33.9959,0.1238976,
2,49.4,2,2.503443,363.3449,-1.084333,0.4331366,6.38513,-7.6722,-33.9959,0.1238976,
2,49.41,2,2.502673,363.352,-1.080948,0.4319176,6.38513,-7.6722,-33.9959,0.1238976,
2,49.42,2,2.504692,363.3491,-1.078846,0.43073,6.38513,-7.6722,-33.9959,0.1238976,
2,49.43,2,2.501722,363.3474,-1.079479,0.4314944,6.38513,-7.6722,-33.9959,0.1238976,
2,49.44,2,2.505337,363.3372,-1.081945,0.4318562,6.38513,-7.6722,-33.9959,0.1238976,
2,49.45,2,2.51175,363.3274,-1.081369,0.430524,6.38513,-7.6722,-33.9959,0.1238976,
2,49.46,2,2.510507,363.2944,-1.084735,0.4320778,6.38513,-7.6722,-33.9959,0.1238976,
2,49.47,2,2.513664,363.3006,-1.085686,0.4319139,6.38513,-7.6722,-33.9959,0.1238976,
2,49.48,2,2.519115,363.2872,-1.086021,0.4311119,6.38513,-7.6722,-33.9959,0.1238976,
2,49.49,2,2.517336,363.284,-1.085302,0.4311312,6.38513,-7.6722,-33.9959,0.1238976,
2,49.5,2,2.51655,363.2756,-1.088984,0.4327291,6.38513,-7.6722,-33.9959,0.1238976,
2,49.51,2,2.51615,363.2896,-1.091132,0.4336514,6.38513,-7.6722,-33.9959,0.1238976,
2,49.52,2,2.51537,363.2799,-1.090779,0.4336455,6.38513,-7.6722,-33.9959,0.1238976,
2,49.53,2,2.517451,363.2766,-1.090483,0.4331695,6.38513,-7.6722,-33.9959,0.1238976,
2,49.54,2,2.518635,363.2729,-1.089319,0.4325036,6.38513,-7.6722,-33.9959,0.1238976,
2,49.55,2,2.516125,363.2676,-1.089879,0.4331575,6.38513,-7.6722,-33.9959,0.1238976,
2,49.56,2,2.517068,363.2691,-1.092204,0.4339191,6.38107,-7.6722,-33.9966,0.1245995,
2,49.57,2,2.517976,363.2539,-1.092073,0.4337106,6.38107,-7.6722,-33.9966,0.1245995,
2,49.58,2,2.515279,363.3227,-1.092487,0.4343405,6.38107,-7.6722,-33.9966,0.1245995,
2,49.59,2,2.516643,363.2415,-1.091738,0.433807,6.38107,-7.6722,-33.9966,0.1245995,
2,49.6,2,2.514991,363.2546,-1.092254,0.4342974,6.38107,-7.6722,-33.9966,0.1245995,
2,49.61,2,2.51671,363.2484,-1.091395,0.4336596,6.38107,-7.6722,-33.9966,0.1245995,
2,49.62,2,2.518558,363.2526,-1.09306,0.4340022,6.38107,-7.6722,-33.9966,0.1245995,
2,49.63,2,2.514996,363.2446,-1.093755,0.4348935,6.38107,-7.6722,-33.9966,0.1245995,
2,49.64,2,2.518181,363.2755,-1.092984,0.4340372,6.38107,-7.6722,-33.9966,0.1245995,
2,49.65,2,2.518171,363.2505,-1.092906,0.4340077,6.38107,-7.6722,-33.9966,0.1245995,
2,49.66,2,2.516361,363.2366,-1.088259,0.4324731,6.38107,-7.6722,-33.9966,0.1245995,
2,49.67,2,2.518154,363.2385,-1.089452,0.432639,6.38107,-7.6722,-33.9966,0.1245995,
2,49.68,2,2.516384,363.2341,-1.090073,0.4331903,6.38107,-7.6722,-33.9966,0.1245995,
2,49.69,2,2.521982,363.2151,-1.08912,0.4318508,6.38107,-7.6722,-33.9966,0.1245995,
2,49.7,2,2.523934,363.2049,-1.087848,0.4310127,6.38107,-7.6722,-33.9966,0.1245995,
2,49.71,2,2.524636,363.1771,-1.088927,0.4313205,6.38107,-7.6722,-33.9966,0.1245995,
2,49.72,2,2.528746,363.1782,-1.08669,0.4297349,6.38107,-7.6722,-33.9966,0.1245995,
2,49.73,2,2.527172,363.1738,-1.086909,0.4300891,6.38107,-7.6722,-33.9966,0.1245995,
2,49.74,2,2.528287,363.1648,-1.090017,0.4311286,6.38107,-7.6722,-33.9966,0.1245995,
2,49.75,2,2.529469,363.1691,-1.093735,0.4323972,6.38107,-7.6722,-33.9966,0.1245995,
2,49.76,2,2.527149,363.1665,-1.09387,0.4328474,6.38107,-7.6722,-33.9966,0.1245995,
2,49.77,2,2.529828,363.1569,-1.095057,0.4328582,6.38107,-7.6722,-33.9966,0.1245995,
2,49.78,2,2.530346,363.1607,-1.090571,0.4309968,6.38107,-7.6722,-33.9966,0.1245995,
2,49.79,2,2.528364,363.1528,-1.093696,0.4325705,6.38107,-7.6722,-33.9966,0.1245995,
2,49.8,2,2.527676,363.1497,-1.096267,0.4337055,6.37675,-7.6722,-33.9972,0.1251984,
2,49.81,2,2.528246,363.1479,-1.096564,0.4337253,6.37675,-7.6722,-33.9972,0.1251984,
2,49.82,2,2.527945,363.1299,-1.095447,0.4333349,6.37675,-7.6722,-33.9972,0.1251984,
2,49.83,2,2.528325,363.1349,-1.098848,0.4346149,6.37675,-7.6722,-33.9972,0.1251984,
2,49.84,2,2.527116,363.1447,-1.097268,0.4341977,6.37675,-7.6722,-33.9972,0.1251984,
2,49.85,2,2.527668,363.1328,-1.097608,0.4342376,6.37675,-7.6722,-33.9972,0.1251984,
2,49.86,2,2.527833,363.1244,-1.099081,0.4347917,6.37675,-7.6722,-33.9972,0.1251984,
2,49.87,2,2.52659,363.1215,-1.100382,0.4355205,6.37675,-7.6722,-33.9972,0.1251984,
2,49.88,2,2.526452,363.136,-1.100913,0.4357547,6.37675,-7.6722,-33.9972,0.1251984,
2,49.89,2,2.525868,363.1295,-1.099047,0.4351164,6.37675,-7.6722,-33.9972,0.1251984,
2,49.9,2,2.527016,363.1287,-1.097462,0.4342915,6.37675,-7.6722,-33.9972,0.1251984,
2,49.91,2,2.527223,363.1263,-1.099106,0.4349065,6.37675,-7.6722,-33.9972,0.1251984,
2,49.92,2,2.527051,363.1302,-1.102074,0.4361106,6.37675,-7.6722,-33.9972,0.1251984,
2,49.93,2,2.534003,363.1212,-1.100733,0.4343852,6.37675,-7.6722,-33.9972,0.1251984,
2,49.94,2,2.536131,363.0897,-1.10173,0.4344135,6.37675,-7.6722,-33.9972,0.1251984,
2,49.95,2,2.538111,363.0744,-1.100456,0.4335726,6.37675,-7.6722,-33.9972,0.1251984,
2,49.96,2,2.54154,363.0719,-1.099356,0.4325552,6.37675,-7.6722,-33.9972,0.1251984,
2,49.97,2,2.540265,363.0722,-1.099408,0.4327925,6.37675,-7.6722,-33.9972,0.1251984,
2,49.98,2,2.539468,363.065,-1.101984,0.4339428,6.37675,-7.6722,-33.9972,0.1251984,
2,49.99,2,2.540433,363.0807,-1.101056,0.4334126,6.37675,-7.6722,-33.9972,0.1251984,
2,50,2,2.539922,363.0645,-1.101493,0.4336721,6.37675,-7.6722,-33.9972,0.1251984,
2,50.01,2,2.539999,363.0522,-1.099187,0.432751,6.37675,-7.6722,-33.9972,0.1251984,
2,50.02,2,2.539498,363.0541,-1.096102,0.4316216,6.37675,-7.6722,-33.9972,0.1251984,
2,50.03,2,2.539303,363.0533,-1.097883,0.4323561,6.37675,-7.6722,-33.9972,0.1251984,
2,50.04,2,2.539743,363.0433,-1.100184,0.4331871,6.37675,-7.6722,-33.9972,0.1251984,
2,50.05,2,2.540515,363.0506,-1.101501,0.4335737,6.37292,-7.6722,-33.9978,0.1257973,
2,50.06,2,2.53928,363.0299,-1.101675,0.4338532,6.37292,-7.6722,-33.9978,0.1257973,
2,50.07,2,2.540314,363.0376,-1.102348,0.4339417,6.37292,-7.6722,-33.9978,0.1257973,
2,50.08,2,2.539388,363.0368,-1.102853,0.4342987,6.37292,-7.6722,-33.9978,0.1257973,
2,50.09,2,2.540145,363.0313,-1.103802,0.434543,6.37292,-7.6722,-33.9978,0.1257973,
2,50.1,2,2.53956,363.0265,-1.105138,0.435169,6.37292,-7.6722,-33.9978,0.1257973,
2,50.11,2,2.537348,363.0112,-1.106335,0.43602,6.37292,-7.6722,-33.9978,0.1257973,
2,50.12,2,2.539613,363.022,-1.105492,0.4352995,6.37292,-7.6722,-33.9978,0.1257973,
2,50.13,2,2.53947,363.0198,-1.104259,0.4348381,6.37292,-7.6722,-33.9978,0.1257973,
2,50.14,2,2.538186,363.0174,-1.102082,0.4342008,6.37292,-7.6722,-33.9978,0.1257973,
2,50.15,2,2.543646,363.0135,-1.10237,0.4333817,6.37292,-7.6722,-33.9978,0.1257973,
2,50.16,2,2.545205,362.9897,-1.107318,0.4350602,6.37292,-7.6722,-33.9978,0.1257973,
2,50.17,2,2.54776,362.9387,-1.108494,0.4350855,6.37292,-7.6722,-33.9978,0.1257973,
2,50.18,2,2.551035,362.9688,-1.107706,0.4342182,6.37292,-7.6722,-33.9978,0.1257973,
2,50.19,2,2.550716,362.9653,-1.108655,0.4346447,6.37292,-7.6722,-33.9978,0.1257973,
2,50.2,2,2.550402,362.9579,-1.108786,0.4347495,6.37292,-7.6722,-33.9978,0.1257973,
2,50.21,2,2.550916,362.9442,-1.111819,0.4358511,6.37292,-7.6722,-33.9978,0.1257973,
2,50.22,2,2.551129,362.9667,-1.110232,0.4351923,6.37292,-7.6722,-33.9978,0.1257973,
2,50.23,2,2.552093,362.9128,-1.110865,0.4352762,6.37292,-7.6722,-33.9978,0.1257973,
2,50.24,2,2.551966,362.9449,-1.111468,0.4355341,6.37292,-7.6722,-33.9978,0.1257973,
2,50.25,2,2.55104,362.9475,-1.109157,0.4347861,6.37292,-7.6722,-33.9978,0.1257973,
2,50.26,2,2.553217,362.9391,-1.105798,0.4331,6.37292,-7.6722,-33.9978,0.1257973,
2,50.27,2,2.552434,362.9411,-1.108009,0.434099,6.37292,-7.6722,-33.9978,0.1257973,
2,50.28,2,2.55231,362.9282,-1.109365,0.4346516,6.37292,-7.6722,-33.9978,0.1257973,
2,50.29,2,2.552333,362.9366,-1.109349,0.4346411,6.36888,-7.6722,-33.9984,0.1264,
2,50.3,2,2.550623,362.9318,-1.105041,0.4332436,6.36888,-7.6722,-33.9984,0.1264,
2,50.31,2,2.55096,362.9267,-1.104305,0.4328977,6.36888,-7.6722,-33.9984,0.1264,
2,50.32,2,2.550826,362.9295,-1.105319,0.433318,6.36888,-7.6722,-33.9984,0.1264,
2,50.33,2,2.550691,362.9261,-1.10524,0.4333099,6.36888,-7.6722,-33.9984,0.1264,
2,50.34,2,2.550053,362.9254,-1.108385,0.4346519,6.36888,-7.6722,-33.9984,0.1264,
2,50.35,2,2.550552,362.9124,-1.109193,0.4348837,6.36888,-7.6722,-33.9984,0.1264,
2,50.36,2,2.549526,362.9147,-1.109189,0.4350569,6.36888,-7.6722,-33.9984,0.1264,
2,50.37,2,2.55118,362.915,-1.109648,0.434955,6.36888,-7.6722,-33.9984,0.1264,
2,50.38,2,2.55094,362.9025,-1.108897,0.4347013,6.36888,-7.6722,-33.9984,0.1264,
2,50.39,2,2.556022,362.901,-1.109019,0.4338848,6.36888,-7.6722,-33.9984,0.1264,
2,50.4,2,2.555818,362.8633,-1.112785,0.4353929,6.36888,-7.6722,-33.9984,0.1264,
2,50.41,2,2.560634,362.8969,-1.113494,0.4348508,6.36888,-7.6722,-33.9984,0.1264,
2,50.42,2,2.563916,362.8568,-1.113642,0.4343518,6.36888,-7.6722,-33.9984,0.1264,
2,50.43,2,2.564924,362.8415,-1.113111,0.4339743,6.36888,-7.6722,-33.9984,0.1264,
2,50.44,2,2.564643,362.8481,-1.115186,0.4348308,6.36888,-7.6722,-33.9984,0.1264,
2,50.45,2,2.563586,362.842,-1.116353,0.4354653,6.36888,-7.6722,-33.9984,0.1264,
2,50.46,2,2.563261,362.8416,-1.118635,0.4364109,6.36888,-7.6722,-33.9984,0.1264,
2,50.47,2,2.562449,362.8399,-1.117485,0.4361004,6.36888,-7.6722,-33.9984,0.1264,
2,50.48,2,2.562376,362.8406,-1.117916,0.4362809,6.36888,-7.6722,-33.9984,0.1264,
2,50.49,2,2.562514,362.8325,-1.117501,0.4360955,6.36888,-7.6722,-33.9984,0.1264,
2,50.5,2,2.56423,362.8236,-1.116366,0.435361,6.36888,-7.6722,-33.9984,0.1264,
2,50.51,2,2.563249,362.8242,-1.118125,0.4362141,6.36888,-7.6722,-33.9984,0.1264,
2,50.52,2,2.56424,362.8159,-1.119441,0.4365587,6.3648,-7.6722,-33.999,0.1269989,
2,50.53,2,2.563517,362.8059,-1.119485,0.4366989,6.3648,-7.6722,-33.999,0.1269989,
2,50.54,2,2.562205,362.8129,-1.115213,0.4352552,6.3648,-7.6722,-33.999,0.1269989,
2,50.55,2,2.563767,362.8173,-1.115252,0.4350054,6.3648,-7.6722,-33.999,0.1269989,
2,50.56,2,2.562587,362.8108,-1.116398,0.4356527,6.3648,-7.6722,-33.999,0.1269989,
2,50.57,2,2.562843,362.8167,-1.116389,0.4356057,6.3648,-7.6722,-33.999,0.1269989,
2,50.58,2,2.563799,362.7991,-1.116852,0.4356239,6.3648,-7.6722,-33.999,0.1269989,
2,50.59,2,2.561147,362.8047,-1.115925,0.435713,6.3648,-7.6722,-33.999,0.1269989,
2,50.6,2,2.561987,362.7885,-1.113953,0.4348002,6.3648,-7.6722,-33.999,0.1269989,
2,50.61,2,2.562778,362.7915,-1.111023,0.4335231,6.3648,-7.6722,-33.999,0.1269989,
2,50.62,2,2.563389,362.7967,-1.11113,0.4334615,6.3648,-7.6722,-33.999,0.1269989,
2,50.63,2,2.567759,362.786,-1.113952,0.4338225,6.3648,-7.6722,-33.999,0.1269989,
2,50.64,2,2.570066,362.7379,-1.116689,0.434498,6.3648,-7.6722,-33.999,0.1269989,
2,50.65,2,2.570105,362.7357,-1.116954,0.4345949,6.3648,-7.6722,-33.999,0.1269989,
2,50.66,2,2.577439,362.7295,-1.117323,0.4335012,6.3648,-7.6722,-33.999,0.1269989,
2,50.67,2,2.576519,362.7265,-1.118816,0.4342355,6.3648,-7.6722,-33.999,0.1269989,
2,50.68,2,2.57723,362.7321,-1.122819,0.4356688,6.3648,-7.6722,-33.999,0.1269989,
2,50.69,2,2.576803,362.7289,-1.124173,0.4362665,6.3648,-7.6722,-33.999,0.1269989,
2,50.7,2,2.5764,362.7283,-1.1245,0.4364616,6.3648,-7.6722,-33.999,0.1269989,
2,50.71,2,2.576712,362.7188,-1.124336,0.4363451,6.3648,-7.6722,-33.999,0.1269989,
2,50.72,2,2.576077,362.7099,-1.123286,0.4360452,6.3648,-7.6722,-33.999,0.1269989,
2,50.73,2,2.578542,362.7151,-1.122646,0.4353803,6.361,-7.6722,-33.9997,0.127697,
2,50.74,2,2.577056,362.7051,-1.123298,0.4358841,6.361,-7.6722,-33.9997,0.127697,
2,50.75,2,2.575886,362.7072,-1.12455,0.4365683,6.361,-7.6722,-33.9997,0.127697,
2,50.76,2,2.578967,362.6621,-1.127081,0.4370281,6.361,-7.6722,-33.9997,0.127697,
2,50.77,2,2.576752,362.7072,-1.125291,0.4367089,6.361,-7.6722,-33.9997,0.127697,
2,50.78,2,2.57823,362.6956,-1.123432,0.4357377,6.361,-7.6722,-33.9997,0.127697,
2,50.79,2,2.576262,362.6984,-1.123351,0.4360391,6.361,-7.6722,-33.9997,0.127697,
2,50.8,2,2.577266,362.6938,-1.125554,0.4367242,6.361,-7.6722,-33.9997,0.127697,
2,50.81,2,2.577257,362.7008,-1.126379,0.4370455,6.361,-7.6722,-33.9997,0.127697,
2,50.82,2,2.574997,362.7383,-1.127254,0.4377689,6.361,-7.6722,-33.9997,0.127697,
2,50.83,2,2.57377,362.689,-1.126263,0.4375929,6.361,-7.6722,-33.9997,0.127697,
2,50.84,2,2.580513,362.671,-1.123563,0.4354028,6.361,-7.6722,-33.9997,0.127697,
2,50.85,2,2.581552,362.6583,-1.123798,0.4353188,6.361,-7.6722,-33.9997,0.127697,
2,50.86,2,2.586055,362.6404,-1.125619,0.435265,6.361,-7.6722,-33.9997,0.127697,
2,50.87,2,2.588522,362.6307,-1.1261,0.435036,6.361,-7.6722,-33.9997,0.127697,
2,50.88,2,2.587299,362.6244,-1.126553,0.4354167,6.361,-7.6722,-33.9997,0.127697,
2,50.89,2,2.587202,362.6179,-1.124606,0.4346804,6.361,-7.6722,-33.9997,0.127697,
2,50.9,2,2.587339,362.617,-1.122324,0.4337755,6.361,-7.6722,-33.9997,0.127697,
2,50.91,2,2.589946,362.6204,-1.12309,0.4336346,6.361,-7.6722,-33.9997,0.127697,
2,50.92,2,2.585742,362.6091,-1.125144,0.4351338,6.361,-7.6722,-33.9997,0.127697,
2,50.93,2,2.587772,362.6109,-1.127619,0.4357491,6.361,-7.6722,-33.9997,0.127697,
2,50.94,2,2.588705,362.6276,-1.127764,0.4356481,6.361,-7.6722,-33.9997,0.127697,
2,50.95,2,2.587983,362.5933,-1.127909,0.4358256,6.361,-7.6722,-33.9997,0.127697,
2,50.96,2,2.586622,362.5982,-1.128049,0.4361088,6.361,-7.6722,-33.9997,0.127697,
2,50.97,2,2.586089,362.5941,-1.128064,0.4362044,6.35747,-7.6722,-34.0003,0.1282997,
2,50.98,2,2.586233,362.5904,-1.129954,0.4369111,6.35747,-7.6722,-34.0003,0.1282997,
2,50.99,2,2.586758,362.6213,-1.130139,0.4368941,6.35747,-7.6722,-34.0003,0.1282997,
2,51,2,2.58614,362.5712,-1.130103,0.4369845,6.35747,-7.6722,-34.0003,0.1282997,
2,51.01,2,2.58563,362.588,-1.130405,0.4371873,6.35747,-7.6722,-34.0003,0.1282997,
2,51.02,2,2.586278,362.5841,-1.128587,0.436375,6.35747,-7.6722,-34.0003,0.1282997,
2,51.03,2,2.585279,362.5832,-1.129384,0.4368518,6.35747,-7.6722,-34.0003,0.1282997,
2,51.04,2,2.587026,362.5845,-1.133484,0.4381416,6.35747,-7.6722,-34.0003,0.1282997,
2,51.05,2,2.585937,362.5693,-1.133239,0.4382317,6.35747,-7.6722,-34.0003,0.1282997,
2,51.06,2,2.585124,362.5698,-1.134146,0.43872,6.35747,-7.6722,-34.0003,0.1282997,
2,51.07,2,2.586393,362.5697,-1.131501,0.4374822,6.35747,-7.6722,-34.0003,0.1282997,
2,51.08,2,2.585758,362.5587,-1.129272,0.4367275,6.35747,-7.6722,-34.0003,0.1282997,
2,51.09,2,2.590357,362.5686,-1.130406,0.43639,6.35747,-7.6722,-34.0003,0.1282997,
2,51.1,2,2.592231,362.549,-1.135078,0.437877,6.35747,-7.6722,-34.0003,0.1282997,
2,51.11,2,2.595021,362.5082,-1.133466,0.4367848,6.35747,-7.6722,-34.0003,0.1282997,
2,51.12,2,2.598243,362.5333,-1.133469,0.4362443,6.35747,-7.6722,-34.0003,0.1282997,
2,51.13,2,2.59899,362.5131,-1.132049,0.4355726,6.35747,-7.6722,-34.0003,0.1282997,
2,51.14,2,2.598417,362.5226,-1.13229,0.4357614,6.35747,-7.6722,-34.0003,0.1282997,
2,51.15,2,2.598255,362.505,-1.131071,0.4353194,6.35747,-7.6722,-34.0003,0.1282997,
2,51.16,2,2.597349,362.5036,-1.134788,0.4369023,6.35747,-7.6722,-34.0003,0.1282997,
2,51.17,2,2.597914,362.5133,-1.134712,0.4367782,6.35747,-7.6722,-34.0003,0.1282997,
2,51.18,2,2.598911,362.4992,-1.13455,0.4365482,6.35747,-7.6722,-34.0003,0.1282997,
2,51.19,2,2.597806,362.4977,-1.130581,0.4352061,6.35288,-7.6722,-34.0009,0.1288986,
2,51.2,2,2.598941,362.4963,-1.128823,0.4343397,6.35288,-7.6722,-34.0009,0.1288986,
2,51.21,2,2.598472,362.4795,-1.131983,0.4356342,6.35288,-7.6722,-34.0009,0.1288986,
2,51.22,2,2.599409,362.4921,-1.133837,0.4361904,6.35288,-7.6722,-34.0009,0.1288986,
2,51.23,2,2.597142,362.5012,-1.133696,0.4365169,6.35288,-7.6722,-34.0009,0.1288986,
2,51.24,2,2.598372,362.4943,-1.134574,0.4366482,6.35288,-7.6722,-34.0009,0.1288986,
2,51.25,2,2.595829,362.4729,-1.13544,0.4374095,6.35288,-7.6722,-34.0009,0.1288986,
2,51.26,2,2.597902,362.4689,-1.134463,0.4366844,6.35288,-7.6722,-34.0009,0.1288986,
2,51.27,2,2.597553,362.4664,-1.13589,0.4372923,6.35288,-7.6722,-34.0009,0.1288986,
2,51.28,2,2.597006,362.4621,-1.138588,0.4384232,6.35288,-7.6722,-34.0009,0.1288986,
2,51.29,2,2.598272,362.447,-1.138219,0.4380678,6.35288,-7.6722,-34.0009,0.1288986,
2,51.3,2,2.598295,362.4637,-1.138464,0.438158,6.35288,-7.6722,-34.0009,0.1288986,
2,51.31,2,2.59802,362.4555,-1.135803,0.4371803,6.35288,-7.6722,-34.0009,0.1288986,
2,51.32,2,2.605098,362.443,-1.135201,0.4357613,6.35288,-7.6722,-34.0009,0.1288986,
2,51.33,2,2.603755,362.4254,-1.13881,0.4373724,6.35288,-7.6722,-34.0009,0.1288986,
2,51.34,2,2.609106,362.4163,-1.14248,0.4378817,6.35288,-7.6722,-34.0009,0.1288986,
2,51.35,2,2.612577,362.4351,-1.142188,0.4371882,6.35288,-7.6722,-34.0009,0.1288986,
2,51.36,2,2.610142,362.4068,-1.14083,0.4370759,6.35288,-7.6722,-34.0009,0.1288986,
2,51.37,2,2.608392,362.409,-1.141636,0.4376782,6.35288,-7.6722,-34.0009,0.1288986,
2,51.38,2,2.611401,362.41,-1.141279,0.4370371,6.35288,-7.6722,-34.0009,0.1288986,
2,51.39,2,2.609679,362.387,-1.143951,0.4383492,6.35288,-7.6722,-34.0009,0.1288986,
2,51.4,2,2.607019,362.395,-1.144581,0.4390384,6.35288,-7.6722,-34.0009,0.1288986,
2,51.41,2,2.609756,362.3952,-1.144859,0.4386843,6.35288,-7.6722,-34.0009,0.1288986,
2,51.42,2,2.606534,362.3958,-1.144239,0.4389887,6.35288,-7.6722,-34.0009,0.1288986,
2,51.43,2,2.610604,362.3903,-1.141199,0.4371396,6.34907,-7.6722,-34.0015,0.1294975,
2,51.44,2,2.609799,362.3852,-1.14129,0.4373096,6.34907,-7.6722,-34.0015,0.1294975,
2,51.45,2,2.610588,362.3817,-1.142313,0.4375692,6.34907,-7.6722,-34.0015,0.1294975,
2,51.46,2,2.609336,362.3896,-1.143787,0.438344,6.34907,-7.6722,-34.0015,0.1294975,
2,51.47,2,2.608441,362.3579,-1.141549,0.4376364,6.34907,-7.6722,-34.0015,0.1294975,
2,51.48,2,2.610504,362.3654,-1.140243,0.4367903,6.34907,-7.6722,-34.0015,0.1294975,
2,51.49,2,2.609716,362.3664,-1.139911,0.4367949,6.34907,-7.6722,-34.0015,0.1294975,
2,51.5,2,2.609224,362.3599,-1.138657,0.4363969,6.34907,-7.6722,-34.0015,0.1294975,
2,51.51,2,2.612919,362.3652,-1.140515,0.4364908,6.34907,-7.6722,-34.0015,0.1294975,
2,51.52,2,2.609849,362.3634,-1.142547,0.4377828,6.34907,-7.6722,-34.0015,0.1294975,
2,51.53,2,2.608274,362.3539,-1.144795,0.4389088,6.34907,-7.6722,-34.0015,0.1294975,
2,51.54,2,2.608651,362.3513,-1.143416,0.4383171,6.34907,-7.6722,-34.0015,0.1294975,
2,51.55,2,2.612441,362.3524,-1.142594,0.4373665,6.34907,-7.6722,-34.0015,0.1294975,
2,51.56,2,2.617519,362.3353,-1.14305,0.4366921,6.34907,-7.6722,-34.0015,0.1294975,
2,51.57,2,2.617075,362.3189,-1.145035,0.4375249,6.34907,-7.6722,-34.0015,0.1294975,
2,51.58,2,2.619468,362.2837,-1.147059,0.4378976,6.34907,-7.6722,-34.0015,0.1294975,
2,51.59,2,2.624971,362.2882,-1.149756,0.4380073,6.34907,-7.6722,-34.0015,0.1294975,
2,51.6,2,2.622499,362.3024,-1.147704,0.4376377,6.34907,-7.6722,-34.0015,0.1294975,
2,51.61,2,2.624887,362.2916,-1.148711,0.4376229,6.34907,-7.6722,-34.0015,0.1294975,
2,51.62,2,2.623416,362.2903,-1.150725,0.4386362,6.34907,-7.6722,-34.0015,0.1294975,
2,51.63,2,2.623826,362.2751,-1.150772,0.4385853,6.34907,-7.6722,-34.0015,0.1294975,
2,51.64,2,2.623739,362.2762,-1.153345,0.4395806,6.34907,-7.6722,-34.0015,0.1294975,
2,51.65,2,2.621871,362.2954,-1.153401,0.4399152,6.34907,-7.6722,-34.0015,0.1294975,
2,51.66,2,2.623522,362.2758,-1.149584,0.4381835,6.34907,-7.6722,-34.0015,0.1294975,
2,51.67,2,2.624008,362.2738,-1.149658,0.4381307,6.34907,-7.6722,-34.0015,0.1294975,
2,51.68,2,2.623233,362.2735,-1.151425,0.4389336,6.34907,-7.6722,-34.0015,0.1294975,
2,51.69,2,2.624919,362.2748,-1.151172,0.4385551,6.34907,-7.6722,-34.0015,0.1294975,
2,51.7,2,2.625648,362.3013,-1.151532,0.4385707,6.345,-7.6722,-34.0021,0.1301003,
2,51.71,2,2.624497,362.2683,-1.149604,0.4380283,6.345,-7.6722,-34.0021,0.1301003,
2,51.72,2,2.623636,362.2637,-1.148362,0.4376988,6.345,-7.6722,-34.0021,0.1301003,
2,51.73,2,2.623963,362.2607,-1.149081,0.4379181,6.345,-7.6722,-34.0021,0.1301003,
2,51.74,2,2.622038,362.2546,-1.147604,0.4376761,6.345,-7.6722,-34.0021,0.1301003,
2,51.75,2,2.622826,362.2537,-1.14893,0.4380505,6.345,-7.6722,-34.0021,0.1301003,
2,51.76,2,2.623047,362.2571,-1.148877,0.4379934,6.345,-7.6722,-34.0021,0.1301003,
2,51.77,2,2.622696,362.2606,-1.148581,0.4379389,6.345,-7.6722,-34.0021,0.1301003,
2,51.78,2,2.626366,362.2553,-1.145176,0.4360307,6.345,-7.6722,-34.0021,0.1301003,
2,51.79,2,2.628818,362.2184,-1.143533,0.4349989,6.345,-7.6722,-34.0021,0.1301003,
2,51.8,2,2.630677,362.2025,-1.148029,0.4364007,6.345,-7.6722,-34.0021,0.1301003,
2,51.81,2,2.634701,362.1984,-1.149758,0.4363903,6.345,-7.6722,-34.0021,0.1301003,
2,51.82,2,2.633225,362.1976,-1.152192,0.4375593,6.345,-7.6722,-34.0021,0.1301003,
2,51.83,2,2.635405,362.18,-1.153493,0.4376912,6.345,-7.6722,-34.0021,0.1301003,
2,51.84,2,2.633001,362.1854,-1.153563,0.4381172,6.345,-7.6722,-34.0021,0.1301003,
2,51.85,2,2.634678,362.1829,-1.15411,0.4380459,6.345,-7.6722,-34.0021,0.1301003,
2,51.86,2,2.632772,362.1794,-1.155326,0.4388248,6.345,-7.6722,-34.0021,0.1301003,
2,51.87,2,2.632802,362.1748,-1.154398,0.4384673,6.345,-7.6722,-34.0021,0.1301003,
2,51.88,2,2.632752,362.1706,-1.155831,0.4390202,6.34123,-7.6722,-34.0027,0.1306992,
2,51.89,2,2.634202,362.1692,-1.155873,0.4387943,6.34123,-7.6722,-34.0027,0.1306992,
2,51.9,2,2.633628,362.1693,-1.154545,0.4383858,6.34123,-7.6722,-34.0027,0.1306992,
2,51.91,2,2.634071,362.1612,-1.154622,0.4383412,6.34123,-7.6722,-34.0027,0.1306992,
2,51.92,2,2.632154,362.1585,-1.156221,0.4392681,6.34123,-7.6722,-34.0027,0.1306992,
2,51.93,2,2.632871,362.167,-1.156966,0.4394314,6.34123,-7.6722,-34.0027,0.1306992,
2,51.94,2,2.633984,362.0902,-1.156317,0.4389994,6.34123,-7.6722,-34.0027,0.1306992,
2,51.95,2,2.633073,362.1709,-1.157438,0.4395768,6.34123,-7.6722,-34.0027,0.1306992,
2,51.96,2,2.633461,362.1521,-1.156811,0.439274,6.34123,-7.6722,-34.0027,0.1306992,
2,51.97,2,2.632157,362.163,-1.155256,0.4389009,6.34123,-7.6722,-34.0027,0.1306992,
2,51.98,2,2.631706,362.1495,-1.158025,0.4400281,6.34123,-7.6722,-34.0027,0.1306992,
2,51.99,2,2.634321,362.1468,-1.159282,0.4400685,6.34123,-7.6722,-34.0027,0.1306992,
2,52,2,2.633805,362.1262,-1.159953,0.4404095,6.34123,-7.6722,-34.0027,0.1306992,
2,52.01,2,2.637601,362.1244,-1.160634,0.4400338,6.34123,-7.6722,-34.0027,0.1306992,
2,52.02,2,2.638759,362.1083,-1.16344,0.4409041,6.34123,-7.6722,-34.0027,0.1306992,
2,52.03,2,2.640158,362.093,-1.164651,0.4411292,6.34123,-7.6722,-34.0027,0.1306992,
2,52.04,2,2.644131,362.0886,-1.166029,0.4409874,6.34123,-7.6722,-34.0027,0.1306992,
2,52.05,2,2.642164,362.0794,-1.165807,0.4412317,6.34123,-7.6722,-34.0027,0.1306992,
2,52.06,2,2.642829,362.0672,-1.165565,0.4410294,6.34123,-7.6722,-34.0027,0.1306992,
2,52.07,2,2.645857,362.0831,-1.163239,0.4396455,6.34123,-7.6722,-34.0027,0.1306992,
2,52.08,2,2.645243,362.0779,-1.163406,0.4398108,6.34123,-7.6722,-34.0027,0.1306992,
2,52.09,2,2.643899,362.0761,-1.163672,0.4401347,6.34123,-7.6722,-34.0027,0.1306992,
2,52.1,2,2.644151,362.0808,-1.165043,0.4406112,6.34123,-7.6722,-34.0027,0.1306992,
2,52.11,2,2.64308,362.072,-1.166832,0.4414668,6.34123,-7.6722,-34.0027,0.1306992,
2,52.12,2,2.644835,362.0668,-1.164222,0.4401871,6.33743,-7.6722,-34.0033,0.1312981,
2,52.13,2,2.641915,362.0668,-1.167167,0.4417883,6.33743,-7.6722,-34.0033,0.1312981,
2,52.14,2,2.640224,362.0606,-1.167549,0.442216,6.33743,-7.6722,-34.0033,0.1312981,
2,52.15,2,2.642346,362.0587,-1.166087,0.4413074,6.33743,-7.6722,-34.0033,0.1312981,
2,52.16,2,2.643786,362.0446,-1.16545,0.440826,6.33743,-7.6722,-34.0033,0.1312981,
2,52.17,2,2.643148,362.0441,-1.171036,0.4430461,6.33743,-7.6722,-34.0033,0.1312981,
2,52.18,2,2.64149,362.0447,-1.173366,0.4442064,6.33743,-7.6722,-34.0033,0.1312981,
2,52.19,2,2.642891,362.0445,-1.167931,0.4419143,6.33743,-7.6722,-34.0033,0.1312981,
2,52.2,2,2.64405,362.0301,-1.164755,0.4405194,6.33743,-7.6722,-34.0033,0.1312981,
2,52.21,2,2.642448,362.0363,-1.173904,0.4442486,6.33743,-7.6722,-34.0033,0.1312981,
2,52.22,2,2.642723,362.0385,-1.177416,0.4455314,6.33743,-7.6722,-34.0033,0.1312981,
2,52.23,2,2.646662,362.0258,-1.172544,0.4430275,6.33743,-7.6722,-34.0033,0.1312981,
2,52.24,2,2.651004,362.0007,-1.173266,0.4425744,6.33743,-7.6722,-34.0033,0.1312981,
2,52.25,2,2.652661,362.0016,-1.175598,0.4431769,6.33743,-7.6722,-34.0033,0.1312981,
2,52.26,2,2.65741,361.9818,-1.172991,0.4414039,6.33743,-7.6722,-34.0033,0.1312981,
2,52.27,2,2.657475,361.9759,-1.168858,0.4398377,6.33743,-7.6722,-34.0033,0.1312981,
2,52.28,2,2.656319,361.9626,-1.171964,0.4411986,6.33743,-7.6722,-34.0033,0.1312981,
2,52.29,2,2.657264,361.9501,-1.171267,0.4407794,6.33743,-7.6722,-34.0033,0.1312981,
2,52.3,2,2.656346,361.9614,-1.169177,0.4401448,6.33743,-7.6722,-34.0033,0.1312981,
2,52.31,2,2.658743,361.9611,-1.169236,0.4397702,6.33743,-7.6722,-34.0033,0.1312981,
2,52.32,2,2.657089,361.9662,-1.166903,0.4391662,6.33743,-7.6722,-34.0033,0.1312981,
2,52.33,2,2.656567,361.9612,-1.166327,0.4390356,6.33743,-7.6722,-34.0033,0.1312981,
2,52.34,2,2.658398,361.9574,-1.168567,0.4395757,6.33388,-7.6722,-34.004,0.132,
2,52.35,2,2.657706,361.9449,-1.167503,0.4392895,6.33388,-7.6722,-34.004,0.132,
2,52.36,2,2.656796,361.9428,-1.166054,0.4388948,6.33388,-7.6722,-34.004,0.132,
2,52.37,2,2.65582,361.9417,-1.165619,0.4388923,6.33388,-7.6722,-34.004,0.132,
2,52.38,2,2.655382,361.9464,-1.164457,0.438527,6.33388,-7.6722,-34.004,0.132,
2,52.39,2,2.656644,361.9337,-1.165056,0.4385444,6.33388,-7.6722,-34.004,0.132,
2,52.4,2,2.657077,361.9286,-1.166607,0.4390564,6.33388,-7.6722,-34.004,0.132,
2,52.41,2,2.656033,361.9168,-1.165061,0.4386471,6.33388,-7.6722,-34.004,0.132,
2,52.42,2,2.655396,361.9305,-1.167139,0.4395348,6.33388,-7.6722,-34.004,0.132,
2,52.43,2,2.655463,361.9231,-1.166015,0.4391007,6.33388,-7.6722,-34.004,0.132,
2,52.44,2,2.66214,361.9063,-1.166506,0.4381837,6.33388,-7.6722,-34.004,0.132,
2,52.45,2,2.662458,361.8866,-1.169348,0.4391986,6.33388,-7.6722,-34.004,0.132,
2,52.46,2,2.666099,361.8825,-1.173343,0.4400974,6.33388,-7.6722,-34.004,0.132,
2,52.47,2,2.669466,361.8707,-1.174361,0.4399235,6.33388,-7.6722,-34.004,0.132,
2,52.48,2,2.668306,361.8739,-1.174577,0.4401957,6.33388,-7.6722,-34.004,0.132,
2,52.49,2,2.670623,361.8622,-1.171831,0.4387857,6.33388,-7.6722,-34.004,0.132,
2,52.5,2,2.668931,361.8625,-1.174896,0.4402122,6.33388,-7.6722,-34.004,0.132,
2,52.51,2,2.668533,361.8651,-1.175912,0.4406587,6.33388,-7.6722,-34.004,0.132,
2,52.52,2,2.668562,361.8588,-1.177163,0.4411228,6.33388,-7.6722,-34.004,0.132,
2,52.53,2,2.666319,361.8758,-1.177829,0.4417435,6.33388,-7.6722,-34.004,0.132,
2,52.54,2,2.668689,361.8421,-1.176296,0.4407768,6.33388,-7.6722,-34.004,0.132,
2,52.55,2,2.670572,361.8491,-1.176841,0.4406698,6.33388,-7.6722,-34.004,0.132,
2,52.56,2,2.669153,361.841,-1.17732,0.4410839,6.33388,-7.6722,-34.004,0.132,
2,52.57,2,2.668735,361.8413,-1.17688,0.4409882,6.33388,-7.6722,-34.004,0.132,
2,52.58,2,2.669095,361.8447,-1.179173,0.4417875,6.3301,-7.6722,-34.0046,0.1325989,
2,52.59,2,2.667519,361.8708,-1.178839,0.4419234,6.3301,-7.6722,-34.0046,0.1325989,
2,52.6,2,2.669815,361.8329,-1.175239,0.440195,6.3301,-7.6722,-34.0046,0.1325989,
2,52.61,2,2.668436,361.8274,-1.177012,0.4410869,6.3301,-7.6722,-34.0046,0.1325989,
2,52.62,2,2.667598,361.8275,-1.176083,0.4408773,6.3301,-7.6722,-34.0046,0.1325989,
2,52.63,2,2.668557,361.8234,-1.175806,0.4406149,6.3301,-7.6722,-34.0046,0.1325989,
2,52.64,2,2.666988,361.8311,-1.178218,0.4417786,6.3301,-7.6722,-34.0046,0.1325989,
2,52.65,2,2.668418,361.8187,-1.176519,0.440905,6.3301,-7.6722,-34.0046,0.1325989,
2,52.66,2,2.666585,361.8094,-1.175008,0.4406416,6.3301,-7.6722,-34.0046,0.1325989,
2,52.67,2,2.667432,361.811,-1.173415,0.4399043,6.3301,-7.6722,-34.0046,0.1325989,
2,52.68,2,2.674509,361.8014,-1.171388,0.4379825,6.3301,-7.6722,-34.0046,0.1325989,
2,52.69,2,2.677177,361.7726,-1.174593,0.4387431,6.3301,-7.6722,-34.0046,0.1325989,
2,52.7,2,2.675727,361.7589,-1.178704,0.4405173,6.3301,-7.6722,-34.0046,0.1325989,
2,52.71,2,2.680395,361.7696,-1.179793,0.4401565,6.3301,-7.6722,-34.0046,0.1325989,
2,52.72,2,2.680631,361.7548,-1.179067,0.4398467,6.3301,-7.6722,-34.0046,0.1325989,
2,52.73,2,2.680466,361.7476,-1.178285,0.4395822,6.3301,-7.6722,-34.0046,0.1325989,
2,52.74,2,2.679776,361.7476,-1.179886,0.4402927,6.3301,-7.6722,-34.0046,0.1325989,
2,52.75,2,2.680466,361.7443,-1.181938,0.440945,6.3301,-7.6722,-34.0046,0.1325989,
2,52.76,2,2.680852,361.7648,-1.180632,0.4403942,6.3301,-7.6722,-34.0046,0.1325989,
2,52.77,2,2.679478,361.6988,-1.181952,0.4411127,6.3301,-7.6722,-34.0046,0.1325989,
2,52.78,2,2.676693,361.7329,-1.181149,0.4412716,6.3301,-7.6722,-34.0046,0.1325989,
2,52.79,2,2.679063,361.7395,-1.182289,0.441307,6.32603,-7.6722,-34.0052,0.1331978,
2,52.8,2,2.68084,361.7313,-1.183314,0.4413967,6.32603,-7.6722,-34.0052,0.1331978,
2,52.81,2,2.67957,361.7332,-1.185135,0.4422856,6.32603,-7.6722,-34.0052,0.1331978,
2,52.82,2,2.678291,361.7272,-1.186477,0.4429978,6.32603,-7.6722,-34.0052,0.1331978,
2,52.83,2,2.677666,361.7197,-1.186641,0.4431624,6.32603,-7.6722,-34.0052,0.1331978,
2,52.84,2,2.680605,361.7154,-1.183497,0.4415036,6.32603,-7.6722,-34.0052,0.1331978,
2,52.85,2,2.679352,361.7191,-1.182454,0.4413209,6.32603,-7.6722,-34.0052,0.1331978,
2,52.86,2,2.677483,361.7138,-1.184225,0.4422903,6.32603,-7.6722,-34.0052,0.1331978,
2,52.87,2,2.67779,361.7181,-1.185998,0.4429019,6.32603,-7.6722,-34.0052,0.1331978,
2,52.88,2,2.679895,361.7156,-1.187178,0.4429941,6.32603,-7.6722,-34.0052,0.1331978,
2,52.89,2,2.678437,361.7186,-1.184803,0.4423484,6.32603,-7.6722,-34.0052,0.1331978,
2,52.9,2,2.680224,361.7074,-1.183322,0.4415013,6.32603,-7.6722,-34.0052,0.1331978,
2,52.91,2,2.679119,361.702,-1.183411,0.4417163,6.32603,-7.6722,-34.0052,0.1331978,
2,52.92,2,2.684676,361.691,-1.182179,0.4403432,6.32603,-7.6722,-34.0052,0.1331978,
2,52.93,2,2.686847,361.6628,-1.183377,0.4404334,6.32603,-7.6722,-34.0052,0.1331978,
2,52.94,2,2.688402,361.6655,-1.186151,0.4412102,6.32603,-7.6722,-34.0052,0.1331978,
2,52.95,2,2.690698,361.6559,-1.184615,0.4402629,6.32603,-7.6722,-34.0052,0.1331978,
2,52.96,2,2.692403,361.6604,-1.183088,0.439417,6.32603,-7.6722,-34.0052,0.1331978,
2,52.97,2,2.691777,361.637,-1.180468,0.4385461,6.32603,-7.6722,-34.0052,0.1331978,
2,52.98,2,2.691318,361.6324,-1.181147,0.438873,6.32603,-7.6722,-34.0052,0.1331978,
2,52.99,2,2.690103,361.6327,-1.185514,0.4406945,6.32603,-7.6722,-34.0052,0.1331978,
2,53,2,2.692183,361.6461,-1.185906,0.4404998,6.32603,-7.6722,-34.0052,0.1331978,
2,53.01,2,2.690928,361.6362,-1.187767,0.4413968,6.32603,-7.6722,-34.0052,0.1331978,
2,53.02,2,2.690388,361.6207,-1.186308,0.440943,6.32603,-7.6722,-34.0052,0.1331978,
2,53.03,2,2.690307,361.6216,-1.18713,0.4412618,6.32603,-7.6722,-34.0052,0.1331978,
2,53.04,2,2.688899,361.6164,-1.189164,0.4422495,6.32603,-7.6722,-34.0052,0.1331978,
2,53.05,2,2.690802,361.6141,-1.189824,0.4421819,6.32603,-7.6722,-34.0052,0.1331978,
2,53.06,2,2.690552,361.6031,-1.190116,0.4423316,6.32198,-7.6722,-34.0058,0.1337967,
2,53.07,2,2.68942,361.6085,-1.189524,0.4422975,6.32198,-7.6722,-34.0058,0.1337967,
2,53.08,2,2.691443,361.6049,-1.188491,0.4415812,6.32198,-7.6722,-34.0058,0.1337967,
2,53.09,2,2.692721,361.6115,-1.187875,0.4411431,6.32198,-7.6722,-34.0058,0.1337967,
2,53.1,2,2.692282,361.6113,-1.19208,0.4427769,6.32198,-7.6722,-34.0058,0.1337967,
2,53.11,2,2.690212,361.5982,-1.192433,0.4432486,6.32198,-7.6722,-34.0058,0.1337967,
2,53.12,2,2.690797,361.6331,-1.192802,0.4432896,6.32198,-7.6722,-34.0058,0.1337967,
2,53.13,2,2.688799,361.5847,-1.190481,0.4427558,6.32198,-7.6722,-34.0058,0.1337967,
2,53.14,2,2.69086,361.5982,-1.190941,0.4425874,6.32198,-7.6722,-34.0058,0.1337967,
2,53.15,2,2.692345,361.5975,-1.191445,0.4425307,6.32198,-7.6722,-34.0058,0.1337967,
2,53.16,2,2.693307,361.6031,-1.192737,0.4428523,6.32198,-7.6722,-34.0058,0.1337967,
2,53.17,2,2.69588,361.5758,-1.194151,0.4429542,6.32198,-7.6722,-34.0058,0.1337967,
2,53.18,2,2.696615,361.5251,-1.19389,0.4427363,6.32198,-7.6722,-34.0058,0.1337967,
2,53.19,2,2.698781,361.5513,-1.192892,0.4420112,6.32198,-7.6722,-34.0058,0.1337967,
2,53.2,2,2.701676,361.5359,-1.192642,0.4414452,6.32198,-7.6722,-34.0058,0.1337967,
2,53.21,2,2.705873,361.535,-1.192731,0.4407932,6.32198,-7.6722,-34.0058,0.1337967,
2,53.22,2,2.705133,361.5253,-1.195229,0.4418376,6.32198,-7.6722,-34.0058,0.1337967,
2,53.23,2,2.704186,361.5304,-1.195385,0.4420498,6.32198,-7.6722,-34.0058,0.1337967,
2,53.24,2,2.703656,361.5291,-1.195467,0.4421667,6.32198,-7.6722,-34.0058,0.1337967,
2,53.25,2,2.705091,361.5242,-1.194,0.4413899,6.32198,-7.6722,-34.0058,0.1337967,
2,53.26,2,2.704666,361.5136,-1.190766,0.4402635,6.32198,-7.6722,-34.0058,0.1337967,
2,53.27,2,2.70282,361.5092,-1.192073,0.441048,6.32198,-7.6722,-34.0058,0.1337967,
2,53.28,2,2.704391,361.5014,-1.195012,0.4418784,6.32198,-7.6722,-34.0058,0.1337967,
2,53.29,2,2.704069,361.506,-1.195116,0.4419693,6.32198,-7.6722,-34.0058,0.1337967,
2,53.3,2,2.703602,361.4802,-1.19449,0.4418144,6.32198,-7.6722,-34.0058,0.1337967,
2,53.31,2,2.702711,361.5068,-1.194733,0.44205,6.32198,-7.6722,-34.0058,0.1337967,
2,53.32,2,2.704774,361.5013,-1.193652,0.4413128,6.32198,-7.6722,-34.0058,0.1337967,
2,53.33,2,2.706194,361.4949,-1.193591,0.4410589,6.31763,-7.6722,-34.0064,0.1343994,
2,53.34,2,2.702369,361.4885,-1.197452,0.443112,6.31763,-7.6722,-34.0064,0.1343994,
2,53.35,2,2.704486,361.4626,-1.197462,0.4427689,6.31763,-7.6722,-34.0064,0.1343994,
2,53.36,2,2.704048,361.4886,-1.198494,0.4432221,6.31763,-7.6722,-34.0064,0.1343994,
2,53.37,2,2.705461,361.4716,-1.196815,0.4423703,6.31763,-7.6722,-34.0064,0.1343994,
2,53.38,2,2.704365,361.4657,-1.196353,0.4423784,6.31763,-7.6722,-34.0064,0.1343994,
2,53.39,2,2.702573,361.4784,-1.210234,0.4478081,6.31763,-7.6722,-34.0064,0.1343994,
2,53.4,2,2.70153,361.4687,-1.206311,0.446529,6.31763,-7.6722,-34.0064,0.1343994,
2,53.41,2,2.701506,361.4649,-1.206471,0.4465922,6.31763,-7.6722,-34.0064,0.1343994,
2,53.42,2,2.70176,361.4684,-1.203752,0.4455435,6.31763,-7.6722,-34.0064,0.1343994,
2,53.43,2,2.707067,361.4636,-1.202817,0.4443249,6.31763,-7.6722,-34.0064,0.1343994,
2,53.44,2,2.71201,361.4359,-1.200553,0.4426801,6.31763,-7.6722,-34.0064,0.1343994,
2,53.45,2,2.713541,361.4146,-1.202562,0.4431708,6.31763,-7.6722,-34.0064,0.1343994,
2,53.46,2,2.717222,361.4103,-1.203633,0.4429645,6.31763,-7.6722,-34.0064,0.1343994,
2,53.47,2,2.715474,361.4151,-1.206141,0.4441733,6.31763,-7.6722,-34.0064,0.1343994,
2,53.48,2,2.714455,361.3893,-1.20613,0.4443359,6.31763,-7.6722,-34.0064,0.1343994,
2,53.49,2,2.71493,361.398,-1.203895,0.4434352,6.31763,-7.6722,-34.0064,0.1343994,
2,53.5,2,2.715093,361.4073,-1.203142,0.4431311,6.31763,-7.6722,-34.0064,0.1343994,
2,53.51,2,2.717552,361.3994,-1.201961,0.4422954,6.31763,-7.6722,-34.0064,0.1343994,
2,53.52,2,2.716645,361.4012,-1.205347,0.4436896,6.31763,-7.6722,-34.0064,0.1343994,
2,53.53,2,2.714576,361.3881,-1.203393,0.4433081,6.31763,-7.6722,-34.0064,0.1343994,
2,53.54,2,2.717008,361.3853,-1.202278,0.4425007,6.31763,-7.6722,-34.0064,0.1343994,
2,53.55,2,2.715375,361.3871,-1.201124,0.4423417,6.31763,-7.6722,-34.0064,0.1343994,
2,53.56,2,2.715199,361.3807,-1.200307,0.4420697,6.31763,-7.6722,-34.0064,0.1343994,
2,53.57,2,2.715204,361.372,-1.20283,0.4429982,6.31763,-7.6722,-34.0064,0.1343994,
2,53.58,2,2.714263,361.3729,-1.203474,0.4433887,6.31763,-7.6722,-34.0064,0.1343994,
2,53.59,2,2.71383,361.347,-1.204581,0.4438677,6.31327,-7.6722,-34.007,0.1349983,
2,53.6,2,2.713112,361.3576,-1.203719,0.4436674,6.31327,-7.6722,-34.007,0.1349983,
2,53.61,2,2.712814,361.3607,-1.201616,0.4429409,6.31327,-7.6722,-34.007,0.1349983,
2,53.62,2,2.715126,361.3613,-1.202854,0.4430195,6.31327,-7.6722,-34.007,0.1349983,
2,53.63,2,2.715027,361.3603,-1.205511,0.4440143,6.31327,-7.6722,-34.007,0.1349983,
2,53.64,2,2.714035,361.3504,-1.206838,0.4446656,6.31327,-7.6722,-34.007,0.1349983,
2,53.65,2,2.714964,361.3584,-1.205241,0.4439253,6.31327,-7.6722,-34.007,0.1349983,
2,53.66,2,2.714276,361.3534,-1.20529,0.4440558,6.31327,-7.6722,-34.007,0.1349983,
2,53.67,2,2.712148,361.3505,-1.206353,0.4447962,6.31327,-7.6722,-34.007,0.1349983,
2,53.68,2,2.715533,361.3469,-1.207217,0.4445597,6.31327,-7.6722,-34.007,0.1349983,
2,53.69,2,2.714371,361.3378,-1.207237,0.4447575,6.31327,-7.6722,-34.007,0.1349983,
2,53.7,2,2.714706,361.3438,-1.210672,0.445968,6.31327,-7.6722,-34.007,0.1349983,
2,53.71,2,2.712477,361.2874,-1.209289,0.4458248,6.31327,-7.6722,-34.007,0.1349983,
2,53.72,2,2.720622,361.3301,-1.20787,0.4439682,6.31327,-7.6722,-34.007,0.1349983,
2,53.73,2,2.725674,361.2945,-1.209286,0.4436649,6.31327,-7.6722,-34.007,0.1349983,
2,53.74,2,2.725106,361.2886,-1.209876,0.4439741,6.31327,-7.6722,-34.007,0.1349983,
2,53.75,2,2.728448,361.2827,-1.212625,0.4444378,6.31327,-7.6722,-34.007,0.1349983,
2,53.76,2,2.729174,361.29,-1.215096,0.4452248,6.31327,-7.6722,-34.007,0.1349983,
2,53.77,2,2.724669,361.3023,-1.213698,0.445448,6.31327,-7.6722,-34.007,0.1349983,
2,53.78,2,2.727723,361.2802,-1.212266,0.4444242,6.31327,-7.6722,-34.007,0.1349983,
2,53.79,2,2.726801,361.2721,-1.212069,0.444502,6.31327,-7.6722,-34.007,0.1349983,
2,53.8,2,2.727062,361.2686,-1.211969,0.4444231,6.31327,-7.6722,-34.007,0.1349983,
2,53.81,2,2.728777,361.2665,-1.21172,0.4440524,6.31327,-7.6722,-34.007,0.1349983,
2,53.82,2,2.727059,361.2552,-1.211545,0.444268,6.31327,-7.6722,-34.007,0.1349983,
2,53.83,2,2.725278,361.2867,-1.212068,0.4447501,6.31327,-7.6722,-34.007,0.1349983,
2,53.84,2,2.727392,361.2555,-1.210922,0.4439851,6.31327,-7.6722,-34.007,0.1349983,
2,53.85,2,2.724877,361.2455,-1.210125,0.4441026,6.3084,-7.6722,-34.0077,0.1357002,
2,53.86,2,2.726866,361.2401,-1.207951,0.4429815,6.3084,-7.6722,-34.0077,0.1357002,
2,53.87,2,2.726653,361.2475,-1.210461,0.4439367,6.3084,-7.6722,-34.0077,0.1357002,
2,53.88,2,2.727263,361.2361,-1.211985,0.4443959,6.3084,-7.6722,-34.0077,0.1357002,
2,53.89,2,2.729645,361.2538,-1.213602,0.4446006,6.3084,-7.6722,-34.0077,0.1357002,
2,53.9,2,2.726964,361.2391,-1.210331,0.4438385,6.3084,-7.6722,-34.0077,0.1357002,
2,53.91,2,2.724753,361.2372,-1.211204,0.4445188,6.3084,-7.6722,-34.0077,0.1357002,
2,53.92,2,2.726981,361.2338,-1.212105,0.444486,6.3084,-7.6722,-34.0077,0.1357002,
2,53.93,2,2.726268,361.2233,-1.211833,0.4445028,6.3084,-7.6722,-34.0077,0.1357002,
2,53.94,2,2.728893,361.243,-1.213458,0.4446703,6.3084,-7.6722,-34.0077,0.1357002,
2,53.95,2,2.725002,361.2164,-1.214924,0.4458435,6.3084,-7.6722,-34.0077,0.1357002,
2,53.96,2,2.724304,361.2025,-1.213223,0.4453331,6.3084,-7.6722,-34.0077,0.1357002,
2,53.97,2,2.729816,361.2165,-1.212264,0.4440828,6.3084,-7.6722,-34.0077,0.1357002,
2,53.98,2,2.735697,361.1777,-1.213964,0.4437493,6.3084,-7.6722,-34.0077,0.1357002,
2,53.99,2,2.735613,361.1759,-1.216434,0.4446659,6.3084,-7.6722,-34.0077,0.1357002,
2,54,2,2.741046,361.1658,-1.221948,0.4457963,6.3084,-7.6722,-34.0077,0.1357002,
2,54.01,2,2.740062,361.1481,-1.222181,0.4460414,6.3084,-7.6722,-34.0077,0.1357002,
2,54.02,2,2.738588,361.1513,-1.218665,0.4449977,6.3084,-7.6722,-34.0077,0.1357002,
2,54.03,2,2.740951,361.1493,-1.221351,0.4455938,6.3084,-7.6722,-34.0077,0.1357002,
2,54.04,2,2.738852,361.1493,-1.221765,0.4460865,6.3084,-7.6722,-34.0077,0.1357002,
2,54.05,2,2.739689,361.1397,-1.223268,0.4464988,6.3084,-7.6722,-34.0077,0.1357002,
2,54.06,2,2.739925,361.1158,-1.223898,0.4466903,6.3084,-7.6722,-34.0077,0.1357002,
2,54.07,2,2.740207,361.1389,-1.222292,0.4460583,6.3084,-7.6722,-34.0077,0.1357002,
2,54.08,2,2.74191,361.1333,-1.221601,0.4455293,6.3084,-7.6722,-34.0077,0.1357002,
2,54.09,2,2.737233,361.1264,-1.219671,0.4455853,6.3084,-7.6722,-34.0077,0.1357002,
2,54.1,2,2.740263,361.1245,-1.219181,0.4449136,6.3084,-7.6722,-34.0077,0.1357002,
2,54.11,2,2.739711,361.1285,-1.218547,0.4447722,6.3084,-7.6722,-34.0077,0.1357002,
2,54.12,2,2.739161,361.1192,-1.220187,0.4454602,6.3084,-7.6722,-34.0077,0.1357002,
2,54.13,2,2.739421,361.119,-1.219313,0.4450989,6.3084,-7.6722,-34.0077,0.1357002,
2,54.14,2,2.738842,361.1198,-1.216389,0.4441253,6.30407,-7.6722,-34.0084,0.1363983,
2,54.15,2,2.739157,361.1212,-1.214165,0.4432625,6.30407,-7.6722,-34.0084,0.1363983,
2,54.16,2,2.739829,361.1095,-1.217601,0.4444078,6.30407,-7.6722,-34.0084,0.1363983,
2,54.17,2,2.738976,361.1104,-1.217513,0.4445139,6.30407,-7.6722,-34.0084,0.1363983,
2,54.18,2,2.740045,361.0963,-1.219768,0.4451635,6.30407,-7.6722,-34.0084,0.1363983,
2,54.19,2,2.739601,361.11,-1.219743,0.4452266,6.30407,-7.6722,-34.0084,0.1363983,
2,54.2,2,2.738297,361.1001,-1.218398,0.4449472,6.30407,-7.6722,-34.0084,0.1363983,
2,54.21,2,2.738635,361.0909,-1.219705,0.4453699,6.30407,-7.6722,-34.0084,0.1363983,
2,54.22,2,2.740552,361.0989,-1.219995,0.4451639,6.30407,-7.6722,-34.0084,0.1363983,
2,54.23,2,2.740074,361.0927,-1.221267,0.4457058,6.30407,-7.6722,-34.0084,0.1363983,
2,54.24,2,2.741179,361.0814,-1.224946,0.4468685,6.30407,-7.6722,-34.0084,0.1363983,
2,54.25,2,2.744193,361.0698,-1.223047,0.4456857,6.30407,-7.6722,-34.0084,0.1363983,
2,54.26,2,2.749038,361.0443,-1.224015,0.4452523,6.30407,-7.6722,-34.0084,0.1363983,
2,54.27,2,2.753604,361.0422,-1.225044,0.4448875,6.30407,-7.6722,-34.0084,0.1363983,
2,54.28,2,2.755851,361.0404,-1.226382,0.4450103,6.30407,-7.6722,-34.0084,0.1363983,
2,54.29,2,2.75333,361.0357,-1.227715,0.4459019,6.30407,-7.6722,-34.0084,0.1363983,
2,54.3,2,2.754017,361.0476,-1.228343,0.4460187,6.30407,-7.6722,-34.0084,0.1363983,
2,54.31,2,2.753797,361.0149,-1.227025,0.4455757,6.30407,-7.6722,-34.0084,0.1363983,
2,54.32,2,2.754841,361.0294,-1.22903,0.4461345,6.30407,-7.6722,-34.0084,0.1363983,
2,54.33,2,2.754114,361.017,-1.228889,0.4462011,6.30407,-7.6722,-34.0084,0.1363983,
2,54.34,2,2.753474,361.011,-1.228286,0.4460861,6.30407,-7.6722,-34.0084,0.1363983,
2,54.35,2,2.753805,361.0155,-1.229992,0.4466517,6.30407,-7.6722,-34.0084,0.1363983,
2,54.36,2,2.752311,361.0296,-1.23229,0.4477292,6.30407,-7.6722,-34.0084,0.1363983,
2,54.37,2,2.753915,361.0068,-1.230063,0.4466599,6.30407,-7.6722,-34.0084,0.1363983,
2,54.38,2,2.753972,361.0027,-1.227641,0.4457709,6.30407,-7.6722,-34.0084,0.1363983,
2,54.39,2,2.752191,360.9961,-1.227371,0.4459613,6.30407,-7.6722,-34.0084,0.1363983,
2,54.4,2,2.753848,361.0012,-1.227826,0.4458583,6.29945,-7.6722,-34.009,0.1369972,
2,54.41,2,2.753879,361.0108,-1.228189,0.4459853,6.29945,-7.6722,-34.009,0.1369972,
2,54.42,2,2.753341,360.9922,-1.226753,0.4455505,6.29945,-7.6722,-34.009,0.1369972,
2,54.43,2,2.751829,360.9791,-1.225404,0.4453054,6.29945,-7.6722,-34.009,0.1369972,
2,54.44,2,2.752264,360.9824,-1.226134,0.4455003,6.29945,-7.6722,-34.009,0.1369972,
2,54.45,2,2.751871,360.9755,-1.223688,0.4446748,6.29945,-7.6722,-34.009,0.1369972,
2,54.46,2,2.752692,360.9795,-1.226427,0.4455374,6.29945,-7.6722,-34.009,0.1369972,
2,54.47,2,2.750841,360.9703,-1.228434,0.4465668,6.29945,-7.6722,-34.009,0.1369972,
2,54.48,2,2.75301,360.9656,-1.229704,0.4466763,6.29945,-7.6722,-34.009,0.1369972,
2,54.49,2,2.750513,360.9688,-1.229475,0.4469986,6.29945,-7.6722,-34.009,0.1369972,
2,54.5,2,2.752437,360.9633,-1.228485,0.4463264,6.29945,-7.6722,-34.009,0.1369972,
2,54.51,2,2.752995,360.9651,-1.227898,0.4460225,6.29945,-7.6722,-34.009,0.1369972,
2,54.52,2,2.752757,360.9621,-1.228567,0.4463042,6.29945,-7.6722,-34.009,0.1369972,
2,54.53,2,2.754754,360.9494,-1.231898,0.4471899,6.29945,-7.6722,-34.009,0.1369972,
2,54.54,2,2.759374,360.9209,-1.230155,0.4458094,6.29945,-7.6722,-34.009,0.1369972,
2,54.55,2,2.760717,360.9156,-1.231505,0.4460814,6.29945,-7.6722,-34.009,0.1369972,
2,54.56,2,2.765829,360.9084,-1.232231,0.4455195,6.29945,-7.6722,-34.009,0.1369972,
2,54.57,2,2.767431,360.9064,-1.234577,0.4461096,6.29945,-7.6722,-34.009,0.1369972,
2,54.58,2,2.765908,360.8966,-1.236008,0.4468723,6.29945,-7.6722,-34.009,0.1369972,
2,54.59,2,2.767763,360.8872,-1.237805,0.4472222,6.29945,-7.6722,-34.009,0.1369972,
2,54.6,2,2.764313,360.8925,-1.239277,0.4483127,6.29945,-7.6722,-34.009,0.1369972,
2,54.61,2,2.76626,360.8862,-1.239367,0.4480298,6.29945,-7.6722,-34.009,0.1369972,
2,54.62,2,2.765582,360.8846,-1.235932,0.4468977,6.29945,-7.6722,-34.009,0.1369972,
2,54.63,2,2.765093,360.8843,-1.23757,0.4475692,6.29945,-7.6722,-34.009,0.1369972,
2,54.64,2,2.765213,360.8848,-1.2412,0.4488623,6.29945,-7.6722,-34.009,0.1369972,
2,54.65,2,2.765429,360.9075,-1.238991,0.4480286,6.29945,-7.6722,-34.009,0.1369972,
2,54.66,2,2.766064,360.8904,-1.23907,0.4479541,6.29945,-7.6722,-34.009,0.1369972,
2,54.67,2,2.764699,360.8765,-1.236979,0.4474188,6.29945,-7.6722,-34.009,0.1369972,
2,54.68,2,2.764794,360.8737,-1.235052,0.4467067,6.29945,-7.6722,-34.009,0.1369972,
2,54.69,2,2.764543,360.8752,-1.237519,0.4476394,6.29458,-7.6722,-34.0097,0.1376991,
2,54.7,2,2.765029,360.8653,-1.23789,0.4476952,6.29458,-7.6722,-34.0097,0.1376991,
2,54.71,2,2.764856,360.8726,-1.237426,0.4475553,6.29458,-7.6722,-34.0097,0.1376991,
2,54.72,2,2.765635,360.8585,-1.236681,0.4471597,6.29458,-7.6722,-34.0097,0.1376991,
2,54.73,2,2.766703,360.8568,-1.23274,0.4455627,6.29458,-7.6722,-34.0097,0.1376991,
2,54.74,2,2.765652,360.8442,-1.230192,0.4448109,6.29458,-7.6722,-34.0097,0.1376991,
2,54.75,2,2.765007,360.8383,-1.231242,0.4452944,6.29458,-7.6722,-34.0097,0.1376991,
2,54.76,2,2.764424,360.8539,-1.233995,0.4463843,6.29458,-7.6722,-34.0097,0.1376991,
2,54.77,2,2.766499,360.8526,-1.235455,0.4465771,6.29458,-7.6722,-34.0097,0.1376991,
2,54.78,2,2.767512,360.8392,-1.232039,0.4451792,6.29458,-7.6722,-34.0097,0.1376991,
2,54.79,2,2.770458,360.8352,-1.233277,0.4451529,6.29458,-7.6722,-34.0097,0.1376991,
2,54.8,2,2.774128,360.8089,-1.234975,0.4451759,6.29458,-7.6722,-34.0097,0.1376991,
2,54.81,2,2.776922,360.7946,-1.236678,0.4453413,6.29458,-7.6722,-34.0097,0.1376991,
2,54.82,2,2.780784,360.7819,-1.238437,0.4453553,6.29458,-7.6722,-34.0097,0.1376991,
2,54.83,2,2.780565,360.7714,-1.240998,0.4463116,6.29458,-7.6722,-34.0097,0.1376991,
2,54.84,2,2.779138,360.771,-1.24197,0.4468904,6.29458,-7.6722,-34.0097,0.1376991,
2,54.85,2,2.781369,360.7743,-1.24117,0.4462442,6.29458,-7.6722,-34.0097,0.1376991,
2,54.86,2,2.779604,360.7687,-1.239016,0.4457527,6.29458,-7.6722,-34.0097,0.1376991,
2,54.87,2,2.780826,360.7634,-1.241503,0.446451,6.29458,-7.6722,-34.0097,0.1376991,
2,54.88,2,2.78146,360.7635,-1.244699,0.4474984,6.29458,-7.6722,-34.0097,0.1376991,
2,54.89,2,2.781057,360.7168,-1.245045,0.4476877,6.29458,-7.6722,-34.0097,0.1376991,
2,54.9,2,2.781765,360.7628,-1.24623,0.448,6.29458,-7.6722,-34.0097,0.1376991,
2,54.91,2,2.778423,360.7519,-1.242765,0.4472913,6.29458,-7.6722,-34.0097,0.1376991,
2,54.92,2,2.781313,360.7514,-1.242753,0.4468222,6.29023,-7.6722,-34.0104,0.1383972,
2,54.93,2,2.781117,360.7513,-1.245193,0.4477315,6.29023,-7.6722,-34.0104,0.1383972,
2,54.94,2,2.778103,360.7431,-1.246287,0.4486106,6.29023,-7.6722,-34.0104,0.1383972,
2,54.95,2,2.777393,360.7041,-1.244756,0.4481742,6.29023,-7.6722,-34.0104,0.1383972,
2,54.96,2,2.781136,360.7383,-1.243639,0.4471693,6.29023,-7.6722,-34.0104,0.1383972,
2,54.97,2,2.781734,360.7385,-1.241243,0.4462118,6.29023,-7.6722,-34.0104,0.1383972,
2,54.98,2,2.780367,360.7371,-1.239613,0.4458451,6.29023,-7.6722,-34.0104,0.1383972,
2,54.99,2,2.779408,360.7344,-1.240242,0.4462251,6.29023,-7.6722,-34.0104,0.1383972,
2,55,2,2.778711,360.723,-1.24143,0.4467646,6.29023,-7.6722,-34.0104,0.1383972,
2,55.01,2,2.782448,360.7017,-1.241,0.4460101,6.29023,-7.6722,-34.0104,0.1383972,
2,55.02,2,2.789086,360.7,-1.238537,0.4440655,6.29023,-7.6722,-34.0104,0.1383972,
2,55.03,2,2.787881,360.6774,-1.238637,0.4442933,6.29023,-7.6722,-34.0104,0.1383972,
2,55.04,2,2.793225,360.669,-1.240815,0.4442231,6.29023,-7.6722,-34.0104,0.1383972,
2,55.05,2,2.795155,360.6707,-1.244044,0.4450715,6.29023,-7.6722,-34.0104,0.1383972,
2,55.06,2,2.793333,360.667,-1.246738,0.4463263,6.29023,-7.6722,-34.0104,0.1383972,
2,55.07,2,2.796757,360.6549,-1.246953,0.4458569,6.29023,-7.6722,-34.0104,0.1383972,
2,55.08,2,2.793777,360.6682,-1.246539,0.4461841,6.29023,-7.6722,-34.0104,0.1383972,
2,55.09,2,2.793962,360.6597,-1.246913,0.4462884,6.29023,-7.6722,-34.0104,0.1383972,
2,55.1,2,2.795247,360.6523,-1.247472,0.4462833,6.29023,-7.6722,-34.0104,0.1383972,
2,55.11,2,2.794614,360.6446,-1.248366,0.4467043,6.29023,-7.6722,-34.0104,0.1383972,
2,55.12,2,2.793582,360.6338,-1.251461,0.4479773,6.29023,-7.6722,-34.0104,0.1383972,
2,55.13,2,2.792953,360.6613,-1.251021,0.4479204,6.29023,-7.6722,-34.0104,0.1383972,
2,55.14,2,2.794064,360.6371,-1.249702,0.4472704,6.29023,-7.6722,-34.0104,0.1383972,
2,55.15,2,2.79551,360.6271,-1.248679,0.4466732,6.29023,-7.6722,-34.0104,0.1383972,
2,55.16,2,2.792756,360.6286,-1.248694,0.4471188,6.2867,-7.6722,-34.0111,0.1390991,
2,55.17,2,2.794572,360.6277,-1.251498,0.4478319,6.2867,-7.6722,-34.0111,0.1390991,
2,55.18,2,2.791689,360.6252,-1.252627,0.4486986,6.2867,-7.6722,-34.0111,0.1390991,
2,55.19,2,2.793823,360.6324,-1.251909,0.4480989,6.2867,-7.6722,-34.0111,0.1390991,
2,55.2,2,2.794096,360.6244,-1.254255,0.4488947,6.2867,-7.6722,-34.0111,0.1390991,
2,55.21,2,2.793553,360.6314,-1.253463,0.4486984,6.2867,-7.6722,-34.0111,0.1390991,
2,55.22,2,2.791303,360.6146,-1.252514,0.4487201,6.2867,-7.6722,-34.0111,0.1390991,
2,55.23,2,2.794325,360.6077,-1.254106,0.4488048,6.2867,-7.6722,-34.0111,0.1390991,
2,55.24,2,2.793018,360.5992,-1.253622,0.4488414,6.2867,-7.6722,-34.0111,0.1390991,
2,55.25,2,2.792645,360.5908,-1.255175,0.4494575,6.2867,-7.6722,-34.0111,0.1390991,
2,55.26,2,2.794021,360.6043,-1.250628,0.4476085,6.2867,-7.6722,-34.0111,0.1390991,
2,55.27,2,2.796773,360.5973,-1.251397,0.4474432,6.2867,-7.6722,-34.0111,0.1390991,
2,55.28,2,2.801417,360.5758,-1.254936,0.4479647,6.2867,-7.6722,-34.0111,0.1390991,
2,55.29,2,2.802717,360.5636,-1.255618,0.4480002,6.2867,-7.6722,-34.0111,0.1390991,
2,55.3,2,2.804291,360.5346,-1.257731,0.4485023,6.2867,-7.6722,-34.0111,0.1390991,
2,55.31,2,2.807488,360.5451,-1.256245,0.4474623,6.2867,-7.6722,-34.0111,0.1390991,
2,55.32,2,2.806755,360.5508,-1.252291,0.4461706,6.2867,-7.6722,-34.0111,0.1390991,
2,55.33,2,2.805789,360.5384,-1.252573,0.4464245,6.2867,-7.6722,-34.0111,0.1390991,
2,55.34,2,2.805054,360.5403,-1.255113,0.447447,6.2867,-7.6722,-34.0111,0.1390991,
2,55.35,2,2.804979,360.5367,-1.253872,0.4470164,6.2867,-7.6722,-34.0111,0.1390991,
2,55.36,2,2.806418,360.5243,-1.257109,0.4479407,6.2867,-7.6722,-34.0111,0.1390991,
2,55.37,2,2.801276,360.5338,-1.258311,0.449192,6.2867,-7.6722,-34.0111,0.1390991,
2,55.38,2,2.806138,360.5226,-1.254096,0.4469119,6.2867,-7.6722,-34.0111,0.1390991,
2,55.39,2,2.805122,360.524,-1.255582,0.4476034,6.2867,-7.6722,-34.0111,0.1390991,
2,55.4,2,2.803046,360.5163,-1.255525,0.4479148,6.2867,-7.6722,-34.0111,0.1390991,
2,55.41,2,2.803343,360.5165,-1.259296,0.4492121,6.2867,-7.6722,-34.0111,0.1390991,
2,55.42,2,2.803782,360.5206,-1.259678,0.4492783,6.2867,-7.6722,-34.0111,0.1390991,
2,55.43,2,2.804667,360.5152,-1.258918,0.4488653,6.2867,-7.6722,-34.0111,0.1390991,
2,55.44,2,2.805163,360.5108,-1.258897,0.4487786,6.2867,-7.6722,-34.0111,0.1390991,
2,55.45,2,2.80445,360.5083,-1.2582,0.448644,6.2821,-7.6722,-34.0117,0.139698,
2,55.46,2,2.803228,360.4988,-1.25965,0.4493571,6.2821,-7.6722,-34.0117,0.139698,
2,55.47,2,2.803873,360.5035,-1.262348,0.4502159,6.2821,-7.6722,-34.0117,0.139698,
2,55.48,2,2.801573,360.5127,-1.261938,0.4504391,6.2821,-7.6722,-34.0117,0.139698,
2,55.49,2,2.802123,360.4868,-1.262068,0.4503971,6.2821,-7.6722,-34.0117,0.139698,
2,55.5,2,2.803453,360.4978,-1.260568,0.4496483,6.2821,-7.6722,-34.0117,0.139698,
2,55.51,2,2.802857,360.4933,-1.261366,0.4500286,6.2821,-7.6722,-34.0117,0.139698,
2,55.52,2,2.803149,360.4935,-1.264034,0.4509335,6.2821,-7.6722,-34.0117,0.139698,
2,55.53,2,2.801009,360.4865,-1.265951,0.4519625,6.2821,-7.6722,-34.0117,0.139698,
2,55.54,2,2.807629,360.5252,-1.26478,0.4504797,6.2821,-7.6722,-34.0117,0.139698,
2,55.55,2,2.8109,360.4501,-1.260915,0.4485805,6.2821,-7.6722,-34.0117,0.139698,
2,55.56,2,2.815454,360.4438,-1.262377,0.4483743,6.2821,-7.6722,-34.0117,0.139698,
2,55.57,2,2.817463,360.4296,-1.26358,0.4484816,6.2821,-7.6722,-34.0117,0.139698,
2,55.58,2,2.81796,360.4296,-1.26484,0.4488494,6.2821,-7.6722,-34.0117,0.139698,
2,55.59,2,2.818702,360.4237,-1.264869,0.4487418,6.2821,-7.6722,-34.0117,0.139698,
2,55.6,2,2.818586,360.4065,-1.266704,0.4494111,6.2821,-7.6722,-34.0117,0.139698,
2,55.61,2,2.817262,360.4145,-1.263722,0.448564,6.2821,-7.6722,-34.0117,0.139698,
2,55.62,2,2.817854,360.4081,-1.260625,0.4473706,6.2821,-7.6722,-34.0117,0.139698,
2,55.63,2,2.8182,360.4065,-1.262623,0.4480245,6.2821,-7.6722,-34.0117,0.139698,
2,55.64,2,2.818316,360.4044,-1.263637,0.448366,6.2821,-7.6722,-34.0117,0.139698,
2,55.65,2,2.817862,360.4047,-1.265968,0.4492655,6.2821,-7.6722,-34.0117,0.139698,
2,55.66,2,2.819267,360.4152,-1.269546,0.4503107,6.2821,-7.6722,-34.0117,0.139698,
2,55.67,2,2.816766,360.4066,-1.265503,0.4492751,6.2775,-7.6722,-34.0124,0.1403999,
2,55.68,2,2.817296,360.3975,-1.26717,0.4497824,6.2775,-7.6722,-34.0124,0.1403999,
2,55.69,2,2.816716,360.3937,-1.269517,0.4507082,6.2775,-7.6722,-34.0124,0.1403999,
2,55.7,2,2.815578,360.3853,-1.275004,0.452839,6.2775,-7.6722,-34.0124,0.1403999,
2,55.71,2,2.818479,360.4074,-1.272064,0.45133,6.2775,-7.6722,-34.0124,0.1403999,
2,55.72,2,2.816507,360.3468,-1.274924,0.4526613,6.2775,-7.6722,-34.0124,0.1403999,
2,55.73,2,2.817942,360.3849,-1.270896,0.4510013,6.2775,-7.6722,-34.0124,0.1403999,
2,55.74,2,2.816606,360.3759,-1.276482,0.4531987,6.2775,-7.6722,-34.0124,0.1403999,
2,55.75,2,2.816616,360.3635,-1.275699,0.452919,6.2775,-7.6722,-34.0124,0.1403999,
2,55.76,2,2.817937,360.366,-1.273791,0.4520297,6.2775,-7.6722,-34.0124,0.1403999,
2,55.77,2,2.815001,360.3685,-1.277173,0.4537025,6.2775,-7.6722,-34.0124,0.1403999,
2,55.78,2,2.819749,360.3568,-1.278457,0.4533939,6.2775,-7.6722,-34.0124,0.1403999,
2,55.79,2,2.824021,360.3412,-1.278188,0.4526129,6.2775,-7.6722,-34.0124,0.1403999,
2,55.8,2,2.827923,360.3187,-1.278667,0.4521575,6.2775,-7.6722,-34.0124,0.1403999,
2,55.81,2,2.827986,360.3117,-1.282941,0.4536589,6.2775,-7.6722,-34.0124,0.1403999,
2,55.82,2,2.830724,360.31,-1.28166,0.4527678,6.2775,-7.6722,-34.0124,0.1403999,
2,55.83,2,2.829779,360.2967,-1.28191,0.4530071,6.2775,-7.6722,-34.0124,0.1403999,
2,55.84,2,2.831248,360.3238,-1.282972,0.4531472,6.2775,-7.6722,-34.0124,0.1403999,
2,55.85,2,2.832406,360.3071,-1.280935,0.4522427,6.2775,-7.6722,-34.0124,0.1403999,
2,55.86,2,2.830445,360.291,-1.279205,0.4519447,6.2775,-7.6722,-34.0124,0.1403999,
2,55.87,2,2.832067,360.2833,-1.278578,0.4514648,6.2775,-7.6722,-34.0124,0.1403999,
2,55.88,2,2.829228,360.2869,-1.282924,0.4534538,6.2775,-7.6722,-34.0124,0.1403999,
2,55.89,2,2.826149,360.3013,-1.284968,0.4546712,6.2775,-7.6722,-34.0124,0.1403999,
2,55.9,2,2.828888,360.2866,-1.283165,0.4535935,6.2775,-7.6722,-34.0124,0.1403999,
2,55.91,2,2.830229,360.2759,-1.277881,0.4515117,6.27343,-7.6722,-34.0131,0.141098,
2,55.92,2,2.833016,360.2773,-1.275141,0.4501002,6.27343,-7.6722,-34.0131,0.141098,
2,55.93,2,2.830122,360.2647,-1.277345,0.4513392,6.27343,-7.6722,-34.0131,0.141098,
2,55.94,2,2.829798,360.2605,-1.28158,0.4528874,6.27343,-7.6722,-34.0131,0.141098,
2,55.95,2,2.831067,360.2874,-1.28146,0.4526421,6.27343,-7.6722,-34.0131,0.141098,
2,55.96,2,2.830578,360.2699,-1.28045,0.4523635,6.27343,-7.6722,-34.0131,0.141098,
2,55.97,2,2.829983,360.2625,-1.279202,0.4520175,6.27343,-7.6722,-34.0131,0.141098,
2,55.98,2,2.831594,360.2573,-1.278744,0.4515986,6.27343,-7.6722,-34.0131,0.141098,
2,55.99,2,2.829502,360.2563,-1.279486,0.4521948,6.27343,-7.6722,-34.0131,0.141098,
2,56,2,2.830598,360.2496,-1.282149,0.4529603,6.27343,-7.6722,-34.0131,0.141098,
2,56.01,2,2.828566,360.2406,-1.284684,0.4541819,6.27343,-7.6722,-34.0131,0.141098,
2,56.02,2,2.833171,360.2361,-1.282903,0.4528152,6.27343,-7.6722,-34.0131,0.141098,
2,56.03,2,2.834884,360.2128,-1.283714,0.4528275,6.27343,-7.6722,-34.0131,0.141098,
2,56.04,2,2.839236,360.1969,-1.283332,0.4519989,6.27343,-7.6722,-34.0131,0.141098,
2,56.05,2,2.842021,360.1951,-1.28599,0.4524913,6.27343,-7.6722,-34.0131,0.141098,
2,56.06,2,2.842648,360.186,-1.287468,0.4529115,6.27343,-7.6722,-34.0131,0.141098,
2,56.07,2,2.842539,360.2164,-1.28831,0.4532253,6.27343,-7.6722,-34.0131,0.141098,
2,56.08,2,2.841698,360.1793,-1.288758,0.4535167,6.27343,-7.6722,-34.0131,0.141098,
2,56.09,2,2.843949,360.1779,-1.285554,0.4520314,6.27343,-7.6722,-34.0131,0.141098,
2,56.1,2,2.843149,360.1693,-1.289014,0.4533753,6.27343,-7.6722,-34.0131,0.141098,
2,56.11,2,2.844718,360.1702,-1.290537,0.4536608,6.27343,-7.6722,-34.0131,0.141098,
2,56.12,2,2.845212,360.1667,-1.293386,0.4545833,6.27343,-7.6722,-34.0131,0.141098,
2,56.13,2,2.844824,360.1484,-1.291602,0.4540182,6.27343,-7.6722,-34.0131,0.141098,
2,56.14,2,2.844533,360.1682,-1.288713,0.4530492,6.27343,-7.6722,-34.0131,0.141098,
2,56.15,2,2.843073,360.1652,-1.285534,0.4521634,6.27343,-7.6722,-34.0131,0.141098,
2,56.16,2,2.844972,360.1636,-1.285337,0.4517925,6.27343,-7.6722,-34.0131,0.141098,
2,56.17,2,2.844061,360.1527,-1.290272,0.4536724,6.26935,-7.6722,-34.0138,0.1417999,
2,56.18,2,2.842426,360.157,-1.292718,0.4547941,6.26935,-7.6722,-34.0138,0.1417999,
2,56.19,2,2.840851,360.1396,-1.29291,0.4551136,6.26935,-7.6722,-34.0138,0.1417999,
2,56.2,2,2.840902,360.1486,-1.289804,0.4540121,6.26935,-7.6722,-34.0138,0.1417999,
2,56.21,2,2.843857,360.1444,-1.285965,0.4521905,6.26935,-7.6722,-34.0138,0.1417999,
2,56.22,2,2.845217,360.1423,-1.287116,0.4523787,6.26935,-7.6722,-34.0138,0.1417999,
2,56.23,2,2.840362,360.1393,-1.287355,0.4532361,6.26935,-7.6722,-34.0138,0.1417999,
2,56.24,2,2.841388,360.1333,-1.286941,0.4529268,6.26935,-7.6722,-34.0138,0.1417999,
2,56.25,2,2.840041,360.1104,-1.28558,0.4526625,6.26935,-7.6722,-34.0138,0.1417999,
2,56.26,2,2.840977,360.1389,-1.290698,0.4543149,6.26935,-7.6722,-34.0138,0.1417999,
2,56.27,2,2.84177,360.1265,-1.291412,0.4544395,6.26935,-7.6722,-34.0138,0.1417999,
2,56.28,2,2.847536,360.1088,-1.290839,0.4533177,6.26935,-7.6722,-34.0138,0.1417999,
2,56.29,2,2.849917,360.0877,-1.292262,0.4534384,6.26935,-7.6722,-34.0138,0.1417999,
2,56.3,2,2.851315,360.0586,-1.295775,0.4544482,6.26935,-7.6722,-34.0138,0.1417999,
2,56.31,2,2.854839,360.0558,-1.294698,0.4535101,6.26935,-7.6722,-34.0138,0.1417999,
2,56.32,2,2.853837,360.0673,-1.294947,0.4537565,6.26935,-7.6722,-34.0138,0.1417999,
2,56.33,2,2.855208,360.0579,-1.291661,0.4523875,6.26935,-7.6722,-34.0138,0.1417999,
2,56.34,2,2.854476,360.0634,-1.295091,0.4537055,6.26935,-7.6722,-34.0138,0.1417999,
2,56.35,2,2.855042,360.055,-1.297887,0.4545949,6.26935,-7.6722,-34.0138,0.1417999,
2,56.36,2,2.854479,360.058,-1.296376,0.4541551,6.26935,-7.6722,-34.0138,0.1417999,
2,56.37,2,2.856314,360.0528,-1.295858,0.4536818,6.26935,-7.6722,-34.0138,0.1417999,
2,56.38,2,2.854383,360.049,-1.297442,0.4545437,6.26935,-7.6722,-34.0138,0.1417999,
2,56.39,2,2.852865,360.044,-1.2996,0.4555421,6.26935,-7.6722,-34.0138,0.1417999,
2,56.4,2,2.856213,360.0343,-1.300452,0.4553063,6.26935,-7.6722,-34.0138,0.1417999,
2,56.41,2,2.85389,360.0332,-1.303049,0.456587,6.26935,-7.6722,-34.0138,0.1417999,
2,56.42,2,2.853003,360.0594,-1.304712,0.4573117,6.26935,-7.6722,-34.0138,0.1417999,
2,56.43,2,2.852592,360.0338,-1.303895,0.4570913,6.26503,-7.6722,-34.0144,0.1423988,
2,56.44,2,2.853642,360.0293,-1.302213,0.4563336,6.26503,-7.6722,-34.0144,0.1423988,
2,56.45,2,2.854763,360.0346,-1.295567,0.4538266,6.26503,-7.6722,-34.0144,0.1423988,
2,56.46,2,2.85276,360.0327,-1.292803,0.4531762,6.26503,-7.6722,-34.0144,0.1423988,
2,56.47,2,2.853285,360.0234,-1.29426,0.4536034,6.26503,-7.6722,-34.0144,0.1423988,
2,56.48,2,2.853524,360.0157,-1.292618,0.45299,6.26503,-7.6722,-34.0144,0.1423988,
2,56.49,2,2.852045,360.0243,-1.290082,0.4523359,6.26503,-7.6722,-34.0144,0.1423988,
2,56.5,2,2.853293,360.0127,-1.286913,0.4510273,6.26503,-7.6722,-34.0144,0.1423988,
2,56.51,2,2.85414,360.0061,-1.288476,0.4514411,6.26503,-7.6722,-34.0144,0.1423988,
2,56.52,2,2.853559,360.0062,-1.2864,0.4508056,6.26503,-7.6722,-34.0144,0.1423988,
2,56.53,2,2.856988,359.9997,-1.287756,0.450739,6.26503,-7.6722,-34.0144,0.1423988,
2,56.54,2,2.861707,359.9754,-1.287422,0.4498789,6.26503,-7.6722,-34.0144,0.1423988,
2,56.55,2,2.863623,359.9402,-1.290056,0.4504977,6.26503,-7.6722,-34.0144,0.1423988,
2,56.56,2,2.871356,359.9505,-1.292249,0.4500484,6.26503,-7.6722,-34.0144,0.1423988,
2,56.57,2,2.869814,359.9479,-1.292659,0.450433,6.26503,-7.6722,-34.0144,0.1423988,
2,56.58,2,2.871833,359.9434,-1.294817,0.4508678,6.26503,-7.6722,-34.0144,0.1423988,
2,56.59,2,2.871832,359.9405,-1.296104,0.4513161,6.26503,-7.6722,-34.0144,0.1423988,
2,56.6,2,2.870631,359.9475,-1.298513,0.4523443,6.26503,-7.6722,-34.0144,0.1423988,
2,56.61,2,2.872232,359.9335,-1.296874,0.4515212,6.26503,-7.6722,-34.0144,0.1423988,
2,56.62,2,2.868914,359.9283,-1.297333,0.4522034,6.26503,-7.6722,-34.0144,0.1423988,
2,56.63,2,2.869783,359.9311,-1.296322,0.4517142,6.26503,-7.6722,-34.0144,0.1423988,
2,56.64,2,2.870513,359.9193,-1.296653,0.4517146,6.26503,-7.6722,-34.0144,0.1423988,
2,56.65,2,2.870435,359.9248,-1.299365,0.452672,6.26123,-7.6722,-34.0151,0.1430969,
2,56.66,2,2.8682,359.8686,-1.299385,0.4530314,6.26123,-7.6722,-34.0151,0.1430969,
2,56.67,2,2.868693,359.932,-1.299562,0.4530154,6.26123,-7.6722,-34.0151,0.1430969,
2,56.68,2,2.869734,359.9136,-1.297728,0.4522118,6.26123,-7.6722,-34.0151,0.1430969,
2,56.69,2,2.869922,359.916,-1.298507,0.4524539,6.26123,-7.6722,-34.0151,0.1430969,
2,56.7,2,2.869188,359.9022,-1.3009,0.4534035,6.26123,-7.6722,-34.0151,0.1430969,
2,56.71,2,2.867419,359.9165,-1.302571,0.4542662,6.26123,-7.6722,-34.0151,0.1430969,
2,56.72,2,2.870037,359.8909,-1.302009,0.453656,6.26123,-7.6722,-34.0151,0.1430969,
2,56.73,2,2.868784,359.9053,-1.299788,0.4530798,6.26123,-7.6722,-34.0151,0.1430969,
2,56.74,2,2.874188,359.8976,-1.296964,0.4512452,6.26123,-7.6722,-34.0151,0.1430969,
2,56.75,2,2.876671,359.8745,-1.29733,0.450983,6.26123,-7.6722,-34.0151,0.1430969,
2,56.76,2,2.878078,359.8577,-1.299794,0.4516186,6.26123,-7.6722,-34.0151,0.1430969,
2,56.77,2,2.883628,359.8365,-1.300064,0.450843,6.26123,-7.6722,-34.0151,0.1430969,
2,56.78,2,2.883758,359.8521,-1.302378,0.4516255,6.26123,-7.6722,-34.0151,0.1430969,
2,56.79,2,2.881369,359.8435,-1.301104,0.4515575,6.26123,-7.6722,-34.0151,0.1430969,
2,56.8,2,2.881825,359.834,-1.300407,0.4512444,6.26123,-7.6722,-34.0151,0.1430969,
2,56.81,2,2.883088,359.8383,-1.298756,0.450474,6.26123,-7.6722,-34.0151,0.1430969,
2,56.82,2,2.882663,359.8329,-1.299298,0.4507284,6.26123,-7.6722,-34.0151,0.1430969,
2,56.83,2,2.881976,359.8248,-1.30454,0.4526547,6.26123,-7.6722,-34.0151,0.1430969,
2,56.84,2,2.882238,359.8362,-1.306404,0.4532602,6.26123,-7.6722,-34.0151,0.1430969,
2,56.85,2,2.883667,359.8224,-1.304707,0.452447,6.26123,-7.6722,-34.0151,0.1430969,
2,56.86,2,2.88287,359.8181,-1.304165,0.4523843,6.26123,-7.6722,-34.0151,0.1430969,
2,56.87,2,2.880097,359.8214,-1.303088,0.4524459,6.25715,-7.6722,-34.0157,0.1436996,
2,56.88,2,2.880343,359.8061,-1.303267,0.4524692,6.25715,-7.6722,-34.0157,0.1436996,
2,56.89,2,2.882562,359.8115,-1.305611,0.4529342,6.25715,-7.6722,-34.0157,0.1436996,
2,56.9,2,2.882137,359.7873,-1.304082,0.4524706,6.25715,-7.6722,-34.0157,0.1436996,
2,56.91,2,2.881046,359.7863,-1.303751,0.4525271,6.25715,-7.6722,-34.0157,0.1436996,
2,56.92,2,2.882593,359.7934,-1.305283,0.4528155,6.25715,-7.6722,-34.0157,0.1436996,
2,56.93,2,2.879949,359.789,-1.306942,0.4538075,6.25715,-7.6722,-34.0157,0.1436996,
2,56.94,2,2.880731,359.7931,-1.308197,0.4541199,6.25715,-7.6722,-34.0157,0.1436996,
2,56.95,2,2.881724,359.7913,-1.310121,0.4546309,6.25715,-7.6722,-34.0157,0.1436996,
2,56.96,2,2.882086,359.7859,-1.309141,0.4542338,6.25715,-7.6722,-34.0157,0.1436996,
2,56.97,2,2.880653,359.7852,-1.306896,0.4536806,6.25715,-7.6722,-34.0157,0.1436996,
2,56.98,2,2.883567,359.7856,-1.308816,0.4538881,6.25715,-7.6722,-34.0157,0.1436996,
2,56.99,2,2.885125,359.7897,-1.308388,0.4534946,6.25715,-7.6722,-34.0157,0.1436996,
2,57,2,2.888001,359.7663,-1.307673,0.4527951,6.25715,-7.6722,-34.0157,0.1436996,
2,57.01,2,2.889717,359.7139,-1.309998,0.4533307,6.25715,-7.6722,-34.0157,0.1436996,
2,57.02,2,2.892746,359.7235,-1.30945,0.4526669,6.25715,-7.6722,-34.0157,0.1436996,
2,57.03,2,2.898238,359.7132,-1.308386,0.4514419,6.25715,-7.6722,-34.0157,0.1436996,
2,57.04,2,2.8961,359.717,-1.308254,0.4517297,6.25715,-7.6722,-34.0157,0.1436996,
2,57.05,2,2.895186,359.7131,-1.307963,0.4517718,6.25715,-7.6722,-34.0157,0.1436996,
2,57.06,2,2.896646,359.7175,-1.308765,0.4518206,6.25715,-7.6722,-34.0157,0.1436996,
2,57.07,2,2.897416,359.7072,-1.309194,0.4518488,6.25715,-7.6722,-34.0157,0.1436996,
2,57.08,2,2.896747,359.7016,-1.308535,0.4517256,6.25715,-7.6722,-34.0157,0.1436996,
2,57.09,2,2.893511,359.693,-1.306222,0.4514314,6.25715,-7.6722,-34.0157,0.1436996,
2,57.1,2,2.895663,359.698,-1.307248,0.4514503,6.25715,-7.6722,-34.0157,0.1436996,
2,57.11,2,2.893956,359.7097,-1.306553,0.4514765,6.25715,-7.6722,-34.0157,0.1436996,
2,57.12,2,2.894555,359.6809,-1.307784,0.4518082,6.25715,-7.6722,-34.0157,0.1436996,
2,57.13,2,2.893288,359.6715,-1.307574,0.4519334,6.25715,-7.6722,-34.0157,0.1436996,
2,57.14,2,2.894353,359.6902,-1.30961,0.4524709,6.2528,-7.6722,-34.0164,0.1443977,
2,57.15,2,2.895463,359.6786,-1.307816,0.4516776,6.2528,-7.6722,-34.0164,0.1443977,
2,57.16,2,2.89402,359.6735,-1.308457,0.4521243,6.2528,-7.6722,-34.0164,0.1443977,
2,57.17,2,2.893224,359.6705,-1.309171,0.4524955,6.2528,-7.6722,-34.0164,0.1443977,
2,57.18,2,2.891763,359.6725,-1.311151,0.4534088,6.2528,-7.6722,-34.0164,0.1443977,
2,57.19,2,2.890195,359.6687,-1.313436,0.4544455,6.2528,-7.6722,-34.0164,0.1443977,
2,57.2,2,2.892218,359.6652,-1.313599,0.4541842,6.2528,-7.6722,-34.0164,0.1443977,
2,57.21,2,2.89342,359.6668,-1.31237,0.4535705,6.2528,-7.6722,-34.0164,0.1443977,
2,57.22,2,2.89091,359.6618,-1.312329,0.4539502,6.2528,-7.6722,-34.0164,0.1443977,
2,57.23,2,2.891682,359.6606,-1.31314,0.4541095,6.2528,-7.6722,-34.0164,0.1443977,
2,57.24,2,2.890974,359.6589,-1.31554,0.4550507,6.2528,-7.6722,-34.0164,0.1443977,
2,57.25,2,2.895069,359.6942,-1.31482,0.4541585,6.2528,-7.6722,-34.0164,0.1443977,
2,57.26,2,2.898486,359.6219,-1.314219,0.4534159,6.2528,-7.6722,-34.0164,0.1443977,
2,57.27,2,2.900707,359.6233,-1.315093,0.4533697,6.2528,-7.6722,-34.0164,0.1443977,
2,57.28,2,2.904417,359.6039,-1.316201,0.4531723,6.2528,-7.6722,-34.0164,0.1443977,
2,57.29,2,2.907742,359.6067,-1.318524,0.4534529,6.2528,-7.6722,-34.0164,0.1443977,
2,57.3,2,2.907712,359.6064,-1.320124,0.4540079,6.2528,-7.6722,-34.0164,0.1443977,
2,57.31,2,2.906393,359.6371,-1.322485,0.4550263,6.2528,-7.6722,-34.0164,0.1443977,
2,57.32,2,2.907741,359.5928,-1.322174,0.4547082,6.2528,-7.6722,-34.0164,0.1443977,
2,57.33,2,2.906536,359.588,-1.318074,0.4534864,6.2528,-7.6722,-34.0164,0.1443977,
2,57.34,2,2.905749,359.5904,-1.316143,0.4529444,6.2528,-7.6722,-34.0164,0.1443977,
2,57.35,2,2.905412,359.5875,-1.316712,0.4531929,6.2528,-7.6722,-34.0164,0.1443977,
2,57.36,2,2.906462,359.5938,-1.317663,0.4533565,6.2528,-7.6722,-34.0164,0.1443977,
2,57.37,2,2.905817,359.5898,-1.316603,0.4530922,6.2528,-7.6722,-34.0164,0.1443977,
2,57.38,2,2.90614,359.5753,-1.316596,0.4530394,6.2528,-7.6722,-34.0164,0.1443977,
2,57.39,2,2.904615,359.5727,-1.314863,0.4526806,6.249,-7.6722,-34.017,0.1449966,
2,57.4,2,2.904491,359.5681,-1.314842,0.4526928,6.249,-7.6722,-34.017,0.1449966,
2,57.41,2,2.905684,359.5625,-1.315217,0.4526361,6.249,-7.6722,-34.017,0.1449966,
2,57.42,2,2.90625,359.5611,-1.316265,0.4529085,6.249,-7.6722,-34.017,0.1449966,
2,57.43,2,2.904183,359.5528,-1.319122,0.4542144,6.249,-7.6722,-34.017,0.1449966,
2,57.44,2,2.906107,359.5576,-1.318764,0.4537906,6.249,-7.6722,-34.017,0.1449966,
2,57.45,2,2.905478,359.5607,-1.316857,0.4532325,6.249,-7.6722,-34.017,0.1449966,
2,57.46,2,2.911619,359.5391,-1.318536,0.452853,6.249,-7.6722,-34.017,0.1449966,
2,57.47,2,2.911259,359.5218,-1.317879,0.4526833,6.249,-7.6722,-34.017,0.1449966,
2,57.48,2,2.913669,359.5117,-1.32321,0.4541389,6.249,-7.6722,-34.017,0.1449966,
2,57.49,2,2.918365,359.4854,-1.322511,0.4531684,6.249,-7.6722,-34.017,0.1449966,
2,57.5,2,2.917536,359.486,-1.323292,0.453565,6.249,-7.6722,-34.017,0.1449966,
2,57.51,2,2.9174,359.4933,-1.323966,0.4538171,6.249,-7.6722,-34.017,0.1449966,
2,57.52,2,2.918293,359.4823,-1.324334,0.4538044,6.249,-7.6722,-34.017,0.1449966,
2,57.53,2,2.917451,359.4771,-1.328061,0.4552127,6.249,-7.6722,-34.017,0.1449966,
2,57.54,2,2.918146,359.4695,-1.329877,0.4557268,6.249,-7.6722,-34.017,0.1449966,
2,57.55,2,2.92046,359.4799,-1.329291,0.4551649,6.249,-7.6722,-34.017,0.1449966,
2,57.56,2,2.91766,359.4745,-1.328544,0.4553456,6.249,-7.6722,-34.017,0.1449966,
2,57.57,2,2.918903,359.4675,-1.32526,0.4540267,6.249,-7.6722,-34.017,0.1449966,
2,57.58,2,2.918159,359.4697,-1.326151,0.4544477,6.249,-7.6722,-34.017,0.1449966,
2,57.59,2,2.916118,359.4693,-1.327657,0.4552824,6.2452,-7.6722,-34.0176,0.1455994,
2,57.6,2,2.919219,359.4706,-1.330868,0.4558985,6.2452,-7.6722,-34.0176,0.1455994,
2,57.61,2,2.916997,359.4659,-1.328033,0.4552741,6.2452,-7.6722,-34.0176,0.1455994,
2,57.62,2,2.917137,359.4628,-1.326436,0.4547046,6.2452,-7.6722,-34.0176,0.1455994,
2,57.63,2,2.919392,359.456,-1.325333,0.4539756,6.2452,-7.6722,-34.0176,0.1455994,
2,57.64,2,2.919175,359.4481,-1.326267,0.4543295,6.2452,-7.6722,-34.0176,0.1455994,
2,57.65,2,2.919755,359.4474,-1.326281,0.4542439,6.2452,-7.6722,-34.0176,0.1455994,
2,57.66,2,2.917055,359.4664,-1.327601,0.4551169,6.2452,-7.6722,-34.0176,0.1455994,
2,57.67,2,2.915401,359.4495,-1.325935,0.4548037,6.2452,-7.6722,-34.0176,0.1455994,
2,57.68,2,2.917682,359.4372,-1.325319,0.4542369,6.2452,-7.6722,-34.0176,0.1455994,
2,57.69,2,2.919285,359.4308,-1.320918,0.4524799,6.2452,-7.6722,-34.0176,0.1455994,
2,57.7,2,2.922035,359.4307,-1.321707,0.4523243,6.2452,-7.6722,-34.0176,0.1455994,
2,57.71,2,2.925978,359.3968,-1.324682,0.4527314,6.2452,-7.6722,-34.0176,0.1455994,
2,57.72,2,2.92854,359.3957,-1.32831,0.4535742,6.2452,-7.6722,-34.0176,0.1455994,
2,57.73,2,2.931338,359.3763,-1.326454,0.4525079,6.2452,-7.6722,-34.0176,0.1455994,
2,57.74,2,2.930608,359.3795,-1.327127,0.4528506,6.2452,-7.6722,-34.0176,0.1455994,
2,57.75,2,2.930208,359.3747,-1.327615,0.4530787,6.2452,-7.6722,-34.0176,0.1455994,
2,57.76,2,2.929758,359.3706,-1.329758,0.4538797,6.2452,-7.6722,-34.0176,0.1455994,
2,57.77,2,2.93355,359.3674,-1.333322,0.454508,6.2452,-7.6722,-34.0176,0.1455994,
2,57.78,2,2.930598,359.3608,-1.333824,0.4551372,6.2452,-7.6722,-34.0176,0.1455994,
2,57.79,2,2.929537,359.3646,-1.332322,0.4547891,6.2452,-7.6722,-34.0176,0.1455994,
2,57.8,2,2.930912,359.3578,-1.330762,0.4540435,6.2452,-7.6722,-34.0176,0.1455994,
2,57.81,2,2.931264,359.3529,-1.332087,0.4544412,6.2452,-7.6722,-34.0176,0.1455994,
2,57.82,2,2.931538,359.3513,-1.332811,0.4546456,6.2452,-7.6722,-34.0176,0.1455994,
2,57.83,2,2.929342,359.3565,-1.334802,0.4556662,6.2452,-7.6722,-34.0176,0.1455994,
2,57.84,2,2.931487,359.3463,-1.336816,0.4560197,6.2452,-7.6722,-34.0176,0.1455994,
2,57.85,2,2.930189,359.3531,-1.335412,0.4557425,6.24087,-7.6722,-34.0182,0.1461983,
2,57.86,2,2.931514,359.345,-1.33475,0.4553108,6.24087,-7.6722,-34.0182,0.1461983,
2,57.87,2,2.931411,359.3573,-1.333553,0.4549184,6.24087,-7.6722,-34.0182,0.1461983,
2,57.88,2,2.929809,359.341,-1.335334,0.4557749,6.24087,-7.6722,-34.0182,0.1461983,
2,57.89,2,2.928896,359.3394,-1.337593,0.4566884,6.24087,-7.6722,-34.0182,0.1461983,
2,57.9,2,2.933026,359.3,-1.336474,0.4556638,6.24087,-7.6722,-34.0182,0.1461983,
2,57.91,2,2.929875,359.3324,-1.33471,0.4555518,6.24087,-7.6722,-34.0182,0.1461983,
2,57.92,2,2.931417,359.3327,-1.33348,0.4548928,6.24087,-7.6722,-34.0182,0.1461983,
2,57.93,2,2.931013,359.3333,-1.333551,0.4549794,6.24087,-7.6722,-34.0182,0.1461983,
2,57.94,2,2.930191,359.3239,-1.331854,0.4545279,6.24087,-7.6722,-34.0182,0.1461983,
2,57.95,2,2.931932,359.3252,-1.334692,0.4552261,6.24087,-7.6722,-34.0182,0.1461983,
2,57.96,2,2.934837,359.315,-1.332968,0.4541881,6.24087,-7.6722,-34.0182,0.1461983,
2,57.97,2,2.93751,359.2839,-1.331887,0.4534068,6.24087,-7.6722,-34.0182,0.1461983,
2,57.98,2,2.942172,359.2736,-1.327885,0.4513283,6.24087,-7.6722,-34.0182,0.1461983,
2,57.99,2,2.942865,359.271,-1.33028,0.4520358,6.24087,-7.6722,-34.0182,0.1461983,
2,58,2,2.944657,359.2639,-1.334695,0.4532599,6.24087,-7.6722,-34.0182,0.1461983,
2,58.01,2,2.944125,359.2641,-1.33647,0.4539447,6.24087,-7.6722,-34.0182,0.1461983,
2,58.02,2,2.945282,359.2415,-1.335897,0.4535719,6.24087,-7.6722,-34.0182,0.1461983,
2,58.03,2,2.944764,359.2544,-1.337597,0.4542288,6.24087,-7.6722,-34.0182,0.1461983,
2,58.04,2,2.94462,359.2484,-1.337274,0.4541414,6.24087,-7.6722,-34.0182,0.1461983,
2,58.05,2,2.944229,359.2457,-1.336861,0.4540616,6.24087,-7.6722,-34.0182,0.1461983,
2,58.06,2,2.94511,359.2513,-1.338851,0.4546012,6.24087,-7.6722,-34.0182,0.1461983,
2,58.07,2,2.942004,359.2245,-1.340323,0.4555817,6.24087,-7.6722,-34.0182,0.1461983,
2,58.08,2,2.941627,359.2687,-1.340892,0.4558334,6.24087,-7.6722,-34.0182,0.1461983,
2,58.09,2,2.943583,359.2286,-1.338979,0.4548806,6.24087,-7.6722,-34.0182,0.1461983,
2,58.1,2,2.942568,359.2229,-1.338489,0.4548709,6.24087,-7.6722,-34.0182,0.1461983,
2,58.11,2,2.942299,359.2295,-1.340432,0.4555731,6.24087,-7.6722,-34.0182,0.1461983,
2,58.12,2,2.94211,359.2272,-1.343118,0.4565153,6.23655,-7.6722,-34.0189,0.1469002,
2,58.13,2,2.94251,359.2249,-1.343422,0.4565563,6.23655,-7.6722,-34.0189,0.1469002,
2,58.14,2,2.942984,359.2197,-1.343892,0.4566425,6.23655,-7.6722,-34.0189,0.1469002,
2,58.15,2,2.941344,359.2218,-1.34182,0.4561928,6.23655,-7.6722,-34.0189,0.1469002,
2,58.16,2,2.941103,359.2113,-1.342334,0.4564051,6.23655,-7.6722,-34.0189,0.1469002,
2,58.17,2,2.942035,359.2155,-1.342446,0.4562985,6.23655,-7.6722,-34.0189,0.1469002,
2,58.18,2,2.942062,359.2036,-1.341986,0.456138,6.23655,-7.6722,-34.0189,0.1469002,
2,58.19,2,2.943069,359.2004,-1.343969,0.4566558,6.23655,-7.6722,-34.0189,0.1469002,
2,58.2,2,2.942091,359.1866,-1.343055,0.4564967,6.23655,-7.6722,-34.0189,0.1469002,
2,58.21,2,2.941963,359.2057,-1.340355,0.4555988,6.23655,-7.6722,-34.0189,0.1469002,
2,58.22,2,2.942946,359.2088,-1.336432,0.4541135,6.23655,-7.6722,-34.0189,0.1469002,
2,58.23,2,2.939995,359.205,-1.340153,0.4558351,6.23655,-7.6722,-34.0189,0.1469002,
2,58.24,2,2.942159,359.2041,-1.341896,0.4560922,6.23655,-7.6722,-34.0189,0.1469002,
2,58.25,2,2.947846,359.1693,-1.341095,0.4549406,6.23655,-7.6722,-34.0189,0.1469002,
2,58.26,2,2.952186,359.1586,-1.339875,0.4538587,6.23655,-7.6722,-34.0189,0.1469002,
2,58.27,2,2.954128,359.1455,-1.338806,0.4531982,6.23655,-7.6722,-34.0189,0.1469002,
2,58.28,2,2.957309,359.1362,-1.33826,0.4525263,6.23655,-7.6722,-34.0189,0.1469002,
2,58.29,2,2.955154,359.1488,-1.339211,0.4531779,6.23655,-7.6722,-34.0189,0.1469002,
2,58.3,2,2.95525,359.1328,-1.342219,0.4541811,6.23655,-7.6722,-34.0189,0.1469002,
2,58.31,2,2.954835,359.1066,-1.342005,0.4541726,6.23655,-7.6722,-34.0189,0.1469002,
2,58.32,2,2.954642,359.1184,-1.342675,0.454429,6.23655,-7.6722,-34.0189,0.1469002,
2,58.33,2,2.954524,359.1227,-1.343785,0.4548227,6.23655,-7.6722,-34.0189,0.1469002,
2,58.34,2,2.955676,359.1168,-1.344512,0.4548917,6.23655,-7.6722,-34.0189,0.1469002,
2,58.35,2,2.955311,359.1084,-1.342757,0.4543539,6.23655,-7.6722,-34.0189,0.1469002,
2,58.36,2,2.954284,359.1167,-1.346462,0.455766,6.23165,-7.6722,-34.0195,0.1474991,
2,58.37,2,2.952222,359.1295,-1.34745,0.456419,6.23165,-7.6722,-34.0195,0.1474991,
2,58.38,2,2.953828,359.1078,-1.345963,0.4556672,6.23165,-7.6722,-34.0195,0.1474991,
2,58.39,2,2.954244,359.1009,-1.346469,0.4557745,6.23165,-7.6722,-34.0195,0.1474991,
2,58.4,2,2.954561,359.1013,-1.346043,0.4555812,6.23165,-7.6722,-34.0195,0.1474991,
2,58.41,2,2.953728,359.1052,-1.35044,0.4571984,6.23165,-7.6722,-34.0195,0.1474991,
2,58.42,2,2.955641,359.1006,-1.348606,0.456282,6.23165,-7.6722,-34.0195,0.1474991,
2,58.43,2,2.955593,359.0532,-1.350424,0.4569045,6.23165,-7.6722,-34.0195,0.1474991,
2,58.44,2,2.955746,359.0958,-1.348968,0.4563884,6.23165,-7.6722,-34.0195,0.1474991,
2,58.45,2,2.952729,359.0889,-1.347494,0.4563554,6.23165,-7.6722,-34.0195,0.1474991,
2,58.46,2,2.9561,359.0932,-1.349422,0.4564873,6.23165,-7.6722,-34.0195,0.1474991,
2,58.47,2,2.954417,359.0845,-1.349992,0.4569404,6.23165,-7.6722,-34.0195,0.1474991,
2,58.48,2,2.955589,359.0853,-1.351513,0.4572737,6.23165,-7.6722,-34.0195,0.1474991,
2,58.49,2,2.957703,359.093,-1.352005,0.4571131,6.23165,-7.6722,-34.0195,0.1474991,
2,58.5,2,2.963711,359.0582,-1.350223,0.4555852,6.23165,-7.6722,-34.0195,0.1474991,
2,58.51,2,2.966006,359.036,-1.349147,0.4548701,6.23165,-7.6722,-34.0195,0.1474991,
2,58.52,2,2.967787,359.0349,-1.349537,0.4547283,6.23165,-7.6722,-34.0195,0.1474991,
2,58.53,2,2.968584,359.0316,-1.349404,0.4545615,6.23165,-7.6722,-34.0195,0.1474991,
2,58.54,2,2.966426,359.0226,-1.350047,0.455109,6.23165,-7.6722,-34.0195,0.1474991,
2,58.55,2,2.966944,359.0336,-1.348131,0.4543836,6.23165,-7.6722,-34.0195,0.1474991,
2,58.56,2,2.967062,359.0184,-1.348947,0.4546407,6.23165,-7.6722,-34.0195,0.1474991,
2,58.57,2,2.968012,359.0077,-1.350911,0.4551567,6.23165,-7.6722,-34.0195,0.1474991,
2,58.58,2,2.968498,359.0136,-1.348348,0.4542192,6.23165,-7.6722,-34.0195,0.1474991,
2,58.59,2,2.970133,359.0149,-1.348009,0.4538546,6.23165,-7.6722,-34.0195,0.1474991,
2,58.6,2,2.966378,359.0035,-1.352268,0.4558649,6.23165,-7.6722,-34.0195,0.1474991,
2,58.61,2,2.966991,359.0132,-1.352372,0.4558059,6.22755,-7.6722,-34.0202,0.1481972,
2,58.62,2,2.969641,358.9993,-1.349238,0.4543437,6.22755,-7.6722,-34.0202,0.1481972,
2,58.63,2,2.969854,359.0012,-1.350657,0.4547891,6.22755,-7.6722,-34.0202,0.1481972,
2,58.64,2,2.967133,358.9939,-1.351827,0.4556004,6.22755,-7.6722,-34.0202,0.1481972,
2,58.65,2,2.967865,358.9852,-1.35378,0.4561462,6.22755,-7.6722,-34.0202,0.1481972,
2,58.66,2,2.968432,359.0109,-1.354346,0.4562496,6.22755,-7.6722,-34.0202,0.1481972,
2,58.67,2,2.966545,358.9748,-1.353096,0.4561183,6.22755,-7.6722,-34.0202,0.1481972,
2,58.68,2,2.968366,358.9774,-1.353367,0.4559301,6.22755,-7.6722,-34.0202,0.1481972,
2,58.69,2,2.966826,358.9591,-1.353825,0.4563209,6.22755,-7.6722,-34.0202,0.1481972,
2,58.7,2,2.965691,358.9685,-1.355446,0.4570423,6.22755,-7.6722,-34.0202,0.1481972,
2,58.71,2,2.967029,358.965,-1.357145,0.4574088,6.22755,-7.6722,-34.0202,0.1481972,
2,58.72,2,2.967148,358.9647,-1.359316,0.4581221,6.22755,-7.6722,-34.0202,0.1481972,
2,58.73,2,2.968854,358.9648,-1.358809,0.457688,6.22755,-7.6722,-34.0202,0.1481972,
2,58.74,2,2.971372,358.9665,-1.357559,0.4568796,6.22755,-7.6722,-34.0202,0.1481972,
2,58.75,2,2.974873,358.9341,-1.356676,0.456045,6.22755,-7.6722,-34.0202,0.1481972,
2,58.76,2,2.977492,358.9221,-1.359475,0.456584,6.22755,-7.6722,-34.0202,0.1481972,
2,58.77,2,2.97938,358.9211,-1.361672,0.457032,6.22755,-7.6722,-34.0202,0.1481972,
2,58.78,2,2.980149,358.8963,-1.362377,0.4571506,6.22755,-7.6722,-34.0202,0.1481972,
2,58.79,2,2.979912,358.9226,-1.360842,0.4566719,6.22755,-7.6722,-34.0202,0.1481972,
2,58.8,2,2.979389,358.8991,-1.360637,0.4566833,6.22755,-7.6722,-34.0202,0.1481972,
2,58.81,2,2.981824,358.9024,-1.360111,0.4561339,6.22755,-7.6722,-34.0202,0.1481972,
2,58.82,2,2.980735,358.8922,-1.359002,0.4559286,6.22755,-7.6722,-34.0202,0.1481972,
2,58.83,2,2.981925,358.8927,-1.358102,0.4554449,6.22755,-7.6722,-34.0202,0.1481972,
2,58.84,2,2.979496,358.9009,-1.358803,0.4560515,6.22755,-7.6722,-34.0202,0.1481972,
2,58.85,2,2.977916,358.8891,-1.359779,0.4566211,6.22755,-7.6722,-34.0202,0.1481972,
2,58.86,2,2.977952,358.8822,-1.357946,0.456,6.22755,-7.6722,-34.0202,0.1481972,
2,58.87,2,2.979621,358.8976,-1.358147,0.4558119,6.22755,-7.6722,-34.0202,0.1481972,
2,58.88,2,2.979677,358.8791,-1.363068,0.4574549,6.22755,-7.6722,-34.0202,0.1481972,
2,58.89,2,2.979722,358.8776,-1.364807,0.4580315,6.22325,-7.6722,-34.0208,0.1487999,
2,58.9,2,2.978146,358.8817,-1.364331,0.4581141,6.22325,-7.6722,-34.0208,0.1487999,
2,58.91,2,2.978721,358.8893,-1.363871,0.4578712,6.22325,-7.6722,-34.0208,0.1487999,
2,58.92,2,2.9791,358.8734,-1.361504,0.4570186,6.22325,-7.6722,-34.0208,0.1487999,
2,58.93,2,2.981066,358.8697,-1.360739,0.4564604,6.22325,-7.6722,-34.0208,0.1487999,
2,58.94,2,2.978666,358.8732,-1.361518,0.4570897,6.22325,-7.6722,-34.0208,0.1487999,
2,58.95,2,2.978993,358.8567,-1.364702,0.4581085,6.22325,-7.6722,-34.0208,0.1487999,
2,58.96,2,2.97882,358.8559,-1.3669,0.4588728,6.22325,-7.6722,-34.0208,0.1487999,
2,58.97,2,2.977715,358.8551,-1.369413,0.4598871,6.22325,-7.6722,-34.0208,0.1487999,
2,58.98,2,2.977824,358.851,-1.366891,0.4590233,6.22325,-7.6722,-34.0208,0.1487999,
2,58.99,2,2.976263,358.8452,-1.365943,0.4589455,6.22325,-7.6722,-34.0208,0.1487999,
2,59,2,2.978978,358.8616,-1.366692,0.4587787,6.22325,-7.6722,-34.0208,0.1487999,
2,59.01,2,2.982253,358.8519,-1.368171,0.4587708,6.22325,-7.6722,-34.0208,0.1487999,
2,59.02,2,2.988314,358.8724,-1.367675,0.4576745,6.22325,-7.6722,-34.0208,0.1487999,
2,59.03,2,2.985143,358.7995,-1.366673,0.4578248,6.22325,-7.6722,-34.0208,0.1487999,
2,59.04,2,2.992398,358.8051,-1.368067,0.4571807,6.22325,-7.6722,-34.0208,0.1487999,
2,59.05,2,2.99221,358.7941,-1.371354,0.4583079,6.22325,-7.6722,-34.0208,0.1487999,
2,59.06,2,2.990521,358.7971,-1.369724,0.4580219,6.22325,-7.6722,-34.0208,0.1487999,
2,59.07,2,2.991788,358.7767,-1.370459,0.4580736,6.22325,-7.6722,-34.0208,0.1487999,
2,59.08,2,2.993157,358.7922,-1.372972,0.4587034,6.22325,-7.6722,-34.0208,0.1487999,
2,59.09,2,2.992086,358.7872,-1.372199,0.4586094,6.22325,-7.6722,-34.0208,0.1487999,
2,59.1,2,2.992891,358.7834,-1.373177,0.458813,6.22325,-7.6722,-34.0208,0.1487999,
2,59.11,2,2.992383,358.7833,-1.367836,0.4571057,6.22325,-7.6722,-34.0208,0.1487999,
2,59.12,2,2.992091,358.7773,-1.369548,0.4577228,6.22325,-7.6722,-34.0208,0.1487999,
2,59.13,2,2.993244,358.782,-1.371116,0.4580703,6.22325,-7.6722,-34.0208,0.1487999,
2,59.14,2,2.991792,358.7547,-1.372589,0.4587847,6.22325,-7.6722,-34.0208,0.1487999,
2,59.15,2,2.993821,358.7605,-1.368893,0.4572393,6.22325,-7.6722,-34.0208,0.1487999,
2,59.16,2,2.993349,358.7605,-1.367688,0.456909,6.22325,-7.6722,-34.0208,0.1487999,
2,59.17,2,2.99251,358.7589,-1.365835,0.4564179,6.21865,-7.6722,-34.0215,0.149498,
2,59.18,2,2.991603,358.7512,-1.37137,0.4584065,6.21865,-7.6722,-34.0215,0.149498,
2,59.19,2,2.991465,358.7462,-1.375203,0.459709,6.21865,-7.6722,-34.0215,0.149498,
2,59.2,2,2.989169,358.7308,-1.373924,0.4596342,6.21865,-7.6722,-34.0215,0.149498,
2,59.21,2,2.989752,358.7421,-1.369341,0.4580117,6.21865,-7.6722,-34.0215,0.149498,
2,59.22,2,2.990539,358.7371,-1.367067,0.4571306,6.21865,-7.6722,-34.0215,0.149498,
2,59.23,2,2.99136,358.7331,-1.368751,0.457568,6.21865,-7.6722,-34.0215,0.149498,
2,59.24,2,2.991707,358.7374,-1.372023,0.4586087,6.21865,-7.6722,-34.0215,0.149498,
2,59.25,2,2.990342,358.7192,-1.374636,0.459692,6.21865,-7.6722,-34.0215,0.149498,
2,59.26,2,2.991078,358.7187,-1.374304,0.4594679,6.21865,-7.6722,-34.0215,0.149498,
2,59.27,2,2.990777,358.7264,-1.37089,0.4583726,6.21865,-7.6722,-34.0215,0.149498,
2,59.28,2,2.993401,358.7314,-1.374381,0.4591369,6.21865,-7.6722,-34.0215,0.149498,
2,59.29,2,2.996722,358.7078,-1.374723,0.4587424,6.21865,-7.6722,-34.0215,0.149498,
2,59.3,2,2.999713,358.6862,-1.38068,0.4602706,6.21865,-7.6722,-34.0215,0.149498,
2,59.31,2,3.001252,358.6707,-1.385262,0.4615615,6.21865,-7.6722,-34.0215,0.149498,
2,59.32,2,3.002228,358.6775,-1.384871,0.4612811,6.21865,-7.6722,-34.0215,0.149498,
2,59.33,2,3.003191,358.6652,-1.383299,0.4606097,6.21865,-7.6722,-34.0215,0.149498,
2,59.34,2,3.004979,358.6674,-1.382673,0.4601272,6.21865,-7.6722,-34.0215,0.149498,
2,59.35,2,3.005071,358.6581,-1.384215,0.4606263,6.21865,-7.6722,-34.0215,0.149498,
2,59.36,2,3.005067,358.6645,-1.384876,0.4608468,6.21865,-7.6722,-34.0215,0.149498,
2,59.37,2,3.006204,358.6999,-1.386824,0.4613207,6.21865,-7.6722,-34.0215,0.149498,
2,59.38,2,3.003953,358.6622,-1.384827,0.4610015,6.21865,-7.6722,-34.0215,0.149498,
2,59.39,2,3.006083,358.6577,-1.385568,0.4609216,6.21865,-7.6722,-34.0215,0.149498,
2,59.4,2,3.004752,358.6562,-1.385473,0.4610938,6.21865,-7.6722,-34.0215,0.149498,
2,59.41,2,3.002335,358.6564,-1.385091,0.461338,6.21457,-7.6722,-34.0222,0.1501999,
2,59.42,2,3.00583,358.6497,-1.381253,0.4595248,6.21457,-7.6722,-34.0222,0.1501999,
2,59.43,2,3.004952,358.6557,-1.385131,0.4609494,6.21457,-7.6722,-34.0222,0.1501999,
2,59.44,2,3.002622,358.648,-1.38241,0.4604009,6.21457,-7.6722,-34.0222,0.1501999,
2,59.45,2,3.00594,358.6386,-1.38212,0.4597963,6.21457,-7.6722,-34.0222,0.1501999,
2,59.46,2,3.003525,358.6435,-1.382417,0.4602648,6.21457,-7.6722,-34.0222,0.1501999,
2,59.47,2,3.004991,358.6339,-1.379804,0.4591708,6.21457,-7.6722,-34.0222,0.1501999,
2,59.48,2,3.003682,358.6281,-1.381959,0.4600883,6.21457,-7.6722,-34.0222,0.1501999,
2,59.49,2,3.003742,358.6303,-1.380805,0.459695,6.21457,-7.6722,-34.0222,0.1501999,
2,59.5,2,3.004795,358.6239,-1.378927,0.4589088,6.21457,-7.6722,-34.0222,0.1501999,
2,59.51,2,3.009548,358.6061,-1.379478,0.4583671,6.21457,-7.6722,-34.0222,0.1501999,
2,59.52,2,3.014674,358.5912,-1.381133,0.4581366,6.21457,-7.6722,-34.0222,0.1501999,
2,59.53,2,3.014698,358.5727,-1.383849,0.4590339,6.21457,-7.6722,-34.0222,0.1501999,
2,59.54,2,3.020759,358.5584,-1.387886,0.4594495,6.21457,-7.6722,-34.0222,0.1501999,
2,59.55,2,3.018982,358.5507,-1.386709,0.4593301,6.21457,-7.6722,-34.0222,0.1501999,
2,59.56,2,3.020783,358.5603,-1.389224,0.4598886,6.21457,-7.6722,-34.0222,0.1501999,
2,59.57,2,3.019685,358.5529,-1.388192,0.4597142,6.21457,-7.6722,-34.0222,0.1501999,
2,59.58,2,3.017386,358.5521,-1.389043,0.4603466,6.21457,-7.6722,-34.0222,0.1501999,
2,59.59,2,3.020609,358.5433,-1.388133,0.459554,6.21457,-7.6722,-34.0222,0.1501999,
2,59.6,2,3.019088,358.5466,-1.39159,0.4609306,6.21457,-7.6722,-34.0222,0.1501999,
2,59.61,2,3.016452,358.4899,-1.390405,0.4609404,6.21457,-7.6722,-34.0222,0.1501999,
2,59.62,2,3.019973,358.551,-1.387914,0.4595783,6.21457,-7.6722,-34.0222,0.1501999,
2,59.63,2,3.022553,358.5464,-1.387582,0.4590762,6.21457,-7.6722,-34.0222,0.1501999,
2,59.64,2,3.017664,358.5332,-1.390653,0.4608375,6.21457,-7.6722,-34.0222,0.1501999,
2,59.65,2,3.017105,358.5312,-1.391986,0.4613648,6.21457,-7.6722,-34.0222,0.1501999,
2,59.66,2,3.019583,358.5373,-1.390511,0.4604977,6.21457,-7.6722,-34.0222,0.1501999,
2,59.67,2,3.019719,358.5074,-1.392882,0.4612621,6.21457,-7.6722,-34.0222,0.1501999,
2,59.68,2,3.018905,358.522,-1.389479,0.4602594,6.21023,-7.6722,-34.0228,0.1507988,
2,59.69,2,3.019603,358.5254,-1.387815,0.459602,6.21023,-7.6722,-34.0228,0.1507988,
2,59.7,2,3.021229,358.5186,-1.387316,0.4591893,6.21023,-7.6722,-34.0228,0.1507988,
2,59.71,2,3.019986,358.5114,-1.387946,0.459587,6.21023,-7.6722,-34.0228,0.1507988,
2,59.72,2,3.021289,358.5131,-1.389044,0.4597521,6.21023,-7.6722,-34.0228,0.1507988,
2,59.73,2,3.019572,358.5016,-1.387992,0.4596649,6.21023,-7.6722,-34.0228,0.1507988,
2,59.74,2,3.019636,358.5086,-1.388317,0.4597629,6.21023,-7.6722,-34.0228,0.1507988,
2,59.75,2,3.019573,358.5079,-1.384742,0.4585888,6.21023,-7.6722,-34.0228,0.1507988,
2,59.76,2,3.020684,358.4985,-1.384182,0.4582347,6.21023,-7.6722,-34.0228,0.1507988,
2,59.77,2,3.016597,358.4934,-1.388746,0.4603683,6.21023,-7.6722,-34.0228,0.1507988,
2,59.78,2,3.019447,358.4986,-1.388724,0.4599265,6.21023,-7.6722,-34.0228,0.1507988,
2,59.79,2,3.024849,358.4686,-1.389066,0.4592184,6.21023,-7.6722,-34.0228,0.1507988,
2,59.8,2,3.028805,358.4565,-1.392232,0.4596639,6.21023,-7.6722,-34.0228,0.1507988,
2,59.81,2,3.031936,358.4453,-1.39394,0.4597526,6.21023,-7.6722,-34.0228,0.1507988,
2,59.82,2,3.032614,358.4456,-1.390997,0.4586791,6.21023,-7.6722,-34.0228,0.1507988,
2,59.83,2,3.031026,358.4301,-1.391154,0.4589712,6.21023,-7.6722,-34.0228,0.1507988,
2,59.84,2,3.034052,358.4327,-1.39134,0.4585747,6.21023,-7.6722,-34.0228,0.1507988,
2,59.85,2,3.033257,358.4369,-1.395619,0.4601056,6.21023,-7.6722,-34.0228,0.1507988,
2,59.86,2,3.031276,358.4219,-1.397844,0.4611403,6.21023,-7.6722,-34.0228,0.1507988,
2,59.87,2,3.031296,358.4109,-1.398766,0.4614416,6.21023,-7.6722,-34.0228,0.1507988,
2,59.88,2,3.030942,358.412,-1.397823,0.4611845,6.21023,-7.6722,-34.0228,0.1507988,
2,59.89,2,3.032491,358.4203,-1.397073,0.4607015,6.21023,-7.6722,-34.0228,0.1507988,
2,59.9,2,3.031192,358.4269,-1.397814,0.4611434,6.21023,-7.6722,-34.0228,0.1507988,
2,59.91,2,3.032115,358.4228,-1.398263,0.4611512,6.21023,-7.6722,-34.0228,0.1507988,
2,59.92,2,3.032591,358.4202,-1.396622,0.4605375,6.20563,-7.6722,-34.0235,0.1514969,
2,59.93,2,3.032544,358.4134,-1.394141,0.4597265,6.20563,-7.6722,-34.0235,0.1514969,
2,59.94,2,3.03222,358.4108,-1.394606,0.4599292,6.20563,-7.6722,-34.0235,0.1514969,
2,59.95,2,3.033666,358.3945,-1.397147,0.4605473,6.20563,-7.6722,-34.0235,0.1514969,
2,59.96,2,3.032585,358.3809,-1.394435,0.4598174,6.20563,-7.6722,-34.0235,0.1514969,
2,59.97,2,3.030619,358.3883,-1.394608,0.4601726,6.20563,-7.6722,-34.0235,0.1514969,
2,59.98,2,3.028901,358.3917,-1.391562,0.4594279,6.20563,-7.6722,-34.0235,0.1514969,
2,59.99,2,3.029773,358.3966,-1.390228,0.4588554,6.20563,-7.6722,-34.0235,0.1514969,
2,60,2,3.031468,358.3941,-1.389977,0.4585162,6.20563,-7.6722,-34.0235,0.1514969,
2,60.01,2,3.030319,358.3956,-1.392435,0.4595011,6.20563,-7.6722,-34.0235,0.1514969,
2,60.02,2,3.03112,358.3763,-1.393995,0.4598942,6.20563,-7.6722,-34.0235,0.1514969,
2,60.03,2,3.032998,358.3916,-1.392342,0.4590645,6.20563,-7.6722,-34.0235,0.1514969,
2,60.04,2,3.037643,358.3665,-1.390758,0.457841,6.20563,-7.6722,-34.0235,0.1514969,
2,60.05,2,3.041274,358.3455,-1.389783,0.4569739,6.20563,-7.6722,-34.0235,0.1514969,
2,60.06,2,3.042741,358.3308,-1.39197,0.4574726,6.20563,-7.6722,-34.0235,0.1514969,
2,60.07,2,3.042357,358.3187,-1.393451,0.4580168,6.20563,-7.6722,-34.0235,0.1514969,
2,60.08,2,3.044806,358.3113,-1.396774,0.4587398,6.20563,-7.6722,-34.0235,0.1514969,
2,60.09,2,3.045085,358.3123,-1.395743,0.4583592,6.20563,-7.6722,-34.0235,0.1514969,
2,60.1,2,3.039918,358.3105,-1.396994,0.4595498,6.20563,-7.6722,-34.0235,0.1514969,
2,60.11,2,3.042402,358.3162,-1.394803,0.4584546,6.20563,-7.6722,-34.0235,0.1514969,
2,60.12,2,3.044102,358.3044,-1.397195,0.4589844,6.20563,-7.6722,-34.0235,0.1514969,
2,60.13,2,3.044063,358.3032,-1.400005,0.4599135,6.20563,-7.6722,-34.0235,0.1514969,
2,60.14,2,3.042095,358.3087,-1.403093,0.461226,6.20563,-7.6722,-34.0235,0.1514969,
2,60.15,2,3.04262,358.3021,-1.401118,0.4604971,6.20563,-7.6722,-34.0235,0.1514969,
2,60.16,2,3.043936,358.2928,-1.400621,0.4601347,6.20563,-7.6722,-34.0235,0.1514969,
2,60.17,2,3.041821,358.2924,-1.399451,0.4600701,6.20563,-7.6722,-34.0235,0.1514969,
2,60.18,2,3.042903,358.2871,-1.401196,0.4604801,6.20563,-7.6722,-34.0235,0.1514969,
2,60.19,2,3.043916,358.2834,-1.40396,0.4612349,6.20563,-7.6722,-34.0235,0.1514969,
2,60.2,2,3.042532,358.3001,-1.402314,0.4609037,6.20127,-7.6722,-34.0241,0.1520996,
2,60.21,2,3.043371,358.2696,-1.401835,0.4606193,6.20127,-7.6722,-34.0241,0.1520996,
2,60.22,2,3.041674,358.2806,-1.401137,0.4606465,6.20127,-7.6722,-34.0241,0.1520996,
2,60.23,2,3.039915,358.2812,-1.401273,0.4609581,6.20127,-7.6722,-34.0241,0.1520996,
2,60.24,2,3.043315,358.2603,-1.401333,0.4604626,6.20127,-7.6722,-34.0241,0.1520996,
2,60.25,2,3.040725,358.2854,-1.404034,0.4617431,6.20127,-7.6722,-34.0241,0.1520996,
2,60.26,2,3.042221,358.3105,-1.405571,0.4620212,6.20127,-7.6722,-34.0241,0.1520996,
2,60.27,2,3.042183,358.2651,-1.40308,0.4612084,6.20127,-7.6722,-34.0241,0.1520996,
2,60.28,2,3.041545,358.2654,-1.401707,0.4608535,6.20127,-7.6722,-34.0241,0.1520996,
2,60.29,2,3.042125,358.2653,-1.399856,0.4601574,6.20127,-7.6722,-34.0241,0.1520996,
2,60.3,2,3.043538,358.2558,-1.401076,0.4603446,6.20127,-7.6722,-34.0241,0.1520996,
2,60.31,2,3.04046,358.262,-1.402176,0.4611723,6.20127,-7.6722,-34.0241,0.1520996,
2,60.32,2,3.044776,358.2492,-1.401495,0.4602949,6.20127,-7.6722,-34.0241,0.1520996,
2,60.33,2,3.04804,358.2373,-1.398979,0.4589765,6.20127,-7.6722,-34.0241,0.1520996,
2,60.34,2,3.049159,358.2162,-1.398834,0.4587605,6.20127,-7.6722,-34.0241,0.1520996,
2,60.35,2,3.052923,358.2013,-1.401014,0.4589092,6.20127,-7.6722,-34.0241,0.1520996,
2,60.36,2,3.055845,358.1959,-1.402067,0.4588148,6.20127,-7.6722,-34.0241,0.1520996,
2,60.37,2,3.054893,358.1932,-1.40269,0.4591619,6.20127,-7.6722,-34.0241,0.1520996,
2,60.38,2,3.054989,358.2007,-1.407604,0.4607557,6.20127,-7.6722,-34.0241,0.1520996,
2,60.39,2,3.054732,358.1827,-1.406358,0.4603868,6.20127,-7.6722,-34.0241,0.1520996,
2,60.4,2,3.052221,358.1898,-1.405107,0.4603554,6.20127,-7.6722,-34.0241,0.1520996,
2,60.41,2,3.05597,358.1831,-1.406536,0.4602586,6.20127,-7.6722,-34.0241,0.1520996,
2,60.42,2,3.055906,358.1738,-1.408703,0.4609772,6.20127,-7.6722,-34.0241,0.1520996,
2,60.43,2,3.055099,358.1837,-1.409509,0.4613629,6.20127,-7.6722,-34.0241,0.1520996,
2,60.44,2,3.053579,358.1297,-1.407944,0.4610799,6.20127,-7.6722,-34.0241,0.1520996,
2,60.45,2,3.05377,358.1638,-1.407906,0.4610386,6.20127,-7.6722,-34.0241,0.1520996,
2,60.46,2,3.054305,358.1568,-1.409588,0.4615086,6.20127,-7.6722,-34.0241,0.1520996,
2,60.47,2,3.052913,358.1572,-1.409662,0.4617431,6.20127,-7.6722,-34.0241,0.1520996,
2,60.48,2,3.054842,358.1497,-1.410685,0.4617867,6.20127,-7.6722,-34.0241,0.1520996,
2,60.49,2,3.053709,358.151,-1.411487,0.4622204,6.1964,-7.6722,-34.0248,0.1527977,
2,60.5,2,3.05327,358.1601,-1.412582,0.4626456,6.1964,-7.6722,-34.0248,0.1527977,
2,60.51,2,3.053058,358.144,-1.41236,0.4626052,6.1964,-7.6722,-34.0248,0.1527977,
2,60.52,2,3.054671,358.1548,-1.410739,0.46183,6.1964,-7.6722,-34.0248,0.1527977,
2,60.53,2,3.055252,358.1464,-1.409587,0.4613652,6.1964,-7.6722,-34.0248,0.1527977,
2,60.54,2,3.055415,358.1581,-1.412446,0.4622762,6.1964,-7.6722,-34.0248,0.1527977,
2,60.55,2,3.052566,358.1527,-1.412493,0.4627231,6.1964,-7.6722,-34.0248,0.1527977,
2,60.56,2,3.054698,358.1528,-1.411004,0.4619129,6.1964,-7.6722,-34.0248,0.1527977,
2,60.57,2,3.055086,358.1422,-1.407314,0.4606463,6.1964,-7.6722,-34.0248,0.1527977,
2,60.58,2,3.053858,358.1346,-1.40985,0.4616621,6.1964,-7.6722,-34.0248,0.1527977,
2,60.59,2,3.054874,358.124,-1.407499,0.4607387,6.1964,-7.6722,-34.0248,0.1527977,
2,60.6,2,3.060295,358.1139,-1.408004,0.4600877,6.1964,-7.6722,-34.0248,0.1527977,
2,60.61,2,3.061279,358.1084,-1.408992,0.4602624,6.1964,-7.6722,-34.0248,0.1527977,
2,60.62,2,3.067237,358.0906,-1.408851,0.4593225,6.1964,-7.6722,-34.0248,0.1527977,
2,60.63,2,3.071505,358.072,-1.409747,0.4589761,6.1964,-7.6722,-34.0248,0.1527977,
2,60.64,2,3.070202,358.0665,-1.410169,0.4593082,6.1964,-7.6722,-34.0248,0.1527977,
2,60.65,2,3.072224,358.0569,-1.410196,0.4590147,6.1964,-7.6722,-34.0248,0.1527977,
2,60.66,2,3.070619,358.0565,-1.411709,0.4597474,6.1964,-7.6722,-34.0248,0.1527977,
2,60.67,2,3.070051,358.0711,-1.413962,0.4605663,6.1964,-7.6722,-34.0248,0.1527977,
2,60.68,2,3.068856,358.0608,-1.412961,0.4604195,6.1964,-7.6722,-34.0248,0.1527977,
2,60.69,2,3.070012,358.0536,-1.412739,0.4601738,6.1964,-7.6722,-34.0248,0.1527977,
2,60.7,2,3.070589,358.0449,-1.413088,0.4602009,6.1964,-7.6722,-34.0248,0.1527977,
2,60.71,2,3.072837,358.0429,-1.414903,0.4604551,6.1964,-7.6722,-34.0248,0.1527977,
2,60.72,2,3.071786,358.0369,-1.417456,0.4614435,6.1964,-7.6722,-34.0248,0.1527977,
2,60.73,2,3.071729,358.0153,-1.418907,0.4619244,6.1918,-7.6722,-34.0255,0.1534996,
2,60.74,2,3.070637,358.0257,-1.417659,0.4616823,6.1918,-7.6722,-34.0255,0.1534996,
2,60.75,2,3.069047,358.0319,-1.4179,0.462,6.1918,-7.6722,-34.0255,0.1534996,
2,60.76,2,3.069763,358.0306,-1.41833,0.4620323,6.1918,-7.6722,-34.0255,0.1534996,
2,60.77,2,3.071296,358.0299,-1.419817,0.462286,6.1918,-7.6722,-34.0255,0.1534996,
2,60.78,2,3.071079,358.0248,-1.419733,0.4622912,6.1918,-7.6722,-34.0255,0.1534996,
2,60.79,2,3.071136,358.0462,-1.422287,0.4631142,6.1918,-7.6722,-34.0255,0.1534996,
2,60.8,2,3.070661,358.0245,-1.420637,0.4626486,6.1918,-7.6722,-34.0255,0.1534996,
2,60.81,2,3.067937,358.015,-1.41871,0.4624312,6.1918,-7.6722,-34.0255,0.1534996,
2,60.82,2,3.068981,358.0285,-1.42092,0.4629942,6.1918,-7.6722,-34.0255,0.1534996,
2,60.83,2,3.069701,358.0178,-1.422981,0.4635569,6.1918,-7.6722,-34.0255,0.1534996,
2,60.84,2,3.077129,357.9969,-1.425258,0.4631779,6.1918,-7.6722,-34.0255,0.1534996,
2,60.85,2,3.077247,357.9513,-1.425879,0.4633619,6.1918,-7.6722,-34.0255,0.1534996,
2,60.86,2,3.080884,357.9709,-1.423263,0.4619657,6.1918,-7.6722,-34.0255,0.1534996,
2,60.87,2,3.082899,357.9687,-1.420581,0.4607937,6.1918,-7.6722,-34.0255,0.1534996,
2,60.88,2,3.081575,357.9651,-1.421828,0.4613963,6.1918,-7.6722,-34.0255,0.1534996,
2,60.89,2,3.084141,357.9533,-1.420919,0.460718,6.1918,-7.6722,-34.0255,0.1534996,
2,60.9,2,3.082178,357.9509,-1.422198,0.4614264,6.1918,-7.6722,-34.0255,0.1534996,
2,60.91,2,3.080597,357.9582,-1.422763,0.4618465,6.1918,-7.6722,-34.0255,0.1534996,
2,60.92,2,3.084183,357.9539,-1.420628,0.4606172,6.1918,-7.6722,-34.0255,0.1534996,
2,60.93,2,3.082716,357.9445,-1.418121,0.4600232,6.1918,-7.6722,-34.0255,0.1534996,
2,60.94,2,3.083652,357.9437,-1.417429,0.4596592,6.1918,-7.6722,-34.0255,0.1534996,
2,60.95,2,3.082049,357.9402,-1.419208,0.4604756,6.1918,-7.6722,-34.0255,0.1534996,
2,60.96,2,3.082079,357.9391,-1.42248,0.4615325,6.1918,-7.6722,-34.0255,0.1534996,
2,60.97,2,3.081384,357.9026,-1.423463,0.4619557,6.1918,-7.6722,-34.0255,0.1534996,
2,60.98,2,3.083227,357.9429,-1.422297,0.4613013,6.1918,-7.6722,-34.0255,0.1534996,
2,60.99,2,3.082871,357.9259,-1.421208,0.4610013,6.1918,-7.6722,-34.0255,0.1534996,
2,61,2,3.080396,357.9132,-1.422045,0.4616437,6.18773,-7.6722,-34.0262,0.1541977,
2,61.01,2,3.081661,357.92,-1.425371,0.4625333,6.18773,-7.6722,-34.0262,0.1541977,
2,61.02,2,3.081145,357.8961,-1.426651,0.4630263,6.18773,-7.6722,-34.0262,0.1541977,
2,61.03,2,3.079695,357.9137,-1.426961,0.4633449,6.18773,-7.6722,-34.0262,0.1541977,
2,61.04,2,3.081592,357.9142,-1.427258,0.463156,6.18773,-7.6722,-34.0262,0.1541977,
2,61.05,2,3.079711,357.905,-1.427129,0.4633972,6.18773,-7.6722,-34.0262,0.1541977,
2,61.06,2,3.078526,357.9146,-1.427776,0.4637856,6.18773,-7.6722,-34.0262,0.1541977,
2,61.07,2,3.079546,357.9042,-1.42791,0.4636755,6.18773,-7.6722,-34.0262,0.1541977,
2,61.08,2,3.078752,357.906,-1.429496,0.4643101,6.18773,-7.6722,-34.0262,0.1541977,
2,61.09,2,3.080235,357.9035,-1.429634,0.4641316,6.18773,-7.6722,-34.0262,0.1541977,
2,61.1,2,3.079668,357.8908,-1.426814,0.4633012,6.18773,-7.6722,-34.0262,0.1541977,
2,61.11,2,3.084644,357.8877,-1.426364,0.4624081,6.18773,-7.6722,-34.0262,0.1541977,
2,61.12,2,3.087272,357.8634,-1.429211,0.4629365,6.18773,-7.6722,-34.0262,0.1541977,
2,61.13,2,3.091396,357.8439,-1.430505,0.4627376,6.18773,-7.6722,-34.0262,0.1541977,
2,61.14,2,3.09689,357.8503,-1.432017,0.4624051,6.18773,-7.6722,-34.0262,0.1541977,
2,61.15,2,3.094206,357.8276,-1.432674,0.4630183,6.18773,-7.6722,-34.0262,0.1541977,
2,61.16,2,3.094719,357.8397,-1.431952,0.4627081,6.18773,-7.6722,-34.0262,0.1541977,
2,61.17,2,3.098049,357.8419,-1.429649,0.4614674,6.18773,-7.6722,-34.0262,0.1541977,
2,61.18,2,3.096475,357.8351,-1.431418,0.4622735,6.18773,-7.6722,-34.0262,0.1541977,
2,61.19,2,3.096011,357.8315,-1.431509,0.462372,6.18773,-7.6722,-34.0262,0.1541977,
2,61.2,2,3.096955,357.8143,-1.432047,0.4624048,6.18773,-7.6722,-34.0262,0.1541977,
2,61.21,2,3.094247,357.8213,-1.430301,0.4622452,6.18773,-7.6722,-34.0262,0.1541977,
2,61.22,2,3.095931,357.8125,-1.428752,0.4614933,6.18773,-7.6722,-34.0262,0.1541977,
2,61.23,2,3.096181,357.8099,-1.426384,0.4606915,6.18773,-7.6722,-34.0262,0.1541977,
2,61.24,2,3.095505,357.8078,-1.426203,0.4607335,6.18313,-7.6722,-34.0268,0.1547966,
2,61.25,2,3.096302,357.806,-1.427913,0.4611672,6.18313,-7.6722,-34.0268,0.1547966,
2,61.26,2,3.096491,357.7907,-1.429052,0.4615071,6.18313,-7.6722,-34.0268,0.1547966,
2,61.27,2,3.094097,357.786,-1.43096,0.4624806,6.18313,-7.6722,-34.0268,0.1547966,
2,61.28,2,3.093786,357.784,-1.429395,0.4620214,6.18313,-7.6722,-34.0268,0.1547966,
2,61.29,2,3.09793,357.7902,-1.427771,0.460879,6.18313,-7.6722,-34.0268,0.1547966,
2,61.3,2,3.095975,357.7815,-1.431158,0.4622639,6.18313,-7.6722,-34.0268,0.1547966,
2,61.31,2,3.095732,357.7898,-1.433754,0.463139,6.18313,-7.6722,-34.0268,0.1547966,
2,61.32,2,3.096763,357.7981,-1.434515,0.4632306,6.18313,-7.6722,-34.0268,0.1547966,
2,61.33,2,3.093882,357.7839,-1.432024,0.4628566,6.18313,-7.6722,-34.0268,0.1547966,
2,61.34,2,3.095732,357.7714,-1.431717,0.4624808,6.18313,-7.6722,-34.0268,0.1547966,
2,61.35,2,3.098519,357.7676,-1.432544,0.4623317,6.18313,-7.6722,-34.0268,0.1547966,
2,61.36,2,3.102423,357.7378,-1.435638,0.4627472,6.18313,-7.6722,-34.0268,0.1547966,
2,61.37,2,3.107367,357.7341,-1.438727,0.4630051,6.18313,-7.6722,-34.0268,0.1547966,
2,61.38,2,3.110294,357.6901,-1.440928,0.4632771,6.18313,-7.6722,-34.0268,0.1547966,
2,61.39,2,3.107626,357.7308,-1.438626,0.4629339,6.18313,-7.6722,-34.0268,0.1547966,
2,61.4,2,3.11045,357.7215,-1.437829,0.4622576,6.18313,-7.6722,-34.0268,0.1547966,
2,61.41,2,3.111501,357.7174,-1.437102,0.4618679,6.18313,-7.6722,-34.0268,0.1547966,
2,61.42,2,3.109493,357.7028,-1.439589,0.4629658,6.18313,-7.6722,-34.0268,0.1547966,
2,61.43,2,3.110083,357.7268,-1.442024,0.4636611,6.18313,-7.6722,-34.0268,0.1547966,
2,61.44,2,3.111557,357.7092,-1.442967,0.4637443,6.18313,-7.6722,-34.0268,0.1547966,
2,61.45,2,3.111233,357.7082,-1.441036,0.463172,6.18313,-7.6722,-34.0268,0.1547966,
2,61.46,2,3.11112,357.6986,-1.438717,0.4624433,6.1793,-7.6722,-34.0275,0.1554985,
2,61.47,2,3.111795,357.6977,-1.438838,0.4623819,6.1793,-7.6722,-34.0275,0.1554985,
2,61.48,2,3.107667,357.697,-1.43849,0.462884,6.1793,-7.6722,-34.0275,0.1554985,
2,61.49,2,3.109649,357.6906,-1.438385,0.4625556,6.1793,-7.6722,-34.0275,0.1554985,
2,61.5,2,3.109214,357.7119,-1.438251,0.4625771,6.1793,-7.6722,-34.0275,0.1554985,
2,61.51,2,3.108009,357.6874,-1.436592,0.4622226,6.1793,-7.6722,-34.0275,0.1554985,
2,61.52,2,3.108798,357.6803,-1.435025,0.4616013,6.1793,-7.6722,-34.0275,0.1554985,
2,61.53,2,3.109561,357.6831,-1.432799,0.4607722,6.1793,-7.6722,-34.0275,0.1554985,
2,61.54,2,3.112793,357.6737,-1.435589,0.46119,6.1793,-7.6722,-34.0275,0.1554985,
2,61.55,2,3.114448,357.6414,-1.438959,0.462027,6.1793,-7.6722,-34.0275,0.1554985,
2,61.56,2,3.11799,357.653,-1.440284,0.4619271,6.1793,-7.6722,-34.0275,0.1554985,
2,61.57,2,3.122988,357.6203,-1.44169,0.4616379,6.1793,-7.6722,-34.0275,0.1554985,
2,61.58,2,3.124799,357.6166,-1.44117,0.461204,6.1793,-7.6722,-34.0275,0.1554985,
2,61.59,2,3.122217,357.6199,-1.441311,0.4616306,6.1793,-7.6722,-34.0275,0.1554985,
2,61.6,2,3.124094,357.6101,-1.444289,0.4623067,6.1793,-7.6722,-34.0275,0.1554985,
2,61.61,2,3.125519,357.6303,-1.44286,0.4616385,6.1793,-7.6722,-34.0275,0.1554985,
2,61.62,2,3.12466,357.5976,-1.445454,0.4625958,6.1793,-7.6722,-34.0275,0.1554985,
2,61.63,2,3.125138,357.6009,-1.445085,0.4624068,6.1793,-7.6722,-34.0275,0.1554985,
2,61.64,2,3.125021,357.5886,-1.446739,0.4629535,6.17605,-7.6722,-34.0282,0.1561966,
2,61.65,2,3.123001,357.5876,-1.445836,0.4629637,6.17605,-7.6722,-34.0282,0.1561966,
2,61.66,2,3.124336,357.5969,-1.447654,0.4633477,6.17605,-7.6722,-34.0282,0.1561966,
2,61.67,2,3.123534,357.5875,-1.448208,0.4636439,6.17605,-7.6722,-34.0282,0.1561966,
2,61.68,2,3.123888,357.5811,-1.448843,0.4637946,6.17605,-7.6722,-34.0282,0.1561966,
2,61.69,2,3.122436,357.5843,-1.447603,0.4636132,6.17605,-7.6722,-34.0282,0.1561966,
2,61.7,2,3.122502,357.5837,-1.445126,0.4628102,6.17605,-7.6722,-34.0282,0.1561966,
2,61.71,2,3.121175,357.5731,-1.446236,0.4633628,6.17605,-7.6722,-34.0282,0.1561966,
2,61.72,2,3.119806,357.5706,-1.45031,0.4648718,6.17605,-7.6722,-34.0282,0.1561966,
2,61.73,2,3.120178,357.5388,-1.449254,0.4644779,6.17605,-7.6722,-34.0282,0.1561966,
2,61.74,2,3.12204,357.5634,-1.447581,0.4636652,6.17605,-7.6722,-34.0282,0.1561966,
2,61.75,2,3.121584,357.5575,-1.447697,0.46377,6.17605,-7.6722,-34.0282,0.1561966,
2,61.76,2,3.123263,357.5563,-1.446141,0.4630225,6.17605,-7.6722,-34.0282,0.1561966,
2,61.77,2,3.12859,357.527,-1.443533,0.4614003,6.17605,-7.6722,-34.0282,0.1561966,
2,61.78,2,3.128275,357.5223,-1.445284,0.4620067,6.17605,-7.6722,-34.0282,0.1561966,
2,61.79,2,3.130637,357.5134,-1.449352,0.4629576,6.17605,-7.6722,-34.0282,0.1561966,
2,61.8,2,3.132382,357.5152,-1.44765,0.4621564,6.17605,-7.6722,-34.0282,0.1561966,
2,61.81,2,3.131931,357.5122,-1.445654,0.4615857,6.17605,-7.6722,-34.0282,0.1561966,
2,61.82,2,3.134908,357.4989,-1.444851,0.460891,6.17605,-7.6722,-34.0282,0.1561966,
2,61.83,2,3.133266,357.5132,-1.44583,0.4614451,6.17605,-7.6722,-34.0282,0.1561966,
2,61.84,2,3.131842,357.4861,-1.450208,0.4630528,6.17605,-7.6722,-34.0282,0.1561966,
2,61.85,2,3.136417,357.4764,-1.449356,0.4621057,6.17605,-7.6722,-34.0282,0.1561966,
2,61.86,2,3.130649,357.4985,-1.447243,0.4622823,6.17605,-7.6722,-34.0282,0.1561966,
2,61.87,2,3.132313,357.4857,-1.448047,0.4622932,6.17605,-7.6722,-34.0282,0.1561966,
2,61.88,2,3.133201,357.4844,-1.449812,0.4627254,6.17605,-7.6722,-34.0282,0.1561966,
2,61.89,2,3.132753,357.4782,-1.449728,0.4627648,6.17605,-7.6722,-34.0282,0.1561966,
2,61.9,2,3.133017,357.4716,-1.452831,0.4637162,6.17605,-7.6722,-34.0282,0.1561966,
2,61.91,2,3.133595,357.4668,-1.454836,0.4642707,6.172,-7.6722,-34.0287,0.1567001,
2,61.92,2,3.132736,357.469,-1.454537,0.4643025,6.172,-7.6722,-34.0287,0.1567001,
2,61.93,2,3.132496,357.4706,-1.452472,0.463679,6.172,-7.6722,-34.0287,0.1567001,
2,61.94,2,3.132145,357.468,-1.451988,0.4635762,6.172,-7.6722,-34.0287,0.1567001,
2,61.95,2,3.131195,357.4669,-1.452695,0.4639427,6.172,-7.6722,-34.0287,0.1567001,
2,61.96,2,3.133565,357.4648,-1.454895,0.4642938,6.172,-7.6722,-34.0287,0.1567001,
2,61.97,2,3.13217,357.4966,-1.453556,0.4640731,6.172,-7.6722,-34.0287,0.1567001,
2,61.98,2,3.13261,357.4317,-1.453585,0.4640172,6.172,-7.6722,-34.0287,0.1567001,
2,61.99,2,3.130771,357.4709,-1.45296,0.4640903,6.172,-7.6722,-34.0287,0.1567001,
2,62,2,3.130226,357.4472,-1.452982,0.4641781,6.172,-7.6722,-34.0287,0.1567001,
2,62.01,2,3.131987,357.4478,-1.453942,0.4642236,6.172,-7.6722,-34.0287,0.1567001,
2,62.02,2,3.139202,357.4473,-1.456884,0.4640937,6.172,-7.6722,-34.0287,0.1567001,
2,62.03,2,3.138653,357.4381,-1.45775,0.4644509,6.172,-7.6722,-34.0287,0.1567001,
2,62.04,2,3.144807,357.4026,-1.458492,0.463778,6.172,-7.6722,-34.0287,0.1567001,
2,62.05,2,3.143214,357.4,-1.45728,0.4636275,6.172,-7.6722,-34.0287,0.1567001,
2,62.06,2,3.144871,357.4007,-1.454771,0.4625854,6.172,-7.6722,-34.0287,0.1567001,
2,62.07,2,3.144884,357.398,-1.454695,0.4625591,6.172,-7.6722,-34.0287,0.1567001,
2,62.08,2,3.143869,357.3954,-1.455019,0.4628114,6.172,-7.6722,-34.0287,0.1567001,
2,62.09,2,3.14663,357.3891,-1.455793,0.4626515,6.172,-7.6722,-34.0287,0.1567001,
2,62.1,2,3.142986,357.375,-1.453555,0.4624757,6.172,-7.6722,-34.0287,0.1567001,
2,62.11,2,3.145228,357.371,-1.450812,0.4612742,6.172,-7.6722,-34.0287,0.1567001,
2,62.12,2,3.14479,357.3702,-1.452352,0.4618278,6.172,-7.6722,-34.0287,0.1567001,
2,62.13,2,3.144758,357.3626,-1.45169,0.4616221,6.172,-7.6722,-34.0287,0.1567001,
2,62.14,2,3.147265,357.3659,-1.455027,0.4623146,6.172,-7.6722,-34.0287,0.1567001,
2,62.15,2,3.145904,357.3644,-1.455082,0.4625322,6.172,-7.6722,-34.0287,0.1567001,
2,62.16,2,3.144393,357.3546,-1.454262,0.4624936,6.172,-7.6722,-34.0287,0.1567001,
2,62.17,2,3.14466,357.356,-1.456403,0.4631353,6.16765,-7.6722,-34.0294,0.1573982,
2,62.18,2,3.14402,357.3514,-1.455305,0.4628802,6.16765,-7.6722,-34.0294,0.1573982,
2,62.19,2,3.141595,357.3504,-1.457519,0.4639425,6.16765,-7.6722,-34.0294,0.1573982,
2,62.2,2,3.143769,357.3441,-1.459037,0.4641044,6.16765,-7.6722,-34.0294,0.1573982,
2,62.21,2,3.142791,357.3387,-1.458642,0.4641233,6.16765,-7.6722,-34.0294,0.1573982,
2,62.22,2,3.144022,357.3275,-1.45823,0.4638105,6.16765,-7.6722,-34.0294,0.1573982,
2,62.23,2,3.143032,357.3416,-1.459232,0.4642754,6.16765,-7.6722,-34.0294,0.1573982,
2,62.24,2,3.143152,357.3314,-1.459653,0.4643917,6.16765,-7.6722,-34.0294,0.1573982,
2,62.25,2,3.142269,357.3227,-1.462292,0.4653617,6.16765,-7.6722,-34.0294,0.1573982,
2,62.26,2,3.143102,357.3195,-1.461876,0.4651062,6.16765,-7.6722,-34.0294,0.1573982,
2,62.27,2,3.14315,357.3241,-1.461914,0.465111,6.16765,-7.6722,-34.0294,0.1573982,
2,62.28,2,3.142038,357.323,-1.461788,0.4652357,6.16765,-7.6722,-34.0294,0.1573982,
2,62.29,2,3.143976,357.3216,-1.458681,0.4639605,6.16765,-7.6722,-34.0294,0.1573982,
2,62.3,2,3.150191,357.2968,-1.459952,0.4634488,6.16765,-7.6722,-34.0294,0.1573982,
2,62.31,2,3.152473,357.2876,-1.463747,0.4643171,6.16765,-7.6722,-34.0294,0.1573982,
2,62.32,2,3.156663,357.2996,-1.467933,0.465027,6.16765,-7.6722,-34.0294,0.1573982,
2,62.33,2,3.159916,357.2807,-1.465069,0.4636417,6.16765,-7.6722,-34.0294,0.1573982,
2,62.34,2,3.15766,357.2637,-1.465385,0.4640731,6.16765,-7.6722,-34.0294,0.1573982,
2,62.35,2,3.155682,357.2632,-1.462098,0.4633223,6.16765,-7.6722,-34.0294,0.1573982,
2,62.36,2,3.156963,357.2565,-1.463825,0.4636814,6.16765,-7.6722,-34.0294,0.1573982,
2,62.37,2,3.1567,357.2529,-1.463671,0.4636711,6.16765,-7.6722,-34.0294,0.1573982,
2,62.38,2,3.158024,357.2675,-1.465488,0.4640521,6.16765,-7.6722,-34.0294,0.1573982,
2,62.39,2,3.157562,357.2543,-1.462376,0.4631347,6.16305,-7.6722,-34.03,0.1579971,
2,62.4,2,3.156668,357.2604,-1.460037,0.4625248,6.16305,-7.6722,-34.03,0.1579971,
2,62.41,2,3.156975,357.2466,-1.457814,0.4617755,6.16305,-7.6722,-34.03,0.1579971,
2,62.42,2,3.158825,357.2369,-1.4604,0.4623237,6.16305,-7.6722,-34.03,0.1579971,
2,62.43,2,3.157113,357.2389,-1.462062,0.4631008,6.16305,-7.6722,-34.03,0.1579971,
2,62.44,2,3.155939,357.2411,-1.465488,0.4643587,6.16305,-7.6722,-34.03,0.1579971,
2,62.45,2,3.157927,357.2287,-1.465682,0.464128,6.16305,-7.6722,-34.03,0.1579971,
2,62.46,2,3.155299,357.2282,-1.465835,0.464563,6.16305,-7.6722,-34.03,0.1579971,
2,62.47,2,3.157046,357.2303,-1.466458,0.4645032,6.16305,-7.6722,-34.03,0.1579971,
2,62.48,2,3.155244,357.2269,-1.467249,0.4650193,6.16305,-7.6722,-34.03,0.1579971,
2,62.49,2,3.157066,357.2146,-1.46953,0.4654734,6.16305,-7.6722,-34.03,0.1579971,
2,62.5,2,3.156202,357.2119,-1.470753,0.4659882,6.16305,-7.6722,-34.03,0.1579971,
2,62.51,2,3.157166,357.2231,-1.469174,0.4653457,6.16305,-7.6722,-34.03,0.1579971,
2,62.52,2,3.161279,357.2046,-1.46837,0.4644862,6.16305,-7.6722,-34.03,0.1579971,
2,62.53,2,3.162004,357.1798,-1.470261,0.4649777,6.16305,-7.6722,-34.03,0.1579971,
2,62.54,2,3.165741,357.1623,-1.470094,0.4643758,6.16305,-7.6722,-34.03,0.1579971,
2,62.55,2,3.170557,357.1698,-1.472771,0.464515,6.16305,-7.6722,-34.03,0.1579971,
2,62.56,2,3.169149,357.1396,-1.47557,0.4656046,6.16305,-7.6722,-34.03,0.1579971,
2,62.57,2,3.170111,357.168,-1.474927,0.4652604,6.16305,-7.6722,-34.03,0.1579971,
2,62.58,2,3.168974,357.1643,-1.473472,0.4649681,6.16305,-7.6722,-34.03,0.1579971,
2,62.59,2,3.1681,357.1605,-1.473328,0.465051,6.16305,-7.6722,-34.03,0.1579971,
2,62.6,2,3.16942,357.14,-1.476394,0.4658248,6.16305,-7.6722,-34.03,0.1579971,
2,62.61,2,3.169744,357.1575,-1.478408,0.4664124,6.16305,-7.6722,-34.03,0.1579971,
2,62.62,2,3.168677,357.1131,-1.476846,0.4660765,6.16305,-7.6722,-34.03,0.1579971,
2,62.63,2,3.167966,357.1523,-1.475569,0.4657783,6.16305,-7.6722,-34.03,0.1579971,
2,62.64,2,3.168696,357.1461,-1.473556,0.4650354,6.15922,-7.6722,-34.0306,0.1585999,
2,62.65,2,3.169889,357.144,-1.473644,0.4648883,6.15922,-7.6722,-34.0306,0.1585999,
2,62.66,2,3.171053,357.1358,-1.473396,0.4646392,6.15922,-7.6722,-34.0306,0.1585999,
2,62.67,2,3.170478,357.1326,-1.474003,0.4649151,6.15922,-7.6722,-34.0306,0.1585999,
2,62.68,2,3.167541,357.1212,-1.473804,0.4652835,6.15922,-7.6722,-34.0306,0.1585999,
2,62.69,2,3.169704,357.1288,-1.471758,0.4643204,6.15922,-7.6722,-34.0306,0.1585999,
2,62.7,2,3.169258,357.1199,-1.470853,0.4641,6.15922,-7.6722,-34.0306,0.1585999,
2,62.71,2,3.167518,357.1201,-1.471337,0.4645079,6.15922,-7.6722,-34.0306,0.1585999,
2,62.72,2,3.167309,357.11,-1.472924,0.4650397,6.15922,-7.6722,-34.0306,0.1585999,
2,62.73,2,3.166162,357.1149,-1.473745,0.4654673,6.15922,-7.6722,-34.0306,0.1585999,
2,62.74,2,3.167838,357.1045,-1.476867,0.4662067,6.15922,-7.6722,-34.0306,0.1585999,
2,62.75,2,3.168766,357.1162,-1.474229,0.4652376,6.15922,-7.6722,-34.0306,0.1585999,
2,62.76,2,3.174951,357.0915,-1.473997,0.4642583,6.15922,-7.6722,-34.0306,0.1585999,
2,62.77,2,3.17617,357.0673,-1.474562,0.4642578,6.15922,-7.6722,-34.0306,0.1585999,
2,62.78,2,3.180725,357.0496,-1.475675,0.463943,6.15922,-7.6722,-34.0306,0.1585999,
2,62.79,2,3.183135,357.0396,-1.47936,0.4647492,6.15922,-7.6722,-34.0306,0.1585999,
2,62.8,2,3.186201,357.075,-1.480266,0.4645865,6.15922,-7.6722,-34.0306,0.1585999,
2,62.81,2,3.183076,357.0496,-1.480103,0.4649914,6.15922,-7.6722,-34.0306,0.1585999,
2,62.82,2,3.182642,357.0412,-1.478944,0.4646906,6.15922,-7.6722,-34.0306,0.1585999,
2,62.83,2,3.184825,357.0436,-1.479481,0.4645408,6.15922,-7.6722,-34.0306,0.1585999,
2,62.84,2,3.1815,357.0507,-1.481667,0.4657131,6.15922,-7.6722,-34.0306,0.1585999,
2,62.85,2,3.179925,357.0452,-1.4849,0.4669608,6.15922,-7.6722,-34.0306,0.1585999,
2,62.86,2,3.180297,357.0243,-1.484293,0.4667151,6.15922,-7.6722,-34.0306,0.1585999,
2,62.87,2,3.182515,357.0301,-1.483313,0.4660819,6.15922,-7.6722,-34.0306,0.1585999,
2,62.88,2,3.180541,357.0295,-1.482255,0.4660387,6.15922,-7.6722,-34.0306,0.1585999,
2,62.89,2,3.183108,357.0194,-1.482692,0.4658002,6.15922,-7.6722,-34.0306,0.1585999,
2,62.9,2,3.183055,357.0175,-1.483014,0.4659089,6.15518,-7.6722,-34.0313,0.1592979,
2,62.91,2,3.183088,357.006,-1.483938,0.4661946,6.15518,-7.6722,-34.0313,0.1592979,
2,62.92,2,3.183529,357.0071,-1.483712,0.4660588,6.15518,-7.6722,-34.0313,0.1592979,
2,62.93,2,3.181586,357.019,-1.482607,0.4659964,6.15518,-7.6722,-34.0313,0.1592979,
2,62.94,2,3.18231,357.013,-1.47991,0.4650427,6.15518,-7.6722,-34.0313,0.1592979,
2,62.95,2,3.182876,357.0133,-1.481098,0.4653334,6.15518,-7.6722,-34.0313,0.1592979,
2,62.96,2,3.182881,357.013,-1.480821,0.4652453,6.15518,-7.6722,-34.0313,0.1592979,
2,62.97,2,3.180548,356.9944,-1.482282,0.4660461,6.15518,-7.6722,-34.0313,0.1592979,
2,62.98,2,3.180323,356.9965,-1.480814,0.4656175,6.15518,-7.6722,-34.0313,0.1592979,
2,62.99,2,3.18356,356.9955,-1.477067,0.4639671,6.15518,-7.6722,-34.0313,0.1592979,
2,63,2,3.189248,356.9816,-1.47604,0.4628174,6.15518,-7.6722,-34.0313,0.1592979,
2,63.01,2,3.18902,356.968,-1.477347,0.4632605,6.15518,-7.6722,-34.0313,0.1592979,
2,63.02,2,3.193599,356.953,-1.481081,0.4637655,6.15518,-7.6722,-34.0313,0.1592979,
2,63.03,2,3.196029,356.9199,-1.482202,0.4637637,6.15518,-7.6722,-34.0313,0.1592979,
2,63.04,2,3.196468,356.9387,-1.483836,0.4642112,6.15518,-7.6722,-34.0313,0.1592979,
2,63.05,2,3.195789,356.9242,-1.48482,0.4646176,6.15518,-7.6722,-34.0313,0.1592979,
2,63.06,2,3.19576,356.9268,-1.485147,0.4647242,6.15518,-7.6722,-34.0313,0.1592979,
2,63.07,2,3.195457,356.9164,-1.485372,0.4648388,6.15518,-7.6722,-34.0313,0.1592979,
2,63.08,2,3.192428,356.9295,-1.487939,0.4660839,6.15518,-7.6722,-34.0313,0.1592979,
2,63.09,2,3.192812,356.9315,-1.489482,0.4665111,6.15518,-7.6722,-34.0313,0.1592979,
2,63.1,2,3.195126,356.919,-1.486075,0.465107,6.15518,-7.6722,-34.0313,0.1592979,
2,63.11,2,3.193769,356.9212,-1.487951,0.4658918,6.1511,-7.6722,-34.0319,0.1598969,
2,63.12,2,3.195687,356.9062,-1.488446,0.4657671,6.1511,-7.6722,-34.0319,0.1598969,
2,63.13,2,3.192252,356.9028,-1.489242,0.4665177,6.1511,-7.6722,-34.0319,0.1598969,
2,63.14,2,3.195238,356.9123,-1.488702,0.4659127,6.1511,-7.6722,-34.0319,0.1598969,
2,63.15,2,3.194764,356.8751,-1.490099,0.4664192,6.1511,-7.6722,-34.0319,0.1598969,
2,63.16,2,3.194055,356.9129,-1.490195,0.4665528,6.1511,-7.6722,-34.0319,0.1598969,
2,63.17,2,3.19452,356.8937,-1.488678,0.4660098,6.1511,-7.6722,-34.0319,0.1598969,
2,63.18,2,3.193212,356.9125,-1.490926,0.4669049,6.1511,-7.6722,-34.0319,0.1598969,
2,63.19,2,3.195292,356.8908,-1.489858,0.4662668,6.1511,-7.6722,-34.0319,0.1598969,
2,63.2,2,3.192564,356.9005,-1.49049,0.4668632,6.1511,-7.6722,-34.0319,0.1598969,
2,63.21,2,3.193004,356.9355,-1.492084,0.4672977,6.1511,-7.6722,-34.0319,0.1598969,
2,63.22,2,3.193521,356.8923,-1.489307,0.4663526,6.1511,-7.6722,-34.0319,0.1598969,
2,63.23,2,3.194519,356.8822,-1.487553,0.465658,6.1511,-7.6722,-34.0319,0.1598969,
2,63.24,2,3.198176,356.8638,-1.485634,0.4645255,6.1511,-7.6722,-34.0319,0.1598969,
2,63.25,2,3.200899,356.8461,-1.486929,0.4645347,6.1511,-7.6722,-34.0319,0.1598969,
2,63.26,2,3.206251,356.8386,-1.48661,0.4636598,6.1511,-7.6722,-34.0319,0.1598969,
2,63.27,2,3.207296,356.8152,-1.489536,0.4644212,6.1511,-7.6722,-34.0319,0.1598969,
2,63.28,2,3.207023,356.8162,-1.485347,0.4631544,6.1511,-7.6722,-34.0319,0.1598969,
2,63.29,2,3.207112,356.8162,-1.487712,0.463879,6.1511,-7.6722,-34.0319,0.1598969,
2,63.3,2,3.205311,356.8098,-1.487422,0.4640492,6.1511,-7.6722,-34.0319,0.1598969,
2,63.31,2,3.205506,356.8212,-1.489066,0.4645339,6.1511,-7.6722,-34.0319,0.1598969,
2,63.32,2,3.205581,356.8102,-1.4897,0.4647209,6.1511,-7.6722,-34.0319,0.1598969,
2,63.33,2,3.20664,356.8241,-1.492097,0.4653149,6.1511,-7.6722,-34.0319,0.1598969,
2,63.34,2,3.207212,356.7975,-1.492523,0.4653648,6.1511,-7.6722,-34.0319,0.1598969,
2,63.35,2,3.206539,356.7924,-1.490209,0.4647405,6.1511,-7.6722,-34.0319,0.1598969,
2,63.36,2,3.205557,356.7931,-1.490294,0.4649094,6.1511,-7.6722,-34.0319,0.1598969,
2,63.37,2,3.207341,356.7845,-1.491663,0.4650778,6.1511,-7.6722,-34.0319,0.1598969,
2,63.38,2,3.207964,356.8176,-1.493746,0.4656366,6.1511,-7.6722,-34.0319,0.1598969,
2,63.39,2,3.206784,356.755,-1.494017,0.4658927,6.14705,-7.6722,-34.0326,0.1605988,
2,63.4,2,3.205881,356.7797,-1.492846,0.4656586,6.14705,-7.6722,-34.0326,0.1605988,
2,63.41,2,3.206343,356.7778,-1.492025,0.4653355,6.14705,-7.6722,-34.0326,0.1605988,
2,63.42,2,3.205352,356.7674,-1.49427,0.4661798,6.14705,-7.6722,-34.0326,0.1605988,
2,63.43,2,3.205516,356.7683,-1.497182,0.4670642,6.14705,-7.6722,-34.0326,0.1605988,
2,63.44,2,3.206134,356.7675,-1.497952,0.4672144,6.14705,-7.6722,-34.0326,0.1605988,
2,63.45,2,3.20495,356.7722,-1.499511,0.4678735,6.14705,-7.6722,-34.0326,0.1605988,
2,63.46,2,3.204205,356.7698,-1.496403,0.4670124,6.14705,-7.6722,-34.0326,0.1605988,
2,63.47,2,3.203461,356.7711,-1.494763,0.4666088,6.14705,-7.6722,-34.0326,0.1605988,
2,63.48,2,3.205029,356.7713,-1.495925,0.4667431,6.14705,-7.6722,-34.0326,0.1605988,
2,63.49,2,3.20332,356.7678,-1.498208,0.4677047,6.14705,-7.6722,-34.0326,0.1605988,
2,63.5,2,3.204257,356.7485,-1.497159,0.4672407,6.14705,-7.6722,-34.0326,0.1605988,
2,63.51,2,3.208439,356.7624,-1.495982,0.4662649,6.14705,-7.6722,-34.0326,0.1605988,
2,63.52,2,3.21281,356.7216,-1.494157,0.4650622,6.14705,-7.6722,-34.0326,0.1605988,
2,63.53,2,3.216895,356.7088,-1.492782,0.4640443,6.14705,-7.6722,-34.0326,0.1605988,
2,63.54,2,3.218233,356.6954,-1.495558,0.4647139,6.14705,-7.6722,-34.0326,0.1605988,
2,63.55,2,3.216659,356.6955,-1.4969,0.4653586,6.14705,-7.6722,-34.0326,0.1605988,
2,63.56,2,3.218385,356.7077,-1.495687,0.4647322,6.14705,-7.6722,-34.0326,0.1605988,
2,63.57,2,3.218622,356.6967,-1.497841,0.4653671,6.14705,-7.6722,-34.0326,0.1605988,
2,63.58,2,3.21826,356.6999,-1.496684,0.46506,6.14705,-7.6722,-34.0326,0.1605988,
2,63.59,2,3.219603,356.692,-1.49205,0.4634269,6.14705,-7.6722,-34.0326,0.1605988,
2,63.6,2,3.219378,356.6894,-1.494443,0.4642024,6.14705,-7.6722,-34.0326,0.1605988,
2,63.61,2,3.217442,356.6748,-1.497354,0.4653866,6.14705,-7.6722,-34.0326,0.1605988,
2,63.62,2,3.217276,356.6988,-1.498105,0.465644,6.14705,-7.6722,-34.0326,0.1605988,
2,63.63,2,3.218398,356.6861,-1.498374,0.4655651,6.14705,-7.6722,-34.0326,0.1605988,
2,63.64,2,3.219411,356.669,-1.497636,0.4651894,6.14705,-7.6722,-34.0326,0.1605988,
2,63.65,2,3.216217,356.6748,-1.495686,0.465045,6.14245,-7.6722,-34.0332,0.1611977,
2,63.66,2,3.218049,356.6632,-1.49913,0.4658507,6.14245,-7.6722,-34.0332,0.1611977,
2,63.67,2,3.218139,356.6575,-1.501217,0.4664862,6.14245,-7.6722,-34.0332,0.1611977,
2,63.68,2,3.218622,356.6552,-1.500594,0.4662223,6.14245,-7.6722,-34.0332,0.1611977,
2,63.69,2,3.219978,356.6571,-1.500127,0.465881,6.14245,-7.6722,-34.0332,0.1611977,
2,63.7,2,3.217499,356.6533,-1.501288,0.4666007,6.14245,-7.6722,-34.0332,0.1611977,
2,63.71,2,3.21902,356.66,-1.4991,0.4657008,6.14245,-7.6722,-34.0332,0.1611977,
2,63.72,2,3.219558,356.6588,-1.499823,0.4658475,6.14245,-7.6722,-34.0332,0.1611977,
2,63.73,2,3.219002,356.6528,-1.503246,0.4669914,6.14245,-7.6722,-34.0332,0.1611977,
2,63.74,2,3.219049,356.6973,-1.503268,0.4669913,6.14245,-7.6722,-34.0332,0.1611977,
2,63.75,2,3.22613,356.6273,-1.503059,0.4659014,6.14245,-7.6722,-34.0332,0.1611977,
2,63.76,2,3.226122,356.6133,-1.501549,0.4654346,6.14245,-7.6722,-34.0332,0.1611977,
2,63.77,2,3.230638,356.607,-1.505226,0.4659223,6.14245,-7.6722,-34.0332,0.1611977,
2,63.78,2,3.232674,356.5953,-1.505573,0.4657359,6.14245,-7.6722,-34.0332,0.1611977,
2,63.79,2,3.232126,356.5833,-1.509141,0.4669188,6.14245,-7.6722,-34.0332,0.1611977,
2,63.8,2,3.233178,356.5752,-1.510426,0.4671643,6.14245,-7.6722,-34.0332,0.1611977,
2,63.81,2,3.232032,356.5797,-1.508375,0.4666955,6.14245,-7.6722,-34.0332,0.1611977,
2,63.82,2,3.233171,356.585,-1.506682,0.4660076,6.14245,-7.6722,-34.0332,0.1611977,
2,63.83,2,3.232637,356.5816,-1.503559,0.4651185,6.14245,-7.6722,-34.0332,0.1611977,
2,63.84,2,3.231449,356.5695,-1.505223,0.4658043,6.14245,-7.6722,-34.0332,0.1611977,
2,63.85,2,3.231422,356.5792,-1.50764,0.4665563,6.14245,-7.6722,-34.0332,0.1611977,
2,63.86,2,3.23304,356.5429,-1.505568,0.4656819,6.14245,-7.6722,-34.0332,0.1611977,
2,63.87,2,3.231726,356.5577,-1.502162,0.4648173,6.14245,-7.6722,-34.0332,0.1611977,
2,63.88,2,3.232828,356.5581,-1.500897,0.4642674,6.14245,-7.6722,-34.0332,0.1611977,
2,63.89,2,3.234286,356.5614,-1.501534,0.4642552,6.13837,-7.6722,-34.0338,0.1617966,
2,63.9,2,3.230633,356.5556,-1.50304,0.4652462,6.13837,-7.6722,-34.0338,0.1617966,
2,63.91,2,3.232918,356.5524,-1.506048,0.465848,6.13837,-7.6722,-34.0338,0.1617966,
2,63.92,2,3.230356,356.5349,-1.505087,0.4659199,6.13837,-7.6722,-34.0338,0.1617966,
2,63.93,2,3.231428,356.5526,-1.504611,0.4656179,6.13837,-7.6722,-34.0338,0.1617966,
2,63.94,2,3.232501,356.5405,-1.504357,0.4653847,6.13837,-7.6722,-34.0338,0.1617966,
2,63.95,2,3.232224,356.5408,-1.503601,0.4651909,6.13837,-7.6722,-34.0338,0.1617966,
2,63.96,2,3.231708,356.5363,-1.506217,0.4660746,6.13837,-7.6722,-34.0338,0.1617966,
2,63.97,2,3.231996,356.5155,-1.507274,0.4663601,6.13837,-7.6722,-34.0338,0.1617966,
2,63.98,2,3.230348,356.5363,-1.508073,0.4668455,6.13837,-7.6722,-34.0338,0.1617966,
2,63.99,2,3.231793,356.5308,-1.506833,0.4662529,6.13837,-7.6722,-34.0338,0.1617966,
2,64,2,3.232816,356.5255,-1.508885,0.4667401,6.13837,-7.6722,-34.0338,0.1617966,
2,64.01,2,3.237845,356.507,-1.510824,0.466614,6.13837,-7.6722,-34.0338,0.1617966,
2,64.02,2,3.241509,356.4937,-1.512983,0.4667527,6.13837,-7.6722,-34.0338,0.1617966,
2,64.03,2,3.243228,356.4857,-1.516468,0.4675798,6.13837,-7.6722,-34.0338,0.1617966,
2,64.04,2,3.246665,356.4844,-1.514626,0.4665175,6.13837,-7.6722,-34.0338,0.1617966,
2,64.05,2,3.24579,356.4704,-1.514282,0.4665373,6.13837,-7.6722,-34.0338,0.1617966,
2,64.06,2,3.245686,356.4653,-1.513248,0.4662337,6.13837,-7.6722,-34.0338,0.1617966,
2,64.07,2,3.243462,356.4584,-1.513119,0.4665137,6.13837,-7.6722,-34.0338,0.1617966,
2,64.08,2,3.242715,356.4678,-1.515346,0.4673077,6.13837,-7.6722,-34.0338,0.1617966,
2,64.09,2,3.245255,356.4941,-1.515237,0.4669085,6.13837,-7.6722,-34.0338,0.1617966,
2,64.1,2,3.242437,356.4607,-1.515036,0.4672522,6.13837,-7.6722,-34.0338,0.1617966,
2,64.11,2,3.244087,356.4619,-1.514686,0.4669067,6.13837,-7.6722,-34.0338,0.1617966,
2,64.12,2,3.244103,356.4587,-1.513337,0.4664885,6.13837,-7.6722,-34.0338,0.1617966,
2,64.13,2,3.243725,356.4491,-1.51187,0.4660908,6.13837,-7.6722,-34.0338,0.1617966,
2,64.14,2,3.24447,356.4419,-1.515038,0.4669601,6.1343,-7.6722,-34.0345,0.1624985,
2,64.15,2,3.243637,356.4465,-1.515141,0.4671119,6.1343,-7.6722,-34.0345,0.1624985,
2,64.16,2,3.242495,356.4494,-1.511756,0.4662324,6.1343,-7.6722,-34.0345,0.1624985,
2,64.17,2,3.244103,356.4354,-1.511823,0.466022,6.1343,-7.6722,-34.0345,0.1624985,
2,64.18,2,3.242901,356.4362,-1.512362,0.4663609,6.1343,-7.6722,-34.0345,0.1624985,
2,64.19,2,3.243001,356.4332,-1.510621,0.4658097,6.1343,-7.6722,-34.0345,0.1624985,
2,64.2,2,3.242066,356.4299,-1.514355,0.4670957,6.1343,-7.6722,-34.0345,0.1624985,
2,64.21,2,3.243897,356.4268,-1.514514,0.466881,6.1343,-7.6722,-34.0345,0.1624985,
2,64.22,2,3.243165,356.4117,-1.512189,0.4662695,6.1343,-7.6722,-34.0345,0.1624985,
2,64.23,2,3.242239,356.4108,-1.513343,0.4667587,6.1343,-7.6722,-34.0345,0.1624985,
2,64.24,2,3.244098,356.433,-1.512676,0.4662854,6.1343,-7.6722,-34.0345,0.1624985,
2,64.25,2,3.249686,356.3887,-1.513756,0.465816,6.1343,-7.6722,-34.0345,0.1624985,
2,64.26,2,3.251364,356.38,-1.516477,0.4664125,6.1343,-7.6722,-34.0345,0.1624985,
2,64.27,2,3.254654,356.3742,-1.518613,0.4665972,6.1343,-7.6722,-34.0345,0.1624985,
2,64.28,2,3.257062,356.3568,-1.518655,0.4662654,6.1343,-7.6722,-34.0345,0.1624985,
2,64.29,2,3.258056,356.3612,-1.519158,0.4662776,6.1343,-7.6722,-34.0345,0.1624985,
2,64.3,2,3.257053,356.3536,-1.519338,0.4664762,6.1343,-7.6722,-34.0345,0.1624985,
2,64.31,2,3.254989,356.3524,-1.520624,0.4671673,6.1343,-7.6722,-34.0345,0.1624985,
2,64.32,2,3.25596,356.3581,-1.520556,0.467007,6.1343,-7.6722,-34.0345,0.1624985,
2,64.33,2,3.256518,356.3083,-1.523191,0.4677362,6.1343,-7.6722,-34.0345,0.1624985,
2,64.34,2,3.255888,356.3758,-1.52203,0.46747,6.1343,-7.6722,-34.0345,0.1624985,
2,64.35,2,3.254943,356.3353,-1.519592,0.4668569,6.1343,-7.6722,-34.0345,0.1624985,
2,64.36,2,3.257676,356.3556,-1.520876,0.4668591,6.1343,-7.6722,-34.0345,0.1624985,
2,64.37,2,3.257698,356.3368,-1.52114,0.4669372,6.12997,-7.6722,-34.0351,0.1630974,
2,64.38,2,3.256968,356.349,-1.521759,0.4672318,6.12997,-7.6722,-34.0351,0.1630974,
2,64.39,2,3.25553,356.3304,-1.523583,0.4679985,6.12997,-7.6722,-34.0351,0.1630974,
2,64.4,2,3.255162,356.3329,-1.522043,0.4675782,6.12997,-7.6722,-34.0351,0.1630974,
2,64.41,2,3.257619,356.3264,-1.520767,0.4668339,6.12997,-7.6722,-34.0351,0.1630974,
2,64.42,2,3.256781,356.3233,-1.52,0.4667183,6.12997,-7.6722,-34.0351,0.1630974,
2,64.43,2,3.25468,356.3225,-1.521522,0.4674875,6.12997,-7.6722,-34.0351,0.1630974,
2,64.44,2,3.255388,356.3018,-1.521679,0.4674339,6.12997,-7.6722,-34.0351,0.1630974,
2,64.45,2,3.256107,356.307,-1.5199,0.4667843,6.12997,-7.6722,-34.0351,0.1630974,
2,64.46,2,3.255294,356.3148,-1.51652,0.4658628,6.12997,-7.6722,-34.0351,0.1630974,
2,64.47,2,3.253942,356.3119,-1.516952,0.4661888,6.12997,-7.6722,-34.0351,0.1630974,
2,64.48,2,3.25927,356.3118,-1.517295,0.4655322,6.12997,-7.6722,-34.0351,0.1630974,
2,64.49,2,3.263731,356.2909,-1.515991,0.4644964,6.12997,-7.6722,-34.0351,0.1630974,
2,64.5,2,3.264346,356.2706,-1.519422,0.4654597,6.12997,-7.6722,-34.0351,0.1630974,
2,64.51,2,3.266981,356.2668,-1.52231,0.4659685,6.12997,-7.6722,-34.0351,0.1630974,
2,64.52,2,3.27053,356.2581,-1.524442,0.4661147,6.12997,-7.6722,-34.0351,0.1630974,
2,64.53,2,3.269927,356.2411,-1.523384,0.4658771,6.12997,-7.6722,-34.0351,0.1630974,
2,64.54,2,3.268965,356.2481,-1.52276,0.4658233,6.12997,-7.6722,-34.0351,0.1630974,
2,64.55,2,3.270034,356.237,-1.524243,0.4661245,6.12997,-7.6722,-34.0351,0.1630974,
2,64.56,2,3.270164,356.248,-1.526931,0.4669279,6.12997,-7.6722,-34.0351,0.1630974,
2,64.57,2,3.267827,356.2285,-1.526885,0.4672478,6.12997,-7.6722,-34.0351,0.1630974,
2,64.58,2,3.269787,356.2272,-1.525346,0.466497,6.12997,-7.6722,-34.0351,0.1630974,
2,64.59,2,3.269508,356.2326,-1.527229,0.4671127,6.12997,-7.6722,-34.0351,0.1630974,
2,64.6,2,3.268275,356.2169,-1.528555,0.4676947,6.12997,-7.6722,-34.0351,0.1630974,
2,64.61,2,3.268461,356.2248,-1.529486,0.4679531,6.1259,-7.6722,-34.0358,0.1637993,
2,64.62,2,3.267824,356.2209,-1.529631,0.4680887,6.1259,-7.6722,-34.0358,0.1637993,
2,64.63,2,3.266434,356.2099,-1.53131,0.4688017,6.1259,-7.6722,-34.0358,0.1637993,
2,64.64,2,3.269238,356.2116,-1.530124,0.4680368,6.1259,-7.6722,-34.0358,0.1637993,
2,64.65,2,3.269557,356.2144,-1.528925,0.4676245,6.1259,-7.6722,-34.0358,0.1637993,
2,64.66,2,3.269571,356.2087,-1.529106,0.4676778,6.1259,-7.6722,-34.0358,0.1637993,
2,64.67,2,3.269423,356.2015,-1.532285,0.4686714,6.1259,-7.6722,-34.0358,0.1637993,
2,64.68,2,3.269593,356.1634,-1.531067,0.4682744,6.1259,-7.6722,-34.0358,0.1637993,
2,64.69,2,3.269567,356.1949,-1.530085,0.4679778,6.1259,-7.6722,-34.0358,0.1637993,
2,64.7,2,3.269241,356.1934,-1.526891,0.4670474,6.1259,-7.6722,-34.0358,0.1637993,
2,64.71,2,3.269745,356.1886,-1.526063,0.4667224,6.1259,-7.6722,-34.0358,0.1637993,
2,64.72,2,3.269111,356.1872,-1.528212,0.46747,6.1259,-7.6722,-34.0358,0.1637993,
2,64.73,2,3.27657,356.1781,-1.525567,0.4655989,6.1259,-7.6722,-34.0358,0.1637993,
2,64.74,2,3.277376,356.1522,-1.529671,0.4667367,6.1259,-7.6722,-34.0358,0.1637993,
2,64.75,2,3.280608,356.1381,-1.529315,0.4661683,6.1259,-7.6722,-34.0358,0.1637993,
2,64.76,2,3.283727,356.1383,-1.527175,0.4650739,6.1259,-7.6722,-34.0358,0.1637993,
2,64.77,2,3.282723,356.1462,-1.525648,0.4647506,6.1259,-7.6722,-34.0358,0.1637993,
2,64.78,2,3.280937,356.1267,-1.527061,0.4654343,6.1259,-7.6722,-34.0358,0.1637993,
2,64.79,2,3.283754,356.1307,-1.528852,0.4655806,6.1259,-7.6722,-34.0358,0.1637993,
2,64.8,2,3.282249,356.1006,-1.529143,0.4658827,6.1259,-7.6722,-34.0358,0.1637993,
2,64.81,2,3.281865,356.1187,-1.5323,0.4668991,6.1259,-7.6722,-34.0358,0.1637993,
2,64.82,2,3.282945,356.1142,-1.53026,0.4661241,6.1259,-7.6722,-34.0358,0.1637993,
2,64.83,2,3.282224,356.1082,-1.531144,0.466496,6.1259,-7.6722,-34.0358,0.1637993,
2,64.84,2,3.284382,356.1115,-1.532747,0.4666774,6.1259,-7.6722,-34.0358,0.1637993,
2,64.85,2,3.281993,356.1093,-1.535145,0.4677478,6.1259,-7.6722,-34.0358,0.1637993,
2,64.86,2,3.281089,356.1049,-1.535186,0.4678892,6.1259,-7.6722,-34.0358,0.1637993,
2,64.87,2,3.28077,356.1013,-1.534952,0.4678632,6.1221,-7.6722,-34.0364,0.1643982,
2,64.88,2,3.280654,356.0959,-1.53225,0.4670562,6.1221,-7.6722,-34.0364,0.1643982,
2,64.89,2,3.280617,356.0958,-1.534669,0.4677989,6.1221,-7.6722,-34.0364,0.1643982,
2,64.9,2,3.280401,356.0962,-1.534429,0.4677565,6.1221,-7.6722,-34.0364,0.1643982,
2,64.91,2,3.280856,356.086,-1.534815,0.4678092,6.1221,-7.6722,-34.0364,0.1643982,
2,64.92,2,3.28266,356.1281,-1.537346,0.4683233,6.1221,-7.6722,-34.0364,0.1643982,
2,64.93,2,3.281396,356.0637,-1.536917,0.4683729,6.1221,-7.6722,-34.0364,0.1643982,
2,64.94,2,3.278802,356.0937,-1.534158,0.4679019,6.1221,-7.6722,-34.0364,0.1643982,
2,64.95,2,3.279905,356.0796,-1.534462,0.4678372,6.1221,-7.6722,-34.0364,0.1643982,
2,64.96,2,3.282103,356.0656,-1.535527,0.4678484,6.1221,-7.6722,-34.0364,0.1643982,
2,64.97,2,3.282054,356.0839,-1.536172,0.468052,6.1221,-7.6722,-34.0364,0.1643982,
2,64.98,2,3.284958,356.1126,-1.538225,0.4682631,6.1221,-7.6722,-34.0364,0.1643982,
2,64.99,2,3.285774,356.0483,-1.537621,0.467963,6.1221,-7.6722,-34.0364,0.1643982,
2,65,2,3.293167,356.0376,-1.535614,0.466303,6.1221,-7.6722,-34.0364,0.1643982,
2,65.01,2,3.293044,356.0222,-1.535552,0.4663018,6.1221,-7.6722,-34.0364,0.1643982,
2,65.02,2,3.294209,356.0171,-1.538796,0.4671215,6.1221,-7.6722,-34.0364,0.1643982,
2,65.03,2,3.291911,356.0255,-1.537538,0.4670655,6.1221,-7.6722,-34.0364,0.1643982,
2,65.04,2,3.295839,356.0154,-1.537825,0.4665957,6.1221,-7.6722,-34.0364,0.1643982,
2,65.05,2,3.29573,356.0018,-1.53736,0.4664702,6.1221,-7.6722,-34.0364,0.1643982,
2,65.06,2,3.293921,356.0005,-1.533841,0.4656582,6.1221,-7.6722,-34.0364,0.1643982,
2,65.07,2,3.29449,356.0007,-1.534236,0.4656976,6.1221,-7.6722,-34.0364,0.1643982,
2,65.08,2,3.292672,355.9994,-1.536747,0.4667174,6.1221,-7.6722,-34.0364,0.1643982,
2,65.09,2,3.292071,355.9879,-1.537789,0.4671192,6.1221,-7.6722,-34.0364,0.1643982,
2,65.1,2,3.292023,356.0008,-1.539008,0.467496,6.1221,-7.6722,-34.0364,0.1643982,
2,65.11,2,3.292673,355.9818,-1.539359,0.4675105,6.1221,-7.6722,-34.0364,0.1643982,
2,65.12,2,3.29281,355.9837,-1.538682,0.4672854,6.1221,-7.6722,-34.0364,0.1643982,
2,65.13,2,3.293344,355.975,-1.538813,0.4672495,6.1175,-7.6722,-34.037,0.1649971,
2,65.14,2,3.291117,355.9767,-1.540466,0.4680679,6.1175,-7.6722,-34.037,0.1649971,
2,65.15,2,3.290539,355.9837,-1.541933,0.4685961,6.1175,-7.6722,-34.037,0.1649971,
2,65.16,2,3.291682,355.9586,-1.541654,0.4683484,6.1175,-7.6722,-34.037,0.1649971,
2,65.17,2,3.291944,355.9698,-1.541095,0.4681415,6.1175,-7.6722,-34.037,0.1649971,
2,65.18,2,3.292131,355.9672,-1.540973,0.4680775,6.1175,-7.6722,-34.037,0.1649971,
2,65.19,2,3.294199,355.9557,-1.541786,0.4680308,6.1175,-7.6722,-34.037,0.1649971,
2,65.2,2,3.291992,355.9609,-1.544528,0.4691774,6.1175,-7.6722,-34.037,0.1649971,
2,65.21,2,3.292783,355.9504,-1.547098,0.4698451,6.1175,-7.6722,-34.037,0.1649971,
2,65.22,2,3.291276,355.9568,-1.545908,0.4696988,6.1175,-7.6722,-34.037,0.1649971,
2,65.23,2,3.291143,355.9592,-1.544651,0.4693357,6.1175,-7.6722,-34.037,0.1649971,
2,65.24,2,3.292277,355.9499,-1.543594,0.4688532,6.1175,-7.6722,-34.037,0.1649971,
2,65.25,2,3.297598,355.9508,-1.543281,0.4680016,6.1175,-7.6722,-34.037,0.1649971,
2,65.26,2,3.299072,355.9365,-1.544938,0.4682947,6.1175,-7.6722,-34.037,0.1649971,
2,65.27,2,3.302085,355.928,-1.546376,0.468303,6.1175,-7.6722,-34.037,0.1649971,
2,65.28,2,3.304941,355.9122,-1.546237,0.4678563,6.1175,-7.6722,-34.037,0.1649971,
2,65.29,2,3.306037,355.8985,-1.545136,0.4673679,6.1175,-7.6722,-34.037,0.1649971,
2,65.3,2,3.306166,355.892,-1.544272,0.4670884,6.1175,-7.6722,-34.037,0.1649971,
2,65.31,2,3.304856,355.8925,-1.544354,0.4672984,6.1175,-7.6722,-34.037,0.1649971,
2,65.32,2,3.305435,355.8821,-1.54581,0.4676571,6.1175,-7.6722,-34.037,0.1649971,
2,65.33,2,3.305679,355.907,-1.546866,0.4679421,6.1175,-7.6722,-34.037,0.1649971,
2,65.34,2,3.306556,355.8929,-1.542501,0.4664977,6.1175,-7.6722,-34.037,0.1649971,
2,65.35,2,3.303327,355.8799,-1.541946,0.4667858,6.1175,-7.6722,-34.037,0.1649971,
2,65.36,2,3.305989,355.8762,-1.540149,0.4658663,6.1175,-7.6722,-34.037,0.1649971,
2,65.37,2,3.305789,355.8803,-1.541575,0.4663259,6.1175,-7.6722,-34.037,0.1649971,
2,65.38,2,3.305349,355.8588,-1.544639,0.4673149,6.1175,-7.6722,-34.037,0.1649971,
2,65.39,2,3.306216,355.8803,-1.545567,0.467473,6.1175,-7.6722,-34.037,0.1649971,
2,65.4,2,3.306484,355.8651,-1.543889,0.4669277,6.1175,-7.6722,-34.037,0.1649971,
2,65.41,2,3.30632,355.8609,-1.543175,0.4667351,6.1175,-7.6722,-34.037,0.1649971,
2,65.42,2,3.304425,355.8557,-1.543939,0.4672337,6.11287,-7.6722,-34.0376,0.1655998,
2,65.43,2,3.304985,355.8549,-1.545796,0.4677166,6.11287,-7.6722,-34.0376,0.1655998,
2,65.44,2,3.305829,355.8459,-1.547623,0.4681498,6.11287,-7.6722,-34.0376,0.1655998,
2,65.45,2,3.302415,355.8374,-1.549473,0.469194,6.11287,-7.6722,-34.0376,0.1655998,
2,65.46,2,3.305316,355.8484,-1.549012,0.4686426,6.11287,-7.6722,-34.0376,0.1655998,
2,65.47,2,3.304009,355.8465,-1.548967,0.4688143,6.11287,-7.6722,-34.0376,0.1655998,
2,65.48,2,3.306618,355.8441,-1.54753,0.46801,6.11287,-7.6722,-34.0376,0.1655998,
2,65.49,2,3.306173,355.845,-1.54695,0.4678976,6.11287,-7.6722,-34.0376,0.1655998,
2,65.5,2,3.305029,355.8447,-1.549066,0.4686996,6.11287,-7.6722,-34.0376,0.1655998,
2,65.51,2,3.310308,355.8201,-1.550599,0.4684152,6.11287,-7.6722,-34.0376,0.1655998,
2,65.52,2,3.311683,355.8249,-1.55468,0.4694532,6.11287,-7.6722,-34.0376,0.1655998,
2,65.53,2,3.316088,355.7686,-1.553037,0.4683341,6.11287,-7.6722,-34.0376,0.1655998,
2,65.54,2,3.321194,355.7989,-1.552509,0.467455,6.11287,-7.6722,-34.0376,0.1655998,
2,65.55,2,3.32026,355.7824,-1.553508,0.4678875,6.11287,-7.6722,-34.0376,0.1655998,
2,65.56,2,3.318644,355.7681,-1.55781,0.4694117,6.11287,-7.6722,-34.0376,0.1655998,
2,65.57,2,3.321572,355.7364,-1.560047,0.4696713,6.11287,-7.6722,-34.0376,0.1655998,
2,65.58,2,3.31906,355.7777,-1.55625,0.4688827,6.11287,-7.6722,-34.0376,0.1655998,
2,65.59,2,3.319243,355.7708,-1.55667,0.4689835,6.11287,-7.6722,-34.0376,0.1655998,
2,65.6,2,3.316203,355.7664,-1.556086,0.4692373,6.11287,-7.6722,-34.0376,0.1655998,
2,65.61,2,3.318509,355.7669,-1.554704,0.4684947,6.11287,-7.6722,-34.0376,0.1655998,
2,65.62,2,3.319722,355.7606,-1.559938,0.4699004,6.11287,-7.6722,-34.0376,0.1655998,
2,65.63,2,3.316097,355.7726,-1.56002,0.4704385,6.11287,-7.6722,-34.0376,0.1655998,
2,65.64,2,3.317007,355.7607,-1.557408,0.4695221,6.11287,-7.6722,-34.0376,0.1655998,
2,65.65,2,3.31883,355.7481,-1.555569,0.4687102,6.10855,-7.6722,-34.0383,0.1662979,
2,65.66,2,3.31453,355.748,-1.556277,0.4695318,6.10855,-7.6722,-34.0383,0.1662979,
2,65.67,2,3.317843,355.742,-1.556062,0.4689981,6.10855,-7.6722,-34.0383,0.1662979,
2,65.68,2,3.31674,355.7424,-1.559884,0.4703063,6.10855,-7.6722,-34.0383,0.1662979,
2,65.69,2,3.31618,355.7341,-1.555568,0.4690842,6.10855,-7.6722,-34.0383,0.1662979,
2,65.7,2,3.318253,355.7358,-1.5527,0.4679269,6.10855,-7.6722,-34.0383,0.1662979,
2,65.71,2,3.316882,355.7365,-1.553339,0.4683131,6.10855,-7.6722,-34.0383,0.1662979,
2,65.72,2,3.316244,355.7284,-1.554833,0.4688536,6.10855,-7.6722,-34.0383,0.1662979,
2,65.73,2,3.316951,355.7216,-1.5597,0.4702211,6.10855,-7.6722,-34.0383,0.1662979,
2,65.74,2,3.322976,355.6845,-1.558646,0.4690512,6.10855,-7.6722,-34.0383,0.1662979,
2,65.75,2,3.323616,355.708,-1.55673,0.4683843,6.10855,-7.6722,-34.0383,0.1662979,
2,65.76,2,3.329251,355.6702,-1.558436,0.468104,6.10855,-7.6722,-34.0383,0.1662979,
2,65.77,2,3.331897,355.6699,-1.557884,0.4675666,6.10855,-7.6722,-34.0383,0.1662979,
2,65.78,2,3.330433,355.6647,-1.562372,0.4691198,6.10855,-7.6722,-34.0383,0.1662979,
2,65.79,2,3.329521,355.6635,-1.565694,0.4702461,6.10855,-7.6722,-34.0383,0.1662979,
2,65.8,2,3.330645,355.6625,-1.564232,0.4696482,6.10855,-7.6722,-34.0383,0.1662979,
2,65.81,2,3.330391,355.6653,-1.562047,0.4690281,6.10855,-7.6722,-34.0383,0.1662979,
2,65.82,2,3.329899,355.6553,-1.560517,0.4686379,6.10855,-7.6722,-34.0383,0.1662979,
2,65.83,2,3.331757,355.6479,-1.559,0.4679212,6.10855,-7.6722,-34.0383,0.1662979,
2,65.84,2,3.327917,355.6561,-1.562153,0.4694088,6.10855,-7.6722,-34.0383,0.1662979,
2,65.85,2,3.331342,355.6455,-1.563954,0.4694667,6.10855,-7.6722,-34.0383,0.1662979,
2,65.86,2,3.330992,355.643,-1.564682,0.4697346,6.10855,-7.6722,-34.0383,0.1662979,
2,65.87,2,3.33068,355.6233,-1.564537,0.469735,6.10855,-7.6722,-34.0383,0.1662979,
2,65.88,2,3.331584,355.634,-1.564437,0.4695776,6.10475,-7.6722,-34.0389,0.1668968,
2,65.89,2,3.331456,355.6395,-1.557251,0.4674385,6.10475,-7.6722,-34.0389,0.1668968,
2,65.9,2,3.329535,355.6339,-1.555394,0.4671504,6.10475,-7.6722,-34.0389,0.1668968,
2,65.91,2,3.330305,355.6382,-1.557715,0.4677394,6.10475,-7.6722,-34.0389,0.1668968,
2,65.92,2,3.329212,355.6132,-1.558129,0.4680174,6.10475,-7.6722,-34.0389,0.1668968,
2,65.93,2,3.330014,355.6261,-1.557096,0.4675943,6.10475,-7.6722,-34.0389,0.1668968,
2,65.94,2,3.32897,355.6141,-1.555156,0.4671583,6.10475,-7.6722,-34.0389,0.1668968,
2,65.95,2,3.328599,355.621,-1.555761,0.4673922,6.10475,-7.6722,-34.0389,0.1668968,
2,65.96,2,3.329303,355.6075,-1.559945,0.4685499,6.10475,-7.6722,-34.0389,0.1668968,
2,65.97,2,3.32912,355.61,-1.566893,0.4706628,6.10475,-7.6722,-34.0389,0.1668968,
2,65.98,2,3.329061,355.5825,-1.566141,0.4704452,6.10475,-7.6722,-34.0389,0.1668968,
2,65.99,2,3.334049,355.5779,-1.565203,0.46946,6.10475,-7.6722,-34.0389,0.1668968,
2,66,2,3.336143,355.5799,-1.567199,0.4697637,6.10475,-7.6722,-34.0389,0.1668968,
2,66.01,2,3.340254,355.5546,-1.568079,0.469449,6.10475,-7.6722,-34.0389,0.1668968,
2,66.02,2,3.343124,355.5558,-1.572571,0.4703898,6.10475,-7.6722,-34.0389,0.1668968,
2,66.03,2,3.344663,355.5517,-1.572952,0.4702872,6.10475,-7.6722,-34.0389,0.1668968,
2,66.04,2,3.344386,355.5579,-1.566765,0.4684763,6.10475,-7.6722,-34.0389,0.1668968,
2,66.05,2,3.34344,355.5497,-1.569492,0.4694244,6.10475,-7.6722,-34.0389,0.1668968,
2,66.06,2,3.34173,355.5481,-1.572268,0.4704951,6.10475,-7.6722,-34.0389,0.1668968,
2,66.07,2,3.344047,355.5391,-1.570939,0.4697719,6.10475,-7.6722,-34.0389,0.1668968,
2,66.08,2,3.341512,355.5301,-1.577982,0.4722359,6.10475,-7.6722,-34.0389,0.1668968,
2,66.09,2,3.341134,355.5332,-1.579259,0.4726715,6.10475,-7.6722,-34.0389,0.1668968,
2,66.1,2,3.343099,355.5026,-1.578046,0.4720309,6.10475,-7.6722,-34.0389,0.1668968,
2,66.11,2,3.34314,355.5335,-1.57109,0.4699444,6.10475,-7.6722,-34.0389,0.1668968,
2,66.12,2,3.341105,355.5249,-1.577931,0.4722781,6.10475,-7.6722,-34.0389,0.1668968,
2,66.13,2,3.339062,355.5297,-1.576891,0.4722556,6.1004,-7.6722,-34.0396,0.1675987,
2,66.14,2,3.340866,355.5329,-1.57992,0.4729072,6.1004,-7.6722,-34.0396,0.1675987,
2,66.15,2,3.339956,355.514,-1.580385,0.4731753,6.1004,-7.6722,-34.0396,0.1675987,
2,66.16,2,3.340511,355.5425,-1.58165,0.4734754,6.1004,-7.6722,-34.0396,0.1675987,
2,66.17,2,3.342921,355.5179,-1.574816,0.4710899,6.1004,-7.6722,-34.0396,0.1675987,
2,66.18,2,3.341647,355.5184,-1.575419,0.4714498,6.1004,-7.6722,-34.0396,0.1675987,
2,66.19,2,3.344063,355.5116,-1.577662,0.4717801,6.1004,-7.6722,-34.0396,0.1675987,
2,66.2,2,3.344433,355.5044,-1.576732,0.4714498,6.1004,-7.6722,-34.0396,0.1675987,
2,66.21,2,3.34323,355.4943,-1.578498,0.4721476,6.1004,-7.6722,-34.0396,0.1675987,
2,66.22,2,3.34211,355.5066,-1.572483,0.4705061,6.1004,-7.6722,-34.0396,0.1675987,
2,66.23,2,3.348097,355.4871,-1.571722,0.4694375,6.1004,-7.6722,-34.0396,0.1675987,
2,66.24,2,3.349396,355.4666,-1.568866,0.4684026,6.1004,-7.6722,-34.0396,0.1675987,
2,66.25,2,3.353285,355.4576,-1.568268,0.4676811,6.1004,-7.6722,-34.0396,0.1675987,
2,66.26,2,3.356906,355.4475,-1.569258,0.4674716,6.1004,-7.6722,-34.0396,0.1675987,
2,66.27,2,3.356737,355.4367,-1.573067,0.4686298,6.1004,-7.6722,-34.0396,0.1675987,
2,66.28,2,3.353714,355.4627,-1.574916,0.4696035,6.1004,-7.6722,-34.0396,0.1675987,
2,66.29,2,3.355304,355.4295,-1.57451,0.4692602,6.1004,-7.6722,-34.0396,0.1675987,
2,66.3,2,3.355788,355.4269,-1.573713,0.4689549,6.1004,-7.6722,-34.0396,0.1675987,
2,66.31,2,3.354728,355.4257,-1.577145,0.4701261,6.1004,-7.6722,-34.0396,0.1675987,
2,66.32,2,3.353225,355.4202,-1.578274,0.4706735,6.1004,-7.6722,-34.0396,0.1675987,
2,66.33,2,3.356227,355.4429,-1.578111,0.4702037,6.1004,-7.6722,-34.0396,0.1675987,
2,66.34,2,3.354781,355.3911,-1.576586,0.4699521,6.1004,-7.6722,-34.0396,0.1675987,
2,66.35,2,3.354403,355.428,-1.577065,0.4701477,6.1004,-7.6722,-34.0396,0.1675987,
2,66.36,2,3.356086,355.4024,-1.577025,0.4699001,6.09635,-7.6722,-34.0402,0.1681976,
2,66.37,2,3.355696,355.4062,-1.578164,0.4702941,6.09635,-7.6722,-34.0402,0.1681976,
2,66.38,2,3.355038,355.4081,-1.580496,0.4710814,6.09635,-7.6722,-34.0402,0.1681976,
2,66.39,2,3.354603,355.4039,-1.581288,0.4713784,6.09635,-7.6722,-34.0402,0.1681976,
2,66.4,2,3.351134,355.3938,-1.582442,0.4722111,6.09635,-7.6722,-34.0402,0.1681976,
2,66.41,2,3.355595,355.398,-1.581626,0.47134,6.09635,-7.6722,-34.0402,0.1681976,
2,66.42,2,3.35686,355.3971,-1.578168,0.4701322,6.09635,-7.6722,-34.0402,0.1681976,
2,66.43,2,3.355647,355.3956,-1.580918,0.4711216,6.09635,-7.6722,-34.0402,0.1681976,
2,66.44,2,3.354283,355.3889,-1.580592,0.4712161,6.09635,-7.6722,-34.0402,0.1681976,
2,66.45,2,3.353027,355.3668,-1.580806,0.4714564,6.09635,-7.6722,-34.0402,0.1681976,
2,66.46,2,3.353078,355.3883,-1.580082,0.4712332,6.09635,-7.6722,-34.0402,0.1681976,
2,66.47,2,3.360221,355.372,-1.578801,0.4698503,6.09635,-7.6722,-34.0402,0.1681976,
2,66.48,2,3.359696,355.3477,-1.579359,0.4700898,6.09635,-7.6722,-34.0402,0.1681976,
2,66.49,2,3.36541,355.3393,-1.580663,0.4696791,6.09635,-7.6722,-34.0402,0.1681976,
2,66.5,2,3.368359,355.3325,-1.580915,0.4693429,6.09635,-7.6722,-34.0402,0.1681976,
2,66.51,2,3.367711,355.3338,-1.583021,0.4700586,6.09635,-7.6722,-34.0402,0.1681976,
2,66.52,2,3.369278,355.3225,-1.582432,0.4696651,6.09635,-7.6722,-34.0402,0.1681976,
2,66.53,2,3.36877,355.3219,-1.580299,0.4691027,6.09635,-7.6722,-34.0402,0.1681976,
2,66.54,2,3.367121,355.3183,-1.578446,0.468782,6.09635,-7.6722,-34.0402,0.1681976,
2,66.55,2,3.368205,355.3167,-1.581954,0.4696726,6.09635,-7.6722,-34.0402,0.1681976,
2,66.56,2,3.367776,355.3109,-1.584216,0.4704041,6.09635,-7.6722,-34.0402,0.1681976,
2,66.57,2,3.363657,355.3069,-1.588236,0.4721754,6.09635,-7.6722,-34.0402,0.1681976,
2,66.58,2,3.366963,355.3189,-1.587263,0.4714227,6.09635,-7.6722,-34.0402,0.1681976,
2,66.59,2,3.368807,355.2964,-1.58392,0.4701725,6.09635,-7.6722,-34.0402,0.1681976,
2,66.6,2,3.365613,355.2965,-1.584497,0.4707899,6.09228,-7.6722,-34.0408,0.1687965,
2,66.61,2,3.364008,355.2954,-1.588393,0.4721726,6.09228,-7.6722,-34.0408,0.1687965,
2,66.62,2,3.365185,355.2911,-1.591769,0.4730109,6.09228,-7.6722,-34.0408,0.1687965,
2,66.63,2,3.367594,355.2889,-1.589488,0.471995,6.09228,-7.6722,-34.0408,0.1687965,
2,66.64,2,3.364552,355.2872,-1.587946,0.4719635,6.09228,-7.6722,-34.0408,0.1687965,
2,66.65,2,3.366535,355.2865,-1.586128,0.4711454,6.09228,-7.6722,-34.0408,0.1687965,
2,66.66,2,3.365815,355.2813,-1.585655,0.4711058,6.09228,-7.6722,-34.0408,0.1687965,
2,66.67,2,3.366652,355.2816,-1.586342,0.4711926,6.09228,-7.6722,-34.0408,0.1687965,
2,66.68,2,3.367749,355.2738,-1.591677,0.4726235,6.09228,-7.6722,-34.0408,0.1687965,
2,66.69,2,3.366802,355.2818,-1.59007,0.4722789,6.09228,-7.6722,-34.0408,0.1687965,
2,66.7,2,3.366255,355.2701,-1.58843,0.4718687,6.09228,-7.6722,-34.0408,0.1687965,
2,66.71,2,3.374264,355.2371,-1.58619,0.4700849,6.09228,-7.6722,-34.0408,0.1687965,
2,66.72,2,3.377368,355.2494,-1.586887,0.4698591,6.09228,-7.6722,-34.0408,0.1687965,
2,66.73,2,3.379856,355.2246,-1.590585,0.4706073,6.09228,-7.6722,-34.0408,0.1687965,
2,66.74,2,3.379429,355.2105,-1.593487,0.4715256,6.09228,-7.6722,-34.0408,0.1687965,
2,66.75,2,3.381069,355.2224,-1.593445,0.4712844,6.09228,-7.6722,-34.0408,0.1687965,
2,66.76,2,3.38194,355.2114,-1.5912,0.4704993,6.09228,-7.6722,-34.0408,0.1687965,
2,66.77,2,3.380783,355.2164,-1.590798,0.4705414,6.09228,-7.6722,-34.0408,0.1687965,
2,66.78,2,3.378966,355.2133,-1.598986,0.4732177,6.09228,-7.6722,-34.0408,0.1687965,
2,66.79,2,3.381074,355.2016,-1.596735,0.4722567,6.09228,-7.6722,-34.0408,0.1687965,
2,66.8,2,3.37958,355.2101,-1.591355,0.4708736,6.09228,-7.6722,-34.0408,0.1687965,
2,66.81,2,3.377776,355.1841,-1.594734,0.4721255,6.09228,-7.6722,-34.0408,0.1687965,
2,66.82,2,3.37946,355.1884,-1.594249,0.4717469,6.09228,-7.6722,-34.0408,0.1687965,
2,66.83,2,3.378911,355.1904,-1.590437,0.470695,6.09228,-7.6722,-34.0408,0.1687965,
2,66.84,2,3.379251,355.1794,-1.591774,0.4710434,6.09228,-7.6722,-34.0408,0.1687965,
2,66.85,2,3.380551,355.1778,-1.592897,0.4711946,6.0882,-7.6722,-34.0415,0.1694984,
2,66.86,2,3.379161,355.1746,-1.59469,0.471919,6.0882,-7.6722,-34.0415,0.1694984,
2,66.87,2,3.379445,355.1834,-1.594966,0.4719611,6.0882,-7.6722,-34.0415,0.1694984,
2,66.88,2,3.378769,355.1635,-1.590884,0.4708472,6.0882,-7.6722,-34.0415,0.1694984,
2,66.89,2,3.381114,355.1674,-1.595877,0.4719974,6.0882,-7.6722,-34.0415,0.1694984,
2,66.9,2,3.37867,355.1603,-1.594327,0.4718801,6.0882,-7.6722,-34.0415,0.1694984,
2,66.91,2,3.376983,355.1666,-1.593905,0.4719908,6.0882,-7.6722,-34.0415,0.1694984,
2,66.92,2,3.380291,355.1469,-1.593262,0.4713386,6.0882,-7.6722,-34.0415,0.1694984,
2,66.93,2,3.378449,355.1516,-1.595424,0.4722356,6.0882,-7.6722,-34.0415,0.1694984,
2,66.94,2,3.377747,355.1456,-1.604415,0.4749957,6.0882,-7.6722,-34.0415,0.1694984,
2,66.95,2,3.383461,355.1551,-1.599873,0.4728511,6.0882,-7.6722,-34.0415,0.1694984,
2,66.96,2,3.384902,355.124,-1.595576,0.4713802,6.0882,-7.6722,-34.0415,0.1694984,
2,66.97,2,3.390149,355.1012,-1.601058,0.4722677,6.0882,-7.6722,-34.0415,0.1694984,
2,66.98,2,3.392206,355.0911,-1.612642,0.4753963,6.0882,-7.6722,-34.0415,0.1694984,
2,66.99,2,3.390062,355.106,-1.61089,0.4751801,6.0882,-7.6722,-34.0415,0.1694984,
2,67,2,3.390888,355.1026,-1.60022,0.4719175,6.0882,-7.6722,-34.0415,0.1694984,
2,67.01,2,3.39549,355.0913,-1.599657,0.4711122,6.0882,-7.6722,-34.0415,0.1694984,
2,67.02,2,3.392694,355.0956,-1.597865,0.4709723,6.0882,-7.6722,-34.0415,0.1694984,
2,67.03,2,3.392747,355.0873,-1.602407,0.4723035,6.0882,-7.6722,-34.0415,0.1694984,
2,67.04,2,3.390906,355.1328,-1.603954,0.4730162,6.0882,-7.6722,-34.0415,0.1694984,
2,67.05,2,3.391678,355.0851,-1.600718,0.4719547,6.0882,-7.6722,-34.0415,0.1694984,
2,67.06,2,3.392537,355.0798,-1.599941,0.4716061,6.0882,-7.6722,-34.0415,0.1694984,
2,67.07,2,3.392154,355.0777,-1.600134,0.4717162,6.0882,-7.6722,-34.0415,0.1694984,
2,67.08,2,3.393008,355.0745,-1.599014,0.4712675,6.0882,-7.6722,-34.0415,0.1694984,
2,67.09,2,3.392846,355.0718,-1.600085,0.4716057,6.0882,-7.6722,-34.0415,0.1694984,
2,67.1,2,3.390457,355.0696,-1.598287,0.4714075,6.0844,-7.6722,-34.0421,0.1700974,
2,67.11,2,3.392318,355.0648,-1.598559,0.4712292,6.0844,-7.6722,-34.0421,0.1700974,
2,67.12,2,3.391782,355.0695,-1.595532,0.4704112,6.0844,-7.6722,-34.0421,0.1700974,
2,67.13,2,3.394358,355.0556,-1.594655,0.4697958,6.0844,-7.6722,-34.0421,0.1700974,
2,67.14,2,3.392657,355.0579,-1.595614,0.4703141,6.0844,-7.6722,-34.0421,0.1700974,
2,67.15,2,3.393133,355.0492,-1.598982,0.4712407,6.0844,-7.6722,-34.0421,0.1700974,
2,67.16,2,3.393104,355.058,-1.601012,0.4718429,6.0844,-7.6722,-34.0421,0.1700974,
2,67.17,2,3.39394,355.0357,-1.599788,0.471366,6.0844,-7.6722,-34.0421,0.1700974,
2,67.18,2,3.397088,355.0217,-1.600188,0.4710469,6.0844,-7.6722,-34.0421,0.1700974,
2,67.19,2,3.39994,355.0001,-1.602039,0.4711963,6.0844,-7.6722,-34.0421,0.1700974,
2,67.2,2,3.403457,354.9987,-1.607285,0.4722508,6.0844,-7.6722,-34.0421,0.1700974,
2,67.21,2,3.404475,354.9881,-1.60731,0.4721166,6.0844,-7.6722,-34.0421,0.1700974,
2,67.22,2,3.403606,354.98,-1.605963,0.4718417,6.0844,-7.6722,-34.0421,0.1700974,
2,67.23,2,3.406228,354.9769,-1.608292,0.472162,6.0844,-7.6722,-34.0421,0.1700974,
2,67.24,2,3.405153,354.9753,-1.606131,0.4716765,6.0844,-7.6722,-34.0421,0.1700974,
2,67.25,2,3.405917,354.9802,-1.606621,0.4717146,6.0844,-7.6722,-34.0421,0.1700974,
2,67.26,2,3.401981,354.977,-1.608491,0.47281,6.0844,-7.6722,-34.0421,0.1700974,
2,67.27,2,3.404991,354.9754,-1.610551,0.472997,6.0844,-7.6722,-34.0421,0.1700974,
2,67.28,2,3.404785,354.9134,-1.609677,0.4727692,6.0844,-7.6722,-34.0421,0.1700974,
2,67.29,2,3.403696,354.9783,-1.614095,0.4742185,6.0844,-7.6722,-34.0421,0.1700974,
2,67.3,2,3.403156,354.9641,-1.612499,0.4738247,6.0844,-7.6722,-34.0421,0.1700974,
2,67.31,2,3.405931,354.9503,-1.610263,0.4727822,6.0844,-7.6722,-34.0421,0.1700974,
2,67.32,2,3.40342,354.9535,-1.61076,0.4732767,6.08035,-7.6722,-34.0428,0.1707993,
2,67.33,2,3.403651,354.9605,-1.614834,0.4744418,6.08035,-7.6722,-34.0428,0.1707993,
2,67.34,2,3.402366,354.916,-1.617141,0.475299,6.08035,-7.6722,-34.0428,0.1707993,
2,67.35,2,3.404582,354.9481,-1.611677,0.4733848,6.08035,-7.6722,-34.0428,0.1707993,
2,67.36,2,3.402503,354.9528,-1.609047,0.4729008,6.08035,-7.6722,-34.0428,0.1707993,
2,67.37,2,3.402577,354.9378,-1.609481,0.4730183,6.08035,-7.6722,-34.0428,0.1707993,
2,67.38,2,3.403059,354.9348,-1.606997,0.4722213,6.08035,-7.6722,-34.0428,0.1707993,
2,67.39,2,3.401809,354.9358,-1.608845,0.4729379,6.08035,-7.6722,-34.0428,0.1707993,
2,67.4,2,3.402562,354.9192,-1.608556,0.4727484,6.08035,-7.6722,-34.0428,0.1707993,
2,67.41,2,3.402604,354.9341,-1.604928,0.4716763,6.08035,-7.6722,-34.0428,0.1707993,
2,67.42,2,3.403973,354.9319,-1.603218,0.4709843,6.08035,-7.6722,-34.0428,0.1707993,
2,67.43,2,3.402003,354.9305,-1.603077,0.4712155,6.08035,-7.6722,-34.0428,0.1707993,
2,67.44,2,3.406674,354.9207,-1.607091,0.4717476,6.08035,-7.6722,-34.0428,0.1707993,
2,67.45,2,3.408942,354.8971,-1.607131,0.4714457,6.08035,-7.6722,-34.0428,0.1707993,
2,67.46,2,3.412884,354.8845,-1.60812,0.4711909,6.08035,-7.6722,-34.0428,0.1707993,
2,67.47,2,3.415354,354.8797,-1.609749,0.471327,6.08035,-7.6722,-34.0428,0.1707993,
2,67.48,2,3.41733,354.8599,-1.610562,0.4712924,6.08035,-7.6722,-34.0428,0.1707993,
2,67.49,2,3.418813,354.8687,-1.611102,0.471246,6.08035,-7.6722,-34.0428,0.1707993,
2,67.5,2,3.41778,354.8635,-1.614261,0.4723128,6.08035,-7.6722,-34.0428,0.1707993,
2,67.51,2,3.417813,354.858,-1.61596,0.4728052,6.08035,-7.6722,-34.0428,0.1707993,
2,67.52,2,3.4153,354.847,-1.618173,0.4738012,6.08035,-7.6722,-34.0428,0.1707993,
2,67.53,2,3.416014,354.8457,-1.614242,0.4725513,6.08035,-7.6722,-34.0428,0.1707993,
2,67.54,2,3.416475,354.8398,-1.615109,0.4727413,6.08035,-7.6722,-34.0428,0.1707993,
2,67.55,2,3.417582,354.8451,-1.614971,0.4725479,6.08035,-7.6722,-34.0428,0.1707993,
2,67.56,2,3.415508,354.8465,-1.616331,0.4732331,6.08035,-7.6722,-34.0428,0.1707993,
2,67.57,2,3.414188,354.8461,-1.619537,0.474355,6.076,-7.6722,-34.0434,0.1713982,
2,67.58,2,3.41563,354.8353,-1.619609,0.4741759,6.076,-7.6722,-34.0434,0.1713982,
2,67.59,2,3.417744,354.8304,-1.615004,0.4725352,6.076,-7.6722,-34.0434,0.1713982,
2,67.6,2,3.41638,354.829,-1.615458,0.4728567,6.076,-7.6722,-34.0434,0.1713982,
2,67.61,2,3.416674,354.8326,-1.617167,0.4733161,6.076,-7.6722,-34.0434,0.1713982,
2,67.62,2,3.416605,354.8204,-1.618305,0.4736588,6.076,-7.6722,-34.0434,0.1713982,
2,67.63,2,3.41864,354.8078,-1.618283,0.4733703,6.076,-7.6722,-34.0434,0.1713982,
2,67.64,2,3.416059,354.8161,-1.6178,0.4735868,6.076,-7.6722,-34.0434,0.1713982,
2,67.65,2,3.416397,354.8154,-1.616292,0.4730983,6.076,-7.6722,-34.0434,0.1713982,
2,67.66,2,3.417565,354.8123,-1.614014,0.4722703,6.076,-7.6722,-34.0434,0.1713982,
2,67.67,2,3.417975,354.8138,-1.614827,0.4724513,6.076,-7.6722,-34.0434,0.1713982,
2,67.68,2,3.416997,354.8033,-1.62267,0.4748819,6.076,-7.6722,-34.0434,0.1713982,
2,67.69,2,3.421443,354.7708,-1.617537,0.4727645,6.076,-7.6722,-34.0434,0.1713982,
2,67.7,2,3.42571,354.7699,-1.615053,0.4714507,6.076,-7.6722,-34.0434,0.1713982,
2,67.71,2,3.428356,354.7496,-1.614611,0.4709578,6.076,-7.6722,-34.0434,0.1713982,
2,67.72,2,3.430193,354.7427,-1.614763,0.4707498,6.076,-7.6722,-34.0434,0.1713982,
2,67.73,2,3.430929,354.7514,-1.615224,0.4707832,6.076,-7.6722,-34.0434,0.1713982,
2,67.74,2,3.427324,354.7403,-1.618603,0.4722642,6.076,-7.6722,-34.0434,0.1713982,
2,67.75,2,3.429193,354.7258,-1.622568,0.4731631,6.076,-7.6722,-34.0434,0.1713982,
2,67.76,2,3.42703,354.7401,-1.622455,0.4734291,6.076,-7.6722,-34.0434,0.1713982,
2,67.77,2,3.429226,354.7267,-1.621876,0.472957,6.076,-7.6722,-34.0434,0.1713982,
2,67.78,2,3.42947,354.717,-1.620976,0.4726608,6.076,-7.6722,-34.0434,0.1713982,
2,67.79,2,3.429922,354.7196,-1.62171,0.4728125,6.076,-7.6722,-34.0434,0.1713982,
2,67.8,2,3.431483,354.7201,-1.621957,0.4726694,6.07165,-7.6722,-34.044,0.1719971,
2,67.81,2,3.428815,354.7202,-1.623997,0.4736321,6.07165,-7.6722,-34.044,0.1719971,
2,67.82,2,3.430581,354.7165,-1.623185,0.4731516,6.07165,-7.6722,-34.044,0.1719971,
2,67.83,2,3.432244,354.7122,-1.624416,0.4732811,6.07165,-7.6722,-34.044,0.1719971,
2,67.84,2,3.427294,354.7066,-1.62887,0.4752642,6.07165,-7.6722,-34.044,0.1719971,
2,67.85,2,3.428722,354.7092,-1.6262,0.4742875,6.07165,-7.6722,-34.044,0.1719971,
2,67.86,2,3.427989,354.7029,-1.625813,0.4742759,6.07165,-7.6722,-34.044,0.1719971,
2,67.87,2,3.42975,354.6824,-1.627008,0.4743811,6.07165,-7.6722,-34.044,0.1719971,
2,67.88,2,3.428627,354.7226,-1.625769,0.4741749,6.07165,-7.6722,-34.044,0.1719971,
2,67.89,2,3.428963,354.6786,-1.626619,0.4743763,6.07165,-7.6722,-34.044,0.1719971,
2,67.9,2,3.427458,354.7195,-1.629343,0.4753794,6.07165,-7.6722,-34.044,0.1719971,
2,67.91,2,3.432129,354.6795,-1.62952,0.474784,6.07165,-7.6722,-34.044,0.1719971,
2,67.92,2,3.435337,354.6759,-1.633849,0.4756008,6.07165,-7.6722,-34.044,0.1719971,
2,67.93,2,3.44201,354.6959,-1.631435,0.4739774,6.07165,-7.6722,-34.044,0.1719971,
2,67.94,2,3.440567,354.6474,-1.629028,0.4734765,6.07165,-7.6722,-34.044,0.1719971,
2,67.95,2,3.442465,354.6489,-1.628556,0.4730784,6.07165,-7.6722,-34.044,0.1719971,
2,67.96,2,3.440822,354.6397,-1.6268,0.4727939,6.07165,-7.6722,-34.044,0.1719971,
2,67.97,2,3.443999,354.6346,-1.627424,0.472539,6.07165,-7.6722,-34.044,0.1719971,
2,67.98,2,3.440033,354.6334,-1.62924,0.4736116,6.07165,-7.6722,-34.044,0.1719971,
2,67.99,2,3.441696,354.6176,-1.627867,0.4729839,6.07165,-7.6722,-34.044,0.1719971,
2,68,2,3.438826,354.6175,-1.626549,0.4729955,6.07165,-7.6722,-34.044,0.1719971,
2,68.01,2,3.439416,354.6238,-1.627658,0.4732365,6.07165,-7.6722,-34.044,0.1719971,
2,68.02,2,3.440485,354.6153,-1.626056,0.4726241,6.07165,-7.6722,-34.044,0.1719971,
2,68.03,2,3.442292,354.6169,-1.626922,0.4726275,6.07165,-7.6722,-34.044,0.1719971,
2,68.04,2,3.439239,354.6093,-1.627444,0.473199,6.06787,-7.6722,-34.0446,0.1725998,
2,68.05,2,3.441736,354.6193,-1.628986,0.4733035,6.06787,-7.6722,-34.0446,0.1725998,
2,68.06,2,3.440515,354.5976,-1.628776,0.4734105,6.06787,-7.6722,-34.0446,0.1725998,
2,68.07,2,3.441963,354.6015,-1.627672,0.4728906,6.06787,-7.6722,-34.0446,0.1725998,
2,68.08,2,3.439091,354.5976,-1.631734,0.4744665,6.06787,-7.6722,-34.0446,0.1725998,
2,68.09,2,3.439843,354.5905,-1.631108,0.474181,6.06787,-7.6722,-34.0446,0.1725998,
2,68.1,2,3.439843,354.6124,-1.633172,0.4747809,6.06787,-7.6722,-34.0446,0.1725998,
2,68.11,2,3.441466,354.5414,-1.633147,0.4745498,6.06787,-7.6722,-34.0446,0.1725998,
2,68.12,2,3.441612,354.5806,-1.629223,0.4733893,6.06787,-7.6722,-34.0446,0.1725998,
2,68.13,2,3.442192,354.5818,-1.6295,0.4733902,6.06787,-7.6722,-34.0446,0.1725998,
2,68.14,2,3.439877,354.5767,-1.630773,0.474079,6.06787,-7.6722,-34.0446,0.1725998,
2,68.15,2,3.440532,354.5722,-1.635228,0.4752836,6.06787,-7.6722,-34.0446,0.1725998,
2,68.16,2,3.442887,354.5568,-1.635161,0.474939,6.06787,-7.6722,-34.0446,0.1725998,
2,68.17,2,3.444748,354.5543,-1.636759,0.4751462,6.06787,-7.6722,-34.0446,0.1725998,
2,68.18,2,3.450316,354.531,-1.636113,0.4741921,6.06787,-7.6722,-34.0446,0.1725998,
2,68.19,2,3.45299,354.5195,-1.634488,0.4733543,6.06787,-7.6722,-34.0446,0.1725998,
2,68.2,2,3.455614,354.5183,-1.635253,0.4732164,6.06787,-7.6722,-34.0446,0.1725998,
2,68.21,2,3.45362,354.5157,-1.63909,0.4746006,6.06787,-7.6722,-34.0446,0.1725998,
2,68.22,2,3.452577,354.5113,-1.638845,0.4746729,6.06787,-7.6722,-34.0446,0.1725998,
2,68.23,2,3.453679,354.5211,-1.639884,0.4748224,6.06787,-7.6722,-34.0446,0.1725998,
2,68.24,2,3.452292,354.5028,-1.637495,0.4743211,6.06787,-7.6722,-34.0446,0.1725998,
2,68.25,2,3.453507,354.4952,-1.635447,0.4735613,6.06787,-7.6722,-34.0446,0.1725998,
2,68.26,2,3.452048,354.4973,-1.637383,0.4743223,6.06787,-7.6722,-34.0446,0.1725998,
2,68.27,2,3.451185,354.5002,-1.636793,0.4742699,6.06787,-7.6722,-34.0446,0.1725998,
2,68.28,2,3.452777,354.5078,-1.636407,0.4739395,6.06787,-7.6722,-34.0446,0.1725998,
2,68.29,2,3.454098,354.4887,-1.636145,0.4736823,6.06405,-7.6722,-34.0453,0.1732979,
2,68.3,2,3.452121,354.4986,-1.635012,0.4736254,6.06405,-7.6722,-34.0453,0.1732979,
2,68.31,2,3.452836,354.4815,-1.633898,0.4732045,6.06405,-7.6722,-34.0453,0.1732979,
2,68.32,2,3.454609,354.4815,-1.634605,0.4731666,6.06405,-7.6722,-34.0453,0.1732979,
2,68.33,2,3.452841,354.4778,-1.635133,0.4735616,6.06405,-7.6722,-34.0453,0.1732979,
2,68.34,2,3.453755,354.5004,-1.635989,0.4736842,6.06405,-7.6722,-34.0453,0.1732979,
2,68.35,2,3.45328,354.4769,-1.637253,0.4741153,6.06405,-7.6722,-34.0453,0.1732979,
2,68.36,2,3.451597,354.4699,-1.63594,0.4739662,6.06405,-7.6722,-34.0453,0.1732979,
2,68.37,2,3.453491,354.4632,-1.634863,0.4733941,6.06405,-7.6722,-34.0453,0.1732979,
2,68.38,2,3.454219,354.4614,-1.639174,0.4745425,6.06405,-7.6722,-34.0453,0.1732979,
2,68.39,2,3.456937,354.45,-1.639715,0.4743259,6.06405,-7.6722,-34.0453,0.1732979,
2,68.4,2,3.45844,354.4435,-1.640718,0.4744099,6.06405,-7.6722,-34.0453,0.1732979,
2,68.41,2,3.459638,354.4397,-1.640203,0.4740968,6.06405,-7.6722,-34.0453,0.1732979,
2,68.42,2,3.462792,354.4108,-1.64047,0.473742,6.06405,-7.6722,-34.0453,0.1732979,
2,68.43,2,3.464655,354.4095,-1.640373,0.4734593,6.06405,-7.6722,-34.0453,0.1732979,
2,68.44,2,3.468428,354.41,-1.642423,0.4735353,6.06405,-7.6722,-34.0453,0.1732979,
2,68.45,2,3.468887,354.395,-1.644359,0.4740306,6.06405,-7.6722,-34.0453,0.1732979,
2,68.46,2,3.466419,354.4305,-1.644334,0.4743609,6.06405,-7.6722,-34.0453,0.1732979,
2,68.47,2,3.46739,354.375,-1.643982,0.4741267,6.06405,-7.6722,-34.0453,0.1732979,
2,68.48,2,3.470006,354.3897,-1.643173,0.4735361,6.06405,-7.6722,-34.0453,0.1732979,
2,68.49,2,3.468385,354.3724,-1.643717,0.4739143,6.06405,-7.6722,-34.0453,0.1732979,
2,68.5,2,3.465528,354.3933,-1.645776,0.474899,6.06405,-7.6722,-34.0453,0.1732979,
2,68.51,2,3.467029,354.3718,-1.648689,0.4755335,6.06405,-7.6722,-34.0453,0.1732979,
2,68.52,2,3.46638,354.3562,-1.648156,0.4754688,6.06405,-7.6722,-34.0453,0.1732979,
2,68.53,2,3.466198,354.3774,-1.647136,0.4751996,6.06405,-7.6722,-34.0453,0.1732979,
2,68.54,2,3.464968,354.3772,-1.645268,0.4748292,6.06405,-7.6722,-34.0453,0.1732979,
2,68.55,2,3.466056,354.3656,-1.644825,0.4745522,6.06405,-7.6722,-34.0453,0.1732979,
2,68.56,2,3.467733,354.3622,-1.646695,0.4748622,6.06405,-7.6722,-34.0453,0.1732979,
2,68.57,2,3.466653,354.3705,-1.645895,0.4747792,6.06405,-7.6722,-34.0453,0.1732979,
2,68.58,2,3.467693,354.3621,-1.646399,0.4747823,6.05945,-7.6722,-34.0459,0.1738968,
2,68.59,2,3.464831,354.3547,-1.643206,0.474253,6.05945,-7.6722,-34.0459,0.1738968,
2,68.6,2,3.465646,354.3597,-1.639463,0.4730611,6.05945,-7.6722,-34.0459,0.1738968,
2,68.61,2,3.466673,354.3546,-1.640949,0.4733498,6.05945,-7.6722,-34.0459,0.1738968,
2,68.62,2,3.464671,354.3503,-1.643395,0.4743292,6.05945,-7.6722,-34.0459,0.1738968,
2,68.63,2,3.465672,354.3461,-1.646159,0.4749897,6.05945,-7.6722,-34.0459,0.1738968,
2,68.64,2,3.466337,354.3265,-1.648566,0.475593,6.05945,-7.6722,-34.0459,0.1738968,
2,68.65,2,3.464735,354.3446,-1.646582,0.4752404,6.05945,-7.6722,-34.0459,0.1738968,
2,68.66,2,3.464151,354.3409,-1.643604,0.4744608,6.05945,-7.6722,-34.0459,0.1738968,
2,68.67,2,3.466558,354.3359,-1.644038,0.4742567,6.05945,-7.6722,-34.0459,0.1738968,
2,68.68,2,3.463778,354.3316,-1.646999,0.4754921,6.05945,-7.6722,-34.0459,0.1738968,
2,68.69,2,3.46767,354.2934,-1.646892,0.4749276,6.05945,-7.6722,-34.0459,0.1738968,
2,68.7,2,3.472937,354.2796,-1.646948,0.4742233,6.05945,-7.6722,-34.0459,0.1738968,
2,68.71,2,3.475779,354.296,-1.648761,0.4743572,6.05945,-7.6722,-34.0459,0.1738968,
2,68.72,2,3.48113,354.2641,-1.648358,0.4735124,6.05945,-7.6722,-34.0459,0.1738968,
2,68.73,2,3.481364,354.2722,-1.650715,0.4741575,6.05945,-7.6722,-34.0459,0.1738968,
2,68.74,2,3.480033,354.2579,-1.654413,0.4754014,6.05945,-7.6722,-34.0459,0.1738968,
2,68.75,2,3.478198,354.2683,-1.654747,0.4757484,6.05945,-7.6722,-34.0459,0.1738968,
2,68.76,2,3.478129,354.2658,-1.654699,0.4757439,6.05945,-7.6722,-34.0459,0.1738968,
2,68.77,2,3.480245,354.2604,-1.651636,0.4745745,6.05945,-7.6722,-34.0459,0.1738968,
2,68.78,2,3.479386,354.2529,-1.651187,0.4745628,6.05945,-7.6722,-34.0459,0.1738968,
2,68.79,2,3.478299,354.2561,-1.651935,0.4749263,6.05945,-7.6722,-34.0459,0.1738968,
2,68.8,2,3.478138,354.2501,-1.657367,0.4765099,6.05945,-7.6722,-34.0459,0.1738968,
2,68.81,2,3.479425,354.2681,-1.656289,0.4760237,6.05482,-7.6722,-34.0466,0.1745987,
2,68.82,2,3.479589,354.2321,-1.656465,0.4760519,6.05482,-7.6722,-34.0466,0.1745987,
2,68.83,2,3.478593,354.2436,-1.653672,0.4753852,6.05482,-7.6722,-34.0466,0.1745987,
2,68.84,2,3.477854,354.244,-1.652702,0.4752074,6.05482,-7.6722,-34.0466,0.1745987,
2,68.85,2,3.479221,354.2424,-1.652391,0.4749312,6.05482,-7.6722,-34.0466,0.1745987,
2,68.86,2,3.478847,354.2285,-1.652141,0.4749105,6.05482,-7.6722,-34.0466,0.1745987,
2,68.87,2,3.47702,354.216,-1.655135,0.4760213,6.05482,-7.6722,-34.0466,0.1745987,
2,68.88,2,3.479952,354.2329,-1.653383,0.4751167,6.05482,-7.6722,-34.0466,0.1745987,
2,68.89,2,3.479605,354.2325,-1.649551,0.4740628,6.05482,-7.6722,-34.0466,0.1745987,
2,68.9,2,3.47843,354.2344,-1.649355,0.4741663,6.05482,-7.6722,-34.0466,0.1745987,
2,68.91,2,3.477086,354.2326,-1.650465,0.4746692,6.05482,-7.6722,-34.0466,0.1745987,
2,68.92,2,3.481651,354.2136,-1.656653,0.4758239,6.05482,-7.6722,-34.0466,0.1745987,
2,68.93,2,3.485289,354.1771,-1.660233,0.4763544,6.05482,-7.6722,-34.0466,0.1745987,
2,68.94,2,3.486949,354.1592,-1.663122,0.4769561,6.05482,-7.6722,-34.0466,0.1745987,
2,68.95,2,3.490361,354.16,-1.661413,0.4760004,6.05482,-7.6722,-34.0466,0.1745987,
2,68.96,2,3.491812,354.1633,-1.655016,0.4739704,6.05482,-7.6722,-34.0466,0.1745987,
2,68.97,2,3.48974,354.1541,-1.657768,0.4750404,6.05482,-7.6722,-34.0466,0.1745987,
2,68.98,2,3.490777,354.1545,-1.66034,0.4756362,6.05482,-7.6722,-34.0466,0.1745987,
2,68.99,2,3.490948,354.1578,-1.662099,0.4761167,6.05482,-7.6722,-34.0466,0.1745987,
2,69,2,3.491027,354.1464,-1.659769,0.4754385,6.05482,-7.6722,-34.0466,0.1745987,
2,69.01,2,3.491403,354.1498,-1.658789,0.4751068,6.05482,-7.6722,-34.0466,0.1745987,
2,69.02,2,3.48933,354.1414,-1.659647,0.4756348,6.05482,-7.6722,-34.0466,0.1745987,
2,69.03,2,3.488163,354.1306,-1.659759,0.4758262,6.05482,-7.6722,-34.0466,0.1745987,
2,69.04,2,3.487498,354.1302,-1.661987,0.4765556,6.05482,-7.6722,-34.0466,0.1745987,
2,69.05,2,3.490754,354.1242,-1.662098,0.4761431,6.05482,-7.6722,-34.0466,0.1745987,
2,69.06,2,3.490541,354.1026,-1.659914,0.4755462,6.05482,-7.6722,-34.0466,0.1745987,
2,69.07,2,3.488219,354.1573,-1.661428,0.4762969,6.05482,-7.6722,-34.0466,0.1745987,
2,69.08,2,3.490668,354.1122,-1.65894,0.47525,6.05482,-7.6722,-34.0466,0.1745987,
2,69.09,2,3.490754,354.135,-1.659331,0.4753501,6.05078,-7.6722,-34.0472,0.1751976,
2,69.1,2,3.491115,354.1302,-1.660614,0.4756688,6.05078,-7.6722,-34.0472,0.1751976,
2,69.11,2,3.489068,354.131,-1.665436,0.4773298,6.05078,-7.6722,-34.0472,0.1751976,
2,69.12,2,3.487586,354.1204,-1.676472,0.480697,6.05078,-7.6722,-34.0472,0.1751976,
2,69.13,2,3.488652,354.1148,-1.666891,0.4778036,6.05078,-7.6722,-34.0472,0.1751976,
2,69.14,2,3.492385,354.1153,-1.656498,0.474317,6.05078,-7.6722,-34.0472,0.1751976,
2,69.15,2,3.490447,354.1147,-1.657801,0.4749538,6.05078,-7.6722,-34.0472,0.1751976,
2,69.16,2,3.487894,354.0958,-1.660014,0.4759358,6.05078,-7.6722,-34.0472,0.1751976,
2,69.17,2,3.489456,354.1091,-1.658468,0.4752797,6.05078,-7.6722,-34.0472,0.1751976,
2,69.18,2,3.489031,354.0968,-1.656442,0.474757,6.05078,-7.6722,-34.0472,0.1751976,
2,69.19,2,3.488104,354.096,-1.655029,0.474478,6.05078,-7.6722,-34.0472,0.1751976,
2,69.2,2,3.492336,354.093,-1.656712,0.474385,6.05078,-7.6722,-34.0472,0.1751976,
2,69.21,2,3.495188,354.0682,-1.65592,0.4737714,6.05078,-7.6722,-34.0472,0.1751976,
2,69.22,2,3.499072,354.0518,-1.657993,0.4738379,6.05078,-7.6722,-34.0472,0.1751976,
2,69.23,2,3.502939,354.0448,-1.660151,0.4739309,6.05078,-7.6722,-34.0472,0.1751976,
2,69.24,2,3.502949,354.0469,-1.660231,0.4739525,6.05078,-7.6722,-34.0472,0.1751976,
2,69.25,2,3.504585,354.0303,-1.66002,0.473671,6.05078,-7.6722,-34.0472,0.1751976,
2,69.26,2,3.503203,354.0442,-1.661059,0.4741544,6.05078,-7.6722,-34.0472,0.1751976,
2,69.27,2,3.503378,354.011,-1.663458,0.4748155,6.05078,-7.6722,-34.0472,0.1751976,
2,69.28,2,3.502389,354.0461,-1.662916,0.4747948,6.05078,-7.6722,-34.0472,0.1751976,
2,69.29,2,3.502726,354.0099,-1.669996,0.4767703,6.05078,-7.6722,-34.0472,0.1751976,
2,69.3,2,3.502011,354.0053,-1.669919,0.4768457,6.05078,-7.6722,-34.0472,0.1751976,
2,69.31,2,3.502643,354.0174,-1.668888,0.4764654,6.05078,-7.6722,-34.0472,0.1751976,
2,69.32,2,3.500947,353.9981,-1.66423,0.4753657,6.05078,-7.6722,-34.0472,0.1751976,
2,69.33,2,3.503968,354.0117,-1.663669,0.4747956,6.0459,-7.6722,-34.0478,0.1757965,
2,69.34,2,3.503335,353.9945,-1.664658,0.4751638,6.0459,-7.6722,-34.0478,0.1757965,
2,69.35,2,3.50183,353.9951,-1.665409,0.4755825,6.0459,-7.6722,-34.0478,0.1757965,
2,69.36,2,3.499826,353.9974,-1.666546,0.4761797,6.0459,-7.6722,-34.0478,0.1757965,
2,69.37,2,3.502434,353.997,-1.665669,0.4755747,6.0459,-7.6722,-34.0478,0.1757965,
2,69.38,2,3.502845,353.9918,-1.665417,0.4754469,6.0459,-7.6722,-34.0478,0.1757965,
2,69.39,2,3.502057,353.9895,-1.668689,0.4764882,6.0459,-7.6722,-34.0478,0.1757965,
2,69.4,2,3.501538,353.9476,-1.668192,0.476417,6.0459,-7.6722,-34.0478,0.1757965,
2,69.41,2,3.501663,353.9782,-1.667686,0.4762555,6.0459,-7.6722,-34.0478,0.1757965,
2,69.42,2,3.503218,353.9896,-1.665188,0.4753309,6.0459,-7.6722,-34.0478,0.1757965,
2,69.43,2,3.501137,353.9815,-1.665176,0.4756099,6.0459,-7.6722,-34.0478,0.1757965,
2,69.44,2,3.503914,353.9713,-1.667891,0.476008,6.0459,-7.6722,-34.0478,0.1757965,
2,69.45,2,3.50893,353.9761,-1.666339,0.4748854,6.0459,-7.6722,-34.0478,0.1757965,
2,69.46,2,3.510549,353.9402,-1.666272,0.4746472,6.0459,-7.6722,-34.0478,0.1757965,
2,69.47,2,3.514422,353.9261,-1.667863,0.4745766,6.0459,-7.6722,-34.0478,0.1757965,
2,69.48,2,3.515194,353.9377,-1.665852,0.4739004,6.0459,-7.6722,-34.0478,0.1757965,
2,69.49,2,3.517005,353.9255,-1.662873,0.4728093,6.0459,-7.6722,-34.0478,0.1757965,
2,69.5,2,3.513689,353.9237,-1.664165,0.4736233,6.0459,-7.6722,-34.0478,0.1757965,
2,69.51,2,3.512311,353.9094,-1.665641,0.4742293,6.0459,-7.6722,-34.0478,0.1757965,
2,69.52,2,3.514813,353.9017,-1.668904,0.47482,6.0459,-7.6722,-34.0478,0.1757965,
2,69.53,2,3.513527,353.9178,-1.667927,0.4747157,6.0459,-7.6722,-34.0478,0.1757965,
2,69.54,2,3.513974,353.8995,-1.66616,0.4741525,6.0459,-7.6722,-34.0478,0.1757965,
2,69.55,2,3.513332,353.9009,-1.666896,0.4744488,6.0459,-7.6722,-34.0478,0.1757965,
2,69.56,2,3.514298,353.8931,-1.669268,0.4749933,6.0459,-7.6722,-34.0478,0.1757965,
2,69.57,2,3.516821,353.8916,-1.670203,0.4749184,6.0459,-7.6722,-34.0478,0.1757965,
2,69.58,2,3.510281,353.8941,-1.670957,0.4760179,6.0459,-7.6722,-34.0478,0.1757965,
2,69.59,2,3.513863,353.8862,-1.671649,0.4757298,6.0421,-7.6722,-34.0484,0.1763992,
2,69.6,2,3.514898,353.8902,-1.670627,0.4752989,6.0421,-7.6722,-34.0484,0.1763992,
2,69.61,2,3.512753,353.8839,-1.671469,0.4758289,6.0421,-7.6722,-34.0484,0.1763992,
2,69.62,2,3.515535,353.8795,-1.672586,0.4757701,6.0421,-7.6722,-34.0484,0.1763992,
2,69.63,2,3.513886,353.8706,-1.674454,0.4765249,6.0421,-7.6722,-34.0484,0.1763992,
2,69.64,2,3.513017,353.9307,-1.67287,0.4761918,6.0421,-7.6722,-34.0484,0.1763992,
2,69.65,2,3.51587,353.826,-1.673654,0.4760284,6.0421,-7.6722,-34.0484,0.1763992,
2,69.66,2,3.515179,353.8652,-1.671897,0.4756222,6.0421,-7.6722,-34.0484,0.1763992,
2,69.67,2,3.518067,353.8623,-1.67364,0.4757272,6.0421,-7.6722,-34.0484,0.1763992,
2,69.68,2,3.521473,353.8415,-1.676862,0.476182,6.0421,-7.6722,-34.0484,0.1763992,
2,69.69,2,3.526216,353.8151,-1.67857,0.4760257,6.0421,-7.6722,-34.0484,0.1763992,
2,69.7,2,3.530236,353.8544,-1.680362,0.4759913,6.0421,-7.6722,-34.0484,0.1763992,
2,69.71,2,3.531387,353.8123,-1.678971,0.4754425,6.0421,-7.6722,-34.0484,0.1763992,
2,69.72,2,3.528837,353.8141,-1.678137,0.4755496,6.0421,-7.6722,-34.0484,0.1763992,
2,69.73,2,3.528694,353.7973,-1.6781,0.4755585,6.0421,-7.6722,-34.0484,0.1763992,
2,69.74,2,3.529004,353.8151,-1.677854,0.4754469,6.0421,-7.6722,-34.0484,0.1763992,
2,69.75,2,3.528329,353.8155,-1.679488,0.476001,6.0421,-7.6722,-34.0484,0.1763992,
2,69.76,2,3.528689,353.8036,-1.679162,0.4758601,6.0421,-7.6722,-34.0484,0.1763992,
2,69.77,2,3.527075,353.7927,-1.676629,0.4753597,6.0421,-7.6722,-34.0484,0.1763992,
2,69.78,2,3.527224,353.7848,-1.677557,0.4756027,6.0421,-7.6722,-34.0484,0.1763992,
2,69.79,2,3.529871,353.7876,-1.686076,0.4776594,6.0421,-7.6722,-34.0484,0.1763992,
2,69.8,2,3.527189,353.7801,-1.684282,0.4775141,6.0421,-7.6722,-34.0484,0.1763992,
2,69.81,2,3.527531,353.7751,-1.679597,0.4761395,6.03802,-7.6722,-34.0491,0.1770973,
2,69.82,2,3.528023,353.7763,-1.680614,0.4763613,6.03802,-7.6722,-34.0491,0.1770973,
2,69.83,2,3.528171,353.7752,-1.679453,0.4760122,6.03802,-7.6722,-34.0491,0.1770973,
2,69.84,2,3.529166,353.7685,-1.686455,0.4778621,6.03802,-7.6722,-34.0491,0.1770973,
2,69.85,2,3.52911,353.7555,-1.680432,0.4761631,6.03802,-7.6722,-34.0491,0.1770973,
2,69.86,2,3.529143,353.7628,-1.681031,0.4763285,6.03802,-7.6722,-34.0491,0.1770973,
2,69.87,2,3.528029,353.7487,-1.689462,0.4788685,6.03802,-7.6722,-34.0491,0.1770973,
2,69.88,2,3.52496,353.764,-1.685741,0.4782298,6.03802,-7.6722,-34.0491,0.1770973,
2,69.89,2,3.527634,353.7576,-1.684811,0.4776037,6.03802,-7.6722,-34.0491,0.1770973,
2,69.9,2,3.53004,353.7546,-1.680237,0.4759824,6.03802,-7.6722,-34.0491,0.1770973,
2,69.91,2,3.534269,353.7316,-1.679541,0.475216,6.03802,-7.6722,-34.0491,0.1770973,
2,69.92,2,3.537915,353.7065,-1.683149,0.4757459,6.03802,-7.6722,-34.0491,0.1770973,
2,69.93,2,3.540639,353.7058,-1.687278,0.4765461,6.03802,-7.6722,-34.0491,0.1770973,
2,69.94,2,3.542038,353.7055,-1.695154,0.4785814,6.03802,-7.6722,-34.0491,0.1770973,
2,69.95,2,3.541691,353.6911,-1.697772,0.4793676,6.03802,-7.6722,-34.0491,0.1770973,
2,69.96,2,3.541462,353.6926,-1.693077,0.4780729,6.03802,-7.6722,-34.0491,0.1770973,
2,69.97,2,3.543878,353.687,-1.697282,0.4789335,6.03802,-7.6722,-34.0491,0.1770973,
2,69.98,2,3.539634,353.6876,-1.69763,0.4796061,6.03802,-7.6722,-34.0491,0.1770973,
2,69.99,2,3.541388,353.7122,-1.690333,0.477308,6.03802,-7.6722,-34.0491,0.1770973,
2,70,2,3.54216,353.6968,-1.689721,0.4770311,6.03802,-7.6722,-34.0491,0.1770973,
2,70.01,2,3.542485,353.6902,-1.686654,0.4761217,6.03802,-7.6722,-34.0491,0.1770973,
2,70.02,2,3.540099,353.6787,-1.685964,0.4762476,6.03802,-7.6722,-34.0491,0.1770973,
2,70.03,2,3.5436,353.6776,-1.68629,0.4758691,6.03802,-7.6722,-34.0491,0.1770973,
2,70.04,2,3.542101,353.6759,-1.686747,0.4761995,6.03802,-7.6722,-34.0491,0.1770973,
2,70.05,2,3.540584,353.6909,-1.694197,0.4785077,6.03398,-7.6722,-34.0498,0.1777992,
2,70.06,2,3.542254,353.6724,-1.686953,0.4762373,6.03398,-7.6722,-34.0498,0.1777992,
2,70.07,2,3.54042,353.6632,-1.686903,0.4764698,6.03398,-7.6722,-34.0498,0.1777992,
2,70.08,2,3.540971,353.6651,-1.692092,0.4778609,6.03398,-7.6722,-34.0498,0.1777992,
2,70.09,2,3.541227,353.661,-1.686989,0.4763854,6.03398,-7.6722,-34.0498,0.1777992,
2,70.1,2,3.542018,353.652,-1.686942,0.4762658,6.03398,-7.6722,-34.0498,0.1777992,
2,70.11,2,3.539543,353.6599,-1.689143,0.4772207,6.03398,-7.6722,-34.0498,0.1777992,
2,70.12,2,3.540223,353.64,-1.686773,0.4764596,6.03398,-7.6722,-34.0498,0.1777992,
2,70.13,2,3.543406,353.6455,-1.689201,0.4767166,6.03398,-7.6722,-34.0498,0.1777992,
2,70.14,2,3.538203,353.6458,-1.690858,0.4778861,6.03398,-7.6722,-34.0498,0.1777992,
2,70.15,2,3.538228,353.6343,-1.688913,0.4773329,6.03398,-7.6722,-34.0498,0.1777992,
2,70.16,2,3.538936,353.6293,-1.696563,0.4793991,6.03398,-7.6722,-34.0498,0.1777992,
2,70.17,2,3.540449,353.6192,-1.690724,0.477545,6.03398,-7.6722,-34.0498,0.1777992,
2,70.18,2,3.545211,353.6306,-1.690382,0.4768071,6.03398,-7.6722,-34.0498,0.1777992,
2,70.19,2,3.545442,353.6058,-1.690336,0.4767631,6.03398,-7.6722,-34.0498,0.1777992,
2,70.2,2,3.547949,353.5961,-1.694523,0.4776063,6.03398,-7.6722,-34.0498,0.1777992,
2,70.21,2,3.551679,353.5779,-1.692481,0.4765299,6.03398,-7.6722,-34.0498,0.1777992,
2,70.22,2,3.555547,353.5823,-1.700057,0.4781421,6.03398,-7.6722,-34.0498,0.1777992,
2,70.23,2,3.55076,353.5432,-1.695711,0.477563,6.03398,-7.6722,-34.0498,0.1777992,
2,70.24,2,3.552874,353.6137,-1.696549,0.4775147,6.03398,-7.6722,-34.0498,0.1777992,
2,70.25,2,3.552057,353.5455,-1.700494,0.4787349,6.03398,-7.6722,-34.0498,0.1777992,
2,70.26,2,3.551924,353.5901,-1.693665,0.4768303,6.03398,-7.6722,-34.0498,0.1777992,
2,70.27,2,3.552516,353.5567,-1.699847,0.4784909,6.03398,-7.6722,-34.0498,0.1777992,
2,70.28,2,3.551125,353.5607,-1.700943,0.4789872,6.03398,-7.6722,-34.0498,0.1777992,
2,70.29,2,3.553236,353.5187,-1.700924,0.4786972,6.02962,-7.6722,-34.0504,0.1783981,
2,70.3,2,3.551206,353.5667,-1.702984,0.479551,6.02962,-7.6722,-34.0504,0.1783981,
2,70.31,2,3.552709,353.557,-1.694218,0.4768806,6.02962,-7.6722,-34.0504,0.1783981,
2,70.32,2,3.550901,353.5591,-1.696171,0.4776733,6.02962,-7.6722,-34.0504,0.1783981,
2,70.33,2,3.55179,353.5508,-1.697485,0.4779237,6.02962,-7.6722,-34.0504,0.1783981,
2,70.34,2,3.551504,353.5406,-1.693213,0.4767593,6.02962,-7.6722,-34.0504,0.1783981,
2,70.35,2,3.551275,353.5402,-1.699711,0.47862,6.02962,-7.6722,-34.0504,0.1783981,
2,70.36,2,3.552742,353.5425,-1.69099,0.4759675,6.02962,-7.6722,-34.0504,0.1783981,
2,70.37,2,3.552642,353.5411,-1.694451,0.4769551,6.02962,-7.6722,-34.0504,0.1783981,
2,70.38,2,3.553816,353.5335,-1.690971,0.4758185,6.02962,-7.6722,-34.0504,0.1783981,
2,70.39,2,3.552795,353.5455,-1.690468,0.4758134,6.02962,-7.6722,-34.0504,0.1783981,
2,70.4,2,3.55401,353.5341,-1.69597,0.4771989,6.02962,-7.6722,-34.0504,0.1783981,
2,70.41,2,3.55775,353.504,-1.694753,0.4763553,6.02962,-7.6722,-34.0504,0.1783981,
2,70.42,2,3.561155,353.4916,-1.691623,0.4750209,6.02962,-7.6722,-34.0504,0.1783981,
2,70.43,2,3.56456,353.4871,-1.699056,0.4766522,6.02962,-7.6722,-34.0504,0.1783981,
2,70.44,2,3.56473,353.47,-1.694682,0.4754026,6.02962,-7.6722,-34.0504,0.1783981,
2,70.45,2,3.563555,353.4847,-1.698369,0.4765939,6.02962,-7.6722,-34.0504,0.1783981,
2,70.46,2,3.565604,353.4453,-1.699071,0.4765172,6.02962,-7.6722,-34.0504,0.1783981,
2,70.47,2,3.566237,353.507,-1.698227,0.4761959,6.02962,-7.6722,-34.0504,0.1783981,
2,70.48,2,3.565339,353.4542,-1.698997,0.4765318,6.02962,-7.6722,-34.0504,0.1783981,
2,70.49,2,3.564483,353.4592,-1.697197,0.4761411,6.02962,-7.6722,-34.0504,0.1783981,
2,70.5,2,3.564098,353.4521,-1.699162,0.4767439,6.02962,-7.6722,-34.0504,0.1783981,
2,70.51,2,3.56319,353.4539,-1.701442,0.4775052,6.02962,-7.6722,-34.0504,0.1783981,
2,70.52,2,3.563944,353.4679,-1.701568,0.4774395,6.02962,-7.6722,-34.0504,0.1783981,
2,70.53,2,3.562731,353.4547,-1.703712,0.4782039,6.0261,-7.6722,-34.051,0.178997,
2,70.54,2,3.563949,353.4456,-1.702498,0.4776998,6.0261,-7.6722,-34.051,0.178997,
2,70.55,2,3.563833,353.4471,-1.700871,0.4772588,6.0261,-7.6722,-34.051,0.178997,
2,70.56,2,3.563779,353.4435,-1.703011,0.4778665,6.0261,-7.6722,-34.051,0.178997,
2,70.57,2,3.561573,353.4329,-1.703833,0.4783933,6.0261,-7.6722,-34.051,0.178997,
2,70.58,2,3.563214,353.4229,-1.703943,0.478204,6.0261,-7.6722,-34.051,0.178997,
2,70.59,2,3.56632,353.4232,-1.704153,0.4778463,6.0261,-7.6722,-34.051,0.178997,
2,70.6,2,3.563415,353.4359,-1.700575,0.4772319,6.0261,-7.6722,-34.051,0.178997,
2,70.61,2,3.562103,353.4252,-1.699579,0.4771281,6.0261,-7.6722,-34.051,0.178997,
2,70.62,2,3.562792,353.426,-1.701169,0.4774821,6.0261,-7.6722,-34.051,0.178997,
2,70.63,2,3.563595,353.4237,-1.701157,0.4773711,6.0261,-7.6722,-34.051,0.178997,
2,70.64,2,3.565296,353.399,-1.701099,0.477127,6.0261,-7.6722,-34.051,0.178997,
2,70.65,2,3.568355,353.4045,-1.701199,0.476746,6.0261,-7.6722,-34.051,0.178997,
2,70.66,2,3.572531,353.3795,-1.699466,0.4757037,6.0261,-7.6722,-34.051,0.178997,
2,70.67,2,3.577808,353.3638,-1.698263,0.4746657,6.0261,-7.6722,-34.051,0.178997,
2,70.68,2,3.576467,353.3638,-1.700367,0.4754322,6.0261,-7.6722,-34.051,0.178997,
2,70.69,2,3.577474,353.3626,-1.702948,0.4760197,6.0261,-7.6722,-34.051,0.178997,
2,70.7,2,3.576004,353.3342,-1.702966,0.4762204,6.0261,-7.6722,-34.051,0.178997,
2,70.71,2,3.577521,353.3415,-1.703917,0.4762843,6.0261,-7.6722,-34.051,0.178997,
2,70.72,2,3.578062,353.3491,-1.703097,0.4759831,6.0261,-7.6722,-34.051,0.178997,
2,70.73,2,3.577078,353.3401,-1.704335,0.4764601,6.0261,-7.6722,-34.051,0.178997,
2,70.74,2,3.575631,353.3348,-1.70475,0.4767691,6.0261,-7.6722,-34.051,0.178997,
2,70.75,2,3.577489,353.3343,-1.706622,0.4770447,6.0261,-7.6722,-34.051,0.178997,
2,70.76,2,3.578235,353.3436,-1.70663,0.4769474,6.0261,-7.6722,-34.051,0.178997,
2,70.77,2,3.577428,353.3305,-1.70715,0.4772004,6.0261,-7.6722,-34.051,0.178997,
2,70.78,2,3.577977,353.3331,-1.707174,0.4771339,6.02175,-7.6722,-34.0516,0.1795998,
2,70.79,2,3.580158,353.3269,-1.705801,0.4764597,6.02175,-7.6722,-34.0516,0.1795998,
2,70.8,2,3.577848,353.3151,-1.707659,0.4772867,6.02175,-7.6722,-34.0516,0.1795998,
2,70.81,2,3.576426,353.319,-1.709412,0.4779665,6.02175,-7.6722,-34.0516,0.1795998,
2,70.82,2,3.575836,353.2488,-1.71035,0.4783078,6.02175,-7.6722,-34.0516,0.1795998,
2,70.83,2,3.575242,353.3459,-1.708658,0.4779141,6.02175,-7.6722,-34.0516,0.1795998,
2,70.84,2,3.575857,353.3096,-1.707685,0.4775596,6.02175,-7.6722,-34.0516,0.1795998,
2,70.85,2,3.573504,353.3066,-1.70811,0.4779931,6.02175,-7.6722,-34.0516,0.1795998,
2,70.86,2,3.575427,353.298,-1.709173,0.4780332,6.02175,-7.6722,-34.0516,0.1795998,
2,70.87,2,3.575704,353.3332,-1.709912,0.4782028,6.02175,-7.6722,-34.0516,0.1795998,
2,70.88,2,3.575661,353.3419,-1.710956,0.4785007,6.02175,-7.6722,-34.0516,0.1795998,
2,70.89,2,3.575827,353.299,-1.710195,0.4782658,6.02175,-7.6722,-34.0516,0.1795998,
2,70.9,2,3.578964,353.2966,-1.706986,0.4769498,6.02175,-7.6722,-34.0516,0.1795998,
2,70.91,2,3.583975,353.2684,-1.707602,0.4764547,6.02175,-7.6722,-34.0516,0.1795998,
2,70.92,2,3.586055,353.2549,-1.708296,0.4763719,6.02175,-7.6722,-34.0516,0.1795998,
2,70.93,2,3.588968,353.2434,-1.709863,0.476422,6.02175,-7.6722,-34.0516,0.1795998,
2,70.94,2,3.58802,353.2355,-1.708846,0.4762644,6.02175,-7.6722,-34.0516,0.1795998,
2,70.95,2,3.588009,353.2418,-1.708187,0.4760822,6.02175,-7.6722,-34.0516,0.1795998,
2,70.96,2,3.590262,353.2296,-1.705638,0.4750734,6.02175,-7.6722,-34.0516,0.1795998,
2,70.97,2,3.589665,353.2352,-1.706746,0.4754612,6.02175,-7.6722,-34.0516,0.1795998,
2,70.98,2,3.587604,353.2227,-1.708035,0.4760934,6.02175,-7.6722,-34.0516,0.1795998,
2,70.99,2,3.588728,353.2297,-1.709091,0.4762387,6.02175,-7.6722,-34.0516,0.1795998,
2,71,2,3.58931,353.2485,-1.709856,0.4763747,6.02175,-7.6722,-34.0516,0.1795998,
2,71.01,2,3.589486,353.2276,-1.708005,0.4758357,6.02175,-7.6722,-34.0516,0.1795998,
2,71.02,2,3.587822,353.2194,-1.708006,0.4760564,6.02175,-7.6722,-34.0516,0.1795998,
2,71.03,2,3.587958,353.2139,-1.707908,0.4760112,6.02175,-7.6722,-34.0516,0.1795998,
2,71.04,2,3.591687,353.2071,-1.712392,0.4767655,6.02175,-7.6722,-34.0516,0.1795998,
2,71.05,2,3.587964,353.2386,-1.714174,0.4777566,6.02175,-7.6722,-34.0516,0.1795998,
2,71.06,2,3.58666,353.1841,-1.7129,0.4775752,6.01715,-7.6722,-34.0522,0.1801987,
2,71.07,2,3.588838,353.2223,-1.712788,0.4772541,6.01715,-7.6722,-34.0522,0.1801987,
2,71.08,2,3.587982,353.1845,-1.712193,0.4772024,6.01715,-7.6722,-34.0522,0.1801987,
2,71.09,2,3.588593,353.2067,-1.713963,0.4776142,6.01715,-7.6722,-34.0522,0.1801987,
2,71.1,2,3.588883,353.1819,-1.71725,0.4784916,6.01715,-7.6722,-34.0522,0.1801987,
2,71.11,2,3.588143,353.1871,-1.7218,0.4798583,6.01715,-7.6722,-34.0522,0.1801987,
2,71.12,2,3.586673,353.1867,-1.721527,0.4799787,6.01715,-7.6722,-34.0522,0.1801987,
2,71.13,2,3.588277,353.1876,-1.718466,0.4789113,6.01715,-7.6722,-34.0522,0.1801987,
2,71.14,2,3.587802,353.1835,-1.714328,0.4778211,6.01715,-7.6722,-34.0522,0.1801987,
2,71.15,2,3.588885,353.1862,-1.716855,0.478381,6.01715,-7.6722,-34.0522,0.1801987,
2,71.16,2,3.587608,353.1853,-1.721797,0.4799291,6.01715,-7.6722,-34.0522,0.1801987,
2,71.17,2,3.588333,353.1677,-1.718725,0.4789759,6.01715,-7.6722,-34.0522,0.1801987,
2,71.18,2,3.585471,353.1912,-1.721014,0.4799967,6.01715,-7.6722,-34.0522,0.1801987,
2,71.19,2,3.590298,353.1686,-1.717835,0.4784657,6.01715,-7.6722,-34.0522,0.1801987,
2,71.2,2,3.597369,353.1449,-1.715988,0.477012,6.01715,-7.6722,-34.0522,0.1801987,
2,71.21,2,3.600435,353.1315,-1.71353,0.475923,6.01715,-7.6722,-34.0522,0.1801987,
2,71.22,2,3.602211,353.1219,-1.718555,0.4770834,6.01715,-7.6722,-34.0522,0.1801987,
2,71.23,2,3.601512,353.1401,-1.718393,0.4771309,6.01715,-7.6722,-34.0522,0.1801987,
2,71.24,2,3.602044,353.1266,-1.721815,0.4780105,6.01715,-7.6722,-34.0522,0.1801987,
2,71.25,2,3.602622,353.121,-1.721654,0.477889,6.01715,-7.6722,-34.0522,0.1801987,
2,71.26,2,3.601817,353.1157,-1.717104,0.4767326,6.01715,-7.6722,-34.0522,0.1801987,
2,71.27,2,3.600346,353.109,-1.718248,0.4772454,6.01715,-7.6722,-34.0522,0.1801987,
2,71.28,2,3.59955,353.0901,-1.720811,0.4780627,6.01715,-7.6722,-34.0522,0.1801987,
2,71.29,2,3.600835,353.1216,-1.721322,0.4780341,6.01715,-7.6722,-34.0522,0.1801987,
2,71.3,2,3.598316,353.1112,-1.721119,0.4783123,6.01715,-7.6722,-34.0522,0.1801987,
2,71.31,2,3.599476,353.0889,-1.739063,0.4831435,6.01715,-7.6722,-34.0522,0.1801987,
2,71.32,2,3.59896,353.0862,-1.72424,0.4790941,6.01228,-7.6722,-34.0529,0.1808968,
2,71.33,2,3.600073,353.0909,-1.723207,0.4786589,6.01228,-7.6722,-34.0529,0.1808968,
2,71.34,2,3.598356,353.0856,-1.722802,0.4787746,6.01228,-7.6722,-34.0529,0.1808968,
2,71.35,2,3.597611,353.0734,-1.726144,0.479803,6.01228,-7.6722,-34.0529,0.1808968,
2,71.36,2,3.600126,353.0798,-1.722456,0.4784434,6.01228,-7.6722,-34.0529,0.1808968,
2,71.37,2,3.597451,353.078,-1.727639,0.4802398,6.01228,-7.6722,-34.0529,0.1808968,
2,71.38,2,3.600272,353.0741,-1.722611,0.4784669,6.01228,-7.6722,-34.0529,0.1808968,
2,71.39,2,3.599128,353.0739,-1.724112,0.4790362,6.01228,-7.6722,-34.0529,0.1808968,
2,71.4,2,3.598922,353.0668,-1.727704,0.4800614,6.01228,-7.6722,-34.0529,0.1808968,
2,71.41,2,3.599249,353.1216,-1.730209,0.4807139,6.01228,-7.6722,-34.0529,0.1808968,
2,71.42,2,3.599567,353.0486,-1.729532,0.4804834,6.01228,-7.6722,-34.0529,0.1808968,
2,71.43,2,3.600797,353.0528,-1.728277,0.4799706,6.01228,-7.6722,-34.0529,0.1808968,
2,71.44,2,3.607299,353.0466,-1.727954,0.479016,6.01228,-7.6722,-34.0529,0.1808968,
2,71.45,2,3.61152,353.0144,-1.733682,0.4800422,6.01228,-7.6722,-34.0529,0.1808968,
2,71.46,2,3.612267,353.0206,-1.738725,0.4813389,6.01228,-7.6722,-34.0529,0.1808968,
2,71.47,2,3.612314,353.0031,-1.735142,0.4803407,6.01228,-7.6722,-34.0529,0.1808968,
2,71.48,2,3.613287,353.0018,-1.733873,0.4798602,6.01228,-7.6722,-34.0529,0.1808968,
2,71.49,2,3.61367,353.0022,-1.735185,0.4801725,6.01228,-7.6722,-34.0529,0.1808968,
2,71.5,2,3.613215,353.0047,-1.73021,0.4788562,6.01228,-7.6722,-34.0529,0.1808968,
2,71.51,2,3.613223,352.9965,-1.733304,0.4797113,6.01228,-7.6722,-34.0529,0.1808968,
2,71.52,2,3.61267,353.0066,-1.731197,0.4792016,6.01228,-7.6722,-34.0529,0.1808968,
2,71.53,2,3.612042,352.9743,-1.73605,0.4806285,6.01228,-7.6722,-34.0529,0.1808968,
2,71.54,2,3.611485,352.9809,-1.73232,0.4796697,6.01228,-7.6722,-34.0529,0.1808968,
2,71.55,2,3.612161,352.9853,-1.729314,0.4787477,6.01228,-7.6722,-34.0529,0.1808968,
2,71.56,2,3.61276,352.9808,-1.726353,0.4778487,6.0082,-7.6722,-34.0536,0.1815987,
2,71.57,2,3.612957,352.9734,-1.726117,0.4777574,6.0082,-7.6722,-34.0536,0.1815987,
2,71.58,2,3.612688,352.9747,-1.72862,0.478486,6.0082,-7.6722,-34.0536,0.1815987,
2,71.59,2,3.612897,352.9616,-1.732858,0.479631,6.0082,-7.6722,-34.0536,0.1815987,
2,71.6,2,3.611039,352.9591,-1.732114,0.479672,6.0082,-7.6722,-34.0536,0.1815987,
2,71.61,2,3.613576,352.9771,-1.731257,0.479098,6.0082,-7.6722,-34.0536,0.1815987,
2,71.62,2,3.612191,352.9388,-1.732451,0.4796122,6.0082,-7.6722,-34.0536,0.1815987,
2,71.63,2,3.613813,352.9728,-1.732538,0.4794211,6.0082,-7.6722,-34.0536,0.1815987,
2,71.64,2,3.609177,352.9211,-1.733072,0.4801847,6.0082,-7.6722,-34.0536,0.1815987,
2,71.65,2,3.611251,352.9591,-1.73342,0.4800055,6.0082,-7.6722,-34.0536,0.1815987,
2,71.66,2,3.610815,352.9627,-1.732636,0.4798463,6.0082,-7.6722,-34.0536,0.1815987,
2,71.67,2,3.613975,352.9617,-1.730046,0.47871,6.0082,-7.6722,-34.0536,0.1815987,
2,71.68,2,3.614858,352.9558,-1.732378,0.4792381,6.0082,-7.6722,-34.0536,0.1815987,
2,71.69,2,3.620635,352.9188,-1.733642,0.4788227,6.0082,-7.6722,-34.0536,0.1815987,
2,71.7,2,3.620898,352.919,-1.734725,0.4790869,6.0082,-7.6722,-34.0536,0.1815987,
2,71.71,2,3.62732,352.8995,-1.736416,0.4787051,6.0082,-7.6722,-34.0536,0.1815987,
2,71.72,2,3.628167,352.8937,-1.7346,0.4780926,6.0082,-7.6722,-34.0536,0.1815987,
2,71.73,2,3.627157,352.8956,-1.736253,0.4786815,6.0082,-7.6722,-34.0536,0.1815987,
2,71.74,2,3.626807,352.8876,-1.739237,0.4795505,6.0082,-7.6722,-34.0536,0.1815987,
2,71.75,2,3.62867,352.8847,-1.73921,0.4792969,6.0082,-7.6722,-34.0536,0.1815987,
2,71.76,2,3.627233,352.9156,-1.739606,0.479596,6.0082,-7.6722,-34.0536,0.1815987,
2,71.77,2,3.625853,352.8885,-1.738014,0.4793394,6.0082,-7.6722,-34.0536,0.1815987,
2,71.78,2,3.627444,352.8773,-1.737091,0.4788747,6.0082,-7.6722,-34.0536,0.1815987,
2,71.79,2,3.627414,352.8869,-1.734653,0.4782065,6.0082,-7.6722,-34.0536,0.1815987,
2,71.8,2,3.626514,352.8757,-1.734445,0.4782678,6.00385,-7.6722,-34.0542,0.1821976,
2,71.81,2,3.626495,352.8714,-1.736228,0.478762,6.00385,-7.6722,-34.0542,0.1821976,
2,71.82,2,3.625421,352.8701,-1.740636,0.4801196,6.00385,-7.6722,-34.0542,0.1821976,
2,71.83,2,3.625154,352.8811,-1.738438,0.4795486,6.00385,-7.6722,-34.0542,0.1821976,
2,71.84,2,3.62693,352.8605,-1.733833,0.4780442,6.00385,-7.6722,-34.0542,0.1821976,
2,71.85,2,3.625758,352.8557,-1.729998,0.477141,6.00385,-7.6722,-34.0542,0.1821976,
2,71.86,2,3.626045,352.8329,-1.730833,0.4773335,6.00385,-7.6722,-34.0542,0.1821976,
2,71.87,2,3.627279,352.8547,-1.728597,0.4765549,6.00385,-7.6722,-34.0542,0.1821976,
2,71.88,2,3.625042,352.8537,-1.731702,0.4777053,6.00385,-7.6722,-34.0542,0.1821976,
2,71.89,2,3.626433,352.8298,-1.732859,0.4778412,6.00385,-7.6722,-34.0542,0.1821976,
2,71.9,2,3.626289,352.8426,-1.731098,0.4773744,6.00385,-7.6722,-34.0542,0.1821976,
2,71.91,2,3.631547,352.8265,-1.732994,0.4772054,6.00385,-7.6722,-34.0542,0.1821976,
2,71.92,2,3.634667,352.8029,-1.73751,0.4780382,6.00385,-7.6722,-34.0542,0.1821976,
2,71.93,2,3.636263,352.7877,-1.73939,0.4783456,6.00385,-7.6722,-34.0542,0.1821976,
2,71.94,2,3.64158,352.793,-1.740716,0.4780113,6.00385,-7.6722,-34.0542,0.1821976,
2,71.95,2,3.641919,352.7831,-1.739077,0.4775166,6.00385,-7.6722,-34.0542,0.1821976,
2,71.96,2,3.638426,352.7733,-1.739135,0.477991,6.00385,-7.6722,-34.0542,0.1821976,
2,71.97,2,3.639313,352.7704,-1.738023,0.4775688,6.00385,-7.6722,-34.0542,0.1821976,
2,71.98,2,3.640069,352.774,-1.744113,0.4791427,6.00385,-7.6722,-34.0542,0.1821976,
2,71.99,2,3.64021,352.7722,-1.741669,0.4784528,6.00385,-7.6722,-34.0542,0.1821976,
2,72,2,3.64004,352.7344,-1.745471,0.4795197,6.00385,-7.6722,-34.0542,0.1821976,
2,72.01,2,3.640177,352.7526,-1.744139,0.4791358,6.00385,-7.6722,-34.0542,0.1821976,
2,72.02,2,3.640509,352.7722,-1.744105,0.4790827,6.00385,-7.6722,-34.0542,0.1821976,
2,72.03,2,3.641392,352.7583,-1.742958,0.4786515,6.00385,-7.6722,-34.0542,0.1821976,
2,72.04,2,3.638915,352.7694,-1.744457,0.4793894,6.00033,-7.6722,-34.0549,0.1828995,
2,72.05,2,3.638473,352.7506,-1.748509,0.4805612,6.00033,-7.6722,-34.0549,0.1828995,
2,72.06,2,3.637021,352.7495,-1.748677,0.4807994,6.00033,-7.6722,-34.0549,0.1828995,
2,72.07,2,3.637444,352.7625,-1.742977,0.4791763,6.00033,-7.6722,-34.0549,0.1828995,
2,72.08,2,3.637954,352.7498,-1.740062,0.4783078,6.00033,-7.6722,-34.0549,0.1828995,
2,72.09,2,3.637913,352.7441,-1.738854,0.4779811,6.00033,-7.6722,-34.0549,0.1828995,
2,72.1,2,3.639149,352.745,-1.74093,0.4783893,6.00033,-7.6722,-34.0549,0.1828995,
2,72.11,2,3.639802,352.7279,-1.740579,0.4782071,6.00033,-7.6722,-34.0549,0.1828995,
2,72.12,2,3.638146,352.7303,-1.740842,0.4784969,6.00033,-7.6722,-34.0549,0.1828995,
2,72.13,2,3.642314,352.7347,-1.737326,0.4769842,6.00033,-7.6722,-34.0549,0.1828995,
2,72.14,2,3.645475,352.7128,-1.737732,0.4766818,6.00033,-7.6722,-34.0549,0.1828995,
2,72.15,2,3.646123,352.688,-1.741114,0.4775247,6.00033,-7.6722,-34.0549,0.1828995,
2,72.16,2,3.651644,352.6833,-1.740186,0.4765487,6.00033,-7.6722,-34.0549,0.1828995,
2,72.17,2,3.652127,352.6891,-1.744269,0.4776035,6.00033,-7.6722,-34.0549,0.1828995,
2,72.18,2,3.652117,352.6862,-1.748321,0.4787143,6.00033,-7.6722,-34.0549,0.1828995,
2,72.19,2,3.652121,352.6805,-1.74917,0.4789464,6.00033,-7.6722,-34.0549,0.1828995,
2,72.2,2,3.64984,352.6772,-1.748053,0.4789396,6.00033,-7.6722,-34.0549,0.1828995,
2,72.21,2,3.652928,352.6681,-1.746107,0.4780019,6.00033,-7.6722,-34.0549,0.1828995,
2,72.22,2,3.65038,352.656,-1.748912,0.4791041,6.00033,-7.6722,-34.0549,0.1828995,
2,72.23,2,3.649159,352.669,-1.752807,0.4803317,6.00033,-7.6722,-34.0549,0.1828995,
2,72.24,2,3.651119,352.6503,-1.749913,0.4792812,6.00033,-7.6722,-34.0549,0.1828995,
2,72.25,2,3.651849,352.6417,-1.751183,0.4795332,6.00033,-7.6722,-34.0549,0.1828995,
2,72.26,2,3.651433,352.6573,-1.747414,0.4785557,5.99627,-7.6722,-34.0555,0.1834984,
2,72.27,2,3.651737,352.6306,-1.752994,0.4800438,5.99627,-7.6722,-34.0555,0.1834984,
2,72.28,2,3.649863,352.6558,-1.754253,0.4806352,5.99627,-7.6722,-34.0555,0.1834984,
2,72.29,2,3.651102,352.6345,-1.752669,0.4800383,5.99627,-7.6722,-34.0555,0.1834984,
2,72.3,2,3.650655,352.6338,-1.754113,0.4804928,5.99627,-7.6722,-34.0555,0.1834984,
2,72.31,2,3.647922,352.6412,-1.755677,0.4812815,5.99627,-7.6722,-34.0555,0.1834984,
2,72.32,2,3.648913,352.6369,-1.754686,0.480879,5.99627,-7.6722,-34.0555,0.1834984,
2,72.33,2,3.651391,352.6363,-1.754494,0.4805002,5.99627,-7.6722,-34.0555,0.1834984,
2,72.34,2,3.650321,352.6292,-1.754267,0.4805787,5.99627,-7.6722,-34.0555,0.1834984,
2,72.35,2,3.649617,352.5946,-1.754879,0.4808392,5.99627,-7.6722,-34.0555,0.1834984,
2,72.36,2,3.648534,352.6038,-1.756894,0.4815343,5.99627,-7.6722,-34.0555,0.1834984,
2,72.37,2,3.65326,352.6135,-1.753621,0.4800152,5.99627,-7.6722,-34.0555,0.1834984,
2,72.38,2,3.658723,352.5999,-1.751228,0.4786447,5.99627,-7.6722,-34.0555,0.1834984,
2,72.39,2,3.660135,352.595,-1.750789,0.47834,5.99627,-7.6722,-34.0555,0.1834984,
2,72.4,2,3.664239,352.5685,-1.752947,0.4783932,5.99627,-7.6722,-34.0555,0.1834984,
2,72.41,2,3.666161,352.5519,-1.755566,0.4788569,5.99627,-7.6722,-34.0555,0.1834984,
2,72.42,2,3.66308,352.5656,-1.755626,0.4792759,5.99627,-7.6722,-34.0555,0.1834984,
2,72.43,2,3.66461,352.5587,-1.751641,0.4779884,5.99627,-7.6722,-34.0555,0.1834984,
2,72.44,2,3.666725,352.5555,-1.749393,0.4770995,5.99627,-7.6722,-34.0555,0.1834984,
2,72.45,2,3.66446,352.5589,-1.751018,0.477838,5.99627,-7.6722,-34.0555,0.1834984,
2,72.46,2,3.664585,352.5466,-1.752596,0.4782522,5.99627,-7.6722,-34.0555,0.1834984,
2,72.47,2,3.66303,352.5266,-1.751652,0.4781976,5.99627,-7.6722,-34.0555,0.1834984,
2,72.48,2,3.664488,352.5439,-1.75314,0.4784134,5.99627,-7.6722,-34.0555,0.1834984,
2,72.49,2,3.664196,352.5291,-1.754887,0.4789284,5.99275,-7.6722,-34.0562,0.1841965,
2,72.5,2,3.664798,352.5285,-1.753014,0.4783385,5.99275,-7.6722,-34.0562,0.1841965,
2,72.51,2,3.663532,352.5234,-1.7554,0.4791552,5.99275,-7.6722,-34.0562,0.1841965,
2,72.52,2,3.662524,352.5274,-1.75728,0.4798003,5.99275,-7.6722,-34.0562,0.1841965,
2,72.53,2,3.66343,352.5341,-1.758738,0.4800797,5.99275,-7.6722,-34.0562,0.1841965,
2,72.54,2,3.66666,352.5216,-1.756086,0.4789335,5.99275,-7.6722,-34.0562,0.1841965,
2,72.55,2,3.663987,352.522,-1.753039,0.4784511,5.99275,-7.6722,-34.0562,0.1841965,
2,72.56,2,3.662426,352.5126,-1.758017,0.4800144,5.99275,-7.6722,-34.0562,0.1841965,
2,72.57,2,3.664248,352.5182,-1.758857,0.480005,5.99275,-7.6722,-34.0562,0.1841965,
2,72.58,2,3.667011,352.5098,-1.759173,0.4797294,5.99275,-7.6722,-34.0562,0.1841965,
2,72.59,2,3.667475,352.5435,-1.762653,0.4806176,5.99275,-7.6722,-34.0562,0.1841965,
2,72.6,2,3.670802,352.4308,-1.761121,0.4797645,5.99275,-7.6722,-34.0562,0.1841965,
2,72.61,2,3.673428,352.4856,-1.756807,0.4782473,5.99275,-7.6722,-34.0562,0.1841965,
2,72.62,2,3.675686,352.4498,-1.763008,0.4796406,5.99275,-7.6722,-34.0562,0.1841965,
2,72.63,2,3.674298,352.4582,-1.762991,0.4798169,5.99275,-7.6722,-34.0562,0.1841965,
2,72.64,2,3.67639,352.4659,-1.763568,0.4797011,5.99275,-7.6722,-34.0562,0.1841965,
2,72.65,2,3.67253,352.5117,-1.767242,0.4812057,5.99275,-7.6722,-34.0562,0.1841965,
2,72.66,2,3.674076,352.4593,-1.762165,0.4796212,5.99275,-7.6722,-34.0562,0.1841965,
2,72.67,2,3.674101,352.4476,-1.764528,0.4802612,5.99275,-7.6722,-34.0562,0.1841965,
2,72.68,2,3.673343,352.4534,-1.759895,0.479099,5.99275,-7.6722,-34.0562,0.1841965,
2,72.69,2,3.67534,352.4405,-1.762133,0.4794477,5.99275,-7.6722,-34.0562,0.1841965,
2,72.7,2,3.675057,352.4484,-1.760945,0.4791611,5.99275,-7.6722,-34.0562,0.1841965,
2,72.71,2,3.672431,352.4434,-1.763832,0.4802901,5.99275,-7.6722,-34.0562,0.1841965,
2,72.72,2,3.675706,352.4298,-1.757248,0.478071,5.99275,-7.6722,-34.0562,0.1841965,
2,72.73,2,3.676169,352.431,-1.756983,0.4779386,5.98868,-7.6722,-34.0568,0.1847992,
2,72.74,2,3.674606,352.4193,-1.760634,0.4791354,5.98868,-7.6722,-34.0568,0.1847992,
2,72.75,2,3.675921,352.42,-1.75957,0.4786747,5.98868,-7.6722,-34.0568,0.1847992,
2,72.76,2,3.673898,352.4203,-1.760911,0.4793032,5.98868,-7.6722,-34.0568,0.1847992,
2,72.77,2,3.674684,352.4305,-1.761035,0.4792345,5.98868,-7.6722,-34.0568,0.1847992,
2,72.78,2,3.675365,352.4052,-1.764319,0.4800392,5.98868,-7.6722,-34.0568,0.1847992,
2,72.79,2,3.674041,352.4188,-1.76125,0.4793768,5.98868,-7.6722,-34.0568,0.1847992,
2,72.8,2,3.673106,352.3918,-1.758498,0.4787495,5.98868,-7.6722,-34.0568,0.1847992,
2,72.81,2,3.674922,352.4132,-1.765846,0.4805125,5.98868,-7.6722,-34.0568,0.1847992,
2,72.82,2,3.675203,352.4046,-1.768718,0.4812573,5.98868,-7.6722,-34.0568,0.1847992,
2,72.83,2,3.673564,352.3629,-1.769242,0.4816146,5.98868,-7.6722,-34.0568,0.1847992,
2,72.84,2,3.674311,352.4024,-1.767431,0.4810238,5.98868,-7.6722,-34.0568,0.1847992,
2,72.85,2,3.677005,352.3838,-1.766913,0.4805304,5.98868,-7.6722,-34.0568,0.1847992,
2,72.86,2,3.68231,352.3601,-1.764148,0.4790874,5.98868,-7.6722,-34.0568,0.1847992,
2,72.87,2,3.682016,352.3513,-1.768823,0.4803951,5.98868,-7.6722,-34.0568,0.1847992,
2,72.88,2,3.686361,352.3314,-1.771058,0.4804353,5.98868,-7.6722,-34.0568,0.1847992,
2,72.89,2,3.688274,352.3315,-1.766255,0.478884,5.98868,-7.6722,-34.0568,0.1847992,
2,72.9,2,3.688094,352.3312,-1.766243,0.4789042,5.98868,-7.6722,-34.0568,0.1847992,
2,72.91,2,3.688193,352.33,-1.769418,0.4797521,5.98868,-7.6722,-34.0568,0.1847992,
2,72.92,2,3.688905,352.3305,-1.7682,0.4793292,5.98868,-7.6722,-34.0568,0.1847992,
2,72.93,2,3.689169,352.3277,-1.767875,0.4792068,5.98868,-7.6722,-34.0568,0.1847992,
2,72.94,2,3.690213,352.333,-1.77386,0.4806932,5.98868,-7.6722,-34.0568,0.1847992,
2,72.95,2,3.690255,352.341,-1.769494,0.4795044,5.98868,-7.6722,-34.0568,0.1847992,
2,72.96,2,3.689939,352.3245,-1.766714,0.4787921,5.98868,-7.6722,-34.0568,0.1847992,
2,72.97,2,3.686657,352.3195,-1.767258,0.4793659,5.98868,-7.6722,-34.0568,0.1847992,
2,72.98,2,3.687318,352.3136,-1.763771,0.4783344,5.98868,-7.6722,-34.0568,0.1847992,
2,72.99,2,3.689281,352.3085,-1.767951,0.479213,5.98868,-7.6722,-34.0568,0.1847992,
2,73,2,3.68785,352.3298,-1.766396,0.4789771,5.98868,-7.6722,-34.0568,0.1847992,
2,73.01,2,3.685739,352.3051,-1.768659,0.4798655,5.98408,-7.6722,-34.0574,0.1853981,
2,73.02,2,3.68706,352.3067,-1.764217,0.4784887,5.98408,-7.6722,-34.0574,0.1853981,
2,73.03,2,3.686399,352.3004,-1.76573,0.478985,5.98408,-7.6722,-34.0574,0.1853981,
2,73.04,2,3.687164,352.2974,-1.762448,0.4779956,5.98408,-7.6722,-34.0574,0.1853981,
2,73.05,2,3.688553,352.2771,-1.761387,0.4775278,5.98408,-7.6722,-34.0574,0.1853981,
2,73.06,2,3.686913,352.3089,-1.762795,0.4781223,5.98408,-7.6722,-34.0574,0.1853981,
2,73.07,2,3.686054,352.2892,-1.766206,0.4791589,5.98408,-7.6722,-34.0574,0.1853981,
2,73.08,2,3.685518,352.2829,-1.766494,0.4793068,5.98408,-7.6722,-34.0574,0.1853981,
2,73.09,2,3.686993,352.2802,-1.766741,0.4791821,5.98408,-7.6722,-34.0574,0.1853981,
2,73.1,2,3.686706,352.2789,-1.767563,0.4794422,5.98408,-7.6722,-34.0574,0.1853981,
2,73.11,2,3.692059,352.2631,-1.770208,0.4794638,5.98408,-7.6722,-34.0574,0.1853981,
2,73.12,2,3.694481,352.2246,-1.766812,0.4782301,5.98408,-7.6722,-34.0574,0.1853981,
2,73.13,2,3.700444,352.2226,-1.771461,0.4787158,5.98408,-7.6722,-34.0574,0.1853981,
2,73.14,2,3.700172,352.2303,-1.770883,0.4785948,5.98408,-7.6722,-34.0574,0.1853981,
2,73.15,2,3.700756,352.2218,-1.771395,0.4786575,5.98408,-7.6722,-34.0574,0.1853981,
2,73.16,2,3.699091,352.2224,-1.774187,0.4796278,5.98408,-7.6722,-34.0574,0.1853981,
2,73.17,2,3.702173,352.2152,-1.776072,0.4797376,5.98408,-7.6722,-34.0574,0.1853981,
2,73.18,2,3.698409,352.2443,-1.773517,0.4795352,5.98408,-7.6722,-34.0574,0.1853981,
2,73.19,2,3.698451,352.2246,-1.774937,0.4799137,5.98408,-7.6722,-34.0574,0.1853981,
2,73.2,2,3.700453,352.2082,-1.774593,0.479561,5.98408,-7.6722,-34.0574,0.1853981,
2,73.21,2,3.701592,352.199,-1.773136,0.47902,5.98408,-7.6722,-34.0574,0.1853981,
2,73.22,2,3.702502,352.197,-1.77514,0.4794434,5.97972,-7.6722,-34.058,0.185997,
2,73.23,2,3.700362,352.1897,-1.78036,0.4811312,5.97972,-7.6722,-34.058,0.185997,
2,73.24,2,3.696455,352.1485,-1.779034,0.4812811,5.97972,-7.6722,-34.058,0.185997,
2,73.25,2,3.701425,352.2003,-1.774923,0.4795243,5.97972,-7.6722,-34.058,0.185997,
2,73.26,2,3.701123,352.1975,-1.77261,0.4789384,5.97972,-7.6722,-34.058,0.185997,
2,73.27,2,3.699775,352.1855,-1.773324,0.479306,5.97972,-7.6722,-34.058,0.185997,
2,73.28,2,3.699149,352.1765,-1.776137,0.4801476,5.97972,-7.6722,-34.058,0.185997,
2,73.29,2,3.698946,352.1714,-1.775457,0.4799902,5.97972,-7.6722,-34.058,0.185997,
2,73.3,2,3.700212,352.1916,-1.77305,0.4791754,5.97972,-7.6722,-34.058,0.185997,
2,73.31,2,3.700787,352.178,-1.771938,0.4788002,5.97972,-7.6722,-34.058,0.185997,
2,73.32,2,3.700034,352.173,-1.767618,0.4777303,5.97972,-7.6722,-34.058,0.185997,
2,73.33,2,3.701082,352.1669,-1.769592,0.4781283,5.97972,-7.6722,-34.058,0.185997,
2,73.34,2,3.700227,352.1675,-1.771372,0.4787197,5.97972,-7.6722,-34.058,0.185997,
2,73.35,2,3.706855,352.1595,-1.773858,0.4785345,5.97972,-7.6722,-34.058,0.185997,
2,73.36,2,3.707338,352.1116,-1.77652,0.4791903,5.97972,-7.6722,-34.058,0.185997,
2,73.37,2,3.711472,352.1266,-1.777592,0.4789453,5.97972,-7.6722,-34.058,0.185997,
2,73.38,2,3.714921,352.1089,-1.774193,0.4775857,5.97972,-7.6722,-34.058,0.185997,
2,73.39,2,3.715346,352.1166,-1.779777,0.4790338,5.97972,-7.6722,-34.058,0.185997,
2,73.4,2,3.711963,352.1101,-1.778081,0.4790135,5.97972,-7.6722,-34.058,0.185997,
2,73.41,2,3.712655,352.0794,-1.779213,0.4792293,5.97972,-7.6722,-34.058,0.185997,
2,73.42,2,3.711534,352.113,-1.779882,0.4795542,5.97972,-7.6722,-34.058,0.185997,
2,73.43,2,3.711748,352.1043,-1.777999,0.4790193,5.97972,-7.6722,-34.058,0.185997,
2,73.44,2,3.713046,352.0841,-1.77781,0.478801,5.97972,-7.6722,-34.058,0.185997,
2,73.45,2,3.713267,352.1,-1.780138,0.4793993,5.97972,-7.6722,-34.058,0.185997,
2,73.46,2,3.713642,352.0807,-1.781668,0.479763,5.97972,-7.6722,-34.058,0.185997,
2,73.47,2,3.713621,352.1012,-1.782787,0.4800671,5.97972,-7.6722,-34.058,0.185997,
2,73.48,2,3.711518,352.0914,-1.783206,0.4804519,5.97565,-7.6722,-34.0586,0.1865997,
2,73.49,2,3.712852,352.0818,-1.782685,0.4801388,5.97565,-7.6722,-34.0586,0.1865997,
2,73.5,2,3.713779,352.0736,-1.781417,0.4796777,5.97565,-7.6722,-34.0586,0.1865997,
2,73.51,2,3.713329,352.0725,-1.779689,0.4792704,5.97565,-7.6722,-34.0586,0.1865997,
2,73.52,2,3.712656,352.0772,-1.783865,0.4804821,5.97565,-7.6722,-34.0586,0.1865997,
2,73.53,2,3.711978,352.0727,-1.782926,0.4803169,5.97565,-7.6722,-34.0586,0.1865997,
2,73.54,2,3.711939,352.0513,-1.782026,0.4800795,5.97565,-7.6722,-34.0586,0.1865997,
2,73.55,2,3.712485,352.0604,-1.780199,0.4795169,5.97565,-7.6722,-34.0586,0.1865997,
2,73.56,2,3.71097,352.0661,-1.778852,0.4793497,5.97565,-7.6722,-34.0586,0.1865997,
2,73.57,2,3.713235,352.0662,-1.778356,0.4789236,5.97565,-7.6722,-34.0586,0.1865997,
2,73.58,2,3.71444,352.0612,-1.779405,0.4790508,5.97565,-7.6722,-34.0586,0.1865997,
2,73.59,2,3.711411,352.044,-1.778242,0.4791283,5.97565,-7.6722,-34.0586,0.1865997,
2,73.6,2,3.713639,352.0458,-1.780169,0.4793597,5.97565,-7.6722,-34.0586,0.1865997,
2,73.61,2,3.719342,352.0292,-1.7744,0.4770737,5.97565,-7.6722,-34.0586,0.1865997,
2,73.62,2,3.720932,352.013,-1.775258,0.4771003,5.97565,-7.6722,-34.0586,0.1865997,
2,73.63,2,3.725433,351.9989,-1.776995,0.47699,5.97565,-7.6722,-34.0586,0.1865997,
2,73.64,2,3.72419,352.0091,-1.780089,0.4779803,5.97565,-7.6722,-34.0586,0.1865997,
2,73.65,2,3.724626,351.9679,-1.780871,0.4781343,5.97565,-7.6722,-34.0586,0.1865997,
2,73.66,2,3.724953,351.9697,-1.779688,0.4777744,5.97565,-7.6722,-34.0586,0.1865997,
2,73.67,2,3.724581,351.9911,-1.780603,0.478068,5.97565,-7.6722,-34.0586,0.1865997,
2,73.68,2,3.722627,351.9814,-1.781152,0.4784664,5.97565,-7.6722,-34.0586,0.1865997,
2,73.69,2,3.724835,351.9825,-1.783245,0.4787446,5.97565,-7.6722,-34.0586,0.1865997,
2,73.7,2,3.723836,351.9847,-1.783387,0.4789112,5.97565,-7.6722,-34.0586,0.1865997,
2,73.71,2,3.722745,351.9856,-1.785367,0.4795833,5.97565,-7.6722,-34.0586,0.1865997,
2,73.72,2,3.723557,351.9811,-1.785687,0.4795648,5.97565,-7.6722,-34.0586,0.1865997,
2,73.73,2,3.723726,351.9644,-1.784854,0.4793193,5.97188,-7.6722,-34.0592,0.1871986,
2,73.74,2,3.724943,351.9704,-1.783303,0.4787463,5.97188,-7.6722,-34.0592,0.1871986,
2,73.75,2,3.722946,351.9626,-1.787559,0.4801462,5.97188,-7.6722,-34.0592,0.1871986,
2,73.76,2,3.724702,351.9624,-1.789444,0.480426,5.97188,-7.6722,-34.0592,0.1871986,
2,73.77,2,3.724727,351.9321,-1.789846,0.4805308,5.97188,-7.6722,-34.0592,0.1871986,
2,73.78,2,3.722275,351.9121,-1.789662,0.4807978,5.97188,-7.6722,-34.0592,0.1871986,
2,73.79,2,3.724514,352.0009,-1.790603,0.4807614,5.97188,-7.6722,-34.0592,0.1871986,
2,73.8,2,3.724856,351.9258,-1.788501,0.480153,5.97188,-7.6722,-34.0592,0.1871986,
2,73.81,2,3.723735,351.9595,-1.789931,0.4806816,5.97188,-7.6722,-34.0592,0.1871986,
2,73.82,2,3.722358,351.9554,-1.791253,0.4812145,5.97188,-7.6722,-34.0592,0.1871986,
2,73.83,2,3.722905,351.9819,-1.791522,0.4812161,5.97188,-7.6722,-34.0592,0.1871986,
2,73.84,2,3.726184,351.961,-1.791875,0.4808873,5.97188,-7.6722,-34.0592,0.1871986,
2,73.85,2,3.728998,351.9366,-1.787966,0.4794763,5.97188,-7.6722,-34.0592,0.1871986,
2,73.86,2,3.730341,351.9139,-1.786905,0.4790192,5.97188,-7.6722,-34.0592,0.1871986,
2,73.87,2,3.734193,351.9026,-1.788215,0.4788758,5.97188,-7.6722,-34.0592,0.1871986,
2,73.88,2,3.738741,351.8831,-1.793337,0.4796633,5.97188,-7.6722,-34.0592,0.1871986,
2,73.89,2,3.734198,351.903,-1.78923,0.479147,5.97188,-7.6722,-34.0592,0.1871986,
2,73.9,2,3.736106,351.8817,-1.787755,0.4785075,5.97188,-7.6722,-34.0592,0.1871986,
2,73.91,2,3.736069,351.8867,-1.789539,0.4789899,5.97188,-7.6722,-34.0592,0.1871986,
2,73.92,2,3.737686,351.8781,-1.785922,0.4778148,5.97188,-7.6722,-34.0592,0.1871986,
2,73.93,2,3.737248,351.8814,-1.79084,0.4791868,5.97188,-7.6722,-34.0592,0.1871986,
2,73.94,2,3.735227,351.8731,-1.790519,0.4793601,5.97188,-7.6722,-34.0592,0.1871986,
2,73.95,2,3.734257,351.89,-1.791654,0.4797885,5.97188,-7.6722,-34.0592,0.1871986,
2,73.96,2,3.73434,351.8484,-1.790916,0.4795802,5.97188,-7.6722,-34.0592,0.1871986,
2,73.97,2,3.73341,351.8596,-1.791379,0.4798239,5.96725,-7.6722,-34.0599,0.1878967,
2,73.98,2,3.734523,351.8422,-1.790957,0.4795679,5.96725,-7.6722,-34.0599,0.1878967,
2,73.99,2,3.735184,351.8694,-1.79325,0.4800969,5.96725,-7.6722,-34.0599,0.1878967,
2,74,2,3.732733,351.8676,-1.7969,0.4813898,5.96725,-7.6722,-34.0599,0.1878967,
2,74.01,2,3.734656,351.8408,-1.800126,0.4820059,5.96725,-7.6722,-34.0599,0.1878967,
2,74.02,2,3.734571,351.8387,-1.794031,0.4803847,5.96725,-7.6722,-34.0599,0.1878967,
2,74.03,2,3.734327,351.8289,-1.796341,0.4810348,5.96725,-7.6722,-34.0599,0.1878967,
2,74.04,2,3.735299,351.8433,-1.794156,0.4803246,5.96725,-7.6722,-34.0599,0.1878967,
2,74.05,2,3.734867,351.8273,-1.798071,0.4814284,5.96725,-7.6722,-34.0599,0.1878967,
2,74.06,2,3.735605,351.8355,-1.800066,0.4818673,5.96725,-7.6722,-34.0599,0.1878967,
2,74.07,2,3.734807,351.8381,-1.797286,0.4812258,5.96725,-7.6722,-34.0599,0.1878967,
2,74.08,2,3.738172,351.837,-1.801153,0.4818273,5.96725,-7.6722,-34.0599,0.1878967,
2,74.09,2,3.741835,351.8093,-1.795845,0.479937,5.96725,-7.6722,-34.0599,0.1878967,
2,74.1,2,3.742049,351.801,-1.796017,0.4799556,5.96725,-7.6722,-34.0599,0.1878967,
2,74.11,2,3.745921,351.7901,-1.803383,0.4814257,5.96725,-7.6722,-34.0599,0.1878967,
2,74.12,2,3.746696,351.7544,-1.802151,0.4809974,5.96725,-7.6722,-34.0599,0.1878967,
2,74.13,2,3.74903,351.7805,-1.802764,0.4808615,5.96725,-7.6722,-34.0599,0.1878967,
2,74.14,2,3.751474,351.7688,-1.799152,0.4795853,5.96725,-7.6722,-34.0599,0.1878967,
2,74.15,2,3.749682,351.7667,-1.799543,0.4799188,5.96725,-7.6722,-34.0599,0.1878967,
2,74.16,2,3.750399,351.7664,-1.797388,0.4792526,5.96725,-7.6722,-34.0599,0.1878967,
2,74.17,2,3.750437,351.7629,-1.798072,0.4794299,5.96725,-7.6722,-34.0599,0.1878967,
2,74.18,2,3.748782,351.7682,-1.800789,0.4803663,5.96725,-7.6722,-34.0599,0.1878967,
2,74.19,2,3.74933,351.7531,-1.798906,0.4797939,5.96725,-7.6722,-34.0599,0.1878967,
2,74.2,2,3.749139,351.7649,-1.795125,0.47881,5.96725,-7.6722,-34.0599,0.1878967,
2,74.21,2,3.748277,351.7455,-1.79758,0.4795749,5.96725,-7.6722,-34.0599,0.1878967,
2,74.22,2,3.749171,351.7418,-1.794601,0.4786662,5.96725,-7.6722,-34.0599,0.1878967,
2,74.23,2,3.74835,351.7391,-1.798183,0.4797266,5.96725,-7.6722,-34.0599,0.1878967,
2,74.24,2,3.74892,351.7374,-1.797747,0.4795374,5.96725,-7.6722,-34.0599,0.1878967,
2,74.25,2,3.749323,351.7473,-1.798558,0.4797021,5.96725,-7.6722,-34.0599,0.1878967,
2,74.26,2,3.748407,351.7298,-1.798795,0.4798826,5.9632,-7.6722,-34.0605,0.1884995,
2,74.27,2,3.751593,351.7239,-1.797813,0.4792133,5.9632,-7.6722,-34.0605,0.1884995,
2,74.28,2,3.749381,351.7314,-1.798769,0.4797511,5.9632,-7.6722,-34.0605,0.1884995,
2,74.29,2,3.748469,351.7216,-1.802179,0.4807773,5.9632,-7.6722,-34.0605,0.1884995,
2,74.3,2,3.748567,351.7232,-1.803122,0.4810163,5.9632,-7.6722,-34.0605,0.1884995,
2,74.31,2,3.748884,351.7238,-1.800665,0.4803203,5.9632,-7.6722,-34.0605,0.1884995,
2,74.32,2,3.748037,351.712,-1.80169,0.4807023,5.9632,-7.6722,-34.0605,0.1884995,
2,74.33,2,3.748097,351.7106,-1.800208,0.4802993,5.9632,-7.6722,-34.0605,0.1884995,
2,74.34,2,3.749398,351.7234,-1.80237,0.4807091,5.9632,-7.6722,-34.0605,0.1884995,
2,74.35,2,3.748872,351.713,-1.804969,0.48147,5.9632,-7.6722,-34.0605,0.1884995,
2,74.36,2,3.753092,351.7161,-1.805238,0.4810004,5.9632,-7.6722,-34.0605,0.1884995,
2,74.37,2,3.757454,351.6319,-1.803723,0.4800385,5.9632,-7.6722,-34.0605,0.1884995,
2,74.38,2,3.758809,351.6574,-1.804384,0.4800415,5.9632,-7.6722,-34.0605,0.1884995,
2,74.39,2,3.76083,351.6666,-1.807313,0.4805624,5.9632,-7.6722,-34.0605,0.1884995,
2,74.4,2,3.76125,351.6451,-1.810593,0.4813806,5.9632,-7.6722,-34.0605,0.1884995,
2,74.41,2,3.759715,351.6535,-1.810943,0.4816703,5.9632,-7.6722,-34.0605,0.1884995,
2,74.42,2,3.760625,351.6692,-1.811109,0.4815979,5.9632,-7.6722,-34.0605,0.1884995,
2,74.43,2,3.760413,351.6446,-1.810649,0.4815027,5.9632,-7.6722,-34.0605,0.1884995,
2,74.44,2,3.759337,351.6434,-1.808234,0.480998,5.9632,-7.6722,-34.0605,0.1884995,
2,74.45,2,3.76106,351.6476,-1.806345,0.4802756,5.9632,-7.6722,-34.0605,0.1884995,
2,74.46,2,3.763276,351.6354,-1.804878,0.4796028,5.9632,-7.6722,-34.0605,0.1884995,
2,74.47,2,3.763485,351.6458,-1.806548,0.4800199,5.9632,-7.6722,-34.0605,0.1884995,
2,74.48,2,3.761757,351.6228,-1.806167,0.4801392,5.9632,-7.6722,-34.0605,0.1884995,
2,74.49,2,3.75961,351.6246,-1.804412,0.4799467,5.9632,-7.6722,-34.0605,0.1884995,
2,74.5,2,3.761536,351.6188,-1.80201,0.4790621,5.9632,-7.6722,-34.0605,0.1884995,
2,74.51,2,3.761553,351.6194,-1.800887,0.4787617,5.95857,-7.6722,-34.0612,0.1891975,
2,74.52,2,3.761276,351.612,-1.803727,0.479552,5.95857,-7.6722,-34.0612,0.1891975,
2,74.53,2,3.760397,351.6121,-1.806998,0.4805339,5.95857,-7.6722,-34.0612,0.1891975,
2,74.54,2,3.758923,351.6012,-1.806312,0.4805398,5.95857,-7.6722,-34.0612,0.1891975,
2,74.55,2,3.760842,351.6032,-1.807165,0.4805215,5.95857,-7.6722,-34.0612,0.1891975,
2,74.56,2,3.761431,351.6035,-1.805859,0.480099,5.95857,-7.6722,-34.0612,0.1891975,
2,74.57,2,3.759742,351.5918,-1.80588,0.4803202,5.95857,-7.6722,-34.0612,0.1891975,
2,74.58,2,3.757361,351.6001,-1.80847,0.4813138,5.95857,-7.6722,-34.0612,0.1891975,
2,74.59,2,3.763336,351.5904,-1.808491,0.4805552,5.95857,-7.6722,-34.0612,0.1891975,
2,74.6,2,3.766813,351.593,-1.808333,0.4800697,5.95857,-7.6722,-34.0612,0.1891975,
2,74.61,2,3.7682,351.5591,-1.809928,0.4803163,5.95857,-7.6722,-34.0612,0.1891975,
2,74.62,2,3.774004,351.5575,-1.81103,0.4798695,5.95857,-7.6722,-34.0612,0.1891975,
2,74.63,2,3.776172,351.5551,-1.812124,0.479884,5.95857,-7.6722,-34.0612,0.1891975,
2,74.64,2,3.775587,351.5344,-1.81567,0.4808974,5.95857,-7.6722,-34.0612,0.1891975,
2,74.65,2,3.773922,351.5323,-1.817614,0.4816247,5.95857,-7.6722,-34.0612,0.1891975,
2,74.66,2,3.774472,351.5421,-1.817744,0.481589,5.95857,-7.6722,-34.0612,0.1891975,
2,74.67,2,3.774961,351.5291,-1.816759,0.4812657,5.95857,-7.6722,-34.0612,0.1891975,
2,74.68,2,3.773426,351.5205,-1.814656,0.4809041,5.95857,-7.6722,-34.0612,0.1891975,
2,74.69,2,3.773934,351.5272,-1.815612,0.4810928,5.95857,-7.6722,-34.0612,0.1891975,
2,74.7,2,3.77667,351.5319,-1.816963,0.4811019,5.95857,-7.6722,-34.0612,0.1891975,
2,74.71,2,3.775102,351.5699,-1.816926,0.481292,5.9545,-7.6722,-34.0618,0.1897964,
2,74.72,2,3.774362,351.537,-1.817349,0.4814983,5.9545,-7.6722,-34.0618,0.1897964,
2,74.73,2,3.774743,351.5216,-1.813977,0.4805565,5.9545,-7.6722,-34.0618,0.1897964,
2,74.74,2,3.773971,351.5277,-1.814688,0.480843,5.9545,-7.6722,-34.0618,0.1897964,
2,74.75,2,3.775665,351.5159,-1.812805,0.4801286,5.9545,-7.6722,-34.0618,0.1897964,
2,74.76,2,3.774159,351.5132,-1.813712,0.4805604,5.9545,-7.6722,-34.0618,0.1897964,
2,74.77,2,3.772311,351.5164,-1.814878,0.4811051,5.9545,-7.6722,-34.0618,0.1897964,
2,74.78,2,3.773084,351.5099,-1.812673,0.4804221,5.9545,-7.6722,-34.0618,0.1897964,
2,74.79,2,3.772056,351.5079,-1.810778,0.4800507,5.9545,-7.6722,-34.0618,0.1897964,
2,74.8,2,3.773041,351.497,-1.809942,0.4797038,5.9545,-7.6722,-34.0618,0.1897964,
2,74.81,2,3.774307,351.4976,-1.811237,0.479886,5.9545,-7.6722,-34.0618,0.1897964,
2,74.82,2,3.773636,351.4919,-1.813349,0.4805308,5.9545,-7.6722,-34.0618,0.1897964,
2,74.83,2,3.77584,351.5027,-1.813155,0.4801992,5.9545,-7.6722,-34.0618,0.1897964,
2,74.84,2,3.780586,351.4747,-1.811513,0.4791619,5.9545,-7.6722,-34.0618,0.1897964,
2,74.85,2,3.782637,351.4585,-1.812823,0.4792485,5.9545,-7.6722,-34.0618,0.1897964,
2,74.86,2,3.786121,351.4438,-1.8122,0.4786431,5.9545,-7.6722,-34.0618,0.1897964,
2,74.87,2,3.787801,351.4416,-1.813843,0.4788643,5.9545,-7.6722,-34.0618,0.1897964,
2,74.88,2,3.787611,351.4327,-1.818381,0.4800865,5.9545,-7.6722,-34.0618,0.1897964,
2,74.89,2,3.7851,351.4151,-1.820086,0.4808555,5.9545,-7.6722,-34.0618,0.1897964,
2,74.9,2,3.785812,351.4326,-1.82073,0.480935,5.9545,-7.6722,-34.0618,0.1897964,
2,74.91,2,3.787066,351.4408,-1.818256,0.4801226,5.9545,-7.6722,-34.0618,0.1897964,
2,74.92,2,3.786341,351.4189,-1.818851,0.4803718,5.9545,-7.6722,-34.0618,0.1897964,
2,74.93,2,3.785743,351.4193,-1.822399,0.4813848,5.9545,-7.6722,-34.0618,0.1897964,
2,74.94,2,3.78733,351.42,-1.823802,0.4815536,5.9545,-7.6722,-34.0618,0.1897964,
2,74.95,2,3.784586,351.3874,-1.823684,0.4818715,5.9545,-7.6722,-34.0618,0.1897964,
2,74.96,2,3.787079,351.3785,-1.822125,0.4811425,5.95045,-7.6722,-34.0624,0.1903992,
2,74.97,2,3.787251,351.4357,-1.820686,0.4807406,5.95045,-7.6722,-34.0624,0.1903992,
2,74.98,2,3.78573,351.3964,-1.822659,0.4814551,5.95045,-7.6722,-34.0624,0.1903992,
2,74.99,2,3.788463,351.4001,-1.825628,0.4818914,5.95045,-7.6722,-34.0624,0.1903992,
2,75,2,3.78676,351.4076,-1.823782,0.4816207,5.95045,-7.6722,-34.0624,0.1903992,
2,75.01,2,3.784142,351.3672,-1.825306,0.4823567,5.95045,-7.6722,-34.0624,0.1903992,
2,75.02,2,3.786118,351.4043,-1.824467,0.4818834,5.95045,-7.6722,-34.0624,0.1903992,
2,75.03,2,3.785322,351.399,-1.820837,0.4810257,5.95045,-7.6722,-34.0624,0.1903992,
2,75.04,2,3.785249,351.389,-1.821111,0.4811072,5.95045,-7.6722,-34.0624,0.1903992,
2,75.05,2,3.785592,351.3958,-1.821948,0.4812849,5.95045,-7.6722,-34.0624,0.1903992,
2,75.06,2,3.790731,351.3644,-1.821107,0.4804105,5.95045,-7.6722,-34.0624,0.1903992,
2,75.07,2,3.79301,351.3474,-1.818776,0.4795073,5.95045,-7.6722,-34.0624,0.1903992,
2,75.08,2,3.796112,351.3576,-1.818401,0.4790168,5.95045,-7.6722,-34.0624,0.1903992,
2,75.09,2,3.797417,351.3409,-1.816117,0.4782505,5.95045,-7.6722,-34.0624,0.1903992,
2,75.1,2,3.800736,351.3387,-1.818399,0.4784334,5.95045,-7.6722,-34.0624,0.1903992,
2,75.11,2,3.797094,351.3382,-1.820775,0.4795181,5.95045,-7.6722,-34.0624,0.1903992,
2,75.12,2,3.799046,351.3344,-1.822775,0.4797981,5.95045,-7.6722,-34.0624,0.1903992,
2,75.13,2,3.798515,351.3213,-1.823376,0.4800234,5.95045,-7.6722,-34.0624,0.1903992,
2,75.14,2,3.798551,351.3201,-1.823039,0.47993,5.95045,-7.6722,-34.0624,0.1903992,
2,75.15,2,3.799149,351.3343,-1.823219,0.4799019,5.95045,-7.6722,-34.0624,0.1903992,
2,75.16,2,3.799837,351.3166,-1.823269,0.4798283,5.95045,-7.6722,-34.0624,0.1903992,
2,75.17,2,3.798641,351.3103,-1.823609,0.4800687,5.9469,-7.6722,-34.063,0.1909981,
2,75.18,2,3.798899,351.3012,-1.827048,0.4809414,5.9469,-7.6722,-34.063,0.1909981,
2,75.19,2,3.796855,351.3114,-1.826232,0.4809856,5.9469,-7.6722,-34.063,0.1909981,
2,75.2,2,3.798458,351.2963,-1.826701,0.4809061,5.9469,-7.6722,-34.063,0.1909981,
2,75.21,2,3.798304,351.2869,-1.826382,0.4808415,5.9469,-7.6722,-34.063,0.1909981,
2,75.22,2,3.795438,351.3027,-1.828218,0.4816884,5.9469,-7.6722,-34.063,0.1909981,
2,75.23,2,3.798709,351.2981,-1.830325,0.4818283,5.9469,-7.6722,-34.063,0.1909981,
2,75.24,2,3.798959,351.2936,-1.831555,0.4821203,5.9469,-7.6722,-34.063,0.1909981,
2,75.25,2,3.794751,351.2976,-1.832487,0.4829004,5.9469,-7.6722,-34.063,0.1909981,
2,75.26,2,3.79623,351.2908,-1.829769,0.4819964,5.9469,-7.6722,-34.063,0.1909981,
2,75.27,2,3.798542,351.2903,-1.829249,0.481566,5.9469,-7.6722,-34.063,0.1909981,
2,75.28,2,3.797423,351.2812,-1.831028,0.4821766,5.9469,-7.6722,-34.063,0.1909981,
2,75.29,2,3.803572,351.2579,-1.831296,0.4814674,5.9469,-7.6722,-34.063,0.1909981,
2,75.3,2,3.806148,351.2298,-1.831594,0.4812199,5.9469,-7.6722,-34.063,0.1909981,
2,75.31,2,3.807888,351.2288,-1.831786,0.4810506,5.9469,-7.6722,-34.063,0.1909981,
2,75.32,2,3.810623,351.2313,-1.830622,0.4803996,5.9469,-7.6722,-34.063,0.1909981,
2,75.33,2,3.809455,351.2346,-1.82863,0.480024,5.9469,-7.6722,-34.063,0.1909981,
2,75.34,2,3.808298,351.2285,-1.830013,0.480533,5.9469,-7.6722,-34.063,0.1909981,
2,75.35,2,3.809036,351.235,-1.830974,0.4806924,5.9469,-7.6722,-34.063,0.1909981,
2,75.36,2,3.808096,351.2073,-1.831587,0.4809719,5.9469,-7.6722,-34.063,0.1909981,
2,75.37,2,3.808719,351.2183,-1.830077,0.4804968,5.9469,-7.6722,-34.063,0.1909981,
2,75.38,2,3.807826,351.2198,-1.828165,0.4801074,5.9469,-7.6722,-34.063,0.1909981,
2,75.39,2,3.807754,351.2135,-1.826492,0.479677,5.9469,-7.6722,-34.063,0.1909981,
2,75.4,2,3.80989,351.2096,-1.827383,0.4796421,5.9469,-7.6722,-34.063,0.1909981,
2,75.41,2,3.806945,351.2038,-1.828902,0.4804119,5.94338,-7.6722,-34.0636,0.191597,
2,75.42,2,3.807451,351.1879,-1.829014,0.4803776,5.94338,-7.6722,-34.0636,0.191597,
2,75.43,2,3.809123,351.1913,-1.830477,0.4805508,5.94338,-7.6722,-34.0636,0.191597,
2,75.44,2,3.808888,351.185,-1.83026,0.4805233,5.94338,-7.6722,-34.0636,0.191597,
2,75.45,2,3.80948,351.1833,-1.832905,0.4811431,5.94338,-7.6722,-34.0636,0.191597,
2,75.46,2,3.807807,351.1738,-1.831642,0.481023,5.94338,-7.6722,-34.0636,0.191597,
2,75.47,2,3.808256,351.1756,-1.834014,0.481589,5.94338,-7.6722,-34.0636,0.191597,
2,75.48,2,3.807118,351.1842,-1.834966,0.4819831,5.94338,-7.6722,-34.0636,0.191597,
2,75.49,2,3.805977,351.1832,-1.834738,0.4820676,5.94338,-7.6722,-34.0636,0.191597,
2,75.5,2,3.806808,351.1723,-1.834708,0.4819546,5.94338,-7.6722,-34.0636,0.191597,
2,75.51,2,3.805414,351.1714,-1.835812,0.4824212,5.94338,-7.6722,-34.0636,0.191597,
2,75.52,2,3.812694,351.1675,-1.836627,0.4817138,5.94338,-7.6722,-34.0636,0.191597,
2,75.53,2,3.815901,351.1526,-1.837314,0.4814889,5.94338,-7.6722,-34.0636,0.191597,
2,75.54,2,3.814565,351.1719,-1.83796,0.4818271,5.94338,-7.6722,-34.0636,0.191597,
2,75.55,2,3.819048,351.1059,-1.836377,0.4808469,5.94338,-7.6722,-34.0636,0.191597,
2,75.56,2,3.822512,351.111,-1.836474,0.4804364,5.94338,-7.6722,-34.0636,0.191597,
2,75.57,2,3.822726,351.1187,-1.837941,0.4807933,5.94338,-7.6722,-34.0636,0.191597,
2,75.58,2,3.821223,351.1031,-1.838278,0.4810705,5.94338,-7.6722,-34.0636,0.191597,
2,75.59,2,3.821079,351.1108,-1.841698,0.4819838,5.94338,-7.6722,-34.0636,0.191597,
2,75.6,2,3.823308,351.1597,-1.84403,0.4823129,5.94338,-7.6722,-34.0636,0.191597,
2,75.61,2,3.820907,351.1022,-1.842329,0.4821705,5.94338,-7.6722,-34.0636,0.191597,
2,75.62,2,3.820033,351.0983,-1.839888,0.481642,5.94338,-7.6722,-34.0636,0.191597,
2,75.63,2,3.822109,351.0927,-1.837008,0.4806268,5.94338,-7.6722,-34.0636,0.191597,
2,75.64,2,3.819617,351.0957,-1.839608,0.481621,5.94338,-7.6722,-34.0636,0.191597,
2,75.65,2,3.821754,351.092,-1.838323,0.4810157,5.93878,-7.6722,-34.0642,0.1921997,
2,75.66,2,3.822634,351.0718,-1.836768,0.480498,5.93878,-7.6722,-34.0642,0.1921997,
2,75.67,2,3.823625,351.0724,-1.834556,0.4797949,5.93878,-7.6722,-34.0642,0.1921997,
2,75.68,2,3.822523,351.0716,-1.833528,0.4796643,5.93878,-7.6722,-34.0642,0.1921997,
2,75.69,2,3.825092,351.0752,-1.832921,0.4791835,5.93878,-7.6722,-34.0642,0.1921997,
2,75.7,2,3.82319,351.0706,-1.836228,0.480287,5.93878,-7.6722,-34.0642,0.1921997,
2,75.71,2,3.821133,351.0623,-1.837665,0.4809214,5.93878,-7.6722,-34.0642,0.1921997,
2,75.72,2,3.819654,351.0895,-1.838503,0.4813271,5.93878,-7.6722,-34.0642,0.1921997,
2,75.73,2,3.822212,351.0607,-1.837823,0.4808271,5.93878,-7.6722,-34.0642,0.1921997,
2,75.74,2,3.821366,351.0542,-1.8368,0.4806659,5.93878,-7.6722,-34.0642,0.1921997,
2,75.75,2,3.81926,351.0608,-1.838315,0.4813275,5.93878,-7.6722,-34.0642,0.1921997,
2,75.76,2,3.823097,351.0327,-1.839663,0.4811971,5.93878,-7.6722,-34.0642,0.1921997,
2,75.77,2,3.826277,351.0557,-1.840366,0.4809809,5.93878,-7.6722,-34.0642,0.1921997,
2,75.78,2,3.827514,350.9547,-1.840894,0.4809633,5.93878,-7.6722,-34.0642,0.1921997,
2,75.79,2,3.831613,351.007,-1.841992,0.4807355,5.93878,-7.6722,-34.0642,0.1921997,
2,75.8,2,3.833035,350.993,-1.843104,0.4808473,5.93878,-7.6722,-34.0642,0.1921997,
2,75.81,2,3.830469,350.994,-1.844433,0.4815163,5.93878,-7.6722,-34.0642,0.1921997,
2,75.82,2,3.834443,350.9784,-1.845966,0.481417,5.93878,-7.6722,-34.0642,0.1921997,
2,75.83,2,3.831977,350.9876,-1.848632,0.4824225,5.93878,-7.6722,-34.0642,0.1921997,
2,75.84,2,3.833284,350.9919,-1.849836,0.4825721,5.93878,-7.6722,-34.0642,0.1921997,
2,75.85,2,3.833485,350.9825,-1.846782,0.4817501,5.93878,-7.6722,-34.0642,0.1921997,
2,75.86,2,3.830788,350.9907,-1.844771,0.4815642,5.93878,-7.6722,-34.0642,0.1921997,
2,75.87,2,3.832209,350.9784,-1.845146,0.4814837,5.93878,-7.6722,-34.0642,0.1921997,
2,75.88,2,3.834086,350.978,-1.848015,0.4819961,5.9347,-7.6722,-34.0648,0.1927986,
2,75.89,2,3.830875,350.9769,-1.849521,0.4827934,5.9347,-7.6722,-34.0648,0.1927986,
2,75.9,2,3.832103,350.9832,-1.848105,0.482269,5.9347,-7.6722,-34.0648,0.1927986,
2,75.91,2,3.833088,350.9701,-1.846992,0.4818547,5.9347,-7.6722,-34.0648,0.1927986,
2,75.92,2,3.83122,350.9604,-1.843543,0.4811894,5.9347,-7.6722,-34.0648,0.1927986,
2,75.93,2,3.834645,350.9589,-1.845162,0.4811819,5.9347,-7.6722,-34.0648,0.1927986,
2,75.94,2,3.83275,350.9576,-1.845488,0.481505,5.9347,-7.6722,-34.0648,0.1927986,
2,75.95,2,3.830701,350.976,-1.845893,0.4818681,5.9347,-7.6722,-34.0648,0.1927986,
2,75.96,2,3.832064,350.9567,-1.845221,0.4815214,5.9347,-7.6722,-34.0648,0.1927986,
2,75.97,2,3.83308,350.9508,-1.841534,0.4804319,5.9347,-7.6722,-34.0648,0.1927986,
2,75.98,2,3.832278,350.9458,-1.839736,0.4800633,5.9347,-7.6722,-34.0648,0.1927986,
2,75.99,2,3.832419,350.9431,-1.842566,0.4807841,5.9347,-7.6722,-34.0648,0.1927986,
2,76,2,3.834405,350.9216,-1.844911,0.4811467,5.9347,-7.6722,-34.0648,0.1927986,
2,76.01,2,3.840127,350.9484,-1.843191,0.4799817,5.9347,-7.6722,-34.0648,0.1927986,
2,76.02,2,3.836983,350.9068,-1.844727,0.4807752,5.9347,-7.6722,-34.0648,0.1927986,
2,76.03,2,3.843144,350.8891,-1.845827,0.4802908,5.9347,-7.6722,-34.0648,0.1927986,
2,76.04,2,3.845526,350.8822,-1.847764,0.4804971,5.9347,-7.6722,-34.0648,0.1927986,
2,76.05,2,3.845052,350.8888,-1.849472,0.4810005,5.9347,-7.6722,-34.0648,0.1927986,
2,76.06,2,3.846621,350.8705,-1.851847,0.4814219,5.9347,-7.6722,-34.0648,0.1927986,
2,76.07,2,3.846152,350.8657,-1.852877,0.4817482,5.9347,-7.6722,-34.0648,0.1927986,
2,76.08,2,3.845301,350.8694,-1.854279,0.4822194,5.9347,-7.6722,-34.0648,0.1927986,
2,76.09,2,3.84428,350.87,-1.850603,0.4813912,5.9347,-7.6722,-34.0648,0.1927986,
2,76.1,2,3.843178,350.8606,-1.850676,0.4815483,5.9347,-7.6722,-34.0648,0.1927986,
2,76.11,2,3.844488,350.8655,-1.853596,0.4821438,5.9347,-7.6722,-34.0648,0.1927986,
2,76.12,2,3.844472,350.8622,-1.855946,0.482757,5.93065,-7.6722,-34.0655,0.1934967,
2,76.13,2,3.845827,350.879,-1.85655,0.4827441,5.93065,-7.6722,-34.0655,0.1934967,
2,76.14,2,3.845951,350.8642,-1.853787,0.4820099,5.93065,-7.6722,-34.0655,0.1934967,
2,76.15,2,3.845641,350.8645,-1.853458,0.4819634,5.93065,-7.6722,-34.0655,0.1934967,
2,76.16,2,3.846503,350.8288,-1.854096,0.4820211,5.93065,-7.6722,-34.0655,0.1934967,
2,76.17,2,3.84558,350.8735,-1.855173,0.4824169,5.93065,-7.6722,-34.0655,0.1934967,
2,76.18,2,3.843889,350.8318,-1.857496,0.4832335,5.93065,-7.6722,-34.0655,0.1934967,
2,76.19,2,3.846417,350.8257,-1.8593,0.4833849,5.93065,-7.6722,-34.0655,0.1934967,
2,76.2,2,3.845851,350.8442,-1.85553,0.4824758,5.93065,-7.6722,-34.0655,0.1934967,
2,76.21,2,3.844622,350.8377,-1.85209,0.4817353,5.93065,-7.6722,-34.0655,0.1934967,
2,76.22,2,3.844653,350.8453,-1.853042,0.4819789,5.93065,-7.6722,-34.0655,0.1934967,
2,76.23,2,3.846166,350.8362,-1.852622,0.4816801,5.93065,-7.6722,-34.0655,0.1934967,
2,76.24,2,3.847483,350.8416,-1.85404,0.4818838,5.93065,-7.6722,-34.0655,0.1934967,
2,76.25,2,3.85204,350.8131,-1.852756,0.4809806,5.93065,-7.6722,-34.0655,0.1934967,
2,76.26,2,3.852174,350.7979,-1.851129,0.4805415,5.93065,-7.6722,-34.0655,0.1934967,
2,76.27,2,3.85656,350.7873,-1.848812,0.479394,5.93065,-7.6722,-34.0655,0.1934967,
2,76.28,2,3.858624,350.7817,-1.850849,0.4796655,5.93065,-7.6722,-34.0655,0.1934967,
2,76.29,2,3.858687,350.7812,-1.854356,0.4805666,5.93065,-7.6722,-34.0655,0.1934967,
2,76.3,2,3.858059,350.7658,-1.857901,0.4815635,5.93065,-7.6722,-34.0655,0.1934967,
2,76.31,2,3.858919,350.7496,-1.856586,0.4811157,5.93065,-7.6722,-34.0655,0.1934967,
2,76.32,2,3.856404,350.7642,-1.855744,0.4812109,5.93065,-7.6722,-34.0655,0.1934967,
2,76.33,2,3.857204,350.7622,-1.855333,0.4810045,5.93065,-7.6722,-34.0655,0.1934967,
2,76.34,2,3.858704,350.743,-1.855909,0.4809669,5.93065,-7.6722,-34.0655,0.1934967,
2,76.35,2,3.856563,350.7692,-1.856523,0.4813932,5.93065,-7.6722,-34.0655,0.1934967,
2,76.36,2,3.857017,350.7005,-1.859976,0.4822317,5.93065,-7.6722,-34.0655,0.1934967,
2,76.37,2,3.857087,350.7452,-1.860075,0.4822488,5.92712,-7.6722,-34.0661,0.1940994,
2,76.38,2,3.858006,350.7436,-1.859345,0.4819444,5.92712,-7.6722,-34.0661,0.1940994,
2,76.39,2,3.857557,350.7365,-1.859799,0.4821182,5.92712,-7.6722,-34.0661,0.1940994,
2,76.4,2,3.856172,350.7533,-1.863335,0.4832084,5.92712,-7.6722,-34.0661,0.1940994,
2,76.41,2,3.858522,350.7313,-1.866815,0.4838162,5.92712,-7.6722,-34.0661,0.1940994,
2,76.42,2,3.857091,350.7278,-1.869546,0.4847035,5.92712,-7.6722,-34.0661,0.1940994,
2,76.43,2,3.85823,350.7328,-1.869966,0.4846693,5.92712,-7.6722,-34.0661,0.1940994,
2,76.44,2,3.85819,350.7249,-1.867112,0.4839347,5.92712,-7.6722,-34.0661,0.1940994,
2,76.45,2,3.857375,350.7234,-1.867663,0.4841798,5.92712,-7.6722,-34.0661,0.1940994,
2,76.46,2,3.857271,350.7216,-1.868618,0.4844404,5.92712,-7.6722,-34.0661,0.1940994,
2,76.47,2,3.862672,350.7086,-1.871289,0.4844544,5.92712,-7.6722,-34.0661,0.1940994,
2,76.48,2,3.86441,350.7036,-1.870877,0.4841299,5.92712,-7.6722,-34.0661,0.1940994,
2,76.49,2,3.867735,350.6699,-1.869208,0.4832823,5.92712,-7.6722,-34.0661,0.1940994,
2,76.5,2,3.871959,350.6843,-1.864352,0.4815011,5.92712,-7.6722,-34.0661,0.1940994,
2,76.51,2,3.869829,350.6769,-1.865364,0.4820275,5.92712,-7.6722,-34.0661,0.1940994,
2,76.52,2,3.870507,350.6732,-1.866771,0.4823065,5.92712,-7.6722,-34.0661,0.1940994,
2,76.53,2,3.867932,350.6727,-1.868155,0.4829855,5.92712,-7.6722,-34.0661,0.1940994,
2,76.54,2,3.867918,350.6498,-1.866324,0.4825137,5.92712,-7.6722,-34.0661,0.1940994,
2,76.55,2,3.870169,350.6505,-1.864836,0.4818488,5.92712,-7.6722,-34.0661,0.1940994,
2,76.56,2,3.869261,350.6409,-1.864136,0.4817808,5.92712,-7.6722,-34.0661,0.1940994,
2,76.57,2,3.869688,350.6461,-1.866506,0.4823402,5.92712,-7.6722,-34.0661,0.1940994,
2,76.58,2,3.8707,350.6379,-1.865401,0.4819287,5.92712,-7.6722,-34.0661,0.1940994,
2,76.59,2,3.867925,350.6436,-1.87158,0.4838718,5.92712,-7.6722,-34.0661,0.1940994,
2,76.6,2,3.870531,350.6365,-1.875313,0.4845105,5.92712,-7.6722,-34.0661,0.1940994,
2,76.61,2,3.869613,350.622,-1.873595,0.4841813,5.92712,-7.6722,-34.0661,0.1940994,
2,76.62,2,3.865689,350.6237,-1.873514,0.484652,5.92712,-7.6722,-34.0661,0.1940994,
2,76.63,2,3.868708,350.6154,-1.870715,0.4835503,5.92712,-7.6722,-34.0661,0.1940994,
2,76.64,2,3.868219,350.6195,-1.871923,0.4839238,5.92277,-7.6722,-34.0667,0.1946983,
2,76.65,2,3.866939,350.6204,-1.874025,0.4846276,5.92277,-7.6722,-34.0667,0.1946983,
2,76.66,2,3.867584,350.6214,-1.869861,0.48347,5.92277,-7.6722,-34.0667,0.1946983,
2,76.67,2,3.87161,350.6145,-1.867553,0.4823712,5.92277,-7.6722,-34.0667,0.1946983,
2,76.68,2,3.870739,350.6039,-1.868622,0.4827559,5.92277,-7.6722,-34.0667,0.1946983,
2,76.69,2,3.867699,350.6033,-1.869182,0.4832801,5.92277,-7.6722,-34.0667,0.1946983,
2,76.7,2,3.868754,350.5947,-1.86982,0.4833133,5.92277,-7.6722,-34.0667,0.1946983,
2,76.71,2,3.86904,350.5948,-1.871606,0.483739,5.92277,-7.6722,-34.0667,0.1946983,
2,76.72,2,3.86692,350.5398,-1.873649,0.4845327,5.92277,-7.6722,-34.0667,0.1946983,
2,76.73,2,3.868064,350.6338,-1.87159,0.483857,5.92277,-7.6722,-34.0667,0.1946983,
2,76.74,2,3.87235,350.5959,-1.868164,0.4824368,5.92277,-7.6722,-34.0667,0.1946983,
2,76.75,2,3.875252,350.5524,-1.872058,0.4830804,5.92277,-7.6722,-34.0667,0.1946983,
2,76.76,2,3.877534,350.568,-1.873904,0.483272,5.92277,-7.6722,-34.0667,0.1946983,
2,76.77,2,3.883476,350.555,-1.87635,0.4831625,5.92277,-7.6722,-34.0667,0.1946983,
2,76.78,2,3.883043,350.5389,-1.877275,0.4834545,5.92277,-7.6722,-34.0667,0.1946983,
2,76.79,2,3.881954,350.5521,-1.873846,0.4827069,5.92277,-7.6722,-34.0667,0.1946983,
2,76.8,2,3.883506,350.5341,-1.872662,0.482209,5.92277,-7.6722,-34.0667,0.1946983,
2,76.81,2,3.883649,350.5344,-1.871795,0.4819682,5.92277,-7.6722,-34.0667,0.1946983,
2,76.82,2,3.879218,350.5316,-1.870442,0.4821699,5.92277,-7.6722,-34.0667,0.1946983,
2,76.83,2,3.88216,350.5163,-1.872368,0.4823005,5.92277,-7.6722,-34.0667,0.1946983,
2,76.84,2,3.883396,350.535,-1.871141,0.4818311,5.92277,-7.6722,-34.0667,0.1946983,
2,76.85,2,3.884279,350.522,-1.869067,0.4811876,5.92277,-7.6722,-34.0667,0.1946983,
2,76.86,2,3.880874,350.5153,-1.867423,0.4811862,5.92277,-7.6722,-34.0667,0.1946983,
2,76.87,2,3.882823,350.5085,-1.8678,0.4810419,5.92277,-7.6722,-34.0667,0.1946983,
2,76.88,2,3.88033,350.5087,-1.869401,0.4817632,5.92277,-7.6722,-34.0667,0.1946983,
2,76.89,2,3.880493,350.5044,-1.87193,0.4823949,5.92277,-7.6722,-34.0667,0.1946983,
2,76.9,2,3.879836,350.5091,-1.874785,0.4832125,5.91818,-7.6722,-34.0674,0.1954002,
2,76.91,2,3.881448,350.4964,-1.873309,0.4826313,5.91818,-7.6722,-34.0674,0.1954002,
2,76.92,2,3.880942,350.5048,-1.873942,0.4828574,5.91818,-7.6722,-34.0674,0.1954002,
2,76.93,2,3.880387,350.4934,-1.875868,0.4834229,5.91818,-7.6722,-34.0674,0.1954002,
2,76.94,2,3.881779,350.489,-1.876912,0.4835184,5.91818,-7.6722,-34.0674,0.1954002,
2,76.95,2,3.882757,350.4969,-1.878929,0.4839163,5.91818,-7.6722,-34.0674,0.1954002,
2,76.96,2,3.878865,350.4731,-1.879324,0.4845036,5.91818,-7.6722,-34.0674,0.1954002,
2,76.97,2,3.882318,350.4703,-1.876104,0.4832433,5.91818,-7.6722,-34.0674,0.1954002,
2,76.98,2,3.882114,350.4719,-1.87877,0.4839554,5.91818,-7.6722,-34.0674,0.1954002,
2,76.99,2,3.879288,350.4779,-1.881495,0.4850102,5.91818,-7.6722,-34.0674,0.1954002,
2,77,2,3.87969,350.4614,-1.882712,0.4852739,5.91818,-7.6722,-34.0674,0.1954002,
2,77.01,2,3.880738,350.4793,-1.883878,0.4854431,5.91818,-7.6722,-34.0674,0.1954002,
2,77.02,2,3.880834,350.4608,-1.883714,0.485389,5.91818,-7.6722,-34.0674,0.1954002,
2,77.03,2,3.883212,350.4554,-1.88005,0.4841483,5.91818,-7.6722,-34.0674,0.1954002,
2,77.04,2,3.887031,350.4376,-1.882137,0.4842095,5.91818,-7.6722,-34.0674,0.1954002,
2,77.05,2,3.891521,350.4224,-1.882105,0.4836424,5.91818,-7.6722,-34.0674,0.1954002,
2,77.06,2,3.895243,350.4113,-1.884075,0.4836861,5.91818,-7.6722,-34.0674,0.1954002,
2,77.07,2,3.896363,350.3752,-1.88589,0.4840129,5.91818,-7.6722,-34.0674,0.1954002,
2,77.08,2,3.893308,350.4128,-1.88483,0.4841205,5.91818,-7.6722,-34.0674,0.1954002,
2,77.09,2,3.893507,350.4011,-1.882271,0.4834383,5.91818,-7.6722,-34.0674,0.1954002,
2,77.1,2,3.894799,350.3971,-1.881125,0.4829839,5.91818,-7.6722,-34.0674,0.1954002,
2,77.11,2,3.894043,350.4033,-1.880681,0.4829634,5.91818,-7.6722,-34.0674,0.1954002,
2,77.12,2,3.894407,350.4017,-1.883221,0.4835706,5.91818,-7.6722,-34.0674,0.1954002,
2,77.13,2,3.893254,350.3911,-1.883367,0.4837515,5.91818,-7.6722,-34.0674,0.1954002,
2,77.14,2,3.893264,350.3881,-1.881928,0.4833806,5.91818,-7.6722,-34.0674,0.1954002,
2,77.15,2,3.893979,350.3835,-1.877939,0.4822674,5.91818,-7.6722,-34.0674,0.1954002,
2,77.16,2,3.894863,350.3827,-1.879027,0.4824372,5.91355,-7.6722,-34.068,0.1959991,
2,77.17,2,3.893249,350.3835,-1.880163,0.4829291,5.91355,-7.6722,-34.068,0.1959991,
2,77.18,2,3.89291,350.3771,-1.881314,0.4832667,5.91355,-7.6722,-34.068,0.1959991,
2,77.19,2,3.894136,350.3606,-1.882299,0.4833677,5.91355,-7.6722,-34.068,0.1959991,
2,77.2,2,3.894415,350.3827,-1.880977,0.4829935,5.91355,-7.6722,-34.068,0.1959991,
2,77.21,2,3.891463,350.3611,-1.88134,0.4834532,5.91355,-7.6722,-34.068,0.1959991,
2,77.22,2,3.893233,350.3579,-1.882388,0.4835026,5.91355,-7.6722,-34.068,0.1959991,
2,77.23,2,3.893146,350.3539,-1.883038,0.4836803,5.91355,-7.6722,-34.068,0.1959991,
2,77.24,2,3.893227,350.3554,-1.885391,0.4842746,5.91355,-7.6722,-34.068,0.1959991,
2,77.25,2,3.894281,350.3615,-1.887176,0.4846019,5.91355,-7.6722,-34.068,0.1959991,
2,77.26,2,3.899879,350.3312,-1.886275,0.4836754,5.91355,-7.6722,-34.068,0.1959991,
2,77.27,2,3.90389,350.3136,-1.886783,0.4833086,5.91355,-7.6722,-34.068,0.1959991,
2,77.28,2,3.905124,350.3182,-1.888889,0.4836951,5.91355,-7.6722,-34.068,0.1959991,
2,77.29,2,3.908426,350.3013,-1.890023,0.4835767,5.91355,-7.6722,-34.068,0.1959991,
2,77.3,2,3.906491,350.2958,-1.89304,0.4845884,5.91355,-7.6722,-34.068,0.1959991,
2,77.31,2,3.906039,350.3303,-1.892993,0.4846324,5.91355,-7.6722,-34.068,0.1959991,
2,77.32,2,3.908239,350.2787,-1.893649,0.4845274,5.91355,-7.6722,-34.068,0.1959991,
2,77.33,2,3.908884,350.2829,-1.891603,0.483924,5.91355,-7.6722,-34.068,0.1959991,
2,77.34,2,3.907358,350.3024,-1.890695,0.4838806,5.91355,-7.6722,-34.068,0.1959991,
2,77.35,2,3.907821,350.2946,-1.894172,0.4847132,5.91355,-7.6722,-34.068,0.1959991,
2,77.36,2,3.905756,350.263,-1.896211,0.4854915,5.91355,-7.6722,-34.068,0.1959991,
2,77.37,2,3.908689,350.3149,-1.896248,0.4851365,5.91355,-7.6722,-34.068,0.1959991,
2,77.38,2,3.908641,350.276,-1.892475,0.4841771,5.91355,-7.6722,-34.068,0.1959991,
2,77.39,2,3.906312,350.2831,-1.891041,0.484099,5.91355,-7.6722,-34.068,0.1959991,
2,77.4,2,3.90672,350.2668,-1.892099,0.484319,5.91355,-7.6722,-34.068,0.1959991,
2,77.41,2,3.906022,350.2725,-1.893078,0.4846563,5.91355,-7.6722,-34.068,0.1959991,
2,77.42,2,3.905413,350.2745,-1.892653,0.4846231,5.9095,-7.6722,-34.0686,0.1965981,
2,77.43,2,3.907818,350.267,-1.891385,0.4840003,5.9095,-7.6722,-34.0686,0.1965981,
2,77.44,2,3.904946,350.2531,-1.889154,0.483785,5.9095,-7.6722,-34.0686,0.1965981,
2,77.45,2,3.907193,350.2525,-1.887894,0.4831841,5.9095,-7.6722,-34.0686,0.1965981,
2,77.46,2,3.906864,350.2527,-1.887258,0.4830621,5.9095,-7.6722,-34.0686,0.1965981,
2,77.47,2,3.906059,350.2462,-1.889156,0.4836475,5.9095,-7.6722,-34.0686,0.1965981,
2,77.48,2,3.907887,350.244,-1.892937,0.4843888,5.9095,-7.6722,-34.0686,0.1965981,
2,77.49,2,3.902955,350.2484,-1.899835,0.4867683,5.9095,-7.6722,-34.0686,0.1965981,
2,77.5,2,3.90529,350.2332,-1.895772,0.4854369,5.9095,-7.6722,-34.0686,0.1965981,
2,77.51,2,3.90553,350.2426,-1.899071,0.4862518,5.9095,-7.6722,-34.0686,0.1965981,
2,77.52,2,3.906712,350.2261,-1.896635,0.4854811,5.9095,-7.6722,-34.0686,0.1965981,
2,77.53,2,3.908177,350.2407,-1.896474,0.4852579,5.9095,-7.6722,-34.0686,0.1965981,
2,77.54,2,3.912333,350.2115,-1.898374,0.4852282,5.9095,-7.6722,-34.0686,0.1965981,
2,77.55,2,3.911018,350.1959,-1.899375,0.4856472,5.9095,-7.6722,-34.0686,0.1965981,
2,77.56,2,3.914586,350.1788,-1.902738,0.4860637,5.9095,-7.6722,-34.0686,0.1965981,
2,77.57,2,3.918776,350.1743,-1.89871,0.484516,5.9095,-7.6722,-34.0686,0.1965981,
2,77.58,2,3.918094,350.1702,-1.904687,0.486126,5.9095,-7.6722,-34.0686,0.1965981,
2,77.59,2,3.91839,350.1698,-1.904986,0.4861656,5.9095,-7.6722,-34.0686,0.1965981,
2,77.6,2,3.917682,350.1555,-1.90875,0.4872142,5.9095,-7.6722,-34.0686,0.1965981,
2,77.61,2,3.921276,350.1643,-1.906049,0.4860788,5.9095,-7.6722,-34.0686,0.1965981,
2,77.62,2,3.919604,350.156,-1.903643,0.4856722,5.9095,-7.6722,-34.0686,0.1965981,
2,77.63,2,3.920248,350.1484,-1.902627,0.4853334,5.9095,-7.6722,-34.0686,0.1965981,
2,77.64,2,3.91781,350.1484,-1.906554,0.4866375,5.9095,-7.6722,-34.0686,0.1965981,
2,77.65,2,3.918532,350.1566,-1.906591,0.4865576,5.9095,-7.6722,-34.0686,0.1965981,
2,77.66,2,3.9177,350.1807,-1.907969,0.4870127,5.9095,-7.6722,-34.0686,0.1965981,
2,77.67,2,3.920619,350.1636,-1.907456,0.486519,5.9046,-7.6722,-34.0693,0.1973,
2,77.68,2,3.917799,350.1437,-1.905439,0.4863544,5.9046,-7.6722,-34.0693,0.1973,
2,77.69,2,3.918147,350.1426,-1.9051,0.4862248,5.9046,-7.6722,-34.0693,0.1973,
2,77.7,2,3.918003,350.1415,-1.90171,0.4853773,5.9046,-7.6722,-34.0693,0.1973,
2,77.71,2,3.91874,350.1351,-1.900872,0.4850722,5.9046,-7.6722,-34.0693,0.1973,
2,77.72,2,3.919063,350.1516,-1.900925,0.4850459,5.9046,-7.6722,-34.0693,0.1973,
2,77.73,2,3.917199,350.1413,-1.903462,0.4859242,5.9046,-7.6722,-34.0693,0.1973,
2,77.74,2,3.919072,350.1203,-1.900671,0.48498,5.9046,-7.6722,-34.0693,0.1973,
2,77.75,2,3.919777,350.1275,-1.895548,0.4835857,5.9046,-7.6722,-34.0693,0.1973,
2,77.76,2,3.92145,350.1083,-1.901289,0.4848433,5.9046,-7.6722,-34.0693,0.1973,
2,77.77,2,3.926307,350.09,-1.900802,0.4841197,5.9046,-7.6722,-34.0693,0.1973,
2,77.78,2,3.925685,350.0898,-1.903897,0.4849847,5.9046,-7.6722,-34.0693,0.1973,
2,77.79,2,3.931393,350.0638,-1.902861,0.484017,5.9046,-7.6722,-34.0693,0.1973,
2,77.8,2,3.935978,350.0677,-1.902369,0.4833282,5.9046,-7.6722,-34.0693,0.1973,
2,77.81,2,3.932062,350.0609,-1.903614,0.4841261,5.9046,-7.6722,-34.0693,0.1973,
2,77.82,2,3.933156,350.0525,-1.903755,0.4840274,5.9046,-7.6722,-34.0693,0.1973,
2,77.83,2,3.93476,350.048,-1.907505,0.4847831,5.9046,-7.6722,-34.0693,0.1973,
2,77.84,2,3.932947,350.0307,-1.912005,0.4861507,5.9046,-7.6722,-34.0693,0.1973,
2,77.85,2,3.934023,350.0472,-1.914142,0.486561,5.9046,-7.6722,-34.0693,0.1973,
2,77.86,2,3.932275,350.0461,-1.913093,0.4865105,5.9008,-7.6722,-34.0699,0.1978989,
2,77.87,2,3.933047,350.0371,-1.911625,0.4860416,5.9008,-7.6722,-34.0699,0.1978989,
2,77.88,2,3.933327,350.0438,-1.913926,0.4865922,5.9008,-7.6722,-34.0699,0.1978989,
2,77.89,2,3.931939,350.0435,-1.914969,0.4870291,5.9008,-7.6722,-34.0699,0.1978989,
2,77.9,2,3.931251,349.9809,-1.913901,0.4868427,5.9008,-7.6722,-34.0699,0.1978989,
2,77.91,2,3.931543,350.0447,-1.915784,0.4872854,5.9008,-7.6722,-34.0699,0.1978989,
2,77.92,2,3.928427,350.0417,-1.916069,0.4877447,5.9008,-7.6722,-34.0699,0.1978989,
2,77.93,2,3.931853,350.0133,-1.914992,0.4870457,5.9008,-7.6722,-34.0699,0.1978989,
2,77.94,2,3.931179,350.0486,-1.918007,0.4878962,5.9008,-7.6722,-34.0699,0.1978989,
2,77.95,2,3.931979,350.0132,-1.91996,0.4882936,5.9008,-7.6722,-34.0699,0.1978989,
2,77.96,2,3.931891,349.9835,-1.918941,0.4880452,5.9008,-7.6722,-34.0699,0.1978989,
2,77.97,2,3.930262,350.0241,-1.916312,0.4875785,5.9008,-7.6722,-34.0699,0.1978989,
2,77.98,2,3.931638,350.0224,-1.916573,0.4874745,5.9008,-7.6722,-34.0699,0.1978989,
2,77.99,2,3.939209,350.0047,-1.911546,0.4852614,5.9008,-7.6722,-34.0699,0.1978989,
2,78,2,3.937071,349.9888,-1.912632,0.4858009,5.9008,-7.6722,-34.0699,0.1978989,
2,78.01,2,3.944434,349.9681,-1.911629,0.4846397,5.9008,-7.6722,-34.0699,0.1978989,
2,78.02,2,3.944655,349.9655,-1.912171,0.4847498,5.9008,-7.6722,-34.0699,0.1978989,
2,78.03,2,3.944908,349.9589,-1.914953,0.4854241,5.9008,-7.6722,-34.0699,0.1978989,
2,78.04,2,3.943766,349.9554,-1.915076,0.4855958,5.9008,-7.6722,-34.0699,0.1978989,
2,78.05,2,3.943702,349.9554,-1.911871,0.484791,5.9008,-7.6722,-34.0699,0.1978989,
2,78.06,2,3.943416,349.9584,-1.917392,0.4862262,5.9008,-7.6722,-34.0699,0.1978989,
2,78.07,2,3.946353,349.9509,-1.917653,0.4859305,5.9008,-7.6722,-34.0699,0.1978989,
2,78.08,2,3.944145,349.9292,-1.917668,0.4862063,5.9008,-7.6722,-34.0699,0.1978989,
2,78.09,2,3.944552,349.9479,-1.916254,0.4857975,5.9008,-7.6722,-34.0699,0.1978989,
2,78.1,2,3.94501,349.9363,-1.914323,0.4852518,5.9008,-7.6722,-34.0699,0.1978989,
2,78.11,2,3.944519,349.93,-1.91121,0.484523,5.9008,-7.6722,-34.0699,0.1978989,
2,78.12,2,3.943822,349.923,-1.917886,0.4863015,5.9008,-7.6722,-34.0699,0.1978989,
2,78.13,2,3.942357,349.9133,-1.9239,0.4880076,5.89703,-7.6722,-34.0705,0.1984978,
2,78.14,2,3.942645,349.9595,-1.919346,0.4868169,5.89703,-7.6722,-34.0705,0.1984978,
2,78.15,2,3.943656,349.9269,-1.923105,0.4876453,5.89703,-7.6722,-34.0705,0.1984978,
2,78.16,2,3.943199,349.9044,-1.920368,0.4870075,5.89703,-7.6722,-34.0705,0.1984978,
2,78.17,2,3.944104,349.9189,-1.91984,0.486762,5.89703,-7.6722,-34.0705,0.1984978,
2,78.18,2,3.943536,349.912,-1.922356,0.4874701,5.89703,-7.6722,-34.0705,0.1984978,
2,78.19,2,3.942069,349.9228,-1.923024,0.487821,5.89703,-7.6722,-34.0705,0.1984978,
2,78.2,2,3.944125,349.908,-1.923776,0.4877574,5.89703,-7.6722,-34.0705,0.1984978,
2,78.21,2,3.94179,349.9019,-1.920962,0.4873325,5.89703,-7.6722,-34.0705,0.1984978,
2,78.22,2,3.942824,349.9001,-1.920275,0.4870303,5.89703,-7.6722,-34.0705,0.1984978,
2,78.23,2,3.949669,349.8847,-1.918058,0.4856251,5.89703,-7.6722,-34.0705,0.1984978,
2,78.24,2,3.950999,349.8595,-1.921394,0.4863058,5.89703,-7.6722,-34.0705,0.1984978,
2,78.25,2,3.953965,349.843,-1.924652,0.4867649,5.89703,-7.6722,-34.0705,0.1984978,
2,78.26,2,3.959224,349.8332,-1.923189,0.4857491,5.89703,-7.6722,-34.0705,0.1984978,
2,78.27,2,3.954894,349.8459,-1.922877,0.486202,5.89703,-7.6722,-34.0705,0.1984978,
2,78.28,2,3.956914,349.8469,-1.922524,0.4858645,5.89703,-7.6722,-34.0705,0.1984978,
2,78.29,2,3.956302,349.844,-1.921654,0.4857197,5.89703,-7.6722,-34.0705,0.1984978,
2,78.3,2,3.954082,349.8372,-1.92317,0.4863759,5.89703,-7.6722,-34.0705,0.1984978,
2,78.31,2,3.954193,349.8204,-1.923587,0.4864677,5.89703,-7.6722,-34.0705,0.1984978,
2,78.32,2,3.956445,349.8244,-1.921657,0.4857031,5.89703,-7.6722,-34.0705,0.1984978,
2,78.33,2,3.956361,349.8266,-1.919841,0.4852543,5.89703,-7.6722,-34.0705,0.1984978,
2,78.34,2,3.955957,349.817,-1.920007,0.4853457,5.89703,-7.6722,-34.0705,0.1984978,
2,78.35,2,3.957735,349.817,-1.919135,0.4849073,5.89703,-7.6722,-34.0705,0.1984978,
2,78.36,2,3.956671,349.8073,-1.921586,0.4856573,5.89703,-7.6722,-34.0705,0.1984978,
2,78.37,2,3.953926,349.7852,-1.92391,0.4865823,5.89295,-7.6722,-34.0712,0.1991997,
2,78.38,2,3.956305,349.7929,-1.921957,0.4857961,5.89295,-7.6722,-34.0712,0.1991997,
2,78.39,2,3.955529,349.7959,-1.921237,0.4857092,5.89295,-7.6722,-34.0712,0.1991997,
2,78.4,2,3.956334,349.8027,-1.922565,0.485946,5.89295,-7.6722,-34.0712,0.1991997,
2,78.41,2,3.955659,349.8,-1.925277,0.4867145,5.89295,-7.6722,-34.0712,0.1991997,
2,78.42,2,3.95419,349.7971,-1.925696,0.4870014,5.89295,-7.6722,-34.0712,0.1991997,
2,78.43,2,3.954421,349.8024,-1.927941,0.4875408,5.89295,-7.6722,-34.0712,0.1991997,
2,78.44,2,3.955026,349.7893,-1.927349,0.4873165,5.89295,-7.6722,-34.0712,0.1991997,
2,78.45,2,3.956418,349.7817,-1.925261,0.4866172,5.89295,-7.6722,-34.0712,0.1991997,
2,78.46,2,3.961756,349.7626,-1.926539,0.4862842,5.89295,-7.6722,-34.0712,0.1991997,
2,78.47,2,3.966642,349.7421,-1.926468,0.4856673,5.89295,-7.6722,-34.0712,0.1991997,
2,78.48,2,3.969064,349.7483,-1.93137,0.4866059,5.89295,-7.6722,-34.0712,0.1991997,
2,78.49,2,3.969728,349.6967,-1.932439,0.4867938,5.89295,-7.6722,-34.0712,0.1991997,
2,78.5,2,3.968758,349.7133,-1.931709,0.4867287,5.89295,-7.6722,-34.0712,0.1991997,
2,78.51,2,3.969572,349.7371,-1.930006,0.4861999,5.89295,-7.6722,-34.0712,0.1991997,
2,78.52,2,3.969539,349.7106,-1.931581,0.4866008,5.89295,-7.6722,-34.0712,0.1991997,
2,78.53,2,3.968987,349.7026,-1.93453,0.4874114,5.89295,-7.6722,-34.0712,0.1991997,
2,78.54,2,3.970482,349.7504,-1.93658,0.4877444,5.89295,-7.6722,-34.0712,0.1991997,
2,78.55,2,3.969795,349.7553,-1.938757,0.4883771,5.89295,-7.6722,-34.0712,0.1991997,
2,78.56,2,3.968015,349.7192,-1.937867,0.4883717,5.89295,-7.6722,-34.0712,0.1991997,
2,78.57,2,3.970402,349.7118,-1.935667,0.4875241,5.89295,-7.6722,-34.0712,0.1991997,
2,78.58,2,3.968545,349.7027,-1.936013,0.4878394,5.89295,-7.6722,-34.0712,0.1991997,
2,78.59,2,3.968143,349.7004,-1.933505,0.4872567,5.89295,-7.6722,-34.0712,0.1991997,
2,78.6,2,3.967555,349.6923,-1.93316,0.4872422,5.89295,-7.6722,-34.0712,0.1991997,
2,78.61,2,3.967919,349.6875,-1.934504,0.487536,5.88915,-7.6722,-34.0718,0.1997986,
2,78.62,2,3.967649,349.6832,-1.929075,0.4862011,5.88915,-7.6722,-34.0718,0.1997986,
2,78.63,2,3.969778,349.6809,-1.928094,0.4856932,5.88915,-7.6722,-34.0718,0.1997986,
2,78.64,2,3.966705,349.6795,-1.925495,0.4854141,5.88915,-7.6722,-34.0718,0.1997986,
2,78.65,2,3.968266,349.6807,-1.928635,0.4860147,5.88915,-7.6722,-34.0718,0.1997986,
2,78.66,2,3.968504,349.6725,-1.933036,0.4870944,5.88915,-7.6722,-34.0718,0.1997986,
2,78.67,2,3.96785,349.6937,-1.932335,0.4869981,5.88915,-7.6722,-34.0718,0.1997986,
2,78.68,2,3.968265,349.6595,-1.931595,0.4867605,5.88915,-7.6722,-34.0718,0.1997986,
2,78.69,2,3.966436,349.6621,-1.934295,0.4876658,5.88915,-7.6722,-34.0718,0.1997986,
2,78.7,2,3.967883,349.6756,-1.933268,0.487229,5.88915,-7.6722,-34.0718,0.1997986,
2,78.71,2,3.969813,349.6452,-1.93355,0.4870632,5.88915,-7.6722,-34.0718,0.1997986,
2,78.72,2,3.968083,349.7066,-1.936359,0.4879834,5.88915,-7.6722,-34.0718,0.1997986,
2,78.73,2,3.965111,349.6281,-1.936322,0.4883399,5.88915,-7.6722,-34.0718,0.1997986,
2,78.74,2,3.969977,349.6344,-1.937014,0.4879158,5.88915,-7.6722,-34.0718,0.1997986,
2,78.75,2,3.973185,349.6254,-1.936491,0.48739,5.88915,-7.6722,-34.0718,0.1997986,
2,78.76,2,3.977058,349.5913,-1.937214,0.4870972,5.88915,-7.6722,-34.0718,0.1997986,
2,78.77,2,3.979041,349.6073,-1.943642,0.48847,5.88915,-7.6722,-34.0718,0.1997986,
2,78.78,2,3.979903,349.5981,-1.945101,0.4887308,5.88915,-7.6722,-34.0718,0.1997986,
2,78.79,2,3.981619,349.5956,-1.946311,0.488824,5.88915,-7.6722,-34.0718,0.1997986,
2,78.8,2,3.978885,349.5963,-1.9449,0.4888052,5.88915,-7.6722,-34.0718,0.1997986,
2,78.81,2,3.979558,349.584,-1.944221,0.4885521,5.88915,-7.6722,-34.0718,0.1997986,
2,78.82,2,3.981726,349.5851,-1.944694,0.4884048,5.88915,-7.6722,-34.0718,0.1997986,
2,78.83,2,3.981174,349.5911,-1.943563,0.4881884,5.88915,-7.6722,-34.0718,0.1997986,
2,78.84,2,3.981186,349.5604,-1.944694,0.4884711,5.88915,-7.6722,-34.0718,0.1997986,
2,78.85,2,3.98202,349.5915,-1.943983,0.4881901,5.88452,-7.6722,-34.0724,0.2003975,
2,78.86,2,3.982404,349.5743,-1.942646,0.4878073,5.88452,-7.6722,-34.0724,0.2003975,
2,78.87,2,3.982253,349.5719,-1.941383,0.4875088,5.88452,-7.6722,-34.0724,0.2003975,
2,78.88,2,3.981975,349.5635,-1.941342,0.4875325,5.88452,-7.6722,-34.0724,0.2003975,
2,78.89,2,3.983237,349.563,-1.941483,0.4874135,5.88452,-7.6722,-34.0724,0.2003975,
2,78.9,2,3.981634,349.5737,-1.940289,0.4873097,5.88452,-7.6722,-34.0724,0.2003975,
2,78.91,2,3.981504,349.5543,-1.939749,0.4871901,5.88452,-7.6722,-34.0724,0.2003975,
2,78.92,2,3.982653,349.5609,-1.93706,0.4863744,5.88452,-7.6722,-34.0724,0.2003975,
2,78.93,2,3.980607,349.5521,-1.935903,0.4863335,5.88452,-7.6722,-34.0724,0.2003975,
2,78.94,2,3.979559,349.5497,-1.936082,0.4865067,5.88452,-7.6722,-34.0724,0.2003975,
2,78.95,2,3.982687,349.5373,-1.940006,0.4871098,5.88452,-7.6722,-34.0724,0.2003975,
2,78.96,2,3.982614,349.5669,-1.942242,0.4876803,5.88452,-7.6722,-34.0724,0.2003975,
2,78.97,2,3.986997,349.5394,-1.942064,0.4870995,5.88452,-7.6722,-34.0724,0.2003975,
2,78.98,2,3.986753,349.5072,-1.940971,0.4868551,5.88452,-7.6722,-34.0724,0.2003975,
2,78.99,2,3.991177,349.4991,-1.941447,0.4864347,5.88452,-7.6722,-34.0724,0.2003975,
2,79,2,3.994344,349.4884,-1.944635,0.486847,5.88452,-7.6722,-34.0724,0.2003975,
2,79.01,2,3.994364,349.4882,-1.946239,0.4872462,5.88452,-7.6722,-34.0724,0.2003975,
2,79.02,2,3.990679,349.4817,-1.948616,0.4882919,5.88452,-7.6722,-34.0724,0.2003975,
2,79.03,2,3.993597,349.4862,-1.947425,0.4876367,5.88452,-7.6722,-34.0724,0.2003975,
2,79.04,2,3.990124,349.4792,-1.947524,0.488086,5.88452,-7.6722,-34.0724,0.2003975,
2,79.05,2,3.990868,349.4707,-1.947088,0.4878859,5.88452,-7.6722,-34.0724,0.2003975,
2,79.06,2,3.991743,349.4782,-1.948188,0.4880544,5.88452,-7.6722,-34.0724,0.2003975,
2,79.07,2,3.993072,349.4724,-1.951194,0.4886448,5.88452,-7.6722,-34.0724,0.2003975,
2,79.08,2,3.991872,349.4831,-1.952495,0.4891176,5.88452,-7.6722,-34.0724,0.2003975,
2,79.09,2,3.992146,349.459,-1.951575,0.4888537,5.88102,-7.6722,-34.073,0.2010002,
2,79.1,2,3.990305,349.4703,-1.950385,0.488781,5.88102,-7.6722,-34.073,0.2010002,
2,79.11,2,3.991399,349.4493,-1.951007,0.4888029,5.88102,-7.6722,-34.073,0.2010002,
2,79.12,2,3.992509,349.4807,-1.954068,0.4894337,5.88102,-7.6722,-34.073,0.2010002,
2,79.13,2,3.990385,349.4365,-1.954497,0.4898017,5.88102,-7.6722,-34.073,0.2010002,
2,79.14,2,3.989879,349.4483,-1.956667,0.4904076,5.88102,-7.6722,-34.073,0.2010002,
2,79.15,2,3.991751,349.4506,-1.952219,0.4890634,5.88102,-7.6722,-34.073,0.2010002,
2,79.16,2,3.991182,349.4451,-1.950774,0.488771,5.88102,-7.6722,-34.073,0.2010002,
2,79.17,2,3.989659,349.4493,-1.949551,0.488651,5.88102,-7.6722,-34.073,0.2010002,
2,79.18,2,3.991355,349.4403,-1.95152,0.4889367,5.88102,-7.6722,-34.073,0.2010002,
2,79.19,2,3.990357,349.4476,-1.951386,0.4890255,5.88102,-7.6722,-34.073,0.2010002,
2,79.2,2,3.995203,349.4172,-1.95249,0.4887086,5.88102,-7.6722,-34.073,0.2010002,
2,79.21,2,3.998046,349.4035,-1.949023,0.4874939,5.88102,-7.6722,-34.073,0.2010002,
2,79.22,2,4.000097,349.3995,-1.947423,0.4868439,5.88102,-7.6722,-34.073,0.2010002,
2,79.23,2,4.006522,349.3879,-1.949853,0.4866697,5.88102,-7.6722,-34.073,0.2010002,
2,79.24,2,4.008819,349.3733,-1.949946,0.486414,5.88102,-7.6722,-34.073,0.2010002,
2,79.25,2,4.005403,349.3808,-1.952329,0.4874239,5.88102,-7.6722,-34.073,0.2010002,
2,79.26,2,4.004507,349.3538,-1.955177,0.488244,5.88102,-7.6722,-34.073,0.2010002,
2,79.27,2,4.006737,349.3761,-1.955456,0.4880419,5.88102,-7.6722,-34.073,0.2010002,
2,79.28,2,4.006131,349.3709,-1.955143,0.4880377,5.88102,-7.6722,-34.073,0.2010002,
2,79.29,2,4.007524,349.3582,-1.956336,0.4881658,5.88102,-7.6722,-34.073,0.2010002,
2,79.3,2,4.004557,349.3579,-1.958036,0.4889519,5.88102,-7.6722,-34.073,0.2010002,
2,79.31,2,4.005441,349.3427,-1.959221,0.4891399,5.88102,-7.6722,-34.073,0.2010002,
2,79.32,2,4.005615,349.3585,-1.959759,0.4892528,5.88102,-7.6722,-34.073,0.2010002,
2,79.33,2,4.006585,349.3637,-1.960508,0.4893216,5.8764,-7.6722,-34.0737,0.2016983,
2,79.34,2,4.007384,349.3428,-1.958762,0.4887881,5.8764,-7.6722,-34.0737,0.2016983,
2,79.35,2,4.005791,349.3558,-1.961663,0.4897068,5.8764,-7.6722,-34.0737,0.2016983,
2,79.36,2,4.003706,349.3234,-1.96286,0.4902609,5.8764,-7.6722,-34.0737,0.2016983,
2,79.37,2,4.006492,349.3514,-1.963125,0.4899859,5.8764,-7.6722,-34.0737,0.2016983,
2,79.38,2,4.005676,349.3366,-1.963278,0.4901241,5.8764,-7.6722,-34.0737,0.2016983,
2,79.39,2,4.005017,349.3318,-1.961017,0.4896402,5.8764,-7.6722,-34.0737,0.2016983,
2,79.4,2,4.008171,349.3282,-1.961632,0.4894084,5.8764,-7.6722,-34.0737,0.2016983,
2,79.41,2,4.005208,349.3216,-1.961202,0.489663,5.8764,-7.6722,-34.0737,0.2016983,
2,79.42,2,4.003971,349.3261,-1.961722,0.4899442,5.8764,-7.6722,-34.0737,0.2016983,
2,79.43,2,4.004703,349.3632,-1.962426,0.4900304,5.8764,-7.6722,-34.0737,0.2016983,
2,79.44,2,4.007487,349.3352,-1.961865,0.4895499,5.8764,-7.6722,-34.0737,0.2016983,
2,79.45,2,4.013223,349.3009,-1.957584,0.4877836,5.8764,-7.6722,-34.0737,0.2016983,
2,79.46,2,4.013814,349.2816,-1.959065,0.4880807,5.8764,-7.6722,-34.0737,0.2016983,
2,79.47,2,4.015491,349.2847,-1.96275,0.4887946,5.8764,-7.6722,-34.0737,0.2016983,
2,79.48,2,4.018841,349.2785,-1.963326,0.4885303,5.8764,-7.6722,-34.0737,0.2016983,
2,79.49,2,4.016051,349.2834,-1.963829,0.488995,5.8764,-7.6722,-34.0737,0.2016983,
2,79.5,2,4.018105,349.2847,-1.962885,0.4885102,5.8764,-7.6722,-34.0737,0.2016983,
2,79.51,2,4.01903,349.2785,-1.961653,0.4880911,5.8764,-7.6722,-34.0737,0.2016983,
2,79.52,2,4.017514,349.2676,-1.959164,0.4876557,5.8764,-7.6722,-34.0737,0.2016983,
2,79.53,2,4.01709,349.258,-1.959019,0.4876712,5.8764,-7.6722,-34.0737,0.2016983,
2,79.54,2,4.018391,349.2473,-1.961855,0.4882191,5.8764,-7.6722,-34.0737,0.2016983,
2,79.55,2,4.016879,349.2488,-1.96406,0.4889517,5.8764,-7.6722,-34.0737,0.2016983,
2,79.56,2,4.017838,349.2388,-1.964864,0.4890352,5.8764,-7.6722,-34.0737,0.2016983,
2,79.57,2,4.017623,349.2434,-1.962398,0.4884474,5.8764,-7.6722,-34.0737,0.2016983,
2,79.58,2,4.017855,349.2376,-1.96256,0.4884596,5.8764,-7.6722,-34.0737,0.2016983,
2,79.59,2,4.017109,349.2298,-1.96535,0.4892448,5.8764,-7.6722,-34.0737,0.2016983,
2,79.6,2,4.019613,349.232,-1.967192,0.4893983,5.8764,-7.6722,-34.0737,0.2016983,
2,79.61,2,4.016605,349.2226,-1.971196,0.4907616,5.8764,-7.6722,-34.0737,0.2016983,
2,79.62,2,4.016077,349.2216,-1.971672,0.4909448,5.87235,-7.6722,-34.0743,0.2022972,
2,79.63,2,4.015334,349.2257,-1.967441,0.489982,5.87235,-7.6722,-34.0743,0.2022972,
2,79.64,2,4.015691,349.2148,-1.970819,0.4907795,5.87235,-7.6722,-34.0743,0.2022972,
2,79.65,2,4.015722,349.2132,-1.975232,0.4918746,5.87235,-7.6722,-34.0743,0.2022972,
2,79.66,2,4.015101,349.2126,-1.979435,0.4929975,5.87235,-7.6722,-34.0743,0.2022972,
2,79.67,2,4.017622,349.1842,-1.970154,0.4903781,5.87235,-7.6722,-34.0743,0.2022972,
2,79.68,2,4.016935,349.214,-1.970954,0.4906611,5.87235,-7.6722,-34.0743,0.2022972,
2,79.69,2,4.016005,349.2058,-1.966673,0.4897089,5.87235,-7.6722,-34.0743,0.2022972,
2,79.7,2,4.018522,349.2123,-1.966523,0.4893647,5.87235,-7.6722,-34.0743,0.2022972,
2,79.71,2,4.016793,349.1892,-1.971094,0.4907134,5.87235,-7.6722,-34.0743,0.2022972,
2,79.72,2,4.022326,349.2174,-1.973388,0.4906088,5.87235,-7.6722,-34.0743,0.2022972,
2,79.73,2,4.024364,349.1503,-1.974416,0.4906156,5.87235,-7.6722,-34.0743,0.2022972,
2,79.74,2,4.029597,349.1621,-1.974657,0.4900382,5.87235,-7.6722,-34.0743,0.2022972,
2,79.75,2,4.031904,349.1488,-1.973014,0.4893504,5.87235,-7.6722,-34.0743,0.2022972,
2,79.76,2,4.033523,349.1519,-1.9737,0.4893242,5.87235,-7.6722,-34.0743,0.2022972,
2,79.77,2,4.030599,349.146,-1.975202,0.4900518,5.87235,-7.6722,-34.0743,0.2022972,
2,79.78,2,4.032128,349.1241,-1.973659,0.4894831,5.87235,-7.6722,-34.0743,0.2022972,
2,79.79,2,4.030111,349.1316,-1.972439,0.4894254,5.87235,-7.6722,-34.0743,0.2022972,
2,79.8,2,4.029387,349.1372,-1.977211,0.4906977,5.87235,-7.6722,-34.0743,0.2022972,
2,79.81,2,4.028483,349.1399,-1.981223,0.4918037,5.87235,-7.6722,-34.0743,0.2022972,
2,79.82,2,4.02888,349.1285,-1.96904,0.4887314,5.87235,-7.6722,-34.0743,0.2022972,
2,79.83,2,4.030152,349.1246,-1.971692,0.4892352,5.87235,-7.6722,-34.0743,0.2022972,
2,79.84,2,4.03097,349.1266,-1.973752,0.4896468,5.87235,-7.6722,-34.0743,0.2022972,
2,79.85,2,4.030127,349.1204,-1.972824,0.4895189,5.86828,-7.6722,-34.0749,0.2028999,
2,79.86,2,4.028435,349.1198,-1.973716,0.4899459,5.86828,-7.6722,-34.0749,0.2028999,
2,79.87,2,4.02843,349.1204,-1.972158,0.4895599,5.86828,-7.6722,-34.0749,0.2028999,
2,79.88,2,4.029929,349.1101,-1.972487,0.4894596,5.86828,-7.6722,-34.0749,0.2028999,
2,79.89,2,4.029646,349.108,-1.973773,0.489813,5.86828,-7.6722,-34.0749,0.2028999,
2,79.9,2,4.027019,349.1024,-1.974969,0.4904295,5.86828,-7.6722,-34.0749,0.2028999,
2,79.91,2,4.02919,349.0965,-1.975391,0.49027,5.86828,-7.6722,-34.0749,0.2028999,
2,79.92,2,4.026877,349.0849,-1.975409,0.490556,5.86828,-7.6722,-34.0749,0.2028999,
2,79.93,2,4.030695,349.0866,-1.973098,0.489518,5.86828,-7.6722,-34.0749,0.2028999,
2,79.94,2,4.033973,349.0831,-1.974348,0.48943,5.86828,-7.6722,-34.0749,0.2028999,
2,79.95,2,4.03517,349.0601,-1.978082,0.4902104,5.86828,-7.6722,-34.0749,0.2028999,
2,79.96,2,4.039591,349.0513,-1.98077,0.4903392,5.86828,-7.6722,-34.0749,0.2028999,
2,79.97,2,4.042707,349.045,-1.980781,0.4899639,5.86828,-7.6722,-34.0749,0.2028999,
2,79.98,2,4.041822,349.0427,-1.981386,0.4902209,5.86828,-7.6722,-34.0749,0.2028999,
2,79.99,2,4.043329,349.0399,-1.981379,0.4900366,5.86828,-7.6722,-34.0749,0.2028999,
2,80,2,4.043616,349.0345,-1.98242,0.4902591,5.86828,-7.6722,-34.0749,0.2028999,
2,80.01,2,4.042439,349.024,-1.982867,0.4905125,5.86828,-7.6722,-34.0749,0.2028999,
2,80.02,2,4.042206,348.9825,-1.983472,0.4906904,5.86828,-7.6722,-34.0749,0.2028999,
2,80.03,2,4.040426,349.0157,-1.982274,0.4906101,5.86828,-7.6722,-34.0749,0.2028999,
2,80.04,2,4.041287,349.0147,-1.979337,0.4897788,5.86828,-7.6722,-34.0749,0.2028999,
2,80.05,2,4.042632,349.013,-1.980655,0.4899419,5.86828,-7.6722,-34.0749,0.2028999,
2,80.06,2,4.042857,349.0111,-1.978868,0.4894728,5.86828,-7.6722,-34.0749,0.2028999,
2,80.07,2,4.040834,349.0134,-1.978139,0.4895373,5.86828,-7.6722,-34.0749,0.2028999,
2,80.08,2,4.042636,348.9973,-1.98296,0.4905117,5.86828,-7.6722,-34.0749,0.2028999,
2,80.09,2,4.04217,348.9989,-1.978959,0.4895783,5.86392,-7.6722,-34.0756,0.203598,
2,80.1,2,4.041385,348.9912,-1.976685,0.4891107,5.86392,-7.6722,-34.0756,0.203598,
2,80.11,2,4.043481,348.997,-1.976493,0.4888098,5.86392,-7.6722,-34.0756,0.203598,
2,80.12,2,4.040944,348.9882,-1.976663,0.4891589,5.86392,-7.6722,-34.0756,0.203598,
2,80.13,2,4.040914,348.9893,-1.97888,0.4897111,5.86392,-7.6722,-34.0756,0.203598,
2,80.14,2,4.040443,348.9705,-1.978774,0.4897418,5.86392,-7.6722,-34.0756,0.203598,
2,80.15,2,4.040199,348.9922,-1.980632,0.4902313,5.86392,-7.6722,-34.0756,0.203598,
2,80.16,2,4.041294,348.9674,-1.980633,0.4900988,5.86392,-7.6722,-34.0756,0.203598,
2,80.17,2,4.041583,348.9696,-1.978857,0.4896244,5.86392,-7.6722,-34.0756,0.203598,
2,80.18,2,4.040553,348.9686,-1.982794,0.4907233,5.86392,-7.6722,-34.0756,0.203598,
2,80.19,2,4.04095,348.968,-1.985946,0.4914553,5.86392,-7.6722,-34.0756,0.203598,
2,80.2,2,4.042862,348.9784,-1.985738,0.4911712,5.86392,-7.6722,-34.0756,0.203598,
2,80.21,2,4.043676,348.9635,-1.983971,0.4906354,5.86392,-7.6722,-34.0756,0.203598,
2,80.22,2,4.048524,348.9466,-1.983817,0.4900099,5.86392,-7.6722,-34.0756,0.203598,
2,80.23,2,4.051377,348.9258,-1.984708,0.4898847,5.86392,-7.6722,-34.0756,0.203598,
2,80.24,2,4.056365,348.9159,-1.986684,0.4897695,5.86392,-7.6722,-34.0756,0.203598,
2,80.25,2,4.055696,348.9069,-1.989782,0.4906141,5.86392,-7.6722,-34.0756,0.203598,
2,80.26,2,4.055728,348.9569,-1.989474,0.4905344,5.86392,-7.6722,-34.0756,0.203598,
2,80.27,2,4.054298,348.9201,-1.988157,0.4903825,5.86392,-7.6722,-34.0756,0.203598,
2,80.28,2,4.054363,348.8905,-1.988404,0.4904355,5.86392,-7.6722,-34.0756,0.203598,
2,80.29,2,4.05487,348.9034,-1.988077,0.4902936,5.86392,-7.6722,-34.0756,0.203598,
2,80.3,2,4.05555,348.8835,-1.989287,0.4905097,5.86392,-7.6722,-34.0756,0.203598,
2,80.31,2,4.0538,348.9091,-1.991956,0.49138,5.86392,-7.6722,-34.0756,0.203598,
2,80.32,2,4.051796,348.9286,-1.993662,0.4920441,5.86392,-7.6722,-34.0756,0.203598,
2,80.33,2,4.055464,348.8875,-1.990532,0.4908273,5.86392,-7.6722,-34.0756,0.203598,
2,80.34,2,4.054366,348.8825,-1.989132,0.4906149,5.85932,-7.6722,-34.0762,0.2041969,
2,80.35,2,4.052939,348.8933,-1.988131,0.4905405,5.85932,-7.6722,-34.0762,0.2041969,
2,80.36,2,4.053957,348.8809,-1.989607,0.4907814,5.85932,-7.6722,-34.0762,0.2041969,
2,80.37,2,4.055652,348.8836,-1.98862,0.4903331,5.85932,-7.6722,-34.0762,0.2041969,
2,80.38,2,4.052446,348.8788,-1.987251,0.490383,5.85932,-7.6722,-34.0762,0.2041969,
2,80.39,2,4.053453,348.859,-1.986521,0.4900813,5.85932,-7.6722,-34.0762,0.2041969,
2,80.4,2,4.05218,348.8649,-1.986362,0.4901958,5.85932,-7.6722,-34.0762,0.2041969,
2,80.41,2,4.054417,348.8601,-1.983946,0.4893295,5.85932,-7.6722,-34.0762,0.2041969,
2,80.42,2,4.054504,348.8538,-1.98707,0.4900896,5.85932,-7.6722,-34.0762,0.2041969,
2,80.43,2,4.053741,348.8555,-1.989046,0.4906693,5.85932,-7.6722,-34.0762,0.2041969,
2,80.44,2,4.053967,348.8673,-1.989071,0.490648,5.85932,-7.6722,-34.0762,0.2041969,
2,80.45,2,4.059484,348.8346,-1.989761,0.4901511,5.85932,-7.6722,-34.0762,0.2041969,
2,80.46,2,4.059267,348.8227,-1.98749,0.489618,5.85932,-7.6722,-34.0762,0.2041969,
2,80.47,2,4.064784,348.8076,-1.989597,0.4894717,5.85932,-7.6722,-34.0762,0.2041969,
2,80.48,2,4.067457,348.8083,-1.992718,0.4899173,5.85932,-7.6722,-34.0762,0.2041969,
2,80.49,2,4.069046,348.8105,-1.99434,0.4901248,5.85932,-7.6722,-34.0762,0.2041969,
2,80.5,2,4.068365,348.7529,-1.994579,0.4902655,5.85932,-7.6722,-34.0762,0.2041969,
2,80.51,2,4.06782,348.7787,-1.993745,0.4901263,5.85932,-7.6722,-34.0762,0.2041969,
2,80.52,2,4.068711,348.7837,-1.99519,0.490374,5.85932,-7.6722,-34.0762,0.2041969,
2,80.53,2,4.067141,348.787,-1.995577,0.4906585,5.85932,-7.6722,-34.0762,0.2041969,
2,80.54,2,4.065652,348.7619,-1.997376,0.4912806,5.85932,-7.6722,-34.0762,0.2041969,
2,80.55,2,4.066673,348.7768,-1.998355,0.4913979,5.85932,-7.6722,-34.0762,0.2041969,
2,80.56,2,4.067825,348.7755,-2.001062,0.4919243,5.85553,-7.6722,-34.0768,0.2047997,
2,80.57,2,4.069715,348.7691,-1.99854,0.4910761,5.85553,-7.6722,-34.0768,0.2047997,
2,80.58,2,4.068967,348.7691,-1.996259,0.4906057,5.85553,-7.6722,-34.0768,0.2047997,
2,80.59,2,4.069697,348.7676,-1.996805,0.4906519,5.85553,-7.6722,-34.0768,0.2047997,
2,80.6,2,4.066626,348.7697,-2.001124,0.4920847,5.85553,-7.6722,-34.0768,0.2047997,
2,80.61,2,4.068157,348.7686,-2.000975,0.4918628,5.85553,-7.6722,-34.0768,0.2047997,
2,80.62,2,4.068117,348.7629,-1.998779,0.4913278,5.85553,-7.6722,-34.0768,0.2047997,
2,80.63,2,4.066093,348.7542,-1.999122,0.4916567,5.85553,-7.6722,-34.0768,0.2047997,
2,80.64,2,4.068019,348.749,-1.9993,0.4914677,5.85553,-7.6722,-34.0768,0.2047997,
2,80.65,2,4.068045,348.7455,-1.998557,0.4912819,5.85553,-7.6722,-34.0768,0.2047997,
2,80.66,2,4.064961,348.7413,-1.999334,0.4918456,5.85553,-7.6722,-34.0768,0.2047997,
2,80.67,2,4.066726,348.7722,-1.999628,0.4917046,5.85553,-7.6722,-34.0768,0.2047997,
2,80.68,2,4.07239,348.7309,-1.99769,0.4905449,5.85553,-7.6722,-34.0768,0.2047997,
2,80.69,2,4.073561,348.7081,-1.995347,0.4898287,5.85553,-7.6722,-34.0768,0.2047997,
2,80.7,2,4.077012,348.6978,-1.995951,0.4895623,5.85553,-7.6722,-34.0768,0.2047997,
2,80.71,2,4.081335,348.6884,-1.997663,0.4894632,5.85553,-7.6722,-34.0768,0.2047997,
2,80.72,2,4.081,348.6856,-1.999739,0.490012,5.85553,-7.6722,-34.0768,0.2047997,
2,80.73,2,4.07847,348.6901,-2.000981,0.4906206,5.85553,-7.6722,-34.0768,0.2047997,
2,80.74,2,4.080737,348.6855,-2.001235,0.4904102,5.85553,-7.6722,-34.0768,0.2047997,
2,80.75,2,4.080892,348.6872,-2.000701,0.4902606,5.85553,-7.6722,-34.0768,0.2047997,
2,80.76,2,4.079027,348.67,-2.001594,0.4907037,5.85553,-7.6722,-34.0768,0.2047997,
2,80.77,2,4.07931,348.6766,-2.003928,0.491242,5.85553,-7.6722,-34.0768,0.2047997,
2,80.78,2,4.078395,348.6684,-2.00503,0.4916222,5.85553,-7.6722,-34.0768,0.2047997,
2,80.79,2,4.078833,348.6432,-2.008456,0.4924093,5.85553,-7.6722,-34.0768,0.2047997,
2,80.8,2,4.078609,348.6558,-2.007476,0.4921964,5.85553,-7.6722,-34.0768,0.2047997,
2,80.81,2,4.079427,348.6649,-2.005644,0.4916485,5.85553,-7.6722,-34.0768,0.2047997,
2,80.82,2,4.08171,348.6523,-2.006914,0.4916847,5.85145,-7.6722,-34.0774,0.2053986,
2,80.83,2,4.079456,348.6625,-2.007309,0.4920531,5.85145,-7.6722,-34.0774,0.2053986,
2,80.84,2,4.077953,348.6492,-2.010168,0.4929356,5.85145,-7.6722,-34.0774,0.2053986,
2,80.85,2,4.079489,348.6745,-2.010495,0.4928301,5.85145,-7.6722,-34.0774,0.2053986,
2,80.86,2,4.077057,348.636,-2.009664,0.4929202,5.85145,-7.6722,-34.0774,0.2053986,
2,80.87,2,4.080876,348.6377,-2.006934,0.4917901,5.85145,-7.6722,-34.0774,0.2053986,
2,80.88,2,4.076718,348.6487,-2.00928,0.4928671,5.85145,-7.6722,-34.0774,0.2053986,
2,80.89,2,4.076482,348.6163,-2.011894,0.4935367,5.85145,-7.6722,-34.0774,0.2053986,
2,80.9,2,4.080292,348.6404,-2.011891,0.4930751,5.85145,-7.6722,-34.0774,0.2053986,
2,80.91,2,4.077589,348.5924,-2.01056,0.4930757,5.85145,-7.6722,-34.0774,0.2053986,
2,80.92,2,4.085386,348.6253,-2.009666,0.4919159,5.85145,-7.6722,-34.0774,0.2053986,
2,80.93,2,4.089019,348.5941,-2.00856,0.4912083,5.85145,-7.6722,-34.0774,0.2053986,
2,80.94,2,4.090171,348.5952,-2.008854,0.4911418,5.85145,-7.6722,-34.0774,0.2053986,
2,80.95,2,4.09079,348.5826,-2.008917,0.4910829,5.85145,-7.6722,-34.0774,0.2053986,
2,80.96,2,4.091165,348.5865,-2.012276,0.4918588,5.85145,-7.6722,-34.0774,0.2053986,
2,80.97,2,4.08902,348.5937,-2.01198,0.4920446,5.85145,-7.6722,-34.0774,0.2053986,
2,80.98,2,4.090665,348.5785,-2.010488,0.491482,5.85145,-7.6722,-34.0774,0.2053986,
2,80.99,2,4.092735,348.5817,-2.007191,0.4904277,5.85145,-7.6722,-34.0774,0.2053986,
2,81,2,4.091877,348.5703,-2.007526,0.4906124,5.85145,-7.6722,-34.0774,0.2053986,
2,81.01,2,4.091741,348.5677,-2.008885,0.4909609,5.85145,-7.6722,-34.0774,0.2053986,
2,81.02,2,4.089632,348.568,-2.01193,0.4919586,5.85145,-7.6722,-34.0774,0.2053986,
2,81.03,2,4.091273,348.5425,-2.013948,0.4922545,5.8474,-7.6722,-34.078,0.2059975,
2,81.04,2,4.090333,348.5593,-2.013761,0.4923219,5.8474,-7.6722,-34.078,0.2059975,
2,81.05,2,4.090573,348.56,-2.012065,0.4918786,5.8474,-7.6722,-34.078,0.2059975,
2,81.06,2,4.08963,348.5493,-2.01541,0.49281,5.8474,-7.6722,-34.078,0.2059975,
2,81.07,2,4.090464,348.5537,-2.01712,0.4931274,5.8474,-7.6722,-34.078,0.2059975,
2,81.08,2,4.08939,348.4955,-2.017482,0.4933453,5.8474,-7.6722,-34.078,0.2059975,
2,81.09,2,4.088996,348.557,-2.017845,0.4934816,5.8474,-7.6722,-34.078,0.2059975,
2,81.1,2,4.089574,348.5414,-2.016241,0.4930198,5.8474,-7.6722,-34.078,0.2059975,
2,81.11,2,4.089387,348.5388,-2.016717,0.4931588,5.8474,-7.6722,-34.078,0.2059975,
2,81.12,2,4.089177,348.5345,-2.020823,0.4941882,5.8474,-7.6722,-34.078,0.2059975,
2,81.13,2,4.08993,348.5285,-2.023027,0.4946361,5.8474,-7.6722,-34.078,0.2059975,
2,81.14,2,4.091994,348.5352,-2.02517,0.4949102,5.8474,-7.6722,-34.078,0.2059975,
2,81.15,2,4.096464,348.5046,-2.026354,0.4946592,5.8474,-7.6722,-34.078,0.2059975,
2,81.16,2,4.097231,348.4876,-2.025419,0.4943385,5.8474,-7.6722,-34.078,0.2059975,
2,81.17,2,4.10348,348.4822,-2.026156,0.4937654,5.8474,-7.6722,-34.078,0.2059975,
2,81.18,2,4.103389,348.4781,-2.026713,0.493912,5.8474,-7.6722,-34.078,0.2059975,
2,81.19,2,4.102224,348.4746,-2.029059,0.4946241,5.8474,-7.6722,-34.078,0.2059975,
2,81.2,2,4.102108,348.4727,-2.028741,0.4945606,5.8474,-7.6722,-34.078,0.2059975,
2,81.21,2,4.103376,348.4451,-2.028355,0.4943136,5.8474,-7.6722,-34.078,0.2059975,
2,81.22,2,4.10359,348.4709,-2.025306,0.4935449,5.8474,-7.6722,-34.078,0.2059975,
2,81.23,2,4.104894,348.4673,-2.025393,0.4934093,5.8474,-7.6722,-34.078,0.2059975,
2,81.24,2,4.10381,348.4702,-2.026512,0.4938122,5.8474,-7.6722,-34.078,0.2059975,
2,81.25,2,4.102917,348.4692,-2.024628,0.4934607,5.8474,-7.6722,-34.078,0.2059975,
2,81.26,2,4.103125,348.4451,-2.02497,0.4935189,5.8474,-7.6722,-34.078,0.2059975,
2,81.27,2,4.103419,348.4478,-2.022051,0.4927722,5.8436,-7.6722,-34.0786,0.2066002,
2,81.28,2,4.103953,348.4453,-2.02142,0.4925543,5.8436,-7.6722,-34.0786,0.2066002,
2,81.29,2,4.100668,348.4439,-2.020264,0.492667,5.8436,-7.6722,-34.0786,0.2066002,
2,81.3,2,4.101851,348.4369,-2.020491,0.4925803,5.8436,-7.6722,-34.0786,0.2066002,
2,81.31,2,4.102918,348.4353,-2.020022,0.4923379,5.8436,-7.6722,-34.0786,0.2066002,
2,81.32,2,4.103171,348.4075,-2.023227,0.4930887,5.8436,-7.6722,-34.0786,0.2066002,
2,81.33,2,4.100784,348.4131,-2.024191,0.4936108,5.8436,-7.6722,-34.0786,0.2066002,
2,81.34,2,4.10464,348.4241,-2.022325,0.4926923,5.8436,-7.6722,-34.0786,0.2066002,
2,81.35,2,4.103192,348.4244,-2.021739,0.4927233,5.8436,-7.6722,-34.0786,0.2066002,
2,81.36,2,4.103176,348.4255,-2.02215,0.4928254,5.8436,-7.6722,-34.0786,0.2066002,
2,81.37,2,4.101666,348.4188,-2.025972,0.4939388,5.8436,-7.6722,-34.0786,0.2066002,
2,81.38,2,4.105474,348.4182,-2.025349,0.4933288,5.8436,-7.6722,-34.0786,0.2066002,
2,81.39,2,4.108883,348.3864,-2.02554,0.4929661,5.8436,-7.6722,-34.0786,0.2066002,
2,81.4,2,4.109977,348.3762,-2.025277,0.4927709,5.8436,-7.6722,-34.0786,0.2066002,
2,81.41,2,4.115819,348.3621,-2.026106,0.4922728,5.8436,-7.6722,-34.0786,0.2066002,
2,81.42,2,4.11556,348.3621,-2.028486,0.4928821,5.8436,-7.6722,-34.0786,0.2066002,
2,81.43,2,4.11568,348.3568,-2.030122,0.4932653,5.8436,-7.6722,-34.0786,0.2066002,
2,81.44,2,4.116853,348.3037,-2.031514,0.4934628,5.8436,-7.6722,-34.0786,0.2066002,
2,81.45,2,4.112445,348.3521,-2.032091,0.4941321,5.8436,-7.6722,-34.0786,0.2066002,
2,81.46,2,4.114111,348.3655,-2.029331,0.493261,5.8436,-7.6722,-34.0786,0.2066002,
2,81.47,2,4.115485,348.3556,-2.030267,0.4933239,5.8436,-7.6722,-34.0786,0.2066002,
2,81.48,2,4.111807,348.3651,-2.032599,0.4943323,5.8436,-7.6722,-34.0786,0.2066002,
2,81.49,2,4.11543,348.3269,-2.03306,0.4940092,5.8436,-7.6722,-34.0786,0.2066002,
2,81.5,2,4.113203,348.3651,-2.033418,0.4943636,5.8436,-7.6722,-34.0786,0.2066002,
2,81.51,2,4.11456,348.345,-2.032587,0.4939986,5.8436,-7.6722,-34.0786,0.2066002,
2,81.52,2,4.115006,348.3381,-2.030315,0.4933928,5.8436,-7.6722,-34.0786,0.2066002,
2,81.53,2,4.112702,348.348,-2.031319,0.4939135,5.83953,-7.6722,-34.0792,0.2071991,
2,81.54,2,4.115707,348.3342,-2.030787,0.4934234,5.83953,-7.6722,-34.0792,0.2071991,
2,81.55,2,4.114762,348.3241,-2.03039,0.4934405,5.83953,-7.6722,-34.0792,0.2071991,
2,81.56,2,4.114152,348.3529,-2.030742,0.4935992,5.83953,-7.6722,-34.0792,0.2071991,
2,81.57,2,4.113708,348.3213,-2.029462,0.4933413,5.83953,-7.6722,-34.0792,0.2071991,
2,81.58,2,4.113521,348.3197,-2.028515,0.4931335,5.83953,-7.6722,-34.0792,0.2071991,
2,81.59,2,4.115033,348.3265,-2.026885,0.4925561,5.83953,-7.6722,-34.0792,0.2071991,
2,81.6,2,4.113425,348.3133,-2.029104,0.4932882,5.83953,-7.6722,-34.0792,0.2071991,
2,81.61,2,4.114281,348.3138,-2.031133,0.4936786,5.83953,-7.6722,-34.0792,0.2071991,
2,81.62,2,4.114447,348.3281,-2.02981,0.4933373,5.83953,-7.6722,-34.0792,0.2071991,
2,81.63,2,4.114235,348.3096,-2.030543,0.4935409,5.83953,-7.6722,-34.0792,0.2071991,
2,81.64,2,4.111864,348.2988,-2.029712,0.4936233,5.83953,-7.6722,-34.0792,0.2071991,
2,81.65,2,4.114572,348.2936,-2.029772,0.4933129,5.83953,-7.6722,-34.0792,0.2071991,
2,81.66,2,4.118343,348.2638,-2.031865,0.4933695,5.83953,-7.6722,-34.0792,0.2071991,
2,81.67,2,4.124473,348.2868,-2.033476,0.4930268,5.83953,-7.6722,-34.0792,0.2071991,
2,81.68,2,4.127128,348.2301,-2.036337,0.493403,5.83953,-7.6722,-34.0792,0.2071991,
2,81.69,2,4.129087,348.2427,-2.038252,0.4936327,5.83953,-7.6722,-34.0792,0.2071991,
2,81.7,2,4.126565,348.2421,-2.037367,0.4937199,5.83953,-7.6722,-34.0792,0.2071991,
2,81.71,2,4.126886,348.2264,-2.039889,0.4942924,5.83953,-7.6722,-34.0792,0.2071991,
2,81.72,2,4.126022,348.2535,-2.042775,0.4950955,5.83953,-7.6722,-34.0792,0.2071991,
2,81.73,2,4.125151,348.2232,-2.044316,0.4955737,5.83953,-7.6722,-34.0792,0.2071991,
2,81.74,2,4.125087,348.235,-2.04404,0.4955144,5.83953,-7.6722,-34.0792,0.2071991,
2,81.75,2,4.125091,348.2252,-2.043453,0.4953718,5.83953,-7.6722,-34.0792,0.2071991,
2,81.76,2,4.125719,348.2249,-2.043076,0.4952049,5.83953,-7.6722,-34.0792,0.2071991,
2,81.77,2,4.127222,348.2208,-2.043835,0.4952084,5.83953,-7.6722,-34.0792,0.2071991,
2,81.78,2,4.127017,348.2244,-2.042904,0.4950073,5.83953,-7.6722,-34.0792,0.2071991,
2,81.79,2,4.126175,348.1847,-2.043664,0.4952926,5.83953,-7.6722,-34.0792,0.2071991,
2,81.8,2,4.125839,348.2109,-2.042358,0.4950165,5.83493,-7.6722,-34.0799,0.2078972,
2,81.81,2,4.127513,348.2024,-2.040892,0.4944604,5.83493,-7.6722,-34.0799,0.2078972,
2,81.82,2,4.125284,348.2101,-2.040018,0.4945159,5.83493,-7.6722,-34.0799,0.2078972,
2,81.83,2,4.127032,348.2014,-2.038518,0.4939428,5.83493,-7.6722,-34.0799,0.2078972,
2,81.84,2,4.125885,348.2031,-2.043061,0.4951813,5.83493,-7.6722,-34.0799,0.2078972,
2,81.85,2,4.12473,348.2057,-2.041476,0.4949356,5.83493,-7.6722,-34.0799,0.2078972,
2,81.86,2,4.126433,348.1882,-2.03924,0.4941896,5.83493,-7.6722,-34.0799,0.2078972,
2,81.87,2,4.129907,348.1835,-2.036381,0.4930815,5.83493,-7.6722,-34.0799,0.2078972,
2,81.88,2,4.126502,348.1894,-2.035526,0.4932812,5.83493,-7.6722,-34.0799,0.2078972,
2,81.89,2,4.127114,348.1835,-2.037304,0.493639,5.83493,-7.6722,-34.0799,0.2078972,
2,81.9,2,4.125791,348.1823,-2.04059,0.4945938,5.83493,-7.6722,-34.0799,0.2078972,
2,81.91,2,4.126102,348.1573,-2.04039,0.4945079,5.83493,-7.6722,-34.0799,0.2078972,
2,81.92,2,4.128797,348.1791,-2.040667,0.4942523,5.83493,-7.6722,-34.0799,0.2078972,
2,81.93,2,4.13155,348.1547,-2.039793,0.4937112,5.83493,-7.6722,-34.0799,0.2078972,
2,81.94,2,4.13661,348.1383,-2.040102,0.493182,5.83493,-7.6722,-34.0799,0.2078972,
2,81.95,2,4.140401,348.1297,-2.045128,0.4939443,5.83493,-7.6722,-34.0799,0.2078972,
2,81.96,2,4.142286,348.1213,-2.047292,0.494242,5.83493,-7.6722,-34.0799,0.2078972,
2,81.97,2,4.141658,348.1222,-2.048106,0.4945135,5.83493,-7.6722,-34.0799,0.2078972,
2,81.98,2,4.138903,348.1158,-2.049509,0.4951817,5.83493,-7.6722,-34.0799,0.2078972,
2,81.99,2,4.139643,348.1088,-2.048522,0.4948547,5.83493,-7.6722,-34.0799,0.2078972,
2,82,2,4.141926,348.1206,-2.048258,0.4945182,5.83493,-7.6722,-34.0799,0.2078972,
2,82.01,2,4.139693,348.1132,-2.048959,0.4949544,5.83493,-7.6722,-34.0799,0.2078972,
2,82.02,2,4.139262,348.1072,-2.053168,0.4960226,5.83493,-7.6722,-34.0799,0.2078972,
2,82.03,2,4.138463,348.1399,-2.052389,0.4959303,5.83493,-7.6722,-34.0799,0.2078972,
2,82.04,2,4.140784,348.084,-2.049132,0.4948657,5.83493,-7.6722,-34.0799,0.2078972,
2,82.05,2,4.138563,348.0875,-2.050863,0.4955495,5.83085,-7.6722,-34.0805,0.2084999,
2,82.06,2,4.138645,348.0973,-2.049565,0.495226,5.83085,-7.6722,-34.0805,0.2084999,
2,82.07,2,4.139759,348.0855,-2.051597,0.4955837,5.83085,-7.6722,-34.0805,0.2084999,
2,82.08,2,4.139015,348.0931,-2.054569,0.4963908,5.83085,-7.6722,-34.0805,0.2084999,
2,82.09,2,4.140278,348.1177,-2.054461,0.4962132,5.83085,-7.6722,-34.0805,0.2084999,
2,82.1,2,4.14122,348.0911,-2.051204,0.4953139,5.83085,-7.6722,-34.0805,0.2084999,
2,82.11,2,4.14073,348.0858,-2.050231,0.4951376,5.83085,-7.6722,-34.0805,0.2084999,
2,82.12,2,4.139007,348.0898,-2.048578,0.4949444,5.83085,-7.6722,-34.0805,0.2084999,
2,82.13,2,4.138934,348.0756,-2.051437,0.4956439,5.83085,-7.6722,-34.0805,0.2084999,
2,82.14,2,4.137706,348.0851,-2.051895,0.4959016,5.83085,-7.6722,-34.0805,0.2084999,
2,82.15,2,4.14219,348.0617,-2.049187,0.4947111,5.83085,-7.6722,-34.0805,0.2084999,
2,82.16,2,4.147699,348.0298,-2.049568,0.4941457,5.83085,-7.6722,-34.0805,0.2084999,
2,82.17,2,4.149848,348.0264,-2.048568,0.493649,5.83085,-7.6722,-34.0805,0.2084999,
2,82.18,2,4.154924,348.0186,-2.049041,0.4931597,5.83085,-7.6722,-34.0805,0.2084999,
2,82.19,2,4.150747,348.0159,-2.051007,0.4941296,5.83085,-7.6722,-34.0805,0.2084999,
2,82.2,2,4.14992,348.0085,-2.052006,0.4944689,5.83085,-7.6722,-34.0805,0.2084999,
2,82.21,2,4.154327,347.9977,-2.055079,0.4946839,5.83085,-7.6722,-34.0805,0.2084999,
2,82.22,2,4.152443,348.0062,-2.054335,0.4947292,5.83085,-7.6722,-34.0805,0.2084999,
2,82.23,2,4.151845,347.9979,-2.053617,0.4946274,5.83085,-7.6722,-34.0805,0.2084999,
2,82.24,2,4.152292,347.9879,-2.054263,0.4947298,5.83085,-7.6722,-34.0805,0.2084999,
2,82.25,2,4.152753,347.9994,-2.056931,0.4953175,5.83085,-7.6722,-34.0805,0.2084999,
2,82.26,2,4.152426,347.9693,-2.057621,0.4955226,5.83085,-7.6722,-34.0805,0.2084999,
2,82.27,2,4.152873,347.9931,-2.055964,0.4950703,5.83085,-7.6722,-34.0805,0.2084999,
2,82.28,2,4.154049,347.9867,-2.055067,0.4947142,5.8265,-7.6722,-34.0812,0.209198,
2,82.29,2,4.153119,347.9753,-2.055904,0.4950266,5.8265,-7.6722,-34.0812,0.209198,
2,82.3,2,4.150184,347.9763,-2.0593,0.4961948,5.8265,-7.6722,-34.0812,0.209198,
2,82.31,2,4.148932,347.9667,-2.059685,0.4964373,5.8265,-7.6722,-34.0812,0.209198,
2,82.32,2,4.150882,347.969,-2.063126,0.4970332,5.8265,-7.6722,-34.0812,0.209198,
2,82.33,2,4.15312,347.9779,-2.062657,0.4966524,5.8265,-7.6722,-34.0812,0.209198,
2,82.34,2,4.151678,347.971,-2.059477,0.4960591,5.8265,-7.6722,-34.0812,0.209198,
2,82.35,2,4.150804,347.9659,-2.06099,0.496528,5.8265,-7.6722,-34.0812,0.209198,
2,82.36,2,4.150437,347.9663,-2.061436,0.4966793,5.8265,-7.6722,-34.0812,0.209198,
2,82.37,2,4.152737,347.9655,-2.062279,0.4966073,5.8265,-7.6722,-34.0812,0.209198,
2,82.38,2,4.150498,348.0016,-2.064479,0.4974051,5.8265,-7.6722,-34.0812,0.209198,
2,82.39,2,4.150253,347.9579,-2.063175,0.4971203,5.8265,-7.6722,-34.0812,0.209198,
2,82.4,2,4.151986,347.9557,-2.06058,0.4962879,5.8265,-7.6722,-34.0812,0.209198,
2,82.41,2,4.156513,347.9297,-2.059476,0.4954816,5.8265,-7.6722,-34.0812,0.209198,
2,82.42,2,4.158055,347.9134,-2.059852,0.4953882,5.8265,-7.6722,-34.0812,0.209198,
2,82.43,2,4.164087,347.9103,-2.061052,0.4949588,5.8265,-7.6722,-34.0812,0.209198,
2,82.44,2,4.165101,347.9129,-2.061807,0.4950198,5.8265,-7.6722,-34.0812,0.209198,
2,82.45,2,4.163723,347.9038,-2.061711,0.4951603,5.8265,-7.6722,-34.0812,0.209198,
2,82.46,2,4.161694,347.9026,-2.058961,0.494741,5.8265,-7.6722,-34.0812,0.209198,
2,82.47,2,4.163589,347.8942,-2.058857,0.4944909,5.8265,-7.6722,-34.0812,0.209198,
2,82.48,2,4.165338,347.8864,-2.059165,0.4943572,5.8265,-7.6722,-34.0812,0.209198,
2,82.49,2,4.164667,347.8802,-2.061573,0.4950151,5.8265,-7.6722,-34.0812,0.209198,
2,82.5,2,4.162978,347.8901,-2.063006,0.4955603,5.82215,-7.6722,-34.0818,0.2097969,
2,82.51,2,4.163975,347.8662,-2.063984,0.4956763,5.82215,-7.6722,-34.0818,0.2097969,
2,82.52,2,4.164371,347.8793,-2.062531,0.4952804,5.82215,-7.6722,-34.0818,0.2097969,
2,82.53,2,4.163625,347.8786,-2.064832,0.4959219,5.82215,-7.6722,-34.0818,0.2097969,
2,82.54,2,4.164587,347.8781,-2.064663,0.4957664,5.82215,-7.6722,-34.0818,0.2097969,
2,82.55,2,4.166116,347.8611,-2.065979,0.4959006,5.82215,-7.6722,-34.0818,0.2097969,
2,82.56,2,4.163133,347.8495,-2.06863,0.4968927,5.82215,-7.6722,-34.0818,0.2097969,
2,82.57,2,4.163944,347.8584,-2.068557,0.4967783,5.82215,-7.6722,-34.0818,0.2097969,
2,82.58,2,4.163436,347.8476,-2.066032,0.4962325,5.82215,-7.6722,-34.0818,0.2097969,
2,82.59,2,4.16507,347.8547,-2.06675,0.4962102,5.82215,-7.6722,-34.0818,0.2097969,
2,82.6,2,4.165842,347.8578,-2.06754,0.4963078,5.82215,-7.6722,-34.0818,0.2097969,
2,82.61,2,4.167138,347.8563,-2.069541,0.4966337,5.82215,-7.6722,-34.0818,0.2097969,
2,82.62,2,4.171323,347.7889,-2.070149,0.4962811,5.82215,-7.6722,-34.0818,0.2097969,
2,82.63,2,4.171761,347.8297,-2.070963,0.4964243,5.82215,-7.6722,-34.0818,0.2097969,
2,82.64,2,4.175766,347.7913,-2.070564,0.4958526,5.82215,-7.6722,-34.0818,0.2097969,
2,82.65,2,4.178601,347.8006,-2.070623,0.4955303,5.82215,-7.6722,-34.0818,0.2097969,
2,82.66,2,4.175833,347.7913,-2.073982,0.4966632,5.82215,-7.6722,-34.0818,0.2097969,
2,82.67,2,4.177845,347.8246,-2.076625,0.4970566,5.82215,-7.6722,-34.0818,0.2097969,
2,82.68,2,4.174335,347.7535,-2.077262,0.497627,5.82215,-7.6722,-34.0818,0.2097969,
2,82.69,2,4.177177,347.7939,-2.076893,0.4972,5.82215,-7.6722,-34.0818,0.2097969,
2,82.7,2,4.177377,347.7974,-2.072538,0.4961338,5.82215,-7.6722,-34.0818,0.2097969,
2,82.71,2,4.175243,347.785,-2.072265,0.4963219,5.82215,-7.6722,-34.0818,0.2097969,
2,82.72,2,4.17703,347.7798,-2.072508,0.496168,5.82215,-7.6722,-34.0818,0.2097969,
2,82.73,2,4.175749,347.771,-2.07396,0.4966678,5.82215,-7.6722,-34.0818,0.2097969,
2,82.74,2,4.1738,347.7657,-2.074736,0.4970855,5.81865,-7.6722,-34.0824,0.2103996,
2,82.75,2,4.17503,347.7721,-2.07136,0.4961305,5.81865,-7.6722,-34.0824,0.2103996,
2,82.76,2,4.175109,347.7654,-2.071168,0.4960751,5.81865,-7.6722,-34.0824,0.2103996,
2,82.77,2,4.174825,347.7658,-2.069027,0.4955962,5.81865,-7.6722,-34.0824,0.2103996,
2,82.78,2,4.175093,347.7618,-2.070803,0.4959898,5.81865,-7.6722,-34.0824,0.2103996,
2,82.79,2,4.174562,347.7545,-2.074843,0.4970205,5.81865,-7.6722,-34.0824,0.2103996,
2,82.8,2,4.176411,347.7473,-2.074826,0.4967963,5.81865,-7.6722,-34.0824,0.2103996,
2,82.81,2,4.173342,347.7549,-2.076056,0.4974564,5.81865,-7.6722,-34.0824,0.2103996,
2,82.82,2,4.175194,347.7473,-2.074219,0.4967958,5.81865,-7.6722,-34.0824,0.2103996,
2,82.83,2,4.17567,347.737,-2.075263,0.4969892,5.81865,-7.6722,-34.0824,0.2103996,
2,82.84,2,4.176081,347.7421,-2.077335,0.4974365,5.81865,-7.6722,-34.0824,0.2103996,
2,82.85,2,4.17425,347.7299,-2.080156,0.4983304,5.81865,-7.6722,-34.0824,0.2103996,
2,82.86,2,4.176677,347.7563,-2.077857,0.4974905,5.81865,-7.6722,-34.0824,0.2103996,
2,82.87,2,4.17827,347.7273,-2.077226,0.4971498,5.81865,-7.6722,-34.0824,0.2103996,
2,82.88,2,4.183145,347.6987,-2.077326,0.4965943,5.81865,-7.6722,-34.0824,0.2103996,
2,82.89,2,4.185668,347.7054,-2.082343,0.4974934,5.81865,-7.6722,-34.0824,0.2103996,
2,82.9,2,4.187313,347.6923,-2.083688,0.4976192,5.81865,-7.6722,-34.0824,0.2103996,
2,82.91,2,4.189139,347.7036,-2.085694,0.4978813,5.81865,-7.6722,-34.0824,0.2103996,
2,82.92,2,4.189129,347.6819,-2.086835,0.4981548,5.81865,-7.6722,-34.0824,0.2103996,
2,82.93,2,4.190127,347.6807,-2.085849,0.4978008,5.81865,-7.6722,-34.0824,0.2103996,
2,82.94,2,4.188857,347.6793,-2.085342,0.4978309,5.81865,-7.6722,-34.0824,0.2103996,
2,82.95,2,4.187763,347.6693,-2.085969,0.4981105,5.81865,-7.6722,-34.0824,0.2103996,
2,82.96,2,4.18817,347.6563,-2.087135,0.4983405,5.81865,-7.6722,-34.0824,0.2103996,
2,82.97,2,4.187357,347.6531,-2.088452,0.4987519,5.81865,-7.6722,-34.0824,0.2103996,
2,82.98,2,4.187016,347.6616,-2.087479,0.49856,5.81865,-7.6722,-34.0824,0.2103996,
2,82.99,2,4.188913,347.6566,-2.087399,0.4983153,5.81865,-7.6722,-34.0824,0.2103996,
2,83,2,4.187518,347.6576,-2.084372,0.4977582,5.8143,-7.6722,-34.083,0.2109985,
2,83.01,2,4.187699,347.6598,-2.083634,0.4975605,5.8143,-7.6722,-34.083,0.2109985,
2,83.02,2,4.188489,347.6604,-2.085575,0.4979301,5.8143,-7.6722,-34.083,0.2109985,
2,83.03,2,4.1864,347.6306,-2.086362,0.4983666,5.8143,-7.6722,-34.083,0.2109985,
2,83.04,2,4.187563,347.6317,-2.085318,0.4979787,5.8143,-7.6722,-34.083,0.2109985,
2,83.05,2,4.184685,347.6419,-2.082548,0.4976594,5.8143,-7.6722,-34.083,0.2109985,
2,83.06,2,4.186376,347.6385,-2.079427,0.496713,5.8143,-7.6722,-34.083,0.2109985,
2,83.07,2,4.186317,347.6351,-2.080921,0.4970769,5.8143,-7.6722,-34.083,0.2109985,
2,83.08,2,4.186766,347.6288,-2.0832,0.4975679,5.8143,-7.6722,-34.083,0.2109985,
2,83.09,2,4.188829,347.6107,-2.08394,0.4974993,5.8143,-7.6722,-34.083,0.2109985,
2,83.1,2,4.193506,347.6071,-2.083106,0.4967456,5.8143,-7.6722,-34.083,0.2109985,
2,83.11,2,4.194726,347.5876,-2.082644,0.4964912,5.8143,-7.6722,-34.083,0.2109985,
2,83.12,2,4.196891,347.5793,-2.086829,0.4972321,5.8143,-7.6722,-34.083,0.2109985,
2,83.13,2,4.200667,347.5721,-2.087477,0.4969394,5.8143,-7.6722,-34.083,0.2109985,
2,83.14,2,4.19782,347.5797,-2.090929,0.4980988,5.8143,-7.6722,-34.083,0.2109985,
2,83.15,2,4.201919,347.5851,-2.089776,0.4973385,5.8143,-7.6722,-34.083,0.2109985,
2,83.16,2,4.200003,347.5627,-2.090504,0.4977388,5.8143,-7.6722,-34.083,0.2109985,
2,83.17,2,4.199087,347.5652,-2.091943,0.4981899,5.8143,-7.6722,-34.083,0.2109985,
2,83.18,2,4.200195,347.5519,-2.091851,0.4980367,5.8143,-7.6722,-34.083,0.2109985,
2,83.19,2,4.199413,347.5464,-2.096977,0.49935,5.8143,-7.6722,-34.083,0.2109985,
2,83.2,2,4.199437,347.5492,-2.10294,0.5007671,5.8143,-7.6722,-34.083,0.2109985,
2,83.21,2,4.199625,347.5416,-2.100616,0.5001913,5.8143,-7.6722,-34.083,0.2109985,
2,83.22,2,4.198653,347.5475,-2.1003,0.5002318,5.8105,-7.6722,-34.0836,0.2115974,
2,83.23,2,4.200003,347.5317,-2.099877,0.4999704,5.8105,-7.6722,-34.0836,0.2115974,
2,83.24,2,4.198792,347.5358,-2.09895,0.4998938,5.8105,-7.6722,-34.0836,0.2115974,
2,83.25,2,4.199664,347.5348,-2.098354,0.4996481,5.8105,-7.6722,-34.0836,0.2115974,
2,83.26,2,4.197369,347.5622,-2.102126,0.5008199,5.8105,-7.6722,-34.0836,0.2115974,
2,83.27,2,4.200367,347.569,-2.101558,0.5003273,5.8105,-7.6722,-34.0836,0.2115974,
2,83.28,2,4.201662,347.5323,-2.098726,0.499499,5.8105,-7.6722,-34.0836,0.2115974,
2,83.29,2,4.199504,347.5255,-2.096186,0.4991509,5.8105,-7.6722,-34.0836,0.2115974,
2,83.3,2,4.199085,347.5274,-2.098387,0.4997247,5.8105,-7.6722,-34.0836,0.2115974,
2,83.31,2,4.200084,347.5251,-2.097528,0.4994015,5.8105,-7.6722,-34.0836,0.2115974,
2,83.32,2,4.196867,347.5219,-2.100261,0.5004355,5.8105,-7.6722,-34.0836,0.2115974,
2,83.33,2,4.197402,347.4998,-2.095943,0.4993429,5.8105,-7.6722,-34.0836,0.2115974,
2,83.34,2,4.200838,347.5151,-2.093439,0.4983384,5.8105,-7.6722,-34.0836,0.2115974,
2,83.35,2,4.206103,347.4976,-2.088671,0.496581,5.8105,-7.6722,-34.0836,0.2115974,
2,83.36,2,4.206771,347.4756,-2.092418,0.4973928,5.8105,-7.6722,-34.0836,0.2115974,
2,83.37,2,4.210752,347.4691,-2.094182,0.4973416,5.8105,-7.6722,-34.0836,0.2115974,
2,83.38,2,4.213312,347.4553,-2.098416,0.4980444,5.8105,-7.6722,-34.0836,0.2115974,
2,83.39,2,4.212322,347.4686,-2.102293,0.4990817,5.8105,-7.6722,-34.0836,0.2115974,
2,83.4,2,4.213987,347.4492,-2.100892,0.4985519,5.8105,-7.6722,-34.0836,0.2115974,
2,83.41,2,4.213616,347.4383,-2.104469,0.4994448,5.8105,-7.6722,-34.0836,0.2115974,
2,83.42,2,4.211407,347.4328,-2.10556,0.499966,5.8105,-7.6722,-34.0836,0.2115974,
2,83.43,2,4.212611,347.4407,-2.105701,0.4998566,5.8105,-7.6722,-34.0836,0.2115974,
2,83.44,2,4.214074,347.4496,-2.10348,0.499156,5.8105,-7.6722,-34.0836,0.2115974,
2,83.45,2,4.212834,347.385,-2.103835,0.499387,5.8105,-7.6722,-34.0836,0.2115974,
2,83.46,2,4.210772,347.4243,-2.107759,0.5005635,5.8105,-7.6722,-34.0836,0.2115974,
2,83.47,2,4.213905,347.4238,-2.103184,0.4991055,5.8105,-7.6722,-34.0836,0.2115974,
2,83.48,2,4.213518,347.4171,-2.103391,0.4992008,5.8105,-7.6722,-34.0836,0.2115974,
2,83.49,2,4.210594,347.4198,-2.11177,0.5015374,5.80618,-7.6722,-34.0843,0.2122993,
2,83.5,2,4.214434,347.4153,-2.109767,0.5006051,5.80618,-7.6722,-34.0843,0.2122993,
2,83.51,2,4.210664,347.42,-2.112964,0.5018125,5.80618,-7.6722,-34.0843,0.2122993,
2,83.52,2,4.21282,347.408,-2.109634,0.5007653,5.80618,-7.6722,-34.0843,0.2122993,
2,83.53,2,4.214396,347.418,-2.107117,0.4999808,5.80618,-7.6722,-34.0843,0.2122993,
2,83.54,2,4.211193,347.4128,-2.107816,0.5005271,5.80618,-7.6722,-34.0843,0.2122993,
2,83.55,2,4.213034,347.4058,-2.108649,0.5005062,5.80618,-7.6722,-34.0843,0.2122993,
2,83.56,2,4.210954,347.3928,-2.113806,0.5019779,5.80618,-7.6722,-34.0843,0.2122993,
2,83.57,2,4.210486,347.4098,-2.11122,0.5014195,5.80618,-7.6722,-34.0843,0.2122993,
2,83.58,2,4.213021,347.3991,-2.110049,0.5008398,5.80618,-7.6722,-34.0843,0.2122993,
2,83.59,2,4.214795,347.3858,-2.108178,0.5001851,5.80618,-7.6722,-34.0843,0.2122993,
2,83.6,2,4.219255,347.3582,-2.110104,0.5001129,5.80618,-7.6722,-34.0843,0.2122993,
2,83.61,2,4.223405,347.3563,-2.109359,0.499445,5.80618,-7.6722,-34.0843,0.2122993,
2,83.62,2,4.225559,347.3672,-2.109803,0.4992955,5.80618,-7.6722,-34.0843,0.2122993,
2,83.63,2,4.22673,347.3502,-2.109692,0.499131,5.80618,-7.6722,-34.0843,0.2122993,
2,83.64,2,4.227079,347.3423,-2.106944,0.4984397,5.80618,-7.6722,-34.0843,0.2122993,
2,83.65,2,4.22753,347.3324,-2.103802,0.4976433,5.80618,-7.6722,-34.0843,0.2122993,
2,83.66,2,4.223583,347.3214,-2.109584,0.4994774,5.80618,-7.6722,-34.0843,0.2122993,
2,83.67,2,4.220668,347.3182,-2.126667,0.5038699,5.80618,-7.6722,-34.0843,0.2122993,
2,83.68,2,4.225999,347.3493,-2.112238,0.4998199,5.80618,-7.6722,-34.0843,0.2122993,
2,83.69,2,4.22437,347.331,-2.113185,0.5002368,5.80618,-7.6722,-34.0843,0.2122993,
2,83.7,2,4.224769,347.3214,-2.109948,0.4994232,5.80618,-7.6722,-34.0843,0.2122993,
2,83.71,2,4.224643,347.3091,-2.112815,0.5001167,5.80618,-7.6722,-34.0843,0.2122993,
2,83.72,2,4.222592,347.3078,-2.112139,0.5001997,5.8021,-7.6722,-34.0849,0.2128983,
2,83.73,2,4.225095,347.3032,-2.113523,0.5002307,5.8021,-7.6722,-34.0849,0.2128983,
2,83.74,2,4.224012,347.2996,-2.117571,0.5013175,5.8021,-7.6722,-34.0849,0.2128983,
2,83.75,2,4.224095,347.2961,-2.11892,0.5016269,5.8021,-7.6722,-34.0849,0.2128983,
2,83.76,2,4.225474,347.2963,-2.116295,0.500842,5.8021,-7.6722,-34.0849,0.2128983,
2,83.77,2,4.224584,347.2932,-2.116362,0.5009634,5.8021,-7.6722,-34.0849,0.2128983,
2,83.78,2,4.224006,347.3,-2.116712,0.5011147,5.8021,-7.6722,-34.0849,0.2128983,
2,83.79,2,4.224214,347.2908,-2.120038,0.5018774,5.8021,-7.6722,-34.0849,0.2128983,
2,83.8,2,4.226539,347.3247,-2.119994,0.501591,5.8021,-7.6722,-34.0849,0.2128983,
2,83.81,2,4.223527,347.2683,-2.118579,0.5016137,5.8021,-7.6722,-34.0849,0.2128983,
2,83.82,2,4.224399,347.3026,-2.119414,0.5017079,5.8021,-7.6722,-34.0849,0.2128983,
2,83.83,2,4.223401,347.2777,-2.120456,0.502073,5.8021,-7.6722,-34.0849,0.2128983,
2,83.84,2,4.226971,347.2789,-2.120088,0.5015619,5.8021,-7.6722,-34.0849,0.2128983,
2,83.85,2,4.228426,347.2266,-2.138518,0.505748,5.8021,-7.6722,-34.0849,0.2128983,
2,83.86,2,4.23185,347.2213,-2.121298,0.5012696,5.8021,-7.6722,-34.0849,0.2128983,
2,83.87,2,4.236444,347.2351,-2.121603,0.5007981,5.8021,-7.6722,-34.0849,0.2128983,
2,83.88,2,4.238114,347.2288,-2.121403,0.5005534,5.8021,-7.6722,-34.0849,0.2128983,
2,83.89,2,4.236707,347.222,-2.119714,0.5003212,5.8021,-7.6722,-34.0849,0.2128983,
2,83.9,2,4.236995,347.2102,-2.12064,0.5005055,5.8021,-7.6722,-34.0849,0.2128983,
2,83.91,2,4.234536,347.2241,-2.138672,0.5050547,5.8021,-7.6722,-34.0849,0.2128983,
2,83.92,2,4.236646,347.201,-2.120909,0.5006105,5.8021,-7.6722,-34.0849,0.2128983,
2,83.93,2,4.237261,347.2077,-2.116065,0.4993946,5.8021,-7.6722,-34.0849,0.2128983,
2,83.94,2,4.23653,347.2015,-2.118463,0.5000468,5.8021,-7.6722,-34.0849,0.2128983,
2,83.95,2,4.236481,347.1981,-2.118304,0.5000151,5.8021,-7.6722,-34.0849,0.2128983,
2,83.96,2,4.236114,347.1991,-2.11831,0.5000597,5.8021,-7.6722,-34.0849,0.2128983,
2,83.97,2,4.23871,347.1906,-2.117558,0.4995762,5.8021,-7.6722,-34.0849,0.2128983,
2,83.98,2,4.233677,347.1673,-2.138038,0.5050073,5.8021,-7.6722,-34.0849,0.2128983,
2,83.99,2,4.235842,347.1805,-2.122036,0.5009715,5.8021,-7.6722,-34.0849,0.2128983,
2,84,2,4.237265,347.1788,-2.118758,0.5000297,5.8021,-7.6722,-34.0849,0.2128983,
2,84.01,2,4.236835,347.1856,-2.118638,0.500052,5.8021,-7.6722,-34.0849,0.2128983,
2,84.02,2,4.235184,347.1784,-2.120303,0.5006402,5.79773,-7.6722,-34.0856,0.2136002,
2,84.03,2,4.235316,347.1408,-2.123628,0.5014096,5.79773,-7.6722,-34.0856,0.2136002,
2,84.04,2,4.234519,347.1784,-2.124475,0.5017041,5.79773,-7.6722,-34.0856,0.2136002,
2,84.05,2,4.236429,347.1659,-2.122494,0.5010101,5.79773,-7.6722,-34.0856,0.2136002,
2,84.06,2,4.237245,347.154,-2.121338,0.500641,5.79773,-7.6722,-34.0856,0.2136002,
2,84.07,2,4.237395,347.1702,-2.122483,0.5008933,5.79773,-7.6722,-34.0856,0.2136002,
2,84.08,2,4.236726,347.1585,-2.126462,0.5019116,5.79773,-7.6722,-34.0856,0.2136002,
2,84.09,2,4.234972,347.166,-2.127928,0.5024657,5.79773,-7.6722,-34.0856,0.2136002,
2,84.1,2,4.234417,347.1605,-2.128627,0.5026965,5.79773,-7.6722,-34.0856,0.2136002,
2,84.11,2,4.237045,347.1535,-2.127618,0.5021467,5.79773,-7.6722,-34.0856,0.2136002,
2,84.12,2,4.240787,347.1433,-2.122336,0.500458,5.79773,-7.6722,-34.0856,0.2136002,
2,84.13,2,4.244158,347.1171,-2.122075,0.4999992,5.79773,-7.6722,-34.0856,0.2136002,
2,84.14,2,4.247421,347.1092,-2.124748,0.5002443,5.79773,-7.6722,-34.0856,0.2136002,
2,84.15,2,4.250337,347.1299,-2.125689,0.5001224,5.79773,-7.6722,-34.0856,0.2136002,
2,84.16,2,4.249764,347.0945,-2.12779,0.5006843,5.79773,-7.6722,-34.0856,0.2136002,
2,84.17,2,4.249527,347.0959,-2.126391,0.500383,5.79773,-7.6722,-34.0856,0.2136002,
2,84.18,2,4.249543,347.1021,-2.126432,0.5003908,5.79773,-7.6722,-34.0856,0.2136002,
2,84.19,2,4.24721,347.0992,-2.128945,0.5012574,5.79773,-7.6722,-34.0856,0.2136002,
2,84.2,2,4.248869,347.09,-2.129545,0.5012027,5.79773,-7.6722,-34.0856,0.2136002,
2,84.21,2,4.248132,347.082,-2.128335,0.5010051,5.79773,-7.6722,-34.0856,0.2136002,
2,84.22,2,4.24781,347.088,-2.124823,0.500216,5.79773,-7.6722,-34.0856,0.2136002,
2,84.23,2,4.249618,347.075,-2.120706,0.4990345,5.79773,-7.6722,-34.0856,0.2136002,
2,84.24,2,4.250041,347.0727,-2.122881,0.4994965,5.79773,-7.6722,-34.0856,0.2136002,
2,84.25,2,4.250244,347.0671,-2.125175,0.5000124,5.7937,-7.6722,-34.0862,0.2141991,
2,84.26,2,4.248071,347.0621,-2.127663,0.500854,5.7937,-7.6722,-34.0862,0.2141991,
2,84.27,2,4.249815,347.0617,-2.12775,0.5006688,5.7937,-7.6722,-34.0862,0.2141991,
2,84.28,2,4.248971,347.0424,-2.128191,0.5008721,5.7937,-7.6722,-34.0862,0.2141991,
2,84.29,2,4.247996,347.0568,-2.127281,0.5007727,5.7937,-7.6722,-34.0862,0.2141991,
2,84.3,2,4.249519,347.0616,-2.126348,0.5003739,5.7937,-7.6722,-34.0862,0.2141991,
2,84.31,2,4.249304,347.0529,-2.132004,0.5017301,5.7937,-7.6722,-34.0862,0.2141991,
2,84.32,2,4.248567,347.0493,-2.134908,0.5025007,5.7937,-7.6722,-34.0862,0.2141991,
2,84.33,2,4.248403,347.0403,-2.134326,0.5023831,5.7937,-7.6722,-34.0862,0.2141991,
2,84.34,2,4.254403,347.0368,-2.131298,0.5009629,5.7937,-7.6722,-34.0862,0.2141991,
2,84.35,2,4.256864,347.013,-2.130322,0.5004441,5.7937,-7.6722,-34.0862,0.2141991,
2,84.36,2,4.258474,346.9966,-2.131266,0.5004765,5.7937,-7.6722,-34.0862,0.2141991,
2,84.37,2,4.264051,346.9851,-2.133573,0.5003628,5.7937,-7.6722,-34.0862,0.2141991,
2,84.38,2,4.265182,346.9875,-2.139475,0.5016142,5.7937,-7.6722,-34.0862,0.2141991,
2,84.39,2,4.261889,346.9617,-2.140023,0.5021301,5.7937,-7.6722,-34.0862,0.2141991,
2,84.4,2,4.262145,346.9997,-2.143878,0.5030045,5.7937,-7.6722,-34.0862,0.2141991,
2,84.41,2,4.262498,346.9902,-2.142411,0.5026186,5.7937,-7.6722,-34.0862,0.2141991,
2,84.42,2,4.263457,346.9971,-2.138188,0.501515,5.7937,-7.6722,-34.0862,0.2141991,
2,84.43,2,4.263004,346.9765,-2.144757,0.5031092,5.7937,-7.6722,-34.0862,0.2141991,
2,84.44,2,4.261952,346.9737,-2.144648,0.5032079,5.7937,-7.6722,-34.0862,0.2141991,
2,84.45,2,4.26239,346.9646,-2.142161,0.5025727,5.7937,-7.6722,-34.0862,0.2141991,
2,84.46,2,4.263054,346.9742,-2.141919,0.5024376,5.7937,-7.6722,-34.0862,0.2141991,
2,84.47,2,4.262265,346.9742,-2.140331,0.5021581,5.7937,-7.6722,-34.0862,0.2141991,
2,84.48,2,4.262845,346.9657,-2.140067,0.5020279,5.7937,-7.6722,-34.0862,0.2141991,
2,84.49,2,4.262746,346.9674,-2.141315,0.5023322,5.78935,-7.6722,-34.0868,0.214798,
2,84.5,2,4.262716,346.9506,-2.137539,0.5014501,5.78935,-7.6722,-34.0868,0.214798,
2,84.51,2,4.261489,346.9637,-2.141988,0.5026384,5.78935,-7.6722,-34.0868,0.214798,
2,84.52,2,4.260499,346.9541,-2.141309,0.5025957,5.78935,-7.6722,-34.0868,0.214798,
2,84.53,2,4.259259,346.9499,-2.137233,0.5017851,5.78935,-7.6722,-34.0868,0.214798,
2,84.54,2,4.262386,346.9497,-2.13423,0.5007125,5.78935,-7.6722,-34.0868,0.214798,
2,84.55,2,4.262005,346.9479,-2.137602,0.5015483,5.78935,-7.6722,-34.0868,0.214798,
2,84.56,2,4.26204,346.9397,-2.14152,0.5024635,5.78935,-7.6722,-34.0868,0.214798,
2,84.57,2,4.25945,346.9393,-2.147313,0.5041291,5.78935,-7.6722,-34.0868,0.214798,
2,84.58,2,4.260398,346.9432,-2.143878,0.5032107,5.78935,-7.6722,-34.0868,0.214798,
2,84.59,2,4.260628,346.9294,-2.142602,0.502884,5.78935,-7.6722,-34.0868,0.214798,
2,84.6,2,4.261259,346.9426,-2.144851,0.5033375,5.78935,-7.6722,-34.0868,0.214798,
2,84.61,2,4.2644,346.9136,-2.14297,0.5025256,5.78935,-7.6722,-34.0868,0.214798,
2,84.62,2,4.268429,346.9291,-2.149401,0.5035578,5.78935,-7.6722,-34.0868,0.214798,
2,84.63,2,4.269243,346.8709,-2.150458,0.5037094,5.78935,-7.6722,-34.0868,0.214798,
2,84.64,2,4.27434,346.8811,-2.149762,0.5029461,5.78935,-7.6722,-34.0868,0.214798,
2,84.65,2,4.276081,346.871,-2.146166,0.5019003,5.78935,-7.6722,-34.0868,0.214798,
2,84.66,2,4.275775,346.864,-2.15118,0.5031087,5.78935,-7.6722,-34.0868,0.214798,
2,84.67,2,4.275349,346.8706,-2.156231,0.5043404,5.78935,-7.6722,-34.0868,0.214798,
2,84.68,2,4.275472,346.8691,-2.159244,0.5050306,5.78935,-7.6722,-34.0868,0.214798,
2,84.69,2,4.274376,346.8643,-2.153344,0.5037797,5.78935,-7.6722,-34.0868,0.214798,
2,84.7,2,4.274487,346.8639,-2.151965,0.503444,5.78935,-7.6722,-34.0868,0.214798,
2,84.71,2,4.275235,346.8572,-2.155637,0.5042149,5.78935,-7.6722,-34.0868,0.214798,
2,84.72,2,4.274804,346.8505,-2.157958,0.5048087,5.78935,-7.6722,-34.0868,0.214798,
2,84.73,2,4.276098,346.8494,-2.158975,0.5048938,5.78475,-7.6722,-34.0875,0.2154999,
2,84.74,2,4.276833,346.7941,-2.151422,0.503041,5.78475,-7.6722,-34.0875,0.2154999,
2,84.75,2,4.274912,346.8371,-2.149822,0.5028927,5.78475,-7.6722,-34.0875,0.2154999,
2,84.76,2,4.273339,346.8424,-2.148105,0.5026761,5.78475,-7.6722,-34.0875,0.2154999,
2,84.77,2,4.274837,346.8388,-2.146621,0.5021527,5.78475,-7.6722,-34.0875,0.2154999,
2,84.78,2,4.274673,346.8408,-2.147835,0.502456,5.78475,-7.6722,-34.0875,0.2154999,
2,84.79,2,4.275932,346.8346,-2.147197,0.5021589,5.78475,-7.6722,-34.0875,0.2154999,
2,84.8,2,4.272167,346.8249,-2.14852,0.5029112,5.78475,-7.6722,-34.0875,0.2154999,
2,84.81,2,4.275014,346.8224,-2.148179,0.5024962,5.78475,-7.6722,-34.0875,0.2154999,
2,84.82,2,4.275939,346.822,-2.143598,0.5013164,5.78475,-7.6722,-34.0875,0.2154999,
2,84.83,2,4.276037,346.8228,-2.142625,0.5010774,5.78475,-7.6722,-34.0875,0.2154999,
2,84.84,2,4.273566,346.8232,-2.145365,0.5020083,5.78475,-7.6722,-34.0875,0.2154999,
2,84.85,2,4.278818,346.7986,-2.146567,0.5016729,5.78475,-7.6722,-34.0875,0.2154999,
2,84.86,2,4.279832,346.7758,-2.147527,0.5017784,5.78475,-7.6722,-34.0875,0.2154999,
2,84.87,2,4.284435,346.7838,-2.147161,0.5011538,5.78475,-7.6722,-34.0875,0.2154999,
2,84.88,2,4.288024,346.7751,-2.147985,0.5009264,5.78475,-7.6722,-34.0875,0.2154999,
2,84.89,2,4.287704,346.7671,-2.150746,0.5016078,5.78475,-7.6722,-34.0875,0.2154999,
2,84.9,2,4.288028,346.7526,-2.150261,0.5014569,5.78475,-7.6722,-34.0875,0.2154999,
2,84.91,2,4.290864,346.7516,-2.15261,0.5016729,5.78475,-7.6722,-34.0875,0.2154999,
2,84.92,2,4.287681,346.754,-2.15573,0.5027729,5.78475,-7.6722,-34.0875,0.2154999,
2,84.93,2,4.287745,346.7547,-2.156171,0.5028682,5.78475,-7.6722,-34.0875,0.2154999,
2,84.94,2,4.287498,346.7461,-2.154818,0.5025817,5.78475,-7.6722,-34.0875,0.2154999,
2,84.95,2,4.285343,346.7466,-2.155903,0.5030877,5.78475,-7.6722,-34.0875,0.2154999,
2,84.96,2,4.285512,346.7377,-2.15781,0.5035128,5.78475,-7.6722,-34.0875,0.2154999,
2,84.97,2,4.287304,346.734,-2.157775,0.5032941,5.78095,-7.6722,-34.0881,0.2160988,
2,84.98,2,4.287586,346.7694,-2.157952,0.5033023,5.78095,-7.6722,-34.0881,0.2160988,
2,84.99,2,4.285764,346.7567,-2.158112,0.5035536,5.78095,-7.6722,-34.0881,0.2160988,
2,85,2,4.288859,346.74,-2.15702,0.5029355,5.78095,-7.6722,-34.0881,0.2160988,
2,85.01,2,4.288545,346.7263,-2.157095,0.50299,5.78095,-7.6722,-34.0881,0.2160988,
2,85.02,2,4.289204,346.7189,-2.160007,0.5035916,5.78095,-7.6722,-34.0881,0.2160988,
2,85.03,2,4.286853,346.7317,-2.160752,0.5040415,5.78095,-7.6722,-34.0881,0.2160988,
2,85.04,2,4.286382,346.7489,-2.162039,0.5043972,5.78095,-7.6722,-34.0881,0.2160988,
2,85.05,2,4.285253,346.7181,-2.160242,0.5041107,5.78095,-7.6722,-34.0881,0.2160988,
2,85.06,2,4.285924,346.7172,-2.157094,0.5032974,5.78095,-7.6722,-34.0881,0.2160988,
2,85.07,2,4.286643,346.7149,-2.156774,0.5031382,5.78095,-7.6722,-34.0881,0.2160988,
2,85.08,2,4.292418,346.6967,-2.157431,0.5026144,5.78095,-7.6722,-34.0881,0.2160988,
2,85.09,2,4.293368,346.6836,-2.157398,0.5024955,5.78095,-7.6722,-34.0881,0.2160988,
2,85.1,2,4.298018,346.6713,-2.155676,0.5015512,5.78095,-7.6722,-34.0881,0.2160988,
2,85.11,2,4.30092,346.6495,-2.156473,0.501398,5.78095,-7.6722,-34.0881,0.2160988,
2,85.12,2,4.300268,346.6472,-2.155243,0.501188,5.78095,-7.6722,-34.0881,0.2160988,
2,85.13,2,4.299672,346.6511,-2.155936,0.5014188,5.78095,-7.6722,-34.0881,0.2160988,
2,85.14,2,4.300631,346.6483,-2.157649,0.5017051,5.78095,-7.6722,-34.0881,0.2160988,
2,85.15,2,4.298103,346.6385,-2.159867,0.5025163,5.78095,-7.6722,-34.0881,0.2160988,
2,85.16,2,4.298512,346.6483,-2.160733,0.5026699,5.78095,-7.6722,-34.0881,0.2160988,
2,85.17,2,4.300623,346.6325,-2.16119,0.5025294,5.78095,-7.6722,-34.0881,0.2160988,
2,85.18,2,4.300756,346.6282,-2.158837,0.5019668,5.78095,-7.6722,-34.0881,0.2160988,
2,85.19,2,4.298429,346.6284,-2.159523,0.5023982,5.78095,-7.6722,-34.0881,0.2160988,
2,85.2,2,4.29833,346.6206,-2.161522,0.5028749,5.78095,-7.6722,-34.0881,0.2160988,
2,85.21,2,4.299419,346.6277,-2.163924,0.5033063,5.78095,-7.6722,-34.0881,0.2160988,
2,85.22,2,4.296784,346.6086,-2.162974,0.5033936,5.77688,-7.6722,-34.0887,0.2166977,
2,85.23,2,4.298601,346.6089,-2.163195,0.5032323,5.77688,-7.6722,-34.0887,0.2166977,
2,85.24,2,4.301208,346.6051,-2.160526,0.5023069,5.77688,-7.6722,-34.0887,0.2166977,
2,85.25,2,4.299059,346.6011,-2.164118,0.5033934,5.77688,-7.6722,-34.0887,0.2166977,
2,85.26,2,4.299751,346.5932,-2.16503,0.5035244,5.77688,-7.6722,-34.0887,0.2166977,
2,85.27,2,4.298029,346.5905,-2.169042,0.5046597,5.77688,-7.6722,-34.0887,0.2166977,
2,85.28,2,4.297738,346.6039,-2.16889,0.5046584,5.77688,-7.6722,-34.0887,0.2166977,
2,85.29,2,4.298173,346.6065,-2.168076,0.5044181,5.77688,-7.6722,-34.0887,0.2166977,
2,85.3,2,4.297889,346.6027,-2.16667,0.5041242,5.77688,-7.6722,-34.0887,0.2166977,
2,85.31,2,4.300206,346.5901,-2.165902,0.503674,5.77688,-7.6722,-34.0887,0.2166977,
2,85.32,2,4.301697,346.5982,-2.167726,0.5039234,5.77688,-7.6722,-34.0887,0.2166977,
2,85.33,2,4.306598,346.5899,-2.169598,0.5037845,5.77688,-7.6722,-34.0887,0.2166977,
2,85.34,2,4.31002,346.5529,-2.169531,0.503369,5.77688,-7.6722,-34.0887,0.2166977,
2,85.35,2,4.311961,346.5402,-2.170261,0.5033119,5.77688,-7.6722,-34.0887,0.2166977,
2,85.36,2,4.312707,346.541,-2.168303,0.5027707,5.77688,-7.6722,-34.0887,0.2166977,
2,85.37,2,4.312273,346.5394,-2.16918,0.5030248,5.77688,-7.6722,-34.0887,0.2166977,
2,85.38,2,4.313443,346.5361,-2.170633,0.503225,5.77688,-7.6722,-34.0887,0.2166977,
2,85.39,2,4.312511,346.5592,-2.170746,0.5033601,5.77688,-7.6722,-34.0887,0.2166977,
2,85.4,2,4.312769,346.5279,-2.170629,0.5033028,5.77688,-7.6722,-34.0887,0.2166977,
2,85.41,2,4.312582,346.5121,-2.167527,0.5026054,5.77688,-7.6722,-34.0887,0.2166977,
2,85.42,2,4.315752,346.5181,-2.164831,0.5016116,5.77688,-7.6722,-34.0887,0.2166977,
2,85.43,2,4.311918,346.5162,-2.166117,0.5023559,5.77282,-7.6722,-34.0894,0.2173996,
2,85.44,2,4.31093,346.5083,-2.169544,0.5032659,5.77282,-7.6722,-34.0894,0.2173996,
2,85.45,2,4.312571,346.5144,-2.169319,0.5030224,5.77282,-7.6722,-34.0894,0.2173996,
2,85.46,2,4.311786,346.5061,-2.168895,0.5030155,5.77282,-7.6722,-34.0894,0.2173996,
2,85.47,2,4.311953,346.5087,-2.169438,0.503122,5.77282,-7.6722,-34.0894,0.2173996,
2,85.48,2,4.311752,346.498,-2.168736,0.5029824,5.77282,-7.6722,-34.0894,0.2173996,
2,85.49,2,4.313579,346.4988,-2.172973,0.5037518,5.77282,-7.6722,-34.0894,0.2173996,
2,85.5,2,4.310801,346.491,-2.174201,0.5043613,5.77282,-7.6722,-34.0894,0.2173996,
2,85.51,2,4.313408,346.4771,-2.175132,0.5042723,5.77282,-7.6722,-34.0894,0.2173996,
2,85.52,2,4.311686,346.4957,-2.175134,0.5044742,5.77282,-7.6722,-34.0894,0.2173996,
2,85.53,2,4.31141,346.483,-2.175561,0.5046055,5.77282,-7.6722,-34.0894,0.2173996,
2,85.54,2,4.310995,346.4854,-2.172758,0.5040037,5.77282,-7.6722,-34.0894,0.2173996,
2,85.55,2,4.314043,346.489,-2.174087,0.5039558,5.77282,-7.6722,-34.0894,0.2173996,
2,85.56,2,4.317667,346.4639,-2.178737,0.5046097,5.77282,-7.6722,-34.0894,0.2173996,
2,85.57,2,4.319664,346.4389,-2.180466,0.5047767,5.77282,-7.6722,-34.0894,0.2173996,
2,85.58,2,4.324336,346.4415,-2.180431,0.5042233,5.77282,-7.6722,-34.0894,0.2173996,
2,85.59,2,4.326941,346.4426,-2.177947,0.5033458,5.77282,-7.6722,-34.0894,0.2173996,
2,85.6,2,4.324636,346.4386,-2.180412,0.5041839,5.77282,-7.6722,-34.0894,0.2173996,
2,85.61,2,4.324949,346.431,-2.184218,0.5050275,5.77282,-7.6722,-34.0894,0.2173996,
2,85.62,2,4.32521,346.4134,-2.185076,0.5051953,5.77282,-7.6722,-34.0894,0.2173996,
2,85.63,2,4.323141,346.3933,-2.183619,0.5051001,5.77282,-7.6722,-34.0894,0.2173996,
2,85.64,2,4.326623,346.4211,-2.183394,0.5046415,5.77282,-7.6722,-34.0894,0.2173996,
2,85.65,2,4.325407,346.4183,-2.181509,0.5043476,5.77282,-7.6722,-34.0894,0.2173996,
2,85.66,2,4.324635,346.4165,-2.180191,0.5041329,5.77282,-7.6722,-34.0894,0.2173996,
2,85.67,2,4.325808,346.4137,-2.180988,0.5041804,5.76875,-7.6722,-34.09,0.2179985,
2,85.68,2,4.323249,346.4082,-2.181687,0.5046406,5.76875,-7.6722,-34.09,0.2179985,
2,85.69,2,4.325446,346.407,-2.179564,0.5038934,5.76875,-7.6722,-34.09,0.2179985,
2,85.7,2,4.324059,346.4144,-2.178246,0.5037504,5.76875,-7.6722,-34.09,0.2179985,
2,85.71,2,4.325518,346.3971,-2.176192,0.5031055,5.76875,-7.6722,-34.09,0.2179985,
2,85.72,2,4.32418,346.3914,-2.175941,0.503203,5.76875,-7.6722,-34.09,0.2179985,
2,85.73,2,4.322117,346.3881,-2.178736,0.5040901,5.76875,-7.6722,-34.09,0.2179985,
2,85.74,2,4.325157,346.3868,-2.180832,0.5042204,5.76875,-7.6722,-34.09,0.2179985,
2,85.75,2,4.324835,346.3677,-2.179335,0.5039117,5.76875,-7.6722,-34.09,0.2179985,
2,85.76,2,4.32613,346.3855,-2.180272,0.5039774,5.76875,-7.6722,-34.09,0.2179985,
2,85.77,2,4.323779,346.379,-2.17949,0.5040708,5.76875,-7.6722,-34.09,0.2179985,
2,85.78,2,4.323566,346.3801,-2.180997,0.5044441,5.76875,-7.6722,-34.09,0.2179985,
2,85.79,2,4.326839,346.369,-2.180059,0.5038456,5.76875,-7.6722,-34.09,0.2179985,
2,85.8,2,4.331104,346.3361,-2.181034,0.5035746,5.76875,-7.6722,-34.09,0.2179985,
2,85.81,2,4.332575,346.3822,-2.183403,0.5039504,5.76875,-7.6722,-34.09,0.2179985,
2,85.82,2,4.334738,346.3217,-2.183171,0.5036455,5.76875,-7.6722,-34.09,0.2179985,
2,85.83,2,4.337114,346.3174,-2.185602,0.50393,5.76875,-7.6722,-34.09,0.2179985,
2,85.84,2,4.336699,346.3261,-2.187065,0.5043156,5.76875,-7.6722,-34.09,0.2179985,
2,85.85,2,4.338103,346.3137,-2.189069,0.5046144,5.76875,-7.6722,-34.09,0.2179985,
2,85.86,2,4.335685,346.3175,-2.192019,0.5055761,5.76875,-7.6722,-34.09,0.2179985,
2,85.87,2,4.336329,346.307,-2.191111,0.5052918,5.76875,-7.6722,-34.09,0.2179985,
2,85.88,2,4.335736,346.3038,-2.189238,0.5049287,5.76875,-7.6722,-34.09,0.2179985,
2,85.89,2,4.337231,346.3062,-2.190989,0.5051586,5.76875,-7.6722,-34.09,0.2179985,
2,85.9,2,4.337139,346.2975,-2.190135,0.5049723,5.76875,-7.6722,-34.09,0.2179985,
2,85.91,2,4.336035,346.3,-2.193614,0.5059031,5.76875,-7.6722,-34.09,0.2179985,
2,85.92,2,4.337267,346.2896,-2.193089,0.5056386,5.76875,-7.6722,-34.09,0.2179985,
2,85.93,2,4.335922,346.2908,-2.192108,0.505569,5.76468,-7.6722,-34.0906,0.2185974,
2,85.94,2,4.338093,346.2901,-2.189986,0.504827,5.76468,-7.6722,-34.0906,0.2185974,
2,85.95,2,4.336561,346.2919,-2.190123,0.5050368,5.76468,-7.6722,-34.0906,0.2185974,
2,85.96,2,4.333592,346.2909,-2.189882,0.5053272,5.76468,-7.6722,-34.0906,0.2185974,
2,85.97,2,4.335268,346.2867,-2.191143,0.5054227,5.76468,-7.6722,-34.0906,0.2185974,
2,85.98,2,4.33501,346.2672,-2.190701,0.5053509,5.76468,-7.6722,-34.0906,0.2185974,
2,85.99,2,4.334751,346.2747,-2.189594,0.5051256,5.76468,-7.6722,-34.0906,0.2185974,
2,86,2,4.33679,346.2726,-2.187354,0.5043718,5.76468,-7.6722,-34.0906,0.2185974,
2,86.01,2,4.334787,346.2722,-2.185853,0.5042585,5.76468,-7.6722,-34.0906,0.2185974,
2,86.02,2,4.334934,346.2642,-2.186068,0.504291,5.76468,-7.6722,-34.0906,0.2185974,
2,86.03,2,4.336798,346.2536,-2.187766,0.5044658,5.76468,-7.6722,-34.0906,0.2185974,
2,86.04,2,4.341126,346.2193,-2.188708,0.5041797,5.76468,-7.6722,-34.0906,0.2185974,
2,86.05,2,4.344474,346.2119,-2.189091,0.5038793,5.76468,-7.6722,-34.0906,0.2185974,
2,86.06,2,4.348172,346.2174,-2.190556,0.5037878,5.76468,-7.6722,-34.0906,0.2185974,
2,86.07,2,4.352406,346.2108,-2.191086,0.5034195,5.76468,-7.6722,-34.0906,0.2185974,
2,86.08,2,4.349277,346.2086,-2.192719,0.5041569,5.76468,-7.6722,-34.0906,0.2185974,
2,86.09,2,4.349759,346.2107,-2.19521,0.5046739,5.76468,-7.6722,-34.0906,0.2185974,
2,86.1,2,4.34876,346.2051,-2.196935,0.5051867,5.76468,-7.6722,-34.0906,0.2185974,
2,86.11,2,4.348179,346.192,-2.197758,0.5054433,5.76468,-7.6722,-34.0906,0.2185974,
2,86.12,2,4.34926,346.1971,-2.196505,0.5050295,5.76468,-7.6722,-34.0906,0.2185974,
2,86.13,2,4.348742,346.1976,-2.197332,0.50528,5.76468,-7.6722,-34.0906,0.2185974,
2,86.14,2,4.348759,346.1913,-2.20003,0.5058984,5.76468,-7.6722,-34.0906,0.2185974,
2,86.15,2,4.348791,346.1899,-2.198858,0.5056252,5.76468,-7.6722,-34.0906,0.2185974,
2,86.16,2,4.346524,346.1531,-2.200595,0.5062886,5.76468,-7.6722,-34.0906,0.2185974,
2,86.17,2,4.346961,346.1455,-2.200102,0.5061243,5.76468,-7.6722,-34.0906,0.2185974,
2,86.18,2,4.348694,346.1526,-2.198775,0.5056173,5.76468,-7.6722,-34.0906,0.2185974,
2,86.19,2,4.346135,346.1825,-2.19918,0.5060083,5.7606,-7.6722,-34.0912,0.2192001,
2,86.2,2,4.347412,346.1823,-2.201478,0.5063881,5.7606,-7.6722,-34.0912,0.2192001,
2,86.21,2,4.347353,346.1832,-2.204493,0.5070885,5.7606,-7.6722,-34.0912,0.2192001,
2,86.22,2,4.347035,346.2008,-2.202498,0.5066667,5.7606,-7.6722,-34.0912,0.2192001,
2,86.23,2,4.348532,346.1733,-2.201433,0.5062475,5.7606,-7.6722,-34.0912,0.2192001,
2,86.24,2,4.348027,346.1714,-2.200091,0.5059976,5.7606,-7.6722,-34.0912,0.2192001,
2,86.25,2,4.348508,346.1665,-2.199013,0.5056935,5.7606,-7.6722,-34.0912,0.2192001,
2,86.26,2,4.350374,346.1543,-2.199347,0.5055535,5.7606,-7.6722,-34.0912,0.2192001,
2,86.27,2,4.354022,346.1339,-2.198761,0.5049953,5.7606,-7.6722,-34.0912,0.2192001,
2,86.28,2,4.357056,346.116,-2.198396,0.5045599,5.7606,-7.6722,-34.0912,0.2192001,
2,86.29,2,4.36136,346.1115,-2.197728,0.5039089,5.7606,-7.6722,-34.0912,0.2192001,
2,86.3,2,4.359942,346.1049,-2.196768,0.5038526,5.7606,-7.6722,-34.0912,0.2192001,
2,86.31,2,4.361623,346.1082,-2.197341,0.5037898,5.7606,-7.6722,-34.0912,0.2192001,
2,86.32,2,4.360892,346.1093,-2.200215,0.5045332,5.7606,-7.6722,-34.0912,0.2192001,
2,86.33,2,4.360872,346.0967,-2.202583,0.5050784,5.7606,-7.6722,-34.0912,0.2192001,
2,86.34,2,4.361755,346.1056,-2.203733,0.50524,5.7606,-7.6722,-34.0912,0.2192001,
2,86.35,2,4.357022,346.0845,-2.205161,0.5061166,5.7606,-7.6722,-34.0912,0.2192001,
2,86.36,2,4.358566,346.0894,-2.202874,0.5054126,5.7606,-7.6722,-34.0912,0.2192001,
2,86.37,2,4.359058,346.0804,-2.202704,0.5053165,5.7606,-7.6722,-34.0912,0.2192001,
2,86.38,2,4.361161,346.0721,-2.20384,0.5053334,5.7606,-7.6722,-34.0912,0.2192001,
2,86.39,2,4.359791,346.1101,-2.205821,0.5059465,5.75682,-7.6722,-34.0918,0.219799,
2,86.4,2,4.360049,346.0449,-2.207775,0.5063646,5.75682,-7.6722,-34.0918,0.219799,
2,86.41,2,4.359431,346.0665,-2.20533,0.5058755,5.75682,-7.6722,-34.0918,0.219799,
2,86.42,2,4.359899,346.0635,-2.206901,0.5061818,5.75682,-7.6722,-34.0918,0.219799,
2,86.43,2,4.360825,346.0555,-2.207694,0.506256,5.75682,-7.6722,-34.0918,0.219799,
2,86.44,2,4.360857,346.0652,-2.209943,0.506768,5.75682,-7.6722,-34.0918,0.219799,
2,86.45,2,4.35858,346.0536,-2.212663,0.5076569,5.75682,-7.6722,-34.0918,0.219799,
2,86.46,2,4.359396,346.0588,-2.21234,0.5074877,5.75682,-7.6722,-34.0918,0.219799,
2,86.47,2,4.358099,346.0504,-2.210677,0.5072572,5.75682,-7.6722,-34.0918,0.219799,
2,86.48,2,4.359363,346.0508,-2.209271,0.5067877,5.75682,-7.6722,-34.0918,0.219799,
2,86.49,2,4.359442,346.0574,-2.210629,0.50709,5.75682,-7.6722,-34.0918,0.219799,
2,86.5,2,4.356484,346.0524,-2.212698,0.507909,5.75682,-7.6722,-34.0918,0.219799,
2,86.51,2,4.358765,346.0271,-2.212877,0.5076843,5.75682,-7.6722,-34.0918,0.219799,
2,86.52,2,4.364913,346.0445,-2.210393,0.5064003,5.75682,-7.6722,-34.0918,0.219799,
2,86.53,2,4.367143,346.012,-2.21079,0.5062325,5.75682,-7.6722,-34.0918,0.219799,
2,86.54,2,4.369454,345.9929,-2.20816,0.5053629,5.75682,-7.6722,-34.0918,0.219799,
2,86.55,2,4.374275,345.9922,-2.210381,0.5053137,5.75682,-7.6722,-34.0918,0.219799,
2,86.56,2,4.37024,345.9946,-2.211735,0.5060899,5.75682,-7.6722,-34.0918,0.219799,
2,86.57,2,4.372741,346.0045,-2.213416,0.506185,5.75682,-7.6722,-34.0918,0.219799,
2,86.58,2,4.371673,345.9893,-2.212916,0.5061944,5.75682,-7.6722,-34.0918,0.219799,
2,86.59,2,4.371523,345.9741,-2.209091,0.5053366,5.75682,-7.6722,-34.0918,0.219799,
2,86.6,2,4.372776,345.985,-2.208097,0.5049646,5.75682,-7.6722,-34.0918,0.219799,
2,86.61,2,4.373366,345.9744,-2.20862,0.505016,5.75682,-7.6722,-34.0918,0.219799,
2,86.62,2,4.371859,345.9698,-2.210786,0.5056857,5.75682,-7.6722,-34.0918,0.219799,
2,86.63,2,4.372502,345.9762,-2.212487,0.5060002,5.75247,-7.6722,-34.0924,0.2203979,
2,86.64,2,4.373196,345.9845,-2.213349,0.5061172,5.75247,-7.6722,-34.0924,0.2203979,
2,86.65,2,4.372373,345.9655,-2.211518,0.5057936,5.75247,-7.6722,-34.0924,0.2203979,
2,86.66,2,4.373877,345.9592,-2.212846,0.5059233,5.75247,-7.6722,-34.0924,0.2203979,
2,86.67,2,4.372425,345.9564,-2.212683,0.506054,5.75247,-7.6722,-34.0924,0.2203979,
2,86.68,2,4.37219,345.9461,-2.215081,0.5066296,5.75247,-7.6722,-34.0924,0.2203979,
2,86.69,2,4.371107,345.9446,-2.21728,0.5072583,5.75247,-7.6722,-34.0924,0.2203979,
2,86.7,2,4.369851,345.951,-2.216383,0.5071988,5.75247,-7.6722,-34.0924,0.2203979,
2,86.71,2,4.371163,345.948,-2.216963,0.5071793,5.75247,-7.6722,-34.0924,0.2203979,
2,86.72,2,4.37189,345.9472,-2.216618,0.5070159,5.75247,-7.6722,-34.0924,0.2203979,
2,86.73,2,4.371806,345.9467,-2.217546,0.5072381,5.75247,-7.6722,-34.0924,0.2203979,
2,86.74,2,4.373643,345.9434,-2.220235,0.5076397,5.75247,-7.6722,-34.0924,0.2203979,
2,86.75,2,4.372915,345.9668,-2.219949,0.5076588,5.75247,-7.6722,-34.0924,0.2203979,
2,86.76,2,4.378967,345.9068,-2.216852,0.50625,5.75247,-7.6722,-34.0924,0.2203979,
2,86.77,2,4.380305,345.9092,-2.217922,0.5063397,5.75247,-7.6722,-34.0924,0.2203979,
2,86.78,2,4.384341,345.8988,-2.218975,0.5061136,5.75247,-7.6722,-34.0924,0.2203979,
2,86.79,2,4.386023,345.8909,-2.222844,0.5068017,5.75247,-7.6722,-34.0924,0.2203979,
2,86.8,2,4.385421,345.876,-2.225347,0.507442,5.75247,-7.6722,-34.0924,0.2203979,
2,86.81,2,4.385057,345.8837,-2.226522,0.5077521,5.75247,-7.6722,-34.0924,0.2203979,
2,86.82,2,4.384812,345.8835,-2.226372,0.5077462,5.75247,-7.6722,-34.0924,0.2203979,
2,86.83,2,4.383013,345.8792,-2.226855,0.5080649,5.75247,-7.6722,-34.0924,0.2203979,
2,86.84,2,4.384554,345.8718,-2.223182,0.5070487,5.75247,-7.6722,-34.0924,0.2203979,
2,86.85,2,4.384128,345.8719,-2.223205,0.5071031,5.75247,-7.6722,-34.0924,0.2203979,
2,86.86,2,4.382037,345.8706,-2.224158,0.5075627,5.75247,-7.6722,-34.0924,0.2203979,
2,86.87,2,4.382452,345.8475,-2.224751,0.5076497,5.75247,-7.6722,-34.0924,0.2203979,
2,86.88,2,4.382677,345.8633,-2.220252,0.5065972,5.75247,-7.6722,-34.0924,0.2203979,
2,86.89,2,4.383309,345.8573,-2.217438,0.5058823,5.75247,-7.6722,-34.0924,0.2203979,
2,86.9,2,4.383945,345.8553,-2.220563,0.5065217,5.74867,-7.6722,-34.093,0.2209969,
2,86.91,2,4.382498,345.8508,-2.221693,0.5069466,5.74867,-7.6722,-34.093,0.2209969,
2,86.92,2,4.381909,345.8496,-2.222318,0.5071576,5.74867,-7.6722,-34.093,0.2209969,
2,86.93,2,4.382392,345.8313,-2.223284,0.507322,5.74867,-7.6722,-34.093,0.2209969,
2,86.94,2,4.381199,345.8333,-2.222864,0.5073643,5.74867,-7.6722,-34.093,0.2209969,
2,86.95,2,4.382565,345.8477,-2.221746,0.506951,5.74867,-7.6722,-34.093,0.2209969,
2,86.96,2,4.382147,345.829,-2.224712,0.5076762,5.74867,-7.6722,-34.093,0.2209969,
2,86.97,2,4.3817,345.8474,-2.225996,0.5080212,5.74867,-7.6722,-34.093,0.2209969,
2,86.98,2,4.385364,345.804,-2.225574,0.5075005,5.74867,-7.6722,-34.093,0.2209969,
2,86.99,2,4.389472,345.8098,-2.226809,0.5073069,5.74867,-7.6722,-34.093,0.2209969,
2,87,2,4.392239,345.7806,-2.227626,0.5071732,5.74867,-7.6722,-34.093,0.2209969,
2,87.01,2,4.399031,345.7743,-2.227536,0.5063698,5.74867,-7.6722,-34.093,0.2209969,
2,87.02,2,4.398448,345.7783,-2.229267,0.5068303,5.74867,-7.6722,-34.093,0.2209969,
2,87.03,2,4.397844,345.769,-2.232657,0.5076709,5.74867,-7.6722,-34.093,0.2209969,
2,87.04,2,4.397868,345.7636,-2.237961,0.508874,5.74867,-7.6722,-34.093,0.2209969,
2,87.05,2,4.396813,345.7767,-2.236076,0.5085675,5.74867,-7.6722,-34.093,0.2209969,
2,87.06,2,4.397991,345.7612,-2.232641,0.5076503,5.74867,-7.6722,-34.093,0.2209969,
2,87.07,2,4.396774,345.7575,-2.232242,0.5076999,5.74867,-7.6722,-34.093,0.2209969,
2,87.08,2,4.396278,345.756,-2.231187,0.5075173,5.74867,-7.6722,-34.093,0.2209969,
2,87.09,2,4.395171,345.7648,-2.235392,0.5086018,5.74867,-7.6722,-34.093,0.2209969,
2,87.1,2,4.396231,345.8022,-2.234438,0.5082621,5.74867,-7.6722,-34.093,0.2209969,
2,87.11,2,4.396486,345.7598,-2.23311,0.5079307,5.74463,-7.6722,-34.0936,0.2215996,
2,87.12,2,4.395834,345.7548,-2.230613,0.5074379,5.74463,-7.6722,-34.0936,0.2215996,
2,87.13,2,4.395215,345.7395,-2.228491,0.5070266,5.74463,-7.6722,-34.0936,0.2215996,
2,87.14,2,4.397634,345.7419,-2.22858,0.5067679,5.74463,-7.6722,-34.0936,0.2215996,
2,87.15,2,4.396862,345.7428,-2.229655,0.5071014,5.74463,-7.6722,-34.0936,0.2215996,
2,87.16,2,4.395184,345.7468,-2.231674,0.5077545,5.74463,-7.6722,-34.0936,0.2215996,
2,87.17,2,4.396729,345.7417,-2.230275,0.5072578,5.74463,-7.6722,-34.0936,0.2215996,
2,87.18,2,4.395805,345.7416,-2.227253,0.506677,5.74463,-7.6722,-34.0936,0.2215996,
2,87.19,2,4.396049,345.7369,-2.226204,0.5064102,5.74463,-7.6722,-34.0936,0.2215996,
2,87.2,2,4.395848,345.7242,-2.22717,0.506653,5.74463,-7.6722,-34.0936,0.2215996,
2,87.21,2,4.397103,345.723,-2.227763,0.5066435,5.74463,-7.6722,-34.0936,0.2215996,
2,87.22,2,4.400868,345.7232,-2.229069,0.5065067,5.74463,-7.6722,-34.0936,0.2215996,
2,87.23,2,4.403243,345.6819,-2.228704,0.5061505,5.74463,-7.6722,-34.0936,0.2215996,
2,87.24,2,4.408167,345.6761,-2.229353,0.5057325,5.74463,-7.6722,-34.0936,0.2215996,
2,87.25,2,4.410574,345.6706,-2.229915,0.5055838,5.74463,-7.6722,-34.0936,0.2215996,
2,87.26,2,4.408162,345.6617,-2.233141,0.5065922,5.74463,-7.6722,-34.0936,0.2215996,
2,87.27,2,4.409326,345.6571,-2.236158,0.5071429,5.74463,-7.6722,-34.0936,0.2215996,
2,87.28,2,4.410616,345.6586,-2.237984,0.5074085,5.74463,-7.6722,-34.0936,0.2215996,
2,87.29,2,4.409935,345.6573,-2.238427,0.5075873,5.74463,-7.6722,-34.0936,0.2215996,
2,87.3,2,4.408914,345.6563,-2.236503,0.5072685,5.74463,-7.6722,-34.0936,0.2215996,
2,87.31,2,4.410074,345.6509,-2.235108,0.5068188,5.74463,-7.6722,-34.0936,0.2215996,
2,87.32,2,4.409868,345.6451,-2.237305,0.5073407,5.74463,-7.6722,-34.0936,0.2215996,
2,87.33,2,4.411008,345.6464,-2.239778,0.5077701,5.74463,-7.6722,-34.0936,0.2215996,
2,87.34,2,4.410426,345.6115,-2.239944,0.5078747,5.74463,-7.6722,-34.0936,0.2215996,
2,87.35,2,4.407787,345.655,-2.239925,0.5081745,5.74463,-7.6722,-34.0936,0.2215996,
2,87.36,2,4.410878,345.6618,-2.239719,0.5077717,5.74463,-7.6722,-34.0936,0.2215996,
2,87.37,2,4.410421,345.649,-2.240362,0.5079702,5.74463,-7.6722,-34.0936,0.2215996,
2,87.38,2,4.40835,345.6392,-2.241096,0.5083753,5.74055,-7.6722,-34.0942,0.2221985,
2,87.39,2,4.408473,345.6375,-2.241436,0.5084381,5.74055,-7.6722,-34.0942,0.2221985,
2,87.4,2,4.409834,345.6082,-2.242886,0.5086101,5.74055,-7.6722,-34.0942,0.2221985,
2,87.41,2,4.408109,345.6381,-2.240584,0.508287,5.74055,-7.6722,-34.0942,0.2221985,
2,87.42,2,4.408087,345.6327,-2.23912,0.5079573,5.74055,-7.6722,-34.0942,0.2221985,
2,87.43,2,4.407427,345.627,-2.237235,0.5076058,5.74055,-7.6722,-34.0942,0.2221985,
2,87.44,2,4.40829,345.624,-2.240443,0.508234,5.74055,-7.6722,-34.0942,0.2221985,
2,87.45,2,4.409363,345.6044,-2.239914,0.5079904,5.74055,-7.6722,-34.0942,0.2221985,
2,87.46,2,4.404851,345.6115,-2.238401,0.5081672,5.74055,-7.6722,-34.0942,0.2221985,
2,87.47,2,4.407589,345.6255,-2.237052,0.5075455,5.74055,-7.6722,-34.0942,0.2221985,
2,87.48,2,4.409053,345.6068,-2.234319,0.5067572,5.74055,-7.6722,-34.0942,0.2221985,
2,87.49,2,4.410994,345.6123,-2.234754,0.5066328,5.74055,-7.6722,-34.0942,0.2221985,
2,87.5,2,4.413846,345.5821,-2.236523,0.5067063,5.74055,-7.6722,-34.0942,0.2221985,
2,87.51,2,4.419434,345.5724,-2.238819,0.5065849,5.74055,-7.6722,-34.0942,0.2221985,
2,87.52,2,4.420596,345.5591,-2.239541,0.5066153,5.74055,-7.6722,-34.0942,0.2221985,
2,87.53,2,4.421355,345.5587,-2.241891,0.5070597,5.74055,-7.6722,-34.0942,0.2221985,
2,87.54,2,4.421522,345.545,-2.24077,0.506787,5.74055,-7.6722,-34.0942,0.2221985,
2,87.55,2,4.421431,345.5497,-2.242265,0.5071356,5.74055,-7.6722,-34.0942,0.2221985,
2,87.56,2,4.421514,345.5393,-2.245558,0.5078709,5.74055,-7.6722,-34.0942,0.2221985,
2,87.57,2,4.420984,345.5432,-2.245439,0.5079048,5.74055,-7.6722,-34.0942,0.2221985,
2,87.58,2,4.420097,345.5405,-2.244519,0.5077985,5.74055,-7.6722,-34.0942,0.2221985,
2,87.59,2,4.420195,345.5395,-2.245314,0.5079672,5.74055,-7.6722,-34.0942,0.2221985,
2,87.6,2,4.422617,345.5306,-2.245778,0.5077938,5.74055,-7.6722,-34.0942,0.2221985,
2,87.61,2,4.421611,345.5248,-2.246413,0.5080531,5.74055,-7.6722,-34.0942,0.2221985,
2,87.62,2,4.420621,345.5286,-2.250554,0.5091036,5.73647,-7.6722,-34.0948,0.2227974,
2,87.63,2,4.421241,345.532,-2.249313,0.5087516,5.73647,-7.6722,-34.0948,0.2227974,
2,87.64,2,4.424379,345.5155,-2.251166,0.5088094,5.73647,-7.6722,-34.0948,0.2227974,
2,87.65,2,4.423294,345.5199,-2.250129,0.5087,5.73647,-7.6722,-34.0948,0.2227974,
2,87.66,2,4.4193,345.5169,-2.248249,0.5087341,5.73647,-7.6722,-34.0948,0.2227974,
2,87.67,2,4.421459,345.515,-2.249555,0.5087812,5.73647,-7.6722,-34.0948,0.2227974,
2,87.68,2,4.419773,345.5099,-2.253013,0.5097576,5.73647,-7.6722,-34.0948,0.2227974,
2,87.69,2,4.420365,345.4823,-2.251285,0.5092985,5.73647,-7.6722,-34.0948,0.2227974,
2,87.7,2,4.422414,345.4999,-2.250576,0.5089023,5.73647,-7.6722,-34.0948,0.2227974,
2,87.71,2,4.420086,345.5081,-2.248361,0.508669,5.73647,-7.6722,-34.0948,0.2227974,
2,87.72,2,4.421293,345.502,-2.246302,0.5080644,5.73647,-7.6722,-34.0948,0.2227974,
2,87.73,2,4.422814,345.5015,-2.24453,0.5074892,5.73647,-7.6722,-34.0948,0.2227974,
2,87.74,2,4.427637,345.4896,-2.245751,0.5072121,5.73647,-7.6722,-34.0948,0.2227974,
2,87.75,2,4.43075,345.4516,-2.246721,0.5070746,5.73647,-7.6722,-34.0948,0.2227974,
2,87.76,2,4.431705,345.4657,-2.249395,0.5075689,5.73647,-7.6722,-34.0948,0.2227974,
2,87.77,2,4.433439,345.4453,-2.245333,0.5064542,5.73647,-7.6722,-34.0948,0.2227974,
2,87.78,2,4.434637,345.447,-2.244068,0.5060319,5.73647,-7.6722,-34.0948,0.2227974,
2,87.79,2,4.433461,345.4433,-2.24364,0.5060697,5.73647,-7.6722,-34.0948,0.2227974,
2,87.8,2,4.433197,345.43,-2.245465,0.5065114,5.73647,-7.6722,-34.0948,0.2227974,
2,87.81,2,4.434029,345.4189,-2.248208,0.5070351,5.73647,-7.6722,-34.0948,0.2227974,
2,87.82,2,4.434358,345.4344,-2.246871,0.506696,5.73647,-7.6722,-34.0948,0.2227974,
2,87.83,2,4.433974,345.4207,-2.246422,0.5066385,5.73647,-7.6722,-34.0948,0.2227974,
2,87.84,2,4.434541,345.4201,-2.247226,0.5067549,5.73647,-7.6722,-34.0948,0.2227974,
2,87.85,2,4.435254,345.4163,-2.249158,0.5071092,5.73647,-7.6722,-34.0948,0.2227974,
2,87.86,2,4.434209,345.4233,-2.251877,0.5078418,5.73647,-7.6722,-34.0948,0.2227974,
2,87.87,2,4.433687,345.4246,-2.252405,0.5080207,5.73647,-7.6722,-34.0948,0.2227974,
2,87.88,2,4.431923,345.4117,-2.253385,0.5084441,5.73212,-7.6722,-34.0954,0.2234001,
2,87.89,2,4.432637,345.4106,-2.252175,0.5080891,5.73212,-7.6722,-34.0954,0.2234001,
2,87.9,2,4.430423,345.4076,-2.252563,0.5084307,5.73212,-7.6722,-34.0954,0.2234001,
2,87.91,2,4.431196,345.3962,-2.254626,0.5088075,5.73212,-7.6722,-34.0954,0.2234001,
2,87.92,2,4.430647,345.395,-2.257957,0.5096225,5.73212,-7.6722,-34.0954,0.2234001,
2,87.93,2,4.432571,345.4274,-2.256582,0.509091,5.73212,-7.6722,-34.0954,0.2234001,
2,87.94,2,4.430766,345.3966,-2.2564,0.5092573,5.73212,-7.6722,-34.0954,0.2234001,
2,87.95,2,4.429494,345.3969,-2.255082,0.5091061,5.73212,-7.6722,-34.0954,0.2234001,
2,87.96,2,4.432971,345.4034,-2.256542,0.5090361,5.73212,-7.6722,-34.0954,0.2234001,
2,87.97,2,4.436568,345.3915,-2.256693,0.5086574,5.73212,-7.6722,-34.0954,0.2234001,
2,87.98,2,4.438485,345.3706,-2.259752,0.509127,5.73212,-7.6722,-34.0954,0.2234001,
2,87.99,2,4.442569,345.3983,-2.261204,0.5089855,5.73212,-7.6722,-34.0954,0.2234001,
2,88,2,4.445308,345.351,-2.260227,0.5084524,5.73212,-7.6722,-34.0954,0.2234001,
2,88.01,2,4.446634,345.3431,-2.258476,0.507907,5.73212,-7.6722,-34.0954,0.2234001,
2,88.02,2,4.447243,345.3408,-2.258974,0.5079493,5.73212,-7.6722,-34.0954,0.2234001,
2,88.03,2,4.445812,345.3436,-2.258225,0.5079445,5.73212,-7.6722,-34.0954,0.2234001,
2,88.04,2,4.443858,345.3387,-2.26063,0.508709,5.73212,-7.6722,-34.0954,0.2234001,
2,88.05,2,4.446658,345.3339,-2.258639,0.5079407,5.73212,-7.6722,-34.0954,0.2234001,
2,88.06,2,4.444255,345.3293,-2.257502,0.5079597,5.73212,-7.6722,-34.0954,0.2234001,
2,88.07,2,4.445625,345.3293,-2.256026,0.5074711,5.73212,-7.6722,-34.0954,0.2234001,
2,88.08,2,4.443762,345.3246,-2.256657,0.5078259,5.73212,-7.6722,-34.0954,0.2234001,
2,88.09,2,4.445092,345.3143,-2.257332,0.5078257,5.73212,-7.6722,-34.0954,0.2234001,
2,88.1,2,4.443651,345.3163,-2.259171,0.5084041,5.7278,-7.6722,-34.096,0.223999,
2,88.11,2,4.444317,345.3295,-2.26016,0.5085505,5.7278,-7.6722,-34.096,0.223999,
2,88.12,2,4.445203,345.2981,-2.258955,0.5081782,5.7278,-7.6722,-34.096,0.223999,
2,88.13,2,4.445436,345.3067,-2.259376,0.5082463,5.7278,-7.6722,-34.096,0.223999,
2,88.14,2,4.445412,345.3003,-2.260462,0.5084933,5.7278,-7.6722,-34.096,0.223999,
2,88.15,2,4.444578,345.2993,-2.261537,0.5088305,5.7278,-7.6722,-34.096,0.223999,
2,88.16,2,4.443951,345.3096,-2.26546,0.5097851,5.7278,-7.6722,-34.096,0.223999,
2,88.17,2,4.44449,345.2618,-2.263758,0.5093402,5.7278,-7.6722,-34.096,0.223999,
2,88.18,2,4.44491,345.2959,-2.263269,0.5091823,5.7278,-7.6722,-34.096,0.223999,
2,88.19,2,4.444832,345.2897,-2.263549,0.509254,5.7278,-7.6722,-34.096,0.223999,
2,88.2,2,4.441575,345.2876,-2.264861,0.509923,5.7278,-7.6722,-34.096,0.223999,
2,88.21,2,4.447075,345.2769,-2.266563,0.5096751,5.7278,-7.6722,-34.096,0.223999,
2,88.22,2,4.451507,345.2533,-2.268029,0.509497,5.7278,-7.6722,-34.096,0.223999,
2,88.23,2,4.454176,345.2442,-2.269206,0.5094559,5.7278,-7.6722,-34.096,0.223999,
2,88.24,2,4.459901,345.2469,-2.270105,0.5090035,5.7278,-7.6722,-34.096,0.223999,
2,88.25,2,4.461318,345.2449,-2.268313,0.5084401,5.7278,-7.6722,-34.096,0.223999,
2,88.26,2,4.459437,345.2365,-2.269559,0.508934,5.7278,-7.6722,-34.096,0.223999,
2,88.27,2,4.457423,345.2457,-2.273286,0.5100001,5.7278,-7.6722,-34.096,0.223999,
2,88.28,2,4.456992,345.2472,-2.272357,0.5098409,5.7278,-7.6722,-34.096,0.223999,
2,88.29,2,4.45849,345.2388,-2.271945,0.5095773,5.7278,-7.6722,-34.096,0.223999,
2,88.3,2,4.458315,345.2284,-2.26933,0.5090107,5.7278,-7.6722,-34.096,0.223999,
2,88.31,2,4.45675,345.2292,-2.269483,0.5092238,5.724,-7.6722,-34.0966,0.2245979,
2,88.32,2,4.458827,345.2133,-2.269816,0.5090612,5.724,-7.6722,-34.0966,0.2245979,
2,88.33,2,4.457806,345.2183,-2.271996,0.5096668,5.724,-7.6722,-34.0966,0.2245979,
2,88.34,2,4.456158,345.2332,-2.271337,0.5097075,5.724,-7.6722,-34.0966,0.2245979,
2,88.35,2,4.456563,345.2161,-2.268853,0.5091038,5.724,-7.6722,-34.0966,0.2245979,
2,88.36,2,4.457007,345.2061,-2.266425,0.5085083,5.724,-7.6722,-34.0966,0.2245979,
2,88.37,2,4.457328,345.2012,-2.265145,0.5081846,5.724,-7.6722,-34.0966,0.2245979,
2,88.38,2,4.456507,345.2005,-2.26651,0.5085843,5.724,-7.6722,-34.0966,0.2245979,
2,88.39,2,4.455599,345.2018,-2.267103,0.5088211,5.724,-7.6722,-34.0966,0.2245979,
2,88.4,2,4.456927,345.2079,-2.268529,0.5089895,5.724,-7.6722,-34.0966,0.2245979,
2,88.41,2,4.456452,345.1986,-2.268934,0.5091347,5.724,-7.6722,-34.0966,0.2245979,
2,88.42,2,4.457379,345.1913,-2.267653,0.5087414,5.724,-7.6722,-34.0966,0.2245979,
2,88.43,2,4.458391,345.1866,-2.269185,0.5089695,5.724,-7.6722,-34.0966,0.2245979,
2,88.44,2,4.462375,345.169,-2.270401,0.5087876,5.724,-7.6722,-34.0966,0.2245979,
2,88.45,2,4.467726,345.1521,-2.271276,0.508374,5.724,-7.6722,-34.0966,0.2245979,
2,88.46,2,4.467659,345.1403,-2.275632,0.5093567,5.724,-7.6722,-34.0966,0.2245979,
2,88.47,2,4.469466,345.1379,-2.275103,0.5090324,5.724,-7.6722,-34.0966,0.2245979,
2,88.48,2,4.469547,345.1411,-2.276546,0.5093459,5.724,-7.6722,-34.0966,0.2245979,
2,88.49,2,4.468894,345.1388,-2.276764,0.5094693,5.724,-7.6722,-34.0966,0.2245979,
2,88.5,2,4.471369,345.1359,-2.276976,0.5092347,5.724,-7.6722,-34.0966,0.2245979,
2,88.51,2,4.468313,345.1333,-2.279494,0.5101464,5.724,-7.6722,-34.0966,0.2245979,
2,88.52,2,4.469824,345.1479,-2.281369,0.5103934,5.724,-7.6722,-34.0966,0.2245979,
2,88.53,2,4.469497,345.1317,-2.279275,0.5099624,5.724,-7.6722,-34.0966,0.2245979,
2,88.54,2,4.468968,345.1107,-2.277708,0.509672,5.724,-7.6722,-34.0966,0.2245979,
2,88.55,2,4.469481,345.1184,-2.279561,0.5100281,5.724,-7.6722,-34.0966,0.2245979,
2,88.56,2,4.470634,345.121,-2.284807,0.5110699,5.724,-7.6722,-34.0966,0.2245979,
2,88.57,2,4.468169,345.1115,-2.284158,0.5112068,5.71992,-7.6722,-34.0972,0.2251968,
2,88.58,2,4.468818,345.0827,-2.282283,0.5107129,5.71992,-7.6722,-34.0972,0.2251968,
2,88.59,2,4.467502,345.119,-2.281603,0.5107112,5.71992,-7.6722,-34.0972,0.2251968,
2,88.6,2,4.469169,345.1203,-2.276348,0.5093448,5.71992,-7.6722,-34.0972,0.2251968,
2,88.61,2,4.469355,345.1133,-2.277721,0.5096309,5.71992,-7.6722,-34.0972,0.2251968,
2,88.62,2,4.467381,345.1091,-2.276697,0.5096269,5.71992,-7.6722,-34.0972,0.2251968,
2,88.63,2,4.467695,345.1159,-2.277112,0.5096838,5.71992,-7.6722,-34.0972,0.2251968,
2,88.64,2,4.469599,345.1113,-2.277576,0.5095705,5.71992,-7.6722,-34.0972,0.2251968,
2,88.65,2,4.467501,345.1065,-2.274329,0.509083,5.71992,-7.6722,-34.0972,0.2251968,
2,88.66,2,4.46892,345.098,-2.271676,0.5083278,5.71992,-7.6722,-34.0972,0.2251968,
2,88.67,2,4.468373,345.0942,-2.272966,0.5086786,5.71992,-7.6722,-34.0972,0.2251968,
2,88.68,2,4.467602,345.093,-2.274468,0.5091026,5.71992,-7.6722,-34.0972,0.2251968,
2,88.69,2,4.471871,345.0802,-2.276358,0.5090392,5.71992,-7.6722,-34.0972,0.2251968,
2,88.7,2,4.475252,345.0445,-2.27674,0.5087399,5.71992,-7.6722,-34.0972,0.2251968,
2,88.71,2,4.476206,345.0511,-2.27564,0.5083859,5.71992,-7.6722,-34.0972,0.2251968,
2,88.72,2,4.480761,345.0535,-2.278561,0.508521,5.71992,-7.6722,-34.0972,0.2251968,
2,88.73,2,4.482367,345.0395,-2.279535,0.5085561,5.71992,-7.6722,-34.0972,0.2251968,
2,88.74,2,4.48156,345.0343,-2.282039,0.5092065,5.71992,-7.6722,-34.0972,0.2251968,
2,88.75,2,4.479585,345.004,-2.284095,0.5098898,5.71992,-7.6722,-34.0972,0.2251968,
2,88.76,2,4.478889,345.0427,-2.284208,0.5099944,5.71992,-7.6722,-34.0972,0.2251968,
2,88.77,2,4.48153,345.0264,-2.283262,0.5094826,5.71992,-7.6722,-34.0972,0.2251968,
2,88.78,2,4.479908,345.0255,-2.282208,0.5094319,5.71992,-7.6722,-34.0972,0.2251968,
2,88.79,2,4.480437,345.0222,-2.284229,0.5098229,5.71992,-7.6722,-34.0972,0.2251968,
2,88.8,2,4.480055,345.0124,-2.287498,0.5105959,5.71992,-7.6722,-34.0972,0.2251968,
2,88.81,2,4.480468,345.0123,-2.288552,0.510784,5.71992,-7.6722,-34.0972,0.2251968,
2,88.82,2,4.482445,345.0096,-2.288574,0.5105637,5.71992,-7.6722,-34.0972,0.2251968,
2,88.83,2,4.481171,345.0129,-2.288,0.510581,5.71992,-7.6722,-34.0972,0.2251968,
2,88.84,2,4.480971,345.0098,-2.288084,0.5106224,5.71992,-7.6722,-34.0972,0.2251968,
2,88.85,2,4.481524,345.0017,-2.286682,0.5102465,5.71992,-7.6722,-34.0972,0.2251968,
2,88.86,2,4.479284,345.0037,-2.290174,0.5112813,5.7156,-7.6722,-34.0978,0.2257996,
2,88.87,2,4.480206,345.0042,-2.289682,0.5110664,5.7156,-7.6722,-34.0978,0.2257996,
2,88.88,2,4.479873,344.9802,-2.290337,0.5112505,5.7156,-7.6722,-34.0978,0.2257996,
2,88.89,2,4.481174,345.0012,-2.287158,0.5103927,5.7156,-7.6722,-34.0978,0.2257996,
2,88.9,2,4.480752,344.9994,-2.285022,0.509964,5.7156,-7.6722,-34.0978,0.2257996,
2,88.91,2,4.480646,344.9973,-2.285305,0.5100392,5.7156,-7.6722,-34.0978,0.2257996,
2,88.92,2,4.47822,344.994,-2.286964,0.5106859,5.7156,-7.6722,-34.0978,0.2257996,
2,88.93,2,4.478951,344.9761,-2.286199,0.5104317,5.7156,-7.6722,-34.0978,0.2257996,
2,88.94,2,4.479603,344.9913,-2.28559,0.5102217,5.7156,-7.6722,-34.0978,0.2257996,
2,88.95,2,4.485241,344.9633,-2.280804,0.5085132,5.7156,-7.6722,-34.0978,0.2257996,
2,88.96,2,4.487486,344.9468,-2.281619,0.5084404,5.7156,-7.6722,-34.0978,0.2257996,
2,88.97,2,4.492237,344.9383,-2.283847,0.5083986,5.7156,-7.6722,-34.0978,0.2257996,
2,88.98,2,4.493351,344.9338,-2.285483,0.5086365,5.7156,-7.6722,-34.0978,0.2257996,
2,88.99,2,4.492164,344.9061,-2.287398,0.5091975,5.7156,-7.6722,-34.0978,0.2257996,
2,89,2,4.491811,344.9075,-2.289019,0.5095983,5.7156,-7.6722,-34.0978,0.2257996,
2,89.01,2,4.493704,344.9163,-2.287868,0.5091274,5.7156,-7.6722,-34.0978,0.2257996,
2,89.02,2,4.493781,344.9211,-2.288105,0.5091715,5.7156,-7.6722,-34.0978,0.2257996,
2,89.03,2,4.492085,344.9143,-2.289088,0.5095825,5.7156,-7.6722,-34.0978,0.2257996,
2,89.04,2,4.494241,344.912,-2.29481,0.5106113,5.7156,-7.6722,-34.0978,0.2257996,
2,89.05,2,4.493232,344.9191,-2.293874,0.5105176,5.7156,-7.6722,-34.0978,0.2257996,
2,89.06,2,4.492423,344.9095,-2.293784,0.5105895,5.7156,-7.6722,-34.0978,0.2257996,
2,89.07,2,4.492016,344.9034,-2.292019,0.5102429,5.7156,-7.6722,-34.0978,0.2257996,
2,89.08,2,4.492252,344.9091,-2.292741,0.5103768,5.7156,-7.6722,-34.0978,0.2257996,
2,89.09,2,4.492301,344.8911,-2.293254,0.5104855,5.7156,-7.6722,-34.0978,0.2257996,
2,89.1,2,4.491242,344.8993,-2.296802,0.5113958,5.7156,-7.6722,-34.0978,0.2257996,
2,89.11,2,4.489668,344.858,-2.294868,0.5111441,5.7156,-7.6722,-34.0978,0.2257996,
2,89.12,2,4.491634,344.8983,-2.294822,0.5109103,5.71125,-7.6722,-34.0984,0.2263985,
2,89.13,2,4.492902,344.8935,-2.29403,0.5105898,5.71125,-7.6722,-34.0984,0.2263985,
2,89.14,2,4.49395,344.8866,-2.294023,0.510469,5.71125,-7.6722,-34.0984,0.2263985,
2,89.15,2,4.494068,344.8975,-2.296988,0.5111155,5.71125,-7.6722,-34.0984,0.2263985,
2,89.16,2,4.490526,344.8981,-2.297561,0.5116462,5.71125,-7.6722,-34.0984,0.2263985,
2,89.17,2,4.491788,344.8896,-2.299071,0.5118387,5.71125,-7.6722,-34.0984,0.2263985,
2,89.18,2,4.491814,344.8912,-2.297575,0.5115026,5.71125,-7.6722,-34.0984,0.2263985,
2,89.19,2,4.493228,344.8832,-2.2927,0.5102568,5.71125,-7.6722,-34.0984,0.2263985,
2,89.2,2,4.490818,344.8757,-2.294086,0.5108393,5.71125,-7.6722,-34.0984,0.2263985,
2,89.21,2,4.492446,344.8691,-2.293961,0.5106262,5.71125,-7.6722,-34.0984,0.2263985,
2,89.22,2,4.496674,344.8582,-2.293472,0.5100374,5.71125,-7.6722,-34.0984,0.2263985,
2,89.23,2,4.499989,344.8626,-2.293022,0.5095617,5.71125,-7.6722,-34.0984,0.2263985,
2,89.24,2,4.503264,344.844,-2.291836,0.5089276,5.71125,-7.6722,-34.0984,0.2263985,
2,89.25,2,4.506193,344.8244,-2.290364,0.5082703,5.71125,-7.6722,-34.0984,0.2263985,
2,89.26,2,4.505333,344.8199,-2.290628,0.508426,5.71125,-7.6722,-34.0984,0.2263985,
2,89.27,2,4.505094,344.8174,-2.292912,0.5089599,5.71125,-7.6722,-34.0984,0.2263985,
2,89.28,2,4.507014,344.8059,-2.295538,0.5093257,5.71125,-7.6722,-34.0984,0.2263985,
2,89.29,2,4.505638,344.8267,-2.295785,0.5095361,5.71125,-7.6722,-34.0984,0.2263985,
2,89.3,2,4.504189,344.8054,-2.295822,0.5097083,5.71125,-7.6722,-34.0984,0.2263985,
2,89.31,2,4.504105,344.7965,-2.296923,0.5099622,5.71125,-7.6722,-34.0984,0.2263985,
2,89.32,2,4.50463,344.8069,-2.295968,0.5096908,5.71125,-7.6722,-34.0984,0.2263985,
2,89.33,2,4.505133,344.776,-2.299557,0.5104305,5.71125,-7.6722,-34.0984,0.2263985,
2,89.34,2,4.502814,344.8033,-2.299049,0.5105804,5.71125,-7.6722,-34.0984,0.2263985,
2,89.35,2,4.504435,344.7788,-2.299542,0.5105062,5.70665,-7.6722,-34.0991,0.2270966,
2,89.36,2,4.503454,344.7869,-2.301831,0.5111256,5.70665,-7.6722,-34.0991,0.2270966,
2,89.37,2,4.504347,344.7852,-2.3004,0.5107067,5.70665,-7.6722,-34.0991,0.2270966,
2,89.38,2,4.502688,344.7748,-2.299636,0.5107251,5.70665,-7.6722,-34.0991,0.2270966,
2,89.39,2,4.504178,344.7778,-2.302928,0.511287,5.70665,-7.6722,-34.0991,0.2270966,
2,89.4,2,4.502751,344.7872,-2.305875,0.5121036,5.70665,-7.6722,-34.0991,0.2270966,
2,89.41,2,4.503946,344.7687,-2.305057,0.5117862,5.70665,-7.6722,-34.0991,0.2270966,
2,89.42,2,4.504541,344.7688,-2.303207,0.5113078,5.70665,-7.6722,-34.0991,0.2270966,
2,89.43,2,4.503926,344.7675,-2.302214,0.511157,5.70665,-7.6722,-34.0991,0.2270966,
2,89.44,2,4.504878,344.7686,-2.305025,0.5116732,5.70665,-7.6722,-34.0991,0.2270966,
2,89.45,2,4.504536,344.765,-2.306157,0.5119632,5.70665,-7.6722,-34.0991,0.2270966,
2,89.46,2,4.504533,344.7227,-2.304475,0.5115901,5.70665,-7.6722,-34.0991,0.2270966,
2,89.47,2,4.506836,344.7586,-2.303836,0.5111871,5.70665,-7.6722,-34.0991,0.2270966,
2,89.48,2,4.511589,344.7468,-2.301683,0.5101714,5.70665,-7.6722,-34.0991,0.2270966,
2,89.49,2,4.515387,344.7235,-2.300801,0.5095468,5.70665,-7.6722,-34.0991,0.2270966,
2,89.5,2,4.518192,344.7155,-2.301886,0.5094705,5.70665,-7.6722,-34.0991,0.2270966,
2,89.51,2,4.51723,344.7112,-2.302379,0.5096882,5.70665,-7.6722,-34.0991,0.2270966,
2,89.52,2,4.517532,344.7044,-2.305527,0.5103509,5.70665,-7.6722,-34.0991,0.2270966,
2,89.53,2,4.518584,344.7079,-2.302924,0.5096561,5.70665,-7.6722,-34.0991,0.2270966,
2,89.54,2,4.518628,344.7007,-2.299664,0.5089297,5.70665,-7.6722,-34.0991,0.2270966,
2,89.55,2,4.519239,344.6986,-2.297611,0.5084066,5.70665,-7.6722,-34.0991,0.2270966,
2,89.56,2,4.516472,344.6936,-2.300329,0.50932,5.70665,-7.6722,-34.0991,0.2270966,
2,89.57,2,4.516147,344.6826,-2.30509,0.5104107,5.70665,-7.6722,-34.0991,0.2270966,
2,89.58,2,4.518897,344.6846,-2.303337,0.5097122,5.70665,-7.6722,-34.0991,0.2270966,
2,89.59,2,4.516136,344.6936,-2.302766,0.5098974,5.70665,-7.6722,-34.0991,0.2270966,
2,89.6,2,4.51599,344.6729,-2.304376,0.5102705,5.70665,-7.6722,-34.0991,0.2270966,
2,89.61,2,4.517086,344.6729,-2.303604,0.5099758,5.70232,-7.6722,-34.0997,0.2276993,
2,89.62,2,4.5192,344.6703,-2.303411,0.5096944,5.70232,-7.6722,-34.0997,0.2276993,
2,89.63,2,4.519814,344.6686,-2.306805,0.5103761,5.70232,-7.6722,-34.0997,0.2276993,
2,89.64,2,4.516221,344.6672,-2.308767,0.5112165,5.70232,-7.6722,-34.0997,0.2276993,
2,89.65,2,4.516975,344.6635,-2.307795,0.510916,5.70232,-7.6722,-34.0997,0.2276993,
2,89.66,2,4.518682,344.6622,-2.30779,0.510722,5.70232,-7.6722,-34.0997,0.2276993,
2,89.67,2,4.518065,344.6532,-2.306458,0.5104969,5.70232,-7.6722,-34.0997,0.2276993,
2,89.68,2,4.518764,344.6591,-2.310354,0.5112801,5.70232,-7.6722,-34.0997,0.2276993,
2,89.69,2,4.517986,344.6544,-2.313237,0.5120062,5.70232,-7.6722,-34.0997,0.2276993,
2,89.7,2,4.516576,344.6755,-2.312745,0.5120572,5.70232,-7.6722,-34.0997,0.2276993,
2,89.71,2,4.520428,344.6294,-2.310177,0.5110528,5.70232,-7.6722,-34.0997,0.2276993,
2,89.72,2,4.521639,344.6354,-2.309301,0.5107222,5.70232,-7.6722,-34.0997,0.2276993,
2,89.73,2,4.524735,344.5895,-2.311548,0.5108692,5.70232,-7.6722,-34.0997,0.2276993,
2,89.74,2,4.52746,344.6038,-2.31219,0.5107034,5.70232,-7.6722,-34.0997,0.2276993,
2,89.75,2,4.530908,344.601,-2.315294,0.5109999,5.70232,-7.6722,-34.0997,0.2276993,
2,89.76,2,4.531752,344.6209,-2.318046,0.5115122,5.70232,-7.6722,-34.0997,0.2276993,
2,89.77,2,4.532393,344.5981,-2.315383,0.5108522,5.70232,-7.6722,-34.0997,0.2276993,
2,89.78,2,4.531689,344.5926,-2.312137,0.5102152,5.70232,-7.6722,-34.0997,0.2276993,
2,89.79,2,4.530676,344.5941,-2.310717,0.5100158,5.70232,-7.6722,-34.0997,0.2276993,
2,89.8,2,4.529299,344.58,-2.311195,0.5102764,5.70232,-7.6722,-34.0997,0.2276993,
2,89.81,2,4.529339,344.5917,-2.313447,0.5107693,5.70232,-7.6722,-34.0997,0.2276993,
2,89.82,2,4.531338,344.5767,-2.311964,0.5102165,5.70232,-7.6722,-34.0997,0.2276993,
2,89.83,2,4.532257,344.5741,-2.30911,0.5094834,5.70232,-7.6722,-34.0997,0.2276993,
2,89.84,2,4.531372,344.5756,-2.308272,0.5093979,5.70232,-7.6722,-34.0997,0.2276993,
2,89.85,2,4.531319,344.5698,-2.309958,0.5097759,5.70232,-7.6722,-34.0997,0.2276993,
2,89.86,2,4.530409,344.5598,-2.308958,0.5096577,5.70232,-7.6722,-34.0997,0.2276993,
2,89.87,2,4.533854,344.5579,-2.311217,0.5097687,5.70232,-7.6722,-34.0997,0.2276993,
2,89.88,2,4.52996,344.5603,-2.311312,0.510228,5.69825,-7.6722,-34.1004,0.2283974,
2,89.89,2,4.530752,344.5514,-2.312123,0.5103177,5.69825,-7.6722,-34.1004,0.2283974,
2,89.9,2,4.53026,344.5529,-2.312085,0.5103647,5.69825,-7.6722,-34.1004,0.2283974,
2,89.91,2,4.530827,344.5482,-2.310261,0.5098982,5.69825,-7.6722,-34.1004,0.2283974,
2,89.92,2,4.531507,344.5457,-2.314158,0.5106817,5.69825,-7.6722,-34.1004,0.2283974,
2,89.93,2,4.531404,344.5423,-2.314239,0.5107112,5.69825,-7.6722,-34.1004,0.2283974,
2,89.94,2,4.530725,344.5403,-2.315869,0.5111476,5.69825,-7.6722,-34.1004,0.2283974,
2,89.95,2,4.532517,344.5393,-2.315314,0.510823,5.69825,-7.6722,-34.1004,0.2283974,
2,89.96,2,4.532022,344.5339,-2.313346,0.5104447,5.69825,-7.6722,-34.1004,0.2283974,
2,89.97,2,4.529327,344.5345,-2.315366,0.5111942,5.69825,-7.6722,-34.1004,0.2283974,
2,89.98,2,4.529705,344.5251,-2.317264,0.5115705,5.69825,-7.6722,-34.1004,0.2283974,
2,89.99,2,4.529583,344.5276,-2.31875,0.5119125,5.69825,-7.6722,-34.1004,0.2283974,
2,90,2,4.531992,344.5296,-2.318926,0.5116792,5.69825,-7.6722,-34.1004,0.2283974,
2,90.01,2,4.53546,344.5077,-2.318715,0.5112416,5.69825,-7.6722,-34.1004,0.2283974,
2,90.02,2,4.540438,344.4886,-2.317474,0.5104076,5.69825,-7.6722,-34.1004,0.2283974,
2,90.03,2,4.543426,344.4733,-2.319348,0.5104844,5.69825,-7.6722,-34.1004,0.2283974,
2,90.04,2,4.545818,344.4881,-2.321839,0.5107638,5.69825,-7.6722,-34.1004,0.2283974,
2,90.05,2,4.546588,344.5199,-2.32322,0.510981,5.69825,-7.6722,-34.1004,0.2283974,
2,90.06,2,4.546221,344.4841,-2.323202,0.5110182,5.69825,-7.6722,-34.1004,0.2283974,
2,90.07,2,4.544961,344.4758,-2.321806,0.5108528,5.69825,-7.6722,-34.1004,0.2283974,
2,90.08,2,4.544704,344.4742,-2.320651,0.5106274,5.69825,-7.6722,-34.1004,0.2283974,
2,90.09,2,4.543052,344.4632,-2.320781,0.5108417,5.69825,-7.6722,-34.1004,0.2283974,
2,90.1,2,4.543159,344.4576,-2.320197,0.5107011,5.69825,-7.6722,-34.1004,0.2283974,
2,90.11,2,4.543801,344.4722,-2.322096,0.5110469,5.69825,-7.6722,-34.1004,0.2283974,
2,90.12,2,4.541422,344.4619,-2.320086,0.5108722,5.69825,-7.6722,-34.1004,0.2283974,
2,90.13,2,4.541718,344.4587,-2.317219,0.5102075,5.69335,-7.6722,-34.101,0.2290001,
2,90.14,2,4.543667,344.4587,-2.317418,0.5100325,5.69335,-7.6722,-34.101,0.2290001,
2,90.15,2,4.542546,344.4488,-2.316424,0.5099396,5.69335,-7.6722,-34.101,0.2290001,
2,90.16,2,4.5403,344.4384,-2.318538,0.5106574,5.69335,-7.6722,-34.101,0.2290001,
2,90.17,2,4.54073,344.4471,-2.320631,0.51107,5.69335,-7.6722,-34.101,0.2290001,
2,90.18,2,4.543267,344.4312,-2.319578,0.5105528,5.69335,-7.6722,-34.101,0.2290001,
2,90.19,2,4.542707,344.4398,-2.31901,0.5104908,5.69335,-7.6722,-34.101,0.2290001,
2,90.2,2,4.542415,344.437,-2.318229,0.5103517,5.69335,-7.6722,-34.101,0.2290001,
2,90.21,2,4.542133,344.4331,-2.322281,0.5112755,5.69335,-7.6722,-34.101,0.2290001,
2,90.22,2,4.542532,344.4237,-2.324213,0.5116559,5.69335,-7.6722,-34.101,0.2290001,
2,90.23,2,4.543669,344.4171,-2.324674,0.5116293,5.69335,-7.6722,-34.101,0.2290001,
2,90.24,2,4.543,344.4208,-2.324402,0.5116447,5.69335,-7.6722,-34.101,0.2290001,
2,90.25,2,4.548595,344.4067,-2.323767,0.5108759,5.69335,-7.6722,-34.101,0.2290001,
2,90.26,2,4.55117,344.3924,-2.32365,0.5105609,5.69335,-7.6722,-34.101,0.2290001,
2,90.27,2,4.553368,344.3818,-2.327722,0.5112088,5.69335,-7.6722,-34.101,0.2290001,
2,90.28,2,4.556157,344.3738,-2.328319,0.5110269,5.69335,-7.6722,-34.101,0.2290001,
2,90.29,2,4.556518,344.3396,-2.329741,0.5112985,5.69335,-7.6722,-34.101,0.2290001,
2,90.3,2,4.556132,344.3796,-2.329752,0.5113442,5.69335,-7.6722,-34.101,0.2290001,
2,90.31,2,4.556065,344.3714,-2.327076,0.5107646,5.69335,-7.6722,-34.101,0.2290001,
2,90.32,2,4.557506,344.3768,-2.328414,0.5108966,5.69335,-7.6722,-34.101,0.2290001,
2,90.33,2,4.556481,344.3669,-2.330951,0.5115682,5.69335,-7.6722,-34.101,0.2290001,
2,90.34,2,4.557725,344.3594,-2.333788,0.512051,5.69335,-7.6722,-34.101,0.2290001,
2,90.35,2,4.556959,344.3276,-2.330586,0.5114344,5.69335,-7.6722,-34.101,0.2290001,
2,90.36,2,4.555791,344.3562,-2.329623,0.5113542,5.68955,-7.6722,-34.1016,0.229599,
2,90.37,2,4.556439,344.3564,-2.327819,0.5108856,5.68955,-7.6722,-34.1016,0.229599,
2,90.38,2,4.556224,344.35,-2.327422,0.5108225,5.68955,-7.6722,-34.1016,0.229599,
2,90.39,2,4.555548,344.3483,-2.326787,0.510759,5.68955,-7.6722,-34.1016,0.229599,
2,90.4,2,4.555793,344.3437,-2.327386,0.510863,5.68955,-7.6722,-34.1016,0.229599,
2,90.41,2,4.555226,344.3329,-2.327326,0.5109135,5.68955,-7.6722,-34.1016,0.229599,
2,90.42,2,4.55508,344.3402,-2.325306,0.5104864,5.68955,-7.6722,-34.1016,0.229599,
2,90.43,2,4.554243,344.339,-2.32313,0.5101025,5.68955,-7.6722,-34.1016,0.229599,
2,90.44,2,4.554736,344.3356,-2.32267,0.509946,5.68955,-7.6722,-34.1016,0.229599,
2,90.45,2,4.556423,344.3338,-2.325129,0.5102969,5.68955,-7.6722,-34.1016,0.229599,
2,90.46,2,4.552888,344.3258,-2.328044,0.5113333,5.68955,-7.6722,-34.1016,0.229599,
2,90.47,2,4.558585,344.3008,-2.327376,0.5105479,5.68955,-7.6722,-34.1016,0.229599,
2,90.48,2,4.561831,344.2928,-2.327017,0.5101058,5.68955,-7.6722,-34.1016,0.229599,
2,90.49,2,4.565074,344.2894,-2.325966,0.5095134,5.68955,-7.6722,-34.1016,0.229599,
2,90.5,2,4.567118,344.2726,-2.330349,0.5102451,5.68955,-7.6722,-34.1016,0.229599,
2,90.51,2,4.567913,344.2734,-2.331309,0.5103664,5.68955,-7.6722,-34.1016,0.229599,
2,90.52,2,4.568242,344.2627,-2.333046,0.5107098,5.68955,-7.6722,-34.1016,0.229599,
2,90.53,2,4.56847,344.2859,-2.332862,0.510644,5.68955,-7.6722,-34.1016,0.229599,
2,90.54,2,4.567643,344.257,-2.334057,0.5109982,5.68955,-7.6722,-34.1016,0.229599,
2,90.55,2,4.566783,344.2537,-2.333049,0.5108736,5.68955,-7.6722,-34.1016,0.229599,
2,90.56,2,4.567475,344.255,-2.334739,0.5111662,5.68955,-7.6722,-34.1016,0.229599,
2,90.57,2,4.567207,344.2606,-2.338776,0.51208,5.68955,-7.6722,-34.1016,0.229599,
2,90.58,2,4.567921,344.2535,-2.340063,0.512282,5.68955,-7.6722,-34.1016,0.229599,
2,90.59,2,4.567723,344.2573,-2.34024,0.5123427,5.68955,-7.6722,-34.1016,0.229599,
2,90.6,2,4.566888,344.2533,-2.33782,0.5119065,5.68955,-7.6722,-34.1016,0.229599,
2,90.61,2,4.566861,344.2399,-2.337204,0.5117746,5.68955,-7.6722,-34.1016,0.229599,
2,90.62,2,4.566353,344.2399,-2.336314,0.5116367,5.68955,-7.6722,-34.1016,0.229599,
2,90.63,2,4.567744,344.2366,-2.338956,0.5120592,5.6855,-7.6722,-34.1022,0.2301979,
2,90.64,2,4.567502,344.2276,-2.339844,0.5122808,5.6855,-7.6722,-34.1022,0.2301979,
2,90.65,2,4.56665,344.2359,-2.3384,0.5120602,5.6855,-7.6722,-34.1022,0.2301979,
2,90.66,2,4.566905,344.2294,-2.337696,0.5118775,5.6855,-7.6722,-34.1022,0.2301979,
2,90.67,2,4.565313,344.2294,-2.335297,0.5115306,5.6855,-7.6722,-34.1022,0.2301979,
2,90.68,2,4.565181,344.2301,-2.33409,0.511281,5.6855,-7.6722,-34.1022,0.2301979,
2,90.69,2,4.568813,344.236,-2.33563,0.5112116,5.6855,-7.6722,-34.1022,0.2301979,
2,90.7,2,4.567553,344.2097,-2.335829,0.5113962,5.6855,-7.6722,-34.1022,0.2301979,
2,90.71,2,4.566893,344.2192,-2.334906,0.5112679,5.6855,-7.6722,-34.1022,0.2301979,
2,90.72,2,4.567366,344.2215,-2.331649,0.5105019,5.6855,-7.6722,-34.1022,0.2301979,
2,90.73,2,4.567667,344.2206,-2.329866,0.5100781,5.6855,-7.6722,-34.1022,0.2301979,
2,90.74,2,4.566358,344.22,-2.331007,0.510474,5.6855,-7.6722,-34.1022,0.2301979,
2,90.75,2,4.571609,344.2143,-2.332269,0.5101636,5.6855,-7.6722,-34.1022,0.2301979,
2,90.76,2,4.572893,344.1892,-2.332611,0.5100952,5.6855,-7.6722,-34.1022,0.2301979,
2,90.77,2,4.575417,344.1781,-2.334177,0.5101561,5.6855,-7.6722,-34.1022,0.2301979,
2,90.78,2,4.577769,344.1547,-2.335091,0.5100937,5.6855,-7.6722,-34.1022,0.2301979,
2,90.79,2,4.579249,344.156,-2.335571,0.5100337,5.6855,-7.6722,-34.1022,0.2301979,
2,90.8,2,4.579104,344.1569,-2.33852,0.5106938,5.6855,-7.6722,-34.1022,0.2301979,
2,90.81,2,4.581408,344.1565,-2.342357,0.5112746,5.6855,-7.6722,-34.1022,0.2301979,
2,90.82,2,4.580683,344.1606,-2.341376,0.5111413,5.6855,-7.6722,-34.1022,0.2301979,
2,90.83,2,4.579704,344.1498,-2.342951,0.5115944,5.6855,-7.6722,-34.1022,0.2301979,
2,90.84,2,4.580258,344.1482,-2.340268,0.5109466,5.6855,-7.6722,-34.1022,0.2301979,
2,90.85,2,4.581189,344.1318,-2.340717,0.5109409,5.6855,-7.6722,-34.1022,0.2301979,
2,90.86,2,4.580304,344.1267,-2.343263,0.5115957,5.6855,-7.6722,-34.1022,0.2301979,
2,90.87,2,4.581532,344.1326,-2.345667,0.5119831,5.68062,-7.6722,-34.1029,0.2308998,
2,90.88,2,4.582603,344.1205,-2.346991,0.5121524,5.68062,-7.6722,-34.1029,0.2308998,
2,90.89,2,4.579925,344.1236,-2.343999,0.5117986,5.68062,-7.6722,-34.1029,0.2308998,
2,90.9,2,4.578951,344.0963,-2.342362,0.5115498,5.68062,-7.6722,-34.1029,0.2308998,
2,90.91,2,4.581501,344.1138,-2.344038,0.511631,5.68062,-7.6722,-34.1029,0.2308998,
2,90.92,2,4.579569,344.1245,-2.345568,0.5121809,5.68062,-7.6722,-34.1029,0.2308998,
2,90.93,2,4.579991,344.1332,-2.346777,0.5123977,5.68062,-7.6722,-34.1029,0.2308998,
2,90.94,2,4.580152,344.1613,-2.347374,0.5125101,5.68062,-7.6722,-34.1029,0.2308998,
2,90.95,2,4.578572,344.1167,-2.344401,0.5120376,5.68062,-7.6722,-34.1029,0.2308998,
2,90.96,2,4.578878,344.1158,-2.341595,0.5113906,5.68062,-7.6722,-34.1029,0.2308998,
2,90.97,2,4.582452,344.1073,-2.341046,0.5108718,5.68062,-7.6722,-34.1029,0.2308998,
2,90.98,2,4.580162,344.1112,-2.342067,0.5113502,5.68062,-7.6722,-34.1029,0.2308998,
2,90.99,2,4.580056,344.0974,-2.341573,0.5112541,5.68062,-7.6722,-34.1029,0.2308998,
2,91,2,4.585173,344.0764,-2.339096,0.5101435,5.68062,-7.6722,-34.1029,0.2308998,
2,91.01,2,4.589178,344.0672,-2.339502,0.5097867,5.68062,-7.6722,-34.1029,0.2308998,
2,91.02,2,4.591923,344.0492,-2.335759,0.5086669,5.68062,-7.6722,-34.1029,0.2308998,
2,91.03,2,4.59633,344.0527,-2.3382,0.5087102,5.68062,-7.6722,-34.1029,0.2308998,
2,91.04,2,4.593493,344.0447,-2.340486,0.509522,5.68062,-7.6722,-34.1029,0.2308998,
2,91.05,2,4.593948,344.0391,-2.34304,0.5100275,5.68062,-7.6722,-34.1029,0.2308998,
2,91.06,2,4.592501,344.0556,-2.345159,0.5106497,5.68062,-7.6722,-34.1029,0.2308998,
2,91.07,2,4.593239,344.031,-2.345926,0.5107346,5.68062,-7.6722,-34.1029,0.2308998,
2,91.08,2,4.594453,344.0345,-2.343244,0.5100159,5.68062,-7.6722,-34.1029,0.2308998,
2,91.09,2,4.593938,344.0278,-2.344165,0.5102735,5.68062,-7.6722,-34.1029,0.2308998,
2,91.1,2,4.592932,344.0254,-2.345791,0.5107393,5.68062,-7.6722,-34.1029,0.2308998,
2,91.11,2,4.595339,344.045,-2.345338,0.5103733,5.68062,-7.6722,-34.1029,0.2308998,
2,91.12,2,4.59285,343.9774,-2.346267,0.510852,5.68062,-7.6722,-34.1029,0.2308998,
2,91.13,2,4.594823,344.0207,-2.347308,0.5108592,5.68062,-7.6722,-34.1029,0.2308998,
2,91.14,2,4.592996,344.0132,-2.346394,0.5108634,5.6768,-7.6722,-34.1035,0.2314987,
2,91.15,2,4.593455,344.0106,-2.34642,0.5108181,5.6768,-7.6722,-34.1035,0.2314987,
2,91.16,2,4.594507,344.009,-2.350912,0.5116788,5.6768,-7.6722,-34.1035,0.2314987,
2,91.17,2,4.592734,344.0058,-2.349946,0.5116661,5.6768,-7.6722,-34.1035,0.2314987,
2,91.18,2,4.593259,344.0057,-2.351469,0.5119391,5.6768,-7.6722,-34.1035,0.2314987,
2,91.19,2,4.591117,343.9978,-2.350102,0.5118801,5.6768,-7.6722,-34.1035,0.2314987,
2,91.2,2,4.594038,343.9969,-2.34866,0.5112408,5.6768,-7.6722,-34.1035,0.2314987,
2,91.21,2,4.594946,343.9981,-2.34778,0.5109484,5.6768,-7.6722,-34.1035,0.2314987,
2,91.22,2,4.596425,343.9932,-2.350806,0.5114422,5.6768,-7.6722,-34.1035,0.2314987,
2,91.23,2,4.599775,343.9627,-2.351616,0.5112459,5.6768,-7.6722,-34.1035,0.2314987,
2,91.24,2,4.604993,343.9738,-2.35146,0.5106326,5.6768,-7.6722,-34.1035,0.2314987,
2,91.25,2,4.607373,343.9391,-2.349904,0.5100312,5.6768,-7.6722,-34.1035,0.2314987,
2,91.26,2,4.608745,343.9358,-2.349259,0.5097393,5.6768,-7.6722,-34.1035,0.2314987,
2,91.27,2,4.607579,343.9471,-2.349071,0.5098277,5.6768,-7.6722,-34.1035,0.2314987,
2,91.28,2,4.609065,343.9315,-2.351368,0.5101617,5.6768,-7.6722,-34.1035,0.2314987,
2,91.29,2,4.607554,343.9542,-2.350302,0.5100976,5.6768,-7.6722,-34.1035,0.2314987,
2,91.3,2,4.605238,343.9373,-2.34913,0.5100996,5.6768,-7.6722,-34.1035,0.2314987,
2,91.31,2,4.608033,343.9265,-2.348469,0.5096468,5.6768,-7.6722,-34.1035,0.2314987,
2,91.32,2,4.60838,343.9337,-2.345153,0.5088887,5.6768,-7.6722,-34.1035,0.2314987,
2,91.33,2,4.607645,343.9167,-2.34567,0.5090822,5.6768,-7.6722,-34.1035,0.2314987,
2,91.34,2,4.606961,343.9189,-2.348651,0.5098048,5.6768,-7.6722,-34.1035,0.2314987,
2,91.35,2,4.604042,343.9411,-2.348721,0.5101433,5.6768,-7.6722,-34.1035,0.2314987,
2,91.36,2,4.607378,343.9224,-2.350054,0.5100631,5.67275,-7.6722,-34.1042,0.2321968,
2,91.37,2,4.606091,343.9071,-2.348606,0.5098913,5.67275,-7.6722,-34.1042,0.2321968,
2,91.38,2,4.607854,343.9023,-2.349945,0.5099868,5.67275,-7.6722,-34.1042,0.2321968,
2,91.39,2,4.606208,343.9,-2.352208,0.5106604,5.67275,-7.6722,-34.1042,0.2321968,
2,91.4,2,4.607353,343.8929,-2.353011,0.5107077,5.67275,-7.6722,-34.1042,0.2321968,
2,91.41,2,4.606074,343.8962,-2.352707,0.5107836,5.67275,-7.6722,-34.1042,0.2321968,
2,91.42,2,4.608053,343.8917,-2.353701,0.5107799,5.67275,-7.6722,-34.1042,0.2321968,
2,91.43,2,4.605785,343.8951,-2.353006,0.5108805,5.67275,-7.6722,-34.1042,0.2321968,
2,91.44,2,4.604908,343.8887,-2.354809,0.5113693,5.67275,-7.6722,-34.1042,0.2321968,
2,91.45,2,4.605247,343.8905,-2.354492,0.5112629,5.67275,-7.6722,-34.1042,0.2321968,
2,91.46,2,4.609623,343.8687,-2.355239,0.5109397,5.67275,-7.6722,-34.1042,0.2321968,
2,91.47,2,4.612506,343.8825,-2.355204,0.5106127,5.67275,-7.6722,-34.1042,0.2321968,
2,91.48,2,4.6137,343.8416,-2.35623,0.510703,5.67275,-7.6722,-34.1042,0.2321968,
2,91.49,2,4.621068,343.8416,-2.356652,0.5099799,5.67275,-7.6722,-34.1042,0.2321968,
2,91.5,2,4.620083,343.8481,-2.358202,0.510424,5.67275,-7.6722,-34.1042,0.2321968,
2,91.51,2,4.61774,343.8353,-2.361604,0.51142,5.67275,-7.6722,-34.1042,0.2321968,
2,91.52,2,4.618405,343.8255,-2.363862,0.511835,5.67275,-7.6722,-34.1042,0.2321968,
2,91.53,2,4.619243,343.8093,-2.363045,0.5115655,5.67275,-7.6722,-34.1042,0.2321968,
2,91.54,2,4.620408,343.8214,-2.362902,0.5114055,5.67275,-7.6722,-34.1042,0.2321968,
2,91.55,2,4.618788,343.8152,-2.361049,0.5111837,5.67275,-7.6722,-34.1042,0.2321968,
2,91.56,2,4.618867,343.8188,-2.357613,0.5104309,5.67275,-7.6722,-34.1042,0.2321968,
2,91.57,2,4.620471,343.8222,-2.357954,0.5103276,5.67275,-7.6722,-34.1042,0.2321968,
2,91.58,2,4.618785,343.8253,-2.359156,0.5107741,5.67275,-7.6722,-34.1042,0.2321968,
2,91.59,2,4.617499,343.8154,-2.359192,0.5109242,5.67275,-7.6722,-34.1042,0.2321968,
2,91.6,2,4.618329,343.8136,-2.357402,0.5104448,5.66867,-7.6722,-34.1048,0.2327995,
2,91.61,2,4.620428,343.8093,-2.356811,0.5100849,5.66867,-7.6722,-34.1048,0.2327995,
2,91.62,2,4.617733,343.7994,-2.355253,0.5100452,5.66867,-7.6722,-34.1048,0.2327995,
2,91.63,2,4.618586,343.7937,-2.357232,0.5103796,5.66867,-7.6722,-34.1048,0.2327995,
2,91.64,2,4.620923,343.7946,-2.359771,0.510671,5.66867,-7.6722,-34.1048,0.2327995,
2,91.65,2,4.620085,343.7756,-2.364309,0.5117459,5.66867,-7.6722,-34.1048,0.2327995,
2,91.66,2,4.619482,343.796,-2.363164,0.5115647,5.66867,-7.6722,-34.1048,0.2327995,
2,91.67,2,4.620408,343.789,-2.36073,0.5109354,5.66867,-7.6722,-34.1048,0.2327995,
2,91.68,2,4.619243,343.7827,-2.361453,0.5112209,5.66867,-7.6722,-34.1048,0.2327995,
2,91.69,2,4.615877,343.7784,-2.368859,0.5131981,5.66867,-7.6722,-34.1048,0.2327995,
2,91.7,2,4.61642,343.7693,-2.371513,0.5137126,5.66867,-7.6722,-34.1048,0.2327995,
2,91.71,2,4.616345,343.7795,-2.36933,0.5132481,5.66867,-7.6722,-34.1048,0.2327995,
2,91.72,2,4.61672,343.7739,-2.36922,0.5131824,5.66867,-7.6722,-34.1048,0.2327995,
2,91.73,2,4.620293,343.768,-2.366539,0.5122053,5.66867,-7.6722,-34.1048,0.2327995,
2,91.74,2,4.62528,343.7428,-2.365464,0.5114207,5.66867,-7.6722,-34.1048,0.2327995,
2,91.75,2,4.628177,343.7278,-2.368405,0.5117361,5.66867,-7.6722,-34.1048,0.2327995,
2,91.76,2,4.630497,343.7252,-2.374636,0.5128253,5.66867,-7.6722,-34.1048,0.2327995,
2,91.77,2,4.633714,343.7321,-2.375858,0.5127331,5.66867,-7.6722,-34.1048,0.2327995,
2,91.78,2,4.631196,343.729,-2.372056,0.5121909,5.66867,-7.6722,-34.1048,0.2327995,
2,91.79,2,4.632618,343.7172,-2.374136,0.5124826,5.66867,-7.6722,-34.1048,0.2327995,
2,91.8,2,4.631947,343.7234,-2.374823,0.5127051,5.66867,-7.6722,-34.1048,0.2327995,
2,91.81,2,4.630924,343.7304,-2.377662,0.5134314,5.66867,-7.6722,-34.1048,0.2327995,
2,91.82,2,4.630929,343.7261,-2.379202,0.5137634,5.66867,-7.6722,-34.1048,0.2327995,
2,91.83,2,4.63009,343.7028,-2.377417,0.5134709,5.66867,-7.6722,-34.1048,0.2327995,
2,91.84,2,4.632302,343.7026,-2.372633,0.512193,5.66433,-7.6722,-34.1054,0.2333984,
2,91.85,2,4.634127,343.7085,-2.369874,0.511396,5.66433,-7.6722,-34.1054,0.2333984,
2,91.86,2,4.631384,343.7065,-2.3698,0.5116829,5.66433,-7.6722,-34.1054,0.2333984,
2,91.87,2,4.631745,343.6985,-2.371844,0.5120842,5.66433,-7.6722,-34.1054,0.2333984,
2,91.88,2,4.630394,343.6895,-2.37034,0.5119088,5.66433,-7.6722,-34.1054,0.2333984,
2,91.89,2,4.630972,343.6965,-2.368927,0.51154,5.66433,-7.6722,-34.1054,0.2333984,
2,91.9,2,4.631841,343.6943,-2.368123,0.5112703,5.66433,-7.6722,-34.1054,0.2333984,
2,91.91,2,4.630591,343.691,-2.365691,0.5108831,5.66433,-7.6722,-34.1054,0.2333984,
2,91.92,2,4.632564,343.6813,-2.363563,0.5102062,5.66433,-7.6722,-34.1054,0.2333984,
2,91.93,2,4.629753,343.6776,-2.366603,0.5111726,5.66433,-7.6722,-34.1054,0.2333984,
2,91.94,2,4.630149,343.6781,-2.369272,0.5117053,5.66433,-7.6722,-34.1054,0.2333984,
2,91.95,2,4.631022,343.6549,-2.369107,0.5115731,5.66433,-7.6722,-34.1054,0.2333984,
2,91.96,2,4.636446,343.6671,-2.368755,0.5108989,5.66433,-7.6722,-34.1054,0.2333984,
2,91.97,2,4.637147,343.6439,-2.370856,0.5112748,5.66433,-7.6722,-34.1054,0.2333984,
2,91.98,2,4.641675,343.6234,-2.371814,0.5109823,5.66433,-7.6722,-34.1054,0.2333984,
2,91.99,2,4.643645,343.6213,-2.372678,0.5109516,5.66433,-7.6722,-34.1054,0.2333984,
2,92,2,4.642663,343.6263,-2.376573,0.5118988,5.66433,-7.6722,-34.1054,0.2333984,
2,92.01,2,4.643916,343.6224,-2.378779,0.5122355,5.66433,-7.6722,-34.1054,0.2333984,
2,92.02,2,4.644403,343.624,-2.378734,0.5121722,5.66433,-7.6722,-34.1054,0.2333984,
2,92.03,2,4.642,343.6204,-2.379441,0.5125897,5.66433,-7.6722,-34.1054,0.2333984,
2,92.04,2,4.643217,343.6153,-2.378202,0.5121884,5.66433,-7.6722,-34.1054,0.2333984,
2,92.05,2,4.644544,343.6169,-2.380338,0.5125019,5.66433,-7.6722,-34.1054,0.2333984,
2,92.06,2,4.644709,343.5746,-2.380343,0.5124849,5.66433,-7.6722,-34.1054,0.2333984,
2,92.07,2,4.640723,343.6208,-2.380307,0.5129173,5.66433,-7.6722,-34.1054,0.2333984,
2,92.08,2,4.643168,343.6379,-2.380375,0.5126618,5.66433,-7.6722,-34.1054,0.2333984,
2,92.09,2,4.642109,343.6255,-2.379191,0.5125237,5.6608,-7.6722,-34.106,0.2339973,
2,92.1,2,4.64289,343.6109,-2.380989,0.5128247,5.6608,-7.6722,-34.106,0.2339973,
2,92.11,2,4.64277,343.6013,-2.381006,0.5128417,5.6608,-7.6722,-34.106,0.2339973,
2,92.12,2,4.642086,343.5975,-2.381635,0.5130528,5.6608,-7.6722,-34.106,0.2339973,
2,92.13,2,4.641499,343.5984,-2.378787,0.5125041,5.6608,-7.6722,-34.106,0.2339973,
2,92.14,2,4.644435,343.5978,-2.376948,0.511784,5.6608,-7.6722,-34.106,0.2339973,
2,92.15,2,4.64261,343.59,-2.376244,0.5118337,5.6608,-7.6722,-34.106,0.2339973,
2,92.16,2,4.643647,343.5964,-2.376732,0.5118245,5.6608,-7.6722,-34.106,0.2339973,
2,92.17,2,4.643245,343.5744,-2.378002,0.5121422,5.6608,-7.6722,-34.106,0.2339973,
2,92.18,2,4.646989,343.591,-2.376057,0.5113111,5.6608,-7.6722,-34.106,0.2339973,
2,92.19,2,4.649953,343.5579,-2.372832,0.5102916,5.6608,-7.6722,-34.106,0.2339973,
2,92.2,2,4.652801,343.5412,-2.373124,0.5100421,5.6608,-7.6722,-34.106,0.2339973,
2,92.21,2,4.655132,343.5381,-2.374887,0.5101653,5.6608,-7.6722,-34.106,0.2339973,
2,92.22,2,4.657222,343.5305,-2.375594,0.5100883,5.6608,-7.6722,-34.106,0.2339973,
2,92.23,2,4.656605,343.5233,-2.380723,0.5112571,5.6608,-7.6722,-34.106,0.2339973,
2,92.24,2,4.655458,343.5276,-2.379776,0.5111798,5.6608,-7.6722,-34.106,0.2339973,
2,92.25,2,4.65682,343.5198,-2.3789,0.5108421,5.6608,-7.6722,-34.106,0.2339973,
2,92.26,2,4.657413,343.5149,-2.377485,0.5104733,5.6608,-7.6722,-34.106,0.2339973,
2,92.27,2,4.655185,343.5049,-2.378246,0.5108812,5.6608,-7.6722,-34.106,0.2339973,
2,92.28,2,4.653986,343.5061,-2.379525,0.5112876,5.6608,-7.6722,-34.106,0.2339973,
2,92.29,2,4.658738,343.5096,-2.3816,0.5112115,5.6608,-7.6722,-34.106,0.2339973,
2,92.3,2,4.655745,343.4875,-2.381945,0.5116143,5.6608,-7.6722,-34.106,0.2339973,
2,92.31,2,4.656727,343.5,-2.380849,0.5112708,5.6608,-7.6722,-34.106,0.2339973,
2,92.32,2,4.657561,343.4889,-2.382382,0.5115086,5.65648,-7.6722,-34.1066,0.2346001,
2,92.33,2,4.65687,343.4923,-2.381161,0.5113222,5.65648,-7.6722,-34.1066,0.2346001,
2,92.34,2,4.65591,343.4918,-2.383124,0.5118491,5.65648,-7.6722,-34.1066,0.2346001,
2,92.35,2,4.65531,343.4922,-2.386629,0.5126683,5.65648,-7.6722,-34.1066,0.2346001,
2,92.36,2,4.655677,343.4819,-2.387117,0.5127324,5.65648,-7.6722,-34.1066,0.2346001,
2,92.37,2,4.655708,343.4869,-2.383426,0.5119363,5.65648,-7.6722,-34.1066,0.2346001,
2,92.38,2,4.656141,343.4816,-2.382137,0.5116119,5.65648,-7.6722,-34.1066,0.2346001,
2,92.39,2,4.65544,343.4803,-2.383933,0.5120746,5.65648,-7.6722,-34.1066,0.2346001,
2,92.4,2,4.654085,343.4721,-2.386265,0.5127249,5.65648,-7.6722,-34.1066,0.2346001,
2,92.41,2,4.654428,343.429,-2.38575,0.5125764,5.65648,-7.6722,-34.1066,0.2346001,
2,92.42,2,4.653965,343.4661,-2.385074,0.5124823,5.65648,-7.6722,-34.1066,0.2346001,
2,92.43,2,4.65416,343.4734,-2.380526,0.5114836,5.65648,-7.6722,-34.1066,0.2346001,
2,92.44,2,4.652518,343.4701,-2.38036,0.5116283,5.65648,-7.6722,-34.1066,0.2346001,
2,92.45,2,4.656912,343.462,-2.37986,0.5110381,5.65648,-7.6722,-34.1066,0.2346001,
2,92.46,2,4.662837,343.4371,-2.380658,0.5105601,5.65648,-7.6722,-34.1066,0.2346001,
2,92.47,2,4.665135,343.4199,-2.381916,0.510578,5.65648,-7.6722,-34.1066,0.2346001,
2,92.48,2,4.668136,343.4124,-2.383246,0.5105349,5.65648,-7.6722,-34.1066,0.2346001,
2,92.49,2,4.67078,343.4119,-2.380504,0.5096588,5.65648,-7.6722,-34.1066,0.2346001,
2,92.5,2,4.667204,343.4054,-2.378546,0.5096298,5.65648,-7.6722,-34.1066,0.2346001,
2,92.51,2,4.669134,343.398,-2.380765,0.5098944,5.65648,-7.6722,-34.1066,0.2346001,
2,92.52,2,4.668834,343.399,-2.38375,0.5105665,5.65648,-7.6722,-34.1066,0.2346001,
2,92.53,2,4.668264,343.3734,-2.385199,0.5109392,5.65648,-7.6722,-34.1066,0.2346001,
2,92.54,2,4.670663,343.4027,-2.385418,0.5107237,5.65648,-7.6722,-34.1066,0.2346001,
2,92.55,2,4.667449,343.3871,-2.383118,0.5105826,5.65648,-7.6722,-34.1066,0.2346001,
2,92.56,2,4.666891,343.3857,-2.386533,0.5113754,5.65212,-7.6722,-34.1072,0.235199,
2,92.57,2,4.669383,343.3912,-2.387881,0.511391,5.65212,-7.6722,-34.1072,0.235199,
2,92.58,2,4.667595,343.3902,-2.389114,0.5118511,5.65212,-7.6722,-34.1072,0.235199,
2,92.59,2,4.668154,343.3799,-2.389535,0.5118802,5.65212,-7.6722,-34.1072,0.235199,
2,92.6,2,4.66859,343.3784,-2.390506,0.5120403,5.65212,-7.6722,-34.1072,0.235199,
2,92.61,2,4.668081,343.3741,-2.388863,0.511744,5.65212,-7.6722,-34.1072,0.235199,
2,92.62,2,4.669433,343.3708,-2.387316,0.5112647,5.65212,-7.6722,-34.1072,0.235199,
2,92.63,2,4.665843,343.3696,-2.391438,0.5125415,5.65212,-7.6722,-34.1072,0.235199,
2,92.64,2,4.667171,343.3655,-2.394243,0.5129967,5.65212,-7.6722,-34.1072,0.235199,
2,92.65,2,4.668031,343.3957,-2.393461,0.5127347,5.65212,-7.6722,-34.1072,0.235199,
2,92.66,2,4.673986,343.3531,-2.389544,0.5112433,5.65212,-7.6722,-34.1072,0.235199,
2,92.67,2,4.672976,343.3418,-2.39049,0.5115561,5.65212,-7.6722,-34.1072,0.235199,
2,92.68,2,4.677196,343.3351,-2.393494,0.511737,5.65212,-7.6722,-34.1072,0.235199,
2,92.69,2,4.681284,343.3348,-2.394399,0.5114834,5.65212,-7.6722,-34.1072,0.235199,
2,92.7,2,4.681679,343.3252,-2.397219,0.5120425,5.65212,-7.6722,-34.1072,0.235199,
2,92.71,2,4.679816,343.3423,-2.399209,0.5126717,5.65212,-7.6722,-34.1072,0.235199,
2,92.72,2,4.680479,343.313,-2.398088,0.5123596,5.65212,-7.6722,-34.1072,0.235199,
2,92.73,2,4.680157,343.309,-2.395497,0.5118412,5.65212,-7.6722,-34.1072,0.235199,
2,92.74,2,4.681174,343.3028,-2.393919,0.511393,5.65212,-7.6722,-34.1072,0.235199,
2,92.75,2,4.681131,343.2983,-2.394154,0.5114478,5.65212,-7.6722,-34.1072,0.235199,
2,92.76,2,4.679483,343.2974,-2.394547,0.5117119,5.65212,-7.6722,-34.1072,0.235199,
2,92.77,2,4.683809,343.2929,-2.393569,0.5110305,5.65212,-7.6722,-34.1072,0.235199,
2,92.78,2,4.681789,343.281,-2.391331,0.5107729,5.65212,-7.6722,-34.1072,0.235199,
2,92.79,2,4.679522,343.2902,-2.389679,0.5106674,5.64835,-7.6722,-34.1078,0.2357979,
2,92.8,2,4.681215,343.2769,-2.391573,0.5108873,5.64835,-7.6722,-34.1078,0.2357979,
2,92.81,2,4.681148,343.2779,-2.391382,0.5108538,5.64835,-7.6722,-34.1078,0.2357979,
2,92.82,2,4.680543,343.2743,-2.392636,0.5111878,5.64835,-7.6722,-34.1078,0.2357979,
2,92.83,2,4.679574,343.2758,-2.394857,0.5117682,5.64835,-7.6722,-34.1078,0.2357979,
2,92.84,2,4.678582,343.2706,-2.395951,0.5121105,5.64835,-7.6722,-34.1078,0.2357979,
2,92.85,2,4.679019,343.2596,-2.393972,0.5116397,5.64835,-7.6722,-34.1078,0.2357979,
2,92.86,2,4.680152,343.2575,-2.393193,0.5113495,5.64835,-7.6722,-34.1078,0.2357979,
2,92.87,2,4.677002,343.2548,-2.396135,0.5123228,5.64835,-7.6722,-34.1078,0.2357979,
2,92.88,2,4.681774,343.2575,-2.399538,0.5125274,5.64835,-7.6722,-34.1078,0.2357979,
2,92.89,2,4.685554,343.2315,-2.396555,0.5114774,5.64835,-7.6722,-34.1078,0.2357979,
2,92.9,2,4.688877,343.2267,-2.398047,0.5114331,5.64835,-7.6722,-34.1078,0.2357979,
2,92.91,2,4.694201,343.2153,-2.396581,0.5105407,5.64835,-7.6722,-34.1078,0.2357979,
2,92.92,2,4.693634,343.2083,-2.400063,0.5113443,5.64835,-7.6722,-34.1078,0.2357979,
2,92.93,2,4.693254,343.2036,-2.403606,0.5121406,5.64835,-7.6722,-34.1078,0.2357979,
2,92.94,2,4.693309,343.1967,-2.404837,0.5123969,5.64835,-7.6722,-34.1078,0.2357979,
2,92.95,2,4.691495,343.2042,-2.40288,0.512178,5.64835,-7.6722,-34.1078,0.2357979,
2,92.96,2,4.693526,343.1985,-2.405884,0.5125962,5.64835,-7.6722,-34.1078,0.2357979,
2,92.97,2,4.693727,343.187,-2.404639,0.512309,5.64835,-7.6722,-34.1078,0.2357979,
2,92.98,2,4.693521,343.1955,-2.402883,0.5119574,5.64835,-7.6722,-34.1078,0.2357979,
2,92.99,2,4.69458,343.1976,-2.405781,0.5124592,5.64835,-7.6722,-34.1078,0.2357979,
2,93,2,4.693836,343.2092,-2.408591,0.5131392,5.64835,-7.6722,-34.1078,0.2357979,
2,93.01,2,4.693401,343.1912,-2.405174,0.5124587,5.64835,-7.6722,-34.1078,0.2357979,
2,93.02,2,4.694718,343.1923,-2.40206,0.5116516,5.64835,-7.6722,-34.1078,0.2357979,
2,93.03,2,4.692858,343.1835,-2.402077,0.511858,5.64455,-7.6722,-34.1084,0.2363968,
2,93.04,2,4.691489,343.1692,-2.403325,0.5122734,5.64455,-7.6722,-34.1084,0.2363968,
2,93.05,2,4.695011,343.1707,-2.404726,0.5121874,5.64455,-7.6722,-34.1084,0.2363968,
2,93.06,2,4.692926,343.1878,-2.403638,0.5121831,5.64455,-7.6722,-34.1084,0.2363968,
2,93.07,2,4.692966,343.1646,-2.402156,0.5118632,5.64455,-7.6722,-34.1084,0.2363968,
2,93.08,2,4.691801,343.1648,-2.400956,0.5117343,5.64455,-7.6722,-34.1084,0.2363968,
2,93.09,2,4.692261,343.1638,-2.398219,0.5111009,5.64455,-7.6722,-34.1084,0.2363968,
2,93.1,2,4.69381,343.1658,-2.398521,0.5109967,5.64455,-7.6722,-34.1084,0.2363968,
2,93.11,2,4.690804,343.1577,-2.399808,0.5115985,5.64455,-7.6722,-34.1084,0.2363968,
2,93.12,2,4.690904,343.1635,-2.404487,0.512585,5.64455,-7.6722,-34.1084,0.2363968,
2,93.13,2,4.693477,343.1481,-2.402738,0.5119312,5.64455,-7.6722,-34.1084,0.2363968,
2,93.14,2,4.694527,343.1454,-2.403213,0.5119181,5.64455,-7.6722,-34.1084,0.2363968,
2,93.15,2,4.695953,343.1181,-2.402121,0.51153,5.64455,-7.6722,-34.1084,0.2363968,
2,93.16,2,4.699944,343.1115,-2.40641,0.5120082,5.64455,-7.6722,-34.1084,0.2363968,
2,93.17,2,4.704864,343.1002,-2.410534,0.5123494,5.64455,-7.6722,-34.1084,0.2363968,
2,93.18,2,4.704524,343.0808,-2.411588,0.5126104,5.64455,-7.6722,-34.1084,0.2363968,
2,93.19,2,4.704064,343.0966,-2.410513,0.5124319,5.64455,-7.6722,-34.1084,0.2363968,
2,93.2,2,4.704956,343.0919,-2.412744,0.512809,5.64455,-7.6722,-34.1084,0.2363968,
2,93.21,2,4.706508,343.0916,-2.412395,0.5125659,5.64455,-7.6722,-34.1084,0.2363968,
2,93.22,2,4.703598,343.0873,-2.411926,0.5127832,5.64455,-7.6722,-34.1084,0.2363968,
2,93.23,2,4.704048,343.0878,-2.414839,0.5133533,5.64455,-7.6722,-34.1084,0.2363968,
2,93.24,2,4.703403,343.0736,-2.414746,0.513404,5.64455,-7.6722,-34.1084,0.2363968,
2,93.25,2,4.703692,343.0764,-2.414837,0.5133917,5.64455,-7.6722,-34.1084,0.2363968,
2,93.26,2,4.704395,343.0785,-2.412831,0.5128887,5.64455,-7.6722,-34.1084,0.2363968,
2,93.27,2,4.702074,343.0652,-2.412371,0.5130441,5.6402,-7.6722,-34.109,0.2369995,
2,93.28,2,4.705579,343.0598,-2.414931,0.5132059,5.6402,-7.6722,-34.109,0.2369995,
2,93.29,2,4.703596,343.0739,-2.41694,0.5138494,5.6402,-7.6722,-34.109,0.2369995,
2,93.3,2,4.70329,343.0284,-2.416878,0.5138695,5.6402,-7.6722,-34.109,0.2369995,
2,93.31,2,4.70485,343.0709,-2.414773,0.5132518,5.6402,-7.6722,-34.109,0.2369995,
2,93.32,2,4.702697,343.0656,-2.411687,0.5128306,5.6402,-7.6722,-34.109,0.2369995,
2,93.33,2,4.706455,343.06,-2.411575,0.5123974,5.6402,-7.6722,-34.109,0.2369995,
2,93.34,2,4.70515,343.0593,-2.410481,0.512307,5.6402,-7.6722,-34.109,0.2369995,
2,93.35,2,4.703827,343.054,-2.409988,0.5123462,5.6402,-7.6722,-34.109,0.2369995,
2,93.36,2,4.705887,343.0521,-2.411521,0.5124477,5.6402,-7.6722,-34.109,0.2369995,
2,93.37,2,4.70564,343.0557,-2.409288,0.5120001,5.6402,-7.6722,-34.109,0.2369995,
2,93.38,2,4.706605,343.0473,-2.406188,0.5112364,5.6402,-7.6722,-34.109,0.2369995,
2,93.39,2,4.707122,343.0441,-2.406626,0.5112734,5.6402,-7.6722,-34.109,0.2369995,
2,93.4,2,4.708225,343.022,-2.40927,0.5117151,5.6402,-7.6722,-34.109,0.2369995,
2,93.41,2,4.712622,343.0121,-2.410313,0.5114591,5.6402,-7.6722,-34.109,0.2369995,
2,93.42,2,4.718349,342.9794,-2.415383,0.5119128,5.6402,-7.6722,-34.109,0.2369995,
2,93.43,2,4.717643,342.9976,-2.413647,0.5116213,5.6402,-7.6722,-34.109,0.2369995,
2,93.44,2,4.716455,342.9964,-2.415627,0.5121701,5.6402,-7.6722,-34.109,0.2369995,
2,93.45,2,4.717141,342.9863,-2.415333,0.5120333,5.6402,-7.6722,-34.109,0.2369995,
2,93.46,2,4.717031,342.9808,-2.415205,0.5120181,5.6402,-7.6722,-34.109,0.2369995,
2,93.47,2,4.715985,342.9621,-2.417772,0.5126759,5.6402,-7.6722,-34.109,0.2369995,
2,93.48,2,4.719152,343.0222,-2.419295,0.5126546,5.6402,-7.6722,-34.109,0.2369995,
2,93.49,2,4.717589,342.9681,-2.418878,0.5127361,5.6402,-7.6722,-34.109,0.2369995,
2,93.5,2,4.718818,342.9698,-2.418925,0.5126125,5.6402,-7.6722,-34.109,0.2369995,
2,93.51,2,4.718199,342.9607,-2.417274,0.5123297,5.63588,-7.6722,-34.1096,0.2375984,
2,93.52,2,4.718505,342.9626,-2.421446,0.5131808,5.63588,-7.6722,-34.1096,0.2375984,
2,93.53,2,4.718327,342.9682,-2.42373,0.5136842,5.63588,-7.6722,-34.1096,0.2375984,
2,93.54,2,4.717421,342.9621,-2.422815,0.5135888,5.63588,-7.6722,-34.1096,0.2375984,
2,93.55,2,4.717129,342.9635,-2.420749,0.5131826,5.63588,-7.6722,-34.1096,0.2375984,
2,93.56,2,4.718101,342.9536,-2.42146,0.5132276,5.63588,-7.6722,-34.1096,0.2375984,
2,93.57,2,4.71447,342.947,-2.422849,0.5139176,5.63588,-7.6722,-34.1096,0.2375984,
2,93.58,2,4.71759,342.9408,-2.422432,0.5134894,5.63588,-7.6722,-34.1096,0.2375984,
2,93.59,2,4.716918,342.9507,-2.42277,0.5136341,5.63588,-7.6722,-34.1096,0.2375984,
2,93.6,2,4.713474,342.931,-2.425571,0.5146037,5.63588,-7.6722,-34.1096,0.2375984,
2,93.61,2,4.715546,342.9395,-2.422966,0.5138252,5.63588,-7.6722,-34.1096,0.2375984,
2,93.62,2,4.719853,342.935,-2.422009,0.5131536,5.63588,-7.6722,-34.1096,0.2375984,
2,93.63,2,4.724744,342.9164,-2.419637,0.5121203,5.63588,-7.6722,-34.1096,0.2375984,
2,93.64,2,4.72599,342.9123,-2.420817,0.5122349,5.63588,-7.6722,-34.1096,0.2375984,
2,93.65,2,4.728391,342.8803,-2.424189,0.512688,5.63588,-7.6722,-34.1096,0.2375984,
2,93.66,2,4.730036,342.8896,-2.422632,0.5121805,5.63588,-7.6722,-34.1096,0.2375984,
2,93.67,2,4.72717,342.8953,-2.421179,0.5121837,5.63588,-7.6722,-34.1096,0.2375984,
2,93.68,2,4.726187,342.8831,-2.419681,0.5119732,5.63588,-7.6722,-34.1096,0.2375984,
2,93.69,2,4.729203,342.8735,-2.421476,0.5120263,5.63588,-7.6722,-34.1096,0.2375984,
2,93.7,2,4.72527,342.8779,-2.422842,0.5127414,5.63233,-7.6722,-34.1102,0.2381973,
2,93.71,2,4.729357,342.8466,-2.423961,0.512535,5.63233,-7.6722,-34.1102,0.2381973,
2,93.72,2,4.727592,342.8589,-2.423388,0.5126051,5.63233,-7.6722,-34.1102,0.2381973,
2,93.73,2,4.726514,342.8595,-2.423709,0.5127899,5.63233,-7.6722,-34.1102,0.2381973,
2,93.74,2,4.728642,342.855,-2.424408,0.5127072,5.63233,-7.6722,-34.1102,0.2381973,
2,93.75,2,4.728279,342.8571,-2.424299,0.5127233,5.63233,-7.6722,-34.1102,0.2381973,
2,93.76,2,4.726027,342.8624,-2.426457,0.5134243,5.63233,-7.6722,-34.1102,0.2381973,
2,93.77,2,4.72657,342.8631,-2.427733,0.5136352,5.63233,-7.6722,-34.1102,0.2381973,
2,93.78,2,4.729961,342.854,-2.427305,0.5131764,5.63233,-7.6722,-34.1102,0.2381973,
2,93.79,2,4.727704,342.8493,-2.42569,0.5130799,5.63233,-7.6722,-34.1102,0.2381973,
2,93.8,2,4.728274,342.855,-2.425766,0.5130341,5.63233,-7.6722,-34.1102,0.2381973,
2,93.81,2,4.725706,342.8377,-2.429629,0.5141305,5.63233,-7.6722,-34.1102,0.2381973,
2,93.82,2,4.726854,342.8411,-2.430701,0.5142324,5.63233,-7.6722,-34.1102,0.2381973,
2,93.83,2,4.732,342.7987,-2.429837,0.5134903,5.63233,-7.6722,-34.1102,0.2381973,
2,93.84,2,4.733775,342.8203,-2.42971,0.5132712,5.63233,-7.6722,-34.1102,0.2381973,
2,93.85,2,4.739444,342.7993,-2.429831,0.5126827,5.63233,-7.6722,-34.1102,0.2381973,
2,93.86,2,4.740155,342.7959,-2.430908,0.5128331,5.63233,-7.6722,-34.1102,0.2381973,
2,93.87,2,4.738906,342.7943,-2.432946,0.5133983,5.63233,-7.6722,-34.1102,0.2381973,
2,93.88,2,4.739418,342.7943,-2.434356,0.5136403,5.63233,-7.6722,-34.1102,0.2381973,
2,93.89,2,4.740731,342.8235,-2.436534,0.5139574,5.63233,-7.6722,-34.1102,0.2381973,
2,93.9,2,4.739475,342.7888,-2.435089,0.5137887,5.63233,-7.6722,-34.1102,0.2381973,
2,93.91,2,4.73995,342.7785,-2.432076,0.5131015,5.63233,-7.6722,-34.1102,0.2381973,
2,93.92,2,4.741267,342.778,-2.431488,0.5128351,5.63233,-7.6722,-34.1102,0.2381973,
2,93.93,2,4.742038,342.7729,-2.431507,0.5127557,5.63233,-7.6722,-34.1102,0.2381973,
2,93.94,2,4.741591,342.766,-2.432859,0.5130892,5.63233,-7.6722,-34.1102,0.2381973,
2,93.95,2,4.740739,342.7672,-2.432069,0.5130147,5.63233,-7.6722,-34.1102,0.2381973,
2,93.96,2,4.741088,342.7623,-2.429218,0.5123755,5.63233,-7.6722,-34.1102,0.2381973,
2,93.97,2,4.739974,342.7727,-2.428367,0.5123165,5.6288,-7.6722,-34.1108,0.2388,
2,93.98,2,4.739179,342.7519,-2.427709,0.5122637,5.6288,-7.6722,-34.1108,0.2388,
2,93.99,2,4.741406,342.7581,-2.428016,0.5120878,5.6288,-7.6722,-34.1108,0.2388,
2,94,2,4.740757,342.7515,-2.43059,0.5127008,5.6288,-7.6722,-34.1108,0.2388,
2,94.01,2,4.74017,342.7607,-2.433207,0.5133164,5.6288,-7.6722,-34.1108,0.2388,
2,94.02,2,4.740579,342.7415,-2.432507,0.5131243,5.6288,-7.6722,-34.1108,0.2388,
2,94.03,2,4.741192,342.7458,-2.431267,0.5127965,5.6288,-7.6722,-34.1108,0.2388,
2,94.04,2,4.747188,342.7273,-2.432241,0.5123541,5.6288,-7.6722,-34.1108,0.2388,
2,94.05,2,4.746555,342.7054,-2.433179,0.5126199,5.6288,-7.6722,-34.1108,0.2388,
2,94.06,2,4.751055,342.7158,-2.436834,0.5129039,5.6288,-7.6722,-34.1108,0.2388,
2,94.07,2,4.755122,342.6746,-2.436567,0.5124089,5.6288,-7.6722,-34.1108,0.2388,
2,94.08,2,4.752677,342.6891,-2.437683,0.5129072,5.6288,-7.6722,-34.1108,0.2388,
2,94.09,2,4.753041,342.6872,-2.439678,0.5132878,5.6288,-7.6722,-34.1108,0.2388,
2,94.1,2,4.752477,342.6885,-2.4369,0.5127642,5.6288,-7.6722,-34.1108,0.2388,
2,94.11,2,4.752474,342.685,-2.441126,0.5136538,5.6288,-7.6722,-34.1108,0.2388,
2,94.12,2,4.750731,342.6703,-2.444717,0.5145981,5.6288,-7.6722,-34.1108,0.2388,
2,94.13,2,4.748867,342.6764,-2.444687,0.5147938,5.6288,-7.6722,-34.1108,0.2388,
2,94.14,2,4.751358,342.6715,-2.440398,0.5136211,5.6288,-7.6722,-34.1108,0.2388,
2,94.15,2,4.752312,342.6698,-2.440712,0.5135841,5.6288,-7.6722,-34.1108,0.2388,
2,94.16,2,4.749063,342.6745,-2.442071,0.5142217,5.6288,-7.6722,-34.1108,0.2388,
2,94.17,2,4.750174,342.6592,-2.442253,0.5141398,5.6288,-7.6722,-34.1108,0.2388,
2,94.18,2,4.750133,342.6369,-2.44415,0.5145437,5.6288,-7.6722,-34.1108,0.2388,
2,94.19,2,4.750503,342.6723,-2.441612,0.5139691,5.6288,-7.6722,-34.1108,0.2388,
2,94.2,2,4.753861,342.6681,-2.439065,0.5130703,5.62502,-7.6722,-34.1114,0.239399,
2,94.21,2,4.749319,342.6519,-2.44137,0.5140464,5.62502,-7.6722,-34.1114,0.239399,
2,94.22,2,4.751378,342.6493,-2.440612,0.5136639,5.62502,-7.6722,-34.1114,0.239399,
2,94.23,2,4.751499,342.6487,-2.441217,0.5137783,5.62502,-7.6722,-34.1114,0.239399,
2,94.24,2,4.749814,342.665,-2.442584,0.5142483,5.62502,-7.6722,-34.1114,0.239399,
2,94.25,2,4.749217,342.6482,-2.440645,0.5139047,5.62502,-7.6722,-34.1114,0.239399,
2,94.26,2,4.749705,342.6442,-2.438493,0.5133988,5.62502,-7.6722,-34.1114,0.239399,
2,94.27,2,4.749169,342.6357,-2.435404,0.5128062,5.62502,-7.6722,-34.1114,0.239399,
2,94.28,2,4.749591,342.6281,-2.437602,0.5132235,5.62502,-7.6722,-34.1114,0.239399,
2,94.29,2,4.749839,342.6185,-2.438025,0.5132858,5.62502,-7.6722,-34.1114,0.239399,
2,94.3,2,4.752239,342.6299,-2.441285,0.5137125,5.62502,-7.6722,-34.1114,0.239399,
2,94.31,2,4.757262,342.6258,-2.440255,0.5129538,5.62502,-7.6722,-34.1114,0.239399,
2,94.32,2,4.759348,342.5967,-2.438732,0.5124089,5.62502,-7.6722,-34.1114,0.239399,
2,94.33,2,4.762797,342.5849,-2.439623,0.5122249,5.62502,-7.6722,-34.1114,0.239399,
2,94.34,2,4.764523,342.5768,-2.442213,0.5125828,5.62502,-7.6722,-34.1114,0.239399,
2,94.35,2,4.764421,342.5677,-2.444751,0.5131266,5.62502,-7.6722,-34.1114,0.239399,
2,94.36,2,4.764277,342.5616,-2.444735,0.5131387,5.62502,-7.6722,-34.1114,0.239399,
2,94.37,2,4.762982,342.5646,-2.449365,0.5142502,5.62502,-7.6722,-34.1114,0.239399,
2,94.38,2,4.763889,342.5653,-2.447292,0.5137173,5.62502,-7.6722,-34.1114,0.239399,
2,94.39,2,4.762619,342.5669,-2.446491,0.5136861,5.62502,-7.6722,-34.1114,0.239399,
2,94.4,2,4.76498,342.5682,-2.44999,0.5141659,5.62502,-7.6722,-34.1114,0.239399,
2,94.41,2,4.763101,342.5577,-2.450397,0.5144542,5.62502,-7.6722,-34.1114,0.239399,
2,94.42,2,4.763834,342.577,-2.45062,0.5144218,5.62043,-7.6722,-34.112,0.2399979,
2,94.43,2,4.764683,342.5402,-2.450105,0.514222,5.62043,-7.6722,-34.112,0.2399979,
2,94.44,2,4.762874,342.5588,-2.447925,0.5139596,5.62043,-7.6722,-34.112,0.2399979,
2,94.45,2,4.763029,342.5563,-2.450727,0.5145312,5.62043,-7.6722,-34.112,0.2399979,
2,94.46,2,4.762951,342.5587,-2.451592,0.5147212,5.62043,-7.6722,-34.112,0.2399979,
2,94.47,2,4.76226,342.5425,-2.452534,0.5149936,5.62043,-7.6722,-34.112,0.2399979,
2,94.48,2,4.763096,342.5442,-2.454174,0.5152475,5.62043,-7.6722,-34.112,0.2399979,
2,94.49,2,4.762531,342.5379,-2.449689,0.514367,5.62043,-7.6722,-34.112,0.2399979,
2,94.5,2,4.763568,342.5374,-2.448501,0.5140057,5.62043,-7.6722,-34.112,0.2399979,
2,94.51,2,4.76263,342.5383,-2.448561,0.5141195,5.62043,-7.6722,-34.112,0.2399979,
2,94.52,2,4.762554,342.5266,-2.447012,0.5138025,5.62043,-7.6722,-34.112,0.2399979,
2,94.53,2,4.760465,342.5363,-2.448016,0.5142388,5.62043,-7.6722,-34.112,0.2399979,
2,94.54,2,4.761501,342.5031,-2.447608,0.5140412,5.62043,-7.6722,-34.112,0.2399979,
2,94.55,2,4.768701,342.5102,-2.444223,0.5125553,5.62043,-7.6722,-34.112,0.2399979,
2,94.56,2,4.770596,342.4839,-2.443964,0.5122974,5.62043,-7.6722,-34.112,0.2399979,
2,94.57,2,4.771893,342.4823,-2.443489,0.5120586,5.62043,-7.6722,-34.112,0.2399979,
2,94.58,2,4.774057,342.4734,-2.446907,0.5125424,5.62043,-7.6722,-34.112,0.2399979,
2,94.59,2,4.77489,342.4727,-2.449769,0.5130523,5.62043,-7.6722,-34.112,0.2399979,
2,94.6,2,4.773996,342.4593,-2.451127,0.5134329,5.62043,-7.6722,-34.112,0.2399979,
2,94.61,2,4.773592,342.465,-2.450991,0.513448,5.62043,-7.6722,-34.112,0.2399979,
2,94.62,2,4.775042,342.4511,-2.449724,0.5130267,5.62043,-7.6722,-34.112,0.2399979,
2,94.63,2,4.77376,342.4515,-2.450245,0.5132737,5.62043,-7.6722,-34.112,0.2399979,
2,94.64,2,4.775403,342.454,-2.454084,0.5139009,5.62043,-7.6722,-34.112,0.2399979,
2,94.65,2,4.775069,342.4377,-2.454167,0.5139543,5.62043,-7.6722,-34.112,0.2399979,
2,94.66,2,4.775041,342.4488,-2.453932,0.513908,5.62043,-7.6722,-34.112,0.2399979,
2,94.67,2,4.774296,342.4436,-2.455103,0.5142335,5.62043,-7.6722,-34.112,0.2399979,
2,94.68,2,4.774785,342.4445,-2.45328,0.513799,5.62043,-7.6722,-34.112,0.2399979,
2,94.69,2,4.772801,342.4373,-2.455287,0.5144331,5.62043,-7.6722,-34.112,0.2399979,
2,94.7,2,4.776429,342.4257,-2.458951,0.5148094,5.61635,-7.6722,-34.1125,0.2404976,
2,94.71,2,4.774803,342.4301,-2.460858,0.5153841,5.61635,-7.6722,-34.1125,0.2404976,
2,94.72,2,4.775393,342.4305,-2.45958,0.5150529,5.61635,-7.6722,-34.1125,0.2404976,
2,94.73,2,4.775115,342.4249,-2.458215,0.514797,5.61635,-7.6722,-34.1125,0.2404976,
2,94.74,2,4.775132,342.4217,-2.456136,0.5143598,5.61635,-7.6722,-34.1125,0.2404976,
2,94.75,2,4.774481,342.4219,-2.455239,0.5142421,5.61635,-7.6722,-34.1125,0.2404976,
2,94.76,2,4.773315,342.4267,-2.458071,0.5149609,5.61635,-7.6722,-34.1125,0.2404976,
2,94.77,2,4.776946,342.4625,-2.458157,0.5145876,5.61635,-7.6722,-34.1125,0.2404976,
2,94.78,2,4.781181,342.4028,-2.456348,0.5137534,5.61635,-7.6722,-34.1125,0.2404976,
2,94.79,2,4.785979,342.3837,-2.455014,0.5129595,5.61635,-7.6722,-34.1125,0.2404976,
2,94.8,2,4.786515,342.3751,-2.455737,0.5130532,5.61635,-7.6722,-34.1125,0.2404976,
2,94.81,2,4.787564,342.3757,-2.454902,0.5127665,5.61635,-7.6722,-34.1125,0.2404976,
2,94.82,2,4.787937,342.3688,-2.457482,0.5132653,5.61635,-7.6722,-34.1125,0.2404976,
2,94.83,2,4.786463,342.3715,-2.45917,0.513776,5.61635,-7.6722,-34.1125,0.2404976,
2,94.84,2,4.786128,342.3596,-2.456387,0.5132306,5.61635,-7.6722,-34.1125,0.2404976,
2,94.85,2,4.786635,342.3671,-2.454612,0.5128054,5.61635,-7.6722,-34.1125,0.2404976,
2,94.86,2,4.787477,342.3492,-2.452888,0.512355,5.61635,-7.6722,-34.1125,0.2404976,
2,94.87,2,4.787798,342.3448,-2.453737,0.5124981,5.61635,-7.6722,-34.1125,0.2404976,
2,94.88,2,4.78812,342.3476,-2.455272,0.5127841,5.61635,-7.6722,-34.1125,0.2404976,
2,94.89,2,4.785796,342.3567,-2.458147,0.5136339,5.61635,-7.6722,-34.1125,0.2404976,
2,94.9,2,4.785196,342.3327,-2.458817,0.5138382,5.61635,-7.6722,-34.1125,0.2404976,
2,94.91,2,4.787173,342.3314,-2.456912,0.5132281,5.61635,-7.6722,-34.1125,0.2404976,
2,94.92,2,4.786611,342.331,-2.455048,0.512899,5.61255,-7.6722,-34.1131,0.2410965,
2,94.93,2,4.786699,342.3341,-2.45805,0.5135168,5.61255,-7.6722,-34.1131,0.2410965,
2,94.94,2,4.785873,342.3209,-2.460521,0.5141217,5.61255,-7.6722,-34.1131,0.2410965,
2,94.95,2,4.785458,342.3181,-2.461177,0.5143033,5.61255,-7.6722,-34.1131,0.2410965,
2,94.96,2,4.784605,342.3251,-2.462145,0.5145974,5.61255,-7.6722,-34.1131,0.2410965,
2,94.97,2,4.785277,342.32,-2.45981,0.514037,5.61255,-7.6722,-34.1131,0.2410965,
2,94.98,2,4.785461,342.3124,-2.460967,0.514259,5.61255,-7.6722,-34.1131,0.2410965,
2,94.99,2,4.785194,342.3156,-2.461153,0.5143267,5.61255,-7.6722,-34.1131,0.2410965,
2,95,2,4.784429,342.3112,-2.462296,0.5146479,5.61255,-7.6722,-34.1131,0.2410965,
2,95.01,2,4.78468,342.2797,-2.462152,0.5145906,5.61255,-7.6722,-34.1131,0.2410965,
2,95.02,2,4.785139,342.3212,-2.462033,0.5145164,5.61255,-7.6722,-34.1131,0.2410965,
2,95.03,2,4.78612,342.3134,-2.46101,0.5141972,5.61255,-7.6722,-34.1131,0.2410965,
2,95.04,2,4.791319,342.306,-2.461067,0.5136512,5.61255,-7.6722,-34.1131,0.2410965,
2,95.05,2,4.795067,342.2889,-2.461951,0.5134341,5.61255,-7.6722,-34.1131,0.2410965,
2,95.06,2,4.794083,342.2684,-2.466046,0.5143936,5.61255,-7.6722,-34.1131,0.2410965,
2,95.07,2,4.797201,342.2411,-2.467897,0.5144452,5.61255,-7.6722,-34.1131,0.2410965,
2,95.08,2,4.800302,342.2615,-2.465509,0.5136155,5.61255,-7.6722,-34.1131,0.2410965,
2,95.09,2,4.797628,342.2587,-2.463084,0.5133961,5.61255,-7.6722,-34.1131,0.2410965,
2,95.1,2,4.800429,342.2466,-2.463976,0.5132824,5.61255,-7.6722,-34.1131,0.2410965,
2,95.11,2,4.800337,342.2482,-2.465169,0.5135409,5.61255,-7.6722,-34.1131,0.2410965,
2,95.12,2,4.798156,342.2319,-2.468311,0.5144292,5.61255,-7.6722,-34.1131,0.2410965,
2,95.13,2,4.79975,342.2266,-2.464492,0.5134626,5.61255,-7.6722,-34.1131,0.2410965,
2,95.14,2,4.799474,342.2377,-2.465492,0.5137005,5.61255,-7.6722,-34.1131,0.2410965,
2,95.15,2,4.7973,342.2382,-2.465213,0.5138752,5.61255,-7.6722,-34.1131,0.2410965,
2,95.16,2,4.797852,342.2339,-2.461667,0.5130768,5.61255,-7.6722,-34.1131,0.2410965,
2,95.17,2,4.799335,342.2367,-2.462051,0.5129985,5.61255,-7.6722,-34.1131,0.2410965,
2,95.18,2,4.799465,342.2272,-2.466232,0.5138556,5.61255,-7.6722,-34.1131,0.2410965,
2,95.19,2,4.797288,342.2246,-2.466152,0.5140721,5.61255,-7.6722,-34.1131,0.2410965,
2,95.2,2,4.798319,342.2334,-2.467016,0.5141418,5.60792,-7.6722,-34.1137,0.2416992,
2,95.21,2,4.80015,342.2211,-2.464375,0.5133954,5.60792,-7.6722,-34.1137,0.2416992,
2,95.22,2,4.799274,342.2151,-2.465481,0.5137196,5.60792,-7.6722,-34.1137,0.2416992,
2,95.23,2,4.797097,342.2116,-2.468829,0.5146506,5.60792,-7.6722,-34.1137,0.2416992,
2,95.24,2,4.798872,342.212,-2.468625,0.5144176,5.60792,-7.6722,-34.1137,0.2416992,
2,95.25,2,4.799415,342.1913,-2.468994,0.5144365,5.60792,-7.6722,-34.1137,0.2416992,
2,95.26,2,4.795064,342.1968,-2.467794,0.514653,5.60792,-7.6722,-34.1137,0.2416992,
2,95.27,2,4.796708,342.1908,-2.47027,0.5149928,5.60792,-7.6722,-34.1137,0.2416992,
2,95.28,2,4.798316,342.189,-2.469997,0.5147632,5.60792,-7.6722,-34.1137,0.2416992,
2,95.29,2,4.796411,342.198,-2.473049,0.5156041,5.60792,-7.6722,-34.1137,0.2416992,
2,95.3,2,4.795606,342.1992,-2.475688,0.5162409,5.60792,-7.6722,-34.1137,0.2416992,
2,95.31,2,4.796925,342.1873,-2.476105,0.516186,5.60792,-7.6722,-34.1137,0.2416992,
2,95.32,2,4.80247,342.1746,-2.473316,0.5150093,5.60792,-7.6722,-34.1137,0.2416992,
2,95.33,2,4.804726,342.162,-2.471217,0.5143304,5.60792,-7.6722,-34.1137,0.2416992,
2,95.34,2,4.808318,342.1508,-2.4753,0.5147955,5.60792,-7.6722,-34.1137,0.2416992,
2,95.35,2,4.811019,342.1472,-2.477827,0.5150316,5.60792,-7.6722,-34.1137,0.2416992,
2,95.36,2,4.809997,342.113,-2.47954,0.5154973,5.60792,-7.6722,-34.1137,0.2416992,
2,95.37,2,4.808629,342.1385,-2.477553,0.5152307,5.60792,-7.6722,-34.1137,0.2416992,
2,95.38,2,4.808585,342.1389,-2.475943,0.5149005,5.60792,-7.6722,-34.1137,0.2416992,
2,95.39,2,4.809058,342.1392,-2.476131,0.514889,5.60792,-7.6722,-34.1137,0.2416992,
2,95.4,2,4.807906,342.1416,-2.475897,0.5149637,5.60792,-7.6722,-34.1137,0.2416992,
2,95.41,2,4.808298,342.1419,-2.475726,0.5148861,5.60792,-7.6722,-34.1137,0.2416992,
2,95.42,2,4.807768,342.1234,-2.477508,0.5153135,5.60792,-7.6722,-34.1137,0.2416992,
2,95.43,2,4.808856,342.1153,-2.476556,0.514999,5.60792,-7.6722,-34.1137,0.2416992,
2,95.44,2,4.80861,342.1197,-2.47333,0.5143544,5.60332,-7.6722,-34.1143,0.2422981,
2,95.45,2,4.808605,342.1149,-2.471267,0.513926,5.60332,-7.6722,-34.1143,0.2422981,
2,95.46,2,4.809024,342.1244,-2.471742,0.51398,5.60332,-7.6722,-34.1143,0.2422981,
2,95.47,2,4.809146,342.1082,-2.474324,0.5145038,5.60332,-7.6722,-34.1143,0.2422981,
2,95.48,2,4.809725,342.0913,-2.475924,0.5147744,5.60332,-7.6722,-34.1143,0.2422981,
2,95.49,2,4.808203,342.107,-2.475808,0.5149135,5.60332,-7.6722,-34.1143,0.2422981,
2,95.5,2,4.807809,342.0973,-2.476625,0.5151256,5.60332,-7.6722,-34.1143,0.2422981,
2,95.51,2,4.808006,342.0947,-2.477644,0.5153162,5.60332,-7.6722,-34.1143,0.2422981,
2,95.52,2,4.811814,342.101,-2.477623,0.5149041,5.60332,-7.6722,-34.1143,0.2422981,
2,95.53,2,4.809631,342.0917,-2.480507,0.5157374,5.60332,-7.6722,-34.1143,0.2422981,
2,95.54,2,4.806474,342.1033,-2.480579,0.5160913,5.60332,-7.6722,-34.1143,0.2422981,
2,95.55,2,4.809374,342.0918,-2.480155,0.5156918,5.60332,-7.6722,-34.1143,0.2422981,
2,95.56,2,4.81452,342.079,-2.478898,0.5148795,5.60332,-7.6722,-34.1143,0.2422981,
2,95.57,2,4.819324,342.0468,-2.479354,0.5144608,5.60332,-7.6722,-34.1143,0.2422981,
2,95.58,2,4.819738,342.0456,-2.482682,0.5151073,5.60332,-7.6722,-34.1143,0.2422981,
2,95.59,2,4.823408,342.0389,-2.486714,0.5155513,5.60332,-7.6722,-34.1143,0.2422981,
2,95.6,2,4.824516,342.0598,-2.487945,0.5156879,5.60332,-7.6722,-34.1143,0.2422981,
2,95.61,2,4.82294,342.0306,-2.48589,0.5154304,5.60332,-7.6722,-34.1143,0.2422981,
2,95.62,2,4.821862,342.0382,-2.486267,0.5156239,5.60332,-7.6722,-34.1143,0.2422981,
2,95.63,2,4.821604,342.0569,-2.486077,0.5156121,5.60332,-7.6722,-34.1143,0.2422981,
2,95.64,2,4.823833,342.0376,-2.488481,0.5158722,5.60332,-7.6722,-34.1143,0.2422981,
2,95.65,2,4.823166,342.0329,-2.48826,0.5158977,5.60332,-7.6722,-34.1143,0.2422981,
2,95.66,2,4.821425,342.0647,-2.488735,0.5161824,5.60332,-7.6722,-34.1143,0.2422981,
2,95.67,2,4.824221,342.0168,-2.48793,0.5157165,5.59925,-7.6722,-34.115,0.243,
2,95.68,2,4.823783,342.0143,-2.487054,0.5155817,5.59925,-7.6722,-34.115,0.243,
2,95.69,2,4.824399,342.0103,-2.483665,0.5148133,5.59925,-7.6722,-34.115,0.243,
2,95.7,2,4.82314,342.0037,-2.485523,0.5153329,5.59925,-7.6722,-34.115,0.243,
2,95.71,2,4.822254,342.0101,-2.487103,0.5157552,5.59925,-7.6722,-34.115,0.243,
2,95.72,2,4.824223,342.0051,-2.486858,0.515494,5.59925,-7.6722,-34.115,0.243,
2,95.73,2,4.824647,341.9962,-2.48365,0.5147839,5.59925,-7.6722,-34.115,0.243,
2,95.74,2,4.822517,341.9936,-2.483413,0.5149621,5.59925,-7.6722,-34.115,0.243,
2,95.75,2,4.823214,341.9911,-2.483619,0.5149304,5.59925,-7.6722,-34.115,0.243,
2,95.76,2,4.822814,341.9894,-2.486101,0.5154875,5.59925,-7.6722,-34.115,0.243,
2,95.77,2,4.823688,341.9803,-2.488148,0.5158187,5.59925,-7.6722,-34.115,0.243,
2,95.78,2,4.822689,341.9888,-2.48862,0.5160234,5.59925,-7.6722,-34.115,0.243,
2,95.79,2,4.824386,341.9769,-2.489954,0.5161182,5.59925,-7.6722,-34.115,0.243,
2,95.8,2,4.82923,341.9638,-2.487436,0.5150792,5.59925,-7.6722,-34.115,0.243,
2,95.81,2,4.832316,341.9362,-2.487695,0.5148038,5.59925,-7.6722,-34.115,0.243,
2,95.82,2,4.833293,341.9315,-2.490128,0.5152032,5.59925,-7.6722,-34.115,0.243,
2,95.83,2,4.832329,341.9413,-2.494495,0.5162097,5.59925,-7.6722,-34.115,0.243,
2,95.84,2,4.834794,341.8848,-2.495148,0.5160815,5.59925,-7.6722,-34.115,0.243,
2,95.85,2,4.83706,341.9309,-2.492736,0.5153411,5.59925,-7.6722,-34.115,0.243,
2,95.86,2,4.834859,341.921,-2.494668,0.5159754,5.59925,-7.6722,-34.115,0.243,
2,95.87,2,4.832391,341.9201,-2.4958,0.5164731,5.59925,-7.6722,-34.115,0.243,
2,95.88,2,4.834311,341.9156,-2.499154,0.5169616,5.59925,-7.6722,-34.115,0.243,
2,95.89,2,4.833937,341.9106,-2.499165,0.517004,5.59925,-7.6722,-34.115,0.243,
2,95.9,2,4.831474,341.9081,-2.503525,0.5181701,5.59925,-7.6722,-34.115,0.243,
2,95.91,2,4.834605,341.9057,-2.503973,0.517927,5.59925,-7.6722,-34.115,0.243,
2,95.92,2,4.835741,341.9117,-2.50214,0.5174264,5.5952,-7.6722,-34.1156,0.2435989,
2,95.93,2,4.833528,341.9008,-2.504085,0.5180658,5.5952,-7.6722,-34.1156,0.2435989,
2,95.94,2,4.835616,341.9083,-2.503025,0.5176228,5.5952,-7.6722,-34.1156,0.2435989,
2,95.95,2,4.834261,341.9142,-2.502418,0.5176422,5.5952,-7.6722,-34.1156,0.2435989,
2,95.96,2,4.832345,341.9141,-2.499937,0.5173342,5.5952,-7.6722,-34.1156,0.2435989,
2,95.97,2,4.835145,341.8915,-2.496256,0.5162733,5.5952,-7.6722,-34.1156,0.2435989,
2,95.98,2,4.834032,341.8885,-2.4955,0.5162357,5.5952,-7.6722,-34.1156,0.2435989,
2,95.99,2,4.830898,341.8882,-2.496579,0.5167939,5.5952,-7.6722,-34.1156,0.2435989,
2,96,2,4.833582,341.885,-2.498412,0.5168863,5.5952,-7.6722,-34.1156,0.2435989,
2,96.01,2,4.833662,341.9042,-2.49786,0.5167635,5.5952,-7.6722,-34.1156,0.2435989,
2,96.02,2,4.832023,341.8864,-2.493896,0.5161183,5.5952,-7.6722,-34.1156,0.2435989,
2,96.03,2,4.834967,341.8793,-2.494816,0.5159945,5.5952,-7.6722,-34.1156,0.2435989,
2,96.04,2,4.83945,341.8601,-2.491608,0.5148535,5.5952,-7.6722,-34.1156,0.2435989,
2,96.05,2,4.842801,341.8247,-2.493377,0.5148625,5.5952,-7.6722,-34.1156,0.2435989,
2,96.06,2,4.846621,341.8272,-2.495684,0.5149329,5.5952,-7.6722,-34.1156,0.2435989,
2,96.07,2,4.849026,341.8386,-2.497638,0.5150805,5.5952,-7.6722,-34.1156,0.2435989,
2,96.08,2,4.847278,341.8235,-2.498616,0.5154679,5.5952,-7.6722,-34.1156,0.2435989,
2,96.09,2,4.84722,341.8171,-2.497523,0.5152485,5.5952,-7.6722,-34.1156,0.2435989,
2,96.1,2,4.848467,341.8046,-2.499157,0.515453,5.5952,-7.6722,-34.1156,0.2435989,
2,96.11,2,4.847536,341.8099,-2.502527,0.5162473,5.5952,-7.6722,-34.1156,0.2435989,
2,96.12,2,4.84841,341.8049,-2.504047,0.5164678,5.5952,-7.6722,-34.1156,0.2435989,
2,96.13,2,4.846092,341.7908,-2.505455,0.5170052,5.5952,-7.6722,-34.1156,0.2435989,
2,96.14,2,4.84655,341.7927,-2.505033,0.5168695,5.5952,-7.6722,-34.1156,0.2435989,
2,96.15,2,4.845997,341.7943,-2.504,0.5167151,5.5952,-7.6722,-34.1156,0.2435989,
2,96.16,2,4.845793,341.7915,-2.504224,0.5167832,5.59165,-7.6722,-34.1162,0.2441978,
2,96.17,2,4.847507,341.7919,-2.504899,0.5167395,5.59165,-7.6722,-34.1162,0.2441978,
2,96.18,2,4.846726,341.7856,-2.505628,0.5169733,5.59165,-7.6722,-34.1162,0.2441978,
2,96.19,2,4.845865,341.8084,-2.506593,0.5172642,5.59165,-7.6722,-34.1162,0.2441978,
2,96.2,2,4.846009,341.7826,-2.505925,0.5171111,5.59165,-7.6722,-34.1162,0.2441978,
2,96.21,2,4.847967,341.7763,-2.504216,0.5165497,5.59165,-7.6722,-34.1162,0.2441978,
2,96.22,2,4.846361,341.7774,-2.505012,0.5168852,5.59165,-7.6722,-34.1162,0.2441978,
2,96.23,2,4.848606,341.7698,-2.506262,0.5169037,5.59165,-7.6722,-34.1162,0.2441978,
2,96.24,2,4.847476,341.7706,-2.509567,0.5177058,5.59165,-7.6722,-34.1162,0.2441978,
2,96.25,2,4.84591,341.7388,-2.510611,0.5180887,5.59165,-7.6722,-34.1162,0.2441978,
2,96.26,2,4.847254,341.7698,-2.507701,0.5173446,5.59165,-7.6722,-34.1162,0.2441978,
2,96.27,2,4.846886,341.7662,-2.505308,0.5168902,5.59165,-7.6722,-34.1162,0.2441978,
2,96.28,2,4.846729,341.7652,-2.505395,0.5169248,5.59165,-7.6722,-34.1162,0.2441978,
2,96.29,2,4.850477,341.7614,-2.503585,0.5161522,5.59165,-7.6722,-34.1162,0.2441978,
2,96.3,2,4.854732,341.739,-2.502571,0.5154911,5.59165,-7.6722,-34.1162,0.2441978,
2,96.31,2,4.857327,341.7375,-2.506076,0.5159372,5.59165,-7.6722,-34.1162,0.2441978,
2,96.32,2,4.859074,341.7105,-2.505302,0.5155925,5.59165,-7.6722,-34.1162,0.2441978,
2,96.33,2,4.860695,341.7115,-2.502676,0.5148801,5.59165,-7.6722,-34.1162,0.2441978,
2,96.34,2,4.859802,341.7087,-2.50377,0.5152,5.59165,-7.6722,-34.1162,0.2441978,
2,96.35,2,4.860625,341.7068,-2.506029,0.5155774,5.59165,-7.6722,-34.1162,0.2441978,
2,96.36,2,4.861278,341.7058,-2.507385,0.5157872,5.59165,-7.6722,-34.1162,0.2441978,
2,96.37,2,4.860662,341.683,-2.509574,0.5163028,5.59165,-7.6722,-34.1162,0.2441978,
2,96.38,2,4.861445,341.6898,-2.507715,0.5158374,5.59165,-7.6722,-34.1162,0.2441978,
2,96.39,2,4.861991,341.6981,-2.50914,0.5160725,5.59165,-7.6722,-34.1162,0.2441978,
2,96.4,2,4.858591,341.6855,-2.510228,0.5166577,5.59165,-7.6722,-34.1162,0.2441978,
2,96.41,2,4.861171,341.6852,-2.510927,0.5165272,5.59165,-7.6722,-34.1162,0.2441978,
2,96.42,2,4.858915,341.6533,-2.512013,0.5169906,5.5868,-7.6722,-34.1168,0.2447968,
2,96.43,2,4.860332,341.6964,-2.512661,0.5169732,5.5868,-7.6722,-34.1168,0.2447968,
2,96.44,2,4.861262,341.6729,-2.512518,0.5168447,5.5868,-7.6722,-34.1168,0.2447968,
2,96.45,2,4.85965,341.6669,-2.511901,0.5168892,5.5868,-7.6722,-34.1168,0.2447968,
2,96.46,2,4.856807,341.6652,-2.511373,0.5170832,5.5868,-7.6722,-34.1168,0.2447968,
2,96.47,2,4.85806,341.6555,-2.516277,0.5179593,5.5868,-7.6722,-34.1168,0.2447968,
2,96.48,2,4.859415,341.6613,-2.519297,0.5184363,5.5868,-7.6722,-34.1168,0.2447968,
2,96.49,2,4.860759,341.6654,-2.518031,0.5180325,5.5868,-7.6722,-34.1168,0.2447968,
2,96.5,2,4.858279,341.6671,-2.516863,0.5180565,5.5868,-7.6722,-34.1168,0.2447968,
2,96.51,2,4.85856,341.6635,-2.515415,0.5177285,5.5868,-7.6722,-34.1168,0.2447968,
2,96.52,2,4.858766,341.6607,-2.517889,0.5182157,5.5868,-7.6722,-34.1168,0.2447968,
2,96.53,2,4.858638,341.6498,-2.517662,0.5181826,5.5868,-7.6722,-34.1168,0.2447968,
2,96.54,2,4.857531,341.6621,-2.518476,0.5184682,5.5868,-7.6722,-34.1168,0.2447968,
2,96.55,2,4.864151,341.6254,-2.517375,0.5175363,5.5868,-7.6722,-34.1168,0.2447968,
2,96.56,2,4.867271,341.6212,-2.517251,0.5171791,5.5868,-7.6722,-34.1168,0.2447968,
2,96.57,2,4.86891,341.6141,-2.517077,0.5169693,5.5868,-7.6722,-34.1168,0.2447968,
2,96.58,2,4.871763,341.6115,-2.514618,0.5161617,5.5868,-7.6722,-34.1168,0.2447968,
2,96.59,2,4.874194,341.6065,-2.51688,0.5163686,5.5868,-7.6722,-34.1168,0.2447968,
2,96.6,2,4.874243,341.5883,-2.519022,0.5168028,5.5868,-7.6722,-34.1168,0.2447968,
2,96.61,2,4.871861,341.5938,-2.518661,0.5169814,5.5868,-7.6722,-34.1168,0.2447968,
2,96.62,2,4.871722,341.5916,-2.514472,0.5161362,5.5868,-7.6722,-34.1168,0.2447968,
2,96.63,2,4.87236,341.5889,-2.513433,0.5158554,5.5868,-7.6722,-34.1168,0.2447968,
2,96.64,2,4.872568,341.5786,-2.515345,0.5162256,5.5868,-7.6722,-34.1168,0.2447968,
2,96.65,2,4.87214,341.5854,-2.517257,0.5166635,5.5868,-7.6722,-34.1168,0.2447968,
2,96.66,2,4.874408,341.5562,-2.51787,0.5165489,5.5868,-7.6722,-34.1168,0.2447968,
2,96.67,2,4.872882,341.5597,-2.517575,0.51665,5.5868,-7.6722,-34.1168,0.2447968,
2,96.68,2,4.871571,341.5605,-2.519144,0.5171112,5.5868,-7.6722,-34.1168,0.2447968,
2,96.69,2,4.872598,341.5607,-2.518835,0.5169387,5.58245,-7.6722,-34.1174,0.2453995,
2,96.7,2,4.872898,341.5582,-2.520761,0.5173023,5.58245,-7.6722,-34.1174,0.2453995,
2,96.71,2,4.871191,341.5559,-2.520807,0.517493,5.58245,-7.6722,-34.1174,0.2453995,
2,96.72,2,4.872822,341.5603,-2.522698,0.5177078,5.58245,-7.6722,-34.1174,0.2453995,
2,96.73,2,4.871227,341.5561,-2.523894,0.5181229,5.58245,-7.6722,-34.1174,0.2453995,
2,96.74,2,4.870828,341.5496,-2.522172,0.5178118,5.58245,-7.6722,-34.1174,0.2453995,
2,96.75,2,4.870389,341.5415,-2.521089,0.5176359,5.58245,-7.6722,-34.1174,0.2453995,
2,96.76,2,4.87001,341.5475,-2.523206,0.518111,5.58245,-7.6722,-34.1174,0.2453995,
2,96.77,2,4.870396,341.5445,-2.527228,0.5188959,5.58245,-7.6722,-34.1174,0.2453995,
2,96.78,2,4.870555,341.5033,-2.528051,0.5190478,5.58245,-7.6722,-34.1174,0.2453995,
2,96.79,2,4.869629,341.5446,-2.524903,0.5185001,5.58245,-7.6722,-34.1174,0.2453995,
2,96.8,2,4.87413,341.5333,-2.525516,0.518147,5.58245,-7.6722,-34.1174,0.2453995,
2,96.81,2,4.877932,341.5515,-2.525064,0.5176505,5.58245,-7.6722,-34.1174,0.2453995,
2,96.82,2,4.882374,341.5144,-2.527377,0.5176533,5.58245,-7.6722,-34.1174,0.2453995,
2,96.83,2,4.882882,341.4954,-2.530514,0.5182419,5.58245,-7.6722,-34.1174,0.2453995,
2,96.84,2,4.883034,341.4987,-2.532462,0.5186247,5.58245,-7.6722,-34.1174,0.2453995,
2,96.85,2,4.884866,341.4876,-2.531449,0.5182227,5.58245,-7.6722,-34.1174,0.2453995,
2,96.86,2,4.887205,341.4836,-2.527059,0.5170766,5.58245,-7.6722,-34.1174,0.2453995,
2,96.87,2,4.885218,341.4794,-2.52602,0.5170741,5.58245,-7.6722,-34.1174,0.2453995,
2,96.88,2,4.88431,341.4781,-2.529567,0.5178965,5.58245,-7.6722,-34.1174,0.2453995,
2,96.89,2,4.882504,341.4608,-2.528884,0.5179482,5.58245,-7.6722,-34.1174,0.2453995,
2,96.9,2,4.883737,341.489,-2.526584,0.5173464,5.58245,-7.6722,-34.1174,0.2453995,
2,96.91,2,4.883539,341.4721,-2.524102,0.5168591,5.58245,-7.6722,-34.1174,0.2453995,
2,96.92,2,4.884549,341.4603,-2.52237,0.5163978,5.57837,-7.6722,-34.118,0.2459984,
2,96.93,2,4.883001,341.457,-2.521449,0.5163728,5.57837,-7.6722,-34.118,0.2459984,
2,96.94,2,4.884935,341.4676,-2.525574,0.5170128,5.57837,-7.6722,-34.118,0.2459984,
2,96.95,2,4.883091,341.4569,-2.524101,0.5169063,5.57837,-7.6722,-34.118,0.2459984,
2,96.96,2,4.88258,341.4656,-2.527449,0.5176463,5.57837,-7.6722,-34.118,0.2459984,
2,96.97,2,4.884356,341.4472,-2.527221,0.5174114,5.57837,-7.6722,-34.118,0.2459984,
2,96.98,2,4.883068,341.452,-2.52568,0.5172322,5.57837,-7.6722,-34.118,0.2459984,
2,96.99,2,4.882557,341.4314,-2.526547,0.5174639,5.57837,-7.6722,-34.118,0.2459984,
2,97,2,4.88128,341.4365,-2.528983,0.5180983,5.57837,-7.6722,-34.118,0.2459984,
2,97.01,2,4.882453,341.4485,-2.531537,0.518497,5.57837,-7.6722,-34.118,0.2459984,
2,97.02,2,4.88197,341.4183,-2.529176,0.5180646,5.57837,-7.6722,-34.118,0.2459984,
2,97.03,2,4.889579,341.4227,-2.528679,0.5171568,5.57837,-7.6722,-34.118,0.2459984,
2,97.04,2,4.893854,341.4023,-2.529055,0.5167819,5.57837,-7.6722,-34.118,0.2459984,
2,97.05,2,4.894865,341.3864,-2.530444,0.5169589,5.57837,-7.6722,-34.118,0.2459984,
2,97.06,2,4.898121,341.3871,-2.535057,0.517557,5.57837,-7.6722,-34.118,0.2459984,
2,97.07,2,4.897241,341.3867,-2.536367,0.5179176,5.57837,-7.6722,-34.118,0.2459984,
2,97.08,2,4.896102,341.3757,-2.538222,0.5184168,5.57837,-7.6722,-34.118,0.2459984,
2,97.09,2,4.898307,341.3712,-2.537792,0.5180959,5.57837,-7.6722,-34.118,0.2459984,
2,97.1,2,4.897327,341.3708,-2.535124,0.5176546,5.57837,-7.6722,-34.118,0.2459984,
2,97.11,2,4.894391,341.3668,-2.537381,0.5184263,5.57837,-7.6722,-34.118,0.2459984,
2,97.12,2,4.897316,341.3619,-2.540272,0.518707,5.57837,-7.6722,-34.118,0.2459984,
2,97.13,2,4.89709,341.3295,-2.539124,0.5184965,5.57837,-7.6722,-34.118,0.2459984,
2,97.14,2,4.899463,341.3625,-2.537797,0.5179746,5.57837,-7.6722,-34.118,0.2459984,
2,97.15,2,4.897782,341.3609,-2.535833,0.5177513,5.57837,-7.6722,-34.118,0.2459984,
2,97.16,2,4.896182,341.3613,-2.53475,0.5176994,5.57837,-7.6722,-34.118,0.2459984,
2,97.17,2,4.89764,341.3445,-2.534011,0.5173943,5.57433,-7.6722,-34.1187,0.2466965,
2,97.18,2,4.895965,341.3539,-2.534323,0.5176351,5.57433,-7.6722,-34.1187,0.2466965,
2,97.19,2,4.896974,341.3504,-2.534642,0.5175936,5.57433,-7.6722,-34.1187,0.2466965,
2,97.2,2,4.896058,341.3457,-2.534095,0.5175787,5.57433,-7.6722,-34.1187,0.2466965,
2,97.21,2,4.894301,341.335,-2.533101,0.5175612,5.57433,-7.6722,-34.1187,0.2466965,
2,97.22,2,4.898247,341.334,-2.528431,0.516191,5.57433,-7.6722,-34.1187,0.2466965,
2,97.23,2,4.897731,341.3351,-2.529971,0.5165598,5.57433,-7.6722,-34.1187,0.2466965,
2,97.24,2,4.895128,341.3325,-2.533761,0.5176087,5.57433,-7.6722,-34.1187,0.2466965,
2,97.25,2,4.900811,341.3104,-2.534228,0.5171038,5.57433,-7.6722,-34.1187,0.2466965,
2,97.26,2,4.905333,341.3122,-2.535267,0.516839,5.57433,-7.6722,-34.1187,0.2466965,
2,97.27,2,4.903298,341.2905,-2.534819,0.5169621,5.57433,-7.6722,-34.1187,0.2466965,
2,97.28,2,4.907704,341.2785,-2.538695,0.5172878,5.57433,-7.6722,-34.1187,0.2466965,
2,97.29,2,4.91056,341.2675,-2.54067,0.5173891,5.57433,-7.6722,-34.1187,0.2466965,
2,97.3,2,4.909172,341.2774,-2.543977,0.518209,5.57433,-7.6722,-34.1187,0.2466965,
2,97.31,2,4.910581,341.2734,-2.544088,0.5180829,5.57433,-7.6722,-34.1187,0.2466965,
2,97.32,2,4.905755,341.2707,-2.542074,0.5181822,5.57433,-7.6722,-34.1187,0.2466965,
2,97.33,2,4.90741,341.2614,-2.542274,0.5180481,5.57433,-7.6722,-34.1187,0.2466965,
2,97.34,2,4.91065,341.2624,-2.541218,0.5174912,5.57433,-7.6722,-34.1187,0.2466965,
2,97.35,2,4.911539,341.2635,-2.541747,0.5175052,5.57433,-7.6722,-34.1187,0.2466965,
2,97.36,2,4.909508,341.2512,-2.545305,0.518444,5.57433,-7.6722,-34.1187,0.2466965,
2,97.37,2,4.910175,341.2715,-2.545581,0.5184298,5.57433,-7.6722,-34.1187,0.2466965,
2,97.38,2,4.909458,341.231,-2.543386,0.5180584,5.57433,-7.6722,-34.1187,0.2466965,
2,97.39,2,4.910166,341.2456,-2.542455,0.517794,5.57433,-7.6722,-34.1187,0.2466965,
2,97.4,2,4.905538,341.2477,-2.543678,0.518532,5.57053,-7.6722,-34.1193,0.2472992,
2,97.41,2,4.907424,341.2347,-2.546886,0.5189863,5.57053,-7.6722,-34.1193,0.2472992,
2,97.42,2,4.910071,341.2403,-2.547932,0.5189196,5.57053,-7.6722,-34.1193,0.2472992,
2,97.43,2,4.907274,341.2583,-2.546259,0.5188745,5.57053,-7.6722,-34.1193,0.2472992,
2,97.44,2,4.909028,341.2336,-2.54594,0.518624,5.57053,-7.6722,-34.1193,0.2472992,
2,97.45,2,4.909444,341.2377,-2.543552,0.5180936,5.57053,-7.6722,-34.1193,0.2472992,
2,97.46,2,4.906314,341.2318,-2.540933,0.5178905,5.57053,-7.6722,-34.1193,0.2472992,
2,97.47,2,4.907822,341.2338,-2.54417,0.5183908,5.57053,-7.6722,-34.1193,0.2472992,
2,97.48,2,4.907926,341.2401,-2.545642,0.5186797,5.57053,-7.6722,-34.1193,0.2472992,
2,97.49,2,4.907146,341.2231,-2.544734,0.5185772,5.57053,-7.6722,-34.1193,0.2472992,
2,97.5,2,4.90815,341.214,-2.541768,0.5178668,5.57053,-7.6722,-34.1193,0.2472992,
2,97.51,2,4.905711,341.2134,-2.539132,0.5175869,5.57053,-7.6722,-34.1193,0.2472992,
2,97.52,2,4.910183,341.2185,-2.53788,0.5168605,5.57053,-7.6722,-34.1193,0.2472992,
2,97.53,2,4.914434,341.1922,-2.541092,0.517067,5.57053,-7.6722,-34.1193,0.2472992,
2,97.54,2,4.918309,341.1761,-2.540953,0.5166315,5.57053,-7.6722,-34.1193,0.2472992,
2,97.55,2,4.922424,341.17,-2.544349,0.5168895,5.57053,-7.6722,-34.1193,0.2472992,
2,97.56,2,4.922518,341.1661,-2.545878,0.5171902,5.57053,-7.6722,-34.1193,0.2472992,
2,97.57,2,4.922836,341.1461,-2.54604,0.5171897,5.57053,-7.6722,-34.1193,0.2472992,
2,97.58,2,4.919477,341.1448,-2.546522,0.5176408,5.57053,-7.6722,-34.1193,0.2472992,
2,97.59,2,4.92226,341.1503,-2.548498,0.5177495,5.57053,-7.6722,-34.1193,0.2472992,
2,97.6,2,4.922128,341.1414,-2.55161,0.5183957,5.57053,-7.6722,-34.1193,0.2472992,
2,97.61,2,4.919025,341.1501,-2.551541,0.5187086,5.57053,-7.6722,-34.1193,0.2472992,
2,97.62,2,4.921757,341.1438,-2.549674,0.5180414,5.57053,-7.6722,-34.1193,0.2472992,
2,97.63,2,4.921381,341.1461,-2.548877,0.5179191,5.57053,-7.6722,-34.1193,0.2472992,
2,97.64,2,4.919154,341.1328,-2.551102,0.5186058,5.57053,-7.6722,-34.1193,0.2472992,
2,97.65,2,4.92037,341.1227,-2.553277,0.5189196,5.57053,-7.6722,-34.1193,0.2472992,
2,97.66,2,4.920756,341.121,-2.557201,0.5196765,5.57053,-7.6722,-34.1193,0.2472992,
2,97.67,2,4.920385,341.1269,-2.5562,0.5195122,5.56617,-7.6722,-34.1199,0.2478981,
2,97.68,2,4.920594,341.1247,-2.555241,0.5192953,5.56617,-7.6722,-34.1199,0.2478981,
2,97.69,2,4.919773,341.1247,-2.555189,0.5193712,5.56617,-7.6722,-34.1199,0.2478981,
2,97.7,2,4.920723,341.1212,-2.554952,0.5192228,5.56617,-7.6722,-34.1199,0.2478981,
2,97.71,2,4.919269,341.1258,-2.557045,0.5198017,5.56617,-7.6722,-34.1199,0.2478981,
2,97.72,2,4.918639,341.1658,-2.558342,0.5201322,5.56617,-7.6722,-34.1199,0.2478981,
2,97.73,2,4.919666,341.1187,-2.557341,0.5198201,5.56617,-7.6722,-34.1199,0.2478981,
2,97.74,2,4.921877,341.1174,-2.55465,0.5190399,5.56617,-7.6722,-34.1199,0.2478981,
2,97.75,2,4.925198,341.106,-2.552144,0.5181809,5.56617,-7.6722,-34.1199,0.2478981,
2,97.76,2,4.928346,341.0782,-2.552757,0.5179744,5.56617,-7.6722,-34.1199,0.2478981,
2,97.77,2,4.93127,341.0673,-2.554867,0.5180952,5.56617,-7.6722,-34.1199,0.2478981,
2,97.78,2,4.935492,341.0748,-2.554572,0.5175921,5.56617,-7.6722,-34.1199,0.2478981,
2,97.79,2,4.935853,341.0712,-2.554627,0.5175655,5.56617,-7.6722,-34.1199,0.2478981,
2,97.8,2,4.934261,341.0606,-2.551453,0.5170892,5.56617,-7.6722,-34.1199,0.2478981,
2,97.81,2,4.93337,341.051,-2.553126,0.5175217,5.56617,-7.6722,-34.1199,0.2478981,
2,97.82,2,4.935629,341.0521,-2.552712,0.5172009,5.56617,-7.6722,-34.1199,0.2478981,
2,97.83,2,4.935403,341.0495,-2.552519,0.5171854,5.56617,-7.6722,-34.1199,0.2478981,
2,97.84,2,4.934106,341.0529,-2.55768,0.5183675,5.56617,-7.6722,-34.1199,0.2478981,
2,97.85,2,4.932264,341.03,-2.558564,0.5187403,5.56617,-7.6722,-34.1199,0.2478981,
2,97.86,2,4.933666,341.036,-2.557458,0.5183688,5.56617,-7.6722,-34.1199,0.2478981,
2,97.87,2,4.936034,341.0352,-2.557123,0.5180521,5.56617,-7.6722,-34.1199,0.2478981,
2,97.88,2,4.933212,341.0344,-2.558239,0.5185748,5.56617,-7.6722,-34.1199,0.2478981,
2,97.89,2,4.932554,341.0206,-2.55993,0.5189866,5.5621,-7.6722,-34.1206,0.2486,
2,97.9,2,4.932113,341.0145,-2.562959,0.5196473,5.5621,-7.6722,-34.1206,0.2486,
2,97.91,2,4.932875,341.021,-2.562328,0.519439,5.5621,-7.6722,-34.1206,0.2486,
2,97.92,2,4.934665,341.022,-2.561886,0.519161,5.5621,-7.6722,-34.1206,0.2486,
2,97.93,2,4.932017,341.0166,-2.560347,0.5191277,5.5621,-7.6722,-34.1206,0.2486,
2,97.94,2,4.932361,341.0147,-2.562194,0.5194661,5.5621,-7.6722,-34.1206,0.2486,
2,97.95,2,4.933362,341.012,-2.563338,0.5195925,5.5621,-7.6722,-34.1206,0.2486,
2,97.96,2,4.932089,340.9738,-2.564149,0.519891,5.5621,-7.6722,-34.1206,0.2486,
2,97.97,2,4.931787,341.0136,-2.563895,0.5198714,5.5621,-7.6722,-34.1206,0.2486,
2,97.98,2,4.93262,341.0004,-2.561615,0.5193215,5.5621,-7.6722,-34.1206,0.2486,
2,97.99,2,4.937014,341.0191,-2.561128,0.5187606,5.5621,-7.6722,-34.1206,0.2486,
2,98,2,4.940136,340.9948,-2.564086,0.5190313,5.5621,-7.6722,-34.1206,0.2486,
2,98.01,2,4.944379,340.9621,-2.56639,0.519052,5.5621,-7.6722,-34.1206,0.2486,
2,98.02,2,4.94633,340.9249,-2.568244,0.5192221,5.5621,-7.6722,-34.1206,0.2486,
2,98.03,2,4.945927,340.9601,-2.566277,0.5188668,5.5621,-7.6722,-34.1206,0.2486,
2,98.04,2,4.946457,340.9578,-2.563731,0.5182965,5.5621,-7.6722,-34.1206,0.2486,
2,98.05,2,4.949187,340.9529,-2.563406,0.5179448,5.5621,-7.6722,-34.1206,0.2486,
2,98.06,2,4.946819,340.947,-2.565764,0.5186694,5.5621,-7.6722,-34.1206,0.2486,
2,98.07,2,4.946145,340.9362,-2.565042,0.5185942,5.5621,-7.6722,-34.1206,0.2486,
2,98.08,2,4.946287,340.923,-2.566359,0.5188456,5.5621,-7.6722,-34.1206,0.2486,
2,98.09,2,4.944458,340.938,-2.562489,0.5182549,5.5621,-7.6722,-34.1206,0.2486,
2,98.1,2,4.94531,340.9338,-2.561018,0.517868,5.5621,-7.6722,-34.1206,0.2486,
2,98.11,2,4.946138,340.9296,-2.560526,0.5176819,5.5621,-7.6722,-34.1206,0.2486,
2,98.12,2,4.945219,340.9306,-2.561091,0.5178924,5.5621,-7.6722,-34.1206,0.2486,
2,98.13,2,4.945655,340.9279,-2.565774,0.5187935,5.55805,-7.6722,-34.1212,0.2491989,
2,98.14,2,4.945186,340.9082,-2.566035,0.5188956,5.55805,-7.6722,-34.1212,0.2491989,
2,98.15,2,4.944609,340.9264,-2.564205,0.518586,5.55805,-7.6722,-34.1212,0.2491989,
2,98.16,2,4.946371,340.9197,-2.56395,0.5183496,5.55805,-7.6722,-34.1212,0.2491989,
2,98.17,2,4.94495,340.9023,-2.563666,0.5184411,5.55805,-7.6722,-34.1212,0.2491989,
2,98.18,2,4.945391,340.9,-2.566916,0.5190522,5.55805,-7.6722,-34.1212,0.2491989,
2,98.19,2,4.94661,340.9103,-2.566409,0.5188217,5.55805,-7.6722,-34.1212,0.2491989,
2,98.2,2,4.942462,340.924,-2.56471,0.5189134,5.55805,-7.6722,-34.1212,0.2491989,
2,98.21,2,4.94681,340.8869,-2.565873,0.5186926,5.55805,-7.6722,-34.1212,0.2491989,
2,98.22,2,4.947148,340.8901,-2.564779,0.5184358,5.55805,-7.6722,-34.1212,0.2491989,
2,98.23,2,4.943067,340.8879,-2.566185,0.5191483,5.55805,-7.6722,-34.1212,0.2491989,
2,98.24,2,4.944498,340.8914,-2.569854,0.5197402,5.55805,-7.6722,-34.1212,0.2491989,
2,98.25,2,4.951659,340.8729,-2.570043,0.5190266,5.55805,-7.6722,-34.1212,0.2491989,
2,98.26,2,4.951789,340.8495,-2.573866,0.5197851,5.55805,-7.6722,-34.1212,0.2491989,
2,98.27,2,4.957619,340.8509,-2.571158,0.5186276,5.55805,-7.6722,-34.1212,0.2491989,
2,98.28,2,4.957679,340.8494,-2.569511,0.5182891,5.55805,-7.6722,-34.1212,0.2491989,
2,98.29,2,4.957108,340.8448,-2.572684,0.5189888,5.55805,-7.6722,-34.1212,0.2491989,
2,98.3,2,4.9581,340.828,-2.575639,0.519481,5.55805,-7.6722,-34.1212,0.2491989,
2,98.31,2,4.958439,340.8233,-2.574992,0.5193151,5.55805,-7.6722,-34.1212,0.2491989,
2,98.32,2,4.957165,340.8193,-2.576607,0.5197742,5.55805,-7.6722,-34.1212,0.2491989,
2,98.33,2,4.958026,340.8291,-2.573375,0.5190321,5.55805,-7.6722,-34.1212,0.2491989,
2,98.34,2,4.957372,340.8228,-2.573479,0.5191216,5.55422,-7.6722,-34.1218,0.2497978,
2,98.35,2,4.960074,340.8235,-2.57215,0.5185708,5.55422,-7.6722,-34.1218,0.2497978,
2,98.36,2,4.958739,340.8224,-2.571933,0.5186668,5.55422,-7.6722,-34.1218,0.2497978,
2,98.37,2,4.956903,340.7879,-2.57338,0.5191508,5.55422,-7.6722,-34.1218,0.2497978,
2,98.38,2,4.95824,340.8113,-2.572011,0.5187347,5.55422,-7.6722,-34.1218,0.2497978,
2,98.39,2,4.956928,340.8124,-2.568218,0.5181066,5.55422,-7.6722,-34.1218,0.2497978,
2,98.4,2,4.956991,340.801,-2.56865,0.5181873,5.55422,-7.6722,-34.1218,0.2497978,
2,98.41,2,4.955594,340.7992,-2.567921,0.5181864,5.55422,-7.6722,-34.1218,0.2497978,
2,98.42,2,4.959635,340.7907,-2.569493,0.518081,5.55422,-7.6722,-34.1218,0.2497978,
2,98.43,2,4.96558,340.7532,-2.569907,0.5175441,5.55422,-7.6722,-34.1218,0.2497978,
2,98.44,2,4.965466,340.7601,-2.57271,0.5181205,5.55422,-7.6722,-34.1218,0.2497978,
2,98.45,2,4.969471,340.7494,-2.574327,0.5180285,5.55422,-7.6722,-34.1218,0.2497978,
2,98.46,2,4.971245,340.7431,-2.574023,0.5177823,5.55422,-7.6722,-34.1218,0.2497978,
2,98.47,2,4.970456,340.7455,-2.576088,0.51828,5.55422,-7.6722,-34.1218,0.2497978,
2,98.48,2,4.968739,340.7404,-2.577082,0.5186591,5.55422,-7.6722,-34.1218,0.2497978,
2,98.49,2,4.967,340.7445,-2.581405,0.5197112,5.55422,-7.6722,-34.1218,0.2497978,
2,98.5,2,4.967441,340.7343,-2.581628,0.5197099,5.55422,-7.6722,-34.1218,0.2497978,
2,98.51,2,4.970736,340.7315,-2.577705,0.5185762,5.55422,-7.6722,-34.1218,0.2497978,
2,98.52,2,4.971727,340.7285,-2.578027,0.5185375,5.55422,-7.6722,-34.1218,0.2497978,
2,98.53,2,4.97157,340.7183,-2.577814,0.5185111,5.55422,-7.6722,-34.1218,0.2497978,
2,98.54,2,4.970246,340.7268,-2.580009,0.5190907,5.55422,-7.6722,-34.1218,0.2497978,
2,98.55,2,4.969188,340.7093,-2.582215,0.5196453,5.55072,-7.6722,-34.1224,0.2503967,
2,98.56,2,4.968202,340.7175,-2.582094,0.519724,5.55072,-7.6722,-34.1224,0.2503967,
2,98.57,2,4.967751,340.7168,-2.580506,0.5194515,5.55072,-7.6722,-34.1224,0.2503967,
2,98.58,2,4.969723,340.7101,-2.579318,0.5190063,5.55072,-7.6722,-34.1224,0.2503967,
2,98.59,2,4.971453,340.7086,-2.580111,0.5189853,5.55072,-7.6722,-34.1224,0.2503967,
2,98.6,2,4.968943,340.7146,-2.581823,0.5195919,5.55072,-7.6722,-34.1224,0.2503967,
2,98.61,2,4.969159,340.746,-2.581329,0.51947,5.55072,-7.6722,-34.1224,0.2503967,
2,98.62,2,4.968545,340.7024,-2.582711,0.5198123,5.55072,-7.6722,-34.1224,0.2503967,
2,98.63,2,4.969008,340.7059,-2.57878,0.5189727,5.55072,-7.6722,-34.1224,0.2503967,
2,98.64,2,4.968591,340.6962,-2.579555,0.5191723,5.55072,-7.6722,-34.1224,0.2503967,
2,98.65,2,4.969007,340.6967,-2.580383,0.5192955,5.55072,-7.6722,-34.1224,0.2503967,
2,98.66,2,4.97195,340.6785,-2.579081,0.5187263,5.55072,-7.6722,-34.1224,0.2503967,
2,98.67,2,4.974317,340.6598,-2.577304,0.5181221,5.55072,-7.6722,-34.1224,0.2503967,
2,98.68,2,4.976424,340.6502,-2.577068,0.5178553,5.55072,-7.6722,-34.1224,0.2503967,
2,98.69,2,4.982753,340.6481,-2.574865,0.5167556,5.55072,-7.6722,-34.1224,0.2503967,
2,98.7,2,4.98053,340.6474,-2.575645,0.5171427,5.55072,-7.6722,-34.1224,0.2503967,
2,98.71,2,4.979986,340.646,-2.578638,0.5178003,5.55072,-7.6722,-34.1224,0.2503967,
2,98.72,2,4.980802,340.6358,-2.58033,0.5180551,5.55072,-7.6722,-34.1224,0.2503967,
2,98.73,2,4.982733,340.657,-2.579331,0.5176539,5.55072,-7.6722,-34.1224,0.2503967,
2,98.74,2,4.981357,340.6115,-2.578226,0.5175751,5.55072,-7.6722,-34.1224,0.2503967,
2,98.75,2,4.981413,340.6297,-2.57766,0.5174556,5.55072,-7.6722,-34.1224,0.2503967,
2,98.76,2,4.980441,340.624,-2.578799,0.5177852,5.55072,-7.6722,-34.1224,0.2503967,
2,98.77,2,4.979812,340.6146,-2.581803,0.518454,5.55072,-7.6722,-34.1224,0.2503967,
2,98.78,2,4.978585,340.6395,-2.584693,0.5191621,5.55072,-7.6722,-34.1224,0.2503967,
2,98.79,2,4.978279,340.5764,-2.584565,0.5191683,5.54665,-7.6722,-34.1229,0.2508965,
2,98.8,2,4.978394,340.6105,-2.586647,0.5195746,5.54665,-7.6722,-34.1229,0.2508965,
2,98.81,2,4.979542,340.6094,-2.583889,0.5189009,5.54665,-7.6722,-34.1229,0.2508965,
2,98.82,2,4.979733,340.6034,-2.585092,0.5191226,5.54665,-7.6722,-34.1229,0.2508965,
2,98.83,2,4.981126,340.6053,-2.588335,0.5196285,5.54665,-7.6722,-34.1229,0.2508965,
2,98.84,2,4.980157,340.6012,-2.589125,0.5198883,5.54665,-7.6722,-34.1229,0.2508965,
2,98.85,2,4.979292,340.596,-2.590164,0.5201872,5.54665,-7.6722,-34.1229,0.2508965,
2,98.86,2,4.97763,340.5916,-2.58923,0.5201732,5.54665,-7.6722,-34.1229,0.2508965,
2,98.87,2,4.977445,340.5892,-2.587792,0.5199037,5.54665,-7.6722,-34.1229,0.2508965,
2,98.88,2,4.978765,340.5913,-2.588935,0.5199956,5.54665,-7.6722,-34.1229,0.2508965,
2,98.89,2,4.976795,340.5967,-2.590204,0.5204561,5.54665,-7.6722,-34.1229,0.2508965,
2,98.9,2,4.977808,340.5822,-2.591365,0.5205835,5.54665,-7.6722,-34.1229,0.2508965,
2,98.91,2,4.978959,340.6004,-2.590789,0.5203475,5.54665,-7.6722,-34.1229,0.2508965,
2,98.92,2,4.985195,340.5724,-2.58732,0.5190006,5.54665,-7.6722,-34.1229,0.2508965,
2,98.93,2,4.986445,340.5417,-2.58601,0.518608,5.54665,-7.6722,-34.1229,0.2508965,
2,98.94,2,4.987506,340.535,-2.587583,0.518813,5.54665,-7.6722,-34.1229,0.2508965,
2,98.95,2,4.99152,340.5311,-2.590861,0.5190525,5.54665,-7.6722,-34.1229,0.2508965,
2,98.96,2,4.991494,340.5569,-2.590447,0.5189723,5.54665,-7.6722,-34.1229,0.2508965,
2,98.97,2,4.99122,340.5399,-2.590368,0.5189849,5.54665,-7.6722,-34.1229,0.2508965,
2,98.98,2,4.994083,340.52,-2.587446,0.5181023,5.54665,-7.6722,-34.1229,0.2508965,
2,98.99,2,4.994654,340.5166,-2.585604,0.5176743,5.54665,-7.6722,-34.1229,0.2508965,
2,99,2,4.994665,340.5213,-2.587009,0.5179544,5.54665,-7.6722,-34.1229,0.2508965,
2,99.01,2,4.991776,340.5099,-2.591532,0.5191602,5.54665,-7.6722,-34.1229,0.2508965,
2,99.02,2,4.990692,340.5364,-2.588953,0.5187563,5.54665,-7.6722,-34.1229,0.2508965,
2,99.03,2,4.991229,340.5231,-2.591268,0.5191643,5.54257,-7.6722,-34.1235,0.2514992,
2,99.04,2,4.992941,340.5085,-2.590623,0.5188571,5.54257,-7.6722,-34.1235,0.2514992,
2,99.05,2,4.99276,340.5046,-2.588028,0.5183561,5.54257,-7.6722,-34.1235,0.2514992,
2,99.06,2,4.991804,340.5027,-2.591507,0.5191525,5.54257,-7.6722,-34.1235,0.2514992,
2,99.07,2,4.991385,340.5004,-2.594118,0.5197191,5.54257,-7.6722,-34.1235,0.2514992,
2,99.08,2,4.990681,340.4867,-2.594282,0.5198252,5.54257,-7.6722,-34.1235,0.2514992,
2,99.09,2,4.991549,340.4965,-2.593932,0.5196648,5.54257,-7.6722,-34.1235,0.2514992,
2,99.1,2,4.989597,340.4955,-2.595008,0.5200837,5.54257,-7.6722,-34.1235,0.2514992,
2,99.11,2,4.996275,340.4794,-2.595313,0.5194497,5.54257,-7.6722,-34.1235,0.2514992,
2,99.12,2,4.998638,340.4629,-2.598016,0.5197449,5.54257,-7.6722,-34.1235,0.2514992,
2,99.13,2,5.00386,340.4552,-2.599631,0.5195252,5.54257,-7.6722,-34.1235,0.2514992,
2,99.14,2,5.003367,340.4775,-2.600944,0.5198388,5.54257,-7.6722,-34.1235,0.2514992,
2,99.15,2,5.003906,340.4357,-2.598688,0.5193319,5.54257,-7.6722,-34.1235,0.2514992,
2,99.16,2,5.007293,340.4434,-2.598877,0.5190184,5.54257,-7.6722,-34.1235,0.2514992,
2,99.17,2,5.003945,340.4666,-2.600758,0.5197414,5.54257,-7.6722,-34.1235,0.2514992,
2,99.18,2,5.002923,340.4451,-2.60412,0.5205198,5.54257,-7.6722,-34.1235,0.2514992,
2,99.19,2,5.003636,340.4337,-2.603437,0.520309,5.54257,-7.6722,-34.1235,0.2514992,
2,99.2,2,5.002821,340.4155,-2.606266,0.5209593,5.54257,-7.6722,-34.1235,0.2514992,
2,99.21,2,5.003623,340.4346,-2.603927,0.5204082,5.54257,-7.6722,-34.1235,0.2514992,
2,99.22,2,5.003676,340.4235,-2.602964,0.5202104,5.53933,-7.6722,-34.1241,0.2520981,
2,99.23,2,5.005924,340.4259,-2.600312,0.5194468,5.53933,-7.6722,-34.1241,0.2520981,
2,99.24,2,5.006345,340.4212,-2.600307,0.5194023,5.53933,-7.6722,-34.1241,0.2520981,
2,99.25,2,5.003392,340.4307,-2.599983,0.5196442,5.53933,-7.6722,-34.1241,0.2520981,
2,99.26,2,5.003471,340.412,-2.599971,0.5196335,5.53933,-7.6722,-34.1241,0.2520981,
2,99.27,2,5.004213,340.4075,-2.597333,0.5190293,5.53933,-7.6722,-34.1241,0.2520981,
2,99.28,2,5.004809,340.4073,-2.596641,0.5188292,5.53933,-7.6722,-34.1241,0.2520981,
2,99.29,2,5.004563,340.4078,-2.595567,0.51864,5.53933,-7.6722,-34.1241,0.2520981,
2,99.3,2,5.008111,340.3948,-2.595588,0.5182769,5.53933,-7.6722,-34.1241,0.2520981,
2,99.31,2,5.01034,340.3819,-2.598167,0.5185611,5.53933,-7.6722,-34.1241,0.2520981,
2,99.32,2,5.014236,340.3518,-2.60139,0.518801,5.53933,-7.6722,-34.1241,0.2520981,
2,99.33,2,5.016633,340.352,-2.600548,0.5183852,5.53933,-7.6722,-34.1241,0.2520981,
2,99.34,2,5.0168,340.3642,-2.601922,0.5186417,5.53933,-7.6722,-34.1241,0.2520981,
2,99.35,2,5.014861,340.3421,-2.603437,0.5191444,5.53933,-7.6722,-34.1241,0.2520981,
2,99.36,2,5.015571,340.3457,-2.606022,0.5195864,5.53933,-7.6722,-34.1241,0.2520981,
2,99.37,2,5.01599,340.3341,-2.606106,0.5195596,5.53933,-7.6722,-34.1241,0.2520981,
2,99.38,2,5.015407,340.3398,-2.604944,0.5193885,5.53933,-7.6722,-34.1241,0.2520981,
2,99.39,2,5.015051,340.3358,-2.605031,0.5194426,5.53933,-7.6722,-34.1241,0.2520981,
2,99.4,2,5.014602,340.346,-2.605301,0.5195428,5.53933,-7.6722,-34.1241,0.2520981,
2,99.41,2,5.015903,340.3299,-2.605984,0.5195443,5.53933,-7.6722,-34.1241,0.2520981,
2,99.42,2,5.01569,340.3289,-2.60749,0.5198667,5.53933,-7.6722,-34.1241,0.2520981,
2,99.43,2,5.01404,340.3259,-2.611063,0.5207503,5.53933,-7.6722,-34.1241,0.2520981,
2,99.44,2,5.015463,340.3296,-2.611492,0.5206881,5.53608,-7.6722,-34.1247,0.252697,
2,99.45,2,5.013468,340.3265,-2.608779,0.5203543,5.53608,-7.6722,-34.1247,0.252697,
2,99.46,2,5.015895,340.322,-2.608779,0.5201024,5.53608,-7.6722,-34.1247,0.252697,
2,99.47,2,5.016467,340.3223,-2.608595,0.5200064,5.53608,-7.6722,-34.1247,0.252697,
2,99.48,2,5.014611,340.3164,-2.608926,0.5202647,5.53608,-7.6722,-34.1247,0.252697,
2,99.49,2,5.015597,340.332,-2.612355,0.5208462,5.53608,-7.6722,-34.1247,0.252697,
2,99.5,2,5.016024,340.3117,-2.610566,0.5204452,5.53608,-7.6722,-34.1247,0.252697,
2,99.51,2,5.01402,340.3127,-2.60815,0.5201715,5.53608,-7.6722,-34.1247,0.252697,
2,99.52,2,5.013567,340.308,-2.606877,0.5199646,5.53608,-7.6722,-34.1247,0.252697,
2,99.53,2,5.015323,340.3139,-2.606275,0.5196624,5.53608,-7.6722,-34.1247,0.252697,
2,99.54,2,5.014965,340.308,-2.605749,0.5195946,5.53608,-7.6722,-34.1247,0.252697,
2,99.55,2,5.014759,340.2897,-2.6077,0.5200052,5.53608,-7.6722,-34.1247,0.252697,
2,99.56,2,5.015887,340.3015,-2.603766,0.5191039,5.53608,-7.6722,-34.1247,0.252697,
2,99.57,2,5.018369,340.2973,-2.600835,0.518263,5.53608,-7.6722,-34.1247,0.252697,
2,99.58,2,5.021553,340.2705,-2.601374,0.5180417,5.53608,-7.6722,-34.1247,0.252697,
2,99.59,2,5.020816,340.2549,-2.601645,0.5181717,5.53608,-7.6722,-34.1247,0.252697,
2,99.6,2,5.025775,340.2545,-2.60845,0.5190145,5.53608,-7.6722,-34.1247,0.252697,
2,99.61,2,5.026661,340.2426,-2.608891,0.5190108,5.53608,-7.6722,-34.1247,0.252697,
2,99.62,2,5.026505,340.2296,-2.607165,0.5186834,5.53608,-7.6722,-34.1247,0.252697,
2,99.63,2,5.026669,340.2414,-2.608125,0.5188575,5.53608,-7.6722,-34.1247,0.252697,
2,99.64,2,5.027356,340.2333,-2.608256,0.5188128,5.53608,-7.6722,-34.1247,0.252697,
2,99.65,2,5.026633,340.2301,-2.609643,0.5191633,5.53608,-7.6722,-34.1247,0.252697,
2,99.66,2,5.029397,340.2261,-2.609727,0.5188947,5.53608,-7.6722,-34.1247,0.252697,
2,99.67,2,5.028015,340.2329,-2.612099,0.519509,5.53608,-7.6722,-34.1247,0.252697,
2,99.68,2,5.024516,340.2245,-2.61559,0.5205655,5.53608,-7.6722,-34.1247,0.252697,
2,99.69,2,5.025761,340.2235,-2.611377,0.5195984,5.53608,-7.6722,-34.1247,0.252697,
2,99.7,2,5.026989,340.2214,-2.61051,0.519299,5.53608,-7.6722,-34.1247,0.252697,
2,99.71,2,5.027791,340.2123,-2.613539,0.5198187,5.53608,-7.6722,-34.1247,0.252697,
2,99.72,2,5.025755,340.2148,-2.613732,0.5200674,5.53608,-7.6722,-34.1247,0.252697,
2,99.73,2,5.025812,340.1803,-2.612952,0.5199064,5.5312,-7.6722,-34.1252,0.2531967,
2,99.74,2,5.02591,340.2112,-2.613772,0.5200595,5.5312,-7.6722,-34.1252,0.2531967,
2,99.75,2,5.028165,340.2022,-2.613166,0.5197057,5.5312,-7.6722,-34.1252,0.2531967,
2,99.76,2,5.026421,340.2095,-2.614642,0.5201797,5.5312,-7.6722,-34.1252,0.2531967,
2,99.77,2,5.027579,340.2069,-2.614251,0.519982,5.5312,-7.6722,-34.1252,0.2531967,
2,99.78,2,5.026717,340.2134,-2.615922,0.5204037,5.5312,-7.6722,-34.1252,0.2531967,
2,99.79,2,5.026096,340.1961,-2.618037,0.5208887,5.5312,-7.6722,-34.1252,0.2531967,
2,99.8,2,5.025525,340.1979,-2.615237,0.5203908,5.5312,-7.6722,-34.1252,0.2531967,
2,99.81,2,5.026762,340.1956,-2.61206,0.5196307,5.5312,-7.6722,-34.1252,0.2531967,
2,99.82,2,5.027555,340.1935,-2.610774,0.519293,5.5312,-7.6722,-34.1252,0.2531967,
2,99.83,2,5.025122,340.192,-2.612314,0.5198509,5.5312,-7.6722,-34.1252,0.2531967,
2,99.84,2,5.024765,340.1776,-2.615042,0.5204307,5.5312,-7.6722,-34.1252,0.2531967,
2,99.85,2,5.028316,340.1952,-2.612612,0.5195799,5.5312,-7.6722,-34.1252,0.2531967,
2,99.86,2,5.030898,340.18,-2.608818,0.518559,5.5312,-7.6722,-34.1252,0.2531967,
2,99.87,2,5.033025,340.154,-2.608,0.5181774,5.5312,-7.6722,-34.1252,0.2531967,
2,99.88,2,5.038095,340.1445,-2.607803,0.5176169,5.5312,-7.6722,-34.1252,0.2531967,
2,99.89,2,5.041172,340.1324,-2.610003,0.5177373,5.5312,-7.6722,-34.1252,0.2531967,
2,99.9,2,5.03952,340.1343,-2.612669,0.5184361,5.5312,-7.6722,-34.1252,0.2531967,
2,99.91,2,5.035979,340.1297,-2.614961,0.5192558,5.5312,-7.6722,-34.1252,0.2531967,
2,99.92,2,5.036544,340.1201,-2.61617,0.5194376,5.5312,-7.6722,-34.1252,0.2531967,
2,99.93,2,5.039433,340.1244,-2.616175,0.5191408,5.5312,-7.6722,-34.1252,0.2531967,
2,99.94,2,5.038439,340.1108,-2.613871,0.5187859,5.5312,-7.6722,-34.1252,0.2531967,
2,99.95,2,5.039422,340.1106,-2.617732,0.5194507,5.5312,-7.6722,-34.1252,0.2531967,
2,99.96,2,5.037562,340.122,-2.6199,0.5200729,5.5312,-7.6722,-34.1252,0.2531967,
2,99.97,2,5.036757,340.0865,-2.623119,0.5207952,5.5312,-7.6722,-34.1252,0.2531967,
2,99.98,2,5.038327,340.098,-2.617846,0.5195863,5.5312,-7.6722,-34.1252,0.2531967,
2,99.99,2,5.03641,340.0931,-2.617182,0.5196522,5.5312,-7.6722,-34.1252,0.2531967,
2,100,2,5.0379,340.0919,-2.619004,0.5198603,5.5312,-7.6722,-34.1252,0.2531967,
2,100.01,2,5.03861,340.0963,-2.619633,0.5199118,5.52658,-7.6722,-34.1258,0.2537994,
2,100.02,2,5.039644,340.1048,-2.620119,0.5199016,5.52658,-7.6722,-34.1258,0.2537994,
2,100.03,2,5.037586,340.0884,-2.622263,0.5205395,5.52658,-7.6722,-34.1258,0.2537994,
2,100.04,2,5.036371,340.0897,-2.621387,0.5204912,5.52658,-7.6722,-34.1258,0.2537994,
2,100.05,2,5.037585,340.0854,-2.619276,0.5199467,5.52658,-7.6722,-34.1258,0.2537994,
2,100.06,2,5.039401,340.0793,-2.619752,0.5198538,5.52658,-7.6722,-34.1258,0.2537994,
2,100.07,2,5.035377,340.0765,-2.624049,0.5211228,5.52658,-7.6722,-34.1258,0.2537994,
2,100.08,2,5.035332,340.0215,-2.625624,0.5214401,5.52658,-7.6722,-34.1258,0.2537994,
2,100.09,2,5.036814,340.0752,-2.622173,0.5206015,5.52658,-7.6722,-34.1258,0.2537994,
2,100.1,2,5.035518,340.0792,-2.619574,0.5202194,5.52658,-7.6722,-34.1258,0.2537994,
2,100.11,2,5.037606,340.0776,-2.619436,0.5199764,5.52658,-7.6722,-34.1258,0.2537994,
2,100.12,2,5.038684,340.0682,-2.618951,0.5197689,5.52658,-7.6722,-34.1258,0.2537994,
2,100.13,2,5.039631,340.0697,-2.618747,0.5196308,5.52658,-7.6722,-34.1258,0.2537994,
2,100.14,2,5.042682,340.0426,-2.619508,0.5194672,5.52658,-7.6722,-34.1258,0.2537994,
2,100.15,2,5.04752,340.0317,-2.619894,0.5190457,5.52658,-7.6722,-34.1258,0.2537994,
2,100.16,2,5.049574,340.023,-2.61928,0.518713,5.52658,-7.6722,-34.1258,0.2537994,
2,100.17,2,5.051675,340.009,-2.616807,0.5180077,5.52658,-7.6722,-34.1258,0.2537994,
2,100.18,2,5.05272,340.0185,-2.617765,0.5180902,5.52658,-7.6722,-34.1258,0.2537994,
2,100.19,2,5.051297,340.0071,-2.62091,0.5188587,5.52658,-7.6722,-34.1258,0.2537994,
2,100.2,2,5.051373,339.997,-2.622879,0.5192408,5.52658,-7.6722,-34.1258,0.2537994,
2,100.21,2,5.049904,340.0096,-2.62237,0.519291,5.52658,-7.6722,-34.1258,0.2537994,
2,100.22,2,5.052389,340.0008,-2.622455,0.5190525,5.52658,-7.6722,-34.1258,0.2537994,
2,100.23,2,5.050487,339.9943,-2.622276,0.5192125,5.52658,-7.6722,-34.1258,0.2537994,
2,100.24,2,5.048634,339.992,-2.624792,0.5199015,5.52658,-7.6722,-34.1258,0.2537994,
2,100.25,2,5.05206,339.9866,-2.6254,0.5196693,5.52658,-7.6722,-34.1258,0.2537994,
2,100.26,2,5.050462,339.9904,-2.626564,0.5200641,5.52658,-7.6722,-34.1258,0.2537994,
2,100.27,2,5.049894,339.9839,-2.62692,0.520193,5.52658,-7.6722,-34.1258,0.2537994,
2,100.28,2,5.052111,339.9868,-2.625976,0.519778,5.52658,-7.6722,-34.1258,0.2537994,
2,100.29,2,5.04959,339.9785,-2.624759,0.5197964,5.5217,-7.6722,-34.1265,0.2544975,
2,100.3,2,5.050199,339.9807,-2.626172,0.5200135,5.5217,-7.6722,-34.1265,0.2544975,
2,100.31,2,5.050578,339.9778,-2.629745,0.520682,5.5217,-7.6722,-34.1265,0.2544975,
2,100.32,2,5.049771,340.0055,-2.631304,0.5210739,5.5217,-7.6722,-34.1265,0.2544975,
2,100.33,2,5.05023,339.9666,-2.628962,0.5205629,5.5217,-7.6722,-34.1265,0.2544975,
2,100.34,2,5.04979,339.9785,-2.627362,0.5202913,5.5217,-7.6722,-34.1265,0.2544975,
2,100.35,2,5.04977,339.9587,-2.62747,0.5203148,5.5217,-7.6722,-34.1265,0.2544975,
2,100.36,2,5.050189,339.9458,-2.629558,0.5206851,5.5217,-7.6722,-34.1265,0.2544975,
2,100.37,2,5.04938,339.9614,-2.633051,0.5214602,5.5217,-7.6722,-34.1265,0.2544975,
2,100.38,2,5.048719,339.9861,-2.632163,0.5213527,5.5217,-7.6722,-34.1265,0.2544975,
2,100.39,2,5.048549,339.9631,-2.629973,0.5209365,5.5217,-7.6722,-34.1265,0.2544975,
2,100.4,2,5.047213,339.9574,-2.62977,0.5210342,5.5217,-7.6722,-34.1265,0.2544975,
2,100.41,2,5.050678,339.9509,-2.627687,0.5202642,5.5217,-7.6722,-34.1265,0.2544975,
2,100.42,2,5.052612,339.9391,-2.626215,0.5197737,5.5217,-7.6722,-34.1265,0.2544975,
2,100.43,2,5.05659,339.9307,-2.627567,0.5196322,5.5217,-7.6722,-34.1265,0.2544975,
2,100.44,2,5.058222,339.918,-2.627744,0.5194996,5.5217,-7.6722,-34.1265,0.2544975,
2,100.45,2,5.064111,339.9012,-2.625589,0.5184698,5.5217,-7.6722,-34.1265,0.2544975,
2,100.46,2,5.066572,339.8988,-2.623085,0.5177239,5.5217,-7.6722,-34.1265,0.2544975,
2,100.47,2,5.062895,339.8953,-2.625478,0.5185724,5.5217,-7.6722,-34.1265,0.2544975,
2,100.48,2,5.061462,339.8922,-2.62838,0.5192927,5.5217,-7.6722,-34.1265,0.2544975,
2,100.49,2,5.064067,339.8857,-2.630516,0.5194472,5.5217,-7.6722,-34.1265,0.2544975,
2,100.5,2,5.063516,339.8903,-2.629281,0.5192599,5.5217,-7.6722,-34.1265,0.2544975,
2,100.51,2,5.064675,339.8843,-2.62929,0.5191429,5.5217,-7.6722,-34.1265,0.2544975,
2,100.52,2,5.064311,339.8702,-2.627325,0.5187921,5.5217,-7.6722,-34.1265,0.2544975,
2,100.53,2,5.065499,339.8691,-2.628965,0.5189943,5.5217,-7.6722,-34.1265,0.2544975,
2,100.54,2,5.064111,339.8608,-2.631499,0.5196369,5.5217,-7.6722,-34.1265,0.2544975,
2,100.55,2,5.06245,339.8632,-2.633512,0.520205,5.5217,-7.6722,-34.1265,0.2544975,
2,100.56,2,5.059907,339.8582,-2.63289,0.5203434,5.51683,-7.6722,-34.1271,0.2551003,
2,100.57,2,5.063335,339.8662,-2.632923,0.5199978,5.51683,-7.6722,-34.1271,0.2551003,
2,100.58,2,5.063537,339.8638,-2.630546,0.5195076,5.51683,-7.6722,-34.1271,0.2551003,
2,100.59,2,5.063471,339.8608,-2.631423,0.5196875,5.51683,-7.6722,-34.1271,0.2551003,
2,100.6,2,5.061715,339.8588,-2.634897,0.5205543,5.51683,-7.6722,-34.1271,0.2551003,
2,100.61,2,5.061584,339.8454,-2.636725,0.5209289,5.51683,-7.6722,-34.1271,0.2551003,
2,100.62,2,5.061712,339.8476,-2.635679,0.5207091,5.51683,-7.6722,-34.1271,0.2551003,
2,100.63,2,5.061223,339.8473,-2.635245,0.5206736,5.51683,-7.6722,-34.1271,0.2551003,
2,100.64,2,5.060396,339.8456,-2.638322,0.5213668,5.51683,-7.6722,-34.1271,0.2551003,
2,100.65,2,5.061698,339.8444,-2.636972,0.5209658,5.51683,-7.6722,-34.1271,0.2551003,
2,100.66,2,5.063272,339.848,-2.639025,0.5212095,5.51683,-7.6722,-34.1271,0.2551003,
2,100.67,2,5.062157,339.8685,-2.64054,0.5216236,5.51683,-7.6722,-34.1271,0.2551003,
2,100.68,2,5.06731,339.8312,-2.637845,0.5205612,5.51683,-7.6722,-34.1271,0.2551003,
2,100.69,2,5.070535,339.8027,-2.638314,0.5203227,5.51683,-7.6722,-34.1271,0.2551003,
2,100.7,2,5.073283,339.8014,-2.637383,0.5198574,5.51683,-7.6722,-34.1271,0.2551003,
2,100.71,2,5.07534,339.7916,-2.636657,0.5195035,5.51683,-7.6722,-34.1271,0.2551003,
2,100.72,2,5.076407,339.793,-2.639246,0.5199042,5.51683,-7.6722,-34.1271,0.2551003,
2,100.73,2,5.073721,339.8142,-2.639811,0.5202908,5.51683,-7.6722,-34.1271,0.2551003,
2,100.74,2,5.077857,339.7844,-2.640791,0.5200602,5.51683,-7.6722,-34.1271,0.2551003,
2,100.75,2,5.07547,339.7791,-2.634523,0.5190699,5.51683,-7.6722,-34.1271,0.2551003,
2,100.76,2,5.077073,339.7795,-2.633763,0.5187563,5.51683,-7.6722,-34.1271,0.2551003,
2,100.77,2,5.075593,339.7573,-2.635503,0.5192503,5.51683,-7.6722,-34.1271,0.2551003,
2,100.78,2,5.074974,339.7656,-2.636144,0.5194399,5.51683,-7.6722,-34.1271,0.2551003,
2,100.79,2,5.075315,339.7794,-2.642802,0.5207168,5.51248,-7.6722,-34.1278,0.2557983,
2,100.8,2,5.072006,339.7527,-2.641695,0.5208383,5.51248,-7.6722,-34.1278,0.2557983,
2,100.81,2,5.074159,339.7582,-2.644555,0.5211809,5.51248,-7.6722,-34.1278,0.2557983,
2,100.82,2,5.075145,339.7532,-2.643653,0.520902,5.51248,-7.6722,-34.1278,0.2557983,
2,100.83,2,5.075689,339.7553,-2.645485,0.5212071,5.51248,-7.6722,-34.1278,0.2557983,
2,100.84,2,5.074911,339.7476,-2.648341,0.5218498,5.51248,-7.6722,-34.1278,0.2557983,
2,100.85,2,5.074899,339.7335,-2.64941,0.5220616,5.51248,-7.6722,-34.1278,0.2557983,
2,100.86,2,5.07399,339.7432,-2.647365,0.5217521,5.51248,-7.6722,-34.1278,0.2557983,
2,100.87,2,5.074143,339.7374,-2.642044,0.5206876,5.51248,-7.6722,-34.1278,0.2557983,
2,100.88,2,5.072771,339.7422,-2.64006,0.5204375,5.51248,-7.6722,-34.1278,0.2557983,
2,100.89,2,5.073861,339.7399,-2.643208,0.520946,5.51248,-7.6722,-34.1278,0.2557983,
2,100.9,2,5.078414,339.7362,-2.643069,0.5204516,5.51248,-7.6722,-34.1278,0.2557983,
2,100.91,2,5.081707,339.7001,-2.64267,0.5200359,5.51248,-7.6722,-34.1278,0.2557983,
2,100.92,2,5.085397,339.7082,-2.644335,0.519986,5.51248,-7.6722,-34.1278,0.2557983,
2,100.93,2,5.088854,339.6851,-2.64402,0.5195708,5.51248,-7.6722,-34.1278,0.2557983,
2,100.94,2,5.090361,339.6962,-2.64575,0.5197569,5.51248,-7.6722,-34.1278,0.2557983,
2,100.95,2,5.087126,339.687,-2.652652,0.5214441,5.51248,-7.6722,-34.1278,0.2557983,
2,100.96,2,5.087331,339.6854,-2.656699,0.5222186,5.51248,-7.6722,-34.1278,0.2557983,
2,100.97,2,5.086783,339.6527,-2.655906,0.5221189,5.51248,-7.6722,-34.1278,0.2557983,
2,100.98,2,5.086928,339.6859,-2.655172,0.5219598,5.51248,-7.6722,-34.1278,0.2557983,
2,100.99,2,5.089736,339.6844,-2.648858,0.5204314,5.51248,-7.6722,-34.1278,0.2557983,
2,101,2,5.08672,339.6776,-2.64772,0.5205162,5.51248,-7.6722,-34.1278,0.2557983,
2,101.01,2,5.089011,339.6678,-2.649824,0.5206953,5.51248,-7.6722,-34.1278,0.2557983,
2,101.02,2,5.089373,339.6693,-2.651567,0.5210008,5.51248,-7.6722,-34.1278,0.2557983,
2,101.03,2,5.090774,339.6695,-2.650732,0.5206934,5.51248,-7.6722,-34.1278,0.2557983,
2,101.04,2,5.087079,339.667,-2.650563,0.5210382,5.51248,-7.6722,-34.1278,0.2557983,
2,101.05,2,5.089186,339.6623,-2.644495,0.5196301,5.51248,-7.6722,-34.1278,0.2557983,
2,101.06,2,5.088282,339.6588,-2.646569,0.5201302,5.50868,-7.6722,-34.1284,0.2563972,
2,101.07,2,5.088287,339.6525,-2.649679,0.5207407,5.50868,-7.6722,-34.1284,0.2563972,
2,101.08,2,5.087546,339.6532,-2.64871,0.5206262,5.50868,-7.6722,-34.1284,0.2563972,
2,101.09,2,5.086273,339.6219,-2.650432,0.5210952,5.50868,-7.6722,-34.1284,0.2563972,
2,101.1,2,5.089736,339.6429,-2.650709,0.520795,5.50868,-7.6722,-34.1284,0.2563972,
2,101.11,2,5.089363,339.6566,-2.644721,0.5196566,5.50868,-7.6722,-34.1284,0.2563972,
2,101.12,2,5.087734,339.6249,-2.643867,0.5196552,5.50868,-7.6722,-34.1284,0.2563972,
2,101.13,2,5.089027,339.644,-2.647374,0.5202122,5.50868,-7.6722,-34.1284,0.2563972,
2,101.14,2,5.093114,339.6148,-2.646004,0.5195257,5.50868,-7.6722,-34.1284,0.2563972,
2,101.15,2,5.09641,339.6461,-2.645263,0.5190444,5.50868,-7.6722,-34.1284,0.2563972,
2,101.16,2,5.099121,339.5825,-2.646239,0.5189599,5.50868,-7.6722,-34.1284,0.2563972,
2,101.17,2,5.103384,339.5835,-2.646622,0.5186014,5.50868,-7.6722,-34.1284,0.2563972,
2,101.18,2,5.10255,339.581,-2.649063,0.5191645,5.50868,-7.6722,-34.1284,0.2563972,
2,101.19,2,5.100983,339.5802,-2.65196,0.519892,5.50868,-7.6722,-34.1284,0.2563972,
2,101.2,2,5.101139,339.574,-2.656875,0.5208395,5.50868,-7.6722,-34.1284,0.2563972,
2,101.21,2,5.100743,339.5812,-2.660364,0.521564,5.50868,-7.6722,-34.1284,0.2563972,
2,101.22,2,5.102543,339.5749,-2.65916,0.5211441,5.50868,-7.6722,-34.1284,0.2563972,
2,101.23,2,5.104113,339.5691,-2.651566,0.519496,5.50868,-7.6722,-34.1284,0.2563972,
2,101.24,2,5.103028,339.5678,-2.652978,0.5198831,5.50868,-7.6722,-34.1284,0.2563972,
2,101.25,2,5.099506,339.5632,-2.659182,0.5214587,5.50868,-7.6722,-34.1284,0.2563972,
2,101.26,2,5.101726,339.5477,-2.654954,0.5204031,5.50868,-7.6722,-34.1284,0.2563972,
2,101.27,2,5.100558,339.5488,-2.65745,0.5210116,5.50868,-7.6722,-34.1284,0.2563972,
2,101.28,2,5.097134,339.5573,-2.655394,0.5209583,5.50868,-7.6722,-34.1284,0.2563972,
2,101.29,2,5.09929,339.5592,-2.654897,0.5206404,5.50868,-7.6722,-34.1284,0.2563972,
2,101.3,2,5.101566,339.5558,-2.650079,0.5194637,5.50868,-7.6722,-34.1284,0.2563972,
2,101.31,2,5.099597,339.555,-2.652231,0.5200863,5.50462,-7.6722,-34.129,0.257,
2,101.32,2,5.098802,339.5235,-2.655383,0.5207856,5.50462,-7.6722,-34.129,0.257,
2,101.33,2,5.097109,339.5354,-2.654408,0.5207674,5.50462,-7.6722,-34.129,0.257,
2,101.34,2,5.100395,339.5406,-2.650237,0.519614,5.50462,-7.6722,-34.129,0.257,
2,101.35,2,5.09914,339.535,-2.648251,0.5193525,5.50462,-7.6722,-34.129,0.257,
2,101.36,2,5.096866,339.5245,-2.650472,0.5200199,5.50462,-7.6722,-34.129,0.257,
2,101.37,2,5.099959,339.5317,-2.650523,0.5197147,5.50462,-7.6722,-34.129,0.257,
2,101.38,2,5.10078,339.5047,-2.649974,0.5195233,5.50462,-7.6722,-34.129,0.257,
2,101.39,2,5.099743,339.5124,-2.65426,0.5204694,5.50462,-7.6722,-34.129,0.257,
2,101.4,2,5.099431,339.5113,-2.653248,0.5203028,5.50462,-7.6722,-34.129,0.257,
2,101.41,2,5.100152,339.5109,-2.652363,0.5200558,5.50462,-7.6722,-34.129,0.257,
2,101.42,2,5.099935,339.5152,-2.652912,0.5201856,5.50462,-7.6722,-34.129,0.257,
2,101.43,2,5.10544,339.5003,-2.651159,0.5192813,5.50462,-7.6722,-34.129,0.257,
2,101.44,2,5.10572,339.4865,-2.654581,0.519923,5.50462,-7.6722,-34.129,0.257,
2,101.45,2,5.108212,339.4688,-2.655022,0.5197557,5.50462,-7.6722,-34.129,0.257,
2,101.46,2,5.1144,339.4612,-2.654273,0.5189803,5.50462,-7.6722,-34.129,0.257,
2,101.47,2,5.117241,339.4462,-2.657732,0.5193681,5.50462,-7.6722,-34.129,0.257,
2,101.48,2,5.113732,339.4491,-2.663378,0.5208286,5.50462,-7.6722,-34.129,0.257,
2,101.49,2,5.112534,339.4493,-2.662147,0.52071,5.50462,-7.6722,-34.129,0.257,
2,101.5,2,5.116312,339.4171,-2.662881,0.5204689,5.50462,-7.6722,-34.129,0.257,
2,101.51,2,5.114525,339.4514,-2.66719,0.5214932,5.50462,-7.6722,-34.129,0.257,
2,101.52,2,5.112791,339.4503,-2.664994,0.5212407,5.50462,-7.6722,-34.129,0.257,
2,101.53,2,5.115124,339.4351,-2.660282,0.5200816,5.50462,-7.6722,-34.129,0.257,
2,101.54,2,5.114705,339.4154,-2.660907,0.5202464,5.50462,-7.6722,-34.129,0.257,
2,101.55,2,5.112738,339.4312,-2.666807,0.5216005,5.50462,-7.6722,-34.129,0.257,
2,101.56,2,5.114573,339.4636,-2.66591,0.5212381,5.49975,-7.6722,-34.1297,0.2576981,
2,101.57,2,5.113568,339.4284,-2.664972,0.521157,5.49975,-7.6722,-34.1297,0.2576981,
2,101.58,2,5.114583,339.4356,-2.664576,0.5209762,5.49975,-7.6722,-34.1297,0.2576981,
2,101.59,2,5.112855,339.4253,-2.659526,0.5201646,5.49975,-7.6722,-34.1297,0.2576981,
2,101.6,2,5.11266,339.4243,-2.662363,0.5207393,5.49975,-7.6722,-34.1297,0.2576981,
2,101.61,2,5.111801,339.4148,-2.665202,0.5213822,5.49975,-7.6722,-34.1297,0.2576981,
2,101.62,2,5.113144,339.4165,-2.660745,0.5203736,5.49975,-7.6722,-34.1297,0.2576981,
2,101.63,2,5.113416,339.4106,-2.658192,0.5198466,5.49975,-7.6722,-34.1297,0.2576981,
2,101.64,2,5.112391,339.4081,-2.658104,0.5199337,5.49975,-7.6722,-34.1297,0.2576981,
2,101.65,2,5.112335,339.4089,-2.658081,0.5199348,5.49975,-7.6722,-34.1297,0.2576981,
2,101.66,2,5.114811,339.4049,-2.658108,0.5196885,5.49975,-7.6722,-34.1297,0.2576981,
2,101.67,2,5.114675,339.4,-2.659303,0.519936,5.49975,-7.6722,-34.1297,0.2576981,
2,101.68,2,5.114928,339.4086,-2.662684,0.5205712,5.49975,-7.6722,-34.1297,0.2576981,
2,101.69,2,5.121634,339.3735,-2.658378,0.5190488,5.49975,-7.6722,-34.1297,0.2576981,
2,101.7,2,5.122285,339.3632,-2.663165,0.5199173,5.49975,-7.6722,-34.1297,0.2576981,
2,101.71,2,5.126203,339.3542,-2.661977,0.5192882,5.49975,-7.6722,-34.1297,0.2576981,
2,101.72,2,5.129492,339.3475,-2.66214,0.5189871,5.49975,-7.6722,-34.1297,0.2576981,
2,101.73,2,5.126545,339.3618,-2.665397,0.5199206,5.49975,-7.6722,-34.1297,0.2576981,
2,101.74,2,5.128916,339.3039,-2.663641,0.519338,5.49975,-7.6722,-34.1297,0.2576981,
2,101.75,2,5.129507,339.3394,-2.660013,0.518571,5.49975,-7.6722,-34.1297,0.2576981,
2,101.76,2,5.12755,339.337,-2.662814,0.5193151,5.49975,-7.6722,-34.1297,0.2576981,
2,101.77,2,5.127859,339.3367,-2.663729,0.5194622,5.49975,-7.6722,-34.1297,0.2576981,
2,101.78,2,5.128481,339.3312,-2.665903,0.5198232,5.49975,-7.6722,-34.1297,0.2576981,
2,101.79,2,5.12517,339.3268,-2.667332,0.5204377,5.49975,-7.6722,-34.1297,0.2576981,
2,101.8,2,5.126511,339.3153,-2.667461,0.5203267,5.49975,-7.6722,-34.1297,0.2576981,
2,101.81,2,5.128674,339.3245,-2.665613,0.519747,5.49975,-7.6722,-34.1297,0.2576981,
2,101.82,2,5.128288,339.3159,-2.664691,0.5196063,5.49975,-7.6722,-34.1297,0.2576981,
2,101.83,2,5.127201,339.3186,-2.666523,0.5200739,5.49975,-7.6722,-34.1297,0.2576981,
2,101.84,2,5.126144,339.3108,-2.66655,0.5201863,5.4954,-7.6722,-34.1303,0.258297,
2,101.85,2,5.125826,339.2929,-2.665293,0.5199733,5.4954,-7.6722,-34.1303,0.258297,
2,101.86,2,5.125859,339.3218,-2.664496,0.5198146,5.4954,-7.6722,-34.1303,0.258297,
2,101.87,2,5.127621,339.3027,-2.660845,0.5189238,5.4954,-7.6722,-34.1303,0.258297,
2,101.88,2,5.126598,339.2966,-2.659701,0.5188043,5.4954,-7.6722,-34.1303,0.258297,
2,101.89,2,5.125825,339.2985,-2.662917,0.51951,5.4954,-7.6722,-34.1303,0.258297,
2,101.9,2,5.126577,339.2991,-2.663352,0.5195186,5.4954,-7.6722,-34.1303,0.258297,
2,101.91,2,5.124386,339.3093,-2.662346,0.5195444,5.4954,-7.6722,-34.1303,0.258297,
2,101.92,2,5.126189,339.299,-2.664857,0.5198515,5.4954,-7.6722,-34.1303,0.258297,
2,101.93,2,5.126111,339.2831,-2.65978,0.5188689,5.4954,-7.6722,-34.1303,0.258297,
2,101.94,2,5.1304,339.2791,-2.657892,0.5180673,5.4954,-7.6722,-34.1303,0.258297,
2,101.95,2,5.135224,339.2585,-2.658193,0.5176392,5.4954,-7.6722,-34.1303,0.258297,
2,101.96,2,5.139091,339.2412,-2.659679,0.5175387,5.4954,-7.6722,-34.1303,0.258297,
2,101.97,2,5.142023,339.2464,-2.662153,0.5177249,5.4954,-7.6722,-34.1303,0.258297,
2,101.98,2,5.141769,339.2438,-2.664492,0.5182053,5.4954,-7.6722,-34.1303,0.258297,
2,101.99,2,5.141862,339.2263,-2.66227,0.5177637,5.4954,-7.6722,-34.1303,0.258297,
2,102,2,5.142573,339.2235,-2.664705,0.5181656,5.4954,-7.6722,-34.1303,0.258297,
2,102.01,2,5.141346,339.2263,-2.665812,0.5185049,5.4954,-7.6722,-34.1303,0.258297,
2,102.02,2,5.140939,339.2167,-2.664513,0.5182931,5.4954,-7.6722,-34.1303,0.258297,
2,102.03,2,5.141621,339.2087,-2.667643,0.5188332,5.4954,-7.6722,-34.1303,0.258297,
2,102.04,2,5.140493,339.2166,-2.668928,0.5191969,5.4954,-7.6722,-34.1303,0.258297,
2,102.05,2,5.138708,339.209,-2.666145,0.5188358,5.4954,-7.6722,-34.1303,0.258297,
2,102.06,2,5.142964,339.2066,-2.667457,0.5186614,5.4954,-7.6722,-34.1303,0.258297,
2,102.07,2,5.141179,339.2122,-2.666964,0.5187455,5.49105,-7.6722,-34.131,0.2589989,
2,102.08,2,5.139192,339.2005,-2.670523,0.5196387,5.49105,-7.6722,-34.131,0.2589989,
2,102.09,2,5.14154,339.2234,-2.67018,0.5193347,5.49105,-7.6722,-34.131,0.2589989,
2,102.1,2,5.140746,339.1912,-2.670235,0.5194256,5.49105,-7.6722,-34.131,0.2589989,
2,102.11,2,5.141047,339.1968,-2.668639,0.5190847,5.49105,-7.6722,-34.131,0.2589989,
2,102.12,2,5.139516,339.1949,-2.667163,0.5189522,5.49105,-7.6722,-34.131,0.2589989,
2,102.13,2,5.14099,339.1866,-2.67113,0.5195751,5.49105,-7.6722,-34.131,0.2589989,
2,102.14,2,5.142486,339.1783,-2.674294,0.5200391,5.49105,-7.6722,-34.131,0.2589989,
2,102.15,2,5.140085,339.1883,-2.673548,0.520137,5.49105,-7.6722,-34.131,0.2589989,
2,102.16,2,5.140211,339.1803,-2.671752,0.5197747,5.49105,-7.6722,-34.131,0.2589989,
2,102.17,2,5.140305,339.1826,-2.669615,0.5193495,5.49105,-7.6722,-34.131,0.2589989,
2,102.18,2,5.142922,339.1739,-2.668905,0.5189471,5.49105,-7.6722,-34.131,0.2589989,
2,102.19,2,5.148712,339.1492,-2.666667,0.517929,5.49105,-7.6722,-34.131,0.2589989,
2,102.2,2,5.152821,339.1542,-2.66961,0.5180871,5.49105,-7.6722,-34.131,0.2589989,
2,102.21,2,5.154451,339.1252,-2.669511,0.517904,5.49105,-7.6722,-34.131,0.2589989,
2,102.22,2,5.155746,339.1294,-2.66894,0.5176632,5.49105,-7.6722,-34.131,0.2589989,
2,102.23,2,5.15334,339.1339,-2.665373,0.5172126,5.49105,-7.6722,-34.131,0.2589989,
2,102.24,2,5.154032,339.1198,-2.66758,0.5175715,5.49105,-7.6722,-34.131,0.2589989,
2,102.25,2,5.15578,339.1172,-2.668374,0.5175501,5.49105,-7.6722,-34.131,0.2589989,
2,102.26,2,5.152651,339.1195,-2.669794,0.5181399,5.49105,-7.6722,-34.131,0.2589989,
2,102.27,2,5.153338,339.1173,-2.670986,0.5183021,5.49105,-7.6722,-34.131,0.2589989,
2,102.28,2,5.151014,339.1032,-2.672951,0.5189174,5.49105,-7.6722,-34.131,0.2589989,
2,102.29,2,5.152254,339.105,-2.670685,0.5183527,5.49105,-7.6722,-34.131,0.2589989,
2,102.3,2,5.154235,339.1183,-2.671966,0.518402,5.487,-7.6722,-34.1316,0.2595978,
2,102.31,2,5.152772,339.0855,-2.672668,0.5186855,5.487,-7.6722,-34.1316,0.2595978,
2,102.32,2,5.152521,339.0706,-2.674617,0.5190891,5.487,-7.6722,-34.1316,0.2595978,
2,102.33,2,5.154254,339.1055,-2.675797,0.5191433,5.487,-7.6722,-34.1316,0.2595978,
2,102.34,2,5.153047,339.0841,-2.672244,0.5185755,5.487,-7.6722,-34.1316,0.2595978,
2,102.35,2,5.15501,339.0866,-2.673205,0.5185645,5.487,-7.6722,-34.1316,0.2595978,
2,102.36,2,5.153709,339.086,-2.671237,0.5183133,5.487,-7.6722,-34.1316,0.2595978,
2,102.37,2,5.152535,339.0792,-2.674937,0.5191495,5.487,-7.6722,-34.1316,0.2595978,
2,102.38,2,5.151766,339.0791,-2.677084,0.519644,5.487,-7.6722,-34.1316,0.2595978,
2,102.39,2,5.154736,339.0907,-2.676983,0.519325,5.487,-7.6722,-34.1316,0.2595978,
2,102.4,2,5.151922,339.0807,-2.676007,0.5194191,5.487,-7.6722,-34.1316,0.2595978,
2,102.41,2,5.149714,339.0802,-2.675992,0.519639,5.487,-7.6722,-34.1316,0.2595978,
2,102.42,2,5.156186,339.0611,-2.676132,0.5190138,5.487,-7.6722,-34.1316,0.2595978,
2,102.43,2,5.160672,339.0529,-2.675826,0.5185033,5.487,-7.6722,-34.1316,0.2595978,
2,102.44,2,5.161291,339.0828,-2.680418,0.5193309,5.487,-7.6722,-34.1316,0.2595978,
2,102.45,2,5.166688,339.0304,-2.679528,0.5186162,5.487,-7.6722,-34.1316,0.2595978,
2,102.46,2,5.166254,339.0298,-2.676445,0.5180631,5.487,-7.6722,-34.1316,0.2595978,
2,102.47,2,5.166008,339.0267,-2.675937,0.5179893,5.487,-7.6722,-34.1316,0.2595978,
2,102.48,2,5.16918,339.0226,-2.677045,0.5178857,5.487,-7.6722,-34.1316,0.2595978,
2,102.49,2,5.166203,339.0201,-2.677822,0.5183346,5.487,-7.6722,-34.1316,0.2595978,
2,102.5,2,5.163769,339.0221,-2.682268,0.51944,5.487,-7.6722,-34.1316,0.2595978,
2,102.51,2,5.167995,339.0176,-2.678627,0.5183107,5.487,-7.6722,-34.1316,0.2595978,
2,102.52,2,5.166406,339.0032,-2.675373,0.5178403,5.487,-7.6722,-34.1316,0.2595978,
2,102.53,2,5.166842,339.0026,-2.672457,0.5172321,5.487,-7.6722,-34.1316,0.2595978,
2,102.54,2,5.167042,339.0028,-2.675862,0.5178711,5.487,-7.6722,-34.1316,0.2595978,
2,102.55,2,5.166592,339.0034,-2.676382,0.5180169,5.48292,-7.6722,-34.1322,0.2601967,
2,102.56,2,5.164176,338.9962,-2.678078,0.5185876,5.48292,-7.6722,-34.1322,0.2601967,
2,102.57,2,5.165453,338.9865,-2.678735,0.5185865,5.48292,-7.6722,-34.1322,0.2601967,
2,102.58,2,5.165663,338.9863,-2.677464,0.5183196,5.48292,-7.6722,-34.1322,0.2601967,
2,102.59,2,5.166892,338.9807,-2.677039,0.518114,5.48292,-7.6722,-34.1322,0.2601967,
2,102.6,2,5.165152,338.9845,-2.678336,0.5185397,5.48292,-7.6722,-34.1322,0.2601967,
2,102.61,2,5.164532,338.971,-2.682117,0.5193341,5.48292,-7.6722,-34.1322,0.2601967,
2,102.62,2,5.165112,338.9753,-2.68279,0.5194059,5.48292,-7.6722,-34.1322,0.2601967,
2,102.63,2,5.164831,338.9723,-2.681532,0.5191907,5.48292,-7.6722,-34.1322,0.2601967,
2,102.64,2,5.164438,338.9691,-2.682223,0.5193641,5.48292,-7.6722,-34.1322,0.2601967,
2,102.65,2,5.165908,338.9688,-2.680774,0.5189357,5.48292,-7.6722,-34.1322,0.2601967,
2,102.66,2,5.171156,338.9631,-2.682545,0.5187514,5.48292,-7.6722,-34.1322,0.2601967,
2,102.67,2,5.174152,338.9466,-2.683215,0.5185807,5.48292,-7.6722,-34.1322,0.2601967,
2,102.68,2,5.175597,338.9058,-2.685821,0.5189393,5.48292,-7.6722,-34.1322,0.2601967,
2,102.69,2,5.179358,338.9339,-2.687082,0.518806,5.48292,-7.6722,-34.1322,0.2601967,
2,102.7,2,5.180225,338.9245,-2.688301,0.5189544,5.48292,-7.6722,-34.1322,0.2601967,
2,102.71,2,5.177187,338.9253,-2.687156,0.5190378,5.48292,-7.6722,-34.1322,0.2601967,
2,102.72,2,5.179087,338.8874,-2.689616,0.5193224,5.48292,-7.6722,-34.1322,0.2601967,
2,102.73,2,5.179264,338.909,-2.692186,0.5198008,5.48292,-7.6722,-34.1322,0.2601967,
2,102.74,2,5.179564,338.8895,-2.692472,0.519826,5.48292,-7.6722,-34.1322,0.2601967,
2,102.75,2,5.180178,338.9112,-2.690541,0.5193916,5.48292,-7.6722,-34.1322,0.2601967,
2,102.76,2,5.179377,338.9132,-2.688084,0.5189976,5.48292,-7.6722,-34.1322,0.2601967,
2,102.77,2,5.179039,338.9112,-2.6855,0.5185325,5.48292,-7.6722,-34.1322,0.2601967,
2,102.78,2,5.177821,338.8978,-2.687512,0.519043,5.48292,-7.6722,-34.1322,0.2601967,
2,102.79,2,5.177709,338.8912,-2.687726,0.5190956,5.48292,-7.6722,-34.1322,0.2601967,
2,102.8,2,5.177553,338.8892,-2.687091,0.5189885,5.48292,-7.6722,-34.1322,0.2601967,
2,102.81,2,5.178605,338.8935,-2.683771,0.518242,5.47885,-7.6722,-34.1328,0.2607994,
2,102.82,2,5.178318,338.8894,-2.681519,0.517836,5.47885,-7.6722,-34.1328,0.2607994,
2,102.83,2,5.177536,338.8855,-2.681988,0.5180048,5.47885,-7.6722,-34.1328,0.2607994,
2,102.84,2,5.178675,338.8872,-2.682824,0.5180522,5.47885,-7.6722,-34.1328,0.2607994,
2,102.85,2,5.176033,338.8956,-2.684096,0.5185623,5.47885,-7.6722,-34.1328,0.2607994,
2,102.86,2,5.176998,338.8499,-2.685875,0.5188095,5.47885,-7.6722,-34.1328,0.2607994,
2,102.87,2,5.178929,338.8889,-2.685702,0.5185826,5.47885,-7.6722,-34.1328,0.2607994,
2,102.88,2,5.181449,338.8702,-2.68477,0.5181505,5.47885,-7.6722,-34.1328,0.2607994,
2,102.89,2,5.186941,338.8403,-2.685981,0.5178352,5.47885,-7.6722,-34.1328,0.2607994,
2,102.9,2,5.187675,338.8431,-2.687306,0.5180174,5.47885,-7.6722,-34.1328,0.2607994,
2,102.91,2,5.192158,338.8394,-2.690986,0.518279,5.47885,-7.6722,-34.1328,0.2607994,
2,102.92,2,5.192605,338.8087,-2.691914,0.5184129,5.47885,-7.6722,-34.1328,0.2607994,
2,102.93,2,5.192762,338.815,-2.692079,0.518429,5.47885,-7.6722,-34.1328,0.2607994,
2,102.94,2,5.193059,338.8102,-2.690119,0.5180221,5.47885,-7.6722,-34.1328,0.2607994,
2,102.95,2,5.190839,338.8087,-2.693053,0.5188088,5.47885,-7.6722,-34.1328,0.2607994,
2,102.96,2,5.192465,338.8125,-2.695803,0.5191761,5.47885,-7.6722,-34.1328,0.2607994,
2,102.97,2,5.192784,338.8136,-2.697774,0.5195237,5.47885,-7.6722,-34.1328,0.2607994,
2,102.98,2,5.190874,338.8071,-2.699956,0.5201351,5.47885,-7.6722,-34.1328,0.2607994,
2,102.99,2,5.19175,338.8027,-2.696522,0.5193859,5.47885,-7.6722,-34.1328,0.2607994,
2,103,2,5.193938,338.7975,-2.697054,0.5192695,5.47505,-7.6722,-34.1335,0.2614975,
2,103.01,2,5.191704,338.8025,-2.695521,0.5191977,5.47505,-7.6722,-34.1335,0.2614975,
2,103.02,2,5.190012,338.7891,-2.698213,0.5198857,5.47505,-7.6722,-34.1335,0.2614975,
2,103.03,2,5.190564,338.763,-2.701171,0.5204003,5.47505,-7.6722,-34.1335,0.2614975,
2,103.04,2,5.19059,338.7772,-2.698776,0.5199362,5.47505,-7.6722,-34.1335,0.2614975,
2,103.05,2,5.190024,338.7872,-2.694698,0.5192073,5.47505,-7.6722,-34.1335,0.2614975,
2,103.06,2,5.190145,338.7886,-2.693519,0.518968,5.47505,-7.6722,-34.1335,0.2614975,
2,103.07,2,5.191723,338.7863,-2.694198,0.518941,5.47505,-7.6722,-34.1335,0.2614975,
2,103.08,2,5.19266,338.7828,-2.694458,0.5188974,5.47505,-7.6722,-34.1335,0.2614975,
2,103.09,2,5.191803,338.7578,-2.693684,0.5188341,5.47505,-7.6722,-34.1335,0.2614975,
2,103.1,2,5.191256,338.7787,-2.69365,0.5188822,5.47505,-7.6722,-34.1335,0.2614975,
2,103.11,2,5.195643,338.7619,-2.689081,0.5175646,5.47505,-7.6722,-34.1335,0.2614975,
2,103.12,2,5.199055,338.7388,-2.688221,0.5170594,5.47505,-7.6722,-34.1335,0.2614975,
2,103.13,2,5.202131,338.7361,-2.690488,0.5171896,5.47505,-7.6722,-34.1335,0.2614975,
2,103.14,2,5.206128,338.731,-2.692588,0.5171959,5.47505,-7.6722,-34.1335,0.2614975,
2,103.15,2,5.204827,338.7034,-2.695017,0.5177919,5.47505,-7.6722,-34.1335,0.2614975,
2,103.16,2,5.20362,338.7198,-2.694968,0.5179024,5.47505,-7.6722,-34.1335,0.2614975,
2,103.17,2,5.203446,338.7084,-2.693678,0.5176719,5.47505,-7.6722,-34.1335,0.2614975,
2,103.18,2,5.204721,338.7075,-2.696294,0.5180477,5.47505,-7.6722,-34.1335,0.2614975,
2,103.19,2,5.203591,338.7087,-2.696406,0.5181817,5.47505,-7.6722,-34.1335,0.2614975,
2,103.2,2,5.205182,338.7018,-2.700075,0.5187283,5.47505,-7.6722,-34.1335,0.2614975,
2,103.21,2,5.203976,338.7102,-2.701607,0.5191429,5.47505,-7.6722,-34.1335,0.2614975,
2,103.22,2,5.202191,338.6968,-2.699811,0.5189757,5.47125,-7.6722,-34.1341,0.2621002,
2,103.23,2,5.202971,338.6855,-2.698613,0.5186678,5.47125,-7.6722,-34.1341,0.2621002,
2,103.24,2,5.203653,338.6908,-2.701545,0.5191632,5.47125,-7.6722,-34.1341,0.2621002,
2,103.25,2,5.205805,338.6937,-2.700577,0.5187626,5.47125,-7.6722,-34.1341,0.2621002,
2,103.26,2,5.201433,338.6827,-2.70138,0.5193531,5.47125,-7.6722,-34.1341,0.2621002,
2,103.27,2,5.203721,338.7033,-2.701977,0.5192393,5.47125,-7.6722,-34.1341,0.2621002,
2,103.28,2,5.204629,338.6673,-2.702924,0.5193308,5.47125,-7.6722,-34.1341,0.2621002,
2,103.29,2,5.20356,338.6908,-2.699849,0.5188464,5.47125,-7.6722,-34.1341,0.2621002,
2,103.3,2,5.203733,338.6784,-2.702449,0.5193288,5.47125,-7.6722,-34.1341,0.2621002,
2,103.31,2,5.202298,338.678,-2.704868,0.5199372,5.47125,-7.6722,-34.1341,0.2621002,
2,103.32,2,5.204482,338.6731,-2.705567,0.5198533,5.47125,-7.6722,-34.1341,0.2621002,
2,103.33,2,5.203949,338.7058,-2.703459,0.5195013,5.47125,-7.6722,-34.1341,0.2621002,
2,103.34,2,5.209238,338.6428,-2.703211,0.5189264,5.47125,-7.6722,-34.1341,0.2621002,
2,103.35,2,5.21335,338.6353,-2.701338,0.5181577,5.47125,-7.6722,-34.1341,0.2621002,
2,103.36,2,5.21583,338.6273,-2.701997,0.5180377,5.47125,-7.6722,-34.1341,0.2621002,
2,103.37,2,5.217133,338.6217,-2.703683,0.5182316,5.47125,-7.6722,-34.1341,0.2621002,
2,103.38,2,5.215269,338.6227,-2.705106,0.5186896,5.47125,-7.6722,-34.1341,0.2621002,
2,103.39,2,5.217391,338.6131,-2.702967,0.5180687,5.47125,-7.6722,-34.1341,0.2621002,
2,103.4,2,5.217814,338.61,-2.702385,0.5179152,5.47125,-7.6722,-34.1341,0.2621002,
2,103.41,2,5.217264,338.6111,-2.697026,0.5169426,5.47125,-7.6722,-34.1341,0.2621002,
2,103.42,2,5.216553,338.603,-2.700439,0.5176673,5.47125,-7.6722,-34.1341,0.2621002,
2,103.43,2,5.215449,338.5926,-2.702233,0.5181208,5.47125,-7.6722,-34.1341,0.2621002,
2,103.44,2,5.215971,338.5878,-2.703434,0.5182992,5.47125,-7.6722,-34.1341,0.2621002,
2,103.45,2,5.214593,338.6137,-2.704048,0.5185539,5.468,-7.6722,-34.1347,0.2626991,
2,103.46,2,5.213459,338.5857,-2.706027,0.5190465,5.468,-7.6722,-34.1347,0.2626991,
2,103.47,2,5.215096,338.5814,-2.702595,0.5182253,5.468,-7.6722,-34.1347,0.2626991,
2,103.48,2,5.214405,338.5743,-2.703141,0.5183988,5.468,-7.6722,-34.1347,0.2626991,
2,103.49,2,5.217034,338.5846,-2.704149,0.5183308,5.468,-7.6722,-34.1347,0.2626991,
2,103.5,2,5.216328,338.5721,-2.709216,0.5193723,5.468,-7.6722,-34.1347,0.2626991,
2,103.51,2,5.212463,338.5398,-2.705695,0.5190819,5.468,-7.6722,-34.1347,0.2626991,
2,103.52,2,5.213797,338.5758,-2.70634,0.5190728,5.468,-7.6722,-34.1347,0.2626991,
2,103.53,2,5.215635,338.5674,-2.705668,0.5187609,5.468,-7.6722,-34.1347,0.2626991,
2,103.54,2,5.217404,338.5619,-2.706313,0.5187088,5.468,-7.6722,-34.1347,0.2626991,
2,103.55,2,5.221175,338.5454,-2.710073,0.5190544,5.468,-7.6722,-34.1347,0.2626991,
2,103.56,2,5.225305,338.5254,-2.712769,0.5191599,5.468,-7.6722,-34.1347,0.2626991,
2,103.57,2,5.227342,338.528,-2.713074,0.519016,5.468,-7.6722,-34.1347,0.2626991,
2,103.58,2,5.22663,338.5212,-2.714055,0.5192743,5.468,-7.6722,-34.1347,0.2626991,
2,103.59,2,5.226857,338.5131,-2.712268,0.5189099,5.468,-7.6722,-34.1347,0.2626991,
2,103.6,2,5.227373,338.5148,-2.712397,0.5188835,5.468,-7.6722,-34.1347,0.2626991,
2,103.61,2,5.225158,338.5136,-2.714684,0.5195411,5.468,-7.6722,-34.1347,0.2626991,
2,103.62,2,5.224683,338.5186,-2.716163,0.5198713,5.468,-7.6722,-34.1347,0.2626991,
2,103.63,2,5.224785,338.5235,-2.715201,0.519677,5.468,-7.6722,-34.1347,0.2626991,
2,103.64,2,5.226474,338.5067,-2.713315,0.5191482,5.468,-7.6722,-34.1347,0.2626991,
2,103.65,2,5.225886,338.5131,-2.710256,0.5186213,5.468,-7.6722,-34.1347,0.2626991,
2,103.66,2,5.227517,338.5027,-2.710085,0.5184269,5.468,-7.6722,-34.1347,0.2626991,
2,103.67,2,5.224029,338.494,-2.710901,0.5189291,5.468,-7.6722,-34.1347,0.2626991,
2,103.68,2,5.225489,338.5148,-2.712416,0.5190741,5.4642,-7.6722,-34.1352,0.2631989,
2,103.69,2,5.226953,338.4897,-2.712608,0.5189654,5.4642,-7.6722,-34.1352,0.2631989,
2,103.7,2,5.225777,338.4986,-2.708671,0.5183288,5.4642,-7.6722,-34.1352,0.2631989,
2,103.71,2,5.226469,338.489,-2.706446,0.5178345,5.4642,-7.6722,-34.1352,0.2631989,
2,103.72,2,5.228902,338.4858,-2.706061,0.51752,5.4642,-7.6722,-34.1352,0.2631989,
2,103.73,2,5.227724,338.4828,-2.708063,0.5180196,5.4642,-7.6722,-34.1352,0.2631989,
2,103.74,2,5.227589,338.4874,-2.709339,0.5182769,5.4642,-7.6722,-34.1352,0.2631989,
2,103.75,2,5.228734,338.4781,-2.708879,0.5180755,5.4642,-7.6722,-34.1352,0.2631989,
2,103.76,2,5.230679,338.4718,-2.709021,0.5179099,5.4642,-7.6722,-34.1352,0.2631989,
2,103.77,2,5.234238,338.4532,-2.707101,0.5171911,5.4642,-7.6722,-34.1352,0.2631989,
2,103.78,2,5.235299,338.4378,-2.710347,0.5177063,5.4642,-7.6722,-34.1352,0.2631989,
2,103.79,2,5.237994,338.4228,-2.713812,0.5181013,5.4642,-7.6722,-34.1352,0.2631989,
2,103.8,2,5.241549,338.4118,-2.717884,0.518527,5.4642,-7.6722,-34.1352,0.2631989,
2,103.81,2,5.238758,338.4245,-2.71804,0.5188329,5.4642,-7.6722,-34.1352,0.2631989,
2,103.82,2,5.239147,338.4146,-2.7168,0.5185577,5.4642,-7.6722,-34.1352,0.2631989,
2,103.83,2,5.239978,338.4153,-2.717645,0.5186367,5.4642,-7.6722,-34.1352,0.2631989,
2,103.84,2,5.23806,338.4108,-2.719482,0.5191773,5.4642,-7.6722,-34.1352,0.2631989,
2,103.85,2,5.241814,338.4109,-2.720759,0.5190492,5.4642,-7.6722,-34.1352,0.2631989,
2,103.86,2,5.238737,338.4295,-2.7209,0.5193808,5.4642,-7.6722,-34.1352,0.2631989,
2,103.87,2,5.237948,338.4123,-2.719147,0.5191244,5.4642,-7.6722,-34.1352,0.2631989,
2,103.88,2,5.239813,338.4088,-2.719853,0.5190744,5.4642,-7.6722,-34.1352,0.2631989,
2,103.89,2,5.239552,338.4061,-2.72015,0.5191571,5.46015,-7.6722,-34.1358,0.2637978,
2,103.9,2,5.239707,338.4175,-2.719899,0.5190937,5.46015,-7.6722,-34.1358,0.2637978,
2,103.91,2,5.239098,338.3977,-2.72323,0.5197899,5.46015,-7.6722,-34.1358,0.2637978,
2,103.92,2,5.236779,338.3668,-2.723447,0.5200614,5.46015,-7.6722,-34.1358,0.2637978,
2,103.93,2,5.240373,338.396,-2.719939,0.5190353,5.46015,-7.6722,-34.1358,0.2637978,
2,103.94,2,5.240322,338.3944,-2.717522,0.5185792,5.46015,-7.6722,-34.1358,0.2637978,
2,103.95,2,5.238742,338.3959,-2.716134,0.5184706,5.46015,-7.6722,-34.1358,0.2637978,
2,103.96,2,5.238795,338.3898,-2.716061,0.5184515,5.46015,-7.6722,-34.1358,0.2637978,
2,103.97,2,5.240583,338.3905,-2.71713,0.5184786,5.46015,-7.6722,-34.1358,0.2637978,
2,103.98,2,5.238707,338.3943,-2.714835,0.5182262,5.46015,-7.6722,-34.1358,0.2637978,
2,103.99,2,5.238563,338.3825,-2.713132,0.5179154,5.46015,-7.6722,-34.1358,0.2637978,
2,104,2,5.241307,338.3767,-2.710591,0.5171593,5.46015,-7.6722,-34.1358,0.2637978,
2,104.01,2,5.245792,338.3512,-2.710777,0.5167527,5.46015,-7.6722,-34.1358,0.2637978,
2,104.02,2,5.249468,338.3396,-2.713587,0.5169261,5.46015,-7.6722,-34.1358,0.2637978,
2,104.03,2,5.250802,338.3413,-2.719946,0.5180058,5.46015,-7.6722,-34.1358,0.2637978,
2,104.04,2,5.250102,338.3339,-2.719957,0.5180771,5.46015,-7.6722,-34.1358,0.2637978,
2,104.05,2,5.250224,338.342,-2.719669,0.51801,5.46015,-7.6722,-34.1358,0.2637978,
2,104.06,2,5.252658,338.2827,-2.718112,0.5174735,5.46015,-7.6722,-34.1358,0.2637978,
2,104.07,2,5.249956,338.3384,-2.721981,0.518477,5.46015,-7.6722,-34.1358,0.2637978,
2,104.08,2,5.251314,338.3154,-2.723876,0.5187036,5.46015,-7.6722,-34.1358,0.2637978,
2,104.09,2,5.253269,338.2637,-2.724567,0.5186422,5.45635,-7.6722,-34.1364,0.2643967,
2,104.1,2,5.250503,338.3205,-2.72472,0.5189447,5.45635,-7.6722,-34.1364,0.2643967,
2,104.11,2,5.250077,338.3004,-2.724184,0.5188846,5.45635,-7.6722,-34.1364,0.2643967,
2,104.12,2,5.252396,338.2969,-2.724056,0.5186312,5.45635,-7.6722,-34.1364,0.2643967,
2,104.13,2,5.250326,338.2931,-2.723891,0.5188041,5.45635,-7.6722,-34.1364,0.2643967,
2,104.14,2,5.249173,338.288,-2.726819,0.5194759,5.45635,-7.6722,-34.1364,0.2643967,
2,104.15,2,5.249495,338.2933,-2.729618,0.5199773,5.45635,-7.6722,-34.1364,0.2643967,
2,104.16,2,5.249529,338.2921,-2.730664,0.5201732,5.45635,-7.6722,-34.1364,0.2643967,
2,104.17,2,5.250688,338.2883,-2.727197,0.519398,5.45635,-7.6722,-34.1364,0.2643967,
2,104.18,2,5.250192,338.2909,-2.725688,0.5191597,5.45635,-7.6722,-34.1364,0.2643967,
2,104.19,2,5.250977,338.2832,-2.726074,0.5191555,5.45635,-7.6722,-34.1364,0.2643967,
2,104.2,2,5.256579,338.2636,-2.727006,0.5187796,5.45635,-7.6722,-34.1364,0.2643967,
2,104.21,2,5.256861,338.2642,-2.729356,0.5191988,5.45635,-7.6722,-34.1364,0.2643967,
2,104.22,2,5.263484,338.2358,-2.728244,0.5183343,5.45635,-7.6722,-34.1364,0.2643967,
2,104.23,2,5.263197,338.2383,-2.726496,0.5180303,5.45635,-7.6722,-34.1364,0.2643967,
2,104.24,2,5.261077,338.237,-2.727671,0.5184625,5.45635,-7.6722,-34.1364,0.2643967,
2,104.25,2,5.262643,338.2297,-2.729773,0.5187076,5.45635,-7.6722,-34.1364,0.2643967,
2,104.26,2,5.262598,338.2278,-2.729567,0.5186729,5.45635,-7.6722,-34.1364,0.2643967,
2,104.27,2,5.261999,338.2158,-2.726657,0.5181789,5.45635,-7.6722,-34.1364,0.2643967,
2,104.28,2,5.260231,338.2102,-2.728127,0.5186326,5.45635,-7.6722,-34.1364,0.2643967,
2,104.29,2,5.262703,338.2276,-2.726009,0.5179865,5.45335,-7.6722,-34.1369,0.2649002,
2,104.3,2,5.261361,338.2216,-2.722732,0.5174958,5.45335,-7.6722,-34.1369,0.2649002,
2,104.31,2,5.26201,338.2112,-2.722842,0.5174529,5.45335,-7.6722,-34.1369,0.2649002,
2,104.32,2,5.2609,338.2164,-2.724641,0.517904,5.45335,-7.6722,-34.1369,0.2649002,
2,104.33,2,5.261685,338.1802,-2.727835,0.5184336,5.45335,-7.6722,-34.1369,0.2649002,
2,104.34,2,5.260004,338.1831,-2.72565,0.518184,5.45335,-7.6722,-34.1369,0.2649002,
2,104.35,2,5.261734,338.2001,-2.72519,0.5179263,5.45335,-7.6722,-34.1369,0.2649002,
2,104.36,2,5.26238,338.2039,-2.726716,0.5181526,5.45335,-7.6722,-34.1369,0.2649002,
2,104.37,2,5.266727,338.1894,-2.727485,0.5178708,5.45335,-7.6722,-34.1369,0.2649002,
2,104.38,2,5.267077,338.1685,-2.73105,0.5185134,5.45335,-7.6722,-34.1369,0.2649002,
2,104.39,2,5.26992,338.1599,-2.730215,0.5180751,5.45335,-7.6722,-34.1369,0.2649002,
2,104.4,2,5.273467,338.1487,-2.73287,0.5182303,5.45335,-7.6722,-34.1369,0.2649002,
2,104.41,2,5.272632,338.1521,-2.730597,0.5178813,5.45335,-7.6722,-34.1369,0.2649002,
2,104.42,2,5.271795,338.1476,-2.732447,0.5183144,5.45335,-7.6722,-34.1369,0.2649002,
2,104.43,2,5.27313,338.1331,-2.733747,0.5184296,5.45335,-7.6722,-34.1369,0.2649002,
2,104.44,2,5.273122,338.1388,-2.737305,0.5191053,5.45335,-7.6722,-34.1369,0.2649002,
2,104.45,2,5.272402,338.1064,-2.737675,0.5192463,5.45335,-7.6722,-34.1369,0.2649002,
2,104.46,2,5.272298,338.1367,-2.736183,0.5189734,5.45335,-7.6722,-34.1369,0.2649002,
2,104.47,2,5.271116,338.1445,-2.738961,0.5196169,5.45335,-7.6722,-34.1369,0.2649002,
2,104.48,2,5.273079,338.1342,-2.736512,0.5189591,5.45335,-7.6722,-34.1369,0.2649002,
2,104.49,2,5.272877,338.1303,-2.739548,0.5195546,5.45335,-7.6722,-34.1369,0.2649002,
2,104.5,2,5.270222,338.1369,-2.738937,0.5197004,5.45335,-7.6722,-34.1369,0.2649002,
2,104.51,2,5.271229,338.1382,-2.74008,0.5198181,5.45335,-7.6722,-34.1369,0.2649002,
2,104.52,2,5.271991,338.1313,-2.737071,0.5191722,5.44985,-7.6722,-34.1374,0.2653999,
2,104.53,2,5.271459,338.1183,-2.735659,0.5189567,5.44985,-7.6722,-34.1374,0.2653999,
2,104.54,2,5.270152,338.1196,-2.734266,0.5188212,5.44985,-7.6722,-34.1374,0.2653999,
2,104.55,2,5.270658,338.1171,-2.732497,0.5184356,5.44985,-7.6722,-34.1374,0.2653999,
2,104.56,2,5.271256,338.1053,-2.735264,0.5189017,5.44985,-7.6722,-34.1374,0.2653999,
2,104.57,2,5.272731,338.117,-2.734364,0.5185859,5.44985,-7.6722,-34.1374,0.2653999,
2,104.58,2,5.27071,338.1107,-2.731233,0.5181906,5.44985,-7.6722,-34.1374,0.2653999,
2,104.59,2,5.270172,338.0984,-2.727693,0.5175719,5.44985,-7.6722,-34.1374,0.2653999,
2,104.6,2,5.271777,338.0954,-2.730124,0.5178754,5.44985,-7.6722,-34.1374,0.2653999,
2,104.61,2,5.271778,338.0909,-2.733844,0.518581,5.44985,-7.6722,-34.1374,0.2653999,
2,104.62,2,5.278022,338.0601,-2.731307,0.5174868,5.44985,-7.6722,-34.1374,0.2653999,
2,104.63,2,5.279559,338.0715,-2.733383,0.5177295,5.44985,-7.6722,-34.1374,0.2653999,
2,104.64,2,5.282573,338.0613,-2.734257,0.5175995,5.44985,-7.6722,-34.1374,0.2653999,
2,104.65,2,5.284307,338.0361,-2.735722,0.517707,5.44985,-7.6722,-34.1374,0.2653999,
2,104.66,2,5.283286,338.05,-2.735756,0.5178134,5.44985,-7.6722,-34.1374,0.2653999,
2,104.67,2,5.284785,338.0481,-2.734933,0.5175107,5.44985,-7.6722,-34.1374,0.2653999,
2,104.68,2,5.283414,338.0401,-2.739522,0.5185134,5.44985,-7.6722,-34.1374,0.2653999,
2,104.69,2,5.28425,338.0234,-2.740663,0.5186474,5.44985,-7.6722,-34.1374,0.2653999,
2,104.7,2,5.284624,338.0294,-2.738341,0.5181714,5.44985,-7.6722,-34.1374,0.2653999,
2,104.71,2,5.282142,338.0243,-2.739642,0.5186612,5.44985,-7.6722,-34.1374,0.2653999,
2,104.72,2,5.283721,338.0197,-2.74363,0.5192609,5.44578,-7.6722,-34.138,0.2659988,
2,104.73,2,5.28282,338.0193,-2.743603,0.5193444,5.44578,-7.6722,-34.138,0.2659988,
2,104.74,2,5.282748,338.0217,-2.742929,0.5192238,5.44578,-7.6722,-34.138,0.2659988,
2,104.75,2,5.282634,338.0182,-2.743982,0.5194344,5.44578,-7.6722,-34.138,0.2659988,
2,104.76,2,5.283972,338.0139,-2.74352,0.5192154,5.44578,-7.6722,-34.138,0.2659988,
2,104.77,2,5.283784,338.0155,-2.74143,0.5188383,5.44578,-7.6722,-34.138,0.2659988,
2,104.78,2,5.28351,338.0076,-2.741587,0.518895,5.44578,-7.6722,-34.138,0.2659988,
2,104.79,2,5.28441,338.003,-2.744097,0.5192815,5.44578,-7.6722,-34.138,0.2659988,
2,104.8,2,5.282319,337.9656,-2.744838,0.5196274,5.44578,-7.6722,-34.138,0.2659988,
2,104.81,2,5.283081,338.0093,-2.744775,0.5195407,5.44578,-7.6722,-34.138,0.2659988,
2,104.82,2,5.283295,337.9969,-2.739975,0.5186111,5.44578,-7.6722,-34.138,0.2659988,
2,104.83,2,5.284024,337.9991,-2.740242,0.51859,5.44578,-7.6722,-34.138,0.2659988,
2,104.84,2,5.290516,337.9829,-2.739369,0.5177886,5.44578,-7.6722,-34.138,0.2659988,
2,104.85,2,5.291805,337.9577,-2.738477,0.5174938,5.44578,-7.6722,-34.138,0.2659988,
2,104.86,2,5.294641,337.9604,-2.739865,0.517479,5.44578,-7.6722,-34.138,0.2659988,
2,104.87,2,5.298532,337.9387,-2.741969,0.5174959,5.44578,-7.6722,-34.138,0.2659988,
2,104.88,2,5.296683,337.9456,-2.737483,0.5168297,5.44578,-7.6722,-34.138,0.2659988,
2,104.89,2,5.295404,337.951,-2.735429,0.5165666,5.44578,-7.6722,-34.138,0.2659988,
2,104.9,2,5.295274,337.9342,-2.739408,0.5173307,5.44578,-7.6722,-34.138,0.2659988,
2,104.91,2,5.29244,337.9292,-2.739201,0.5175685,5.44578,-7.6722,-34.138,0.2659988,
2,104.92,2,5.294197,337.919,-2.743213,0.5181547,5.44578,-7.6722,-34.138,0.2659988,
2,104.93,2,5.294337,337.9454,-2.741922,0.5178971,5.44578,-7.6722,-34.138,0.2659988,
2,104.94,2,5.294528,337.9354,-2.74239,0.5179669,5.44578,-7.6722,-34.138,0.2659988,
2,104.95,2,5.292881,337.9239,-2.742861,0.5182169,5.44578,-7.6722,-34.138,0.2659988,
2,104.96,2,5.292347,337.9158,-2.742137,0.5181325,5.4425,-7.6722,-34.1385,0.2664986,
2,104.97,2,5.294542,337.9179,-2.745852,0.5186194,5.4425,-7.6722,-34.1385,0.2664986,
2,104.98,2,5.296165,337.9206,-2.744279,0.5181634,5.4425,-7.6722,-34.1385,0.2664986,
2,104.99,2,5.294981,337.9117,-2.74547,0.5185042,5.4425,-7.6722,-34.1385,0.2664986,
2,105,2,5.294899,337.9178,-2.743822,0.5182011,5.4425,-7.6722,-34.1385,0.2664986,
2,105.01,2,5.295213,337.9066,-2.744645,0.5183257,5.4425,-7.6722,-34.1385,0.2664986,
2,105.02,2,5.293237,337.9107,-2.747387,0.5190373,5.4425,-7.6722,-34.1385,0.2664986,
2,105.03,2,5.299622,337.8987,-2.748656,0.5186514,5.4425,-7.6722,-34.1385,0.2664986,
2,105.04,2,5.301856,337.8935,-2.750193,0.5187227,5.4425,-7.6722,-34.1385,0.2664986,
2,105.05,2,5.304731,337.8583,-2.749274,0.5182683,5.4425,-7.6722,-34.1385,0.2664986,
2,105.06,2,5.309671,337.8688,-2.748092,0.5175635,5.4425,-7.6722,-34.1385,0.2664986,
2,105.07,2,5.306137,337.8631,-2.750225,0.5183103,5.4425,-7.6722,-34.1385,0.2664986,
2,105.08,2,5.3062,337.8524,-2.752294,0.518694,5.4425,-7.6722,-34.1385,0.2664986,
2,105.09,2,5.304707,337.8738,-2.754942,0.5193391,5.4425,-7.6722,-34.1385,0.2664986,
2,105.1,2,5.304817,337.8727,-2.755878,0.5195049,5.4425,-7.6722,-34.1385,0.2664986,
2,105.11,2,5.304855,337.8531,-2.752682,0.5188985,5.4425,-7.6722,-34.1385,0.2664986,
2,105.12,2,5.304219,337.8475,-2.750062,0.518467,5.4425,-7.6722,-34.1385,0.2664986,
2,105.13,2,5.308981,337.8434,-2.750578,0.518099,5.4425,-7.6722,-34.1385,0.2664986,
2,105.14,2,5.307576,337.8379,-2.747956,0.5177422,5.4425,-7.6722,-34.1385,0.2664986,
2,105.15,2,5.305371,337.8534,-2.750111,0.5183637,5.4425,-7.6722,-34.1385,0.2664986,
2,105.16,2,5.307518,337.8276,-2.747491,0.5176601,5.4425,-7.6722,-34.1385,0.2664986,
2,105.17,2,5.304694,337.8221,-2.745482,0.5175571,5.4425,-7.6722,-34.1385,0.2664986,
2,105.18,2,5.306321,337.8172,-2.74363,0.5170494,5.43872,-7.6722,-34.1391,0.2670975,
2,105.19,2,5.305362,337.8212,-2.743496,0.5171176,5.43872,-7.6722,-34.1391,0.2670975,
2,105.2,2,5.303959,337.8225,-2.744746,0.51749,5.43872,-7.6722,-34.1391,0.2670975,
2,105.21,2,5.305704,337.81,-2.747061,0.5177562,5.43872,-7.6722,-34.1391,0.2670975,
2,105.22,2,5.305421,337.8301,-2.747223,0.5178142,5.43872,-7.6722,-34.1391,0.2670975,
2,105.23,2,5.305791,337.7643,-2.746838,0.5177056,5.43872,-7.6722,-34.1391,0.2670975,
2,105.24,2,5.30637,337.8215,-2.74924,0.5181019,5.43872,-7.6722,-34.1391,0.2670975,
2,105.25,2,5.306792,337.818,-2.749962,0.5181967,5.43872,-7.6722,-34.1391,0.2670975,
2,105.26,2,5.307117,337.7751,-2.750027,0.5181771,5.43872,-7.6722,-34.1391,0.2670975,
2,105.27,2,5.312567,337.7645,-2.750549,0.5177439,5.43872,-7.6722,-34.1391,0.2670975,
2,105.28,2,5.311549,337.7793,-2.75482,0.5186471,5.43872,-7.6722,-34.1391,0.2670975,
2,105.29,2,5.316735,337.7585,-2.753833,0.5179556,5.43872,-7.6722,-34.1391,0.2670975,
2,105.3,2,5.320923,337.7517,-2.751192,0.5170515,5.43872,-7.6722,-34.1391,0.2670975,
2,105.31,2,5.316535,337.7576,-2.754593,0.5181181,5.43872,-7.6722,-34.1391,0.2670975,
2,105.32,2,5.317005,337.7473,-2.758743,0.5188528,5.43872,-7.6722,-34.1391,0.2670975,
2,105.33,2,5.313879,337.7513,-2.760818,0.5195485,5.43872,-7.6722,-34.1391,0.2670975,
2,105.34,2,5.314249,337.7495,-2.758759,0.5191249,5.43872,-7.6722,-34.1391,0.2670975,
2,105.35,2,5.317297,337.7477,-2.75905,0.5188822,5.43872,-7.6722,-34.1391,0.2670975,
2,105.36,2,5.315674,337.7493,-2.757165,0.5186859,5.43872,-7.6722,-34.1391,0.2670975,
2,105.37,2,5.314714,337.7391,-2.756927,0.5187349,5.43872,-7.6722,-34.1391,0.2670975,
2,105.38,2,5.316775,337.7399,-2.759608,0.519038,5.43465,-7.6722,-34.1396,0.2675972,
2,105.39,2,5.317041,337.788,-2.761462,0.5193607,5.43465,-7.6722,-34.1396,0.2675972,
2,105.4,2,5.314789,337.7406,-2.758236,0.5189738,5.43465,-7.6722,-34.1396,0.2675972,
2,105.41,2,5.315717,337.735,-2.756984,0.5186475,5.43465,-7.6722,-34.1396,0.2675972,
2,105.42,2,5.312267,337.7293,-2.753207,0.5182734,5.43465,-7.6722,-34.1396,0.2675972,
2,105.43,2,5.315876,337.7225,-2.751468,0.5175943,5.43465,-7.6722,-34.1396,0.2675972,
2,105.44,2,5.314585,337.7256,-2.754255,0.5182445,5.43465,-7.6722,-34.1396,0.2675972,
2,105.45,2,5.314491,337.7352,-2.754952,0.5183849,5.43465,-7.6722,-34.1396,0.2675972,
2,105.46,2,5.316833,337.7181,-2.753454,0.5178747,5.43465,-7.6722,-34.1396,0.2675972,
2,105.47,2,5.314678,337.711,-2.751431,0.5177042,5.43465,-7.6722,-34.1396,0.2675972,
2,105.48,2,5.315061,337.7086,-2.751968,0.517768,5.43465,-7.6722,-34.1396,0.2675972,
2,105.49,2,5.314963,337.7061,-2.751946,0.5177733,5.43465,-7.6722,-34.1396,0.2675972,
2,105.5,2,5.314092,337.7039,-2.75461,0.5183594,5.43465,-7.6722,-34.1396,0.2675972,
2,105.51,2,5.319339,337.6962,-2.753931,0.5177205,5.43465,-7.6722,-34.1396,0.2675972,
2,105.52,2,5.319175,337.6628,-2.755492,0.51803,5.43465,-7.6722,-34.1396,0.2675972,
2,105.53,2,5.324174,337.6679,-2.755228,0.517494,5.43465,-7.6722,-34.1396,0.2675972,
2,105.54,2,5.325469,337.6608,-2.7554,0.5174006,5.43465,-7.6722,-34.1396,0.2675972,
2,105.55,2,5.325903,337.6578,-2.755953,0.5174621,5.43465,-7.6722,-34.1396,0.2675972,
2,105.56,2,5.326,337.646,-2.760055,0.5182229,5.43465,-7.6722,-34.1396,0.2675972,
2,105.57,2,5.324476,337.6297,-2.762121,0.5187593,5.43465,-7.6722,-34.1396,0.2675972,
2,105.58,2,5.3259,337.6392,-2.761764,0.5185535,5.43465,-7.6722,-34.1396,0.2675972,
2,105.59,2,5.325885,337.6436,-2.762237,0.5186437,5.43465,-7.6722,-34.1396,0.2675972,
2,105.6,2,5.324888,337.6411,-2.763123,0.5189072,5.43465,-7.6722,-34.1396,0.2675972,
2,105.61,2,5.324826,337.6378,-2.764697,0.5192088,5.43465,-7.6722,-34.1396,0.2675972,
2,105.62,2,5.323984,337.6378,-2.767611,0.5198383,5.43465,-7.6722,-34.1396,0.2675972,
2,105.63,2,5.323559,337.5936,-2.763439,0.5190961,5.43465,-7.6722,-34.1396,0.2675972,
2,105.64,2,5.323095,337.6315,-2.761882,0.5188489,5.43057,-7.6722,-34.1401,0.2680969,
2,105.65,2,5.322607,337.6304,-2.764598,0.5194067,5.43057,-7.6722,-34.1401,0.2680969,
2,105.66,2,5.323452,337.6299,-2.762749,0.518977,5.43057,-7.6722,-34.1401,0.2680969,
2,105.67,2,5.324088,337.6327,-2.765547,0.5194405,5.43057,-7.6722,-34.1401,0.2680969,
2,105.68,2,5.324361,337.6245,-2.768037,0.5198815,5.43057,-7.6722,-34.1401,0.2680969,
2,105.69,2,5.32493,337.5837,-2.766728,0.5195801,5.43057,-7.6722,-34.1401,0.2680969,
2,105.7,2,5.3248,337.6176,-2.763598,0.5190051,5.43057,-7.6722,-34.1401,0.2680969,
2,105.71,2,5.324543,337.618,-2.762053,0.5187399,5.43057,-7.6722,-34.1401,0.2680969,
2,105.72,2,5.325006,337.6119,-2.76168,0.5186248,5.43057,-7.6722,-34.1401,0.2680969,
2,105.73,2,5.324009,337.6104,-2.761661,0.5187184,5.43057,-7.6722,-34.1401,0.2680969,
2,105.74,2,5.324456,337.6072,-2.760453,0.5184478,5.43057,-7.6722,-34.1401,0.2680969,
2,105.75,2,5.325392,337.5949,-2.759229,0.518127,5.43057,-7.6722,-34.1401,0.2680969,
2,105.76,2,5.327162,337.6009,-2.757123,0.5175594,5.43057,-7.6722,-34.1401,0.2680969,
2,105.77,2,5.330176,337.5856,-2.755445,0.5169519,5.43057,-7.6722,-34.1401,0.2680969,
2,105.78,2,5.334315,337.5581,-2.754895,0.5164478,5.43057,-7.6722,-34.1401,0.2680969,
2,105.79,2,5.338029,337.5542,-2.758725,0.5168059,5.43057,-7.6722,-34.1401,0.2680969,
2,105.8,2,5.339528,337.5591,-2.761346,0.5171517,5.43057,-7.6722,-34.1401,0.2680969,
2,105.81,2,5.337637,337.5306,-2.762374,0.5175275,5.43057,-7.6722,-34.1401,0.2680969,
2,105.82,2,5.341362,337.5468,-2.763764,0.5174269,5.43057,-7.6722,-34.1401,0.2680969,
2,105.83,2,5.337476,337.5394,-2.761076,0.5172999,5.43057,-7.6722,-34.1401,0.2680969,
2,105.84,2,5.338252,337.5417,-2.760788,0.5171708,5.43057,-7.6722,-34.1401,0.2680969,
2,105.85,2,5.339246,337.5311,-2.765366,0.5179319,5.43057,-7.6722,-34.1401,0.2680969,
2,105.86,2,5.336186,337.5209,-2.767681,0.5186628,5.43057,-7.6722,-34.1401,0.2680969,
2,105.87,2,5.337721,337.5354,-2.765509,0.5181067,5.43057,-7.6722,-34.1401,0.2680969,
2,105.88,2,5.335715,337.5167,-2.764788,0.5181664,5.43057,-7.6722,-34.1401,0.2680969,
2,105.89,2,5.33647,337.5197,-2.766272,0.5183712,5.43057,-7.6722,-34.1401,0.2680969,
2,105.9,2,5.337479,337.5148,-2.765982,0.5182188,5.43057,-7.6722,-34.1401,0.2680969,
2,105.91,2,5.336186,337.5105,-2.769494,0.5190024,5.43057,-7.6722,-34.1401,0.2680969,
2,105.92,2,5.335361,337.5191,-2.772123,0.5195756,5.42625,-7.6722,-34.1407,0.2686996,
2,105.93,2,5.334879,337.5143,-2.771341,0.5194758,5.42625,-7.6722,-34.1407,0.2686996,
2,105.94,2,5.336599,337.5096,-2.769539,0.5189708,5.42625,-7.6722,-34.1407,0.2686996,
2,105.95,2,5.337015,337.5059,-2.769985,0.5190139,5.42625,-7.6722,-34.1407,0.2686996,
2,105.96,2,5.338763,337.5058,-2.770796,0.5189959,5.42625,-7.6722,-34.1407,0.2686996,
2,105.97,2,5.336145,337.4944,-2.773651,0.5197855,5.42625,-7.6722,-34.1407,0.2686996,
2,105.98,2,5.337178,337.4768,-2.773648,0.5196844,5.42625,-7.6722,-34.1407,0.2686996,
2,105.99,2,5.336,337.4847,-2.76929,0.5189824,5.42625,-7.6722,-34.1407,0.2686996,
2,106,2,5.336914,337.4839,-2.768175,0.5186846,5.42625,-7.6722,-34.1407,0.2686996,
2,106.01,2,5.337238,337.4926,-2.767437,0.5185149,5.42625,-7.6722,-34.1407,0.2686996,
2,106.02,2,5.341938,337.4789,-2.765629,0.5177201,5.42625,-7.6722,-34.1407,0.2686996,
2,106.03,2,5.344666,337.4757,-2.764055,0.5171615,5.42625,-7.6722,-34.1407,0.2686996,
2,106.04,2,5.345824,337.4357,-2.765801,0.5173759,5.42625,-7.6722,-34.1407,0.2686996,
2,106.05,2,5.347619,337.446,-2.767359,0.5174937,5.42625,-7.6722,-34.1407,0.2686996,
2,106.06,2,5.348979,337.443,-2.764971,0.5169155,5.42625,-7.6722,-34.1407,0.2686996,
2,106.07,2,5.349199,337.4343,-2.762262,0.516388,5.42625,-7.6722,-34.1407,0.2686996,
2,106.08,2,5.348267,337.429,-2.763918,0.5167875,5.42625,-7.6722,-34.1407,0.2686996,
2,106.09,2,5.34774,337.4247,-2.767613,0.5175294,5.42625,-7.6722,-34.1407,0.2686996,
2,106.1,2,5.348244,337.4119,-2.769671,0.5178655,5.42625,-7.6722,-34.1407,0.2686996,
2,106.11,2,5.348683,337.4222,-2.769284,0.5177506,5.42625,-7.6722,-34.1407,0.2686996,
2,106.12,2,5.34874,337.4118,-2.770056,0.5178895,5.42625,-7.6722,-34.1407,0.2686996,
2,106.13,2,5.348247,337.4113,-2.768268,0.5176029,5.42625,-7.6722,-34.1407,0.2686996,
2,106.14,2,5.350426,337.4047,-2.771121,0.5179253,5.42625,-7.6722,-34.1407,0.2686996,
2,106.15,2,5.349639,337.4071,-2.773993,0.5185384,5.42625,-7.6722,-34.1407,0.2686996,
2,106.16,2,5.347202,337.4112,-2.774245,0.5188217,5.4219,-7.6722,-34.1413,0.2692986,
2,106.17,2,5.348042,337.4029,-2.774827,0.5188492,5.4219,-7.6722,-34.1413,0.2692986,
2,106.18,2,5.348511,337.3938,-2.775496,0.5189286,5.4219,-7.6722,-34.1413,0.2692986,
2,106.19,2,5.347588,337.3962,-2.776423,0.5191916,5.4219,-7.6722,-34.1413,0.2692986,
2,106.2,2,5.348175,337.3902,-2.777519,0.5193396,5.4219,-7.6722,-34.1413,0.2692986,
2,106.21,2,5.347294,337.3961,-2.78036,0.5199565,5.4219,-7.6722,-34.1413,0.2692986,
2,106.22,2,5.346797,337.385,-2.780364,0.5200055,5.4219,-7.6722,-34.1413,0.2692986,
2,106.23,2,5.348508,337.3947,-2.776896,0.5191907,5.4219,-7.6722,-34.1413,0.2692986,
2,106.24,2,5.347341,337.3835,-2.77664,0.5192562,5.4219,-7.6722,-34.1413,0.2692986,
2,106.25,2,5.346885,337.3871,-2.77799,0.5195529,5.4219,-7.6722,-34.1413,0.2692986,
2,106.26,2,5.350449,337.3784,-2.778055,0.519219,5.4219,-7.6722,-34.1413,0.2692986,
2,106.27,2,5.353812,337.3575,-2.780178,0.5192894,5.4219,-7.6722,-34.1413,0.2692986,
2,106.28,2,5.358132,337.3832,-2.782895,0.5193778,5.4219,-7.6722,-34.1413,0.2692986,
2,106.29,2,5.361528,337.3368,-2.782618,0.5189972,5.4219,-7.6722,-34.1413,0.2692986,
2,106.3,2,5.361466,337.343,-2.779707,0.5184603,5.4219,-7.6722,-34.1413,0.2692986,
2,106.31,2,5.360303,337.3382,-2.779116,0.5184624,5.4219,-7.6722,-34.1413,0.2692986,
2,106.32,2,5.361001,337.3308,-2.780426,0.5186393,5.4219,-7.6722,-34.1413,0.2692986,
2,106.33,2,5.360945,337.3236,-2.779844,0.5185363,5.4219,-7.6722,-34.1413,0.2692986,
2,106.34,2,5.360982,337.312,-2.779718,0.518509,5.4219,-7.6722,-34.1413,0.2692986,
2,106.35,2,5.35985,337.3181,-2.776763,0.5180674,5.4219,-7.6722,-34.1413,0.2692986,
2,106.36,2,5.360423,337.3162,-2.773527,0.5174083,5.4219,-7.6722,-34.1413,0.2692986,
2,106.37,2,5.361113,337.3142,-2.774426,0.5175094,5.4219,-7.6722,-34.1413,0.2692986,
2,106.38,2,5.360744,337.3129,-2.776572,0.5179453,5.4219,-7.6722,-34.1413,0.2692986,
2,106.39,2,5.359775,337.3055,-2.776574,0.5180393,5.41785,-7.6722,-34.1419,0.2698975,
2,106.4,2,5.359357,337.3156,-2.77838,0.5184167,5.41785,-7.6722,-34.1419,0.2698975,
2,106.41,2,5.359769,337.2837,-2.779796,0.5186411,5.41785,-7.6722,-34.1419,0.2698975,
2,106.42,2,5.360086,337.3211,-2.779318,0.5185212,5.41785,-7.6722,-34.1419,0.2698975,
2,106.43,2,5.360225,337.2768,-2.780391,0.5187079,5.41785,-7.6722,-34.1419,0.2698975,
2,106.44,2,5.360578,337.2469,-2.779353,0.5184801,5.41785,-7.6722,-34.1419,0.2698975,
2,106.45,2,5.358353,337.353,-2.783478,0.5194653,5.41785,-7.6722,-34.1419,0.2698975,
2,106.46,2,5.3586,337.2458,-2.783399,0.5194265,5.41785,-7.6722,-34.1419,0.2698975,
2,106.47,2,5.359462,337.2823,-2.781899,0.5190631,5.41785,-7.6722,-34.1419,0.2698975,
2,106.48,2,5.35961,337.2802,-2.781773,0.5190253,5.41785,-7.6722,-34.1419,0.2698975,
2,106.49,2,5.357337,337.2758,-2.784102,0.5196801,5.41785,-7.6722,-34.1419,0.2698975,
2,106.5,2,5.359248,337.2752,-2.787342,0.5200994,5.41785,-7.6722,-34.1419,0.2698975,
2,106.51,2,5.360123,337.2781,-2.790469,0.5205979,5.41785,-7.6722,-34.1419,0.2698975,
2,106.52,2,5.365513,337.2599,-2.787365,0.5194965,5.41785,-7.6722,-34.1419,0.2698975,
2,106.53,2,5.366202,337.2402,-2.788601,0.5196601,5.41785,-7.6722,-34.1419,0.2698975,
2,106.54,2,5.367241,337.2334,-2.789345,0.5196981,5.41785,-7.6722,-34.1419,0.2698975,
2,106.55,2,5.37427,337.234,-2.789049,0.5189633,5.41785,-7.6722,-34.1419,0.2698975,
2,106.56,2,5.370959,337.2313,-2.791879,0.5198101,5.41785,-7.6722,-34.1419,0.2698975,
2,106.57,2,5.36936,337.2194,-2.794904,0.5205283,5.41785,-7.6722,-34.1419,0.2698975,
2,106.58,2,5.372354,337.2354,-2.795813,0.5204074,5.41785,-7.6722,-34.1419,0.2698975,
2,106.59,2,5.370686,337.2184,-2.790372,0.519556,5.41785,-7.6722,-34.1419,0.2698975,
2,106.6,2,5.371613,337.217,-2.789594,0.5193216,5.41785,-7.6722,-34.1419,0.2698975,
2,106.61,2,5.371227,337.2156,-2.788008,0.5190635,5.41785,-7.6722,-34.1419,0.2698975,
2,106.62,2,5.371568,337.2124,-2.790338,0.5194644,5.41785,-7.6722,-34.1419,0.2698975,
2,106.63,2,5.372095,337.2255,-2.792479,0.5198119,5.41785,-7.6722,-34.1419,0.2698975,
2,106.64,2,5.367228,337.2116,-2.791516,0.5201038,5.41785,-7.6722,-34.1419,0.2698975,
2,106.65,2,5.37043,337.1999,-2.785053,0.5185902,5.41785,-7.6722,-34.1419,0.2698975,
2,106.66,2,5.37153,337.2072,-2.784142,0.5183147,5.41785,-7.6722,-34.1419,0.2698975,
2,106.67,2,5.369793,337.1906,-2.783664,0.5183931,5.41785,-7.6722,-34.1419,0.2698975,
2,106.68,2,5.370128,337.1882,-2.784147,0.5184507,5.4135,-7.6722,-34.1425,0.2705002,
2,106.69,2,5.370496,337.201,-2.789406,0.5193946,5.4135,-7.6722,-34.1425,0.2705002,
2,106.7,2,5.370264,337.1891,-2.787962,0.519148,5.4135,-7.6722,-34.1425,0.2705002,
2,106.71,2,5.371456,337.1875,-2.79347,0.5200583,5.4135,-7.6722,-34.1425,0.2705002,
2,106.72,2,5.369055,337.1855,-2.793388,0.5202755,5.4135,-7.6722,-34.1425,0.2705002,
2,106.73,2,5.372572,337.1763,-2.791227,0.5195327,5.4135,-7.6722,-34.1425,0.2705002,
2,106.74,2,5.369898,337.1643,-2.797872,0.5210288,5.4135,-7.6722,-34.1425,0.2705002,
2,106.75,2,5.370545,337.1604,-2.801143,0.5215752,5.4135,-7.6722,-34.1425,0.2705002,
2,106.76,2,5.371266,337.1707,-2.795537,0.5204615,5.4135,-7.6722,-34.1425,0.2705002,
2,106.77,2,5.370113,337.163,-2.792882,0.5200787,5.4135,-7.6722,-34.1425,0.2705002,
2,106.78,2,5.369296,337.1617,-2.794235,0.5204099,5.4135,-7.6722,-34.1425,0.2705002,
2,106.79,2,5.371006,337.1647,-2.794819,0.5203529,5.4135,-7.6722,-34.1425,0.2705002,
2,106.8,2,5.372834,337.1584,-2.799086,0.5209702,5.4135,-7.6722,-34.1425,0.2705002,
2,106.81,2,5.375526,337.163,-2.798056,0.5205177,5.4135,-7.6722,-34.1425,0.2705002,
2,106.82,2,5.379696,337.1199,-2.797389,0.5199901,5.4135,-7.6722,-34.1425,0.2705002,
2,106.83,2,5.38299,337.11,-2.797751,0.5197392,5.4135,-7.6722,-34.1425,0.2705002,
2,106.84,2,5.384665,337.1058,-2.798946,0.5197994,5.4135,-7.6722,-34.1425,0.2705002,
2,106.85,2,5.383596,337.1164,-2.805488,0.5211178,5.4135,-7.6722,-34.1425,0.2705002,
2,106.86,2,5.383207,337.1028,-2.812319,0.5224244,5.4135,-7.6722,-34.1425,0.2705002,
2,106.87,2,5.383031,337.0833,-2.812039,0.5223896,5.4135,-7.6722,-34.1425,0.2705002,
2,106.88,2,5.384325,337.1021,-2.807719,0.5214617,5.4135,-7.6722,-34.1425,0.2705002,
2,106.89,2,5.384651,337.1001,-2.801041,0.5201898,5.4135,-7.6722,-34.1425,0.2705002,
2,106.9,2,5.381249,337.0972,-2.80749,0.5217171,5.4135,-7.6722,-34.1425,0.2705002,
2,106.91,2,5.380596,337.0962,-2.807881,0.5218531,5.4135,-7.6722,-34.1425,0.2705002,
2,106.92,2,5.382469,337.1009,-2.803418,0.5208424,5.4135,-7.6722,-34.1425,0.2705002,
2,106.93,2,5.384437,337.0863,-2.796936,0.5194483,5.4135,-7.6722,-34.1425,0.2705002,
2,106.94,2,5.38394,337.0846,-2.795575,0.5192434,5.40915,-7.6722,-34.1432,0.2711983,
2,106.95,2,5.382058,337.0854,-2.794428,0.5192119,5.40915,-7.6722,-34.1432,0.2711983,
2,106.96,2,5.382986,337.0737,-2.792061,0.5186826,5.40915,-7.6722,-34.1432,0.2711983,
2,106.97,2,5.38382,337.0732,-2.794223,0.5190037,5.40915,-7.6722,-34.1432,0.2711983,
2,106.98,2,5.381566,337.0741,-2.797662,0.5198603,5.40915,-7.6722,-34.1432,0.2711983,
2,106.99,2,5.379958,337.0488,-2.808659,0.5220597,5.40915,-7.6722,-34.1432,0.2711983,
2,107,2,5.379065,337.0749,-2.808147,0.5220513,5.40915,-7.6722,-34.1432,0.2711983,
2,107.01,2,5.379835,337.073,-2.805617,0.5215061,5.40915,-7.6722,-34.1432,0.2711983,
2,107.02,2,5.381002,337.0385,-2.808941,0.5220107,5.40915,-7.6722,-34.1432,0.2711983,
2,107.03,2,5.379453,337.056,-2.808696,0.5221155,5.40915,-7.6722,-34.1432,0.2711983,
2,107.04,2,5.380735,337.0303,-2.810372,0.5223026,5.40915,-7.6722,-34.1432,0.2711983,
2,107.05,2,5.381191,337.0617,-2.81184,0.5225312,5.40915,-7.6722,-34.1432,0.2711983,
2,107.06,2,5.386177,337.0349,-2.81116,0.5219212,5.40915,-7.6722,-34.1432,0.2711983,
2,107.07,2,5.389784,337.0213,-2.811407,0.5216178,5.40915,-7.6722,-34.1432,0.2711983,
2,107.08,2,5.390787,337.0049,-2.809823,0.5212269,5.40915,-7.6722,-34.1432,0.2711983,
2,107.09,2,5.396261,337.0011,-2.804608,0.5197318,5.40915,-7.6722,-34.1432,0.2711983,
2,107.1,2,5.395382,336.9987,-2.808487,0.5205353,5.40915,-7.6722,-34.1432,0.2711983,
2,107.11,2,5.397987,337.0031,-2.810456,0.5206489,5.40915,-7.6722,-34.1432,0.2711983,
2,107.12,2,5.397691,336.9973,-2.813539,0.5212485,5.40915,-7.6722,-34.1432,0.2711983,
2,107.13,2,5.396635,336.9937,-2.816437,0.5218876,5.40915,-7.6722,-34.1432,0.2711983,
2,107.14,2,5.398408,336.9936,-2.817509,0.5219148,5.40915,-7.6722,-34.1432,0.2711983,
2,107.15,2,5.394842,336.992,-2.82097,0.5229014,5.40915,-7.6722,-34.1432,0.2711983,
2,107.16,2,5.394927,337.0059,-2.822373,0.5231532,5.40915,-7.6722,-34.1432,0.2711983,
2,107.17,2,5.394016,336.9846,-2.823135,0.5233828,5.40915,-7.6722,-34.1432,0.2711983,
2,107.18,2,5.391867,336.9919,-2.822125,0.5234041,5.40915,-7.6722,-34.1432,0.2711983,
2,107.19,2,5.395652,336.9819,-2.819674,0.5225827,5.40427,-7.6722,-34.1438,0.2717972,
2,107.2,2,5.391695,336.9838,-2.818766,0.5227978,5.40427,-7.6722,-34.1438,0.2717972,
2,107.21,2,5.392591,336.9651,-2.81966,0.5228767,5.40427,-7.6722,-34.1438,0.2717972,
2,107.22,2,5.394216,336.9578,-2.81874,0.5225486,5.40427,-7.6722,-34.1438,0.2717972,
2,107.23,2,5.394899,336.9613,-2.815548,0.5218907,5.40427,-7.6722,-34.1438,0.2717972,
2,107.24,2,5.395928,336.9658,-2.803499,0.5195584,5.40427,-7.6722,-34.1438,0.2717972,
2,107.25,2,5.398282,336.9628,-2.798873,0.5184748,5.40427,-7.6722,-34.1438,0.2717972,
2,107.26,2,5.395324,336.9547,-2.799427,0.5188617,5.40427,-7.6722,-34.1438,0.2717972,
2,107.27,2,5.395819,336.9594,-2.801713,0.5192378,5.40427,-7.6722,-34.1438,0.2717972,
2,107.28,2,5.397254,336.9458,-2.803303,0.5193943,5.40427,-7.6722,-34.1438,0.2717972,
2,107.29,2,5.395482,336.9476,-2.802594,0.5194336,5.40427,-7.6722,-34.1438,0.2717972,
2,107.3,2,5.396525,336.9463,-2.803647,0.5195282,5.40427,-7.6722,-34.1438,0.2717972,
2,107.31,2,5.396317,336.9471,-2.805261,0.5198475,5.40427,-7.6722,-34.1438,0.2717972,
2,107.32,2,5.400762,336.9242,-2.80402,0.5191897,5.40427,-7.6722,-34.1438,0.2717972,
2,107.33,2,5.40459,336.9095,-2.808842,0.5197142,5.40427,-7.6722,-34.1438,0.2717972,
2,107.34,2,5.408125,336.8994,-2.810999,0.5197732,5.40427,-7.6722,-34.1438,0.2717972,
2,107.35,2,5.41293,336.8882,-2.810244,0.5191724,5.40427,-7.6722,-34.1438,0.2717972,
2,107.36,2,5.413348,336.8907,-2.812375,0.519526,5.40427,-7.6722,-34.1438,0.2717972,
2,107.37,2,5.410274,336.8819,-2.811319,0.5196261,5.40427,-7.6722,-34.1438,0.2717972,
2,107.38,2,5.408944,336.8756,-2.814191,0.5202848,5.40427,-7.6722,-34.1438,0.2717972,
2,107.39,2,5.407873,336.8829,-2.816937,0.5208955,5.40427,-7.6722,-34.1438,0.2717972,
2,107.4,2,5.412656,336.8486,-2.81556,0.5201808,5.40427,-7.6722,-34.1438,0.2717972,
2,107.41,2,5.410769,336.894,-2.815726,0.520393,5.40427,-7.6722,-34.1438,0.2717972,
2,107.42,2,5.40798,336.8776,-2.81568,0.5206527,5.40427,-7.6722,-34.1438,0.2717972,
2,107.43,2,5.408718,336.8723,-2.815343,0.5205195,5.39995,-7.6722,-34.1444,0.2723999,
2,107.44,2,5.409171,336.8771,-2.819534,0.5212507,5.39995,-7.6722,-34.1444,0.2723999,
2,107.45,2,5.408781,336.8677,-2.820424,0.5214528,5.39995,-7.6722,-34.1444,0.2723999,
2,107.46,2,5.410422,336.8687,-2.818625,0.5209621,5.39995,-7.6722,-34.1444,0.2723999,
2,107.47,2,5.411495,336.8688,-2.816261,0.520422,5.39995,-7.6722,-34.1444,0.2723999,
2,107.48,2,5.411169,336.8607,-2.814921,0.5202057,5.39995,-7.6722,-34.1444,0.2723999,
2,107.49,2,5.408573,336.8627,-2.812951,0.5200912,5.39995,-7.6722,-34.1444,0.2723999,
2,107.5,2,5.408679,336.86,-2.813094,0.5201073,5.39995,-7.6722,-34.1444,0.2723999,
2,107.51,2,5.408689,336.8471,-2.815741,0.5205958,5.39995,-7.6722,-34.1444,0.2723999,
2,107.52,2,5.409401,336.8579,-2.813235,0.520064,5.39995,-7.6722,-34.1444,0.2723999,
2,107.53,2,5.410498,336.8531,-2.809489,0.5192662,5.39995,-7.6722,-34.1444,0.2723999,
2,107.54,2,5.408007,336.8417,-2.80835,0.5192948,5.39995,-7.6722,-34.1444,0.2723999,
2,107.55,2,5.40835,336.8389,-2.808166,0.5192279,5.39995,-7.6722,-34.1444,0.2723999,
2,107.56,2,5.414753,336.8321,-2.807829,0.5185517,5.39995,-7.6722,-34.1444,0.2723999,
2,107.57,2,5.417069,336.8061,-2.810861,0.5188896,5.39995,-7.6722,-34.1444,0.2723999,
2,107.58,2,5.421477,336.7991,-2.812532,0.518776,5.39995,-7.6722,-34.1444,0.2723999,
2,107.59,2,5.423638,336.7878,-2.812474,0.5185586,5.39995,-7.6722,-34.1444,0.2723999,
2,107.6,2,5.425146,336.7785,-2.813753,0.5186502,5.39995,-7.6722,-34.1444,0.2723999,
2,107.61,2,5.425635,336.8057,-2.813973,0.518644,5.39995,-7.6722,-34.1444,0.2723999,
2,107.62,2,5.423254,336.7376,-2.816321,0.5193048,5.39995,-7.6722,-34.1444,0.2723999,
2,107.63,2,5.420155,336.7624,-2.817516,0.5198221,5.39995,-7.6722,-34.1444,0.2723999,
2,107.64,2,5.422101,336.7615,-2.818747,0.5198624,5.39995,-7.6722,-34.1444,0.2723999,
2,107.65,2,5.422722,336.7626,-2.818537,0.5197641,5.39995,-7.6722,-34.1444,0.2723999,
2,107.66,2,5.420864,336.763,-2.818513,0.519938,5.39995,-7.6722,-34.1444,0.2723999,
2,107.67,2,5.424034,336.7523,-2.817946,0.5195296,5.39587,-7.6722,-34.1451,0.273098,
2,107.68,2,5.419874,336.7603,-2.821441,0.5205733,5.39587,-7.6722,-34.1451,0.273098,
2,107.69,2,5.422387,336.7592,-2.823246,0.5206648,5.39587,-7.6722,-34.1451,0.273098,
2,107.7,2,5.423652,336.7466,-2.821944,0.5203032,5.39587,-7.6722,-34.1451,0.273098,
2,107.71,2,5.422895,336.7526,-2.820501,0.5201098,5.39587,-7.6722,-34.1451,0.273098,
2,107.72,2,5.421686,336.7482,-2.820404,0.5202079,5.39587,-7.6722,-34.1451,0.273098,
2,107.73,2,5.423236,336.7448,-2.821505,0.5202623,5.39587,-7.6722,-34.1451,0.273098,
2,107.74,2,5.422334,336.7368,-2.821746,0.5203932,5.39587,-7.6722,-34.1451,0.273098,
2,107.75,2,5.421479,336.6862,-2.822865,0.5206817,5.39587,-7.6722,-34.1451,0.273098,
2,107.76,2,5.422852,336.7291,-2.821164,0.5202363,5.39587,-7.6722,-34.1451,0.273098,
2,107.77,2,5.422066,336.7331,-2.819528,0.5200098,5.39587,-7.6722,-34.1451,0.273098,
2,107.78,2,5.425409,336.7193,-2.818631,0.519524,5.39587,-7.6722,-34.1451,0.273098,
2,107.79,2,5.429676,336.7033,-2.817096,0.5188332,5.39587,-7.6722,-34.1451,0.273098,
2,107.8,2,5.433182,336.6905,-2.820441,0.5191139,5.39587,-7.6722,-34.1451,0.273098,
2,107.81,2,5.435226,336.6668,-2.820879,0.5189993,5.39587,-7.6722,-34.1451,0.273098,
2,107.82,2,5.436094,336.6736,-2.81944,0.5186518,5.39587,-7.6722,-34.1451,0.273098,
2,107.83,2,5.434733,336.6704,-2.817343,0.5183958,5.39587,-7.6722,-34.1451,0.273098,
2,107.84,2,5.437991,336.6817,-2.817626,0.5181373,5.39587,-7.6722,-34.1451,0.273098,
2,107.85,2,5.438718,336.6649,-2.817156,0.5179816,5.39587,-7.6722,-34.1451,0.273098,
2,107.86,2,5.436733,336.6578,-2.820355,0.5187591,5.39587,-7.6722,-34.1451,0.273098,
2,107.87,2,5.435374,336.6472,-2.821629,0.5191231,5.39587,-7.6722,-34.1451,0.273098,
2,107.88,2,5.436831,336.6542,-2.821806,0.5190167,5.39587,-7.6722,-34.1451,0.273098,
2,107.89,2,5.43768,336.6404,-2.819844,0.5185748,5.39587,-7.6722,-34.1451,0.273098,
2,107.9,2,5.434992,336.641,-2.821116,0.5190654,5.39587,-7.6722,-34.1451,0.273098,
2,107.91,2,5.435729,336.6414,-2.824013,0.5195279,5.39587,-7.6722,-34.1451,0.273098,
2,107.92,2,5.435683,336.644,-2.826205,0.5199355,5.39587,-7.6722,-34.1451,0.273098,
2,107.93,2,5.43425,336.6383,-2.826099,0.5200531,5.39587,-7.6722,-34.1451,0.273098,
2,107.94,2,5.432855,336.6359,-2.825932,0.520156,5.39208,-7.6722,-34.1457,0.2736969,
2,107.95,2,5.434228,336.6257,-2.825728,0.519987,5.39208,-7.6722,-34.1457,0.2736969,
2,107.96,2,5.436701,336.6229,-2.823064,0.5192605,5.39208,-7.6722,-34.1457,0.2736969,
2,107.97,2,5.43597,336.621,-2.82646,0.5199549,5.39208,-7.6722,-34.1457,0.2736969,
2,107.98,2,5.43242,336.6218,-2.828972,0.5207573,5.39208,-7.6722,-34.1457,0.2736969,
2,107.99,2,5.432001,336.6476,-2.830404,0.521061,5.39208,-7.6722,-34.1457,0.2736969,
2,108,2,5.434072,336.6021,-2.829432,0.5206836,5.39208,-7.6722,-34.1457,0.2736969,
2,108.01,2,5.434755,336.6171,-2.825842,0.5199576,5.39208,-7.6722,-34.1457,0.2736969,
2,108.02,2,5.433411,336.6176,-2.827879,0.5204611,5.39208,-7.6722,-34.1457,0.2736969,
2,108.03,2,5.433648,336.6145,-2.830317,0.5208871,5.39208,-7.6722,-34.1457,0.2736969,
2,108.04,2,5.434032,336.6074,-2.832677,0.5212846,5.39208,-7.6722,-34.1457,0.2736969,
2,108.05,2,5.436656,336.6245,-2.835476,0.5215478,5.39208,-7.6722,-34.1457,0.2736969,
2,108.06,2,5.439566,336.5936,-2.83211,0.52065,5.39208,-7.6722,-34.1457,0.2736969,
2,108.07,2,5.443333,336.5681,-2.833564,0.5205569,5.39208,-7.6722,-34.1457,0.2736969,
2,108.08,2,5.447474,336.557,-2.831763,0.5198305,5.39208,-7.6722,-34.1457,0.2736969,
2,108.09,2,5.452189,336.5574,-2.829449,0.5189565,5.39208,-7.6722,-34.1457,0.2736969,
2,108.1,2,5.449087,336.5515,-2.830899,0.519518,5.39208,-7.6722,-34.1457,0.2736969,
2,108.11,2,5.448423,336.549,-2.82914,0.5192586,5.39208,-7.6722,-34.1457,0.2736969,
2,108.12,2,5.44812,336.5352,-2.82946,0.5193461,5.39208,-7.6722,-34.1457,0.2736969,
2,108.13,2,5.450628,336.5323,-2.82694,0.5186449,5.39208,-7.6722,-34.1457,0.2736969,
2,108.14,2,5.44802,336.5325,-2.827738,0.5190396,5.39208,-7.6722,-34.1457,0.2736969,
2,108.15,2,5.446585,336.5283,-2.829973,0.5195867,5.39208,-7.6722,-34.1457,0.2736969,
2,108.16,2,5.448987,336.5265,-2.83101,0.5195479,5.39208,-7.6722,-34.1457,0.2736969,
2,108.17,2,5.447291,336.5441,-2.828842,0.5193117,5.39208,-7.6722,-34.1457,0.2736969,
2,108.18,2,5.446906,336.5284,-2.829597,0.5194871,5.39208,-7.6722,-34.1457,0.2736969,
2,108.19,2,5.447345,336.5207,-2.830113,0.5195398,5.39208,-7.6722,-34.1457,0.2736969,
2,108.2,2,5.448065,336.5052,-2.829595,0.5193762,5.39208,-7.6722,-34.1457,0.2736969,
2,108.21,2,5.447566,336.5183,-2.832881,0.520027,5.38748,-7.6722,-34.1464,0.2743988,
2,108.22,2,5.446614,336.5079,-2.835759,0.5206462,5.38748,-7.6722,-34.1464,0.2743988,
2,108.23,2,5.445868,336.5047,-2.835232,0.5206207,5.38748,-7.6722,-34.1464,0.2743988,
2,108.24,2,5.445937,336.5012,-2.838207,0.5211605,5.38748,-7.6722,-34.1464,0.2743988,
2,108.25,2,5.445288,336.5078,-2.837355,0.5210661,5.38748,-7.6722,-34.1464,0.2743988,
2,108.26,2,5.448365,336.5005,-2.837615,0.5208195,5.38748,-7.6722,-34.1464,0.2743988,
2,108.27,2,5.446086,336.4853,-2.842049,0.5218516,5.38748,-7.6722,-34.1464,0.2743988,
2,108.28,2,5.445972,336.4879,-2.84481,0.5223696,5.38748,-7.6722,-34.1464,0.2743988,
2,108.29,2,5.447235,336.4926,-2.842407,0.5218073,5.38748,-7.6722,-34.1464,0.2743988,
2,108.3,2,5.447001,336.4868,-2.840011,0.5213898,5.38748,-7.6722,-34.1464,0.2743988,
2,108.31,2,5.444889,336.4865,-2.845181,0.5225415,5.38748,-7.6722,-34.1464,0.2743988,
2,108.32,2,5.446967,336.4847,-2.844466,0.5222111,5.38748,-7.6722,-34.1464,0.2743988,
2,108.33,2,5.44916,336.4785,-2.842917,0.5217167,5.38748,-7.6722,-34.1464,0.2743988,
2,108.34,2,5.453299,336.4725,-2.844857,0.5216763,5.38748,-7.6722,-34.1464,0.2743988,
2,108.35,2,5.456839,336.4647,-2.842834,0.5209671,5.38748,-7.6722,-34.1464,0.2743988,
2,108.36,2,5.458184,336.4192,-2.841966,0.5206799,5.38748,-7.6722,-34.1464,0.2743988,
2,108.37,2,5.458572,336.4307,-2.844097,0.5210331,5.38748,-7.6722,-34.1464,0.2743988,
2,108.38,2,5.459433,336.4306,-2.842195,0.5206026,5.38748,-7.6722,-34.1464,0.2743988,
2,108.39,2,5.457063,336.4172,-2.844434,0.5212389,5.38748,-7.6722,-34.1464,0.2743988,
2,108.4,2,5.456848,336.4467,-2.847433,0.521809,5.38748,-7.6722,-34.1464,0.2743988,
2,108.41,2,5.458003,336.4219,-2.842888,0.520866,5.38748,-7.6722,-34.1464,0.2743988,
2,108.42,2,5.459453,336.4146,-2.839516,0.52011,5.38748,-7.6722,-34.1464,0.2743988,
2,108.43,2,5.456651,336.4185,-2.84155,0.5207499,5.38748,-7.6722,-34.1464,0.2743988,
2,108.44,2,5.45798,336.4055,-2.842625,0.52082,5.38748,-7.6722,-34.1464,0.2743988,
2,108.45,2,5.458428,336.4093,-2.845025,0.5212169,5.38748,-7.6722,-34.1464,0.2743988,
2,108.46,2,5.459431,336.4119,-2.845103,0.5211354,5.3834,-7.6722,-34.147,0.2749977,
2,108.47,2,5.45681,336.3963,-2.843898,0.5211649,5.3834,-7.6722,-34.147,0.2749977,
2,108.48,2,5.456784,336.3923,-2.844754,0.5213243,5.3834,-7.6722,-34.147,0.2749977,
2,108.49,2,5.458236,336.3894,-2.845996,0.5214131,5.3834,-7.6722,-34.147,0.2749977,
2,108.5,2,5.458335,336.3876,-2.848083,0.521786,5.3834,-7.6722,-34.147,0.2749977,
2,108.51,2,5.456953,336.3805,-2.845576,0.5214587,5.3834,-7.6722,-34.147,0.2749977,
2,108.52,2,5.456208,336.3732,-2.84859,0.5220824,5.3834,-7.6722,-34.147,0.2749977,
2,108.53,2,5.461446,336.3777,-2.848598,0.5215831,5.3834,-7.6722,-34.147,0.2749977,
2,108.54,2,5.462038,336.3559,-2.845755,0.521006,5.3834,-7.6722,-34.147,0.2749977,
2,108.55,2,5.469358,336.3456,-2.848341,0.5207815,5.3834,-7.6722,-34.147,0.2749977,
2,108.56,2,5.470392,336.3385,-2.850585,0.5210935,5.3834,-7.6722,-34.147,0.2749977,
2,108.57,2,5.47188,336.3328,-2.85103,0.521033,5.3834,-7.6722,-34.147,0.2749977,
2,108.58,2,5.473843,336.3149,-2.853188,0.5212404,5.3834,-7.6722,-34.147,0.2749977,
2,108.59,2,5.471119,336.3353,-2.855533,0.5219285,5.3834,-7.6722,-34.147,0.2749977,
2,108.6,2,5.471623,336.3318,-2.853557,0.5215194,5.3834,-7.6722,-34.147,0.2749977,
2,108.61,2,5.473119,336.3174,-2.853872,0.5214342,5.3834,-7.6722,-34.147,0.2749977,
2,108.62,2,5.471478,336.3127,-2.857702,0.5222906,5.3834,-7.6722,-34.147,0.2749977,
2,108.63,2,5.47054,336.311,-2.860755,0.5229384,5.3834,-7.6722,-34.147,0.2749977,
2,108.64,2,5.473803,336.2758,-2.8605,0.52258,5.3834,-7.6722,-34.147,0.2749977,
2,108.65,2,5.473189,336.3104,-2.854667,0.5215729,5.3834,-7.6722,-34.147,0.2749977,
2,108.66,2,5.471832,336.2971,-2.850612,0.5209611,5.3834,-7.6722,-34.147,0.2749977,
2,108.67,2,5.474326,336.3046,-2.850194,0.5206475,5.3834,-7.6722,-34.147,0.2749977,
2,108.68,2,5.47247,336.2998,-2.851249,0.5210167,5.3834,-7.6722,-34.147,0.2749977,
2,108.69,2,5.473935,336.2972,-2.855515,0.5216568,5.3834,-7.6722,-34.147,0.2749977,
2,108.7,2,5.47028,336.3023,-2.857475,0.5223635,5.37932,-7.6722,-34.1476,0.2755966,
2,108.71,2,5.473236,336.2936,-2.853983,0.5214434,5.37932,-7.6722,-34.1476,0.2755966,
2,108.72,2,5.472343,336.2928,-2.849974,0.520796,5.37932,-7.6722,-34.1476,0.2755966,
2,108.73,2,5.474372,336.2896,-2.847231,0.5201019,5.37932,-7.6722,-34.1476,0.2755966,
2,108.74,2,5.472703,336.2797,-2.850044,0.5207745,5.37932,-7.6722,-34.1476,0.2755966,
2,108.75,2,5.472256,336.2813,-2.849209,0.5206644,5.37932,-7.6722,-34.1476,0.2755966,
2,108.76,2,5.473557,336.26,-2.852574,0.5211554,5.37932,-7.6722,-34.1476,0.2755966,
2,108.77,2,5.475693,336.2843,-2.850342,0.5205445,5.37932,-7.6722,-34.1476,0.2755966,
2,108.78,2,5.473861,336.2708,-2.852324,0.5210809,5.37932,-7.6722,-34.1476,0.2755966,
2,108.79,2,5.477057,336.2589,-2.854705,0.5212115,5.37932,-7.6722,-34.1476,0.2755966,
2,108.8,2,5.481541,336.2556,-2.857105,0.5212231,5.37932,-7.6722,-34.1476,0.2755966,
2,108.81,2,5.485169,336.1986,-2.85823,0.5210832,5.37932,-7.6722,-34.1476,0.2755966,
2,108.82,2,5.487546,336.2641,-2.861763,0.5215013,5.37932,-7.6722,-34.1476,0.2755966,
2,108.83,2,5.486798,336.2112,-2.857573,0.5208089,5.37932,-7.6722,-34.1476,0.2755966,
2,108.84,2,5.487852,336.205,-2.859181,0.5210019,5.37932,-7.6722,-34.1476,0.2755966,
2,108.85,2,5.486044,336.2062,-2.864555,0.5221531,5.37932,-7.6722,-34.1476,0.2755966,
2,108.86,2,5.488556,336.208,-2.863037,0.5216374,5.37932,-7.6722,-34.1476,0.2755966,
2,108.87,2,5.488895,336.1992,-2.864682,0.5219051,5.37932,-7.6722,-34.1476,0.2755966,
2,108.88,2,5.486336,336.1973,-2.866705,0.5225172,5.37932,-7.6722,-34.1476,0.2755966,
2,108.89,2,5.488087,336.1978,-2.863493,0.5217654,5.37932,-7.6722,-34.1476,0.2755966,
2,108.9,2,5.488557,336.1948,-2.86539,0.5220661,5.37932,-7.6722,-34.1476,0.2755966,
2,108.91,2,5.487636,336.1911,-2.868412,0.5227045,5.375,-7.6722,-34.1483,0.2762985,
2,108.92,2,5.48765,336.1768,-2.865691,0.5222073,5.375,-7.6722,-34.1483,0.2762985,
2,108.93,2,5.486918,336.1774,-2.867269,0.5225645,5.375,-7.6722,-34.1483,0.2762985,
2,108.94,2,5.486639,336.182,-2.865987,0.5223575,5.375,-7.6722,-34.1483,0.2762985,
2,108.95,2,5.486345,336.1779,-2.868241,0.5227962,5.375,-7.6722,-34.1483,0.2762985,
2,108.96,2,5.486158,336.1781,-2.866516,0.5224998,5.375,-7.6722,-34.1483,0.2762985,
2,108.97,2,5.486429,336.1815,-2.866316,0.5224375,5.375,-7.6722,-34.1483,0.2762985,
2,108.98,2,5.487213,336.1715,-2.866794,0.5224499,5.375,-7.6722,-34.1483,0.2762985,
2,108.99,2,5.486357,336.1503,-2.862946,0.52183,5.375,-7.6722,-34.1483,0.2762985,
2,109,2,5.485053,336.1693,-2.86301,0.5219657,5.375,-7.6722,-34.1483,0.2762985,
2,109.01,2,5.490457,336.1654,-2.857255,0.5204038,5.375,-7.6722,-34.1483,0.2762985,
2,109.02,2,5.493711,336.1415,-2.8539,0.5194849,5.375,-7.6722,-34.1483,0.2762985,
2,109.03,2,5.495913,336.1225,-2.853126,0.5191361,5.375,-7.6722,-34.1483,0.2762985,
2,109.04,2,5.498931,336.1271,-2.858528,0.5198334,5.375,-7.6722,-34.1483,0.2762985,
2,109.05,2,5.498843,336.0903,-2.861695,0.5204176,5.375,-7.6722,-34.1483,0.2762985,
2,109.06,2,5.50139,336.096,-2.864965,0.5207712,5.375,-7.6722,-34.1483,0.2762985,
2,109.07,2,5.499709,336.1011,-2.865036,0.5209433,5.375,-7.6722,-34.1483,0.2762985,
2,109.08,2,5.499864,336.0994,-2.867344,0.5213482,5.375,-7.6722,-34.1483,0.2762985,
2,109.09,2,5.500344,336.0968,-2.868648,0.5215397,5.375,-7.6722,-34.1483,0.2762985,
2,109.1,2,5.499157,336.098,-2.869148,0.5217433,5.375,-7.6722,-34.1483,0.2762985,
2,109.11,2,5.499253,336.0988,-2.872697,0.5223795,5.375,-7.6722,-34.1483,0.2762985,
2,109.12,2,5.49913,336.0895,-2.872909,0.5224297,5.375,-7.6722,-34.1483,0.2762985,
2,109.13,2,5.498929,336.0785,-2.869166,0.5217682,5.375,-7.6722,-34.1483,0.2762985,
2,109.14,2,5.49993,336.0798,-2.866239,0.5211409,5.3712,-7.6722,-34.1488,0.2767982,
2,109.15,2,5.497129,336.0732,-2.868727,0.5218592,5.3712,-7.6722,-34.1488,0.2767982,
2,109.16,2,5.499454,336.0777,-2.873993,0.5225959,5.3712,-7.6722,-34.1488,0.2767982,
2,109.17,2,5.49999,336.0418,-2.874161,0.5225758,5.3712,-7.6722,-34.1488,0.2767982,
2,109.18,2,5.497375,336.0842,-2.874809,0.5229421,5.3712,-7.6722,-34.1488,0.2767982,
2,109.19,2,5.498301,336.072,-2.872549,0.5224431,5.3712,-7.6722,-34.1488,0.2767982,
2,109.2,2,5.49983,336.0692,-2.872008,0.5221994,5.3712,-7.6722,-34.1488,0.2767982,
2,109.21,2,5.497597,336.0661,-2.872614,0.5225217,5.3712,-7.6722,-34.1488,0.2767982,
2,109.22,2,5.498956,336.0589,-2.878157,0.5234007,5.3712,-7.6722,-34.1488,0.2767982,
2,109.23,2,5.498213,336.0984,-2.87895,0.5236156,5.3712,-7.6722,-34.1488,0.2767982,
2,109.24,2,5.498837,336.0602,-2.87582,0.522987,5.3712,-7.6722,-34.1488,0.2767982,
2,109.25,2,5.500234,336.0425,-2.874107,0.5225428,5.3712,-7.6722,-34.1488,0.2767982,
2,109.26,2,5.503515,336.03,-2.869995,0.521484,5.3712,-7.6722,-34.1488,0.2767982,
2,109.27,2,5.509088,336.0136,-2.866998,0.5204125,5.3712,-7.6722,-34.1488,0.2767982,
2,109.28,2,5.511735,336.0021,-2.870449,0.5207886,5.3712,-7.6722,-34.1488,0.2767982,
2,109.29,2,5.512558,335.9931,-2.869043,0.5204557,5.3712,-7.6722,-34.1488,0.2767982,
2,109.3,2,5.512258,335.9992,-2.867712,0.5202428,5.3712,-7.6722,-34.1488,0.2767982,
2,109.31,2,5.512364,335.997,-2.865042,0.5197483,5.3712,-7.6722,-34.1488,0.2767982,
2,109.32,2,5.510791,335.9799,-2.865456,0.5199718,5.3712,-7.6722,-34.1488,0.2767982,
2,109.33,2,5.511724,335.9793,-2.867781,0.5203056,5.3712,-7.6722,-34.1488,0.2767982,
2,109.34,2,5.51086,335.9758,-2.869707,0.5207367,5.3712,-7.6722,-34.1488,0.2767982,
2,109.35,2,5.510379,335.9966,-2.86937,0.520721,5.3712,-7.6722,-34.1488,0.2767982,
2,109.36,2,5.511047,335.9733,-2.872649,0.5212529,5.3712,-7.6722,-34.1488,0.2767982,
2,109.37,2,5.511519,335.9674,-2.869189,0.5205805,5.3712,-7.6722,-34.1488,0.2767982,
2,109.38,2,5.509753,335.9617,-2.869414,0.5207881,5.3712,-7.6722,-34.1488,0.2767982,
2,109.39,2,5.512899,335.9726,-2.872076,0.5209738,5.3674,-7.6722,-34.1494,0.2773972,
2,109.4,2,5.508104,335.9703,-2.87454,0.5218747,5.3674,-7.6722,-34.1494,0.2773972,
2,109.41,2,5.50945,335.9268,-2.875523,0.5219256,5.3674,-7.6722,-34.1494,0.2773972,
2,109.42,2,5.508496,335.9526,-2.874654,0.5218582,5.3674,-7.6722,-34.1494,0.2773972,
2,109.43,2,5.510273,335.9519,-2.871885,0.5211874,5.3674,-7.6722,-34.1494,0.2773972,
2,109.44,2,5.508658,335.9465,-2.874491,0.5218133,5.3674,-7.6722,-34.1494,0.2773972,
2,109.45,2,5.510553,335.946,-2.874562,0.5216467,5.3674,-7.6722,-34.1494,0.2773972,
2,109.46,2,5.512424,335.9399,-2.87794,0.5220825,5.3674,-7.6722,-34.1494,0.2773972,
2,109.47,2,5.511939,335.9452,-2.877493,0.5220473,5.3674,-7.6722,-34.1494,0.2773972,
2,109.48,2,5.515622,335.9191,-2.877311,0.5216657,5.3674,-7.6722,-34.1494,0.2773972,
2,109.49,2,5.518397,335.894,-2.877282,0.5213981,5.3674,-7.6722,-34.1494,0.2773972,
2,109.5,2,5.521156,335.8988,-2.879359,0.5215138,5.3674,-7.6722,-34.1494,0.2773972,
2,109.51,2,5.524063,335.8886,-2.881429,0.5216141,5.3674,-7.6722,-34.1494,0.2773972,
2,109.52,2,5.522885,335.8728,-2.883058,0.5220203,5.3674,-7.6722,-34.1494,0.2773972,
2,109.53,2,5.522787,335.8987,-2.88198,0.5218344,5.3674,-7.6722,-34.1494,0.2773972,
2,109.54,2,5.522861,335.8731,-2.881066,0.5216618,5.3674,-7.6722,-34.1494,0.2773972,
2,109.55,2,5.522951,335.8651,-2.877011,0.5209192,5.3674,-7.6722,-34.1494,0.2773972,
2,109.56,2,5.524457,335.8676,-2.877737,0.5209085,5.3674,-7.6722,-34.1494,0.2773972,
2,109.57,2,5.521825,335.8647,-2.880181,0.5215995,5.3674,-7.6722,-34.1494,0.2773972,
2,109.58,2,5.523508,335.8842,-2.878932,0.5212144,5.3674,-7.6722,-34.1494,0.2773972,
2,109.59,2,5.52383,335.8618,-2.877457,0.5209169,5.36333,-7.6722,-34.15,0.2779999,
2,109.6,2,5.522626,335.8602,-2.87387,0.520381,5.36333,-7.6722,-34.15,0.2779999,
2,109.61,2,5.52254,335.8564,-2.872164,0.5200803,5.36333,-7.6722,-34.15,0.2779999,
2,109.62,2,5.524218,335.8477,-2.874771,0.5203943,5.36333,-7.6722,-34.15,0.2779999,
2,109.63,2,5.51969,335.8452,-2.880606,0.5218782,5.36333,-7.6722,-34.15,0.2779999,
2,109.64,2,5.522329,335.8523,-2.881678,0.5218229,5.36333,-7.6722,-34.15,0.2779999,
2,109.65,2,5.522514,335.8513,-2.882252,0.5219095,5.36333,-7.6722,-34.15,0.2779999,
2,109.66,2,5.520495,335.8343,-2.88231,0.5221109,5.36333,-7.6722,-34.15,0.2779999,
2,109.67,2,5.520792,335.8306,-2.883152,0.5222353,5.36333,-7.6722,-34.15,0.2779999,
2,109.68,2,5.52503,335.8209,-2.884307,0.5220436,5.36333,-7.6722,-34.15,0.2779999,
2,109.69,2,5.52756,335.813,-2.885582,0.5220354,5.36333,-7.6722,-34.15,0.2779999,
2,109.7,2,5.53034,335.793,-2.890215,0.5226107,5.36333,-7.6722,-34.15,0.2779999,
2,109.71,2,5.532752,335.7868,-2.891362,0.5225902,5.36333,-7.6722,-34.15,0.2779999,
2,109.72,2,5.536479,335.7832,-2.890969,0.5221674,5.36333,-7.6722,-34.15,0.2779999,
2,109.73,2,5.535756,335.7772,-2.890424,0.5221372,5.36333,-7.6722,-34.15,0.2779999,
2,109.74,2,5.533849,335.7832,-2.891838,0.5225726,5.36333,-7.6722,-34.15,0.2779999,
2,109.75,2,5.535614,335.7813,-2.892563,0.5225371,5.36333,-7.6722,-34.15,0.2779999,
2,109.76,2,5.533668,335.7977,-2.894251,0.5230258,5.36333,-7.6722,-34.15,0.2779999,
2,109.77,2,5.533617,335.7607,-2.894575,0.5230891,5.36333,-7.6722,-34.15,0.2779999,
2,109.78,2,5.534135,335.7681,-2.891201,0.5224306,5.36333,-7.6722,-34.15,0.2779999,
2,109.79,2,5.535755,335.7619,-2.889755,0.5220165,5.36333,-7.6722,-34.15,0.2779999,
2,109.8,2,5.535944,335.7603,-2.891594,0.5223308,5.3598,-7.6722,-34.1506,0.2785988,
2,109.81,2,5.532522,335.7601,-2.895326,0.5233285,5.3598,-7.6722,-34.1506,0.2785988,
2,109.82,2,5.533428,335.7577,-2.893061,0.5228335,5.3598,-7.6722,-34.1506,0.2785988,
2,109.83,2,5.536025,335.7502,-2.890863,0.5221911,5.3598,-7.6722,-34.1506,0.2785988,
2,109.84,2,5.532672,335.7537,-2.890203,0.5223882,5.3598,-7.6722,-34.1506,0.2785988,
2,109.85,2,5.534745,335.7504,-2.888616,0.5219058,5.3598,-7.6722,-34.1506,0.2785988,
2,109.86,2,5.535804,335.7458,-2.888787,0.5218369,5.3598,-7.6722,-34.1506,0.2785988,
2,109.87,2,5.536039,335.7548,-2.890158,0.5220624,5.3598,-7.6722,-34.1506,0.2785988,
2,109.88,2,5.533739,335.7236,-2.888662,0.5220091,5.3598,-7.6722,-34.1506,0.2785988,
2,109.89,2,5.53511,335.7384,-2.888498,0.5218502,5.3598,-7.6722,-34.1506,0.2785988,
2,109.9,2,5.532081,335.7284,-2.886402,0.521757,5.3598,-7.6722,-34.1506,0.2785988,
2,109.91,2,5.533526,335.7213,-2.884153,0.5212142,5.3598,-7.6722,-34.1506,0.2785988,
2,109.92,2,5.536599,335.7221,-2.886136,0.5212831,5.3598,-7.6722,-34.1506,0.2785988,
2,109.93,2,5.539235,335.7088,-2.889338,0.5216132,5.3598,-7.6722,-34.1506,0.2785988,
2,109.94,2,5.541398,335.6879,-2.889686,0.5214724,5.3598,-7.6722,-34.1506,0.2785988,
2,109.95,2,5.544563,335.669,-2.888498,0.5209605,5.3598,-7.6722,-34.1506,0.2785988,
2,109.96,2,5.54666,335.6818,-2.891389,0.5212846,5.3598,-7.6722,-34.1506,0.2785988,
2,109.97,2,5.545067,335.6486,-2.892092,0.5215613,5.3598,-7.6722,-34.1506,0.2785988,
2,109.98,2,5.54622,335.6611,-2.893292,0.5216693,5.3598,-7.6722,-34.1506,0.2785988,
2,109.99,2,5.546062,335.6678,-2.896576,0.5222762,5.3598,-7.6722,-34.1506,0.2785988,
2,110,2,5.543708,335.6699,-2.896034,0.5224001,5.3598,-7.6722,-34.1506,0.2785988,
2,110.01,2,5.544407,335.6553,-2.895075,0.5221614,5.3598,-7.6722,-34.1506,0.2785988,
2,110.02,2,5.544491,335.6549,-2.896636,0.5224349,5.356,-7.6722,-34.1512,0.2791977,
2,110.03,2,5.543408,335.6526,-2.895718,0.5223715,5.356,-7.6722,-34.1512,0.2791977,
2,110.04,2,5.544986,335.6444,-2.897292,0.5225067,5.356,-7.6722,-34.1512,0.2791977,
2,110.05,2,5.545035,335.6393,-2.901841,0.5233223,5.356,-7.6722,-34.1512,0.2791977,
2,110.06,2,5.542497,335.6532,-2.90306,0.5237819,5.356,-7.6722,-34.1512,0.2791977,
2,110.07,2,5.545786,335.6535,-2.899462,0.5228225,5.356,-7.6722,-34.1512,0.2791977,
2,110.08,2,5.545772,335.6475,-2.898693,0.5226852,5.356,-7.6722,-34.1512,0.2791977,
2,110.09,2,5.546702,335.6444,-2.899966,0.522827,5.356,-7.6722,-34.1512,0.2791977,
2,110.1,2,5.545114,335.6394,-2.900394,0.523054,5.356,-7.6722,-34.1512,0.2791977,
2,110.11,2,5.544859,335.6816,-2.901434,0.5232655,5.356,-7.6722,-34.1512,0.2791977,
2,110.12,2,5.54516,335.6367,-2.901448,0.5232396,5.356,-7.6722,-34.1512,0.2791977,
2,110.13,2,5.548351,335.6316,-2.898307,0.5223726,5.356,-7.6722,-34.1512,0.2791977,
2,110.14,2,5.55037,335.6174,-2.897518,0.5220405,5.356,-7.6722,-34.1512,0.2791977,
2,110.15,2,5.555028,335.5983,-2.897232,0.5215514,5.356,-7.6722,-34.1512,0.2791977,
2,110.16,2,5.56108,335.5907,-2.899554,0.5214013,5.356,-7.6722,-34.1512,0.2791977,
2,110.17,2,5.55894,335.5977,-2.902404,0.5221146,5.356,-7.6722,-34.1512,0.2791977,
2,110.18,2,5.558961,335.5799,-2.901487,0.5219477,5.356,-7.6722,-34.1512,0.2791977,
2,110.19,2,5.559842,335.5872,-2.896984,0.521055,5.356,-7.6722,-34.1512,0.2791977,
2,110.2,2,5.558009,335.5737,-2.898377,0.5214776,5.356,-7.6722,-34.1512,0.2791977,
2,110.21,2,5.558415,335.568,-2.900077,0.5217454,5.356,-7.6722,-34.1512,0.2791977,
2,110.22,2,5.557414,335.5657,-2.901846,0.5221576,5.356,-7.6722,-34.1512,0.2791977,
2,110.23,2,5.558529,335.5634,-2.901951,0.5220718,5.356,-7.6722,-34.1512,0.2791977,
2,110.24,2,5.558343,335.5487,-2.901801,0.5220622,5.356,-7.6722,-34.1512,0.2791977,
2,110.25,2,5.557023,335.5574,-2.901988,0.5222199,5.356,-7.6722,-34.1512,0.2791977,
2,110.26,2,5.55529,335.5561,-2.904318,0.5228022,5.356,-7.6722,-34.1512,0.2791977,
2,110.27,2,5.558705,335.5524,-2.904226,0.5224645,5.35222,-7.6722,-34.1517,0.2796974,
2,110.28,2,5.557782,335.5385,-2.906354,0.5229341,5.35222,-7.6722,-34.1517,0.2796974,
2,110.29,2,5.55675,335.542,-2.906857,0.5231218,5.35222,-7.6722,-34.1517,0.2796974,
2,110.3,2,5.556101,335.5497,-2.908736,0.5235211,5.35222,-7.6722,-34.1517,0.2796974,
2,110.31,2,5.555335,335.5364,-2.909309,0.5236964,5.35222,-7.6722,-34.1517,0.2796974,
2,110.32,2,5.556733,335.5282,-2.907614,0.5232596,5.35222,-7.6722,-34.1517,0.2796974,
2,110.33,2,5.55716,335.5399,-2.909943,0.5236384,5.35222,-7.6722,-34.1517,0.2796974,
2,110.34,2,5.555666,335.5337,-2.91075,0.5239245,5.35222,-7.6722,-34.1517,0.2796974,
2,110.35,2,5.556635,335.4991,-2.913214,0.5242767,5.35222,-7.6722,-34.1517,0.2796974,
2,110.36,2,5.559824,335.5349,-2.909803,0.5233625,5.35222,-7.6722,-34.1517,0.2796974,
2,110.37,2,5.561394,335.5029,-2.910236,0.5232925,5.35222,-7.6722,-34.1517,0.2796974,
2,110.38,2,5.564051,335.5006,-2.916323,0.5241367,5.35222,-7.6722,-34.1517,0.2796974,
2,110.39,2,5.568535,335.4901,-2.915508,0.5235683,5.35222,-7.6722,-34.1517,0.2796974,
2,110.4,2,5.571055,335.4828,-2.916787,0.5235611,5.35222,-7.6722,-34.1517,0.2796974,
2,110.41,2,5.568739,335.4664,-2.915223,0.5234979,5.35222,-7.6722,-34.1517,0.2796974,
2,110.42,2,5.571141,335.4829,-2.913908,0.5230361,5.35222,-7.6722,-34.1517,0.2796974,
2,110.43,2,5.568084,335.4752,-2.912076,0.5229942,5.35222,-7.6722,-34.1517,0.2796974,
2,110.44,2,5.568633,335.4833,-2.913397,0.5231799,5.35222,-7.6722,-34.1517,0.2796974,
2,110.45,2,5.567873,335.4784,-2.912749,0.5231349,5.35222,-7.6722,-34.1517,0.2796974,
2,110.46,2,5.566242,335.4656,-2.913954,0.5235047,5.35222,-7.6722,-34.1517,0.2796974,
2,110.47,2,5.567943,335.4521,-2.912946,0.5231637,5.34842,-7.6722,-34.1523,0.2803001,
2,110.48,2,5.569597,335.4655,-2.911429,0.522736,5.34842,-7.6722,-34.1523,0.2803001,
2,110.49,2,5.568765,335.4587,-2.907253,0.5220641,5.34842,-7.6722,-34.1523,0.2803001,
2,110.5,2,5.568839,335.4571,-2.906763,0.5219693,5.34842,-7.6722,-34.1523,0.2803001,
2,110.51,2,5.568745,335.4552,-2.908834,0.5223501,5.34842,-7.6722,-34.1523,0.2803001,
2,110.52,2,5.57073,335.4569,-2.911647,0.5226688,5.34842,-7.6722,-34.1523,0.2803001,
2,110.53,2,5.569262,335.4501,-2.913895,0.5232102,5.34842,-7.6722,-34.1523,0.2803001,
2,110.54,2,5.56777,335.4497,-2.911484,0.5229174,5.34842,-7.6722,-34.1523,0.2803001,
2,110.55,2,5.569147,335.4474,-2.909526,0.5224367,5.34842,-7.6722,-34.1523,0.2803001,
2,110.56,2,5.568495,335.4378,-2.913482,0.5232081,5.34842,-7.6722,-34.1523,0.2803001,
2,110.57,2,5.568301,335.4348,-2.913292,0.5231923,5.34842,-7.6722,-34.1523,0.2803001,
2,110.58,2,5.565252,335.4258,-2.915205,0.5238227,5.34842,-7.6722,-34.1523,0.2803001,
2,110.59,2,5.569414,335.4206,-2.916476,0.5236594,5.34842,-7.6722,-34.1523,0.2803001,
2,110.6,2,5.574407,335.406,-2.913503,0.522657,5.34842,-7.6722,-34.1523,0.2803001,
2,110.61,2,5.577393,335.4022,-2.91427,0.5225148,5.34842,-7.6722,-34.1523,0.2803001,
2,110.62,2,5.580876,335.3858,-2.918163,0.5228862,5.34842,-7.6722,-34.1523,0.2803001,
2,110.63,2,5.582842,335.384,-2.921176,0.5232416,5.34842,-7.6722,-34.1523,0.2803001,
2,110.64,2,5.58351,335.3868,-2.924607,0.5237935,5.34842,-7.6722,-34.1523,0.2803001,
2,110.65,2,5.580643,335.3716,-2.92306,0.5237855,5.34842,-7.6722,-34.1523,0.2803001,
2,110.66,2,5.581239,335.3802,-2.921114,0.5233809,5.34842,-7.6722,-34.1523,0.2803001,
2,110.67,2,5.581295,335.3684,-2.922704,0.5236606,5.34842,-7.6722,-34.1523,0.2803001,
2,110.68,2,5.579939,335.3716,-2.923653,0.5239578,5.34842,-7.6722,-34.1523,0.2803001,
2,110.69,2,5.580569,335.36,-2.926007,0.5243205,5.34842,-7.6722,-34.1523,0.2803001,
2,110.7,2,5.580055,335.3271,-2.926373,0.5244345,5.34842,-7.6722,-34.1523,0.2803001,
2,110.71,2,5.579182,335.3552,-2.924996,0.5242697,5.34842,-7.6722,-34.1523,0.2803001,
2,110.72,2,5.578905,335.3506,-2.922778,0.5238982,5.34842,-7.6722,-34.1523,0.2803001,
2,110.73,2,5.581357,335.3597,-2.919912,0.5231544,5.34842,-7.6722,-34.1523,0.2803001,
2,110.74,2,5.580501,335.351,-2.922082,0.5236236,5.3446,-7.6722,-34.1528,0.2807999,
2,110.75,2,5.579799,335.3506,-2.921481,0.5235817,5.3446,-7.6722,-34.1528,0.2807999,
2,110.76,2,5.579905,335.3367,-2.923526,0.5239382,5.3446,-7.6722,-34.1528,0.2807999,
2,110.77,2,5.580292,335.335,-2.920843,0.5234212,5.3446,-7.6722,-34.1528,0.2807999,
2,110.78,2,5.578955,335.3424,-2.918841,0.5231879,5.3446,-7.6722,-34.1528,0.2807999,
2,110.79,2,5.579676,335.3313,-2.918573,0.5230722,5.3446,-7.6722,-34.1528,0.2807999,
2,110.8,2,5.581641,335.3263,-2.91746,0.5226886,5.3446,-7.6722,-34.1528,0.2807999,
2,110.81,2,5.579796,335.3303,-2.917595,0.5228857,5.3446,-7.6722,-34.1528,0.2807999,
2,110.82,2,5.584437,335.3002,-2.921182,0.5230934,5.3446,-7.6722,-34.1528,0.2807999,
2,110.83,2,5.585761,335.3006,-2.919721,0.5227078,5.3446,-7.6722,-34.1528,0.2807999,
2,110.84,2,5.590903,335.2871,-2.919641,0.5222128,5.3446,-7.6722,-34.1528,0.2807999,
2,110.85,2,5.593796,335.2752,-2.922654,0.5224814,5.3446,-7.6722,-34.1528,0.2807999,
2,110.86,2,5.592661,335.2771,-2.923167,0.5226791,5.3446,-7.6722,-34.1528,0.2807999,
2,110.87,2,5.591349,335.2828,-2.926536,0.5234042,5.3446,-7.6722,-34.1528,0.2807999,
2,110.88,2,5.592058,335.2776,-2.927695,0.5235451,5.3446,-7.6722,-34.1528,0.2807999,
2,110.89,2,5.591995,335.2715,-2.927608,0.5235355,5.3446,-7.6722,-34.1528,0.2807999,
2,110.9,2,5.590919,335.262,-2.926827,0.5234967,5.3446,-7.6722,-34.1528,0.2807999,
2,110.91,2,5.592594,335.2612,-2.928352,0.5236124,5.3446,-7.6722,-34.1528,0.2807999,
2,110.92,2,5.591512,335.2594,-2.929512,0.5239213,5.3446,-7.6722,-34.1528,0.2807999,
2,110.93,2,5.592619,335.2588,-2.93176,0.5242196,5.3446,-7.6722,-34.1528,0.2807999,
2,110.94,2,5.590374,335.2808,-2.933751,0.5247862,5.3446,-7.6722,-34.1528,0.2807999,
2,110.95,2,5.591593,335.2401,-2.930318,0.5240577,5.3446,-7.6722,-34.1528,0.2807999,
2,110.96,2,5.592535,335.2456,-2.930724,0.5240421,5.34055,-7.6722,-34.1534,0.2813988,
2,110.97,2,5.591959,335.2492,-2.929362,0.5238526,5.34055,-7.6722,-34.1534,0.2813988,
2,110.98,2,5.59202,335.242,-2.930751,0.5240952,5.34055,-7.6722,-34.1534,0.2813988,
2,110.99,2,5.590128,335.2465,-2.93391,0.5248377,5.34055,-7.6722,-34.1534,0.2813988,
2,111,2,5.590629,335.275,-2.935002,0.524986,5.34055,-7.6722,-34.1534,0.2813988,
2,111.01,2,5.589908,335.2332,-2.932764,0.5246534,5.34055,-7.6722,-34.1534,0.2813988,
2,111.02,2,5.589909,335.2343,-2.930019,0.5241622,5.34055,-7.6722,-34.1534,0.2813988,
2,111.03,2,5.592522,335.2345,-2.930453,0.5239949,5.34055,-7.6722,-34.1534,0.2813988,
2,111.04,2,5.591001,335.2261,-2.932263,0.5244611,5.34055,-7.6722,-34.1534,0.2813988,
2,111.05,2,5.59018,335.2274,-2.93046,0.5242156,5.34055,-7.6722,-34.1534,0.2813988,
2,111.06,2,5.595995,335.2171,-2.928953,0.5234016,5.34055,-7.6722,-34.1534,0.2813988,
2,111.07,2,5.598023,335.1855,-2.92731,0.5229186,5.34055,-7.6722,-34.1534,0.2813988,
2,111.08,2,5.602304,335.1852,-2.926999,0.5224634,5.34055,-7.6722,-34.1534,0.2813988,
2,111.09,2,5.603442,335.175,-2.927364,0.5224226,5.34055,-7.6722,-34.1534,0.2813988,
2,111.1,2,5.604149,335.1661,-2.92962,0.5227591,5.34055,-7.6722,-34.1534,0.2813988,
2,111.11,2,5.601498,335.1672,-2.931123,0.5232749,5.34055,-7.6722,-34.1534,0.2813988,
2,111.12,2,5.602747,335.172,-2.934024,0.5236759,5.34055,-7.6722,-34.1534,0.2813988,
2,111.13,2,5.602527,335.1547,-2.933546,0.5236112,5.34055,-7.6722,-34.1534,0.2813988,
2,111.14,2,5.603683,335.1548,-2.932804,0.5233707,5.34055,-7.6722,-34.1534,0.2813988,
2,111.15,2,5.603944,335.1471,-2.93345,0.5234616,5.34055,-7.6722,-34.1534,0.2813988,
2,111.16,2,5.601264,335.1577,-2.935928,0.5241544,5.34055,-7.6722,-34.1534,0.2813988,
2,111.17,2,5.60347,335.1717,-2.936614,0.5240706,5.34055,-7.6722,-34.1534,0.2813988,
2,111.18,2,5.602149,335.1111,-2.937422,0.5243384,5.34055,-7.6722,-34.1534,0.2813988,
2,111.19,2,5.602233,335.1427,-2.937147,0.5242814,5.34055,-7.6722,-34.1534,0.2813988,
2,111.2,2,5.601736,335.1395,-2.93709,0.5243177,5.34055,-7.6722,-34.1534,0.2813988,
2,111.21,2,5.603323,335.1418,-2.937465,0.5242363,5.33647,-7.6722,-34.154,0.2819977,
2,111.22,2,5.603441,335.1304,-2.939616,0.524609,5.33647,-7.6722,-34.154,0.2819977,
2,111.23,2,5.602866,335.125,-2.941196,0.524945,5.33647,-7.6722,-34.154,0.2819977,
2,111.24,2,5.600908,335.1351,-2.943409,0.5255237,5.33647,-7.6722,-34.154,0.2819977,
2,111.25,2,5.601622,335.1296,-2.940518,0.5249404,5.33647,-7.6722,-34.154,0.2819977,
2,111.26,2,5.602281,335.1267,-2.940074,0.5247995,5.33647,-7.6722,-34.154,0.2819977,
2,111.27,2,5.602725,335.1248,-2.940778,0.5248834,5.33647,-7.6722,-34.154,0.2819977,
2,111.28,2,5.602454,335.1344,-2.94313,0.5253287,5.33647,-7.6722,-34.154,0.2819977,
2,111.29,2,5.60016,335.1335,-2.942998,0.5255204,5.33647,-7.6722,-34.154,0.2819977,
2,111.3,2,5.600148,335.1293,-2.941609,0.5252734,5.33647,-7.6722,-34.154,0.2819977,
2,111.31,2,5.600266,335.1167,-2.939247,0.5248407,5.33647,-7.6722,-34.154,0.2819977,
2,111.32,2,5.601028,335.112,-2.937445,0.5244474,5.33647,-7.6722,-34.154,0.2819977,
2,111.33,2,5.605374,335.0957,-2.938103,0.5241582,5.33647,-7.6722,-34.154,0.2819977,
2,111.34,2,5.60705,335.0836,-2.937893,0.5239642,5.33647,-7.6722,-34.154,0.2819977,
2,111.35,2,5.611732,335.1042,-2.938105,0.5235647,5.33647,-7.6722,-34.154,0.2819977,
2,111.36,2,5.614011,335.0747,-2.938728,0.5234632,5.33647,-7.6722,-34.154,0.2819977,
2,111.37,2,5.61401,335.0589,-2.937508,0.5232459,5.33647,-7.6722,-34.154,0.2819977,
2,111.38,2,5.616179,335.0573,-2.935364,0.5226622,5.33647,-7.6722,-34.154,0.2819977,
2,111.39,2,5.614971,335.0448,-2.936983,0.5230629,5.33647,-7.6722,-34.154,0.2819977,
2,111.4,2,5.614295,335.0406,-2.937309,0.5231839,5.33647,-7.6722,-34.154,0.2819977,
2,111.41,2,5.61547,335.0597,-2.938735,0.5233285,5.33647,-7.6722,-34.154,0.2819977,
2,111.42,2,5.616491,335.0419,-2.938617,0.5232123,5.33647,-7.6722,-34.154,0.2819977,
2,111.43,2,5.615489,335.0387,-2.938656,0.5233126,5.33647,-7.6722,-34.154,0.2819977,
2,111.44,2,5.614958,335.033,-2.939271,0.5234715,5.33647,-7.6722,-34.154,0.2819977,
2,111.45,2,5.612823,335.0327,-2.940007,0.5238018,5.33647,-7.6722,-34.154,0.2819977,
2,111.46,2,5.613404,335.0242,-2.944477,0.5245439,5.33647,-7.6722,-34.154,0.2819977,
2,111.47,2,5.612451,335.0123,-2.94406,0.5245586,5.33647,-7.6722,-34.154,0.2819977,
2,111.48,2,5.613288,335.0241,-2.944645,0.5245847,5.33647,-7.6722,-34.154,0.2819977,
2,111.49,2,5.614136,335.0175,-2.944685,0.5245126,5.33647,-7.6722,-34.154,0.2819977,
2,111.5,2,5.613729,335.0244,-2.943587,0.5243549,5.33187,-7.6722,-34.1546,0.2825966,
2,111.51,2,5.613585,335.0249,-2.944761,0.5245777,5.33187,-7.6722,-34.1546,0.2825966,
2,111.52,2,5.612813,335.0132,-2.947737,0.52518,5.33187,-7.6722,-34.1546,0.2825966,
2,111.53,2,5.613745,335.0292,-2.947114,0.5249819,5.33187,-7.6722,-34.1546,0.2825966,
2,111.54,2,5.613742,335.0072,-2.94519,0.5246394,5.33187,-7.6722,-34.1546,0.2825966,
2,111.55,2,5.613107,335.0061,-2.945046,0.524673,5.33187,-7.6722,-34.1546,0.2825966,
2,111.56,2,5.616316,335.0079,-2.944827,0.5243343,5.33187,-7.6722,-34.1546,0.2825966,
2,111.57,2,5.615329,334.9944,-2.945599,0.5245638,5.33187,-7.6722,-34.1546,0.2825966,
2,111.58,2,5.612403,334.9949,-2.947701,0.5252119,5.33187,-7.6722,-34.1546,0.2825966,
2,111.59,2,5.613531,334.9624,-2.94868,0.5252808,5.33187,-7.6722,-34.1546,0.2825966,
2,111.6,2,5.614262,334.9996,-2.94738,0.5249809,5.33187,-7.6722,-34.1546,0.2825966,
2,111.61,2,5.614288,334.9918,-2.945238,0.5245968,5.33187,-7.6722,-34.1546,0.2825966,
2,111.62,2,5.61808,334.9791,-2.943003,0.523845,5.33187,-7.6722,-34.1546,0.2825966,
2,111.63,2,5.621057,334.9652,-2.945099,0.5239405,5.33187,-7.6722,-34.1546,0.2825966,
2,111.64,2,5.624699,334.9555,-2.948892,0.5242756,5.33187,-7.6722,-34.1546,0.2825966,
2,111.65,2,5.628336,334.9598,-2.946906,0.5235839,5.33187,-7.6722,-34.1546,0.2825966,
2,111.66,2,5.628442,334.9463,-2.945091,0.5232515,5.33187,-7.6722,-34.1546,0.2825966,
2,111.67,2,5.626454,334.9417,-2.943717,0.5231922,5.33187,-7.6722,-34.1546,0.2825966,
2,111.68,2,5.627488,334.9294,-2.943244,0.523012,5.33187,-7.6722,-34.1546,0.2825966,
2,111.69,2,5.625852,334.9312,-2.945937,0.5236428,5.33187,-7.6722,-34.1546,0.2825966,
2,111.7,2,5.626455,334.9297,-2.946455,0.5236787,5.33187,-7.6722,-34.1546,0.2825966,
2,111.71,2,5.627866,334.9109,-2.947876,0.5238,5.33187,-7.6722,-34.1546,0.2825966,
2,111.72,2,5.628349,334.9253,-2.94902,0.5239583,5.33187,-7.6722,-34.1546,0.2825966,
2,111.73,2,5.62702,334.9319,-2.948364,0.5239655,5.33187,-7.6722,-34.1546,0.2825966,
2,111.74,2,5.626919,334.9095,-2.94662,0.523665,5.33187,-7.6722,-34.1546,0.2825966,
2,111.75,2,5.626138,334.897,-2.952352,0.5247564,5.327,-7.6722,-34.1552,0.2831993,
2,111.76,2,5.625473,334.8929,-2.954344,0.5251727,5.327,-7.6722,-34.1552,0.2831993,
2,111.77,2,5.627446,334.9364,-2.950663,0.5243344,5.327,-7.6722,-34.1552,0.2831993,
2,111.78,2,5.626465,334.8985,-2.951118,0.5245066,5.327,-7.6722,-34.1552,0.2831993,
2,111.79,2,5.625752,334.8937,-2.951864,0.5247056,5.327,-7.6722,-34.1552,0.2831993,
2,111.8,2,5.625403,334.8884,-2.951149,0.5246111,5.327,-7.6722,-34.1552,0.2831993,
2,111.81,2,5.625035,334.8906,-2.956335,0.5255674,5.327,-7.6722,-34.1552,0.2831993,
2,111.82,2,5.62505,334.8818,-2.9593,0.5260931,5.327,-7.6722,-34.1552,0.2831993,
2,111.83,2,5.624055,334.8911,-2.957319,0.525834,5.327,-7.6722,-34.1552,0.2831993,
2,111.84,2,5.627324,334.8853,-2.958147,0.5256757,5.327,-7.6722,-34.1552,0.2831993,
2,111.85,2,5.626063,334.8784,-2.955678,0.5253545,5.327,-7.6722,-34.1552,0.2831993,
2,111.86,2,5.629681,334.8748,-2.955594,0.5250021,5.327,-7.6722,-34.1552,0.2831993,
2,111.87,2,5.632081,334.8482,-2.959951,0.525552,5.327,-7.6722,-34.1552,0.2831993,
2,111.88,2,5.634871,334.8476,-2.961893,0.5256364,5.327,-7.6722,-34.1552,0.2831993,
2,111.89,2,5.637976,334.8315,-2.961309,0.5252434,5.327,-7.6722,-34.1552,0.2831993,
2,111.9,2,5.638245,334.8487,-2.959939,0.5249752,5.327,-7.6722,-34.1552,0.2831993,
2,111.91,2,5.637096,334.8203,-2.959727,0.5250446,5.327,-7.6722,-34.1552,0.2831993,
2,111.92,2,5.63862,334.8387,-2.960248,0.524995,5.327,-7.6722,-34.1552,0.2831993,
2,111.93,2,5.636807,334.8248,-2.960456,0.5252009,5.327,-7.6722,-34.1552,0.2831993,
2,111.94,2,5.636785,334.8144,-2.960788,0.5252619,5.327,-7.6722,-34.1552,0.2831993,
2,111.95,2,5.637194,334.8233,-2.96115,0.5252879,5.327,-7.6722,-34.1552,0.2831993,
2,111.96,2,5.637908,334.8169,-2.95603,0.5243133,5.327,-7.6722,-34.1552,0.2831993,
2,111.97,2,5.638277,334.8078,-2.954853,0.5240703,5.327,-7.6722,-34.1552,0.2831993,
2,111.98,2,5.637298,334.818,-2.95666,0.5244818,5.327,-7.6722,-34.1552,0.2831993,
2,111.99,2,5.634852,334.8094,-2.954982,0.5244116,5.32293,-7.6722,-34.1558,0.2837982,
2,112,2,5.636139,334.7881,-2.956932,0.5246379,5.32293,-7.6722,-34.1558,0.2837982,
2,112.01,2,5.637534,334.7847,-2.956998,0.5245197,5.32293,-7.6722,-34.1558,0.2837982,
2,112.02,2,5.637548,334.7962,-2.955395,0.5242341,5.32293,-7.6722,-34.1558,0.2837982,
2,112.03,2,5.635236,334.7997,-2.958539,0.525007,5.32293,-7.6722,-34.1558,0.2837982,
2,112.04,2,5.63504,334.7893,-2.958482,0.5250153,5.32293,-7.6722,-34.1558,0.2837982,
2,112.05,2,5.635467,334.7891,-2.961135,0.5254463,5.32293,-7.6722,-34.1558,0.2837982,
2,112.06,2,5.634007,334.7912,-2.9616,0.525665,5.32293,-7.6722,-34.1558,0.2837982,
2,112.07,2,5.633536,334.7848,-2.961913,0.5257645,5.32293,-7.6722,-34.1558,0.2837982,
2,112.08,2,5.635843,334.778,-2.961389,0.5254562,5.32293,-7.6722,-34.1558,0.2837982,
2,112.09,2,5.636141,334.7731,-2.96237,0.5256025,5.32293,-7.6722,-34.1558,0.2837982,
2,112.1,2,5.636623,334.7696,-2.962712,0.5256183,5.32293,-7.6722,-34.1558,0.2837982,
2,112.11,2,5.638165,334.7716,-2.96554,0.5259761,5.32293,-7.6722,-34.1558,0.2837982,
2,112.12,2,5.643071,334.7152,-2.964826,0.5253922,5.32293,-7.6722,-34.1558,0.2837982,
2,112.13,2,5.645949,334.7446,-2.963304,0.524855,5.32293,-7.6722,-34.1558,0.2837982,
2,112.14,2,5.646454,334.7347,-2.964446,0.5250102,5.32293,-7.6722,-34.1558,0.2837982,
2,112.15,2,5.651549,334.7306,-2.964498,0.5245461,5.32293,-7.6722,-34.1558,0.2837982,
2,112.16,2,5.650715,334.7216,-2.967354,0.525129,5.32293,-7.6722,-34.1558,0.2837982,
2,112.17,2,5.648913,334.7296,-2.970968,0.5259363,5.32293,-7.6722,-34.1558,0.2837982,
2,112.18,2,5.650486,334.7297,-2.971421,0.5258699,5.32293,-7.6722,-34.1558,0.2837982,
2,112.19,2,5.649504,334.7203,-2.968311,0.5254109,5.32293,-7.6722,-34.1558,0.2837982,
2,112.2,2,5.649609,334.7163,-2.966688,0.5251139,5.32293,-7.6722,-34.1558,0.2837982,
2,112.21,2,5.65039,334.7055,-2.96587,0.5248965,5.32293,-7.6722,-34.1558,0.2837982,
2,112.22,2,5.649248,334.703,-2.964856,0.5248231,5.32293,-7.6722,-34.1558,0.2837982,
2,112.23,2,5.649924,334.6906,-2.965739,0.5249165,5.32293,-7.6722,-34.1558,0.2837982,
2,112.24,2,5.650153,334.7062,-2.967533,0.5252129,5.3186,-7.6722,-34.1564,0.2843971,
2,112.25,2,5.648206,334.6986,-2.964093,0.5247849,5.3186,-7.6722,-34.1564,0.2843971,
2,112.26,2,5.650548,334.6904,-2.960233,0.5238843,5.3186,-7.6722,-34.1564,0.2843971,
2,112.27,2,5.649215,334.689,-2.961508,0.5242335,5.3186,-7.6722,-34.1564,0.2843971,
2,112.28,2,5.647295,334.6798,-2.963404,0.5247475,5.3186,-7.6722,-34.1564,0.2843971,
2,112.29,2,5.650811,334.6703,-2.965687,0.524825,5.3186,-7.6722,-34.1564,0.2843971,
2,112.3,2,5.647088,334.6941,-2.966729,0.5253555,5.3186,-7.6722,-34.1564,0.2843971,
2,112.31,2,5.649415,334.6702,-2.965923,0.5249965,5.3186,-7.6722,-34.1564,0.2843971,
2,112.32,2,5.648069,334.6742,-2.96567,0.5250768,5.3186,-7.6722,-34.1564,0.2843971,
2,112.33,2,5.649894,334.6766,-2.965871,0.5249428,5.3186,-7.6722,-34.1564,0.2843971,
2,112.34,2,5.650181,334.6502,-2.965478,0.5248465,5.3186,-7.6722,-34.1564,0.2843971,
2,112.35,2,5.651522,334.674,-2.968724,0.5252964,5.3186,-7.6722,-34.1564,0.2843971,
2,112.36,2,5.65247,334.615,-2.968417,0.5251539,5.3186,-7.6722,-34.1564,0.2843971,
2,112.37,2,5.659816,334.6238,-2.969029,0.5245805,5.3186,-7.6722,-34.1564,0.2843971,
2,112.38,2,5.662157,334.6064,-2.968009,0.5241833,5.3186,-7.6722,-34.1564,0.2843971,
2,112.39,2,5.662805,334.6014,-2.971992,0.5248269,5.3186,-7.6722,-34.1564,0.2843971,
2,112.4,2,5.663648,334.607,-2.976243,0.5254993,5.3186,-7.6722,-34.1564,0.2843971,
2,112.41,2,5.663225,334.6122,-2.97551,0.5254092,5.3186,-7.6722,-34.1564,0.2843971,
2,112.42,2,5.662023,334.6062,-2.9756,0.5255366,5.3186,-7.6722,-34.1564,0.2843971,
2,112.43,2,5.661885,334.5983,-2.974414,0.5253398,5.3186,-7.6722,-34.1564,0.2843971,
2,112.44,2,5.662158,334.5868,-2.975821,0.5255631,5.3186,-7.6722,-34.1564,0.2843971,
2,112.45,2,5.664118,334.5968,-2.975201,0.5252718,5.3186,-7.6722,-34.1564,0.2843971,
2,112.46,2,5.662244,334.5912,-2.977557,0.5258617,5.3186,-7.6722,-34.1564,0.2843971,
2,112.47,2,5.66293,334.5509,-2.977332,0.5257582,5.3186,-7.6722,-34.1564,0.2843971,
2,112.48,2,5.663227,334.5861,-2.979018,0.5260283,5.31505,-7.6722,-34.157,0.2849998,
2,112.49,2,5.662814,334.5774,-2.976713,0.5256597,5.31505,-7.6722,-34.157,0.2849998,
2,112.5,2,5.663587,334.5799,-2.977454,0.5257187,5.31505,-7.6722,-34.157,0.2849998,
2,112.51,2,5.663689,334.5736,-2.973713,0.5250488,5.31505,-7.6722,-34.157,0.2849998,
2,112.52,2,5.661582,334.5714,-2.97669,0.5257701,5.31505,-7.6722,-34.157,0.2849998,
2,112.53,2,5.660365,334.5748,-2.975984,0.5257584,5.31505,-7.6722,-34.157,0.2849998,
2,112.54,2,5.661197,334.5691,-2.976416,0.5257574,5.31505,-7.6722,-34.157,0.2849998,
2,112.55,2,5.661313,334.5602,-2.971989,0.5249646,5.31505,-7.6722,-34.157,0.2849998,
2,112.56,2,5.661397,334.5602,-2.970892,0.5247631,5.31505,-7.6722,-34.157,0.2849998,
2,112.57,2,5.66089,334.5575,-2.970686,0.5247737,5.31505,-7.6722,-34.157,0.2849998,
2,112.58,2,5.661855,334.5508,-2.972045,0.5249243,5.31505,-7.6722,-34.157,0.2849998,
2,112.59,2,5.662452,334.5445,-2.973,0.5250375,5.31505,-7.6722,-34.157,0.2849998,
2,112.6,2,5.667237,334.5351,-2.972215,0.5244557,5.31505,-7.6722,-34.157,0.2849998,
2,112.61,2,5.668277,334.5104,-2.971565,0.5242449,5.31505,-7.6722,-34.157,0.2849998,
2,112.62,2,5.672812,334.5068,-2.973903,0.5242378,5.31505,-7.6722,-34.157,0.2849998,
2,112.63,2,5.674008,334.4993,-2.975329,0.5243786,5.31505,-7.6722,-34.157,0.2849998,
2,112.64,2,5.674688,334.5016,-2.979588,0.5250663,5.31505,-7.6722,-34.157,0.2849998,
2,112.65,2,5.674289,334.5024,-2.980448,0.5252548,5.31505,-7.6722,-34.157,0.2849998,
2,112.66,2,5.675374,334.4936,-2.980678,0.5251951,5.31505,-7.6722,-34.157,0.2849998,
2,112.67,2,5.673538,334.4801,-2.979739,0.5251995,5.31505,-7.6722,-34.157,0.2849998,
2,112.68,2,5.674161,334.4836,-2.982788,0.5256792,5.31505,-7.6722,-34.157,0.2849998,
2,112.69,2,5.674987,334.4825,-2.983043,0.5256476,5.31505,-7.6722,-34.157,0.2849998,
2,112.7,2,5.672199,334.4821,-2.985061,0.5262618,5.31505,-7.6722,-34.157,0.2849998,
2,112.71,2,5.67332,334.4998,-2.98389,0.5259512,5.31045,-7.6722,-34.1576,0.2855988,
2,112.72,2,5.676522,334.461,-2.986364,0.5260904,5.31045,-7.6722,-34.1576,0.2855988,
2,112.73,2,5.674646,334.4734,-2.984581,0.5259501,5.31045,-7.6722,-34.1576,0.2855988,
2,112.74,2,5.675441,334.4665,-2.984443,0.5258522,5.31045,-7.6722,-34.1576,0.2855988,
2,112.75,2,5.674372,334.4578,-2.985964,0.5262194,5.31045,-7.6722,-34.1576,0.2855988,
2,112.76,2,5.670716,334.4679,-2.986351,0.5266269,5.31045,-7.6722,-34.1576,0.2855988,
2,112.77,2,5.672824,334.4655,-2.988439,0.5267992,5.31045,-7.6722,-34.1576,0.2855988,
2,112.78,2,5.673947,334.4526,-2.986442,0.526343,5.31045,-7.6722,-34.1576,0.2855988,
2,112.79,2,5.670996,334.4541,-2.983362,0.5260738,5.31045,-7.6722,-34.1576,0.2855988,
2,112.8,2,5.67509,334.4529,-2.984617,0.5259154,5.31045,-7.6722,-34.1576,0.2855988,
2,112.81,2,5.67245,334.4473,-2.982872,0.5258525,5.31045,-7.6722,-34.1576,0.2855988,
2,112.82,2,5.673771,334.4553,-2.98271,0.5257015,5.31045,-7.6722,-34.1576,0.2855988,
2,112.83,2,5.67724,334.4386,-2.981973,0.5252505,5.31045,-7.6722,-34.1576,0.2855988,
2,112.84,2,5.680202,334.4261,-2.978465,0.524359,5.31045,-7.6722,-34.1576,0.2855988,
2,112.85,2,5.683856,334.4026,-2.977365,0.5238284,5.31045,-7.6722,-34.1576,0.2855988,
2,112.86,2,5.684991,334.3962,-2.97822,0.5238741,5.31045,-7.6722,-34.1576,0.2855988,
2,112.87,2,5.686726,334.3835,-2.980959,0.524196,5.31045,-7.6722,-34.1576,0.2855988,
2,112.88,2,5.688059,334.3851,-2.9848,0.5247484,5.31045,-7.6722,-34.1576,0.2855988,
2,112.89,2,5.686124,334.3869,-2.985856,0.5251127,5.31045,-7.6722,-34.1576,0.2855988,
2,112.9,2,5.686144,334.3739,-2.984506,0.5248735,5.31045,-7.6722,-34.1576,0.2855988,
2,112.91,2,5.685575,334.3515,-2.984369,0.5249019,5.31045,-7.6722,-34.1576,0.2855988,
2,112.92,2,5.685673,334.3826,-2.98406,0.5248384,5.31045,-7.6722,-34.1576,0.2855988,
2,112.93,2,5.684658,334.3773,-2.986553,0.5253708,5.31045,-7.6722,-34.1576,0.2855988,
2,112.94,2,5.685611,334.3525,-2.986578,0.5252871,5.31045,-7.6722,-34.1576,0.2855988,
2,112.95,2,5.685316,334.37,-2.986988,0.5253864,5.31045,-7.6722,-34.1576,0.2855988,
2,112.96,2,5.686454,334.3569,-2.989553,0.5257323,5.30638,-7.6722,-34.1582,0.2861977,
2,112.97,2,5.686306,334.3556,-2.986515,0.5252117,5.30638,-7.6722,-34.1582,0.2861977,
2,112.98,2,5.684996,334.3533,-2.989989,0.5259439,5.30638,-7.6722,-34.1582,0.2861977,
2,112.99,2,5.686798,334.3437,-2.99425,0.5265266,5.30638,-7.6722,-34.1582,0.2861977,
2,113,2,5.686942,334.3402,-2.996458,0.5269015,5.30638,-7.6722,-34.1582,0.2861977,
2,113.01,2,5.683017,334.3519,-2.996969,0.5273553,5.30638,-7.6722,-34.1582,0.2861977,
2,113.02,2,5.686098,334.3491,-2.993004,0.5263723,5.30638,-7.6722,-34.1582,0.2861977,
2,113.03,2,5.685668,334.3411,-2.991799,0.5262001,5.30638,-7.6722,-34.1582,0.2861977,
2,113.04,2,5.68403,334.3455,-2.994273,0.526787,5.30638,-7.6722,-34.1582,0.2861977,
2,113.05,2,5.684118,334.3496,-2.996022,0.5270864,5.30638,-7.6722,-34.1582,0.2861977,
2,113.06,2,5.69024,334.3887,-2.993456,0.5260685,5.30638,-7.6722,-34.1582,0.2861977,
2,113.07,2,5.69422,334.3141,-2.993399,0.5256908,5.30638,-7.6722,-34.1582,0.2861977,
2,113.08,2,5.696693,334.2983,-2.99468,0.5256874,5.30638,-7.6722,-34.1582,0.2861977,
2,113.09,2,5.699498,334.2982,-2.998439,0.5260882,5.30638,-7.6722,-34.1582,0.2861977,
2,113.1,2,5.701077,334.2872,-2.992717,0.5249389,5.30638,-7.6722,-34.1582,0.2861977,
2,113.11,2,5.69993,334.2839,-2.992479,0.5250028,5.30638,-7.6722,-34.1582,0.2861977,
2,113.12,2,5.701889,334.2932,-2.995137,0.5252885,5.30638,-7.6722,-34.1582,0.2861977,
2,113.13,2,5.700364,334.2798,-2.994386,0.5252975,5.30638,-7.6722,-34.1582,0.2861977,
2,113.14,2,5.700605,334.2781,-2.992016,0.5248594,5.30638,-7.6722,-34.1582,0.2861977,
2,113.15,2,5.700326,334.2729,-2.989275,0.5244043,5.30638,-7.6722,-34.1582,0.2861977,
2,113.16,2,5.697857,334.2673,-2.991501,0.525022,5.30638,-7.6722,-34.1582,0.2861977,
2,113.17,2,5.69973,334.2591,-2.992033,0.5249429,5.30638,-7.6722,-34.1582,0.2861977,
2,113.18,2,5.699979,334.2758,-2.993839,0.5252367,5.30638,-7.6722,-34.1582,0.2861977,
2,113.19,2,5.698015,334.2494,-2.990299,0.5247966,5.30638,-7.6722,-34.1582,0.2861977,
2,113.2,2,5.69917,334.251,-2.994597,0.5254444,5.30638,-7.6722,-34.1582,0.2861977,
2,113.21,2,5.698929,334.2459,-2.993494,0.525273,5.30285,-7.6722,-34.1589,0.2868996,
2,113.22,2,5.700819,334.2524,-2.993065,0.5250237,5.30285,-7.6722,-34.1589,0.2868996,
2,113.23,2,5.697378,334.2373,-2.996249,0.5258996,5.30285,-7.6722,-34.1589,0.2868996,
2,113.24,2,5.697245,334.2202,-2.996881,0.526023,5.30285,-7.6722,-34.1589,0.2868996,
2,113.25,2,5.697779,334.2369,-2.997204,0.5260302,5.30285,-7.6722,-34.1589,0.2868996,
2,113.26,2,5.701217,334.2326,-2.995347,0.5253873,5.30285,-7.6722,-34.1589,0.2868996,
2,113.27,2,5.69941,334.2221,-2.995861,0.5256439,5.30285,-7.6722,-34.1589,0.2868996,
2,113.28,2,5.69742,334.2278,-2.997173,0.526058,5.30285,-7.6722,-34.1589,0.2868996,
2,113.29,2,5.698102,334.239,-2.998916,0.5263008,5.30285,-7.6722,-34.1589,0.2868996,
2,113.3,2,5.701701,334.1893,-2.998335,0.5258667,5.30285,-7.6722,-34.1589,0.2868996,
2,113.31,2,5.702854,334.2071,-2.99798,0.5256982,5.30285,-7.6722,-34.1589,0.2868996,
2,113.32,2,5.707618,334.1961,-2.999373,0.5255035,5.30285,-7.6722,-34.1589,0.2868996,
2,113.33,2,5.712065,334.1734,-3.000834,0.5253501,5.30285,-7.6722,-34.1589,0.2868996,
2,113.34,2,5.713941,334.1807,-3.004331,0.5257897,5.30285,-7.6722,-34.1589,0.2868996,
2,113.35,2,5.70985,334.1784,-3.006455,0.5265384,5.30285,-7.6722,-34.1589,0.2868996,
2,113.36,2,5.711028,334.1348,-3.008592,0.5268039,5.30285,-7.6722,-34.1589,0.2868996,
2,113.37,2,5.712774,334.175,-3.004162,0.5258675,5.30285,-7.6722,-34.1589,0.2868996,
2,113.38,2,5.711412,334.1755,-3.002944,0.5257796,5.30285,-7.6722,-34.1589,0.2868996,
2,113.39,2,5.713177,334.1689,-3.002885,0.5256069,5.30285,-7.6722,-34.1589,0.2868996,
2,113.4,2,5.71149,334.1684,-3.001961,0.5256003,5.30285,-7.6722,-34.1589,0.2868996,
2,113.41,2,5.710914,334.1513,-3.003477,0.5259188,5.30285,-7.6722,-34.1589,0.2868996,
2,113.42,2,5.709089,334.1481,-3.009429,0.5271295,5.30285,-7.6722,-34.1589,0.2868996,
2,113.43,2,5.710973,334.1596,-3.000143,0.5253295,5.29878,-7.6722,-34.1595,0.2874985,
2,113.44,2,5.709671,334.1484,-2.999395,0.5253183,5.29878,-7.6722,-34.1595,0.2874985,
2,113.45,2,5.709591,334.1497,-2.999451,0.5253355,5.29878,-7.6722,-34.1595,0.2874985,
2,113.46,2,5.710401,334.1483,-3.000674,0.5254752,5.29878,-7.6722,-34.1595,0.2874985,
2,113.47,2,5.710293,334.1409,-3.001298,0.5255943,5.29878,-7.6722,-34.1595,0.2874985,
2,113.48,2,5.709626,334.1294,-3.001935,0.5257674,5.29878,-7.6722,-34.1595,0.2874985,
2,113.49,2,5.709486,334.1358,-3.002839,0.5259386,5.29878,-7.6722,-34.1595,0.2874985,
2,113.5,2,5.711738,334.1397,-3.001337,0.5254682,5.29878,-7.6722,-34.1595,0.2874985,
2,113.51,2,5.709896,334.1244,-3.001547,0.5256745,5.29878,-7.6722,-34.1595,0.2874985,
2,113.52,2,5.708226,334.1189,-3.005301,0.5264861,5.29878,-7.6722,-34.1595,0.2874985,
2,113.53,2,5.710081,334.1115,-3.00748,0.5266966,5.29878,-7.6722,-34.1595,0.2874985,
2,113.54,2,5.710083,334.1447,-3.006148,0.5264632,5.29878,-7.6722,-34.1595,0.2874985,
2,113.55,2,5.710544,334.1202,-3.005599,0.5263245,5.29878,-7.6722,-34.1595,0.2874985,
2,113.56,2,5.71512,334.1026,-3.00498,0.5257947,5.29878,-7.6722,-34.1595,0.2874985,
2,113.57,2,5.718904,334.0869,-3.006949,0.5257912,5.29878,-7.6722,-34.1595,0.2874985,
2,113.58,2,5.722258,334.0779,-3.012472,0.5264482,5.29878,-7.6722,-34.1595,0.2874985,
2,113.59,2,5.722743,334.0727,-3.0145,0.5267579,5.29878,-7.6722,-34.1595,0.2874985,
2,113.6,2,5.721984,334.0706,-3.013601,0.5266706,5.29878,-7.6722,-34.1595,0.2874985,
2,113.61,2,5.723423,334.068,-3.015193,0.5268164,5.29878,-7.6722,-34.1595,0.2874985,
2,113.62,2,5.723154,334.0674,-3.014485,0.5267174,5.29878,-7.6722,-34.1595,0.2874985,
2,113.63,2,5.723051,334.0713,-3.01324,0.5265094,5.29878,-7.6722,-34.1595,0.2874985,
2,113.64,2,5.723042,334.05,-3.016222,0.5270312,5.29878,-7.6722,-34.1595,0.2874985,
2,113.65,2,5.720294,334.0326,-3.01863,0.5277055,5.29878,-7.6722,-34.1595,0.2874985,
2,113.66,2,5.722138,334.0482,-3.022506,0.5282127,5.29878,-7.6722,-34.1595,0.2874985,
2,113.67,2,5.721782,334.0478,-3.020221,0.5278462,5.29878,-7.6722,-34.1595,0.2874985,
2,113.68,2,5.722833,334.0565,-3.015551,0.5269333,5.29878,-7.6722,-34.1595,0.2874985,
2,113.69,2,5.722808,334.0524,-3.01502,0.5268428,5.29878,-7.6722,-34.1595,0.2874985,
2,113.7,2,5.72257,334.0483,-3.017249,0.5272543,5.29418,-7.6722,-34.1601,0.2880974,
2,113.71,2,5.72179,334.0177,-3.016679,0.5272265,5.29418,-7.6722,-34.1601,0.2880974,
2,113.72,2,5.720502,334.036,-3.014642,0.5269891,5.29418,-7.6722,-34.1601,0.2880974,
2,113.73,2,5.724775,334.0375,-3.014813,0.5266256,5.29418,-7.6722,-34.1601,0.2880974,
2,113.74,2,5.724066,334.0339,-3.014736,0.5266774,5.29418,-7.6722,-34.1601,0.2880974,
2,113.75,2,5.720736,334.0313,-3.015975,0.5272005,5.29418,-7.6722,-34.1601,0.2880974,
2,113.76,2,5.722628,334.0191,-3.019144,0.5275801,5.29418,-7.6722,-34.1601,0.2880974,
2,113.77,2,5.721555,334.0108,-3.021361,0.5280663,5.29418,-7.6722,-34.1601,0.2880974,
2,113.78,2,5.719643,334.0146,-3.019663,0.5279461,5.29418,-7.6722,-34.1601,0.2880974,
2,113.79,2,5.722575,334.0128,-3.017128,0.5272325,5.29418,-7.6722,-34.1601,0.2880974,
2,113.8,2,5.72157,334.001,-3.017955,0.5274697,5.29418,-7.6722,-34.1601,0.2880974,
2,113.81,2,5.723404,334.0055,-3.020763,0.5277913,5.29418,-7.6722,-34.1601,0.2880974,
2,113.82,2,5.726928,333.9928,-3.025777,0.5283421,5.29418,-7.6722,-34.1601,0.2880974,
2,113.83,2,5.730088,333.9941,-3.021985,0.5273889,5.29418,-7.6722,-34.1601,0.2880974,
2,113.84,2,5.735546,333.961,-3.020318,0.5265965,5.29418,-7.6722,-34.1601,0.2880974,
2,113.85,2,5.735147,333.9614,-3.025018,0.5274526,5.29418,-7.6722,-34.1601,0.2880974,
2,113.86,2,5.736474,333.9556,-3.020551,0.526552,5.29418,-7.6722,-34.1601,0.2880974,
2,113.87,2,5.737317,333.9428,-3.022146,0.5267525,5.29418,-7.6722,-34.1601,0.2880974,
2,113.88,2,5.736153,333.9515,-3.027913,0.5278649,5.29418,-7.6722,-34.1601,0.2880974,
2,113.89,2,5.736331,333.9439,-3.029698,0.5281596,5.29418,-7.6722,-34.1601,0.2880974,
2,113.9,2,5.735869,333.9471,-3.026784,0.527694,5.29418,-7.6722,-34.1601,0.2880974,
2,113.91,2,5.73631,333.9443,-3.028555,0.5279622,5.29418,-7.6722,-34.1601,0.2880974,
2,113.92,2,5.735191,333.9373,-3.028991,0.5281413,5.29418,-7.6722,-34.1601,0.2880974,
2,113.93,2,5.736031,333.9416,-3.031091,0.5284301,5.29418,-7.6722,-34.1601,0.2880974,
2,113.94,2,5.734358,333.9354,-3.0352,0.5293007,5.29418,-7.6722,-34.1601,0.2880974,
2,113.95,2,5.733634,333.9754,-3.034461,0.5292386,5.29418,-7.6722,-34.1601,0.2880974,
2,113.96,2,5.73479,333.939,-3.031859,0.5286782,5.29418,-7.6722,-34.1601,0.2880974,
2,113.97,2,5.735221,333.9245,-3.028846,0.5281132,5.28985,-7.6722,-34.1607,0.2887001,
2,113.98,2,5.734554,333.924,-3.030585,0.5284779,5.28985,-7.6722,-34.1607,0.2887001,
2,113.99,2,5.73431,333.9247,-3.030077,0.5284118,5.28985,-7.6722,-34.1607,0.2887001,
2,114,2,5.73686,333.9214,-3.03201,0.5285139,5.28985,-7.6722,-34.1607,0.2887001,
2,114.01,2,5.733258,333.9026,-3.031917,0.5288297,5.28985,-7.6722,-34.1607,0.2887001,
2,114.02,2,5.735452,333.9132,-3.027579,0.5278711,5.28985,-7.6722,-34.1607,0.2887001,
2,114.03,2,5.734419,333.9102,-3.025354,0.5275782,5.28985,-7.6722,-34.1607,0.2887001,
2,114.04,2,5.734394,333.9086,-3.024786,0.5274813,5.28985,-7.6722,-34.1607,0.2887001,
2,114.05,2,5.735825,333.9092,-3.025875,0.5275397,5.28985,-7.6722,-34.1607,0.2887001,
2,114.06,2,5.735363,333.9003,-3.028804,0.5280927,5.28985,-7.6722,-34.1607,0.2887001,
2,114.07,2,5.741625,333.9012,-3.025557,0.5269513,5.28985,-7.6722,-34.1607,0.2887001,
2,114.08,2,5.743346,333.8645,-3.029036,0.5273992,5.28985,-7.6722,-34.1607,0.2887001,
2,114.09,2,5.74903,333.8614,-3.024809,0.5261426,5.28985,-7.6722,-34.1607,0.2887001,
2,114.1,2,5.749024,333.8533,-3.027236,0.5265651,5.28985,-7.6722,-34.1607,0.2887001,
2,114.11,2,5.751357,333.8453,-3.031419,0.527079,5.28985,-7.6722,-34.1607,0.2887001,
2,114.12,2,5.748101,333.8622,-3.03349,0.5277378,5.28985,-7.6722,-34.1607,0.2887001,
2,114.13,2,5.74908,333.7935,-3.033008,0.527564,5.28985,-7.6722,-34.1607,0.2887001,
2,114.14,2,5.749823,333.84,-3.029872,0.5269505,5.28985,-7.6722,-34.1607,0.2887001,
2,114.15,2,5.750042,333.8344,-3.03187,0.5272778,5.28985,-7.6722,-34.1607,0.2887001,
2,114.16,2,5.751124,333.8294,-3.035456,0.5278022,5.28985,-7.6722,-34.1607,0.2887001,
2,114.17,2,5.75111,333.8261,-3.038733,0.5283734,5.28985,-7.6722,-34.1607,0.2887001,
2,114.18,2,5.74789,333.8221,-3.044178,0.5296167,5.28985,-7.6722,-34.1607,0.2887001,
2,114.19,2,5.749915,333.8333,-3.043647,0.5293376,5.28985,-7.6722,-34.1607,0.2887001,
2,114.2,2,5.748168,333.8205,-3.040368,0.5289282,5.28985,-7.6722,-34.1607,0.2887001,
2,114.21,2,5.745707,333.8229,-3.038231,0.5287828,5.2855,-7.6722,-34.1614,0.2893982,
2,114.22,2,5.747029,333.825,-3.040333,0.5290268,5.2855,-7.6722,-34.1614,0.2893982,
2,114.23,2,5.747657,333.8194,-3.040929,0.5290727,5.2855,-7.6722,-34.1614,0.2893982,
2,114.24,2,5.746695,333.8069,-3.042124,0.5293693,5.2855,-7.6722,-34.1614,0.2893982,
2,114.25,2,5.745799,333.8215,-3.040941,0.529246,5.2855,-7.6722,-34.1614,0.2893982,
2,114.26,2,5.746711,333.8036,-3.036844,0.5284491,5.2855,-7.6722,-34.1614,0.2893982,
2,114.27,2,5.746436,333.8057,-3.035776,0.5282885,5.2855,-7.6722,-34.1614,0.2893982,
2,114.28,2,5.745961,333.8065,-3.038588,0.5288216,5.2855,-7.6722,-34.1614,0.2893982,
2,114.29,2,5.743923,333.8015,-3.039039,0.5290877,5.2855,-7.6722,-34.1614,0.2893982,
2,114.3,2,5.746408,333.8168,-3.036297,0.5283818,5.2855,-7.6722,-34.1614,0.2893982,
2,114.31,2,5.752704,333.7901,-3.038233,0.5281399,5.2855,-7.6722,-34.1614,0.2893982,
2,114.32,2,5.755341,333.7647,-3.032411,0.5268865,5.2855,-7.6722,-34.1614,0.2893982,
2,114.33,2,5.75975,333.7552,-3.033284,0.5266348,5.2855,-7.6722,-34.1614,0.2893982,
2,114.34,2,5.762362,333.742,-3.035702,0.5268155,5.2855,-7.6722,-34.1614,0.2893982,
2,114.35,2,5.760451,333.7358,-3.041144,0.5279351,5.2855,-7.6722,-34.1614,0.2893982,
2,114.36,2,5.759655,333.7607,-3.041985,0.528154,5.2855,-7.6722,-34.1614,0.2893982,
2,114.37,2,5.760857,333.7409,-3.04292,0.5282061,5.2855,-7.6722,-34.1614,0.2893982,
2,114.38,2,5.760814,333.7314,-3.042116,0.5280704,5.2855,-7.6722,-34.1614,0.2893982,
2,114.39,2,5.760826,333.7271,-3.039972,0.5276971,5.2855,-7.6722,-34.1614,0.2893982,
2,114.4,2,5.76349,333.7238,-3.042685,0.5279241,5.2855,-7.6722,-34.1614,0.2893982,
2,114.41,2,5.759159,333.7158,-3.044521,0.5286399,5.2855,-7.6722,-34.1614,0.2893982,
2,114.42,2,5.760038,333.7107,-3.043099,0.5283123,5.2855,-7.6722,-34.1614,0.2893982,
2,114.43,2,5.763578,333.7137,-3.043487,0.5280551,5.2855,-7.6722,-34.1614,0.2893982,
2,114.44,2,5.760007,333.7137,-3.046047,0.528827,5.2855,-7.6722,-34.1614,0.2893982,
2,114.45,2,5.759372,333.7072,-3.047962,0.5292177,5.2817,-7.6722,-34.162,0.2899971,
2,114.46,2,5.760115,333.7119,-3.04654,0.5289026,5.2817,-7.6722,-34.162,0.2899971,
2,114.47,2,5.760249,333.7118,-3.044539,0.5285429,5.2817,-7.6722,-34.162,0.2899971,
2,114.48,2,5.762411,333.7338,-3.048556,0.5290418,5.2817,-7.6722,-34.162,0.2899971,
2,114.49,2,5.758698,333.6982,-3.046466,0.5290199,5.2817,-7.6722,-34.162,0.2899971,
2,114.5,2,5.759077,333.7066,-3.044994,0.5287296,5.2817,-7.6722,-34.162,0.2899971,
2,114.51,2,5.758862,333.6974,-3.044908,0.5287344,5.2817,-7.6722,-34.162,0.2899971,
2,114.52,2,5.757468,333.6935,-3.047223,0.5292645,5.2817,-7.6722,-34.162,0.2899971,
2,114.53,2,5.757857,333.685,-3.052665,0.5301739,5.2817,-7.6722,-34.162,0.2899971,
2,114.54,2,5.758971,333.6743,-3.051183,0.529814,5.2817,-7.6722,-34.162,0.2899971,
2,114.55,2,5.763393,333.6746,-3.046507,0.528596,5.2817,-7.6722,-34.162,0.2899971,
2,114.56,2,5.765651,333.6523,-3.043572,0.52788,5.2817,-7.6722,-34.162,0.2899971,
2,114.57,2,5.7722,333.6466,-3.045075,0.5275415,5.2817,-7.6722,-34.162,0.2899971,
2,114.58,2,5.774158,333.6344,-3.045704,0.5274715,5.2817,-7.6722,-34.162,0.2899971,
2,114.59,2,5.772387,333.6477,-3.052021,0.5287277,5.2817,-7.6722,-34.162,0.2899971,
2,114.6,2,5.772803,333.6357,-3.053251,0.5289026,5.2817,-7.6722,-34.162,0.2899971,
2,114.61,2,5.773115,333.6302,-3.048408,0.5280352,5.2817,-7.6722,-34.162,0.2899971,
2,114.62,2,5.773988,333.6353,-3.045129,0.5273875,5.2817,-7.6722,-34.162,0.2899971,
2,114.63,2,5.773736,333.6201,-3.042213,0.5269055,5.27738,-7.6722,-34.1626,0.2905998,
2,114.64,2,5.772948,333.6226,-3.04557,0.5275589,5.27738,-7.6722,-34.1626,0.2905998,
2,114.65,2,5.772281,333.617,-3.049499,0.5283005,5.27738,-7.6722,-34.1626,0.2905998,
2,114.66,2,5.771794,333.5967,-3.051906,0.528762,5.27738,-7.6722,-34.1626,0.2905998,
2,114.67,2,5.771965,333.608,-3.051009,0.528591,5.27738,-7.6722,-34.1626,0.2905998,
2,114.68,2,5.771727,333.6018,-3.049812,0.5284055,5.27738,-7.6722,-34.1626,0.2905998,
2,114.69,2,5.773008,333.5985,-3.047486,0.5278853,5.27738,-7.6722,-34.1626,0.2905998,
2,114.7,2,5.772696,333.6035,-3.051234,0.5285631,5.27738,-7.6722,-34.1626,0.2905998,
2,114.71,2,5.774036,333.5812,-3.052942,0.5287362,5.27738,-7.6722,-34.1626,0.2905998,
2,114.72,2,5.773025,333.6171,-3.051085,0.5285072,5.27738,-7.6722,-34.1626,0.2905998,
2,114.73,2,5.772151,333.584,-3.051068,0.5285842,5.27738,-7.6722,-34.1626,0.2905998,
2,114.74,2,5.771554,333.5898,-3.05119,0.5286601,5.27738,-7.6722,-34.1626,0.2905998,
2,114.75,2,5.775692,333.5792,-3.048956,0.5278945,5.27738,-7.6722,-34.1626,0.2905998,
2,114.76,2,5.779466,333.5665,-3.052757,0.5282075,5.27738,-7.6722,-34.1626,0.2905998,
2,114.77,2,5.782347,333.5481,-3.055751,0.528462,5.27738,-7.6722,-34.1626,0.2905998,
2,114.78,2,5.785632,333.5402,-3.056863,0.5283542,5.27738,-7.6722,-34.1626,0.2905998,
2,114.79,2,5.785689,333.537,-3.057276,0.5284204,5.27738,-7.6722,-34.1626,0.2905998,
2,114.8,2,5.787918,333.5326,-3.055569,0.5279219,5.27738,-7.6722,-34.1626,0.2905998,
2,114.81,2,5.785344,333.5345,-3.053787,0.527849,5.27738,-7.6722,-34.1626,0.2905998,
2,114.82,2,5.786646,333.5286,-3.056576,0.5282121,5.27738,-7.6722,-34.1626,0.2905998,
2,114.83,2,5.786486,333.5506,-3.058379,0.5285383,5.27738,-7.6722,-34.1626,0.2905998,
2,114.84,2,5.786532,333.5118,-3.056864,0.5282722,5.27738,-7.6722,-34.1626,0.2905998,
2,114.85,2,5.788026,333.5226,-3.053885,0.5276212,5.27738,-7.6722,-34.1626,0.2905998,
2,114.86,2,5.788494,333.5277,-3.053545,0.5275198,5.27738,-7.6722,-34.1626,0.2905998,
2,114.87,2,5.78693,333.5246,-3.057137,0.5282829,5.27738,-7.6722,-34.1626,0.2905998,
2,114.88,2,5.788033,333.5142,-3.054144,0.5276653,5.2741,-7.6722,-34.1632,0.2911987,
2,114.89,2,5.78675,333.5016,-3.05466,0.5278714,5.2741,-7.6722,-34.1632,0.2911987,
2,114.9,2,5.786639,333.5147,-3.053046,0.5276026,5.2741,-7.6722,-34.1632,0.2911987,
2,114.91,2,5.787161,333.5174,-3.051783,0.5273368,5.2741,-7.6722,-34.1632,0.2911987,
2,114.92,2,5.789173,333.5044,-3.049302,0.526725,5.2741,-7.6722,-34.1632,0.2911987,
2,114.93,2,5.787941,333.4997,-3.048036,0.5266182,5.2741,-7.6722,-34.1632,0.2911987,
2,114.94,2,5.785601,333.4993,-3.052224,0.5275552,5.2741,-7.6722,-34.1632,0.2911987,
2,114.95,2,5.78767,333.4905,-3.053804,0.5276396,5.2741,-7.6722,-34.1632,0.2911987,
2,114.96,2,5.791889,333.4769,-3.054154,0.5273157,5.2741,-7.6722,-34.1632,0.2911987,
2,114.97,2,5.794469,333.4653,-3.051146,0.5265618,5.2741,-7.6722,-34.1632,0.2911987,
2,114.98,2,5.795281,333.4606,-3.053145,0.5268329,5.2741,-7.6722,-34.1632,0.2911987,
2,114.99,2,5.798119,333.4498,-3.054585,0.5268235,5.2741,-7.6722,-34.1632,0.2911987,
2,115,2,5.799581,333.4417,-3.057605,0.5272114,5.2741,-7.6722,-34.1632,0.2911987,
2,115.01,2,5.798699,333.4378,-3.059349,0.5275923,5.2741,-7.6722,-34.1632,0.2911987,
2,115.02,2,5.80182,333.433,-3.058449,0.5271534,5.2741,-7.6722,-34.1632,0.2911987,
2,115.03,2,5.800076,333.4279,-3.057834,0.5272058,5.2741,-7.6722,-34.1632,0.2911987,
2,115.04,2,5.800655,333.426,-3.057107,0.5270278,5.2741,-7.6722,-34.1632,0.2911987,
2,115.05,2,5.800375,333.4252,-3.059421,0.5274522,5.2741,-7.6722,-34.1632,0.2911987,
2,115.06,2,5.798563,333.4202,-3.063697,0.5283545,5.2741,-7.6722,-34.1632,0.2911987,
2,115.07,2,5.798529,333.3906,-3.063103,0.5282552,5.27058,-7.6722,-34.1638,0.2917976,
2,115.08,2,5.798576,333.4308,-3.063564,0.5283303,5.27058,-7.6722,-34.1638,0.2917976,
2,115.09,2,5.799963,333.4244,-3.059882,0.5275692,5.27058,-7.6722,-34.1638,0.2917976,
2,115.1,2,5.796991,333.4198,-3.061921,0.5281915,5.27058,-7.6722,-34.1638,0.2917976,
2,115.11,2,5.796782,333.42,-3.064193,0.5286024,5.27058,-7.6722,-34.1638,0.2917976,
2,115.12,2,5.796534,333.4175,-3.068357,0.5293435,5.27058,-7.6722,-34.1638,0.2917976,
2,115.13,2,5.79909,333.4019,-3.066463,0.5287834,5.27058,-7.6722,-34.1638,0.2917976,
2,115.14,2,5.798666,333.4102,-3.063979,0.5283938,5.27058,-7.6722,-34.1638,0.2917976,
2,115.15,2,5.798685,333.4023,-3.061197,0.5279123,5.27058,-7.6722,-34.1638,0.2917976,
2,115.16,2,5.799393,333.3997,-3.060112,0.5276608,5.27058,-7.6722,-34.1638,0.2917976,
2,115.17,2,5.801614,333.3929,-3.05951,0.5273549,5.27058,-7.6722,-34.1638,0.2917976,
2,115.18,2,5.803931,333.3633,-3.060053,0.5272379,5.27058,-7.6722,-34.1638,0.2917976,
2,115.19,2,5.807975,333.375,-3.062043,0.5272135,5.27058,-7.6722,-34.1638,0.2917976,
2,115.2,2,5.811631,333.3586,-3.058553,0.5262813,5.27058,-7.6722,-34.1638,0.2917976,
2,115.21,2,5.813045,333.3568,-3.057061,0.5258967,5.27058,-7.6722,-34.1638,0.2917976,
2,115.22,2,5.810352,333.3513,-3.057035,0.526136,5.27058,-7.6722,-34.1638,0.2917976,
2,115.23,2,5.813189,333.3425,-3.060056,0.5263989,5.27058,-7.6722,-34.1638,0.2917976,
2,115.24,2,5.81103,333.3452,-3.062617,0.5270352,5.27058,-7.6722,-34.1638,0.2917976,
2,115.25,2,5.811563,333.3431,-3.06334,0.5271112,5.27058,-7.6722,-34.1638,0.2917976,
2,115.26,2,5.810921,333.3302,-3.061857,0.5269143,5.27058,-7.6722,-34.1638,0.2917976,
2,115.27,2,5.811574,333.332,-3.062645,0.5269907,5.27058,-7.6722,-34.1638,0.2917976,
2,115.28,2,5.812149,333.3196,-3.063156,0.5270264,5.27058,-7.6722,-34.1638,0.2917976,
2,115.29,2,5.813493,333.311,-3.062829,0.5268484,5.2668,-7.6722,-34.1644,0.2923965,
2,115.3,2,5.8102,333.335,-3.065669,0.5276358,5.2668,-7.6722,-34.1644,0.2923965,
2,115.31,2,5.810979,333.3074,-3.066261,0.5276669,5.2668,-7.6722,-34.1644,0.2923965,
2,115.32,2,5.81156,333.3116,-3.065948,0.5275603,5.2668,-7.6722,-34.1644,0.2923965,
2,115.33,2,5.813566,333.3109,-3.064872,0.527193,5.2668,-7.6722,-34.1644,0.2923965,
2,115.34,2,5.810385,333.3078,-3.066302,0.5277278,5.2668,-7.6722,-34.1644,0.2923965,
2,115.35,2,5.81023,333.316,-3.070249,0.5284212,5.2668,-7.6722,-34.1644,0.2923965,
2,115.36,2,5.810853,333.3121,-3.07057,0.5284199,5.2668,-7.6722,-34.1644,0.2923965,
2,115.37,2,5.811893,333.2979,-3.070388,0.528294,5.2668,-7.6722,-34.1644,0.2923965,
2,115.38,2,5.8097,333.3039,-3.067745,0.5280385,5.2668,-7.6722,-34.1644,0.2923965,
2,115.39,2,5.81275,333.2938,-3.068572,0.5279036,5.2668,-7.6722,-34.1644,0.2923965,
2,115.4,2,5.816564,333.2773,-3.068178,0.5274897,5.2668,-7.6722,-34.1644,0.2923965,
2,115.41,2,5.818161,333.2617,-3.071335,0.5278876,5.2668,-7.6722,-34.1644,0.2923965,
2,115.42,2,5.820249,333.2064,-3.072063,0.5278234,5.2668,-7.6722,-34.1644,0.2923965,
2,115.43,2,5.821353,333.247,-3.072616,0.5278181,5.2668,-7.6722,-34.1644,0.2923965,
2,115.44,2,5.820795,333.2554,-3.072981,0.5279315,5.2668,-7.6722,-34.1644,0.2923965,
2,115.45,2,5.822154,333.2599,-3.071064,0.5274791,5.2668,-7.6722,-34.1644,0.2923965,
2,115.46,2,5.821861,333.2475,-3.070869,0.5274721,5.2668,-7.6722,-34.1644,0.2923965,
2,115.47,2,5.819437,333.2553,-3.072666,0.5280005,5.2668,-7.6722,-34.1644,0.2923965,
2,115.48,2,5.821138,333.2375,-3.071476,0.5276418,5.2668,-7.6722,-34.1644,0.2923965,
2,115.49,2,5.820557,333.245,-3.071533,0.5277044,5.2668,-7.6722,-34.1644,0.2923965,
2,115.5,2,5.820033,333.2339,-3.067696,0.5270925,5.2668,-7.6722,-34.1644,0.2923965,
2,115.51,2,5.819531,333.2347,-3.066597,0.5269491,5.26353,-7.6722,-34.1649,0.2929001,
2,115.52,2,5.819586,333.2328,-3.068616,0.5272912,5.26353,-7.6722,-34.1649,0.2929001,
2,115.53,2,5.820418,333.2279,-3.066926,0.5269253,5.26353,-7.6722,-34.1649,0.2929001,
2,115.54,2,5.822359,333.203,-3.069088,0.527121,5.26353,-7.6722,-34.1649,0.2929001,
2,115.55,2,5.819949,333.2263,-3.069845,0.5274693,5.26353,-7.6722,-34.1649,0.2929001,
2,115.56,2,5.819394,333.2081,-3.068611,0.5273076,5.26353,-7.6722,-34.1649,0.2929001,
2,115.57,2,5.820268,333.2061,-3.070223,0.5275055,5.26353,-7.6722,-34.1649,0.2929001,
2,115.58,2,5.819553,333.2112,-3.071285,0.5277526,5.26353,-7.6722,-34.1649,0.2929001,
2,115.59,2,5.821911,333.2097,-3.0726,0.5277649,5.26353,-7.6722,-34.1649,0.2929001,
2,115.6,2,5.818577,333.2097,-3.074522,0.5283976,5.26353,-7.6722,-34.1649,0.2929001,
2,115.61,2,5.819797,333.201,-3.073852,0.5281716,5.26353,-7.6722,-34.1649,0.2929001,
2,115.62,2,5.824714,333.191,-3.071575,0.5273349,5.26353,-7.6722,-34.1649,0.2929001,
2,115.63,2,5.828028,333.1781,-3.072077,0.5271212,5.26353,-7.6722,-34.1649,0.2929001,
2,115.64,2,5.831143,333.1596,-3.074961,0.5273342,5.26353,-7.6722,-34.1649,0.2929001,
2,115.65,2,5.83492,333.1544,-3.077765,0.5274734,5.26353,-7.6722,-34.1649,0.2929001,
2,115.66,2,5.834896,333.1843,-3.080899,0.5280126,5.26353,-7.6722,-34.1649,0.2929001,
2,115.67,2,5.832574,333.1329,-3.07942,0.5279694,5.26353,-7.6722,-34.1649,0.2929001,
2,115.68,2,5.834419,333.1511,-3.080183,0.527933,5.26353,-7.6722,-34.1649,0.2929001,
2,115.69,2,5.832452,333.1444,-3.079316,0.5279625,5.26353,-7.6722,-34.1649,0.2929001,
2,115.7,2,5.832625,333.1464,-3.082283,0.5284555,5.26353,-7.6722,-34.1649,0.2929001,
2,115.71,2,5.83322,333.1466,-3.083524,0.5286143,5.26353,-7.6722,-34.1649,0.2929001,
2,115.72,2,5.831304,333.1659,-3.085976,0.5292086,5.26353,-7.6722,-34.1649,0.2929001,
2,115.73,2,5.832686,333.1315,-3.08375,0.5287014,5.26353,-7.6722,-34.1649,0.2929001,
2,115.74,2,5.834134,333.131,-3.080547,0.5280213,5.26353,-7.6722,-34.1649,0.2929001,
2,115.75,2,5.833327,333.1282,-3.077367,0.5275492,5.26353,-7.6722,-34.1649,0.2929001,
2,115.76,2,5.832873,333.1229,-3.078357,0.52776,5.26353,-7.6722,-34.1649,0.2929001,
2,115.77,2,5.834005,333.1379,-3.079385,0.5278338,5.2592,-7.6722,-34.1654,0.2933998,
2,115.78,2,5.832862,333.1323,-3.077617,0.5276342,5.2592,-7.6722,-34.1654,0.2933998,
2,115.79,2,5.832786,333.1166,-3.076614,0.5274692,5.2592,-7.6722,-34.1654,0.2933998,
2,115.8,2,5.833514,333.1098,-3.074406,0.5270247,5.2592,-7.6722,-34.1654,0.2933998,
2,115.81,2,5.831606,333.1101,-3.074033,0.5271331,5.2592,-7.6722,-34.1654,0.2933998,
2,115.82,2,5.831722,333.1051,-3.075871,0.5274379,5.2592,-7.6722,-34.1654,0.2933998,
2,115.83,2,5.830882,333.1018,-3.077755,0.5278369,5.2592,-7.6722,-34.1654,0.2933998,
2,115.84,2,5.829844,333.1085,-3.079537,0.5282366,5.2592,-7.6722,-34.1654,0.2933998,
2,115.85,2,5.831402,333.0793,-3.077783,0.5277947,5.2592,-7.6722,-34.1654,0.2933998,
2,115.86,2,5.831946,333.1005,-3.077757,0.5277409,5.2592,-7.6722,-34.1654,0.2933998,
2,115.87,2,5.830738,333.0974,-3.076013,0.5275512,5.2592,-7.6722,-34.1654,0.2933998,
2,115.88,2,5.830963,333.0954,-3.079,0.528043,5.2592,-7.6722,-34.1654,0.2933998,
2,115.89,2,5.835169,333.0859,-3.07938,0.5277275,5.2592,-7.6722,-34.1654,0.2933998,
2,115.9,2,5.837792,333.0677,-3.078335,0.5273115,5.2592,-7.6722,-34.1654,0.2933998,
2,115.91,2,5.841615,333.0517,-3.081823,0.5275636,5.2592,-7.6722,-34.1654,0.2933998,
2,115.92,2,5.846544,333.04,-3.082476,0.5272304,5.2592,-7.6722,-34.1654,0.2933998,
2,115.93,2,5.844519,333.042,-3.082953,0.5274948,5.2592,-7.6722,-34.1654,0.2933998,
2,115.94,2,5.845535,333.0389,-3.086612,0.5280291,5.2592,-7.6722,-34.1654,0.2933998,
2,115.95,2,5.844989,333.0318,-3.088378,0.5283805,5.2592,-7.6722,-34.1654,0.2933998,
2,115.96,2,5.845443,333.0414,-3.088734,0.5284003,5.2592,-7.6722,-34.1654,0.2933998,
2,115.97,2,5.842132,333.0333,-3.088233,0.5286142,5.2592,-7.6722,-34.1654,0.2933998,
2,115.98,2,5.843695,333.0298,-3.086461,0.5281694,5.2592,-7.6722,-34.1654,0.2933998,
2,115.99,2,5.844182,333.0309,-3.087546,0.5283111,5.2592,-7.6722,-34.1654,0.2933998,
2,116,2,5.842363,333.0385,-3.089516,0.5288126,5.25485,-7.6722,-34.166,0.2939987,
2,116.01,2,5.843251,333.0613,-3.090344,0.5288742,5.25485,-7.6722,-34.166,0.2939987,
2,116.02,2,5.842879,333.0258,-3.087677,0.5284514,5.25485,-7.6722,-34.166,0.2939987,
2,116.03,2,5.844428,333.0168,-3.085453,0.5279307,5.25485,-7.6722,-34.166,0.2939987,
2,116.04,2,5.846048,333.0229,-3.084611,0.5276403,5.25485,-7.6722,-34.166,0.2939987,
2,116.05,2,5.843517,333.0033,-3.083308,0.5276459,5.25485,-7.6722,-34.166,0.2939987,
2,116.06,2,5.843737,333.0014,-3.085095,0.5279319,5.25485,-7.6722,-34.166,0.2939987,
2,116.07,2,5.842456,333.0257,-3.084626,0.5279674,5.25485,-7.6722,-34.166,0.2939987,
2,116.08,2,5.844349,333.011,-3.083955,0.5276815,5.25485,-7.6722,-34.166,0.2939987,
2,116.09,2,5.845042,333.0066,-3.079808,0.5269095,5.25485,-7.6722,-34.166,0.2939987,
2,116.1,2,5.843907,332.9998,-3.07817,0.5267315,5.25485,-7.6722,-34.166,0.2939987,
2,116.11,2,5.843782,332.9887,-3.076159,0.5263987,5.25485,-7.6722,-34.166,0.2939987,
2,116.12,2,5.847932,332.99,-3.080571,0.5267796,5.25485,-7.6722,-34.166,0.2939987,
2,116.13,2,5.851767,332.976,-3.080701,0.5264565,5.25485,-7.6722,-34.166,0.2939987,
2,116.14,2,5.854734,332.9449,-3.080129,0.526092,5.25485,-7.6722,-34.166,0.2939987,
2,116.15,2,5.85665,332.9442,-3.082949,0.5264015,5.25485,-7.6722,-34.166,0.2939987,
2,116.16,2,5.854472,332.941,-3.084468,0.5268567,5.25485,-7.6722,-34.166,0.2939987,
2,116.17,2,5.854165,332.9391,-3.083302,0.5266852,5.25485,-7.6722,-34.166,0.2939987,
2,116.18,2,5.85592,332.9324,-3.085742,0.526944,5.25485,-7.6722,-34.166,0.2939987,
2,116.19,2,5.854367,332.922,-3.089405,0.5277094,5.25485,-7.6722,-34.166,0.2939987,
2,116.2,2,5.855134,332.9319,-3.088092,0.5274162,5.25485,-7.6722,-34.166,0.2939987,
2,116.21,2,5.852091,332.9231,-3.086369,0.527396,5.25485,-7.6722,-34.166,0.2939987,
2,116.22,2,5.853279,332.9272,-3.090859,0.5280561,5.25485,-7.6722,-34.166,0.2939987,
2,116.23,2,5.855577,332.9344,-3.088363,0.5274225,5.25485,-7.6722,-34.166,0.2939987,
2,116.24,2,5.855307,332.9247,-3.091208,0.5279327,5.25133,-7.6722,-34.1666,0.2945976,
2,116.25,2,5.854069,332.905,-3.091953,0.5281715,5.25133,-7.6722,-34.1666,0.2945976,
2,116.26,2,5.854795,332.9162,-3.094577,0.5285543,5.25133,-7.6722,-34.1666,0.2945976,
2,116.27,2,5.855052,332.9147,-3.089892,0.5277311,5.25133,-7.6722,-34.1666,0.2945976,
2,116.28,2,5.854142,332.9094,-3.091378,0.5280668,5.25133,-7.6722,-34.1666,0.2945976,
2,116.29,2,5.854098,332.9157,-3.093497,0.5284327,5.25133,-7.6722,-34.1666,0.2945976,
2,116.3,2,5.855758,332.9065,-3.095899,0.5286932,5.25133,-7.6722,-34.1666,0.2945976,
2,116.31,2,5.852206,332.8762,-3.095283,0.5289088,5.25133,-7.6722,-34.1666,0.2945976,
2,116.32,2,5.853494,332.9061,-3.093152,0.5284283,5.25133,-7.6722,-34.1666,0.2945976,
2,116.33,2,5.855412,332.9044,-3.092923,0.5282161,5.25133,-7.6722,-34.1666,0.2945976,
2,116.34,2,5.854232,332.9073,-3.091227,0.5280328,5.25133,-7.6722,-34.1666,0.2945976,
2,116.35,2,5.856606,332.8967,-3.089281,0.5274864,5.25133,-7.6722,-34.1666,0.2945976,
2,116.36,2,5.861815,332.8783,-3.088747,0.5269268,5.25133,-7.6722,-34.1666,0.2945976,
2,116.37,2,5.863511,332.8521,-3.08812,0.5266675,5.25133,-7.6722,-34.1666,0.2945976,
2,116.38,2,5.868343,332.8602,-3.086419,0.5259439,5.25133,-7.6722,-34.1666,0.2945976,
2,116.39,2,5.868837,332.8476,-3.084541,0.5255795,5.25133,-7.6722,-34.1666,0.2945976,
2,116.4,2,5.868794,332.8436,-3.087106,0.5260205,5.25133,-7.6722,-34.1666,0.2945976,
2,116.41,2,5.869957,332.84,-3.088504,0.5261545,5.25133,-7.6722,-34.1666,0.2945976,
2,116.42,2,5.869291,332.8403,-3.090528,0.5265589,5.25133,-7.6722,-34.1666,0.2945976,
2,116.43,2,5.868182,332.8231,-3.091146,0.5267638,5.25133,-7.6722,-34.1666,0.2945976,
2,116.44,2,5.867233,332.8322,-3.090105,0.5266716,5.25133,-7.6722,-34.1666,0.2945976,
2,116.45,2,5.866598,332.8232,-3.090542,0.5268031,5.25133,-7.6722,-34.1666,0.2945976,
2,116.46,2,5.86722,332.8293,-3.091973,0.5269911,5.25133,-7.6722,-34.1666,0.2945976,
2,116.47,2,5.86729,332.8191,-3.093002,0.5271602,5.25133,-7.6722,-34.1666,0.2945976,
2,116.48,2,5.866165,332.7979,-3.094025,0.5274358,5.25133,-7.6722,-34.1666,0.2945976,
2,116.49,2,5.865027,332.8625,-3.095574,0.5278022,5.25133,-7.6722,-34.1666,0.2945976,
2,116.5,2,5.866577,332.8132,-3.093867,0.5273718,5.25133,-7.6722,-34.1666,0.2945976,
2,116.51,2,5.866325,332.8043,-3.094188,0.5274491,5.25133,-7.6722,-34.1666,0.2945976,
2,116.52,2,5.867245,332.8073,-3.096415,0.527746,5.25133,-7.6722,-34.1666,0.2945976,
2,116.53,2,5.867538,332.8057,-3.096685,0.5277656,5.24673,-7.6722,-34.1672,0.2951965,
2,116.54,2,5.866847,332.8015,-3.099801,0.528359,5.24673,-7.6722,-34.1672,0.2951965,
2,116.55,2,5.866151,332.7978,-3.099068,0.5282967,5.24673,-7.6722,-34.1672,0.2951965,
2,116.56,2,5.865959,332.7967,-3.098453,0.5282091,5.24673,-7.6722,-34.1672,0.2951965,
2,116.57,2,5.868981,332.7808,-3.096815,0.527658,5.24673,-7.6722,-34.1672,0.2951965,
2,116.58,2,5.867686,332.7928,-3.097169,0.5278349,5.24673,-7.6722,-34.1672,0.2951965,
2,116.59,2,5.867635,332.7809,-3.098836,0.5281235,5.24673,-7.6722,-34.1672,0.2951965,
2,116.6,2,5.867453,332.7702,-3.099826,0.5283086,5.24673,-7.6722,-34.1672,0.2951965,
2,116.61,2,5.866316,332.7716,-3.099492,0.5283542,5.24673,-7.6722,-34.1672,0.2951965,
2,116.62,2,5.866808,332.786,-3.096158,0.5277414,5.24673,-7.6722,-34.1672,0.2951965,
2,116.63,2,5.865714,332.7821,-3.093453,0.5273789,5.24673,-7.6722,-34.1672,0.2951965,
2,116.64,2,5.869813,332.794,-3.094611,0.5272078,5.24673,-7.6722,-34.1672,0.2951965,
2,116.65,2,5.873311,332.7564,-3.094934,0.5269489,5.24673,-7.6722,-34.1672,0.2951965,
2,116.66,2,5.875276,332.7272,-3.095122,0.5268045,5.24673,-7.6722,-34.1672,0.2951965,
2,116.67,2,5.876325,332.7324,-3.094591,0.5266201,5.24673,-7.6722,-34.1672,0.2951965,
2,116.68,2,5.879008,332.7321,-3.094249,0.5263215,5.24673,-7.6722,-34.1672,0.2951965,
2,116.69,2,5.878467,332.7296,-3.091963,0.5259812,5.24673,-7.6722,-34.1672,0.2951965,
2,116.7,2,5.8794,332.7205,-3.092041,0.525911,5.24673,-7.6722,-34.1672,0.2951965,
2,116.71,2,5.877972,332.719,-3.094671,0.5264861,5.24673,-7.6722,-34.1672,0.2951965,
2,116.72,2,5.8785,332.6955,-3.096353,0.5267251,5.24673,-7.6722,-34.1672,0.2951965,
2,116.73,2,5.879626,332.6977,-3.095864,0.526541,5.24673,-7.6722,-34.1672,0.2951965,
2,116.74,2,5.878825,332.6999,-3.095962,0.5266293,5.24673,-7.6722,-34.1672,0.2951965,
2,116.75,2,5.878732,332.6959,-3.095937,0.5266335,5.24673,-7.6722,-34.1672,0.2951965,
2,116.76,2,5.877329,332.6949,-3.097273,0.5269864,5.24673,-7.6722,-34.1672,0.2951965,
2,116.77,2,5.877147,332.7003,-3.099576,0.5273946,5.2421,-7.6722,-34.1678,0.2957993,
2,116.78,2,5.878487,332.6959,-3.098983,0.5271736,5.2421,-7.6722,-34.1678,0.2957993,
2,116.79,2,5.879645,332.6904,-3.100387,0.5273086,5.2421,-7.6722,-34.1678,0.2957993,
2,116.8,2,5.875622,332.6872,-3.101365,0.527836,5.2421,-7.6722,-34.1678,0.2957993,
2,116.81,2,5.87928,332.6743,-3.100397,0.527343,5.2421,-7.6722,-34.1678,0.2957993,
2,116.82,2,5.879369,332.6757,-3.100657,0.5273792,5.2421,-7.6722,-34.1678,0.2957993,
2,116.83,2,5.878687,332.6799,-3.100854,0.5274739,5.2421,-7.6722,-34.1678,0.2957993,
2,116.84,2,5.880191,332.6465,-3.103206,0.527739,5.2421,-7.6722,-34.1678,0.2957993,
2,116.85,2,5.878105,332.6792,-3.101831,0.5276924,5.2421,-7.6722,-34.1678,0.2957993,
2,116.86,2,5.878931,332.6773,-3.100212,0.5273428,5.2421,-7.6722,-34.1678,0.2957993,
2,116.87,2,5.878334,332.6786,-3.1005,0.5274454,5.2421,-7.6722,-34.1678,0.2957993,
2,116.88,2,5.881119,332.6701,-3.103265,0.5276658,5.2421,-7.6722,-34.1678,0.2957993,
2,116.89,2,5.886077,332.653,-3.103084,0.5271906,5.2421,-7.6722,-34.1678,0.2957993,
2,116.9,2,5.888085,332.669,-3.104724,0.5272893,5.2421,-7.6722,-34.1678,0.2957993,
2,116.91,2,5.891369,332.6283,-3.1035,0.5267876,5.2421,-7.6722,-34.1678,0.2957993,
2,116.92,2,5.892652,332.6248,-3.101343,0.5263067,5.2421,-7.6722,-34.1678,0.2957993,
2,116.93,2,5.889708,332.6223,-3.102439,0.5267559,5.2421,-7.6722,-34.1678,0.2957993,
2,116.94,2,5.891569,332.611,-3.102679,0.5266303,5.2421,-7.6722,-34.1678,0.2957993,
2,116.95,2,5.892422,332.6123,-3.104058,0.5267882,5.2421,-7.6722,-34.1678,0.2957993,
2,116.96,2,5.891002,332.5997,-3.102969,0.5267303,5.2421,-7.6722,-34.1678,0.2957993,
2,116.97,2,5.891886,332.6036,-3.100583,0.5262463,5.2421,-7.6722,-34.1678,0.2957993,
2,116.98,2,5.888426,332.6057,-3.09985,0.526431,5.2421,-7.6722,-34.1678,0.2957993,
2,116.99,2,5.888802,332.5927,-3.09869,0.5262004,5.2421,-7.6722,-34.1678,0.2957993,
2,117,2,5.890912,332.5941,-3.101388,0.52647,5.2421,-7.6722,-34.1678,0.2957993,
2,117.01,2,5.890057,332.5858,-3.103156,0.5268465,5.2421,-7.6722,-34.1678,0.2957993,
2,117.02,2,5.889372,332.6059,-3.105234,0.5272607,5.2383,-7.6722,-34.1684,0.2963982,
2,117.03,2,5.889525,332.6015,-3.104454,0.5271145,5.2383,-7.6722,-34.1684,0.2963982,
2,117.04,2,5.88801,332.5779,-3.103225,0.5270414,5.2383,-7.6722,-34.1684,0.2963982,
2,117.05,2,5.891515,332.5802,-3.104049,0.5268677,5.2383,-7.6722,-34.1684,0.2963982,
2,117.06,2,5.890443,332.5756,-3.105759,0.5272539,5.2383,-7.6722,-34.1684,0.2963982,
2,117.07,2,5.891435,332.5962,-3.108616,0.52765,5.2383,-7.6722,-34.1684,0.2963982,
2,117.08,2,5.891591,332.5302,-3.107595,0.5274627,5.2383,-7.6722,-34.1684,0.2963982,
2,117.09,2,5.890827,332.5792,-3.109376,0.5278335,5.2383,-7.6722,-34.1684,0.2963982,
2,117.1,2,5.893661,332.5594,-3.107885,0.5273267,5.2383,-7.6722,-34.1684,0.2963982,
2,117.11,2,5.889111,332.5701,-3.108667,0.527867,5.2383,-7.6722,-34.1684,0.2963982,
2,117.12,2,5.888612,332.5622,-3.113088,0.5286625,5.2383,-7.6722,-34.1684,0.2963982,
2,117.13,2,5.890168,332.5608,-3.114544,0.52877,5.2383,-7.6722,-34.1684,0.2963982,
2,117.14,2,5.893967,332.5518,-3.113944,0.5283273,5.2383,-7.6722,-34.1684,0.2963982,
2,117.15,2,5.896916,332.5313,-3.112446,0.5278091,5.2383,-7.6722,-34.1684,0.2963982,
2,117.16,2,5.901639,332.5244,-3.115102,0.5278369,5.2383,-7.6722,-34.1684,0.2963982,
2,117.17,2,5.907439,332.5216,-3.115283,0.5273491,5.2383,-7.6722,-34.1684,0.2963982,
2,117.18,2,5.905082,332.5194,-3.119224,0.528227,5.2383,-7.6722,-34.1684,0.2963982,
2,117.19,2,5.902851,332.4965,-3.118565,0.5283151,5.2383,-7.6722,-34.1684,0.2963982,
2,117.2,2,5.904924,332.5197,-3.119173,0.5282325,5.2383,-7.6722,-34.1684,0.2963982,
2,117.21,2,5.902512,332.4946,-3.118007,0.5282509,5.2383,-7.6722,-34.1684,0.2963982,
2,117.22,2,5.903663,332.4951,-3.115202,0.5276727,5.2383,-7.6722,-34.1684,0.2963982,
2,117.23,2,5.904825,332.5027,-3.116078,0.5277173,5.2383,-7.6722,-34.1684,0.2963982,
2,117.24,2,5.90417,332.5015,-3.117133,0.5279544,5.2383,-7.6722,-34.1684,0.2963982,
2,117.25,2,5.903106,332.5118,-3.117643,0.5281361,5.2383,-7.6722,-34.1684,0.2963982,
2,117.26,2,5.902738,332.4942,-3.115541,0.5278128,5.2383,-7.6722,-34.1684,0.2963982,
2,117.27,2,5.903462,332.4866,-3.112515,0.5272356,5.2383,-7.6722,-34.1684,0.2963982,
2,117.28,2,5.903514,332.4827,-3.110977,0.5269704,5.2383,-7.6722,-34.1684,0.2963982,
2,117.29,2,5.906361,332.4812,-3.111926,0.526877,5.23343,-7.6722,-34.169,0.2969971,
2,117.3,2,5.904986,332.4776,-3.11372,0.5273035,5.23343,-7.6722,-34.169,0.2969971,
2,117.31,2,5.902431,332.4907,-3.114995,0.5277479,5.23343,-7.6722,-34.169,0.2969971,
2,117.32,2,5.903926,332.4895,-3.1135,0.5273609,5.23343,-7.6722,-34.169,0.2969971,
2,117.33,2,5.900761,332.4759,-3.114383,0.5277933,5.23343,-7.6722,-34.169,0.2969971,
2,117.34,2,5.901501,332.46,-3.114765,0.527792,5.23343,-7.6722,-34.169,0.2969971,
2,117.35,2,5.903671,332.4647,-3.115829,0.5277783,5.23343,-7.6722,-34.169,0.2969971,
2,117.36,2,5.902121,332.4604,-3.117693,0.5282327,5.23343,-7.6722,-34.169,0.2969971,
2,117.37,2,5.90165,332.4512,-3.120314,0.5287189,5.23343,-7.6722,-34.169,0.2969971,
2,117.38,2,5.900162,332.4645,-3.120783,0.5289317,5.23343,-7.6722,-34.169,0.2969971,
2,117.39,2,5.901348,332.4564,-3.118813,0.5284917,5.23343,-7.6722,-34.169,0.2969971,
2,117.4,2,5.908713,332.4404,-3.119761,0.5279934,5.23343,-7.6722,-34.169,0.2969971,
2,117.41,2,5.910222,332.429,-3.121277,0.5281151,5.23343,-7.6722,-34.169,0.2969971,
2,117.42,2,5.913456,332.4188,-3.123072,0.5281298,5.23343,-7.6722,-34.169,0.2969971,
2,117.43,2,5.916335,332.4442,-3.126033,0.5283732,5.23343,-7.6722,-34.169,0.2969971,
2,117.44,2,5.914274,332.4016,-3.126844,0.5286945,5.23343,-7.6722,-34.169,0.2969971,
2,117.45,2,5.914587,332.4131,-3.125938,0.5285133,5.23343,-7.6722,-34.169,0.2969971,
2,117.46,2,5.913486,332.4069,-3.126557,0.5287164,5.23343,-7.6722,-34.169,0.2969971,
2,117.47,2,5.915815,332.4055,-3.126844,0.5285568,5.23343,-7.6722,-34.169,0.2969971,
2,117.48,2,5.914553,332.3922,-3.130152,0.5292289,5.23343,-7.6722,-34.169,0.2969971,
2,117.49,2,5.912808,332.3969,-3.130213,0.5293954,5.23343,-7.6722,-34.169,0.2969971,
2,117.5,2,5.915757,332.3939,-3.128056,0.5287669,5.23343,-7.6722,-34.169,0.2969971,
2,117.51,2,5.915014,332.3932,-3.126045,0.5284932,5.23343,-7.6722,-34.169,0.2969971,
2,117.52,2,5.914097,332.3923,-3.124782,0.5283617,5.23343,-7.6722,-34.169,0.2969971,
2,117.53,2,5.914992,332.3882,-3.1255,0.528403,5.23343,-7.6722,-34.169,0.2969971,
2,117.54,2,5.915138,332.3994,-3.126546,0.5285669,5.23343,-7.6722,-34.169,0.2969971,
2,117.55,2,5.913547,332.3655,-3.12464,0.5283869,5.23343,-7.6722,-34.169,0.2969971,
2,117.56,2,5.914472,332.3792,-3.122282,0.5279055,5.23343,-7.6722,-34.169,0.2969971,
2,117.57,2,5.915006,332.3828,-3.120353,0.5275317,5.2291,-7.6722,-34.1696,0.2975998,
2,117.58,2,5.913991,332.3702,-3.12036,0.5276234,5.2291,-7.6722,-34.1696,0.2975998,
2,117.59,2,5.915606,332.3663,-3.120839,0.5275603,5.2291,-7.6722,-34.1696,0.2975998,
2,117.6,2,5.91335,332.3745,-3.125142,0.5284893,5.2291,-7.6722,-34.1696,0.2975998,
2,117.61,2,5.913249,332.3564,-3.126006,0.5286444,5.2291,-7.6722,-34.1696,0.2975998,
2,117.62,2,5.913674,332.3708,-3.125367,0.5284983,5.2291,-7.6722,-34.1696,0.2975998,
2,117.63,2,5.913895,332.3507,-3.124547,0.52834,5.2291,-7.6722,-34.1696,0.2975998,
2,117.64,2,5.916734,332.357,-3.12366,0.5279365,5.2291,-7.6722,-34.1696,0.2975998,
2,117.65,2,5.91281,332.3561,-3.125325,0.5285684,5.2291,-7.6722,-34.1696,0.2975998,
2,117.66,2,5.912834,332.3388,-3.126981,0.5288464,5.2291,-7.6722,-34.1696,0.2975998,
2,117.67,2,5.914787,332.3604,-3.129637,0.5291209,5.2291,-7.6722,-34.1696,0.2975998,
2,117.68,2,5.916377,332.3371,-3.127209,0.5285682,5.2291,-7.6722,-34.1696,0.2975998,
2,117.69,2,5.919974,332.3215,-3.129513,0.5286363,5.2291,-7.6722,-34.1696,0.2975998,
2,117.7,2,5.923226,332.3082,-3.130541,0.5285196,5.2291,-7.6722,-34.1696,0.2975998,
2,117.71,2,5.928742,332.2943,-3.13155,0.5281981,5.2291,-7.6722,-34.1696,0.2975998,
2,117.72,2,5.931415,332.2925,-3.136034,0.528716,5.2291,-7.6722,-34.1696,0.2975998,
2,117.73,2,5.929937,332.3025,-3.136132,0.5288644,5.2291,-7.6722,-34.1696,0.2975998,
2,117.74,2,5.92913,332.291,-3.133734,0.5285318,5.2291,-7.6722,-34.1696,0.2975998,
2,117.75,2,5.928208,332.2881,-3.134992,0.5288263,5.2291,-7.6722,-34.1696,0.2975998,
2,117.76,2,5.931401,332.2871,-3.135736,0.528667,5.2291,-7.6722,-34.1696,0.2975998,
2,117.77,2,5.930533,332.2848,-3.136875,0.5289364,5.2291,-7.6722,-34.1696,0.2975998,
2,117.78,2,5.929733,332.3302,-3.13773,0.529152,5.2291,-7.6722,-34.1696,0.2975998,
2,117.79,2,5.928984,332.2892,-3.135013,0.5287606,5.2291,-7.6722,-34.1696,0.2975998,
2,117.8,2,5.929401,332.2761,-3.133923,0.5285395,5.2291,-7.6722,-34.1696,0.2975998,
2,117.81,2,5.929078,332.271,-3.133905,0.5285654,5.22475,-7.6722,-34.1702,0.2981987,
2,117.82,2,5.926918,332.2821,-3.134097,0.5287904,5.22475,-7.6722,-34.1702,0.2981987,
2,117.83,2,5.929498,332.2676,-3.134424,0.5286154,5.22475,-7.6722,-34.1702,0.2981987,
2,117.84,2,5.927413,332.2745,-3.131595,0.5283241,5.22475,-7.6722,-34.1702,0.2981987,
2,117.85,2,5.928007,332.2722,-3.131247,0.5282124,5.22475,-7.6722,-34.1702,0.2981987,
2,117.86,2,5.928672,332.2689,-3.130446,0.5280181,5.22475,-7.6722,-34.1702,0.2981987,
2,117.87,2,5.929556,332.2627,-3.126822,0.5273281,5.22475,-7.6722,-34.1702,0.2981987,
2,117.88,2,5.92944,332.257,-3.128684,0.5276526,5.22475,-7.6722,-34.1702,0.2981987,
2,117.89,2,5.927533,332.252,-3.130277,0.5280911,5.22475,-7.6722,-34.1702,0.2981987,
2,117.9,2,5.929453,332.2549,-3.130441,0.5279476,5.22475,-7.6722,-34.1702,0.2981987,
2,117.91,2,5.928889,332.2344,-3.130129,0.5279453,5.22475,-7.6722,-34.1702,0.2981987,
2,117.92,2,5.928397,332.2386,-3.13292,0.52846,5.22475,-7.6722,-34.1702,0.2981987,
2,117.93,2,5.927957,332.2352,-3.131326,0.5282302,5.22475,-7.6722,-34.1702,0.2981987,
2,117.94,2,5.932703,332.2286,-3.135139,0.5284504,5.22475,-7.6722,-34.1702,0.2981987,
2,117.95,2,5.936239,332.2047,-3.135547,0.5282043,5.22475,-7.6722,-34.1702,0.2981987,
2,117.96,2,5.940208,332.1963,-3.135265,0.527804,5.22475,-7.6722,-34.1702,0.2981987,
2,117.97,2,5.942466,332.189,-3.135458,0.5276359,5.22475,-7.6722,-34.1702,0.2981987,
2,117.98,2,5.94494,332.1895,-3.134692,0.5272875,5.22475,-7.6722,-34.1702,0.2981987,
2,117.99,2,5.9443,332.1867,-3.140225,0.528275,5.22475,-7.6722,-34.1702,0.2981987,
2,118,2,5.944467,332.1804,-3.137631,0.5278237,5.22475,-7.6722,-34.1702,0.2981987,
2,118.01,2,5.941386,332.1751,-3.145555,0.5294313,5.22475,-7.6722,-34.1702,0.2981987,
2,118.02,2,5.943701,332.1435,-3.141196,0.5284915,5.22475,-7.6722,-34.1702,0.2981987,
2,118.03,2,5.942333,332.1876,-3.143808,0.5290529,5.22475,-7.6722,-34.1702,0.2981987,
2,118.04,2,5.946191,332.1781,-3.141551,0.52833,5.22475,-7.6722,-34.1702,0.2981987,
2,118.05,2,5.942425,332.1808,-3.140304,0.5284549,5.22475,-7.6722,-34.1702,0.2981987,
2,118.06,2,5.942857,332.1785,-3.146847,0.5295175,5.22475,-7.6722,-34.1702,0.2981987,
2,118.07,2,5.943665,332.1672,-3.142906,0.5287825,5.22475,-7.6722,-34.1702,0.2981987,
2,118.08,2,5.941962,332.1468,-3.147404,0.5296911,5.21987,-7.6722,-34.1708,0.2987976,
2,118.09,2,5.943151,332.1667,-3.144771,0.529142,5.21987,-7.6722,-34.1708,0.2987976,
2,118.1,2,5.94214,332.1652,-3.140453,0.5285054,5.21987,-7.6722,-34.1708,0.2987976,
2,118.11,2,5.943578,332.1543,-3.142694,0.5287545,5.21987,-7.6722,-34.1708,0.2987976,
2,118.12,2,5.940765,332.1572,-3.13928,0.5284303,5.21987,-7.6722,-34.1708,0.2987976,
2,118.13,2,5.941067,332.1405,-3.140249,0.5285665,5.21987,-7.6722,-34.1708,0.2987976,
2,118.14,2,5.939382,332.146,-3.144641,0.5294558,5.21987,-7.6722,-34.1708,0.2987976,
2,118.15,2,5.938988,332.1592,-3.139044,0.5285486,5.21987,-7.6722,-34.1708,0.2987976,
2,118.16,2,5.94102,332.1439,-3.1331,0.5273672,5.21987,-7.6722,-34.1708,0.2987976,
2,118.17,2,5.942901,332.1408,-3.133328,0.5272388,5.21987,-7.6722,-34.1708,0.2987976,
2,118.18,2,5.946321,332.1297,-3.132767,0.5268412,5.21987,-7.6722,-34.1708,0.2987976,
2,118.19,2,5.948341,332.1069,-3.129615,0.5261323,5.21987,-7.6722,-34.1708,0.2987976,
2,118.2,2,5.952187,332.0986,-3.128284,0.5255689,5.21987,-7.6722,-34.1708,0.2987976,
2,118.21,2,5.95206,332.0844,-3.122838,0.524665,5.21987,-7.6722,-34.1708,0.2987976,
2,118.22,2,5.954487,332.0746,-3.116365,0.5233641,5.21987,-7.6722,-34.1708,0.2987976,
2,118.23,2,5.954126,332.0741,-3.106672,0.5217679,5.21987,-7.6722,-34.1708,0.2987976,
2,118.24,2,5.95261,332.0665,-3.099401,0.5206794,5.21987,-7.6722,-34.1708,0.2987976,
2,118.25,2,5.954677,332.0526,-3.09136,0.5191482,5.21987,-7.6722,-34.1708,0.2987976,
2,118.26,2,5.956519,332.0455,-3.079446,0.5169876,5.21987,-7.6722,-34.1708,0.2987976,
2,118.27,2,5.956817,332.0343,-3.073765,0.516008,5.21987,-7.6722,-34.1708,0.2987976,

TotalTime
00:03:55.9634129
