Recipe, UpperSample, LowerSample, OtherInfo, Averaging, LogFrequency, Type, Radius,TestDate, Operator, Customer, RefStd, Temperature, RH, Liquid, LastCalibDate, LCFz, LCFx, Tip, OtherData, samplevsscratch only.Rx,,,,10,1000,Scratch,1,9/10/2026 2:08:51 PM,,,ASTM/ISO,,,N/A,N/A,,,,Linear: 0.1 to 4;4;2;2.051282,0.3,
Step, Timestamp, RecipeStep, DAQ.Fz (N),DAQ.CAP (um),DAQ.Fx (N),DAQ.COF (),XYZ.X Position (mm),XYZ.Y Position (mm),XYZ.Z Position (mm),XYZ.Z Depth (mm),
2,0.006,2,0.09766055,391.5041,-0.03885983,0.3979071,-4.2288,-6.3961,-33.8447,-0.006099701,
2,0.016,2,0.0945207,391.5214,-0.03969581,0.4199695,-4.2288,-6.3961,-33.8447,-0.006099701,
2,0.026,2,0.09678602,391.5247,-0.04149574,0.4287369,-4.2288,-6.3961,-33.8447,-0.006099701,
2,0.036,2,0.09685177,391.5256,-0.03873461,0.399937,-4.2288,-6.3961,-33.8447,-0.006099701,
2,0.046,2,0.09476936,391.5251,-0.0398917,0.4209346,-4.2288,-6.3961,-33.8447,-0.006099701,
2,0.056,2,0.09610097,391.5218,-0.03919229,0.407824,-4.2288,-6.3961,-33.8447,-0.006099701,
2,0.066,2,0.09764652,391.5134,-0.03911003,0.4005267,-4.2288,-6.3961,-33.8447,-0.006099701,
2,0.076,2,0.09723613,391.5161,-0.03920371,0.4031805,-4.2288,-6.3961,-33.8447,-0.006099701,
2,0.086,2,0.09556305,391.5167,-0.03903292,0.408452,-4.2288,-6.3961,-33.8447,-0.006099701,
2,0.096,2,0.09554469,391.523,-0.04135897,0.4328756,-4.2288,-6.3961,-33.8447,-0.006099701,
2,0.106,2,0.09931199,391.5182,-0.04058916,0.4087036,-4.2288,-6.3961,-33.8447,-0.006099701,
2,0.116,2,0.09434354,391.5183,-0.04135026,0.4382945,-4.2288,-6.3961,-33.8447,-0.006099701,
2,0.126,2,0.09708372,391.5163,-0.03885865,0.4002592,-4.2288,-6.3961,-33.8447,-0.006099701,
2,0.136,2,0.09794805,391.5229,-0.03895533,0.3977142,-4.2288,-6.3961,-33.8447,-0.006099701,
2,0.146,2,0.09730039,391.5126,-0.0385412,0.3961053,-4.2288,-6.3961,-33.8447,-0.006099701,
2,0.156,2,0.09717248,391.5184,-0.0384646,0.3958384,-4.2288,-6.3961,-33.8447,-0.006099701,
2,0.166,2,0.09690881,391.5118,-0.03706369,0.3824595,-4.2288,-6.3961,-33.8447,-0.006099701,
2,0.176,2,0.09604668,391.5148,-0.0375784,0.3912514,-4.2288,-6.3961,-33.8447,-0.006099701,
2,0.186,2,0.09631626,391.513,-0.03812523,0.3958338,-4.2288,-6.3961,-33.8447,-0.006099701,
2,0.196,2,0.09563854,391.5068,-0.03786491,0.3959169,-4.2288,-6.3961,-33.8447,-0.006099701,
2,0.206,2,0.0936683,391.5158,-0.03772445,0.4027451,-4.2288,-6.3961,-33.8447,-0.006099701,
2,0.216,2,0.09590207,391.5417,-0.0381857,0.3981739,-4.2288,-6.3961,-33.8447,-0.006099701,
2,0.226,2,0.09611298,391.5267,-0.04062771,0.4227078,-4.2288,-6.3961,-33.8447,-0.006099701,
2,0.236,2,0.09280983,391.5248,-0.04166236,0.4489003,-4.2288,-6.3961,-33.8447,-0.006099701,
2,0.246,2,0.09389653,391.5269,-0.04722506,0.5029479,-4.2288,-6.3961,-33.8447,-0.006099701,
2,0.256,2,0.09428379,391.5208,-0.04495752,0.4768319,-4.2288,-6.3961,-33.8447,-0.006099701,
2,0.266,2,0.0939251,391.4958,-0.04504628,0.4795979,-4.2288,-6.3961,-33.8447,-0.006099701,
2,0.276,2,0.09631839,391.5151,-0.04471881,0.4642811,-4.2288,-6.3961,-33.8447,-0.006099701,
2,0.286,2,0.0950793,391.5287,-0.04571481,0.4808072,-4.2288,-6.3961,-33.8447,-0.006099701,
2,0.296,2,0.09297147,391.5068,-0.04637051,0.4987606,-4.2288,-6.3961,-33.8447,-0.006099701,
2,0.306,2,0.09488026,391.5184,-0.04776539,0.5034281,-4.2288,-6.3961,-33.8447,-0.006099701,
2,0.316,2,0.09469016,391.5325,-0.04583983,0.4841034,-4.2288,-6.3961,-33.8447,-0.006099701,
2,0.326,2,0.09451618,391.5079,-0.0461369,0.4881376,-4.2288,-6.3961,-33.8447,-0.006099701,
2,0.336,2,0.09469729,391.5211,-0.0471899,0.4983236,-4.2288,-6.3961,-33.8447,-0.006099701,
2,0.346,2,0.09359015,391.5176,-0.0477078,0.5097524,-4.2288,-6.3961,-33.8447,-0.006099701,
2,0.356,2,0.09645179,391.5121,-0.04786817,0.4962912,-4.2288,-6.3961,-33.8447,-0.006099701,
2,0.366,2,0.09707388,391.5069,-0.04774182,0.4918091,-4.2288,-6.3961,-33.8447,-0.006099701,
2,0.376,2,0.09541719,391.4981,-0.04663796,0.4887794,-4.2288,-6.3961,-33.8447,-0.006099701,
2,0.386,2,0.09709995,391.5034,-0.04498409,0.4632761,-4.2288,-6.3961,-33.8447,-0.006099701,
2,0.396,2,0.09460896,391.5158,-0.04529044,0.478712,-4.2288,-6.3961,-33.8447,-0.006099701,
2,0.406,2,0.09469664,391.5246,-0.0483954,0.5110572,-4.2288,-6.3961,-33.8447,-0.006099701,
2,0.416,2,0.09553378,391.5101,-0.04713833,0.4934205,-4.2288,-6.3961,-33.8447,-0.006099701,
2,0.426,2,0.09763312,391.5102,-0.04597657,0.4709116,-4.2288,-6.3961,-33.8447,-0.006099701,
2,0.436,2,0.09765232,391.5251,-0.04778137,0.4893009,-4.2288,-6.3961,-33.8447,-0.006099701,
2,0.446,2,0.09412229,391.5063,-0.04736603,0.5032393,-4.2288,-6.3961,-33.8447,-0.006099701,
2,0.456,2,0.09467038,391.5026,-0.04900641,0.5176531,-4.2288,-6.3961,-33.8447,-0.006099701,
2,0.466,2,0.09662654,391.5141,-0.04958126,0.5131226,-4.2288,-6.3961,-33.8447,-0.006099701,
2,0.476,2,0.09304398,391.5057,-0.04892191,0.5257934,-4.2288,-6.3961,-33.8447,-0.006099701,
2,0.486,2,0.09739398,391.4904,-0.04935196,0.506725,-4.2288,-6.3961,-33.8447,-0.006099701,
2,0.496,2,0.09572107,391.4792,-0.04855801,0.5072865,-4.2288,-6.3961,-33.8447,-0.006099701,
2,0.506,2,0.09396065,391.4944,-0.05063329,0.5388776,-4.23373,-6.3961,-33.8449,-0.005901337,
2,0.516,2,0.0929397,391.5259,-0.05216625,0.5612913,-4.23373,-6.3961,-33.8449,-0.005901337,
2,0.526,2,0.09713178,391.5208,-0.05159589,0.5311947,-4.23373,-6.3961,-33.8449,-0.005901337,
2,0.536,2,0.09443147,391.5026,-0.05028072,0.5324572,-4.23373,-6.3961,-33.8449,-0.005901337,
2,0.546,2,0.09675547,391.5007,-0.05262357,0.5438822,-4.23373,-6.3961,-33.8449,-0.005901337,
2,0.556,2,0.09592079,391.5075,-0.0513952,0.5358087,-4.23373,-6.3961,-33.8449,-0.005901337,
2,0.566,2,0.09622362,391.4993,-0.0502395,0.522112,-4.23373,-6.3961,-33.8449,-0.005901337,
2,0.576,2,0.0956821,391.5089,-0.05056888,0.5285093,-4.23373,-6.3961,-33.8449,-0.005901337,
2,0.586,2,0.1011935,391.4592,-0.05058589,0.4998929,-4.23373,-6.3961,-33.8449,-0.005901337,
2,0.596,2,0.1018431,391.4438,-0.05335597,0.5239038,-4.23373,-6.3961,-33.8449,-0.005901337,
2,0.606,2,0.1034115,391.4594,-0.0513141,0.4962125,-4.23373,-6.3961,-33.8449,-0.005901337,
2,0.616,2,0.1018296,391.4061,-0.05009356,0.4919354,-4.23373,-6.3961,-33.8449,-0.005901337,
2,0.626,2,0.1060195,391.4576,-0.0501311,0.4728479,-4.23373,-6.3961,-33.8449,-0.005901337,
2,0.636,2,0.1010591,391.4546,-0.05081138,0.5027887,-4.23373,-6.3961,-33.8449,-0.005901337,
2,0.646,2,0.1026302,391.4534,-0.05097631,0.4966992,-4.23373,-6.3961,-33.8449,-0.005901337,
2,0.656,2,0.102503,391.4365,-0.0493987,0.4819242,-4.23373,-6.3961,-33.8449,-0.005901337,
2,0.666,2,0.1028287,391.4399,-0.05162091,0.5020088,-4.23373,-6.3961,-33.8449,-0.005901337,
2,0.676,2,0.1032385,391.4225,-0.05009666,0.4852517,-4.23373,-6.3961,-33.8449,-0.005901337,
2,0.686,2,0.1021489,391.4504,-0.05207248,0.5097704,-4.23373,-6.3961,-33.8449,-0.005901337,
2,0.696,2,0.102851,391.4478,-0.05014734,0.4875724,-4.23373,-6.3961,-33.8449,-0.005901337,
2,0.706,2,0.1025406,391.4541,-0.05017635,0.4893318,-4.23373,-6.3961,-33.8449,-0.005901337,
2,0.716,2,0.103219,391.4228,-0.04927791,0.4774112,-4.23373,-6.3961,-33.8449,-0.005901337,
2,0.726,2,0.1030706,391.4448,-0.05084101,0.4932641,-4.24192,-6.3961,-33.8453,-0.005500793,
2,0.736,2,0.1020907,391.4485,-0.0512007,0.5015215,-4.24192,-6.3961,-33.8453,-0.005500793,
2,0.746,2,0.1014707,391.4346,-0.051452,0.5070626,-4.24192,-6.3961,-33.8453,-0.005500793,
2,0.756,2,0.1027988,391.441,-0.05187593,0.5046358,-4.24192,-6.3961,-33.8453,-0.005500793,
2,0.766,2,0.1040254,391.439,-0.04955258,0.4763507,-4.24192,-6.3961,-33.8453,-0.005500793,
2,0.776,2,0.1028148,391.4226,-0.05210019,0.5067385,-4.24192,-6.3961,-33.8453,-0.005500793,
2,0.786,2,0.1033426,391.4269,-0.05058832,0.4895205,-4.24192,-6.3961,-33.8453,-0.005500793,
2,0.796,2,0.1022046,391.4656,-0.04972669,0.4865408,-4.24192,-6.3961,-33.8453,-0.005500793,
2,0.806,2,0.1101905,391.4259,-0.05124044,0.4650171,-4.24192,-6.3961,-33.8453,-0.005500793,
2,0.816,2,0.107305,391.3836,-0.05450433,0.5079384,-4.24192,-6.3961,-33.8453,-0.005500793,
2,0.826,2,0.1052055,391.3652,-0.05599273,0.5322224,-4.24192,-6.3961,-33.8453,-0.005500793,
2,0.836,2,0.113752,391.3575,-0.05455153,0.4795653,-4.24192,-6.3961,-33.8453,-0.005500793,
2,0.846,2,0.1086422,391.3469,-0.05397381,0.4968032,-4.24192,-6.3961,-33.8453,-0.005500793,
2,0.856,2,0.1071785,391.3439,-0.05383734,0.5023146,-4.24192,-6.3961,-33.8453,-0.005500793,
2,0.866,2,0.1133034,391.3585,-0.05182151,0.4573693,-4.24192,-6.3961,-33.8453,-0.005500793,
2,0.876,2,0.1133374,391.3577,-0.05160641,0.4553343,-4.24192,-6.3961,-33.8453,-0.005500793,
2,0.886,2,0.1075496,391.3506,-0.05358227,0.4982099,-4.24192,-6.3961,-33.8453,-0.005500793,
2,0.896,2,0.1114914,391.3457,-0.05112141,0.4585232,-4.24192,-6.3961,-33.8453,-0.005500793,
2,0.906,2,0.1103252,391.3211,-0.05346652,0.4846267,-4.24192,-6.3961,-33.8453,-0.005500793,
2,0.916,2,0.1086551,391.3692,-0.05250467,0.4832233,-4.24907,-6.3961,-33.8458,-0.005001068,
2,0.926,2,0.1118993,391.3661,-0.0518935,0.4637519,-4.24907,-6.3961,-33.8458,-0.005001068,
2,0.936,2,0.1109586,391.3662,-0.05251698,0.4733024,-4.24907,-6.3961,-33.8458,-0.005001068,
2,0.946,2,0.111501,391.348,-0.05180135,0.4645821,-4.24907,-6.3961,-33.8458,-0.005001068,
2,0.956,2,0.1126719,391.346,-0.05225053,0.4637405,-4.24907,-6.3961,-33.8458,-0.005001068,
2,0.966,2,0.1103726,391.3587,-0.05185117,0.4697828,-4.24907,-6.3961,-33.8458,-0.005001068,
2,0.976,2,0.1091703,391.3516,-0.05239314,0.4799213,-4.24907,-6.3961,-33.8458,-0.005001068,
2,0.986,2,0.1135703,391.3618,-0.05218457,0.4594912,-4.24907,-6.3961,-33.8458,-0.005001068,
2,0.996,2,0.1131975,391.3276,-0.05159167,0.4557667,-4.24907,-6.3961,-33.8458,-0.005001068,
2,1.006,2,0.115502,391.261,-0.05229519,0.4527643,-4.24907,-6.3961,-33.8458,-0.005001068,
2,1.016,2,0.1174661,391.2474,-0.05457063,0.464565,-4.24907,-6.3961,-33.8458,-0.005001068,
2,1.026,2,0.1188393,391.2222,-0.05585203,0.4699795,-4.24907,-6.3961,-33.8458,-0.005001068,
2,1.036,2,0.1222173,391.2564,-0.05447098,0.4456896,-4.24907,-6.3961,-33.8458,-0.005001068,
2,1.046,2,0.1207007,391.2531,-0.05440171,0.450716,-4.24907,-6.3961,-33.8458,-0.005001068,
2,1.056,2,0.1159436,391.2392,-0.05514776,0.4756431,-4.24907,-6.3961,-33.8458,-0.005001068,
2,1.066,2,0.1186484,391.2338,-0.05520154,0.4652531,-4.24907,-6.3961,-33.8458,-0.005001068,
2,1.076,2,0.1208148,391.2388,-0.05702473,0.4720013,-4.24907,-6.3961,-33.8458,-0.005001068,
2,1.086,2,0.119828,391.2669,-0.05510694,0.4598838,-4.24907,-6.3961,-33.8458,-0.005001068,
2,1.096,2,0.1187135,391.254,-0.05492071,0.4626323,-4.24907,-6.3961,-33.8458,-0.005001068,
2,1.106,2,0.1199189,391.2645,-0.05461773,0.4554557,-4.24907,-6.3961,-33.8458,-0.005001068,
2,1.116,2,0.1195668,391.2558,-0.05382849,0.4501959,-4.24907,-6.3961,-33.8458,-0.005001068,
2,1.126,2,0.122,391.2442,-0.0558834,0.4580608,-4.25562,-6.3961,-33.8463,-0.004501343,
2,1.136,2,0.1209043,391.2348,-0.05750705,0.4756409,-4.25562,-6.3961,-33.8463,-0.004501343,
2,1.146,2,0.1221419,391.2383,-0.05401428,0.4422257,-4.25562,-6.3961,-33.8463,-0.004501343,
2,1.156,2,0.1227873,391.2465,-0.05630916,0.458591,-4.25562,-6.3961,-33.8463,-0.004501343,
2,1.166,2,0.118457,391.2463,-0.05520858,0.4660642,-4.25562,-6.3961,-33.8463,-0.004501343,
2,1.176,2,0.1224252,391.2476,-0.05686255,0.4644678,-4.25562,-6.3961,-33.8463,-0.004501343,
2,1.186,2,0.1237613,391.2223,-0.05572567,0.4502672,-4.25562,-6.3961,-33.8463,-0.004501343,
2,1.196,2,0.1220116,391.1876,-0.05908981,0.4842966,-4.25562,-6.3961,-33.8463,-0.004501343,
2,1.206,2,0.1304744,391.1747,-0.05918075,0.4535811,-4.25562,-6.3961,-33.8463,-0.004501343,
2,1.216,2,0.1306085,391.1729,-0.06130465,0.4693773,-4.25562,-6.3961,-33.8463,-0.004501343,
2,1.226,2,0.1306486,391.1563,-0.05982899,0.4579383,-4.25562,-6.3961,-33.8463,-0.004501343,
2,1.236,2,0.1310495,391.1349,-0.05955796,0.4544691,-4.25562,-6.3961,-33.8463,-0.004501343,
2,1.246,2,0.1353594,391.1178,-0.06065948,0.4481365,-4.25562,-6.3961,-33.8463,-0.004501343,
2,1.256,2,0.1287484,391.1395,-0.05994122,0.4655686,-4.25562,-6.3961,-33.8463,-0.004501343,
2,1.266,2,0.1323382,391.1444,-0.06200636,0.4685447,-4.25562,-6.3961,-33.8463,-0.004501343,
2,1.276,2,0.1331928,391.1332,-0.05970402,0.4482527,-4.25562,-6.3961,-33.8463,-0.004501343,
2,1.286,2,0.1312789,391.1389,-0.06087124,0.4636787,-4.25562,-6.3961,-33.8463,-0.004501343,
2,1.296,2,0.1312559,391.1145,-0.06253535,0.4764383,-4.25562,-6.3961,-33.8463,-0.004501343,
2,1.306,2,0.1317708,391.1194,-0.06118277,0.4643121,-4.25562,-6.3961,-33.8463,-0.004501343,
2,1.316,2,0.1305604,391.0768,-0.06142637,0.4704824,-4.26272,-6.3961,-33.8468,-0.003997803,
2,1.326,2,0.1323716,391.1218,-0.0610169,0.4609517,-4.26272,-6.3961,-33.8468,-0.003997803,
2,1.336,2,0.1311671,391.13,-0.05920233,0.4513503,-4.26272,-6.3961,-33.8468,-0.003997803,
2,1.346,2,0.1303168,391.111,-0.06053079,0.4644895,-4.26272,-6.3961,-33.8468,-0.003997803,
2,1.356,2,0.1320602,391.1155,-0.05942782,0.4500054,-4.26272,-6.3961,-33.8468,-0.003997803,
2,1.366,2,0.1311354,391.117,-0.05964699,0.4548504,-4.26272,-6.3961,-33.8468,-0.003997803,
2,1.376,2,0.1292176,391.0872,-0.06253257,0.4839323,-4.26272,-6.3961,-33.8468,-0.003997803,
2,1.386,2,0.132032,391.1167,-0.06120364,0.4635515,-4.26272,-6.3961,-33.8468,-0.003997803,
2,1.396,2,0.1363584,391.1267,-0.06140854,0.4503465,-4.26272,-6.3961,-33.8468,-0.003997803,
2,1.406,2,0.1347051,391.0737,-0.06353445,0.4716559,-4.26272,-6.3961,-33.8468,-0.003997803,
2,1.416,2,0.138322,391.0209,-0.06150483,0.4446497,-4.26272,-6.3961,-33.8468,-0.003997803,
2,1.426,2,0.1403942,391.0181,-0.06435258,0.4583707,-4.26272,-6.3961,-33.8468,-0.003997803,
2,1.436,2,0.1423707,391.0312,-0.06276608,0.4408638,-4.26272,-6.3961,-33.8468,-0.003997803,
2,1.446,2,0.1408842,390.9965,-0.06407508,0.4548067,-4.26272,-6.3961,-33.8468,-0.003997803,
2,1.456,2,0.1419096,391.0161,-0.06478738,0.4565398,-4.26272,-6.3961,-33.8468,-0.003997803,
2,1.466,2,0.141029,390.9948,-0.06343012,0.4497666,-4.26272,-6.3961,-33.8468,-0.003997803,
2,1.476,2,0.1398009,391.0123,-0.06324084,0.4523637,-4.26272,-6.3961,-33.8468,-0.003997803,
2,1.486,2,0.1432782,391.0204,-0.06494557,0.453283,-4.26272,-6.3961,-33.8468,-0.003997803,
2,1.496,2,0.1427799,391.0037,-0.06461122,0.4525231,-4.26272,-6.3961,-33.8468,-0.003997803,
2,1.506,2,0.1397736,391.0199,-0.06299111,0.4506654,-4.26272,-6.3961,-33.8468,-0.003997803,
2,1.516,2,0.139935,391.0177,-0.06482741,0.4632679,-4.2693,-6.3961,-33.8474,-0.003398895,
2,1.526,2,0.1401208,391.0142,-0.06758922,0.4823639,-4.2693,-6.3961,-33.8474,-0.003398895,
2,1.536,2,0.1412709,391.0093,-0.06609151,0.4678352,-4.2693,-6.3961,-33.8474,-0.003398895,
2,1.546,2,0.1408769,391.0025,-0.06491419,0.4607865,-4.2693,-6.3961,-33.8474,-0.003398895,
2,1.556,2,0.1416366,390.9961,-0.06453477,0.4556364,-4.2693,-6.3961,-33.8474,-0.003398895,
2,1.566,2,0.1410882,391.0101,-0.06406441,0.4540735,-4.2693,-6.3961,-33.8474,-0.003398895,
2,1.576,2,0.1396663,391.021,-0.06375131,0.4564546,-4.2693,-6.3961,-33.8474,-0.003398895,
2,1.586,2,0.1422142,390.9995,-0.06506643,0.457524,-4.2693,-6.3961,-33.8474,-0.003398895,
2,1.596,2,0.1445949,390.9357,-0.06671461,0.4613898,-4.2693,-6.3961,-33.8474,-0.003398895,
2,1.606,2,0.1469407,390.9149,-0.06943314,0.4725249,-4.2693,-6.3961,-33.8474,-0.003398895,
2,1.616,2,0.1507749,390.9008,-0.06848054,0.4541907,-4.2693,-6.3961,-33.8474,-0.003398895,
2,1.626,2,0.1531018,390.8986,-0.06592005,0.4305634,-4.2693,-6.3961,-33.8474,-0.003398895,
2,1.636,2,0.1508964,390.9,-0.06841499,0.4533904,-4.2693,-6.3961,-33.8474,-0.003398895,
2,1.646,2,0.1511187,390.8883,-0.06874972,0.4549385,-4.2693,-6.3961,-33.8474,-0.003398895,
2,1.656,2,0.1507472,390.8824,-0.06626685,0.4395892,-4.2693,-6.3961,-33.8474,-0.003398895,
2,1.666,2,0.1514049,390.8444,-0.06808952,0.4497182,-4.2693,-6.3961,-33.8474,-0.003398895,
2,1.676,2,0.1500821,390.8882,-0.06692879,0.4459478,-4.2693,-6.3961,-33.8474,-0.003398895,
2,1.686,2,0.1509514,390.8963,-0.06769232,0.4484377,-4.2693,-6.3961,-33.8474,-0.003398895,
2,1.696,2,0.1513644,390.9106,-0.06930637,0.4578777,-4.2693,-6.3961,-33.8474,-0.003398895,
2,1.706,2,0.1495617,390.8867,-0.0680359,0.4549018,-4.2693,-6.3961,-33.8474,-0.003398895,
2,1.716,2,0.1503318,390.882,-0.06965395,0.4633348,-4.27642,-6.3961,-33.848,-0.002799988,
2,1.726,2,0.1500502,390.8863,-0.06807847,0.4537047,-4.27642,-6.3961,-33.848,-0.002799988,
2,1.736,2,0.1525913,390.8789,-0.06793918,0.4452363,-4.27642,-6.3961,-33.848,-0.002799988,
2,1.746,2,0.1515153,390.88,-0.06784984,0.4478086,-4.27642,-6.3961,-33.848,-0.002799988,
2,1.756,2,0.149022,390.8685,-0.06782881,0.4551597,-4.27642,-6.3961,-33.848,-0.002799988,
2,1.766,2,0.151798,390.8751,-0.06762431,0.4454889,-4.27642,-6.3961,-33.848,-0.002799988,
2,1.776,2,0.1515748,390.8862,-0.06895258,0.454908,-4.27642,-6.3961,-33.848,-0.002799988,
2,1.786,2,0.1505638,390.8366,-0.06744904,0.4479766,-4.27642,-6.3961,-33.848,-0.002799988,
2,1.796,2,0.1561914,390.8705,-0.06707197,0.4294217,-4.27642,-6.3961,-33.848,-0.002799988,
2,1.806,2,0.1594846,390.8227,-0.07045161,0.4417456,-4.27642,-6.3961,-33.848,-0.002799988,
2,1.816,2,0.1592767,390.7891,-0.07174537,0.4504448,-4.27642,-6.3961,-33.848,-0.002799988,
2,1.826,2,0.1615564,390.7584,-0.07339521,0.4543008,-4.27642,-6.3961,-33.848,-0.002799988,
2,1.836,2,0.1649238,390.7563,-0.07304886,0.442925,-4.27642,-6.3961,-33.848,-0.002799988,
2,1.846,2,0.1628628,390.7369,-0.07128682,0.437711,-4.27642,-6.3961,-33.848,-0.002799988,
2,1.856,2,0.163752,390.7665,-0.07332632,0.4477888,-4.27642,-6.3961,-33.848,-0.002799988,
2,1.866,2,0.1649618,390.7602,-0.07293007,0.4421028,-4.27642,-6.3961,-33.848,-0.002799988,
2,1.876,2,0.1629778,390.7613,-0.07203219,0.4419756,-4.27642,-6.3961,-33.848,-0.002799988,
2,1.886,2,0.1635886,390.7333,-0.07381007,0.4511933,-4.27642,-6.3961,-33.848,-0.002799988,
2,1.896,2,0.162955,390.7518,-0.07351147,0.4511151,-4.27642,-6.3961,-33.848,-0.002799988,
2,1.906,2,0.1636648,390.7527,-0.07266552,0.4439899,-4.27642,-6.3961,-33.848,-0.002799988,
2,1.916,2,0.1628475,390.7491,-0.07280712,0.4470878,-4.283,-6.3961,-33.8486,-0.00220108,
2,1.926,2,0.163246,390.7551,-0.07244208,0.4437603,-4.283,-6.3961,-33.8486,-0.00220108,
2,1.936,2,0.1647811,390.7496,-0.07309825,0.4436083,-4.283,-6.3961,-33.8486,-0.00220108,
2,1.946,2,0.1633769,390.7401,-0.07505281,0.4593846,-4.283,-6.3961,-33.8486,-0.00220108,
2,1.956,2,0.1599678,390.7281,-0.07331092,0.4582856,-4.283,-6.3961,-33.8486,-0.00220108,
2,1.966,2,0.1633665,390.7759,-0.07301626,0.4469476,-4.283,-6.3961,-33.8486,-0.00220108,
2,1.976,2,0.1649331,390.7553,-0.07509527,0.4553074,-4.283,-6.3961,-33.8486,-0.00220108,
2,1.986,2,0.163274,390.7525,-0.07386381,0.4523917,-4.283,-6.3961,-33.8486,-0.00220108,
2,1.996,2,0.1704328,390.6841,-0.07256897,0.4257923,-4.283,-6.3961,-33.8486,-0.00220108,
2,2.006,2,0.1719906,390.6444,-0.0753386,0.438039,-4.283,-6.3961,-33.8486,-0.00220108,
2,2.016,2,0.1733378,390.6192,-0.07687801,0.4435155,-4.283,-6.3961,-33.8486,-0.00220108,
2,2.026,2,0.1751704,390.6273,-0.07535766,0.4301964,-4.283,-6.3961,-33.8486,-0.00220108,
2,2.036,2,0.1721346,390.627,-0.0777377,0.4516099,-4.283,-6.3961,-33.8486,-0.00220108,
2,2.046,2,0.1745247,390.6236,-0.07586894,0.4347174,-4.283,-6.3961,-33.8486,-0.00220108,
2,2.056,2,0.1751862,390.6181,-0.0761616,0.4347467,-4.283,-6.3961,-33.8486,-0.00220108,
2,2.066,2,0.1731697,390.6169,-0.07746187,0.4473176,-4.283,-6.3961,-33.8486,-0.00220108,
2,2.076,2,0.1741152,390.5862,-0.07847569,0.4507113,-4.283,-6.3961,-33.8486,-0.00220108,
2,2.086,2,0.1747842,390.6261,-0.07910621,0.4525937,-4.283,-6.3961,-33.8486,-0.00220108,
2,2.096,2,0.1719984,390.6291,-0.0783073,0.4552792,-4.283,-6.3961,-33.8486,-0.00220108,
2,2.106,2,0.1731021,390.6312,-0.07680033,0.4436708,-4.283,-6.3961,-33.8486,-0.00220108,
2,2.116,2,0.1745314,390.6218,-0.0787196,0.451034,-4.29007,-6.3961,-33.8493,-0.001499176,
2,2.126,2,0.1737505,390.6128,-0.07920296,0.455843,-4.29007,-6.3961,-33.8493,-0.001499176,
2,2.136,2,0.1726452,390.6106,-0.07982708,0.4623764,-4.29007,-6.3961,-33.8493,-0.001499176,
2,2.146,2,0.1777499,390.6185,-0.07854406,0.4418796,-4.29007,-6.3961,-33.8493,-0.001499176,
2,2.156,2,0.172845,390.623,-0.07818231,0.452326,-4.29007,-6.3961,-33.8493,-0.001499176,
2,2.166,2,0.1742025,390.6039,-0.07835483,0.4497916,-4.29007,-6.3961,-33.8493,-0.001499176,
2,2.176,2,0.1791481,390.5915,-0.07934242,0.4428874,-4.29007,-6.3961,-33.8493,-0.001499176,
2,2.186,2,0.1767055,390.5876,-0.07795554,0.4411609,-4.29007,-6.3961,-33.8493,-0.001499176,
2,2.196,2,0.1781712,390.5719,-0.08095536,0.4543684,-4.29007,-6.3961,-33.8493,-0.001499176,
2,2.206,2,0.1817468,390.4894,-0.08288906,0.4560689,-4.29007,-6.3961,-33.8493,-0.001499176,
2,2.216,2,0.1835856,390.5453,-0.08279128,0.4509683,-4.29007,-6.3961,-33.8493,-0.001499176,
2,2.226,2,0.1860889,390.4914,-0.08380508,0.4503497,-4.29007,-6.3961,-33.8493,-0.001499176,
2,2.236,2,0.1851458,390.4774,-0.08494067,0.4587772,-4.29007,-6.3961,-33.8493,-0.001499176,
2,2.246,2,0.186493,390.4774,-0.08312013,0.445701,-4.29007,-6.3961,-33.8493,-0.001499176,
2,2.256,2,0.1879843,390.496,-0.08430079,0.4484459,-4.29007,-6.3961,-33.8493,-0.001499176,
2,2.266,2,0.1857072,390.482,-0.0846099,0.4556092,-4.29007,-6.3961,-33.8493,-0.001499176,
2,2.276,2,0.1865312,390.4941,-0.08568291,0.4593489,-4.29007,-6.3961,-33.8493,-0.001499176,
2,2.286,2,0.1872281,390.481,-0.08339863,0.4454387,-4.29007,-6.3961,-33.8493,-0.001499176,
2,2.296,2,0.1854236,390.4678,-0.08369619,0.4513783,-4.2967,-6.3961,-33.85,-0.0008010864,
2,2.306,2,0.1909115,390.4557,-0.0843243,0.4416932,-4.2967,-6.3961,-33.85,-0.0008010864,
2,2.316,2,0.1892936,390.4653,-0.0834117,0.4406472,-4.2967,-6.3961,-33.85,-0.0008010864,
2,2.326,2,0.1838396,390.4763,-0.08540878,0.4645831,-4.2967,-6.3961,-33.85,-0.0008010864,
2,2.336,2,0.1876836,390.4815,-0.08592858,0.4578375,-4.2967,-6.3961,-33.85,-0.0008010864,
2,2.346,2,0.1870551,390.4684,-0.0836741,0.4473232,-4.2967,-6.3961,-33.85,-0.0008010864,
2,2.356,2,0.1860204,390.4689,-0.08356131,0.4492052,-4.2967,-6.3961,-33.85,-0.0008010864,
2,2.366,2,0.188652,390.4745,-0.08791471,0.4660152,-4.2967,-6.3961,-33.85,-0.0008010864,
2,2.376,2,0.1917511,390.461,-0.08427404,0.4394971,-4.2967,-6.3961,-33.85,-0.0008010864,
2,2.386,2,0.1916089,390.3851,-0.08630496,0.4504225,-4.2967,-6.3961,-33.85,-0.0008010864,
2,2.396,2,0.1992876,390.3714,-0.08731168,0.4381189,-4.2967,-6.3961,-33.85,-0.0008010864,
2,2.406,2,0.2028347,390.3421,-0.08856717,0.4366471,-4.2967,-6.3961,-33.85,-0.0008010864,
2,2.416,2,0.1979252,390.341,-0.0905461,0.4574765,-4.2967,-6.3961,-33.85,-0.0008010864,
2,2.426,2,0.2018144,390.364,-0.09045553,0.4482116,-4.2967,-6.3961,-33.85,-0.0008010864,
2,2.436,2,0.2009195,390.348,-0.09157,0.4557547,-4.2967,-6.3961,-33.85,-0.0008010864,
2,2.446,2,0.1979696,390.3435,-0.08928089,0.4509829,-4.2967,-6.3961,-33.85,-0.0008010864,
2,2.456,2,0.1994602,390.3382,-0.09074076,0.4549317,-4.2967,-6.3961,-33.85,-0.0008010864,
2,2.466,2,0.199835,390.305,-0.09324709,0.4666204,-4.2967,-6.3961,-33.85,-0.0008010864,
2,2.476,2,0.1985115,390.318,-0.09289698,0.4679678,-4.2967,-6.3961,-33.85,-0.0008010864,
2,2.486,2,0.1987117,390.2731,-0.09871511,0.4967754,-4.2967,-6.3961,-33.85,-0.0008010864,
2,2.496,2,0.1994566,390.337,-0.0942559,0.4725634,-4.2967,-6.3961,-33.85,-0.0008010864,
2,2.506,2,0.1979526,390.3412,-0.09928291,0.5015488,-4.30267,-6.3961,-33.8506,-0.0001983643,
2,2.516,2,0.1947822,390.317,-0.09856179,0.5060101,-4.30267,-6.3961,-33.8506,-0.0001983643,
2,2.526,2,0.201486,390.3222,-0.09075013,0.4504041,-4.30267,-6.3961,-33.8506,-0.0001983643,
2,2.536,2,0.2006565,390.3211,-0.08991887,0.4481235,-4.30267,-6.3961,-33.8506,-0.0001983643,
2,2.546,2,0.1978099,390.3035,-0.09027077,0.456351,-4.30267,-6.3961,-33.8506,-0.0001983643,
2,2.556,2,0.1995235,390.334,-0.09072542,0.4547104,-4.30267,-6.3961,-33.8506,-0.0001983643,
2,2.566,2,0.2048239,390.3154,-0.09076232,0.4431237,-4.30267,-6.3961,-33.8506,-0.0001983643,
2,2.576,2,0.2059543,390.2738,-0.09312843,0.45218,-4.30267,-6.3961,-33.8506,-0.0001983643,
2,2.586,2,0.208446,390.2095,-0.09620687,0.4615434,-4.30267,-6.3961,-33.8506,-0.0001983643,
2,2.596,2,0.2133536,390.2063,-0.09508991,0.4456916,-4.30267,-6.3961,-33.8506,-0.0001983643,
2,2.606,2,0.2082936,390.2141,-0.09394238,0.4510094,-4.30267,-6.3961,-33.8506,-0.0001983643,
2,2.616,2,0.2091884,390.2084,-0.09573267,0.4576386,-4.30267,-6.3961,-33.8506,-0.0001983643,
2,2.626,2,0.2171544,390.2054,-0.09568635,0.4406374,-4.30267,-6.3961,-33.8506,-0.0001983643,
2,2.636,2,0.2138609,390.1838,-0.09638944,0.450711,-4.30267,-6.3961,-33.8506,-0.0001983643,
2,2.646,2,0.2127162,390.192,-0.09587236,0.4507054,-4.30267,-6.3961,-33.8506,-0.0001983643,
2,2.656,2,0.214893,390.2152,-0.09860722,0.4588666,-4.30267,-6.3961,-33.8506,-0.0001983643,
2,2.666,2,0.2125671,390.2149,-0.09555344,0.4495213,-4.30267,-6.3961,-33.8506,-0.0001983643,
2,2.676,2,0.2104469,390.1871,-0.09323965,0.4430554,-4.30267,-6.3961,-33.8506,-0.0001983643,
2,2.686,2,0.2120935,390.2011,-0.09485308,0.4472229,-4.30267,-6.3961,-33.8506,-0.0001983643,
2,2.696,2,0.2140993,390.1924,-0.09550317,0.4460694,-4.30267,-6.3961,-33.8506,-0.0001983643,
2,2.706,2,0.2129213,390.1982,-0.09452534,0.4439451,-4.30267,-6.3961,-33.8506,-0.0001983643,
2,2.716,2,0.2126154,390.196,-0.09561945,0.4497297,-4.30977,-6.3961,-33.8513,0.0004997253,
2,2.726,2,0.2121556,390.1902,-0.0939898,0.443023,-4.30977,-6.3961,-33.8513,0.0004997253,
2,2.736,2,0.2147118,390.1908,-0.09758867,0.45451,-4.30977,-6.3961,-33.8513,0.0004997253,
2,2.746,2,0.211654,390.2027,-0.09871119,0.4663799,-4.30977,-6.3961,-33.8513,0.0004997253,
2,2.756,2,0.210701,390.1839,-0.100315,0.4761011,-4.30977,-6.3961,-33.8513,0.0004997253,
2,2.766,2,0.212346,390.1656,-0.1054079,0.496397,-4.30977,-6.3961,-33.8513,0.0004997253,
2,2.776,2,0.2110627,390.1863,-0.09813521,0.4649576,-4.30977,-6.3961,-33.8513,0.0004997253,
2,2.786,2,0.2149993,390.1727,-0.09934082,0.4620517,-4.30977,-6.3961,-33.8513,0.0004997253,
2,2.796,2,0.2184266,390.1231,-0.1037117,0.4748125,-4.30977,-6.3961,-33.8513,0.0004997253,
2,2.806,2,0.2198747,390.0799,-0.1005199,0.457169,-4.30977,-6.3961,-33.8513,0.0004997253,
2,2.816,2,0.2243923,390.0619,-0.1000548,0.4458923,-4.30977,-6.3961,-33.8513,0.0004997253,
2,2.826,2,0.2262997,390.0599,-0.1080537,0.4774804,-4.30977,-6.3961,-33.8513,0.0004997253,
2,2.836,2,0.2229493,390.024,-0.1092996,0.4902442,-4.30977,-6.3961,-33.8513,0.0004997253,
2,2.846,2,0.2269223,390.0618,-0.1071331,0.4721134,-4.30977,-6.3961,-33.8513,0.0004997253,
2,2.856,2,0.2225432,390.0621,-0.1042031,0.4682375,-4.30977,-6.3961,-33.8513,0.0004997253,
2,2.866,2,0.2250802,390.0799,-0.1055697,0.4690313,-4.30977,-6.3961,-33.8513,0.0004997253,
2,2.876,2,0.2257622,390.0556,-0.1025471,0.4542261,-4.30977,-6.3961,-33.8513,0.0004997253,
2,2.886,2,0.2235695,390.0551,-0.1107873,0.4955385,-4.3169,-6.3961,-33.852,0.00120163,
2,2.896,2,0.2234644,390.0594,-0.1111214,0.4972669,-4.3169,-6.3961,-33.852,0.00120163,
2,2.906,2,0.2261816,390.0576,-0.1100735,0.48666,-4.3169,-6.3961,-33.852,0.00120163,
2,2.916,2,0.2214149,390.0531,-0.1111279,0.5018986,-4.3169,-6.3961,-33.852,0.00120163,
2,2.926,2,0.2228937,390.0213,-0.111569,0.5005481,-4.3169,-6.3961,-33.852,0.00120163,
2,2.936,2,0.2277696,390.0505,-0.1086559,0.4770431,-4.3169,-6.3961,-33.852,0.00120163,
2,2.946,2,0.2232442,390.0561,-0.112581,0.5042954,-4.3169,-6.3961,-33.852,0.00120163,
2,2.956,2,0.2230377,390.0279,-0.111255,0.4988168,-4.3169,-6.3961,-33.852,0.00120163,
2,2.966,2,0.2302481,390.0347,-0.1117564,0.4853739,-4.3169,-6.3961,-33.852,0.00120163,
2,2.976,2,0.2280436,389.9719,-0.1133789,0.4971808,-4.3169,-6.3961,-33.852,0.00120163,
2,2.986,2,0.2352787,389.9464,-0.1122052,0.4769032,-4.3169,-6.3961,-33.852,0.00120163,
2,2.996,2,0.2376288,389.9362,-0.1149606,0.4837821,-4.3169,-6.3961,-33.852,0.00120163,
2,3.006,2,0.2381822,389.9274,-0.1067589,0.4482235,-4.3169,-6.3961,-33.852,0.00120163,
2,3.016,2,0.2394843,389.9178,-0.1056517,0.4411634,-4.3169,-6.3961,-33.852,0.00120163,
2,3.026,2,0.2375167,389.9366,-0.1052237,0.4430161,-4.3169,-6.3961,-33.852,0.00120163,
2,3.036,2,0.2365766,389.9372,-0.1063615,0.4495859,-4.3169,-6.3961,-33.852,0.00120163,
2,3.046,2,0.239942,389.9269,-0.1054012,0.4392777,-4.3169,-6.3961,-33.852,0.00120163,
2,3.056,2,0.2369444,389.9089,-0.1097005,0.4629798,-4.3169,-6.3961,-33.852,0.00120163,
2,3.066,2,0.2382467,389.9231,-0.1077679,0.4523376,-4.3169,-6.3961,-33.852,0.00120163,
2,3.076,2,0.238084,389.9321,-0.1088349,0.457128,-4.3169,-6.3961,-33.852,0.00120163,
2,3.086,2,0.2376107,389.9218,-0.1097111,0.4617265,-4.3169,-6.3961,-33.852,0.00120163,
2,3.096,2,0.240219,389.9186,-0.1076072,0.4479546,-4.3169,-6.3961,-33.852,0.00120163,
2,3.106,2,0.2390332,389.9271,-0.1082088,0.4526934,-4.32345,-6.3961,-33.8527,0.001899719,
2,3.116,2,0.2370013,389.916,-0.1087722,0.458952,-4.32345,-6.3961,-33.8527,0.001899719,
2,3.126,2,0.2377097,389.9042,-0.1072289,0.4510917,-4.32345,-6.3961,-33.8527,0.001899719,
2,3.136,2,0.2365856,389.9266,-0.1074942,0.4543564,-4.32345,-6.3961,-33.8527,0.001899719,
2,3.146,2,0.2379415,389.9186,-0.1080876,0.4542611,-4.32345,-6.3961,-33.8527,0.001899719,
2,3.156,2,0.2359338,389.9192,-0.1063076,0.4505824,-4.32345,-6.3961,-33.8527,0.001899719,
2,3.166,2,0.2380702,389.9061,-0.1060919,0.4456328,-4.32345,-6.3961,-33.8527,0.001899719,
2,3.176,2,0.2423624,389.8766,-0.1069612,0.4413275,-4.32345,-6.3961,-33.8527,0.001899719,
2,3.186,2,0.246756,389.8304,-0.1177269,0.4770983,-4.32345,-6.3961,-33.8527,0.001899719,
2,3.196,2,0.2445956,389.798,-0.1160726,0.4745489,-4.32345,-6.3961,-33.8527,0.001899719,
2,3.206,2,0.2498637,389.8134,-0.1102014,0.441046,-4.32345,-6.3961,-33.8527,0.001899719,
2,3.216,2,0.2514705,389.7967,-0.1148379,0.4566655,-4.32345,-6.3961,-33.8527,0.001899719,
2,3.226,2,0.2501673,389.7804,-0.1126708,0.4503819,-4.32345,-6.3961,-33.8527,0.001899719,
2,3.236,2,0.2490086,389.7874,-0.1121086,0.4502199,-4.32345,-6.3961,-33.8527,0.001899719,
2,3.246,2,0.2532408,389.7517,-0.1119351,0.4420107,-4.32345,-6.3961,-33.8527,0.001899719,
2,3.256,2,0.2497316,389.7984,-0.1122461,0.4494668,-4.32345,-6.3961,-33.8527,0.001899719,
2,3.266,2,0.2505374,389.7906,-0.1120803,0.4473596,-4.32345,-6.3961,-33.8527,0.001899719,
2,3.276,2,0.2511194,389.8055,-0.1106443,0.4406044,-4.32345,-6.3961,-33.8527,0.001899719,
2,3.286,2,0.2536435,389.779,-0.1119485,0.4413617,-4.32345,-6.3961,-33.8527,0.001899719,
2,3.296,2,0.250505,389.7754,-0.113091,0.4514523,-4.32345,-6.3961,-33.8527,0.001899719,
2,3.306,2,0.2522332,389.7842,-0.1136916,0.4507398,-4.32345,-6.3961,-33.8527,0.001899719,
2,3.316,2,0.2511962,389.7846,-0.1112692,0.4429571,-4.33057,-6.3961,-33.8534,0.002601624,
2,3.326,2,0.2514156,389.7879,-0.1118033,0.4446951,-4.33057,-6.3961,-33.8534,0.002601624,
2,3.336,2,0.2501984,389.7693,-0.1132837,0.4527756,-4.33057,-6.3961,-33.8534,0.002601624,
2,3.346,2,0.2503301,389.7616,-0.111103,0.4438258,-4.33057,-6.3961,-33.8534,0.002601624,
2,3.356,2,0.2514109,389.7523,-0.1132042,0.4502756,-4.33057,-6.3961,-33.8534,0.002601624,
2,3.366,2,0.251355,389.7501,-0.1142658,0.4545994,-4.33057,-6.3961,-33.8534,0.002601624,
2,3.376,2,0.2478686,389.7733,-0.1150397,0.4641157,-4.33057,-6.3961,-33.8534,0.002601624,
2,3.386,2,0.2541385,389.764,-0.1137518,0.4475978,-4.33057,-6.3961,-33.8534,0.002601624,
2,3.396,2,0.2543581,389.7528,-0.1132109,0.4450848,-4.33057,-6.3961,-33.8534,0.002601624,
2,3.406,2,0.2561892,389.703,-0.1167572,0.4557461,-4.33057,-6.3961,-33.8534,0.002601624,
2,3.416,2,0.2608045,389.6747,-0.1162578,0.4457661,-4.33057,-6.3961,-33.8534,0.002601624,
2,3.426,2,0.2642292,389.6965,-0.1176317,0.4451882,-4.33057,-6.3961,-33.8534,0.002601624,
2,3.436,2,0.2637123,389.666,-0.1162372,0.4407728,-4.33057,-6.3961,-33.8534,0.002601624,
2,3.446,2,0.2642903,389.6776,-0.1175533,0.4447885,-4.33057,-6.3961,-33.8534,0.002601624,
2,3.456,2,0.2652847,389.6654,-0.1187909,0.4477865,-4.33057,-6.3961,-33.8534,0.002601624,
2,3.466,2,0.2630014,389.6444,-0.1186441,0.4511159,-4.33057,-6.3961,-33.8534,0.002601624,
2,3.476,2,0.2629575,389.6433,-0.1177771,0.4478941,-4.33057,-6.3961,-33.8534,0.002601624,
2,3.486,2,0.2645104,389.6466,-0.1162292,0.4394125,-4.33057,-6.3961,-33.8534,0.002601624,
2,3.496,2,0.2681285,389.6358,-0.1168349,0.4357421,-4.33057,-6.3961,-33.8534,0.002601624,
2,3.506,2,0.265763,389.6477,-0.117078,0.4405352,-4.33057,-6.3961,-33.8534,0.002601624,
2,3.516,2,0.2620779,389.6446,-0.1174232,0.4480469,-4.33057,-6.3961,-33.8534,0.002601624,
2,3.526,2,0.2656475,389.6427,-0.1192077,0.448744,-4.33057,-6.3961,-33.8534,0.002601624,
2,3.536,2,0.264338,389.6394,-0.1190961,0.4505446,-4.33057,-6.3961,-33.8534,0.002601624,
2,3.546,2,0.2617245,389.6556,-0.1200653,0.4587469,-4.33057,-6.3961,-33.8534,0.002601624,
2,3.556,2,0.2647851,389.6394,-0.1198026,0.4524524,-4.33825,-6.3961,-33.854,0.003200531,
2,3.566,2,0.2650533,389.6457,-0.120555,0.4548331,-4.33825,-6.3961,-33.854,0.003200531,
2,3.576,2,0.2632138,389.6409,-0.1214105,0.4612621,-4.33825,-6.3961,-33.854,0.003200531,
2,3.586,2,0.2657361,389.6352,-0.1177161,0.4429812,-4.33825,-6.3961,-33.854,0.003200531,
2,3.596,2,0.2634463,389.6441,-0.1197513,0.4545567,-4.33825,-6.3961,-33.854,0.003200531,
2,3.606,2,0.2636515,389.6311,-0.1203567,0.4564992,-4.33825,-6.3961,-33.854,0.003200531,
2,3.616,2,0.2631835,389.6439,-0.1196648,0.454682,-4.33825,-6.3961,-33.854,0.003200531,
2,3.626,2,0.2631122,389.6376,-0.1198806,0.4556255,-4.33825,-6.3961,-33.854,0.003200531,
2,3.636,2,0.2668585,389.6011,-0.1203493,0.4509853,-4.33825,-6.3961,-33.854,0.003200531,
2,3.646,2,0.2703854,389.5623,-0.1217633,0.4503325,-4.33825,-6.3961,-33.854,0.003200531,
2,3.656,2,0.2701464,389.4672,-0.1231219,0.4557598,-4.33825,-6.3961,-33.854,0.003200531,
2,3.666,2,0.2760678,389.5141,-0.1222371,0.4427793,-4.33825,-6.3961,-33.854,0.003200531,
2,3.676,2,0.275834,389.5311,-0.1259756,0.4567082,-4.33825,-6.3961,-33.854,0.003200531,
2,3.686,2,0.2770306,389.4988,-0.1247718,0.4503898,-4.33825,-6.3961,-33.854,0.003200531,
2,3.696,2,0.2768869,389.5068,-0.1258337,0.4544586,-4.33825,-6.3961,-33.854,0.003200531,
2,3.706,2,0.2775891,389.4983,-0.1261554,0.4544683,-4.33825,-6.3961,-33.854,0.003200531,
2,3.716,2,0.2772889,389.4897,-0.1230447,0.4437417,-4.33825,-6.3961,-33.854,0.003200531,
2,3.726,2,0.2767397,389.4974,-0.1236152,0.446684,-4.33825,-6.3961,-33.854,0.003200531,
2,3.736,2,0.2751862,389.5164,-0.1243881,0.4520142,-4.33825,-6.3961,-33.854,0.003200531,
2,3.746,2,0.2782162,389.5069,-0.1244344,0.4472579,-4.33825,-6.3961,-33.854,0.003200531,
2,3.756,2,0.2759025,389.4937,-0.1257769,0.4558743,-4.33825,-6.3961,-33.854,0.003200531,
2,3.766,2,0.2773363,389.4957,-0.126097,0.4546718,-4.33825,-6.3961,-33.854,0.003200531,
2,3.776,2,0.2775646,389.5067,-0.1266322,0.4562262,-4.33825,-6.3961,-33.854,0.003200531,
2,3.786,2,0.2782358,389.5025,-0.1250955,0.4496027,-4.34645,-6.3961,-33.8548,0.004001617,
2,3.796,2,0.2771572,389.492,-0.125424,0.4525373,-4.34645,-6.3961,-33.8548,0.004001617,
2,3.806,2,0.2781096,389.4928,-0.1259614,0.4529202,-4.34645,-6.3961,-33.8548,0.004001617,
2,3.816,2,0.2749718,389.4832,-0.1258766,0.45778,-4.34645,-6.3961,-33.8548,0.004001617,
2,3.826,2,0.274265,389.5081,-0.1237818,0.451322,-4.34645,-6.3961,-33.8548,0.004001617,
2,3.836,2,0.2771192,389.4928,-0.1271137,0.4586967,-4.34645,-6.3961,-33.8548,0.004001617,
2,3.846,2,0.2778891,389.4887,-0.1262743,0.4544054,-4.34645,-6.3961,-33.8548,0.004001617,
2,3.856,2,0.2775518,389.4918,-0.1262239,0.4547761,-4.34645,-6.3961,-33.8548,0.004001617,
2,3.866,2,0.2844848,389.4498,-0.128685,0.4523441,-4.34645,-6.3961,-33.8548,0.004001617,
2,3.876,2,0.2883416,389.4041,-0.1311309,0.4547761,-4.34645,-6.3961,-33.8548,0.004001617,
2,3.886,2,0.28537,389.3864,-0.1333157,0.4671678,-4.34645,-6.3961,-33.8548,0.004001617,
2,3.896,2,0.2908158,389.3804,-0.1300504,0.4471916,-4.34645,-6.3961,-33.8548,0.004001617,
2,3.906,2,0.2913967,389.3752,-0.1290667,0.4429243,-4.34645,-6.3961,-33.8548,0.004001617,
2,3.916,2,0.2913193,389.3889,-0.1312945,0.4506893,-4.34645,-6.3961,-33.8548,0.004001617,
2,3.926,2,0.2904287,389.3669,-0.1335815,0.4599462,-4.34645,-6.3961,-33.8548,0.004001617,
2,3.936,2,0.2916331,389.3576,-0.1332122,0.4567802,-4.34645,-6.3961,-33.8548,0.004001617,
2,3.946,2,0.2922336,389.4039,-0.1330609,0.4553237,-4.34645,-6.3961,-33.8548,0.004001617,
2,3.956,2,0.2902503,389.364,-0.1329095,0.4579135,-4.34645,-6.3961,-33.8548,0.004001617,
2,3.966,2,0.2897343,389.363,-0.1329061,0.4587173,-4.34645,-6.3961,-33.8548,0.004001617,
2,3.976,2,0.2900114,389.3612,-0.132334,0.4563062,-4.34645,-6.3961,-33.8548,0.004001617,
2,3.986,2,0.29303,389.3607,-0.1322837,0.451434,-4.34645,-6.3961,-33.8548,0.004001617,
2,3.996,2,0.2905453,389.3549,-0.1329458,0.4575733,-4.34645,-6.3961,-33.8548,0.004001617,
2,4.006,2,0.2923421,389.3228,-0.1318914,0.4511543,-4.34645,-6.3961,-33.8548,0.004001617,
2,4.016,2,0.2936995,389.3704,-0.1344972,0.4579415,-4.34645,-6.3961,-33.8548,0.004001617,
2,4.026,2,0.289675,389.3713,-0.1336899,0.4615169,-4.34645,-6.3961,-33.8548,0.004001617,
2,4.036,2,0.2897553,389.3777,-0.1327565,0.4581676,-4.3541,-6.3961,-33.8555,0.004699707,
2,4.046,2,0.2914356,389.3524,-0.1319784,0.4528561,-4.3541,-6.3961,-33.8555,0.004699707,
2,4.056,2,0.290575,389.356,-0.1331869,0.4583564,-4.3541,-6.3961,-33.8555,0.004699707,
2,4.066,2,0.2911406,389.358,-0.1331843,0.4574567,-4.3541,-6.3961,-33.8555,0.004699707,
2,4.076,2,0.2909391,389.357,-0.1324832,0.4553641,-4.3541,-6.3961,-33.8555,0.004699707,
2,4.086,2,0.2979272,389.3357,-0.1329182,0.4461432,-4.3541,-6.3961,-33.8555,0.004699707,
2,4.096,2,0.3014909,389.28,-0.1356295,0.4498628,-4.3541,-6.3961,-33.8555,0.004699707,
2,4.106,2,0.3016917,389.2494,-0.1371005,0.4544392,-4.3541,-6.3961,-33.8555,0.004699707,
2,4.116,2,0.3074873,389.2487,-0.1366404,0.4443775,-4.3541,-6.3961,-33.8555,0.004699707,
2,4.126,2,0.3094397,389.2075,-0.1370824,0.443002,-4.3541,-6.3961,-33.8555,0.004699707,
2,4.136,2,0.3041356,389.2362,-0.1375143,0.452148,-4.3541,-6.3961,-33.8555,0.004699707,
2,4.146,2,0.3088729,389.2342,-0.140573,0.4551158,-4.3541,-6.3961,-33.8555,0.004699707,
2,4.156,2,0.3061426,389.2397,-0.139775,0.4565682,-4.3541,-6.3961,-33.8555,0.004699707,
2,4.166,2,0.3037325,389.2281,-0.1418645,0.4670705,-4.3541,-6.3961,-33.8555,0.004699707,
2,4.176,2,0.3090426,389.2213,-0.1401874,0.4536185,-4.3541,-6.3961,-33.8555,0.004699707,
2,4.186,2,0.3072872,389.2309,-0.1375397,0.4475932,-4.3541,-6.3961,-33.8555,0.004699707,
2,4.196,2,0.3046913,389.2505,-0.1385765,0.4548096,-4.3541,-6.3961,-33.8555,0.004699707,
2,4.206,2,0.3066256,389.2347,-0.1392018,0.4539795,-4.3541,-6.3961,-33.8555,0.004699707,
2,4.216,2,0.3073181,389.2354,-0.1387743,0.4515656,-4.3541,-6.3961,-33.8555,0.004699707,
2,4.226,2,0.3031904,389.2008,-0.1397574,0.4609559,-4.3541,-6.3961,-33.8555,0.004699707,
2,4.236,2,0.3062582,389.2284,-0.1405824,0.4590323,-4.36177,-6.3961,-33.8563,0.005500793,
2,4.246,2,0.3067268,389.2341,-0.139289,0.4541142,-4.36177,-6.3961,-33.8563,0.005500793,
2,4.256,2,0.3061213,389.2139,-0.1402409,0.458122,-4.36177,-6.3961,-33.8563,0.005500793,
2,4.266,2,0.3046922,389.2191,-0.1418207,0.4654557,-4.36177,-6.3961,-33.8563,0.005500793,
2,4.276,2,0.3061082,389.2243,-0.1427725,0.4664119,-4.36177,-6.3961,-33.8563,0.005500793,
2,4.286,2,0.3090356,389.2176,-0.139457,0.4512653,-4.36177,-6.3961,-33.8563,0.005500793,
2,4.296,2,0.3075613,389.2001,-0.1392357,0.4527088,-4.36177,-6.3961,-33.8563,0.005500793,
2,4.306,2,0.3068835,389.2213,-0.1414688,0.4609854,-4.36177,-6.3961,-33.8563,0.005500793,
2,4.316,2,0.3148169,389.1766,-0.1401501,0.4451796,-4.36177,-6.3961,-33.8563,0.005500793,
2,4.326,2,0.3140551,389.1486,-0.1443773,0.4597196,-4.36177,-6.3961,-33.8563,0.005500793,
2,4.336,2,0.3192298,389.1064,-0.1469639,0.4603703,-4.36177,-6.3961,-33.8563,0.005500793,
2,4.346,2,0.3238143,389.1048,-0.1455164,0.4493821,-4.36177,-6.3961,-33.8563,0.005500793,
2,4.356,2,0.3204688,389.099,-0.14582,0.4550208,-4.36177,-6.3961,-33.8563,0.005500793,
2,4.366,2,0.3223016,389.099,-0.1452721,0.4507333,-4.36177,-6.3961,-33.8563,0.005500793,
2,4.376,2,0.3220204,389.105,-0.1435141,0.4456676,-4.36177,-6.3961,-33.8563,0.005500793,
2,4.386,2,0.3214948,389.1153,-0.144895,0.4506916,-4.36177,-6.3961,-33.8563,0.005500793,
2,4.396,2,0.3208314,389.1008,-0.1464473,0.4564619,-4.36177,-6.3961,-33.8563,0.005500793,
2,4.406,2,0.3228834,389.1011,-0.1449799,0.4490163,-4.36177,-6.3961,-33.8563,0.005500793,
2,4.416,2,0.319165,389.0664,-0.1458822,0.4570746,-4.36177,-6.3961,-33.8563,0.005500793,
2,4.426,2,0.322095,389.0972,-0.1460211,0.4533479,-4.36177,-6.3961,-33.8563,0.005500793,
2,4.436,2,0.3217242,389.1302,-0.1489032,0.4628286,-4.36942,-6.3961,-33.857,0.006198883,
2,4.446,2,0.3198321,389.1174,-0.1476127,0.4615317,-4.36942,-6.3961,-33.857,0.006198883,
2,4.456,2,0.3245899,389.0921,-0.1465943,0.4516294,-4.36942,-6.3961,-33.857,0.006198883,
2,4.466,2,0.3213753,389.1044,-0.1452631,0.4520045,-4.36942,-6.3961,-33.857,0.006198883,
2,4.476,2,0.3189753,389.1028,-0.1472047,0.4614925,-4.36942,-6.3961,-33.857,0.006198883,
2,4.486,2,0.3207756,389.1064,-0.1468399,0.4577652,-4.36942,-6.3961,-33.857,0.006198883,
2,4.496,2,0.3207881,389.1021,-0.1475775,0.4600467,-4.36942,-6.3961,-33.857,0.006198883,
2,4.506,2,0.3180754,389.0959,-0.1480167,0.4653509,-4.36942,-6.3961,-33.857,0.006198883,
2,4.516,2,0.323789,389.0727,-0.1483826,0.4582693,-4.36942,-6.3961,-33.857,0.006198883,
2,4.526,2,0.3276958,389.0193,-0.1486748,0.4536977,-4.36942,-6.3961,-33.857,0.006198883,
2,4.536,2,0.3286671,388.9866,-0.1548398,0.4711144,-4.36942,-6.3961,-33.857,0.006198883,
2,4.546,2,0.332138,388.9814,-0.1598419,0.4812513,-4.36942,-6.3961,-33.857,0.006198883,
2,4.556,2,0.334053,388.9852,-0.1595175,0.4775214,-4.36942,-6.3961,-33.857,0.006198883,
2,4.566,2,0.3368586,388.9852,-0.1557728,0.4624278,-4.36942,-6.3961,-33.857,0.006198883,
2,4.576,2,0.3333839,388.9804,-0.1606747,0.481951,-4.36942,-6.3961,-33.857,0.006198883,
2,4.586,2,0.335575,388.9802,-0.1592875,0.4746705,-4.36942,-6.3961,-33.857,0.006198883,
2,4.596,2,0.3358583,388.9997,-0.1600022,0.4763979,-4.36942,-6.3961,-33.857,0.006198883,
2,4.606,2,0.3349119,388.9873,-0.159585,0.4764983,-4.36942,-6.3961,-33.857,0.006198883,
2,4.616,2,0.3325593,388.9908,-0.1595747,0.4798383,-4.36942,-6.3961,-33.857,0.006198883,
2,4.626,2,0.3342904,388.9782,-0.1595064,0.4771493,-4.36942,-6.3961,-33.857,0.006198883,
2,4.636,2,0.33286,388.9754,-0.1584201,0.4759362,-4.36942,-6.3961,-33.857,0.006198883,
2,4.646,2,0.3331875,388.9623,-0.1577032,0.4733166,-4.36942,-6.3961,-33.857,0.006198883,
2,4.656,2,0.33566,388.958,-0.1540564,0.4589656,-4.36942,-6.3961,-33.857,0.006198883,
2,4.666,2,0.3354592,388.9894,-0.1606887,0.4790113,-4.36942,-6.3961,-33.857,0.006198883,
2,4.676,2,0.3347019,388.9929,-0.1555829,0.4648403,-4.37655,-6.3961,-33.8578,0.006999969,
2,4.686,2,0.33434,388.9624,-0.1599481,0.4783994,-4.37655,-6.3961,-33.8578,0.006999969,
2,4.696,2,0.3359658,388.974,-0.1595944,0.4750315,-4.37655,-6.3961,-33.8578,0.006999969,
2,4.706,2,0.3353872,388.9716,-0.1549598,0.4620324,-4.37655,-6.3961,-33.8578,0.006999969,
2,4.716,2,0.3325099,388.9874,-0.1576776,0.4742043,-4.37655,-6.3961,-33.8578,0.006999969,
2,4.726,2,0.3377071,388.9827,-0.1546778,0.4580236,-4.37655,-6.3961,-33.8578,0.006999969,
2,4.736,2,0.3361011,388.9785,-0.1536747,0.4572275,-4.37655,-6.3961,-33.8578,0.006999969,
2,4.746,2,0.3356155,388.9687,-0.1533709,0.4569839,-4.37655,-6.3961,-33.8578,0.006999969,
2,4.756,2,0.3369459,388.9649,-0.1529215,0.4538459,-4.37655,-6.3961,-33.8578,0.006999969,
2,4.766,2,0.3430378,388.9248,-0.1540131,0.4489683,-4.37655,-6.3961,-33.8578,0.006999969,
2,4.776,2,0.3489379,388.8855,-0.1566929,0.4490567,-4.37655,-6.3961,-33.8578,0.006999969,
2,4.786,2,0.3478684,388.8751,-0.1583745,0.4552714,-4.37655,-6.3961,-33.8578,0.006999969,
2,4.796,2,0.3505286,388.8732,-0.1583453,0.4517329,-4.37655,-6.3961,-33.8578,0.006999969,
2,4.806,2,0.3503303,388.8529,-0.1592871,0.4546768,-4.37655,-6.3961,-33.8578,0.006999969,
2,4.816,2,0.3492259,388.8468,-0.1621281,0.4642498,-4.37655,-6.3961,-33.8578,0.006999969,
2,4.826,2,0.3505692,388.795,-0.1632637,0.4657105,-4.37655,-6.3961,-33.8578,0.006999969,
2,4.836,2,0.3489105,388.846,-0.1684688,0.4828426,-4.37655,-6.3961,-33.8578,0.006999969,
2,4.846,2,0.3493769,388.8576,-0.1655298,0.4737857,-4.37655,-6.3961,-33.8578,0.006999969,
2,4.856,2,0.3526759,388.8457,-0.1589658,0.4507419,-4.37655,-6.3961,-33.8578,0.006999969,
2,4.866,2,0.351207,388.8459,-0.1590081,0.4527475,-4.37655,-6.3961,-33.8578,0.006999969,
2,4.876,2,0.351461,388.8506,-0.1600799,0.4554698,-4.37655,-6.3961,-33.8578,0.006999969,
2,4.886,2,0.3518557,388.8528,-0.1597319,0.4539697,-4.37655,-6.3961,-33.8578,0.006999969,
2,4.896,2,0.3492336,388.8663,-0.1627108,0.4659082,-4.37655,-6.3961,-33.8578,0.006999969,
2,4.906,2,0.3498729,388.8626,-0.1588675,0.454072,-4.37655,-6.3961,-33.8578,0.006999969,
2,4.916,2,0.350191,388.8568,-0.1630736,0.4656705,-4.38475,-6.3961,-33.8586,0.007801056,
2,4.926,2,0.3500383,388.8484,-0.1589261,0.454025,-4.38475,-6.3961,-33.8586,0.007801056,
2,4.936,2,0.3513974,388.8437,-0.1571881,0.4473228,-4.38475,-6.3961,-33.8586,0.007801056,
2,4.946,2,0.3539262,388.8557,-0.1615071,0.4563299,-4.38475,-6.3961,-33.8586,0.007801056,
2,4.956,2,0.3493747,388.8558,-0.1663344,0.4760918,-4.38475,-6.3961,-33.8586,0.007801056,
2,4.966,2,0.3553315,388.8424,-0.1627051,0.4578967,-4.38475,-6.3961,-33.8586,0.007801056,
2,4.976,2,0.3587813,388.7928,-0.1644013,0.4582214,-4.38475,-6.3961,-33.8586,0.007801056,
2,4.986,2,0.3617803,388.7585,-0.1718659,0.4750561,-4.38475,-6.3961,-33.8586,0.007801056,
2,4.996,2,0.3639835,388.7757,-0.1706095,0.4687287,-4.38475,-6.3961,-33.8586,0.007801056,
2,5.006,2,0.367288,388.7557,-0.1615856,0.4399424,-4.38475,-6.3961,-33.8586,0.007801056,
2,5.016,2,0.3656817,388.7514,-0.1638224,0.4479918,-4.38475,-6.3961,-33.8586,0.007801056,
2,5.026,2,0.3664754,388.7543,-0.1700547,0.4640276,-4.38475,-6.3961,-33.8586,0.007801056,
2,5.036,2,0.3634463,388.7487,-0.1741591,0.479188,-4.38475,-6.3961,-33.8586,0.007801056,
2,5.046,2,0.3652258,388.7347,-0.1673063,0.45809,-4.38475,-6.3961,-33.8586,0.007801056,
2,5.056,2,0.3645946,388.7379,-0.171743,0.471052,-4.38475,-6.3961,-33.8586,0.007801056,
2,5.066,2,0.3644242,388.7449,-0.1715761,0.4708143,-4.38475,-6.3961,-33.8586,0.007801056,
2,5.076,2,0.3654911,388.7487,-0.1735275,0.474779,-4.38475,-6.3961,-33.8586,0.007801056,
2,5.086,2,0.3653113,388.7589,-0.1734492,0.4747982,-4.38475,-6.3961,-33.8586,0.007801056,
2,5.096,2,0.3626578,388.7397,-0.1726713,0.4761274,-4.38475,-6.3961,-33.8586,0.007801056,
2,5.106,2,0.3655885,388.7221,-0.1714162,0.4688774,-4.38475,-6.3961,-33.8586,0.007801056,
2,5.116,2,0.3631945,388.732,-0.1757072,0.4837827,-4.38475,-6.3961,-33.8586,0.007801056,
2,5.126,2,0.3650578,388.7309,-0.1723862,0.4722163,-4.39185,-6.3961,-33.8593,0.008499146,
2,5.136,2,0.3655011,388.725,-0.1720771,0.4707978,-4.39185,-6.3961,-33.8593,0.008499146,
2,5.146,2,0.3628905,388.7424,-0.1721592,0.4744108,-4.39185,-6.3961,-33.8593,0.008499146,
2,5.156,2,0.3643927,388.7337,-0.1708851,0.4689586,-4.39185,-6.3961,-33.8593,0.008499146,
2,5.166,2,0.3650843,388.7228,-0.1653918,0.4530236,-4.39185,-6.3961,-33.8593,0.008499146,
2,5.176,2,0.3654014,388.6906,-0.1688317,0.4620445,-4.39185,-6.3961,-33.8593,0.008499146,
2,5.186,2,0.3672175,388.7389,-0.1716269,0.4673714,-4.39185,-6.3961,-33.8593,0.008499146,
2,5.196,2,0.366676,388.7547,-0.1666054,0.4543669,-4.39185,-6.3961,-33.8593,0.008499146,
2,5.206,2,0.3687573,388.7374,-0.1710768,0.4639278,-4.39185,-6.3961,-33.8593,0.008499146,
2,5.216,2,0.3725759,388.6701,-0.1785002,0.4790977,-4.39185,-6.3961,-33.8593,0.008499146,
2,5.226,2,0.377685,388.6482,-0.1769515,0.4685161,-4.39185,-6.3961,-33.8593,0.008499146,
2,5.236,2,0.3760113,388.637,-0.1745946,0.4643335,-4.39185,-6.3961,-33.8593,0.008499146,
2,5.246,2,0.3795016,388.6396,-0.1711609,0.4510151,-4.39185,-6.3961,-33.8593,0.008499146,
2,5.256,2,0.3787215,388.6348,-0.1727958,0.4562609,-4.39185,-6.3961,-33.8593,0.008499146,
2,5.266,2,0.3776981,388.6206,-0.1786275,0.4729372,-4.39185,-6.3961,-33.8593,0.008499146,
2,5.276,2,0.3787237,388.6306,-0.1741703,0.4598876,-4.39185,-6.3961,-33.8593,0.008499146,
2,5.286,2,0.3799046,388.6454,-0.1770204,0.4659601,-4.39185,-6.3961,-33.8593,0.008499146,
2,5.296,2,0.3786208,388.6056,-0.1744437,0.4607345,-4.39185,-6.3961,-33.8593,0.008499146,
2,5.306,2,0.3777101,388.6295,-0.1805644,0.4780502,-4.39185,-6.3961,-33.8593,0.008499146,
2,5.316,2,0.3806696,388.6338,-0.1747411,0.4590361,-4.39185,-6.3961,-33.8593,0.008499146,
2,5.326,2,0.3790988,388.635,-0.1771018,0.4671654,-4.39185,-6.3961,-33.8593,0.008499146,
2,5.336,2,0.3779057,388.6153,-0.1746818,0.4622363,-4.40005,-6.3961,-33.8601,0.009300232,
2,5.346,2,0.3775944,388.6227,-0.1757857,0.4655411,-4.40005,-6.3961,-33.8601,0.009300232,
2,5.356,2,0.3784773,388.6201,-0.1735174,0.4584619,-4.40005,-6.3961,-33.8601,0.009300232,
2,5.366,2,0.379933,388.6372,-0.1726243,0.4543547,-4.40005,-6.3961,-33.8601,0.009300232,
2,5.376,2,0.3777998,388.636,-0.1736809,0.4597167,-4.40005,-6.3961,-33.8601,0.009300232,
2,5.386,2,0.3799662,388.6352,-0.1751601,0.4609887,-4.40005,-6.3961,-33.8601,0.009300232,
2,5.396,2,0.3795016,388.6161,-0.1763229,0.4646171,-4.40005,-6.3961,-33.8601,0.009300232,
2,5.406,2,0.3781976,388.6412,-0.1748533,0.4623331,-4.40005,-6.3961,-33.8601,0.009300232,
2,5.416,2,0.385367,388.6045,-0.1730873,0.4491493,-4.40005,-6.3961,-33.8601,0.009300232,
2,5.426,2,0.3882762,388.5559,-0.174883,0.4504089,-4.40005,-6.3961,-33.8601,0.009300232,
2,5.436,2,0.3912168,388.5244,-0.1772215,0.4530008,-4.40005,-6.3961,-33.8601,0.009300232,
2,5.446,2,0.3953275,388.5397,-0.1801879,0.455794,-4.40005,-6.3961,-33.8601,0.009300232,
2,5.456,2,0.3951797,388.5236,-0.1802735,0.456181,-4.40005,-6.3961,-33.8601,0.009300232,
2,5.466,2,0.3948663,388.5016,-0.1804405,0.4569661,-4.40005,-6.3961,-33.8601,0.009300232,
2,5.476,2,0.3949401,388.5282,-0.1785997,0.4522197,-4.40005,-6.3961,-33.8601,0.009300232,
2,5.486,2,0.3938187,388.5316,-0.1780691,0.45216,-4.40005,-6.3961,-33.8601,0.009300232,
2,5.496,2,0.3940233,388.5294,-0.1836065,0.4659788,-4.40005,-6.3961,-33.8601,0.009300232,
2,5.506,2,0.3943465,388.5084,-0.181054,0.4591241,-4.40005,-6.3961,-33.8601,0.009300232,
2,5.516,2,0.3924853,388.5122,-0.1781705,0.4539546,-4.40005,-6.3961,-33.8601,0.009300232,
2,5.526,2,0.395133,388.4963,-0.1788952,0.4527468,-4.40005,-6.3961,-33.8601,0.009300232,
2,5.536,2,0.3939205,388.5103,-0.1790728,0.4545911,-4.40005,-6.3961,-33.8601,0.009300232,
2,5.546,2,0.3953899,388.5121,-0.1786896,0.4519326,-4.40005,-6.3961,-33.8601,0.009300232,
2,5.556,2,0.3959557,388.5206,-0.1786117,0.45109,-4.40005,-6.3961,-33.8601,0.009300232,
2,5.566,2,0.3964535,388.5124,-0.1766169,0.4454921,-4.40005,-6.3961,-33.8601,0.009300232,
2,5.576,2,0.3939874,388.5156,-0.1768454,0.4488605,-4.40718,-6.3961,-33.8608,0.01000214,
2,5.586,2,0.3959435,388.4824,-0.1771027,0.4472927,-4.40718,-6.3961,-33.8608,0.01000214,
2,5.596,2,0.3961921,388.5274,-0.178809,0.4513189,-4.40718,-6.3961,-33.8608,0.01000214,
2,5.606,2,0.3947206,388.5159,-0.1788254,0.4530429,-4.40718,-6.3961,-33.8608,0.01000214,
2,5.616,2,0.3951592,388.5223,-0.1810454,0.4581582,-4.40718,-6.3961,-33.8608,0.01000214,
2,5.626,2,0.3927013,388.5031,-0.1809851,0.4608721,-4.40718,-6.3961,-33.8608,0.01000214,
2,5.636,2,0.3939823,388.5071,-0.1775555,0.4506687,-4.40718,-6.3961,-33.8608,0.01000214,
2,5.646,2,0.39541,388.5179,-0.1782237,0.4507313,-4.40718,-6.3961,-33.8608,0.01000214,
2,5.656,2,0.3989498,388.4853,-0.1782615,0.4468269,-4.40718,-6.3961,-33.8608,0.01000214,
2,5.666,2,0.4042325,388.4502,-0.1820524,0.4503655,-4.40718,-6.3961,-33.8608,0.01000214,
2,5.676,2,0.4072471,388.4246,-0.1825787,0.4483241,-4.40718,-6.3961,-33.8608,0.01000214,
2,5.686,2,0.409503,388.414,-0.1837849,0.4488,-4.40718,-6.3961,-33.8608,0.01000214,
2,5.696,2,0.4109245,388.3951,-0.185147,0.4505622,-4.40718,-6.3961,-33.8608,0.01000214,
2,5.706,2,0.4084154,388.3919,-0.1847191,0.4522825,-4.40718,-6.3961,-33.8608,0.01000214,
2,5.716,2,0.4078929,388.4049,-0.1859435,0.4558636,-4.40718,-6.3961,-33.8608,0.01000214,
2,5.726,2,0.410728,388.4026,-0.1864059,0.4538426,-4.40718,-6.3961,-33.8608,0.01000214,
2,5.736,2,0.411977,388.3904,-0.1863577,0.4523499,-4.40718,-6.3961,-33.8608,0.01000214,
2,5.746,2,0.4078895,388.3994,-0.1834984,0.4498729,-4.40718,-6.3961,-33.8608,0.01000214,
2,5.756,2,0.4091655,388.4106,-0.1847935,0.4516351,-4.40718,-6.3961,-33.8608,0.01000214,
2,5.766,2,0.4099814,388.4266,-0.1829035,0.4461262,-4.40718,-6.3961,-33.8608,0.01000214,
2,5.776,2,0.4095935,388.4053,-0.1848962,0.4514139,-4.40718,-6.3961,-33.8608,0.01000214,
2,5.786,2,0.408942,388.4023,-0.1854971,0.4536026,-4.40718,-6.3961,-33.8608,0.01000214,
2,5.796,2,0.4083654,388.4003,-0.1840822,0.4507781,-4.40718,-6.3961,-33.8608,0.01000214,
2,5.806,2,0.4106707,388.3878,-0.1830863,0.4458226,-4.4154,-6.3961,-33.8616,0.01079941,
2,5.816,2,0.4084321,388.3861,-0.1842775,0.4511827,-4.4154,-6.3961,-33.8616,0.01079941,
2,5.826,2,0.4096753,388.3903,-0.1840722,0.4493125,-4.4154,-6.3961,-33.8616,0.01079941,
2,5.836,2,0.4110112,388.391,-0.1842382,0.448256,-4.4154,-6.3961,-33.8616,0.01079941,
2,5.846,2,0.4105844,388.4116,-0.1848649,0.4502483,-4.4154,-6.3961,-33.8616,0.01079941,
2,5.856,2,0.4091634,388.4036,-0.1859744,0.4545235,-4.4154,-6.3961,-33.8616,0.01079941,
2,5.866,2,0.4130844,388.3904,-0.184711,0.4471509,-4.4154,-6.3961,-33.8616,0.01079941,
2,5.876,2,0.4138684,388.3961,-0.1854842,0.448172,-4.4154,-6.3961,-33.8616,0.01079941,
2,5.886,2,0.4174992,388.366,-0.1863369,0.4463167,-4.4154,-6.3961,-33.8616,0.01079941,
2,5.896,2,0.4200831,388.3293,-0.1887945,0.4494218,-4.4154,-6.3961,-33.8616,0.01079941,
2,5.906,2,0.4253584,388.3398,-0.1900147,0.4467166,-4.4154,-6.3961,-33.8616,0.01079941,
2,5.916,2,0.4271114,388.2903,-0.1888177,0.4420806,-4.4154,-6.3961,-33.8616,0.01079941,
2,5.926,2,0.4235568,388.2965,-0.190056,0.4487142,-4.4154,-6.3961,-33.8616,0.01079941,
2,5.936,2,0.4252532,388.2982,-0.1905556,0.448099,-4.4154,-6.3961,-33.8616,0.01079941,
2,5.946,2,0.4267276,388.2958,-0.1928552,0.4519399,-4.4154,-6.3961,-33.8616,0.01079941,
2,5.956,2,0.4239846,388.2997,-0.1953242,0.4606871,-4.4154,-6.3961,-33.8616,0.01079941,
2,5.966,2,0.4213387,388.2976,-0.1968746,0.4672598,-4.4154,-6.3961,-33.8616,0.01079941,
2,5.976,2,0.4240469,388.2797,-0.1951506,0.4602098,-4.4154,-6.3961,-33.8616,0.01079941,
2,5.986,2,0.4262799,388.2707,-0.1945294,0.456342,-4.4154,-6.3961,-33.8616,0.01079941,
2,5.996,2,0.4236688,388.2111,-0.1979936,0.467331,-4.4154,-6.3961,-33.8616,0.01079941,
2,6.006,2,0.4245059,388.2715,-0.1935299,0.4558946,-4.4154,-6.3961,-33.8616,0.01079941,
2,6.016,2,0.4266169,388.2807,-0.1970978,0.4620019,-4.4154,-6.3961,-33.8616,0.01079941,
2,6.026,2,0.42292,388.2603,-0.2002464,0.4734852,-4.4154,-6.3961,-33.8616,0.01079941,
2,6.036,2,0.42324,388.2739,-0.1976536,0.4670012,-4.42305,-6.3961,-33.8624,0.01160049,
2,6.046,2,0.4230727,388.27,-0.1993545,0.4712063,-4.42305,-6.3961,-33.8624,0.01160049,
2,6.056,2,0.4236913,388.2842,-0.1994924,0.4708437,-4.42305,-6.3961,-33.8624,0.01160049,
2,6.066,2,0.425113,388.2829,-0.1953795,0.4595942,-4.42305,-6.3961,-33.8624,0.01160049,
2,6.076,2,0.4233622,388.2917,-0.1988103,0.4695987,-4.42305,-6.3961,-33.8624,0.01160049,
2,6.086,2,0.4237693,388.2895,-0.1972052,0.4653599,-4.42305,-6.3961,-33.8624,0.01160049,
2,6.096,2,0.4251532,388.2702,-0.19816,0.4660907,-4.42305,-6.3961,-33.8624,0.01160049,
2,6.106,2,0.4309308,388.2405,-0.1985461,0.4607377,-4.42305,-6.3961,-33.8624,0.01160049,
2,6.116,2,0.4329147,388.204,-0.2015025,0.4654555,-4.42305,-6.3961,-33.8624,0.01160049,
2,6.126,2,0.4368437,388.1795,-0.2030195,0.4647418,-4.42305,-6.3961,-33.8624,0.01160049,
2,6.136,2,0.4403278,388.1625,-0.2016943,0.458055,-4.42305,-6.3961,-33.8624,0.01160049,
2,6.146,2,0.4440466,388.1702,-0.1985968,0.4472432,-4.42305,-6.3961,-33.8624,0.01160049,
2,6.156,2,0.4397987,388.1592,-0.1983235,0.4509415,-4.42305,-6.3961,-33.8624,0.01160049,
2,6.166,2,0.4408082,388.1758,-0.2054493,0.4660742,-4.42305,-6.3961,-33.8624,0.01160049,
2,6.176,2,0.4419998,388.1767,-0.2039967,0.4615312,-4.42305,-6.3961,-33.8624,0.01160049,
2,6.186,2,0.4412017,388.1478,-0.2009893,0.4555497,-4.42305,-6.3961,-33.8624,0.01160049,
2,6.196,2,0.4391963,388.1815,-0.2038197,0.4640742,-4.42305,-6.3961,-33.8624,0.01160049,
2,6.206,2,0.4398277,388.1569,-0.2047822,0.4655965,-4.42305,-6.3961,-33.8624,0.01160049,
2,6.216,2,0.4403273,388.1541,-0.2019901,0.4587272,-4.42305,-6.3961,-33.8624,0.01160049,
2,6.226,2,0.4387379,388.1506,-0.2038424,0.464611,-4.42963,-6.3961,-33.8632,0.01240158,
2,6.236,2,0.4388149,388.1599,-0.2024481,0.461352,-4.42963,-6.3961,-33.8632,0.01240158,
2,6.246,2,0.4384723,388.1659,-0.2019923,0.4606729,-4.42963,-6.3961,-33.8632,0.01240158,
2,6.256,2,0.4395058,388.1721,-0.2040093,0.4641789,-4.42963,-6.3961,-33.8632,0.01240158,
2,6.266,2,0.4418139,388.1557,-0.2034167,0.4604127,-4.42963,-6.3961,-33.8632,0.01240158,
2,6.276,2,0.4412138,388.142,-0.2005544,0.4545515,-4.42963,-6.3961,-33.8632,0.01240158,
2,6.286,2,0.4416532,388.1397,-0.2013938,0.456,-4.42963,-6.3961,-33.8632,0.01240158,
2,6.296,2,0.4472779,388.1215,-0.2008523,0.4490549,-4.42963,-6.3961,-33.8632,0.01240158,
2,6.306,2,0.4472775,388.0982,-0.2045598,0.4573443,-4.42963,-6.3961,-33.8632,0.01240158,
2,6.316,2,0.4513468,388.0556,-0.2082716,0.4614447,-4.42963,-6.3961,-33.8632,0.01240158,
2,6.326,2,0.4561411,388.057,-0.207568,0.4550523,-4.42963,-6.3961,-33.8632,0.01240158,
2,6.336,2,0.4539471,388.0584,-0.2073511,0.4567738,-4.42963,-6.3961,-33.8632,0.01240158,
2,6.346,2,0.4545567,388.0117,-0.2062207,0.4536744,-4.42963,-6.3961,-33.8632,0.01240158,
2,6.356,2,0.455885,388.0685,-0.2039562,0.4473852,-4.42963,-6.3961,-33.8632,0.01240158,
2,6.366,2,0.454448,388.0719,-0.2059911,0.4532777,-4.42963,-6.3961,-33.8632,0.01240158,
2,6.376,2,0.4550543,388.0875,-0.2050076,0.4505124,-4.42963,-6.3961,-33.8632,0.01240158,
2,6.386,2,0.4575662,388.0454,-0.2026269,0.4428363,-4.42963,-6.3961,-33.8632,0.01240158,
2,6.396,2,0.45248,388.0256,-0.2087989,0.4614544,-4.42963,-6.3961,-33.8632,0.01240158,
2,6.406,2,0.4559214,388.0462,-0.2094359,0.4593685,-4.42963,-6.3961,-33.8632,0.01240158,
2,6.416,2,0.4555233,388.0355,-0.2068359,0.4540621,-4.42963,-6.3961,-33.8632,0.01240158,
2,6.426,2,0.4569728,388.0405,-0.2059368,0.4506544,-4.43727,-6.3961,-33.8639,0.01309967,
2,6.436,2,0.4561642,388.0262,-0.2070673,0.4539314,-4.43727,-6.3961,-33.8639,0.01309967,
2,6.446,2,0.4534809,388.0457,-0.2128358,0.4693381,-4.43727,-6.3961,-33.8639,0.01309967,
2,6.456,2,0.4575377,388.0455,-0.2106876,0.4604814,-4.43727,-6.3961,-33.8639,0.01309967,
2,6.466,2,0.4565976,388.0108,-0.2107518,0.4615701,-4.43727,-6.3961,-33.8639,0.01309967,
2,6.476,2,0.4516931,388.0438,-0.2109871,0.4671027,-4.43727,-6.3961,-33.8639,0.01309967,
2,6.486,2,0.4595951,388.0256,-0.2123126,0.4619558,-4.43727,-6.3961,-33.8639,0.01309967,
2,6.496,2,0.464539,387.9822,-0.2126303,0.4577233,-4.43727,-6.3961,-33.8639,0.01309967,
2,6.506,2,0.4657955,387.952,-0.2153479,0.4623229,-4.43727,-6.3961,-33.8639,0.01309967,
2,6.516,2,0.467413,387.9261,-0.2137922,0.4573947,-4.43727,-6.3961,-33.8639,0.01309967,
2,6.526,2,0.4690981,387.9268,-0.2163967,0.4613038,-4.43727,-6.3961,-33.8639,0.01309967,
2,6.536,2,0.4667021,387.9448,-0.2128426,0.4560566,-4.43727,-6.3961,-33.8639,0.01309967,
2,6.546,2,0.4699891,387.9476,-0.2114953,0.4500003,-4.43727,-6.3961,-33.8639,0.01309967,
2,6.556,2,0.4692623,387.9422,-0.2122483,0.4523019,-4.43727,-6.3961,-33.8639,0.01309967,
2,6.566,2,0.471244,387.9326,-0.2167594,0.4599726,-4.43727,-6.3961,-33.8639,0.01309967,
2,6.576,2,0.470305,387.9492,-0.217341,0.4621277,-4.43727,-6.3961,-33.8639,0.01309967,
2,6.586,2,0.4685951,387.955,-0.2163166,0.4616281,-4.43727,-6.3961,-33.8639,0.01309967,
2,6.596,2,0.4692621,387.9288,-0.2189073,0.4664927,-4.43727,-6.3961,-33.8639,0.01309967,
2,6.606,2,0.4685374,387.9301,-0.2182119,0.46573,-4.43727,-6.3961,-33.8639,0.01309967,
2,6.616,2,0.4666016,387.9148,-0.2192079,0.4697968,-4.43727,-6.3961,-33.8639,0.01309967,
2,6.626,2,0.4691689,387.9203,-0.2177224,0.4640597,-4.44385,-6.3961,-33.8646,0.01380157,
2,6.636,2,0.4674678,387.8991,-0.2188469,0.4681539,-4.44385,-6.3961,-33.8646,0.01380157,
2,6.646,2,0.4675609,387.9336,-0.2185279,0.4673784,-4.44385,-6.3961,-33.8646,0.01380157,
2,6.656,2,0.4702271,387.9393,-0.2148963,0.4570053,-4.44385,-6.3961,-33.8646,0.01380157,
2,6.666,2,0.4700903,387.9453,-0.2132303,0.4535944,-4.44385,-6.3961,-33.8646,0.01380157,
2,6.676,2,0.4701475,387.9093,-0.2145152,0.4562722,-4.44385,-6.3961,-33.8646,0.01380157,
2,6.686,2,0.4752782,387.8589,-0.2183606,0.4594374,-4.44385,-6.3961,-33.8646,0.01380157,
2,6.696,2,0.4786296,387.8272,-0.2219135,0.4636436,-4.44385,-6.3961,-33.8646,0.01380157,
2,6.706,2,0.4824756,387.8317,-0.2205128,0.4570444,-4.44385,-6.3961,-33.8646,0.01380157,
2,6.716,2,0.483098,387.825,-0.2218884,0.459303,-4.44385,-6.3961,-33.8646,0.01380157,
2,6.726,2,0.4835488,387.8282,-0.2225907,0.4603274,-4.44385,-6.3961,-33.8646,0.01380157,
2,6.736,2,0.4845796,387.8085,-0.2215985,0.4573005,-4.44385,-6.3961,-33.8646,0.01380157,
2,6.746,2,0.4840357,387.8201,-0.2239835,0.4627418,-4.44385,-6.3961,-33.8646,0.01380157,
2,6.756,2,0.4838597,387.7726,-0.2237616,0.4624515,-4.44385,-6.3961,-33.8646,0.01380157,
2,6.766,2,0.4837614,387.8232,-0.2243908,0.4638461,-4.44385,-6.3961,-33.8646,0.01380157,
2,6.776,2,0.4823209,387.8177,-0.226146,0.4688704,-4.44385,-6.3961,-33.8646,0.01380157,
2,6.786,2,0.4834675,387.8228,-0.2264956,0.4684815,-4.44385,-6.3961,-33.8646,0.01380157,
2,6.796,2,0.4828365,387.8005,-0.2257329,0.4675142,-4.44385,-6.3961,-33.8646,0.01380157,
2,6.806,2,0.4834244,387.8044,-0.2230621,0.4614209,-4.44385,-6.3961,-33.8646,0.01380157,
2,6.816,2,0.4809685,387.8048,-0.222858,0.4633527,-4.44385,-6.3961,-33.8646,0.01380157,
2,6.826,2,0.4823389,387.8077,-0.2227026,0.461714,-4.44385,-6.3961,-33.8646,0.01380157,
2,6.836,2,0.4820762,387.8131,-0.2228387,0.4622478,-4.45043,-6.3961,-33.8654,0.01459885,
2,6.846,2,0.4821901,387.8124,-0.2236008,0.4637193,-4.45043,-6.3961,-33.8654,0.01459885,
2,6.856,2,0.4826379,387.7935,-0.2213833,0.4586944,-4.45043,-6.3961,-33.8654,0.01459885,
2,6.866,2,0.484862,387.7921,-0.2222415,0.4583604,-4.45043,-6.3961,-33.8654,0.01459885,
2,6.876,2,0.4846319,387.797,-0.224764,0.463783,-4.45043,-6.3961,-33.8654,0.01459885,
2,6.886,2,0.4830979,387.7758,-0.2264104,0.4686635,-4.45043,-6.3961,-33.8654,0.01459885,
2,6.896,2,0.484926,387.797,-0.2265171,0.4671169,-4.45043,-6.3961,-33.8654,0.01459885,
2,6.906,2,0.4915162,387.7668,-0.226631,0.4610856,-4.45043,-6.3961,-33.8654,0.01459885,
2,6.916,2,0.4909993,387.7226,-0.229833,0.4680923,-4.45043,-6.3961,-33.8654,0.01459885,
2,6.926,2,0.4952899,387.7268,-0.2320025,0.4684176,-4.45043,-6.3961,-33.8654,0.01459885,
2,6.936,2,0.4970863,387.7306,-0.2303305,0.4633612,-4.45043,-6.3961,-33.8654,0.01459885,
2,6.946,2,0.4983163,387.7117,-0.2313767,0.464317,-4.45043,-6.3961,-33.8654,0.01459885,
2,6.956,2,0.4973996,387.7238,-0.2299209,0.4622459,-4.45043,-6.3961,-33.8654,0.01459885,
2,6.966,2,0.4978886,387.7052,-0.2322688,0.4665076,-4.45043,-6.3961,-33.8654,0.01459885,
2,6.976,2,0.5004841,387.698,-0.2312073,0.4619674,-4.45043,-6.3961,-33.8654,0.01459885,
2,6.986,2,0.4981353,387.686,-0.232519,0.4667789,-4.45043,-6.3961,-33.8654,0.01459885,
2,6.996,2,0.498526,387.6876,-0.2333642,0.4681084,-4.45043,-6.3961,-33.8654,0.01459885,
2,7.006,2,0.50002,387.6886,-0.2324415,0.4648644,-4.45043,-6.3961,-33.8654,0.01459885,
2,7.016,2,0.4983564,387.698,-0.2305185,0.4625576,-4.45808,-6.3961,-33.8661,0.01530075,
2,7.026,2,0.496705,387.689,-0.2312997,0.4656681,-4.45808,-6.3961,-33.8661,0.01530075,
2,7.036,2,0.4994012,387.6962,-0.2337625,0.4680856,-4.45808,-6.3961,-33.8661,0.01530075,
2,7.046,2,0.4982602,387.6938,-0.2325058,0.4666353,-4.45808,-6.3961,-33.8661,0.01530075,
2,7.056,2,0.4974261,387.7171,-0.2321448,0.466692,-4.45808,-6.3961,-33.8661,0.01530075,
2,7.066,2,0.4975701,387.6964,-0.2330654,0.4684072,-4.45808,-6.3961,-33.8661,0.01530075,
2,7.076,2,0.4958228,387.6967,-0.2326521,0.4692242,-4.45808,-6.3961,-33.8661,0.01530075,
2,7.086,2,0.5001242,387.6851,-0.230012,0.4599097,-4.45808,-6.3961,-33.8661,0.01530075,
2,7.096,2,0.5032545,387.6559,-0.2322349,0.4614661,-4.45808,-6.3961,-33.8661,0.01530075,
2,7.106,2,0.5064588,387.636,-0.2351855,0.4643724,-4.45808,-6.3961,-33.8661,0.01530075,
2,7.116,2,0.5100823,387.6276,-0.2353942,0.4614827,-4.45808,-6.3961,-33.8661,0.01530075,
2,7.126,2,0.5105498,387.6236,-0.2376162,0.4654124,-4.45808,-6.3961,-33.8661,0.01530075,
2,7.136,2,0.5102573,387.607,-0.2380232,0.4664767,-4.45808,-6.3961,-33.8661,0.01530075,
2,7.146,2,0.5141384,387.5822,-0.2369564,0.4608805,-4.45808,-6.3961,-33.8661,0.01530075,
2,7.156,2,0.5123889,387.5816,-0.2359153,0.4604223,-4.45808,-6.3961,-33.8661,0.01530075,
2,7.166,2,0.5128559,387.5237,-0.2386142,0.4652655,-4.45808,-6.3961,-33.8661,0.01530075,
2,7.176,2,0.512351,387.5981,-0.239477,0.467408,-4.45808,-6.3961,-33.8661,0.01530075,
2,7.186,2,0.5127245,387.5894,-0.2381136,0.4644086,-4.45808,-6.3961,-33.8661,0.01530075,
2,7.196,2,0.5129212,387.5714,-0.2347485,0.4576696,-4.46462,-6.3961,-33.8668,0.01599884,
2,7.206,2,0.5133353,387.5851,-0.2313753,0.4507293,-4.46462,-6.3961,-33.8668,0.01599884,
2,7.216,2,0.5128975,387.5797,-0.2342765,0.4567707,-4.46462,-6.3961,-33.8668,0.01599884,
2,7.226,2,0.5148694,387.5914,-0.2324403,0.4514549,-4.46462,-6.3961,-33.8668,0.01599884,
2,7.236,2,0.5137365,387.5959,-0.2317592,0.4511246,-4.46462,-6.3961,-33.8668,0.01599884,
2,7.246,2,0.5118496,387.602,-0.2330732,0.4553549,-4.46462,-6.3961,-33.8668,0.01599884,
2,7.256,2,0.5131939,387.5874,-0.233243,0.4544929,-4.46462,-6.3961,-33.8668,0.01599884,
2,7.266,2,0.5124249,387.5779,-0.2327889,0.4542888,-4.46462,-6.3961,-33.8668,0.01599884,
2,7.276,2,0.5111489,387.5758,-0.2333234,0.4564684,-4.46462,-6.3961,-33.8668,0.01599884,
2,7.286,2,0.5212115,387.5614,-0.2345232,0.4499578,-4.46462,-6.3961,-33.8668,0.01599884,
2,7.296,2,0.519926,387.5216,-0.2362337,0.4543602,-4.46462,-6.3961,-33.8668,0.01599884,
2,7.306,2,0.5202949,387.4941,-0.2373697,0.4562216,-4.46462,-6.3961,-33.8668,0.01599884,
2,7.316,2,0.5268842,387.4964,-0.2382955,0.452273,-4.46462,-6.3961,-33.8668,0.01599884,
2,7.326,2,0.5262497,387.4955,-0.2364993,0.4494052,-4.46462,-6.3961,-33.8668,0.01599884,
2,7.336,2,0.5256352,387.5199,-0.2393963,0.455442,-4.46462,-6.3961,-33.8668,0.01599884,
2,7.346,2,0.5273455,387.5084,-0.2387402,0.4527207,-4.46462,-6.3961,-33.8668,0.01599884,
2,7.356,2,0.5268636,387.496,-0.2381093,0.4519373,-4.46462,-6.3961,-33.8668,0.01599884,
2,7.366,2,0.5256277,387.4957,-0.240145,0.4568728,-4.46462,-6.3961,-33.8668,0.01599884,
2,7.376,2,0.5268779,387.4872,-0.241937,0.4591898,-4.46462,-6.3961,-33.8668,0.01599884,
2,7.386,2,0.5265442,387.4804,-0.2402121,0.4562051,-4.46462,-6.3961,-33.8668,0.01599884,
2,7.396,2,0.5265571,387.4706,-0.2398447,0.4554962,-4.46462,-6.3961,-33.8668,0.01599884,
2,7.406,2,0.5272076,387.4915,-0.2394727,0.4542286,-4.46462,-6.3961,-33.8668,0.01599884,
2,7.416,2,0.5266484,387.4763,-0.2392845,0.4543533,-4.46462,-6.3961,-33.8668,0.01599884,
2,7.426,2,0.5273851,387.4959,-0.2399578,0.4549955,-4.4712,-6.3961,-33.8674,0.01660156,
2,7.436,2,0.5269985,387.4873,-0.2411184,0.4575314,-4.4712,-6.3961,-33.8674,0.01660156,
2,7.446,2,0.5261052,387.4741,-0.2409982,0.4580799,-4.4712,-6.3961,-33.8674,0.01660156,
2,7.456,2,0.5268035,387.4593,-0.2402449,0.4560426,-4.4712,-6.3961,-33.8674,0.01660156,
2,7.466,2,0.5278931,387.4736,-0.2388326,0.4524261,-4.4712,-6.3961,-33.8674,0.01660156,
2,7.476,2,0.5261784,387.4731,-0.2405397,0.4571447,-4.4712,-6.3961,-33.8674,0.01660156,
2,7.486,2,0.5280597,387.4757,-0.2403797,0.4552131,-4.4712,-6.3961,-33.8674,0.01660156,
2,7.496,2,0.5354096,387.4504,-0.2415427,0.4511363,-4.4712,-6.3961,-33.8674,0.01660156,
2,7.506,2,0.5350341,387.4103,-0.2440937,0.4562208,-4.4712,-6.3961,-33.8674,0.01660156,
2,7.516,2,0.539075,387.354,-0.2453685,0.4551657,-4.4712,-6.3961,-33.8674,0.01660156,
2,7.526,2,0.5419518,387.3985,-0.2453433,0.4527033,-4.4712,-6.3961,-33.8674,0.01660156,
2,7.536,2,0.5405754,387.3939,-0.2468688,0.4566778,-4.4712,-6.3961,-33.8674,0.01660156,
2,7.546,2,0.5430354,387.4077,-0.2450613,0.4512804,-4.4712,-6.3961,-33.8674,0.01660156,
2,7.556,2,0.5388131,387.3686,-0.2447834,0.4543012,-4.4712,-6.3961,-33.8674,0.01660156,
2,7.566,2,0.5417382,387.3774,-0.2461352,0.4543435,-4.4712,-6.3961,-33.8674,0.01660156,
2,7.576,2,0.5396096,387.3714,-0.2461713,0.4562027,-4.4712,-6.3961,-33.8674,0.01660156,
2,7.586,2,0.5413411,387.3669,-0.2463861,0.4551403,-4.4712,-6.3961,-33.8674,0.01660156,
2,7.596,2,0.5419801,387.3872,-0.2455279,0.45302,-4.4712,-6.3961,-33.8674,0.01660156,
2,7.606,2,0.5399901,387.3524,-0.2472869,0.4579472,-4.4712,-6.3961,-33.8674,0.01660156,
2,7.616,2,0.5409255,387.3714,-0.2468599,0.4563659,-4.4712,-6.3961,-33.8674,0.01660156,
2,7.626,2,0.54083,387.3802,-0.2458982,0.4546682,-4.4783,-6.3961,-33.8681,0.01729965,
2,7.636,2,0.5394495,387.3495,-0.2473604,0.4585423,-4.4783,-6.3961,-33.8681,0.01729965,
2,7.646,2,0.5393435,387.3698,-0.2479627,0.4597492,-4.4783,-6.3961,-33.8681,0.01729965,
2,7.656,2,0.5404281,387.3652,-0.2485732,0.4599561,-4.4783,-6.3961,-33.8681,0.01729965,
2,7.666,2,0.541886,387.3647,-0.2476043,0.4569307,-4.4783,-6.3961,-33.8681,0.01729965,
2,7.676,2,0.5408922,387.3553,-0.2464322,0.4556032,-4.4783,-6.3961,-33.8681,0.01729965,
2,7.686,2,0.5407657,387.3502,-0.2478346,0.4583032,-4.4783,-6.3961,-33.8681,0.01729965,
2,7.696,2,0.5406778,387.3537,-0.2478977,0.4584944,-4.4783,-6.3961,-33.8681,0.01729965,
2,7.706,2,0.5480437,387.3308,-0.2495262,0.4553035,-4.4783,-6.3961,-33.8681,0.01729965,
2,7.716,2,0.5470856,387.3011,-0.2496515,0.4563299,-4.4783,-6.3961,-33.8681,0.01729965,
2,7.726,2,0.5494457,387.2913,-0.2521553,0.4589267,-4.4783,-6.3961,-33.8681,0.01729965,
2,7.736,2,0.5549659,387.2712,-0.2511606,0.4525694,-4.4783,-6.3961,-33.8681,0.01729965,
2,7.746,2,0.5551027,387.3178,-0.252939,0.4556615,-4.4783,-6.3961,-33.8681,0.01729965,
2,7.756,2,0.5512016,387.2981,-0.2534851,0.4598772,-4.4783,-6.3961,-33.8681,0.01729965,
2,7.766,2,0.5542084,387.2697,-0.2528047,0.4561545,-4.4783,-6.3961,-33.8681,0.01729965,
2,7.776,2,0.551596,387.2682,-0.253095,0.4588413,-4.4783,-6.3961,-33.8681,0.01729965,
2,7.786,2,0.5530874,387.2625,-0.2533074,0.4579881,-4.4783,-6.3961,-33.8681,0.01729965,
2,7.796,2,0.5532299,387.2602,-0.254237,0.4595504,-4.4783,-6.3961,-33.8681,0.01729965,
2,7.806,2,0.5542603,387.2365,-0.2549713,0.4600209,-4.4783,-6.3961,-33.8681,0.01729965,
2,7.816,2,0.5533187,387.2714,-0.2551773,0.461176,-4.48542,-6.3961,-33.8688,0.01800156,
2,7.826,2,0.5535139,387.2707,-0.2536372,0.458231,-4.48542,-6.3961,-33.8688,0.01800156,
2,7.836,2,0.5551563,387.2647,-0.2529812,0.4556937,-4.48542,-6.3961,-33.8688,0.01800156,
2,7.846,2,0.5554393,387.2596,-0.2538807,0.457081,-4.48542,-6.3961,-33.8688,0.01800156,
2,7.856,2,0.5533797,387.2538,-0.251617,0.4546915,-4.48542,-6.3961,-33.8688,0.01800156,
2,7.866,2,0.5559337,387.2506,-0.2528234,0.4547725,-4.48542,-6.3961,-33.8688,0.01800156,
2,7.876,2,0.5549812,387.2543,-0.2524975,0.4549659,-4.48542,-6.3961,-33.8688,0.01800156,
2,7.886,2,0.5537732,387.256,-0.2540635,0.4587862,-4.48542,-6.3961,-33.8688,0.01800156,
2,7.896,2,0.561617,387.2253,-0.2549487,0.4539548,-4.48542,-6.3961,-33.8688,0.01800156,
2,7.906,2,0.5631838,387.1945,-0.2576008,0.457401,-4.48542,-6.3961,-33.8688,0.01800156,
2,7.916,2,0.564822,387.1669,-0.2588727,0.4583263,-4.48542,-6.3961,-33.8688,0.01800156,
2,7.926,2,0.5700221,387.1395,-0.2581259,0.4528348,-4.48542,-6.3961,-33.8688,0.01800156,
2,7.936,2,0.5665779,387.1745,-0.2572358,0.4540167,-4.48542,-6.3961,-33.8688,0.01800156,
2,7.946,2,0.5655174,387.1796,-0.2589987,0.4579853,-4.48542,-6.3961,-33.8688,0.01800156,
2,7.956,2,0.5664111,387.1727,-0.261387,0.4614792,-4.48542,-6.3961,-33.8688,0.01800156,
2,7.966,2,0.5680066,387.1529,-0.2590824,0.4561258,-4.48542,-6.3961,-33.8688,0.01800156,
2,7.976,2,0.570138,387.1499,-0.2597794,0.4556431,-4.48542,-6.3961,-33.8688,0.01800156,
2,7.986,2,0.5690295,387.1466,-0.2593945,0.4558541,-4.48542,-6.3961,-33.8688,0.01800156,
2,7.996,2,0.5677556,387.1497,-0.2592596,0.4566394,-4.48542,-6.3961,-33.8688,0.01800156,
2,8.006,2,0.5679794,387.1511,-0.260064,0.4578757,-4.48542,-6.3961,-33.8688,0.01800156,
2,8.016,2,0.5653827,387.1578,-0.261331,0.4622197,-4.48542,-6.3961,-33.8688,0.01800156,
2,8.026,2,0.5679251,387.1469,-0.2585941,0.4553313,-4.48542,-6.3961,-33.8688,0.01800156,
2,8.036,2,0.5689347,387.1341,-0.2602655,0.4574612,-4.49197,-6.3961,-33.8695,0.01869965,
2,8.046,2,0.5696426,387.1514,-0.2606061,0.4574906,-4.49197,-6.3961,-33.8695,0.01869965,
2,8.056,2,0.5695094,387.1436,-0.2614808,0.4591334,-4.49197,-6.3961,-33.8695,0.01869965,
2,8.066,2,0.5663924,387.149,-0.2631119,0.4645401,-4.49197,-6.3961,-33.8695,0.01869965,
2,8.076,2,0.5662538,387.1384,-0.2628038,0.4641096,-4.49197,-6.3961,-33.8695,0.01869965,
2,8.086,2,0.5670726,387.1447,-0.2609861,0.460234,-4.49197,-6.3961,-33.8695,0.01869965,
2,8.096,2,0.5673285,387.1557,-0.2626637,0.4629835,-4.49197,-6.3961,-33.8695,0.01869965,
2,8.106,2,0.5685702,387.1531,-0.2610283,0.459096,-4.49197,-6.3961,-33.8695,0.01869965,
2,8.116,2,0.5731262,387.1418,-0.2610665,0.4555131,-4.49197,-6.3961,-33.8695,0.01869965,
2,8.126,2,0.5749872,387.1061,-0.2631263,0.4576212,-4.49197,-6.3961,-33.8695,0.01869965,
2,8.136,2,0.5780602,387.0612,-0.2659848,0.4601334,-4.49197,-6.3961,-33.8695,0.01869965,
2,8.146,2,0.5821544,387.0652,-0.2648472,0.4549432,-4.49197,-6.3961,-33.8695,0.01869965,
2,8.156,2,0.580264,387.0461,-0.2671861,0.4604561,-4.49197,-6.3961,-33.8695,0.01869965,
2,8.166,2,0.5799407,387.0493,-0.2664259,0.4594019,-4.49197,-6.3961,-33.8695,0.01869965,
2,8.176,2,0.578732,387.0549,-0.2670808,0.461493,-4.49197,-6.3961,-33.8695,0.01869965,
2,8.186,2,0.5816629,387.0568,-0.2665978,0.4583373,-4.49197,-6.3961,-33.8695,0.01869965,
2,8.196,2,0.5814318,387.0423,-0.2680108,0.4609496,-4.49197,-6.3961,-33.8695,0.01869965,
2,8.206,2,0.5797718,387.0418,-0.2684447,0.4630179,-4.49197,-6.3961,-33.8695,0.01869965,
2,8.216,2,0.5823786,387.0458,-0.2675133,0.459346,-4.49197,-6.3961,-33.8695,0.01869965,
2,8.226,2,0.5799755,387.0726,-0.267252,0.4607988,-4.49197,-6.3961,-33.8695,0.01869965,
2,8.236,2,0.5807726,387.0496,-0.2669665,0.4596747,-4.49915,-6.3961,-33.8702,0.01940155,
2,8.246,2,0.5797936,387.0555,-0.2689474,0.4638675,-4.49915,-6.3961,-33.8702,0.01940155,
2,8.256,2,0.5811268,387.0365,-0.2685831,0.4621763,-4.49915,-6.3961,-33.8702,0.01940155,
2,8.266,2,0.5808786,387.0367,-0.2685323,0.4622865,-4.49915,-6.3961,-33.8702,0.01940155,
2,8.276,2,0.5811281,387.0422,-0.2700479,0.464696,-4.49915,-6.3961,-33.8702,0.01940155,
2,8.286,2,0.5795398,387.0389,-0.267872,0.4622151,-4.49915,-6.3961,-33.8702,0.01940155,
2,8.296,2,0.5822843,387.037,-0.2680737,0.4603829,-4.49915,-6.3961,-33.8702,0.01940155,
2,8.306,2,0.5816724,387.0421,-0.2700142,0.4642033,-4.49915,-6.3961,-33.8702,0.01940155,
2,8.316,2,0.5871569,386.9992,-0.2700956,0.4600058,-4.49915,-6.3961,-33.8702,0.01940155,
2,8.326,2,0.5901516,386.9684,-0.2714003,0.4598823,-4.49915,-6.3961,-33.8702,0.01940155,
2,8.336,2,0.5910948,386.867,-0.2742794,0.4640193,-4.49915,-6.3961,-33.8702,0.01940155,
2,8.346,2,0.5948645,386.936,-0.2744868,0.4614274,-4.49915,-6.3961,-33.8702,0.01940155,
2,8.356,2,0.5940358,387.0048,-0.2740587,0.4613504,-4.49915,-6.3961,-33.8702,0.01940155,
2,8.366,2,0.5981586,386.9355,-0.2752029,0.4600835,-4.49915,-6.3961,-33.8702,0.01940155,
2,8.376,2,0.596285,386.9391,-0.273266,0.4582809,-4.49915,-6.3961,-33.8702,0.01940155,
2,8.386,2,0.5941888,386.9415,-0.2748356,0.4625391,-4.49915,-6.3961,-33.8702,0.01940155,
2,8.396,2,0.5978835,386.9512,-0.2768924,0.463121,-4.49915,-6.3961,-33.8702,0.01940155,
2,8.406,2,0.5936913,386.9501,-0.2745315,0.4624145,-4.49915,-6.3961,-33.8702,0.01940155,
2,8.416,2,0.5931057,386.9539,-0.2752148,0.4640233,-4.49915,-6.3961,-33.8702,0.01940155,
2,8.426,2,0.594829,386.9461,-0.2758326,0.4637175,-4.49915,-6.3961,-33.8702,0.01940155,
2,8.436,2,0.5959398,386.9438,-0.2751068,0.4616351,-4.50567,-6.3961,-33.8708,0.02000046,
2,8.446,2,0.5923702,386.9414,-0.2751757,0.4645333,-4.50567,-6.3961,-33.8708,0.02000046,
2,8.456,2,0.5938182,386.9331,-0.2755506,0.4640318,-4.50567,-6.3961,-33.8708,0.02000046,
2,8.466,2,0.5974348,386.9291,-0.2762679,0.4624235,-4.50567,-6.3961,-33.8708,0.02000046,
2,8.476,2,0.5922314,386.9206,-0.2747624,0.4639443,-4.50567,-6.3961,-33.8708,0.02000046,
2,8.486,2,0.5924161,386.9243,-0.2755623,0.46515,-4.50567,-6.3961,-33.8708,0.02000046,
2,8.496,2,0.6009796,386.9266,-0.2764549,0.460007,-4.50567,-6.3961,-33.8708,0.02000046,
2,8.506,2,0.6015006,386.9271,-0.2769575,0.4604442,-4.50567,-6.3961,-33.8708,0.02000046,
2,8.516,2,0.6000158,386.8795,-0.2777597,0.4629207,-4.50567,-6.3961,-33.8708,0.02000046,
2,8.526,2,0.6083299,386.8578,-0.2782533,0.4574053,-4.50567,-6.3961,-33.8708,0.02000046,
2,8.536,2,0.6072909,386.8531,-0.2809917,0.462697,-4.50567,-6.3961,-33.8708,0.02000046,
2,8.546,2,0.6041605,386.8451,-0.2812085,0.4654533,-4.50567,-6.3961,-33.8708,0.02000046,
2,8.556,2,0.6088476,386.8426,-0.2808675,0.4613101,-4.50567,-6.3961,-33.8708,0.02000046,
2,8.566,2,0.609103,386.8388,-0.2812892,0.4618089,-4.50567,-6.3961,-33.8708,0.02000046,
2,8.576,2,0.6065628,386.8348,-0.2803765,0.4622383,-4.50567,-6.3961,-33.8708,0.02000046,
2,8.586,2,0.6098726,386.8388,-0.2810949,0.4609075,-4.50567,-6.3961,-33.8708,0.02000046,
2,8.596,2,0.6067604,386.8468,-0.2829117,0.466266,-4.50567,-6.3961,-33.8708,0.02000046,
2,8.606,2,0.6080351,386.8319,-0.2832653,0.4658699,-4.50567,-6.3961,-33.8708,0.02000046,
2,8.616,2,0.6087167,386.8347,-0.2829726,0.4648674,-4.50567,-6.3961,-33.8708,0.02000046,
2,8.626,2,0.6064957,386.8088,-0.2834767,0.4674009,-4.50567,-6.3961,-33.8708,0.02000046,
2,8.636,2,0.6058869,386.8307,-0.2820734,0.4655546,-4.51225,-6.3961,-33.8715,0.02069855,
2,8.646,2,0.606523,386.851,-0.2832351,0.4669816,-4.51225,-6.3961,-33.8715,0.02069855,
2,8.656,2,0.604475,386.8126,-0.2855168,0.4723384,-4.51225,-6.3961,-33.8715,0.02069855,
2,8.666,2,0.6071466,386.8274,-0.2837314,0.4673195,-4.51225,-6.3961,-33.8715,0.02069855,
2,8.676,2,0.6067183,386.8181,-0.2841596,0.4683551,-4.51225,-6.3961,-33.8715,0.02069855,
2,8.686,2,0.6065066,386.7772,-0.2850047,0.4699119,-4.51225,-6.3961,-33.8715,0.02069855,
2,8.696,2,0.6089314,386.8241,-0.2829227,0.4646216,-4.51225,-6.3961,-33.8715,0.02069855,
2,8.706,2,0.6090817,386.8246,-0.2840595,0.4663734,-4.51225,-6.3961,-33.8715,0.02069855,
2,8.716,2,0.6137035,386.812,-0.2868088,0.4673409,-4.51225,-6.3961,-33.8715,0.02069855,
2,8.726,2,0.6180995,386.7562,-0.2848618,0.4608672,-4.51225,-6.3961,-33.8715,0.02069855,
2,8.736,2,0.6194638,386.7462,-0.2873735,0.4639069,-4.51225,-6.3961,-33.8715,0.02069855,
2,8.746,2,0.6197569,386.7564,-0.2885182,0.4655345,-4.51225,-6.3961,-33.8715,0.02069855,
2,8.756,2,0.6213184,386.7423,-0.2865283,0.4611617,-4.51225,-6.3961,-33.8715,0.02069855,
2,8.766,2,0.6206731,386.7276,-0.2886571,0.4650711,-4.51225,-6.3961,-33.8715,0.02069855,
2,8.776,2,0.6204377,386.7161,-0.2885665,0.4651015,-4.51225,-6.3961,-33.8715,0.02069855,
2,8.786,2,0.6184508,386.7351,-0.2885466,0.4665635,-4.51225,-6.3961,-33.8715,0.02069855,
2,8.796,2,0.6183307,386.7421,-0.2899159,0.4688687,-4.51225,-6.3961,-33.8715,0.02069855,
2,8.806,2,0.6227781,386.7092,-0.290237,0.466036,-4.51225,-6.3961,-33.8715,0.02069855,
2,8.816,2,0.6201619,386.7478,-0.2905095,0.4684414,-4.51225,-6.3961,-33.8715,0.02069855,
2,8.826,2,0.6191867,386.7328,-0.2888334,0.4664722,-4.51883,-6.3961,-33.8722,0.02140045,
2,8.836,2,0.6188583,386.7355,-0.2891531,0.4672363,-4.51883,-6.3961,-33.8722,0.02140045,
2,8.846,2,0.6220755,386.7152,-0.2884937,0.4637599,-4.51883,-6.3961,-33.8722,0.02140045,
2,8.856,2,0.6203663,386.7063,-0.2900546,0.4675537,-4.51883,-6.3961,-33.8722,0.02140045,
2,8.866,2,0.6215101,386.7101,-0.2887191,0.4645444,-4.51883,-6.3961,-33.8722,0.02140045,
2,8.876,2,0.6210545,386.7247,-0.2884602,0.4644684,-4.51883,-6.3961,-33.8722,0.02140045,
2,8.886,2,0.6253728,386.722,-0.2901467,0.463958,-4.51883,-6.3961,-33.8722,0.02140045,
2,8.896,2,0.6283311,386.6801,-0.292061,0.4648202,-4.51883,-6.3961,-33.8722,0.02140045,
2,8.906,2,0.6285618,386.6544,-0.2935131,0.4669598,-4.51883,-6.3961,-33.8722,0.02140045,
2,8.916,2,0.634324,386.6889,-0.2936876,0.4629931,-4.51883,-6.3961,-33.8722,0.02140045,
2,8.926,2,0.6325729,386.664,-0.2949785,0.4663154,-4.51883,-6.3961,-33.8722,0.02140045,
2,8.936,2,0.6333393,386.642,-0.2944776,0.4649603,-4.51883,-6.3961,-33.8722,0.02140045,
2,8.946,2,0.6352908,386.6416,-0.2949679,0.4643037,-4.51883,-6.3961,-33.8722,0.02140045,
2,8.956,2,0.6338392,386.6422,-0.29737,0.4691569,-4.51883,-6.3961,-33.8722,0.02140045,
2,8.966,2,0.6345785,386.6307,-0.2950978,0.4650297,-4.51883,-6.3961,-33.8722,0.02140045,
2,8.976,2,0.6346793,386.5974,-0.2962627,0.4667912,-4.51883,-6.3961,-33.8722,0.02140045,
2,8.986,2,0.6340345,386.6262,-0.2953777,0.46587,-4.51883,-6.3961,-33.8722,0.02140045,
2,8.996,2,0.6310619,386.627,-0.296219,0.4693977,-4.51883,-6.3961,-33.8722,0.02140045,
2,9.006,2,0.63546,386.6358,-0.2951879,0.4645264,-4.51883,-6.3961,-33.8722,0.02140045,
2,9.016,2,0.6336817,386.627,-0.2968587,0.4684666,-4.51883,-6.3961,-33.8722,0.02140045,
2,9.026,2,0.6321685,386.627,-0.2956645,0.4676988,-4.51883,-6.3961,-33.8722,0.02140045,
2,9.036,2,0.6353489,386.6172,-0.2960493,0.4659633,-4.51883,-6.3961,-33.8722,0.02140045,
2,9.046,2,0.6332514,386.6232,-0.2969295,0.4688967,-4.52593,-6.3961,-33.8729,0.02209854,
2,9.056,2,0.6350108,386.6208,-0.2972966,0.4681756,-4.52593,-6.3961,-33.8729,0.02209854,
2,9.066,2,0.6332256,386.6255,-0.2972367,0.469401,-4.52593,-6.3961,-33.8729,0.02209854,
2,9.076,2,0.6345115,386.6097,-0.2973784,0.468673,-4.52593,-6.3961,-33.8729,0.02209854,
2,9.086,2,0.6354616,386.6054,-0.2970153,0.4674009,-4.52593,-6.3961,-33.8729,0.02209854,
2,9.096,2,0.6344175,386.5942,-0.2975777,0.4690567,-4.52593,-6.3961,-33.8729,0.02209854,
2,9.106,2,0.633388,386.6182,-0.2974976,0.4696925,-4.52593,-6.3961,-33.8729,0.02209854,
2,9.116,2,0.6356527,386.6276,-0.2963033,0.4661403,-4.52593,-6.3961,-33.8729,0.02209854,
2,9.126,2,0.6376659,386.6192,-0.2981348,0.4675407,-4.52593,-6.3961,-33.8729,0.02209854,
2,9.136,2,0.6402949,386.569,-0.3018616,0.4714414,-4.52593,-6.3961,-33.8729,0.02209854,
2,9.146,2,0.6453173,386.5375,-0.3005214,0.4656956,-4.52593,-6.3961,-33.8729,0.02209854,
2,9.156,2,0.6456423,386.5352,-0.3007558,0.4658242,-4.52593,-6.3961,-33.8729,0.02209854,
2,9.166,2,0.647547,386.5434,-0.3013998,0.4654486,-4.52593,-6.3961,-33.8729,0.02209854,
2,9.176,2,0.6445431,386.5321,-0.3017886,0.468221,-4.52593,-6.3961,-33.8729,0.02209854,
2,9.186,2,0.6479648,386.5221,-0.3025494,0.4669226,-4.52593,-6.3961,-33.8729,0.02209854,
2,9.196,2,0.6471828,386.5152,-0.30269,0.4677041,-4.52593,-6.3961,-33.8729,0.02209854,
2,9.206,2,0.6467809,386.5067,-0.3027852,0.4681419,-4.52593,-6.3961,-33.8729,0.02209854,
2,9.216,2,0.6463731,386.5294,-0.3036546,0.4697822,-4.52593,-6.3961,-33.8729,0.02209854,
2,9.226,2,0.6466864,386.5259,-0.3028237,0.4682697,-4.52593,-6.3961,-33.8729,0.02209854,
2,9.236,2,0.647437,386.5199,-0.3045697,0.4704237,-4.52593,-6.3961,-33.8729,0.02209854,
2,9.246,2,0.6473463,386.5128,-0.3037073,0.4691575,-4.52593,-6.3961,-33.8729,0.02209854,
2,9.256,2,0.6475011,386.5122,-0.3028058,0.467653,-4.53412,-6.3961,-33.8736,0.02280045,
2,9.266,2,0.645393,386.5261,-0.3040835,0.4711602,-4.53412,-6.3961,-33.8736,0.02280045,
2,9.276,2,0.6453007,386.5311,-0.3045972,0.4720237,-4.53412,-6.3961,-33.8736,0.02280045,
2,9.286,2,0.6488249,386.5172,-0.3050424,0.470146,-4.53412,-6.3961,-33.8736,0.02280045,
2,9.296,2,0.6477872,386.5236,-0.3040596,0.4693819,-4.53412,-6.3961,-33.8736,0.02280045,
2,9.306,2,0.6452122,386.5149,-0.3049752,0.4726743,-4.53412,-6.3961,-33.8736,0.02280045,
2,9.316,2,0.6463429,386.5225,-0.30296,0.4687296,-4.53412,-6.3961,-33.8736,0.02280045,
2,9.326,2,0.6493243,386.5098,-0.3040238,0.4682157,-4.53412,-6.3961,-33.8736,0.02280045,
2,9.336,2,0.6532392,386.4845,-0.3055577,0.4677578,-4.53412,-6.3961,-33.8736,0.02280045,
2,9.346,2,0.6541824,386.4614,-0.3063887,0.4683536,-4.53412,-6.3961,-33.8736,0.02280045,
2,9.356,2,0.6608905,386.4449,-0.3095299,0.4683527,-4.53412,-6.3961,-33.8736,0.02280045,
2,9.366,2,0.660989,386.4265,-0.3068545,0.4642355,-4.53412,-6.3961,-33.8736,0.02280045,
2,9.376,2,0.6603806,386.4361,-0.310616,0.470359,-4.53412,-6.3961,-33.8736,0.02280045,
2,9.386,2,0.6627798,386.4214,-0.310162,0.4679714,-4.53412,-6.3961,-33.8736,0.02280045,
2,9.396,2,0.661321,386.4388,-0.3094136,0.467872,-4.53412,-6.3961,-33.8736,0.02280045,
2,9.406,2,0.6625349,386.4284,-0.3094404,0.4670553,-4.53412,-6.3961,-33.8736,0.02280045,
2,9.416,2,0.6624951,386.4336,-0.3113301,0.4699358,-4.53412,-6.3961,-33.8736,0.02280045,
2,9.426,2,0.6634107,386.4229,-0.3097363,0.4668846,-4.53412,-6.3961,-33.8736,0.02280045,
2,9.436,2,0.662151,386.4213,-0.3101862,0.4684523,-4.53412,-6.3961,-33.8736,0.02280045,
2,9.446,2,0.6608098,386.4232,-0.3117084,0.4717067,-4.53412,-6.3961,-33.8736,0.02280045,
2,9.456,2,0.6594996,386.424,-0.3088051,0.4682415,-4.53412,-6.3961,-33.8736,0.02280045,
2,9.466,2,0.6622421,386.4143,-0.3113568,0.4701556,-4.53412,-6.3961,-33.8736,0.02280045,
2,9.476,2,0.6577654,386.4148,-0.3117478,0.4739497,-4.53412,-6.3961,-33.8736,0.02280045,
2,9.486,2,0.6607649,386.4054,-0.3104998,0.4699097,-4.53412,-6.3961,-33.8736,0.02280045,
2,9.496,2,0.6650381,386.3932,-0.3116006,0.4685455,-4.54122,-6.3961,-33.8743,0.02349854,
2,9.506,2,0.659552,386.3387,-0.3124872,0.473787,-4.54122,-6.3961,-33.8743,0.02349854,
2,9.516,2,0.6603373,386.4069,-0.3117276,0.4720732,-4.54122,-6.3961,-33.8743,0.02349854,
2,9.526,2,0.662969,386.4087,-0.3118486,0.4703819,-4.54122,-6.3961,-33.8743,0.02349854,
2,9.536,2,0.6606914,386.4051,-0.3128071,0.4734541,-4.54122,-6.3961,-33.8743,0.02349854,
2,9.546,2,0.6618744,386.3733,-0.3119991,0.4713873,-4.54122,-6.3961,-33.8743,0.02349854,
2,9.556,2,0.6581334,386.4212,-0.3131287,0.4757831,-4.54122,-6.3961,-33.8743,0.02349854,
2,9.566,2,0.6617708,386.4246,-0.3116211,0.4708897,-4.54122,-6.3961,-33.8743,0.02349854,
2,9.576,2,0.6689144,386.3894,-0.3132584,0.4683087,-4.54122,-6.3961,-33.8743,0.02349854,
2,9.586,2,0.6650964,386.3614,-0.3156314,0.4745649,-4.54122,-6.3961,-33.8743,0.02349854,
2,9.596,2,0.670621,386.3267,-0.3156641,0.4707041,-4.54122,-6.3961,-33.8743,0.02349854,
2,9.606,2,0.680912,386.3217,-0.3153543,0.4631352,-4.54122,-6.3961,-33.8743,0.02349854,
2,9.616,2,0.6719525,386.3242,-0.3170852,0.4718864,-4.54122,-6.3961,-33.8743,0.02349854,
2,9.626,2,0.6757131,386.3159,-0.3174363,0.4697797,-4.54122,-6.3961,-33.8743,0.02349854,
2,9.636,2,0.6799631,386.3192,-0.3172123,0.4665141,-4.54122,-6.3961,-33.8743,0.02349854,
2,9.646,2,0.6720141,386.3152,-0.3177439,0.4728233,-4.54122,-6.3961,-33.8743,0.02349854,
2,9.656,2,0.6777073,386.3131,-0.3175214,0.4685229,-4.54122,-6.3961,-33.8743,0.02349854,
2,9.666,2,0.6784183,386.3145,-0.3171052,0.4674185,-4.54122,-6.3961,-33.8743,0.02349854,
2,9.676,2,0.6680906,386.3336,-0.3200743,0.4790881,-4.54122,-6.3961,-33.8743,0.02349854,
2,9.686,2,0.675001,386.3252,-0.3173731,0.4701816,-4.54122,-6.3961,-33.8743,0.02349854,
2,9.696,2,0.6798781,386.3189,-0.3170891,0.4663911,-4.54122,-6.3961,-33.8743,0.02349854,
2,9.706,2,0.6720365,386.3126,-0.3223112,0.4796037,-4.54945,-6.3961,-33.875,0.02420044,
2,9.716,2,0.6742742,386.317,-0.3185663,0.472458,-4.54945,-6.3961,-33.875,0.02420044,
2,9.726,2,0.6787261,386.3037,-0.317619,0.4679635,-4.54945,-6.3961,-33.875,0.02420044,
2,9.736,2,0.674715,386.3137,-0.3184274,0.4719435,-4.54945,-6.3961,-33.875,0.02420044,
2,9.746,2,0.6779057,386.3141,-0.3160436,0.4662058,-4.54945,-6.3961,-33.875,0.02420044,
2,9.756,2,0.6794444,386.3105,-0.3150404,0.4636735,-4.54945,-6.3961,-33.875,0.02420044,
2,9.766,2,0.6727279,386.317,-0.3176433,0.472172,-4.54945,-6.3961,-33.875,0.02420044,
2,9.776,2,0.678734,386.2979,-0.3169358,0.4669514,-4.54945,-6.3961,-33.875,0.02420044,
2,9.786,2,0.6821694,386.2831,-0.3190734,0.4677334,-4.54945,-6.3961,-33.875,0.02420044,
2,9.796,2,0.6810051,386.2324,-0.3220755,0.4729415,-4.54945,-6.3961,-33.875,0.02420044,
2,9.806,2,0.6875004,386.2238,-0.3220268,0.4684024,-4.54945,-6.3961,-33.875,0.02420044,
2,9.816,2,0.692627,386.2333,-0.3232945,0.4667657,-4.54945,-6.3961,-33.875,0.02420044,
2,9.826,2,0.6910003,386.2223,-0.3262177,0.4720948,-4.54945,-6.3961,-33.875,0.02420044,
2,9.836,2,0.6894976,386.2166,-0.3250552,0.4714377,-4.54945,-6.3961,-33.875,0.02420044,
2,9.846,2,0.6889226,386.2218,-0.323397,0.4694243,-4.54945,-6.3961,-33.875,0.02420044,
2,9.856,2,0.6924115,386.1788,-0.324311,0.468379,-4.54945,-6.3961,-33.875,0.02420044,
2,9.866,2,0.6886759,386.2241,-0.3230636,0.4691083,-4.54945,-6.3961,-33.875,0.02420044,
2,9.876,2,0.6861529,386.2183,-0.3248829,0.4734846,-4.54945,-6.3961,-33.875,0.02420044,
2,9.886,2,0.6913274,386.2236,-0.3238308,0.4684188,-4.54945,-6.3961,-33.875,0.02420044,
2,9.896,2,0.686606,386.213,-0.3235821,0.4712778,-4.54945,-6.3961,-33.875,0.02420044,
2,9.906,2,0.6883152,386.2107,-0.3228224,0.4690038,-4.54945,-6.3961,-33.875,0.02420044,
2,9.916,2,0.6922986,386.2231,-0.324526,0.4687659,-4.54945,-6.3961,-33.875,0.02420044,
2,9.926,2,0.6853508,386.2084,-0.3236389,0.4722237,-4.54945,-6.3961,-33.875,0.02420044,
2,9.936,2,0.6863351,386.2102,-0.3279777,0.4778682,-4.54945,-6.3961,-33.875,0.02420044,
2,9.946,2,0.6927766,386.1902,-0.3250563,0.4692079,-4.55655,-6.3961,-33.8757,0.02490234,
2,9.956,2,0.6878756,386.2046,-0.3246058,0.4718961,-4.55655,-6.3961,-33.8757,0.02490234,
2,9.966,2,0.6879643,386.2094,-0.3271172,0.4754857,-4.55655,-6.3961,-33.8757,0.02490234,
2,9.976,2,0.6909434,386.1832,-0.3242309,0.4692582,-4.55655,-6.3961,-33.8757,0.02490234,
2,9.986,2,0.6885908,386.2006,-0.3259908,0.4734174,-4.55655,-6.3961,-33.8757,0.02490234,
2,9.996,2,0.6885886,386.2054,-0.3277216,0.4759324,-4.55655,-6.3961,-33.8757,0.02490234,
2,10.006,2,0.6941816,386.1915,-0.3259528,0.4695498,-4.55655,-6.3961,-33.8757,0.02490234,
2,10.016,2,0.6984155,386.1567,-0.3255974,0.4661944,-4.55655,-6.3961,-33.8757,0.02490234,
2,10.026,2,0.7006744,386.1161,-0.3276997,0.4676919,-4.55655,-6.3961,-33.8757,0.02490234,
2,10.036,2,0.7029959,386.1151,-0.3307205,0.4704444,-4.55655,-6.3961,-33.8757,0.02490234,
2,10.046,2,0.7048744,386.1204,-0.3309638,0.4695358,-4.55655,-6.3961,-33.8757,0.02490234,
2,10.056,2,0.7071201,386.1242,-0.3292031,0.4655548,-4.55655,-6.3961,-33.8757,0.02490234,
2,10.066,2,0.7085056,386.1183,-0.3310276,0.4672195,-4.55655,-6.3961,-33.8757,0.02490234,
2,10.076,2,0.7054917,386.1025,-0.330557,0.4685485,-4.55655,-6.3961,-33.8757,0.02490234,
2,10.086,2,0.7058254,386.1742,-0.3308575,0.4687526,-4.55655,-6.3961,-33.8757,0.02490234,
2,10.096,2,0.7060701,386.1277,-0.3328814,0.4714566,-4.55655,-6.3961,-33.8757,0.02490234,
2,10.106,2,0.7051879,386.1151,-0.3304676,0.4686234,-4.55655,-6.3961,-33.8757,0.02490234,
2,10.116,2,0.7056377,386.1068,-0.3302763,0.4680537,-4.55655,-6.3961,-33.8757,0.02490234,
2,10.126,2,0.7056159,386.1052,-0.3315637,0.4698926,-4.55655,-6.3961,-33.8757,0.02490234,
2,10.136,2,0.7025293,386.1024,-0.3318233,0.4723266,-4.55655,-6.3961,-33.8757,0.02490234,
2,10.146,2,0.7058047,386.0692,-0.3301991,0.4678335,-4.55655,-6.3961,-33.8757,0.02490234,
2,10.156,2,0.7058135,386.1102,-0.3305168,0.4682778,-4.55655,-6.3961,-33.8757,0.02490234,
2,10.166,2,0.7050697,386.0991,-0.3305273,0.4687868,-4.56423,-6.3961,-33.8765,0.02569962,
2,10.176,2,0.705856,386.1082,-0.3305085,0.4682378,-4.56423,-6.3961,-33.8765,0.02569962,
2,10.186,2,0.705364,386.0982,-0.3306884,0.4688194,-4.56423,-6.3961,-33.8765,0.02569962,
2,10.196,2,0.7059457,386.0985,-0.3309216,0.4687636,-4.56423,-6.3961,-33.8765,0.02569962,
2,10.206,2,0.7040191,386.0992,-0.331131,0.4703438,-4.56423,-6.3961,-33.8765,0.02569962,
2,10.216,2,0.7035374,386.1,-0.3320158,0.4719234,-4.56423,-6.3961,-33.8765,0.02569962,
2,10.226,2,0.7073125,386.093,-0.3329755,0.4707616,-4.56423,-6.3961,-33.8765,0.02569962,
2,10.236,2,0.7047384,386.0973,-0.3328375,0.4722852,-4.56423,-6.3961,-33.8765,0.02569962,
2,10.246,2,0.711509,386.0623,-0.3335771,0.4688305,-4.56423,-6.3961,-33.8765,0.02569962,
2,10.256,2,0.7143703,386.0399,-0.3339001,0.4674048,-4.56423,-6.3961,-33.8765,0.02569962,
2,10.266,2,0.7152569,385.9906,-0.3362939,0.4701722,-4.56423,-6.3961,-33.8765,0.02569962,
2,10.276,2,0.719314,386.0276,-0.3395652,0.4720681,-4.56423,-6.3961,-33.8765,0.02569962,
2,10.286,2,0.7215448,386.0211,-0.3378583,0.4682429,-4.56423,-6.3961,-33.8765,0.02569962,
2,10.296,2,0.7180297,386.0232,-0.3418553,0.4761018,-4.56423,-6.3961,-33.8765,0.02569962,
2,10.306,2,0.7193714,385.9919,-0.3383237,0.4703045,-4.56423,-6.3961,-33.8765,0.02569962,
2,10.316,2,0.720494,386.007,-0.3397652,0.4715725,-4.56423,-6.3961,-33.8765,0.02569962,
2,10.326,2,0.7195119,386.0082,-0.3370908,0.4684992,-4.56423,-6.3961,-33.8765,0.02569962,
2,10.336,2,0.7206976,386.0231,-0.3364561,0.4668479,-4.56423,-6.3961,-33.8765,0.02569962,
2,10.346,2,0.7196777,386.0057,-0.3379032,0.4695202,-4.56423,-6.3961,-33.8765,0.02569962,
2,10.356,2,0.7183635,386.01,-0.341754,0.4757397,-4.56423,-6.3961,-33.8765,0.02569962,
2,10.366,2,0.718826,385.9953,-0.3376833,0.4697706,-4.56423,-6.3961,-33.8765,0.02569962,
2,10.376,2,0.7181775,385.9832,-0.3392127,0.4723243,-4.56423,-6.3961,-33.8765,0.02569962,
2,10.386,2,0.7202865,386.01,-0.3394898,0.4713261,-4.56423,-6.3961,-33.8765,0.02569962,
2,10.396,2,0.7188634,386.0085,-0.3422266,0.4760662,-4.56423,-6.3961,-33.8765,0.02569962,
2,10.406,2,0.7164569,385.9884,-0.3445471,0.4809042,-4.57242,-6.3961,-33.8772,0.02640152,
2,10.416,2,0.7168752,385.9992,-0.3440423,0.4799193,-4.57242,-6.3961,-33.8772,0.02640152,
2,10.426,2,0.7206622,385.997,-0.3401161,0.4719495,-4.57242,-6.3961,-33.8772,0.02640152,
2,10.436,2,0.719983,386.011,-0.3428927,0.4762512,-4.57242,-6.3961,-33.8772,0.02640152,
2,10.446,2,0.7189317,386.0018,-0.3423729,0.4762245,-4.57242,-6.3961,-33.8772,0.02640152,
2,10.456,2,0.7189746,385.9883,-0.3395748,0.4723044,-4.57242,-6.3961,-33.8772,0.02640152,
2,10.466,2,0.719142,385.995,-0.3431924,0.4772248,-4.57242,-6.3961,-33.8772,0.02640152,
2,10.476,2,0.7176937,385.9989,-0.3410209,0.4751622,-4.57242,-6.3961,-33.8772,0.02640152,
2,10.486,2,0.7234671,385.9774,-0.3442947,0.4758955,-4.57242,-6.3961,-33.8772,0.02640152,
2,10.496,2,0.7271665,385.9311,-0.347938,0.4784846,-4.57242,-6.3961,-33.8772,0.02640152,
2,10.506,2,0.7324121,385.9085,-0.349536,0.4772395,-4.57242,-6.3961,-33.8772,0.02640152,
2,10.516,2,0.7347968,385.9057,-0.3520318,0.4790873,-4.57242,-6.3961,-33.8772,0.02640152,
2,10.526,2,0.7349529,385.9142,-0.3524883,0.4796067,-4.57242,-6.3961,-33.8772,0.02640152,
2,10.536,2,0.7343993,385.904,-0.3505046,0.4772671,-4.57242,-6.3961,-33.8772,0.02640152,
2,10.546,2,0.7331648,385.8937,-0.3515574,0.4795066,-4.57242,-6.3961,-33.8772,0.02640152,
2,10.556,2,0.7357591,385.8943,-0.351921,0.4783101,-4.57242,-6.3961,-33.8772,0.02640152,
2,10.566,2,0.7355617,385.9138,-0.3519758,0.478513,-4.57242,-6.3961,-33.8772,0.02640152,
2,10.576,2,0.7348003,385.916,-0.3509155,0.4775658,-4.57242,-6.3961,-33.8772,0.02640152,
2,10.586,2,0.7350922,385.915,-0.3482812,0.4737925,-4.57242,-6.3961,-33.8772,0.02640152,
2,10.596,2,0.7367385,385.8942,-0.3512379,0.476747,-4.57242,-6.3961,-33.8772,0.02640152,
2,10.606,2,0.7366698,385.9107,-0.3533176,0.4796147,-4.57242,-6.3961,-33.8772,0.02640152,
2,10.616,2,0.7339866,385.9113,-0.3530792,0.4810431,-4.58063,-6.3961,-33.878,0.02719879,
2,10.626,2,0.7339375,385.9007,-0.3532388,0.4812927,-4.58063,-6.3961,-33.878,0.02719879,
2,10.636,2,0.7360642,385.899,-0.3550678,0.482387,-4.58063,-6.3961,-33.878,0.02719879,
2,10.646,2,0.7329617,385.8918,-0.3563855,0.4862266,-4.58063,-6.3961,-33.878,0.02719879,
2,10.656,2,0.7357008,385.8731,-0.3520854,0.4785714,-4.58063,-6.3961,-33.878,0.02719879,
2,10.666,2,0.73607,385.8701,-0.348518,0.4734849,-4.58063,-6.3961,-33.878,0.02719879,
2,10.676,2,0.7356542,385.8116,-0.3530274,0.4798823,-4.58063,-6.3961,-33.878,0.02719879,
2,10.686,2,0.7348487,385.8876,-0.351406,0.4782018,-4.58063,-6.3961,-33.878,0.02719879,
2,10.696,2,0.7392512,385.8687,-0.356797,0.4826466,-4.58063,-6.3961,-33.878,0.02719879,
2,10.706,2,0.7454951,385.8221,-0.3597196,0.4825244,-4.58063,-6.3961,-33.878,0.02719879,
2,10.716,2,0.747279,385.8135,-0.3593972,0.4809411,-4.58063,-6.3961,-33.878,0.02719879,
2,10.726,2,0.7478276,385.8079,-0.3606722,0.4822933,-4.58063,-6.3961,-33.878,0.02719879,
2,10.736,2,0.7507002,385.821,-0.3594145,0.4787724,-4.58063,-6.3961,-33.878,0.02719879,
2,10.746,2,0.7517976,385.8061,-0.3556804,0.4731066,-4.58063,-6.3961,-33.878,0.02719879,
2,10.756,2,0.7481892,385.7973,-0.3608709,0.4823258,-4.58063,-6.3961,-33.878,0.02719879,
2,10.766,2,0.7522212,385.7987,-0.3600216,0.4786113,-4.58063,-6.3961,-33.878,0.02719879,
2,10.776,2,0.7502473,385.7977,-0.3597929,0.4795658,-4.58063,-6.3961,-33.878,0.02719879,
2,10.786,2,0.7490792,385.7856,-0.3609716,0.4818871,-4.58063,-6.3961,-33.878,0.02719879,
2,10.796,2,0.7499506,385.7821,-0.3604568,0.4806406,-4.58063,-6.3961,-33.878,0.02719879,
2,10.806,2,0.7496028,385.7902,-0.3596802,0.4798277,-4.58063,-6.3961,-33.878,0.02719879,
2,10.816,2,0.7483285,385.8214,-0.362842,0.4848699,-4.58063,-6.3961,-33.878,0.02719879,
2,10.826,2,0.7501394,385.7963,-0.3601136,0.4800622,-4.58063,-6.3961,-33.878,0.02719879,
2,10.836,2,0.7476953,385.799,-0.3631453,0.4856863,-4.58063,-6.3961,-33.878,0.02719879,
2,10.846,2,0.7503706,385.8129,-0.361095,0.4812222,-4.58063,-6.3961,-33.878,0.02719879,
2,10.856,2,0.7485489,385.8011,-0.3570471,0.4769857,-4.58775,-6.3961,-33.8787,0.0279007,
2,10.866,2,0.748625,385.7917,-0.356353,0.47601,-4.58775,-6.3961,-33.8787,0.0279007,
2,10.876,2,0.7519701,385.7845,-0.3627204,0.4823601,-4.58775,-6.3961,-33.8787,0.0279007,
2,10.886,2,0.7478931,385.7983,-0.3612892,0.483076,-4.58775,-6.3961,-33.8787,0.0279007,
2,10.896,2,0.7479016,385.7823,-0.3593101,0.4804243,-4.58775,-6.3961,-33.8787,0.0279007,
2,10.906,2,0.7518371,385.7896,-0.3566915,0.4744266,-4.58775,-6.3961,-33.8787,0.0279007,
2,10.916,2,0.7489548,385.7867,-0.3589451,0.4792613,-4.58775,-6.3961,-33.8787,0.0279007,
2,10.926,2,0.7501067,385.7919,-0.3613966,0.4817936,-4.58775,-6.3961,-33.8787,0.0279007,
2,10.936,2,0.7556218,385.7688,-0.3598194,0.4761899,-4.58775,-6.3961,-33.8787,0.0279007,
2,10.946,2,0.758213,385.7257,-0.3635041,0.4794221,-4.58775,-6.3961,-33.8787,0.0279007,
2,10.956,2,0.7604249,385.6984,-0.362235,0.4763587,-4.58775,-6.3961,-33.8787,0.0279007,
2,10.966,2,0.7659389,385.6729,-0.3648157,0.4762987,-4.58775,-6.3961,-33.8787,0.0279007,
2,10.976,2,0.7648163,385.701,-0.3644407,0.4765075,-4.58775,-6.3961,-33.8787,0.0279007,
2,10.986,2,0.765924,385.7037,-0.3662858,0.4782273,-4.58775,-6.3961,-33.8787,0.0279007,
2,10.996,2,0.7645665,385.6871,-0.3675284,0.4807017,-4.58775,-6.3961,-33.8787,0.0279007,
2,11.006,2,0.763709,385.6964,-0.3679653,0.4818135,-4.58775,-6.3961,-33.8787,0.0279007,
2,11.016,2,0.7657614,385.684,-0.3661694,0.4781769,-4.58775,-6.3961,-33.8787,0.0279007,
2,11.026,2,0.766238,385.6511,-0.3627163,0.4733729,-4.58775,-6.3961,-33.8787,0.0279007,
2,11.036,2,0.7638296,385.6941,-0.3621549,0.4741305,-4.58775,-6.3961,-33.8787,0.0279007,
2,11.046,2,0.7661729,385.6831,-0.3628791,0.4736256,-4.58775,-6.3961,-33.8787,0.0279007,
2,11.056,2,0.762393,385.7038,-0.365743,0.4797303,-4.58775,-6.3961,-33.8787,0.0279007,
2,11.066,2,0.7645369,385.681,-0.366307,0.4791227,-4.58775,-6.3961,-33.8787,0.0279007,
2,11.076,2,0.7644172,385.693,-0.3640994,0.4763097,-4.59595,-6.3961,-33.8794,0.02859879,
2,11.086,2,0.7660717,385.7029,-0.3637524,0.4748281,-4.59595,-6.3961,-33.8794,0.02859879,
2,11.096,2,0.7656637,385.701,-0.364499,0.4760562,-4.59595,-6.3961,-33.8794,0.02859879,
2,11.106,2,0.7673501,385.6797,-0.3673297,0.478699,-4.59595,-6.3961,-33.8794,0.02859879,
2,11.116,2,0.765421,385.6786,-0.3667702,0.4791745,-4.59595,-6.3961,-33.8794,0.02859879,
2,11.126,2,0.7652192,385.6761,-0.3654419,0.477565,-4.59595,-6.3961,-33.8794,0.02859879,
2,11.136,2,0.7655144,385.6838,-0.3643145,0.4759082,-4.59595,-6.3961,-33.8794,0.02859879,
2,11.146,2,0.7656395,385.6671,-0.3669613,0.4792873,-4.59595,-6.3961,-33.8794,0.02859879,
2,11.156,2,0.7705149,385.6738,-0.3672495,0.4766287,-4.59595,-6.3961,-33.8794,0.02859879,
2,11.166,2,0.7718511,385.6432,-0.3674699,0.4760892,-4.59595,-6.3961,-33.8794,0.02859879,
2,11.176,2,0.7733132,385.6156,-0.3714218,0.4802993,-4.59595,-6.3961,-33.8794,0.02859879,
2,11.186,2,0.7790905,385.6082,-0.3690107,0.4736429,-4.59595,-6.3961,-33.8794,0.02859879,
2,11.196,2,0.7819137,385.5974,-0.3727738,0.4767455,-4.59595,-6.3961,-33.8794,0.02859879,
2,11.206,2,0.7775499,385.6091,-0.3751494,0.4824763,-4.59595,-6.3961,-33.8794,0.02859879,
2,11.216,2,0.7813222,385.6086,-0.3731911,0.4776405,-4.59595,-6.3961,-33.8794,0.02859879,
2,11.226,2,0.7802469,385.5993,-0.3730772,0.4781528,-4.59595,-6.3961,-33.8794,0.02859879,
2,11.236,2,0.7780179,385.5964,-0.3718413,0.477934,-4.59595,-6.3961,-33.8794,0.02859879,
2,11.246,2,0.7776777,385.5804,-0.3742397,0.4812272,-4.59595,-6.3961,-33.8794,0.02859879,
2,11.256,2,0.7801503,385.6534,-0.3754974,0.4813142,-4.59595,-6.3961,-33.8794,0.02859879,
2,11.266,2,0.7789363,385.6048,-0.3736344,0.4796726,-4.60308,-6.3961,-33.8802,0.02939987,
2,11.276,2,0.7771935,385.607,-0.3748464,0.4823077,-4.60308,-6.3961,-33.8802,0.02939987,
2,11.286,2,0.7789221,385.5779,-0.3768239,0.4837762,-4.60308,-6.3961,-33.8802,0.02939987,
2,11.296,2,0.7800075,385.5856,-0.3732334,0.4784998,-4.60308,-6.3961,-33.8802,0.02939987,
2,11.306,2,0.7800625,385.5955,-0.3723358,0.4773153,-4.60308,-6.3961,-33.8802,0.02939987,
2,11.316,2,0.778866,385.563,-0.3747799,0.4811866,-4.60308,-6.3961,-33.8802,0.02939987,
2,11.326,2,0.7811411,385.593,-0.3721628,0.4764347,-4.60308,-6.3961,-33.8802,0.02939987,
2,11.336,2,0.7797458,385.5896,-0.3739978,0.4796407,-4.60308,-6.3961,-33.8802,0.02939987,
2,11.346,2,0.7814209,385.5846,-0.3749355,0.4798125,-4.60308,-6.3961,-33.8802,0.02939987,
2,11.356,2,0.786038,385.5537,-0.3745956,0.4765616,-4.60308,-6.3961,-33.8802,0.02939987,
2,11.366,2,0.788467,385.5215,-0.3756819,0.4764713,-4.60308,-6.3961,-33.8802,0.02939987,
2,11.376,2,0.79053,385.5121,-0.3817915,0.4829563,-4.60308,-6.3961,-33.8802,0.02939987,
2,11.386,2,0.7933369,385.5042,-0.3786086,0.4772357,-4.60308,-6.3961,-33.8802,0.02939987,
2,11.396,2,0.7947541,385.5078,-0.3793498,0.4773172,-4.60308,-6.3961,-33.8802,0.02939987,
2,11.406,2,0.7921258,385.5029,-0.3805306,0.4803916,-4.60308,-6.3961,-33.8802,0.02939987,
2,11.416,2,0.7927126,385.499,-0.3808616,0.4804536,-4.60308,-6.3961,-33.8802,0.02939987,
2,11.426,2,0.7950569,385.5004,-0.3804018,0.4784586,-4.60308,-6.3961,-33.8802,0.02939987,
2,11.436,2,0.7948958,385.4648,-0.3835996,0.4825784,-4.60308,-6.3961,-33.8802,0.02939987,
2,11.446,2,0.7931903,385.4961,-0.3815117,0.4809838,-4.60308,-6.3961,-33.8802,0.02939987,
2,11.456,2,0.7922318,385.4962,-0.3831065,0.4835788,-4.60308,-6.3961,-33.8802,0.02939987,
2,11.466,2,0.7925292,385.4978,-0.3822111,0.4822676,-4.60308,-6.3961,-33.8802,0.02939987,
2,11.476,2,0.7944982,385.495,-0.3798748,0.4781317,-4.60308,-6.3961,-33.8802,0.02939987,
2,11.486,2,0.7915208,385.4958,-0.3814077,0.4818669,-4.60308,-6.3961,-33.8802,0.02939987,
2,11.496,2,0.7930254,385.4803,-0.3817835,0.4814266,-4.60308,-6.3961,-33.8802,0.02939987,
2,11.506,2,0.7929876,385.4971,-0.3801179,0.4793491,-4.61018,-6.3961,-33.8809,0.03010178,
2,11.516,2,0.7935084,385.4915,-0.3801702,0.4791004,-4.61018,-6.3961,-33.8809,0.03010178,
2,11.526,2,0.7930624,385.5013,-0.3825946,0.4824269,-4.61018,-6.3961,-33.8809,0.03010178,
2,11.536,2,0.7946526,385.4824,-0.382486,0.4813248,-4.61018,-6.3961,-33.8809,0.03010178,
2,11.546,2,0.7915025,385.4669,-0.3824566,0.4832033,-4.61018,-6.3961,-33.8809,0.03010178,
2,11.556,2,0.7946068,385.4947,-0.3830837,0.4821048,-4.61018,-6.3961,-33.8809,0.03010178,
2,11.566,2,0.7966822,385.4852,-0.3809783,0.4782061,-4.61018,-6.3961,-33.8809,0.03010178,
2,11.576,2,0.7999456,385.4425,-0.3847619,0.4809851,-4.61018,-6.3961,-33.8809,0.03010178,
2,11.586,2,0.8015173,385.4275,-0.3866441,0.4823902,-4.61018,-6.3961,-33.8809,0.03010178,
2,11.596,2,0.8027949,385.4131,-0.3861892,0.4810559,-4.61018,-6.3961,-33.8809,0.03010178,
2,11.606,2,0.8084013,385.4207,-0.3873183,0.4791164,-4.61018,-6.3961,-33.8809,0.03010178,
2,11.616,2,0.8084743,385.4037,-0.3889306,0.4810673,-4.61018,-6.3961,-33.8809,0.03010178,
2,11.626,2,0.8095773,385.4023,-0.3851633,0.4757586,-4.61018,-6.3961,-33.8809,0.03010178,
2,11.636,2,0.8086018,385.389,-0.386145,0.4775466,-4.61018,-6.3961,-33.8809,0.03010178,
2,11.646,2,0.8099415,385.3979,-0.3831546,0.4730645,-4.61018,-6.3961,-33.8809,0.03010178,
2,11.656,2,0.8070651,385.3872,-0.3880654,0.4808353,-4.61018,-6.3961,-33.8809,0.03010178,
2,11.666,2,0.8078887,385.3768,-0.3892117,0.481764,-4.61018,-6.3961,-33.8809,0.03010178,
2,11.676,2,0.8083079,385.3883,-0.3886352,0.4808009,-4.61018,-6.3961,-33.8809,0.03010178,
2,11.686,2,0.8083857,385.3889,-0.3903446,0.4828692,-4.61018,-6.3961,-33.8809,0.03010178,
2,11.696,2,0.8079388,385.3952,-0.3920254,0.4852167,-4.61018,-6.3961,-33.8809,0.03010178,
2,11.706,2,0.8087318,385.3964,-0.3913029,0.4838476,-4.61018,-6.3961,-33.8809,0.03010178,
2,11.716,2,0.8100868,385.3746,-0.390275,0.4817693,-4.61018,-6.3961,-33.8809,0.03010178,
2,11.726,2,0.8077133,385.3778,-0.3944959,0.4884109,-4.61783,-6.3961,-33.8816,0.03079987,
2,11.736,2,0.8084932,385.3983,-0.3942516,0.4876374,-4.61783,-6.3961,-33.8816,0.03079987,
2,11.746,2,0.809721,385.3824,-0.3913439,0.4833071,-4.61783,-6.3961,-33.8816,0.03079987,
2,11.756,2,0.805378,385.3899,-0.3945136,0.4898491,-4.61783,-6.3961,-33.8816,0.03079987,
2,11.766,2,0.8083588,385.3894,-0.3873384,0.4791664,-4.61783,-6.3961,-33.8816,0.03079987,
2,11.776,2,0.8075181,385.384,-0.3846135,0.4762908,-4.61783,-6.3961,-33.8816,0.03079987,
2,11.786,2,0.808583,385.3933,-0.386742,0.478296,-4.61783,-6.3961,-33.8816,0.03079987,
2,11.796,2,0.8083329,385.3814,-0.3892248,0.4815154,-4.61783,-6.3961,-33.8816,0.03079987,
2,11.806,2,0.8094869,385.3916,-0.3877625,0.4790225,-4.61783,-6.3961,-33.8816,0.03079987,
2,11.816,2,0.8147503,385.3665,-0.3874407,0.4755331,-4.61783,-6.3961,-33.8816,0.03079987,
2,11.826,2,0.8188389,385.3305,-0.3897799,0.4760154,-4.61783,-6.3961,-33.8816,0.03079987,
2,11.836,2,0.8213869,385.303,-0.3940512,0.4797389,-4.61783,-6.3961,-33.8816,0.03079987,
2,11.846,2,0.8254125,385.2323,-0.3940434,0.4773898,-4.61783,-6.3961,-33.8816,0.03079987,
2,11.856,2,0.8224658,385.2958,-0.3956015,0.4809945,-4.61783,-6.3961,-33.8816,0.03079987,
2,11.866,2,0.8209319,385.2957,-0.3979217,0.4847195,-4.61783,-6.3961,-33.8816,0.03079987,
2,11.876,2,0.8227735,385.2872,-0.3968318,0.4823099,-4.61783,-6.3961,-33.8816,0.03079987,
2,11.886,2,0.8249415,385.2935,-0.3969544,0.4811909,-4.61783,-6.3961,-33.8816,0.03079987,
2,11.896,2,0.8238344,385.2861,-0.3984282,0.4836265,-4.61783,-6.3961,-33.8816,0.03079987,
2,11.906,2,0.8248823,385.3034,-0.3993539,0.4841344,-4.61783,-6.3961,-33.8816,0.03079987,
2,11.916,2,0.8246056,385.2875,-0.397089,0.4815502,-4.61783,-6.3961,-33.8816,0.03079987,
2,11.926,2,0.822078,385.2786,-0.4003443,0.4869907,-4.61783,-6.3961,-33.8816,0.03079987,
2,11.936,2,0.8207548,385.2905,-0.3973976,0.4841856,-4.61783,-6.3961,-33.8816,0.03079987,
2,11.946,2,0.8240998,385.2831,-0.3947579,0.4790171,-4.62605,-6.3961,-33.8824,0.03160095,
2,11.956,2,0.8221645,385.2762,-0.3984232,0.4846027,-4.62605,-6.3961,-33.8824,0.03160095,
2,11.966,2,0.8225948,385.285,-0.3968578,0.4824463,-4.62605,-6.3961,-33.8824,0.03160095,
2,11.976,2,0.8227085,385.285,-0.396965,0.4825099,-4.62605,-6.3961,-33.8824,0.03160095,
2,11.986,2,0.8241286,385.2788,-0.399449,0.4846925,-4.62605,-6.3961,-33.8824,0.03160095,
2,11.996,2,0.8239679,385.2858,-0.3986525,0.4838203,-4.62605,-6.3961,-33.8824,0.03160095,
2,12.006,2,0.8294133,385.2755,-0.3979158,0.4797558,-4.62605,-6.3961,-33.8824,0.03160095,
2,12.016,2,0.8315889,385.2418,-0.3993883,0.4802714,-4.62605,-6.3961,-33.8824,0.03160095,
2,12.026,2,0.8314751,385.1904,-0.401091,0.4823849,-4.62605,-6.3961,-33.8824,0.03160095,
2,12.036,2,0.8381181,385.2184,-0.4011449,0.4786257,-4.62605,-6.3961,-33.8824,0.03160095,
2,12.046,2,0.8399245,385.2449,-0.4020046,0.47862,-4.62605,-6.3961,-33.8824,0.03160095,
2,12.056,2,0.8367429,385.195,-0.4032018,0.4818706,-4.62605,-6.3961,-33.8824,0.03160095,
2,12.066,2,0.8378147,385.1946,-0.4013615,0.4790575,-4.62605,-6.3961,-33.8824,0.03160095,
2,12.076,2,0.8372168,385.2042,-0.4021903,0.4803897,-4.62605,-6.3961,-33.8824,0.03160095,
2,12.086,2,0.8381444,385.2008,-0.4014222,0.4789416,-4.62605,-6.3961,-33.8824,0.03160095,
2,12.096,2,0.8389578,385.1907,-0.4016746,0.478778,-4.62605,-6.3961,-33.8824,0.03160095,
2,12.106,2,0.8371849,385.1964,-0.4034607,0.4819254,-4.62605,-6.3961,-33.8824,0.03160095,
2,12.116,2,0.8382424,385.1841,-0.4035343,0.4814052,-4.62605,-6.3961,-33.8824,0.03160095,
2,12.126,2,0.8422092,385.181,-0.4039276,0.4796048,-4.62605,-6.3961,-33.8824,0.03160095,
2,12.136,2,0.8383846,385.1555,-0.405253,0.4833736,-4.63263,-6.3961,-33.8831,0.03229904,
2,12.146,2,0.8412291,385.1751,-0.4053476,0.4818517,-4.63263,-6.3961,-33.8831,0.03229904,
2,12.156,2,0.8419872,385.1801,-0.40486,0.4808387,-4.63263,-6.3961,-33.8831,0.03229904,
2,12.166,2,0.8373476,385.1714,-0.4076454,0.4868293,-4.63263,-6.3961,-33.8831,0.03229904,
2,12.176,2,0.8389214,385.1802,-0.4050705,0.4828467,-4.63263,-6.3961,-33.8831,0.03229904,
2,12.186,2,0.8385885,385.1809,-0.4075423,0.4859861,-4.63263,-6.3961,-33.8831,0.03229904,
2,12.196,2,0.8388784,385.1467,-0.4105783,0.4894372,-4.63263,-6.3961,-33.8831,0.03229904,
2,12.206,2,0.8405315,385.1824,-0.406807,0.4839878,-4.63263,-6.3961,-33.8831,0.03229904,
2,12.216,2,0.844049,385.1604,-0.4069911,0.4821889,-4.63263,-6.3961,-33.8831,0.03229904,
2,12.226,2,0.8462557,385.1328,-0.4114516,0.4862025,-4.63263,-6.3961,-33.8831,0.03229904,
2,12.236,2,0.851522,385.1081,-0.4112756,0.4829889,-4.63263,-6.3961,-33.8831,0.03229904,
2,12.246,2,0.8533044,385.1001,-0.4109151,0.4815575,-4.63263,-6.3961,-33.8831,0.03229904,
2,12.256,2,0.852111,385.1102,-0.4147628,0.4867474,-4.63263,-6.3961,-33.8831,0.03229904,
2,12.266,2,0.8529975,385.0962,-0.412757,0.4838901,-4.63263,-6.3961,-33.8831,0.03229904,
2,12.276,2,0.8523799,385.0992,-0.4134448,0.4850476,-4.63263,-6.3961,-33.8831,0.03229904,
2,12.286,2,0.8523037,385.0833,-0.4143938,0.4862044,-4.63263,-6.3961,-33.8831,0.03229904,
2,12.296,2,0.8526551,385.096,-0.4123752,0.4836366,-4.63263,-6.3961,-33.8831,0.03229904,
2,12.306,2,0.8500466,385.1004,-0.4110786,0.4835953,-4.63263,-6.3961,-33.8831,0.03229904,
2,12.316,2,0.8540376,385.0677,-0.4119789,0.4823897,-4.63263,-6.3961,-33.8831,0.03229904,
2,12.326,2,0.852729,385.0807,-0.4126751,0.4839464,-4.63973,-6.3961,-33.8838,0.03300095,
2,12.336,2,0.852094,385.0996,-0.4142405,0.4861441,-4.63973,-6.3961,-33.8838,0.03300095,
2,12.346,2,0.8546712,385.091,-0.4129531,0.4831719,-4.63973,-6.3961,-33.8838,0.03300095,
2,12.356,2,0.8525463,385.0882,-0.4131719,0.4846327,-4.63973,-6.3961,-33.8838,0.03300095,
2,12.366,2,0.8543531,385.0756,-0.4101219,0.4800379,-4.63973,-6.3961,-33.8838,0.03300095,
2,12.376,2,0.854013,385.0817,-0.4108734,0.481109,-4.63973,-6.3961,-33.8838,0.03300095,
2,12.386,2,0.8535605,385.0835,-0.4132817,0.4841856,-4.63973,-6.3961,-33.8838,0.03300095,
2,12.396,2,0.8503118,385.0883,-0.4133502,0.486116,-4.63973,-6.3961,-33.8838,0.03300095,
2,12.406,2,0.8565648,385.0761,-0.4160855,0.4857607,-4.63973,-6.3961,-33.8838,0.03300095,
2,12.416,2,0.8557442,385.0372,-0.416376,0.486566,-4.63973,-6.3961,-33.8838,0.03300095,
2,12.426,2,0.8627377,385.0533,-0.417374,0.4837786,-4.63973,-6.3961,-33.8838,0.03300095,
2,12.436,2,0.8654208,385.0126,-0.4197303,0.4850015,-4.63973,-6.3961,-33.8838,0.03300095,
2,12.446,2,0.866053,385.0002,-0.4159397,0.4802704,-4.63973,-6.3961,-33.8838,0.03300095,
2,12.456,2,0.8642184,385.002,-0.421023,0.4871719,-4.63973,-6.3961,-33.8838,0.03300095,
2,12.466,2,0.8675893,385.0095,-0.4220395,0.4864509,-4.63973,-6.3961,-33.8838,0.03300095,
2,12.476,2,0.8675357,385.0041,-0.4209063,0.4851747,-4.63973,-6.3961,-33.8838,0.03300095,
2,12.486,2,0.8688004,384.9638,-0.4175828,0.480643,-4.63973,-6.3961,-33.8838,0.03300095,
2,12.496,2,0.8668616,385.0026,-0.4182695,0.4825102,-4.63973,-6.3961,-33.8838,0.03300095,
2,12.506,2,0.8653094,385.0009,-0.4167837,0.4816585,-4.63973,-6.3961,-33.8838,0.03300095,
2,12.516,2,0.8642757,385.0094,-0.4205901,0.4866388,-4.63973,-6.3961,-33.8838,0.03300095,
2,12.526,2,0.8682051,384.9969,-0.4184355,0.4819547,-4.63973,-6.3961,-33.8838,0.03300095,
2,12.536,2,0.8667017,384.9949,-0.4200401,0.484642,-4.6463,-6.3961,-33.8845,0.03369904,
2,12.546,2,0.8639781,384.982,-0.4209577,0.4872319,-4.6463,-6.3961,-33.8845,0.03369904,
2,12.556,2,0.8639066,384.9839,-0.4200862,0.4862634,-4.6463,-6.3961,-33.8845,0.03369904,
2,12.566,2,0.8667871,384.9933,-0.4177262,0.4819247,-4.6463,-6.3961,-33.8845,0.03369904,
2,12.576,2,0.8682067,384.9916,-0.412556,0.4751817,-4.6463,-6.3961,-33.8845,0.03369904,
2,12.586,2,0.8675712,384.99,-0.410624,0.4733029,-4.6463,-6.3961,-33.8845,0.03369904,
2,12.596,2,0.8664013,384.982,-0.4104661,0.4737598,-4.6463,-6.3961,-33.8845,0.03369904,
2,12.606,2,0.8697129,384.9451,-0.4106875,0.4722104,-4.6463,-6.3961,-33.8845,0.03369904,
2,12.616,2,0.8737287,384.9681,-0.4106756,0.4700265,-4.6463,-6.3961,-33.8845,0.03369904,
2,12.626,2,0.8719458,384.9266,-0.4137102,0.4744678,-4.6463,-6.3961,-33.8845,0.03369904,
2,12.636,2,0.8789768,384.9193,-0.4139122,0.4709023,-4.6463,-6.3961,-33.8845,0.03369904,
2,12.646,2,0.8821749,384.9109,-0.4123866,0.4674658,-4.6463,-6.3961,-33.8845,0.03369904,
2,12.656,2,0.8813985,384.9073,-0.4133255,0.4689429,-4.6463,-6.3961,-33.8845,0.03369904,
2,12.666,2,0.883292,384.8973,-0.4139641,0.4686606,-4.6463,-6.3961,-33.8845,0.03369904,
2,12.676,2,0.881053,384.9087,-0.4129025,0.4686466,-4.6463,-6.3961,-33.8845,0.03369904,
2,12.686,2,0.8828396,384.9072,-0.4146659,0.4696956,-4.6463,-6.3961,-33.8845,0.03369904,
2,12.696,2,0.8841815,384.909,-0.4146376,0.4689507,-4.6463,-6.3961,-33.8845,0.03369904,
2,12.706,2,0.8826303,384.8968,-0.4148521,0.4700179,-4.6463,-6.3961,-33.8845,0.03369904,
2,12.716,2,0.8813463,384.8817,-0.415532,0.4714741,-4.6463,-6.3961,-33.8845,0.03369904,
2,12.726,2,0.8830049,384.9071,-0.4146671,0.469609,-4.6463,-6.3961,-33.8845,0.03369904,
2,12.736,2,0.8781772,384.8878,-0.4168227,0.4746453,-4.6463,-6.3961,-33.8845,0.03369904,
2,12.746,2,0.8837458,384.8871,-0.4161107,0.4708489,-4.6463,-6.3961,-33.8845,0.03369904,
2,12.756,2,0.8841109,384.9028,-0.4176279,0.4723704,-4.6463,-6.3961,-33.8845,0.03369904,
2,12.766,2,0.8816264,384.884,-0.4171136,0.4731183,-4.6463,-6.3961,-33.8845,0.03369904,
2,12.776,2,0.8839808,384.916,-0.4193873,0.4744303,-4.6534,-6.3961,-33.8852,0.03440094,
2,12.786,2,0.8833609,384.9084,-0.4170725,0.4721428,-4.6534,-6.3961,-33.8852,0.03440094,
2,12.796,2,0.8815297,384.8915,-0.4173204,0.4734049,-4.6534,-6.3961,-33.8852,0.03440094,
2,12.806,2,0.8844965,384.9117,-0.4165967,0.4709987,-4.6534,-6.3961,-33.8852,0.03440094,
2,12.816,2,0.8809699,384.8952,-0.4165771,0.4728619,-4.6534,-6.3961,-33.8852,0.03440094,
2,12.826,2,0.8805834,384.888,-0.4175369,0.4741594,-4.6534,-6.3961,-33.8852,0.03440094,
2,12.836,2,0.8823558,384.873,-0.4174212,0.4730758,-4.6534,-6.3961,-33.8852,0.03440094,
2,12.846,2,0.8837025,384.8727,-0.4167026,0.4715417,-4.6534,-6.3961,-33.8852,0.03440094,
2,12.856,2,0.8867117,384.8588,-0.4185197,0.4719908,-4.6534,-6.3961,-33.8852,0.03440094,
2,12.866,2,0.8893493,384.8325,-0.4234866,0.4761758,-4.6534,-6.3961,-33.8852,0.03440094,
2,12.876,2,0.8931493,384.8282,-0.4220077,0.472494,-4.6534,-6.3961,-33.8852,0.03440094,
2,12.886,2,0.8976767,384.8134,-0.4208637,0.4688367,-4.6534,-6.3961,-33.8852,0.03440094,
2,12.896,2,0.8947055,384.8065,-0.4238724,0.4737563,-4.6534,-6.3961,-33.8852,0.03440094,
2,12.906,2,0.893451,384.8248,-0.4214175,0.4716739,-4.6534,-6.3961,-33.8852,0.03440094,
2,12.916,2,0.8980882,384.8038,-0.4214293,0.4692516,-4.6534,-6.3961,-33.8852,0.03440094,
2,12.926,2,0.8939649,384.8098,-0.424744,0.4751238,-4.6534,-6.3961,-33.8852,0.03440094,
2,12.936,2,0.8933062,384.7974,-0.4237072,0.4743136,-4.6534,-6.3961,-33.8852,0.03440094,
2,12.946,2,0.8955364,384.8038,-0.4223598,0.4716277,-4.6534,-6.3961,-33.8852,0.03440094,
2,12.956,2,0.8925418,384.8166,-0.4213669,0.4720976,-4.6534,-6.3961,-33.8852,0.03440094,
2,12.966,2,0.8963739,384.8096,-0.4214656,0.4701895,-4.6534,-6.3961,-33.8852,0.03440094,
2,12.976,2,0.8968041,384.8077,-0.423436,0.4721611,-4.6534,-6.3961,-33.8852,0.03440094,
2,12.986,2,0.8941995,384.8094,-0.4220442,0.4719799,-4.6534,-6.3961,-33.8852,0.03440094,
2,12.996,2,0.8935282,384.7954,-0.4236592,0.4741419,-4.6534,-6.3961,-33.8852,0.03440094,
2,13.006,2,0.8974935,384.7768,-0.4224116,0.470657,-4.6616,-6.3961,-33.8859,0.03509903,
2,13.016,2,0.8949476,384.7473,-0.4246636,0.4745122,-4.6616,-6.3961,-33.8859,0.03509903,
2,13.026,2,0.8948616,384.7993,-0.4237991,0.4735917,-4.6616,-6.3961,-33.8859,0.03509903,
2,13.036,2,0.8929993,384.7939,-0.4239279,0.4747236,-4.6616,-6.3961,-33.8859,0.03509903,
2,13.046,2,0.8944765,384.7887,-0.4241576,0.4741964,-4.6616,-6.3961,-33.8859,0.03509903,
2,13.056,2,0.8967507,384.7943,-0.424426,0.4732931,-4.6616,-6.3961,-33.8859,0.03509903,
2,13.066,2,0.8937232,384.7914,-0.4250423,0.475586,-4.6616,-6.3961,-33.8859,0.03509903,
2,13.076,2,0.8994028,384.7956,-0.4250649,0.472608,-4.6616,-6.3961,-33.8859,0.03509903,
2,13.086,2,0.9047655,384.7544,-0.4235894,0.4681759,-4.6616,-6.3961,-33.8859,0.03509903,
2,13.096,2,0.9028174,384.7211,-0.4266541,0.4725808,-4.6616,-6.3961,-33.8859,0.03509903,
2,13.106,2,0.9094977,384.7248,-0.4290148,0.4717052,-4.6616,-6.3961,-33.8859,0.03509903,
2,13.116,2,0.9110439,384.7104,-0.4277076,0.4694697,-4.6616,-6.3961,-33.8859,0.03509903,
2,13.126,2,0.9095777,384.6995,-0.4294856,0.4721813,-4.6616,-6.3961,-33.8859,0.03509903,
2,13.136,2,0.9108434,384.7066,-0.4296128,0.4716648,-4.6616,-6.3961,-33.8859,0.03509903,
2,13.146,2,0.9104442,384.7126,-0.4285271,0.4706791,-4.6616,-6.3961,-33.8859,0.03509903,
2,13.156,2,0.910389,384.7033,-0.429332,0.4715918,-4.6616,-6.3961,-33.8859,0.03509903,
2,13.166,2,0.9112045,384.7,-0.4285819,0.4703465,-4.6616,-6.3961,-33.8859,0.03509903,
2,13.176,2,0.9091334,384.7076,-0.4303545,0.4733678,-4.6616,-6.3961,-33.8859,0.03509903,
2,13.186,2,0.9101198,384.7271,-0.4307288,0.473266,-4.66875,-6.3961,-33.8866,0.03580093,
2,13.196,2,0.9090628,384.7126,-0.4304555,0.4735157,-4.66875,-6.3961,-33.8866,0.03580093,
2,13.206,2,0.908798,384.7008,-0.4294933,0.4725949,-4.66875,-6.3961,-33.8866,0.03580093,
2,13.216,2,0.9106453,384.702,-0.4326619,0.4751157,-4.66875,-6.3961,-33.8866,0.03580093,
2,13.226,2,0.9107826,384.6903,-0.4305329,0.4727065,-4.66875,-6.3961,-33.8866,0.03580093,
2,13.236,2,0.9075717,384.6975,-0.4299047,0.4736868,-4.66875,-6.3961,-33.8866,0.03580093,
2,13.246,2,0.9100173,384.7057,-0.4287555,0.4711509,-4.66875,-6.3961,-33.8866,0.03580093,
2,13.256,2,0.9119029,384.672,-0.4290566,0.4705069,-4.66875,-6.3961,-33.8866,0.03580093,
2,13.266,2,0.9131587,384.7127,-0.4287317,0.4695041,-4.66875,-6.3961,-33.8866,0.03580093,
2,13.276,2,0.9141433,384.6724,-0.4334265,0.4741341,-4.66875,-6.3961,-33.8866,0.03580093,
2,13.286,2,0.9203652,384.6331,-0.4340394,0.4715948,-4.66875,-6.3961,-33.8866,0.03580093,
2,13.296,2,0.9214107,384.6182,-0.4340965,0.4711217,-4.66875,-6.3961,-33.8866,0.03580093,
2,13.306,2,0.9248695,384.5821,-0.4383548,0.4739639,-4.66875,-6.3961,-33.8866,0.03580093,
2,13.316,2,0.9215518,384.6115,-0.4412954,0.4788613,-4.66875,-6.3961,-33.8866,0.03580093,
2,13.326,2,0.9228199,384.6001,-0.4369646,0.4735101,-4.66875,-6.3961,-33.8866,0.03580093,
2,13.336,2,0.9245971,384.5946,-0.4440103,0.4802203,-4.66875,-6.3961,-33.8866,0.03580093,
2,13.346,2,0.9237297,384.6078,-0.4437302,0.480368,-4.66875,-6.3961,-33.8866,0.03580093,
2,13.356,2,0.922727,384.6036,-0.4437602,0.4809225,-4.66875,-6.3961,-33.8866,0.03580093,
2,13.366,2,0.9236315,384.572,-0.4367751,0.4728889,-4.66875,-6.3961,-33.8866,0.03580093,
2,13.376,2,0.9212313,384.6093,-0.437927,0.4753714,-4.66875,-6.3961,-33.8866,0.03580093,
2,13.386,2,0.9217653,384.6053,-0.4422822,0.4798208,-4.67532,-6.3961,-33.8873,0.03649902,
2,13.396,2,0.9242793,384.6062,-0.4387118,0.4746528,-4.67532,-6.3961,-33.8873,0.03649902,
2,13.406,2,0.9217112,384.6041,-0.4431592,0.4808005,-4.67532,-6.3961,-33.8873,0.03649902,
2,13.416,2,0.9212705,384.5917,-0.4428411,0.4806852,-4.67532,-6.3961,-33.8873,0.03649902,
2,13.426,2,0.9227523,384.6049,-0.4447701,0.4820038,-4.67532,-6.3961,-33.8873,0.03649902,
2,13.436,2,0.921591,384.5882,-0.4440425,0.4818216,-4.67532,-6.3961,-33.8873,0.03649902,
2,13.446,2,0.9226761,384.5876,-0.444416,0.4816598,-4.67532,-6.3961,-33.8873,0.03649902,
2,13.456,2,0.9251213,384.5815,-0.4433371,0.4792204,-4.67532,-6.3961,-33.8873,0.03649902,
2,13.466,2,0.9293692,384.5671,-0.4456511,0.47952,-4.67532,-6.3961,-33.8873,0.03649902,
2,13.476,2,0.9331113,384.554,-0.4479746,0.480087,-4.67532,-6.3961,-33.8873,0.03649902,
2,13.486,2,0.9317151,384.5161,-0.4497743,0.482738,-4.67532,-6.3961,-33.8873,0.03649902,
2,13.496,2,0.9352084,384.5334,-0.4490107,0.4801183,-4.67532,-6.3961,-33.8873,0.03649902,
2,13.506,2,0.9367772,384.5235,-0.4509066,0.4813382,-4.67532,-6.3961,-33.8873,0.03649902,
2,13.516,2,0.9332511,384.5174,-0.4499784,0.4821622,-4.67532,-6.3961,-33.8873,0.03649902,
2,13.526,2,0.9349689,384.518,-0.4482471,0.4794246,-4.67532,-6.3961,-33.8873,0.03649902,
2,13.536,2,0.9365623,384.4979,-0.4495154,0.4799632,-4.67532,-6.3961,-33.8873,0.03649902,
2,13.546,2,0.9332801,384.523,-0.4507124,0.4829338,-4.67532,-6.3961,-33.8873,0.03649902,
2,13.556,2,0.9339716,384.5296,-0.4481723,0.4798565,-4.67532,-6.3961,-33.8873,0.03649902,
2,13.566,2,0.9388155,384.5042,-0.4503474,0.4796975,-4.67532,-6.3961,-33.8873,0.03649902,
2,13.576,2,0.9357371,384.5148,-0.4504063,0.4813385,-4.67532,-6.3961,-33.8873,0.03649902,
2,13.586,2,0.9361275,384.5008,-0.448128,0.4787041,-4.67532,-6.3961,-33.8873,0.03649902,
2,13.596,2,0.9370091,384.5349,-0.4524621,0.4828791,-4.67532,-6.3961,-33.8873,0.03649902,
2,13.606,2,0.9370228,384.5,-0.4500335,0.4802802,-4.68188,-6.3961,-33.888,0.03720093,
2,13.616,2,0.9372804,384.4993,-0.4517736,0.4820047,-4.68188,-6.3961,-33.888,0.03720093,
2,13.626,2,0.9340444,384.4904,-0.4545989,0.4866995,-4.68188,-6.3961,-33.888,0.03720093,
2,13.636,2,0.9360048,384.4941,-0.4517504,0.4826369,-4.68188,-6.3961,-33.888,0.03720093,
2,13.646,2,0.9380605,384.4933,-0.4508762,0.4806472,-4.68188,-6.3961,-33.888,0.03720093,
2,13.656,2,0.935165,384.4623,-0.4519185,0.48325,-4.68188,-6.3961,-33.888,0.03720093,
2,13.666,2,0.939438,384.4941,-0.4506949,0.4797495,-4.68188,-6.3961,-33.888,0.03720093,
2,13.676,2,0.9429985,384.4616,-0.4515729,0.4788692,-4.68188,-6.3961,-33.888,0.03720093,
2,13.686,2,0.9439619,384.4564,-0.4543681,0.4813416,-4.68188,-6.3961,-33.888,0.03720093,
2,13.696,2,0.9501593,384.4232,-0.4548761,0.4787367,-4.68188,-6.3961,-33.888,0.03720093,
2,13.706,2,0.9512874,384.4301,-0.4536831,0.4769149,-4.68188,-6.3961,-33.888,0.03720093,
2,13.716,2,0.9505218,384.4199,-0.4546452,0.4783112,-4.68188,-6.3961,-33.888,0.03720093,
2,13.726,2,0.9500955,384.4191,-0.454467,0.4783382,-4.68188,-6.3961,-33.888,0.03720093,
2,13.736,2,0.9518505,384.4039,-0.4564949,0.4795868,-4.68188,-6.3961,-33.888,0.03720093,
2,13.746,2,0.9500955,384.412,-0.4544539,0.4783245,-4.68188,-6.3961,-33.888,0.03720093,
2,13.756,2,0.948554,384.4229,-0.4579334,0.4827699,-4.68188,-6.3961,-33.888,0.03720093,
2,13.766,2,0.9526323,384.421,-0.4570895,0.4798174,-4.68188,-6.3961,-33.888,0.03720093,
2,13.776,2,0.9526539,384.378,-0.4575759,0.480317,-4.68188,-6.3961,-33.888,0.03720093,
2,13.786,2,0.9533311,384.4079,-0.4552903,0.4775783,-4.68843,-6.3961,-33.8887,0.03789902,
2,13.796,2,0.9520746,384.4043,-0.4580451,0.4811021,-4.68843,-6.3961,-33.8887,0.03789902,
2,13.806,2,0.9517638,384.4072,-0.4574511,0.4806351,-4.68843,-6.3961,-33.8887,0.03789902,
2,13.816,2,0.9519329,384.4055,-0.4563617,0.4794053,-4.68843,-6.3961,-33.8887,0.03789902,
2,13.826,2,0.9515597,384.4021,-0.4576405,0.4809372,-4.68843,-6.3961,-33.8887,0.03789902,
2,13.836,2,0.9521676,384.3903,-0.4580716,0.4810829,-4.68843,-6.3961,-33.8887,0.03789902,
2,13.846,2,0.9595653,384.3949,-0.4569299,0.4761843,-4.68843,-6.3961,-33.8887,0.03789902,
2,13.856,2,0.9595531,384.3625,-0.459787,0.4791678,-4.68843,-6.3961,-33.8887,0.03789902,
2,13.866,2,0.9600787,384.3535,-0.4623996,0.4816268,-4.68843,-6.3961,-33.8887,0.03789902,
2,13.876,2,0.9658735,384.3333,-0.4621523,0.4784812,-4.68843,-6.3961,-33.8887,0.03789902,
2,13.886,2,0.9669049,384.3189,-0.4563282,0.4719474,-4.68843,-6.3961,-33.8887,0.03789902,
2,13.896,2,0.9642779,384.3421,-0.456793,0.4737152,-4.68843,-6.3961,-33.8887,0.03789902,
2,13.906,2,0.9680889,384.3229,-0.4550433,0.4700429,-4.68843,-6.3961,-33.8887,0.03789902,
2,13.916,2,0.9657087,384.3154,-0.4572073,0.4734423,-4.68843,-6.3961,-33.8887,0.03789902,
2,13.926,2,0.9652153,384.3179,-0.4545983,0.4709813,-4.68843,-6.3961,-33.8887,0.03789902,
2,13.936,2,0.9659343,384.3112,-0.4557436,0.4718164,-4.68843,-6.3961,-33.8887,0.03789902,
2,13.946,2,0.9667524,384.341,-0.4556327,0.4713024,-4.68843,-6.3961,-33.8887,0.03789902,
2,13.956,2,0.9676253,384.319,-0.4562412,0.4715061,-4.68843,-6.3961,-33.8887,0.03789902,
2,13.966,2,0.9680164,384.315,-0.4547791,0.4698052,-4.68843,-6.3961,-33.8887,0.03789902,
2,13.976,2,0.9649301,384.3027,-0.4566406,0.4732369,-4.68843,-6.3961,-33.8887,0.03789902,
2,13.986,2,0.9700259,384.3141,-0.4560241,0.4701153,-4.69553,-6.3961,-33.8894,0.03860092,
2,13.996,2,0.9667369,384.318,-0.4550867,0.4707452,-4.69553,-6.3961,-33.8894,0.03860092,
2,14.006,2,0.9680429,384.2887,-0.4572569,0.4723519,-4.69553,-6.3961,-33.8894,0.03860092,
2,14.016,2,0.9668434,384.3157,-0.4570761,0.4727509,-4.69553,-6.3961,-33.8894,0.03860092,
2,14.026,2,0.9706137,384.3044,-0.4579065,0.4717701,-4.69553,-6.3961,-33.8894,0.03860092,
2,14.036,2,0.969447,384.3012,-0.4577534,0.4721799,-4.69553,-6.3961,-33.8894,0.03860092,
2,14.046,2,0.9727149,384.2664,-0.4597458,0.4726419,-4.69553,-6.3961,-33.8894,0.03860092,
2,14.056,2,0.977658,384.2452,-0.4603959,0.4709171,-4.69553,-6.3961,-33.8894,0.03860092,
2,14.066,2,0.9787195,384.2272,-0.4632049,0.4732764,-4.69553,-6.3961,-33.8894,0.03860092,
2,14.076,2,0.9793931,384.2466,-0.4617896,0.4715059,-4.69553,-6.3961,-33.8894,0.03860092,
2,14.086,2,0.9800587,384.2488,-0.4628889,0.4723074,-4.69553,-6.3961,-33.8894,0.03860092,
2,14.096,2,0.9798871,384.2466,-0.4642594,0.4737886,-4.69553,-6.3961,-33.8894,0.03860092,
2,14.106,2,0.9789068,384.2322,-0.4632786,0.4732611,-4.69553,-6.3961,-33.8894,0.03860092,
2,14.116,2,0.9752622,384.2344,-0.4628016,0.4745407,-4.69553,-6.3961,-33.8894,0.03860092,
2,14.126,2,0.9802564,384.2336,-0.4621632,0.4714718,-4.69553,-6.3961,-33.8894,0.03860092,
2,14.136,2,0.9760364,384.2387,-0.4624741,0.4738288,-4.69553,-6.3961,-33.8894,0.03860092,
2,14.146,2,0.9792373,384.2289,-0.4633155,0.4731392,-4.69553,-6.3961,-33.8894,0.03860092,
2,14.156,2,0.982068,384.2382,-0.4648501,0.473338,-4.69553,-6.3961,-33.8894,0.03860092,
2,14.166,2,0.9786937,384.2307,-0.464217,0.4743231,-4.69553,-6.3961,-33.8894,0.03860092,
2,14.176,2,0.9778857,384.2073,-0.4653123,0.4758351,-4.69553,-6.3961,-33.8894,0.03860092,
2,14.186,2,0.9797716,384.1917,-0.465491,0.4751016,-4.7021,-6.3961,-33.89,0.03919983,
2,14.196,2,0.9803876,384.2095,-0.4637683,0.4730459,-4.7021,-6.3961,-33.89,0.03919983,
2,14.206,2,0.9780673,384.2026,-0.463773,0.4741729,-4.7021,-6.3961,-33.89,0.03919983,
2,14.216,2,0.9799824,384.2097,-0.4650035,0.4745019,-4.7021,-6.3961,-33.89,0.03919983,
2,14.226,2,0.9808124,384.2078,-0.4638205,0.4728943,-4.7021,-6.3961,-33.89,0.03919983,
2,14.236,2,0.9791901,384.2194,-0.4653696,0.4752597,-4.7021,-6.3961,-33.89,0.03919983,
2,14.246,2,0.979341,384.2241,-0.4652158,0.4750294,-4.7021,-6.3961,-33.89,0.03919983,
2,14.256,2,0.9818163,384.2344,-0.46505,0.4736629,-4.7021,-6.3961,-33.89,0.03919983,
2,14.266,2,0.9877629,384.2004,-0.4648265,0.470585,-4.7021,-6.3961,-33.89,0.03919983,
2,14.276,2,0.9851674,384.1718,-0.4670944,0.4741269,-4.7021,-6.3961,-33.89,0.03919983,
2,14.286,2,0.9920937,384.157,-0.4674578,0.4711831,-4.7021,-6.3961,-33.89,0.03919983,
2,14.296,2,0.995307,384.1365,-0.4679287,0.470135,-4.7021,-6.3961,-33.89,0.03919983,
2,14.306,2,0.9933611,384.1369,-0.4690614,0.4721963,-4.7021,-6.3961,-33.89,0.03919983,
2,14.316,2,0.9945706,384.136,-0.4699993,0.4725651,-4.7021,-6.3961,-33.89,0.03919983,
2,14.326,2,0.9955127,384.1292,-0.4679866,0.4700961,-4.7021,-6.3961,-33.89,0.03919983,
2,14.336,2,0.9922731,384.1388,-0.4678859,0.4715293,-4.7021,-6.3961,-33.89,0.03919983,
2,14.346,2,0.9936748,384.1346,-0.4688831,0.4718677,-4.7021,-6.3961,-33.89,0.03919983,
2,14.356,2,0.993364,384.1577,-0.4702371,0.4733784,-4.7021,-6.3961,-33.89,0.03919983,
2,14.366,2,0.9928932,384.1466,-0.4705003,0.473868,-4.7021,-6.3961,-33.89,0.03919983,
2,14.376,2,0.9928405,384.1382,-0.470444,0.4738364,-4.7021,-6.3961,-33.89,0.03919983,
2,14.386,2,0.9937276,384.1367,-0.470251,0.4732193,-4.7021,-6.3961,-33.89,0.03919983,
2,14.396,2,0.9947885,384.1295,-0.4704663,0.4729309,-4.7021,-6.3961,-33.89,0.03919983,
2,14.406,2,0.9919951,384.1239,-0.4683053,0.4720843,-4.7021,-6.3961,-33.89,0.03919983,
2,14.416,2,0.9949267,384.1391,-0.4699439,0.4723403,-4.7021,-6.3961,-33.89,0.03919983,
2,14.426,2,0.9934208,384.1237,-0.4687791,0.4718837,-4.70977,-6.3961,-33.8907,0.03990173,
2,14.436,2,0.9948505,384.1292,-0.4680041,0.4704266,-4.70977,-6.3961,-33.8907,0.03990173,
2,14.446,2,0.9888293,384.1227,-0.4702231,0.4755352,-4.70977,-6.3961,-33.8907,0.03990173,
2,14.456,2,0.9907308,384.1393,-0.4707673,0.4751718,-4.70977,-6.3961,-33.8907,0.03990173,
2,14.466,2,0.9933208,384.1098,-0.4687495,0.4719014,-4.70977,-6.3961,-33.8907,0.03990173,
2,14.476,2,0.9949113,384.074,-0.4702447,0.4726499,-4.70977,-6.3961,-33.8907,0.03990173,
2,14.486,2,0.9950634,384.1152,-0.4702072,0.4725399,-4.70977,-6.3961,-33.8907,0.03990173,
2,14.496,2,1.000902,384.0515,-0.4730926,0.4726664,-4.70977,-6.3961,-33.8907,0.03990173,
2,14.506,2,1.005225,384.0502,-0.4741054,0.4716413,-4.70977,-6.3961,-33.8907,0.03990173,
2,14.516,2,1.003805,384.0499,-0.4747968,0.4729969,-4.70977,-6.3961,-33.8907,0.03990173,
2,14.526,2,1.007716,384.0389,-0.4755921,0.4719506,-4.70977,-6.3961,-33.8907,0.03990173,
2,14.536,2,1.007366,384.0103,-0.4745612,0.4710911,-4.70977,-6.3961,-33.8907,0.03990173,
2,14.546,2,1.007694,384.0494,-0.4734926,0.4698774,-4.70977,-6.3961,-33.8907,0.03990173,
2,14.556,2,1.005871,384.0444,-0.4749793,0.472207,-4.70977,-6.3961,-33.8907,0.03990173,
2,14.566,2,1.006252,384.0567,-0.4749728,0.4720219,-4.70977,-6.3961,-33.8907,0.03990173,
2,14.576,2,1.007856,384.0465,-0.472802,0.4691165,-4.70977,-6.3961,-33.8907,0.03990173,
2,14.586,2,1.006912,384.0417,-0.4748036,0.4715445,-4.70977,-6.3961,-33.8907,0.03990173,
2,14.596,2,1.005972,384.0379,-0.4779727,0.4751353,-4.70977,-6.3961,-33.8907,0.03990173,
2,14.606,2,1.007773,384.0336,-0.4771256,0.4734455,-4.70977,-6.3961,-33.8907,0.03990173,
2,14.616,2,1.008244,384.0229,-0.4750239,0.4711398,-4.71742,-6.3961,-33.8914,0.04059982,
2,14.626,2,1.005425,384.0344,-0.4770279,0.4744538,-4.71742,-6.3961,-33.8914,0.04059982,
2,14.636,2,1.007037,384.0348,-0.4747716,0.4714539,-4.71742,-6.3961,-33.8914,0.04059982,
2,14.646,2,1.008143,384.0468,-0.4769482,0.4730957,-4.71742,-6.3961,-33.8914,0.04059982,
2,14.656,2,1.004659,384.0286,-0.4773389,0.4751253,-4.71742,-6.3961,-33.8914,0.04059982,
2,14.666,2,1.006519,384.0324,-0.4750453,0.4719685,-4.71742,-6.3961,-33.8914,0.04059982,
2,14.676,2,1.008546,384.0317,-0.4775619,0.4735153,-4.71742,-6.3961,-33.8914,0.04059982,
2,14.686,2,1.00553,384.0363,-0.4782079,0.4755778,-4.71742,-6.3961,-33.8914,0.04059982,
2,14.696,2,1.011901,384.0142,-0.4769906,0.4713809,-4.71742,-6.3961,-33.8914,0.04059982,
2,14.706,2,1.016481,383.9704,-0.4803531,0.4725647,-4.71742,-6.3961,-33.8914,0.04059982,
2,14.716,2,1.017416,383.9655,-0.4803684,0.4721455,-4.71742,-6.3961,-33.8914,0.04059982,
2,14.726,2,1.022525,383.968,-0.4807638,0.4701733,-4.71742,-6.3961,-33.8914,0.04059982,
2,14.736,2,1.018509,383.9677,-0.4831615,0.4743812,-4.71742,-6.3961,-33.8914,0.04059982,
2,14.746,2,1.021297,383.9708,-0.4831001,0.4730262,-4.71742,-6.3961,-33.8914,0.04059982,
2,14.756,2,1.01929,383.9521,-0.484037,0.4748764,-4.71742,-6.3961,-33.8914,0.04059982,
2,14.766,2,1.017334,383.9854,-0.4825908,0.4743681,-4.71742,-6.3961,-33.8914,0.04059982,
2,14.776,2,1.020355,383.9474,-0.4812829,0.4716816,-4.71742,-6.3961,-33.8914,0.04059982,
2,14.786,2,1.021876,383.935,-0.4820238,0.4717047,-4.71742,-6.3961,-33.8914,0.04059982,
2,14.796,2,1.016999,383.9457,-0.4861728,0.4780464,-4.71742,-6.3961,-33.8914,0.04059982,
2,14.806,2,1.019907,383.9385,-0.4821833,0.4727718,-4.71742,-6.3961,-33.8914,0.04059982,
2,14.816,2,1.018901,383.9512,-0.4805878,0.4716726,-4.71742,-6.3961,-33.8914,0.04059982,
2,14.826,2,1.019117,383.906,-0.4841426,0.4750607,-4.72452,-6.3961,-33.8921,0.04130173,
2,14.836,2,1.020532,383.9498,-0.4827985,0.4730853,-4.72452,-6.3961,-33.8921,0.04130173,
2,14.846,2,1.018043,383.95,-0.4805654,0.4720482,-4.72452,-6.3961,-33.8921,0.04130173,
2,14.856,2,1.01768,383.9508,-0.482074,0.4736991,-4.72452,-6.3961,-33.8921,0.04130173,
2,14.866,2,1.020686,383.9414,-0.4835567,0.4737568,-4.72452,-6.3961,-33.8921,0.04130173,
2,14.876,2,1.019045,383.9404,-0.4807056,0.4717215,-4.72452,-6.3961,-33.8921,0.04130173,
2,14.886,2,1.019825,383.9275,-0.4844012,0.4749846,-4.72452,-6.3961,-33.8921,0.04130173,
2,14.896,2,1.021689,383.9261,-0.4841965,0.4739176,-4.72452,-6.3961,-33.8921,0.04130173,
2,14.906,2,1.026121,383.9098,-0.4839541,0.4716346,-4.72452,-6.3961,-33.8921,0.04130173,
2,14.916,2,1.028345,383.8721,-0.4885102,0.475045,-4.72452,-6.3961,-33.8921,0.04130173,
2,14.926,2,1.032773,383.8665,-0.488266,0.472772,-4.72452,-6.3961,-33.8921,0.04130173,
2,14.936,2,1.032749,383.8613,-0.4877669,0.4722996,-4.72452,-6.3961,-33.8921,0.04130173,
2,14.946,2,1.035208,383.8253,-0.4893384,0.4726955,-4.72452,-6.3961,-33.8921,0.04130173,
2,14.956,2,1.033814,383.864,-0.4882194,0.4722509,-4.72452,-6.3961,-33.8921,0.04130173,
2,14.966,2,1.034017,383.8676,-0.4884174,0.4723495,-4.72452,-6.3961,-33.8921,0.04130173,
2,14.976,2,1.034984,383.8532,-0.4901856,0.4736167,-4.72452,-6.3961,-33.8921,0.04130173,
2,14.986,2,1.036725,383.8593,-0.4877975,0.4705179,-4.72452,-6.3961,-33.8921,0.04130173,
2,14.996,2,1.034322,383.8441,-0.4874711,0.4712952,-4.72452,-6.3961,-33.8921,0.04130173,
2,15.006,2,1.034303,383.8441,-0.4890727,0.4728525,-4.72452,-6.3961,-33.8921,0.04130173,
2,15.016,2,1.034273,383.8506,-0.4889658,0.4727629,-4.72452,-6.3961,-33.8921,0.04130173,
2,15.026,2,1.034828,383.8456,-0.4882005,0.4717698,-4.72452,-6.3961,-33.8921,0.04130173,
2,15.036,2,1.032991,383.8676,-0.4914683,0.4757723,-4.72452,-6.3961,-33.8921,0.04130173,
2,15.046,2,1.036789,383.8439,-0.4895818,0.4722095,-4.72452,-6.3961,-33.8921,0.04130173,
2,15.056,2,1.034524,383.8409,-0.4895497,0.4732125,-4.72452,-6.3961,-33.8921,0.04130173,
2,15.066,2,1.034975,383.853,-0.4895031,0.4729611,-4.73165,-6.3961,-33.8928,0.04199982,
2,15.076,2,1.035379,383.8348,-0.4880906,0.4714124,-4.73165,-6.3961,-33.8928,0.04199982,
2,15.086,2,1.035661,383.8331,-0.4903179,0.4734349,-4.73165,-6.3961,-33.8928,0.04199982,
2,15.096,2,1.036931,383.8361,-0.4898797,0.4724323,-4.73165,-6.3961,-33.8928,0.04199982,
2,15.106,2,1.034726,383.8328,-0.4878595,0.4714869,-4.73165,-6.3961,-33.8928,0.04199982,
2,15.116,2,1.033828,383.8667,-0.4908678,0.4748061,-4.73165,-6.3961,-33.8928,0.04199982,
2,15.126,2,1.037914,383.839,-0.4898741,0.4719796,-4.73165,-6.3961,-33.8928,0.04199982,
2,15.136,2,1.036413,383.8447,-0.4894187,0.4722238,-4.73165,-6.3961,-33.8928,0.04199982,
2,15.146,2,1.041119,383.8069,-0.4889972,0.4696843,-4.73165,-6.3961,-33.8928,0.04199982,
2,15.156,2,1.046363,383.7924,-0.4916351,0.4698513,-4.73165,-6.3961,-33.8928,0.04199982,
2,15.166,2,1.048615,383.7872,-0.4919543,0.4691465,-4.73165,-6.3961,-33.8928,0.04199982,
2,15.176,2,1.047393,383.7518,-0.4962736,0.4738181,-4.73165,-6.3961,-33.8928,0.04199982,
2,15.186,2,1.048537,383.7671,-0.4943281,0.4714453,-4.73165,-6.3961,-33.8928,0.04199982,
2,15.196,2,1.047786,383.7609,-0.4953831,0.4727905,-4.73165,-6.3961,-33.8928,0.04199982,
2,15.206,2,1.049279,383.7637,-0.4968556,0.473521,-4.73165,-6.3961,-33.8928,0.04199982,
2,15.216,2,1.047889,383.7737,-0.4961234,0.4734504,-4.73165,-6.3961,-33.8928,0.04199982,
2,15.226,2,1.050093,383.734,-0.4962482,0.4725757,-4.73165,-6.3961,-33.8928,0.04199982,
2,15.236,2,1.048148,383.7543,-0.4971563,0.4743187,-4.73165,-6.3961,-33.8928,0.04199982,
2,15.246,2,1.047752,383.7618,-0.4955647,0.472979,-4.73165,-6.3961,-33.8928,0.04199982,
2,15.256,2,1.048712,383.759,-0.4960171,0.4729772,-4.73985,-6.3961,-33.8934,0.04259872,
2,15.266,2,1.04979,383.744,-0.4975987,0.4739984,-4.73985,-6.3961,-33.8934,0.04259872,
2,15.276,2,1.048007,383.754,-0.4968188,0.4740606,-4.73985,-6.3961,-33.8934,0.04259872,
2,15.286,2,1.046875,383.7568,-0.4959336,0.4737278,-4.73985,-6.3961,-33.8934,0.04259872,
2,15.296,2,1.048197,383.7496,-0.4969584,0.4741078,-4.73985,-6.3961,-33.8934,0.04259872,
2,15.306,2,1.048403,383.746,-0.496396,0.4734781,-4.73985,-6.3961,-33.8934,0.04259872,
2,15.316,2,1.04888,383.7487,-0.4961939,0.4730704,-4.73985,-6.3961,-33.8934,0.04259872,
2,15.326,2,1.050492,383.7632,-0.4965532,0.4726862,-4.73985,-6.3961,-33.8934,0.04259872,
2,15.336,2,1.055092,383.7376,-0.4956364,0.4697567,-4.73985,-6.3961,-33.8934,0.04259872,
2,15.346,2,1.055343,383.7002,-0.4984876,0.4723464,-4.73985,-6.3961,-33.8934,0.04259872,
2,15.356,2,1.059832,383.6743,-0.5015881,0.4732715,-4.73985,-6.3961,-33.8934,0.04259872,
2,15.366,2,1.061971,383.6866,-0.5001029,0.4709196,-4.73985,-6.3961,-33.8934,0.04259872,
2,15.376,2,1.061432,383.6793,-0.5014809,0.4724569,-4.73985,-6.3961,-33.8934,0.04259872,
2,15.386,2,1.060666,383.67,-0.5038887,0.4750682,-4.73985,-6.3961,-33.8934,0.04259872,
2,15.396,2,1.0603,383.6735,-0.5018716,0.4733296,-4.73985,-6.3961,-33.8934,0.04259872,
2,15.406,2,1.062314,383.6783,-0.5059382,0.4762607,-4.73985,-6.3961,-33.8934,0.04259872,
2,15.416,2,1.06091,383.6781,-0.5034224,0.4745196,-4.73985,-6.3961,-33.8934,0.04259872,
2,15.426,2,1.061215,383.6737,-0.5015991,0.4726651,-4.73985,-6.3961,-33.8934,0.04259872,
2,15.436,2,1.064391,383.6759,-0.5006783,0.4703895,-4.73985,-6.3961,-33.8934,0.04259872,
2,15.446,2,1.060293,383.6762,-0.5021052,0.4735532,-4.73985,-6.3961,-33.8934,0.04259872,
2,15.456,2,1.059096,383.6802,-0.5017529,0.4737558,-4.73985,-6.3961,-33.8934,0.04259872,
2,15.466,2,1.063644,383.6648,-0.5000306,0.4701107,-4.74643,-6.3961,-33.8941,0.04330063,
2,15.476,2,1.06243,383.6642,-0.5026992,0.4731598,-4.74643,-6.3961,-33.8941,0.04330063,
2,15.486,2,1.061517,383.6603,-0.5013652,0.47231,-4.74643,-6.3961,-33.8941,0.04330063,
2,15.496,2,1.062336,383.6613,-0.502277,0.4728043,-4.74643,-6.3961,-33.8941,0.04330063,
2,15.506,2,1.063588,383.6544,-0.5023082,0.4722773,-4.74643,-6.3961,-33.8941,0.04330063,
2,15.516,2,1.063164,383.6643,-0.5025026,0.4726484,-4.74643,-6.3961,-33.8941,0.04330063,
2,15.526,2,1.061884,383.689,-0.5017427,0.4725021,-4.74643,-6.3961,-33.8941,0.04330063,
2,15.536,2,1.064012,383.6619,-0.5042148,0.4738807,-4.74643,-6.3961,-33.8941,0.04330063,
2,15.546,2,1.069688,383.6449,-0.5032355,0.4704507,-4.74643,-6.3961,-33.8941,0.04330063,
2,15.556,2,1.069253,383.6212,-0.5072193,0.474368,-4.74643,-6.3961,-33.8941,0.04330063,
2,15.566,2,1.074407,383.6011,-0.5082747,0.4730747,-4.74643,-6.3961,-33.8941,0.04330063,
2,15.576,2,1.075141,383.5957,-0.5068105,0.4713898,-4.74643,-6.3961,-33.8941,0.04330063,
2,15.586,2,1.074261,383.6082,-0.5069197,0.4718775,-4.74643,-6.3961,-33.8941,0.04330063,
2,15.596,2,1.076137,383.59,-0.5062588,0.4704409,-4.74643,-6.3961,-33.8941,0.04330063,
2,15.606,2,1.076644,383.594,-0.50491,0.4689666,-4.74643,-6.3961,-33.8941,0.04330063,
2,15.616,2,1.074435,383.5881,-0.5077479,0.4725722,-4.74643,-6.3961,-33.8941,0.04330063,
2,15.626,2,1.075873,383.5959,-0.5080554,0.4722262,-4.74643,-6.3961,-33.8941,0.04330063,
2,15.636,2,1.078995,383.5838,-0.5063341,0.4692646,-4.74643,-6.3961,-33.8941,0.04330063,
2,15.646,2,1.075817,383.5363,-0.5086728,0.4728246,-4.74643,-6.3961,-33.8941,0.04330063,
2,15.656,2,1.073866,383.5816,-0.5079679,0.4730271,-4.74643,-6.3961,-33.8941,0.04330063,
2,15.666,2,1.077899,383.5811,-0.5089216,0.4721424,-4.75355,-6.3961,-33.8948,0.04399872,
2,15.676,2,1.07714,383.5828,-0.5085565,0.4721359,-4.75355,-6.3961,-33.8948,0.04399872,
2,15.686,2,1.077575,383.5588,-0.5078036,0.4712467,-4.75355,-6.3961,-33.8948,0.04399872,
2,15.696,2,1.076086,383.5779,-0.5089985,0.4730091,-4.75355,-6.3961,-33.8948,0.04399872,
2,15.706,2,1.077288,383.5471,-0.5084984,0.4720172,-4.75355,-6.3961,-33.8948,0.04399872,
2,15.716,2,1.07624,383.5591,-0.5070774,0.4711565,-4.75355,-6.3961,-33.8948,0.04399872,
2,15.726,2,1.076323,383.5622,-0.5091878,0.4730808,-4.75355,-6.3961,-33.8948,0.04399872,
2,15.736,2,1.074864,383.5781,-0.5095972,0.4741041,-4.75355,-6.3961,-33.8948,0.04399872,
2,15.746,2,1.079233,383.5775,-0.5069783,0.469758,-4.75355,-6.3961,-33.8948,0.04399872,
2,15.756,2,1.084635,383.5417,-0.5077436,0.468124,-4.75355,-6.3961,-33.8948,0.04399872,
2,15.766,2,1.083759,383.5177,-0.5130755,0.4734221,-4.75355,-6.3961,-33.8948,0.04399872,
2,15.776,2,1.088148,383.4971,-0.5122141,0.4707211,-4.75355,-6.3961,-33.8948,0.04399872,
2,15.786,2,1.088865,383.484,-0.5137311,0.4718043,-4.75355,-6.3961,-33.8948,0.04399872,
2,15.796,2,1.089249,383.4993,-0.5134727,0.4714006,-4.75355,-6.3961,-33.8948,0.04399872,
2,15.806,2,1.087608,383.4904,-0.5132576,0.4719141,-4.75355,-6.3961,-33.8948,0.04399872,
2,15.816,2,1.090517,383.5057,-0.5143004,0.4716116,-4.75355,-6.3961,-33.8948,0.04399872,
2,15.826,2,1.089723,383.4908,-0.5148516,0.4724607,-4.75355,-6.3961,-33.8948,0.04399872,
2,15.836,2,1.088575,383.496,-0.5137099,0.4719103,-4.75355,-6.3961,-33.8948,0.04399872,
2,15.846,2,1.088775,383.4847,-0.5154139,0.4733886,-4.75355,-6.3961,-33.8948,0.04399872,
2,15.856,2,1.090591,383.4997,-0.5158982,0.4730446,-4.75355,-6.3961,-33.8948,0.04399872,
2,15.866,2,1.087981,383.483,-0.5141169,0.472542,-4.75355,-6.3961,-33.8948,0.04399872,
2,15.876,2,1.088493,383.4696,-0.5122658,0.4706192,-4.75355,-6.3961,-33.8948,0.04399872,
2,15.886,2,1.088132,383.4737,-0.5138721,0.4722517,-4.75355,-6.3961,-33.8948,0.04399872,
2,15.896,2,1.089096,383.4819,-0.5141162,0.4720578,-4.75355,-6.3961,-33.8948,0.04399872,
2,15.906,2,1.088766,383.482,-0.5136288,0.4717531,-4.76065,-6.3961,-33.8955,0.04470062,
2,15.916,2,1.09245,383.4886,-0.5145334,0.4709903,-4.76065,-6.3961,-33.8955,0.04470062,
2,15.926,2,1.0893,383.4821,-0.5145677,0.4723839,-4.76065,-6.3961,-33.8955,0.04470062,
2,15.936,2,1.088902,383.4939,-0.5175428,0.4752885,-4.76065,-6.3961,-33.8955,0.04470062,
2,15.946,2,1.089036,383.4709,-0.5151587,0.473041,-4.76065,-6.3961,-33.8955,0.04470062,
2,15.956,2,1.090287,383.4729,-0.5153201,0.4726462,-4.76065,-6.3961,-33.8955,0.04470062,
2,15.966,2,1.089588,383.4673,-0.5174655,0.4749184,-4.76065,-6.3961,-33.8955,0.04470062,
2,15.976,2,1.088576,383.4744,-0.5166987,0.4746554,-4.76065,-6.3961,-33.8955,0.04470062,
2,15.986,2,1.092847,383.466,-0.5150844,0.4713236,-4.76065,-6.3961,-33.8955,0.04470062,
2,15.996,2,1.096902,383.3972,-0.5176875,0.4719542,-4.76065,-6.3961,-33.8955,0.04470062,
2,16.006,2,1.099312,383.3942,-0.5183514,0.4715236,-4.76065,-6.3961,-33.8955,0.04470062,
2,16.016,2,1.10212,383.4044,-0.5195665,0.4714244,-4.76065,-6.3961,-33.8955,0.04470062,
2,16.026,2,1.103433,383.4189,-0.5218674,0.472949,-4.76065,-6.3961,-33.8955,0.04470062,
2,16.036,2,1.106553,383.4067,-0.5208576,0.4707029,-4.76065,-6.3961,-33.8955,0.04470062,
2,16.046,2,1.104209,383.4041,-0.5197273,0.4706783,-4.76065,-6.3961,-33.8955,0.04470062,
2,16.056,2,1.106585,383.3904,-0.5217884,0.4715304,-4.76065,-6.3961,-33.8955,0.04470062,
2,16.066,2,1.103099,383.3925,-0.5240209,0.4750445,-4.76065,-6.3961,-33.8955,0.04470062,
2,16.076,2,1.100753,383.3836,-0.5228523,0.4749953,-4.76065,-6.3961,-33.8955,0.04470062,
2,16.086,2,1.105328,383.3732,-0.5256565,0.475566,-4.76065,-6.3961,-33.8955,0.04470062,
2,16.096,2,1.105809,383.3829,-0.5244352,0.474255,-4.76065,-6.3961,-33.8955,0.04470062,
2,16.106,2,1.105055,383.3862,-0.5244146,0.4745598,-4.76065,-6.3961,-33.8955,0.04470062,
2,16.116,2,1.106142,383.3561,-0.5238216,0.4735574,-4.76778,-6.3961,-33.8962,0.04539871,
2,16.126,2,1.10316,383.3876,-0.5238335,0.4748483,-4.76778,-6.3961,-33.8962,0.04539871,
2,16.136,2,1.106651,383.3805,-0.525485,0.4748427,-4.76778,-6.3961,-33.8962,0.04539871,
2,16.146,2,1.106558,383.3866,-0.5238526,0.4734075,-4.76778,-6.3961,-33.8962,0.04539871,
2,16.156,2,1.105808,383.3836,-0.5231581,0.4731001,-4.76778,-6.3961,-33.8962,0.04539871,
2,16.166,2,1.106929,383.3704,-0.5237952,0.4731967,-4.76778,-6.3961,-33.8962,0.04539871,
2,16.176,2,1.105368,383.3698,-0.5240432,0.4740895,-4.76778,-6.3961,-33.8962,0.04539871,
2,16.186,2,1.104772,383.3741,-0.5233613,0.4737279,-4.76778,-6.3961,-33.8962,0.04539871,
2,16.196,2,1.112353,383.3634,-0.5234874,0.4706125,-4.76778,-6.3961,-33.8962,0.04539871,
2,16.206,2,1.111948,383.3488,-0.5269793,0.4739244,-4.76778,-6.3961,-33.8962,0.04539871,
2,16.216,2,1.11271,383.3294,-0.5292172,0.4756111,-4.76778,-6.3961,-33.8962,0.04539871,
2,16.226,2,1.117705,383.3193,-0.5288923,0.4731948,-4.76778,-6.3961,-33.8962,0.04539871,
2,16.236,2,1.118525,383.3238,-0.528124,0.4721611,-4.76778,-6.3961,-33.8962,0.04539871,
2,16.246,2,1.119641,383.3011,-0.528689,0.472195,-4.76778,-6.3961,-33.8962,0.04539871,
2,16.256,2,1.121312,383.3054,-0.5324757,0.4748686,-4.76778,-6.3961,-33.8962,0.04539871,
2,16.266,2,1.120383,383.3109,-0.5314081,0.4743091,-4.76778,-6.3961,-33.8962,0.04539871,
2,16.276,2,1.120746,383.2992,-0.5286218,0.4716698,-4.76778,-6.3961,-33.8962,0.04539871,
2,16.286,2,1.119175,383.3173,-0.5308933,0.4743613,-4.76778,-6.3961,-33.8962,0.04539871,
2,16.296,2,1.118464,383.2935,-0.5281111,0.4721754,-4.76778,-6.3961,-33.8962,0.04539871,
2,16.306,2,1.121616,383.2898,-0.527693,0.4704757,-4.76778,-6.3961,-33.8962,0.04539871,
2,16.316,2,1.121045,383.2884,-0.5298067,0.4726005,-4.76778,-6.3961,-33.8962,0.04539871,
2,16.326,2,1.120771,383.2979,-0.5294981,0.472441,-4.76778,-6.3961,-33.8962,0.04539871,
2,16.336,2,1.119185,383.3004,-0.5296582,0.4732535,-4.76778,-6.3961,-33.8962,0.04539871,
2,16.346,2,1.118477,383.278,-0.5315398,0.4752353,-4.76778,-6.3961,-33.8962,0.04539871,
2,16.356,2,1.117163,383.2958,-0.5305086,0.4748711,-4.77598,-6.3961,-33.8969,0.04610062,
2,16.366,2,1.11938,383.2815,-0.5302721,0.4737197,-4.77598,-6.3961,-33.8969,0.04610062,
2,16.376,2,1.119414,383.2858,-0.530315,0.4737436,-4.77598,-6.3961,-33.8969,0.04610062,
2,16.386,2,1.118277,383.2845,-0.532768,0.4764186,-4.77598,-6.3961,-33.8969,0.04610062,
2,16.396,2,1.11804,383.2695,-0.5306517,0.4746268,-4.77598,-6.3961,-33.8969,0.04610062,
2,16.406,2,1.124836,383.2648,-0.5312203,0.4722647,-4.77598,-6.3961,-33.8969,0.04610062,
2,16.416,2,1.125668,383.2454,-0.534275,0.4746294,-4.77598,-6.3961,-33.8969,0.04610062,
2,16.426,2,1.129568,383.2201,-0.5351243,0.4737423,-4.77598,-6.3961,-33.8969,0.04610062,
2,16.436,2,1.134779,383.2205,-0.5357133,0.4720858,-4.77598,-6.3961,-33.8969,0.04610062,
2,16.446,2,1.134446,383.2181,-0.5337318,0.4704778,-4.77598,-6.3961,-33.8969,0.04610062,
2,16.456,2,1.132912,383.2117,-0.535764,0.4729087,-4.77598,-6.3961,-33.8969,0.04610062,
2,16.466,2,1.134548,383.2176,-0.5359652,0.4724041,-4.77598,-6.3961,-33.8969,0.04610062,
2,16.476,2,1.135114,383.2004,-0.5332103,0.4697417,-4.77598,-6.3961,-33.8969,0.04610062,
2,16.486,2,1.131428,383.1965,-0.5363061,0.4740082,-4.77598,-6.3961,-33.8969,0.04610062,
2,16.496,2,1.131783,383.2005,-0.5381483,0.4754871,-4.77598,-6.3961,-33.8969,0.04610062,
2,16.506,2,1.134382,383.2139,-0.5338231,0.470585,-4.77598,-6.3961,-33.8969,0.04610062,
2,16.516,2,1.132055,383.1732,-0.5392939,0.4763848,-4.77598,-6.3961,-33.8969,0.04610062,
2,16.526,2,1.130629,383.1826,-0.5391874,0.4768915,-4.77598,-6.3961,-33.8969,0.04610062,
2,16.536,2,1.133358,383.1867,-0.5368994,0.4737245,-4.77598,-6.3961,-33.8969,0.04610062,
2,16.546,2,1.133046,383.1712,-0.5386543,0.4754037,-4.78307,-6.3961,-33.8976,0.04679871,
2,16.556,2,1.13391,383.1816,-0.536812,0.4734167,-4.78307,-6.3961,-33.8976,0.04679871,
2,16.566,2,1.134765,383.1941,-0.5380121,0.4741177,-4.78307,-6.3961,-33.8976,0.04679871,
2,16.576,2,1.136916,383.193,-0.5364971,0.4718879,-4.78307,-6.3961,-33.8976,0.04679871,
2,16.586,2,1.131817,383.1815,-0.5375553,0.474949,-4.78307,-6.3961,-33.8976,0.04679871,
2,16.596,2,1.138252,383.1838,-0.5344802,0.4695625,-4.78307,-6.3961,-33.8976,0.04679871,
2,16.606,2,1.142421,383.1412,-0.5374408,0.4704403,-4.78307,-6.3961,-33.8976,0.04679871,
2,16.616,2,1.142319,383.1342,-0.5388263,0.4716952,-4.78307,-6.3961,-33.8976,0.04679871,
2,16.626,2,1.148283,383.1283,-0.5392098,0.469579,-4.78307,-6.3961,-33.8976,0.04679871,
2,16.636,2,1.148161,383.1126,-0.54062,0.4708573,-4.78307,-6.3961,-33.8976,0.04679871,
2,16.646,2,1.146551,383.1148,-0.5407416,0.4716244,-4.78307,-6.3961,-33.8976,0.04679871,
2,16.656,2,1.150428,383.0983,-0.5419032,0.4710448,-4.78307,-6.3961,-33.8976,0.04679871,
2,16.666,2,1.146542,383.114,-0.5436038,0.4741246,-4.78307,-6.3961,-33.8976,0.04679871,
2,16.676,2,1.148921,383.1094,-0.5429083,0.4725377,-4.78307,-6.3961,-33.8976,0.04679871,
2,16.686,2,1.151773,383.1001,-0.5416089,0.4702393,-4.78307,-6.3961,-33.8976,0.04679871,
2,16.696,2,1.14611,383.118,-0.5425687,0.4734003,-4.78307,-6.3961,-33.8976,0.04679871,
2,16.706,2,1.147466,383.1008,-0.543447,0.4736062,-4.78307,-6.3961,-33.8976,0.04679871,
2,16.716,2,1.149443,383.1125,-0.542973,0.4723793,-4.78307,-6.3961,-33.8976,0.04679871,
2,16.726,2,1.148458,383.1073,-0.5431269,0.4729185,-4.78307,-6.3961,-33.8976,0.04679871,
2,16.736,2,1.149238,383.1087,-0.5445753,0.4738578,-4.78307,-6.3961,-33.8976,0.04679871,
2,16.746,2,1.147069,383.1037,-0.5430723,0.4734436,-4.78307,-6.3961,-33.8976,0.04679871,
2,16.756,2,1.147502,383.1048,-0.5429246,0.4731361,-4.78307,-6.3961,-33.8976,0.04679871,
2,16.766,2,1.149446,383.0901,-0.5421917,0.4716984,-4.78307,-6.3961,-33.8976,0.04679871,
2,16.776,2,1.147739,383.0853,-0.5421509,0.4723641,-4.78307,-6.3961,-33.8976,0.04679871,
2,16.786,2,1.147007,383.086,-0.5443273,0.4745632,-4.78965,-6.3961,-33.8983,0.04750061,
2,16.796,2,1.14827,383.0909,-0.5441363,0.4738748,-4.78965,-6.3961,-33.8983,0.04750061,
2,16.806,2,1.147392,383.0822,-0.5427826,0.4730577,-4.78965,-6.3961,-33.8983,0.04750061,
2,16.816,2,1.14866,383.0505,-0.5447535,0.4742513,-4.78965,-6.3961,-33.8983,0.04750061,
2,16.826,2,1.145859,383.0863,-0.5440196,0.4747701,-4.78965,-6.3961,-33.8983,0.04750061,
2,16.836,2,1.147436,383.0775,-0.5444778,0.474517,-4.78965,-6.3961,-33.8983,0.04750061,
2,16.846,2,1.151304,383.0638,-0.5438438,0.4723721,-4.78965,-6.3961,-33.8983,0.04750061,
2,16.856,2,1.153975,383.0606,-0.5436286,0.4710922,-4.78965,-6.3961,-33.8983,0.04750061,
2,16.866,2,1.156093,383.0139,-0.5454895,0.4718389,-4.78965,-6.3961,-33.8983,0.04750061,
2,16.876,2,1.158847,382.989,-0.5478981,0.4727957,-4.78965,-6.3961,-33.8983,0.04750061,
2,16.886,2,1.164164,382.9989,-0.5472712,0.4700981,-4.78965,-6.3961,-33.8983,0.04750061,
2,16.896,2,1.161472,382.9958,-0.5487301,0.4724436,-4.78965,-6.3961,-33.8983,0.04750061,
2,16.906,2,1.163122,383.0152,-0.5489317,0.4719468,-4.78965,-6.3961,-33.8983,0.04750061,
2,16.916,2,1.161831,382.9966,-0.547206,0.4709858,-4.78965,-6.3961,-33.8983,0.04750061,
2,16.926,2,1.162339,383.0091,-0.5464488,0.4701284,-4.78965,-6.3961,-33.8983,0.04750061,
2,16.936,2,1.162645,383.0035,-0.5479491,0.4712952,-4.78965,-6.3961,-33.8983,0.04750061,
2,16.946,2,1.163038,383.0036,-0.5473695,0.4706377,-4.78965,-6.3961,-33.8983,0.04750061,
2,16.956,2,1.159491,383.0087,-0.5491243,0.4735909,-4.78965,-6.3961,-33.8983,0.04750061,
2,16.966,2,1.160526,382.9862,-0.5509315,0.4747258,-4.78965,-6.3961,-33.8983,0.04750061,
2,16.976,2,1.161611,382.989,-0.5507656,0.4741393,-4.78965,-6.3961,-33.8983,0.04750061,
2,16.986,2,1.163011,382.9955,-0.5504103,0.4732634,-4.78965,-6.3961,-33.8983,0.04750061,
2,16.996,2,1.163018,382.9826,-0.5502027,0.4730818,-4.78965,-6.3961,-33.8983,0.04750061,
2,17.006,2,1.162593,382.9943,-0.5507649,0.4737384,-4.78965,-6.3961,-33.8983,0.04750061,
2,17.016,2,1.163934,382.9857,-0.5503191,0.4728097,-4.7984,-6.3961,-33.899,0.0481987,
2,17.026,2,1.163876,382.9897,-0.5507972,0.473244,-4.7984,-6.3961,-33.899,0.0481987,
2,17.036,2,1.163396,382.9929,-0.5514408,0.4739922,-4.7984,-6.3961,-33.899,0.0481987,
2,17.046,2,1.163663,382.9775,-0.5492456,0.471997,-4.7984,-6.3961,-33.899,0.0481987,
2,17.056,2,1.165503,382.9774,-0.5497974,0.4717254,-4.7984,-6.3961,-33.899,0.0481987,
2,17.066,2,1.163727,382.9801,-0.5486536,0.4714625,-4.7984,-6.3961,-33.899,0.0481987,
2,17.076,2,1.163172,382.9824,-0.5506557,0.4734086,-4.7984,-6.3961,-33.899,0.0481987,
2,17.086,2,1.16353,382.9852,-0.5509419,0.4735089,-4.7984,-6.3961,-33.899,0.0481987,
2,17.096,2,1.169906,382.9637,-0.5507587,0.4707718,-4.7984,-6.3961,-33.899,0.0481987,
2,17.106,2,1.171852,382.9459,-0.5559908,0.4744549,-4.7984,-6.3961,-33.899,0.0481987,
2,17.116,2,1.173467,382.9144,-0.5553633,0.4732672,-4.7984,-6.3961,-33.899,0.0481987,
2,17.126,2,1.179771,382.912,-0.5552304,0.4706254,-4.7984,-6.3961,-33.899,0.0481987,
2,17.136,2,1.178752,382.907,-0.5593399,0.4745186,-4.7984,-6.3961,-33.899,0.0481987,
2,17.146,2,1.175325,382.9065,-0.557752,0.4745511,-4.7984,-6.3961,-33.899,0.0481987,
2,17.156,2,1.178112,382.9053,-0.5569597,0.4727563,-4.7984,-6.3961,-33.899,0.0481987,
2,17.166,2,1.178233,382.8658,-0.5573986,0.4730801,-4.7984,-6.3961,-33.899,0.0481987,
2,17.176,2,1.177294,382.8932,-0.5575433,0.4735802,-4.7984,-6.3961,-33.899,0.0481987,
2,17.186,2,1.177406,382.8806,-0.5574569,0.4734619,-4.7984,-6.3961,-33.899,0.0481987,
2,17.196,2,1.177276,382.9064,-0.5573461,0.4734199,-4.7984,-6.3961,-33.899,0.0481987,
2,17.206,2,1.178952,382.8923,-0.5565931,0.4721083,-4.7984,-6.3961,-33.899,0.0481987,
2,17.216,2,1.179578,382.906,-0.5579239,0.472986,-4.7984,-6.3961,-33.899,0.0481987,
2,17.226,2,1.179567,382.9048,-0.5590588,0.4739526,-4.8066,-6.3961,-33.8998,0.04899979,
2,17.236,2,1.179506,382.8879,-0.5601919,0.4749376,-4.8066,-6.3961,-33.8998,0.04899979,
2,17.246,2,1.179843,382.8801,-0.5588149,0.473635,-4.8066,-6.3961,-33.8998,0.04899979,
2,17.256,2,1.180972,382.8788,-0.5618018,0.4757114,-4.8066,-6.3961,-33.8998,0.04899979,
2,17.266,2,1.178272,382.8882,-0.5596861,0.475006,-4.8066,-6.3961,-33.8998,0.04899979,
2,17.276,2,1.177361,382.8824,-0.5604139,0.4759914,-4.8066,-6.3961,-33.8998,0.04899979,
2,17.286,2,1.177461,382.8595,-0.5609747,0.4764275,-4.8066,-6.3961,-33.8998,0.04899979,
2,17.296,2,1.18118,382.8814,-0.5601141,0.4741987,-4.8066,-6.3961,-33.8998,0.04899979,
2,17.306,2,1.185797,382.8625,-0.5614492,0.4734783,-4.8066,-6.3961,-33.8998,0.04899979,
2,17.316,2,1.1863,382.835,-0.5648009,0.4761031,-4.8066,-6.3961,-33.8998,0.04899979,
2,17.326,2,1.191381,382.815,-0.5630786,0.4726268,-4.8066,-6.3961,-33.8998,0.04899979,
2,17.336,2,1.191865,382.8146,-0.5645936,0.4737058,-4.8066,-6.3961,-33.8998,0.04899979,
2,17.346,2,1.191088,382.8065,-0.56639,0.4755231,-4.8066,-6.3961,-33.8998,0.04899979,
2,17.356,2,1.192973,382.7981,-0.5628079,0.4717692,-4.8066,-6.3961,-33.8998,0.04899979,
2,17.366,2,1.191796,382.8043,-0.5641259,0.4733408,-4.8066,-6.3961,-33.8998,0.04899979,
2,17.376,2,1.192085,382.8247,-0.5685939,0.4769743,-4.8066,-6.3961,-33.8998,0.04899979,
2,17.386,2,1.191783,382.805,-0.5643451,0.4735301,-4.8066,-6.3961,-33.8998,0.04899979,
2,17.396,2,1.189725,382.817,-0.5647914,0.4747242,-4.8066,-6.3961,-33.8998,0.04899979,
2,17.406,2,1.192991,382.8033,-0.5664687,0.4748305,-4.8066,-6.3961,-33.8998,0.04899979,
2,17.416,2,1.192942,382.8069,-0.5672652,0.475518,-4.81372,-6.3961,-33.9004,0.04959869,
2,17.426,2,1.190305,382.8032,-0.568523,0.4776281,-4.81372,-6.3961,-33.9004,0.04959869,
2,17.436,2,1.190871,382.7915,-0.5668888,0.4760289,-4.81372,-6.3961,-33.9004,0.04959869,
2,17.446,2,1.190728,382.7853,-0.5653743,0.4748139,-4.81372,-6.3961,-33.9004,0.04959869,
2,17.456,2,1.192334,382.8094,-0.5666639,0.475256,-4.81372,-6.3961,-33.9004,0.04959869,
2,17.466,2,1.194429,382.7817,-0.5653753,0.4733438,-4.81372,-6.3961,-33.9004,0.04959869,
2,17.476,2,1.189924,382.7953,-0.5662085,0.4758359,-4.81372,-6.3961,-33.9004,0.04959869,
2,17.486,2,1.192217,382.7926,-0.5650696,0.4739652,-4.81372,-6.3961,-33.9004,0.04959869,
2,17.496,2,1.200819,382.7741,-0.5665227,0.4717804,-4.81372,-6.3961,-33.9004,0.04959869,
2,17.506,2,1.201383,382.7505,-0.5678531,0.4726663,-4.81372,-6.3961,-33.9004,0.04959869,
2,17.516,2,1.200404,382.7241,-0.5703045,0.4750937,-4.81372,-6.3961,-33.9004,0.04959869,
2,17.526,2,1.207772,382.7169,-0.569409,0.4714541,-4.81372,-6.3961,-33.9004,0.04959869,
2,17.536,2,1.206094,382.7213,-0.5705893,0.4730885,-4.81372,-6.3961,-33.9004,0.04959869,
2,17.546,2,1.205033,382.7237,-0.5707197,0.4736132,-4.81372,-6.3961,-33.9004,0.04959869,
2,17.556,2,1.207193,382.714,-0.5711798,0.4731469,-4.81372,-6.3961,-33.9004,0.04959869,
2,17.566,2,1.204315,382.702,-0.5710636,0.4741813,-4.81372,-6.3961,-33.9004,0.04959869,
2,17.576,2,1.205636,382.7036,-0.5709735,0.4735871,-4.81372,-6.3961,-33.9004,0.04959869,
2,17.586,2,1.206866,382.7108,-0.5720457,0.4739929,-4.81372,-6.3961,-33.9004,0.04959869,
2,17.596,2,1.205671,382.7028,-0.5729461,0.4752092,-4.81372,-6.3961,-33.9004,0.04959869,
2,17.606,2,1.207511,382.7151,-0.5732298,0.4747201,-4.81372,-6.3961,-33.9004,0.04959869,
2,17.616,2,1.206779,382.709,-0.5721211,0.4740895,-4.81372,-6.3961,-33.9004,0.04959869,
2,17.626,2,1.2043,382.7079,-0.5719721,0.4749417,-4.81372,-6.3961,-33.9004,0.04959869,
2,17.636,2,1.204417,382.7098,-0.5733616,0.476049,-4.8203,-6.3961,-33.9011,0.0503006,
2,17.646,2,1.205587,382.6982,-0.5709815,0.473613,-4.8203,-6.3961,-33.9011,0.0503006,
2,17.656,2,1.202226,382.697,-0.5730658,0.4766706,-4.8203,-6.3961,-33.9011,0.0503006,
2,17.666,2,1.203489,382.7189,-0.5727281,0.4758898,-4.8203,-6.3961,-33.9011,0.0503006,
2,17.676,2,1.202313,382.6682,-0.5719571,0.4757141,-4.8203,-6.3961,-33.9011,0.0503006,
2,17.686,2,1.203156,382.7014,-0.5731469,0.4763698,-4.8203,-6.3961,-33.9011,0.0503006,
2,17.696,2,1.202928,382.701,-0.575265,0.4782206,-4.8203,-6.3961,-33.9011,0.0503006,
2,17.706,2,1.202671,382.6848,-0.5750207,0.4781196,-4.8203,-6.3961,-33.9011,0.0503006,
2,17.716,2,1.208964,382.6624,-0.5762728,0.4766668,-4.8203,-6.3961,-33.9011,0.0503006,
2,17.726,2,1.210454,382.6482,-0.5769636,0.4766508,-4.8203,-6.3961,-33.9011,0.0503006,
2,17.736,2,1.214868,382.6395,-0.5768859,0.4748549,-4.8203,-6.3961,-33.9011,0.0503006,
2,17.746,2,1.219349,382.6372,-0.5795362,0.4752833,-4.8203,-6.3961,-33.9011,0.0503006,
2,17.756,2,1.217808,382.6211,-0.5793618,0.4757416,-4.8203,-6.3961,-33.9011,0.0503006,
2,17.766,2,1.216963,382.6182,-0.5789472,0.4757313,-4.8203,-6.3961,-33.9011,0.0503006,
2,17.776,2,1.221674,382.6089,-0.5785195,0.4735465,-4.8203,-6.3961,-33.9011,0.0503006,
2,17.786,2,1.220996,382.6226,-0.5795146,0.4746244,-4.8203,-6.3961,-33.9011,0.0503006,
2,17.796,2,1.217553,382.6183,-0.579036,0.4755734,-4.8203,-6.3961,-33.9011,0.0503006,
2,17.806,2,1.219039,382.6166,-0.5784546,0.4745169,-4.8203,-6.3961,-33.9011,0.0503006,
2,17.816,2,1.218192,382.6082,-0.5775896,0.4741369,-4.82743,-6.3961,-33.9018,0.05099869,
2,17.826,2,1.216978,382.6032,-0.5797346,0.4763722,-4.82743,-6.3961,-33.9018,0.05099869,
2,17.836,2,1.217583,382.6197,-0.5812045,0.4773427,-4.82743,-6.3961,-33.9018,0.05099869,
2,17.846,2,1.219486,382.6037,-0.5792058,0.4749588,-4.82743,-6.3961,-33.9018,0.05099869,
2,17.856,2,1.219046,382.601,-0.5817617,0.477227,-4.82743,-6.3961,-33.9018,0.05099869,
2,17.866,2,1.221079,382.6154,-0.5825336,0.4770645,-4.82743,-6.3961,-33.9018,0.05099869,
2,17.876,2,1.221103,382.6082,-0.5814149,0.476139,-4.82743,-6.3961,-33.9018,0.05099869,
2,17.886,2,1.21885,382.5936,-0.58038,0.47617,-4.82743,-6.3961,-33.9018,0.05099869,
2,17.896,2,1.218225,382.6084,-0.5824925,0.4781487,-4.82743,-6.3961,-33.9018,0.05099869,
2,17.906,2,1.22224,382.5998,-0.5805203,0.4749641,-4.82743,-6.3961,-33.9018,0.05099869,
2,17.916,2,1.224409,382.5642,-0.581263,0.4747295,-4.82743,-6.3961,-33.9018,0.05099869,
2,17.926,2,1.230789,382.5497,-0.5830916,0.4737544,-4.82743,-6.3961,-33.9018,0.05099869,
2,17.936,2,1.233755,382.5347,-0.5844063,0.4736811,-4.82743,-6.3961,-33.9018,0.05099869,
2,17.946,2,1.234739,382.5237,-0.5846082,0.4734669,-4.82743,-6.3961,-33.9018,0.05099869,
2,17.956,2,1.232251,382.5259,-0.5873906,0.4766811,-4.82743,-6.3961,-33.9018,0.05099869,
2,17.966,2,1.232173,382.5195,-0.5854918,0.4751702,-4.82743,-6.3961,-33.9018,0.05099869,
2,17.976,2,1.23438,382.5052,-0.5859872,0.4747219,-4.82743,-6.3961,-33.9018,0.05099869,
2,17.986,2,1.23317,382.485,-0.5879062,0.4767438,-4.82743,-6.3961,-33.9018,0.05099869,
2,17.996,2,1.232388,382.5155,-0.5880193,0.4771383,-4.82743,-6.3961,-33.9018,0.05099869,
2,18.006,2,1.233846,382.51,-0.5867974,0.475584,-4.82743,-6.3961,-33.9018,0.05099869,
2,18.016,2,1.234041,382.507,-0.588761,0.4771,-4.82743,-6.3961,-33.9018,0.05099869,
2,18.026,2,1.235145,382.5108,-0.5867131,0.4750155,-4.83397,-6.3961,-33.9026,0.05179977,
2,18.036,2,1.23451,382.5004,-0.588768,0.4769244,-4.83397,-6.3961,-33.9026,0.05179977,
2,18.046,2,1.230824,382.4847,-0.5893936,0.4788608,-4.83397,-6.3961,-33.9026,0.05179977,
2,18.056,2,1.233642,382.5041,-0.5867226,0.4756018,-4.83397,-6.3961,-33.9026,0.05179977,
2,18.066,2,1.235121,382.4926,-0.5864614,0.4748212,-4.83397,-6.3961,-33.9026,0.05179977,
2,18.076,2,1.234731,382.5104,-0.5874331,0.4757578,-4.83397,-6.3961,-33.9026,0.05179977,
2,18.086,2,1.234147,382.5071,-0.5853192,0.4742701,-4.83397,-6.3961,-33.9026,0.05179977,
2,18.096,2,1.233693,382.4956,-0.58739,0.4761234,-4.83397,-6.3961,-33.9026,0.05179977,
2,18.106,2,1.239965,382.4851,-0.5900249,0.4758398,-4.83397,-6.3961,-33.9026,0.05179977,
2,18.116,2,1.240195,382.4412,-0.5915961,0.4770187,-4.83397,-6.3961,-33.9026,0.05179977,
2,18.126,2,1.246232,382.4133,-0.5923015,0.4752739,-4.83397,-6.3961,-33.9026,0.05179977,
2,18.136,2,1.247817,382.428,-0.5928895,0.4751416,-4.83397,-6.3961,-33.9026,0.05179977,
2,18.146,2,1.250315,382.4364,-0.5921082,0.4735674,-4.83397,-6.3961,-33.9026,0.05179977,
2,18.156,2,1.24843,382.4321,-0.5959374,0.4773493,-4.83397,-6.3961,-33.9026,0.05179977,
2,18.166,2,1.247101,382.4165,-0.5927878,0.4753327,-4.83397,-6.3961,-33.9026,0.05179977,
2,18.176,2,1.250201,382.4271,-0.5948835,0.4758303,-4.83397,-6.3961,-33.9026,0.05179977,
2,18.186,2,1.248621,382.4171,-0.5953467,0.4768033,-4.83397,-6.3961,-33.9026,0.05179977,
2,18.196,2,1.248024,382.4273,-0.595544,0.4771896,-4.83397,-6.3961,-33.9026,0.05179977,
2,18.206,2,1.247292,382.4163,-0.5933305,0.4756949,-4.83397,-6.3961,-33.9026,0.05179977,
2,18.216,2,1.249098,382.4094,-0.5943743,0.4758429,-4.83397,-6.3961,-33.9026,0.05179977,
2,18.226,2,1.249271,382.4069,-0.5933604,0.4749655,-4.84107,-6.3961,-33.9032,0.05239868,
2,18.236,2,1.249631,382.4077,-0.5929998,0.4745398,-4.84107,-6.3961,-33.9032,0.05239868,
2,18.246,2,1.24837,382.419,-0.5961847,0.4775704,-4.84107,-6.3961,-33.9032,0.05239868,
2,18.256,2,1.247292,382.4095,-0.5960864,0.4779044,-4.84107,-6.3961,-33.9032,0.05239868,
2,18.266,2,1.248309,382.4072,-0.5938536,0.4757265,-4.84107,-6.3961,-33.9032,0.05239868,
2,18.276,2,1.247533,382.4124,-0.5959252,0.4776828,-4.84107,-6.3961,-33.9032,0.05239868,
2,18.286,2,1.248549,382.4012,-0.5966071,0.4778403,-4.84107,-6.3961,-33.9032,0.05239868,
2,18.296,2,1.249633,382.3997,-0.5960522,0.4769817,-4.84107,-6.3961,-33.9032,0.05239868,
2,18.306,2,1.247796,382.3932,-0.5974829,0.4788305,-4.84107,-6.3961,-33.9032,0.05239868,
2,18.316,2,1.247835,382.4104,-0.5982168,0.4794037,-4.84107,-6.3961,-33.9032,0.05239868,
2,18.326,2,1.247835,382.4019,-0.5975407,0.4788619,-4.84107,-6.3961,-33.9032,0.05239868,
2,18.336,2,1.250028,382.3621,-0.5978304,0.4782538,-4.84107,-6.3961,-33.9032,0.05239868,
2,18.346,2,1.253539,382.3777,-0.5965208,0.4758692,-4.84107,-6.3961,-33.9032,0.05239868,
2,18.356,2,1.256436,382.3399,-0.599131,0.4768496,-4.84107,-6.3961,-33.9032,0.05239868,
2,18.366,2,1.261063,382.3403,-0.5996724,0.4755293,-4.84107,-6.3961,-33.9032,0.05239868,
2,18.376,2,1.263097,382.3372,-0.5987149,0.4740057,-4.84107,-6.3961,-33.9032,0.05239868,
2,18.386,2,1.262531,382.3394,-0.5996736,0.4749772,-4.84107,-6.3961,-33.9032,0.05239868,
2,18.396,2,1.262627,382.3301,-0.6002373,0.4753876,-4.84107,-6.3961,-33.9032,0.05239868,
2,18.406,2,1.260803,382.3287,-0.6010865,0.476749,-4.84107,-6.3961,-33.9032,0.05239868,
2,18.416,2,1.260582,382.3163,-0.6018808,0.4774626,-4.84107,-6.3961,-33.9032,0.05239868,
2,18.426,2,1.262981,382.3103,-0.602518,0.4770603,-4.84107,-6.3961,-33.9032,0.05239868,
2,18.436,2,1.261428,382.3282,-0.6017029,0.4770014,-4.84107,-6.3961,-33.9032,0.05239868,
2,18.446,2,1.261134,382.3181,-0.6023363,0.4776148,-4.84107,-6.3961,-33.9032,0.05239868,
2,18.456,2,1.261851,382.3018,-0.6021374,0.4771857,-4.84107,-6.3961,-33.9032,0.05239868,
2,18.466,2,1.262951,382.319,-0.6011944,0.4760234,-4.8482,-6.3961,-33.9039,0.05310059,
2,18.476,2,1.261193,382.2988,-0.6038015,0.4787541,-4.8482,-6.3961,-33.9039,0.05310059,
2,18.486,2,1.262084,382.3188,-0.6050806,0.4794296,-4.8482,-6.3961,-33.9039,0.05310059,
2,18.496,2,1.260131,382.3196,-0.6032507,0.4787208,-4.8482,-6.3961,-33.9039,0.05310059,
2,18.506,2,1.261884,382.2974,-0.6030533,0.4778991,-4.8482,-6.3961,-33.9039,0.05310059,
2,18.516,2,1.263323,382.3073,-0.6044841,0.4784873,-4.8482,-6.3961,-33.9039,0.05310059,
2,18.526,2,1.262594,382.3114,-0.60163,0.4765033,-4.8482,-6.3961,-33.9039,0.05310059,
2,18.536,2,1.266318,382.2815,-0.6044507,0.4773291,-4.8482,-6.3961,-33.9039,0.05310059,
2,18.546,2,1.267962,382.275,-0.6064132,0.4782582,-4.8482,-6.3961,-33.9039,0.05310059,
2,18.556,2,1.271116,382.2529,-0.6103928,0.4802025,-4.8482,-6.3961,-33.9039,0.05310059,
2,18.566,2,1.27554,382.2578,-0.6125048,0.4801927,-4.8482,-6.3961,-33.9039,0.05310059,
2,18.576,2,1.274188,382.2549,-0.6112591,0.4797243,-4.8482,-6.3961,-33.9039,0.05310059,
2,18.586,2,1.272689,382.2393,-0.6109959,0.4800827,-4.8482,-6.3961,-33.9039,0.05310059,
2,18.596,2,1.274899,382.2353,-0.6113352,0.4795167,-4.8482,-6.3961,-33.9039,0.05310059,
2,18.606,2,1.274918,382.2437,-0.6095962,0.4781456,-4.8482,-6.3961,-33.9039,0.05310059,
2,18.616,2,1.273679,382.2372,-0.6106767,0.4794588,-4.8482,-6.3961,-33.9039,0.05310059,
2,18.626,2,1.275207,382.2314,-0.6120037,0.4799248,-4.8482,-6.3961,-33.9039,0.05310059,
2,18.636,2,1.275252,382.2281,-0.6124722,0.4802754,-4.8482,-6.3961,-33.9039,0.05310059,
2,18.646,2,1.273512,382.219,-0.6096856,0.4787435,-4.8482,-6.3961,-33.9039,0.05310059,
2,18.656,2,1.273878,382.2203,-0.6164306,0.483901,-4.8482,-6.3961,-33.9039,0.05310059,
2,18.666,2,1.273485,382.2208,-0.6097704,0.4788203,-4.8482,-6.3961,-33.9039,0.05310059,
2,18.676,2,1.274081,382.2119,-0.6093607,0.4782749,-4.8482,-6.3961,-33.9039,0.05310059,
2,18.686,2,1.27514,382.1987,-0.6129315,0.4806779,-4.85585,-6.3961,-33.9046,0.05379868,
2,18.696,2,1.274047,382.2148,-0.6160657,0.4835504,-4.85585,-6.3961,-33.9046,0.05379868,
2,18.706,2,1.275288,382.2139,-0.6159394,0.4829808,-4.85585,-6.3961,-33.9046,0.05379868,
2,18.716,2,1.274858,382.2202,-0.6177287,0.484547,-4.85585,-6.3961,-33.9046,0.05379868,
2,18.726,2,1.278409,382.2089,-0.6150937,0.4811401,-4.85585,-6.3961,-33.9046,0.05379868,
2,18.736,2,1.279554,382.1617,-0.6225978,0.4865739,-4.85585,-6.3961,-33.9046,0.05379868,
2,18.746,2,1.287564,382.1388,-0.6181337,0.4800801,-4.85585,-6.3961,-33.9046,0.05379868,
2,18.756,2,1.291516,382.145,-0.6173083,0.4779719,-4.85585,-6.3961,-33.9046,0.05379868,
2,18.766,2,1.28903,382.1364,-0.6175907,0.4791128,-4.85585,-6.3961,-33.9046,0.05379868,
2,18.776,2,1.288632,382.1399,-0.6236982,0.4840001,-4.85585,-6.3961,-33.9046,0.05379868,
2,18.786,2,1.290297,382.1411,-0.616032,0.4774343,-4.85585,-6.3961,-33.9046,0.05379868,
2,18.796,2,1.29035,382.1406,-0.6152388,0.4768001,-4.85585,-6.3961,-33.9046,0.05379868,
2,18.806,2,1.289048,382.1376,-0.6182799,0.4796408,-4.85585,-6.3961,-33.9046,0.05379868,
2,18.816,2,1.287336,382.1262,-0.6145027,0.4773445,-4.85585,-6.3961,-33.9046,0.05379868,
2,18.826,2,1.289474,382.1224,-0.6149721,0.4769172,-4.85585,-6.3961,-33.9046,0.05379868,
2,18.836,2,1.290419,382.1221,-0.6178029,0.4787613,-4.85585,-6.3961,-33.9046,0.05379868,
2,18.846,2,1.287807,382.1246,-0.6165171,0.4787341,-4.85585,-6.3961,-33.9046,0.05379868,
2,18.856,2,1.290141,382.0962,-0.6234291,0.4832257,-4.85585,-6.3961,-33.9046,0.05379868,
2,18.866,2,1.288494,382.1234,-0.6230379,0.4835398,-4.86242,-6.3961,-33.9053,0.05450058,
2,18.876,2,1.289482,382.1123,-0.6182029,0.4794194,-4.86242,-6.3961,-33.9053,0.05450058,
2,18.886,2,1.291452,382.1047,-0.6186391,0.4790258,-4.86242,-6.3961,-33.9053,0.05450058,
2,18.896,2,1.285644,382.0995,-0.6214634,0.4833869,-4.86242,-6.3961,-33.9053,0.05450058,
2,18.906,2,1.290371,382.1291,-0.6199814,0.4804676,-4.86242,-6.3961,-33.9053,0.05450058,
2,18.916,2,1.295452,382.0977,-0.6238881,0.4815987,-4.86242,-6.3961,-33.9053,0.05450058,
2,18.926,2,1.294998,382.0933,-0.6224729,0.4806747,-4.86242,-6.3961,-33.9053,0.05450058,
2,18.936,2,1.299307,382.0537,-0.6254249,0.4813528,-4.86242,-6.3961,-33.9053,0.05450058,
2,18.946,2,1.303644,382.045,-0.6255064,0.4798138,-4.86242,-6.3961,-33.9053,0.05450058,
2,18.956,2,1.303405,382.0559,-0.6233013,0.47821,-4.86242,-6.3961,-33.9053,0.05450058,
2,18.966,2,1.300294,382.0368,-0.629393,0.4840391,-4.86242,-6.3961,-33.9053,0.05450058,
2,18.976,2,1.301774,382.0405,-0.6330994,0.4863359,-4.86242,-6.3961,-33.9053,0.05450058,
2,18.986,2,1.303237,382.0389,-0.6324852,0.4853187,-4.86242,-6.3961,-33.9053,0.05450058,
2,18.996,2,1.303103,382.038,-0.6263877,0.4806894,-4.86242,-6.3961,-33.9053,0.05450058,
2,19.006,2,1.30363,382.048,-0.6235207,0.4782958,-4.86242,-6.3961,-33.9053,0.05450058,
2,19.016,2,1.303859,382.0365,-0.6231392,0.4779193,-4.86242,-6.3961,-33.9053,0.05450058,
2,19.026,2,1.303839,382.0375,-0.6284419,0.4819935,-4.86242,-6.3961,-33.9053,0.05450058,
2,19.036,2,1.302056,382.0431,-0.6313257,0.4848684,-4.86242,-6.3961,-33.9053,0.05450058,
2,19.046,2,1.299711,382.0288,-0.6331086,0.4871148,-4.869,-6.3961,-33.906,0.05519867,
2,19.056,2,1.30152,382.0251,-0.6315491,0.4852395,-4.869,-6.3961,-33.906,0.05519867,
2,19.066,2,1.30341,382.0369,-0.6284471,0.4821562,-4.869,-6.3961,-33.906,0.05519867,
2,19.076,2,1.30095,382.0348,-0.6301017,0.4843396,-4.869,-6.3961,-33.906,0.05519867,
2,19.086,2,1.301745,382.0325,-0.6341925,0.4871863,-4.869,-6.3961,-33.906,0.05519867,
2,19.096,2,1.300364,382.0338,-0.6251035,0.4807143,-4.869,-6.3961,-33.906,0.05519867,
2,19.106,2,1.304713,382.0161,-0.6238669,0.4781642,-4.869,-6.3961,-33.906,0.05519867,
2,19.116,2,1.304444,382.0239,-0.6209232,0.476006,-4.869,-6.3961,-33.906,0.05519867,
2,19.126,2,1.309195,382.0026,-0.6246255,0.4771066,-4.869,-6.3961,-33.906,0.05519867,
2,19.136,2,1.311155,381.9839,-0.6327215,0.4825679,-4.869,-6.3961,-33.906,0.05519867,
2,19.146,2,1.314228,381.9555,-0.633915,0.4823478,-4.869,-6.3961,-33.906,0.05519867,
2,19.156,2,1.316547,381.9044,-0.6400508,0.4861587,-4.869,-6.3961,-33.906,0.05519867,
2,19.166,2,1.318331,381.9533,-0.6409915,0.4862142,-4.869,-6.3961,-33.906,0.05519867,
2,19.176,2,1.317975,381.9313,-0.6335487,0.4806985,-4.869,-6.3961,-33.906,0.05519867,
2,19.186,2,1.318073,381.9248,-0.6287884,0.4770513,-4.869,-6.3961,-33.906,0.05519867,
2,19.196,2,1.317313,381.9448,-0.6359026,0.4827271,-4.869,-6.3961,-33.906,0.05519867,
2,19.206,2,1.313642,381.9319,-0.6394168,0.486751,-4.869,-6.3961,-33.906,0.05519867,
2,19.216,2,1.314696,381.9263,-0.631946,0.4806785,-4.869,-6.3961,-33.906,0.05519867,
2,19.226,2,1.316882,381.9333,-0.6285332,0.4772888,-4.869,-6.3961,-33.906,0.05519867,
2,19.236,2,1.31768,381.9229,-0.6277372,0.4763959,-4.869,-6.3961,-33.906,0.05519867,
2,19.246,2,1.314803,381.9326,-0.633139,0.4815465,-4.869,-6.3961,-33.906,0.05519867,
2,19.256,2,1.318349,381.9275,-0.633332,0.4803978,-4.869,-6.3961,-33.906,0.05519867,
2,19.266,2,1.319755,381.9239,-0.6305795,0.4778004,-4.8761,-6.3961,-33.9067,0.05590057,
2,19.276,2,1.315611,381.9368,-0.6351724,0.4827964,-4.8761,-6.3961,-33.9067,0.05590057,
2,19.286,2,1.314035,381.9201,-0.6379144,0.4854623,-4.8761,-6.3961,-33.9067,0.05590057,
2,19.296,2,1.316582,381.9048,-0.6369787,0.4838123,-4.8761,-6.3961,-33.9067,0.05590057,
2,19.306,2,1.314658,381.922,-0.6362386,0.4839577,-4.8761,-6.3961,-33.9067,0.05590057,
2,19.316,2,1.31184,381.9282,-0.647733,0.493759,-4.8761,-6.3961,-33.9067,0.05590057,
2,19.326,2,1.317418,381.9379,-0.6310174,0.4789802,-4.8761,-6.3961,-33.9067,0.05590057,
2,19.336,2,1.323521,381.9013,-0.6354753,0.4801401,-4.8761,-6.3961,-33.9067,0.05590057,
2,19.346,2,1.325653,381.8657,-0.6367278,0.4803124,-4.8761,-6.3961,-33.9067,0.05590057,
2,19.356,2,1.327246,381.8542,-0.6381632,0.4808177,-4.8761,-6.3961,-33.9067,0.05590057,
2,19.366,2,1.331785,381.8401,-0.6322759,0.4747584,-4.8761,-6.3961,-33.9067,0.05590057,
2,19.376,2,1.330727,381.8648,-0.6360015,0.4779354,-4.8761,-6.3961,-33.9067,0.05590057,
2,19.386,2,1.328353,381.8389,-0.6361386,0.4788928,-4.8761,-6.3961,-33.9067,0.05590057,
2,19.396,2,1.332381,381.8285,-0.6327852,0.474928,-4.8761,-6.3961,-33.9067,0.05590057,
2,19.406,2,1.332381,381.8366,-0.6314412,0.4739195,-4.8761,-6.3961,-33.9067,0.05590057,
2,19.416,2,1.328431,381.8577,-0.6365958,0.4792089,-4.8761,-6.3961,-33.9067,0.05590057,
2,19.426,2,1.329652,381.8507,-0.6422076,0.4829891,-4.8761,-6.3961,-33.9067,0.05590057,
2,19.436,2,1.331622,381.8345,-0.640715,0.4811537,-4.8761,-6.3961,-33.9067,0.05590057,
2,19.446,2,1.330348,381.8293,-0.6390604,0.4803708,-4.8761,-6.3961,-33.9067,0.05590057,
2,19.456,2,1.332472,381.8271,-0.6379674,0.4787847,-4.8761,-6.3961,-33.9067,0.05590057,
2,19.466,2,1.330186,381.8288,-0.6365589,0.4785488,-4.88322,-6.3961,-33.9074,0.05659866,
2,19.476,2,1.333408,381.8274,-0.6389316,0.479172,-4.88322,-6.3961,-33.9074,0.05659866,
2,19.486,2,1.331541,381.8336,-0.6385692,0.4795714,-4.88322,-6.3961,-33.9074,0.05659866,
2,19.496,2,1.331918,381.8338,-0.6394995,0.4801342,-4.88322,-6.3961,-33.9074,0.05659866,
2,19.506,2,1.331802,381.7911,-0.6377063,0.4788297,-4.88322,-6.3961,-33.9074,0.05659866,
2,19.516,2,1.332116,381.8194,-0.6339518,0.4758985,-4.88322,-6.3961,-33.9074,0.05659866,
2,19.526,2,1.328762,381.8144,-0.6363565,0.4789093,-4.88322,-6.3961,-33.9074,0.05659866,
2,19.536,2,1.332107,381.8225,-0.6359198,0.4773789,-4.88322,-6.3961,-33.9074,0.05659866,
2,19.546,2,1.332003,381.8248,-0.632563,0.4748963,-4.88322,-6.3961,-33.9074,0.05659866,
2,19.556,2,1.330173,381.8276,-0.6337861,0.4764691,-4.88322,-6.3961,-33.9074,0.05659866,
2,19.566,2,1.33267,381.8214,-0.6354414,0.4768184,-4.88322,-6.3961,-33.9074,0.05659866,
2,19.576,2,1.333775,381.799,-0.6395752,0.4795226,-4.88322,-6.3961,-33.9074,0.05659866,
2,19.586,2,1.338446,381.774,-0.6401821,0.4783024,-4.88322,-6.3961,-33.9074,0.05659866,
2,19.596,2,1.341293,381.7504,-0.6412027,0.4780482,-4.88322,-6.3961,-33.9074,0.05659866,
2,19.606,2,1.341716,381.7573,-0.6417788,0.4783269,-4.88322,-6.3961,-33.9074,0.05659866,
2,19.616,2,1.343118,381.7482,-0.6444875,0.4798444,-4.88322,-6.3961,-33.9074,0.05659866,
2,19.626,2,1.344056,381.7315,-0.6422293,0.4778292,-4.88322,-6.3961,-33.9074,0.05659866,
2,19.636,2,1.344541,381.7467,-0.6402155,0.476159,-4.88322,-6.3961,-33.9074,0.05659866,
2,19.646,2,1.343277,381.7409,-0.644282,0.4796346,-4.88322,-6.3961,-33.9074,0.05659866,
2,19.656,2,1.343622,381.7497,-0.6450416,0.4800768,-4.88322,-6.3961,-33.9074,0.05659866,
2,19.666,2,1.341672,381.7438,-0.6460893,0.4815551,-4.88322,-6.3961,-33.9074,0.05659866,
2,19.676,2,1.344954,381.7326,-0.6455168,0.4799547,-4.88322,-6.3961,-33.9074,0.05659866,
2,19.686,2,1.3433,381.7334,-0.6466362,0.4813787,-4.88322,-6.3961,-33.9074,0.05659866,
2,19.696,2,1.342013,381.7355,-0.6462929,0.4815847,-4.89143,-6.3961,-33.908,0.05720139,
2,19.706,2,1.344509,381.7379,-0.6472296,0.4813874,-4.89143,-6.3961,-33.908,0.05720139,
2,19.716,2,1.343973,381.7479,-0.6487562,0.4827152,-4.89143,-6.3961,-33.908,0.05720139,
2,19.726,2,1.344738,381.7365,-0.6500856,0.483429,-4.89143,-6.3961,-33.908,0.05720139,
2,19.736,2,1.342367,381.7563,-0.6489733,0.4834544,-4.89143,-6.3961,-33.908,0.05720139,
2,19.746,2,1.345623,381.7272,-0.6471372,0.4809201,-4.89143,-6.3961,-33.908,0.05720139,
2,19.756,2,1.344919,381.7209,-0.6493974,0.4828523,-4.89143,-6.3961,-33.908,0.05720139,
2,19.766,2,1.343192,381.7353,-0.6498286,0.4837944,-4.89143,-6.3961,-33.908,0.05720139,
2,19.776,2,1.344579,381.731,-0.6442619,0.4791553,-4.89143,-6.3961,-33.908,0.05720139,
2,19.786,2,1.342767,381.7323,-0.6436019,0.4793103,-4.89143,-6.3961,-33.908,0.05720139,
2,19.796,2,1.344409,381.709,-0.6473069,0.4814805,-4.89143,-6.3961,-33.908,0.05720139,
2,19.806,2,1.347269,381.7213,-0.647434,0.4805529,-4.89143,-6.3961,-33.908,0.05720139,
2,19.816,2,1.348867,381.6995,-0.6473072,0.4798897,-4.89143,-6.3961,-33.908,0.05720139,
2,19.826,2,1.350187,381.6642,-0.6505604,0.48183,-4.89143,-6.3961,-33.908,0.05720139,
2,19.836,2,1.352418,381.6652,-0.6538337,0.4834554,-4.89143,-6.3961,-33.908,0.05720139,
2,19.846,2,1.358837,381.6423,-0.6511516,0.4791979,-4.89143,-6.3961,-33.908,0.05720139,
2,19.856,2,1.356701,381.639,-0.6544963,0.4824174,-4.89143,-6.3961,-33.908,0.05720139,
2,19.866,2,1.360978,381.6472,-0.6521255,0.4791596,-4.89143,-6.3961,-33.908,0.05720139,
2,19.876,2,1.357977,381.6548,-0.6573194,0.4840433,-4.89143,-6.3961,-33.908,0.05720139,
2,19.886,2,1.358505,381.6544,-0.6542985,0.4816311,-4.89143,-6.3961,-33.908,0.05720139,
2,19.896,2,1.358204,381.6404,-0.6548752,0.4821625,-4.89143,-6.3961,-33.908,0.05720139,
2,19.906,2,1.35978,381.6306,-0.6522347,0.4796618,-4.89143,-6.3961,-33.908,0.05720139,
2,19.916,2,1.357555,381.6133,-0.6546899,0.4822566,-4.89143,-6.3961,-33.908,0.05720139,
2,19.926,2,1.359475,381.6308,-0.6517618,0.4794216,-4.89143,-6.3961,-33.908,0.05720139,
2,19.936,2,1.358291,381.6337,-0.6550151,0.4822347,-4.89143,-6.3961,-33.908,0.05720139,
2,19.946,2,1.35929,381.6332,-0.6551577,0.4819853,-4.89143,-6.3961,-33.908,0.05720139,
2,19.956,2,1.360986,381.6386,-0.6567152,0.482529,-4.89962,-6.3961,-33.9088,0.05799866,
2,19.966,2,1.359316,381.6316,-0.6507161,0.4787085,-4.89962,-6.3961,-33.9088,0.05799866,
2,19.976,2,1.358074,381.6356,-0.6521418,0.4801961,-4.89962,-6.3961,-33.9088,0.05799866,
2,19.986,2,1.358388,381.6322,-0.6539857,0.4814425,-4.89962,-6.3961,-33.9088,0.05799866,
2,19.996,2,1.359144,381.6298,-0.6516596,0.4794632,-4.89962,-6.3961,-33.9088,0.05799866,
2,20.006,2,1.357473,381.6243,-0.6596088,0.4859092,-4.89962,-6.3961,-33.9088,0.05799866,
2,20.016,2,1.359085,381.6247,-0.6561285,0.4827724,-4.89962,-6.3961,-33.9088,0.05799866,
2,20.026,2,1.359192,381.5937,-0.6561183,0.4827266,-4.89962,-6.3961,-33.9088,0.05799866,
2,20.036,2,1.357702,381.6292,-0.6529475,0.4809213,-4.89962,-6.3961,-33.9088,0.05799866,
2,20.046,2,1.359183,381.615,-0.6529486,0.4803979,-4.89962,-6.3961,-33.9088,0.05799866,
2,20.056,2,1.364836,381.5769,-0.658636,0.4825754,-4.89962,-6.3961,-33.9088,0.05799866,
2,20.066,2,1.365246,381.5763,-0.6559532,0.4804652,-4.89962,-6.3961,-33.9088,0.05799866,
2,20.076,2,1.369238,381.5646,-0.6562843,0.4793063,-4.89962,-6.3961,-33.9088,0.05799866,
2,20.086,2,1.375368,381.5771,-0.6586843,0.4789149,-4.89962,-6.3961,-33.9088,0.05799866,
2,20.096,2,1.374807,381.5545,-0.6586391,0.4790774,-4.89962,-6.3961,-33.9088,0.05799866,
2,20.106,2,1.37199,381.5424,-0.6588062,0.4801829,-4.89962,-6.3961,-33.9088,0.05799866,
2,20.116,2,1.373204,381.519,-0.6595814,0.480323,-4.89962,-6.3961,-33.9088,0.05799866,
2,20.126,2,1.37625,381.5557,-0.657114,0.4774672,-4.89962,-6.3961,-33.9088,0.05799866,
2,20.136,2,1.373695,381.517,-0.6561714,0.4776689,-4.89962,-6.3961,-33.9088,0.05799866,
2,20.146,2,1.374297,381.5247,-0.6589839,0.4795063,-4.89962,-6.3961,-33.9088,0.05799866,
2,20.156,2,1.375076,381.5342,-0.6623402,0.4816753,-4.89962,-6.3961,-33.9088,0.05799866,
2,20.166,2,1.374884,381.5402,-0.6565577,0.4775369,-4.89962,-6.3961,-33.9088,0.05799866,
2,20.176,2,1.374269,381.5441,-0.6613252,0.4812197,-4.89962,-6.3961,-33.9088,0.05799866,
2,20.186,2,1.37376,381.5369,-0.6610819,0.481221,-4.90785,-6.3961,-33.9095,0.05870056,
2,20.196,2,1.374705,381.5197,-0.6590251,0.4793938,-4.90785,-6.3961,-33.9095,0.05870056,
2,20.206,2,1.374275,381.5439,-0.6602119,0.4804073,-4.90785,-6.3961,-33.9095,0.05870056,
2,20.216,2,1.375123,381.525,-0.6626122,0.4818567,-4.90785,-6.3961,-33.9095,0.05870056,
2,20.226,2,1.374725,381.5155,-0.6594056,0.4796635,-4.90785,-6.3961,-33.9095,0.05870056,
2,20.236,2,1.373684,381.5161,-0.6630505,0.4826807,-4.90785,-6.3961,-33.9095,0.05870056,
2,20.246,2,1.374471,381.5196,-0.6605889,0.4806131,-4.90785,-6.3961,-33.9095,0.05870056,
2,20.256,2,1.371819,381.5224,-0.6582429,0.4798322,-4.90785,-6.3961,-33.9095,0.05870056,
2,20.266,2,1.375228,381.527,-0.6609322,0.4805984,-4.90785,-6.3961,-33.9095,0.05870056,
2,20.276,2,1.373932,381.5076,-0.6591541,0.4797575,-4.90785,-6.3961,-33.9095,0.05870056,
2,20.286,2,1.374227,381.5114,-0.6593089,0.479767,-4.90785,-6.3961,-33.9095,0.05870056,
2,20.296,2,1.382656,381.4982,-0.6613882,0.4783462,-4.90785,-6.3961,-33.9095,0.05870056,
2,20.306,2,1.38211,381.4822,-0.6628038,0.4795592,-4.90785,-6.3961,-33.9095,0.05870056,
2,20.316,2,1.385071,381.4446,-0.6660837,0.4809021,-4.90785,-6.3961,-33.9095,0.05870056,
2,20.326,2,1.388789,381.3987,-0.6713865,0.4834331,-4.90785,-6.3961,-33.9095,0.05870056,
2,20.336,2,1.386789,381.4382,-0.6657755,0.4800843,-4.90785,-6.3961,-33.9095,0.05870056,
2,20.346,2,1.387836,381.4318,-0.6678663,0.4812287,-4.90785,-6.3961,-33.9095,0.05870056,
2,20.356,2,1.389246,381.4226,-0.6706796,0.4827652,-4.90785,-6.3961,-33.9095,0.05870056,
2,20.366,2,1.387243,381.4388,-0.6685358,0.481917,-4.90785,-6.3961,-33.9095,0.05870056,
2,20.376,2,1.387561,381.4354,-0.6678604,0.4813198,-4.90785,-6.3961,-33.9095,0.05870056,
2,20.386,2,1.387415,381.4391,-0.6649545,0.4792757,-4.90785,-6.3961,-33.9095,0.05870056,
2,20.396,2,1.387092,381.4407,-0.6656837,0.4799131,-4.90785,-6.3961,-33.9095,0.05870056,
2,20.406,2,1.387931,381.4254,-0.6669801,0.4805572,-4.90785,-6.3961,-33.9095,0.05870056,
2,20.416,2,1.38697,381.4394,-0.6666791,0.480673,-4.90785,-6.3961,-33.9095,0.05870056,
2,20.426,2,1.386553,381.4276,-0.6655662,0.4800149,-4.90785,-6.3961,-33.9095,0.05870056,
2,20.436,2,1.391351,381.4099,-0.6662884,0.4788789,-4.91605,-6.3961,-33.9102,0.05939865,
2,20.446,2,1.389919,381.4203,-0.6669488,0.4798472,-4.91605,-6.3961,-33.9102,0.05939865,
2,20.456,2,1.388148,381.4225,-0.6684747,0.4815586,-4.91605,-6.3961,-33.9102,0.05939865,
2,20.466,2,1.390045,381.4006,-0.6685013,0.4809205,-4.91605,-6.3961,-33.9102,0.05939865,
2,20.476,2,1.385683,381.4236,-0.6682397,0.4822457,-4.91605,-6.3961,-33.9102,0.05939865,
2,20.486,2,1.387368,381.4129,-0.6666042,0.480481,-4.91605,-6.3961,-33.9102,0.05939865,
2,20.496,2,1.389481,381.4464,-0.6730915,0.4844194,-4.91605,-6.3961,-33.9102,0.05939865,
2,20.506,2,1.388779,381.4137,-0.6691039,0.4817927,-4.91605,-6.3961,-33.9102,0.05939865,
2,20.516,2,1.387089,381.3982,-0.6740342,0.4859345,-4.91605,-6.3961,-33.9102,0.05939865,
2,20.526,2,1.390962,381.4051,-0.6688169,0.4808305,-4.91605,-6.3961,-33.9102,0.05939865,
2,20.536,2,1.394727,381.4012,-0.6676216,0.4786756,-4.91605,-6.3961,-33.9102,0.05939865,
2,20.546,2,1.397142,381.3646,-0.6691411,0.4789356,-4.91605,-6.3961,-33.9102,0.05939865,
2,20.556,2,1.402131,381.3488,-0.6714326,0.4788658,-4.91605,-6.3961,-33.9102,0.05939865,
2,20.566,2,1.403636,381.3391,-0.6727942,0.4793224,-4.91605,-6.3961,-33.9102,0.05939865,
2,20.576,2,1.4045,381.3363,-0.6774421,0.4823369,-4.91605,-6.3961,-33.9102,0.05939865,
2,20.586,2,1.403115,381.3439,-0.6729102,0.4795829,-4.91605,-6.3961,-33.9102,0.05939865,
2,20.596,2,1.402703,381.3563,-0.6749092,0.4811491,-4.91605,-6.3961,-33.9102,0.05939865,
2,20.606,2,1.403221,381.3342,-0.6723327,0.4791352,-4.91605,-6.3961,-33.9102,0.05939865,
2,20.616,2,1.403645,381.3444,-0.6743801,0.4804493,-4.91605,-6.3961,-33.9102,0.05939865,
2,20.626,2,1.402663,381.3279,-0.6738884,0.4804349,-4.91605,-6.3961,-33.9102,0.05939865,
2,20.636,2,1.404094,381.3381,-0.6735957,0.4797368,-4.91605,-6.3961,-33.9102,0.05939865,
2,20.646,2,1.402418,381.2852,-0.6736473,0.4803471,-4.91605,-6.3961,-33.9102,0.05939865,
2,20.656,2,1.401961,381.3293,-0.675531,0.4818472,-4.91605,-6.3961,-33.9102,0.05939865,
2,20.666,2,1.403552,381.3275,-0.673804,0.4800704,-4.91605,-6.3961,-33.9102,0.05939865,
2,20.676,2,1.403131,381.2762,-0.6759756,0.4817621,-4.91605,-6.3961,-33.9102,0.05939865,
2,20.686,2,1.402074,381.313,-0.6734279,0.4803083,-4.91605,-6.3961,-33.9102,0.05939865,
2,20.696,2,1.403076,381.3105,-0.6740456,0.4804057,-4.92425,-6.3961,-33.911,0.06019974,
2,20.706,2,1.403946,381.3159,-0.6743958,0.4803572,-4.92425,-6.3961,-33.911,0.06019974,
2,20.716,2,1.403813,381.3094,-0.6725084,0.4790584,-4.92425,-6.3961,-33.911,0.06019974,
2,20.726,2,1.404927,381.3173,-0.6737834,0.4795861,-4.92425,-6.3961,-33.911,0.06019974,
2,20.736,2,1.402059,381.3151,-0.6773828,0.4831344,-4.92425,-6.3961,-33.911,0.06019974,
2,20.746,2,1.404646,381.2961,-0.6742359,0.4800042,-4.92425,-6.3961,-33.911,0.06019974,
2,20.756,2,1.402912,381.2975,-0.6758671,0.48176,-4.92425,-6.3961,-33.911,0.06019974,
2,20.766,2,1.403704,381.299,-0.6776183,0.482736,-4.92425,-6.3961,-33.911,0.06019974,
2,20.776,2,1.409324,381.2804,-0.6761993,0.4798041,-4.92425,-6.3961,-33.911,0.06019974,
2,20.786,2,1.411667,381.2607,-0.6836227,0.4842662,-4.92425,-6.3961,-33.911,0.06019974,
2,20.796,2,1.412056,381.2256,-0.6865329,0.4861937,-4.92425,-6.3961,-33.911,0.06019974,
2,20.806,2,1.419205,381.2272,-0.6863852,0.4836406,-4.92425,-6.3961,-33.911,0.06019974,
2,20.816,2,1.417597,381.2249,-0.6874514,0.4849413,-4.92425,-6.3961,-33.911,0.06019974,
2,20.826,2,1.414986,381.2339,-0.687812,0.4860911,-4.92425,-6.3961,-33.911,0.06019974,
2,20.836,2,1.419556,381.2247,-0.6844599,0.4821647,-4.92425,-6.3961,-33.911,0.06019974,
2,20.846,2,1.415506,381.209,-0.6901224,0.4875445,-4.92425,-6.3961,-33.911,0.06019974,
2,20.856,2,1.419389,381.2204,-0.6851909,0.4827364,-4.92425,-6.3961,-33.911,0.06019974,
2,20.866,2,1.419173,381.2308,-0.6825455,0.4809458,-4.92425,-6.3961,-33.911,0.06019974,
2,20.876,2,1.417062,381.2154,-0.6833351,0.4822198,-4.92425,-6.3961,-33.911,0.06019974,
2,20.886,2,1.418393,381.2352,-0.6820084,0.4808317,-4.92425,-6.3961,-33.911,0.06019974,
2,20.896,2,1.418694,381.2142,-0.6825093,0.4810829,-4.92425,-6.3961,-33.911,0.06019974,
2,20.906,2,1.416765,381.2502,-0.6878413,0.4855012,-4.92425,-6.3961,-33.911,0.06019974,
2,20.916,2,1.418633,381.1942,-0.682128,0.4808348,-4.93248,-6.3961,-33.9117,0.06090164,
2,20.926,2,1.419924,381.2178,-0.6807095,0.4793986,-4.93248,-6.3961,-33.9117,0.06090164,
2,20.936,2,1.416218,381.2073,-0.6848469,0.4835746,-4.93248,-6.3961,-33.9117,0.06090164,
2,20.946,2,1.415751,381.2094,-0.6907256,0.4878864,-4.93248,-6.3961,-33.9117,0.06090164,
2,20.956,2,1.418002,381.2109,-0.6826778,0.4814365,-4.93248,-6.3961,-33.9117,0.06090164,
2,20.966,2,1.417394,381.1916,-0.6846194,0.4830129,-4.93248,-6.3961,-33.9117,0.06090164,
2,20.976,2,1.419405,381.2,-0.684457,0.4822141,-4.93248,-6.3961,-33.9117,0.06090164,
2,20.986,2,1.41875,381.1914,-0.6838138,0.4819832,-4.93248,-6.3961,-33.9117,0.06090164,
2,20.996,2,1.416823,381.1953,-0.6825256,0.4817296,-4.93248,-6.3961,-33.9117,0.06090164,
2,21.006,2,1.418642,381.2016,-0.681061,0.4800794,-4.93248,-6.3961,-33.9117,0.06090164,
2,21.016,2,1.417767,381.2004,-0.680863,0.4802363,-4.93248,-6.3961,-33.9117,0.06090164,
2,21.026,2,1.422724,381.179,-0.6834212,0.4803609,-4.93248,-6.3961,-33.9117,0.06090164,
2,21.036,2,1.424446,381.1638,-0.6844913,0.4805317,-4.93248,-6.3961,-33.9117,0.06090164,
2,21.046,2,1.427694,381.126,-0.6871519,0.4813019,-4.93248,-6.3961,-33.9117,0.06090164,
2,21.056,2,1.431524,381.1353,-0.6913776,0.4829662,-4.93248,-6.3961,-33.9117,0.06090164,
2,21.066,2,1.434187,381.1302,-0.6890661,0.4804576,-4.93248,-6.3961,-33.9117,0.06090164,
2,21.076,2,1.433721,381.1136,-0.6903043,0.4814775,-4.93248,-6.3961,-33.9117,0.06090164,
2,21.086,2,1.436713,381.0961,-0.6899459,0.4802252,-4.93248,-6.3961,-33.9117,0.06090164,
2,21.096,2,1.437542,381.1104,-0.6886861,0.4790718,-4.93248,-6.3961,-33.9117,0.06090164,
2,21.106,2,1.432485,381.1085,-0.6901651,0.4817956,-4.93248,-6.3961,-33.9117,0.06090164,
2,21.116,2,1.434192,381.1056,-0.6906493,0.4815599,-4.93248,-6.3961,-33.9117,0.06090164,
2,21.126,2,1.434378,381.1222,-0.6880199,0.4796643,-4.93248,-6.3961,-33.9117,0.06090164,
2,21.136,2,1.43367,381.105,-0.6886431,0.4803359,-4.93248,-6.3961,-33.9117,0.06090164,
2,21.146,2,1.436337,381.1188,-0.6904849,0.4807264,-4.93248,-6.3961,-33.9117,0.06090164,
2,21.156,2,1.434214,381.0955,-0.688754,0.4802311,-4.93248,-6.3961,-33.9117,0.06090164,
2,21.166,2,1.435137,381.0909,-0.6872388,0.4788664,-4.93248,-6.3961,-33.9117,0.06090164,
2,21.176,2,1.433912,381.1096,-0.6904687,0.4815278,-4.93248,-6.3961,-33.9117,0.06090164,
2,21.186,2,1.434433,381.1042,-0.691983,0.4824086,-4.9412,-6.3961,-33.9125,0.06169891,
2,21.196,2,1.436115,381.0627,-0.6923248,0.4820818,-4.9412,-6.3961,-33.9125,0.06169891,
2,21.206,2,1.434654,381.1119,-0.6909167,0.4815913,-4.9412,-6.3961,-33.9125,0.06169891,
2,21.216,2,1.433553,381.0869,-0.6919466,0.4826795,-4.9412,-6.3961,-33.9125,0.06169891,
2,21.226,2,1.434815,381.0736,-0.6903639,0.4811517,-4.9412,-6.3961,-33.9125,0.06169891,
2,21.236,2,1.434846,381.0892,-0.6910948,0.4816509,-4.9412,-6.3961,-33.9125,0.06169891,
2,21.246,2,1.433841,381.0896,-0.6911047,0.4819953,-4.9412,-6.3961,-33.9125,0.06169891,
2,21.256,2,1.432941,381.1139,-0.6913589,0.4824753,-4.9412,-6.3961,-33.9125,0.06169891,
2,21.266,2,1.438814,381.0858,-0.6922495,0.4811251,-4.9412,-6.3961,-33.9125,0.06169891,
2,21.276,2,1.439311,381.0523,-0.6912783,0.4802842,-4.9412,-6.3961,-33.9125,0.06169891,
2,21.286,2,1.442783,381.0084,-0.6944147,0.4813021,-4.9412,-6.3961,-33.9125,0.06169891,
2,21.296,2,1.44795,381.0212,-0.6954619,0.4803079,-4.9412,-6.3961,-33.9125,0.06169891,
2,21.306,2,1.451213,381.0154,-0.6944834,0.4785539,-4.9412,-6.3961,-33.9125,0.06169891,
2,21.316,2,1.44977,381.0061,-0.6955672,0.4797776,-4.9412,-6.3961,-33.9125,0.06169891,
2,21.326,2,1.449728,380.9998,-0.6968504,0.4806767,-4.9412,-6.3961,-33.9125,0.06169891,
2,21.336,2,1.449251,380.9995,-0.6977564,0.4814599,-4.9412,-6.3961,-33.9125,0.06169891,
2,21.346,2,1.448903,381,-0.6987814,0.4822829,-4.9412,-6.3961,-33.9125,0.06169891,
2,21.356,2,1.449716,381.0046,-0.6986856,0.4819466,-4.9412,-6.3961,-33.9125,0.06169891,
2,21.366,2,1.449473,380.9831,-0.6962387,0.4803391,-4.9412,-6.3961,-33.9125,0.06169891,
2,21.376,2,1.44743,381.0093,-0.6991405,0.4830219,-4.9412,-6.3961,-33.9125,0.06169891,
2,21.386,2,1.449803,381.0144,-0.6987446,0.4819584,-4.9412,-6.3961,-33.9125,0.06169891,
2,21.396,2,1.450374,380.9909,-0.6971883,0.4806955,-4.94835,-6.3961,-33.9132,0.06240082,
2,21.406,2,1.450993,380.9815,-0.6995212,0.4820982,-4.94835,-6.3961,-33.9132,0.06240082,
2,21.416,2,1.449962,380.995,-0.6987337,0.4818981,-4.94835,-6.3961,-33.9132,0.06240082,
2,21.426,2,1.450779,380.9941,-0.6977873,0.4809741,-4.94835,-6.3961,-33.9132,0.06240082,
2,21.436,2,1.452365,380.9964,-0.697776,0.4804411,-4.94835,-6.3961,-33.9132,0.06240082,
2,21.446,2,1.449385,380.9872,-0.6967097,0.4806933,-4.94835,-6.3961,-33.9132,0.06240082,
2,21.456,2,1.448239,380.9788,-0.699027,0.4826737,-4.94835,-6.3961,-33.9132,0.06240082,
2,21.466,2,1.450683,380.9924,-0.6996666,0.4823017,-4.94835,-6.3961,-33.9132,0.06240082,
2,21.476,2,1.449501,380.9854,-0.6990182,0.4822475,-4.94835,-6.3961,-33.9132,0.06240082,
2,21.486,2,1.450842,380.9786,-0.7005681,0.4828701,-4.94835,-6.3961,-33.9132,0.06240082,
2,21.496,2,1.449832,380.933,-0.7018974,0.4841234,-4.94835,-6.3961,-33.9132,0.06240082,
2,21.506,2,1.449439,380.9778,-0.698872,0.4821673,-4.94835,-6.3961,-33.9132,0.06240082,
2,21.516,2,1.451659,380.9666,-0.7003643,0.4824578,-4.94835,-6.3961,-33.9132,0.06240082,
2,21.526,2,1.454098,380.9512,-0.7013479,0.4823252,-4.94835,-6.3961,-33.9132,0.06240082,
2,21.536,2,1.459425,380.9404,-0.7023025,0.4812185,-4.94835,-6.3961,-33.9132,0.06240082,
2,21.546,2,1.463151,380.9228,-0.7047071,0.4816368,-4.94835,-6.3961,-33.9132,0.06240082,
2,21.556,2,1.463103,380.9203,-0.7073156,0.4834354,-4.94835,-6.3961,-33.9132,0.06240082,
2,21.566,2,1.467564,380.911,-0.7047037,0.480186,-4.94835,-6.3961,-33.9132,0.06240082,
2,21.576,2,1.464493,380.8941,-0.7038803,0.4806308,-4.94835,-6.3961,-33.9132,0.06240082,
2,21.586,2,1.463252,380.9056,-0.7060086,0.4824929,-4.94835,-6.3961,-33.9132,0.06240082,
2,21.596,2,1.465319,380.8923,-0.7028564,0.4796609,-4.94835,-6.3961,-33.9132,0.06240082,
2,21.606,2,1.464423,380.896,-0.7053338,0.4816463,-4.94835,-6.3961,-33.9132,0.06240082,
2,21.616,2,1.463126,380.8967,-0.7079234,0.4838432,-4.94835,-6.3961,-33.9132,0.06240082,
2,21.626,2,1.464246,380.8918,-0.7060929,0.4822227,-4.94835,-6.3961,-33.9132,0.06240082,
2,21.636,2,1.464232,380.8744,-0.7074828,0.4831766,-4.94835,-6.3961,-33.9132,0.06240082,
2,21.646,2,1.464021,380.8853,-0.7059325,0.4821874,-4.94835,-6.3961,-33.9132,0.06240082,
2,21.656,2,1.465843,380.8775,-0.7062633,0.4818137,-4.95818,-6.3961,-33.914,0.0632019,
2,21.666,2,1.464061,380.9316,-0.7074615,0.4832186,-4.95818,-6.3961,-33.914,0.0632019,
2,21.676,2,1.462654,380.8819,-0.7078769,0.4839672,-4.95818,-6.3961,-33.914,0.0632019,
2,21.686,2,1.467017,380.878,-0.7049176,0.480511,-4.95818,-6.3961,-33.914,0.0632019,
2,21.696,2,1.463779,380.8733,-0.7096041,0.4847754,-4.95818,-6.3961,-33.914,0.0632019,
2,21.706,2,1.463889,380.8876,-0.7081746,0.4837624,-4.95818,-6.3961,-33.914,0.0632019,
2,21.716,2,1.464223,380.8787,-0.7066705,0.4826251,-4.95818,-6.3961,-33.914,0.0632019,
2,21.726,2,1.464365,380.8732,-0.7073094,0.4830143,-4.95818,-6.3961,-33.914,0.0632019,
2,21.736,2,1.468519,380.8375,-0.7070361,0.481462,-4.95818,-6.3961,-33.914,0.0632019,
2,21.746,2,1.476431,380.8254,-0.7072888,0.4790531,-4.95818,-6.3961,-33.914,0.0632019,
2,21.756,2,1.478526,380.83,-0.7115564,0.4812608,-4.95818,-6.3961,-33.914,0.0632019,
2,21.766,2,1.479202,380.8248,-0.7117465,0.4811691,-4.95818,-6.3961,-33.914,0.0632019,
2,21.776,2,1.480466,380.8048,-0.7112917,0.4804513,-4.95818,-6.3961,-33.914,0.0632019,
2,21.786,2,1.478251,380.7937,-0.713073,0.482376,-4.95818,-6.3961,-33.914,0.0632019,
2,21.796,2,1.482829,380.8035,-0.7118331,0.4800508,-4.95818,-6.3961,-33.914,0.0632019,
2,21.806,2,1.478934,380.7866,-0.7108845,0.4806735,-4.95818,-6.3961,-33.914,0.0632019,
2,21.816,2,1.482435,380.7892,-0.7118018,0.4801571,-4.95818,-6.3961,-33.914,0.0632019,
2,21.826,2,1.479653,380.7906,-0.7110487,0.4805511,-4.95818,-6.3961,-33.914,0.0632019,
2,21.836,2,1.477731,380.7712,-0.7124126,0.4820989,-4.95818,-6.3961,-33.914,0.0632019,
2,21.846,2,1.481496,380.7624,-0.7119216,0.4805425,-4.95818,-6.3961,-33.914,0.0632019,
2,21.856,2,1.479219,380.7778,-0.7098536,0.4798842,-4.95818,-6.3961,-33.914,0.0632019,
2,21.866,2,1.479488,380.7716,-0.7085838,0.4789385,-4.95818,-6.3961,-33.914,0.0632019,
2,21.876,2,1.481648,380.7968,-0.7123592,0.4807885,-4.95818,-6.3961,-33.914,0.0632019,
2,21.886,2,1.481141,380.7954,-0.7090257,0.4787024,-4.95818,-6.3961,-33.914,0.0632019,
2,21.896,2,1.48189,380.7774,-0.7094867,0.4787714,-4.95818,-6.3961,-33.914,0.0632019,
2,21.906,2,1.478785,380.7772,-0.7118709,0.4813892,-4.95818,-6.3961,-33.914,0.0632019,
2,21.916,2,1.479691,380.7684,-0.71164,0.4809382,-4.9653,-6.3961,-33.9148,0.06399918,
2,21.926,2,1.481038,380.7537,-0.7118632,0.4806516,-4.9653,-6.3961,-33.9148,0.06399918,
2,21.936,2,1.480057,380.7596,-0.7155864,0.4834859,-4.9653,-6.3961,-33.9148,0.06399918,
2,21.946,2,1.480501,380.7738,-0.7137824,0.4821221,-4.9653,-6.3961,-33.9148,0.06399918,
2,21.956,2,1.48098,380.7657,-0.7133803,0.4816949,-4.9653,-6.3961,-33.9148,0.06399918,
2,21.966,2,1.480562,380.7519,-0.7150398,0.4829515,-4.9653,-6.3961,-33.9148,0.06399918,
2,21.976,2,1.478609,380.7649,-0.7133081,0.4824184,-4.9653,-6.3961,-33.9148,0.06399918,
2,21.986,2,1.482924,380.7576,-0.713864,0.4813894,-4.9653,-6.3961,-33.9148,0.06399918,
2,21.996,2,1.487633,380.7441,-0.7153478,0.4808631,-4.9653,-6.3961,-33.9148,0.06399918,
2,22.006,2,1.489603,380.7213,-0.7157946,0.480527,-4.9653,-6.3961,-33.9148,0.06399918,
2,22.016,2,1.494365,380.6809,-0.716084,0.4791894,-4.9653,-6.3961,-33.9148,0.06399918,
2,22.026,2,1.501079,380.6859,-0.7157279,0.476809,-4.9653,-6.3961,-33.9148,0.06399918,
2,22.036,2,1.49409,380.694,-0.7167125,0.4796984,-4.9653,-6.3961,-33.9148,0.06399918,
2,22.046,2,1.496003,380.6836,-0.7165267,0.4789608,-4.9653,-6.3961,-33.9148,0.06399918,
2,22.056,2,1.498567,380.707,-0.7173454,0.4786877,-4.9653,-6.3961,-33.9148,0.06399918,
2,22.066,2,1.49587,380.6832,-0.7160207,0.4786649,-4.9653,-6.3961,-33.9148,0.06399918,
2,22.076,2,1.495313,380.7413,-0.7187619,0.4806766,-4.9653,-6.3961,-33.9148,0.06399918,
2,22.086,2,1.496131,380.6784,-0.7178428,0.4797995,-4.9653,-6.3961,-33.9148,0.06399918,
2,22.096,2,1.495344,380.6591,-0.718257,0.4803291,-4.9653,-6.3961,-33.9148,0.06399918,
2,22.106,2,1.497551,380.6734,-0.7191256,0.4802012,-4.97405,-6.3961,-33.9156,0.06480026,
2,22.116,2,1.49649,380.6748,-0.7206088,0.4815326,-4.97405,-6.3961,-33.9156,0.06480026,
2,22.126,2,1.497881,380.6573,-0.7194424,0.4803068,-4.97405,-6.3961,-33.9156,0.06480026,
2,22.136,2,1.499754,380.6566,-0.7219087,0.4813514,-4.97405,-6.3961,-33.9156,0.06480026,
2,22.146,2,1.49636,380.6604,-0.7190971,0.4805641,-4.97405,-6.3961,-33.9156,0.06480026,
2,22.156,2,1.495895,380.6589,-0.7190385,0.4806743,-4.97405,-6.3961,-33.9156,0.06480026,
2,22.166,2,1.496116,380.6596,-0.7185076,0.4802486,-4.97405,-6.3961,-33.9156,0.06480026,
2,22.176,2,1.496294,380.6682,-0.718463,0.4801616,-4.97405,-6.3961,-33.9156,0.06480026,
2,22.186,2,1.497907,380.6619,-0.7187834,0.4798584,-4.97405,-6.3961,-33.9156,0.06480026,
2,22.196,2,1.496854,380.6369,-0.7200087,0.4810146,-4.97405,-6.3961,-33.9156,0.06480026,
2,22.206,2,1.49742,380.6539,-0.7195503,0.4805268,-4.97405,-6.3961,-33.9156,0.06480026,
2,22.216,2,1.50356,380.6364,-0.720389,0.4791222,-4.97405,-6.3961,-33.9156,0.06480026,
2,22.226,2,1.506203,380.6005,-0.721753,0.4791872,-4.97405,-6.3961,-33.9156,0.06480026,
2,22.236,2,1.511142,380.595,-0.7245685,0.4794839,-4.97405,-6.3961,-33.9156,0.06480026,
2,22.246,2,1.513087,380.5713,-0.7251927,0.4792802,-4.97405,-6.3961,-33.9156,0.06480026,
2,22.256,2,1.511579,380.5617,-0.7272214,0.4811004,-4.97405,-6.3961,-33.9156,0.06480026,
2,22.266,2,1.511919,380.5845,-0.7247339,0.4793472,-4.97405,-6.3961,-33.9156,0.06480026,
2,22.276,2,1.514918,380.5735,-0.7278001,0.480422,-4.97405,-6.3961,-33.9156,0.06480026,
2,22.286,2,1.512306,380.5842,-0.7280387,0.4814095,-4.97405,-6.3961,-33.9156,0.06480026,
2,22.296,2,1.514331,380.5752,-0.7267393,0.4799078,-4.97405,-6.3961,-33.9156,0.06480026,
2,22.306,2,1.512027,380.5716,-0.7251212,0.4795689,-4.97405,-6.3961,-33.9156,0.06480026,
2,22.316,2,1.511033,380.5722,-0.7261881,0.4805904,-4.97405,-6.3961,-33.9156,0.06480026,
2,22.326,2,1.511974,380.5615,-0.7250804,0.4795589,-4.97405,-6.3961,-33.9156,0.06480026,
2,22.336,2,1.51115,380.5539,-0.7262375,0.4805861,-4.97405,-6.3961,-33.9156,0.06480026,
2,22.346,2,1.51195,380.5633,-0.7279512,0.4814653,-4.9817,-6.3961,-33.9164,0.06560135,
2,22.356,2,1.511328,380.5647,-0.726325,0.4805874,-4.9817,-6.3961,-33.9164,0.06560135,
2,22.366,2,1.512876,380.5242,-0.7269069,0.4804802,-4.9817,-6.3961,-33.9164,0.06560135,
2,22.376,2,1.513863,380.573,-0.7278429,0.4807853,-4.9817,-6.3961,-33.9164,0.06560135,
2,22.386,2,1.51224,380.5384,-0.725979,0.4800685,-4.9817,-6.3961,-33.9164,0.06560135,
2,22.396,2,1.51151,380.5285,-0.7298093,0.4828347,-4.9817,-6.3961,-33.9164,0.06560135,
2,22.406,2,1.51252,380.5481,-0.7273222,0.4808678,-4.9817,-6.3961,-33.9164,0.06560135,
2,22.416,2,1.512405,380.5447,-0.7278022,0.4812218,-4.9817,-6.3961,-33.9164,0.06560135,
2,22.426,2,1.511952,380.557,-0.7302617,0.4829927,-4.9817,-6.3961,-33.9164,0.06560135,
2,22.436,2,1.512034,380.5467,-0.7284526,0.4817701,-4.9817,-6.3961,-33.9164,0.06560135,
2,22.446,2,1.512687,380.5426,-0.7244012,0.4788838,-4.9817,-6.3961,-33.9164,0.06560135,
2,22.456,2,1.510649,380.5321,-0.7277024,0.4817152,-4.9817,-6.3961,-33.9164,0.06560135,
2,22.466,2,1.516419,380.541,-0.7269115,0.4793606,-4.9817,-6.3961,-33.9164,0.06560135,
2,22.476,2,1.521018,380.5114,-0.7251096,0.4767265,-4.9817,-6.3961,-33.9164,0.06560135,
2,22.486,2,1.519278,380.4822,-0.7319313,0.4817627,-4.9817,-6.3961,-33.9164,0.06560135,
2,22.496,2,1.526691,380.4641,-0.7306972,0.478615,-4.9817,-6.3961,-33.9164,0.06560135,
2,22.506,2,1.530038,380.4592,-0.7313938,0.4780234,-4.9817,-6.3961,-33.9164,0.06560135,
2,22.516,2,1.529187,380.4687,-0.7333113,0.4795433,-4.9817,-6.3961,-33.9164,0.06560135,
2,22.526,2,1.527761,380.4572,-0.7346069,0.4808387,-4.9817,-6.3961,-33.9164,0.06560135,
2,22.536,2,1.527896,380.4572,-0.7327935,0.4796096,-4.9817,-6.3961,-33.9164,0.06560135,
2,22.546,2,1.531322,380.4727,-0.7333668,0.478911,-4.9817,-6.3961,-33.9164,0.06560135,
2,22.556,2,1.527616,380.4543,-0.7333357,0.4800525,-4.9817,-6.3961,-33.9164,0.06560135,
2,22.566,2,1.528076,380.4537,-0.7342038,0.480476,-4.9817,-6.3961,-33.9164,0.06560135,
2,22.576,2,1.531093,380.4488,-0.7353386,0.4802704,-4.9817,-6.3961,-33.9164,0.06560135,
2,22.586,2,1.526843,380.4605,-0.7327127,0.4798872,-4.9817,-6.3961,-33.9164,0.06560135,
2,22.596,2,1.526656,380.4465,-0.7322066,0.4796145,-4.9894,-6.3961,-33.9172,0.06639862,
2,22.606,2,1.529912,380.4566,-0.7332361,0.4792669,-4.9894,-6.3961,-33.9172,0.06639862,
2,22.616,2,1.528978,380.438,-0.7311354,0.4781858,-4.9894,-6.3961,-33.9172,0.06639862,
2,22.626,2,1.528877,380.432,-0.7321768,0.4788983,-4.9894,-6.3961,-33.9172,0.06639862,
2,22.636,2,1.529887,380.4479,-0.7346762,0.480216,-4.9894,-6.3961,-33.9172,0.06639862,
2,22.646,2,1.529052,380.4436,-0.7338732,0.479953,-4.9894,-6.3961,-33.9172,0.06639862,
2,22.656,2,1.528975,380.4221,-0.7349251,0.4806651,-4.9894,-6.3961,-33.9172,0.06639862,
2,22.666,2,1.526883,380.3742,-0.7341705,0.4808297,-4.9894,-6.3961,-33.9172,0.06639862,
2,22.676,2,1.530324,380.4146,-0.7325255,0.4786735,-4.9894,-6.3961,-33.9172,0.06639862,
2,22.686,2,1.535444,380.376,-0.7359802,0.4793271,-4.9894,-6.3961,-33.9172,0.06639862,
2,22.696,2,1.538657,380.3536,-0.7391016,0.480355,-4.9894,-6.3961,-33.9172,0.06639862,
2,22.706,2,1.544934,380.3506,-0.7374141,0.4773112,-4.9894,-6.3961,-33.9172,0.06639862,
2,22.716,2,1.543858,380.352,-0.7394202,0.4789432,-4.9894,-6.3961,-33.9172,0.06639862,
2,22.726,2,1.541907,380.3543,-0.738934,0.4792338,-4.9894,-6.3961,-33.9172,0.06639862,
2,22.736,2,1.542881,380.3434,-0.7382962,0.4785179,-4.9894,-6.3961,-33.9172,0.06639862,
2,22.746,2,1.542525,380.332,-0.7381428,0.4785289,-4.9894,-6.3961,-33.9172,0.06639862,
2,22.756,2,1.545128,380.3482,-0.7369907,0.4769773,-4.9894,-6.3961,-33.9172,0.06639862,
2,22.766,2,1.543785,380.3394,-0.7381315,0.4781311,-4.9894,-6.3961,-33.9172,0.06639862,
2,22.776,2,1.544669,380.336,-0.738673,0.4782078,-4.9894,-6.3961,-33.9172,0.06639862,
2,22.786,2,1.544733,380.3292,-0.7387289,0.4782244,-4.9894,-6.3961,-33.9172,0.06639862,
2,22.796,2,1.5445,380.3219,-0.7392507,0.4786343,-4.9894,-6.3961,-33.9172,0.06639862,
2,22.806,2,1.543676,380.3103,-0.7413303,0.4802369,-4.9894,-6.3961,-33.9172,0.06639862,
2,22.816,2,1.544871,380.3291,-0.7419049,0.4802375,-4.9894,-6.3961,-33.9172,0.06639862,
2,22.826,2,1.541966,380.3199,-0.7402568,0.4800733,-4.9894,-6.3961,-33.9172,0.06639862,
2,22.836,2,1.544003,380.349,-0.7415866,0.4803014,-4.99757,-6.3961,-33.918,0.06719971,
2,22.846,2,1.545858,380.3203,-0.7403714,0.4789387,-4.99757,-6.3961,-33.918,0.06719971,
2,22.856,2,1.542751,380.3116,-0.7410541,0.4803459,-4.99757,-6.3961,-33.918,0.06719971,
2,22.866,2,1.543878,380.3075,-0.7428018,0.4811272,-4.99757,-6.3961,-33.918,0.06719971,
2,22.876,2,1.545575,380.3246,-0.7426088,0.480474,-4.99757,-6.3961,-33.918,0.06719971,
2,22.886,2,1.542971,380.318,-0.7406674,0.4800268,-4.99757,-6.3961,-33.918,0.06719971,
2,22.896,2,1.543207,380.3246,-0.7421213,0.4808954,-4.99757,-6.3961,-33.918,0.06719971,
2,22.906,2,1.545249,380.3038,-0.7387289,0.4780648,-4.99757,-6.3961,-33.918,0.06719971,
2,22.916,2,1.547723,380.2974,-0.7398552,0.4780282,-4.99757,-6.3961,-33.918,0.06719971,
2,22.926,2,1.552919,380.2702,-0.7431461,0.478548,-4.99757,-6.3961,-33.918,0.06719971,
2,22.936,2,1.554177,380.2761,-0.7456602,0.4797781,-4.99757,-6.3961,-33.918,0.06719971,
2,22.946,2,1.5581,380.2519,-0.7463651,0.4790225,-4.99757,-6.3961,-33.918,0.06719971,
2,22.956,2,1.560556,380.2328,-0.7476975,0.4791224,-4.99757,-6.3961,-33.918,0.06719971,
2,22.966,2,1.559669,380.2338,-0.7471755,0.4790603,-4.99757,-6.3961,-33.918,0.06719971,
2,22.976,2,1.558409,380.2295,-0.7482097,0.4801113,-4.99757,-6.3961,-33.918,0.06719971,
2,22.986,2,1.562426,380.2198,-0.7484175,0.47901,-4.99757,-6.3961,-33.918,0.06719971,
2,22.996,2,1.560238,380.2219,-0.7474959,0.4790908,-4.99757,-6.3961,-33.918,0.06719971,
2,23.006,2,1.559045,380.2178,-0.7470438,0.4791677,-4.99757,-6.3961,-33.918,0.06719971,
2,23.016,2,1.560279,380.1755,-0.7494008,0.4802991,-4.99757,-6.3961,-33.918,0.06719971,
2,23.026,2,1.56084,380.2065,-0.745677,0.4777408,-4.99757,-6.3961,-33.918,0.06719971,
2,23.036,2,1.560046,380.2012,-0.7473351,0.4790468,-4.99757,-6.3961,-33.918,0.06719971,
2,23.046,2,1.560219,380.2199,-0.7461934,0.4782621,-4.99757,-6.3961,-33.918,0.06719971,
2,23.056,2,1.560275,380.2181,-0.7464634,0.4784178,-4.99757,-6.3961,-33.918,0.06719971,
2,23.066,2,1.562098,380.2083,-0.7454977,0.4772413,-4.99757,-6.3961,-33.918,0.06719971,
2,23.076,2,1.560689,380.1985,-0.7473265,0.478844,-5.00577,-6.3961,-33.9188,0.06800079,
2,23.086,2,1.55811,380.1797,-0.7458423,0.478684,-5.00577,-6.3961,-33.9188,0.06800079,
2,23.096,2,1.560566,380.1952,-0.746667,0.478459,-5.00577,-6.3961,-33.9188,0.06800079,
2,23.106,2,1.560104,380.1892,-0.7478981,0.4793898,-5.00577,-6.3961,-33.9188,0.06800079,
2,23.116,2,1.559865,380.1999,-0.7481911,0.4796511,-5.00577,-6.3961,-33.9188,0.06800079,
2,23.126,2,1.558476,380.2024,-0.7498701,0.481156,-5.00577,-6.3961,-33.9188,0.06800079,
2,23.136,2,1.558607,380.1818,-0.7499702,0.4811797,-5.00577,-6.3961,-33.9188,0.06800079,
2,23.146,2,1.557962,380.1908,-0.7487928,0.4806233,-5.00577,-6.3961,-33.9188,0.06800079,
2,23.156,2,1.560375,380.1827,-0.7502553,0.4808172,-5.00577,-6.3961,-33.9188,0.06800079,
2,23.166,2,1.561614,380.1991,-0.7506647,0.480698,-5.00577,-6.3961,-33.9188,0.06800079,
2,23.176,2,1.558105,380.1905,-0.7506698,0.4817837,-5.00577,-6.3961,-33.9188,0.06800079,
2,23.186,2,1.563848,380.1646,-0.7477354,0.4781381,-5.00577,-6.3961,-33.9188,0.06800079,
2,23.196,2,1.568322,380.1564,-0.7498275,0.478108,-5.00577,-6.3961,-33.9188,0.06800079,
2,23.206,2,1.571754,380.1225,-0.7498548,0.4770815,-5.00577,-6.3961,-33.9188,0.06800079,
2,23.216,2,1.574773,380.1171,-0.7535226,0.478496,-5.00577,-6.3961,-33.9188,0.06800079,
2,23.226,2,1.575782,380.134,-0.7554464,0.4794103,-5.00577,-6.3961,-33.9188,0.06800079,
2,23.236,2,1.57728,380.1259,-0.7540267,0.4780551,-5.00577,-6.3961,-33.9188,0.06800079,
2,23.246,2,1.575314,380.1699,-0.7557407,0.4797397,-5.00577,-6.3961,-33.9188,0.06800079,
2,23.256,2,1.573506,380.1001,-0.755284,0.4800006,-5.00577,-6.3961,-33.9188,0.06800079,
2,23.266,2,1.576279,380.0958,-0.7549668,0.478955,-5.00577,-6.3961,-33.9188,0.06800079,
2,23.276,2,1.575772,380.0973,-0.7571111,0.4804699,-5.00577,-6.3961,-33.9188,0.06800079,
2,23.286,2,1.574153,380.1049,-0.7568765,0.4808152,-5.00577,-6.3961,-33.9188,0.06800079,
2,23.296,2,1.576149,380.0951,-0.7568768,0.4802063,-5.00577,-6.3961,-33.9188,0.06800079,
2,23.306,2,1.574428,380.0757,-0.7565942,0.4805519,-5.00577,-6.3961,-33.9188,0.06800079,
2,23.316,2,1.573494,380.0855,-0.7563276,0.4806675,-5.00577,-6.3961,-33.9188,0.06800079,
2,23.326,2,1.575044,380.0664,-0.7550597,0.4793895,-5.00577,-6.3961,-33.9188,0.06800079,
2,23.336,2,1.576226,380.0937,-0.7559496,0.4795948,-5.00577,-6.3961,-33.9188,0.06800079,
2,23.346,2,1.575606,380.0969,-0.7553395,0.4793963,-5.01508,-6.3961,-33.9195,0.06869888,
2,23.356,2,1.574642,380.095,-0.7529153,0.4781502,-5.01508,-6.3961,-33.9195,0.06869888,
2,23.366,2,1.574531,380.0868,-0.7556158,0.4798989,-5.01508,-6.3961,-33.9195,0.06869888,
2,23.376,2,1.573926,380.0791,-0.7557107,0.4801437,-5.01508,-6.3961,-33.9195,0.06869888,
2,23.386,2,1.574922,380.0725,-0.7559851,0.4800142,-5.01508,-6.3961,-33.9195,0.06869888,
2,23.396,2,1.573743,380.075,-0.7581144,0.4817268,-5.01508,-6.3961,-33.9195,0.06869888,
2,23.406,2,1.573324,380.0739,-0.7577812,0.4816434,-5.01508,-6.3961,-33.9195,0.06869888,
2,23.416,2,1.573729,380.0631,-0.7589026,0.482232,-5.01508,-6.3961,-33.9195,0.06869888,
2,23.426,2,1.572607,380.0597,-0.7596472,0.4830497,-5.01508,-6.3961,-33.9195,0.06869888,
2,23.436,2,1.574754,380.0782,-0.7582386,0.4814967,-5.01508,-6.3961,-33.9195,0.06869888,
2,23.446,2,1.575947,380.0781,-0.7587483,0.4814554,-5.01508,-6.3961,-33.9195,0.06869888,
2,23.456,2,1.575039,380.0855,-0.7588902,0.4818233,-5.01508,-6.3961,-33.9195,0.06869888,
2,23.466,2,1.581653,380.0565,-0.7588876,0.4798065,-5.01508,-6.3961,-33.9195,0.06869888,
2,23.476,2,1.584358,380.0232,-0.7591828,0.4791739,-5.01508,-6.3961,-33.9195,0.06869888,
2,23.486,2,1.584813,379.9981,-0.7615237,0.4805132,-5.01508,-6.3961,-33.9195,0.06869888,
2,23.496,2,1.591905,379.9926,-0.7614003,0.478295,-5.01508,-6.3961,-33.9195,0.06869888,
2,23.506,2,1.589522,379.9939,-0.7636793,0.4804459,-5.01508,-6.3961,-33.9195,0.06869888,
2,23.516,2,1.590799,379.9996,-0.7648467,0.480794,-5.01508,-6.3961,-33.9195,0.06869888,
2,23.526,2,1.590644,379.9899,-0.7640861,0.4803628,-5.01508,-6.3961,-33.9195,0.06869888,
2,23.536,2,1.589674,379.9842,-0.7657631,0.4817108,-5.01508,-6.3961,-33.9195,0.06869888,
2,23.546,2,1.592157,379.9992,-0.7644634,0.4801434,-5.01508,-6.3961,-33.9195,0.06869888,
2,23.556,2,1.59253,379.9907,-0.7655137,0.4806904,-5.01508,-6.3961,-33.9195,0.06869888,
2,23.566,2,1.589105,379.9606,-0.767512,0.4829837,-5.01508,-6.3961,-33.9195,0.06869888,
2,23.576,2,1.589877,379.9694,-0.7673677,0.4826587,-5.02437,-6.3961,-33.9203,0.06949997,
2,23.586,2,1.591744,379.9731,-0.7648763,0.4805273,-5.02437,-6.3961,-33.9203,0.06949997,
2,23.596,2,1.589538,380.0057,-0.7670765,0.4825782,-5.02437,-6.3961,-33.9203,0.06949997,
2,23.606,2,1.590281,379.9695,-0.7666208,0.4820661,-5.02437,-6.3961,-33.9203,0.06949997,
2,23.616,2,1.590922,379.9637,-0.7633156,0.4797944,-5.02437,-6.3961,-33.9203,0.06949997,
2,23.626,2,1.58834,379.9569,-0.7653266,0.4818405,-5.02437,-6.3961,-33.9203,0.06949997,
2,23.636,2,1.590403,379.9827,-0.7633076,0.479946,-5.02437,-6.3961,-33.9203,0.06949997,
2,23.646,2,1.589568,379.9728,-0.7631502,0.4800991,-5.02437,-6.3961,-33.9203,0.06949997,
2,23.656,2,1.589989,379.9566,-0.7652335,0.4812823,-5.02437,-6.3961,-33.9203,0.06949997,
2,23.666,2,1.590495,379.9564,-0.7658154,0.481495,-5.02437,-6.3961,-33.9203,0.06949997,
2,23.676,2,1.58972,379.9552,-0.7662647,0.4820123,-5.02437,-6.3961,-33.9203,0.06949997,
2,23.686,2,1.591169,379.9619,-0.7671595,0.4821357,-5.02437,-6.3961,-33.9203,0.06949997,
2,23.696,2,1.589803,379.95,-0.7692652,0.4838745,-5.02437,-6.3961,-33.9203,0.06949997,
2,23.706,2,1.594725,379.9249,-0.7696867,0.4826455,-5.02437,-6.3961,-33.9203,0.06949997,
2,23.716,2,1.601255,379.9196,-0.7704613,0.4811608,-5.02437,-6.3961,-33.9203,0.06949997,
2,23.726,2,1.602675,379.8997,-0.7723705,0.4819258,-5.02437,-6.3961,-33.9203,0.06949997,
2,23.736,2,1.603208,379.8756,-0.7742449,0.4829348,-5.02437,-6.3961,-33.9203,0.06949997,
2,23.746,2,1.605453,379.8837,-0.7753709,0.4829608,-5.02437,-6.3961,-33.9203,0.06949997,
2,23.756,2,1.607219,379.8878,-0.7725484,0.480674,-5.02437,-6.3961,-33.9203,0.06949997,
2,23.766,2,1.605964,379.8781,-0.7728158,0.4812161,-5.02437,-6.3961,-33.9203,0.06949997,
2,23.776,2,1.605988,379.8907,-0.7736915,0.4817543,-5.02437,-6.3961,-33.9203,0.06949997,
2,23.786,2,1.606786,379.8712,-0.7702073,0.4793466,-5.02437,-6.3961,-33.9203,0.06949997,
2,23.796,2,1.606361,379.8582,-0.7714185,0.4802272,-5.02437,-6.3961,-33.9203,0.06949997,
2,23.806,2,1.606725,379.8434,-0.7717392,0.4803181,-5.02437,-6.3961,-33.9203,0.06949997,
2,23.816,2,1.606477,379.88,-0.7717846,0.4804205,-5.02437,-6.3961,-33.9203,0.06949997,
2,23.826,2,1.608893,379.8354,-0.77493,0.481654,-5.0326,-6.3961,-33.9211,0.07030106,
2,23.836,2,1.604204,379.7882,-0.7749566,0.4830785,-5.0326,-6.3961,-33.9211,0.07030106,
2,23.846,2,1.605303,379.8547,-0.7718681,0.4808241,-5.0326,-6.3961,-33.9211,0.07030106,
2,23.856,2,1.605263,379.8532,-0.7764784,0.4837077,-5.0326,-6.3961,-33.9211,0.07030106,
2,23.866,2,1.604559,379.8458,-0.7761971,0.4837447,-5.0326,-6.3961,-33.9211,0.07030106,
2,23.876,2,1.60726,379.8559,-0.7740882,0.4816199,-5.0326,-6.3961,-33.9211,0.07030106,
2,23.886,2,1.608682,379.8479,-0.7749135,0.4817072,-5.0326,-6.3961,-33.9211,0.07030106,
2,23.896,2,1.605492,379.8533,-0.7763805,0.4835778,-5.0326,-6.3961,-33.9211,0.07030106,
2,23.906,2,1.604622,379.8391,-0.7727486,0.4815766,-5.0326,-6.3961,-33.9211,0.07030106,
2,23.916,2,1.605557,379.8401,-0.773563,0.4818035,-5.0326,-6.3961,-33.9211,0.07030106,
2,23.926,2,1.603706,379.8576,-0.7744716,0.4829261,-5.0326,-6.3961,-33.9211,0.07030106,
2,23.936,2,1.606645,379.8491,-0.772783,0.4809918,-5.0326,-6.3961,-33.9211,0.07030106,
2,23.946,2,1.613987,379.8138,-0.772574,0.4786744,-5.0326,-6.3961,-33.9211,0.07030106,
2,23.956,2,1.617895,379.8042,-0.7756159,0.4793983,-5.0326,-6.3961,-33.9211,0.07030106,
2,23.966,2,1.618451,379.7684,-0.7787162,0.481149,-5.0326,-6.3961,-33.9211,0.07030106,
2,23.976,2,1.621537,379.7585,-0.7800771,0.4810726,-5.0326,-6.3961,-33.9211,0.07030106,
2,23.986,2,1.621807,379.7734,-0.7802035,0.4810704,-5.0326,-6.3961,-33.9211,0.07030106,
2,23.996,2,1.621165,379.7571,-0.7803757,0.4813672,-5.0326,-6.3961,-33.9211,0.07030106,
2,24.006,2,1.623892,379.7841,-0.7826675,0.48197,-5.0326,-6.3961,-33.9211,0.07030106,
2,24.016,2,1.619879,379.7487,-0.7815746,0.4824894,-5.0326,-6.3961,-33.9211,0.07030106,
2,24.026,2,1.621589,379.752,-0.7823476,0.4824573,-5.0326,-6.3961,-33.9211,0.07030106,
2,24.036,2,1.621664,379.7396,-0.7825768,0.4825763,-5.0326,-6.3961,-33.9211,0.07030106,
2,24.046,2,1.620463,379.7636,-0.7807148,0.4817849,-5.0326,-6.3961,-33.9211,0.07030106,
2,24.056,2,1.621211,379.7472,-0.7801903,0.4812394,-5.0408,-6.3961,-33.9219,0.07110214,
2,24.066,2,1.622928,379.7519,-0.7807738,0.4810897,-5.0408,-6.3961,-33.9219,0.07110214,
2,24.076,2,1.620865,379.7346,-0.7813977,0.4820868,-5.0408,-6.3961,-33.9219,0.07110214,
2,24.086,2,1.621009,379.7243,-0.7802477,0.4813345,-5.0408,-6.3961,-33.9219,0.07110214,
2,24.096,2,1.62067,379.7444,-0.7811651,0.4820014,-5.0408,-6.3961,-33.9219,0.07110214,
2,24.106,2,1.620877,379.7413,-0.7824373,0.4827246,-5.0408,-6.3961,-33.9219,0.07110214,
2,24.116,2,1.622261,379.7376,-0.7822012,0.4821672,-5.0408,-6.3961,-33.9219,0.07110214,
2,24.126,2,1.622564,379.7207,-0.7826291,0.482341,-5.0408,-6.3961,-33.9219,0.07110214,
2,24.136,2,1.620889,379.7258,-0.7830517,0.4831002,-5.0408,-6.3961,-33.9219,0.07110214,
2,24.146,2,1.621278,379.7204,-0.7840663,0.48361,-5.0408,-6.3961,-33.9219,0.07110214,
2,24.156,2,1.622651,379.7193,-0.7845869,0.4835217,-5.0408,-6.3961,-33.9219,0.07110214,
2,24.166,2,1.628601,379.7111,-0.7815158,0.4798693,-5.0408,-6.3961,-33.9219,0.07110214,
2,24.176,2,1.631322,379.6734,-0.7854078,0.4814548,-5.0408,-6.3961,-33.9219,0.07110214,
2,24.186,2,1.633931,379.6326,-0.7883869,0.4825093,-5.0408,-6.3961,-33.9219,0.07110214,
2,24.196,2,1.638985,379.6403,-0.7866042,0.4799338,-5.0408,-6.3961,-33.9219,0.07110214,
2,24.206,2,1.643496,379.6371,-0.7857556,0.4781001,-5.0408,-6.3961,-33.9219,0.07110214,
2,24.216,2,1.635949,379.6557,-0.7902497,0.4830527,-5.0408,-6.3961,-33.9219,0.07110214,
2,24.226,2,1.63889,379.6476,-0.7867002,0.4800203,-5.0408,-6.3961,-33.9219,0.07110214,
2,24.236,2,1.638711,379.6471,-0.7873978,0.4804981,-5.0408,-6.3961,-33.9219,0.07110214,
2,24.246,2,1.637817,379.6468,-0.788947,0.4817064,-5.0408,-6.3961,-33.9219,0.07110214,
2,24.256,2,1.63861,379.633,-0.7890183,0.4815168,-5.0408,-6.3961,-33.9219,0.07110214,
2,24.266,2,1.638129,379.6241,-0.7892814,0.4818188,-5.0408,-6.3961,-33.9219,0.07110214,
2,24.276,2,1.635169,379.6406,-0.7923455,0.484565,-5.0408,-6.3961,-33.9219,0.07110214,
2,24.286,2,1.636913,379.604,-0.7898347,0.4825146,-5.0408,-6.3961,-33.9219,0.07110214,
2,24.296,2,1.637894,379.6381,-0.7910478,0.4829664,-5.0408,-6.3961,-33.9219,0.07110214,
2,24.306,2,1.636529,379.603,-0.7929962,0.4845597,-5.0408,-6.3961,-33.9219,0.07110214,
2,24.316,2,1.63872,379.6301,-0.7907063,0.4825145,-5.0408,-6.3961,-33.9219,0.07110214,
2,24.326,2,1.637692,379.618,-0.7917845,0.483476,-5.04845,-6.3961,-33.9228,0.0719986,
2,24.336,2,1.639007,379.6363,-0.7915815,0.4829641,-5.04845,-6.3961,-33.9228,0.0719986,
2,24.346,2,1.637217,379.6282,-0.7907796,0.4830024,-5.04845,-6.3961,-33.9228,0.0719986,
2,24.356,2,1.637775,379.6047,-0.7905635,0.4827058,-5.04845,-6.3961,-33.9228,0.0719986,
2,24.366,2,1.636939,379.6065,-0.7911183,0.4832912,-5.04845,-6.3961,-33.9228,0.0719986,
2,24.376,2,1.638201,379.6087,-0.7882169,0.4811478,-5.04845,-6.3961,-33.9228,0.0719986,
2,24.386,2,1.636514,379.6098,-0.7904176,0.4829885,-5.04845,-6.3961,-33.9228,0.0719986,
2,24.396,2,1.636472,379.6231,-0.7925398,0.4842977,-5.04845,-6.3961,-33.9228,0.0719986,
2,24.406,2,1.637515,379.6097,-0.7897342,0.4822761,-5.04845,-6.3961,-33.9228,0.0719986,
2,24.416,2,1.638516,379.6863,-0.7923056,0.4835507,-5.04845,-6.3961,-33.9228,0.0719986,
2,24.426,2,1.634739,379.6022,-0.7930154,0.4851021,-5.04845,-6.3961,-33.9228,0.0719986,
2,24.436,2,1.641467,379.5937,-0.7933497,0.4833176,-5.04845,-6.3961,-33.9228,0.0719986,
2,24.446,2,1.646918,379.558,-0.7943539,0.4823275,-5.04845,-6.3961,-33.9228,0.0719986,
2,24.456,2,1.649314,379.5515,-0.7963924,0.482863,-5.04845,-6.3961,-33.9228,0.0719986,
2,24.466,2,1.653132,379.5364,-0.7982628,0.482879,-5.04845,-6.3961,-33.9228,0.0719986,
2,24.476,2,1.656803,379.4932,-0.799363,0.4824731,-5.04845,-6.3961,-33.9228,0.0719986,
2,24.486,2,1.655439,379.5146,-0.79684,0.4813465,-5.04845,-6.3961,-33.9228,0.0719986,
2,24.496,2,1.652973,379.5039,-0.7976077,0.4825293,-5.04845,-6.3961,-33.9228,0.0719986,
2,24.506,2,1.653794,379.5134,-0.7984846,0.4828199,-5.04845,-6.3961,-33.9228,0.0719986,
2,24.516,2,1.654742,379.531,-0.7963752,0.4812686,-5.04845,-6.3961,-33.9228,0.0719986,
2,24.526,2,1.654823,379.5215,-0.7950044,0.4804165,-5.04845,-6.3961,-33.9228,0.0719986,
2,24.536,2,1.65432,379.5031,-0.7970433,0.481795,-5.04845,-6.3961,-33.9228,0.0719986,
2,24.546,2,1.656667,379.5065,-0.7967395,0.480929,-5.04845,-6.3961,-33.9228,0.0719986,
2,24.556,2,1.654927,379.5012,-0.8002213,0.4835387,-5.04845,-6.3961,-33.9228,0.0719986,
2,24.566,2,1.653891,379.4923,-0.8001871,0.4838209,-5.04845,-6.3961,-33.9228,0.0719986,
2,24.576,2,1.656364,379.4881,-0.8006583,0.4833831,-5.04845,-6.3961,-33.9228,0.0719986,
2,24.586,2,1.654267,379.4808,-0.7998432,0.4835032,-5.05775,-6.3961,-33.9236,0.07279968,
2,24.596,2,1.653698,379.4756,-0.8026078,0.4853413,-5.05775,-6.3961,-33.9236,0.07279968,
2,24.606,2,1.655047,379.4927,-0.799324,0.4829616,-5.05775,-6.3961,-33.9236,0.07279968,
2,24.616,2,1.654106,379.4862,-0.80149,0.4845456,-5.05775,-6.3961,-33.9236,0.07279968,
2,24.626,2,1.654734,379.4987,-0.8015922,0.4844236,-5.05775,-6.3961,-33.9236,0.07279968,
2,24.636,2,1.654239,379.493,-0.8003805,0.4838359,-5.05775,-6.3961,-33.9236,0.07279968,
2,24.646,2,1.655154,379.4802,-0.7987813,0.4826023,-5.05775,-6.3961,-33.9236,0.07279968,
2,24.656,2,1.654448,379.4778,-0.8002322,0.4836854,-5.05775,-6.3961,-33.9236,0.07279968,
2,24.666,2,1.652448,379.4788,-0.7984552,0.4831952,-5.05775,-6.3961,-33.9236,0.07279968,
2,24.676,2,1.651401,379.4702,-0.7993159,0.4840228,-5.05775,-6.3961,-33.9236,0.07279968,
2,24.686,2,1.654818,379.4863,-0.7991146,0.4829019,-5.05775,-6.3961,-33.9236,0.07279968,
2,24.696,2,1.659125,379.4579,-0.7990699,0.4816213,-5.05775,-6.3961,-33.9236,0.07279968,
2,24.706,2,1.662817,379.4163,-0.8031088,0.4829807,-5.05775,-6.3961,-33.9236,0.07279968,
2,24.716,2,1.669505,379.4324,-0.8057265,0.4826139,-5.05775,-6.3961,-33.9236,0.07279968,
2,24.726,2,1.67134,379.3984,-0.8047161,0.4814795,-5.05775,-6.3961,-33.9236,0.07279968,
2,24.736,2,1.672117,379.3857,-0.8082706,0.4833817,-5.05775,-6.3961,-33.9236,0.07279968,
2,24.746,2,1.673156,379.4002,-0.807801,0.4828007,-5.05775,-6.3961,-33.9236,0.07279968,
2,24.756,2,1.670493,379.3973,-0.8060956,0.4825497,-5.05775,-6.3961,-33.9236,0.07279968,
2,24.766,2,1.671458,379.4089,-0.8073789,0.4830388,-5.05775,-6.3961,-33.9236,0.07279968,
2,24.776,2,1.673465,379.3816,-0.8047426,0.4808842,-5.05775,-6.3961,-33.9236,0.07279968,
2,24.786,2,1.671454,379.3771,-0.8053563,0.4818297,-5.05775,-6.3961,-33.9236,0.07279968,
2,24.796,2,1.671614,379.3596,-0.8062137,0.4822967,-5.05775,-6.3961,-33.9236,0.07279968,
2,24.806,2,1.670776,379.374,-0.8066096,0.4827755,-5.05775,-6.3961,-33.9236,0.07279968,
2,24.816,2,1.673151,379.3819,-0.8031328,0.4800121,-5.05775,-6.3961,-33.9236,0.07279968,
2,24.826,2,1.67385,379.3628,-0.8044854,0.4806199,-5.05775,-6.3961,-33.9236,0.07279968,
2,24.836,2,1.669204,379.3698,-0.8075397,0.4837873,-5.06652,-6.3961,-33.9244,0.07360077,
2,24.846,2,1.671089,379.3647,-0.8070751,0.4829635,-5.06652,-6.3961,-33.9244,0.07360077,
2,24.856,2,1.671269,379.3712,-0.8086507,0.4838543,-5.06652,-6.3961,-33.9244,0.07360077,
2,24.866,2,1.671174,379.365,-0.8071941,0.4830101,-5.06652,-6.3961,-33.9244,0.07360077,
2,24.876,2,1.671191,379.3531,-0.8093425,0.4842908,-5.06652,-6.3961,-33.9244,0.07360077,
2,24.886,2,1.67211,379.3696,-0.8092408,0.4839637,-5.06652,-6.3961,-33.9244,0.07360077,
2,24.896,2,1.673361,379.3568,-0.8085423,0.4831847,-5.06652,-6.3961,-33.9244,0.07360077,
2,24.906,2,1.670641,379.3604,-0.8086457,0.4840333,-5.06652,-6.3961,-33.9244,0.07360077,
2,24.916,2,1.670098,379.3619,-0.8097677,0.4848623,-5.06652,-6.3961,-33.9244,0.07360077,
2,24.926,2,1.674026,379.3708,-0.8081208,0.4827409,-5.06652,-6.3961,-33.9244,0.07360077,
2,24.936,2,1.676115,379.3443,-0.807993,0.482063,-5.06652,-6.3961,-33.9244,0.07360077,
2,24.946,2,1.679253,379.317,-0.8108245,0.4828482,-5.06652,-6.3961,-33.9244,0.07360077,
2,24.956,2,1.68507,379.2755,-0.8120497,0.4819085,-5.06652,-6.3961,-33.9244,0.07360077,
2,24.966,2,1.688287,379.2747,-0.8134446,0.4818165,-5.06652,-6.3961,-33.9244,0.07360077,
2,24.976,2,1.687049,379.2792,-0.8170492,0.4843066,-5.06652,-6.3961,-33.9244,0.07360077,
2,24.986,2,1.688232,379.2745,-0.8141893,0.4822734,-5.06652,-6.3961,-33.9244,0.07360077,
2,24.996,2,1.688617,379.2494,-0.8147482,0.4824944,-5.06652,-6.3961,-33.9244,0.07360077,
2,25.006,2,1.68772,379.2141,-0.8154932,0.4831922,-5.06652,-6.3961,-33.9244,0.07360077,
2,25.016,2,1.688546,379.2473,-0.8147686,0.4825268,-5.06652,-6.3961,-33.9244,0.07360077,
2,25.026,2,1.687972,379.2448,-0.8177301,0.4844452,-5.06652,-6.3961,-33.9244,0.07360077,
2,25.036,2,1.68809,379.2874,-0.8191314,0.4852415,-5.06652,-6.3961,-33.9244,0.07360077,
2,25.046,2,1.690376,379.2036,-0.8157097,0.4825611,-5.06652,-6.3961,-33.9244,0.07360077,
2,25.056,2,1.690019,379.2737,-0.8182992,0.4841951,-5.06652,-6.3961,-33.9244,0.07360077,
2,25.066,2,1.687661,379.2461,-0.8176218,0.4844704,-5.06652,-6.3961,-33.9244,0.07360077,
2,25.076,2,1.688986,379.2387,-0.815369,0.4827566,-5.0742,-6.3961,-33.9253,0.07450104,
2,25.086,2,1.686815,379.2226,-0.8170279,0.4843614,-5.0742,-6.3961,-33.9253,0.07450104,
2,25.096,2,1.68923,379.2569,-0.8159719,0.4830436,-5.0742,-6.3961,-33.9253,0.07450104,
2,25.106,2,1.687527,379.2449,-0.8152111,0.4830803,-5.0742,-6.3961,-33.9253,0.07450104,
2,25.116,2,1.687171,379.2363,-0.8190363,0.4854494,-5.0742,-6.3961,-33.9253,0.07450104,
2,25.126,2,1.687384,379.232,-0.8182852,0.4849432,-5.0742,-6.3961,-33.9253,0.07450104,
2,25.136,2,1.687754,379.2292,-0.8183669,0.4848852,-5.0742,-6.3961,-33.9253,0.07450104,
2,25.146,2,1.687933,379.2233,-0.8200827,0.4858503,-5.0742,-6.3961,-33.9253,0.07450104,
2,25.156,2,1.687939,379.2305,-0.8185043,0.4849133,-5.0742,-6.3961,-33.9253,0.07450104,
2,25.166,2,1.690606,379.2336,-0.8176022,0.4836148,-5.0742,-6.3961,-33.9253,0.07450104,
2,25.176,2,1.69291,379.2448,-0.8200081,0.4843778,-5.0742,-6.3961,-33.9253,0.07450104,
2,25.186,2,1.697062,379.1756,-0.8224832,0.4846513,-5.0742,-6.3961,-33.9253,0.07450104,
2,25.196,2,1.702657,379.1591,-0.8222167,0.4829021,-5.0742,-6.3961,-33.9253,0.07450104,
2,25.206,2,1.706884,379.1493,-0.824451,0.4830154,-5.0742,-6.3961,-33.9253,0.07450104,
2,25.216,2,1.702397,379.163,-0.8265061,0.4854956,-5.0742,-6.3961,-33.9253,0.07450104,
2,25.226,2,1.704322,379.1509,-0.8234832,0.4831736,-5.0742,-6.3961,-33.9253,0.07450104,
2,25.236,2,1.705383,379.1587,-0.8231165,0.4826578,-5.0742,-6.3961,-33.9253,0.07450104,
2,25.246,2,1.706142,379.1367,-0.8216981,0.4816117,-5.0742,-6.3961,-33.9253,0.07450104,
2,25.256,2,1.704636,379.136,-0.8204644,0.4813136,-5.0742,-6.3961,-33.9253,0.07450104,
2,25.266,2,1.706632,379.1354,-0.8246501,0.4832032,-5.0742,-6.3961,-33.9253,0.07450104,
2,25.276,2,1.70492,379.1531,-0.8227785,0.4825908,-5.0742,-6.3961,-33.9253,0.07450104,
2,25.286,2,1.702948,379.1256,-0.8228719,0.4832042,-5.0742,-6.3961,-33.9253,0.07450104,
2,25.296,2,1.706475,379.1146,-0.8252856,0.48362,-5.0742,-6.3961,-33.9253,0.07450104,
2,25.306,2,1.705389,379.1163,-0.8236995,0.4829981,-5.0824,-6.3961,-33.9261,0.07530212,
2,25.316,2,1.701203,379.1172,-0.8250997,0.4850096,-5.0824,-6.3961,-33.9261,0.07530212,
2,25.326,2,1.701817,379.1063,-0.8240738,0.4842318,-5.0824,-6.3961,-33.9261,0.07530212,
2,25.336,2,1.706174,379.1217,-0.8252532,0.4836865,-5.0824,-6.3961,-33.9261,0.07530212,
2,25.346,2,1.705428,379.1049,-0.8251187,0.4838192,-5.0824,-6.3961,-33.9261,0.07530212,
2,25.356,2,1.701774,379.0753,-0.8275082,0.486262,-5.0824,-6.3961,-33.9261,0.07530212,
2,25.366,2,1.702044,379.1058,-0.8231217,0.4836079,-5.0824,-6.3961,-33.9261,0.07530212,
2,25.376,2,1.702661,379.0898,-0.823164,0.4834574,-5.0824,-6.3961,-33.9261,0.07530212,
2,25.386,2,1.704036,379.119,-0.8257326,0.4845746,-5.0824,-6.3961,-33.9261,0.07530212,
2,25.396,2,1.703992,379.1116,-0.8239918,0.4835654,-5.0824,-6.3961,-33.9261,0.07530212,
2,25.406,2,1.704714,379.115,-0.8233109,0.4829613,-5.0824,-6.3961,-33.9261,0.07530212,
2,25.416,2,1.711742,379.0971,-0.8256148,0.4823244,-5.0824,-6.3961,-33.9261,0.07530212,
2,25.426,2,1.713666,379.046,-0.8285464,0.4834935,-5.0824,-6.3961,-33.9261,0.07530212,
2,25.436,2,1.717424,379.0266,-0.8327117,0.484861,-5.0824,-6.3961,-33.9261,0.07530212,
2,25.446,2,1.723496,379.0278,-0.8336291,0.483685,-5.0824,-6.3961,-33.9261,0.07530212,
2,25.456,2,1.720512,379.0283,-0.8328147,0.4840505,-5.0824,-6.3961,-33.9261,0.07530212,
2,25.466,2,1.721269,379.0356,-0.8330979,0.4840021,-5.0824,-6.3961,-33.9261,0.07530212,
2,25.476,2,1.723534,378.9958,-0.8340383,0.4839118,-5.0824,-6.3961,-33.9261,0.07530212,
2,25.486,2,1.722121,379.0079,-0.8331982,0.4838209,-5.0824,-6.3961,-33.9261,0.07530212,
2,25.496,2,1.72095,378.9979,-0.8358421,0.4856866,-5.0824,-6.3961,-33.9261,0.07530212,
2,25.506,2,1.724741,379.0188,-0.8344023,0.483784,-5.0824,-6.3961,-33.9261,0.07530212,
2,25.516,2,1.722896,379.0217,-0.8334169,0.4837302,-5.0824,-6.3961,-33.9261,0.07530212,
2,25.526,2,1.721604,379.0029,-0.8347806,0.4848853,-5.0824,-6.3961,-33.9261,0.07530212,
2,25.536,2,1.722547,379.0073,-0.8346503,0.4845443,-5.0824,-6.3961,-33.9261,0.07530212,
2,25.546,2,1.720276,378.9942,-0.8308887,0.4829972,-5.0824,-6.3961,-33.9261,0.07530212,
2,25.556,2,1.72395,378.9982,-0.834595,0.4841178,-5.0824,-6.3961,-33.9261,0.07530212,
2,25.566,2,1.719515,379.0063,-0.8334516,0.4847017,-5.0824,-6.3961,-33.9261,0.07530212,
2,25.576,2,1.721442,378.9921,-0.8337408,0.484327,-5.0824,-6.3961,-33.9261,0.07530212,
2,25.586,2,1.720788,379.0533,-0.8349227,0.4851978,-5.09115,-6.3961,-33.927,0.07619858,
2,25.596,2,1.717443,378.9809,-0.835811,0.4866601,-5.09115,-6.3961,-33.927,0.07619858,
2,25.606,2,1.722239,378.9803,-0.8362179,0.4855413,-5.09115,-6.3961,-33.927,0.07619858,
2,25.616,2,1.720571,378.9764,-0.8361326,0.4859624,-5.09115,-6.3961,-33.927,0.07619858,
2,25.626,2,1.719396,378.9784,-0.8357173,0.4860528,-5.09115,-6.3961,-33.927,0.07619858,
2,25.636,2,1.719619,378.9836,-0.8350072,0.4855768,-5.09115,-6.3961,-33.927,0.07619858,
2,25.646,2,1.720733,378.9507,-0.8360984,0.4858966,-5.09115,-6.3961,-33.927,0.07619858,
2,25.656,2,1.72144,378.9725,-0.8338886,0.4844134,-5.09115,-6.3961,-33.927,0.07619858,
2,25.666,2,1.721444,378.9594,-0.8352752,0.4852178,-5.09115,-6.3961,-33.927,0.07619858,
2,25.676,2,1.719197,378.9609,-0.8351206,0.4857621,-5.09115,-6.3961,-33.927,0.07619858,
2,25.686,2,1.721213,378.9672,-0.8334312,0.4842115,-5.09115,-6.3961,-33.927,0.07619858,
2,25.696,2,1.723315,378.9825,-0.8323311,0.4829825,-5.09115,-6.3961,-33.927,0.07619858,
2,25.706,2,1.728418,378.9365,-0.8369385,0.4842222,-5.09115,-6.3961,-33.927,0.07619858,
2,25.716,2,1.730763,378.9217,-0.8400481,0.4853629,-5.09115,-6.3961,-33.927,0.07619858,
2,25.726,2,1.735832,378.8905,-0.8410354,0.4845144,-5.09115,-6.3961,-33.927,0.07619858,
2,25.736,2,1.738476,378.8885,-0.8427691,0.4847746,-5.09115,-6.3961,-33.927,0.07619858,
2,25.746,2,1.738141,378.8863,-0.8438305,0.4854787,-5.09115,-6.3961,-33.927,0.07619858,
2,25.756,2,1.736318,378.8708,-0.8428892,0.4854463,-5.09115,-6.3961,-33.927,0.07619858,
2,25.766,2,1.739116,378.8533,-0.843783,0.4851791,-5.09115,-6.3961,-33.927,0.07619858,
2,25.776,2,1.737391,378.876,-0.8459345,0.4868992,-5.09115,-6.3961,-33.927,0.07619858,
2,25.786,2,1.738119,378.8565,-0.8446437,0.4859526,-5.09115,-6.3961,-33.927,0.07619858,
2,25.796,2,1.738113,378.8761,-0.8439815,0.4855735,-5.09115,-6.3961,-33.927,0.07619858,
2,25.806,2,1.737409,378.8686,-0.8434552,0.4854672,-5.09115,-6.3961,-33.927,0.07619858,
2,25.816,2,1.740326,378.853,-0.8432819,0.484554,-5.09115,-6.3961,-33.927,0.07619858,
2,25.826,2,1.738117,378.8724,-0.8413076,0.4840338,-5.101,-6.3961,-33.9278,0.07699966,
2,25.836,2,1.739684,378.8458,-0.8411438,0.4835038,-5.101,-6.3961,-33.9278,0.07699966,
2,25.846,2,1.738122,378.8474,-0.8429011,0.4849494,-5.101,-6.3961,-33.9278,0.07699966,
2,25.856,2,1.738128,378.8693,-0.8443601,0.4857869,-5.101,-6.3961,-33.9278,0.07699966,
2,25.866,2,1.738215,378.8644,-0.8430746,0.4850232,-5.101,-6.3961,-33.9278,0.07699966,
2,25.876,2,1.738411,378.8474,-0.8458538,0.4865671,-5.101,-6.3961,-33.9278,0.07699966,
2,25.886,2,1.736391,378.8611,-0.845637,0.4870085,-5.101,-6.3961,-33.9278,0.07699966,
2,25.896,2,1.73882,378.8408,-0.844661,0.4857666,-5.101,-6.3961,-33.9278,0.07699966,
2,25.906,2,1.737704,378.8351,-0.8478925,0.4879384,-5.101,-6.3961,-33.9278,0.07699966,
2,25.916,2,1.739411,378.8404,-0.8465154,0.4866678,-5.101,-6.3961,-33.9278,0.07699966,
2,25.926,2,1.738216,378.8372,-0.8432713,0.4851361,-5.101,-6.3961,-33.9278,0.07699966,
2,25.936,2,1.739799,378.8705,-0.8469954,0.4868351,-5.101,-6.3961,-33.9278,0.07699966,
2,25.946,2,1.742758,378.8069,-0.8464493,0.4856952,-5.101,-6.3961,-33.9278,0.07699966,
2,25.956,2,1.749019,378.7679,-0.8466673,0.4840814,-5.101,-6.3961,-33.9278,0.07699966,
2,25.966,2,1.75302,378.7469,-0.8499827,0.4848678,-5.101,-6.3961,-33.9278,0.07699966,
2,25.976,2,1.75364,378.7727,-0.8516093,0.4856239,-5.101,-6.3961,-33.9278,0.07699966,
2,25.986,2,1.756322,378.7603,-0.8482921,0.4829936,-5.101,-6.3961,-33.9278,0.07699966,
2,25.996,2,1.752999,378.746,-0.8491074,0.4843742,-5.101,-6.3961,-33.9278,0.07699966,
2,26.006,2,1.753679,378.7505,-0.8509384,0.4852305,-5.101,-6.3961,-33.9278,0.07699966,
2,26.016,2,1.755624,378.7401,-0.8519502,0.4852691,-5.101,-6.3961,-33.9278,0.07699966,
2,26.026,2,1.756098,378.7596,-0.8533888,0.4859573,-5.101,-6.3961,-33.9278,0.07699966,
2,26.036,2,1.755651,378.7485,-0.8519703,0.4852731,-5.101,-6.3961,-33.9278,0.07699966,
2,26.046,2,1.753817,378.7169,-0.8533959,0.4865935,-5.101,-6.3961,-33.9278,0.07699966,
2,26.056,2,1.754857,378.7411,-0.8534803,0.4863532,-5.101,-6.3961,-33.9278,0.07699966,
2,26.066,2,1.758216,378.7225,-0.851122,0.4840827,-5.10813,-6.3961,-33.9286,0.07780075,
2,26.076,2,1.754058,378.7289,-0.8523406,0.4859251,-5.10813,-6.3961,-33.9286,0.07780075,
2,26.086,2,1.754068,378.7343,-0.8555958,0.4877779,-5.10813,-6.3961,-33.9286,0.07780075,
2,26.096,2,1.758463,378.738,-0.8528591,0.4850025,-5.10813,-6.3961,-33.9286,0.07780075,
2,26.106,2,1.754893,378.7379,-0.851303,0.4851025,-5.10813,-6.3961,-33.9286,0.07780075,
2,26.116,2,1.753144,378.7203,-0.8539072,0.4870718,-5.10813,-6.3961,-33.9286,0.07780075,
2,26.126,2,1.757839,378.7092,-0.8516216,0.4844708,-5.10813,-6.3961,-33.9286,0.07780075,
2,26.136,2,1.756749,378.7094,-0.8502938,0.4840155,-5.10813,-6.3961,-33.9286,0.07780075,
2,26.146,2,1.755673,378.7137,-0.8540862,0.4864723,-5.10813,-6.3961,-33.9286,0.07780075,
2,26.156,2,1.755619,378.7159,-0.8538231,0.4863375,-5.10813,-6.3961,-33.9286,0.07780075,
2,26.166,2,1.757362,378.6953,-0.8539812,0.485945,-5.10813,-6.3961,-33.9286,0.07780075,
2,26.176,2,1.757787,378.6606,-0.855881,0.4869082,-5.10813,-6.3961,-33.9286,0.07780075,
2,26.186,2,1.761585,378.6803,-0.8573194,0.4866749,-5.10813,-6.3961,-33.9286,0.07780075,
2,26.196,2,1.764805,378.6352,-0.8591897,0.4868469,-5.10813,-6.3961,-33.9286,0.07780075,
2,26.206,2,1.771677,378.6368,-0.8626021,0.4868846,-5.10813,-6.3961,-33.9286,0.07780075,
2,26.216,2,1.772722,378.6337,-0.8628325,0.4867276,-5.10813,-6.3961,-33.9286,0.07780075,
2,26.226,2,1.773896,378.6252,-0.8642177,0.4871862,-5.10813,-6.3961,-33.9286,0.07780075,
2,26.236,2,1.772612,378.6219,-0.860981,0.485713,-5.10813,-6.3961,-33.9286,0.07780075,
2,26.246,2,1.774154,378.6026,-0.860234,0.4848699,-5.10813,-6.3961,-33.9286,0.07780075,
2,26.256,2,1.771605,378.601,-0.8617167,0.4864044,-5.10813,-6.3961,-33.9286,0.07780075,
2,26.266,2,1.775521,378.6234,-0.859725,0.4842099,-5.10813,-6.3961,-33.9286,0.07780075,
2,26.276,2,1.773268,378.6061,-0.8582316,0.4839829,-5.10813,-6.3961,-33.9286,0.07780075,
2,26.286,2,1.77139,378.6053,-0.8606548,0.4858642,-5.10813,-6.3961,-33.9286,0.07780075,
2,26.296,2,1.771931,378.5986,-0.8601478,0.4854297,-5.10813,-6.3961,-33.9286,0.07780075,
2,26.306,2,1.773686,378.6071,-0.8607563,0.4852923,-5.10813,-6.3961,-33.9286,0.07780075,
2,26.316,2,1.772093,378.6067,-0.8626921,0.4868211,-5.10813,-6.3961,-33.9286,0.07780075,
2,26.326,2,1.770417,378.6064,-0.8623376,0.4870816,-5.10813,-6.3961,-33.9286,0.07780075,
2,26.336,2,1.773109,378.5956,-0.8622925,0.4863166,-5.10813,-6.3961,-33.9286,0.07780075,
2,26.346,2,1.77193,378.6344,-0.8624731,0.4867421,-5.11745,-6.3961,-33.9295,0.07870102,
2,26.356,2,1.772867,378.5836,-0.8656322,0.4882669,-5.11745,-6.3961,-33.9295,0.07870102,
2,26.366,2,1.771934,378.5851,-0.865913,0.4886824,-5.11745,-6.3961,-33.9295,0.07870102,
2,26.376,2,1.770015,378.5768,-0.8660591,0.4892948,-5.11745,-6.3961,-33.9295,0.07870102,
2,26.386,2,1.772432,378.5978,-0.8637972,0.4873514,-5.11745,-6.3961,-33.9295,0.07870102,
2,26.396,2,1.772496,378.5933,-0.8630941,0.4869372,-5.11745,-6.3961,-33.9295,0.07870102,
2,26.406,2,1.770578,378.605,-0.8634012,0.4876381,-5.11745,-6.3961,-33.9295,0.07870102,
2,26.416,2,1.770729,378.5793,-0.8620982,0.4868606,-5.11745,-6.3961,-33.9295,0.07870102,
2,26.426,2,1.76924,378.5716,-0.8626317,0.4875719,-5.11745,-6.3961,-33.9295,0.07870102,
2,26.436,2,1.772258,378.5786,-0.8639443,0.4874822,-5.11745,-6.3961,-33.9295,0.07870102,
2,26.446,2,1.771911,378.5859,-0.863646,0.4874094,-5.11745,-6.3961,-33.9295,0.07870102,
2,26.456,2,1.769945,378.5788,-0.8663818,0.4894965,-5.11745,-6.3961,-33.9295,0.07870102,
2,26.466,2,1.77577,378.5453,-0.8658655,0.4876001,-5.11745,-6.3961,-33.9295,0.07870102,
2,26.476,2,1.781322,378.5291,-0.8650683,0.4856327,-5.11745,-6.3961,-33.9295,0.07870102,
2,26.486,2,1.780722,378.5031,-0.8687193,0.4878466,-5.11745,-6.3961,-33.9295,0.07870102,
2,26.496,2,1.785599,378.4889,-0.8721941,0.4884602,-5.11745,-6.3961,-33.9295,0.07870102,
2,26.506,2,1.788966,378.5005,-0.8697595,0.4861799,-5.11745,-6.3961,-33.9295,0.07870102,
2,26.516,2,1.789303,378.4974,-0.8703945,0.4864433,-5.11745,-6.3961,-33.9295,0.07870102,
2,26.526,2,1.78901,378.4495,-0.8722662,0.4875692,-5.11745,-6.3961,-33.9295,0.07870102,
2,26.536,2,1.787615,378.4788,-0.8697807,0.4865594,-5.11745,-6.3961,-33.9295,0.07870102,
2,26.546,2,1.787984,378.4807,-0.8680283,0.4854787,-5.11745,-6.3961,-33.9295,0.07870102,
2,26.556,2,1.790653,378.4885,-0.868654,0.4851045,-5.11745,-6.3961,-33.9295,0.07870102,
2,26.566,2,1.788234,378.4745,-0.8673546,0.4850342,-5.11745,-6.3961,-33.9295,0.07870102,
2,26.576,2,1.790628,378.4746,-0.8705294,0.4861586,-5.11745,-6.3961,-33.9295,0.07870102,
2,26.586,2,1.790136,378.4782,-0.8702611,0.4861425,-5.11745,-6.3961,-33.9295,0.07870102,
2,26.596,2,1.784974,378.4647,-0.871241,0.4880975,-5.11745,-6.3961,-33.9295,0.07870102,
2,26.606,2,1.786608,378.4504,-0.8730134,0.4886429,-5.11745,-6.3961,-33.9295,0.07870102,
2,26.616,2,1.788465,378.456,-0.8735906,0.4884584,-5.11745,-6.3961,-33.9295,0.07870102,
2,26.626,2,1.78548,378.4539,-0.870393,0.4874841,-5.12725,-6.3961,-33.9303,0.07950211,
2,26.636,2,1.788374,378.465,-0.8722168,0.487715,-5.12725,-6.3961,-33.9303,0.07950211,
2,26.646,2,1.787609,378.4366,-0.8733388,0.4885513,-5.12725,-6.3961,-33.9303,0.07950211,
2,26.656,2,1.787826,378.4429,-0.8737018,0.4886951,-5.12725,-6.3961,-33.9303,0.07950211,
2,26.666,2,1.787468,378.4449,-0.8759792,0.4900669,-5.12725,-6.3961,-33.9303,0.07950211,
2,26.676,2,1.788177,378.4576,-0.875385,0.4895405,-5.12725,-6.3961,-33.9303,0.07950211,
2,26.686,2,1.786832,378.4542,-0.8729346,0.4885376,-5.12725,-6.3961,-33.9303,0.07950211,
2,26.696,2,1.787338,378.4368,-0.8755636,0.4898703,-5.12725,-6.3961,-33.9303,0.07950211,
2,26.706,2,1.787306,378.436,-0.8714182,0.4875597,-5.12725,-6.3961,-33.9303,0.07950211,
2,26.716,2,1.790442,378.4344,-0.8713264,0.4866545,-5.12725,-6.3961,-33.9303,0.07950211,
2,26.726,2,1.794373,378.4252,-0.8725088,0.4862472,-5.12725,-6.3961,-33.9303,0.07950211,
2,26.736,2,1.793981,378.4186,-0.8774583,0.4891123,-5.12725,-6.3961,-33.9303,0.07950211,
2,26.746,2,1.802265,378.375,-0.8759545,0.4860297,-5.12725,-6.3961,-33.9303,0.07950211,
2,26.756,2,1.806449,378.4097,-0.8777764,0.4859126,-5.12725,-6.3961,-33.9303,0.07950211,
2,26.766,2,1.806134,378.3376,-0.8788803,0.4866085,-5.12725,-6.3961,-33.9303,0.07950211,
2,26.776,2,1.805265,378.3542,-0.8813418,0.4882063,-5.12725,-6.3961,-33.9303,0.07950211,
2,26.786,2,1.806408,378.3476,-0.881437,0.4879501,-5.12725,-6.3961,-33.9303,0.07950211,
2,26.796,2,1.804966,378.3564,-0.8826072,0.4889884,-5.12725,-6.3961,-33.9303,0.07950211,
2,26.806,2,1.805241,378.3515,-0.882754,0.4889952,-5.12725,-6.3961,-33.9303,0.07950211,
2,26.816,2,1.804499,378.3164,-0.8845235,0.4901767,-5.12725,-6.3961,-33.9303,0.07950211,
2,26.826,2,1.805581,378.3325,-0.8824548,0.4887372,-5.12725,-6.3961,-33.9303,0.07950211,
2,26.836,2,1.805697,378.318,-0.8827248,0.4888554,-5.12725,-6.3961,-33.9303,0.07950211,
2,26.846,2,1.803585,378.3279,-0.8810117,0.4884781,-5.12725,-6.3961,-33.9303,0.07950211,
2,26.856,2,1.804676,378.3362,-0.8796137,0.487408,-5.12725,-6.3961,-33.9303,0.07950211,
2,26.866,2,1.804993,378.3405,-0.8781,0.4864838,-5.12725,-6.3961,-33.9303,0.07950211,
2,26.876,2,1.804744,378.3179,-0.8825808,0.4890338,-5.12725,-6.3961,-33.9303,0.07950211,
2,26.886,2,1.804867,378.3189,-0.8823218,0.4888569,-5.136,-6.3961,-33.9312,0.08039856,
2,26.896,2,1.803764,378.322,-0.8844491,0.4903353,-5.136,-6.3961,-33.9312,0.08039856,
2,26.906,2,1.804713,378.3182,-0.8867534,0.4913543,-5.136,-6.3961,-33.9312,0.08039856,
2,26.916,2,1.805596,378.3267,-0.8831552,0.4891211,-5.136,-6.3961,-33.9312,0.08039856,
2,26.926,2,1.803754,378.3043,-0.8824624,0.4892367,-5.136,-6.3961,-33.9312,0.08039856,
2,26.936,2,1.803732,378.2812,-0.8850954,0.4907022,-5.136,-6.3961,-33.9312,0.08039856,
2,26.946,2,1.803345,378.3058,-0.8835973,0.4899769,-5.136,-6.3961,-33.9312,0.08039856,
2,26.956,2,1.805119,378.2948,-0.8854303,0.4905107,-5.136,-6.3961,-33.9312,0.08039856,
2,26.966,2,1.803205,378.3131,-0.886491,0.4916196,-5.136,-6.3961,-33.9312,0.08039856,
2,26.976,2,1.803956,378.3125,-0.8854584,0.4908425,-5.136,-6.3961,-33.9312,0.08039856,
2,26.986,2,1.804969,378.2938,-0.8839259,0.489718,-5.136,-6.3961,-33.9312,0.08039856,
2,26.996,2,1.803617,378.3043,-0.8843434,0.4903167,-5.136,-6.3961,-33.9312,0.08039856,
2,27.006,2,1.805594,378.3074,-0.8823333,0.4886664,-5.136,-6.3961,-33.9312,0.08039856,
2,27.016,2,1.807441,378.2816,-0.884327,0.4892702,-5.136,-6.3961,-33.9312,0.08039856,
2,27.026,2,1.811695,378.2665,-0.8874973,0.4898712,-5.136,-6.3961,-33.9312,0.08039856,
2,27.036,2,1.819203,378.2378,-0.8890312,0.4886927,-5.136,-6.3961,-33.9312,0.08039856,
2,27.046,2,1.820819,378.2261,-0.8916219,0.4896818,-5.136,-6.3961,-33.9312,0.08039856,
2,27.056,2,1.822587,378.2096,-0.8912681,0.4890126,-5.136,-6.3961,-33.9312,0.08039856,
2,27.066,2,1.822147,378.2127,-0.891917,0.4894869,-5.136,-6.3961,-33.9312,0.08039856,
2,27.076,2,1.822155,378.2013,-0.8920562,0.4895611,-5.136,-6.3961,-33.9312,0.08039856,
2,27.086,2,1.824252,378.2121,-0.8928347,0.4894252,-5.136,-6.3961,-33.9312,0.08039856,
2,27.096,2,1.822545,378.2143,-0.8916156,0.4892146,-5.136,-6.3961,-33.9312,0.08039856,
2,27.106,2,1.823111,378.23,-0.8902398,0.4883081,-5.136,-6.3961,-33.9312,0.08039856,
2,27.116,2,1.820515,378.2,-0.8922921,0.4901316,-5.136,-6.3961,-33.9312,0.08039856,
2,27.126,2,1.821914,378.1771,-0.8901383,0.4885732,-5.136,-6.3961,-33.9312,0.08039856,
2,27.136,2,1.824004,378.1847,-0.8915302,0.4887763,-5.136,-6.3961,-33.9312,0.08039856,
2,27.146,2,1.82166,378.1944,-0.889587,0.4883387,-5.136,-6.3961,-33.9312,0.08039856,
2,27.156,2,1.822014,378.1917,-0.8886123,0.4877088,-5.14585,-6.3961,-33.9321,0.08129883,
2,27.166,2,1.823285,378.1696,-0.8905397,0.488426,-5.14585,-6.3961,-33.9321,0.08129883,
2,27.176,2,1.822765,378.184,-0.8905394,0.488565,-5.14585,-6.3961,-33.9321,0.08129883,
2,27.186,2,1.82241,378.1782,-0.891349,0.4891045,-5.14585,-6.3961,-33.9321,0.08129883,
2,27.196,2,1.821166,378.1818,-0.8917938,0.4896828,-5.14585,-6.3961,-33.9321,0.08129883,
2,27.206,2,1.825183,378.1826,-0.8901425,0.4877003,-5.14585,-6.3961,-33.9321,0.08129883,
2,27.216,2,1.821286,378.1595,-0.8918779,0.4896968,-5.14585,-6.3961,-33.9321,0.08129883,
2,27.226,2,1.822837,378.1697,-0.8936017,0.4902257,-5.14585,-6.3961,-33.9321,0.08129883,
2,27.236,2,1.823516,378.156,-0.8913183,0.4887909,-5.14585,-6.3961,-33.9321,0.08129883,
2,27.246,2,1.82201,378.1652,-0.8915473,0.4893208,-5.14585,-6.3961,-33.9321,0.08129883,
2,27.256,2,1.823978,378.1843,-0.8947154,0.4905297,-5.14585,-6.3961,-33.9321,0.08129883,
2,27.266,2,1.827481,378.1651,-0.8926312,0.4884489,-5.14585,-6.3961,-33.9321,0.08129883,
2,27.276,2,1.830352,378.151,-0.8948729,0.4889077,-5.14585,-6.3961,-33.9321,0.08129883,
2,27.286,2,1.833863,378.1218,-0.8974307,0.4893662,-5.14585,-6.3961,-33.9321,0.08129883,
2,27.296,2,1.83842,378.0882,-0.8975104,0.4881965,-5.14585,-6.3961,-33.9321,0.08129883,
2,27.306,2,1.839385,378.0868,-0.9004141,0.489519,-5.14585,-6.3961,-33.9321,0.08129883,
2,27.316,2,1.839761,378.0984,-0.9015629,0.4900436,-5.14585,-6.3961,-33.9321,0.08129883,
2,27.326,2,1.839149,378.09,-0.8992014,0.4889227,-5.14585,-6.3961,-33.9321,0.08129883,
2,27.336,2,1.841048,378.0644,-0.9005604,0.4891563,-5.14585,-6.3961,-33.9321,0.08129883,
2,27.346,2,1.840287,378.0346,-0.9014969,0.4898677,-5.14585,-6.3961,-33.9321,0.08129883,
2,27.356,2,1.838634,378.062,-0.9004021,0.4897126,-5.14585,-6.3961,-33.9321,0.08129883,
2,27.366,2,1.841195,378.0424,-0.901952,0.489873,-5.14585,-6.3961,-33.9321,0.08129883,
2,27.376,2,1.840081,378.0722,-0.9026533,0.4905507,-5.14585,-6.3961,-33.9321,0.08129883,
2,27.386,2,1.838512,378.0657,-0.9009413,0.4900384,-5.14585,-6.3961,-33.9321,0.08129883,
2,27.396,2,1.838811,378.0713,-0.9021769,0.4906306,-5.14585,-6.3961,-33.9321,0.08129883,
2,27.406,2,1.837711,378.0684,-0.9011443,0.4903623,-5.14585,-6.3961,-33.9321,0.08129883,
2,27.416,2,1.836931,378.047,-0.9009652,0.4904731,-5.14585,-6.3961,-33.9321,0.08129883,
2,27.426,2,1.84056,378.0359,-0.9045328,0.4914443,-5.15462,-6.3961,-33.933,0.0821991,
2,27.436,2,1.838286,378.0616,-0.9016491,0.4904836,-5.15462,-6.3961,-33.933,0.0821991,
2,27.446,2,1.839443,378.0488,-0.8985319,0.4884804,-5.15462,-6.3961,-33.933,0.0821991,
2,27.456,2,1.838209,378.0354,-0.9024621,0.4909465,-5.15462,-6.3961,-33.933,0.0821991,
2,27.466,2,1.837808,378.0445,-0.9016865,0.4906315,-5.15462,-6.3961,-33.933,0.0821991,
2,27.476,2,1.839871,378.0343,-0.9015839,0.4900257,-5.15462,-6.3961,-33.933,0.0821991,
2,27.486,2,1.83685,378.0451,-0.9056649,0.4930534,-5.15462,-6.3961,-33.933,0.0821991,
2,27.496,2,1.837841,378.0627,-0.9071862,0.4936152,-5.15462,-6.3961,-33.933,0.0821991,
2,27.506,2,1.839489,378.0073,-0.9047513,0.4918492,-5.15462,-6.3961,-33.933,0.0821991,
2,27.516,2,1.839657,378.084,-0.9061584,0.4925691,-5.15462,-6.3961,-33.933,0.0821991,
2,27.526,2,1.841979,378.0147,-0.906862,0.4923304,-5.15462,-6.3961,-33.933,0.0821991,
2,27.536,2,1.848943,377.9877,-0.9085149,0.49137,-5.15462,-6.3961,-33.933,0.0821991,
2,27.546,2,1.852964,377.9601,-0.9121392,0.4922595,-5.15462,-6.3961,-33.933,0.0821991,
2,27.556,2,1.857486,377.9641,-0.9122657,0.4911293,-5.15462,-6.3961,-33.933,0.0821991,
2,27.566,2,1.859276,377.9577,-0.9095223,0.4891808,-5.15462,-6.3961,-33.933,0.0821991,
2,27.576,2,1.855836,377.9615,-0.9111041,0.4909401,-5.15462,-6.3961,-33.933,0.0821991,
2,27.586,2,1.855535,377.9369,-0.9095327,0.4901728,-5.15462,-6.3961,-33.933,0.0821991,
2,27.596,2,1.855211,377.9225,-0.9099678,0.4904928,-5.15462,-6.3961,-33.933,0.0821991,
2,27.606,2,1.856544,377.9357,-0.9158712,0.4933204,-5.15462,-6.3961,-33.933,0.0821991,
2,27.616,2,1.857111,377.9501,-0.9109159,0.4905014,-5.15462,-6.3961,-33.933,0.0821991,
2,27.626,2,1.857183,377.9238,-0.9182559,0.4944347,-5.15462,-6.3961,-33.933,0.0821991,
2,27.636,2,1.853912,377.9072,-0.9234147,0.49809,-5.15462,-6.3961,-33.933,0.0821991,
2,27.646,2,1.858319,377.9146,-0.9219486,0.4961195,-5.15462,-6.3961,-33.933,0.0821991,
2,27.656,2,1.853614,377.9026,-0.922311,0.4975744,-5.15462,-6.3961,-33.933,0.0821991,
2,27.666,2,1.855297,377.9019,-0.9179443,0.4947695,-5.15462,-6.3961,-33.933,0.0821991,
2,27.676,2,1.856754,377.9162,-0.9116161,0.4909729,-5.15462,-6.3961,-33.933,0.0821991,
2,27.686,2,1.855948,377.9086,-0.912992,0.4919276,-5.16335,-6.3961,-33.9339,0.08309937,
2,27.696,2,1.855734,377.8786,-0.9146033,0.4928527,-5.16335,-6.3961,-33.9339,0.08309937,
2,27.706,2,1.856373,377.8983,-0.9129413,0.4917878,-5.16335,-6.3961,-33.9339,0.08309937,
2,27.716,2,1.858368,377.8881,-0.9104478,0.4899179,-5.16335,-6.3961,-33.9339,0.08309937,
2,27.726,2,1.85633,377.9095,-0.9140114,0.4923754,-5.16335,-6.3961,-33.9339,0.08309937,
2,27.736,2,1.856101,377.9025,-0.9124673,0.4916043,-5.16335,-6.3961,-33.9339,0.08309937,
2,27.746,2,1.857986,377.9046,-0.9103954,0.4899904,-5.16335,-6.3961,-33.9339,0.08309937,
2,27.756,2,1.854889,377.8954,-0.9131145,0.4922746,-5.16335,-6.3961,-33.9339,0.08309937,
2,27.766,2,1.859198,377.8918,-0.9122901,0.4906901,-5.16335,-6.3961,-33.9339,0.08309937,
2,27.776,2,1.85658,377.8807,-0.9136183,0.4920974,-5.16335,-6.3961,-33.9339,0.08309937,
2,27.786,2,1.855569,377.8876,-0.9146628,0.4929285,-5.16335,-6.3961,-33.9339,0.08309937,
2,27.796,2,1.857659,377.8795,-0.9136548,0.4918313,-5.16335,-6.3961,-33.9339,0.08309937,
2,27.806,2,1.857802,377.8995,-0.9160894,0.4931039,-5.16335,-6.3961,-33.9339,0.08309937,
2,27.816,2,1.861269,377.8549,-0.9178818,0.4931483,-5.16335,-6.3961,-33.9339,0.08309937,
2,27.826,2,1.868696,377.8214,-0.9169855,0.4907087,-5.16335,-6.3961,-33.9339,0.08309937,
2,27.836,2,1.870118,377.8089,-0.920992,0.492478,-5.16335,-6.3961,-33.9339,0.08309937,
2,27.846,2,1.873931,377.8136,-0.9221147,0.4920751,-5.16335,-6.3961,-33.9339,0.08309937,
2,27.856,2,1.878379,377.8081,-0.9208032,0.4902117,-5.16335,-6.3961,-33.9339,0.08309937,
2,27.866,2,1.874179,377.8,-0.920752,0.4912829,-5.16335,-6.3961,-33.9339,0.08309937,
2,27.876,2,1.873866,377.7895,-0.9201747,0.4910568,-5.16335,-6.3961,-33.9339,0.08309937,
2,27.886,2,1.875823,377.7901,-0.9179552,0.4893612,-5.16335,-6.3961,-33.9339,0.08309937,
2,27.896,2,1.8737,377.7912,-0.9210178,0.4915504,-5.16335,-6.3961,-33.9339,0.08309937,
2,27.906,2,1.874148,377.8032,-0.9226574,0.4923076,-5.16335,-6.3961,-33.9339,0.08309937,
2,27.916,2,1.875471,377.7883,-0.920995,0.4910739,-5.16335,-6.3961,-33.9339,0.08309937,
2,27.926,2,1.877245,377.8119,-0.9221408,0.4912202,-5.16335,-6.3961,-33.9339,0.08309937,
2,27.936,2,1.876555,377.7724,-0.9212335,0.4909173,-5.16335,-6.3961,-33.9339,0.08309937,
2,27.946,2,1.874311,377.7624,-0.9219044,0.491863,-5.16335,-6.3961,-33.9339,0.08309937,
2,27.956,2,1.876237,377.758,-0.925405,0.4932239,-5.1732,-6.3961,-33.9348,0.08399963,
2,27.966,2,1.87612,377.7855,-0.9222933,0.4915961,-5.1732,-6.3961,-33.9348,0.08399963,
2,27.976,2,1.872446,377.7423,-0.9249114,0.493959,-5.1732,-6.3961,-33.9348,0.08399963,
2,27.986,2,1.875674,377.7291,-0.9260762,0.4937299,-5.1732,-6.3961,-33.9348,0.08399963,
2,27.996,2,1.875077,377.7881,-0.9228204,0.4921508,-5.1732,-6.3961,-33.9348,0.08399963,
2,28.006,2,1.873428,377.7353,-0.9215405,0.4919006,-5.1732,-6.3961,-33.9348,0.08399963,
2,28.016,2,1.874216,377.7583,-0.9237257,0.4928597,-5.1732,-6.3961,-33.9348,0.08399963,
2,28.026,2,1.875337,377.752,-0.9205176,0.4908544,-5.1732,-6.3961,-33.9348,0.08399963,
2,28.036,2,1.873223,377.7533,-0.9199827,0.4911229,-5.1732,-6.3961,-33.9348,0.08399963,
2,28.046,2,1.875381,377.7441,-0.9229515,0.4921407,-5.1732,-6.3961,-33.9348,0.08399963,
2,28.056,2,1.87454,377.7331,-0.9238018,0.4928151,-5.1732,-6.3961,-33.9348,0.08399963,
2,28.066,2,1.874006,377.7298,-0.9242198,0.4931788,-5.1732,-6.3961,-33.9348,0.08399963,
2,28.076,2,1.881408,377.7262,-0.9253641,0.4918466,-5.1732,-6.3961,-33.9348,0.08399963,
2,28.086,2,1.884249,377.6904,-0.9265954,0.4917584,-5.1732,-6.3961,-33.9348,0.08399963,
2,28.096,2,1.888343,377.6644,-0.9302653,0.4926358,-5.1732,-6.3961,-33.9348,0.08399963,
2,28.106,2,1.893194,377.6422,-0.9306833,0.4915941,-5.1732,-6.3961,-33.9348,0.08399963,
2,28.116,2,1.893584,377.6545,-0.9283109,0.4902402,-5.1732,-6.3961,-33.9348,0.08399963,
2,28.126,2,1.894787,377.6464,-0.9309912,0.4913436,-5.1732,-6.3961,-33.9348,0.08399963,
2,28.136,2,1.892627,377.654,-0.9313979,0.4921192,-5.1732,-6.3961,-33.9348,0.08399963,
2,28.146,2,1.890407,377.6576,-0.9297861,0.4918445,-5.1732,-6.3961,-33.9348,0.08399963,
2,28.156,2,1.892609,377.6434,-0.9300913,0.4914333,-5.1732,-6.3961,-33.9348,0.08399963,
2,28.166,2,1.89416,377.6404,-0.9296218,0.4907832,-5.1732,-6.3961,-33.9348,0.08399963,
2,28.176,2,1.893584,377.6339,-0.9289011,0.4905517,-5.1732,-6.3961,-33.9348,0.08399963,
2,28.186,2,1.893862,377.636,-0.9295715,0.4908338,-5.1732,-6.3961,-33.9348,0.08399963,
2,28.196,2,1.892287,377.6489,-0.9313292,0.4921713,-5.1732,-6.3961,-33.9348,0.08399963,
2,28.206,2,1.893126,377.6352,-0.9295719,0.4910249,-5.1732,-6.3961,-33.9348,0.08399963,
2,28.216,2,1.89375,377.6313,-0.9325324,0.4924262,-5.1732,-6.3961,-33.9348,0.08399963,
2,28.226,2,1.892605,377.6281,-0.932563,0.4927405,-5.18197,-6.3961,-33.9357,0.0848999,
2,28.236,2,1.891771,377.61,-0.9315575,0.4924262,-5.18197,-6.3961,-33.9357,0.0848999,
2,28.246,2,1.892646,377.5985,-0.9348505,0.4939385,-5.18197,-6.3961,-33.9357,0.0848999,
2,28.256,2,1.890477,377.6054,-0.9351153,0.4946452,-5.18197,-6.3961,-33.9357,0.0848999,
2,28.266,2,1.893599,377.6231,-0.9346749,0.4935969,-5.18197,-6.3961,-33.9357,0.0848999,
2,28.276,2,1.892857,377.6366,-0.9339899,0.4934286,-5.18197,-6.3961,-33.9357,0.0848999,
2,28.286,2,1.892278,377.6215,-0.9325581,0.4928229,-5.18197,-6.3961,-33.9357,0.0848999,
2,28.296,2,1.892236,377.6049,-0.9298781,0.4914176,-5.18197,-6.3961,-33.9357,0.0848999,
2,28.306,2,1.892454,377.5806,-0.9335828,0.4933186,-5.18197,-6.3961,-33.9357,0.0848999,
2,28.316,2,1.892789,377.6096,-0.9321037,0.4924498,-5.18197,-6.3961,-33.9357,0.0848999,
2,28.326,2,1.899786,377.5958,-0.9301034,0.4895832,-5.18197,-6.3961,-33.9357,0.0848999,
2,28.336,2,1.899366,377.5495,-0.9354209,0.4924912,-5.18197,-6.3961,-33.9357,0.0848999,
2,28.346,2,1.902385,377.5404,-0.9457084,0.4971173,-5.18197,-6.3961,-33.9357,0.0848999,
2,28.356,2,1.908448,377.5253,-0.9431657,0.4942055,-5.18197,-6.3961,-33.9357,0.0848999,
2,28.366,2,1.911172,377.5287,-0.9408066,0.492267,-5.18197,-6.3961,-33.9357,0.0848999,
2,28.376,2,1.910655,377.5281,-0.9391574,0.4915369,-5.18197,-6.3961,-33.9357,0.0848999,
2,28.386,2,1.909268,377.5197,-0.9407051,0.4927045,-5.18197,-6.3961,-33.9357,0.0848999,
2,28.396,2,1.910927,377.524,-0.9420898,0.4930014,-5.18197,-6.3961,-33.9357,0.0848999,
2,28.406,2,1.913494,377.5114,-0.9393616,0.4909143,-5.18197,-6.3961,-33.9357,0.0848999,
2,28.416,2,1.911491,377.4994,-0.9424545,0.4930468,-5.18197,-6.3961,-33.9357,0.0848999,
2,28.426,2,1.909162,377.502,-0.9525209,0.4989208,-5.18197,-6.3961,-33.9357,0.0848999,
2,28.436,2,1.909596,377.4995,-0.9440219,0.4943568,-5.18197,-6.3961,-33.9357,0.0848999,
2,28.446,2,1.911315,377.4975,-0.9409621,0.4923112,-5.18197,-6.3961,-33.9357,0.0848999,
2,28.456,2,1.908366,377.5119,-0.9395986,0.4923576,-5.18197,-6.3961,-33.9357,0.0848999,
2,28.466,2,1.910819,377.4897,-0.937696,0.4907298,-5.19072,-6.3961,-33.9366,0.08580017,
2,28.476,2,1.91097,377.4874,-0.9362035,0.4899102,-5.19072,-6.3961,-33.9366,0.08580017,
2,28.486,2,1.910561,377.4988,-0.9430717,0.4936098,-5.19072,-6.3961,-33.9366,0.08580017,
2,28.496,2,1.909467,377.5207,-0.9407322,0.4926675,-5.19072,-6.3961,-33.9366,0.08580017,
2,28.506,2,1.907826,377.4365,-0.9452175,0.4954422,-5.19072,-6.3961,-33.9366,0.08580017,
2,28.516,2,1.910319,377.4538,-0.9487076,0.4966226,-5.19072,-6.3961,-33.9366,0.08580017,
2,28.526,2,1.909015,377.4761,-0.9402005,0.4925056,-5.19072,-6.3961,-33.9366,0.08580017,
2,28.536,2,1.911441,377.4509,-0.9435837,0.4936504,-5.19072,-6.3961,-33.9366,0.08580017,
2,28.546,2,1.911619,377.4712,-0.9463285,0.4950403,-5.19072,-6.3961,-33.9366,0.08580017,
2,28.556,2,1.912326,377.4665,-0.9417633,0.49247,-5.19072,-6.3961,-33.9366,0.08580017,
2,28.566,2,1.913723,377.4709,-0.9446697,0.4936294,-5.19072,-6.3961,-33.9366,0.08580017,
2,28.576,2,1.917693,377.4282,-0.9462472,0.49343,-5.19072,-6.3961,-33.9366,0.08580017,
2,28.586,2,1.923447,377.3955,-0.9530988,0.495516,-5.19072,-6.3961,-33.9366,0.08580017,
2,28.596,2,1.926909,377.375,-0.9472337,0.4915821,-5.19072,-6.3961,-33.9366,0.08580017,
2,28.606,2,1.929107,377.3907,-0.9472294,0.4910195,-5.19072,-6.3961,-33.9366,0.08580017,
2,28.616,2,1.930052,377.3787,-0.9444535,0.489341,-5.19072,-6.3961,-33.9366,0.08580017,
2,28.626,2,1.92751,377.3802,-0.9471845,0.4914032,-5.19072,-6.3961,-33.9366,0.08580017,
2,28.636,2,1.926599,377.3709,-0.9519863,0.4941278,-5.19072,-6.3961,-33.9366,0.08580017,
2,28.646,2,1.926837,377.3645,-0.951247,0.4936832,-5.19072,-6.3961,-33.9366,0.08580017,
2,28.656,2,1.92654,377.3639,-0.9523062,0.494309,-5.19072,-6.3961,-33.9366,0.08580017,
2,28.666,2,1.926447,377.3649,-0.9570296,0.4967849,-5.19072,-6.3961,-33.9366,0.08580017,
2,28.676,2,1.926807,377.361,-0.9504726,0.4932888,-5.19072,-6.3961,-33.9366,0.08580017,
2,28.686,2,1.92615,377.3984,-0.9503876,0.4934131,-5.19072,-6.3961,-33.9366,0.08580017,
2,28.696,2,1.926422,377.3555,-0.9495277,0.4928971,-5.19895,-6.3961,-33.9374,0.08660126,
2,28.706,2,1.926065,377.3387,-0.9493283,0.4928848,-5.19895,-6.3961,-33.9374,0.08660126,
2,28.716,2,1.925081,377.3522,-0.9503945,0.4936908,-5.19895,-6.3961,-33.9374,0.08660126,
2,28.726,2,1.928374,377.3494,-0.9563028,0.4959115,-5.19895,-6.3961,-33.9374,0.08660126,
2,28.736,2,1.924294,377.3502,-0.9556578,0.4966278,-5.19895,-6.3961,-33.9374,0.08660126,
2,28.746,2,1.92424,377.3734,-0.955802,0.4967167,-5.19895,-6.3961,-33.9374,0.08660126,
2,28.756,2,1.929682,377.3386,-0.9478476,0.4911937,-5.19895,-6.3961,-33.9374,0.08660126,
2,28.766,2,1.925992,377.3392,-0.9530622,0.4948422,-5.19895,-6.3961,-33.9374,0.08660126,
2,28.776,2,1.924575,377.3408,-0.9545724,0.4959912,-5.19895,-6.3961,-33.9374,0.08660126,
2,28.786,2,1.926533,377.3553,-0.9560242,0.4962409,-5.19895,-6.3961,-33.9374,0.08660126,
2,28.796,2,1.925166,377.3365,-0.955809,0.4964814,-5.19895,-6.3961,-33.9374,0.08660126,
2,28.806,2,1.927825,377.3134,-0.9560012,0.4958963,-5.19895,-6.3961,-33.9374,0.08660126,
2,28.816,2,1.929988,377.325,-0.9509006,0.4926978,-5.19895,-6.3961,-33.9374,0.08660126,
2,28.826,2,1.932693,377.2963,-0.9591061,0.4962538,-5.19895,-6.3961,-33.9374,0.08660126,
2,28.836,2,1.934358,377.2673,-0.962998,0.4978387,-5.19895,-6.3961,-33.9374,0.08660126,
2,28.846,2,1.939129,377.2631,-0.9647394,0.4975117,-5.19895,-6.3961,-33.9374,0.08660126,
2,28.856,2,1.944771,377.2539,-0.959727,0.4934911,-5.19895,-6.3961,-33.9374,0.08660126,
2,28.866,2,1.946274,377.2205,-0.9605703,0.4935432,-5.19895,-6.3961,-33.9374,0.08660126,
2,28.876,2,1.945263,377.2383,-0.9562634,0.4915858,-5.19895,-6.3961,-33.9374,0.08660126,
2,28.886,2,1.945665,377.2283,-0.9590765,0.49293,-5.19895,-6.3961,-33.9374,0.08660126,
2,28.896,2,1.94832,377.2455,-0.9569862,0.4911854,-5.19895,-6.3961,-33.9374,0.08660126,
2,28.906,2,1.942203,377.2378,-0.9572448,0.4928654,-5.19895,-6.3961,-33.9374,0.08660126,
2,28.916,2,1.943562,377.2263,-0.9550279,0.4913802,-5.19895,-6.3961,-33.9374,0.08660126,
2,28.926,2,1.944625,377.232,-0.9551893,0.4911947,-5.19895,-6.3961,-33.9374,0.08660126,
2,28.936,2,1.94325,377.2053,-0.9591744,0.493593,-5.19895,-6.3961,-33.9374,0.08660126,
2,28.946,2,1.9445,377.203,-0.9609318,0.4941793,-5.19895,-6.3961,-33.9374,0.08660126,
2,28.956,2,1.944909,377.2217,-0.9592223,0.4931964,-5.19895,-6.3961,-33.9374,0.08660126,
2,28.966,2,1.94481,377.2182,-0.9561134,0.491623,-5.19895,-6.3961,-33.9374,0.08660126,
2,28.976,2,1.944399,377.2247,-0.959989,0.4937203,-5.19895,-6.3961,-33.9374,0.08660126,
2,28.986,2,1.943076,377.1917,-0.966384,0.4973476,-5.20767,-6.3961,-33.9383,0.08750153,
2,28.996,2,1.943324,377.2118,-0.9639111,0.4960115,-5.20767,-6.3961,-33.9383,0.08750153,
2,29.006,2,1.941672,377.1862,-0.9696586,0.4993937,-5.20767,-6.3961,-33.9383,0.08750153,
2,29.016,2,1.9403,377.2021,-0.9659579,0.4978396,-5.20767,-6.3961,-33.9383,0.08750153,
2,29.026,2,1.943069,377.2067,-0.96193,0.495057,-5.20767,-6.3961,-33.9383,0.08750153,
2,29.036,2,1.942991,377.1897,-0.966272,0.4973116,-5.20767,-6.3961,-33.9383,0.08750153,
2,29.046,2,1.942598,377.179,-0.9669018,0.4977365,-5.20767,-6.3961,-33.9383,0.08750153,
2,29.056,2,1.942712,377.1837,-0.9649427,0.4966989,-5.20767,-6.3961,-33.9383,0.08750153,
2,29.066,2,1.944124,377.1844,-0.9668919,0.4973407,-5.20767,-6.3961,-33.9383,0.08750153,
2,29.076,2,1.942364,377.2045,-0.9645266,0.4965736,-5.20767,-6.3961,-33.9383,0.08750153,
2,29.086,2,1.945623,377.1861,-0.9602914,0.4935651,-5.20767,-6.3961,-33.9383,0.08750153,
2,29.096,2,1.95365,377.2014,-0.9605813,0.4916855,-5.20767,-6.3961,-33.9383,0.08750153,
2,29.106,2,1.953095,377.1307,-0.9695809,0.496433,-5.20767,-6.3961,-33.9383,0.08750153,
2,29.116,2,1.956648,377.0983,-0.9679986,0.494723,-5.20767,-6.3961,-33.9383,0.08750153,
2,29.126,2,1.961322,377.1011,-0.9685068,0.493803,-5.20767,-6.3961,-33.9383,0.08750153,
2,29.136,2,1.962301,377.1056,-0.9672711,0.4929271,-5.20767,-6.3961,-33.9383,0.08750153,
2,29.146,2,1.959591,377.0973,-0.9704643,0.4952382,-5.20767,-6.3961,-33.9383,0.08750153,
2,29.156,2,1.961769,377.0731,-0.9698488,0.4943746,-5.20767,-6.3961,-33.9383,0.08750153,
2,29.166,2,1.963223,377.0854,-0.9644509,0.491259,-5.20767,-6.3961,-33.9383,0.08750153,
2,29.176,2,1.961211,377.0721,-0.96606,0.4925835,-5.20767,-6.3961,-33.9383,0.08750153,
2,29.186,2,1.96371,377.0994,-0.9654204,0.4916309,-5.20767,-6.3961,-33.9383,0.08750153,
2,29.196,2,1.961034,377.0923,-0.9657781,0.4924841,-5.20767,-6.3961,-33.9383,0.08750153,
2,29.206,2,1.959659,377.0831,-0.9677004,0.4938107,-5.20767,-6.3961,-33.9383,0.08750153,
2,29.216,2,1.960959,377.0679,-0.9684392,0.4938599,-5.20767,-6.3961,-33.9383,0.08750153,
2,29.226,2,1.959225,377.0605,-0.9718199,0.4960226,-5.20767,-6.3961,-33.9383,0.08750153,
2,29.236,2,1.963298,377.075,-0.9672722,0.4926773,-5.21698,-6.3961,-33.9392,0.08840179,
2,29.246,2,1.960129,377.0675,-0.9726905,0.4962381,-5.21698,-6.3961,-33.9392,0.08840179,
2,29.256,2,1.960179,377.0571,-0.9675198,0.4935873,-5.21698,-6.3961,-33.9392,0.08840179,
2,29.266,2,1.960935,377.054,-0.9710479,0.4951964,-5.21698,-6.3961,-33.9392,0.08840179,
2,29.276,2,1.960937,377.0377,-0.9713749,0.4953626,-5.21698,-6.3961,-33.9392,0.08840179,
2,29.286,2,1.960068,377.0531,-0.9760036,0.4979437,-5.21698,-6.3961,-33.9392,0.08840179,
2,29.296,2,1.962313,377.0451,-0.9702191,0.4944263,-5.21698,-6.3961,-33.9392,0.08840179,
2,29.306,2,1.963936,377.0557,-0.9699476,0.4938794,-5.21698,-6.3961,-33.9392,0.08840179,
2,29.316,2,1.962579,377.0578,-0.9657792,0.4920971,-5.21698,-6.3961,-33.9392,0.08840179,
2,29.326,2,1.962324,377.037,-0.9669781,0.4927718,-5.21698,-6.3961,-33.9392,0.08840179,
2,29.336,2,1.967049,377.0275,-0.9664685,0.4913291,-5.21698,-6.3961,-33.9392,0.08840179,
2,29.346,2,1.972602,376.9888,-0.9672897,0.4903625,-5.21698,-6.3961,-33.9392,0.08840179,
2,29.356,2,1.977403,376.9799,-0.9717186,0.4914114,-5.21698,-6.3961,-33.9392,0.08840179,
2,29.366,2,1.97966,376.9948,-0.9711891,0.4905838,-5.21698,-6.3961,-33.9392,0.08840179,
2,29.376,2,1.981127,376.9812,-0.9727554,0.4910112,-5.21698,-6.3961,-33.9392,0.08840179,
2,29.386,2,1.979146,376.9816,-0.9709573,0.490594,-5.21698,-6.3961,-33.9392,0.08840179,
2,29.396,2,1.980055,376.9571,-0.9700481,0.4899098,-5.21698,-6.3961,-33.9392,0.08840179,
2,29.406,2,1.981076,376.9466,-0.9691479,0.4892028,-5.21698,-6.3961,-33.9392,0.08840179,
2,29.416,2,1.979281,376.9395,-0.9730842,0.4916353,-5.21698,-6.3961,-33.9392,0.08840179,
2,29.426,2,1.97579,376.9518,-0.9756677,0.4938114,-5.21698,-6.3961,-33.9392,0.08840179,
2,29.436,2,1.978746,376.9474,-0.975908,0.4931952,-5.21698,-6.3961,-33.9392,0.08840179,
2,29.446,2,1.979297,376.9667,-0.9734764,0.4918293,-5.21698,-6.3961,-33.9392,0.08840179,
2,29.456,2,1.977839,376.9349,-0.9757849,0.4933591,-5.2252,-6.3961,-33.9401,0.08930206,
2,29.466,2,1.978644,376.9286,-0.9753802,0.4929537,-5.2252,-6.3961,-33.9401,0.08930206,
2,29.476,2,1.978987,376.936,-0.9728335,0.4915816,-5.2252,-6.3961,-33.9401,0.08930206,
2,29.486,2,1.980304,376.9378,-0.9704202,0.4900359,-5.2252,-6.3961,-33.9401,0.08930206,
2,29.496,2,1.979583,376.9298,-0.9691126,0.4895539,-5.2252,-6.3961,-33.9401,0.08930206,
2,29.506,2,1.978242,376.911,-0.9724877,0.4915918,-5.2252,-6.3961,-33.9401,0.08930206,
2,29.516,2,1.977337,376.9133,-0.9720372,0.4915889,-5.2252,-6.3961,-33.9401,0.08930206,
2,29.526,2,1.977155,376.9208,-0.9726142,0.491926,-5.2252,-6.3961,-33.9401,0.08930206,
2,29.536,2,1.976239,376.9143,-0.9813599,0.4965796,-5.2252,-6.3961,-33.9401,0.08930206,
2,29.546,2,1.980448,376.914,-0.9774587,0.4935544,-5.2252,-6.3961,-33.9401,0.08930206,
2,29.556,2,1.979394,376.9041,-0.9794093,0.4948025,-5.2252,-6.3961,-33.9401,0.08930206,
2,29.566,2,1.986022,376.8783,-0.98176,0.4943348,-5.2252,-6.3961,-33.9401,0.08930206,
2,29.576,2,1.989096,376.853,-0.9799262,0.492649,-5.2252,-6.3961,-33.9401,0.08930206,
2,29.586,2,1.996197,376.8404,-0.9804401,0.4911539,-5.2252,-6.3961,-33.9401,0.08930206,
2,29.596,2,1.997395,376.8435,-0.9857194,0.4935024,-5.2252,-6.3961,-33.9401,0.08930206,
2,29.606,2,1.995977,376.8418,-0.9843403,0.493162,-5.2252,-6.3961,-33.9401,0.08930206,
2,29.616,2,1.997048,376.8297,-0.9779735,0.4897095,-5.2252,-6.3961,-33.9401,0.08930206,
2,29.626,2,1.998091,376.8375,-0.9763972,0.488665,-5.2252,-6.3961,-33.9401,0.08930206,
2,29.636,2,1.995778,376.8134,-0.9796025,0.4908374,-5.2252,-6.3961,-33.9401,0.08930206,
2,29.646,2,1.996754,376.8066,-0.9808754,0.4912349,-5.2252,-6.3961,-33.9401,0.08930206,
2,29.656,2,1.995462,376.8299,-0.9772884,0.4897556,-5.2252,-6.3961,-33.9401,0.08930206,
2,29.666,2,1.993215,376.8253,-0.9812561,0.4922981,-5.2252,-6.3961,-33.9401,0.08930206,
2,29.676,2,1.994187,376.795,-0.980306,0.4915818,-5.2252,-6.3961,-33.9401,0.08930206,
2,29.686,2,1.997723,376.8134,-0.9769912,0.4890524,-5.23285,-6.3961,-33.9409,0.09009933,
2,29.696,2,1.994184,376.804,-0.9769427,0.4898959,-5.23285,-6.3961,-33.9409,0.09009933,
2,29.706,2,1.995584,376.78,-0.9800687,0.4911187,-5.23285,-6.3961,-33.9409,0.09009933,
2,29.716,2,1.995581,376.7932,-0.9787784,0.4904728,-5.23285,-6.3961,-33.9409,0.09009933,
2,29.726,2,1.994468,376.7924,-0.9767101,0.4897096,-5.23285,-6.3961,-33.9409,0.09009933,
2,29.736,2,1.994497,376.8193,-0.9781063,0.4904026,-5.23285,-6.3961,-33.9409,0.09009933,
2,29.746,2,1.994162,376.7915,-0.9765273,0.4896932,-5.23285,-6.3961,-33.9409,0.09009933,
2,29.756,2,1.995141,376.787,-0.9787226,0.4905531,-5.23285,-6.3961,-33.9409,0.09009933,
2,29.766,2,1.993181,376.7711,-0.9798495,0.4916009,-5.23285,-6.3961,-33.9409,0.09009933,
2,29.776,2,1.994091,376.788,-0.9760278,0.4894601,-5.23285,-6.3961,-33.9409,0.09009933,
2,29.786,2,1.993698,376.7852,-0.975862,0.4894733,-5.23285,-6.3961,-33.9409,0.09009933,
2,29.796,2,1.996776,376.7683,-0.9763321,0.4889542,-5.23285,-6.3961,-33.9409,0.09009933,
2,29.806,2,2.001722,376.7351,-0.9792197,0.4891886,-5.23285,-6.3961,-33.9409,0.09009933,
2,29.816,2,2.006794,376.706,-0.9787385,0.4877126,-5.23285,-6.3961,-33.9409,0.09009933,
2,29.826,2,2.013028,376.7088,-0.9809908,0.4873211,-5.23285,-6.3961,-33.9409,0.09009933,
2,29.836,2,2.012149,376.7047,-0.9846969,0.4893757,-5.23285,-6.3961,-33.9409,0.09009933,
2,29.846,2,2.01217,376.695,-0.9843299,0.4891883,-5.23285,-6.3961,-33.9409,0.09009933,
2,29.856,2,2.012999,376.7292,-0.9853525,0.4894947,-5.23285,-6.3961,-33.9409,0.09009933,
2,29.866,2,2.012396,376.6917,-0.9836688,0.4888048,-5.23285,-6.3961,-33.9409,0.09009933,
2,29.876,2,2.010213,376.6823,-0.9857261,0.4903591,-5.23285,-6.3961,-33.9409,0.09009933,
2,29.886,2,2.012938,376.6853,-0.9874772,0.4905652,-5.23285,-6.3961,-33.9409,0.09009933,
2,29.896,2,2.01227,376.6948,-0.9850892,0.4895411,-5.23285,-6.3961,-33.9409,0.09009933,
2,29.906,2,2.011452,376.6785,-0.9812777,0.4878454,-5.23285,-6.3961,-33.9409,0.09009933,
2,29.916,2,2.011582,376.6891,-0.9838806,0.4891079,-5.23285,-6.3961,-33.9409,0.09009933,
2,29.926,2,2.012487,376.668,-0.9807916,0.487353,-5.23285,-6.3961,-33.9409,0.09009933,
2,29.936,2,2.010961,376.6547,-0.9802213,0.4874393,-5.23285,-6.3961,-33.9409,0.09009933,
2,29.946,2,2.010633,376.6567,-0.9824884,0.4886464,-5.24108,-6.3961,-33.9418,0.0909996,
2,29.956,2,2.01047,376.6912,-0.982299,0.4885917,-5.24108,-6.3961,-33.9418,0.0909996,
2,29.966,2,2.011592,376.6531,-0.9818725,0.4881072,-5.24108,-6.3961,-33.9418,0.0909996,
2,29.976,2,2.010047,376.6219,-0.9843269,0.4897034,-5.24108,-6.3961,-33.9418,0.0909996,
2,29.986,2,2.013257,376.6429,-0.9829861,0.4882568,-5.24108,-6.3961,-33.9418,0.0909996,
2,29.996,2,2.011077,376.6336,-0.9846996,0.4896379,-5.24108,-6.3961,-33.9418,0.0909996,
2,30.006,2,2.008122,376.6276,-0.9884702,0.4922361,-5.24108,-6.3961,-33.9418,0.0909996,
2,30.016,2,2.007494,376.6408,-0.9906968,0.4934992,-5.24108,-6.3961,-33.9418,0.0909996,
2,30.026,2,2.012053,376.6399,-0.9845185,0.4893105,-5.24108,-6.3961,-33.9418,0.0909996,
2,30.036,2,2.011314,376.6187,-0.9842224,0.4893431,-5.24108,-6.3961,-33.9418,0.0909996,
2,30.046,2,2.011248,376.6369,-0.9831825,0.488842,-5.24108,-6.3961,-33.9418,0.0909996,
2,30.056,2,2.017488,376.6082,-0.983362,0.4874189,-5.24108,-6.3961,-33.9418,0.0909996,
2,30.066,2,2.020059,376.6047,-0.9828552,0.4865477,-5.24108,-6.3961,-33.9418,0.0909996,
2,30.076,2,2.02446,376.5867,-0.9858183,0.4869538,-5.24108,-6.3961,-33.9418,0.0909996,
2,30.086,2,2.028024,376.5699,-0.9892395,0.4877849,-5.24108,-6.3961,-33.9418,0.0909996,
2,30.096,2,2.027397,376.5682,-0.9913974,0.4890002,-5.24108,-6.3961,-33.9418,0.0909996,
2,30.106,2,2.027726,376.5431,-0.9874846,0.4869911,-5.24108,-6.3961,-33.9418,0.0909996,
2,30.116,2,2.028165,376.5378,-0.9886165,0.4874439,-5.24108,-6.3961,-33.9418,0.0909996,
2,30.126,2,2.029584,376.5453,-0.9889392,0.4872619,-5.24108,-6.3961,-33.9418,0.0909996,
2,30.136,2,2.029221,376.5385,-0.9887228,0.4872425,-5.24108,-6.3961,-33.9418,0.0909996,
2,30.146,2,2.028909,376.5595,-0.9894943,0.4876978,-5.24108,-6.3961,-33.9418,0.0909996,
2,30.156,2,2.025997,376.5198,-0.9911149,0.4891985,-5.24108,-6.3961,-33.9418,0.0909996,
2,30.166,2,2.026996,376.5195,-0.9887227,0.4877774,-5.24108,-6.3961,-33.9418,0.0909996,
2,30.176,2,2.026269,376.5334,-0.9924693,0.4898013,-5.24108,-6.3961,-33.9418,0.0909996,
2,30.186,2,2.025661,376.5406,-0.9950076,0.4912014,-5.24983,-6.3961,-33.9426,0.09180069,
2,30.196,2,2.029013,376.5276,-0.9932627,0.4895299,-5.24983,-6.3961,-33.9426,0.09180069,
2,30.206,2,2.027151,376.51,-0.9903965,0.4885657,-5.24983,-6.3961,-33.9426,0.09180069,
2,30.216,2,2.028397,376.5035,-0.9883801,0.4872715,-5.24983,-6.3961,-33.9426,0.09180069,
2,30.226,2,2.028319,376.5042,-0.9897573,0.4879693,-5.24983,-6.3961,-33.9426,0.09180069,
2,30.236,2,2.027764,376.5027,-0.989894,0.4881702,-5.24983,-6.3961,-33.9426,0.09180069,
2,30.246,2,2.027282,376.5286,-0.9903473,0.4885099,-5.24983,-6.3961,-33.9426,0.09180069,
2,30.256,2,2.027077,376.5104,-0.9903468,0.488559,-5.24983,-6.3961,-33.9426,0.09180069,
2,30.266,2,2.027399,376.5326,-0.9897121,0.4881683,-5.24983,-6.3961,-33.9426,0.09180069,
2,30.276,2,2.025567,376.4987,-0.9902588,0.4888797,-5.24983,-6.3961,-33.9426,0.09180069,
2,30.286,2,2.02682,376.4832,-0.9896786,0.4882913,-5.24983,-6.3961,-33.9426,0.09180069,
2,30.296,2,2.02463,376.4836,-0.9947821,0.4913402,-5.24983,-6.3961,-33.9426,0.09180069,
2,30.306,2,2.029549,376.4957,-0.9944836,0.4900023,-5.24983,-6.3961,-33.9426,0.09180069,
2,30.316,2,2.034716,376.4741,-0.9926129,0.4878384,-5.24983,-6.3961,-33.9426,0.09180069,
2,30.326,2,2.038551,376.4036,-0.9970867,0.4891154,-5.24983,-6.3961,-33.9426,0.09180069,
2,30.336,2,2.043183,376.4211,-0.9956839,0.48732,-5.24983,-6.3961,-33.9426,0.09180069,
2,30.346,2,2.044754,376.4115,-0.9944739,0.4863539,-5.24983,-6.3961,-33.9426,0.09180069,
2,30.356,2,2.042068,376.4151,-0.9975666,0.4885081,-5.24983,-6.3961,-33.9426,0.09180069,
2,30.366,2,2.04281,376.4154,-0.9921279,0.4856683,-5.24983,-6.3961,-33.9426,0.09180069,
2,30.376,2,2.043498,376.4167,-0.9924028,0.4856392,-5.24983,-6.3961,-33.9426,0.09180069,
2,30.386,2,2.042253,376.4071,-0.9974645,0.4884138,-5.24983,-6.3961,-33.9426,0.09180069,
2,30.396,2,2.044699,376.3897,-0.9996247,0.4888859,-5.24983,-6.3961,-33.9426,0.09180069,
2,30.406,2,2.046986,376.3789,-0.9983344,0.4877095,-5.24983,-6.3961,-33.9426,0.09180069,
2,30.416,2,2.042407,376.3905,-1.002832,0.491005,-5.24983,-6.3961,-33.9426,0.09180069,
2,30.426,2,2.042946,376.3802,-1.006271,0.4925589,-5.24983,-6.3961,-33.9426,0.09180069,
2,30.436,2,2.04462,376.3873,-1.00165,0.4898953,-5.25805,-6.3961,-33.9434,0.09260178,
2,30.446,2,2.044382,376.3884,-1.002515,0.4903755,-5.25805,-6.3961,-33.9434,0.09260178,
2,30.456,2,2.044357,376.3771,-1.002401,0.4903258,-5.25805,-6.3961,-33.9434,0.09260178,
2,30.466,2,2.042951,376.3657,-1.000268,0.4896194,-5.25805,-6.3961,-33.9434,0.09260178,
2,30.476,2,2.04337,376.384,-1.000069,0.4894216,-5.25805,-6.3961,-33.9434,0.09260178,
2,30.486,2,2.044204,376.3875,-0.9995806,0.4889827,-5.25805,-6.3961,-33.9434,0.09260178,
2,30.496,2,2.041226,376.3714,-1.000849,0.4903176,-5.25805,-6.3961,-33.9434,0.09260178,
2,30.506,2,2.043958,376.3542,-0.9973133,0.4879325,-5.25805,-6.3961,-33.9434,0.09260178,
2,30.516,2,2.04926,376.3478,-0.9957939,0.4859286,-5.25805,-6.3961,-33.9434,0.09260178,
2,30.526,2,2.049009,376.3252,-0.9960924,0.4861337,-5.25805,-6.3961,-33.9434,0.09260178,
2,30.536,2,2.054286,376.3144,-1.00189,0.4877069,-5.25805,-6.3961,-33.9434,0.09260178,
2,30.546,2,2.061678,376.3155,-1.00286,0.4864292,-5.25805,-6.3961,-33.9434,0.09260178,
2,30.556,2,2.058435,376.3183,-1.005565,0.4885094,-5.25805,-6.3961,-33.9434,0.09260178,
2,30.566,2,2.059903,376.2841,-1.006636,0.4886811,-5.25805,-6.3961,-33.9434,0.09260178,
2,30.576,2,2.062048,376.2748,-1.003751,0.4867738,-5.25805,-6.3961,-33.9434,0.09260178,
2,30.586,2,2.061221,376.2669,-1.005381,0.4877599,-5.25805,-6.3961,-33.9434,0.09260178,
2,30.596,2,2.061335,376.2689,-1.010842,0.4903823,-5.25805,-6.3961,-33.9434,0.09260178,
2,30.606,2,2.05877,376.2697,-1.007347,0.4892955,-5.25805,-6.3961,-33.9434,0.09260178,
2,30.616,2,2.061419,376.2913,-1.006125,0.4880737,-5.25805,-6.3961,-33.9434,0.09260178,
2,30.626,2,2.063377,376.2565,-1.006779,0.4879275,-5.25805,-6.3961,-33.9434,0.09260178,
2,30.636,2,2.059345,376.2453,-1.004929,0.4879846,-5.25805,-6.3961,-33.9434,0.09260178,
2,30.646,2,2.060254,376.2466,-1.009643,0.4900574,-5.25805,-6.3961,-33.9434,0.09260178,
2,30.656,2,2.061445,376.2604,-1.007566,0.4887667,-5.25805,-6.3961,-33.9434,0.09260178,
2,30.666,2,2.060622,376.2555,-1.000997,0.4857741,-5.2657,-6.3961,-33.9443,0.09350204,
2,30.676,2,2.061777,376.237,-1.004581,0.4872405,-5.2657,-6.3961,-33.9443,0.09350204,
2,30.686,2,2.059637,376.2371,-1.006778,0.4888136,-5.2657,-6.3961,-33.9443,0.09350204,
2,30.696,2,2.058261,376.2306,-1.00612,0.4888204,-5.2657,-6.3961,-33.9443,0.09350204,
2,30.706,2,2.059753,376.2381,-1.01018,0.4904377,-5.2657,-6.3961,-33.9443,0.09350204,
2,30.716,2,2.057291,376.2256,-1.010884,0.4913666,-5.2657,-6.3961,-33.9443,0.09350204,
2,30.726,2,2.060119,376.1891,-1.006939,0.4887772,-5.2657,-6.3961,-33.9443,0.09350204,
2,30.736,2,2.058591,376.2307,-1.009531,0.4903992,-5.2657,-6.3961,-33.9443,0.09350204,
2,30.746,2,2.059028,376.2372,-1.010712,0.4908683,-5.2657,-6.3961,-33.9443,0.09350204,
2,30.756,2,2.056509,376.2152,-1.016315,0.4941943,-5.2657,-6.3961,-33.9443,0.09350204,
2,30.766,2,2.059165,376.2214,-1.012586,0.4917459,-5.2657,-6.3961,-33.9443,0.09350204,
2,30.776,2,2.066693,376.2112,-1.007872,0.4876737,-5.2657,-6.3961,-33.9443,0.09350204,
2,30.786,2,2.067986,376.1801,-1.006739,0.4868209,-5.2657,-6.3961,-33.9443,0.09350204,
2,30.796,2,2.075911,376.1673,-1.008808,0.4859595,-5.2657,-6.3961,-33.9443,0.09350204,
2,30.806,2,2.077412,376.1434,-1.009529,0.4859551,-5.2657,-6.3961,-33.9443,0.09350204,
2,30.816,2,2.075519,376.1277,-1.014815,0.4889451,-5.2657,-6.3961,-33.9443,0.09350204,
2,30.826,2,2.075415,376.1452,-1.020955,0.491928,-5.2657,-6.3961,-33.9443,0.09350204,
2,30.836,2,2.077012,376.1513,-1.010863,0.4866911,-5.2657,-6.3961,-33.9443,0.09350204,
2,30.846,2,2.07851,376.1114,-1.013711,0.4877106,-5.2657,-6.3961,-33.9443,0.09350204,
2,30.856,2,2.076196,376.1353,-1.015056,0.4889021,-5.2657,-6.3961,-33.9443,0.09350204,
2,30.866,2,2.074587,376.1062,-1.014885,0.4891986,-5.2657,-6.3961,-33.9443,0.09350204,
2,30.876,2,2.076935,376.1017,-1.018899,0.4905785,-5.2657,-6.3961,-33.9443,0.09350204,
2,30.886,2,2.076504,376.1153,-1.018993,0.4907253,-5.27445,-6.3961,-33.9451,0.09429932,
2,30.896,2,2.077594,376.1211,-1.01367,0.4879059,-5.27445,-6.3961,-33.9451,0.09429932,
2,30.906,2,2.07515,376.131,-1.017564,0.4903566,-5.27445,-6.3961,-33.9451,0.09429932,
2,30.916,2,2.076236,376.1048,-1.015055,0.4888919,-5.27445,-6.3961,-33.9451,0.09429932,
2,30.926,2,2.078447,376.0848,-1.013127,0.4874444,-5.27445,-6.3961,-33.9451,0.09429932,
2,30.936,2,2.074705,376.0917,-1.013629,0.4885653,-5.27445,-6.3961,-33.9451,0.09429932,
2,30.946,2,2.075692,376.0951,-1.013637,0.488337,-5.27445,-6.3961,-33.9451,0.09429932,
2,30.956,2,2.077636,376.0894,-1.009527,0.4859019,-5.27445,-6.3961,-33.9451,0.09429932,
2,30.966,2,2.077935,376.0789,-1.010523,0.4863112,-5.27445,-6.3961,-33.9451,0.09429932,
2,30.976,2,2.074882,376.078,-1.013985,0.4886954,-5.27445,-6.3961,-33.9451,0.09429932,
2,30.986,2,2.077295,376.0784,-1.014962,0.4885977,-5.27445,-6.3961,-33.9451,0.09429932,
2,30.996,2,2.07742,376.079,-1.014918,0.4885472,-5.27445,-6.3961,-33.9451,0.09429932,
2,31.006,2,2.076804,376.0749,-1.014719,0.4885962,-5.27445,-6.3961,-33.9451,0.09429932,
2,31.016,2,2.081773,376.0496,-1.013357,0.4867758,-5.27445,-6.3961,-33.9451,0.09429932,
2,31.026,2,2.086791,376.063,-1.017854,0.4877602,-5.27445,-6.3961,-33.9451,0.09429932,
2,31.036,2,2.091265,376.0097,-1.018455,0.4870045,-5.27445,-6.3961,-33.9451,0.09429932,
2,31.046,2,2.093408,375.9968,-1.020529,0.4874967,-5.27445,-6.3961,-33.9451,0.09429932,
2,31.056,2,2.095344,375.9988,-1.021959,0.4877284,-5.27445,-6.3961,-33.9451,0.09429932,
2,31.066,2,2.092768,376.0063,-1.024058,0.4893318,-5.27445,-6.3961,-33.9451,0.09429932,
2,31.076,2,2.094223,375.993,-1.017181,0.4857078,-5.27445,-6.3961,-33.9451,0.09429932,
2,31.086,2,2.093159,376.0042,-1.019998,0.487301,-5.27445,-6.3961,-33.9451,0.09429932,
2,31.096,2,2.093612,375.9756,-1.023122,0.4886877,-5.27445,-6.3961,-33.9451,0.09429932,
2,31.106,2,2.097586,375.963,-1.017878,0.4852615,-5.27445,-6.3961,-33.9451,0.09429932,
2,31.116,2,2.092776,375.9823,-1.021631,0.4881702,-5.27445,-6.3961,-33.9451,0.09429932,
2,31.126,2,2.094379,375.9811,-1.020636,0.4873215,-5.27445,-6.3961,-33.9451,0.09429932,
2,31.136,2,2.093367,375.9688,-1.021525,0.4879819,-5.28265,-6.3961,-33.946,0.09519958,
2,31.146,2,2.089332,375.9479,-1.023251,0.4897504,-5.28265,-6.3961,-33.946,0.09519958,
2,31.156,2,2.09253,375.939,-1.021286,0.488063,-5.28265,-6.3961,-33.946,0.09519958,
2,31.166,2,2.093499,375.9504,-1.020498,0.4874605,-5.28265,-6.3961,-33.946,0.09519958,
2,31.176,2,2.092259,375.919,-1.023331,0.4891033,-5.28265,-6.3961,-33.946,0.09519958,
2,31.186,2,2.094852,375.9846,-1.025292,0.4894341,-5.28265,-6.3961,-33.946,0.09519958,
2,31.196,2,2.093652,375.9112,-1.023119,0.4886769,-5.28265,-6.3961,-33.946,0.09519958,
2,31.206,2,2.095263,375.9109,-1.021881,0.4877101,-5.28265,-6.3961,-33.946,0.09519958,
2,31.216,2,2.094097,375.9357,-1.019835,0.4870047,-5.28265,-6.3961,-33.946,0.09519958,
2,31.226,2,2.08999,375.9222,-1.021388,0.4887046,-5.28265,-6.3961,-33.946,0.09519958,
2,31.236,2,2.099294,375.9439,-1.01997,0.4858634,-5.28265,-6.3961,-33.946,0.09519958,
2,31.246,2,2.101809,375.907,-1.016764,0.4837566,-5.28265,-6.3961,-33.946,0.09519958,
2,31.256,2,2.104695,375.8896,-1.022714,0.4859204,-5.28265,-6.3961,-33.946,0.09519958,
2,31.266,2,2.110852,375.8745,-1.02523,0.4856947,-5.28265,-6.3961,-33.946,0.09519958,
2,31.276,2,2.111568,375.8578,-1.025945,0.4858685,-5.28265,-6.3961,-33.946,0.09519958,
2,31.286,2,2.110372,375.8329,-1.028913,0.4875508,-5.28265,-6.3961,-33.946,0.09519958,
2,31.296,2,2.110547,375.8449,-1.030441,0.4882342,-5.28265,-6.3961,-33.946,0.09519958,
2,31.306,2,2.109535,375.8483,-1.029175,0.4878682,-5.28265,-6.3961,-33.946,0.09519958,
2,31.316,2,2.109489,375.8613,-1.028512,0.4875645,-5.28265,-6.3961,-33.946,0.09519958,
2,31.326,2,2.108593,375.8176,-1.031379,0.4891316,-5.28265,-6.3961,-33.946,0.09519958,
2,31.336,2,2.109277,375.833,-1.030589,0.488598,-5.28265,-6.3961,-33.946,0.09519958,
2,31.346,2,2.110141,375.8264,-1.030027,0.4881316,-5.28265,-6.3961,-33.946,0.09519958,
2,31.356,2,2.109139,375.84,-1.033982,0.4902386,-5.28265,-6.3961,-33.946,0.09519958,
2,31.366,2,2.109671,375.8332,-1.027938,0.4872503,-5.28265,-6.3961,-33.946,0.09519958,
2,31.376,2,2.10919,375.8236,-1.029777,0.4882337,-5.28265,-6.3961,-33.946,0.09519958,
2,31.386,2,2.108651,375.8075,-1.029742,0.4883415,-5.28265,-6.3961,-33.946,0.09519958,
2,31.396,2,2.106004,375.8101,-1.028324,0.4882822,-5.2903,-6.3961,-33.9468,0.09600067,
2,31.406,2,2.108945,375.8098,-1.029063,0.4879514,-5.2903,-6.3961,-33.9468,0.09600067,
2,31.416,2,2.109275,375.8232,-1.027812,0.4872824,-5.2903,-6.3961,-33.9468,0.09600067,
2,31.426,2,2.10832,375.8247,-1.029105,0.4881161,-5.2903,-6.3961,-33.9468,0.09600067,
2,31.436,2,2.108414,375.8246,-1.035269,0.491018,-5.2903,-6.3961,-33.9468,0.09600067,
2,31.446,2,2.110293,375.8009,-1.029418,0.4878081,-5.2903,-6.3961,-33.9468,0.09600067,
2,31.456,2,2.107324,375.7692,-1.032061,0.4897493,-5.2903,-6.3961,-33.9468,0.09600067,
2,31.466,2,2.107678,375.7888,-1.041085,0.4939487,-5.2903,-6.3961,-33.9468,0.09600067,
2,31.476,2,2.110298,375.7957,-1.030868,0.488494,-5.2903,-6.3961,-33.9468,0.09600067,
2,31.486,2,2.107353,375.7867,-1.028979,0.4882802,-5.2903,-6.3961,-33.9468,0.09600067,
2,31.496,2,2.107962,375.76,-1.030452,0.4888383,-5.2903,-6.3961,-33.9468,0.09600067,
2,31.506,2,2.113275,375.7729,-1.027953,0.4864267,-5.2903,-6.3961,-33.9468,0.09600067,
2,31.516,2,2.116085,375.7472,-1.028857,0.4862076,-5.2903,-6.3961,-33.9468,0.09600067,
2,31.526,2,2.120792,375.7301,-1.03512,0.4880816,-5.2903,-6.3961,-33.9468,0.09600067,
2,31.536,2,2.123116,375.7235,-1.033061,0.4865776,-5.2903,-6.3961,-33.9468,0.09600067,
2,31.546,2,2.125005,375.7166,-1.034518,0.486831,-5.2903,-6.3961,-33.9468,0.09600067,
2,31.556,2,2.125852,375.7122,-1.037711,0.4881388,-5.2903,-6.3961,-33.9468,0.09600067,
2,31.566,2,2.128885,375.6941,-1.031855,0.4846927,-5.2903,-6.3961,-33.9468,0.09600067,
2,31.576,2,2.128048,375.6773,-1.034145,0.4859596,-5.2903,-6.3961,-33.9468,0.09600067,
2,31.586,2,2.127144,375.6756,-1.035683,0.4868888,-5.2903,-6.3961,-33.9468,0.09600067,
2,31.596,2,2.124613,375.6767,-1.039012,0.4890359,-5.2903,-6.3961,-33.9468,0.09600067,
2,31.606,2,2.12513,375.6722,-1.039843,0.4893079,-5.2903,-6.3961,-33.9468,0.09600067,
2,31.616,2,2.126209,375.6517,-1.038665,0.4885056,-5.2903,-6.3961,-33.9468,0.09600067,
2,31.626,2,2.128119,375.6646,-1.036985,0.4872775,-5.2903,-6.3961,-33.9468,0.09600067,
2,31.636,2,2.125446,375.6628,-1.038775,0.4887326,-5.2903,-6.3961,-33.9468,0.09600067,
2,31.646,2,2.126647,375.6779,-1.037726,0.4879634,-5.2903,-6.3961,-33.9468,0.09600067,
2,31.656,2,2.126479,375.672,-1.036893,0.4876104,-5.2903,-6.3961,-33.9468,0.09600067,
2,31.666,2,2.125849,375.6361,-1.036943,0.4877782,-5.29962,-6.3961,-33.9476,0.09680176,
2,31.676,2,2.128931,375.634,-1.036227,0.4867357,-5.29962,-6.3961,-33.9476,0.09680176,
2,31.686,2,2.126805,375.6434,-1.035603,0.4869288,-5.29962,-6.3961,-33.9476,0.09680176,
2,31.696,2,2.12348,375.6415,-1.0427,0.4910334,-5.29962,-6.3961,-33.9476,0.09680176,
2,31.706,2,2.124281,375.6501,-1.041523,0.4902942,-5.29962,-6.3961,-33.9476,0.09680176,
2,31.716,2,2.124783,375.6473,-1.039193,0.4890822,-5.29962,-6.3961,-33.9476,0.09680176,
2,31.726,2,2.125947,375.6735,-1.042139,0.4902,-5.29962,-6.3961,-33.9476,0.09680176,
2,31.736,2,2.122442,375.6354,-1.045439,0.4925644,-5.29962,-6.3961,-33.9476,0.09680176,
2,31.746,2,2.124863,375.6243,-1.042071,0.490418,-5.29962,-6.3961,-33.9476,0.09680176,
2,31.756,2,2.124738,375.6346,-1.040948,0.4899184,-5.29962,-6.3961,-33.9476,0.09680176,
2,31.766,2,2.126609,375.6382,-1.039663,0.4888828,-5.29962,-6.3961,-33.9476,0.09680176,
2,31.776,2,2.125679,375.6268,-1.038053,0.4883393,-5.29962,-6.3961,-33.9476,0.09680176,
2,31.786,2,2.127405,375.643,-1.039919,0.4888204,-5.29962,-6.3961,-33.9476,0.09680176,
2,31.796,2,2.130277,375.6077,-1.038534,0.4875114,-5.29962,-6.3961,-33.9476,0.09680176,
2,31.806,2,2.136603,375.5746,-1.03833,0.4859723,-5.29962,-6.3961,-33.9476,0.09680176,
2,31.816,2,2.137253,375.5604,-1.041346,0.4872356,-5.29962,-6.3961,-33.9476,0.09680176,
2,31.826,2,2.144918,375.5562,-1.04061,0.4851514,-5.29962,-6.3961,-33.9476,0.09680176,
2,31.836,2,2.146057,375.5567,-1.040272,0.4847364,-5.29962,-6.3961,-33.9476,0.09680176,
2,31.846,2,2.143141,375.5367,-1.043753,0.4870202,-5.29962,-6.3961,-33.9476,0.09680176,
2,31.856,2,2.145647,375.5339,-1.041436,0.4853716,-5.29962,-6.3961,-33.9476,0.09680176,
2,31.866,2,2.144341,375.5333,-1.044766,0.4872203,-5.29962,-6.3961,-33.9476,0.09680176,
2,31.876,2,2.141333,375.5279,-1.045904,0.4884362,-5.29962,-6.3961,-33.9476,0.09680176,
2,31.886,2,2.145583,375.515,-1.043035,0.4861312,-5.29962,-6.3961,-33.9476,0.09680176,
2,31.896,2,2.143328,375.5027,-1.044852,0.4874905,-5.29962,-6.3961,-33.9476,0.09680176,
2,31.906,2,2.140051,375.5167,-1.04991,0.4906003,-5.29962,-6.3961,-33.9476,0.09680176,
2,31.916,2,2.142236,375.5104,-1.045288,0.4879427,-5.29962,-6.3961,-33.9476,0.09680176,
2,31.926,2,2.143944,375.497,-1.048176,0.4889009,-5.29962,-6.3961,-33.9476,0.09680176,
2,31.936,2,2.142325,375.5154,-1.052742,0.4914019,-5.29962,-6.3961,-33.9476,0.09680176,
2,31.946,2,2.142089,375.5106,-1.048056,0.489268,-5.29962,-6.3961,-33.9476,0.09680176,
2,31.956,2,2.142842,375.4836,-1.045239,0.4877818,-5.30947,-6.3961,-33.9484,0.09759903,
2,31.966,2,2.144162,375.4973,-1.045454,0.4875818,-5.30947,-6.3961,-33.9484,0.09759903,
2,31.976,2,2.141975,375.4804,-1.041451,0.4862106,-5.30947,-6.3961,-33.9484,0.09759903,
2,31.986,2,2.139973,375.4636,-1.044088,0.487898,-5.30947,-6.3961,-33.9484,0.09759903,
2,31.996,2,2.141399,375.4865,-1.045794,0.4883692,-5.30947,-6.3961,-33.9484,0.09759903,
2,32.006,2,2.142075,375.4861,-1.043518,0.487153,-5.30947,-6.3961,-33.9484,0.09759903,
2,32.016,2,2.141106,375.4627,-1.046144,0.4885998,-5.30947,-6.3961,-33.9484,0.09759903,
2,32.026,2,2.142219,375.4709,-1.048825,0.4895976,-5.30947,-6.3961,-33.9484,0.09759903,
2,32.036,2,2.142279,375.4587,-1.045557,0.4880583,-5.30947,-6.3961,-33.9484,0.09759903,
2,32.046,2,2.142888,375.46,-1.049172,0.4896066,-5.30947,-6.3961,-33.9484,0.09759903,
2,32.056,2,2.14805,375.4424,-1.04907,0.4883827,-5.30947,-6.3961,-33.9484,0.09759903,
2,32.066,2,2.152148,375.4203,-1.048354,0.48712,-5.30947,-6.3961,-33.9484,0.09759903,
2,32.076,2,2.158034,375.4192,-1.055976,0.4893234,-5.30947,-6.3961,-33.9484,0.09759903,
2,32.086,2,2.161833,375.3731,-1.054548,0.4878026,-5.30947,-6.3961,-33.9484,0.09759903,
2,32.096,2,2.159089,375.3728,-1.052733,0.487582,-5.30947,-6.3961,-33.9484,0.09759903,
2,32.106,2,2.15833,375.3617,-1.054404,0.4885274,-5.30947,-6.3961,-33.9484,0.09759903,
2,32.116,2,2.163328,375.381,-1.052229,0.4863937,-5.30947,-6.3961,-33.9484,0.09759903,
2,32.126,2,2.162065,375.3723,-1.047322,0.4844084,-5.30947,-6.3961,-33.9484,0.09759903,
2,32.136,2,2.158364,375.346,-1.05243,0.4876056,-5.30947,-6.3961,-33.9484,0.09759903,
2,32.146,2,2.163319,375.3462,-1.052202,0.4863832,-5.30947,-6.3961,-33.9484,0.09759903,
2,32.156,2,2.156639,375.3502,-1.053434,0.488461,-5.30947,-6.3961,-33.9484,0.09759903,
2,32.166,2,2.159729,375.3452,-1.057161,0.4894879,-5.30947,-6.3961,-33.9484,0.09759903,
2,32.176,2,2.162872,375.3271,-1.054816,0.4876923,-5.30947,-6.3961,-33.9484,0.09759903,
2,32.186,2,2.157428,375.336,-1.053834,0.4884677,-5.30947,-6.3961,-33.9484,0.09759903,
2,32.196,2,2.161103,375.3649,-1.058831,0.4899495,-5.30947,-6.3961,-33.9484,0.09759903,
2,32.206,2,2.161845,375.335,-1.053091,0.4871261,-5.30947,-6.3961,-33.9484,0.09759903,
2,32.216,2,2.158396,375.3315,-1.05318,0.4879457,-5.31822,-6.3961,-33.9493,0.0984993,
2,32.226,2,2.157123,375.3228,-1.060779,0.4917565,-5.31822,-6.3961,-33.9493,0.0984993,
2,32.236,2,2.159198,375.343,-1.054708,0.4884722,-5.31822,-6.3961,-33.9493,0.0984993,
2,32.246,2,2.160027,375.3313,-1.052222,0.487134,-5.31822,-6.3961,-33.9493,0.0984993,
2,32.256,2,2.159604,375.3395,-1.055774,0.488874,-5.31822,-6.3961,-33.9493,0.0984993,
2,32.266,2,2.15971,375.3073,-1.053899,0.4879817,-5.31822,-6.3961,-33.9493,0.0984993,
2,32.276,2,2.160074,375.3006,-1.053969,0.4879318,-5.31822,-6.3961,-33.9493,0.0984993,
2,32.286,2,2.160356,375.3017,-1.056075,0.4888433,-5.31822,-6.3961,-33.9493,0.0984993,
2,32.296,2,2.159684,375.3201,-1.053891,0.4879838,-5.31822,-6.3961,-33.9493,0.0984993,
2,32.306,2,2.159231,375.2978,-1.05721,0.4896233,-5.31822,-6.3961,-33.9493,0.0984993,
2,32.316,2,2.159331,375.2734,-1.059131,0.4904903,-5.31822,-6.3961,-33.9493,0.0984993,
2,32.326,2,2.157797,375.2963,-1.057711,0.4901812,-5.31822,-6.3961,-33.9493,0.0984993,
2,32.336,2,2.16387,375.2773,-1.059826,0.4897825,-5.31822,-6.3961,-33.9493,0.0984993,
2,32.346,2,2.167164,375.2498,-1.05996,0.4891003,-5.31822,-6.3961,-33.9493,0.0984993,
2,32.356,2,2.1664,375.2436,-1.06021,0.489388,-5.31822,-6.3961,-33.9493,0.0984993,
2,32.366,2,2.172766,375.2328,-1.063584,0.4895069,-5.31822,-6.3961,-33.9493,0.0984993,
2,32.376,2,2.178412,375.1981,-1.06352,0.4882089,-5.31822,-6.3961,-33.9493,0.0984993,
2,32.386,2,2.176717,375.2054,-1.065476,0.4894875,-5.31822,-6.3961,-33.9493,0.0984993,
2,32.396,2,2.174965,375.1901,-1.06743,0.4907804,-5.31822,-6.3961,-33.9493,0.0984993,
2,32.406,2,2.176773,375.2038,-1.065578,0.4895216,-5.31822,-6.3961,-33.9493,0.0984993,
2,32.416,2,2.175812,375.2036,-1.059821,0.4870921,-5.31822,-6.3961,-33.9493,0.0984993,
2,32.426,2,2.177008,375.1891,-1.060928,0.487333,-5.31822,-6.3961,-33.9493,0.0984993,
2,32.436,2,2.175495,375.201,-1.062193,0.4882534,-5.31822,-6.3961,-33.9493,0.0984993,
2,32.446,2,2.174842,375.1781,-1.062039,0.4883291,-5.31822,-6.3961,-33.9493,0.0984993,
2,32.456,2,2.176225,375.1719,-1.065535,0.4896252,-5.31822,-6.3961,-33.9493,0.0984993,
2,32.466,2,2.175771,375.1775,-1.064352,0.4891838,-5.32805,-6.3961,-33.9502,0.09939957,
2,32.476,2,2.174697,375.1701,-1.064124,0.4893204,-5.32805,-6.3961,-33.9502,0.09939957,
2,32.486,2,2.179132,375.2069,-1.064496,0.4884952,-5.32805,-6.3961,-33.9502,0.09939957,
2,32.496,2,2.174717,375.1526,-1.066394,0.49036,-5.32805,-6.3961,-33.9502,0.09939957,
2,32.506,2,2.174122,375.1636,-1.065588,0.4901235,-5.32805,-6.3961,-33.9502,0.09939957,
2,32.516,2,2.177234,375.158,-1.067521,0.4903106,-5.32805,-6.3961,-33.9502,0.09939957,
2,32.526,2,2.177711,375.1714,-1.064999,0.489045,-5.32805,-6.3961,-33.9502,0.09939957,
2,32.536,2,2.177589,375.1598,-1.064104,0.4886618,-5.32805,-6.3961,-33.9502,0.09939957,
2,32.546,2,2.177151,375.1559,-1.063233,0.48836,-5.32805,-6.3961,-33.9502,0.09939957,
2,32.556,2,2.17737,375.1507,-1.063115,0.4882563,-5.32805,-6.3961,-33.9502,0.09939957,
2,32.566,2,2.175201,375.1325,-1.062575,0.4884953,-5.32805,-6.3961,-33.9502,0.09939957,
2,32.576,2,2.17549,375.1429,-1.064683,0.4893992,-5.32805,-6.3961,-33.9502,0.09939957,
2,32.586,2,2.174573,375.1572,-1.064806,0.4896622,-5.32805,-6.3961,-33.9502,0.09939957,
2,32.596,2,2.178173,375.136,-1.064508,0.4887159,-5.32805,-6.3961,-33.9502,0.09939957,
2,32.606,2,2.183675,375.1122,-1.067263,0.4887461,-5.32805,-6.3961,-33.9502,0.09939957,
2,32.616,2,2.185627,375.0697,-1.069258,0.4892229,-5.32805,-6.3961,-33.9502,0.09939957,
2,32.626,2,2.191513,375.0669,-1.072006,0.4891623,-5.32805,-6.3961,-33.9502,0.09939957,
2,32.636,2,2.192417,375.0555,-1.07511,0.4903766,-5.32805,-6.3961,-33.9502,0.09939957,
2,32.646,2,2.19506,375.0566,-1.073008,0.4888287,-5.32805,-6.3961,-33.9502,0.09939957,
2,32.656,2,2.194544,375.047,-1.074245,0.4895075,-5.32805,-6.3961,-33.9502,0.09939957,
2,32.666,2,2.192352,375.0146,-1.075487,0.4905632,-5.32805,-6.3961,-33.9502,0.09939957,
2,32.676,2,2.190769,375.0253,-1.072116,0.4893789,-5.32805,-6.3961,-33.9502,0.09939957,
2,32.686,2,2.194659,375.0137,-1.071675,0.4883102,-5.32805,-6.3961,-33.9502,0.09939957,
2,32.696,2,2.192117,375.0479,-1.070979,0.4885591,-5.32805,-6.3961,-33.9502,0.09939957,
2,32.706,2,2.190975,375.0361,-1.071157,0.4888949,-5.32805,-6.3961,-33.9502,0.09939957,
2,32.716,2,2.193093,375.0424,-1.070763,0.4882434,-5.32805,-6.3961,-33.9502,0.09939957,
2,32.726,2,2.19401,375.0285,-1.071173,0.4882264,-5.32805,-6.3961,-33.9502,0.09939957,
2,32.736,2,2.191332,375.0049,-1.071396,0.4889244,-5.32805,-6.3961,-33.9502,0.09939957,
2,32.746,2,2.19159,374.9968,-1.073007,0.4896023,-5.32805,-6.3961,-33.9502,0.09939957,
2,32.756,2,2.190946,375.0047,-1.0736,0.4900168,-5.33682,-6.3961,-33.9511,0.1002998,
2,32.766,2,2.189353,374.999,-1.072714,0.4899683,-5.33682,-6.3961,-33.9511,0.1002998,
2,32.776,2,2.19208,375.0045,-1.0741,0.489991,-5.33682,-6.3961,-33.9511,0.1002998,
2,32.786,2,2.190657,374.9731,-1.073627,0.4900935,-5.33682,-6.3961,-33.9511,0.1002998,
2,32.796,2,2.190508,374.9875,-1.074748,0.4906385,-5.33682,-6.3961,-33.9511,0.1002998,
2,32.806,2,2.191899,374.9786,-1.076591,0.4911684,-5.33682,-6.3961,-33.9511,0.1002998,
2,32.816,2,2.193683,374.9955,-1.076031,0.4905134,-5.33682,-6.3961,-33.9511,0.1002998,
2,32.826,2,2.193286,374.9972,-1.074299,0.4898123,-5.33682,-6.3961,-33.9511,0.1002998,
2,32.836,2,2.187321,374.9722,-1.073501,0.4907834,-5.33682,-6.3961,-33.9511,0.1002998,
2,32.846,2,2.194738,374.9769,-1.072706,0.4887627,-5.33682,-6.3961,-33.9511,0.1002998,
2,32.856,2,2.19765,374.9568,-1.06939,0.4866063,-5.33682,-6.3961,-33.9511,0.1002998,
2,32.866,2,2.201098,374.9185,-1.075156,0.4884633,-5.33682,-6.3961,-33.9511,0.1002998,
2,32.876,2,2.206753,374.9155,-1.078061,0.488528,-5.33682,-6.3961,-33.9511,0.1002998,
2,32.886,2,2.208787,374.9139,-1.077558,0.4878503,-5.33682,-6.3961,-33.9511,0.1002998,
2,32.896,2,2.211123,374.9146,-1.081463,0.4891016,-5.33682,-6.3961,-33.9511,0.1002998,
2,32.906,2,2.209221,374.8811,-1.079915,0.4888217,-5.33682,-6.3961,-33.9511,0.1002998,
2,32.916,2,2.21137,374.8772,-1.08061,0.4886609,-5.33682,-6.3961,-33.9511,0.1002998,
2,32.926,2,2.212956,374.9023,-1.083815,0.489759,-5.33682,-6.3961,-33.9511,0.1002998,
2,32.936,2,2.211907,374.8806,-1.081426,0.488911,-5.33682,-6.3961,-33.9511,0.1002998,
2,32.946,2,2.21246,374.8756,-1.081611,0.4888724,-5.33682,-6.3961,-33.9511,0.1002998,
2,32.956,2,2.212315,374.8755,-1.083155,0.4896026,-5.33682,-6.3961,-33.9511,0.1002998,
2,32.966,2,2.208908,374.8479,-1.079971,0.488916,-5.33682,-6.3961,-33.9511,0.1002998,
2,32.976,2,2.210842,374.841,-1.08055,0.4887503,-5.33682,-6.3961,-33.9511,0.1002998,
2,32.986,2,2.211007,374.8384,-1.080156,0.4885358,-5.33682,-6.3961,-33.9511,0.1002998,
2,32.996,2,2.21004,374.8482,-1.08029,0.4888102,-5.33682,-6.3961,-33.9511,0.1002998,
2,33.006,2,2.210409,374.8499,-1.080167,0.4886727,-5.33682,-6.3961,-33.9511,0.1002998,
2,33.016,2,2.209935,374.8352,-1.082501,0.4898338,-5.34557,-6.3961,-33.952,0.1012001,
2,33.026,2,2.210693,374.8329,-1.082797,0.4897996,-5.34557,-6.3961,-33.952,0.1012001,
2,33.036,2,2.209478,374.8307,-1.084228,0.4907168,-5.34557,-6.3961,-33.952,0.1012001,
2,33.046,2,2.209431,374.83,-1.084589,0.4908905,-5.34557,-6.3961,-33.952,0.1012001,
2,33.056,2,2.21086,374.8215,-1.085167,0.4908349,-5.34557,-6.3961,-33.952,0.1012001,
2,33.066,2,2.209487,374.8048,-1.085472,0.4912781,-5.34557,-6.3961,-33.952,0.1012001,
2,33.076,2,2.208384,374.8197,-1.085688,0.4916212,-5.34557,-6.3961,-33.952,0.1012001,
2,33.086,2,2.207908,374.8091,-1.084297,0.4910969,-5.34557,-6.3961,-33.952,0.1012001,
2,33.096,2,2.207782,374.8071,-1.085689,0.4917555,-5.34557,-6.3961,-33.952,0.1012001,
2,33.106,2,2.209578,374.8166,-1.084463,0.4908009,-5.34557,-6.3961,-33.952,0.1012001,
2,33.116,2,2.207636,374.8228,-1.083756,0.4909123,-5.34557,-6.3961,-33.952,0.1012001,
2,33.126,2,2.209111,374.8148,-1.083515,0.4904756,-5.34557,-6.3961,-33.952,0.1012001,
2,33.136,2,2.210612,374.7993,-1.082219,0.4895565,-5.34557,-6.3961,-33.952,0.1012001,
2,33.146,2,2.217844,374.7734,-1.081627,0.487693,-5.34557,-6.3961,-33.952,0.1012001,
2,33.156,2,2.219665,374.7313,-1.087532,0.489953,-5.34557,-6.3961,-33.952,0.1012001,
2,33.166,2,2.222465,374.7376,-1.089861,0.4903839,-5.34557,-6.3961,-33.952,0.1012001,
2,33.176,2,2.226639,374.7347,-1.091273,0.4900986,-5.34557,-6.3961,-33.952,0.1012001,
2,33.186,2,2.226659,374.6984,-1.09318,0.4909507,-5.34557,-6.3961,-33.952,0.1012001,
2,33.196,2,2.226838,374.6967,-1.092131,0.4904404,-5.34557,-6.3961,-33.952,0.1012001,
2,33.206,2,2.227549,374.7073,-1.090078,0.4893621,-5.34557,-6.3961,-33.952,0.1012001,
2,33.216,2,2.228204,374.6932,-1.093611,0.4908041,-5.34557,-6.3961,-33.952,0.1012001,
2,33.226,2,2.228962,374.6972,-1.094012,0.490817,-5.34557,-6.3961,-33.952,0.1012001,
2,33.236,2,2.225735,374.7015,-1.094224,0.4916237,-5.34557,-6.3961,-33.952,0.1012001,
2,33.246,2,2.228559,374.7141,-1.092593,0.4902687,-5.34557,-6.3961,-33.952,0.1012001,
2,33.256,2,2.229141,374.6775,-1.091493,0.4896473,-5.34557,-6.3961,-33.952,0.1012001,
2,33.266,2,2.227994,374.665,-1.090234,0.4893344,-5.35542,-6.3961,-33.9529,0.1021004,
2,33.276,2,2.22921,374.6525,-1.090923,0.4893767,-5.35542,-6.3961,-33.9529,0.1021004,
2,33.286,2,2.227255,374.6811,-1.090564,0.4896449,-5.35542,-6.3961,-33.9529,0.1021004,
2,33.296,2,2.226403,374.6751,-1.089919,0.4895426,-5.35542,-6.3961,-33.9529,0.1021004,
2,33.306,2,2.228707,374.6679,-1.092438,0.4901667,-5.35542,-6.3961,-33.9529,0.1021004,
2,33.316,2,2.22482,374.6651,-1.092757,0.4911665,-5.35542,-6.3961,-33.9529,0.1021004,
2,33.326,2,2.224917,374.6547,-1.093693,0.4915658,-5.35542,-6.3961,-33.9529,0.1021004,
2,33.336,2,2.227615,374.6628,-1.09425,0.4912204,-5.35542,-6.3961,-33.9529,0.1021004,
2,33.346,2,2.227615,374.6595,-1.094298,0.491242,-5.35542,-6.3961,-33.9529,0.1021004,
2,33.356,2,2.228354,374.6346,-1.092523,0.4902826,-5.35542,-6.3961,-33.9529,0.1021004,
2,33.366,2,2.227021,374.675,-1.095478,0.4919028,-5.35542,-6.3961,-33.9529,0.1021004,
2,33.376,2,2.229592,374.6416,-1.094554,0.4909212,-5.35542,-6.3961,-33.9529,0.1021004,
2,33.386,2,2.234938,374.6188,-1.094812,0.4898624,-5.35542,-6.3961,-33.9529,0.1021004,
2,33.396,2,2.236003,374.5938,-1.098382,0.4912257,-5.35542,-6.3961,-33.9529,0.1021004,
2,33.406,2,2.24233,374.5975,-1.096547,0.4890214,-5.35542,-6.3961,-33.9529,0.1021004,
2,33.416,2,2.248368,374.5545,-1.096332,0.4876124,-5.35542,-6.3961,-33.9529,0.1021004,
2,33.426,2,2.243789,374.5784,-1.09813,0.4894085,-5.35542,-6.3961,-33.9529,0.1021004,
2,33.436,2,2.243177,374.5512,-1.095386,0.4883189,-5.35542,-6.3961,-33.9529,0.1021004,
2,33.446,2,2.246129,374.5435,-1.097755,0.4887321,-5.35542,-6.3961,-33.9529,0.1021004,
2,33.456,2,2.24506,374.5463,-1.099483,0.4897343,-5.35542,-6.3961,-33.9529,0.1021004,
2,33.466,2,2.244277,374.5465,-1.099971,0.4901227,-5.35542,-6.3961,-33.9529,0.1021004,
2,33.476,2,2.245906,374.5332,-1.100718,0.4900998,-5.35542,-6.3961,-33.9529,0.1021004,
2,33.486,2,2.247071,374.5058,-1.100336,0.489676,-5.35542,-6.3961,-33.9529,0.1021004,
2,33.496,2,2.245409,374.5161,-1.099851,0.4898222,-5.35542,-6.3961,-33.9529,0.1021004,
2,33.506,2,2.247066,374.5074,-1.101287,0.4900999,-5.36255,-6.3961,-33.9538,0.1030006,
2,33.516,2,2.244941,374.5128,-1.101436,0.4906303,-5.36255,-6.3961,-33.9538,0.1030006,
2,33.526,2,2.242609,374.5201,-1.101973,0.4913802,-5.36255,-6.3961,-33.9538,0.1030006,
2,33.536,2,2.243691,374.5176,-1.102647,0.4914434,-5.36255,-6.3961,-33.9538,0.1030006,
2,33.546,2,2.244452,374.4986,-1.100813,0.4904596,-5.36255,-6.3961,-33.9538,0.1030006,
2,33.556,2,2.245581,374.4933,-1.100419,0.4900376,-5.36255,-6.3961,-33.9538,0.1030006,
2,33.566,2,2.243983,374.4775,-1.099943,0.4901746,-5.36255,-6.3961,-33.9538,0.1030006,
2,33.576,2,2.244117,374.4932,-1.099029,0.4897376,-5.36255,-6.3961,-33.9538,0.1030006,
2,33.586,2,2.245333,374.4987,-1.09655,0.4883686,-5.36255,-6.3961,-33.9538,0.1030006,
2,33.596,2,2.24262,374.4888,-1.100295,0.490629,-5.36255,-6.3961,-33.9538,0.1030006,
2,33.606,2,2.246598,374.4825,-1.101711,0.4903906,-5.36255,-6.3961,-33.9538,0.1030006,
2,33.616,2,2.251081,374.4449,-1.102423,0.4897304,-5.36255,-6.3961,-33.9538,0.1030006,
2,33.626,2,2.256361,374.4002,-1.105222,0.4898248,-5.36255,-6.3961,-33.9538,0.1030006,
2,33.636,2,2.259469,374.4178,-1.106699,0.489805,-5.36255,-6.3961,-33.9538,0.1030006,
2,33.646,2,2.262177,374.3933,-1.10631,0.4890464,-5.36255,-6.3961,-33.9538,0.1030006,
2,33.656,2,2.263151,374.441,-1.107032,0.4891551,-5.36255,-6.3961,-33.9538,0.1030006,
2,33.666,2,2.259285,374.3705,-1.106518,0.4897647,-5.36255,-6.3961,-33.9538,0.1030006,
2,33.676,2,2.262451,374.3744,-1.105921,0.4888154,-5.36255,-6.3961,-33.9538,0.1030006,
2,33.686,2,2.262299,374.3757,-1.106793,0.4892337,-5.36255,-6.3961,-33.9538,0.1030006,
2,33.696,2,2.2623,374.3969,-1.108279,0.4898905,-5.36255,-6.3961,-33.9538,0.1030006,
2,33.706,2,2.261892,374.3807,-1.105642,0.488813,-5.36255,-6.3961,-33.9538,0.1030006,
2,33.716,2,2.262914,374.3806,-1.106191,0.4888347,-5.36255,-6.3961,-33.9538,0.1030006,
2,33.726,2,2.263898,374.3578,-1.103449,0.4874112,-5.36255,-6.3961,-33.9538,0.1030006,
2,33.736,2,2.260662,374.3577,-1.104004,0.4883542,-5.36255,-6.3961,-33.9538,0.1030006,
2,33.746,2,2.262864,374.3637,-1.106004,0.4887627,-5.36255,-6.3961,-33.9538,0.1030006,
2,33.756,2,2.261824,374.3754,-1.10688,0.4893751,-5.36255,-6.3961,-33.9538,0.1030006,
2,33.766,2,2.259382,374.3576,-1.107818,0.4903192,-5.3713,-6.3961,-33.9547,0.1039009,
2,33.776,2,2.25943,374.3614,-1.11106,0.4917433,-5.3713,-6.3961,-33.9547,0.1039009,
2,33.786,2,2.262291,374.3396,-1.109118,0.4902631,-5.3713,-6.3961,-33.9547,0.1039009,
2,33.796,2,2.262306,374.3394,-1.110421,0.4908357,-5.3713,-6.3961,-33.9547,0.1039009,
2,33.806,2,2.257807,374.3301,-1.113618,0.4932299,-5.3713,-6.3961,-33.9547,0.1039009,
2,33.816,2,2.259978,374.3426,-1.11212,0.4920931,-5.3713,-6.3961,-33.9547,0.1039009,
2,33.826,2,2.262105,374.3316,-1.108421,0.4899953,-5.3713,-6.3961,-33.9547,0.1039009,
2,33.836,2,2.26046,374.3025,-1.109824,0.4909728,-5.3713,-6.3961,-33.9547,0.1039009,
2,33.846,2,2.259221,374.3072,-1.110088,0.4913591,-5.3713,-6.3961,-33.9547,0.1039009,
2,33.856,2,2.260688,374.3053,-1.109668,0.4908541,-5.3713,-6.3961,-33.9547,0.1039009,
2,33.866,2,2.259371,374.3128,-1.112068,0.4922024,-5.3713,-6.3961,-33.9547,0.1039009,
2,33.876,2,2.25815,374.3137,-1.109886,0.4915023,-5.3713,-6.3961,-33.9547,0.1039009,
2,33.886,2,2.260268,374.3144,-1.109073,0.490682,-5.3713,-6.3961,-33.9547,0.1039009,
2,33.896,2,2.266111,374.2897,-1.107412,0.4886839,-5.3713,-6.3961,-33.9547,0.1039009,
2,33.906,2,2.271302,374.2563,-1.109961,0.4886892,-5.3713,-6.3961,-33.9547,0.1039009,
2,33.916,2,2.27558,374.2218,-1.114553,0.4897885,-5.3713,-6.3961,-33.9547,0.1039009,
2,33.926,2,2.277334,374.2135,-1.118723,0.4912426,-5.3713,-6.3961,-33.9547,0.1039009,
2,33.936,2,2.280667,374.2129,-1.116915,0.4897319,-5.3713,-6.3961,-33.9547,0.1039009,
2,33.946,2,2.281505,374.2095,-1.116522,0.4893796,-5.3713,-6.3961,-33.9547,0.1039009,
2,33.956,2,2.276038,374.1799,-1.119856,0.4920197,-5.3713,-6.3961,-33.9547,0.1039009,
2,33.966,2,2.280689,374.1956,-1.117062,0.4897916,-5.3713,-6.3961,-33.9547,0.1039009,
2,33.976,2,2.279556,374.1994,-1.116688,0.4898709,-5.3713,-6.3961,-33.9547,0.1039009,
2,33.986,2,2.277601,374.2028,-1.118801,0.4912189,-5.3713,-6.3961,-33.9547,0.1039009,
2,33.996,2,2.277296,374.1972,-1.117056,0.4905187,-5.3713,-6.3961,-33.9547,0.1039009,
2,34.006,2,2.277601,374.1769,-1.118084,0.4909041,-5.3713,-6.3961,-33.9547,0.1039009,
2,34.016,2,2.276393,374.1715,-1.116299,0.4903805,-5.3713,-6.3961,-33.9547,0.1039009,
2,34.026,2,2.276666,374.1743,-1.114191,0.4893957,-5.38115,-6.3961,-33.9556,0.1048012,
2,34.036,2,2.277777,374.1691,-1.11447,0.4892797,-5.38115,-6.3961,-33.9556,0.1048012,
2,34.046,2,2.279418,374.1895,-1.117026,0.4900488,-5.38115,-6.3961,-33.9556,0.1048012,
2,34.056,2,2.27905,374.174,-1.116543,0.4899159,-5.38115,-6.3961,-33.9556,0.1048012,
2,34.066,2,2.279716,374.2111,-1.115955,0.4895149,-5.38115,-6.3961,-33.9556,0.1048012,
2,34.076,2,2.279766,374.1529,-1.118371,0.4905639,-5.38115,-6.3961,-33.9556,0.1048012,
2,34.086,2,2.2772,374.1423,-1.119732,0.4917144,-5.38115,-6.3961,-33.9556,0.1048012,
2,34.096,2,2.276899,374.1684,-1.120735,0.49222,-5.38115,-6.3961,-33.9556,0.1048012,
2,34.106,2,2.281217,374.1657,-1.119652,0.4908133,-5.38115,-6.3961,-33.9556,0.1048012,
2,34.116,2,2.276093,374.1543,-1.119315,0.4917704,-5.38115,-6.3961,-33.9556,0.1048012,
2,34.126,2,2.275086,374.1148,-1.119365,0.49201,-5.38115,-6.3961,-33.9556,0.1048012,
2,34.136,2,2.279941,374.1428,-1.118475,0.4905716,-5.38115,-6.3961,-33.9556,0.1048012,
2,34.146,2,2.280308,374.1237,-1.115767,0.4893056,-5.38115,-6.3961,-33.9556,0.1048012,
2,34.156,2,2.283244,374.1082,-1.119379,0.490258,-5.38115,-6.3961,-33.9556,0.1048012,
2,34.166,2,2.286382,374.0882,-1.12206,0.490758,-5.38115,-6.3961,-33.9556,0.1048012,
2,34.176,2,2.293236,374.0697,-1.120172,0.4884679,-5.38115,-6.3961,-33.9556,0.1048012,
2,34.186,2,2.298156,374.0502,-1.123215,0.488746,-5.38115,-6.3961,-33.9556,0.1048012,
2,34.196,2,2.294477,374.0424,-1.126356,0.4908988,-5.38115,-6.3961,-33.9556,0.1048012,
2,34.206,2,2.296821,374.0427,-1.126027,0.4902544,-5.38115,-6.3961,-33.9556,0.1048012,
2,34.216,2,2.298659,374.0416,-1.126187,0.4899321,-5.38115,-6.3961,-33.9556,0.1048012,
2,34.226,2,2.295053,374.0307,-1.126921,0.4910218,-5.38115,-6.3961,-33.9556,0.1048012,
2,34.236,2,2.297208,374.0061,-1.12799,0.4910266,-5.38115,-6.3961,-33.9556,0.1048012,
2,34.246,2,2.298687,374.0144,-1.125841,0.4897755,-5.38115,-6.3961,-33.9556,0.1048012,
2,34.256,2,2.29438,374.0231,-1.128331,0.4917805,-5.38115,-6.3961,-33.9556,0.1048012,
2,34.266,2,2.297998,374.0105,-1.128263,0.4909765,-5.38938,-6.3961,-33.9565,0.1057014,
2,34.276,2,2.29579,374.0137,-1.129337,0.4919165,-5.38938,-6.3961,-33.9565,0.1057014,
2,34.286,2,2.294931,374.019,-1.127065,0.4911107,-5.38938,-6.3961,-33.9565,0.1057014,
2,34.296,2,2.294741,374.0257,-1.126662,0.4909757,-5.38938,-6.3961,-33.9565,0.1057014,
2,34.306,2,2.297025,374.0024,-1.123123,0.4889468,-5.38938,-6.3961,-33.9565,0.1057014,
2,34.316,2,2.297724,373.9965,-1.124182,0.489259,-5.38938,-6.3961,-33.9565,0.1057014,
2,34.326,2,2.295386,373.9872,-1.126491,0.4907631,-5.38938,-6.3961,-33.9565,0.1057014,
2,34.336,2,2.297395,373.9904,-1.126279,0.4902418,-5.38938,-6.3961,-33.9565,0.1057014,
2,34.346,2,2.296733,373.9923,-1.126999,0.4906963,-5.38938,-6.3961,-33.9565,0.1057014,
2,34.356,2,2.29697,373.9719,-1.129191,0.4916005,-5.38938,-6.3961,-33.9565,0.1057014,
2,34.366,2,2.295855,373.9601,-1.130227,0.4922902,-5.38938,-6.3961,-33.9565,0.1057014,
2,34.376,2,2.301129,373.9418,-1.13059,0.4913197,-5.38938,-6.3961,-33.9565,0.1057014,
2,34.386,2,2.305661,373.9307,-1.134053,0.4918561,-5.38938,-6.3961,-33.9565,0.1057014,
2,34.396,2,2.308311,373.9211,-1.136679,0.492429,-5.38938,-6.3961,-33.9565,0.1057014,
2,34.406,2,2.310618,373.8927,-1.137873,0.4924541,-5.38938,-6.3961,-33.9565,0.1057014,
2,34.416,2,2.316066,373.9336,-1.138667,0.4916384,-5.38938,-6.3961,-33.9565,0.1057014,
2,34.426,2,2.313398,373.8732,-1.136353,0.4912052,-5.38938,-6.3961,-33.9565,0.1057014,
2,34.436,2,2.314266,373.8695,-1.134314,0.4901397,-5.38938,-6.3961,-33.9565,0.1057014,
2,34.446,2,2.312962,373.8522,-1.136345,0.4912943,-5.38938,-6.3961,-33.9565,0.1057014,
2,34.456,2,2.31423,373.874,-1.135078,0.4904779,-5.38938,-6.3961,-33.9565,0.1057014,
2,34.466,2,2.315552,373.8652,-1.130559,0.4882461,-5.38938,-6.3961,-33.9565,0.1057014,
2,34.476,2,2.312213,373.8584,-1.134548,0.4906762,-5.38938,-6.3961,-33.9565,0.1057014,
2,34.486,2,2.315173,373.8438,-1.136553,0.4909149,-5.38938,-6.3961,-33.9565,0.1057014,
2,34.496,2,2.314708,373.8529,-1.13576,0.490671,-5.38938,-6.3961,-33.9565,0.1057014,
2,34.506,2,2.310528,373.8557,-1.137436,0.492284,-5.38938,-6.3961,-33.9565,0.1057014,
2,34.516,2,2.31556,373.8429,-1.137906,0.4914171,-5.38938,-6.3961,-33.9565,0.1057014,
2,34.526,2,2.314986,373.8292,-1.137332,0.4912908,-5.38938,-6.3961,-33.9565,0.1057014,
2,34.536,2,2.306823,373.8607,-1.141071,0.4946504,-5.39755,-6.3961,-33.9574,0.1066017,
2,34.546,2,2.314808,373.8203,-1.137364,0.4913427,-5.39755,-6.3961,-33.9574,0.1066017,
2,34.556,2,2.315973,373.8247,-1.136416,0.4906862,-5.39755,-6.3961,-33.9574,0.1066017,
2,34.566,2,2.310089,373.8195,-1.142124,0.494407,-5.39755,-6.3961,-33.9574,0.1066017,
2,34.576,2,2.311782,373.8212,-1.141231,0.4936584,-5.39755,-6.3961,-33.9574,0.1066017,
2,34.586,2,2.315704,373.823,-1.136231,0.4906635,-5.39755,-6.3961,-33.9574,0.1066017,
2,34.596,2,2.312447,373.8354,-1.1391,0.4925951,-5.39755,-6.3961,-33.9574,0.1066017,
2,34.606,2,2.312034,373.7944,-1.138456,0.4924047,-5.39755,-6.3961,-33.9574,0.1066017,
2,34.616,2,2.311746,373.8072,-1.136263,0.4915169,-5.39755,-6.3961,-33.9574,0.1066017,
2,34.626,2,2.313903,373.8014,-1.139825,0.4925986,-5.39755,-6.3961,-33.9574,0.1066017,
2,34.636,2,2.310704,373.8206,-1.139427,0.4931079,-5.39755,-6.3961,-33.9574,0.1066017,
2,34.646,2,2.318001,373.7629,-1.141645,0.4925128,-5.39755,-6.3961,-33.9574,0.1066017,
2,34.656,2,2.323361,373.718,-1.14284,0.4918907,-5.39755,-6.3961,-33.9574,0.1066017,
2,34.666,2,2.327456,373.7214,-1.142444,0.4908554,-5.39755,-6.3961,-33.9574,0.1066017,
2,34.676,2,2.329861,373.6989,-1.14852,0.4929563,-5.39755,-6.3961,-33.9574,0.1066017,
2,34.686,2,2.333418,373.704,-1.149573,0.4926563,-5.39755,-6.3961,-33.9574,0.1066017,
2,34.696,2,2.331166,373.7085,-1.145592,0.4914244,-5.39755,-6.3961,-33.9574,0.1066017,
2,34.706,2,2.332704,373.7167,-1.147265,0.4918176,-5.39755,-6.3961,-33.9574,0.1066017,
2,34.716,2,2.328615,373.6981,-1.147874,0.4929427,-5.39755,-6.3961,-33.9574,0.1066017,
2,34.726,2,2.332298,373.6765,-1.146354,0.4915126,-5.39755,-6.3961,-33.9574,0.1066017,
2,34.736,2,2.327439,373.6632,-1.148746,0.4935666,-5.39755,-6.3961,-33.9574,0.1066017,
2,34.746,2,2.330105,373.6764,-1.146115,0.4918728,-5.39755,-6.3961,-33.9574,0.1066017,
2,34.756,2,2.330827,373.6731,-1.142889,0.4903366,-5.39755,-6.3961,-33.9574,0.1066017,
2,34.766,2,2.32788,373.6775,-1.148094,0.493193,-5.39755,-6.3961,-33.9574,0.1066017,
2,34.776,2,2.329117,373.6594,-1.147938,0.4928643,-5.40685,-6.3961,-33.9583,0.107502,
2,34.786,2,2.32868,373.6559,-1.147576,0.492801,-5.40685,-6.3961,-33.9583,0.107502,
2,34.796,2,2.328691,373.6427,-1.1503,0.4939685,-5.40685,-6.3961,-33.9583,0.107502,
2,34.806,2,2.330748,373.651,-1.149152,0.4930401,-5.40685,-6.3961,-33.9583,0.107502,
2,34.816,2,2.328561,373.6497,-1.149862,0.4938079,-5.40685,-6.3961,-33.9583,0.107502,
2,34.826,2,2.331787,373.6832,-1.149534,0.492984,-5.40685,-6.3961,-33.9583,0.107502,
2,34.836,2,2.331885,373.622,-1.14964,0.4930086,-5.40685,-6.3961,-33.9583,0.107502,
2,34.846,2,2.328639,373.6289,-1.150475,0.4940549,-5.40685,-6.3961,-33.9583,0.107502,
2,34.856,2,2.327655,373.6268,-1.15359,0.4956018,-5.40685,-6.3961,-33.9583,0.107502,
2,34.866,2,2.330211,373.6399,-1.147883,0.4926088,-5.40685,-6.3961,-33.9583,0.107502,
2,34.876,2,2.328594,373.6145,-1.148088,0.4930393,-5.40685,-6.3961,-33.9583,0.107502,
2,34.886,2,2.329109,373.6135,-1.14924,0.4934247,-5.40685,-6.3961,-33.9583,0.107502,
2,34.896,2,2.331248,373.6083,-1.149265,0.4929825,-5.40685,-6.3961,-33.9583,0.107502,
2,34.906,2,2.336424,373.581,-1.147459,0.4911177,-5.40685,-6.3961,-33.9583,0.107502,
2,34.916,2,2.337984,373.5646,-1.152359,0.4928858,-5.40685,-6.3961,-33.9583,0.107502,
2,34.926,2,2.344512,373.5605,-1.153689,0.4920806,-5.40685,-6.3961,-33.9583,0.107502,
2,34.936,2,2.346714,373.5428,-1.154882,0.4921274,-5.40685,-6.3961,-33.9583,0.107502,
2,34.946,2,2.343905,373.5346,-1.156671,0.4934801,-5.40685,-6.3961,-33.9583,0.107502,
2,34.956,2,2.347104,373.5155,-1.156395,0.4926901,-5.40685,-6.3961,-33.9583,0.107502,
2,34.966,2,2.347123,373.5078,-1.157797,0.4932835,-5.40685,-6.3961,-33.9583,0.107502,
2,34.976,2,2.346738,373.5189,-1.160282,0.4944234,-5.40685,-6.3961,-33.9583,0.107502,
2,34.986,2,2.348732,373.517,-1.156468,0.4923798,-5.40685,-6.3961,-33.9583,0.107502,
2,34.996,2,2.34675,373.5071,-1.157816,0.49337,-5.40685,-6.3961,-33.9583,0.107502,
2,35.006,2,2.347467,373.4868,-1.159718,0.4940296,-5.40685,-6.3961,-33.9583,0.107502,
2,35.016,2,2.345994,373.4886,-1.156006,0.4927575,-5.40685,-6.3961,-33.9583,0.107502,
2,35.026,2,2.347437,373.4825,-1.157913,0.4932671,-5.4156,-6.3961,-33.9592,0.1084023,
2,35.036,2,2.346823,373.4911,-1.15762,0.4932713,-5.4156,-6.3961,-33.9592,0.1084023,
2,35.046,2,2.344772,373.4861,-1.154916,0.4925495,-5.4156,-6.3961,-33.9592,0.1084023,
2,35.056,2,2.34755,373.4909,-1.155254,0.4921106,-5.4156,-6.3961,-33.9592,0.1084023,
2,35.066,2,2.348943,373.471,-1.156559,0.4923741,-5.4156,-6.3961,-33.9592,0.1084023,
2,35.076,2,2.343058,373.4662,-1.156688,0.493666,-5.4156,-6.3961,-33.9592,0.1084023,
2,35.086,2,2.35183,373.4525,-1.157701,0.4922554,-5.4156,-6.3961,-33.9592,0.1084023,
2,35.096,2,2.348729,373.4636,-1.158797,0.4933719,-5.4156,-6.3961,-33.9592,0.1084023,
2,35.106,2,2.344146,373.4749,-1.160666,0.4951339,-5.4156,-6.3961,-33.9592,0.1084023,
2,35.116,2,2.345773,373.4597,-1.162993,0.4957825,-5.4156,-6.3961,-33.9592,0.1084023,
2,35.126,2,2.34542,373.424,-1.164511,0.4965042,-5.4156,-6.3961,-33.9592,0.1084023,
2,35.136,2,2.345245,373.4364,-1.160601,0.494874,-5.4156,-6.3961,-33.9592,0.1084023,
2,35.146,2,2.354086,373.411,-1.163348,0.4941823,-5.4156,-6.3961,-33.9592,0.1084023,
2,35.156,2,2.352024,373.4069,-1.164563,0.4951324,-5.4156,-6.3961,-33.9592,0.1084023,
2,35.166,2,2.3641,373.3828,-1.161998,0.4915182,-5.4156,-6.3961,-33.9592,0.1084023,
2,35.176,2,2.366194,373.3644,-1.167859,0.4935598,-5.4156,-6.3961,-33.9592,0.1084023,
2,35.186,2,2.36561,373.3577,-1.1674,0.4934878,-5.4156,-6.3961,-33.9592,0.1084023,
2,35.196,2,2.36291,373.3647,-1.16533,0.4931757,-5.4156,-6.3961,-33.9592,0.1084023,
2,35.206,2,2.364046,373.3552,-1.169288,0.4946131,-5.4156,-6.3961,-33.9592,0.1084023,
2,35.216,2,2.363458,373.3634,-1.165403,0.4930922,-5.4156,-6.3961,-33.9592,0.1084023,
2,35.226,2,2.361779,373.3475,-1.169214,0.4950565,-5.4156,-6.3961,-33.9592,0.1084023,
2,35.236,2,2.363705,373.3932,-1.175596,0.4973531,-5.4156,-6.3961,-33.9592,0.1084023,
2,35.246,2,2.364451,373.3275,-1.17531,0.4970752,-5.4156,-6.3961,-33.9592,0.1084023,
2,35.256,2,2.361823,373.3254,-1.180576,0.4998579,-5.4156,-6.3961,-33.9592,0.1084023,
2,35.266,2,2.363428,373.3285,-1.180048,0.4992953,-5.4156,-6.3961,-33.9592,0.1084023,
2,35.276,2,2.363743,373.328,-1.179113,0.4988331,-5.4156,-6.3961,-33.9592,0.1084023,
2,35.286,2,2.362165,373.3166,-1.178983,0.4991112,-5.4156,-6.3961,-33.9592,0.1084023,
2,35.296,2,2.36402,373.305,-1.179214,0.4988172,-5.4156,-6.3961,-33.9592,0.1084023,
2,35.306,2,2.36301,373.3094,-1.177455,0.498286,-5.42382,-6.3961,-33.9601,0.1092987,
2,35.316,2,2.362268,373.2969,-1.175935,0.4977992,-5.42382,-6.3961,-33.9601,0.1092987,
2,35.326,2,2.361774,373.2931,-1.175565,0.4977466,-5.42382,-6.3961,-33.9601,0.1092987,
2,35.336,2,2.361588,373.2953,-1.171823,0.4962012,-5.42382,-6.3961,-33.9601,0.1092987,
2,35.346,2,2.363662,373.2924,-1.166145,0.4933638,-5.42382,-6.3961,-33.9601,0.1092987,
2,35.356,2,2.361263,373.28,-1.166157,0.4938699,-5.42382,-6.3961,-33.9601,0.1092987,
2,35.366,2,2.361479,373.2718,-1.166528,0.4939819,-5.42382,-6.3961,-33.9601,0.1092987,
2,35.376,2,2.360978,373.294,-1.169499,0.4953452,-5.42382,-6.3961,-33.9601,0.1092987,
2,35.386,2,2.360298,373.2898,-1.170097,0.495741,-5.42382,-6.3961,-33.9601,0.1092987,
2,35.396,2,2.360914,373.2676,-1.16875,0.4950411,-5.42382,-6.3961,-33.9601,0.1092987,
2,35.406,2,2.365535,373.2534,-1.168749,0.4940739,-5.42382,-6.3961,-33.9601,0.1092987,
2,35.416,2,2.366687,373.2398,-1.172147,0.4952693,-5.42382,-6.3961,-33.9601,0.1092987,
2,35.426,2,2.374893,373.2216,-1.170688,0.4929434,-5.42382,-6.3961,-33.9601,0.1092987,
2,35.436,2,2.376824,373.1849,-1.182402,0.4974712,-5.42382,-6.3961,-33.9601,0.1092987,
2,35.446,2,2.382066,373.189,-1.183334,0.4967681,-5.42382,-6.3961,-33.9601,0.1092987,
2,35.456,2,2.383977,373.1776,-1.180248,0.4950753,-5.42382,-6.3961,-33.9601,0.1092987,
2,35.466,2,2.380395,373.1875,-1.182549,0.4967869,-5.42382,-6.3961,-33.9601,0.1092987,
2,35.476,2,2.378804,373.1727,-1.181937,0.4968621,-5.42382,-6.3961,-33.9601,0.1092987,
2,35.486,2,2.383585,373.1584,-1.173586,0.4923618,-5.42382,-6.3961,-33.9601,0.1092987,
2,35.496,2,2.381824,373.1542,-1.174381,0.4930594,-5.42382,-6.3961,-33.9601,0.1092987,
2,35.506,2,2.380059,373.1658,-1.176257,0.4942135,-5.42382,-6.3961,-33.9601,0.1092987,
2,35.516,2,2.382379,373.1564,-1.180488,0.495508,-5.42382,-6.3961,-33.9601,0.1092987,
2,35.526,2,2.382042,373.1402,-1.178834,0.4948835,-5.42382,-6.3961,-33.9601,0.1092987,
2,35.536,2,2.380695,373.1334,-1.183631,0.4971787,-5.42382,-6.3961,-33.9601,0.1092987,
2,35.546,2,2.383585,373.1097,-1.179159,0.4946998,-5.42382,-6.3961,-33.9601,0.1092987,
2,35.556,2,2.38142,373.1159,-1.177088,0.4942798,-5.43313,-6.3961,-33.961,0.110199,
2,35.566,2,2.37975,373.1199,-1.178562,0.495246,-5.43313,-6.3961,-33.961,0.110199,
2,35.576,2,2.379374,373.1249,-1.179217,0.4955999,-5.43313,-6.3961,-33.961,0.110199,
2,35.586,2,2.381572,373.1485,-1.178867,0.4949952,-5.43313,-6.3961,-33.961,0.110199,
2,35.596,2,2.38201,373.1006,-1.179894,0.4953355,-5.43313,-6.3961,-33.961,0.110199,
2,35.606,2,2.380178,373.1158,-1.177051,0.4945221,-5.43313,-6.3961,-33.961,0.110199,
2,35.616,2,2.382519,373.0839,-1.180571,0.4955139,-5.43313,-6.3961,-33.961,0.110199,
2,35.626,2,2.381518,373.1182,-1.181318,0.4960359,-5.43313,-6.3961,-33.961,0.110199,
2,35.636,2,2.377375,373.089,-1.181776,0.4970929,-5.43313,-6.3961,-33.961,0.110199,
2,35.646,2,2.38089,373.0901,-1.188185,0.4990509,-5.43313,-6.3961,-33.961,0.110199,
2,35.656,2,2.381925,373.0915,-1.181831,0.4961664,-5.43313,-6.3961,-33.961,0.110199,
2,35.666,2,2.383976,373.0616,-1.179863,0.4949141,-5.43313,-6.3961,-33.961,0.110199,
2,35.676,2,2.387378,373.0587,-1.183348,0.4956685,-5.43313,-6.3961,-33.961,0.110199,
2,35.686,2,2.39155,373.0299,-1.181937,0.4942138,-5.43313,-6.3961,-33.961,0.110199,
2,35.696,2,2.39567,372.999,-1.189752,0.4966261,-5.43313,-6.3961,-33.961,0.110199,
2,35.706,2,2.39692,373.0238,-1.191948,0.4972833,-5.43313,-6.3961,-33.961,0.110199,
2,35.716,2,2.400337,372.9898,-1.191004,0.496182,-5.43313,-6.3961,-33.961,0.110199,
2,35.726,2,2.397928,372.9838,-1.195694,0.4986364,-5.43313,-6.3961,-33.961,0.110199,
2,35.736,2,2.394941,372.9792,-1.191675,0.4975801,-5.43313,-6.3961,-33.961,0.110199,
2,35.746,2,2.39692,372.9785,-1.188921,0.4960203,-5.43313,-6.3961,-33.961,0.110199,
2,35.756,2,2.397464,372.9734,-1.187861,0.4954655,-5.43313,-6.3961,-33.961,0.110199,
2,35.766,2,2.398356,372.9759,-1.189129,0.4958102,-5.43313,-6.3961,-33.961,0.110199,
2,35.776,2,2.397736,372.9584,-1.18581,0.4945543,-5.43313,-6.3961,-33.961,0.110199,
2,35.786,2,2.396431,372.9527,-1.187722,0.495621,-5.43313,-6.3961,-33.961,0.110199,
2,35.796,2,2.39746,372.9503,-1.189877,0.4963075,-5.44088,-6.3961,-33.9619,0.1110992,
2,35.806,2,2.395278,372.9662,-1.190127,0.4968638,-5.44088,-6.3961,-33.9619,0.1110992,
2,35.816,2,2.394739,372.9253,-1.191208,0.4974272,-5.44088,-6.3961,-33.9619,0.1110992,
2,35.826,2,2.399135,372.9104,-1.192492,0.4970508,-5.44088,-6.3961,-33.9619,0.1110992,
2,35.836,2,2.393645,372.9217,-1.191101,0.4976097,-5.44088,-6.3961,-33.9619,0.1110992,
2,35.846,2,2.397778,372.9183,-1.192374,0.4972832,-5.44088,-6.3961,-33.9619,0.1110992,
2,35.856,2,2.396567,372.9236,-1.192834,0.4977259,-5.44088,-6.3961,-33.9619,0.1110992,
2,35.866,2,2.39507,372.9352,-1.193162,0.4981742,-5.44088,-6.3961,-33.9619,0.1110992,
2,35.876,2,2.4016,372.9332,-1.197505,0.498628,-5.44088,-6.3961,-33.9619,0.1110992,
2,35.886,2,2.404792,372.8947,-1.199098,0.4986287,-5.44088,-6.3961,-33.9619,0.1110992,
2,35.896,2,2.409869,372.8519,-1.199057,0.4975609,-5.44088,-6.3961,-33.9619,0.1110992,
2,35.906,2,2.415626,372.8304,-1.205154,0.4988993,-5.44088,-6.3961,-33.9619,0.1110992,
2,35.916,2,2.411704,372.8474,-1.205883,0.5000129,-5.44088,-6.3961,-33.9619,0.1110992,
2,35.926,2,2.412975,372.834,-1.200932,0.4976976,-5.44088,-6.3961,-33.9619,0.1110992,
2,35.936,2,2.415532,372.8255,-1.20037,0.4969383,-5.44088,-6.3961,-33.9619,0.1110992,
2,35.946,2,2.411316,372.8213,-1.203068,0.4989259,-5.44088,-6.3961,-33.9619,0.1110992,
2,35.956,2,2.4139,372.8076,-1.203978,0.4987689,-5.44088,-6.3961,-33.9619,0.1110992,
2,35.966,2,2.416385,372.8,-1.208477,0.5001179,-5.44088,-6.3961,-33.9619,0.1110992,
2,35.976,2,2.410385,372.8092,-1.208697,0.5014538,-5.44088,-6.3961,-33.9619,0.1110992,
2,35.986,2,2.41207,372.8007,-1.20986,0.501586,-5.44088,-6.3961,-33.9619,0.1110992,
2,35.996,2,2.41306,372.8388,-1.201498,0.4979146,-5.44088,-6.3961,-33.9619,0.1110992,
2,36.006,2,2.415455,372.78,-1.195404,0.4948982,-5.449,-6.3961,-33.9628,0.1119995,
2,36.016,2,2.4123,372.7824,-1.199066,0.4970634,-5.449,-6.3961,-33.9628,0.1119995,
2,36.026,2,2.415437,372.7725,-1.200942,0.4971945,-5.449,-6.3961,-33.9628,0.1119995,
2,36.036,2,2.414443,372.7943,-1.200636,0.4972725,-5.449,-6.3961,-33.9628,0.1119995,
2,36.046,2,2.408895,372.7788,-1.198658,0.4975964,-5.449,-6.3961,-33.9628,0.1119995,
2,36.056,2,2.41567,372.7716,-1.198557,0.496159,-5.449,-6.3961,-33.9628,0.1119995,
2,36.066,2,2.414285,372.769,-1.19642,0.4955589,-5.449,-6.3961,-33.9628,0.1119995,
2,36.076,2,2.407755,372.7533,-1.200139,0.4984471,-5.449,-6.3961,-33.9628,0.1119995,
2,36.086,2,2.42003,372.7502,-1.201013,0.4962801,-5.449,-6.3961,-33.9628,0.1119995,
2,36.096,2,2.415255,372.7933,-1.200956,0.4972378,-5.449,-6.3961,-33.9628,0.1119995,
2,36.106,2,2.412331,372.7467,-1.203086,0.4987233,-5.449,-6.3961,-33.9628,0.1119995,
2,36.116,2,2.418802,372.7259,-1.203353,0.4974995,-5.449,-6.3961,-33.9628,0.1119995,
2,36.126,2,2.421422,372.7086,-1.201032,0.4960028,-5.449,-6.3961,-33.9628,0.1119995,
2,36.136,2,2.429251,372.6758,-1.20789,0.4972271,-5.449,-6.3961,-33.9628,0.1119995,
2,36.146,2,2.429232,372.6749,-1.21567,0.5004339,-5.449,-6.3961,-33.9628,0.1119995,
2,36.156,2,2.428682,372.6735,-1.217651,0.5013627,-5.449,-6.3961,-33.9628,0.1119995,
2,36.166,2,2.434777,372.6519,-1.217147,0.4999007,-5.449,-6.3961,-33.9628,0.1119995,
2,36.176,2,2.428298,372.6362,-1.2196,0.5022449,-5.449,-6.3961,-33.9628,0.1119995,
2,36.186,2,2.432217,372.6419,-1.215528,0.4997616,-5.449,-6.3961,-33.9628,0.1119995,
2,36.196,2,2.43291,372.6323,-1.217925,0.5006042,-5.449,-6.3961,-33.9628,0.1119995,
2,36.206,2,2.428937,372.6527,-1.214564,0.5000395,-5.449,-6.3961,-33.9628,0.1119995,
2,36.216,2,2.431461,372.6401,-1.204924,0.4955555,-5.449,-6.3961,-33.9628,0.1119995,
2,36.226,2,2.431399,372.6383,-1.204315,0.4953179,-5.449,-6.3961,-33.9628,0.1119995,
2,36.236,2,2.429815,372.6277,-1.207438,0.496926,-5.449,-6.3961,-33.9628,0.1119995,
2,36.246,2,2.432523,372.6047,-1.206862,0.496136,-5.449,-6.3961,-33.9628,0.1119995,
2,36.256,2,2.429885,372.598,-1.209455,0.4977418,-5.449,-6.3961,-33.9628,0.1119995,
2,36.266,2,2.428694,372.5979,-1.210566,0.4984433,-5.4572,-6.3961,-33.9636,0.1128006,
2,36.276,2,2.4321,372.6065,-1.210472,0.4977065,-5.4572,-6.3961,-33.9636,0.1128006,
2,36.286,2,2.430341,372.6046,-1.211921,0.4986631,-5.4572,-6.3961,-33.9636,0.1128006,
2,36.296,2,2.429797,372.5695,-1.212459,0.498996,-5.4572,-6.3961,-33.9636,0.1128006,
2,36.306,2,2.433844,372.5905,-1.209655,0.4970144,-5.4572,-6.3961,-33.9636,0.1128006,
2,36.316,2,2.430421,372.5805,-1.211838,0.4986123,-5.4572,-6.3961,-33.9636,0.1128006,
2,36.326,2,2.429228,372.5886,-1.211937,0.498898,-5.4572,-6.3961,-33.9636,0.1128006,
2,36.336,2,2.434264,372.5869,-1.209826,0.4969988,-5.4572,-6.3961,-33.9636,0.1128006,
2,36.346,2,2.42951,372.5658,-1.210179,0.4981166,-5.4572,-6.3961,-33.9636,0.1128006,
2,36.356,2,2.429245,372.5538,-1.20987,0.4980438,-5.4572,-6.3961,-33.9636,0.1128006,
2,36.366,2,2.43344,372.5705,-1.208349,0.4965602,-5.4572,-6.3961,-33.9636,0.1128006,
2,36.376,2,2.434468,372.538,-1.211048,0.4974588,-5.4572,-6.3961,-33.9636,0.1128006,
2,36.386,2,2.440709,372.5337,-1.212392,0.4967378,-5.4572,-6.3961,-33.9636,0.1128006,
2,36.396,2,2.444623,372.515,-1.21447,0.4967923,-5.4572,-6.3961,-33.9636,0.1128006,
2,36.406,2,2.447373,372.5505,-1.218712,0.4979675,-5.4572,-6.3961,-33.9636,0.1128006,
2,36.416,2,2.449729,372.4749,-1.216875,0.4967386,-5.4572,-6.3961,-33.9636,0.1128006,
2,36.426,2,2.448396,372.4651,-1.218272,0.4975798,-5.4572,-6.3961,-33.9636,0.1128006,
2,36.436,2,2.446296,372.4693,-1.222004,0.4995324,-5.4572,-6.3961,-33.9636,0.1128006,
2,36.446,2,2.448236,372.4654,-1.219084,0.4979439,-5.4572,-6.3961,-33.9636,0.1128006,
2,36.456,2,2.448191,372.4573,-1.220129,0.49838,-5.4572,-6.3961,-33.9636,0.1128006,
2,36.466,2,2.446964,372.4336,-1.223268,0.4999124,-5.4572,-6.3961,-33.9636,0.1128006,
2,36.476,2,2.445428,372.4413,-1.221514,0.4995092,-5.4572,-6.3961,-33.9636,0.1128006,
2,36.486,2,2.446321,372.4367,-1.220008,0.4987114,-5.4572,-6.3961,-33.9636,0.1128006,
2,36.496,2,2.443321,372.4351,-1.222039,0.500155,-5.4572,-6.3961,-33.9636,0.1128006,
2,36.506,2,2.443232,372.4335,-1.219933,0.4993114,-5.4572,-6.3961,-33.9636,0.1128006,
2,36.516,2,2.45234,372.4312,-1.218954,0.4970574,-5.4572,-6.3961,-33.9636,0.1128006,
2,36.526,2,2.448619,372.4196,-1.218056,0.4974462,-5.4572,-6.3961,-33.9636,0.1128006,
2,36.536,2,2.440902,372.4141,-1.221359,0.5003721,-5.46595,-6.3961,-33.9645,0.1137009,
2,36.546,2,2.450696,372.4061,-1.221413,0.4983946,-5.46595,-6.3961,-33.9645,0.1137009,
2,36.556,2,2.446399,372.4353,-1.221866,0.499455,-5.46595,-6.3961,-33.9645,0.1137009,
2,36.566,2,2.444652,372.4099,-1.223952,0.5006653,-5.46595,-6.3961,-33.9645,0.1137009,
2,36.576,2,2.448805,372.3672,-1.223318,0.4995572,-5.46595,-6.3961,-33.9645,0.1137009,
2,36.586,2,2.446419,372.3804,-1.223232,0.5000092,-5.46595,-6.3961,-33.9645,0.1137009,
2,36.596,2,2.446087,372.3683,-1.223975,0.5003807,-5.46595,-6.3961,-33.9645,0.1137009,
2,36.606,2,2.444066,372.3816,-1.226388,0.5017818,-5.46595,-6.3961,-33.9645,0.1137009,
2,36.616,2,2.445109,372.3954,-1.226048,0.5014286,-5.46595,-6.3961,-33.9645,0.1137009,
2,36.626,2,2.447671,372.3824,-1.224128,0.5001194,-5.46595,-6.3961,-33.9645,0.1137009,
2,36.636,2,2.44367,372.3867,-1.223764,0.5007892,-5.46595,-6.3961,-33.9645,0.1137009,
2,36.646,2,2.446814,372.38,-1.222616,0.499677,-5.46595,-6.3961,-33.9645,0.1137009,
2,36.656,2,2.448693,372.3726,-1.22401,0.4998626,-5.46595,-6.3961,-33.9645,0.1137009,
2,36.666,2,2.451665,372.3457,-1.224319,0.4993827,-5.46595,-6.3961,-33.9645,0.1137009,
2,36.676,2,2.454886,372.3383,-1.227165,0.4998865,-5.46595,-6.3961,-33.9645,0.1137009,
2,36.686,2,2.461486,372.3098,-1.22822,0.4989749,-5.46595,-6.3961,-33.9645,0.1137009,
2,36.696,2,2.463183,372.2936,-1.22898,0.49894,-5.46595,-6.3961,-33.9645,0.1137009,
2,36.706,2,2.46394,372.2864,-1.230594,0.4994416,-5.46595,-6.3961,-33.9645,0.1137009,
2,36.716,2,2.46463,372.2654,-1.232379,0.5000259,-5.46595,-6.3961,-33.9645,0.1137009,
2,36.726,2,2.465853,372.263,-1.233127,0.5000815,-5.46595,-6.3961,-33.9645,0.1137009,
2,36.736,2,2.463344,372.2692,-1.236577,0.501991,-5.46595,-6.3961,-33.9645,0.1137009,
2,36.746,2,2.463784,372.2556,-1.234183,0.5009298,-5.46595,-6.3961,-33.9645,0.1137009,
2,36.756,2,2.464278,372.2957,-1.235071,0.5011899,-5.46595,-6.3961,-33.9645,0.1137009,
2,36.766,2,2.468004,372.2485,-1.233636,0.4998518,-5.46595,-6.3961,-33.9645,0.1137009,
2,36.776,2,2.46217,372.2435,-1.234214,0.5012707,-5.4758,-6.3961,-33.9654,0.1146011,
2,36.786,2,2.463474,372.2321,-1.23512,0.5013731,-5.4758,-6.3961,-33.9654,0.1146011,
2,36.796,2,2.464118,372.2504,-1.233829,0.5007183,-5.4758,-6.3961,-33.9654,0.1146011,
2,36.806,2,2.460912,372.2309,-1.231437,0.5003986,-5.4758,-6.3961,-33.9654,0.1146011,
2,36.816,2,2.46127,372.2079,-1.235552,0.5019978,-5.4758,-6.3961,-33.9654,0.1146011,
2,36.826,2,2.465939,372.2096,-1.235811,0.5011525,-5.4758,-6.3961,-33.9654,0.1146011,
2,36.836,2,2.460325,372.2225,-1.233595,0.5013952,-5.4758,-6.3961,-33.9654,0.1146011,
2,36.846,2,2.460483,372.2155,-1.235391,0.502093,-5.4758,-6.3961,-33.9654,0.1146011,
2,36.856,2,2.462826,372.2148,-1.235487,0.501654,-5.4758,-6.3961,-33.9654,0.1146011,
2,36.866,2,2.462808,372.2025,-1.235355,0.5016043,-5.4758,-6.3961,-33.9654,0.1146011,
2,36.876,2,2.461933,372.2319,-1.237335,0.5025866,-5.4758,-6.3961,-33.9654,0.1146011,
2,36.886,2,2.464737,372.2091,-1.236473,0.5016651,-5.4758,-6.3961,-33.9654,0.1146011,
2,36.896,2,2.464067,372.1994,-1.239465,0.5030161,-5.4758,-6.3961,-33.9654,0.1146011,
2,36.906,2,2.470465,372.1801,-1.240449,0.5021114,-5.4758,-6.3961,-33.9654,0.1146011,
2,36.916,2,2.47167,372.1483,-1.23977,0.5015919,-5.4758,-6.3961,-33.9654,0.1146011,
2,36.926,2,2.4785,372.1367,-1.241512,0.5009126,-5.4758,-6.3961,-33.9654,0.1146011,
2,36.936,2,2.481846,372.1274,-1.24148,0.5002243,-5.4758,-6.3961,-33.9654,0.1146011,
2,36.946,2,2.476695,372.1061,-1.240479,0.5008607,-5.4758,-6.3961,-33.9654,0.1146011,
2,36.956,2,2.478941,372.1001,-1.239573,0.5000414,-5.4758,-6.3961,-33.9654,0.1146011,
2,36.966,2,2.480392,372.1075,-1.244611,0.5017802,-5.4758,-6.3961,-33.9654,0.1146011,
2,36.976,2,2.48403,372.1062,-1.241898,0.4999529,-5.4758,-6.3961,-33.9654,0.1146011,
2,36.986,2,2.479896,372.0766,-1.243994,0.5016316,-5.4758,-6.3961,-33.9654,0.1146011,
2,36.996,2,2.480608,372.0445,-1.246312,0.502422,-5.4758,-6.3961,-33.9654,0.1146011,
2,37.006,2,2.482632,372.0735,-1.243625,0.5009301,-5.4758,-6.3961,-33.9654,0.1146011,
2,37.016,2,2.477633,372.0553,-1.247851,0.5036465,-5.4758,-6.3961,-33.9654,0.1146011,
2,37.026,2,2.479801,372.0565,-1.249527,0.5038819,-5.4758,-6.3961,-33.9654,0.1146011,
2,37.036,2,2.48127,372.0659,-1.248399,0.5031289,-5.4758,-6.3961,-33.9654,0.1146011,
2,37.046,2,2.479692,372.0792,-1.251509,0.5047032,-5.48348,-6.3961,-33.9663,0.1155014,
2,37.056,2,2.476805,372.0742,-1.253121,0.5059423,-5.48348,-6.3961,-33.9663,0.1155014,
2,37.066,2,2.478903,372.0325,-1.250786,0.5045723,-5.48348,-6.3961,-33.9663,0.1155014,
2,37.076,2,2.477937,372.0428,-1.2525,0.5054607,-5.48348,-6.3961,-33.9663,0.1155014,
2,37.086,2,2.475716,372.0495,-1.252363,0.505859,-5.48348,-6.3961,-33.9663,0.1155014,
2,37.096,2,2.480722,372.041,-1.24712,0.5027245,-5.48348,-6.3961,-33.9663,0.1155014,
2,37.106,2,2.481491,372.0446,-1.247044,0.5025381,-5.48348,-6.3961,-33.9663,0.1155014,
2,37.116,2,2.478338,372.0309,-1.249692,0.5042462,-5.48348,-6.3961,-33.9663,0.1155014,
2,37.126,2,2.480932,372.0239,-1.248513,0.5032437,-5.48348,-6.3961,-33.9663,0.1155014,
2,37.136,2,2.478626,372.0132,-1.250591,0.5045503,-5.48348,-6.3961,-33.9663,0.1155014,
2,37.146,2,2.477,372.024,-1.254047,0.5062764,-5.48348,-6.3961,-33.9663,0.1155014,
2,37.156,2,2.477408,372.017,-1.250196,0.5046387,-5.48348,-6.3961,-33.9663,0.1155014,
2,37.166,2,2.481647,372.0571,-1.251428,0.5042732,-5.48348,-6.3961,-33.9663,0.1155014,
2,37.176,2,2.483369,371.976,-1.25314,0.5046129,-5.48348,-6.3961,-33.9663,0.1155014,
2,37.186,2,2.48953,371.9644,-1.255445,0.5042899,-5.48348,-6.3961,-33.9663,0.1155014,
2,37.196,2,2.491997,371.9323,-1.26104,0.5060359,-5.48348,-6.3961,-33.9663,0.1155014,
2,37.206,2,2.498793,371.941,-1.258388,0.5035983,-5.48348,-6.3961,-33.9663,0.1155014,
2,37.216,2,2.499204,371.9319,-1.255862,0.5025046,-5.48348,-6.3961,-33.9663,0.1155014,
2,37.226,2,2.496268,371.9268,-1.258794,0.5042703,-5.48348,-6.3961,-33.9663,0.1155014,
2,37.236,2,2.496143,371.9037,-1.255937,0.5031513,-5.48348,-6.3961,-33.9663,0.1155014,
2,37.246,2,2.495692,371.9068,-1.25433,0.5025982,-5.48348,-6.3961,-33.9663,0.1155014,
2,37.256,2,2.496318,371.9054,-1.257422,0.5037107,-5.48348,-6.3961,-33.9663,0.1155014,
2,37.266,2,2.496293,371.9163,-1.258754,0.5042491,-5.48348,-6.3961,-33.9663,0.1155014,
2,37.276,2,2.496785,371.9072,-1.257791,0.5037644,-5.48348,-6.3961,-33.9663,0.1155014,
2,37.286,2,2.497633,371.8789,-1.259484,0.5042711,-5.48348,-6.3961,-33.9663,0.1155014,
2,37.296,2,2.49709,371.8841,-1.259567,0.5044137,-5.48348,-6.3961,-33.9663,0.1155014,
2,37.306,2,2.498078,371.863,-1.260775,0.5046979,-5.48348,-6.3961,-33.9663,0.1155014,
2,37.316,2,2.498652,371.9183,-1.262878,0.5054238,-5.48348,-6.3961,-33.9663,0.1155014,
2,37.326,2,2.497231,371.8764,-1.260594,0.5047967,-5.48348,-6.3961,-33.9663,0.1155014,
2,37.336,2,2.498296,371.7844,-1.262066,0.5051706,-5.49333,-6.3961,-33.9672,0.1164017,
2,37.346,2,2.498524,371.8261,-1.262802,0.5054193,-5.49333,-6.3961,-33.9672,0.1164017,
2,37.356,2,2.493387,371.8509,-1.260882,0.5056904,-5.49333,-6.3961,-33.9672,0.1164017,
2,37.366,2,2.494116,371.8314,-1.262546,0.5062097,-5.49333,-6.3961,-33.9672,0.1164017,
2,37.376,2,2.497448,371.855,-1.261794,0.5052333,-5.49333,-6.3961,-33.9672,0.1164017,
2,37.386,2,2.49543,371.8503,-1.258594,0.5043596,-5.49333,-6.3961,-33.9672,0.1164017,
2,37.396,2,2.494586,371.8499,-1.259655,0.5049557,-5.49333,-6.3961,-33.9672,0.1164017,
2,37.406,2,2.498537,371.8396,-1.261236,0.5047899,-5.49333,-6.3961,-33.9672,0.1164017,
2,37.416,2,2.497865,371.8322,-1.258783,0.5039435,-5.49333,-6.3961,-33.9672,0.1164017,
2,37.426,2,2.496309,371.8181,-1.262206,0.5056288,-5.49333,-6.3961,-33.9672,0.1164017,
2,37.436,2,2.495813,371.8167,-1.263301,0.5061679,-5.49333,-6.3961,-33.9672,0.1164017,
2,37.446,2,2.498128,371.8241,-1.263833,0.5059121,-5.49333,-6.3961,-33.9672,0.1164017,
2,37.456,2,2.497521,371.8173,-1.265782,0.5068151,-5.49333,-6.3961,-33.9672,0.1164017,
2,37.466,2,2.500664,371.782,-1.266466,0.5064522,-5.49333,-6.3961,-33.9672,0.1164017,
2,37.476,2,2.506511,371.7572,-1.265834,0.5050184,-5.49333,-6.3961,-33.9672,0.1164017,
2,37.486,2,2.512949,371.7456,-1.268142,0.5046428,-5.49333,-6.3961,-33.9672,0.1164017,
2,37.496,2,2.510454,371.74,-1.272146,0.5067394,-5.49333,-6.3961,-33.9672,0.1164017,
2,37.506,2,2.5141,371.7365,-1.270261,0.505255,-5.49333,-6.3961,-33.9672,0.1164017,
2,37.516,2,2.514618,371.723,-1.267292,0.5039699,-5.49333,-6.3961,-33.9672,0.1164017,
2,37.526,2,2.514304,371.7151,-1.267557,0.5041382,-5.49333,-6.3961,-33.9672,0.1164017,
2,37.536,2,2.51492,371.72,-1.267873,0.5041404,-5.49333,-6.3961,-33.9672,0.1164017,
2,37.546,2,2.514355,371.7137,-1.267786,0.5042193,-5.49333,-6.3961,-33.9672,0.1164017,
2,37.556,2,2.516216,371.7127,-1.270304,0.504847,-5.49333,-6.3961,-33.9672,0.1164017,
2,37.566,2,2.513498,371.7117,-1.270352,0.505412,-5.49333,-6.3961,-33.9672,0.1164017,
2,37.576,2,2.513768,371.7696,-1.270511,0.5054211,-5.50262,-6.3961,-33.9682,0.1174011,
2,37.586,2,2.514907,371.6842,-1.271519,0.505593,-5.50262,-6.3961,-33.9682,0.1174011,
2,37.596,2,2.512342,371.6948,-1.272951,0.5066788,-5.50262,-6.3961,-33.9682,0.1174011,
2,37.606,2,2.514236,371.6737,-1.275161,0.5071763,-5.50262,-6.3961,-33.9682,0.1174011,
2,37.616,2,2.515936,371.6964,-1.274547,0.5065894,-5.50262,-6.3961,-33.9682,0.1174011,
2,37.626,2,2.515051,371.68,-1.273205,0.5062342,-5.50262,-6.3961,-33.9682,0.1174011,
2,37.636,2,2.513945,371.6512,-1.275238,0.5072658,-5.50262,-6.3961,-33.9682,0.1174011,
2,37.646,2,2.514239,371.6608,-1.275645,0.5073683,-5.50262,-6.3961,-33.9682,0.1174011,
2,37.656,2,2.512663,371.6617,-1.273808,0.5069555,-5.50262,-6.3961,-33.9682,0.1174011,
2,37.666,2,2.51221,371.673,-1.275468,0.5077073,-5.50262,-6.3961,-33.9682,0.1174011,
2,37.676,2,2.511798,371.6683,-1.271675,0.5062807,-5.50262,-6.3961,-33.9682,0.1174011,
2,37.686,2,2.512697,371.6613,-1.273117,0.5066735,-5.50262,-6.3961,-33.9682,0.1174011,
2,37.696,2,2.516462,371.6404,-1.274791,0.5065808,-5.50262,-6.3961,-33.9682,0.1174011,
2,37.706,2,2.520493,371.6243,-1.273292,0.5051759,-5.50262,-6.3961,-33.9682,0.1174011,
2,37.716,2,2.525181,371.5926,-1.276915,0.5056726,-5.50262,-6.3961,-33.9682,0.1174011,
2,37.726,2,2.531154,371.5795,-1.280855,0.506036,-5.50262,-6.3961,-33.9682,0.1174011,
2,37.736,2,2.534156,371.5677,-1.28157,0.5057187,-5.50262,-6.3961,-33.9682,0.1174011,
2,37.746,2,2.533696,371.5532,-1.28183,0.5059132,-5.50262,-6.3961,-33.9682,0.1174011,
2,37.756,2,2.534738,371.5405,-1.282996,0.5061653,-5.50262,-6.3961,-33.9682,0.1174011,
2,37.766,2,2.532151,371.5513,-1.281996,0.5062873,-5.50262,-6.3961,-33.9682,0.1174011,
2,37.776,2,2.534536,371.5485,-1.282116,0.5058583,-5.50262,-6.3961,-33.9682,0.1174011,
2,37.786,2,2.533848,371.5536,-1.284626,0.5069861,-5.50262,-6.3961,-33.9682,0.1174011,
2,37.796,2,2.533177,371.5343,-1.281387,0.5058417,-5.50262,-6.3961,-33.9682,0.1174011,
2,37.806,2,2.532836,371.5323,-1.281335,0.5058893,-5.50262,-6.3961,-33.9682,0.1174011,
2,37.816,2,2.530637,371.5232,-1.283586,0.5072185,-5.50262,-6.3961,-33.9682,0.1174011,
2,37.826,2,2.531834,371.5109,-1.281666,0.5062204,-5.50262,-6.3961,-33.9682,0.1174011,
2,37.836,2,2.53178,371.5031,-1.28254,0.5065765,-5.51027,-6.3961,-33.9691,0.1183014,
2,37.846,2,2.531988,371.5164,-1.283004,0.5067179,-5.51027,-6.3961,-33.9691,0.1183014,
2,37.856,2,2.532312,371.513,-1.28594,0.5078126,-5.51027,-6.3961,-33.9691,0.1183014,
2,37.866,2,2.533157,371.5135,-1.283621,0.5067276,-5.51027,-6.3961,-33.9691,0.1183014,
2,37.876,2,2.53282,371.5013,-1.284917,0.5073068,-5.51027,-6.3961,-33.9691,0.1183014,
2,37.886,2,2.531112,371.4861,-1.286847,0.5084118,-5.51027,-6.3961,-33.9691,0.1183014,
2,37.896,2,2.532416,371.4834,-1.287986,0.5085995,-5.51027,-6.3961,-33.9691,0.1183014,
2,37.906,2,2.533521,371.4866,-1.287358,0.50813,-5.51027,-6.3961,-33.9691,0.1183014,
2,37.916,2,2.529513,371.4897,-1.286553,0.5086167,-5.51027,-6.3961,-33.9691,0.1183014,
2,37.926,2,2.537265,371.4984,-1.288424,0.5078005,-5.51027,-6.3961,-33.9691,0.1183014,
2,37.936,2,2.541003,371.4391,-1.28803,0.5068983,-5.51027,-6.3961,-33.9691,0.1183014,
2,37.946,2,2.546724,371.4031,-1.289541,0.5063527,-5.51027,-6.3961,-33.9691,0.1183014,
2,37.956,2,2.549888,371.3883,-1.291365,0.5064399,-5.51027,-6.3961,-33.9691,0.1183014,
2,37.966,2,2.54913,371.4124,-1.289618,0.5059049,-5.51027,-6.3961,-33.9691,0.1183014,
2,37.976,2,2.549069,371.4058,-1.289807,0.5059913,-5.51027,-6.3961,-33.9691,0.1183014,
2,37.986,2,2.550254,371.3737,-1.289134,0.5054924,-5.51027,-6.3961,-33.9691,0.1183014,
2,37.996,2,2.55109,371.3835,-1.291313,0.5061808,-5.51027,-6.3961,-33.9691,0.1183014,
2,38.006,2,2.548709,371.3637,-1.292954,0.5072977,-5.51027,-6.3961,-33.9691,0.1183014,
2,38.016,2,2.546559,371.3766,-1.294978,0.5085209,-5.51027,-6.3961,-33.9691,0.1183014,
2,38.026,2,2.55112,371.3611,-1.291412,0.506214,-5.51027,-6.3961,-33.9691,0.1183014,
2,38.036,2,2.551629,371.3487,-1.290887,0.5059068,-5.51027,-6.3961,-33.9691,0.1183014,
2,38.046,2,2.549001,371.3889,-1.294042,0.5076664,-5.51027,-6.3961,-33.9691,0.1183014,
2,38.056,2,2.549243,371.3565,-1.295275,0.5081018,-5.51027,-6.3961,-33.9691,0.1183014,
2,38.066,2,2.549011,371.347,-1.293643,0.5075081,-5.51027,-6.3961,-33.9691,0.1183014,
2,38.076,2,2.547148,371.3512,-1.29594,0.5087807,-5.51027,-6.3961,-33.9691,0.1183014,
2,38.086,2,2.548793,371.3428,-1.294298,0.5078081,-5.51902,-6.3961,-33.97,0.1192017,
2,38.096,2,2.551316,371.3251,-1.294651,0.5074444,-5.51902,-6.3961,-33.97,0.1192017,
2,38.106,2,2.550795,371.3522,-1.292005,0.5065106,-5.51902,-6.3961,-33.97,0.1192017,
2,38.116,2,2.549859,371.3443,-1.291352,0.5064405,-5.51902,-6.3961,-33.97,0.1192017,
2,38.126,2,2.547977,371.301,-1.292344,0.507204,-5.51902,-6.3961,-33.97,0.1192017,
2,38.136,2,2.547753,371.317,-1.295344,0.5084262,-5.51902,-6.3961,-33.97,0.1192017,
2,38.146,2,2.550021,371.3267,-1.292905,0.5070174,-5.51902,-6.3961,-33.97,0.1192017,
2,38.156,2,2.549062,371.2806,-1.294811,0.5079557,-5.51902,-6.3961,-33.97,0.1192017,
2,38.166,2,2.547993,371.2649,-1.294544,0.5080642,-5.51902,-6.3961,-33.97,0.1192017,
2,38.176,2,2.546968,371.2887,-1.295142,0.5085036,-5.51902,-6.3961,-33.97,0.1192017,
2,38.186,2,2.546909,371.2858,-1.297213,0.5093282,-5.51902,-6.3961,-33.97,0.1192017,
2,38.196,2,2.548698,371.2888,-1.298865,0.5096189,-5.51902,-6.3961,-33.97,0.1192017,
2,38.206,2,2.548127,371.2922,-1.296091,0.5086448,-5.51902,-6.3961,-33.97,0.1192017,
2,38.216,2,2.552124,371.2866,-1.299772,0.5092905,-5.51902,-6.3961,-33.97,0.1192017,
2,38.226,2,2.558119,371.2405,-1.300574,0.5084105,-5.51902,-6.3961,-33.97,0.1192017,
2,38.236,2,2.564239,371.2135,-1.299809,0.5068986,-5.51902,-6.3961,-33.97,0.1192017,
2,38.246,2,2.567712,371.1973,-1.302513,0.5072659,-5.51902,-6.3961,-33.97,0.1192017,
2,38.256,2,2.56742,371.2162,-1.302245,0.5072194,-5.51902,-6.3961,-33.97,0.1192017,
2,38.266,2,2.569857,371.2008,-1.298704,0.5053602,-5.51902,-6.3961,-33.97,0.1192017,
2,38.276,2,2.568845,371.1951,-1.30056,0.5062822,-5.51902,-6.3961,-33.97,0.1192017,
2,38.286,2,2.567898,371.1896,-1.301021,0.5066482,-5.51902,-6.3961,-33.97,0.1192017,
2,38.296,2,2.566902,371.1671,-1.300976,0.5068275,-5.51902,-6.3961,-33.97,0.1192017,
2,38.306,2,2.566127,371.1725,-1.305709,0.5088249,-5.51902,-6.3961,-33.97,0.1192017,
2,38.316,2,2.569258,371.1669,-1.304431,0.5077071,-5.51902,-6.3961,-33.97,0.1192017,
2,38.326,2,2.568531,371.1795,-1.304011,0.5076874,-5.51902,-6.3961,-33.97,0.1192017,
2,38.336,2,2.567305,371.1953,-1.305637,0.5085632,-5.51902,-6.3961,-33.97,0.1192017,
2,38.346,2,2.569892,371.1505,-1.304201,0.5074925,-5.52887,-6.3961,-33.9709,0.1201019,
2,38.356,2,2.566749,371.159,-1.306389,0.5089664,-5.52887,-6.3961,-33.9709,0.1201019,
2,38.366,2,2.566623,371.1466,-1.307409,0.5093887,-5.52887,-6.3961,-33.9709,0.1201019,
2,38.376,2,2.56748,371.1615,-1.304938,0.5082564,-5.52887,-6.3961,-33.9709,0.1201019,
2,38.386,2,2.567775,371.1451,-1.30389,0.5077899,-5.52887,-6.3961,-33.9709,0.1201019,
2,38.396,2,2.568186,371.1444,-1.304395,0.5079053,-5.52887,-6.3961,-33.9709,0.1201019,
2,38.406,2,2.565757,371.1274,-1.30344,0.5080137,-5.52887,-6.3961,-33.9709,0.1201019,
2,38.416,2,2.56584,371.1234,-1.304495,0.5084085,-5.52887,-6.3961,-33.9709,0.1201019,
2,38.426,2,2.565342,371.1296,-1.306784,0.5093995,-5.52887,-6.3961,-33.9709,0.1201019,
2,38.436,2,2.563846,371.1345,-1.308441,0.5103433,-5.52887,-6.3961,-33.9709,0.1201019,
2,38.446,2,2.5644,371.131,-1.308045,0.5100784,-5.52887,-6.3961,-33.9709,0.1201019,
2,38.456,2,2.564526,371.1032,-1.307917,0.5100037,-5.52887,-6.3961,-33.9709,0.1201019,
2,38.466,2,2.568197,371.0969,-1.307823,0.5092377,-5.52887,-6.3961,-33.9709,0.1201019,
2,38.476,2,2.573122,371.0757,-1.307695,0.5082134,-5.52887,-6.3961,-33.9709,0.1201019,
2,38.486,2,2.577872,371.0584,-1.312581,0.5091721,-5.52887,-6.3961,-33.9709,0.1201019,
2,38.496,2,2.581201,371.0337,-1.314672,0.5093256,-5.52887,-6.3961,-33.9709,0.1201019,
2,38.506,2,2.58565,371.0131,-1.315798,0.5088847,-5.52887,-6.3961,-33.9709,0.1201019,
2,38.516,2,2.583587,371.0153,-1.315986,0.5093638,-5.52887,-6.3961,-33.9709,0.1201019,
2,38.526,2,2.583121,371.0084,-1.314084,0.5087193,-5.52887,-6.3961,-33.9709,0.1201019,
2,38.536,2,2.585812,371.016,-1.315565,0.508763,-5.52887,-6.3961,-33.9709,0.1201019,
2,38.546,2,2.581702,371.0222,-1.312084,0.5082244,-5.52887,-6.3961,-33.9709,0.1201019,
2,38.556,2,2.584416,371.0058,-1.311886,0.507614,-5.52887,-6.3961,-33.9709,0.1201019,
2,38.566,2,2.583041,371.0168,-1.311943,0.5079062,-5.52887,-6.3961,-33.9709,0.1201019,
2,38.576,2,2.581024,370.9996,-1.315066,0.5095133,-5.52887,-6.3961,-33.9709,0.1201019,
2,38.586,2,2.583181,370.9822,-1.315099,0.5091006,-5.52887,-6.3961,-33.9709,0.1201019,
2,38.596,2,2.582718,370.954,-1.315099,0.5091919,-5.52887,-6.3961,-33.9709,0.1201019,
2,38.606,2,2.582989,370.9866,-1.317943,0.5102394,-5.52887,-6.3961,-33.9709,0.1201019,
2,38.616,2,2.582278,370.9792,-1.317365,0.5101561,-5.52887,-6.3961,-33.9709,0.1201019,
2,38.626,2,2.583795,370.9753,-1.31727,0.50982,-5.53762,-6.3961,-33.9718,0.1210022,
2,38.636,2,2.583946,370.9536,-1.31861,0.5103086,-5.53762,-6.3961,-33.9718,0.1210022,
2,38.646,2,2.582209,370.9648,-1.316899,0.5099892,-5.53762,-6.3961,-33.9718,0.1210022,
2,38.656,2,2.58484,370.956,-1.319069,0.5103096,-5.53762,-6.3961,-33.9718,0.1210022,
2,38.666,2,2.582105,370.9692,-1.318062,0.5104601,-5.53762,-6.3961,-33.9718,0.1210022,
2,38.676,2,2.581054,370.9612,-1.317373,0.5104011,-5.53762,-6.3961,-33.9718,0.1210022,
2,38.686,2,2.582249,370.9492,-1.314792,0.5091655,-5.53762,-6.3961,-33.9718,0.1210022,
2,38.696,2,2.582289,370.9358,-1.314188,0.5089237,-5.53762,-6.3961,-33.9718,0.1210022,
2,38.706,2,2.581687,370.9343,-1.314156,0.5090299,-5.53762,-6.3961,-33.9718,0.1210022,
2,38.716,2,2.581339,370.9467,-1.315487,0.5096144,-5.53762,-6.3961,-33.9718,0.1210022,
2,38.726,2,2.590211,370.9315,-1.315735,0.5079641,-5.53762,-6.3961,-33.9718,0.1210022,
2,38.736,2,2.591366,370.9064,-1.318445,0.5087837,-5.53762,-6.3961,-33.9718,0.1210022,
2,38.746,2,2.595618,370.9497,-1.322325,0.5094451,-5.53762,-6.3961,-33.9718,0.1210022,
2,38.756,2,2.603282,370.8517,-1.321332,0.507564,-5.53762,-6.3961,-33.9718,0.1210022,
2,38.766,2,2.602887,370.8458,-1.323239,0.5083738,-5.53762,-6.3961,-33.9718,0.1210022,
2,38.776,2,2.599437,370.8472,-1.327993,0.510877,-5.53762,-6.3961,-33.9718,0.1210022,
2,38.786,2,2.602487,370.8476,-1.326336,0.5096418,-5.53762,-6.3961,-33.9718,0.1210022,
2,38.796,2,2.602833,370.8431,-1.324869,0.5090104,-5.53762,-6.3961,-33.9718,0.1210022,
2,38.806,2,2.599572,370.8191,-1.327774,0.5107665,-5.53762,-6.3961,-33.9718,0.1210022,
2,38.816,2,2.60022,370.8178,-1.325989,0.5099526,-5.53762,-6.3961,-33.9718,0.1210022,
2,38.826,2,2.599213,370.798,-1.325562,0.5099859,-5.53762,-6.3961,-33.9718,0.1210022,
2,38.836,2,2.599148,370.8196,-1.323256,0.5091113,-5.53762,-6.3961,-33.9718,0.1210022,
2,38.846,2,2.598557,370.818,-1.323715,0.5094039,-5.53762,-6.3961,-33.9718,0.1210022,
2,38.856,2,2.599656,370.8084,-1.321388,0.5082934,-5.53762,-6.3961,-33.9718,0.1210022,
2,38.866,2,2.599676,370.8016,-1.325007,0.5096816,-5.53762,-6.3961,-33.9718,0.1210022,
2,38.876,2,2.598969,370.7899,-1.326931,0.5105608,-5.53762,-6.3961,-33.9718,0.1210022,
2,38.886,2,2.600105,370.7861,-1.326529,0.5101828,-5.54637,-6.3961,-33.9727,0.1218987,
2,38.896,2,2.599869,370.779,-1.327783,0.5107113,-5.54637,-6.3961,-33.9727,0.1218987,
2,38.906,2,2.598993,370.7839,-1.32719,0.5106556,-5.54637,-6.3961,-33.9727,0.1218987,
2,38.916,2,2.599723,370.7672,-1.327096,0.5104759,-5.54637,-6.3961,-33.9727,0.1218987,
2,38.926,2,2.597703,370.7537,-1.32788,0.5111747,-5.54637,-6.3961,-33.9727,0.1218987,
2,38.936,2,2.598794,370.7669,-1.327682,0.5108839,-5.54637,-6.3961,-33.9727,0.1218987,
2,38.946,2,2.598812,370.7717,-1.328119,0.5110484,-5.54637,-6.3961,-33.9727,0.1218987,
2,38.956,2,2.597123,370.7737,-1.329973,0.5120947,-5.54637,-6.3961,-33.9727,0.1218987,
2,38.966,2,2.601761,370.772,-1.324953,0.5092524,-5.54637,-6.3961,-33.9727,0.1218987,
2,38.976,2,2.598856,370.7608,-1.326696,0.5104923,-5.54637,-6.3961,-33.9727,0.1218987,
2,38.986,2,2.597867,370.7445,-1.326313,0.5105392,-5.54637,-6.3961,-33.9727,0.1218987,
2,38.996,2,2.601337,370.7452,-1.324339,0.5090993,-5.54637,-6.3961,-33.9727,0.1218987,
2,39.006,2,2.598731,370.7346,-1.325177,0.5099325,-5.54637,-6.3961,-33.9727,0.1218987,
2,39.016,2,2.603841,370.7224,-1.328408,0.5101725,-5.54637,-6.3961,-33.9727,0.1218987,
2,39.026,2,2.609581,370.6899,-1.330319,0.5097827,-5.54637,-6.3961,-33.9727,0.1218987,
2,39.036,2,2.613355,370.6844,-1.333176,0.5101398,-5.54637,-6.3961,-33.9727,0.1218987,
2,39.046,2,2.617943,370.6654,-1.334162,0.509622,-5.54637,-6.3961,-33.9727,0.1218987,
2,39.056,2,2.618998,370.6641,-1.333846,0.5092965,-5.54637,-6.3961,-33.9727,0.1218987,
2,39.066,2,2.615451,370.6461,-1.336855,0.5111377,-5.54637,-6.3961,-33.9727,0.1218987,
2,39.076,2,2.620066,370.6446,-1.337715,0.5105652,-5.54637,-6.3961,-33.9727,0.1218987,
2,39.086,2,2.619713,370.6479,-1.33348,0.5090174,-5.54637,-6.3961,-33.9727,0.1218987,
2,39.096,2,2.616755,370.6673,-1.338481,0.5115042,-5.54637,-6.3961,-33.9727,0.1218987,
2,39.106,2,2.619413,370.623,-1.336408,0.5101935,-5.54637,-6.3961,-33.9727,0.1218987,
2,39.116,2,2.617111,370.6184,-1.330775,0.5084901,-5.54637,-6.3961,-33.9727,0.1218987,
2,39.126,2,2.616974,370.6176,-1.335036,0.5101449,-5.54637,-6.3961,-33.9727,0.1218987,
2,39.136,2,2.615438,370.6231,-1.334808,0.5103573,-5.54637,-6.3961,-33.9727,0.1218987,
2,39.146,2,2.61724,370.6123,-1.330572,0.5083874,-5.55622,-6.3961,-33.9736,0.1227989,
2,39.156,2,2.616175,370.5995,-1.333892,0.5098636,-5.55622,-6.3961,-33.9736,0.1227989,
2,39.166,2,2.618114,370.607,-1.334022,0.5095356,-5.55622,-6.3961,-33.9736,0.1227989,
2,39.176,2,2.616417,370.6031,-1.334967,0.5102271,-5.55622,-6.3961,-33.9736,0.1227989,
2,39.186,2,2.615333,370.6009,-1.336849,0.5111584,-5.55622,-6.3961,-33.9736,0.1227989,
2,39.196,2,2.614516,370.5889,-1.338197,0.5118336,-5.55622,-6.3961,-33.9736,0.1227989,
2,39.206,2,2.615709,370.579,-1.338572,0.5117435,-5.55622,-6.3961,-33.9736,0.1227989,
2,39.216,2,2.613539,370.5958,-1.341351,0.5132318,-5.55622,-6.3961,-33.9736,0.1227989,
2,39.226,2,2.615207,370.5877,-1.337716,0.5115144,-5.55622,-6.3961,-33.9736,0.1227989,
2,39.236,2,2.614792,370.5843,-1.339087,0.5121198,-5.55622,-6.3961,-33.9736,0.1227989,
2,39.246,2,2.616492,370.5792,-1.338005,0.5113735,-5.55622,-6.3961,-33.9736,0.1227989,
2,39.256,2,2.614947,370.5843,-1.336909,0.5112568,-5.55622,-6.3961,-33.9736,0.1227989,
2,39.266,2,2.61853,370.5781,-1.338479,0.5111566,-5.55622,-6.3961,-33.9736,0.1227989,
2,39.276,2,2.624605,370.5441,-1.336531,0.5092313,-5.55622,-6.3961,-33.9736,0.1227989,
2,39.286,2,2.628594,370.5143,-1.336859,0.508583,-5.55622,-6.3961,-33.9736,0.1227989,
2,39.296,2,2.630987,370.4827,-1.340095,0.5093509,-5.55622,-6.3961,-33.9736,0.1227989,
2,39.306,2,2.634481,370.4778,-1.345649,0.5107834,-5.55622,-6.3961,-33.9736,0.1227989,
2,39.316,2,2.633248,370.4906,-1.348441,0.5120829,-5.55622,-6.3961,-33.9736,0.1227989,
2,39.326,2,2.635523,370.4357,-1.347094,0.5111298,-5.55622,-6.3961,-33.9736,0.1227989,
2,39.336,2,2.634342,370.4447,-1.348712,0.5119731,-5.55622,-6.3961,-33.9736,0.1227989,
2,39.346,2,2.634111,370.4645,-1.345178,0.5106761,-5.55622,-6.3961,-33.9736,0.1227989,
2,39.356,2,2.633971,370.4416,-1.345753,0.5109216,-5.55622,-6.3961,-33.9736,0.1227989,
2,39.366,2,2.634083,370.4446,-1.349265,0.5122334,-5.55622,-6.3961,-33.9736,0.1227989,
2,39.376,2,2.633693,370.4412,-1.348646,0.5120741,-5.55622,-6.3961,-33.9736,0.1227989,
2,39.386,2,2.633902,370.4593,-1.351369,0.5130671,-5.55622,-6.3961,-33.9736,0.1227989,
2,39.396,2,2.634883,370.4336,-1.346877,0.5111713,-5.55622,-6.3961,-33.9736,0.1227989,
2,39.406,2,2.633964,370.4254,-1.344908,0.5106024,-5.55622,-6.3961,-33.9736,0.1227989,
2,39.416,2,2.635255,370.4242,-1.343787,0.5099266,-5.55622,-6.3961,-33.9736,0.1227989,
2,39.426,2,2.633279,370.4398,-1.345656,0.5110192,-5.56497,-6.3961,-33.9745,0.1236992,
2,39.436,2,2.633557,370.4295,-1.342539,0.5097817,-5.56497,-6.3961,-33.9745,0.1236992,
2,39.446,2,2.634092,370.4174,-1.347522,0.51157,-5.56497,-6.3961,-33.9745,0.1236992,
2,39.456,2,2.635759,370.4143,-1.349975,0.5121771,-5.56497,-6.3961,-33.9745,0.1236992,
2,39.466,2,2.63337,370.4055,-1.34744,0.511679,-5.56497,-6.3961,-33.9745,0.1236992,
2,39.476,2,2.634531,370.3957,-1.349791,0.5123458,-5.56497,-6.3961,-33.9745,0.1236992,
2,39.486,2,2.634856,370.4037,-1.35,0.5123619,-5.56497,-6.3961,-33.9745,0.1236992,
2,39.496,2,2.633533,370.3994,-1.34971,0.5125092,-5.56497,-6.3961,-33.9745,0.1236992,
2,39.506,2,2.630755,370.4348,-1.352911,0.5142671,-5.56497,-6.3961,-33.9745,0.1236992,
2,39.516,2,2.633028,370.3868,-1.353052,0.5138769,-5.56497,-6.3961,-33.9745,0.1236992,
2,39.526,2,2.639638,370.3831,-1.350325,0.5115567,-5.56497,-6.3961,-33.9745,0.1236992,
2,39.536,2,2.641376,370.3506,-1.353235,0.5123218,-5.56497,-6.3961,-33.9745,0.1236992,
2,39.546,2,2.647479,370.3308,-1.357292,0.5126734,-5.56497,-6.3961,-33.9745,0.1236992,
2,39.556,2,2.653551,370.3261,-1.355559,0.5108472,-5.56497,-6.3961,-33.9745,0.1236992,
2,39.566,2,2.655539,370.3271,-1.353529,0.5097003,-5.56497,-6.3961,-33.9745,0.1236992,
2,39.576,2,2.652973,370.2959,-1.353135,0.5100449,-5.56497,-6.3961,-33.9745,0.1236992,
2,39.586,2,2.655217,370.2848,-1.35164,0.5090504,-5.56497,-6.3961,-33.9745,0.1236992,
2,39.596,2,2.654224,370.2871,-1.351816,0.5093074,-5.56497,-6.3961,-33.9745,0.1236992,
2,39.606,2,2.652892,370.2951,-1.353118,0.510054,-5.56497,-6.3961,-33.9745,0.1236992,
2,39.616,2,2.652191,370.2849,-1.356285,0.5113828,-5.56497,-6.3961,-33.9745,0.1236992,
2,39.626,2,2.65291,370.2651,-1.35566,0.5110087,-5.56497,-6.3961,-33.9745,0.1236992,
2,39.636,2,2.65144,370.2664,-1.355437,0.511208,-5.56497,-6.3961,-33.9745,0.1236992,
2,39.646,2,2.654421,370.2628,-1.358186,0.5116694,-5.56497,-6.3961,-33.9745,0.1236992,
2,39.656,2,2.650778,370.2629,-1.362171,0.5138759,-5.56497,-6.3961,-33.9745,0.1236992,
2,39.666,2,2.650889,370.2635,-1.35804,0.512296,-5.57375,-6.3961,-33.9755,0.1246986,
2,39.676,2,2.655082,370.2289,-1.361647,0.5128455,-5.57375,-6.3961,-33.9755,0.1246986,
2,39.686,2,2.652427,370.2293,-1.361056,0.513136,-5.57375,-6.3961,-33.9755,0.1246986,
2,39.696,2,2.649526,370.2285,-1.35956,0.5131335,-5.57375,-6.3961,-33.9755,0.1246986,
2,39.706,2,2.652188,370.2352,-1.358373,0.5121707,-5.57375,-6.3961,-33.9755,0.1246986,
2,39.716,2,2.650259,370.2484,-1.355045,0.5112877,-5.57375,-6.3961,-33.9755,0.1246986,
2,39.726,2,2.651338,370.2408,-1.354637,0.5109257,-5.57375,-6.3961,-33.9755,0.1246986,
2,39.736,2,2.650361,370.2435,-1.357894,0.512343,-5.57375,-6.3961,-33.9755,0.1246986,
2,39.746,2,2.649497,370.2355,-1.357545,0.5123783,-5.57375,-6.3961,-33.9755,0.1246986,
2,39.756,2,2.651598,370.2136,-1.353988,0.510631,-5.57375,-6.3961,-33.9755,0.1246986,
2,39.766,2,2.650986,370.2021,-1.356693,0.5117692,-5.57375,-6.3961,-33.9755,0.1246986,
2,39.776,2,2.650835,370.2422,-1.357492,0.5120997,-5.57375,-6.3961,-33.9755,0.1246986,
2,39.786,2,2.656199,370.1655,-1.357829,0.5111926,-5.57375,-6.3961,-33.9755,0.1246986,
2,39.796,2,2.661964,370.1932,-1.35977,0.5108145,-5.57375,-6.3961,-33.9755,0.1246986,
2,39.806,2,2.665001,370.1256,-1.364684,0.5120763,-5.57375,-6.3961,-33.9755,0.1246986,
2,39.816,2,2.669923,370.1385,-1.368491,0.5125585,-5.57375,-6.3961,-33.9755,0.1246986,
2,39.826,2,2.670111,370.1347,-1.367062,0.5119869,-5.57375,-6.3961,-33.9755,0.1246986,
2,39.836,2,2.667896,370.1382,-1.368641,0.5130039,-5.57375,-6.3961,-33.9755,0.1246986,
2,39.846,2,2.670442,370.1268,-1.366707,0.5117905,-5.57375,-6.3961,-33.9755,0.1246986,
2,39.856,2,2.668554,370.1198,-1.363837,0.511077,-5.57375,-6.3961,-33.9755,0.1246986,
2,39.866,2,2.669842,370.0969,-1.360985,0.5097622,-5.57375,-6.3961,-33.9755,0.1246986,
2,39.876,2,2.670505,370.0967,-1.357645,0.5083851,-5.57375,-6.3961,-33.9755,0.1246986,
2,39.886,2,2.669261,370.0903,-1.35997,0.5094932,-5.57375,-6.3961,-33.9755,0.1246986,
2,39.896,2,2.67075,370.1054,-1.36217,0.5100325,-5.57375,-6.3961,-33.9755,0.1246986,
2,39.906,2,2.669314,370.0956,-1.362992,0.5106151,-5.57375,-6.3961,-33.9755,0.1246986,
2,39.916,2,2.665611,370.1583,-1.369174,0.5136436,-5.57375,-6.3961,-33.9755,0.1246986,
2,39.926,2,2.671259,370.0742,-1.365097,0.5110315,-5.58197,-6.3961,-33.9764,0.1255989,
2,39.936,2,2.668184,370.0746,-1.365934,0.5119342,-5.58197,-6.3961,-33.9764,0.1255989,
2,39.946,2,2.667772,370.0731,-1.366955,0.5123957,-5.58197,-6.3961,-33.9764,0.1255989,
2,39.956,2,2.669265,370.0675,-1.36569,0.5116355,-5.58197,-6.3961,-33.9764,0.1255989,
2,39.966,2,2.668687,370.0622,-1.367646,0.5124787,-5.58197,-6.3961,-33.9764,0.1255989,
2,39.976,2,2.668318,370.0361,-1.368497,0.5128689,-5.58197,-6.3961,-33.9764,0.1255989,
2,39.986,2,2.668846,370.0421,-1.36441,0.5112358,-5.58197,-6.3961,-33.9764,0.1255989,
2,39.996,2,2.666975,370.0464,-1.361049,0.5103343,-5.58197,-6.3961,-33.9764,0.1255989,
2,40.006,2,2.671448,370.0413,-1.360893,0.5094212,-5.58197,-6.3961,-33.9764,0.1255989,
2,40.016,2,2.665559,370.0515,-1.360592,0.510434,-5.58197,-6.3961,-33.9764,0.1255989,
2,40.026,2,2.666949,370.0438,-1.36172,0.510591,-5.58197,-6.3961,-33.9764,0.1255989,
2,40.036,2,2.66717,370.0465,-1.362284,0.5107601,-5.58197,-6.3961,-33.9764,0.1255989,
2,40.046,2,2.669895,370.0408,-1.361105,0.5097973,-5.58197,-6.3961,-33.9764,0.1255989,
2,40.056,2,2.670658,370.0082,-1.364318,0.5108545,-5.58197,-6.3961,-33.9764,0.1255989,
2,40.066,2,2.679919,369.97,-1.368977,0.5108277,-5.58197,-6.3961,-33.9764,0.1255989,
2,40.076,2,2.683841,369.9711,-1.366839,0.5092849,-5.58197,-6.3961,-33.9764,0.1255989,
2,40.086,2,2.687151,369.9311,-1.370443,0.5099983,-5.58197,-6.3961,-33.9764,0.1255989,
2,40.096,2,2.686184,369.9223,-1.371495,0.5105736,-5.58197,-6.3961,-33.9764,0.1255989,
2,40.106,2,2.687208,369.9412,-1.369141,0.5095033,-5.58197,-6.3961,-33.9764,0.1255989,
2,40.116,2,2.68926,369.9388,-1.371698,0.5100651,-5.58197,-6.3961,-33.9764,0.1255989,
2,40.126,2,2.685222,369.9474,-1.370294,0.5103095,-5.58197,-6.3961,-33.9764,0.1255989,
2,40.136,2,2.68598,369.9384,-1.369265,0.5097823,-5.58197,-6.3961,-33.9764,0.1255989,
2,40.146,2,2.688084,369.9184,-1.36908,0.5093145,-5.58197,-6.3961,-33.9764,0.1255989,
2,40.156,2,2.686105,369.9178,-1.368682,0.5095416,-5.58197,-6.3961,-33.9764,0.1255989,
2,40.166,2,2.687686,369.906,-1.369979,0.5097243,-5.5918,-6.3961,-33.9773,0.1264992,
2,40.176,2,2.687148,369.9031,-1.369119,0.5095064,-5.5918,-6.3961,-33.9773,0.1264992,
2,40.186,2,2.687309,369.9078,-1.367056,0.5087082,-5.5918,-6.3961,-33.9773,0.1264992,
2,40.196,2,2.685591,369.9015,-1.370841,0.5104431,-5.5918,-6.3961,-33.9773,0.1264992,
2,40.206,2,2.686453,369.9064,-1.374829,0.5117636,-5.5918,-6.3961,-33.9773,0.1264992,
2,40.216,2,2.685546,369.8906,-1.373294,0.511365,-5.5918,-6.3961,-33.9773,0.1264992,
2,40.226,2,2.684959,369.8733,-1.371399,0.510771,-5.5918,-6.3961,-33.9773,0.1264992,
2,40.236,2,2.684994,369.8656,-1.373812,0.5116628,-5.5918,-6.3961,-33.9773,0.1264992,
2,40.246,2,2.687338,369.8773,-1.375018,0.5116653,-5.5918,-6.3961,-33.9773,0.1264992,
2,40.256,2,2.685591,369.886,-1.372807,0.5111752,-5.5918,-6.3961,-33.9773,0.1264992,
2,40.266,2,2.686165,369.8761,-1.370827,0.5103287,-5.5918,-6.3961,-33.9773,0.1264992,
2,40.276,2,2.690992,369.8526,-1.368388,0.508507,-5.5918,-6.3961,-33.9773,0.1264992,
2,40.286,2,2.696253,369.8243,-1.367932,0.5073455,-5.5918,-6.3961,-33.9773,0.1264992,
2,40.296,2,2.697059,369.7971,-1.376052,0.5102047,-5.5918,-6.3961,-33.9773,0.1264992,
2,40.306,2,2.702622,369.7953,-1.372355,0.5077866,-5.5918,-6.3961,-33.9773,0.1264992,
2,40.316,2,2.706536,369.7865,-1.370977,0.5065432,-5.5918,-6.3961,-33.9773,0.1264992,
2,40.326,2,2.706411,369.7761,-1.375352,0.5081831,-5.5918,-6.3961,-33.9773,0.1264992,
2,40.336,2,2.702477,369.7707,-1.375951,0.5091444,-5.5918,-6.3961,-33.9773,0.1264992,
2,40.346,2,2.706006,369.7645,-1.375327,0.5082498,-5.5918,-6.3961,-33.9773,0.1264992,
2,40.356,2,2.704795,369.7702,-1.375245,0.5084469,-5.5918,-6.3961,-33.9773,0.1264992,
2,40.366,2,2.703329,369.7548,-1.377676,0.5096222,-5.5918,-6.3961,-33.9773,0.1264992,
2,40.376,2,2.704143,369.7402,-1.377997,0.5095873,-5.5918,-6.3961,-33.9773,0.1264992,
2,40.386,2,2.70621,369.7463,-1.378378,0.509339,-5.5918,-6.3961,-33.9773,0.1264992,
2,40.396,2,2.7017,369.7486,-1.380857,0.5111068,-5.5918,-6.3961,-33.9773,0.1264992,
2,40.406,2,2.702419,369.7414,-1.380418,0.5108085,-5.5918,-6.3961,-33.9773,0.1264992,
2,40.416,2,2.702981,369.7366,-1.378494,0.5099902,-5.5918,-6.3961,-33.9773,0.1264992,
2,40.426,2,2.704413,369.7441,-1.375598,0.5086493,-5.59945,-6.3961,-33.9782,0.1273994,
2,40.436,2,2.703713,369.7382,-1.379159,0.510098,-5.59945,-6.3961,-33.9782,0.1273994,
2,40.446,2,2.704993,369.726,-1.376274,0.5087902,-5.59945,-6.3961,-33.9782,0.1273994,
2,40.456,2,2.702742,369.7131,-1.369119,0.5065666,-5.59945,-6.3961,-33.9782,0.1273994,
2,40.466,2,2.70238,369.7094,-1.376067,0.5092055,-5.59945,-6.3961,-33.9782,0.1273994,
2,40.476,2,2.704636,369.7088,-1.374669,0.5082641,-5.59945,-6.3961,-33.9782,0.1273994,
2,40.486,2,2.704591,369.7073,-1.372488,0.5074661,-5.59945,-6.3961,-33.9782,0.1273994,
2,40.496,2,2.70283,369.6659,-1.376578,0.5093101,-5.59945,-6.3961,-33.9782,0.1273994,
2,40.506,2,2.704276,369.6819,-1.374153,0.5081407,-5.59945,-6.3961,-33.9782,0.1273994,
2,40.516,2,2.702168,369.695,-1.379517,0.5105223,-5.59945,-6.3961,-33.9782,0.1273994,
2,40.526,2,2.70543,369.6984,-1.379865,0.5100355,-5.59945,-6.3961,-33.9782,0.1273994,
2,40.536,2,2.708456,369.6675,-1.379101,0.5091834,-5.59945,-6.3961,-33.9782,0.1273994,
2,40.546,2,2.715198,369.6448,-1.380147,0.5083045,-5.59945,-6.3961,-33.9782,0.1273994,
2,40.556,2,2.717539,369.6499,-1.382438,0.5087095,-5.59945,-6.3961,-33.9782,0.1273994,
2,40.566,2,2.723265,369.6137,-1.379887,0.506703,-5.59945,-6.3961,-33.9782,0.1273994,
2,40.576,2,2.725466,369.5989,-1.379262,0.5060648,-5.59945,-6.3961,-33.9782,0.1273994,
2,40.586,2,2.721732,369.5961,-1.381602,0.5076186,-5.59945,-6.3961,-33.9782,0.1273994,
2,40.596,2,2.723868,369.6056,-1.379064,0.5062888,-5.59945,-6.3961,-33.9782,0.1273994,
2,40.606,2,2.725907,369.6031,-1.377386,0.5052946,-5.59945,-6.3961,-33.9782,0.1273994,
2,40.616,2,2.722189,369.5898,-1.379526,0.5067707,-5.59945,-6.3961,-33.9782,0.1273994,
2,40.626,2,2.723595,369.5798,-1.376904,0.5055464,-5.59945,-6.3961,-33.9782,0.1273994,
2,40.636,2,2.721839,369.5781,-1.379863,0.5069596,-5.59945,-6.3961,-33.9782,0.1273994,
2,40.646,2,2.72213,369.5659,-1.383742,0.5083307,-5.59945,-6.3961,-33.9782,0.1273994,
2,40.656,2,2.722882,369.5652,-1.382792,0.5078413,-5.59945,-6.3961,-33.9782,0.1273994,
2,40.666,2,2.722841,369.561,-1.38176,0.5074702,-5.59945,-6.3961,-33.9782,0.1273994,
2,40.676,2,2.720091,369.5917,-1.383872,0.5087594,-5.59945,-6.3961,-33.9782,0.1273994,
2,40.686,2,2.72134,369.5453,-1.383707,0.5084652,-5.59945,-6.3961,-33.9782,0.1273994,
2,40.696,2,2.720304,369.5485,-1.381876,0.5079857,-5.60822,-6.3961,-33.9792,0.1283989,
2,40.706,2,2.720774,369.5423,-1.383751,0.5085872,-5.60822,-6.3961,-33.9792,0.1283989,
2,40.716,2,2.72092,369.559,-1.381454,0.5077158,-5.60822,-6.3961,-33.9792,0.1283989,
2,40.726,2,2.722575,369.554,-1.380996,0.5072389,-5.60822,-6.3961,-33.9792,0.1283989,
2,40.736,2,2.720384,369.55,-1.381751,0.5079248,-5.60822,-6.3961,-33.9792,0.1283989,
2,40.746,2,2.720984,369.5302,-1.379073,0.5068287,-5.60822,-6.3961,-33.9792,0.1283989,
2,40.756,2,2.721271,369.525,-1.37843,0.5065389,-5.60822,-6.3961,-33.9792,0.1283989,
2,40.766,2,2.723006,369.5309,-1.381545,0.5073603,-5.60822,-6.3961,-33.9792,0.1283989,
2,40.776,2,2.721823,369.5269,-1.37817,0.5063409,-5.60822,-6.3961,-33.9792,0.1283989,
2,40.786,2,2.717616,369.5259,-1.382057,0.5085551,-5.60822,-6.3961,-33.9792,0.1283989,
2,40.796,2,2.722177,369.4888,-1.381588,0.5075306,-5.60822,-6.3961,-33.9792,0.1283989,
2,40.806,2,2.722258,369.5089,-1.379902,0.5068961,-5.60822,-6.3961,-33.9792,0.1283989,
2,40.816,2,2.72107,369.4911,-1.383833,0.508562,-5.60822,-6.3961,-33.9792,0.1283989,
2,40.826,2,2.727204,369.4847,-1.384401,0.5076264,-5.60822,-6.3961,-33.9792,0.1283989,
2,40.836,2,2.732137,369.4573,-1.384439,0.5067237,-5.60822,-6.3961,-33.9792,0.1283989,
2,40.846,2,2.735273,369.4258,-1.385839,0.5066547,-5.60822,-6.3961,-33.9792,0.1283989,
2,40.856,2,2.740772,369.4098,-1.38837,0.5065615,-5.60822,-6.3961,-33.9792,0.1283989,
2,40.866,2,2.740495,369.4164,-1.383982,0.5050116,-5.60822,-6.3961,-33.9792,0.1283989,
2,40.876,2,2.741434,369.4104,-1.386166,0.5056354,-5.60822,-6.3961,-33.9792,0.1283989,
2,40.886,2,2.740736,369.4117,-1.386804,0.5059968,-5.60822,-6.3961,-33.9792,0.1283989,
2,40.896,2,2.739626,369.409,-1.384266,0.5052757,-5.60822,-6.3961,-33.9792,0.1283989,
2,40.906,2,2.740377,369.4085,-1.383693,0.5049282,-5.60822,-6.3961,-33.9792,0.1283989,
2,40.916,2,2.739654,369.397,-1.385039,0.5055526,-5.60822,-6.3961,-33.9792,0.1283989,
2,40.926,2,2.739133,369.3895,-1.38407,0.505295,-5.61807,-6.3961,-33.9801,0.1292992,
2,40.936,2,2.738975,369.3747,-1.386011,0.5060329,-5.61807,-6.3961,-33.9801,0.1292992,
2,40.946,2,2.738369,369.3735,-1.387901,0.506835,-5.61807,-6.3961,-33.9801,0.1292992,
2,40.956,2,2.737792,369.377,-1.387201,0.5066861,-5.61807,-6.3961,-33.9801,0.1292992,
2,40.966,2,2.738791,369.3931,-1.389301,0.5072679,-5.61807,-6.3961,-33.9801,0.1292992,
2,40.976,2,2.738702,369.3493,-1.388302,0.5069197,-5.61807,-6.3961,-33.9801,0.1292992,
2,40.986,2,2.738165,369.3638,-1.388903,0.5072386,-5.61807,-6.3961,-33.9801,0.1292992,
2,40.996,2,2.737397,369.3385,-1.38887,0.5073689,-5.61807,-6.3961,-33.9801,0.1292992,
2,41.006,2,2.738498,369.3783,-1.385564,0.5059575,-5.61807,-6.3961,-33.9801,0.1292992,
2,41.016,2,2.736288,369.3693,-1.39007,0.5080132,-5.61807,-6.3961,-33.9801,0.1292992,
2,41.026,2,2.738081,369.3427,-1.38849,0.5071034,-5.61807,-6.3961,-33.9801,0.1292992,
2,41.036,2,2.740049,369.3481,-1.384631,0.5053306,-5.61807,-6.3961,-33.9801,0.1292992,
2,41.046,2,2.745329,369.3207,-1.385892,0.5048183,-5.61807,-6.3961,-33.9801,0.1292992,
2,41.056,2,2.745745,369.2929,-1.389143,0.5059255,-5.61807,-6.3961,-33.9801,0.1292992,
2,41.066,2,2.752678,369.2888,-1.391605,0.5055459,-5.61807,-6.3961,-33.9801,0.1292992,
2,41.076,2,2.754816,369.2719,-1.391111,0.504974,-5.61807,-6.3961,-33.9801,0.1292992,
2,41.086,2,2.756322,369.3102,-1.393092,0.5054169,-5.61807,-6.3961,-33.9801,0.1292992,
2,41.096,2,2.755198,369.2471,-1.39305,0.5056081,-5.61807,-6.3961,-33.9801,0.1292992,
2,41.106,2,2.755661,369.2497,-1.393039,0.505519,-5.61807,-6.3961,-33.9801,0.1292992,
2,41.116,2,2.756493,369.2509,-1.394026,0.5057244,-5.61807,-6.3961,-33.9801,0.1292992,
2,41.126,2,2.754371,369.2383,-1.391711,0.5052735,-5.61807,-6.3961,-33.9801,0.1292992,
2,41.136,2,2.756427,369.2303,-1.392412,0.5051511,-5.61807,-6.3961,-33.9801,0.1292992,
2,41.146,2,2.757298,369.2101,-1.392227,0.5049246,-5.61807,-6.3961,-33.9801,0.1292992,
2,41.156,2,2.754016,369.2255,-1.391227,0.5051628,-5.61807,-6.3961,-33.9801,0.1292992,
2,41.166,2,2.756234,369.2194,-1.392442,0.5051975,-5.61807,-6.3961,-33.9801,0.1292992,
2,41.176,2,2.75369,369.2181,-1.394894,0.5065546,-5.61807,-6.3961,-33.9801,0.1292992,
2,41.186,2,2.754163,369.2109,-1.392322,0.5055338,-5.6252,-6.3961,-33.981,0.1301994,
2,41.196,2,2.754782,369.2064,-1.390716,0.5048369,-5.6252,-6.3961,-33.981,0.1301994,
2,41.206,2,2.754727,369.2071,-1.392823,0.5056118,-5.6252,-6.3961,-33.981,0.1301994,
2,41.216,2,2.756604,369.1949,-1.391641,0.5048391,-5.6252,-6.3961,-33.981,0.1301994,
2,41.226,2,2.755909,369.1929,-1.392012,0.505101,-5.6252,-6.3961,-33.981,0.1301994,
2,41.236,2,2.752728,369.1927,-1.397166,0.5075567,-5.6252,-6.3961,-33.981,0.1301994,
2,41.246,2,2.754508,369.1867,-1.393214,0.5057941,-5.6252,-6.3961,-33.981,0.1301994,
2,41.256,2,2.758349,369.1624,-1.393988,0.5053703,-5.6252,-6.3961,-33.981,0.1301994,
2,41.266,2,2.752798,369.1615,-1.394126,0.5064395,-5.6252,-6.3961,-33.981,0.1301994,
2,41.276,2,2.755334,369.1678,-1.392993,0.5055624,-5.6252,-6.3961,-33.981,0.1301994,
2,41.286,2,2.757302,369.1553,-1.390891,0.5044391,-5.6252,-6.3961,-33.981,0.1301994,
2,41.296,2,2.756514,369.1805,-1.393131,0.5053957,-5.6252,-6.3961,-33.981,0.1301994,
2,41.306,2,2.764423,369.1467,-1.39081,0.5031103,-5.6252,-6.3961,-33.981,0.1301994,
2,41.316,2,2.766149,369.1108,-1.392584,0.5034379,-5.6252,-6.3961,-33.981,0.1301994,
2,41.326,2,2.771009,369.1045,-1.392816,0.5026385,-5.6252,-6.3961,-33.981,0.1301994,
2,41.336,2,2.773395,369.0916,-1.392823,0.5022085,-5.6252,-6.3961,-33.981,0.1301994,
2,41.346,2,2.774655,369.0849,-1.394139,0.5024547,-5.6252,-6.3961,-33.981,0.1301994,
2,41.356,2,2.773375,369.0876,-1.397413,0.5038672,-5.6252,-6.3961,-33.981,0.1301994,
2,41.366,2,2.772398,369.0717,-1.396028,0.5035453,-5.6252,-6.3961,-33.981,0.1301994,
2,41.376,2,2.774644,369.0865,-1.394381,0.5025441,-5.6252,-6.3961,-33.981,0.1301994,
2,41.386,2,2.774212,369.0596,-1.39519,0.5029139,-5.6252,-6.3961,-33.981,0.1301994,
2,41.396,2,2.773956,369.0517,-1.396304,0.5033618,-5.6252,-6.3961,-33.981,0.1301994,
2,41.406,2,2.774663,369.0594,-1.402445,0.505447,-5.6252,-6.3961,-33.981,0.1301994,
2,41.416,2,2.771363,369.0495,-1.404062,0.5066325,-5.6252,-6.3961,-33.981,0.1301994,
2,41.426,2,2.775173,369.0433,-1.39728,0.5034931,-5.63448,-6.3961,-33.9819,0.1310997,
2,41.436,2,2.773779,369.0817,-1.396678,0.503529,-5.63448,-6.3961,-33.9819,0.1310997,
2,41.446,2,2.774507,369.0308,-1.394959,0.5027771,-5.63448,-6.3961,-33.9819,0.1310997,
2,41.456,2,2.77499,369.0207,-1.39631,0.5031765,-5.63448,-6.3961,-33.9819,0.1310997,
2,41.466,2,2.774418,369.0276,-1.392487,0.5019025,-5.63448,-6.3961,-33.9819,0.1310997,
2,41.476,2,2.771977,369.0399,-1.393128,0.5025756,-5.63448,-6.3961,-33.9819,0.1310997,
2,41.486,2,2.771844,369.006,-1.392752,0.5024642,-5.63448,-6.3961,-33.9819,0.1310997,
2,41.496,2,2.768957,369.0155,-1.39656,0.5043633,-5.63448,-6.3961,-33.9819,0.1310997,
2,41.506,2,2.769978,369.003,-1.396319,0.5040903,-5.63448,-6.3961,-33.9819,0.1310997,
2,41.516,2,2.771194,369.0078,-1.396382,0.5038919,-5.63448,-6.3961,-33.9819,0.1310997,
2,41.526,2,2.771877,369.0166,-1.397009,0.503994,-5.63448,-6.3961,-33.9819,0.1310997,
2,41.536,2,2.772928,369.0178,-1.400261,0.5049754,-5.63448,-6.3961,-33.9819,0.1310997,
2,41.546,2,2.777822,368.9675,-1.399284,0.5037344,-5.63448,-6.3961,-33.9819,0.1310997,
2,41.556,2,2.782519,368.9514,-1.40274,0.504126,-5.63448,-6.3961,-33.9819,0.1310997,
2,41.566,2,2.789621,368.9308,-1.402307,0.5026873,-5.63448,-6.3961,-33.9819,0.1310997,
2,41.576,2,2.788733,368.9345,-1.404687,0.5037009,-5.63448,-6.3961,-33.9819,0.1310997,
2,41.586,2,2.78966,368.9303,-1.404199,0.5033587,-5.63448,-6.3961,-33.9819,0.1310997,
2,41.596,2,2.788882,368.9329,-1.404474,0.5035976,-5.63448,-6.3961,-33.9819,0.1310997,
2,41.606,2,2.786614,368.9335,-1.402805,0.5034083,-5.63448,-6.3961,-33.9819,0.1310997,
2,41.616,2,2.787021,368.917,-1.405041,0.5041372,-5.63448,-6.3961,-33.9819,0.1310997,
2,41.626,2,2.791288,368.9054,-1.401344,0.5020423,-5.63448,-6.3961,-33.9819,0.1310997,
2,41.636,2,2.787702,368.8978,-1.399645,0.5020785,-5.63448,-6.3961,-33.9819,0.1310997,
2,41.646,2,2.789603,368.8869,-1.403812,0.5032303,-5.6427,-6.3961,-33.9828,0.132,
2,41.656,2,2.790478,368.8914,-1.402835,0.5027219,-5.6427,-6.3961,-33.9828,0.132,
2,41.666,2,2.789792,368.8499,-1.402688,0.5027932,-5.6427,-6.3961,-33.9828,0.132,
2,41.676,2,2.78929,368.8504,-1.403793,0.5032796,-5.6427,-6.3961,-33.9828,0.132,
2,41.686,2,2.789792,368.8585,-1.404271,0.5033604,-5.6427,-6.3961,-33.9828,0.132,
2,41.696,2,2.789948,368.8606,-1.405403,0.5037381,-5.6427,-6.3961,-33.9828,0.132,
2,41.706,2,2.789555,368.8631,-1.405488,0.5038394,-5.6427,-6.3961,-33.9828,0.132,
2,41.716,2,2.788474,368.8582,-1.404051,0.5035195,-5.6427,-6.3961,-33.9828,0.132,
2,41.726,2,2.788884,368.8862,-1.405261,0.5038792,-5.6427,-6.3961,-33.9828,0.132,
2,41.736,2,2.788347,368.8478,-1.403147,0.5032182,-5.6427,-6.3961,-33.9828,0.132,
2,41.746,2,2.787731,368.8431,-1.404356,0.5037631,-5.6427,-6.3961,-33.9828,0.132,
2,41.756,2,2.78832,368.8247,-1.40348,0.5033427,-5.6427,-6.3961,-33.9828,0.132,
2,41.766,2,2.788955,368.8428,-1.401853,0.5026446,-5.6427,-6.3961,-33.9828,0.132,
2,41.776,2,2.792395,368.8437,-1.400583,0.5015705,-5.6427,-6.3961,-33.9828,0.132,
2,41.786,2,2.795581,368.8106,-1.403388,0.5020022,-5.6427,-6.3961,-33.9828,0.132,
2,41.796,2,2.796526,368.7669,-1.407057,0.5031444,-5.6427,-6.3961,-33.9828,0.132,
2,41.806,2,2.802651,368.7684,-1.406217,0.5017453,-5.6427,-6.3961,-33.9828,0.132,
2,41.816,2,2.806441,368.7728,-1.410212,0.5024913,-5.6427,-6.3961,-33.9828,0.132,
2,41.826,2,2.807281,368.752,-1.409704,0.50216,-5.6427,-6.3961,-33.9828,0.132,
2,41.836,2,2.80559,368.7503,-1.408176,0.5019181,-5.6427,-6.3961,-33.9828,0.132,
2,41.846,2,2.808869,368.7737,-1.410377,0.5021157,-5.6427,-6.3961,-33.9828,0.132,
2,41.856,2,2.804919,368.7316,-1.410345,0.5028113,-5.6427,-6.3961,-33.9828,0.132,
2,41.866,2,2.806525,368.7314,-1.409023,0.5020524,-5.6427,-6.3961,-33.9828,0.132,
2,41.876,2,2.806587,368.728,-1.411456,0.5029082,-5.6427,-6.3961,-33.9828,0.132,
2,41.886,2,2.803985,368.729,-1.411708,0.5034649,-5.6427,-6.3961,-33.9828,0.132,
2,41.896,2,2.806925,368.7261,-1.408708,0.5018689,-5.6427,-6.3961,-33.9828,0.132,
2,41.906,2,2.807279,368.73,-1.408295,0.5016583,-5.6427,-6.3961,-33.9828,0.132,
2,41.916,2,2.80408,368.705,-1.408404,0.5022697,-5.6427,-6.3961,-33.9828,0.132,
2,41.926,2,2.803242,368.7029,-1.407223,0.5019982,-5.65037,-6.3961,-33.9836,0.1328011,
2,41.936,2,2.805559,368.6965,-1.409994,0.5025715,-5.65037,-6.3961,-33.9836,0.1328011,
2,41.946,2,2.804423,368.6977,-1.409468,0.5025877,-5.65037,-6.3961,-33.9836,0.1328011,
2,41.956,2,2.803851,368.6941,-1.407578,0.5020162,-5.65037,-6.3961,-33.9836,0.1328011,
2,41.966,2,2.805441,368.6672,-1.408774,0.5021579,-5.65037,-6.3961,-33.9836,0.1328011,
2,41.976,2,2.804593,368.6543,-1.408547,0.5022287,-5.65037,-6.3961,-33.9836,0.1328011,
2,41.986,2,2.804422,368.6622,-1.410579,0.5029838,-5.65037,-6.3961,-33.9836,0.1328011,
2,41.996,2,2.805357,368.6692,-1.411617,0.5031862,-5.65037,-6.3961,-33.9836,0.1328011,
2,42.006,2,2.805268,368.6775,-1.409725,0.5025277,-5.65037,-6.3961,-33.9836,0.1328011,
2,42.016,2,2.802099,368.6415,-1.412227,0.5039889,-5.65037,-6.3961,-33.9836,0.1328011,
2,42.026,2,2.803015,368.6475,-1.412556,0.5039415,-5.65037,-6.3961,-33.9836,0.1328011,
2,42.036,2,2.803612,368.6519,-1.409342,0.5026879,-5.65037,-6.3961,-33.9836,0.1328011,
2,42.046,2,2.807802,368.6484,-1.409775,0.502092,-5.65037,-6.3961,-33.9836,0.1328011,
2,42.056,2,2.807504,368.6405,-1.410936,0.5025589,-5.65037,-6.3961,-33.9836,0.1328011,
2,42.066,2,2.812763,368.6131,-1.408187,0.5006418,-5.65037,-6.3961,-33.9836,0.1328011,
2,42.076,2,2.820186,368.5985,-1.409942,0.4999463,-5.65037,-6.3961,-33.9836,0.1328011,
2,42.086,2,2.821218,368.5797,-1.412996,0.5008459,-5.65037,-6.3961,-33.9836,0.1328011,
2,42.096,2,2.822842,368.5675,-1.41397,0.5009028,-5.65037,-6.3961,-33.9836,0.1328011,
2,42.106,2,2.823519,368.5575,-1.417312,0.5019667,-5.65037,-6.3961,-33.9836,0.1328011,
2,42.116,2,2.820032,368.5608,-1.419937,0.5035179,-5.65037,-6.3961,-33.9836,0.1328011,
2,42.126,2,2.824482,368.5543,-1.416072,0.5013562,-5.65037,-6.3961,-33.9836,0.1328011,
2,42.136,2,2.822375,368.5513,-1.417346,0.5021821,-5.65037,-6.3961,-33.9836,0.1328011,
2,42.146,2,2.8211,368.5306,-1.41701,0.5022899,-5.65037,-6.3961,-33.9836,0.1328011,
2,42.156,2,2.824506,368.5333,-1.416688,0.5015704,-5.65037,-6.3961,-33.9836,0.1328011,
2,42.166,2,2.819751,368.5258,-1.419143,0.5032867,-5.6602,-6.3961,-33.9845,0.1337013,
2,42.176,2,2.821473,368.5382,-1.417559,0.5024182,-5.6602,-6.3961,-33.9845,0.1337013,
2,42.186,2,2.823558,368.5274,-1.413374,0.5005648,-5.6602,-6.3961,-33.9845,0.1337013,
2,42.196,2,2.818985,368.5231,-1.415311,0.5020642,-5.6602,-6.3961,-33.9845,0.1337013,
2,42.206,2,2.824043,368.514,-1.414328,0.5008167,-5.6602,-6.3961,-33.9845,0.1337013,
2,42.216,2,2.823505,368.5114,-1.411179,0.4997968,-5.6602,-6.3961,-33.9845,0.1337013,
2,42.226,2,2.820489,368.5176,-1.413204,0.5010494,-5.6602,-6.3961,-33.9845,0.1337013,
2,42.236,2,2.821611,368.4909,-1.415879,0.5017982,-5.6602,-6.3961,-33.9845,0.1337013,
2,42.246,2,2.820615,368.5074,-1.412735,0.5008606,-5.6602,-6.3961,-33.9845,0.1337013,
2,42.256,2,2.82024,368.5249,-1.416089,0.5021167,-5.6602,-6.3961,-33.9845,0.1337013,
2,42.266,2,2.823731,368.482,-1.417332,0.501936,-5.6602,-6.3961,-33.9845,0.1337013,
2,42.276,2,2.820556,368.4687,-1.413881,0.5012775,-5.6602,-6.3961,-33.9845,0.1337013,
2,42.286,2,2.819444,368.4644,-1.418163,0.5029939,-5.6602,-6.3961,-33.9845,0.1337013,
2,42.296,2,2.826146,368.4696,-1.418543,0.5019356,-5.6602,-6.3961,-33.9845,0.1337013,
2,42.306,2,2.832704,368.4355,-1.417689,0.5004719,-5.6602,-6.3961,-33.9845,0.1337013,
2,42.316,2,2.835525,368.3924,-1.422041,0.5015088,-5.6602,-6.3961,-33.9845,0.1337013,
2,42.326,2,2.837076,368.4044,-1.420133,0.5005623,-5.6602,-6.3961,-33.9845,0.1337013,
2,42.336,2,2.842139,368.399,-1.41913,0.4993176,-5.6602,-6.3961,-33.9845,0.1337013,
2,42.346,2,2.841923,368.391,-1.422389,0.5005022,-5.6602,-6.3961,-33.9845,0.1337013,
2,42.356,2,2.840838,368.3871,-1.418843,0.499445,-5.6602,-6.3961,-33.9845,0.1337013,
2,42.366,2,2.840064,368.3832,-1.417629,0.499154,-5.6602,-6.3961,-33.9845,0.1337013,
2,42.376,2,2.839876,368.3735,-1.420562,0.5002199,-5.6602,-6.3961,-33.9845,0.1337013,
2,42.386,2,2.840171,368.3692,-1.420438,0.5001242,-5.6602,-6.3961,-33.9845,0.1337013,
2,42.396,2,2.839593,368.3632,-1.421104,0.5004605,-5.6602,-6.3961,-33.9845,0.1337013,
2,42.406,2,2.838415,368.358,-1.423799,0.5016177,-5.6602,-6.3961,-33.9845,0.1337013,
2,42.416,2,2.837947,368.363,-1.425701,0.5023706,-5.6602,-6.3961,-33.9845,0.1337013,
2,42.426,2,2.839353,368.3444,-1.424268,0.5016172,-5.6684,-6.3961,-33.9854,0.1346016,
2,42.436,2,2.837389,368.3165,-1.42325,0.5016056,-5.6684,-6.3961,-33.9854,0.1346016,
2,42.446,2,2.837171,368.3399,-1.422689,0.5014464,-5.6684,-6.3961,-33.9854,0.1346016,
2,42.456,2,2.837926,368.3252,-1.423501,0.5015989,-5.6684,-6.3961,-33.9854,0.1346016,
2,42.466,2,2.838557,368.3378,-1.423412,0.5014563,-5.6684,-6.3961,-33.9854,0.1346016,
2,42.476,2,2.838538,368.3404,-1.421673,0.500847,-5.6684,-6.3961,-33.9854,0.1346016,
2,42.486,2,2.840207,368.3145,-1.420795,0.5002434,-5.6684,-6.3961,-33.9854,0.1346016,
2,42.496,2,2.837963,368.3166,-1.421827,0.5010026,-5.6684,-6.3961,-33.9854,0.1346016,
2,42.506,2,2.835846,368.321,-1.4196,0.5005915,-5.6684,-6.3961,-33.9854,0.1346016,
2,42.516,2,2.837527,368.3189,-1.420135,0.5004835,-5.6684,-6.3961,-33.9854,0.1346016,
2,42.526,2,2.840052,368.315,-1.421164,0.5004007,-5.6684,-6.3961,-33.9854,0.1346016,
2,42.536,2,2.839165,368.3089,-1.42073,0.5004041,-5.6684,-6.3961,-33.9854,0.1346016,
2,42.546,2,2.839287,368.316,-1.424312,0.5016444,-5.6684,-6.3961,-33.9854,0.1346016,
2,42.556,2,2.848009,368.254,-1.423418,0.499794,-5.6684,-6.3961,-33.9854,0.1346016,
2,42.566,2,2.849114,368.2323,-1.424927,0.5001298,-5.6684,-6.3961,-33.9854,0.1346016,
2,42.576,2,2.853146,368.2265,-1.432013,0.5019067,-5.6684,-6.3961,-33.9854,0.1346016,
2,42.586,2,2.857663,368.22,-1.432352,0.5012318,-5.6684,-6.3961,-33.9854,0.1346016,
2,42.596,2,2.85541,368.222,-1.429809,0.5007369,-5.6684,-6.3961,-33.9854,0.1346016,
2,42.606,2,2.858872,368.2444,-1.431236,0.5006297,-5.6684,-6.3961,-33.9854,0.1346016,
2,42.616,2,2.856883,368.1967,-1.430052,0.5005637,-5.6684,-6.3961,-33.9854,0.1346016,
2,42.626,2,2.856151,368.1959,-1.427748,0.4998854,-5.6684,-6.3961,-33.9854,0.1346016,
2,42.636,2,2.855976,368.1807,-1.42972,0.5006064,-5.6684,-6.3961,-33.9854,0.1346016,
2,42.646,2,2.856145,368.193,-1.427548,0.4998162,-5.6684,-6.3961,-33.9854,0.1346016,
2,42.656,2,2.854667,368.1779,-1.427856,0.5001829,-5.6684,-6.3961,-33.9854,0.1346016,
2,42.666,2,2.855735,368.1662,-1.430004,0.500748,-5.6684,-6.3961,-33.9854,0.1346016,
2,42.676,2,2.85674,368.1652,-1.428982,0.5002145,-5.67607,-6.3961,-33.9863,0.1355019,
2,42.686,2,2.855647,368.1653,-1.430605,0.5009741,-5.67607,-6.3961,-33.9863,0.1355019,
2,42.696,2,2.854998,368.1562,-1.432925,0.5019007,-5.67607,-6.3961,-33.9863,0.1355019,
2,42.706,2,2.853983,368.1498,-1.431818,0.5016909,-5.67607,-6.3961,-33.9863,0.1355019,
2,42.716,2,2.854595,368.1415,-1.433685,0.5022377,-5.67607,-6.3961,-33.9863,0.1355019,
2,42.726,2,2.855567,368.1578,-1.435488,0.5026981,-5.67607,-6.3961,-33.9863,0.1355019,
2,42.736,2,2.853492,368.1513,-1.431721,0.5017436,-5.67607,-6.3961,-33.9863,0.1355019,
2,42.746,2,2.853309,368.1433,-1.432885,0.5021835,-5.67607,-6.3961,-33.9863,0.1355019,
2,42.756,2,2.858382,368.1226,-1.432765,0.5012503,-5.67607,-6.3961,-33.9863,0.1355019,
2,42.766,2,2.863353,368.0894,-1.432634,0.5003344,-5.67607,-6.3961,-33.9863,0.1355019,
2,42.776,2,2.869542,368.0802,-1.434131,0.4997768,-5.67607,-6.3961,-33.9863,0.1355019,
2,42.786,2,2.870988,368.065,-1.440327,0.5016835,-5.67607,-6.3961,-33.9863,0.1355019,
2,42.796,2,2.875697,368.0412,-1.433217,0.4983893,-5.67607,-6.3961,-33.9863,0.1355019,
2,42.806,2,2.87358,368.0359,-1.435719,0.4996274,-5.67607,-6.3961,-33.9863,0.1355019,
2,42.816,2,2.87045,368.0367,-1.441796,0.5022894,-5.67607,-6.3961,-33.9863,0.1355019,
2,42.826,2,2.873249,368.0233,-1.441537,0.5017098,-5.67607,-6.3961,-33.9863,0.1355019,
2,42.836,2,2.87325,367.9977,-1.443781,0.5024906,-5.67607,-6.3961,-33.9863,0.1355019,
2,42.846,2,2.871893,368.0087,-1.443464,0.5026177,-5.67607,-6.3961,-33.9863,0.1355019,
2,42.856,2,2.871258,367.9902,-1.445105,0.5033001,-5.67607,-6.3961,-33.9863,0.1355019,
2,42.866,2,2.872576,367.996,-1.445678,0.5032688,-5.67607,-6.3961,-33.9863,0.1355019,
2,42.876,2,2.869645,367.9982,-1.44593,0.5038708,-5.67607,-6.3961,-33.9863,0.1355019,
2,42.886,2,2.872637,367.9838,-1.442406,0.502119,-5.67607,-6.3961,-33.9863,0.1355019,
2,42.896,2,2.870403,368.0091,-1.444474,0.5032302,-5.67607,-6.3961,-33.9863,0.1355019,
2,42.906,2,2.870042,367.982,-1.444663,0.5033594,-5.67607,-6.3961,-33.9863,0.1355019,
2,42.916,2,2.870879,367.978,-1.441491,0.5021077,-5.68428,-6.3961,-33.9872,0.1364021,
2,42.926,2,2.870902,367.9607,-1.439562,0.5014318,-5.68428,-6.3961,-33.9872,0.1364021,
2,42.936,2,2.870297,367.9709,-1.439597,0.5015497,-5.68428,-6.3961,-33.9872,0.1364021,
2,42.946,2,2.871997,367.9655,-1.439363,0.5011715,-5.68428,-6.3961,-33.9872,0.1364021,
2,42.956,2,2.868497,367.9568,-1.445605,0.5039592,-5.68428,-6.3961,-33.9872,0.1364021,
2,42.966,2,2.869805,367.9512,-1.442214,0.5025477,-5.68428,-6.3961,-33.9872,0.1364021,
2,42.976,2,2.86951,367.952,-1.443498,0.5030467,-5.68428,-6.3961,-33.9872,0.1364021,
2,42.986,2,2.868948,367.9543,-1.440616,0.502141,-5.68428,-6.3961,-33.9872,0.1364021,
2,42.996,2,2.871432,367.9411,-1.442364,0.5023151,-5.68428,-6.3961,-33.9872,0.1364021,
2,43.006,2,2.872423,367.9292,-1.44163,0.5018862,-5.68428,-6.3961,-33.9872,0.1364021,
2,43.016,2,2.876258,367.9503,-1.443483,0.5018615,-5.68428,-6.3961,-33.9872,0.1364021,
2,43.026,2,2.882214,367.8919,-1.445115,0.5013908,-5.68428,-6.3961,-33.9872,0.1364021,
2,43.036,2,2.885381,367.8595,-1.447196,0.5015615,-5.68428,-6.3961,-33.9872,0.1364021,
2,43.046,2,2.889066,367.8584,-1.454148,0.503328,-5.68428,-6.3961,-33.9872,0.1364021,
2,43.056,2,2.890631,367.8631,-1.451354,0.5020888,-5.68428,-6.3961,-33.9872,0.1364021,
2,43.066,2,2.891398,367.8518,-1.447963,0.5007828,-5.68428,-6.3961,-33.9872,0.1364021,
2,43.076,2,2.89045,367.8526,-1.45052,0.5018318,-5.68428,-6.3961,-33.9872,0.1364021,
2,43.086,2,2.894058,367.8237,-1.446392,0.4997798,-5.68428,-6.3961,-33.9872,0.1364021,
2,43.096,2,2.889557,367.8228,-1.447104,0.500805,-5.68428,-6.3961,-33.9872,0.1364021,
2,43.106,2,2.890554,367.81,-1.45247,0.5024885,-5.68428,-6.3961,-33.9872,0.1364021,
2,43.116,2,2.890959,367.8254,-1.451277,0.5020055,-5.68428,-6.3961,-33.9872,0.1364021,
2,43.126,2,2.890056,367.8125,-1.447767,0.5009476,-5.69303,-6.3961,-33.9881,0.1372986,
2,43.136,2,2.890099,367.7718,-1.450388,0.5018474,-5.69303,-6.3961,-33.9881,0.1372986,
2,43.146,2,2.892004,367.7808,-1.448904,0.5010034,-5.69303,-6.3961,-33.9881,0.1372986,
2,43.156,2,2.890425,367.778,-1.455638,0.5036069,-5.69303,-6.3961,-33.9881,0.1372986,
2,43.166,2,2.888868,367.7796,-1.450132,0.5019726,-5.69303,-6.3961,-33.9881,0.1372986,
2,43.176,2,2.890385,367.7805,-1.444972,0.4999237,-5.69303,-6.3961,-33.9881,0.1372986,
2,43.186,2,2.8907,367.7635,-1.447754,0.5008318,-5.69303,-6.3961,-33.9881,0.1372986,
2,43.196,2,2.889057,367.7697,-1.44903,0.5015582,-5.69303,-6.3961,-33.9881,0.1372986,
2,43.206,2,2.890719,367.7696,-1.447911,0.5008827,-5.69303,-6.3961,-33.9881,0.1372986,
2,43.216,2,2.889851,367.7553,-1.448008,0.5010666,-5.69303,-6.3961,-33.9881,0.1372986,
2,43.226,2,2.889271,367.7553,-1.44706,0.5008392,-5.69303,-6.3961,-33.9881,0.1372986,
2,43.236,2,2.888281,367.7628,-1.443173,0.4996651,-5.69303,-6.3961,-33.9881,0.1372986,
2,43.246,2,2.890264,367.7495,-1.445686,0.5001917,-5.69303,-6.3961,-33.9881,0.1372986,
2,43.256,2,2.894777,367.7224,-1.446152,0.4995729,-5.69303,-6.3961,-33.9881,0.1372986,
2,43.266,2,2.897891,367.6838,-1.44798,0.4996667,-5.69303,-6.3961,-33.9881,0.1372986,
2,43.276,2,2.902125,367.6715,-1.454408,0.5011526,-5.69303,-6.3961,-33.9881,0.1372986,
2,43.286,2,2.906213,367.6747,-1.454729,0.5005582,-5.69303,-6.3961,-33.9881,0.1372986,
2,43.296,2,2.906302,367.664,-1.454069,0.500316,-5.69303,-6.3961,-33.9881,0.1372986,
2,43.306,2,2.905701,367.6685,-1.456311,0.5011909,-5.69303,-6.3961,-33.9881,0.1372986,
2,43.316,2,2.90928,367.642,-1.455729,0.5003744,-5.69303,-6.3961,-33.9881,0.1372986,
2,43.326,2,2.905522,367.65,-1.455452,0.5009261,-5.69303,-6.3961,-33.9881,0.1372986,
2,43.336,2,2.906017,367.6425,-1.46089,0.5027122,-5.69303,-6.3961,-33.9881,0.1372986,
2,43.346,2,2.905436,367.6491,-1.457803,0.5017501,-5.69303,-6.3961,-33.9881,0.1372986,
2,43.356,2,2.904218,367.6356,-1.454415,0.500794,-5.69303,-6.3961,-33.9881,0.1372986,
2,43.366,2,2.9079,367.6251,-1.456625,0.5009199,-5.69303,-6.3961,-33.9881,0.1372986,
2,43.376,2,2.905381,367.6154,-1.45418,0.5005127,-5.69303,-6.3961,-33.9881,0.1372986,
2,43.386,2,2.902537,367.6193,-1.449878,0.4995207,-5.70125,-6.3961,-33.9889,0.1380997,
2,43.396,2,2.902597,367.6015,-1.45775,0.5022226,-5.70125,-6.3961,-33.9889,0.1380997,
2,43.406,2,2.909712,367.6103,-1.452548,0.4992068,-5.70125,-6.3961,-33.9889,0.1380997,
2,43.416,2,2.898485,367.6239,-1.459417,0.5035102,-5.70125,-6.3961,-33.9889,0.1380997,
2,43.426,2,2.902718,367.5948,-1.464065,0.5043772,-5.70125,-6.3961,-33.9889,0.1380997,
2,43.436,2,2.908269,367.577,-1.455572,0.5004941,-5.70125,-6.3961,-33.9889,0.1380997,
2,43.446,2,2.899469,367.5791,-1.457177,0.502567,-5.70125,-6.3961,-33.9889,0.1380997,
2,43.456,2,2.902558,367.5792,-1.465497,0.5048985,-5.70125,-6.3961,-33.9889,0.1380997,
2,43.466,2,2.906878,367.5571,-1.460219,0.5023326,-5.70125,-6.3961,-33.9889,0.1380997,
2,43.476,2,2.903223,367.621,-1.466895,0.5052645,-5.70125,-6.3961,-33.9889,0.1380997,
2,43.486,2,2.900103,367.5484,-1.467158,0.5058985,-5.70125,-6.3961,-33.9889,0.1380997,
2,43.496,2,2.902115,367.5519,-1.465551,0.504994,-5.70125,-6.3961,-33.9889,0.1380997,
2,43.506,2,2.907872,367.5604,-1.462648,0.5029961,-5.70125,-6.3961,-33.9889,0.1380997,
2,43.516,2,2.908229,367.5337,-1.465843,0.504033,-5.70125,-6.3961,-33.9889,0.1380997,
2,43.526,2,2.915861,367.5044,-1.459965,0.5006977,-5.70125,-6.3961,-33.9889,0.1380997,
2,43.536,2,2.923656,367.4938,-1.461291,0.4998164,-5.70125,-6.3961,-33.9889,0.1380997,
2,43.546,2,2.917079,367.4796,-1.464039,0.5018853,-5.70125,-6.3961,-33.9889,0.1380997,
2,43.556,2,2.923346,367.4634,-1.46266,0.5003378,-5.70125,-6.3961,-33.9889,0.1380997,
2,43.566,2,2.928867,367.4593,-1.464635,0.5000687,-5.70125,-6.3961,-33.9889,0.1380997,
2,43.576,2,2.916312,367.4613,-1.471504,0.5045772,-5.70125,-6.3961,-33.9889,0.1380997,
2,43.586,2,2.92157,367.4528,-1.472553,0.5040279,-5.70125,-6.3961,-33.9889,0.1380997,
2,43.596,2,2.923189,367.44,-1.468162,0.5022466,-5.70125,-6.3961,-33.9889,0.1380997,
2,43.606,2,2.92186,367.4173,-1.466363,0.5018594,-5.70125,-6.3961,-33.9889,0.1380997,
2,43.616,2,2.917364,367.4323,-1.473648,0.5051299,-5.70125,-6.3961,-33.9889,0.1380997,
2,43.626,2,2.923451,367.4207,-1.468043,0.5021608,-5.70125,-6.3961,-33.9889,0.1380997,
2,43.636,2,2.92272,367.4273,-1.467737,0.502182,-5.70125,-6.3961,-33.9889,0.1380997,
2,43.646,2,2.916855,367.4216,-1.469514,0.5038007,-5.70125,-6.3961,-33.9889,0.1380997,
2,43.656,2,2.92267,367.4033,-1.471755,0.5035653,-5.70125,-6.3961,-33.9889,0.1380997,
2,43.666,2,2.924486,367.4077,-1.468541,0.5021533,-5.70997,-6.3961,-33.9898,0.1389999,
2,43.676,2,2.916929,367.4099,-1.467567,0.5031208,-5.70997,-6.3961,-33.9898,0.1389999,
2,43.686,2,2.922814,367.3877,-1.472744,0.5038786,-5.70997,-6.3961,-33.9898,0.1389999,
2,43.696,2,2.923196,367.4049,-1.466577,0.5017034,-5.70997,-6.3961,-33.9898,0.1389999,
2,43.706,2,2.91665,367.3888,-1.464809,0.5022233,-5.70997,-6.3961,-33.9898,0.1389999,
2,43.716,2,2.918846,367.4053,-1.468483,0.5031039,-5.70997,-6.3961,-33.9898,0.1389999,
2,43.726,2,2.921053,367.3585,-1.468233,0.5026382,-5.70997,-6.3961,-33.9898,0.1389999,
2,43.736,2,2.920726,367.3706,-1.467164,0.5023286,-5.70997,-6.3961,-33.9898,0.1389999,
2,43.746,2,2.916401,367.3612,-1.476542,0.5062892,-5.70997,-6.3961,-33.9898,0.1389999,
2,43.756,2,2.920017,367.3726,-1.473485,0.5046153,-5.70997,-6.3961,-33.9898,0.1389999,
2,43.766,2,2.926882,367.3412,-1.472091,0.5029553,-5.70997,-6.3961,-33.9898,0.1389999,
2,43.776,2,2.926825,367.3528,-1.475186,0.5040225,-5.70997,-6.3961,-33.9898,0.1389999,
2,43.786,2,2.934043,367.2992,-1.469725,0.5009212,-5.70997,-6.3961,-33.9898,0.1389999,
2,43.796,2,2.939398,367.2727,-1.477688,0.502718,-5.70997,-6.3961,-33.9898,0.1389999,
2,43.806,2,2.939161,367.27,-1.482923,0.5045395,-5.70997,-6.3961,-33.9898,0.1389999,
2,43.816,2,2.937063,367.2791,-1.477341,0.5029994,-5.70997,-6.3961,-33.9898,0.1389999,
2,43.826,2,2.939201,367.2621,-1.472968,0.5011457,-5.70997,-6.3961,-33.9898,0.1389999,
2,43.836,2,2.939557,367.2412,-1.479597,0.5033402,-5.70997,-6.3961,-33.9898,0.1389999,
2,43.846,2,2.941268,367.2346,-1.477286,0.5022616,-5.70997,-6.3961,-33.9898,0.1389999,
2,43.856,2,2.939956,367.2439,-1.475785,0.5019754,-5.70997,-6.3961,-33.9898,0.1389999,
2,43.866,2,2.939631,367.2326,-1.474447,0.5015755,-5.70997,-6.3961,-33.9898,0.1389999,
2,43.876,2,2.938732,367.2387,-1.480082,0.5036463,-5.70997,-6.3961,-33.9898,0.1389999,
2,43.886,2,2.936463,367.2173,-1.478913,0.5036374,-5.70997,-6.3961,-33.9898,0.1389999,
2,43.896,2,2.937538,367.2183,-1.480378,0.503952,-5.70997,-6.3961,-33.9898,0.1389999,
2,43.906,2,2.936935,367.2177,-1.479917,0.5038983,-5.70997,-6.3961,-33.9898,0.1389999,
2,43.916,2,2.9368,367.2171,-1.484684,0.5055448,-5.70997,-6.3961,-33.9898,0.1389999,
2,43.926,2,2.934712,367.2053,-1.486372,0.5064794,-5.71875,-6.3961,-33.9907,0.1399002,
2,43.936,2,2.936496,367.2235,-1.48149,0.5045096,-5.71875,-6.3961,-33.9907,0.1399002,
2,43.946,2,2.938865,367.2065,-1.477569,0.5027687,-5.71875,-6.3961,-33.9907,0.1399002,
2,43.956,2,2.937105,367.1856,-1.47756,0.5030666,-5.71875,-6.3961,-33.9907,0.1399002,
2,43.966,2,2.939744,367.179,-1.472182,0.5007857,-5.71875,-6.3961,-33.9907,0.1399002,
2,43.976,2,2.939317,367.183,-1.473292,0.501236,-5.71875,-6.3961,-33.9907,0.1399002,
2,43.986,2,2.937442,367.1816,-1.476572,0.5026727,-5.71875,-6.3961,-33.9907,0.1399002,
2,43.996,2,2.93713,367.1739,-1.481084,0.5042621,-5.71875,-6.3961,-33.9907,0.1399002,
2,44.006,2,2.93967,367.1511,-1.478927,0.5030929,-5.71875,-6.3961,-33.9907,0.1399002,
2,44.016,2,2.934885,367.1496,-1.480286,0.5043763,-5.71875,-6.3961,-33.9907,0.1399002,
2,44.026,2,2.93637,367.1379,-1.478842,0.5036293,-5.71875,-6.3961,-33.9907,0.1399002,
2,44.036,2,2.935181,367.1492,-1.485361,0.5060541,-5.71875,-6.3961,-33.9907,0.1399002,
2,44.046,2,2.938467,367.1383,-1.482483,0.5045089,-5.71875,-6.3961,-33.9907,0.1399002,
2,44.056,2,2.943381,367.1303,-1.483604,0.5040477,-5.71875,-6.3961,-33.9907,0.1399002,
2,44.066,2,2.945339,367.1255,-1.488798,0.5054758,-5.71875,-6.3961,-33.9907,0.1399002,
2,44.076,2,2.954341,367.0785,-1.488507,0.5038371,-5.71875,-6.3961,-33.9907,0.1399002,
2,44.086,2,2.955212,367.0637,-1.489658,0.5040781,-5.71875,-6.3961,-33.9907,0.1399002,
2,44.096,2,2.955159,367.0517,-1.485307,0.5026149,-5.71875,-6.3961,-33.9907,0.1399002,
2,44.106,2,2.957177,367.0577,-1.484965,0.5021564,-5.71875,-6.3961,-33.9907,0.1399002,
2,44.116,2,2.957149,367.0465,-1.480731,0.5007294,-5.71875,-6.3961,-33.9907,0.1399002,
2,44.126,2,2.955726,367.0327,-1.489136,0.503814,-5.71875,-6.3961,-33.9907,0.1399002,
2,44.136,2,2.956091,367.0242,-1.485632,0.5025665,-5.71875,-6.3961,-33.9907,0.1399002,
2,44.146,2,2.957086,367.0208,-1.483361,0.5016294,-5.71875,-6.3961,-33.9907,0.1399002,
2,44.156,2,2.956106,367.025,-1.485959,0.5026743,-5.71875,-6.3961,-33.9907,0.1399002,
2,44.166,2,2.954983,367.0219,-1.486464,0.5030363,-5.71875,-6.3961,-33.9907,0.1399002,
2,44.176,2,2.955805,367.0099,-1.487293,0.503177,-5.7286,-6.3961,-33.9916,0.1408005,
2,44.186,2,2.956951,367.0389,-1.488448,0.5033725,-5.7286,-6.3961,-33.9916,0.1408005,
2,44.196,2,2.955725,366.9915,-1.48789,0.5033925,-5.7286,-6.3961,-33.9916,0.1408005,
2,44.206,2,2.954301,366.9984,-1.490888,0.5046501,-5.7286,-6.3961,-33.9916,0.1408005,
2,44.216,2,2.956123,366.9789,-1.493254,0.5051394,-5.7286,-6.3961,-33.9916,0.1408005,
2,44.226,2,2.952187,366.9924,-1.497192,0.5071469,-5.7286,-6.3961,-33.9916,0.1408005,
2,44.236,2,2.95196,366.9977,-1.495848,0.5067304,-5.7286,-6.3961,-33.9916,0.1408005,
2,44.246,2,2.956035,366.9903,-1.495767,0.5060046,-5.7286,-6.3961,-33.9916,0.1408005,
2,44.256,2,2.954835,366.9708,-1.487973,0.5035724,-5.7286,-6.3961,-33.9916,0.1408005,
2,44.266,2,2.951065,366.9629,-1.494499,0.506427,-5.7286,-6.3961,-33.9916,0.1408005,
2,44.276,2,2.952653,366.9621,-1.494617,0.5061947,-5.7286,-6.3961,-33.9916,0.1408005,
2,44.286,2,2.954415,366.9579,-1.493689,0.5055786,-5.7286,-6.3961,-33.9916,0.1408005,
2,44.296,2,2.951892,366.9431,-1.494316,0.5062231,-5.7286,-6.3961,-33.9916,0.1408005,
2,44.306,2,2.956747,366.919,-1.492476,0.5047696,-5.7286,-6.3961,-33.9916,0.1408005,
2,44.316,2,2.961833,366.9138,-1.489234,0.5028083,-5.7286,-6.3961,-33.9916,0.1408005,
2,44.326,2,2.967814,366.8881,-1.493521,0.5032394,-5.7286,-6.3961,-33.9916,0.1408005,
2,44.336,2,2.97036,366.8658,-1.494068,0.5029923,-5.7286,-6.3961,-33.9916,0.1408005,
2,44.346,2,2.974158,366.8605,-1.495906,0.502968,-5.7286,-6.3961,-33.9916,0.1408005,
2,44.356,2,2.972629,366.8447,-1.500604,0.504807,-5.7286,-6.3961,-33.9916,0.1408005,
2,44.366,2,2.969395,366.8445,-1.505098,0.5068702,-5.7286,-6.3961,-33.9916,0.1408005,
2,44.376,2,2.97023,366.8474,-1.500109,0.505048,-5.7286,-6.3961,-33.9916,0.1408005,
2,44.386,2,2.973635,366.8413,-1.496991,0.5034211,-5.7286,-6.3961,-33.9916,0.1408005,
2,44.396,2,2.972661,366.8408,-1.496935,0.5035674,-5.7286,-6.3961,-33.9916,0.1408005,
2,44.406,2,2.971897,366.8289,-1.496896,0.5036834,-5.7286,-6.3961,-33.9916,0.1408005,
2,44.416,2,2.973372,366.8191,-1.494004,0.5024611,-5.7286,-6.3961,-33.9916,0.1408005,
2,44.426,2,2.971622,366.8112,-1.49333,0.5025302,-5.7286,-6.3961,-33.9916,0.1408005,
2,44.436,2,2.970316,366.7926,-1.49539,0.5034448,-5.7286,-6.3961,-33.9916,0.1408005,
2,44.446,2,2.972416,366.7897,-1.496663,0.5035174,-5.7286,-6.3961,-33.9916,0.1408005,
2,44.456,2,2.972681,366.7997,-1.499054,0.5042768,-5.7286,-6.3961,-33.9916,0.1408005,
2,44.466,2,2.971227,366.7921,-1.499456,0.5046588,-5.73735,-6.3961,-33.9926,0.1417999,
2,44.476,2,2.970555,366.8047,-1.49946,0.5047745,-5.73735,-6.3961,-33.9926,0.1417999,
2,44.486,2,2.972388,366.771,-1.500412,0.5047833,-5.73735,-6.3961,-33.9926,0.1417999,
2,44.496,2,2.970695,366.7794,-1.505472,0.5067744,-5.73735,-6.3961,-33.9926,0.1417999,
2,44.506,2,2.968253,366.77,-1.511946,0.5093724,-5.73735,-6.3961,-33.9926,0.1417999,
2,44.516,2,2.967907,366.7737,-1.509755,0.5086933,-5.73735,-6.3961,-33.9926,0.1417999,
2,44.526,2,2.972932,366.7656,-1.501156,0.5049412,-5.73735,-6.3961,-33.9926,0.1417999,
2,44.536,2,2.972574,366.7566,-1.495729,0.5031764,-5.73735,-6.3961,-33.9926,0.1417999,
2,44.546,2,2.969299,366.7501,-1.498239,0.5045767,-5.73735,-6.3961,-33.9926,0.1417999,
2,44.556,2,2.969622,366.7461,-1.498571,0.5046336,-5.73735,-6.3961,-33.9926,0.1417999,
2,44.566,2,2.974591,366.7363,-1.500972,0.5045978,-5.73735,-6.3961,-33.9926,0.1417999,
2,44.576,2,2.976544,366.7118,-1.503983,0.5052783,-5.73735,-6.3961,-33.9926,0.1417999,
2,44.586,2,2.983935,366.6988,-1.506027,0.5047117,-5.73735,-6.3961,-33.9926,0.1417999,
2,44.596,2,2.987205,366.6786,-1.515785,0.507426,-5.73735,-6.3961,-33.9926,0.1417999,
2,44.606,2,2.985986,366.6427,-1.51227,0.5064557,-5.73735,-6.3961,-33.9926,0.1417999,
2,44.616,2,2.988474,366.6405,-1.51013,0.5053181,-5.73735,-6.3961,-33.9926,0.1417999,
2,44.626,2,2.991364,366.6339,-1.511528,0.5052972,-5.73735,-6.3961,-33.9926,0.1417999,
2,44.636,2,2.988656,366.6397,-1.511914,0.5058843,-5.73735,-6.3961,-33.9926,0.1417999,
2,44.646,2,2.990188,366.6216,-1.51333,0.5060986,-5.73735,-6.3961,-33.9926,0.1417999,
2,44.656,2,2.98911,366.5961,-1.512511,0.5060071,-5.73735,-6.3961,-33.9926,0.1417999,
2,44.666,2,2.990226,366.6122,-1.505401,0.5034404,-5.73735,-6.3961,-33.9926,0.1417999,
2,44.676,2,2.988386,366.6168,-1.506336,0.5040635,-5.73735,-6.3961,-33.9926,0.1417999,
2,44.686,2,2.990395,366.6348,-1.504164,0.5029982,-5.73735,-6.3961,-33.9926,0.1417999,
2,44.696,2,2.988217,366.5746,-1.508902,0.5049505,-5.73735,-6.3961,-33.9926,0.1417999,
2,44.706,2,2.990358,366.6089,-1.502819,0.5025547,-5.73735,-6.3961,-33.9926,0.1417999,
2,44.716,2,2.985827,366.5909,-1.51259,0.5065898,-5.73735,-6.3961,-33.9926,0.1417999,
2,44.726,2,2.987726,366.5728,-1.514925,0.5070496,-5.7461,-6.3961,-33.9935,0.1427002,
2,44.736,2,2.988623,366.5652,-1.515614,0.5071279,-5.7461,-6.3961,-33.9935,0.1427002,
2,44.746,2,2.982147,366.5718,-1.515533,0.5082019,-5.7461,-6.3961,-33.9935,0.1427002,
2,44.756,2,2.985268,366.5659,-1.516854,0.508113,-5.7461,-6.3961,-33.9935,0.1427002,
2,44.766,2,2.985698,366.5575,-1.518553,0.5086091,-5.7461,-6.3961,-33.9935,0.1427002,
2,44.776,2,2.983867,366.5371,-1.52157,0.5099321,-5.7461,-6.3961,-33.9935,0.1427002,
2,44.786,2,2.984952,366.5588,-1.521308,0.5096589,-5.7461,-6.3961,-33.9935,0.1427002,
2,44.796,2,2.984982,366.55,-1.517529,0.5083882,-5.7461,-6.3961,-33.9935,0.1427002,
2,44.806,2,2.984616,366.5515,-1.513334,0.5070449,-5.7461,-6.3961,-33.9935,0.1427002,
2,44.816,2,2.987151,366.5355,-1.509296,0.5052629,-5.7461,-6.3961,-33.9935,0.1427002,
2,44.826,2,2.987407,366.5279,-1.508942,0.5051009,-5.7461,-6.3961,-33.9935,0.1427002,
2,44.836,2,2.984397,366.5289,-1.510177,0.506024,-5.7461,-6.3961,-33.9935,0.1427002,
2,44.846,2,2.988989,366.5217,-1.507932,0.5044958,-5.7461,-6.3961,-33.9935,0.1427002,
2,44.856,2,2.990858,366.5048,-1.507816,0.5041416,-5.7461,-6.3961,-33.9935,0.1427002,
2,44.866,2,2.997583,366.4845,-1.513497,0.504906,-5.7461,-6.3961,-33.9935,0.1427002,
2,44.876,2,3.00358,366.45,-1.51482,0.5043381,-5.7461,-6.3961,-33.9935,0.1427002,
2,44.886,2,3.003356,366.4733,-1.515477,0.5045947,-5.7461,-6.3961,-33.9935,0.1427002,
2,44.896,2,3.004595,366.4355,-1.517331,0.5050036,-5.7461,-6.3961,-33.9935,0.1427002,
2,44.906,2,3.007681,366.4237,-1.517031,0.5043857,-5.7461,-6.3961,-33.9935,0.1427002,
2,44.916,2,3.006919,366.425,-1.521727,0.5060753,-5.7461,-6.3961,-33.9935,0.1427002,
2,44.926,2,3.004376,366.4136,-1.5233,0.5070271,-5.7461,-6.3961,-33.9935,0.1427002,
2,44.936,2,3.00666,366.3969,-1.521975,0.5062012,-5.7461,-6.3961,-33.9935,0.1427002,
2,44.946,2,3.004718,366.4376,-1.521645,0.5064184,-5.7461,-6.3961,-33.9935,0.1427002,
2,44.956,2,3.003827,366.395,-1.522613,0.5068911,-5.7461,-6.3961,-33.9935,0.1427002,
2,44.966,2,3.005755,366.4005,-1.520423,0.5058374,-5.7461,-6.3961,-33.9935,0.1427002,
2,44.976,2,3.004815,366.3832,-1.520132,0.5058987,-5.7461,-6.3961,-33.9935,0.1427002,
2,44.986,2,3.004992,366.3822,-1.517838,0.5051057,-5.75595,-6.3961,-33.9944,0.1436005,
2,44.996,2,3.005321,366.384,-1.51795,0.5050876,-5.75595,-6.3961,-33.9944,0.1436005,
2,45.006,2,3.005751,366.3563,-1.520492,0.5058609,-5.75595,-6.3961,-33.9944,0.1436005,
2,45.016,2,3.005518,366.3613,-1.518526,0.505246,-5.75595,-6.3961,-33.9944,0.1436005,
2,45.026,2,3.002835,366.3534,-1.52008,0.506215,-5.75595,-6.3961,-33.9944,0.1436005,
2,45.036,2,3.004087,366.3457,-1.524585,0.5075035,-5.75595,-6.3961,-33.9944,0.1436005,
2,45.046,2,3.005408,366.3445,-1.523368,0.5068756,-5.75595,-6.3961,-33.9944,0.1436005,
2,45.056,2,3.004568,366.3327,-1.525254,0.5076452,-5.75595,-6.3961,-33.9944,0.1436005,
2,45.066,2,3.004807,366.3347,-1.527419,0.5083251,-5.75595,-6.3961,-33.9944,0.1436005,
2,45.076,2,3.00301,366.3347,-1.530437,0.5096343,-5.75595,-6.3961,-33.9944,0.1436005,
2,45.086,2,3.002921,366.3373,-1.526845,0.5084532,-5.75595,-6.3961,-33.9944,0.1436005,
2,45.096,2,3.003774,366.3348,-1.530844,0.5096402,-5.75595,-6.3961,-33.9944,0.1436005,
2,45.106,2,3.008178,366.3223,-1.527927,0.5079244,-5.75595,-6.3961,-33.9944,0.1436005,
2,45.116,2,3.0089,366.2992,-1.528563,0.508014,-5.75595,-6.3961,-33.9944,0.1436005,
2,45.126,2,3.01563,366.2604,-1.532229,0.508096,-5.75595,-6.3961,-33.9944,0.1436005,
2,45.136,2,3.019979,366.2437,-1.532382,0.5074148,-5.75595,-6.3961,-33.9944,0.1436005,
2,45.146,2,3.022964,366.2365,-1.537517,0.5086126,-5.75595,-6.3961,-33.9944,0.1436005,
2,45.156,2,3.025498,366.2283,-1.534464,0.5071772,-5.75595,-6.3961,-33.9944,0.1436005,
2,45.166,2,3.022526,366.2265,-1.532948,0.5071744,-5.75595,-6.3961,-33.9944,0.1436005,
2,45.176,2,3.025144,366.2114,-1.533198,0.5068184,-5.75595,-6.3961,-33.9944,0.1436005,
2,45.186,2,3.024826,366.2097,-1.538079,0.5084851,-5.75595,-6.3961,-33.9944,0.1436005,
2,45.196,2,3.023314,366.1934,-1.541972,0.5100272,-5.75595,-6.3961,-33.9944,0.1436005,
2,45.206,2,3.023006,366.1711,-1.543785,0.5106789,-5.75595,-6.3961,-33.9944,0.1436005,
2,45.216,2,3.023137,366.1765,-1.54203,0.5100762,-5.75595,-6.3961,-33.9944,0.1436005,
2,45.226,2,3.022938,366.1834,-1.538589,0.5089716,-5.76417,-6.3961,-33.9954,0.1445999,
2,45.236,2,3.02327,366.2036,-1.540879,0.5096729,-5.76417,-6.3961,-33.9954,0.1445999,
2,45.246,2,3.023815,366.1693,-1.540205,0.5093583,-5.76417,-6.3961,-33.9954,0.1445999,
2,45.256,2,3.024564,366.1722,-1.538908,0.5088031,-5.76417,-6.3961,-33.9954,0.1445999,
2,45.266,2,3.023833,366.1591,-1.5448,0.5108747,-5.76417,-6.3961,-33.9954,0.1445999,
2,45.276,2,3.022821,366.159,-1.542969,0.5104401,-5.76417,-6.3961,-33.9954,0.1445999,
2,45.286,2,3.021111,366.1487,-1.538351,0.5092005,-5.76417,-6.3961,-33.9954,0.1445999,
2,45.296,2,3.021444,366.136,-1.536928,0.5086734,-5.76417,-6.3961,-33.9954,0.1445999,
2,45.306,2,3.0222,366.1253,-1.538089,0.5089301,-5.76417,-6.3961,-33.9954,0.1445999,
2,45.316,2,3.01985,366.1277,-1.539958,0.509945,-5.76417,-6.3961,-33.9954,0.1445999,
2,45.326,2,3.023161,366.1344,-1.536752,0.5083262,-5.76417,-6.3961,-33.9954,0.1445999,
2,45.336,2,3.027263,366.1051,-1.540175,0.5087681,-5.76417,-6.3961,-33.9954,0.1445999,
2,45.346,2,3.032522,366.0681,-1.542485,0.5086476,-5.76417,-6.3961,-33.9954,0.1445999,
2,45.356,2,3.037627,366.0916,-1.546753,0.5091978,-5.76417,-6.3961,-33.9954,0.1445999,
2,45.366,2,3.04059,366.0468,-1.550194,0.5098333,-5.76417,-6.3961,-33.9954,0.1445999,
2,45.376,2,3.041387,366.0391,-1.553302,0.5107214,-5.76417,-6.3961,-33.9954,0.1445999,
2,45.386,2,3.041353,366.0357,-1.549248,0.5093945,-5.76417,-6.3961,-33.9954,0.1445999,
2,45.396,2,3.042588,366.0306,-1.54317,0.5071898,-5.76417,-6.3961,-33.9954,0.1445999,
2,45.406,2,3.041627,366.021,-1.540832,0.5065816,-5.76417,-6.3961,-33.9954,0.1445999,
2,45.416,2,3.042949,366.0131,-1.541808,0.5066822,-5.76417,-6.3961,-33.9954,0.1445999,
2,45.426,2,3.042394,365.9962,-1.538629,0.5057299,-5.76417,-6.3961,-33.9954,0.1445999,
2,45.436,2,3.042091,365.9798,-1.540161,0.5062838,-5.76417,-6.3961,-33.9954,0.1445999,
2,45.446,2,3.042945,365.9756,-1.542924,0.5070496,-5.76417,-6.3961,-33.9954,0.1445999,
2,45.456,2,3.039488,365.9854,-1.543775,0.5079065,-5.76417,-6.3961,-33.9954,0.1445999,
2,45.466,2,3.040284,365.9886,-1.544692,0.5080748,-5.76417,-6.3961,-33.9954,0.1445999,
2,45.476,2,3.041451,365.9523,-1.545971,0.5083005,-5.76417,-6.3961,-33.9954,0.1445999,
2,45.486,2,3.041236,365.9588,-1.545891,0.5083102,-5.76417,-6.3961,-33.9954,0.1445999,
2,45.496,2,3.038561,365.9465,-1.553769,0.5113504,-5.77238,-6.3961,-33.9963,0.1455002,
2,45.506,2,3.036418,365.951,-1.558693,0.5133327,-5.77238,-6.3961,-33.9963,0.1455002,
2,45.516,2,3.037163,365.9507,-1.555572,0.5121794,-5.77238,-6.3961,-33.9963,0.1455002,
2,45.526,2,3.037463,365.9395,-1.556318,0.5123743,-5.77238,-6.3961,-33.9963,0.1455002,
2,45.536,2,3.037551,365.9312,-1.557295,0.5126809,-5.77238,-6.3961,-33.9963,0.1455002,
2,45.546,2,3.036829,365.925,-1.554892,0.5120118,-5.77238,-6.3961,-33.9963,0.1455002,
2,45.556,2,3.037077,365.9338,-1.556318,0.5124392,-5.77238,-6.3961,-33.9963,0.1455002,
2,45.566,2,3.037246,365.9349,-1.55501,0.5119804,-5.77238,-6.3961,-33.9963,0.1455002,
2,45.576,2,3.037197,365.9168,-1.55117,0.5107241,-5.77238,-6.3961,-33.9963,0.1455002,
2,45.586,2,3.038951,365.918,-1.551708,0.5106063,-5.77238,-6.3961,-33.9963,0.1455002,
2,45.596,2,3.036442,365.8979,-1.554047,0.5117986,-5.77238,-6.3961,-33.9963,0.1455002,
2,45.606,2,3.036096,365.8933,-1.558902,0.513456,-5.77238,-6.3961,-33.9963,0.1455002,
2,45.616,2,3.038465,365.8865,-1.558653,0.5129738,-5.77238,-6.3961,-33.9963,0.1455002,
2,45.626,2,3.044482,365.8609,-1.558894,0.5120391,-5.77238,-6.3961,-33.9963,0.1455002,
2,45.636,2,3.050567,365.8512,-1.558885,0.5110149,-5.77238,-6.3961,-33.9963,0.1455002,
2,45.646,2,3.051867,365.8436,-1.565125,0.5128416,-5.77238,-6.3961,-33.9963,0.1455002,
2,45.656,2,3.055387,365.8127,-1.567459,0.513015,-5.77238,-6.3961,-33.9963,0.1455002,
2,45.666,2,3.057306,365.8069,-1.563102,0.5112679,-5.77238,-6.3961,-33.9963,0.1455002,
2,45.676,2,3.054108,365.8003,-1.561249,0.5111966,-5.77238,-6.3961,-33.9963,0.1455002,
2,45.686,2,3.055729,365.8043,-1.561969,0.5111609,-5.77238,-6.3961,-33.9963,0.1455002,
2,45.696,2,3.057968,365.7984,-1.559443,0.5099605,-5.77238,-6.3961,-33.9963,0.1455002,
2,45.706,2,3.055937,365.7885,-1.559444,0.5102999,-5.77238,-6.3961,-33.9963,0.1455002,
2,45.716,2,3.056717,365.7642,-1.55738,0.5094942,-5.77238,-6.3961,-33.9963,0.1455002,
2,45.726,2,3.057832,365.7596,-1.555961,0.5088445,-5.77238,-6.3961,-33.9963,0.1455002,
2,45.736,2,3.054595,365.7602,-1.559171,0.5104346,-5.77238,-6.3961,-33.9963,0.1455002,
2,45.746,2,3.057708,365.7499,-1.561108,0.5105484,-5.77238,-6.3961,-33.9963,0.1455002,
2,45.756,2,3.054289,365.765,-1.559394,0.5105588,-5.77238,-6.3961,-33.9963,0.1455002,
2,45.766,2,3.056448,365.7533,-1.561046,0.5107387,-5.77238,-6.3961,-33.9963,0.1455002,
2,45.776,2,3.05669,365.729,-1.56431,0.5117662,-5.77238,-6.3961,-33.9963,0.1455002,
2,45.786,2,3.054284,365.7294,-1.563246,0.5118207,-5.78223,-6.3961,-33.9972,0.1464005,
2,45.796,2,3.055539,365.7213,-1.567965,0.5131549,-5.78223,-6.3961,-33.9972,0.1464005,
2,45.806,2,3.058339,365.7162,-1.565132,0.5117589,-5.78223,-6.3961,-33.9972,0.1464005,
2,45.816,2,3.056303,365.7049,-1.565526,0.5122288,-5.78223,-6.3961,-33.9972,0.1464005,
2,45.826,2,3.052576,365.6956,-1.567162,0.5133902,-5.78223,-6.3961,-33.9972,0.1464005,
2,45.836,2,3.056809,365.7062,-1.562689,0.5112156,-5.78223,-6.3961,-33.9972,0.1464005,
2,45.846,2,3.054895,365.7081,-1.563074,0.5116621,-5.78223,-6.3961,-33.9972,0.1464005,
2,45.856,2,3.052547,365.7051,-1.564885,0.5126488,-5.78223,-6.3961,-33.9972,0.1464005,
2,45.866,2,3.055351,365.7007,-1.560985,0.5109019,-5.78223,-6.3961,-33.9972,0.1464005,
2,45.876,2,3.053648,365.7026,-1.564888,0.5124649,-5.78223,-6.3961,-33.9972,0.1464005,
2,45.886,2,3.055472,365.6783,-1.571665,0.5143773,-5.78223,-6.3961,-33.9972,0.1464005,
2,45.896,2,3.061162,365.6732,-1.566429,0.5117104,-5.78223,-6.3961,-33.9972,0.1464005,
2,45.906,2,3.064753,365.6156,-1.56742,0.5114345,-5.78223,-6.3961,-33.9972,0.1464005,
2,45.916,2,3.071289,365.602,-1.573146,0.5122102,-5.78223,-6.3961,-33.9972,0.1464005,
2,45.926,2,3.074783,365.585,-1.573708,0.5118111,-5.78223,-6.3961,-33.9972,0.1464005,
2,45.936,2,3.076765,365.5894,-1.576033,0.512237,-5.78223,-6.3961,-33.9972,0.1464005,
2,45.946,2,3.077603,365.5623,-1.575023,0.5117693,-5.78223,-6.3961,-33.9972,0.1464005,
2,45.956,2,3.073995,365.5677,-1.573599,0.5119069,-5.78223,-6.3961,-33.9972,0.1464005,
2,45.966,2,3.073627,365.5717,-1.576585,0.5129396,-5.78223,-6.3961,-33.9972,0.1464005,
2,45.976,2,3.077343,365.5671,-1.576749,0.5123735,-5.78223,-6.3961,-33.9972,0.1464005,
2,45.986,2,3.074515,365.5638,-1.575268,0.5123631,-5.78223,-6.3961,-33.9972,0.1464005,
2,45.996,2,3.075642,365.5437,-1.575773,0.5123395,-5.78223,-6.3961,-33.9972,0.1464005,
2,46.006,2,3.076548,365.5458,-1.573662,0.5115026,-5.78223,-6.3961,-33.9972,0.1464005,
2,46.016,2,3.074311,365.5376,-1.571628,0.5112132,-5.78223,-6.3961,-33.9972,0.1464005,
2,46.026,2,3.071431,365.5237,-1.576186,0.5131764,-5.78223,-6.3961,-33.9972,0.1464005,
2,46.036,2,3.073897,365.5347,-1.577085,0.5130573,-5.79152,-6.3961,-33.9982,0.1473999,
2,46.046,2,3.071681,365.5226,-1.576683,0.5132963,-5.79152,-6.3961,-33.9982,0.1473999,
2,46.056,2,3.070268,365.5581,-1.581534,0.5151126,-5.79152,-6.3961,-33.9982,0.1473999,
2,46.066,2,3.07317,365.498,-1.580976,0.5144448,-5.79152,-6.3961,-33.9982,0.1473999,
2,46.076,2,3.07238,365.5045,-1.578141,0.5136541,-5.79152,-6.3961,-33.9982,0.1473999,
2,46.086,2,3.073425,365.5124,-1.584772,0.515637,-5.79152,-6.3961,-33.9982,0.1473999,
2,46.096,2,3.072486,365.4853,-1.581809,0.5148302,-5.79152,-6.3961,-33.9982,0.1473999,
2,46.106,2,3.073292,365.4869,-1.583407,0.5152152,-5.79152,-6.3961,-33.9982,0.1473999,
2,46.116,2,3.074657,365.4884,-1.584071,0.5152025,-5.79152,-6.3961,-33.9982,0.1473999,
2,46.126,2,3.074502,365.4757,-1.582315,0.5146575,-5.79152,-6.3961,-33.9982,0.1473999,
2,46.136,2,3.077628,365.4664,-1.582568,0.5142167,-5.79152,-6.3961,-33.9982,0.1473999,
2,46.146,2,3.085991,365.4372,-1.583778,0.5132155,-5.79152,-6.3961,-33.9982,0.1473999,
2,46.156,2,3.0898,365.4178,-1.581986,0.5120026,-5.79152,-6.3961,-33.9982,0.1473999,
2,46.166,2,3.090579,365.3995,-1.583318,0.5123047,-5.79152,-6.3961,-33.9982,0.1473999,
2,46.176,2,3.094459,365.3785,-1.584974,0.5121974,-5.79152,-6.3961,-33.9982,0.1473999,
2,46.186,2,3.093592,365.3748,-1.585578,0.5125362,-5.79152,-6.3961,-33.9982,0.1473999,
2,46.196,2,3.091161,365.3678,-1.588977,0.514039,-5.79152,-6.3961,-33.9982,0.1473999,
2,46.206,2,3.095272,365.3459,-1.591782,0.5142624,-5.79152,-6.3961,-33.9982,0.1473999,
2,46.216,2,3.092561,365.3488,-1.590381,0.5142602,-5.79152,-6.3961,-33.9982,0.1473999,
2,46.226,2,3.090939,365.335,-1.592143,0.5151002,-5.79152,-6.3961,-33.9982,0.1473999,
2,46.236,2,3.094513,365.3382,-1.593774,0.5150325,-5.79152,-6.3961,-33.9982,0.1473999,
2,46.246,2,3.092965,365.342,-1.591916,0.5146893,-5.79152,-6.3961,-33.9982,0.1473999,
2,46.256,2,3.091986,365.3352,-1.594805,0.5157867,-5.79152,-6.3961,-33.9982,0.1473999,
2,46.266,2,3.091066,365.3329,-1.595468,0.5161545,-5.79152,-6.3961,-33.9982,0.1473999,
2,46.276,2,3.091678,365.3206,-1.592197,0.5149944,-5.79152,-6.3961,-33.9982,0.1473999,
2,46.286,2,3.091437,365.3245,-1.592219,0.5150418,-5.79152,-6.3961,-33.9982,0.1473999,
2,46.296,2,3.090181,365.3118,-1.592001,0.5151804,-5.79152,-6.3961,-33.9982,0.1473999,
2,46.306,2,3.090125,365.3006,-1.588565,0.5140779,-5.79973,-6.3961,-33.9991,0.1483002,
2,46.316,2,3.091968,365.278,-1.591251,0.5146402,-5.79973,-6.3961,-33.9991,0.1483002,
2,46.326,2,3.090436,365.2842,-1.59158,0.5150017,-5.79973,-6.3961,-33.9991,0.1483002,
2,46.336,2,3.090387,365.2782,-1.593483,0.5156256,-5.79973,-6.3961,-33.9991,0.1483002,
2,46.346,2,3.090446,365.2672,-1.595732,0.5163435,-5.79973,-6.3961,-33.9991,0.1483002,
2,46.356,2,3.090723,365.2737,-1.595052,0.5160773,-5.79973,-6.3961,-33.9991,0.1483002,
2,46.366,2,3.092051,365.2672,-1.593206,0.5152587,-5.79973,-6.3961,-33.9991,0.1483002,
2,46.376,2,3.090255,365.2667,-1.598595,0.517302,-5.79973,-6.3961,-33.9991,0.1483002,
2,46.386,2,3.093297,365.2426,-1.59835,0.516714,-5.79973,-6.3961,-33.9991,0.1483002,
2,46.396,2,3.096979,365.2293,-1.5984,0.5161158,-5.79973,-6.3961,-33.9991,0.1483002,
2,46.406,2,3.101316,365.2411,-1.601736,0.5164697,-5.79973,-6.3961,-33.9991,0.1483002,
2,46.416,2,3.108284,365.1767,-1.603692,0.5159413,-5.79973,-6.3961,-33.9991,0.1483002,
2,46.426,2,3.112744,365.1797,-1.602552,0.5148359,-5.79973,-6.3961,-33.9991,0.1483002,
2,46.436,2,3.109942,365.1773,-1.602779,0.5153726,-5.79973,-6.3961,-33.9991,0.1483002,
2,46.446,2,3.109951,365.168,-1.602298,0.5152164,-5.79973,-6.3961,-33.9991,0.1483002,
2,46.456,2,3.110826,365.1586,-1.599456,0.514158,-5.79973,-6.3961,-33.9991,0.1483002,
2,46.466,2,3.110459,365.1419,-1.602268,0.5151228,-5.79973,-6.3961,-33.9991,0.1483002,
2,46.476,2,3.108205,365.1371,-1.603258,0.5158147,-5.79973,-6.3961,-33.9991,0.1483002,
2,46.486,2,3.108959,365.1273,-1.606292,0.5166653,-5.79973,-6.3961,-33.9991,0.1483002,
2,46.496,2,3.108202,365.1388,-1.607506,0.5171821,-5.79973,-6.3961,-33.9991,0.1483002,
2,46.506,2,3.108876,365.1184,-1.606877,0.5168676,-5.79973,-6.3961,-33.9991,0.1483002,
2,46.516,2,3.108507,365.1118,-1.607132,0.5170109,-5.79973,-6.3961,-33.9991,0.1483002,
2,46.526,2,3.110272,365.1266,-1.607731,0.5169101,-5.79973,-6.3961,-33.9991,0.1483002,
2,46.536,2,3.109887,365.1138,-1.606723,0.5166499,-5.8085,-6.3961,-34.0001,0.1492996,
2,46.546,2,3.107919,365.1028,-1.608794,0.5176436,-5.8085,-6.3961,-34.0001,0.1492996,
2,46.556,2,3.108253,365.0941,-1.610583,0.5181633,-5.8085,-6.3961,-34.0001,0.1492996,
2,46.566,2,3.111026,365.0847,-1.607395,0.5166768,-5.8085,-6.3961,-34.0001,0.1492996,
2,46.576,2,3.10798,365.0848,-1.607543,0.5172309,-5.8085,-6.3961,-34.0001,0.1492996,
2,46.586,2,3.107618,365.0779,-1.607583,0.5173041,-5.8085,-6.3961,-34.0001,0.1492996,
2,46.596,2,3.110737,365.055,-1.605383,0.5160779,-5.8085,-6.3961,-34.0001,0.1492996,
2,46.606,2,3.108416,365.0578,-1.606868,0.5169409,-5.8085,-6.3961,-34.0001,0.1492996,
2,46.616,2,3.108197,365.0483,-1.610588,0.5181744,-5.8085,-6.3961,-34.0001,0.1492996,
2,46.626,2,3.108929,365.0504,-1.608505,0.5173821,-5.8085,-6.3961,-34.0001,0.1492996,
2,46.636,2,3.106866,365.036,-1.611406,0.5186598,-5.8085,-6.3961,-34.0001,0.1492996,
2,46.646,2,3.113073,365.0079,-1.612445,0.5179593,-5.8085,-6.3961,-34.0001,0.1492996,
2,46.656,2,3.116405,365.0025,-1.616086,0.5185736,-5.8085,-6.3961,-34.0001,0.1492996,
2,46.666,2,3.119117,364.9653,-1.621818,0.5199605,-5.8085,-6.3961,-34.0001,0.1492996,
2,46.676,2,3.124739,364.9526,-1.622218,0.5191531,-5.8085,-6.3961,-34.0001,0.1492996,
2,46.686,2,3.124975,364.9639,-1.621734,0.5189589,-5.8085,-6.3961,-34.0001,0.1492996,
2,46.696,2,3.125286,364.9381,-1.624176,0.5196889,-5.8085,-6.3961,-34.0001,0.1492996,
2,46.706,2,3.12574,364.9392,-1.62375,0.519477,-5.8085,-6.3961,-34.0001,0.1492996,
2,46.716,2,3.121869,364.9405,-1.620882,0.5192025,-5.8085,-6.3961,-34.0001,0.1492996,
2,46.726,2,3.125327,364.9252,-1.621946,0.5189685,-5.8085,-6.3961,-34.0001,0.1492996,
2,46.736,2,3.127332,364.93,-1.62013,0.518055,-5.8085,-6.3961,-34.0001,0.1492996,
2,46.746,2,3.125134,364.916,-1.618886,0.5180213,-5.8085,-6.3961,-34.0001,0.1492996,
2,46.756,2,3.123208,364.9175,-1.621721,0.5192485,-5.8085,-6.3961,-34.0001,0.1492996,
2,46.766,2,3.126595,364.904,-1.621002,0.5184559,-5.8085,-6.3961,-34.0001,0.1492996,
2,46.776,2,3.125972,364.8957,-1.620236,0.5183142,-5.8085,-6.3961,-34.0001,0.1492996,
2,46.786,2,3.122509,364.8842,-1.625674,0.5206307,-5.8167,-6.3961,-34.001,0.1501999,
2,46.796,2,3.124805,364.8878,-1.625571,0.520215,-5.8167,-6.3961,-34.001,0.1501999,
2,46.806,2,3.126476,364.8858,-1.623726,0.5193471,-5.8167,-6.3961,-34.001,0.1501999,
2,46.816,2,3.121764,364.8915,-1.628901,0.5217887,-5.8167,-6.3961,-34.001,0.1501999,
2,46.826,2,3.125852,364.8619,-1.627258,0.5205806,-5.8167,-6.3961,-34.001,0.1501999,
2,46.836,2,3.125869,364.8717,-1.625666,0.5200685,-5.8167,-6.3961,-34.001,0.1501999,
2,46.846,2,3.124699,364.8633,-1.626347,0.5204812,-5.8167,-6.3961,-34.001,0.1501999,
2,46.856,2,3.124808,364.8701,-1.626006,0.5203538,-5.8167,-6.3961,-34.001,0.1501999,
2,46.866,2,3.123693,364.8604,-1.623112,0.5196132,-5.8167,-6.3961,-34.001,0.1501999,
2,46.876,2,3.123836,364.8404,-1.627206,0.5208998,-5.8167,-6.3961,-34.001,0.1501999,
2,46.886,2,3.122886,364.8366,-1.623844,0.5199819,-5.8167,-6.3961,-34.001,0.1501999,
2,46.896,2,3.124581,364.8387,-1.62482,0.5200121,-5.8167,-6.3961,-34.001,0.1501999,
2,46.906,2,3.130108,364.8136,-1.627531,0.51996,-5.8167,-6.3961,-34.001,0.1501999,
2,46.916,2,3.132159,364.7869,-1.629315,0.5201892,-5.8167,-6.3961,-34.001,0.1501999,
2,46.926,2,3.137588,364.784,-1.631101,0.5198583,-5.8167,-6.3961,-34.001,0.1501999,
2,46.936,2,3.144505,364.759,-1.635311,0.5200536,-5.8167,-6.3961,-34.001,0.1501999,
2,46.946,2,3.140755,364.7367,-1.63593,0.5208715,-5.8167,-6.3961,-34.001,0.1501999,
2,46.956,2,3.141754,364.737,-1.637883,0.5213276,-5.8167,-6.3961,-34.001,0.1501999,
2,46.966,2,3.143931,364.7346,-1.6392,0.5213854,-5.8167,-6.3961,-34.001,0.1501999,
2,46.976,2,3.140614,364.7258,-1.637246,0.5213138,-5.8167,-6.3961,-34.001,0.1501999,
2,46.986,2,3.142979,364.7007,-1.638034,0.5211723,-5.8167,-6.3961,-34.001,0.1501999,
2,46.996,2,3.14285,364.6935,-1.64047,0.521969,-5.8167,-6.3961,-34.001,0.1501999,
2,47.006,2,3.141498,364.7034,-1.63565,0.5206594,-5.8167,-6.3961,-34.001,0.1501999,
2,47.016,2,3.143173,364.6965,-1.637023,0.5208188,-5.8167,-6.3961,-34.001,0.1501999,
2,47.026,2,3.141469,364.6978,-1.635758,0.5206987,-5.8167,-6.3961,-34.001,0.1501999,
2,47.036,2,3.139806,364.6931,-1.636238,0.5211271,-5.8167,-6.3961,-34.001,0.1501999,
2,47.046,2,3.144386,364.6832,-1.633237,0.5194137,-5.82545,-6.3961,-34.002,0.1511993,
2,47.056,2,3.139249,364.6869,-1.636599,0.5213346,-5.82545,-6.3961,-34.002,0.1511993,
2,47.066,2,3.140498,364.6661,-1.636048,0.5209519,-5.82545,-6.3961,-34.002,0.1511993,
2,47.076,2,3.141384,364.65,-1.638922,0.5217198,-5.82545,-6.3961,-34.002,0.1511993,
2,47.086,2,3.140767,364.6559,-1.64025,0.522245,-5.82545,-6.3961,-34.002,0.1511993,
2,47.096,2,3.140435,364.6481,-1.640621,0.5224186,-5.82545,-6.3961,-34.002,0.1511993,
2,47.106,2,3.14247,364.6413,-1.640592,0.5220708,-5.82545,-6.3961,-34.002,0.1511993,
2,47.116,2,3.141672,364.6317,-1.643543,0.5231426,-5.82545,-6.3961,-34.002,0.1511993,
2,47.126,2,3.145325,364.6333,-1.642312,0.5221439,-5.82545,-6.3961,-34.002,0.1511993,
2,47.136,2,3.15356,364.6012,-1.645317,0.5217332,-5.82545,-6.3961,-34.002,0.1511993,
2,47.146,2,3.157612,364.561,-1.645165,0.5210156,-5.82545,-6.3961,-34.002,0.1511993,
2,47.156,2,3.158827,364.571,-1.647599,0.5215857,-5.82545,-6.3961,-34.002,0.1511993,
2,47.166,2,3.159022,364.5357,-1.647963,0.5216688,-5.82545,-6.3961,-34.002,0.1511993,
2,47.176,2,3.159247,364.5427,-1.647023,0.5213341,-5.82545,-6.3961,-34.002,0.1511993,
2,47.186,2,3.157295,364.5264,-1.645887,0.5212966,-5.82545,-6.3961,-34.002,0.1511993,
2,47.196,2,3.159889,364.523,-1.647002,0.5212216,-5.82545,-6.3961,-34.002,0.1511993,
2,47.206,2,3.159243,364.5164,-1.64889,0.5219256,-5.82545,-6.3961,-34.002,0.1511993,
2,47.216,2,3.161023,364.5168,-1.650159,0.5220333,-5.82545,-6.3961,-34.002,0.1511993,
2,47.226,2,3.160962,364.541,-1.649033,0.521687,-5.82545,-6.3961,-34.002,0.1511993,
2,47.236,2,3.159232,364.4926,-1.649736,0.5221953,-5.82545,-6.3961,-34.002,0.1511993,
2,47.246,2,3.159641,364.4951,-1.653091,0.5231895,-5.82545,-6.3961,-34.002,0.1511993,
2,47.256,2,3.158607,364.5033,-1.653119,0.5233697,-5.82545,-6.3961,-34.002,0.1511993,
2,47.266,2,3.157397,364.4807,-1.654707,0.5240731,-5.83365,-6.3961,-34.0029,0.1520996,
2,47.276,2,3.15926,364.4749,-1.653302,0.5233193,-5.83365,-6.3961,-34.0029,0.1520996,
2,47.286,2,3.160259,364.4637,-1.653395,0.5231832,-5.83365,-6.3961,-34.0029,0.1520996,
2,47.296,2,3.158713,364.4525,-1.653517,0.5234783,-5.83365,-6.3961,-34.0029,0.1520996,
2,47.306,2,3.159669,364.4578,-1.652623,0.5230367,-5.83365,-6.3961,-34.0029,0.1520996,
2,47.316,2,3.159579,364.4547,-1.651362,0.5226526,-5.83365,-6.3961,-34.0029,0.1520996,
2,47.326,2,3.159316,364.449,-1.648719,0.5218594,-5.83365,-6.3961,-34.0029,0.1520996,
2,47.336,2,3.157003,364.4418,-1.650966,0.5229535,-5.83365,-6.3961,-34.0029,0.1520996,
2,47.346,2,3.156645,364.4326,-1.65308,0.5236826,-5.83365,-6.3961,-34.0029,0.1520996,
2,47.356,2,3.157564,364.4297,-1.653851,0.5237744,-5.83365,-6.3961,-34.0029,0.1520996,
2,47.366,2,3.165481,364.4207,-1.655947,0.5231266,-5.83365,-6.3961,-34.0029,0.1520996,
2,47.376,2,3.168052,364.3852,-1.657455,0.5231779,-5.83365,-6.3961,-34.0029,0.1520996,
2,47.386,2,3.171557,364.3513,-1.661406,0.5238457,-5.83365,-6.3961,-34.0029,0.1520996,
2,47.396,2,3.176252,364.3336,-1.664135,0.5239303,-5.83365,-6.3961,-34.0029,0.1520996,
2,47.406,2,3.178861,364.3266,-1.664179,0.5235143,-5.83365,-6.3961,-34.0029,0.1520996,
2,47.416,2,3.178375,364.3258,-1.662508,0.5230686,-5.83365,-6.3961,-34.0029,0.1520996,
2,47.426,2,3.176817,364.3459,-1.664939,0.5240903,-5.83365,-6.3961,-34.0029,0.1520996,
2,47.436,2,3.176645,364.3211,-1.664075,0.5238466,-5.83365,-6.3961,-34.0029,0.1520996,
2,47.446,2,3.181421,364.3279,-1.661198,0.5221559,-5.83365,-6.3961,-34.0029,0.1520996,
2,47.456,2,3.179289,364.3173,-1.661891,0.5227243,-5.83365,-6.3961,-34.0029,0.1520996,
2,47.466,2,3.172373,364.3025,-1.660484,0.5234203,-5.83365,-6.3961,-34.0029,0.1520996,
2,47.476,2,3.17847,364.2927,-1.660056,0.5222816,-5.83365,-6.3961,-34.0029,0.1520996,
2,47.486,2,3.180769,364.2661,-1.660162,0.5219374,-5.83365,-6.3961,-34.0029,0.1520996,
2,47.496,2,3.175092,364.2781,-1.66078,0.5230651,-5.83365,-6.3961,-34.0029,0.1520996,
2,47.506,2,3.176325,364.2699,-1.663906,0.5238461,-5.84185,-6.3961,-34.0038,0.1529999,
2,47.516,2,3.175308,364.2653,-1.665584,0.5245424,-5.84185,-6.3961,-34.0038,0.1529999,
2,47.526,2,3.177562,364.256,-1.663355,0.5234688,-5.84185,-6.3961,-34.0038,0.1529999,
2,47.536,2,3.177938,364.2544,-1.664291,0.5237015,-5.84185,-6.3961,-34.0038,0.1529999,
2,47.546,2,3.171996,364.2576,-1.668416,0.5259831,-5.84185,-6.3961,-34.0038,0.1529999,
2,47.556,2,3.171541,364.2448,-1.66935,0.5263529,-5.84185,-6.3961,-34.0038,0.1529999,
2,47.566,2,3.178892,364.2262,-1.666728,0.5243111,-5.84185,-6.3961,-34.0038,0.1529999,
2,47.576,2,3.17594,364.2591,-1.667184,0.5249419,-5.84185,-6.3961,-34.0038,0.1529999,
2,47.586,2,3.173275,364.2185,-1.666468,0.5251572,-5.84185,-6.3961,-34.0038,0.1529999,
2,47.596,2,3.173811,364.2305,-1.665174,0.5246608,-5.84185,-6.3961,-34.0038,0.1529999,
2,47.606,2,3.175325,364.2063,-1.664518,0.524204,-5.84185,-6.3961,-34.0038,0.1529999,
2,47.616,2,3.178451,364.2083,-1.664549,0.5236982,-5.84185,-6.3961,-34.0038,0.1529999,
2,47.626,2,3.176602,364.211,-1.662368,0.5233166,-5.84185,-6.3961,-34.0038,0.1529999,
2,47.636,2,3.174304,364.1742,-1.667541,0.525325,-5.84185,-6.3961,-34.0038,0.1529999,
2,47.646,2,3.184243,364.154,-1.668078,0.5238537,-5.84185,-6.3961,-34.0038,0.1529999,
2,47.656,2,3.189095,364.1223,-1.668564,0.5232092,-5.84185,-6.3961,-34.0038,0.1529999,
2,47.666,2,3.195314,364.1392,-1.674864,0.5241627,-5.84185,-6.3961,-34.0038,0.1529999,
2,47.676,2,3.192495,364.1104,-1.676742,0.5252136,-5.84185,-6.3961,-34.0038,0.1529999,
2,47.686,2,3.191086,364.0951,-1.675551,0.5250723,-5.84185,-6.3961,-34.0038,0.1529999,
2,47.696,2,3.198926,364.1139,-1.6761,0.523957,-5.84185,-6.3961,-34.0038,0.1529999,
2,47.706,2,3.196303,364.0893,-1.675961,0.5243437,-5.84185,-6.3961,-34.0038,0.1529999,
2,47.716,2,3.19099,364.0908,-1.679563,0.5263454,-5.84185,-6.3961,-34.0038,0.1529999,
2,47.726,2,3.191923,364.0843,-1.679925,0.526305,-5.84185,-6.3961,-34.0038,0.1529999,
2,47.736,2,3.192159,364.0809,-1.676071,0.5250586,-5.84185,-6.3961,-34.0038,0.1529999,
2,47.746,2,3.191587,364.0902,-1.675924,0.5251068,-5.84185,-6.3961,-34.0038,0.1529999,
2,47.756,2,3.192244,364.0691,-1.677176,0.525391,-5.84185,-6.3961,-34.0038,0.1529999,
2,47.766,2,3.191164,364.0586,-1.674117,0.5246102,-5.84185,-6.3961,-34.0038,0.1529999,
2,47.776,2,3.191377,364.0506,-1.672096,0.5239418,-5.84185,-6.3961,-34.0038,0.1529999,
2,47.786,2,3.193547,364.0373,-1.676207,0.5248732,-5.84185,-6.3961,-34.0038,0.1529999,
2,47.796,2,3.191905,364.0351,-1.677482,0.5255427,-5.85115,-6.3961,-34.0048,0.1539993,
2,47.806,2,3.190623,364.0112,-1.677634,0.5258015,-5.85115,-6.3961,-34.0048,0.1539993,
2,47.816,2,3.189257,364.0057,-1.67763,0.5260252,-5.85115,-6.3961,-34.0048,0.1539993,
2,47.826,2,3.192718,364.016,-1.675788,0.5248781,-5.85115,-6.3961,-34.0048,0.1539993,
2,47.836,2,3.190957,364.0089,-1.681162,0.5268518,-5.85115,-6.3961,-34.0048,0.1539993,
2,47.846,2,3.189703,364.0139,-1.682174,0.5273765,-5.85115,-6.3961,-34.0048,0.1539993,
2,47.856,2,3.186453,364.0037,-1.680651,0.5274361,-5.85115,-6.3961,-34.0048,0.1539993,
2,47.866,2,3.191409,364.0105,-1.680269,0.5264974,-5.85115,-6.3961,-34.0048,0.1539993,
2,47.876,2,3.192196,363.9905,-1.678354,0.5257678,-5.85115,-6.3961,-34.0048,0.1539993,
2,47.886,2,3.184211,363.979,-1.684893,0.5291401,-5.85115,-6.3961,-34.0048,0.1539993,
2,47.896,2,3.186415,363.9763,-1.690105,0.5304095,-5.85115,-6.3961,-34.0048,0.1539993,
2,47.906,2,3.189155,363.988,-1.684081,0.528065,-5.85115,-6.3961,-34.0048,0.1539993,
2,47.916,2,3.190234,363.9786,-1.677131,0.525708,-5.85115,-6.3961,-34.0048,0.1539993,
2,47.926,2,3.193954,363.973,-1.683479,0.527083,-5.85115,-6.3961,-34.0048,0.1539993,
2,47.936,2,3.196034,363.9328,-1.689213,0.5285341,-5.85115,-6.3961,-34.0048,0.1539993,
2,47.946,2,3.203143,363.914,-1.689646,0.5274963,-5.85115,-6.3961,-34.0048,0.1539993,
2,47.956,2,3.207432,363.8684,-1.691608,0.5274026,-5.85115,-6.3961,-34.0048,0.1539993,
2,47.966,2,3.210915,363.8773,-1.692221,0.5270216,-5.85115,-6.3961,-34.0048,0.1539993,
2,47.976,2,3.209036,363.8721,-1.696169,0.5285603,-5.85115,-6.3961,-34.0048,0.1539993,
2,47.986,2,3.208128,363.8806,-1.701531,0.5303811,-5.85115,-6.3961,-34.0048,0.1539993,
2,47.996,2,3.207742,363.8548,-1.702437,0.5307274,-5.85115,-6.3961,-34.0048,0.1539993,
2,48.006,2,3.210397,363.8532,-1.692771,0.5272778,-5.85115,-6.3961,-34.0048,0.1539993,
2,48.016,2,3.209558,363.8436,-1.69972,0.5295808,-5.85115,-6.3961,-34.0048,0.1539993,
2,48.026,2,3.206934,363.8442,-1.70206,0.5307436,-5.85115,-6.3961,-34.0048,0.1539993,
2,48.036,2,3.208371,363.8372,-1.701356,0.5302866,-5.85115,-6.3961,-34.0048,0.1539993,
2,48.046,2,3.207892,363.8325,-1.698907,0.5296024,-5.85115,-6.3961,-34.0048,0.1539993,
2,48.056,2,3.206522,363.8209,-1.697743,0.5294654,-5.861,-6.3961,-34.0057,0.1548996,
2,48.066,2,3.207278,363.8062,-1.699569,0.52991,-5.861,-6.3961,-34.0057,0.1548996,
2,48.076,2,3.204711,363.8068,-1.701864,0.5310507,-5.861,-6.3961,-34.0057,0.1548996,
2,48.086,2,3.207551,363.803,-1.698026,0.5293838,-5.861,-6.3961,-34.0057,0.1548996,
2,48.096,2,3.209469,363.8069,-1.691034,0.526889,-5.861,-6.3961,-34.0057,0.1548996,
2,48.106,2,3.207689,363.7804,-1.691228,0.5272419,-5.861,-6.3961,-34.0057,0.1548996,
2,48.116,2,3.20913,363.7773,-1.691527,0.5270984,-5.861,-6.3961,-34.0057,0.1548996,
2,48.126,2,3.208798,363.782,-1.692585,0.5274827,-5.861,-6.3961,-34.0057,0.1548996,
2,48.136,2,3.209578,363.7666,-1.694311,0.5278922,-5.861,-6.3961,-34.0057,0.1548996,
2,48.146,2,3.210059,363.7683,-1.691104,0.5268138,-5.861,-6.3961,-34.0057,0.1548996,
2,48.156,2,3.20803,363.7458,-1.691609,0.5273045,-5.861,-6.3961,-34.0057,0.1548996,
2,48.166,2,3.207083,363.7383,-1.695416,0.5286475,-5.861,-6.3961,-34.0057,0.1548996,
2,48.176,2,3.211022,363.7383,-1.694128,0.5275977,-5.861,-6.3961,-34.0057,0.1548996,
2,48.186,2,3.216735,363.7336,-1.691304,0.5257827,-5.861,-6.3961,-34.0057,0.1548996,
2,48.196,2,3.21578,363.6948,-1.694771,0.5270171,-5.861,-6.3961,-34.0057,0.1548996,
2,48.206,2,3.224321,363.6693,-1.694516,0.5255419,-5.861,-6.3961,-34.0057,0.1548996,
2,48.216,2,3.230687,363.6705,-1.693764,0.5242737,-5.861,-6.3961,-34.0057,0.1548996,
2,48.226,2,3.226928,363.6598,-1.696881,0.5258501,-5.861,-6.3961,-34.0057,0.1548996,
2,48.236,2,3.228059,363.6363,-1.697756,0.525937,-5.861,-6.3961,-34.0057,0.1548996,
2,48.246,2,3.227465,363.6392,-1.700226,0.5267992,-5.861,-6.3961,-34.0057,0.1548996,
2,48.256,2,3.226501,363.6308,-1.702196,0.5275671,-5.861,-6.3961,-34.0057,0.1548996,
2,48.266,2,3.226274,363.6211,-1.700505,0.5270804,-5.861,-6.3961,-34.0057,0.1548996,
2,48.276,2,3.225892,363.6066,-1.701774,0.5275359,-5.861,-6.3961,-34.0057,0.1548996,
2,48.286,2,3.22801,363.5939,-1.701305,0.5270446,-5.861,-6.3961,-34.0057,0.1548996,
2,48.296,2,3.230267,363.6094,-1.700448,0.5264109,-5.8698,-6.3961,-34.0067,0.155899,
2,48.306,2,3.225839,363.6041,-1.704528,0.5283985,-5.8698,-6.3961,-34.0067,0.155899,
2,48.316,2,3.225252,363.6021,-1.709647,0.5300817,-5.8698,-6.3961,-34.0067,0.155899,
2,48.326,2,3.227985,363.5898,-1.701555,0.5271261,-5.8698,-6.3961,-34.0067,0.155899,
2,48.336,2,3.224756,363.5814,-1.704729,0.528638,-5.8698,-6.3961,-34.0067,0.155899,
2,48.346,2,3.225131,363.5784,-1.699655,0.5270033,-5.8698,-6.3961,-34.0067,0.155899,
2,48.356,2,3.228037,363.5668,-1.698205,0.52608,-5.8698,-6.3961,-34.0067,0.155899,
2,48.366,2,3.225007,363.5525,-1.700043,0.5271441,-5.8698,-6.3961,-34.0067,0.155899,
2,48.376,2,3.224473,363.5651,-1.701108,0.5275616,-5.8698,-6.3961,-34.0067,0.155899,
2,48.386,2,3.227312,363.5427,-1.699027,0.5264525,-5.8698,-6.3961,-34.0067,0.155899,
2,48.396,2,3.224038,363.5984,-1.702122,0.5279472,-5.8698,-6.3961,-34.0067,0.155899,
2,48.406,2,3.223485,363.529,-1.702855,0.5282652,-5.8698,-6.3961,-34.0067,0.155899,
2,48.416,2,3.228229,363.5244,-1.705681,0.5283644,-5.8698,-6.3961,-34.0067,0.155899,
2,48.426,2,3.231635,363.5301,-1.70884,0.5287848,-5.8698,-6.3961,-34.0067,0.155899,
2,48.436,2,3.235936,363.4743,-1.711796,0.5289955,-5.8698,-6.3961,-34.0067,0.155899,
2,48.446,2,3.244395,363.463,-1.713666,0.5281926,-5.8698,-6.3961,-34.0067,0.155899,
2,48.456,2,3.245847,363.4402,-1.711437,0.5272698,-5.8698,-6.3961,-34.0067,0.155899,
2,48.466,2,3.245615,363.4347,-1.710955,0.527159,-5.8698,-6.3961,-34.0067,0.155899,
2,48.476,2,3.244143,363.4305,-1.711758,0.5276456,-5.8698,-6.3961,-34.0067,0.155899,
2,48.486,2,3.244839,363.4256,-1.710393,0.5271119,-5.8698,-6.3961,-34.0067,0.155899,
2,48.496,2,3.244533,363.4148,-1.711126,0.5273874,-5.8698,-6.3961,-34.0067,0.155899,
2,48.506,2,3.242831,363.4135,-1.714114,0.5285855,-5.8698,-6.3961,-34.0067,0.155899,
2,48.516,2,3.245656,363.4024,-1.720328,0.5300403,-5.8698,-6.3961,-34.0067,0.155899,
2,48.526,2,3.244006,363.3946,-1.717866,0.5295507,-5.8698,-6.3961,-34.0067,0.155899,
2,48.536,2,3.242211,363.4035,-1.719191,0.5302526,-5.8698,-6.3961,-34.0067,0.155899,
2,48.546,2,3.242133,363.381,-1.720156,0.5305632,-5.8698,-6.3961,-34.0067,0.155899,
2,48.556,2,3.242526,363.3786,-1.715308,0.5290036,-5.8698,-6.3961,-34.0067,0.155899,
2,48.566,2,3.241454,363.3484,-1.720198,0.530687,-5.87743,-6.3961,-34.0076,0.1567993,
2,48.576,2,3.241786,363.3689,-1.720658,0.5307748,-5.87743,-6.3961,-34.0076,0.1567993,
2,48.586,2,3.244488,363.3657,-1.713261,0.5280527,-5.87743,-6.3961,-34.0076,0.1567993,
2,48.596,2,3.243875,363.3639,-1.717535,0.5294702,-5.87743,-6.3961,-34.0076,0.1567993,
2,48.606,2,3.24212,363.3519,-1.716578,0.5294617,-5.87743,-6.3961,-34.0076,0.1567993,
2,48.616,2,3.244596,363.3546,-1.714615,0.5284526,-5.87743,-6.3961,-34.0076,0.1567993,
2,48.626,2,3.243822,363.3489,-1.71539,0.5288175,-5.87743,-6.3961,-34.0076,0.1567993,
2,48.636,2,3.243824,363.3386,-1.717299,0.5294058,-5.87743,-6.3961,-34.0076,0.1567993,
2,48.646,2,3.248798,363.3398,-1.71282,0.5272167,-5.87743,-6.3961,-34.0076,0.1567993,
2,48.656,2,3.252517,363.2834,-1.719806,0.5287616,-5.87743,-6.3961,-34.0076,0.1567993,
2,48.666,2,3.259308,363.2569,-1.724088,0.5289736,-5.87743,-6.3961,-34.0076,0.1567993,
2,48.676,2,3.259837,363.255,-1.726944,0.5297639,-5.87743,-6.3961,-34.0076,0.1567993,
2,48.686,2,3.262906,363.2268,-1.728747,0.5298181,-5.87743,-6.3961,-34.0076,0.1567993,
2,48.696,2,3.264234,363.2226,-1.729621,0.5298705,-5.87743,-6.3961,-34.0076,0.1567993,
2,48.706,2,3.264611,363.2156,-1.726341,0.5288044,-5.87743,-6.3961,-34.0076,0.1567993,
2,48.716,2,3.260435,363.2169,-1.727164,0.5297341,-5.87743,-6.3961,-34.0076,0.1567993,
2,48.726,2,3.26296,363.1947,-1.727908,0.5295522,-5.87743,-6.3961,-34.0076,0.1567993,
2,48.736,2,3.263448,363.1928,-1.728812,0.52975,-5.87743,-6.3961,-34.0076,0.1567993,
2,48.746,2,3.261581,363.233,-1.728481,0.5299517,-5.87743,-6.3961,-34.0076,0.1567993,
2,48.756,2,3.260324,363.1913,-1.728761,0.5302419,-5.87743,-6.3961,-34.0076,0.1567993,
2,48.766,2,3.262123,363.1789,-1.727201,0.5294714,-5.87743,-6.3961,-34.0076,0.1567993,
2,48.776,2,3.261245,363.1637,-1.729111,0.5301995,-5.87743,-6.3961,-34.0076,0.1567993,
2,48.786,2,3.260781,363.1661,-1.728696,0.5301479,-5.87743,-6.3961,-34.0076,0.1567993,
2,48.796,2,3.261858,363.1518,-1.725411,0.5289657,-5.88562,-6.3961,-34.0086,0.1577988,
2,48.806,2,3.260776,363.1566,-1.727997,0.5299342,-5.88562,-6.3961,-34.0086,0.1577988,
2,48.816,2,3.26063,363.1519,-1.729405,0.5303898,-5.88562,-6.3961,-34.0086,0.1577988,
2,48.826,2,3.260325,363.1401,-1.729831,0.5305701,-5.88562,-6.3961,-34.0086,0.1577988,
2,48.836,2,3.258828,363.1602,-1.733112,0.5318207,-5.88562,-6.3961,-34.0086,0.1577988,
2,48.846,2,3.257078,363.1099,-1.732303,0.531858,-5.88562,-6.3961,-34.0086,0.1577988,
2,48.856,2,3.258072,363.139,-1.73349,0.5320601,-5.88562,-6.3961,-34.0086,0.1577988,
2,48.866,2,3.260356,363.1413,-1.73547,0.5322946,-5.88562,-6.3961,-34.0086,0.1577988,
2,48.876,2,3.260206,363.1039,-1.732884,0.5315259,-5.88562,-6.3961,-34.0086,0.1577988,
2,48.886,2,3.264861,363.0807,-1.735654,0.5316166,-5.88562,-6.3961,-34.0086,0.1577988,
2,48.896,2,3.268241,363.0671,-1.736621,0.5313626,-5.88562,-6.3961,-34.0086,0.1577988,
2,48.906,2,3.275364,363.0541,-1.730374,0.5282995,-5.88562,-6.3961,-34.0086,0.1577988,
2,48.916,2,3.2785,363.0451,-1.732108,0.5283232,-5.88562,-6.3961,-34.0086,0.1577988,
2,48.926,2,3.280566,363.0321,-1.734133,0.5286079,-5.88562,-6.3961,-34.0086,0.1577988,
2,48.936,2,3.279428,363.007,-1.731013,0.52784,-5.88562,-6.3961,-34.0086,0.1577988,
2,48.946,2,3.281759,363.0079,-1.731443,0.5275959,-5.88562,-6.3961,-34.0086,0.1577988,
2,48.956,2,3.280033,362.9877,-1.735714,0.5291759,-5.88562,-6.3961,-34.0086,0.1577988,
2,48.966,2,3.278635,362.9817,-1.73485,0.529138,-5.88562,-6.3961,-34.0086,0.1577988,
2,48.976,2,3.278738,362.9464,-1.737837,0.5300322,-5.88562,-6.3961,-34.0086,0.1577988,
2,48.986,2,3.279722,362.9532,-1.742755,0.5313727,-5.88562,-6.3961,-34.0086,0.1577988,
2,48.996,2,3.277443,362.9518,-1.742541,0.531677,-5.88562,-6.3961,-34.0086,0.1577988,
2,49.006,2,3.277265,362.9478,-1.744547,0.5323179,-5.88562,-6.3961,-34.0086,0.1577988,
2,49.016,2,3.275373,362.942,-1.746857,0.5333307,-5.89383,-6.3961,-34.0095,0.158699,
2,49.026,2,3.275107,362.9438,-1.743926,0.532479,-5.89383,-6.3961,-34.0095,0.158699,
2,49.036,2,3.276836,362.9553,-1.742939,0.5318971,-5.89383,-6.3961,-34.0095,0.158699,
2,49.046,2,3.277846,362.9334,-1.741981,0.5314407,-5.89383,-6.3961,-34.0095,0.158699,
2,49.056,2,3.280505,362.9275,-1.735918,0.5291619,-5.89383,-6.3961,-34.0095,0.158699,
2,49.066,2,3.27733,362.9257,-1.735734,0.5296182,-5.89383,-6.3961,-34.0095,0.158699,
2,49.076,2,3.277839,362.919,-1.736448,0.5297539,-5.89383,-6.3961,-34.0095,0.158699,
2,49.086,2,3.279541,362.9037,-1.731298,0.5279086,-5.89383,-6.3961,-34.0095,0.158699,
2,49.096,2,3.274523,362.9127,-1.734978,0.5298416,-5.89383,-6.3961,-34.0095,0.158699,
2,49.106,2,3.279905,362.8871,-1.736332,0.529385,-5.89383,-6.3961,-34.0095,0.158699,
2,49.116,2,3.277539,362.8954,-1.735254,0.529438,-5.89383,-6.3961,-34.0095,0.158699,
2,49.126,2,3.275232,362.8876,-1.739222,0.5310225,-5.89383,-6.3961,-34.0095,0.158699,
2,49.136,2,3.27792,362.8735,-1.742756,0.5316651,-5.89383,-6.3961,-34.0095,0.158699,
2,49.146,2,3.285177,362.8546,-1.743689,0.5307747,-5.89383,-6.3961,-34.0095,0.158699,
2,49.156,2,3.285139,362.8466,-1.748294,0.5321827,-5.89383,-6.3961,-34.0095,0.158699,
2,49.166,2,3.293591,362.7973,-1.747472,0.5305673,-5.89383,-6.3961,-34.0095,0.158699,
2,49.176,2,3.296537,362.8068,-1.748163,0.5303029,-5.89383,-6.3961,-34.0095,0.158699,
2,49.186,2,3.295494,362.7802,-1.753242,0.5320118,-5.89383,-6.3961,-34.0095,0.158699,
2,49.196,2,3.297361,362.7809,-1.747623,0.5300066,-5.89383,-6.3961,-34.0095,0.158699,
2,49.206,2,3.295517,362.7657,-1.746824,0.5300606,-5.89383,-6.3961,-34.0095,0.158699,
2,49.216,2,3.29504,362.7726,-1.748455,0.5306326,-5.89383,-6.3961,-34.0095,0.158699,
2,49.226,2,3.298942,362.7551,-1.742222,0.5281153,-5.89383,-6.3961,-34.0095,0.158699,
2,49.236,2,3.295133,362.7566,-1.743087,0.5289885,-5.89383,-6.3961,-34.0095,0.158699,
2,49.246,2,3.297692,362.7481,-1.746542,0.5296256,-5.89383,-6.3961,-34.0095,0.158699,
2,49.256,2,3.296034,362.7334,-1.743641,0.5290118,-5.89383,-6.3961,-34.0095,0.158699,
2,49.266,2,3.294305,362.7446,-1.745829,0.5299536,-5.89383,-6.3961,-34.0095,0.158699,
2,49.276,2,3.294364,362.6995,-1.750067,0.5312307,-5.89383,-6.3961,-34.0095,0.158699,
2,49.286,2,3.297445,362.7081,-1.744896,0.529166,-5.89383,-6.3961,-34.0095,0.158699,
2,49.296,2,3.295594,362.7156,-1.749796,0.5309501,-5.89383,-6.3961,-34.0095,0.158699,
2,49.306,2,3.295496,362.7017,-1.7508,0.5312704,-5.9026,-6.3961,-34.0104,0.1595993,
2,49.316,2,3.296866,362.6992,-1.749394,0.5306232,-5.9026,-6.3961,-34.0104,0.1595993,
2,49.326,2,3.29543,362.6794,-1.750477,0.5311831,-5.9026,-6.3961,-34.0104,0.1595993,
2,49.336,2,3.296784,362.679,-1.750296,0.5309102,-5.9026,-6.3961,-34.0104,0.1595993,
2,49.346,2,3.29557,362.6871,-1.747946,0.5303925,-5.9026,-6.3961,-34.0104,0.1595993,
2,49.356,2,3.293999,362.6936,-1.748001,0.5306622,-5.9026,-6.3961,-34.0104,0.1595993,
2,49.366,2,3.294426,362.6689,-1.748588,0.5307716,-5.9026,-6.3961,-34.0104,0.1595993,
2,49.376,2,3.291471,362.6604,-1.748723,0.5312892,-5.9026,-6.3961,-34.0104,0.1595993,
2,49.386,2,3.29191,362.6671,-1.747578,0.5308706,-5.9026,-6.3961,-34.0104,0.1595993,
2,49.396,2,3.297035,362.6577,-1.747191,0.5299278,-5.9026,-6.3961,-34.0104,0.1595993,
2,49.406,2,3.293661,362.6429,-1.747408,0.5305367,-5.9026,-6.3961,-34.0104,0.1595993,
2,49.416,2,3.292248,362.626,-1.751709,0.5320707,-5.9026,-6.3961,-34.0104,0.1595993,
2,49.426,2,3.298705,362.6301,-1.751993,0.5311155,-5.9026,-6.3961,-34.0104,0.1595993,
2,49.436,2,3.302231,362.6152,-1.75098,0.5302415,-5.9026,-6.3961,-34.0104,0.1595993,
2,49.446,2,3.305658,362.5734,-1.757329,0.5316125,-5.9026,-6.3961,-34.0104,0.1595993,
2,49.456,2,3.310726,362.545,-1.75936,0.5314122,-5.9026,-6.3961,-34.0104,0.1595993,
2,49.466,2,3.313812,362.5586,-1.756533,0.530064,-5.9026,-6.3961,-34.0104,0.1595993,
2,49.476,2,3.311873,362.54,-1.759523,0.5312772,-5.9026,-6.3961,-34.0104,0.1595993,
2,49.486,2,3.312979,362.5452,-1.759328,0.5310411,-5.9026,-6.3961,-34.0104,0.1595993,
2,49.496,2,3.312681,362.5375,-1.756821,0.530332,-5.9026,-6.3961,-34.0104,0.1595993,
2,49.506,2,3.312993,362.5138,-1.758852,0.5308952,-5.9026,-6.3961,-34.0104,0.1595993,
2,49.516,2,3.311855,362.5115,-1.756135,0.5302572,-5.9026,-6.3961,-34.0104,0.1595993,
2,49.526,2,3.311975,362.5095,-1.755353,0.530002,-5.9026,-6.3961,-34.0104,0.1595993,
2,49.536,2,3.309992,362.4944,-1.760817,0.5319703,-5.9026,-6.3961,-34.0104,0.1595993,
2,49.546,2,3.312366,362.4931,-1.75754,0.5305996,-5.9026,-6.3961,-34.0104,0.1595993,
2,49.556,2,3.310206,362.4847,-1.759053,0.531403,-5.91135,-6.3961,-34.0113,0.1604996,
2,49.566,2,3.310693,362.5335,-1.760356,0.5317183,-5.91135,-6.3961,-34.0113,0.1604996,
2,49.576,2,3.312066,362.4645,-1.760709,0.5316044,-5.91135,-6.3961,-34.0113,0.1604996,
2,49.586,2,3.311988,362.4644,-1.761632,0.5318957,-5.91135,-6.3961,-34.0113,0.1604996,
2,49.596,2,3.311125,362.5164,-1.764857,0.5330082,-5.91135,-6.3961,-34.0113,0.1604996,
2,49.606,2,3.311014,362.3951,-1.759516,0.5314131,-5.91135,-6.3961,-34.0113,0.1604996,
2,49.616,2,3.311439,362.4391,-1.762157,0.5321424,-5.91135,-6.3961,-34.0113,0.1604996,
2,49.626,2,3.312917,362.4551,-1.762506,0.5320103,-5.91135,-6.3961,-34.0113,0.1604996,
2,49.636,2,3.311066,362.4461,-1.760745,0.5317759,-5.91135,-6.3961,-34.0113,0.1604996,
2,49.646,2,3.312896,362.4433,-1.761231,0.5316287,-5.91135,-6.3961,-34.0113,0.1604996,
2,49.656,2,3.311305,362.432,-1.761581,0.53199,-5.91135,-6.3961,-34.0113,0.1604996,
2,49.666,2,3.311626,362.4264,-1.757515,0.5307107,-5.91135,-6.3961,-34.0113,0.1604996,
2,49.676,2,3.309512,362.4086,-1.758818,0.5314434,-5.91135,-6.3961,-34.0113,0.1604996,
2,49.686,2,3.316407,362.3918,-1.761131,0.5310358,-5.91135,-6.3961,-34.0113,0.1604996,
2,49.696,2,3.318498,362.3718,-1.763676,0.5314682,-5.91135,-6.3961,-34.0113,0.1604996,
2,49.706,2,3.327318,362.3494,-1.765565,0.530627,-5.91135,-6.3961,-34.0113,0.1604996,
2,49.716,2,3.328565,362.3288,-1.769932,0.5317402,-5.91135,-6.3961,-34.0113,0.1604996,
2,49.726,2,3.327375,362.3295,-1.769327,0.5317484,-5.91135,-6.3961,-34.0113,0.1604996,
2,49.736,2,3.328977,362.3004,-1.771928,0.5322741,-5.91135,-6.3961,-34.0113,0.1604996,
2,49.746,2,3.326951,362.3073,-1.771313,0.5324134,-5.91135,-6.3961,-34.0113,0.1604996,
2,49.756,2,3.327001,362.3062,-1.770512,0.5321645,-5.91135,-6.3961,-34.0113,0.1604996,
2,49.766,2,3.330105,362.3057,-1.773089,0.5324423,-5.91135,-6.3961,-34.0113,0.1604996,
2,49.776,2,3.328833,362.2937,-1.771804,0.5322596,-5.91135,-6.3961,-34.0113,0.1604996,
2,49.786,2,3.326166,362.2868,-1.769998,0.5321437,-5.91135,-6.3961,-34.0113,0.1604996,
2,49.796,2,3.327786,362.2806,-1.770145,0.5319286,-5.91135,-6.3961,-34.0113,0.1604996,
2,49.806,2,3.329711,362.2717,-1.766557,0.5305437,-5.91135,-6.3961,-34.0113,0.1604996,
2,49.816,2,3.32749,362.2653,-1.765629,0.5306188,-5.9212,-6.3961,-34.0122,0.1613998,
2,49.826,2,3.327833,362.2482,-1.768662,0.5314755,-5.9212,-6.3961,-34.0122,0.1613998,
2,49.836,2,3.326669,362.2357,-1.769743,0.5319865,-5.9212,-6.3961,-34.0122,0.1613998,
2,49.846,2,3.327023,362.2489,-1.769197,0.5317657,-5.9212,-6.3961,-34.0122,0.1613998,
2,49.856,2,3.325542,362.2312,-1.772937,0.5331272,-5.9212,-6.3961,-34.0122,0.1613998,
2,49.866,2,3.32694,362.2223,-1.771215,0.5323856,-5.9212,-6.3961,-34.0122,0.1613998,
2,49.876,2,3.328534,362.2071,-1.771813,0.5323102,-5.9212,-6.3961,-34.0122,0.1613998,
2,49.886,2,3.327226,362.2068,-1.773475,0.5330189,-5.9212,-6.3961,-34.0122,0.1613998,
2,49.896,2,3.325596,362.2175,-1.773313,0.5332316,-5.9212,-6.3961,-34.0122,0.1613998,
2,49.906,2,3.326313,362.1917,-1.773045,0.5330361,-5.9212,-6.3961,-34.0122,0.1613998,
2,49.916,2,3.325139,362.2426,-1.773677,0.5334144,-5.9212,-6.3961,-34.0122,0.1613998,
2,49.926,2,3.326772,362.1963,-1.771211,0.5324113,-5.9212,-6.3961,-34.0122,0.1613998,
2,49.936,2,3.329049,362.188,-1.772702,0.5324948,-5.9212,-6.3961,-34.0122,0.1613998,
2,49.946,2,3.334448,362.1609,-1.772476,0.5315649,-5.9212,-6.3961,-34.0122,0.1613998,
2,49.956,2,3.333806,362.1351,-1.772362,0.5316332,-5.9212,-6.3961,-34.0122,0.1613998,
2,49.966,2,3.340731,362.1024,-1.774929,0.5312995,-5.9212,-6.3961,-34.0122,0.1613998,
2,49.976,2,3.34738,362.0908,-1.775211,0.5303285,-5.9212,-6.3961,-34.0122,0.1613998,
2,49.986,2,3.345341,362.0899,-1.775494,0.5307364,-5.9212,-6.3961,-34.0122,0.1613998,
2,49.996,2,3.344736,362.0816,-1.778963,0.5318696,-5.9212,-6.3961,-34.0122,0.1613998,
2,50.006,2,3.343926,362.0848,-1.781467,0.532747,-5.9212,-6.3961,-34.0122,0.1613998,
2,50.016,2,3.345184,362.0692,-1.779962,0.5320969,-5.9212,-6.3961,-34.0122,0.1613998,
2,50.026,2,3.344962,362.0573,-1.780942,0.5324251,-5.9212,-6.3961,-34.0122,0.1613998,
2,50.036,2,3.345302,362.0671,-1.783337,0.5330871,-5.9212,-6.3961,-34.0122,0.1613998,
2,50.046,2,3.346868,362.0471,-1.78041,0.5319632,-5.9212,-6.3961,-34.0122,0.1613998,
2,50.056,2,3.34616,362.0479,-1.782596,0.5327287,-5.9212,-6.3961,-34.0122,0.1613998,
2,50.066,2,3.344561,362.0369,-1.784714,0.5336168,-5.9212,-6.3961,-34.0122,0.1613998,
2,50.076,2,3.345823,362.0248,-1.78054,0.5321682,-5.9212,-6.3961,-34.0122,0.1613998,
2,50.086,2,3.345601,362.0289,-1.779677,0.5319453,-5.9212,-6.3961,-34.0122,0.1613998,
2,50.096,2,3.343713,362.0212,-1.780344,0.5324453,-5.9212,-6.3961,-34.0122,0.1613998,
2,50.106,2,3.344423,362.0137,-1.777814,0.5315756,-5.92995,-6.3961,-34.0132,0.1623993,
2,50.116,2,3.342486,361.9847,-1.778983,0.5322337,-5.92995,-6.3961,-34.0132,0.1623993,
2,50.126,2,3.341847,361.9828,-1.779469,0.5324805,-5.92995,-6.3961,-34.0132,0.1623993,
2,50.136,2,3.344174,361.9799,-1.780276,0.5323514,-5.92995,-6.3961,-34.0132,0.1623993,
2,50.146,2,3.343672,361.9373,-1.783619,0.5334312,-5.92995,-6.3961,-34.0132,0.1623993,
2,50.156,2,3.343469,361.961,-1.781407,0.5328022,-5.92995,-6.3961,-34.0132,0.1623993,
2,50.166,2,3.342917,361.9604,-1.780493,0.5326164,-5.92995,-6.3961,-34.0132,0.1623993,
2,50.176,2,3.342449,361.9572,-1.783854,0.5336968,-5.92995,-6.3961,-34.0132,0.1623993,
2,50.186,2,3.341967,361.9543,-1.785538,0.5342775,-5.92995,-6.3961,-34.0132,0.1623993,
2,50.196,2,3.342348,361.9557,-1.784736,0.5339767,-5.92995,-6.3961,-34.0132,0.1623993,
2,50.206,2,3.339647,361.9744,-1.787039,0.535098,-5.92995,-6.3961,-34.0132,0.1623993,
2,50.216,2,3.342437,361.9435,-1.786581,0.5345145,-5.92995,-6.3961,-34.0132,0.1623993,
2,50.226,2,3.345542,361.9474,-1.784404,0.5333676,-5.92995,-6.3961,-34.0132,0.1623993,
2,50.236,2,3.349689,361.9197,-1.78557,0.5330554,-5.92995,-6.3961,-34.0132,0.1623993,
2,50.246,2,3.353702,361.8877,-1.785126,0.5322851,-5.92995,-6.3961,-34.0132,0.1623993,
2,50.256,2,3.358791,361.8657,-1.786921,0.5320131,-5.92995,-6.3961,-34.0132,0.1623993,
2,50.266,2,3.361219,361.8601,-1.785943,0.5313379,-5.92995,-6.3961,-34.0132,0.1623993,
2,50.276,2,3.362488,361.8418,-1.788671,0.5319486,-5.92995,-6.3961,-34.0132,0.1623993,
2,50.286,2,3.362685,361.8295,-1.790234,0.5323824,-5.92995,-6.3961,-34.0132,0.1623993,
2,50.296,2,3.361808,361.8292,-1.79304,0.5333558,-5.92995,-6.3961,-34.0132,0.1623993,
2,50.306,2,3.362218,361.822,-1.794567,0.5337448,-5.92995,-6.3961,-34.0132,0.1623993,
2,50.316,2,3.35974,361.8301,-1.794299,0.5340589,-5.92995,-6.3961,-34.0132,0.1623993,
2,50.326,2,3.36299,361.8386,-1.795616,0.5339344,-5.92995,-6.3961,-34.0132,0.1623993,
2,50.336,2,3.358884,361.8072,-1.795516,0.5345572,-5.92995,-6.3961,-34.0132,0.1623993,
2,50.346,2,3.360195,361.807,-1.794144,0.5339404,-5.92995,-6.3961,-34.0132,0.1623993,
2,50.356,2,3.360424,361.7911,-1.795418,0.5342832,-5.93872,-6.3961,-34.0141,0.1632996,
2,50.366,2,3.361625,361.7991,-1.793192,0.5334303,-5.93872,-6.3961,-34.0141,0.1632996,
2,50.376,2,3.360977,361.7941,-1.794797,0.5340104,-5.93872,-6.3961,-34.0141,0.1632996,
2,50.386,2,3.362705,361.7754,-1.793063,0.5332203,-5.93872,-6.3961,-34.0141,0.1632996,
2,50.396,2,3.361334,361.7731,-1.790539,0.532687,-5.93872,-6.3961,-34.0141,0.1632996,
2,50.406,2,3.360409,361.7928,-1.790937,0.532952,-5.93872,-6.3961,-34.0141,0.1632996,
2,50.416,2,3.361282,361.756,-1.795212,0.5340855,-5.93872,-6.3961,-34.0141,0.1632996,
2,50.426,2,3.361307,361.7537,-1.793733,0.5336415,-5.93872,-6.3961,-34.0141,0.1632996,
2,50.436,2,3.359273,361.7634,-1.795644,0.5345335,-5.93872,-6.3961,-34.0141,0.1632996,
2,50.446,2,3.360488,361.7201,-1.795699,0.5343567,-5.93872,-6.3961,-34.0141,0.1632996,
2,50.456,2,3.359301,361.7253,-1.795102,0.5343679,-5.93872,-6.3961,-34.0141,0.1632996,
2,50.466,2,3.365863,361.729,-1.798343,0.5342888,-5.93872,-6.3961,-34.0141,0.1632996,
2,50.476,2,3.368835,361.696,-1.799873,0.5342717,-5.93872,-6.3961,-34.0141,0.1632996,
2,50.486,2,3.371237,361.6739,-1.80125,0.5342993,-5.93872,-6.3961,-34.0141,0.1632996,
2,50.496,2,3.377965,361.6292,-1.80665,0.5348339,-5.93872,-6.3961,-34.0141,0.1632996,
2,50.506,2,3.380646,361.6369,-1.808989,0.5351016,-5.93872,-6.3961,-34.0141,0.1632996,
2,50.516,2,3.378442,361.6357,-1.808385,0.5352719,-5.93872,-6.3961,-34.0141,0.1632996,
2,50.526,2,3.382394,361.629,-1.80656,0.5341069,-5.93872,-6.3961,-34.0141,0.1632996,
2,50.536,2,3.379271,361.6165,-1.805207,0.5342,-5.93872,-6.3961,-34.0141,0.1632996,
2,50.546,2,3.376545,361.6122,-1.8029,0.5339482,-5.93872,-6.3961,-34.0141,0.1632996,
2,50.556,2,3.376425,361.6025,-1.810677,0.5362706,-5.93872,-6.3961,-34.0141,0.1632996,
2,50.566,2,3.378867,361.5994,-1.807471,0.5349342,-5.93872,-6.3961,-34.0141,0.1632996,
2,50.576,2,3.377357,361.5764,-1.803181,0.5339029,-5.93872,-6.3961,-34.0141,0.1632996,
2,50.586,2,3.378295,361.5707,-1.805664,0.5344896,-5.93872,-6.3961,-34.0141,0.1632996,
2,50.596,2,3.378234,361.5726,-1.804163,0.534055,-5.93872,-6.3961,-34.0141,0.1632996,
2,50.606,2,3.378066,361.5692,-1.803993,0.5340314,-5.93872,-6.3961,-34.0141,0.1632996,
2,50.616,2,3.377064,361.5452,-1.805914,0.5347586,-5.93872,-6.3961,-34.0141,0.1632996,
2,50.626,2,3.376293,361.5422,-1.804675,0.5345135,-5.94803,-6.3961,-34.0151,0.164299,
2,50.636,2,3.378772,361.5475,-1.805652,0.5344107,-5.94803,-6.3961,-34.0151,0.164299,
2,50.646,2,3.378837,361.5319,-1.808438,0.535225,-5.94803,-6.3961,-34.0151,0.164299,
2,50.656,2,3.37731,361.5396,-1.807071,0.5350623,-5.94803,-6.3961,-34.0151,0.164299,
2,50.666,2,3.381043,361.5349,-1.80555,0.5340216,-5.94803,-6.3961,-34.0151,0.164299,
2,50.676,2,3.378414,361.5112,-1.804855,0.5342317,-5.94803,-6.3961,-34.0151,0.164299,
2,50.686,2,3.376767,361.5153,-1.804117,0.5342734,-5.94803,-6.3961,-34.0151,0.164299,
2,50.696,2,3.379312,361.5159,-1.803026,0.5335483,-5.94803,-6.3961,-34.0151,0.164299,
2,50.706,2,3.378108,361.4998,-1.803702,0.5339388,-5.94803,-6.3961,-34.0151,0.164299,
2,50.716,2,3.375477,361.4937,-1.805266,0.5348181,-5.94803,-6.3961,-34.0151,0.164299,
2,50.726,2,3.37724,361.4929,-1.805877,0.5347197,-5.94803,-6.3961,-34.0151,0.164299,
2,50.736,2,3.373369,361.5533,-1.807476,0.5358073,-5.94803,-6.3961,-34.0151,0.164299,
2,50.746,2,3.374393,361.478,-1.805942,0.5351903,-5.94803,-6.3961,-34.0151,0.164299,
2,50.756,2,3.378758,361.4638,-1.809445,0.5355356,-5.94803,-6.3961,-34.0151,0.164299,
2,50.766,2,3.384517,361.442,-1.813389,0.5357896,-5.94803,-6.3961,-34.0151,0.164299,
2,50.776,2,3.386669,361.4108,-1.814267,0.5357084,-5.94803,-6.3961,-34.0151,0.164299,
2,50.786,2,3.395172,361.4108,-1.815073,0.5346043,-5.94803,-6.3961,-34.0151,0.164299,
2,50.796,2,3.398448,361.3705,-1.816481,0.5345032,-5.94803,-6.3961,-34.0151,0.164299,
2,50.806,2,3.398508,361.3827,-1.814521,0.533917,-5.94803,-6.3961,-34.0151,0.164299,
2,50.816,2,3.398073,361.3747,-1.815399,0.5342438,-5.94803,-6.3961,-34.0151,0.164299,
2,50.826,2,3.395272,361.3757,-1.815198,0.5346252,-5.94803,-6.3961,-34.0151,0.164299,
2,50.836,2,3.396604,361.3402,-1.812921,0.5337453,-5.94803,-6.3961,-34.0151,0.164299,
2,50.846,2,3.395898,361.3346,-1.819879,0.535905,-5.94803,-6.3961,-34.0151,0.164299,
2,50.856,2,3.394604,361.3356,-1.817939,0.535538,-5.94803,-6.3961,-34.0151,0.164299,
2,50.866,2,3.39652,361.3209,-1.815639,0.5345585,-5.94803,-6.3961,-34.0151,0.164299,
2,50.876,2,3.395514,361.3408,-1.824118,0.5372142,-5.94803,-6.3961,-34.0151,0.164299,
2,50.886,2,3.392363,361.3239,-1.828898,0.5391222,-5.94803,-6.3961,-34.0151,0.164299,
2,50.896,2,3.394433,361.3091,-1.823869,0.5373117,-5.94803,-6.3961,-34.0151,0.164299,
2,50.906,2,3.394498,361.2969,-1.819797,0.536102,-5.94803,-6.3961,-34.0151,0.164299,
2,50.916,2,3.391815,361.2867,-1.821047,0.5368944,-5.95785,-6.3961,-34.016,0.1651993,
2,50.926,2,3.393599,361.2886,-1.82199,0.5368903,-5.95785,-6.3961,-34.016,0.1651993,
2,50.936,2,3.393055,361.292,-1.824901,0.537834,-5.95785,-6.3961,-34.016,0.1651993,
2,50.946,2,3.395491,361.283,-1.820813,0.5362445,-5.95785,-6.3961,-34.016,0.1651993,
2,50.956,2,3.393853,361.2695,-1.824237,0.5375121,-5.95785,-6.3961,-34.016,0.1651993,
2,50.966,2,3.393609,361.2731,-1.821258,0.536673,-5.95785,-6.3961,-34.016,0.1651993,
2,50.976,2,3.39473,361.2616,-1.817706,0.5354495,-5.95785,-6.3961,-34.016,0.1651993,
2,50.986,2,3.394363,361.2588,-1.816183,0.5350584,-5.95785,-6.3961,-34.016,0.1651993,
2,50.996,2,3.390733,361.25,-1.819518,0.536615,-5.95785,-6.3961,-34.016,0.1651993,
2,51.006,2,3.393218,361.242,-1.8215,0.5368059,-5.95785,-6.3961,-34.016,0.1651993,
2,51.016,2,3.395438,361.2364,-1.818655,0.5356173,-5.95785,-6.3961,-34.016,0.1651993,
2,51.026,2,3.390277,361.2455,-1.82257,0.5375872,-5.95785,-6.3961,-34.016,0.1651993,
2,51.036,2,3.394048,361.216,-1.822488,0.5369659,-5.95785,-6.3961,-34.016,0.1651993,
2,51.046,2,3.399568,361.2099,-1.820049,0.5353766,-5.95785,-6.3961,-34.016,0.1651993,
2,51.056,2,3.400744,361.1799,-1.82739,0.5373502,-5.95785,-6.3961,-34.016,0.1651993,
2,51.066,2,3.406371,361.1559,-1.833647,0.5382991,-5.95785,-6.3961,-34.016,0.1651993,
2,51.076,2,3.411432,361.1362,-1.828214,0.535908,-5.95785,-6.3961,-34.016,0.1651993,
2,51.086,2,3.412941,361.1757,-1.833593,0.5372471,-5.95785,-6.3961,-34.016,0.1651993,
2,51.096,2,3.414496,361.1169,-1.830114,0.5359838,-5.95785,-6.3961,-34.016,0.1651993,
2,51.106,2,3.415624,361.0934,-1.829821,0.5357208,-5.95785,-6.3961,-34.016,0.1651993,
2,51.116,2,3.414401,361.093,-1.82958,0.5358422,-5.95785,-6.3961,-34.016,0.1651993,
2,51.126,2,3.414464,361.1001,-1.827975,0.5353621,-5.95785,-6.3961,-34.016,0.1651993,
2,51.136,2,3.413528,361.0729,-1.827871,0.5354784,-5.95785,-6.3961,-34.016,0.1651993,
2,51.146,2,3.414466,361.0693,-1.829319,0.5357556,-5.95785,-6.3961,-34.016,0.1651993,
2,51.156,2,3.414643,361.0761,-1.826957,0.535036,-5.95785,-6.3961,-34.016,0.1651993,
2,51.166,2,3.413461,361.0735,-1.828591,0.5357,-5.95785,-6.3961,-34.016,0.1651993,
2,51.176,2,3.413476,361.0708,-1.831291,0.5364887,-5.9677,-6.3961,-34.017,0.1661987,
2,51.186,2,3.409884,361.0564,-1.833084,0.5375797,-5.9677,-6.3961,-34.017,0.1661987,
2,51.196,2,3.409478,361.05,-1.840968,0.539956,-5.9677,-6.3961,-34.017,0.1661987,
2,51.206,2,3.411157,361.0539,-1.841648,0.5398894,-5.9677,-6.3961,-34.017,0.1661987,
2,51.216,2,3.413991,361.0477,-1.83592,0.5377636,-5.9677,-6.3961,-34.017,0.1661987,
2,51.226,2,3.409381,361.0378,-1.84123,0.5400483,-5.9677,-6.3961,-34.017,0.1661987,
2,51.236,2,3.410448,361.0267,-1.843539,0.5405564,-5.9677,-6.3961,-34.017,0.1661987,
2,51.246,2,3.413125,361.0298,-1.83733,0.538313,-5.9677,-6.3961,-34.017,0.1661987,
2,51.256,2,3.412213,361.0288,-1.836136,0.5381069,-5.9677,-6.3961,-34.017,0.1661987,
2,51.266,2,3.410432,361.0139,-1.839525,0.5393819,-5.9677,-6.3961,-34.017,0.1661987,
2,51.276,2,3.411693,361.0042,-1.83568,0.5380556,-5.9677,-6.3961,-34.017,0.1661987,
2,51.286,2,3.409936,360.9974,-1.834893,0.5381018,-5.9677,-6.3961,-34.017,0.1661987,
2,51.296,2,3.411354,360.9818,-1.838312,0.5388804,-5.9677,-6.3961,-34.017,0.1661987,
2,51.306,2,3.417285,360.9518,-1.842786,0.5392545,-5.9677,-6.3961,-34.017,0.1661987,
2,51.316,2,3.418877,360.8628,-1.846948,0.5402205,-5.9677,-6.3961,-34.017,0.1661987,
2,51.326,2,3.426471,360.9117,-1.850593,0.5400871,-5.9677,-6.3961,-34.017,0.1661987,
2,51.336,2,3.434816,360.8885,-1.839518,0.5355505,-5.9677,-6.3961,-34.017,0.1661987,
2,51.346,2,3.430589,360.8961,-1.847712,0.5385991,-5.9677,-6.3961,-34.017,0.1661987,
2,51.356,2,3.43281,360.8774,-1.845811,0.537697,-5.9677,-6.3961,-34.017,0.1661987,
2,51.366,2,3.433815,360.8762,-1.842247,0.5365017,-5.9677,-6.3961,-34.017,0.1661987,
2,51.376,2,3.428726,360.8966,-1.852804,0.5403768,-5.9677,-6.3961,-34.017,0.1661987,
2,51.386,2,3.429474,360.8638,-1.845827,0.5382246,-5.9677,-6.3961,-34.017,0.1661987,
2,51.396,2,3.431424,360.8637,-1.844354,0.5374895,-5.9677,-6.3961,-34.017,0.1661987,
2,51.406,2,3.430476,360.8538,-1.845283,0.5379088,-5.9677,-6.3961,-34.017,0.1661987,
2,51.416,2,3.430055,360.8426,-1.844131,0.537639,-5.9677,-6.3961,-34.017,0.1661987,
2,51.426,2,3.431023,360.8311,-1.835619,0.5350062,-5.9677,-6.3961,-34.017,0.1661987,
2,51.436,2,3.429244,360.8226,-1.836545,0.5355538,-5.9677,-6.3961,-34.017,0.1661987,
2,51.446,2,3.430372,360.8146,-1.837403,0.535628,-5.9677,-6.3961,-34.017,0.1661987,
2,51.456,2,3.43126,360.8015,-1.840191,0.5363017,-5.9677,-6.3961,-34.017,0.1661987,
2,51.466,2,3.433317,360.8051,-1.84375,0.5370169,-5.97645,-6.3961,-34.018,0.167202,
2,51.476,2,3.429373,360.7942,-1.851654,0.5399395,-5.97645,-6.3961,-34.018,0.167202,
2,51.486,2,3.428775,360.8037,-1.853659,0.5406184,-5.97645,-6.3961,-34.018,0.167202,
2,51.496,2,3.430999,360.8185,-1.856523,0.5411029,-5.97645,-6.3961,-34.018,0.167202,
2,51.506,2,3.429132,360.7817,-1.852373,0.5401872,-5.97645,-6.3961,-34.018,0.167202,
2,51.516,2,3.428106,360.782,-1.85184,0.5401932,-5.97645,-6.3961,-34.018,0.167202,
2,51.526,2,3.427419,360.766,-1.858422,0.542222,-5.97645,-6.3961,-34.018,0.167202,
2,51.536,2,3.42734,360.7657,-1.854273,0.541024,-5.97645,-6.3961,-34.018,0.167202,
2,51.546,2,3.430291,360.7608,-1.846291,0.5382315,-5.97645,-6.3961,-34.018,0.167202,
2,51.556,2,3.431293,360.7642,-1.843817,0.5373533,-5.97645,-6.3961,-34.018,0.167202,
2,51.566,2,3.430701,360.742,-1.840135,0.5363728,-5.97645,-6.3961,-34.018,0.167202,
2,51.576,2,3.434124,360.7287,-1.840718,0.536008,-5.97645,-6.3961,-34.018,0.167202,
2,51.586,2,3.437984,360.7026,-1.846234,0.5370107,-5.97645,-6.3961,-34.018,0.167202,
2,51.596,2,3.443468,360.6587,-1.852181,0.5378823,-5.97645,-6.3961,-34.018,0.167202,
2,51.606,2,3.450185,360.6682,-1.853374,0.5371812,-5.97645,-6.3961,-34.018,0.167202,
2,51.616,2,3.451375,360.617,-1.852964,0.536877,-5.97645,-6.3961,-34.018,0.167202,
2,51.626,2,3.448864,360.6187,-1.856992,0.5384358,-5.97645,-6.3961,-34.018,0.167202,
2,51.636,2,3.451292,360.6249,-1.860437,0.5390553,-5.97645,-6.3961,-34.018,0.167202,
2,51.646,2,3.448475,360.6189,-1.865096,0.5408465,-5.97645,-6.3961,-34.018,0.167202,
2,51.656,2,3.449568,360.6,-1.863774,0.5402918,-5.97645,-6.3961,-34.018,0.167202,
2,51.666,2,3.448084,360.5868,-1.863554,0.5404607,-5.97645,-6.3961,-34.018,0.167202,
2,51.676,2,3.448349,360.6016,-1.864679,0.5407454,-5.97645,-6.3961,-34.018,0.167202,
2,51.686,2,3.449439,360.5947,-1.861521,0.539659,-5.97645,-6.3961,-34.018,0.167202,
2,51.696,2,3.447272,360.6037,-1.86311,0.5404593,-5.97645,-6.3961,-34.018,0.167202,
2,51.706,2,3.446411,360.578,-1.859361,0.5395064,-5.97645,-6.3961,-34.018,0.167202,
2,51.716,2,3.447397,360.5637,-1.857351,0.5387692,-5.98577,-6.3961,-34.019,0.1682014,
2,51.726,2,3.445478,360.5739,-1.855043,0.5383993,-5.98577,-6.3961,-34.019,0.1682014,
2,51.736,2,3.44955,360.5552,-1.858989,0.5389076,-5.98577,-6.3961,-34.019,0.1682014,
2,51.746,2,3.44883,360.54,-1.860671,0.539508,-5.98577,-6.3961,-34.019,0.1682014,
2,51.756,2,3.444976,360.5215,-1.863774,0.541012,-5.98577,-6.3961,-34.019,0.1682014,
2,51.766,2,3.448226,360.5345,-1.859271,0.5391964,-5.98577,-6.3961,-34.019,0.1682014,
2,51.776,2,3.44889,360.5349,-1.855054,0.5378699,-5.98577,-6.3961,-34.019,0.1682014,
2,51.786,2,3.447135,360.5171,-1.861068,0.5398881,-5.98577,-6.3961,-34.019,0.1682014,
2,51.796,2,3.447414,360.5244,-1.857609,0.5388412,-5.98577,-6.3961,-34.019,0.1682014,
2,51.806,2,3.450458,360.5149,-1.856119,0.5379342,-5.98577,-6.3961,-34.019,0.1682014,
2,51.816,2,3.452223,360.4915,-1.860812,0.5390185,-5.98577,-6.3961,-34.019,0.1682014,
2,51.826,2,3.460582,360.4682,-1.86557,0.5390913,-5.98577,-6.3961,-34.019,0.1682014,
2,51.836,2,3.464164,360.4402,-1.860343,0.537025,-5.98577,-6.3961,-34.019,0.1682014,
2,51.846,2,3.468368,360.4097,-1.861325,0.5366572,-5.98577,-6.3961,-34.019,0.1682014,
2,51.856,2,3.469769,360.4057,-1.860209,0.5361191,-5.98577,-6.3961,-34.019,0.1682014,
2,51.866,2,3.466774,360.4087,-1.860486,0.536662,-5.98577,-6.3961,-34.019,0.1682014,
2,51.876,2,3.469538,360.386,-1.868137,0.5384398,-5.98577,-6.3961,-34.019,0.1682014,
2,51.886,2,3.465502,360.3826,-1.867712,0.5389442,-5.98577,-6.3961,-34.019,0.1682014,
2,51.896,2,3.465315,360.3862,-1.868529,0.5392089,-5.98577,-6.3961,-34.019,0.1682014,
2,51.906,2,3.464096,360.4273,-1.872043,0.5404131,-5.98577,-6.3961,-34.019,0.1682014,
2,51.916,2,3.467141,360.3598,-1.871495,0.5397806,-5.98577,-6.3961,-34.019,0.1682014,
2,51.926,2,3.462535,360.3535,-1.872947,0.5409177,-5.98577,-6.3961,-34.019,0.1682014,
2,51.936,2,3.46523,360.3475,-1.876343,0.541477,-5.98577,-6.3961,-34.019,0.1682014,
2,51.946,2,3.466485,360.3249,-1.873539,0.5404723,-5.98577,-6.3961,-34.019,0.1682014,
2,51.956,2,3.464342,360.3216,-1.875307,0.5413169,-5.98577,-6.3961,-34.019,0.1682014,
2,51.966,2,3.465096,360.3079,-1.876384,0.5415101,-5.98577,-6.3961,-34.019,0.1682014,
2,51.976,2,3.465024,360.3073,-1.872505,0.5404018,-5.99398,-6.3961,-34.02,0.1692009,
2,51.986,2,3.467895,360.3165,-1.871631,0.5397022,-5.99398,-6.3961,-34.02,0.1692009,
2,51.996,2,3.463907,360.3007,-1.875069,0.5413162,-5.99398,-6.3961,-34.02,0.1692009,
2,52.006,2,3.46471,360.2895,-1.868054,0.5391662,-5.99398,-6.3961,-34.02,0.1692009,
2,52.016,2,3.467288,360.284,-1.865358,0.5379876,-5.99398,-6.3961,-34.02,0.1692009,
2,52.026,2,3.465287,360.2745,-1.859946,0.5367365,-5.99398,-6.3961,-34.02,0.1692009,
2,52.036,2,3.466919,360.262,-1.859627,0.5363919,-5.99398,-6.3961,-34.02,0.1692009,
2,52.046,2,3.463882,360.267,-1.863021,0.5378419,-5.99398,-6.3961,-34.02,0.1692009,
2,52.056,2,3.464212,360.2231,-1.865411,0.5384806,-5.99398,-6.3961,-34.02,0.1692009,
2,52.066,2,3.465066,360.2873,-1.864586,0.5381097,-5.99398,-6.3961,-34.02,0.1692009,
2,52.076,2,3.465235,360.211,-1.8646,0.5380876,-5.99398,-6.3961,-34.02,0.1692009,
2,52.086,2,3.471278,360.2235,-1.865867,0.5375158,-5.99398,-6.3961,-34.02,0.1692009,
2,52.096,2,3.473586,360.2114,-1.869899,0.5383195,-5.99398,-6.3961,-34.02,0.1692009,
2,52.106,2,3.480784,360.1877,-1.872804,0.5380408,-5.99398,-6.3961,-34.02,0.1692009,
2,52.116,2,3.485598,360.1642,-1.87398,0.5376352,-5.99398,-6.3961,-34.02,0.1692009,
2,52.126,2,3.484788,360.1518,-1.872147,0.5372341,-5.99398,-6.3961,-34.02,0.1692009,
2,52.136,2,3.484691,360.1376,-1.874113,0.5378131,-5.99398,-6.3961,-34.02,0.1692009,
2,52.146,2,3.48647,360.1281,-1.876369,0.5381858,-5.99398,-6.3961,-34.02,0.1692009,
2,52.156,2,3.482856,360.1343,-1.872458,0.5376216,-5.99398,-6.3961,-34.02,0.1692009,
2,52.166,2,3.48344,360.1109,-1.871802,0.5373428,-5.99398,-6.3961,-34.02,0.1692009,
2,52.176,2,3.487029,360.105,-1.873087,0.5371584,-5.99398,-6.3961,-34.02,0.1692009,
2,52.186,2,3.485278,360.0989,-1.871012,0.536833,-5.99398,-6.3961,-34.02,0.1692009,
2,52.196,2,3.484499,360.1013,-1.874756,0.5380275,-5.99398,-6.3961,-34.02,0.1692009,
2,52.206,2,3.484508,360.0831,-1.875573,0.5382604,-5.99398,-6.3961,-34.02,0.1692009,
2,52.216,2,3.483788,360.0757,-1.875141,0.5382478,-6.00327,-6.3961,-34.021,0.1702003,
2,52.226,2,3.487319,360.0741,-1.876904,0.5382082,-6.00327,-6.3961,-34.021,0.1702003,
2,52.236,2,3.483151,360.0627,-1.878783,0.5393918,-6.00327,-6.3961,-34.021,0.1702003,
2,52.246,2,3.482561,360.0609,-1.879147,0.5395876,-6.00327,-6.3961,-34.021,0.1702003,
2,52.256,2,3.486196,360.0852,-1.878775,0.5389184,-6.00327,-6.3961,-34.021,0.1702003,
2,52.266,2,3.484479,360.0514,-1.876435,0.5385123,-6.00327,-6.3961,-34.021,0.1702003,
2,52.276,2,3.48222,360.0473,-1.877947,0.5392959,-6.00327,-6.3961,-34.021,0.1702003,
2,52.286,2,3.485017,360.0293,-1.877138,0.5386308,-6.00327,-6.3961,-34.021,0.1702003,
2,52.296,2,3.483907,360.0208,-1.876557,0.5386357,-6.00327,-6.3961,-34.021,0.1702003,
2,52.306,2,3.48318,360.0116,-1.874413,0.5381327,-6.00327,-6.3961,-34.021,0.1702003,
2,52.316,2,3.487275,360.0089,-1.87563,0.5378497,-6.00327,-6.3961,-34.021,0.1702003,
2,52.326,2,3.48284,360.0076,-1.874758,0.5382844,-6.00327,-6.3961,-34.021,0.1702003,
2,52.336,2,3.48412,360.0021,-1.879534,0.5394573,-6.00327,-6.3961,-34.021,0.1702003,
2,52.346,2,3.490048,359.9705,-1.881207,0.5390204,-6.00327,-6.3961,-34.021,0.1702003,
2,52.356,2,3.493765,359.9439,-1.880569,0.5382645,-6.00327,-6.3961,-34.021,0.1702003,
2,52.366,2,3.502652,359.9349,-1.882197,0.5373635,-6.00327,-6.3961,-34.021,0.1702003,
2,52.376,2,3.50353,359.9221,-1.885537,0.5381819,-6.00327,-6.3961,-34.021,0.1702003,
2,52.386,2,3.501556,359.9083,-1.88705,0.5389174,-6.00327,-6.3961,-34.021,0.1702003,
2,52.396,2,3.502341,359.9128,-1.886342,0.5385944,-6.00327,-6.3961,-34.021,0.1702003,
2,52.406,2,3.500662,359.8977,-1.88771,0.5392437,-6.00327,-6.3961,-34.021,0.1702003,
2,52.416,2,3.500625,359.8834,-1.886169,0.5388091,-6.00327,-6.3961,-34.021,0.1702003,
2,52.426,2,3.503279,359.8797,-1.884141,0.5378222,-6.00327,-6.3961,-34.021,0.1702003,
2,52.436,2,3.500326,359.8638,-1.88339,0.5380614,-6.00327,-6.3961,-34.021,0.1702003,
2,52.446,2,3.502372,359.8559,-1.882943,0.5376194,-6.00327,-6.3961,-34.021,0.1702003,
2,52.456,2,3.502341,359.851,-1.885959,0.5384851,-6.01095,-6.3961,-34.022,0.1711998,
2,52.466,2,3.502346,359.8422,-1.884497,0.538067,-6.01095,-6.3961,-34.022,0.1711998,
2,52.476,2,3.498023,359.839,-1.883973,0.5385823,-6.01095,-6.3961,-34.022,0.1711998,
2,52.486,2,3.498602,359.7718,-1.887728,0.5395663,-6.01095,-6.3961,-34.022,0.1711998,
2,52.496,2,3.500041,359.8163,-1.887384,0.5392464,-6.01095,-6.3961,-34.022,0.1711998,
2,52.506,2,3.500217,359.8073,-1.887295,0.5391937,-6.01095,-6.3961,-34.022,0.1711998,
2,52.516,2,3.496917,359.8005,-1.891059,0.5407789,-6.01095,-6.3961,-34.022,0.1711998,
2,52.526,2,3.497241,359.8167,-1.889653,0.5403268,-6.01095,-6.3961,-34.022,0.1711998,
2,52.536,2,3.499472,359.7626,-1.887987,0.5395061,-6.01095,-6.3961,-34.022,0.1711998,
2,52.546,2,3.495912,359.7933,-1.891676,0.5411111,-6.01095,-6.3961,-34.022,0.1711998,
2,52.556,2,3.497903,359.7945,-1.890033,0.5403332,-6.01095,-6.3961,-34.022,0.1711998,
2,52.566,2,3.498269,359.7897,-1.888046,0.5397084,-6.01095,-6.3961,-34.022,0.1711998,
2,52.576,2,3.499086,359.7706,-1.889611,0.54003,-6.01095,-6.3961,-34.022,0.1711998,
2,52.586,2,3.508408,359.7516,-1.88725,0.5379219,-6.01095,-6.3961,-34.022,0.1711998,
2,52.596,2,3.509914,359.7169,-1.888718,0.5381094,-6.01095,-6.3961,-34.022,0.1711998,
2,52.606,2,3.515015,359.6935,-1.891116,0.5380107,-6.01095,-6.3961,-34.022,0.1711998,
2,52.616,2,3.519246,359.6724,-1.89207,0.5376351,-6.01095,-6.3961,-34.022,0.1711998,
2,52.626,2,3.51901,359.6625,-1.89412,0.5382537,-6.01095,-6.3961,-34.022,0.1711998,
2,52.636,2,3.517225,359.661,-1.896044,0.5390739,-6.01095,-6.3961,-34.022,0.1711998,
2,52.646,2,3.519078,359.6512,-1.895844,0.5387332,-6.01095,-6.3961,-34.022,0.1711998,
2,52.656,2,3.518243,359.6565,-1.898108,0.5395047,-6.01095,-6.3961,-34.022,0.1711998,
2,52.666,2,3.518307,359.664,-1.897271,0.5392569,-6.01095,-6.3961,-34.022,0.1711998,
2,52.676,2,3.518512,359.6383,-1.8977,0.5393472,-6.01095,-6.3961,-34.022,0.1711998,
2,52.686,2,3.517691,359.6224,-1.899379,0.5399506,-6.01095,-6.3961,-34.022,0.1711998,
2,52.696,2,3.518888,359.6158,-1.899608,0.5398318,-6.02023,-6.3961,-34.023,0.1721992,
2,52.706,2,3.516218,359.6104,-1.899385,0.5401785,-6.02023,-6.3961,-34.023,0.1721992,
2,52.716,2,3.514711,359.6074,-1.898869,0.5402633,-6.02023,-6.3961,-34.023,0.1721992,
2,52.726,2,3.517755,359.6047,-1.899216,0.5398945,-6.02023,-6.3961,-34.023,0.1721992,
2,52.736,2,3.515859,359.5857,-1.895277,0.5390651,-6.02023,-6.3961,-34.023,0.1721992,
2,52.746,2,3.513307,359.5851,-1.894547,0.5392487,-6.02023,-6.3961,-34.023,0.1721992,
2,52.756,2,3.515057,359.5669,-1.897789,0.5399028,-6.02023,-6.3961,-34.023,0.1721992,
2,52.766,2,3.51566,359.564,-1.896135,0.5393398,-6.02023,-6.3961,-34.023,0.1721992,
2,52.776,2,3.516685,359.5801,-1.896578,0.5393085,-6.02023,-6.3961,-34.023,0.1721992,
2,52.786,2,3.515241,359.5348,-1.899805,0.5404481,-6.02023,-6.3961,-34.023,0.1721992,
2,52.796,2,3.512865,359.5344,-1.899415,0.5407025,-6.02023,-6.3961,-34.023,0.1721992,
2,52.806,2,3.514475,359.5414,-1.900202,0.5406789,-6.02023,-6.3961,-34.023,0.1721992,
2,52.816,2,3.517553,359.5145,-1.902819,0.5409495,-6.02023,-6.3961,-34.023,0.1721992,
2,52.826,2,3.522151,359.5143,-1.901858,0.5399705,-6.02023,-6.3961,-34.023,0.1721992,
2,52.836,2,3.527053,359.4648,-1.905536,0.5402631,-6.02023,-6.3961,-34.023,0.1721992,
2,52.846,2,3.53257,359.4675,-1.905573,0.5394298,-6.02023,-6.3961,-34.023,0.1721992,
2,52.856,2,3.533989,359.4351,-1.904302,0.5388535,-6.02023,-6.3961,-34.023,0.1721992,
2,52.866,2,3.537263,359.4628,-1.90592,0.538812,-6.02023,-6.3961,-34.023,0.1721992,
2,52.876,2,3.536048,359.4276,-1.90701,0.5393054,-6.02023,-6.3961,-34.023,0.1721992,
2,52.886,2,3.535074,359.4205,-1.902556,0.5381942,-6.02023,-6.3961,-34.023,0.1721992,
2,52.896,2,3.533408,359.4209,-1.905312,0.539228,-6.02023,-6.3961,-34.023,0.1721992,
2,52.906,2,3.537487,359.3994,-1.906559,0.5389587,-6.02023,-6.3961,-34.023,0.1721992,
2,52.916,2,3.536086,359.3909,-1.907588,0.539463,-6.02023,-6.3961,-34.023,0.1721992,
2,52.926,2,3.534697,359.3696,-1.908112,0.5398232,-6.02023,-6.3961,-34.023,0.1721992,
2,52.936,2,3.536033,359.369,-1.909153,0.5399139,-6.02023,-6.3961,-34.023,0.1721992,
2,52.946,2,3.534535,359.3779,-1.907204,0.5395911,-6.02023,-6.3961,-34.023,0.1721992,
2,52.956,2,3.53415,359.3623,-1.911067,0.5407429,-6.02023,-6.3961,-34.023,0.1721992,
2,52.966,2,3.534402,359.3535,-1.912068,0.5409878,-6.02847,-6.3961,-34.0239,0.1730995,
2,52.976,2,3.534422,359.3498,-1.91114,0.5407221,-6.02847,-6.3961,-34.0239,0.1730995,
2,52.986,2,3.534142,359.341,-1.913075,0.5413125,-6.02847,-6.3961,-34.0239,0.1730995,
2,52.996,2,3.530811,359.3372,-1.91276,0.5417338,-6.02847,-6.3961,-34.0239,0.1730995,
2,53.006,2,3.531415,359.3269,-1.91155,0.5412986,-6.02847,-6.3961,-34.0239,0.1730995,
2,53.016,2,3.533533,359.3137,-1.911872,0.5410652,-6.02847,-6.3961,-34.0239,0.1730995,
2,53.026,2,3.530746,359.3142,-1.909615,0.540853,-6.02847,-6.3961,-34.0239,0.1730995,
2,53.036,2,3.532555,359.3001,-1.907988,0.5401155,-6.02847,-6.3961,-34.0239,0.1730995,
2,53.046,2,3.533166,359.3029,-1.910597,0.5407607,-6.02847,-6.3961,-34.0239,0.1730995,
2,53.056,2,3.530895,359.3077,-1.914473,0.5422061,-6.02847,-6.3961,-34.0239,0.1730995,
2,53.066,2,3.531383,359.3181,-1.911039,0.5411589,-6.02847,-6.3961,-34.0239,0.1730995,
2,53.076,2,3.537289,359.3218,-1.912236,0.5405936,-6.02847,-6.3961,-34.0239,0.1730995,
2,53.086,2,3.541898,359.2474,-1.915296,0.5407541,-6.02847,-6.3961,-34.0239,0.1730995,
2,53.096,2,3.543816,359.2228,-1.919345,0.5416041,-6.02847,-6.3961,-34.0239,0.1730995,
2,53.106,2,3.55102,359.2097,-1.920915,0.5409473,-6.02847,-6.3961,-34.0239,0.1730995,
2,53.116,2,3.553025,359.1972,-1.922738,0.5411552,-6.02847,-6.3961,-34.0239,0.1730995,
2,53.126,2,3.55429,359.1868,-1.921976,0.5407482,-6.02847,-6.3961,-34.0239,0.1730995,
2,53.136,2,3.554358,359.1591,-1.923886,0.5412754,-6.02847,-6.3961,-34.0239,0.1730995,
2,53.146,2,3.55204,359.1663,-1.92206,0.5411143,-6.02847,-6.3961,-34.0239,0.1730995,
2,53.156,2,3.556971,359.1655,-1.918772,0.5394399,-6.02847,-6.3961,-34.0239,0.1730995,
2,53.166,2,3.55017,359.1537,-1.919713,0.5407382,-6.02847,-6.3961,-34.0239,0.1730995,
2,53.176,2,3.548708,359.1462,-1.918316,0.5405675,-6.02847,-6.3961,-34.0239,0.1730995,
2,53.186,2,3.55332,359.1349,-1.914362,0.5387529,-6.02847,-6.3961,-34.0239,0.1730995,
2,53.196,2,3.554746,359.1232,-1.916822,0.5392289,-6.02847,-6.3961,-34.0239,0.1730995,
2,53.206,2,3.548,359.1098,-1.921649,0.5416148,-6.0372,-6.3961,-34.0249,0.174099,
2,53.216,2,3.546806,359.1158,-1.922764,0.5421115,-6.0372,-6.3961,-34.0249,0.174099,
2,53.226,2,3.552748,359.0919,-1.920914,0.5406841,-6.0372,-6.3961,-34.0249,0.174099,
2,53.236,2,3.554226,359.0901,-1.92144,0.5406072,-6.0372,-6.3961,-34.0249,0.174099,
2,53.246,2,3.548431,359.0731,-1.925351,0.5425922,-6.0372,-6.3961,-34.0249,0.174099,
2,53.256,2,3.545995,359.0858,-1.925762,0.5430809,-6.0372,-6.3961,-34.0249,0.174099,
2,53.266,2,3.550534,359.0805,-1.923692,0.5418037,-6.0372,-6.3961,-34.0249,0.174099,
2,53.276,2,3.549837,359.094,-1.9253,0.5423629,-6.0372,-6.3961,-34.0249,0.174099,
2,53.286,2,3.551274,359.0656,-1.925228,0.5421231,-6.0372,-6.3961,-34.0249,0.174099,
2,53.296,2,3.552913,359.0634,-1.923216,0.5413069,-6.0372,-6.3961,-34.0249,0.174099,
2,53.306,2,3.551511,359.0479,-1.921318,0.540986,-6.0372,-6.3961,-34.0249,0.174099,
2,53.316,2,3.550207,359.0442,-1.921568,0.5412551,-6.0372,-6.3961,-34.0249,0.174099,
2,53.326,2,3.55299,359.0458,-1.918313,0.5399149,-6.0372,-6.3961,-34.0249,0.174099,
2,53.336,2,3.554211,359.0061,-1.919765,0.5401382,-6.0372,-6.3961,-34.0249,0.174099,
2,53.346,2,3.559692,358.9818,-1.925853,0.5410166,-6.0372,-6.3961,-34.0249,0.174099,
2,53.356,2,3.564522,358.9546,-1.927227,0.5406691,-6.0372,-6.3961,-34.0249,0.174099,
2,53.366,2,3.566832,358.956,-1.930594,0.541263,-6.0372,-6.3961,-34.0249,0.174099,
2,53.376,2,3.569304,358.9316,-1.934597,0.5420097,-6.0372,-6.3961,-34.0249,0.174099,
2,53.386,2,3.566769,358.9252,-1.933756,0.5421592,-6.0372,-6.3961,-34.0249,0.174099,
2,53.396,2,3.56914,358.9232,-1.93292,0.5415646,-6.0372,-6.3961,-34.0249,0.174099,
2,53.406,2,3.570156,358.9127,-1.933834,0.5416665,-6.0372,-6.3961,-34.0249,0.174099,
2,53.416,2,3.567605,358.9012,-1.935895,0.5426315,-6.0372,-6.3961,-34.0249,0.174099,
2,53.426,2,3.568209,358.9353,-1.934408,0.542123,-6.0372,-6.3961,-34.0249,0.174099,
2,53.436,2,3.567973,358.8846,-1.932611,0.5416552,-6.0372,-6.3961,-34.0249,0.174099,
2,53.446,2,3.569413,358.891,-1.930323,0.5407956,-6.0372,-6.3961,-34.0249,0.174099,
2,53.456,2,3.571167,358.8725,-1.932705,0.541197,-6.0372,-6.3961,-34.0249,0.174099,
2,53.466,2,3.571213,358.8644,-1.928783,0.5400917,-6.0372,-6.3961,-34.0249,0.174099,
2,53.476,2,3.565033,358.862,-1.928241,0.540876,-6.04595,-6.3961,-34.0258,0.1749992,
2,53.486,2,3.567112,358.8421,-1.928954,0.5407608,-6.04595,-6.3961,-34.0258,0.1749992,
2,53.496,2,3.571659,358.8396,-1.929794,0.5403074,-6.04595,-6.3961,-34.0258,0.1749992,
2,53.506,2,3.565618,358.8362,-1.934118,0.5424356,-6.04595,-6.3961,-34.0258,0.1749992,
2,53.516,2,3.56498,358.8305,-1.936632,0.5432377,-6.04595,-6.3961,-34.0258,0.1749992,
2,53.526,2,3.565698,358.8101,-1.93301,0.5421126,-6.04595,-6.3961,-34.0258,0.1749992,
2,53.536,2,3.567937,358.8087,-1.932846,0.5417264,-6.04595,-6.3961,-34.0258,0.1749992,
2,53.546,2,3.566435,358.816,-1.93487,0.5425222,-6.04595,-6.3961,-34.0258,0.1749992,
2,53.556,2,3.566062,358.8082,-1.93336,0.5421556,-6.04595,-6.3961,-34.0258,0.1749992,
2,53.566,2,3.565995,358.8117,-1.933879,0.5423112,-6.04595,-6.3961,-34.0258,0.1749992,
2,53.576,2,3.566684,358.7881,-1.937332,0.5431747,-6.04595,-6.3961,-34.0258,0.1749992,
2,53.586,2,3.570082,358.791,-1.932753,0.5413749,-6.04595,-6.3961,-34.0258,0.1749992,
2,53.596,2,3.576273,358.7599,-1.933796,0.5407293,-6.04595,-6.3961,-34.0258,0.1749992,
2,53.606,2,3.578584,358.7275,-1.935026,0.540724,-6.04595,-6.3961,-34.0258,0.1749992,
2,53.616,2,3.582941,358.7023,-1.936525,0.5404849,-6.04595,-6.3961,-34.0258,0.1749992,
2,53.626,2,3.588,358.6951,-1.93914,0.5404515,-6.04595,-6.3961,-34.0258,0.1749992,
2,53.636,2,3.586602,358.67,-1.942892,0.5417082,-6.04595,-6.3961,-34.0258,0.1749992,
2,53.646,2,3.583888,358.6597,-1.941281,0.5416691,-6.04595,-6.3961,-34.0258,0.1749992,
2,53.656,2,3.580464,358.6242,-1.944077,0.5429679,-6.04595,-6.3961,-34.0258,0.1749992,
2,53.666,2,3.586127,358.6546,-1.944479,0.5422227,-6.04595,-6.3961,-34.0258,0.1749992,
2,53.676,2,3.587281,358.6405,-1.942696,0.541551,-6.04595,-6.3961,-34.0258,0.1749992,
2,53.686,2,3.583918,358.6454,-1.946442,0.5431046,-6.04595,-6.3961,-34.0258,0.1749992,
2,53.696,2,3.581799,358.6278,-1.94921,0.5441986,-6.04595,-6.3961,-34.0258,0.1749992,
2,53.706,2,3.587683,358.6138,-1.94664,0.5425897,-6.04595,-6.3961,-34.0258,0.1749992,
2,53.716,2,3.585053,358.6359,-1.945536,0.5426799,-6.05363,-6.3961,-34.0268,0.1759987,
2,53.726,2,3.584314,358.607,-1.945965,0.5429115,-6.05363,-6.3961,-34.0268,0.1759987,
2,53.736,2,3.581873,358.6119,-1.943601,0.5426215,-6.05363,-6.3961,-34.0268,0.1759987,
2,53.746,2,3.582655,358.5937,-1.941015,0.5417811,-6.05363,-6.3961,-34.0268,0.1759987,
2,53.756,2,3.585593,358.59,-1.941289,0.5414137,-6.05363,-6.3961,-34.0268,0.1759987,
2,53.766,2,3.584655,358.5929,-1.941698,0.5416694,-6.05363,-6.3961,-34.0268,0.1759987,
2,53.776,2,3.582957,358.5735,-1.942531,0.5421585,-6.05363,-6.3961,-34.0268,0.1759987,
2,53.786,2,3.583435,358.5742,-1.942562,0.5420949,-6.05363,-6.3961,-34.0268,0.1759987,
2,53.796,2,3.586911,358.5574,-1.945155,0.5422927,-6.05363,-6.3961,-34.0268,0.1759987,
2,53.806,2,3.595649,358.5165,-1.947678,0.5416763,-6.05363,-6.3961,-34.0268,0.1759987,
2,53.816,2,3.599207,358.4869,-1.949632,0.5416837,-6.05363,-6.3961,-34.0268,0.1759987,
2,53.826,2,3.600739,358.4718,-1.953531,0.542536,-6.05363,-6.3961,-34.0268,0.1759987,
2,53.836,2,3.603949,358.4921,-1.956409,0.5428513,-6.05363,-6.3961,-34.0268,0.1759987,
2,53.846,2,3.607795,358.4622,-1.953496,0.5414654,-6.05363,-6.3961,-34.0268,0.1759987,
2,53.856,2,3.604502,358.4565,-1.957143,0.5429718,-6.05363,-6.3961,-34.0268,0.1759987,
2,53.866,2,3.601918,358.4547,-1.961519,0.5445763,-6.05363,-6.3961,-34.0268,0.1759987,
2,53.876,2,3.601719,358.4326,-1.955481,0.54293,-6.05363,-6.3961,-34.0268,0.1759987,
2,53.886,2,3.604645,358.4256,-1.952336,0.5416169,-6.05363,-6.3961,-34.0268,0.1759987,
2,53.896,2,3.603206,358.4203,-1.953502,0.5421567,-6.05363,-6.3961,-34.0268,0.1759987,
2,53.906,2,3.602808,358.4059,-1.954181,0.5424048,-6.05363,-6.3961,-34.0268,0.1759987,
2,53.916,2,3.600545,358.4005,-1.954417,0.5428114,-6.05363,-6.3961,-34.0268,0.1759987,
2,53.926,2,3.599056,358.3846,-1.957541,0.5439041,-6.05363,-6.3961,-34.0268,0.1759987,
2,53.936,2,3.600798,358.3759,-1.956528,0.5433596,-6.05363,-6.3961,-34.0268,0.1759987,
2,53.946,2,3.6036,358.3798,-1.954009,0.542238,-6.05363,-6.3961,-34.0268,0.1759987,
2,53.956,2,3.601008,358.3394,-1.955907,0.5431553,-6.06182,-6.3961,-34.0278,0.177002,
2,53.966,2,3.600118,358.3528,-1.953792,0.5427021,-6.06182,-6.3961,-34.0278,0.177002,
2,53.976,2,3.601546,358.3498,-1.958175,0.543704,-6.06182,-6.3961,-34.0278,0.177002,
2,53.986,2,3.601644,358.3361,-1.960033,0.5442051,-6.06182,-6.3961,-34.0278,0.177002,
2,53.996,2,3.602277,358.3332,-1.958835,0.543777,-6.06182,-6.3961,-34.0278,0.177002,
2,54.006,2,3.600832,358.3029,-1.958484,0.5438976,-6.06182,-6.3961,-34.0278,0.177002,
2,54.016,2,3.601909,358.3185,-1.961423,0.5445511,-6.06182,-6.3961,-34.0278,0.177002,
2,54.026,2,3.603623,358.3198,-1.958077,0.5433635,-6.06182,-6.3961,-34.0278,0.177002,
2,54.036,2,3.599799,358.3279,-1.958089,0.543944,-6.06182,-6.3961,-34.0278,0.177002,
2,54.046,2,3.600555,358.3098,-1.956201,0.5433052,-6.06182,-6.3961,-34.0278,0.177002,
2,54.056,2,3.602249,358.2899,-1.95387,0.5424028,-6.06182,-6.3961,-34.0278,0.177002,
2,54.066,2,3.604022,358.2933,-1.958971,0.5435514,-6.06182,-6.3961,-34.0278,0.177002,
2,54.076,2,3.608944,358.2721,-1.958943,0.5428024,-6.06182,-6.3961,-34.0278,0.177002,
2,54.086,2,3.614233,358.2309,-1.958611,0.5419161,-6.06182,-6.3961,-34.0278,0.177002,
2,54.096,2,3.61646,358.1971,-1.96732,0.5439906,-6.06182,-6.3961,-34.0278,0.177002,
2,54.106,2,3.620165,358.185,-1.968705,0.5438164,-6.06182,-6.3961,-34.0278,0.177002,
2,54.116,2,3.622729,358.199,-1.964923,0.5423875,-6.06182,-6.3961,-34.0278,0.177002,
2,54.126,2,3.619438,358.1787,-1.967577,0.5436139,-6.06182,-6.3961,-34.0278,0.177002,
2,54.136,2,3.620202,358.1678,-1.970623,0.5443405,-6.06182,-6.3961,-34.0278,0.177002,
2,54.146,2,3.621552,358.1741,-1.966408,0.542974,-6.06182,-6.3961,-34.0278,0.177002,
2,54.156,2,3.620868,358.167,-1.970689,0.5442586,-6.06182,-6.3961,-34.0278,0.177002,
2,54.166,2,3.620756,358.149,-1.969528,0.5439548,-6.06182,-6.3961,-34.0278,0.177002,
2,54.176,2,3.620922,358.1383,-1.96626,0.5430275,-6.06182,-6.3961,-34.0278,0.177002,
2,54.186,2,3.620261,358.1301,-1.96596,0.5430436,-6.06182,-6.3961,-34.0278,0.177002,
2,54.196,2,3.622119,358.1219,-1.96326,0.5420197,-6.06182,-6.3961,-34.0278,0.177002,
2,54.206,2,3.618301,358.1166,-1.960792,0.5419096,-6.06182,-6.3961,-34.0278,0.177002,
2,54.216,2,3.619243,358.1,-1.966122,0.5432411,-6.06182,-6.3961,-34.0278,0.177002,
2,54.226,2,3.618812,358.0952,-1.964933,0.5429773,-6.07113,-6.3961,-34.0287,0.1779022,
2,54.236,2,3.618818,358.1022,-1.965169,0.5430416,-6.07113,-6.3961,-34.0287,0.1779022,
2,54.246,2,3.619272,358.1171,-1.967339,0.5435733,-6.07113,-6.3961,-34.0287,0.1779022,
2,54.256,2,3.619857,358.0806,-1.96687,0.5433556,-6.07113,-6.3961,-34.0287,0.1779022,
2,54.266,2,3.61486,358.0735,-1.970855,0.5452092,-6.07113,-6.3961,-34.0287,0.1779022,
2,54.276,2,3.616609,358.0664,-1.973512,0.5456803,-6.07113,-6.3961,-34.0287,0.1779022,
2,54.286,2,3.617023,358.0581,-1.970047,0.5446598,-6.07113,-6.3961,-34.0287,0.1779022,
2,54.296,2,3.61503,358.0406,-1.970128,0.5449824,-6.07113,-6.3961,-34.0287,0.1779022,
2,54.306,2,3.613741,358.0315,-1.975381,0.5466307,-6.07113,-6.3961,-34.0287,0.1779022,
2,54.316,2,3.616158,358.0319,-1.970802,0.544999,-6.07113,-6.3961,-34.0287,0.1779022,
2,54.326,2,3.617495,358.0465,-1.967436,0.5438671,-6.07113,-6.3961,-34.0287,0.1779022,
2,54.336,2,3.61737,358.0293,-1.969685,0.5445075,-6.07113,-6.3961,-34.0287,0.1779022,
2,54.346,2,3.623488,357.9962,-1.966996,0.5428459,-6.07113,-6.3961,-34.0287,0.1779022,
2,54.356,2,3.629279,357.9775,-1.968823,0.5424832,-6.07113,-6.3961,-34.0287,0.1779022,
2,54.366,2,3.635196,357.9489,-1.971202,0.5422546,-6.07113,-6.3961,-34.0287,0.1779022,
2,54.376,2,3.637836,357.9317,-1.974269,0.5427042,-6.07113,-6.3961,-34.0287,0.1779022,
2,54.386,2,3.635817,357.9239,-1.976278,0.5435581,-6.07113,-6.3961,-34.0287,0.1779022,
2,54.396,2,3.635679,357.9071,-1.976323,0.543591,-6.07113,-6.3961,-34.0287,0.1779022,
2,54.406,2,3.635362,357.9038,-1.976987,0.5438213,-6.07113,-6.3961,-34.0287,0.1779022,
2,54.416,2,3.633666,357.8719,-1.981654,0.5453594,-6.07113,-6.3961,-34.0287,0.1779022,
2,54.426,2,3.638591,357.8768,-1.980581,0.5443262,-6.07113,-6.3961,-34.0287,0.1779022,
2,54.436,2,3.637574,357.8931,-1.977287,0.543573,-6.07113,-6.3961,-34.0287,0.1779022,
2,54.446,2,3.635452,357.8817,-1.980266,0.5447099,-6.07113,-6.3961,-34.0287,0.1779022,
2,54.456,2,3.6372,357.8659,-1.981295,0.5447309,-6.07113,-6.3961,-34.0287,0.1779022,
2,54.466,2,3.638871,357.8667,-1.977968,0.5435663,-6.07933,-6.3961,-34.0297,0.1789017,
2,54.476,2,3.632101,357.8396,-1.978117,0.5446208,-6.07933,-6.3961,-34.0297,0.1789017,
2,54.486,2,3.63635,357.8393,-1.974963,0.5431169,-6.07933,-6.3961,-34.0297,0.1789017,
2,54.496,2,3.635257,357.8327,-1.975718,0.5434878,-6.07933,-6.3961,-34.0297,0.1789017,
2,54.506,2,3.634729,357.8174,-1.977004,0.5439205,-6.07933,-6.3961,-34.0297,0.1789017,
2,54.516,2,3.637114,357.7733,-1.98159,0.5448247,-6.07933,-6.3961,-34.0297,0.1789017,
2,54.526,2,3.632571,357.8438,-1.97996,0.5450575,-6.07933,-6.3961,-34.0297,0.1789017,
2,54.536,2,3.634985,357.8367,-1.98131,0.545067,-6.07933,-6.3961,-34.0297,0.1789017,
2,54.546,2,3.633773,357.7887,-1.980586,0.5450495,-6.07933,-6.3961,-34.0297,0.1789017,
2,54.556,2,3.630618,357.7856,-1.980472,0.5454916,-6.07933,-6.3961,-34.0297,0.1789017,
2,54.566,2,3.63493,357.7928,-1.984562,0.5459698,-6.07933,-6.3961,-34.0297,0.1789017,
2,54.576,2,3.635067,357.7695,-1.983417,0.5456342,-6.07933,-6.3961,-34.0297,0.1789017,
2,54.586,2,3.638651,357.7435,-1.981166,0.5444783,-6.07933,-6.3961,-34.0297,0.1789017,
2,54.596,2,3.646767,357.7446,-1.987664,0.5450484,-6.07933,-6.3961,-34.0297,0.1789017,
2,54.606,2,3.652517,357.698,-1.986745,0.5439386,-6.07933,-6.3961,-34.0297,0.1789017,
2,54.616,2,3.653073,357.6986,-1.986128,0.5436868,-6.07933,-6.3961,-34.0297,0.1789017,
2,54.626,2,3.653533,357.675,-1.988016,0.5441354,-6.07933,-6.3961,-34.0297,0.1789017,
2,54.636,2,3.654965,357.6748,-1.98451,0.5429629,-6.07933,-6.3961,-34.0297,0.1789017,
2,54.646,2,3.653609,357.6524,-1.983028,0.5427588,-6.07933,-6.3961,-34.0297,0.1789017,
2,54.656,2,3.654936,357.6375,-1.988896,0.5441671,-6.07933,-6.3961,-34.0297,0.1789017,
2,54.666,2,3.65387,357.644,-1.987813,0.5440294,-6.07933,-6.3961,-34.0297,0.1789017,
2,54.676,2,3.652044,357.6466,-1.990357,0.5449979,-6.07933,-6.3961,-34.0297,0.1789017,
2,54.686,2,3.65527,357.6205,-1.992392,0.5450738,-6.07933,-6.3961,-34.0297,0.1789017,
2,54.696,2,3.653729,357.6159,-1.98978,0.5445888,-6.08862,-6.3961,-34.0306,0.1798019,
2,54.706,2,3.653678,357.5941,-1.992133,0.5452403,-6.08862,-6.3961,-34.0306,0.1798019,
2,54.716,2,3.655032,357.6005,-1.996063,0.5461138,-6.08862,-6.3961,-34.0306,0.1798019,
2,54.726,2,3.652897,357.6038,-1.992468,0.5454487,-6.08862,-6.3961,-34.0306,0.1798019,
2,54.736,2,3.652594,357.5897,-1.99563,0.5463596,-6.08862,-6.3961,-34.0306,0.1798019,
2,54.746,2,3.652698,357.5879,-1.993676,0.5458093,-6.08862,-6.3961,-34.0306,0.1798019,
2,54.756,2,3.651458,357.5809,-1.990909,0.5452366,-6.08862,-6.3961,-34.0306,0.1798019,
2,54.766,2,3.652126,357.5781,-1.993361,0.5458083,-6.08862,-6.3961,-34.0306,0.1798019,
2,54.776,2,3.653761,357.5677,-1.990062,0.5446611,-6.08862,-6.3961,-34.0306,0.1798019,
2,54.786,2,3.653293,357.5495,-1.986891,0.5438631,-6.08862,-6.3961,-34.0306,0.1798019,
2,54.796,2,3.651736,357.5455,-1.989277,0.5447483,-6.08862,-6.3961,-34.0306,0.1798019,
2,54.806,2,3.65284,357.5219,-1.98729,0.5440396,-6.08862,-6.3961,-34.0306,0.1798019,
2,54.816,2,3.655338,357.5296,-1.991861,0.5449185,-6.08862,-6.3961,-34.0306,0.1798019,
2,54.826,2,3.658111,357.4716,-1.993798,0.5450348,-6.08862,-6.3961,-34.0306,0.1798019,
2,54.836,2,3.664078,357.4771,-1.995095,0.5445012,-6.08862,-6.3961,-34.0306,0.1798019,
2,54.846,2,3.668362,357.4497,-1.998415,0.5447704,-6.08862,-6.3961,-34.0306,0.1798019,
2,54.856,2,3.67017,357.4462,-2.001572,0.5453624,-6.08862,-6.3961,-34.0306,0.1798019,
2,54.866,2,3.671035,357.431,-2.000823,0.5450295,-6.08862,-6.3961,-34.0306,0.1798019,
2,54.876,2,3.671053,357.4248,-2.001661,0.5452553,-6.08862,-6.3961,-34.0306,0.1798019,
2,54.886,2,3.670654,357.4408,-2.00049,0.5449955,-6.08862,-6.3961,-34.0306,0.1798019,
2,54.896,2,3.669458,357.4081,-2.000406,0.5451503,-6.08862,-6.3961,-34.0306,0.1798019,
2,54.906,2,3.668475,357.4003,-1.998625,0.5448108,-6.08862,-6.3961,-34.0306,0.1798019,
2,54.916,2,3.667844,357.3928,-1.998735,0.5449346,-6.08862,-6.3961,-34.0306,0.1798019,
2,54.926,2,3.668868,357.3818,-1.997223,0.5443703,-6.08862,-6.3961,-34.0306,0.1798019,
2,54.936,2,3.668693,357.3691,-1.995575,0.5439473,-6.08862,-6.3961,-34.0306,0.1798019,
2,54.946,2,3.670016,357.3715,-1.996242,0.5439326,-6.09685,-6.3961,-34.0316,0.1808014,
2,54.956,2,3.668534,357.3571,-1.997321,0.5444466,-6.09685,-6.3961,-34.0316,0.1808014,
2,54.966,2,3.668498,357.3531,-1.997707,0.5445572,-6.09685,-6.3961,-34.0316,0.1808014,
2,54.976,2,3.668248,357.347,-2.000174,0.5452669,-6.09685,-6.3961,-34.0316,0.1808014,
2,54.986,2,3.668998,357.3351,-1.99972,0.5450317,-6.09685,-6.3961,-34.0316,0.1808014,
2,54.996,2,3.667222,357.3425,-2.001559,0.545797,-6.09685,-6.3961,-34.0316,0.1808014,
2,55.006,2,3.668282,357.3573,-2.002504,0.5458969,-6.09685,-6.3961,-34.0316,0.1808014,
2,55.016,2,3.666591,357.3057,-1.998719,0.5451165,-6.09685,-6.3961,-34.0316,0.1808014,
2,55.026,2,3.66633,357.324,-2.001014,0.5457812,-6.09685,-6.3961,-34.0316,0.1808014,
2,55.036,2,3.667944,357.3163,-2.003297,0.5461636,-6.09685,-6.3961,-34.0316,0.1808014,
2,55.046,2,3.668419,357.312,-2.000319,0.5452811,-6.09685,-6.3961,-34.0316,0.1808014,
2,55.056,2,3.672509,357.2921,-2.000064,0.5446042,-6.09685,-6.3961,-34.0316,0.1808014,
2,55.066,2,3.672709,357.2947,-2.001153,0.5448709,-6.09685,-6.3961,-34.0316,0.1808014,
2,55.076,2,3.677758,357.238,-1.999781,0.54375,-6.09685,-6.3961,-34.0316,0.1808014,
2,55.086,2,3.685088,357.2229,-2.001826,0.5432234,-6.09685,-6.3961,-34.0316,0.1808014,
2,55.096,2,3.686663,357.1906,-2.004926,0.5438322,-6.09685,-6.3961,-34.0316,0.1808014,
2,55.106,2,3.686353,357.1863,-2.004916,0.5438752,-6.09685,-6.3961,-34.0316,0.1808014,
2,55.116,2,3.686297,357.1777,-2.007661,0.5446281,-6.09685,-6.3961,-34.0316,0.1808014,
2,55.126,2,3.68613,357.169,-2.009994,0.5452856,-6.09685,-6.3961,-34.0316,0.1808014,
2,55.136,2,3.684396,357.1691,-2.007952,0.5449881,-6.09685,-6.3961,-34.0316,0.1808014,
2,55.146,2,3.685095,357.1607,-2.008623,0.5450669,-6.09685,-6.3961,-34.0316,0.1808014,
2,55.156,2,3.687654,357.1564,-2.011624,0.5455022,-6.09685,-6.3961,-34.0316,0.1808014,
2,55.166,2,3.684234,357.1491,-2.009375,0.5453983,-6.09685,-6.3961,-34.0316,0.1808014,
2,55.176,2,3.684089,357.1192,-2.010434,0.5457072,-6.09685,-6.3961,-34.0316,0.1808014,
2,55.186,2,3.68698,357.132,-2.009028,0.544898,-6.09685,-6.3961,-34.0316,0.1808014,
2,55.196,2,3.684663,357.1324,-2.00693,0.5446712,-6.10507,-6.3961,-34.0325,0.1817017,
2,55.206,2,3.680933,357.134,-2.007122,0.5452752,-6.10507,-6.3961,-34.0325,0.1817017,
2,55.216,2,3.684052,357.1067,-2.004801,0.5441836,-6.10507,-6.3961,-34.0325,0.1817017,
2,55.226,2,3.687189,357.1022,-1.999188,0.5421984,-6.10507,-6.3961,-34.0325,0.1817017,
2,55.236,2,3.684906,357.1099,-2.007541,0.5448012,-6.10507,-6.3961,-34.0325,0.1817017,
2,55.246,2,3.684489,357.092,-2.007508,0.5448537,-6.10507,-6.3961,-34.0325,0.1817017,
2,55.256,2,3.684283,357.0779,-2.00499,0.5442008,-6.10507,-6.3961,-34.0325,0.1817017,
2,55.266,2,3.683265,357.0721,-2.008626,0.5453386,-6.10507,-6.3961,-34.0325,0.1817017,
2,55.276,2,3.683273,357.0595,-2.010571,0.5458654,-6.10507,-6.3961,-34.0325,0.1817017,
2,55.286,2,3.683142,357.0732,-2.008904,0.5454321,-6.10507,-6.3961,-34.0325,0.1817017,
2,55.296,2,3.684685,357.0589,-2.008665,0.5451388,-6.10507,-6.3961,-34.0325,0.1817017,
2,55.306,2,3.682977,357.0483,-2.008114,0.545242,-6.10507,-6.3961,-34.0325,0.1817017,
2,55.316,2,3.687204,357.05,-2.010672,0.5453108,-6.10507,-6.3961,-34.0325,0.1817017,
2,55.326,2,3.693154,357.004,-2.011702,0.5447111,-6.10507,-6.3961,-34.0325,0.1817017,
2,55.336,2,3.697923,356.9933,-2.012427,0.5442048,-6.10507,-6.3961,-34.0325,0.1817017,
2,55.346,2,3.70086,356.9615,-2.012633,0.5438283,-6.10507,-6.3961,-34.0325,0.1817017,
2,55.356,2,3.703918,356.9428,-2.01212,0.5432411,-6.10507,-6.3961,-34.0325,0.1817017,
2,55.366,2,3.70206,356.954,-2.008385,0.5425046,-6.10507,-6.3961,-34.0325,0.1817017,
2,55.376,2,3.702368,356.93,-2.011025,0.5431725,-6.10507,-6.3961,-34.0325,0.1817017,
2,55.386,2,3.703948,356.9168,-2.013358,0.5435709,-6.10507,-6.3961,-34.0325,0.1817017,
2,55.396,2,3.701252,356.9109,-2.010679,0.5432431,-6.10507,-6.3961,-34.0325,0.1817017,
2,55.406,2,3.700943,356.9245,-2.012754,0.543849,-6.10507,-6.3961,-34.0325,0.1817017,
2,55.416,2,3.703971,356.9081,-2.013241,0.5435359,-6.10507,-6.3961,-34.0325,0.1817017,
2,55.426,2,3.701221,356.8952,-2.012077,0.5436253,-6.10507,-6.3961,-34.0325,0.1817017,
2,55.436,2,3.700138,356.8888,-2.016494,0.5449781,-6.10507,-6.3961,-34.0325,0.1817017,
2,55.446,2,3.701121,356.8788,-2.016096,0.5447257,-6.10507,-6.3961,-34.0325,0.1817017,
2,55.456,2,3.701395,356.8646,-2.015299,0.5444703,-6.10507,-6.3961,-34.0325,0.1817017,
2,55.466,2,3.701562,356.859,-2.017352,0.545,-6.10507,-6.3961,-34.0325,0.1817017,
2,55.476,2,3.697605,356.8309,-2.01958,0.5461861,-6.1138,-6.3961,-34.0334,0.1826019,
2,55.486,2,3.699919,356.8403,-2.015769,0.5448143,-6.1138,-6.3961,-34.0334,0.1826019,
2,55.496,2,3.699883,356.8525,-2.015499,0.5447466,-6.1138,-6.3961,-34.0334,0.1826019,
2,55.506,2,3.697183,356.8326,-2.010989,0.5439248,-6.1138,-6.3961,-34.0334,0.1826019,
2,55.516,2,3.698796,356.8179,-2.010229,0.5434819,-6.1138,-6.3961,-34.0334,0.1826019,
2,55.526,2,3.700368,356.8178,-2.012211,0.5437867,-6.1138,-6.3961,-34.0334,0.1826019,
2,55.536,2,3.699385,356.8142,-2.011913,0.5438506,-6.1138,-6.3961,-34.0334,0.1826019,
2,55.546,2,3.698211,356.8026,-2.011772,0.5439852,-6.1138,-6.3961,-34.0334,0.1826019,
2,55.556,2,3.697225,356.8008,-2.014445,0.5448533,-6.1138,-6.3961,-34.0334,0.1826019,
2,55.566,2,3.698115,356.7825,-2.01528,0.5449477,-6.1138,-6.3961,-34.0334,0.1826019,
2,55.576,2,3.707528,356.7663,-2.01549,0.543621,-6.1138,-6.3961,-34.0334,0.1826019,
2,55.586,2,3.709234,356.7084,-2.017716,0.5439711,-6.1138,-6.3961,-34.0334,0.1826019,
2,55.596,2,3.715892,356.7153,-2.021028,0.5438878,-6.1138,-6.3961,-34.0334,0.1826019,
2,55.606,2,3.719682,356.7052,-2.023071,0.5438828,-6.1138,-6.3961,-34.0334,0.1826019,
2,55.616,2,3.71647,356.6935,-2.025555,0.5450212,-6.1138,-6.3961,-34.0334,0.1826019,
2,55.626,2,3.719174,356.6874,-2.023486,0.5440686,-6.1138,-6.3961,-34.0334,0.1826019,
2,55.636,2,3.719801,356.6799,-2.022457,0.5437002,-6.1138,-6.3961,-34.0334,0.1826019,
2,55.646,2,3.718737,356.6598,-2.021103,0.5434919,-6.1138,-6.3961,-34.0334,0.1826019,
2,55.656,2,3.719029,356.6663,-2.019117,0.542915,-6.1138,-6.3961,-34.0334,0.1826019,
2,55.666,2,3.717335,356.6579,-2.017775,0.5428014,-6.1138,-6.3961,-34.0334,0.1826019,
2,55.676,2,3.7184,356.6408,-2.021826,0.5437354,-6.1138,-6.3961,-34.0334,0.1826019,
2,55.686,2,3.716499,356.6373,-2.022866,0.5442933,-6.1138,-6.3961,-34.0334,0.1826019,
2,55.696,2,3.715961,356.6202,-2.021477,0.5439984,-6.1138,-6.3961,-34.0334,0.1826019,
2,55.706,2,3.718395,356.6356,-2.023371,0.5441515,-6.1138,-6.3961,-34.0334,0.1826019,
2,55.716,2,3.713997,356.6107,-2.025265,0.545306,-6.1138,-6.3961,-34.0334,0.1826019,
2,55.726,2,3.71633,356.6072,-2.025602,0.5450543,-6.1138,-6.3961,-34.0334,0.1826019,
2,55.736,2,3.717466,356.5826,-2.026296,0.5450744,-6.12255,-6.3961,-34.0344,0.1836014,
2,55.746,2,3.716297,356.5768,-2.024819,0.5448487,-6.12255,-6.3961,-34.0344,0.1836014,
2,55.756,2,3.715897,356.6313,-2.024925,0.5449356,-6.12255,-6.3961,-34.0344,0.1836014,
2,55.766,2,3.718254,356.619,-2.024763,0.5445465,-6.12255,-6.3961,-34.0344,0.1836014,
2,55.776,2,3.718701,356.568,-2.021857,0.5436997,-6.12255,-6.3961,-34.0344,0.1836014,
2,55.786,2,3.718166,356.5666,-2.02063,0.543448,-6.12255,-6.3961,-34.0344,0.1836014,
2,55.796,2,3.716792,356.567,-2.021625,0.5439166,-6.12255,-6.3961,-34.0344,0.1836014,
2,55.806,2,3.718846,356.5567,-2.018306,0.5427237,-6.12255,-6.3961,-34.0344,0.1836014,
2,55.816,2,3.719918,356.5497,-2.018309,0.5425683,-6.12255,-6.3961,-34.0344,0.1836014,
2,55.826,2,3.714662,356.5395,-2.019978,0.5437853,-6.12255,-6.3961,-34.0344,0.1836014,
2,55.836,2,3.715208,356.536,-2.024105,0.544816,-6.12255,-6.3961,-34.0344,0.1836014,
2,55.846,2,3.717352,356.5407,-2.020422,0.543511,-6.12255,-6.3961,-34.0344,0.1836014,
2,55.856,2,3.716937,356.5281,-2.024991,0.544801,-6.12255,-6.3961,-34.0344,0.1836014,
2,55.866,2,3.722029,356.4983,-2.028204,0.544919,-6.12255,-6.3961,-34.0344,0.1836014,
2,55.876,2,3.72749,356.4558,-2.029235,0.5443971,-6.12255,-6.3961,-34.0344,0.1836014,
2,55.886,2,3.731896,356.4483,-2.030202,0.5440134,-6.12255,-6.3961,-34.0344,0.1836014,
2,55.896,2,3.736704,356.4366,-2.033028,0.5440698,-6.12255,-6.3961,-34.0344,0.1836014,
2,55.906,2,3.737136,356.4364,-2.033339,0.5440901,-6.12255,-6.3961,-34.0344,0.1836014,
2,55.916,2,3.73567,356.4198,-2.034066,0.5444984,-6.12255,-6.3961,-34.0344,0.1836014,
2,55.926,2,3.737834,356.4165,-2.03412,0.5441975,-6.12255,-6.3961,-34.0344,0.1836014,
2,55.936,2,3.736232,356.4124,-2.032314,0.5439474,-6.12255,-6.3961,-34.0344,0.1836014,
2,55.946,2,3.735357,356.4064,-2.032146,0.5440299,-6.12255,-6.3961,-34.0344,0.1836014,
2,55.956,2,3.735972,356.3892,-2.030238,0.5434297,-6.12255,-6.3961,-34.0344,0.1836014,
2,55.966,2,3.733854,356.3778,-2.029727,0.543601,-6.12255,-6.3961,-34.0344,0.1836014,
2,55.976,2,3.73554,356.3512,-2.029712,0.5433517,-6.12255,-6.3961,-34.0344,0.1836014,
2,55.986,2,3.735834,356.3586,-2.029051,0.5431319,-6.1324,-6.3961,-34.0354,0.1846008,
2,55.996,2,3.733036,356.3391,-2.031781,0.5442705,-6.1324,-6.3961,-34.0354,0.1846008,
2,56.006,2,3.733801,356.3437,-2.033877,0.5447204,-6.1324,-6.3961,-34.0354,0.1846008,
2,56.016,2,3.734228,356.3553,-2.031738,0.5440851,-6.1324,-6.3961,-34.0354,0.1846008,
2,56.026,2,3.733871,356.3363,-2.03259,0.5443655,-6.1324,-6.3961,-34.0354,0.1846008,
2,56.036,2,3.73333,356.3177,-2.033486,0.5446844,-6.1324,-6.3961,-34.0354,0.1846008,
2,56.046,2,3.732607,356.3151,-2.031191,0.5441748,-6.1324,-6.3961,-34.0354,0.1846008,
2,56.056,2,3.734198,356.3436,-2.037468,0.545624,-6.1324,-6.3961,-34.0354,0.1846008,
2,56.066,2,3.735415,356.3028,-2.031339,0.5438054,-6.1324,-6.3961,-34.0354,0.1846008,
2,56.076,2,3.734256,356.3123,-2.030091,0.54364,-6.1324,-6.3961,-34.0354,0.1846008,
2,56.086,2,3.73184,356.3022,-2.03285,0.5447314,-6.1324,-6.3961,-34.0354,0.1846008,
2,56.096,2,3.733109,356.2838,-2.030768,0.5439884,-6.1324,-6.3961,-34.0354,0.1846008,
2,56.106,2,3.733979,356.2816,-2.027475,0.5429799,-6.1324,-6.3961,-34.0354,0.1846008,
2,56.116,2,3.736189,356.2715,-2.028455,0.5429209,-6.1324,-6.3961,-34.0354,0.1846008,
2,56.126,2,3.743066,356.2379,-2.031703,0.5427912,-6.1324,-6.3961,-34.0354,0.1846008,
2,56.136,2,3.747969,356.2192,-2.033231,0.5424888,-6.1324,-6.3961,-34.0354,0.1846008,
2,56.146,2,3.752721,356.1987,-2.036152,0.5425801,-6.1324,-6.3961,-34.0354,0.1846008,
2,56.156,2,3.756451,356.1868,-2.037878,0.5425009,-6.1324,-6.3961,-34.0354,0.1846008,
2,56.166,2,3.754318,356.1831,-2.037296,0.542654,-6.1324,-6.3961,-34.0354,0.1846008,
2,56.176,2,3.754607,356.1957,-2.041392,0.5437033,-6.1324,-6.3961,-34.0354,0.1846008,
2,56.186,2,3.754382,356.1614,-2.038764,0.5430359,-6.1324,-6.3961,-34.0354,0.1846008,
2,56.196,2,3.754006,356.1554,-2.037678,0.5428008,-6.1324,-6.3961,-34.0354,0.1846008,
2,56.206,2,3.752554,356.1526,-2.040149,0.5436693,-6.1324,-6.3961,-34.0354,0.1846008,
2,56.216,2,3.753843,356.1569,-2.038171,0.5429559,-6.1324,-6.3961,-34.0354,0.1846008,
2,56.226,2,3.75557,356.1409,-2.033888,0.5415657,-6.1324,-6.3961,-34.0354,0.1846008,
2,56.236,2,3.752427,356.1386,-2.034842,0.5422736,-6.1324,-6.3961,-34.0354,0.1846008,
2,56.246,2,3.752409,356.1147,-2.033236,0.5418481,-6.1324,-6.3961,-34.0354,0.1846008,
2,56.256,2,3.752367,356.1094,-2.033478,0.5419186,-6.1324,-6.3961,-34.0354,0.1846008,
2,56.266,2,3.750406,356.0925,-2.03522,0.5426666,-6.1324,-6.3961,-34.0354,0.1846008,
2,56.276,2,3.75054,356.0855,-2.035751,0.5427887,-6.14115,-6.3961,-34.0364,0.1856003,
2,56.286,2,3.751842,356.0624,-2.035679,0.5425811,-6.14115,-6.3961,-34.0364,0.1856003,
2,56.296,2,3.753038,356.0499,-2.036181,0.5425421,-6.14115,-6.3961,-34.0364,0.1856003,
2,56.306,2,3.752081,356.0657,-2.035413,0.5424756,-6.14115,-6.3961,-34.0364,0.1856003,
2,56.316,2,3.749802,356.0721,-2.038616,0.5436597,-6.14115,-6.3961,-34.0364,0.1856003,
2,56.326,2,3.750875,356.0556,-2.041503,0.5442738,-6.14115,-6.3961,-34.0364,0.1856003,
2,56.336,2,3.75247,356.0545,-2.037501,0.542976,-6.14115,-6.3961,-34.0364,0.1856003,
2,56.346,2,3.749141,356.0279,-2.039874,0.5440911,-6.14115,-6.3961,-34.0364,0.1856003,
2,56.356,2,3.75304,356.0343,-2.040359,0.5436551,-6.14115,-6.3961,-34.0364,0.1856003,
2,56.366,2,3.751138,356.0505,-2.033667,0.5421467,-6.14115,-6.3961,-34.0364,0.1856003,
2,56.376,2,3.754022,356.0281,-2.037148,0.5426575,-6.14115,-6.3961,-34.0364,0.1856003,
2,56.386,2,3.763026,355.9762,-2.038773,0.541791,-6.14115,-6.3961,-34.0364,0.1856003,
2,56.396,2,3.767964,355.9666,-2.036215,0.5404018,-6.14115,-6.3961,-34.0364,0.1856003,
2,56.406,2,3.768488,355.944,-2.038983,0.5410613,-6.14115,-6.3961,-34.0364,0.1856003,
2,56.416,2,3.771613,355.9319,-2.042047,0.5414253,-6.14115,-6.3961,-34.0364,0.1856003,
2,56.426,2,3.772161,355.9283,-2.038604,0.5404339,-6.14115,-6.3961,-34.0364,0.1856003,
2,56.436,2,3.772727,355.912,-2.0433,0.5415975,-6.14115,-6.3961,-34.0364,0.1856003,
2,56.446,2,3.770071,355.908,-2.044139,0.5422018,-6.14115,-6.3961,-34.0364,0.1856003,
2,56.456,2,3.770552,355.913,-2.042849,0.5417905,-6.14115,-6.3961,-34.0364,0.1856003,
2,56.466,2,3.77332,355.8978,-2.044364,0.5417945,-6.14115,-6.3961,-34.0364,0.1856003,
2,56.476,2,3.769404,355.8801,-2.045226,0.542586,-6.14115,-6.3961,-34.0364,0.1856003,
2,56.486,2,3.768597,355.8823,-2.045587,0.542798,-6.14115,-6.3961,-34.0364,0.1856003,
2,56.496,2,3.76911,355.8717,-2.046554,0.5429807,-6.14115,-6.3961,-34.0364,0.1856003,
2,56.506,2,3.768916,355.8683,-2.042201,0.5418538,-6.14115,-6.3961,-34.0364,0.1856003,
2,56.516,2,3.769314,355.8768,-2.041735,0.5416728,-6.14115,-6.3961,-34.0364,0.1856003,
2,56.526,2,3.7702,355.8503,-2.042945,0.5418665,-6.14115,-6.3961,-34.0364,0.1856003,
2,56.536,2,3.767558,355.8481,-2.040222,0.5415239,-6.14993,-6.3961,-34.0374,0.1865997,
2,56.546,2,3.772859,355.8387,-2.037416,0.5400192,-6.14993,-6.3961,-34.0374,0.1865997,
2,56.556,2,3.769958,355.8267,-2.042126,0.5416839,-6.14993,-6.3961,-34.0374,0.1865997,
2,56.566,2,3.767635,355.814,-2.04322,0.5423084,-6.14993,-6.3961,-34.0374,0.1865997,
2,56.576,2,3.771729,355.8273,-2.043516,0.5417982,-6.14993,-6.3961,-34.0374,0.1865997,
2,56.586,2,3.766339,355.8151,-2.043385,0.5425388,-6.14993,-6.3961,-34.0374,0.1865997,
2,56.596,2,3.767964,355.793,-2.042668,0.5421146,-6.14993,-6.3961,-34.0374,0.1865997,
2,56.606,2,3.770864,355.8017,-2.042021,0.541526,-6.14993,-6.3961,-34.0374,0.1865997,
2,56.616,2,3.766692,355.7845,-2.047261,0.5435169,-6.14993,-6.3961,-34.0374,0.1865997,
2,56.626,2,3.769353,355.7804,-2.044611,0.5424302,-6.14993,-6.3961,-34.0374,0.1865997,
2,56.636,2,3.769031,355.7712,-2.041636,0.5416874,-6.14993,-6.3961,-34.0374,0.1865997,
2,56.646,2,3.765077,355.7655,-2.044984,0.5431454,-6.14993,-6.3961,-34.0374,0.1865997,
2,56.656,2,3.77223,355.7673,-2.042357,0.541419,-6.14993,-6.3961,-34.0374,0.1865997,
2,56.666,2,3.776658,355.7535,-2.043025,0.5409611,-6.14993,-6.3961,-34.0374,0.1865997,
2,56.676,2,3.778785,355.7206,-2.044373,0.5410134,-6.14993,-6.3961,-34.0374,0.1865997,
2,56.686,2,3.78688,355.6893,-2.044044,0.53977,-6.14993,-6.3961,-34.0374,0.1865997,
2,56.696,2,3.789606,355.6851,-2.044715,0.5395587,-6.14993,-6.3961,-34.0374,0.1865997,
2,56.706,2,3.789965,355.6735,-2.047804,0.5403226,-6.14993,-6.3961,-34.0374,0.1865997,
2,56.716,2,3.79166,355.6633,-2.046422,0.5397165,-6.14993,-6.3961,-34.0374,0.1865997,
2,56.726,2,3.788981,355.6424,-2.049002,0.5407792,-6.14993,-6.3961,-34.0374,0.1865997,
2,56.736,2,3.788363,355.6515,-2.052022,0.5416645,-6.14993,-6.3961,-34.0374,0.1865997,
2,56.746,2,3.790998,355.6416,-2.047783,0.54017,-6.14993,-6.3961,-34.0374,0.1865997,
2,56.756,2,3.787909,355.6082,-2.049882,0.5411645,-6.14993,-6.3961,-34.0374,0.1865997,
2,56.766,2,3.788957,355.6055,-2.050458,0.5411669,-6.14993,-6.3961,-34.0374,0.1865997,
2,56.776,2,3.788986,355.6169,-2.049655,0.5409507,-6.14993,-6.3961,-34.0374,0.1865997,
2,56.786,2,3.78764,355.6114,-2.052427,0.5418747,-6.14993,-6.3961,-34.0374,0.1865997,
2,56.796,2,3.789119,355.5971,-2.051521,0.5414242,-6.15977,-6.3961,-34.0384,0.1875992,
2,56.806,2,3.788999,355.5962,-2.047815,0.5404633,-6.15977,-6.3961,-34.0384,0.1875992,
2,56.816,2,3.788227,355.5666,-2.048422,0.5407338,-6.15977,-6.3961,-34.0384,0.1875992,
2,56.826,2,3.789726,355.5879,-2.045575,0.5397685,-6.15977,-6.3961,-34.0384,0.1875992,
2,56.836,2,3.787619,355.5761,-2.042381,0.5392256,-6.15977,-6.3961,-34.0384,0.1875992,
2,56.846,2,3.789642,355.5623,-2.045507,0.5397627,-6.15977,-6.3961,-34.0384,0.1875992,
2,56.856,2,3.789978,355.5441,-2.046551,0.5399901,-6.15977,-6.3961,-34.0384,0.1875992,
2,56.866,2,3.783481,355.5347,-2.048733,0.5414941,-6.15977,-6.3961,-34.0384,0.1875992,
2,56.876,2,3.788414,355.5626,-2.049008,0.5408617,-6.15977,-6.3961,-34.0384,0.1875992,
2,56.886,2,3.788642,355.5243,-2.045698,0.5399555,-6.15977,-6.3961,-34.0384,0.1875992,
2,56.896,2,3.785474,355.5232,-2.049758,0.5414801,-6.15977,-6.3961,-34.0384,0.1875992,
2,56.906,2,3.787639,355.5256,-2.050782,0.5414407,-6.15977,-6.3961,-34.0384,0.1875992,
2,56.916,2,3.792178,355.5056,-2.046462,0.5396536,-6.15977,-6.3961,-34.0384,0.1875992,
2,56.926,2,3.792213,355.4806,-2.050008,0.5405837,-6.15977,-6.3961,-34.0384,0.1875992,
2,56.936,2,3.799715,355.4849,-2.053248,0.5403689,-6.15977,-6.3961,-34.0384,0.1875992,
2,56.946,2,3.806876,355.434,-2.052404,0.5391308,-6.15977,-6.3961,-34.0384,0.1875992,
2,56.956,2,3.808227,355.4319,-2.051349,0.5386625,-6.15977,-6.3961,-34.0384,0.1875992,
2,56.966,2,3.807487,355.4043,-2.053906,0.5394387,-6.15977,-6.3961,-34.0384,0.1875992,
2,56.976,2,3.81014,355.4197,-2.051183,0.5383486,-6.15977,-6.3961,-34.0384,0.1875992,
2,56.986,2,3.807859,355.3615,-2.050354,0.5384533,-6.15977,-6.3961,-34.0384,0.1875992,
2,56.996,2,3.806628,355.3779,-2.052021,0.5390652,-6.15977,-6.3961,-34.0384,0.1875992,
2,57.006,2,3.807194,355.3761,-2.050933,0.5386993,-6.15977,-6.3961,-34.0384,0.1875992,
2,57.016,2,3.805058,355.3817,-2.052927,0.539526,-6.15977,-6.3961,-34.0384,0.1875992,
2,57.026,2,3.804344,355.3572,-2.053848,0.5398691,-6.15977,-6.3961,-34.0384,0.1875992,
2,57.036,2,3.807807,355.3468,-2.052201,0.5389457,-6.15977,-6.3961,-34.0384,0.1875992,
2,57.046,2,3.80553,355.3402,-2.052882,0.5394471,-6.15977,-6.3961,-34.0384,0.1875992,
2,57.056,2,3.803599,355.3361,-2.055727,0.5404688,-6.15977,-6.3961,-34.0384,0.1875992,
2,57.066,2,3.805395,355.3334,-2.052541,0.5393767,-6.15977,-6.3961,-34.0384,0.1875992,
2,57.076,2,3.806185,355.3333,-2.054602,0.5398062,-6.16853,-6.3961,-34.0393,0.1884995,
2,57.086,2,3.805197,355.3246,-2.05391,0.5397645,-6.16853,-6.3961,-34.0393,0.1884995,
2,57.096,2,3.806495,355.3194,-2.052851,0.5393021,-6.16853,-6.3961,-34.0393,0.1884995,
2,57.106,2,3.805422,355.3248,-2.051296,0.5390456,-6.16853,-6.3961,-34.0393,0.1884995,
2,57.116,2,3.80747,355.3064,-2.050593,0.538571,-6.16853,-6.3961,-34.0393,0.1884995,
2,57.126,2,3.804417,355.3032,-2.046323,0.5378809,-6.16853,-6.3961,-34.0393,0.1884995,
2,57.136,2,3.802891,355.2921,-2.051466,0.5394491,-6.16853,-6.3961,-34.0393,0.1884995,
2,57.146,2,3.806042,355.2689,-2.051448,0.5389977,-6.16853,-6.3961,-34.0393,0.1884995,
2,57.156,2,3.806225,355.2636,-2.050312,0.5386733,-6.16853,-6.3961,-34.0393,0.1884995,
2,57.166,2,3.804873,355.2429,-2.052498,0.5394394,-6.16853,-6.3961,-34.0393,0.1884995,
2,57.176,2,3.810958,355.2444,-2.052238,0.5385097,-6.16853,-6.3961,-34.0393,0.1884995,
2,57.186,2,3.815253,355.2085,-2.05432,0.5384492,-6.16853,-6.3961,-34.0393,0.1884995,
2,57.196,2,3.821561,355.1822,-2.060935,0.5392913,-6.16853,-6.3961,-34.0393,0.1884995,
2,57.206,2,3.825207,355.1624,-2.060337,0.538621,-6.16853,-6.3961,-34.0393,0.1884995,
2,57.216,2,3.82314,355.166,-2.060066,0.5388414,-6.16853,-6.3961,-34.0393,0.1884995,
2,57.226,2,3.827424,355.1842,-2.062663,0.5389167,-6.16853,-6.3961,-34.0393,0.1884995,
2,57.236,2,3.825774,355.1428,-2.05961,0.5383512,-6.16853,-6.3961,-34.0393,0.1884995,
2,57.246,2,3.823461,355.1727,-2.057173,0.5380396,-6.16853,-6.3961,-34.0393,0.1884995,
2,57.256,2,3.82604,355.1304,-2.060438,0.5385302,-6.16853,-6.3961,-34.0393,0.1884995,
2,57.266,2,3.82388,355.1226,-2.05513,0.5374463,-6.16853,-6.3961,-34.0393,0.1884995,
2,57.276,2,3.822962,355.0941,-2.052483,0.5368828,-6.16853,-6.3961,-34.0393,0.1884995,
2,57.286,2,3.823908,355.0879,-2.055326,0.5374936,-6.16853,-6.3961,-34.0393,0.1884995,
2,57.296,2,3.822746,355.0992,-2.055248,0.5376365,-6.16853,-6.3961,-34.0393,0.1884995,
2,57.306,2,3.822112,355.0861,-2.058361,0.5385402,-6.16853,-6.3961,-34.0393,0.1884995,
2,57.316,2,3.823568,355.0881,-2.058237,0.5383027,-6.16853,-6.3961,-34.0393,0.1884995,
2,57.326,2,3.821035,355.0768,-2.057438,0.5384505,-6.16853,-6.3961,-34.0393,0.1884995,
2,57.336,2,3.822752,355.0653,-2.059277,0.5386896,-6.17728,-6.3961,-34.0403,0.1894989,
2,57.346,2,3.822958,355.0806,-2.061502,0.5392426,-6.17728,-6.3961,-34.0403,0.1894989,
2,57.356,2,3.821981,355.0556,-2.057872,0.5384308,-6.17728,-6.3961,-34.0403,0.1894989,
2,57.366,2,3.823015,355.0503,-2.059974,0.538835,-6.17728,-6.3961,-34.0403,0.1894989,
2,57.376,2,3.820318,355.04,-2.060514,0.5393566,-6.17728,-6.3961,-34.0403,0.1894989,
2,57.386,2,3.821027,355.0251,-2.058412,0.5387065,-6.17728,-6.3961,-34.0403,0.1894989,
2,57.396,2,3.823884,355.0339,-2.054971,0.5374042,-6.17728,-6.3961,-34.0403,0.1894989,
2,57.406,2,3.820515,355.0199,-2.053452,0.5374804,-6.17728,-6.3961,-34.0403,0.1894989,
2,57.416,2,3.819968,355.0102,-2.052427,0.5372889,-6.17728,-6.3961,-34.0403,0.1894989,
2,57.426,2,3.823003,355.0068,-2.0537,0.5371954,-6.17728,-6.3961,-34.0403,0.1894989,
2,57.436,2,3.819238,354.9977,-2.054167,0.5378472,-6.17728,-6.3961,-34.0403,0.1894989,
2,57.446,2,3.818841,354.9822,-2.055891,0.5383546,-6.17728,-6.3961,-34.0403,0.1894989,
2,57.456,2,3.824356,354.9375,-2.059297,0.538469,-6.17728,-6.3961,-34.0403,0.1894989,
2,57.466,2,3.827759,354.9613,-2.054834,0.5368244,-6.17728,-6.3961,-34.0403,0.1894989,
2,57.476,2,3.833198,354.8899,-2.05901,0.537152,-6.17728,-6.3961,-34.0403,0.1894989,
2,57.486,2,3.836724,354.9166,-2.064641,0.5381261,-6.17728,-6.3961,-34.0403,0.1894989,
2,57.496,2,3.840739,354.8922,-2.066503,0.5380481,-6.17728,-6.3961,-34.0403,0.1894989,
2,57.506,2,3.842552,354.8738,-2.067399,0.5380275,-6.17728,-6.3961,-34.0403,0.1894989,
2,57.516,2,3.842507,354.8628,-2.069706,0.5386344,-6.17728,-6.3961,-34.0403,0.1894989,
2,57.526,2,3.840391,354.8557,-2.065051,0.5377188,-6.17728,-6.3961,-34.0403,0.1894989,
2,57.536,2,3.843292,354.8609,-2.063431,0.5368916,-6.17728,-6.3961,-34.0403,0.1894989,
2,57.546,2,3.838063,354.8634,-2.063994,0.5377696,-6.17728,-6.3961,-34.0403,0.1894989,
2,57.556,2,3.84105,354.8399,-2.063496,0.5372218,-6.17728,-6.3961,-34.0403,0.1894989,
2,57.566,2,3.841626,354.8308,-2.05738,0.5355493,-6.17728,-6.3961,-34.0403,0.1894989,
2,57.576,2,3.840415,354.8351,-2.06366,0.5373534,-6.17728,-6.3961,-34.0403,0.1894989,
2,57.586,2,3.840735,354.8125,-2.063674,0.5373122,-6.17728,-6.3961,-34.0403,0.1894989,
2,57.596,2,3.841009,354.7964,-2.062301,0.5369164,-6.17728,-6.3961,-34.0403,0.1894989,
2,57.606,2,3.838564,354.7999,-2.064751,0.5378968,-6.1866,-6.3961,-34.0413,0.1905022,
2,57.616,2,3.838229,354.7913,-2.066725,0.538458,-6.1866,-6.3961,-34.0413,0.1905022,
2,57.626,2,3.840371,354.8008,-2.065797,0.5379158,-6.1866,-6.3961,-34.0413,0.1905022,
2,57.636,2,3.841426,354.7797,-2.066667,0.5379946,-6.1866,-6.3961,-34.0413,0.1905022,
2,57.646,2,3.840592,354.7728,-2.064903,0.5376521,-6.1866,-6.3961,-34.0413,0.1905022,
2,57.656,2,3.837255,354.7685,-2.066342,0.5384948,-6.1866,-6.3961,-34.0413,0.1905022,
2,57.666,2,3.839763,354.7613,-2.067856,0.5385373,-6.1866,-6.3961,-34.0413,0.1905022,
2,57.676,2,3.838753,354.757,-2.064456,0.5377933,-6.1866,-6.3961,-34.0413,0.1905022,
2,57.686,2,3.842064,354.7319,-2.063143,0.5369881,-6.1866,-6.3961,-34.0413,0.1905022,
2,57.696,2,3.849544,354.7104,-2.067617,0.5371072,-6.1866,-6.3961,-34.0413,0.1905022,
2,57.706,2,3.852939,354.6786,-2.067735,0.5366644,-6.1866,-6.3961,-34.0413,0.1905022,
2,57.716,2,3.857268,354.6753,-2.069459,0.536509,-6.1866,-6.3961,-34.0413,0.1905022,
2,57.726,2,3.860083,354.6523,-2.068669,0.5359131,-6.1866,-6.3961,-34.0413,0.1905022,
2,57.736,2,3.858838,354.6373,-2.070821,0.5366437,-6.1866,-6.3961,-34.0413,0.1905022,
2,57.746,2,3.858879,354.6521,-2.072153,0.5369832,-6.1866,-6.3961,-34.0413,0.1905022,
2,57.756,2,3.859901,354.6077,-2.072796,0.5370076,-6.1866,-6.3961,-34.0413,0.1905022,
2,57.766,2,3.857794,354.5898,-2.07343,0.537465,-6.1866,-6.3961,-34.0413,0.1905022,
2,57.776,2,3.85987,354.5924,-2.074926,0.5375636,-6.1866,-6.3961,-34.0413,0.1905022,
2,57.786,2,3.858233,354.5915,-2.072771,0.5372333,-6.1866,-6.3961,-34.0413,0.1905022,
2,57.796,2,3.86079,354.5787,-2.072213,0.5367329,-6.1866,-6.3961,-34.0413,0.1905022,
2,57.806,2,3.859718,354.5598,-2.075306,0.5376834,-6.1866,-6.3961,-34.0413,0.1905022,
2,57.816,2,3.857027,354.563,-2.073058,0.5374756,-6.1866,-6.3961,-34.0413,0.1905022,
2,57.826,2,3.858119,354.5584,-2.070825,0.5367448,-6.1866,-6.3961,-34.0413,0.1905022,
2,57.836,2,3.857438,354.5744,-2.06942,0.5364752,-6.19478,-6.3961,-34.0423,0.1915016,
2,57.846,2,3.858163,354.5465,-2.069124,0.5362978,-6.19478,-6.3961,-34.0423,0.1915016,
2,57.856,2,3.860162,354.5321,-2.066745,0.5354037,-6.19478,-6.3961,-34.0423,0.1915016,
2,57.866,2,3.857067,354.5258,-2.067522,0.5360348,-6.19478,-6.3961,-34.0423,0.1915016,
2,57.876,2,3.857407,354.5181,-2.068396,0.536214,-6.19478,-6.3961,-34.0423,0.1915016,
2,57.886,2,3.857449,354.5026,-2.069402,0.5364692,-6.19478,-6.3961,-34.0423,0.1915016,
2,57.896,2,3.853916,354.4971,-2.071672,0.5375499,-6.19478,-6.3961,-34.0423,0.1915016,
2,57.906,2,3.858155,354.4894,-2.071519,0.5369196,-6.19478,-6.3961,-34.0423,0.1915016,
2,57.916,2,3.861985,354.4936,-2.068299,0.5355533,-6.19478,-6.3961,-34.0423,0.1915016,
2,57.926,2,3.85565,354.4659,-2.072814,0.5376042,-6.19478,-6.3961,-34.0423,0.1915016,
2,57.936,2,3.861312,354.4663,-2.073692,0.5370435,-6.19478,-6.3961,-34.0423,0.1915016,
2,57.946,2,3.866334,354.4553,-2.070562,0.5355363,-6.19478,-6.3961,-34.0423,0.1915016,
2,57.956,2,3.867371,354.4264,-2.07565,0.5367082,-6.19478,-6.3961,-34.0423,0.1915016,
2,57.966,2,3.874766,354.395,-2.075907,0.5357502,-6.19478,-6.3961,-34.0423,0.1915016,
2,57.976,2,3.877653,354.3777,-2.072669,0.5345163,-6.19478,-6.3961,-34.0423,0.1915016,
2,57.986,2,3.87636,354.3532,-2.075516,0.5354292,-6.19478,-6.3961,-34.0423,0.1915016,
2,57.996,2,3.878599,354.3678,-2.072353,0.5343044,-6.19478,-6.3961,-34.0423,0.1915016,
2,58.006,2,3.876032,354.3559,-2.072196,0.5346178,-6.19478,-6.3961,-34.0423,0.1915016,
2,58.016,2,3.877973,354.3446,-2.075164,0.5351156,-6.19478,-6.3961,-34.0423,0.1915016,
2,58.026,2,3.875815,354.3301,-2.074231,0.5351728,-6.19478,-6.3961,-34.0423,0.1915016,
2,58.036,2,3.874295,354.3162,-2.072476,0.5349299,-6.19478,-6.3961,-34.0423,0.1915016,
2,58.046,2,3.875877,354.3329,-2.076761,0.5358171,-6.19478,-6.3961,-34.0423,0.1915016,
2,58.056,2,3.87601,354.2845,-2.074684,0.5352628,-6.19478,-6.3961,-34.0423,0.1915016,
2,58.066,2,3.874422,354.2811,-2.076061,0.5358377,-6.19478,-6.3961,-34.0423,0.1915016,
2,58.076,2,3.872132,354.2978,-2.077884,0.5366254,-6.19478,-6.3961,-34.0423,0.1915016,
2,58.086,2,3.876954,354.2791,-2.076999,0.5357297,-6.20355,-6.3961,-34.0433,0.1925011,
2,58.096,2,3.874231,354.2757,-2.077375,0.5362031,-6.20355,-6.3961,-34.0433,0.1925011,
2,58.106,2,3.873321,354.2864,-2.080073,0.5370258,-6.20355,-6.3961,-34.0433,0.1925011,
2,58.116,2,3.875055,354.2573,-2.076553,0.5358772,-6.20355,-6.3961,-34.0433,0.1925011,
2,58.126,2,3.873947,354.2593,-2.075991,0.5358852,-6.20355,-6.3961,-34.0433,0.1925011,
2,58.136,2,3.871213,354.2503,-2.076254,0.5363317,-6.20355,-6.3961,-34.0433,0.1925011,
2,58.146,2,3.872613,354.2324,-2.071122,0.5348124,-6.20355,-6.3961,-34.0433,0.1925011,
2,58.156,2,3.876238,354.2128,-2.071784,0.5344832,-6.20355,-6.3961,-34.0433,0.1925011,
2,58.166,2,3.871683,354.2071,-2.073333,0.535512,-6.20355,-6.3961,-34.0433,0.1925011,
2,58.176,2,3.871073,354.2046,-2.074159,0.5358099,-6.20355,-6.3961,-34.0433,0.1925011,
2,58.186,2,3.874081,354.22,-2.075111,0.5356396,-6.20355,-6.3961,-34.0433,0.1925011,
2,58.196,2,3.87757,354.1829,-2.074777,0.5350713,-6.20355,-6.3961,-34.0433,0.1925011,
2,58.206,2,3.880104,354.149,-2.077358,0.5353874,-6.20355,-6.3961,-34.0433,0.1925011,
2,58.216,2,3.888575,354.1235,-2.079511,0.5347744,-6.20355,-6.3961,-34.0433,0.1925011,
2,58.226,2,3.891092,354.1134,-2.082887,0.5352962,-6.20355,-6.3961,-34.0433,0.1925011,
2,58.236,2,3.892491,354.1082,-2.082505,0.5350057,-6.20355,-6.3961,-34.0433,0.1925011,
2,58.246,2,3.895149,354.0948,-2.083299,0.5348446,-6.20355,-6.3961,-34.0433,0.1925011,
2,58.256,2,3.896145,354.0863,-2.083547,0.5347714,-6.20355,-6.3961,-34.0433,0.1925011,
2,58.266,2,3.891757,354.0781,-2.082377,0.5350737,-6.20355,-6.3961,-34.0433,0.1925011,
2,58.276,2,3.893199,354.072,-2.080151,0.5343038,-6.20355,-6.3961,-34.0433,0.1925011,
2,58.286,2,3.893405,354.0621,-2.078821,0.5339338,-6.20355,-6.3961,-34.0433,0.1925011,
2,58.296,2,3.893724,354.0509,-2.073761,0.5325907,-6.20355,-6.3961,-34.0433,0.1925011,
2,58.306,2,3.891915,354.0338,-2.076495,0.5335407,-6.20355,-6.3961,-34.0433,0.1925011,
2,58.316,2,3.889684,354.0148,-2.080158,0.5347883,-6.20355,-6.3961,-34.0433,0.1925011,
2,58.326,2,3.89012,354.005,-2.080451,0.5348038,-6.20355,-6.3961,-34.0433,0.1925011,
2,58.336,2,3.891565,353.9946,-2.077803,0.5339247,-6.20355,-6.3961,-34.0433,0.1925011,
2,58.346,2,3.89029,353.9892,-2.084927,0.5359311,-6.2123,-6.3961,-34.0442,0.1934013,
2,58.356,2,3.890216,353.9815,-2.086785,0.5364187,-6.2123,-6.3961,-34.0442,0.1934013,
2,58.366,2,3.891535,353.9804,-2.083604,0.5354196,-6.2123,-6.3961,-34.0442,0.1934013,
2,58.376,2,3.890881,353.9738,-2.080728,0.5347704,-6.2123,-6.3961,-34.0442,0.1934013,
2,58.386,2,3.891232,353.9623,-2.081454,0.5349088,-6.2123,-6.3961,-34.0442,0.1934013,
2,58.396,2,3.88985,353.9884,-2.082983,0.5354919,-6.2123,-6.3961,-34.0442,0.1934013,
2,58.406,2,3.889473,353.9638,-2.083602,0.5357029,-6.2123,-6.3961,-34.0442,0.1934013,
2,58.416,2,3.89052,353.9602,-2.082146,0.5351844,-6.2123,-6.3961,-34.0442,0.1934013,
2,58.426,2,3.890098,353.9513,-2.083935,0.5357024,-6.2123,-6.3961,-34.0442,0.1934013,
2,58.436,2,3.890417,353.9366,-2.080918,0.534883,-6.2123,-6.3961,-34.0442,0.1934013,
2,58.446,2,3.891955,353.9157,-2.075361,0.5332437,-6.2123,-6.3961,-34.0442,0.1934013,
2,58.456,2,3.891922,353.911,-2.076786,0.5336145,-6.2123,-6.3961,-34.0442,0.1934013,
2,58.466,2,3.89337,353.9,-2.078459,0.5338457,-6.2123,-6.3961,-34.0442,0.1934013,
2,58.476,2,3.898683,353.8764,-2.078649,0.5331671,-6.2123,-6.3961,-34.0442,0.1934013,
2,58.486,2,3.902115,353.8666,-2.083151,0.5338519,-6.2123,-6.3961,-34.0442,0.1934013,
2,58.496,2,3.907919,353.8237,-2.085123,0.5335635,-6.2123,-6.3961,-34.0442,0.1934013,
2,58.506,2,3.910515,353.8197,-2.086617,0.5335914,-6.2123,-6.3961,-34.0442,0.1934013,
2,58.516,2,3.910054,353.8269,-2.087348,0.5338411,-6.2123,-6.3961,-34.0442,0.1934013,
2,58.526,2,3.912153,353.8002,-2.086798,0.5334141,-6.2123,-6.3961,-34.0442,0.1934013,
2,58.536,2,3.913446,353.7912,-2.085469,0.5328983,-6.2123,-6.3961,-34.0442,0.1934013,
2,58.546,2,3.909268,353.7833,-2.089912,0.5346043,-6.2123,-6.3961,-34.0442,0.1934013,
2,58.556,2,3.909234,353.7682,-2.090398,0.5347334,-6.2123,-6.3961,-34.0442,0.1934013,
2,58.566,2,3.911564,353.7796,-2.084893,0.5330076,-6.2123,-6.3961,-34.0442,0.1934013,
2,58.576,2,3.911345,353.7508,-2.084096,0.5328336,-6.2123,-6.3961,-34.0442,0.1934013,
2,58.586,2,3.909642,353.7465,-2.080543,0.5321568,-6.22157,-6.3961,-34.0452,0.1944008,
2,58.596,2,3.910316,353.7396,-2.081427,0.5322912,-6.22157,-6.3961,-34.0452,0.1944008,
2,58.606,2,3.909602,353.7158,-2.082285,0.532608,-6.22157,-6.3961,-34.0452,0.1944008,
2,58.616,2,3.907073,353.7102,-2.085522,0.5337811,-6.22157,-6.3961,-34.0452,0.1944008,
2,58.626,2,3.905653,353.6715,-2.088638,0.5347732,-6.22157,-6.3961,-34.0452,0.1944008,
2,58.636,2,3.908952,353.6793,-2.089173,0.5344585,-6.22157,-6.3961,-34.0452,0.1944008,
2,58.646,2,3.907115,353.6802,-2.082481,0.5329971,-6.22157,-6.3961,-34.0452,0.1944008,
2,58.656,2,3.906423,353.6846,-2.085886,0.5339631,-6.22157,-6.3961,-34.0452,0.1944008,
2,58.666,2,3.907064,353.6573,-2.086457,0.5340216,-6.22157,-6.3961,-34.0452,0.1944008,
2,58.676,2,3.907087,353.6596,-2.081598,0.5327749,-6.22157,-6.3961,-34.0452,0.1944008,
2,58.686,2,3.905872,353.661,-2.080406,0.5326356,-6.22157,-6.3961,-34.0452,0.1944008,
2,58.696,2,3.908519,353.6777,-2.076133,0.5311815,-6.22157,-6.3961,-34.0452,0.1944008,
2,58.706,2,3.911732,353.6168,-2.068573,0.5288125,-6.22157,-6.3961,-34.0452,0.1944008,
2,58.716,2,3.915545,353.6017,-2.059365,0.5259459,-6.22157,-6.3961,-34.0452,0.1944008,
2,58.726,2,3.91992,353.5666,-2.054091,0.5240135,-6.22157,-6.3961,-34.0452,0.1944008,
2,58.736,2,3.924643,353.5327,-2.046975,0.5215698,-6.22157,-6.3961,-34.0452,0.1944008,
2,58.746,2,3.924593,353.5074,-2.038753,0.5194812,-6.22157,-6.3961,-34.0452,0.1944008,
2,58.756,2,3.926977,353.471,-2.028524,0.5165613,-6.22157,-6.3961,-34.0452,0.1944008,
2,58.766,2,3.926236,353.4661,-2.017406,0.5138268,-6.22157,-6.3961,-34.0452,0.1944008,

TotalTime
00:02:37.3521266
