Recipe, UpperSample, LowerSample, OtherInfo, Averaging, LogFrequency, Type, Radius,TestDate, Operator, Customer, RefStd, Temperature, RH, Liquid, LastCalibDate, LCFz, LCFx, Tip, OtherData, samplevsscratch only.Rx,,,,10,1000,Scratch,1,9/3/2026 11:06:50 AM,,,ASTM/ISO,,,N/A,N/A,,,,Linear: 0.1 to 5;5;2;2.040816,0.3,
Step, Timestamp, RecipeStep, DAQ.Fz (N),DAQ.CAP (um),DAQ.Fx (N),DAQ.COF (),XYZ.X Position (mm),XYZ.Y Position (mm),XYZ.Z Position (mm),XYZ.Z Depth (mm),
2,0.004,2,0.09749368,405.324,-0.0277288,0.2844164,4.49845,-10.3249,-35.6314,-0.004997253,
2,0.014,2,0.1002148,405.3373,-0.0286826,0.2862113,4.49845,-10.3249,-35.6314,-0.004997253,
2,0.024,2,0.09706893,405.3136,-0.0278313,0.2867168,4.49845,-10.3249,-35.6314,-0.004997253,
2,0.034,2,0.09754565,405.3228,-0.02727041,0.2795657,4.49845,-10.3249,-35.6314,-0.004997253,
2,0.044,2,0.1006901,405.3207,-0.02789651,0.2770531,4.49845,-10.3249,-35.6314,-0.004997253,
2,0.054,2,0.09678067,405.3099,-0.0287969,0.2975481,4.49845,-10.3249,-35.6314,-0.004997253,
2,0.064,2,0.09575534,405.2981,-0.02761153,0.288355,4.49845,-10.3249,-35.6314,-0.004997253,
2,0.074,2,0.0989823,405.3341,-0.02901454,0.2931286,4.49845,-10.3249,-35.6314,-0.004997253,
2,0.084,2,0.09782814,405.3298,-0.0288563,0.2949693,4.49845,-10.3249,-35.6314,-0.004997253,
2,0.094,2,0.09445587,405.2946,-0.02819039,0.2984504,4.49845,-10.3249,-35.6314,-0.004997253,
2,0.104,2,0.09955841,405.3275,-0.0277261,0.2784908,4.49845,-10.3249,-35.6314,-0.004997253,
2,0.114,2,0.1005156,405.3222,-0.02893385,0.2878543,4.49845,-10.3249,-35.6314,-0.004997253,
2,0.124,2,0.09365706,405.2831,-0.02899883,0.3096277,4.49845,-10.3249,-35.6314,-0.004997253,
2,0.134,2,0.09763388,405.3245,-0.02746876,0.2813445,4.49845,-10.3249,-35.6314,-0.004997253,
2,0.144,2,0.0990075,405.3159,-0.0268913,0.2716087,4.49845,-10.3249,-35.6314,-0.004997253,
2,0.154,2,0.09434706,405.304,-0.02770129,0.2936106,4.49845,-10.3249,-35.6314,-0.004997253,
2,0.164,2,0.0955425,405.3277,-0.02813509,0.2944772,4.49845,-10.3249,-35.6314,-0.004997253,
2,0.174,2,0.1015641,405.3279,-0.02803363,0.2760191,4.49845,-10.3249,-35.6314,-0.004997253,
2,0.184,2,0.09486482,405.2925,-0.02949155,0.3108797,4.49845,-10.3249,-35.6314,-0.004997253,
2,0.194,2,0.09490755,405.3138,-0.02831135,0.2983045,4.49845,-10.3249,-35.6314,-0.004997253,
2,0.204,2,0.09883528,405.3376,-0.02844693,0.2878216,4.49845,-10.3249,-35.6314,-0.004997253,
2,0.214,2,0.09338322,405.2879,-0.02856636,0.3059046,4.49845,-10.3249,-35.6314,-0.004997253,
2,0.224,2,0.09387203,405.3048,-0.02741956,0.2920951,4.49845,-10.3249,-35.6314,-0.004997253,
2,0.234,2,0.09922998,405.3448,-0.02823216,0.2845124,4.49845,-10.3249,-35.6314,-0.004997253,
2,0.244,2,0.09318921,405.2894,-0.02994738,0.321361,4.49845,-10.3249,-35.6314,-0.004997253,
2,0.254,2,0.09336778,405.3262,-0.0311765,0.3339107,4.49845,-10.3249,-35.6314,-0.004997253,
2,0.264,2,0.09812513,405.3436,-0.03239882,0.3301786,4.49845,-10.3249,-35.6314,-0.004997253,
2,0.274,2,0.09221319,405.2968,-0.03302315,0.3581174,4.49845,-10.3249,-35.6314,-0.004997253,
2,0.284,2,0.09239447,405.3086,-0.03262725,0.3531299,4.49845,-10.3249,-35.6314,-0.004997253,
2,0.294,2,0.09853473,405.3543,-0.0347583,0.3527518,4.49845,-10.3249,-35.6314,-0.004997253,
2,0.304,2,0.09274697,405.2979,-0.03208794,0.3459729,4.49845,-10.3249,-35.6314,-0.004997253,
2,0.314,2,0.09235205,405.3236,-0.03272605,0.3543619,4.49845,-10.3249,-35.6314,-0.004997253,
2,0.324,2,0.09889727,405.3419,-0.03383644,0.3421373,4.49845,-10.3249,-35.6314,-0.004997253,
2,0.334,2,0.09205367,405.2891,-0.03185036,0.3459977,4.49845,-10.3249,-35.6314,-0.004997253,
2,0.344,2,0.09606727,405.3549,-0.03190663,0.332128,4.49845,-10.3249,-35.6314,-0.004997253,
2,0.354,2,0.09874963,405.3104,-0.03252342,0.3293523,4.49845,-10.3249,-35.6314,-0.004997253,
2,0.364,2,0.09100195,405.2343,-0.03292658,0.3618228,4.49845,-10.3249,-35.6314,-0.004997253,
2,0.374,2,0.09863254,405.2985,-0.03195316,0.3239617,4.49845,-10.3249,-35.6314,-0.004997253,
2,0.384,2,0.09510146,405.1991,-0.03261191,0.3429171,4.49845,-10.3249,-35.6314,-0.004997253,
2,0.394,2,0.0952767,405.2378,-0.03222408,0.3382158,4.49845,-10.3249,-35.6314,-0.004997253,
2,0.404,2,0.0987698,405.2672,-0.03173481,0.3213008,4.49845,-10.3249,-35.6314,-0.004997253,
2,0.414,2,0.09364204,405.2533,-0.03179087,0.3394936,4.49845,-10.3249,-35.6314,-0.004997253,
2,0.424,2,0.09512804,405.2552,-0.0314884,0.3310107,4.49845,-10.3249,-35.6314,-0.004997253,
2,0.434,2,0.09863506,405.2793,-0.03120585,0.3163769,4.49845,-10.3249,-35.6314,-0.004997253,
2,0.444,2,0.09359223,405.2282,-0.03235156,0.345665,4.49845,-10.3249,-35.6314,-0.004997253,
2,0.454,2,0.09845874,405.2601,-0.03251391,0.3302287,4.49845,-10.3249,-35.6314,-0.004997253,
2,0.464,2,0.09983438,405.2547,-0.03352235,0.3357796,4.49845,-10.3249,-35.6314,-0.004997253,
2,0.474,2,0.09218521,405.2279,-0.03281178,0.3559333,4.49845,-10.3249,-35.6314,-0.004997253,
2,0.484,2,0.1015107,405.3242,-0.03183563,0.3136185,4.49845,-10.3249,-35.6314,-0.004997253,
2,0.494,2,0.0942288,405.2195,-0.03098768,0.3288557,4.4946,-10.3249,-35.6316,-0.004798889,
2,0.504,2,0.09233166,405.242,-0.03301257,0.3575433,4.4946,-10.3249,-35.6316,-0.004798889,
2,0.514,2,0.1009978,405.2976,-0.03248453,0.3216359,4.4946,-10.3249,-35.6316,-0.004798889,
2,0.524,2,0.09151827,405.2225,-0.0312975,0.341981,4.4946,-10.3249,-35.6316,-0.004798889,
2,0.534,2,0.09573726,405.2904,-0.03340929,0.3489685,4.4946,-10.3249,-35.6316,-0.004798889,
2,0.544,2,0.1003579,405.2711,-0.03268708,0.3257053,4.4946,-10.3249,-35.6316,-0.004798889,
2,0.554,2,0.08961333,405.212,-0.03298734,0.3681075,4.4946,-10.3249,-35.6316,-0.004798889,
2,0.564,2,0.1026371,405.2122,-0.03286178,0.3201745,4.4946,-10.3249,-35.6316,-0.004798889,
2,0.574,2,0.09838142,404.9897,-0.03066328,0.3116776,4.4946,-10.3249,-35.6316,-0.004798889,
2,0.584,2,0.09043285,404.9691,-0.03345419,0.369934,4.4946,-10.3249,-35.6316,-0.004798889,
2,0.594,2,0.1023603,404.9778,-0.03364713,0.3287126,4.4946,-10.3249,-35.6316,-0.004798889,
2,0.604,2,0.09800048,404.9766,-0.03209492,0.3274976,4.4946,-10.3249,-35.6316,-0.004798889,
2,0.614,2,0.09579884,404.9605,-0.03366324,0.3513951,4.4946,-10.3249,-35.6316,-0.004798889,
2,0.624,2,0.103653,404.9954,-0.0312354,0.3013458,4.4946,-10.3249,-35.6316,-0.004798889,
2,0.634,2,0.09467097,404.9507,-0.03230464,0.3412306,4.4946,-10.3249,-35.6316,-0.004798889,
2,0.644,2,0.09969647,405.0013,-0.03280803,0.3290791,4.4946,-10.3249,-35.6316,-0.004798889,
2,0.654,2,0.1006749,404.9594,-0.03343342,0.3320929,4.4946,-10.3249,-35.6316,-0.004798889,
2,0.664,2,0.0964707,404.9598,-0.03236049,0.3354438,4.4946,-10.3249,-35.6316,-0.004798889,
2,0.674,2,0.1027613,405.0314,-0.03294127,0.3205612,4.4946,-10.3249,-35.6316,-0.004798889,
2,0.684,2,0.09815121,404.8929,-0.03191514,0.3251629,4.4946,-10.3249,-35.6316,-0.004798889,
2,0.694,2,0.09900199,404.9902,-0.0337045,0.3404427,4.4946,-10.3249,-35.6316,-0.004798889,
2,0.704,2,0.1044508,405.0111,-0.03211105,0.3074276,4.4946,-10.3249,-35.6316,-0.004798889,
2,0.714,2,0.09456884,404.9772,-0.03175915,0.335831,4.4946,-10.3249,-35.6316,-0.004798889,
2,0.724,2,0.1001278,405.0062,-0.03144327,0.3140315,4.48645,-10.3249,-35.6321,-0.004299164,
2,0.734,2,0.1040317,405.0033,-0.03149618,0.3027555,4.48645,-10.3249,-35.6321,-0.004299164,
2,0.744,2,0.09462649,404.8891,-0.03370003,0.3561374,4.48645,-10.3249,-35.6321,-0.004299164,
2,0.754,2,0.1026865,405.02,-0.03191702,0.3108199,4.48645,-10.3249,-35.6321,-0.004299164,
2,0.764,2,0.1000288,404.9792,-0.03113293,0.3112396,4.48645,-10.3249,-35.6321,-0.004299164,
2,0.774,2,0.09925351,404.8669,-0.03280832,0.3305507,4.48645,-10.3249,-35.6321,-0.004299164,
2,0.784,2,0.1042687,404.7044,-0.03244202,0.3111385,4.48645,-10.3249,-35.6321,-0.004299164,
2,0.794,2,0.09813272,404.5713,-0.03306028,0.3368935,4.48645,-10.3249,-35.6321,-0.004299164,
2,0.804,2,0.1001878,404.592,-0.0325105,0.3244957,4.48645,-10.3249,-35.6321,-0.004299164,
2,0.814,2,0.1064035,404.612,-0.03204841,0.3011968,4.48645,-10.3249,-35.6321,-0.004299164,
2,0.824,2,0.09936751,404.534,-0.03294984,0.3315957,4.48645,-10.3249,-35.6321,-0.004299164,
2,0.834,2,0.1019852,404.6054,-0.03345763,0.3280636,4.48645,-10.3249,-35.6321,-0.004299164,
2,0.844,2,0.1040668,404.5882,-0.03121823,0.2999824,4.48645,-10.3249,-35.6321,-0.004299164,
2,0.854,2,0.0998129,404.542,-0.03326221,0.3332456,4.48645,-10.3249,-35.6321,-0.004299164,
2,0.864,2,0.1064533,404.6219,-0.03146277,0.2955547,4.48645,-10.3249,-35.6321,-0.004299164,
2,0.874,2,0.1014512,404.5582,-0.03278098,0.3231206,4.48645,-10.3249,-35.6321,-0.004299164,
2,0.884,2,0.1013785,404.5746,-0.03347169,0.3301657,4.48645,-10.3249,-35.6321,-0.004299164,
2,0.894,2,0.1067094,404.6202,-0.03154775,0.2956418,4.48645,-10.3249,-35.6321,-0.004299164,
2,0.904,2,0.09937095,404.5577,-0.03225187,0.3245603,4.48645,-10.3249,-35.6321,-0.004299164,
2,0.914,2,0.1021201,404.6073,-0.0319708,0.3130707,4.4799,-10.3249,-35.6327,-0.003696442,
2,0.924,2,0.1054471,404.6109,-0.03158296,0.2995148,4.4799,-10.3249,-35.6327,-0.003696442,
2,0.934,2,0.09826864,404.5422,-0.03214596,0.3271233,4.4799,-10.3249,-35.6327,-0.003696442,
2,0.944,2,0.1053185,404.6314,-0.03280435,0.3114775,4.4799,-10.3249,-35.6327,-0.003696442,
2,0.954,2,0.1049769,404.5648,-0.03307811,0.315099,4.4799,-10.3249,-35.6327,-0.003696442,
2,0.964,2,0.1015194,404.4962,-0.0340956,0.335853,4.4799,-10.3249,-35.6327,-0.003696442,
2,0.974,2,0.1111282,404.3404,-0.03223617,0.2900809,4.4799,-10.3249,-35.6327,-0.003696442,
2,0.984,2,0.1027667,404.0861,-0.0327534,0.318716,4.4799,-10.3249,-35.6327,-0.003696442,
2,0.994,2,0.1031482,404.0799,-0.03438501,0.3333552,4.4799,-10.3249,-35.6327,-0.003696442,
2,1.004,2,0.1109145,404.095,-0.03237609,0.2919013,4.4799,-10.3249,-35.6327,-0.003696442,
2,1.014,2,0.1007422,404.0162,-0.03425346,0.3400111,4.4799,-10.3249,-35.6327,-0.003696442,
2,1.024,2,0.109077,404.0999,-0.03392333,0.3110035,4.4799,-10.3249,-35.6327,-0.003696442,
2,1.034,2,0.1104319,404.184,-0.03411436,0.3089176,4.4799,-10.3249,-35.6327,-0.003696442,
2,1.044,2,0.09895923,404.0179,-0.03257658,0.329192,4.4799,-10.3249,-35.6327,-0.003696442,
2,1.054,2,0.1109652,404.1227,-0.03319265,0.2991266,4.4799,-10.3249,-35.6327,-0.003696442,
2,1.064,2,0.1088167,404.0616,-0.03158806,0.2902869,4.4799,-10.3249,-35.6327,-0.003696442,
2,1.074,2,0.1023063,404.0508,-0.03249557,0.3176303,4.4799,-10.3249,-35.6327,-0.003696442,
2,1.084,2,0.1115745,404.1125,-0.03094963,0.2773898,4.4799,-10.3249,-35.6327,-0.003696442,
2,1.094,2,0.1063642,404.0784,-0.03267757,0.3072235,4.4799,-10.3249,-35.6327,-0.003696442,
2,1.104,2,0.1044056,404.0603,-0.03400445,0.3256957,4.4799,-10.3249,-35.6327,-0.003696442,
2,1.114,2,0.1114264,404.1137,-0.0336546,0.3020344,4.47283,-10.3249,-35.6334,-0.002998352,
2,1.124,2,0.1047775,404.0118,-0.03391742,0.323709,4.47283,-10.3249,-35.6334,-0.002998352,
2,1.134,2,0.1063395,404.0822,-0.03232891,0.304016,4.47283,-10.3249,-35.6334,-0.002998352,
2,1.144,2,0.1142929,404.1205,-0.03403592,0.2977956,4.47283,-10.3249,-35.6334,-0.002998352,
2,1.154,2,0.101526,404.0475,-0.03451927,0.3400042,4.47283,-10.3249,-35.6334,-0.002998352,
2,1.164,2,0.1085438,404.1083,-0.03140897,0.2893668,4.47283,-10.3249,-35.6334,-0.002998352,
2,1.174,2,0.1113198,404.0792,-0.03311933,0.2975153,4.47283,-10.3249,-35.6334,-0.002998352,
2,1.184,2,0.1057648,404.0487,-0.03290237,0.3110901,4.47283,-10.3249,-35.6334,-0.002998352,
2,1.194,2,0.1150326,403.9052,-0.03248394,0.2823889,4.47283,-10.3249,-35.6334,-0.002998352,
2,1.204,2,0.1094755,403.5764,-0.03431056,0.3134085,4.47283,-10.3249,-35.6334,-0.002998352,
2,1.214,2,0.1029128,403.4777,-0.03387022,0.3291158,4.47283,-10.3249,-35.6334,-0.002998352,
2,1.224,2,0.1177135,403.5445,-0.03477208,0.2953959,4.47283,-10.3249,-35.6334,-0.002998352,
2,1.234,2,0.1131005,403.468,-0.03569717,0.3156235,4.47283,-10.3249,-35.6334,-0.002998352,
2,1.244,2,0.1058246,403.4821,-0.03540415,0.3345549,4.47283,-10.3249,-35.6334,-0.002998352,
2,1.254,2,0.1169141,403.5267,-0.03524169,0.3014323,4.47283,-10.3249,-35.6334,-0.002998352,
2,1.264,2,0.110023,403.4543,-0.0349907,0.3180307,4.47283,-10.3249,-35.6334,-0.002998352,
2,1.274,2,0.1053936,403.463,-0.03547885,0.3366319,4.47283,-10.3249,-35.6334,-0.002998352,
2,1.284,2,0.1179196,403.5419,-0.0335739,0.2847186,4.47283,-10.3249,-35.6334,-0.002998352,
2,1.294,2,0.1099987,403.4489,-0.03574196,0.3249307,4.47283,-10.3249,-35.6334,-0.002998352,
2,1.304,2,0.1083617,403.45,-0.03342782,0.3084838,4.47283,-10.3249,-35.6334,-0.002998352,
2,1.314,2,0.1181414,403.5341,-0.03626416,0.3069556,4.47283,-10.3249,-35.6334,-0.002998352,
2,1.324,2,0.1094707,403.4484,-0.03487512,0.3185795,4.47283,-10.3249,-35.6334,-0.002998352,
2,1.334,2,0.1089795,403.5038,-0.03258596,0.2990099,4.47283,-10.3249,-35.6334,-0.002998352,
2,1.344,2,0.1172208,403.515,-0.03528736,0.3010332,4.47283,-10.3249,-35.6334,-0.002998352,
2,1.354,2,0.1073804,403.4383,-0.03517428,0.327567,4.46523,-10.3249,-35.6342,-0.002197266,
2,1.364,2,0.1095562,403.5018,-0.03369805,0.3075869,4.46523,-10.3249,-35.6342,-0.002197266,
2,1.374,2,0.1156978,403.5068,-0.03506338,0.30306,4.46523,-10.3249,-35.6342,-0.002197266,
2,1.384,2,0.1070726,403.4377,-0.03467739,0.3238679,4.46523,-10.3249,-35.6342,-0.002197266,
2,1.394,2,0.111148,403.5034,-0.0333022,0.2996204,4.46523,-10.3249,-35.6342,-0.002197266,
2,1.404,2,0.1141628,403.4907,-0.03467881,0.3037661,4.46523,-10.3249,-35.6342,-0.002197266,
2,1.414,2,0.107649,403.4517,-0.03430185,0.3186453,4.46523,-10.3249,-35.6342,-0.002197266,
2,1.424,2,0.112716,403.4974,-0.03223481,0.2859825,4.46523,-10.3249,-35.6342,-0.002197266,
2,1.434,2,0.1197756,403.2823,-0.03610629,0.3014495,4.46523,-10.3249,-35.6342,-0.002197266,
2,1.444,2,0.1093424,402.906,-0.03519307,0.3218611,4.46523,-10.3249,-35.6342,-0.002197266,
2,1.454,2,0.1151843,402.8098,-0.03343911,0.2903095,4.46523,-10.3249,-35.6342,-0.002197266,
2,1.464,2,0.1204083,402.7557,-0.03581837,0.2974742,4.46523,-10.3249,-35.6342,-0.002197266,
2,1.474,2,0.1141347,402.7085,-0.03470818,0.3040985,4.46523,-10.3249,-35.6342,-0.002197266,
2,1.484,2,0.1174591,402.7614,-0.03361559,0.2861896,4.46523,-10.3249,-35.6342,-0.002197266,
2,1.494,2,0.11705,402.7416,-0.03484543,0.297697,4.46523,-10.3249,-35.6342,-0.002197266,
2,1.504,2,0.1127193,402.7058,-0.03510389,0.3114275,4.46523,-10.3249,-35.6342,-0.002197266,
2,1.514,2,0.1169848,402.7689,-0.0335924,0.2871518,4.46523,-10.3249,-35.6342,-0.002197266,
2,1.524,2,0.1190711,402.7376,-0.03611543,0.3033097,4.46523,-10.3249,-35.6342,-0.002197266,
2,1.534,2,0.1113129,402.7007,-0.03480276,0.3126571,4.46523,-10.3249,-35.6342,-0.002197266,
2,1.544,2,0.1159634,402.7678,-0.03337368,0.287795,4.46523,-10.3249,-35.6342,-0.002197266,
2,1.554,2,0.120134,402.7392,-0.0347527,0.2892828,4.46523,-10.3249,-35.6342,-0.002197266,
2,1.564,2,0.1141007,402.6694,-0.03524143,0.3088625,4.46523,-10.3249,-35.6342,-0.002197266,
2,1.574,2,0.1168062,402.759,-0.03569175,0.3055639,4.45705,-10.3249,-35.6353,-0.001098633,
2,1.584,2,0.1197065,402.7433,-0.03752882,0.313507,4.45705,-10.3249,-35.6353,-0.001098633,
2,1.594,2,0.1137215,402.7229,-0.03389409,0.2980448,4.45705,-10.3249,-35.6353,-0.001098633,
2,1.604,2,0.1166038,402.743,-0.03565072,0.3057425,4.45705,-10.3249,-35.6353,-0.001098633,
2,1.614,2,0.1175086,402.7398,-0.0380752,0.3240206,4.45705,-10.3249,-35.6353,-0.001098633,
2,1.624,2,0.1138541,402.623,-0.0352211,0.3093528,4.45705,-10.3249,-35.6353,-0.001098633,
2,1.634,2,0.1169252,402.7499,-0.03494859,0.2988971,4.45705,-10.3249,-35.6353,-0.001098633,
2,1.644,2,0.1209104,402.7415,-0.03586698,0.2966411,4.45705,-10.3249,-35.6353,-0.001098633,
2,1.654,2,0.1173288,402.602,-0.03663379,0.3122318,4.45705,-10.3249,-35.6353,-0.001098633,
2,1.664,2,0.1204313,402.3364,-0.03751209,0.3114811,4.45705,-10.3249,-35.6353,-0.001098633,
2,1.674,2,0.1226428,402.0359,-0.0370782,0.3023268,4.45705,-10.3249,-35.6353,-0.001098633,
2,1.684,2,0.1162891,401.8538,-0.03725348,0.3203523,4.45705,-10.3249,-35.6353,-0.001098633,
2,1.694,2,0.1229437,401.9175,-0.03877615,0.3153975,4.45705,-10.3249,-35.6353,-0.001098633,
2,1.704,2,0.12574,401.8964,-0.03867494,0.3075787,4.45705,-10.3249,-35.6353,-0.001098633,
2,1.714,2,0.1164615,401.8492,-0.03766499,0.3234114,4.45705,-10.3249,-35.6353,-0.001098633,
2,1.724,2,0.1256761,401.9273,-0.03605574,0.2868943,4.45705,-10.3249,-35.6353,-0.001098633,
2,1.734,2,0.1233116,401.8641,-0.03881169,0.3147449,4.45705,-10.3249,-35.6353,-0.001098633,
2,1.744,2,0.1184812,401.816,-0.03505693,0.295886,4.45705,-10.3249,-35.6353,-0.001098633,
2,1.754,2,0.1268771,401.9318,-0.03760161,0.2963624,4.45705,-10.3249,-35.6353,-0.001098633,
2,1.764,2,0.1232353,401.8643,-0.03781089,0.3068187,4.45705,-10.3249,-35.6353,-0.001098633,
2,1.774,2,0.1177713,401.8495,-0.03616985,0.3071192,4.45705,-10.3249,-35.6353,-0.001098633,
2,1.784,2,0.1274162,401.9148,-0.03603211,0.2827908,4.45705,-10.3249,-35.6353,-0.001098633,
2,1.794,2,0.1232096,401.8762,-0.03889717,0.3156992,4.45705,-10.3249,-35.6353,-0.001098633,
2,1.804,2,0.1176073,401.8378,-0.03736876,0.3177417,4.44943,-10.3249,-35.6364,0,
2,1.814,2,0.12644,401.9093,-0.0380213,0.3007063,4.44943,-10.3249,-35.6364,0,
2,1.824,2,0.1229431,401.8618,-0.03898809,0.317123,4.44943,-10.3249,-35.6364,0,
2,1.834,2,0.1165668,401.8402,-0.03551232,0.3046522,4.44943,-10.3249,-35.6364,0,
2,1.844,2,0.1266158,401.9146,-0.03669665,0.2898268,4.44943,-10.3249,-35.6364,0,
2,1.854,2,0.120944,401.8678,-0.03998233,0.3305854,4.44943,-10.3249,-35.6364,0,
2,1.864,2,0.1204919,401.869,-0.0370454,0.3074515,4.44943,-10.3249,-35.6364,0,
2,1.874,2,0.1252445,401.8774,-0.03856339,0.3079049,4.44943,-10.3249,-35.6364,0,
2,1.884,2,0.1241463,401.8718,-0.04042794,0.3256476,4.44943,-10.3249,-35.6364,0,
2,1.894,2,0.1246023,401.756,-0.03778695,0.3032604,4.44943,-10.3249,-35.6364,0,
2,1.904,2,0.1270203,401.4565,-0.03866821,0.3044256,4.44943,-10.3249,-35.6364,0,
2,1.914,2,0.1285186,401.2069,-0.0399327,0.3107153,4.44943,-10.3249,-35.6364,0,
2,1.924,2,0.1246189,400.9922,-0.03756651,0.3014511,4.44943,-10.3249,-35.6364,0,
2,1.934,2,0.1222143,400.9233,-0.04004645,0.327674,4.44943,-10.3249,-35.6364,0,
2,1.944,2,0.1331789,401.0015,-0.04102362,0.308034,4.44943,-10.3249,-35.6364,0,
2,1.954,2,0.1290113,400.942,-0.03687504,0.2858279,4.44943,-10.3249,-35.6364,0,
2,1.964,2,0.1222056,400.9073,-0.03938612,0.3222938,4.44943,-10.3249,-35.6364,0,
2,1.974,2,0.1329592,401.024,-0.04228985,0.3180663,4.44943,-10.3249,-35.6364,0,
2,1.984,2,0.1309846,400.8851,-0.03735759,0.285206,4.44943,-10.3249,-35.6364,0,
2,1.994,2,0.1195005,400.9394,-0.03915666,0.3276694,4.44943,-10.3249,-35.6364,0,
2,2.004,2,0.1340432,400.9421,-0.04082268,0.3045488,4.44943,-10.3249,-35.6364,0,
2,2.014,2,0.131698,400.9463,-0.03862849,0.2933111,4.44943,-10.3249,-35.6364,0,
2,2.024,2,0.1175397,400.8669,-0.03852818,0.3277886,4.44943,-10.3249,-35.6364,0,
2,2.034,2,0.135529,401.0272,-0.04055957,0.2992687,4.44943,-10.3249,-35.6364,0,
2,2.044,2,0.1315144,400.9168,-0.0391312,0.2975432,4.44943,-10.3249,-35.6364,0,
2,2.054,2,0.1193365,400.8671,-0.03894714,0.326364,4.44943,-10.3249,-35.6364,0,
2,2.064,2,0.1329055,401.0125,-0.03923441,0.2952053,4.44128,-10.3249,-35.6377,0.001300812,
2,2.074,2,0.1313797,400.9092,-0.03942383,0.3000756,4.44128,-10.3249,-35.6377,0.001300812,
2,2.084,2,0.1235754,400.8824,-0.03864918,0.3127579,4.44128,-10.3249,-35.6377,0.001300812,
2,2.094,2,0.1335299,400.9753,-0.04059001,0.3039769,4.44128,-10.3249,-35.6377,0.001300812,
2,2.104,2,0.1321032,400.9251,-0.0391323,0.2962253,4.44128,-10.3249,-35.6377,0.001300812,
2,2.114,2,0.1242867,400.8803,-0.03745484,0.3013585,4.44128,-10.3249,-35.6377,0.001300812,
2,2.124,2,0.1312656,400.9701,-0.03959861,0.3016677,4.44128,-10.3249,-35.6377,0.001300812,
2,2.134,2,0.1376577,400.8302,-0.03995816,0.2902718,4.44128,-10.3249,-35.6377,0.001300812,
2,2.144,2,0.129302,400.4766,-0.0387135,0.2994037,4.44128,-10.3249,-35.6377,0.001300812,
2,2.154,2,0.1328602,400.1957,-0.03905432,0.2939505,4.44128,-10.3249,-35.6377,0.001300812,
2,2.164,2,0.1359984,399.955,-0.04094914,0.3011002,4.44128,-10.3249,-35.6377,0.001300812,
2,2.174,2,0.1314749,399.8487,-0.03669994,0.2791404,4.44128,-10.3249,-35.6377,0.001300812,
2,2.184,2,0.136397,399.8655,-0.03983145,0.2920259,4.44128,-10.3249,-35.6377,0.001300812,
2,2.194,2,0.1400323,399.8854,-0.04118382,0.2941023,4.44128,-10.3249,-35.6377,0.001300812,
2,2.204,2,0.1339725,399.8522,-0.03899581,0.2910733,4.44128,-10.3249,-35.6377,0.001300812,
2,2.214,2,0.1329585,399.9092,-0.04100792,0.3084265,4.44128,-10.3249,-35.6377,0.001300812,
2,2.224,2,0.1428328,399.8852,-0.04331065,0.3032264,4.44128,-10.3249,-35.6377,0.001300812,
2,2.234,2,0.1344542,399.8251,-0.03901672,0.2901859,4.44128,-10.3249,-35.6377,0.001300812,
2,2.244,2,0.1357078,399.8602,-0.04126827,0.3040964,4.44128,-10.3249,-35.6377,0.001300812,
2,2.254,2,0.1407569,399.8956,-0.04250288,0.3019596,4.44128,-10.3249,-35.6377,0.001300812,
2,2.264,2,0.1318911,399.8149,-0.041046,0.3112113,4.4331,-10.3249,-35.6392,0.002799988,
2,2.274,2,0.1323327,399.8843,-0.04111175,0.3106695,4.4331,-10.3249,-35.6392,0.002799988,
2,2.284,2,0.1400679,399.8773,-0.04223268,0.3015157,4.4331,-10.3249,-35.6392,0.002799988,
2,2.294,2,0.133837,399.8194,-0.04071077,0.3041818,4.4331,-10.3249,-35.6392,0.002799988,
2,2.304,2,0.13291,399.8566,-0.04021019,0.3025371,4.4331,-10.3249,-35.6392,0.002799988,
2,2.314,2,0.1412517,399.8926,-0.04230591,0.2995072,4.4331,-10.3249,-35.6392,0.002799988,
2,2.324,2,0.1351821,399.8333,-0.04045908,0.2992932,4.4331,-10.3249,-35.6392,0.002799988,
2,2.334,2,0.1328385,399.821,-0.03940707,0.296654,4.4331,-10.3249,-35.6392,0.002799988,
2,2.344,2,0.1450656,399.7493,-0.04380414,0.3019609,4.4331,-10.3249,-35.6392,0.002799988,
2,2.354,2,0.1412384,399.3605,-0.04141202,0.2932064,4.4331,-10.3249,-35.6392,0.002799988,
2,2.364,2,0.1358172,398.9802,-0.0389325,0.2866536,4.4331,-10.3249,-35.6392,0.002799988,
2,2.374,2,0.1457109,398.8533,-0.04365424,0.2995948,4.4331,-10.3249,-35.6392,0.002799988,
2,2.384,2,0.1461929,398.733,-0.04360865,0.2982953,4.4331,-10.3249,-35.6392,0.002799988,
2,2.394,2,0.1390896,398.7486,-0.04129295,0.2968802,4.4331,-10.3249,-35.6392,0.002799988,
2,2.404,2,0.1476569,398.7366,-0.0435576,0.2949919,4.4331,-10.3249,-35.6392,0.002799988,
2,2.414,2,0.1486443,398.7429,-0.04415844,0.2970745,4.4331,-10.3249,-35.6392,0.002799988,
2,2.424,2,0.138294,398.7068,-0.04069023,0.29423,4.4331,-10.3249,-35.6392,0.002799988,
2,2.434,2,0.1439279,398.7214,-0.04114882,0.2858989,4.4331,-10.3249,-35.6392,0.002799988,
2,2.444,2,0.1466771,398.7443,-0.04355007,0.2969111,4.4331,-10.3249,-35.6392,0.002799988,
2,2.454,2,0.1417609,398.6944,-0.04183183,0.2950873,4.42655,-10.3249,-35.6407,0.004302979,
2,2.464,2,0.1412193,398.7225,-0.04249615,0.3009231,4.42655,-10.3249,-35.6407,0.004302979,
2,2.474,2,0.1476523,398.7816,-0.04339981,0.2939326,4.42655,-10.3249,-35.6407,0.004302979,
2,2.484,2,0.1410042,398.6439,-0.04340517,0.3078289,4.42655,-10.3249,-35.6407,0.004302979,
2,2.494,2,0.1416968,398.7786,-0.04468032,0.3153234,4.42655,-10.3249,-35.6407,0.004302979,
2,2.504,2,0.1485094,398.7137,-0.04391376,0.2956968,4.42655,-10.3249,-35.6407,0.004302979,
2,2.514,2,0.1444058,398.7073,-0.04106674,0.2843842,4.42655,-10.3249,-35.6407,0.004302979,
2,2.524,2,0.1436985,398.7079,-0.04310259,0.2999515,4.42655,-10.3249,-35.6407,0.004302979,
2,2.534,2,0.152636,398.67,-0.04449754,0.2915271,4.42655,-10.3249,-35.6407,0.004302979,
2,2.544,2,0.1488881,398.2907,-0.04292874,0.288329,4.42655,-10.3249,-35.6407,0.004302979,
2,2.554,2,0.1481978,397.9057,-0.04229672,0.2854072,4.42655,-10.3249,-35.6407,0.004302979,
2,2.564,2,0.1505361,397.6295,-0.0460532,0.305928,4.42655,-10.3249,-35.6407,0.004302979,
2,2.574,2,0.1505418,397.5557,-0.04458591,0.2961695,4.42655,-10.3249,-35.6407,0.004302979,
2,2.584,2,0.1517715,397.5677,-0.04401812,0.2900288,4.42655,-10.3249,-35.6407,0.004302979,
2,2.594,2,0.1536617,397.5365,-0.04542277,0.2956024,4.42655,-10.3249,-35.6407,0.004302979,
2,2.604,2,0.1549331,397.5632,-0.04483847,0.2894055,4.42655,-10.3249,-35.6407,0.004302979,
2,2.614,2,0.1521511,397.5013,-0.04637969,0.3048265,4.42655,-10.3249,-35.6407,0.004302979,
2,2.624,2,0.1540265,397.5138,-0.04537427,0.2945874,4.42655,-10.3249,-35.6407,0.004302979,
2,2.634,2,0.1537609,397.5206,-0.04663726,0.3033102,4.42655,-10.3249,-35.6407,0.004302979,
2,2.644,2,0.1520848,397.53,-0.04693704,0.3086241,4.42655,-10.3249,-35.6407,0.004302979,
2,2.654,2,0.154493,397.5425,-0.04647043,0.300793,4.42655,-10.3249,-35.6407,0.004302979,
2,2.664,2,0.1534553,397.5128,-0.04396266,0.2864852,4.4195,-10.3249,-35.6424,0.006000519,
2,2.674,2,0.1516294,397.5244,-0.04495268,0.2964642,4.4195,-10.3249,-35.6424,0.006000519,
2,2.684,2,0.1542926,397.507,-0.0446249,0.2892225,4.4195,-10.3249,-35.6424,0.006000519,
2,2.694,2,0.1539186,397.5466,-0.04530741,0.2943595,4.4195,-10.3249,-35.6424,0.006000519,
2,2.704,2,0.1497799,397.4888,-0.04625064,0.3087907,4.4195,-10.3249,-35.6424,0.006000519,
2,2.714,2,0.1525867,397.5492,-0.04602358,0.3016225,4.4195,-10.3249,-35.6424,0.006000519,
2,2.724,2,0.155359,397.5334,-0.04567795,0.2940154,4.4195,-10.3249,-35.6424,0.006000519,
2,2.734,2,0.1542411,397.4905,-0.04400346,0.28529,4.4195,-10.3249,-35.6424,0.006000519,
2,2.744,2,0.155366,397.3853,-0.04484369,0.2886327,4.4195,-10.3249,-35.6424,0.006000519,
2,2.754,2,0.1594191,397.0729,-0.04477251,0.2808478,4.4195,-10.3249,-35.6424,0.006000519,
2,2.764,2,0.1544378,396.6651,-0.04505339,0.2917252,4.4195,-10.3249,-35.6424,0.006000519,
2,2.774,2,0.1551129,396.4567,-0.04704344,0.3032851,4.4195,-10.3249,-35.6424,0.006000519,
2,2.784,2,0.1628251,396.34,-0.04714921,0.2895696,4.4195,-10.3249,-35.6424,0.006000519,
2,2.794,2,0.1633203,396.3495,-0.04665288,0.2856526,4.4195,-10.3249,-35.6424,0.006000519,
2,2.804,2,0.1595867,396.3121,-0.04493562,0.281575,4.4195,-10.3249,-35.6424,0.006000519,
2,2.814,2,0.1628589,396.3353,-0.04743299,0.291252,4.4195,-10.3249,-35.6424,0.006000519,
2,2.824,2,0.162228,396.3244,-0.04749668,0.2927773,4.4195,-10.3249,-35.6424,0.006000519,
2,2.834,2,0.1635333,396.3325,-0.04573189,0.2796488,4.4195,-10.3249,-35.6424,0.006000519,
2,2.844,2,0.161682,396.316,-0.04733399,0.2927598,4.4195,-10.3249,-35.6424,0.006000519,
2,2.854,2,0.1640748,396.312,-0.04826605,0.294171,4.4195,-10.3249,-35.6424,0.006000519,
2,2.864,2,0.162041,396.3024,-0.04660415,0.2876072,4.4195,-10.3249,-35.6424,0.006000519,
2,2.874,2,0.1620338,396.3056,-0.0467471,0.2885021,4.4195,-10.3249,-35.6424,0.006000519,
2,2.884,2,0.1615111,396.3111,-0.04708359,0.2915192,4.4195,-10.3249,-35.6424,0.006000519,
2,2.894,2,0.1607267,396.2892,-0.04777767,0.2972604,4.4195,-10.3249,-35.6424,0.006000519,
2,2.904,2,0.1628032,396.3135,-0.0473921,0.2911006,4.41243,-10.3249,-35.644,0.007602692,
2,2.914,2,0.1610769,396.3107,-0.04683831,0.2907822,4.41243,-10.3249,-35.644,0.007602692,
2,2.924,2,0.161591,396.3111,-0.0464058,0.2871806,4.41243,-10.3249,-35.644,0.007602692,
2,2.934,2,0.1612062,396.3015,-0.04882049,0.302845,4.41243,-10.3249,-35.644,0.007602692,
2,2.944,2,0.161536,396.2833,-0.04713202,0.2917741,4.41243,-10.3249,-35.644,0.007602692,
2,2.954,2,0.1626974,396.3079,-0.04536269,0.2788163,4.41243,-10.3249,-35.644,0.007602692,
2,2.964,2,0.1589255,396.2923,-0.04809253,0.3026106,4.41243,-10.3249,-35.644,0.007602692,
2,2.974,2,0.1622019,396.3091,-0.04777557,0.2945439,4.41243,-10.3249,-35.644,0.007602692,
2,2.984,2,0.1638424,396.1414,-0.04678313,0.2855374,4.41243,-10.3249,-35.644,0.007602692,
2,2.994,2,0.1659119,395.8255,-0.04791995,0.2888277,4.41243,-10.3249,-35.644,0.007602692,
2,3.004,2,0.1650395,395.4155,-0.04781957,0.2897463,4.41243,-10.3249,-35.644,0.007602692,
2,3.014,2,0.1670583,395.1629,-0.04922838,0.2946779,4.41243,-10.3249,-35.644,0.007602692,
2,3.024,2,0.1662902,395.0233,-0.0477436,0.2871102,4.41243,-10.3249,-35.644,0.007602692,
2,3.034,2,0.1698533,395.0368,-0.04820031,0.2837762,4.41243,-10.3249,-35.644,0.007602692,
2,3.044,2,0.1693948,395.0049,-0.0489368,0.288892,4.41243,-10.3249,-35.644,0.007602692,
2,3.054,2,0.1690952,395.0038,-0.05091799,0.3011203,4.41243,-10.3249,-35.644,0.007602692,
2,3.064,2,0.1709677,394.9858,-0.04910748,0.2872325,4.41243,-10.3249,-35.644,0.007602692,
2,3.074,2,0.1671851,394.9954,-0.04835205,0.2892126,4.41243,-10.3249,-35.644,0.007602692,
2,3.084,2,0.169803,394.9975,-0.04880511,0.287422,4.41243,-10.3249,-35.644,0.007602692,
2,3.094,2,0.1706031,395.0226,-0.05006773,0.2934749,4.41243,-10.3249,-35.644,0.007602692,
2,3.104,2,0.1708362,394.9997,-0.05025304,0.2941593,4.41243,-10.3249,-35.644,0.007602692,
2,3.114,2,0.1689781,394.9772,-0.0488599,0.2891493,4.40425,-10.3249,-35.6458,0.009403229,
2,3.124,2,0.1693242,394.9889,-0.04911159,0.2900448,4.40425,-10.3249,-35.6458,0.009403229,
2,3.134,2,0.1686634,394.9827,-0.04942234,0.2930235,4.40425,-10.3249,-35.6458,0.009403229,
2,3.144,2,0.1703501,394.994,-0.0495586,0.290922,4.40425,-10.3249,-35.6458,0.009403229,
2,3.154,2,0.1705587,395.0008,-0.04875404,0.285849,4.40425,-10.3249,-35.6458,0.009403229,
2,3.164,2,0.1694504,394.9802,-0.04853186,0.2864074,4.40425,-10.3249,-35.6458,0.009403229,
2,3.174,2,0.1701707,394.9905,-0.05046675,0.2965654,4.40425,-10.3249,-35.6458,0.009403229,
2,3.184,2,0.1718126,394.9411,-0.0497738,0.2896982,4.40425,-10.3249,-35.6458,0.009403229,
2,3.194,2,0.1732825,394.7803,-0.04947924,0.2855409,4.40425,-10.3249,-35.6458,0.009403229,
2,3.204,2,0.1742971,394.4354,-0.05000033,0.2868684,4.40425,-10.3249,-35.6458,0.009403229,
2,3.214,2,0.1755736,393.9723,-0.0480294,0.2735571,4.40425,-10.3249,-35.6458,0.009403229,
2,3.224,2,0.175603,393.7694,-0.0498003,0.2835959,4.40425,-10.3249,-35.6458,0.009403229,
2,3.234,2,0.1761839,393.5737,-0.04979357,0.2826226,4.40425,-10.3249,-35.6458,0.009403229,
2,3.244,2,0.1788836,393.6075,-0.04908413,0.2743914,4.40425,-10.3249,-35.6458,0.009403229,
2,3.254,2,0.1787473,393.5778,-0.05027199,0.2812462,4.40425,-10.3249,-35.6458,0.009403229,
2,3.264,2,0.1809155,393.5977,-0.0505018,0.2791459,4.40425,-10.3249,-35.6458,0.009403229,
2,3.274,2,0.1780993,393.5918,-0.05087063,0.2856307,4.40425,-10.3249,-35.6458,0.009403229,
2,3.284,2,0.1799606,393.5732,-0.05150701,0.2862127,4.40425,-10.3249,-35.6458,0.009403229,
2,3.294,2,0.1780749,393.5777,-0.05197427,0.2918675,4.40425,-10.3249,-35.6458,0.009403229,
2,3.304,2,0.1792136,393.5457,-0.05273898,0.2942801,4.40425,-10.3249,-35.6458,0.009403229,
2,3.314,2,0.1821635,393.5811,-0.04977175,0.2732258,4.40425,-10.3249,-35.6458,0.009403229,
2,3.324,2,0.179132,393.5831,-0.05171079,0.2886743,4.40425,-10.3249,-35.6458,0.009403229,
2,3.334,2,0.1790244,393.5639,-0.05166478,0.2885908,4.40425,-10.3249,-35.6458,0.009403229,
2,3.344,2,0.1763669,393.5504,-0.05021875,0.2847402,4.40425,-10.3249,-35.6458,0.009403229,
2,3.354,2,0.1797103,393.5551,-0.05144762,0.2862808,4.39717,-10.3249,-35.6478,0.01140213,
2,3.364,2,0.1784672,393.5519,-0.05101775,0.2858662,4.39717,-10.3249,-35.6478,0.01140213,
2,3.374,2,0.1803685,393.5359,-0.05103155,0.2829294,4.39717,-10.3249,-35.6478,0.01140213,
2,3.384,2,0.1779886,393.5553,-0.05140597,0.2888162,4.39717,-10.3249,-35.6478,0.01140213,
2,3.394,2,0.1744934,393.5269,-0.04956954,0.284077,4.39717,-10.3249,-35.6478,0.01140213,
2,3.404,2,0.1799457,393.5655,-0.04944002,0.2747496,4.39717,-10.3249,-35.6478,0.01140213,
2,3.414,2,0.1786981,393.5544,-0.05070777,0.2837622,4.39717,-10.3249,-35.6478,0.01140213,
2,3.424,2,0.181233,393.5316,-0.0494831,0.2730359,4.39717,-10.3249,-35.6478,0.01140213,
2,3.434,2,0.1825663,393.3263,-0.05139479,0.2815131,4.39717,-10.3249,-35.6478,0.01140213,
2,3.444,2,0.1859735,392.9848,-0.05038609,0.2709316,4.39717,-10.3249,-35.6478,0.01140213,
2,3.454,2,0.1833147,392.5048,-0.05059198,0.2759843,4.39717,-10.3249,-35.6478,0.01140213,
2,3.464,2,0.1880566,392.3056,-0.04979913,0.2648092,4.39717,-10.3249,-35.6478,0.01140213,
2,3.474,2,0.1871015,392.0894,-0.05189222,0.2773479,4.39717,-10.3249,-35.6478,0.01140213,
2,3.484,2,0.19261,392.128,-0.05103094,0.2649443,4.39717,-10.3249,-35.6478,0.01140213,
2,3.494,2,0.1892619,392.0753,-0.05167415,0.2730298,4.39717,-10.3249,-35.6478,0.01140213,
2,3.504,2,0.1883247,392.063,-0.05079539,0.2697224,4.39717,-10.3249,-35.6478,0.01140213,
2,3.514,2,0.1908433,392.1187,-0.051542,0.270075,4.39717,-10.3249,-35.6478,0.01140213,
2,3.524,2,0.190107,392.0896,-0.05152128,0.271012,4.39717,-10.3249,-35.6478,0.01140213,
2,3.534,2,0.1869362,392.1061,-0.0526085,0.2814249,4.39717,-10.3249,-35.6478,0.01140213,
2,3.544,2,0.1899363,392.0533,-0.05183753,0.2729206,4.39717,-10.3249,-35.6478,0.01140213,
2,3.554,2,0.1895213,392.0988,-0.05153184,0.2719054,4.38903,-10.3249,-35.6498,0.01340103,
2,3.564,2,0.1900443,392.0349,-0.05191447,0.2731703,4.38903,-10.3249,-35.6498,0.01340103,
2,3.574,2,0.1908282,392.0712,-0.0551281,0.2888886,4.38903,-10.3249,-35.6498,0.01340103,
2,3.584,2,0.1906781,392.061,-0.0528521,0.2771797,4.38903,-10.3249,-35.6498,0.01340103,
2,3.594,2,0.1913585,392.0829,-0.05389887,0.2816643,4.38903,-10.3249,-35.6498,0.01340103,
2,3.604,2,0.1877906,392.0522,-0.05203194,0.2770743,4.38903,-10.3249,-35.6498,0.01340103,
2,3.614,2,0.1884259,392.0316,-0.05177397,0.274771,4.38903,-10.3249,-35.6498,0.01340103,
2,3.624,2,0.189709,392.0946,-0.05285535,0.2786128,4.38903,-10.3249,-35.6498,0.01340103,
2,3.634,2,0.1925936,392.0035,-0.05424381,0.281649,4.38903,-10.3249,-35.6498,0.01340103,
2,3.644,2,0.1920817,391.7795,-0.05312444,0.2765721,4.38903,-10.3249,-35.6498,0.01340103,
2,3.654,2,0.1972374,391.4042,-0.05411106,0.2743448,4.38903,-10.3249,-35.6498,0.01340103,
2,3.664,2,0.1914376,390.9261,-0.05423693,0.2833139,4.38903,-10.3249,-35.6498,0.01340103,
2,3.674,2,0.1953368,390.7286,-0.05249065,0.2687187,4.38903,-10.3249,-35.6498,0.01340103,
2,3.684,2,0.1981364,390.5583,-0.05385261,0.2717957,4.38903,-10.3249,-35.6498,0.01340103,
2,3.694,2,0.2004361,390.5602,-0.05507682,0.2747848,4.38903,-10.3249,-35.6498,0.01340103,
2,3.704,2,0.1975677,390.5371,-0.05490034,0.2778812,4.38903,-10.3249,-35.6498,0.01340103,
2,3.714,2,0.2009054,390.5536,-0.05354571,0.2665221,4.38903,-10.3249,-35.6498,0.01340103,
2,3.724,2,0.1984959,390.5241,-0.05369439,0.2705064,4.38903,-10.3249,-35.6498,0.01340103,
2,3.734,2,0.1993662,390.5054,-0.05439158,0.2728225,4.38903,-10.3249,-35.6498,0.01340103,
2,3.744,2,0.2000865,390.5068,-0.05500267,0.2748944,4.38903,-10.3249,-35.6498,0.01340103,
2,3.754,2,0.2013157,390.5085,-0.05354958,0.265998,4.38903,-10.3249,-35.6498,0.01340103,
2,3.764,2,0.2014854,390.5284,-0.05379915,0.2670127,4.38903,-10.3249,-35.6498,0.01340103,
2,3.774,2,0.1987388,390.4714,-0.05428272,0.2731359,4.38903,-10.3249,-35.6498,0.01340103,
2,3.784,2,0.2018005,390.5159,-0.05340968,0.2646658,4.38903,-10.3249,-35.6498,0.01340103,
2,3.794,2,0.2015422,390.4826,-0.05468533,0.2713344,4.38193,-10.3249,-35.6518,0.01539993,
2,3.804,2,0.1998147,390.5113,-0.05490889,0.2747991,4.38193,-10.3249,-35.6518,0.01539993,
2,3.814,2,0.2006303,390.5027,-0.05738699,0.2860335,4.38193,-10.3249,-35.6518,0.01539993,
2,3.824,2,0.2011115,390.4818,-0.05583833,0.2776486,4.38193,-10.3249,-35.6518,0.01539993,
2,3.834,2,0.2007245,390.5103,-0.05496729,0.2738445,4.38193,-10.3249,-35.6518,0.01539993,
2,3.844,2,0.1997879,390.4788,-0.05575439,0.279068,4.38193,-10.3249,-35.6518,0.01539993,
2,3.854,2,0.1990805,390.4902,-0.05516228,0.2770852,4.38193,-10.3249,-35.6518,0.01539993,
2,3.864,2,0.1997675,390.4803,-0.05441564,0.2723949,4.38193,-10.3249,-35.6518,0.01539993,
2,3.874,2,0.2050513,390.4583,-0.05503295,0.2683862,4.38193,-10.3249,-35.6518,0.01539993,
2,3.884,2,0.2026762,390.192,-0.05531495,0.2729228,4.38193,-10.3249,-35.6518,0.01539993,
2,3.894,2,0.209782,389.8593,-0.05415848,0.2581655,4.38193,-10.3249,-35.6518,0.01539993,
2,3.904,2,0.2048141,389.3762,-0.05454949,0.2663366,4.38193,-10.3249,-35.6518,0.01539993,
2,3.914,2,0.2081947,389.097,-0.0541773,0.2602242,4.38193,-10.3249,-35.6518,0.01539993,
2,3.924,2,0.2072572,388.9499,-0.05662794,0.2732254,4.38193,-10.3249,-35.6518,0.01539993,
2,3.934,2,0.2108698,388.9477,-0.05748042,0.2725873,4.38193,-10.3249,-35.6518,0.01539993,
2,3.944,2,0.2117784,388.9229,-0.05694865,0.2689068,4.38193,-10.3249,-35.6518,0.01539993,
2,3.954,2,0.2108271,388.9086,-0.05655137,0.2682358,4.38193,-10.3249,-35.6518,0.01539993,
2,3.964,2,0.2110788,388.9256,-0.05612967,0.2659181,4.38193,-10.3249,-35.6518,0.01539993,
2,3.974,2,0.211268,388.8827,-0.05776229,0.2734077,4.38193,-10.3249,-35.6518,0.01539993,
2,3.984,2,0.2103042,388.932,-0.05573859,0.2650379,4.38193,-10.3249,-35.6518,0.01539993,
2,3.994,2,0.2089026,388.8983,-0.05495189,0.2630503,4.38193,-10.3249,-35.6518,0.01539993,
2,4.004,2,0.2074587,388.8964,-0.05683894,0.2739771,4.37485,-10.3249,-35.654,0.01760101,
2,4.014,2,0.2093008,388.9046,-0.05635772,0.2692667,4.37485,-10.3249,-35.654,0.01760101,
2,4.024,2,0.2109141,388.8804,-0.05655343,0.268135,4.37485,-10.3249,-35.654,0.01760101,
2,4.034,2,0.2111811,388.9021,-0.05671484,0.2685602,4.37485,-10.3249,-35.654,0.01760101,
2,4.044,2,0.2086727,388.8878,-0.05722993,0.2742569,4.37485,-10.3249,-35.654,0.01760101,
2,4.054,2,0.2112722,388.9005,-0.05681454,0.2689162,4.37485,-10.3249,-35.654,0.01760101,
2,4.064,2,0.2100883,388.8639,-0.05615253,0.2672807,4.37485,-10.3249,-35.654,0.01760101,
2,4.074,2,0.2072156,388.8848,-0.05578012,0.2691888,4.37485,-10.3249,-35.654,0.01760101,
2,4.084,2,0.2133658,388.8104,-0.05700943,0.267191,4.37485,-10.3249,-35.654,0.01760101,
2,4.094,2,0.2179554,388.5265,-0.05626221,0.2581363,4.37485,-10.3249,-35.654,0.01760101,
2,4.104,2,0.2169566,388.1574,-0.05599962,0.2581145,4.37485,-10.3249,-35.654,0.01760101,
2,4.114,2,0.2152651,387.6761,-0.05742692,0.2667731,4.37485,-10.3249,-35.654,0.01760101,
2,4.124,2,0.2201321,387.4184,-0.05687087,0.2583488,4.37485,-10.3249,-35.654,0.01760101,
2,4.134,2,0.2192364,387.2975,-0.05705911,0.2602629,4.37485,-10.3249,-35.654,0.01760101,
2,4.144,2,0.2219055,387.2675,-0.05798935,0.2613246,4.37485,-10.3249,-35.654,0.01760101,
2,4.154,2,0.2189431,387.2728,-0.05705402,0.2605883,4.37485,-10.3249,-35.654,0.01760101,
2,4.164,2,0.2255899,387.2488,-0.05656929,0.2507616,4.37485,-10.3249,-35.654,0.01760101,
2,4.174,2,0.2207476,387.2482,-0.05831512,0.264171,4.37485,-10.3249,-35.654,0.01760101,
2,4.184,2,0.2210555,387.2187,-0.05837648,0.2640807,4.37485,-10.3249,-35.654,0.01760101,
2,4.194,2,0.2221825,387.2427,-0.05780189,0.260155,4.37485,-10.3249,-35.654,0.01760101,
2,4.204,2,0.2213991,387.2355,-0.05886665,0.2658847,4.37485,-10.3249,-35.654,0.01760101,
2,4.214,2,0.2221581,387.2394,-0.05869076,0.2641846,4.37485,-10.3249,-35.654,0.01760101,
2,4.224,2,0.2211929,387.2044,-0.05620624,0.254105,4.37485,-10.3249,-35.654,0.01760101,
2,4.234,2,0.2214912,387.2032,-0.05738619,0.2590901,4.37485,-10.3249,-35.654,0.01760101,
2,4.244,2,0.2221844,387.2226,-0.05709694,0.25698,4.3667,-10.3249,-35.6562,0.01980209,
2,4.254,2,0.2211746,387.1967,-0.05730596,0.2590982,4.3667,-10.3249,-35.6562,0.01980209,
2,4.264,2,0.2205772,387.2222,-0.0583183,0.2643895,4.3667,-10.3249,-35.6562,0.01980209,
2,4.274,2,0.2214665,387.2002,-0.05777228,0.2608624,4.3667,-10.3249,-35.6562,0.01980209,
2,4.284,2,0.22202,387.1947,-0.0579267,0.2609076,4.3667,-10.3249,-35.6562,0.01980209,
2,4.294,2,0.2270454,387.1013,-0.0582588,0.2565954,4.3667,-10.3249,-35.6562,0.01980209,
2,4.304,2,0.2264059,386.8056,-0.05847562,0.2582778,4.3667,-10.3249,-35.6562,0.01980209,
2,4.314,2,0.2288731,386.3763,-0.05785107,0.2527649,4.3667,-10.3249,-35.6562,0.01980209,
2,4.324,2,0.2294232,385.9744,-0.05800362,0.2528237,4.3667,-10.3249,-35.6562,0.01980209,
2,4.334,2,0.2298795,385.6824,-0.05954879,0.2590435,4.3667,-10.3249,-35.6562,0.01980209,
2,4.344,2,0.2297841,385.5752,-0.06047421,0.2631783,4.3667,-10.3249,-35.6562,0.01980209,
2,4.354,2,0.2328565,385.511,-0.06015972,0.2583553,4.3667,-10.3249,-35.6562,0.01980209,
2,4.364,2,0.2341975,385.544,-0.05985186,0.2555615,4.3667,-10.3249,-35.6562,0.01980209,
2,4.374,2,0.2333518,385.5177,-0.06099255,0.261376,4.3667,-10.3249,-35.6562,0.01980209,
2,4.384,2,0.2308134,385.5229,-0.05993357,0.2596625,4.3667,-10.3249,-35.6562,0.01980209,
2,4.394,2,0.2330589,385.5023,-0.05913807,0.2537473,4.3667,-10.3249,-35.6562,0.01980209,
2,4.404,2,0.2346045,385.5005,-0.06027842,0.2569363,4.3667,-10.3249,-35.6562,0.01980209,
2,4.414,2,0.2338623,385.5324,-0.05988068,0.2560511,4.3667,-10.3249,-35.6562,0.01980209,
2,4.424,2,0.2330123,385.5037,-0.05758616,0.2471378,4.3667,-10.3249,-35.6562,0.01980209,
2,4.434,2,0.2353258,385.5084,-0.05841568,0.2482333,4.3667,-10.3249,-35.6562,0.01980209,
2,4.444,2,0.2324236,385.4888,-0.05958047,0.2563443,4.3667,-10.3249,-35.6562,0.01980209,
2,4.454,2,0.2319914,385.4947,-0.06063717,0.2613768,4.35962,-10.3249,-35.6586,0.02220154,
2,4.464,2,0.2319465,385.4731,-0.05832831,0.2514731,4.35962,-10.3249,-35.6586,0.02220154,
2,4.474,2,0.233588,385.5264,-0.06078816,0.2602367,4.35962,-10.3249,-35.6586,0.02220154,
2,4.484,2,0.2329917,385.4699,-0.05815334,0.249594,4.35962,-10.3249,-35.6586,0.02220154,
2,4.494,2,0.23173,385.4772,-0.06008638,0.2592948,4.35962,-10.3249,-35.6586,0.02220154,
2,4.504,2,0.2313235,385.5499,-0.06105537,0.2639394,4.35962,-10.3249,-35.6586,0.02220154,
2,4.514,2,0.2328082,385.4706,-0.05883849,0.2527337,4.35962,-10.3249,-35.6586,0.02220154,
2,4.524,2,0.2329423,385.4676,-0.05867018,0.2518657,4.35962,-10.3249,-35.6586,0.02220154,
2,4.534,2,0.2377578,385.3429,-0.05921226,0.2490445,4.35962,-10.3249,-35.6586,0.02220154,
2,4.544,2,0.2348025,385.0599,-0.05994158,0.2552851,4.35962,-10.3249,-35.6586,0.02220154,
2,4.554,2,0.2393692,384.6407,-0.05847419,0.2442845,4.35962,-10.3249,-35.6586,0.02220154,
2,4.564,2,0.2399749,384.2566,-0.05921948,0.2467737,4.35962,-10.3249,-35.6586,0.02220154,
2,4.574,2,0.242496,383.9265,-0.05763612,0.2376786,4.35962,-10.3249,-35.6586,0.02220154,
2,4.584,2,0.2451244,383.8306,-0.05933057,0.2420427,4.35962,-10.3249,-35.6586,0.02220154,
2,4.594,2,0.2456932,383.7669,-0.05912134,0.2406307,4.35962,-10.3249,-35.6586,0.02220154,
2,4.604,2,0.2466751,383.7593,-0.05842015,0.2368304,4.35962,-10.3249,-35.6586,0.02220154,
2,4.614,2,0.2432982,383.7484,-0.0613206,0.2520389,4.35962,-10.3249,-35.6586,0.02220154,
2,4.624,2,0.2476066,383.7345,-0.05937945,0.2398137,4.35962,-10.3249,-35.6586,0.02220154,
2,4.634,2,0.2462126,383.7474,-0.06074966,0.2467366,4.35962,-10.3249,-35.6586,0.02220154,
2,4.644,2,0.247894,383.7317,-0.05765548,0.2325812,4.35962,-10.3249,-35.6586,0.02220154,
2,4.654,2,0.2458954,383.7273,-0.06117179,0.2487715,4.35962,-10.3249,-35.6586,0.02220154,
2,4.664,2,0.2477076,383.7127,-0.0598142,0.241471,4.35143,-10.3249,-35.661,0.02460098,
2,4.674,2,0.2446799,383.7235,-0.05990523,0.244831,4.35143,-10.3249,-35.661,0.02460098,
2,4.684,2,0.2461378,383.7176,-0.06097159,0.2477132,4.35143,-10.3249,-35.661,0.02460098,
2,4.694,2,0.2440499,383.7246,-0.06206246,0.2543023,4.35143,-10.3249,-35.661,0.02460098,
2,4.704,2,0.244377,383.7139,-0.06130444,0.2508602,4.35143,-10.3249,-35.661,0.02460098,
2,4.714,2,0.2458777,383.7235,-0.06032914,0.2453624,4.35143,-10.3249,-35.661,0.02460098,
2,4.724,2,0.2448628,383.7086,-0.05981461,0.244278,4.35143,-10.3249,-35.661,0.02460098,
2,4.734,2,0.2473034,383.6769,-0.06194544,0.2504836,4.35143,-10.3249,-35.661,0.02460098,
2,4.744,2,0.2470438,383.5522,-0.06156476,0.2492059,4.35143,-10.3249,-35.661,0.02460098,
2,4.754,2,0.2505953,383.2039,-0.06158755,0.245765,4.35143,-10.3249,-35.661,0.02460098,
2,4.764,2,0.2515769,382.7659,-0.06268741,0.249178,4.35143,-10.3249,-35.661,0.02460098,
2,4.774,2,0.2523363,382.3631,-0.06373403,0.2525758,4.35143,-10.3249,-35.661,0.02460098,
2,4.784,2,0.2558748,382.0927,-0.06549811,0.2559772,4.35143,-10.3249,-35.661,0.02460098,
2,4.794,2,0.2553385,381.9473,-0.0621715,0.2434866,4.35143,-10.3249,-35.661,0.02460098,
2,4.804,2,0.255458,381.9323,-0.06420093,0.2513169,4.35143,-10.3249,-35.661,0.02460098,
2,4.814,2,0.2578133,381.9686,-0.06159034,0.2388952,4.35143,-10.3249,-35.661,0.02460098,
2,4.824,2,0.2553024,381.955,-0.06565946,0.2571831,4.35143,-10.3249,-35.661,0.02460098,
2,4.834,2,0.2556823,381.9449,-0.06607608,0.2584303,4.35143,-10.3249,-35.661,0.02460098,
2,4.844,2,0.2564424,381.9183,-0.06247768,0.2436324,4.35143,-10.3249,-35.661,0.02460098,
2,4.854,2,0.2560991,381.8881,-0.06582707,0.2570375,4.35143,-10.3249,-35.661,0.02460098,
2,4.864,2,0.2566247,381.9242,-0.06568202,0.2559459,4.35143,-10.3249,-35.661,0.02460098,
2,4.874,2,0.256372,381.9147,-0.06647944,0.2593085,4.35143,-10.3249,-35.661,0.02460098,
2,4.884,2,0.2585698,381.9117,-0.0660873,0.2555879,4.35143,-10.3249,-35.661,0.02460098,
2,4.894,2,0.2547374,381.9093,-0.06619187,0.2598436,4.35143,-10.3249,-35.661,0.02460098,
2,4.904,2,0.2572413,381.9237,-0.06789126,0.2639205,4.34438,-10.3249,-35.6634,0.02700043,
2,4.914,2,0.256103,381.8751,-0.0685662,0.267729,4.34438,-10.3249,-35.6634,0.02700043,
2,4.924,2,0.2567733,381.899,-0.06618378,0.2577518,4.34438,-10.3249,-35.6634,0.02700043,
2,4.934,2,0.2582427,381.9024,-0.06872421,0.2661225,4.34438,-10.3249,-35.6634,0.02700043,
2,4.944,2,0.2580578,381.8907,-0.06811139,0.2639385,4.34438,-10.3249,-35.6634,0.02700043,
2,4.954,2,0.2544527,381.8934,-0.06637333,0.2608474,4.34438,-10.3249,-35.6634,0.02700043,
2,4.964,2,0.2558947,381.8681,-0.06486411,0.2534797,4.34438,-10.3249,-35.6634,0.02700043,
2,4.974,2,0.2582521,381.8602,-0.06462796,0.2502514,4.34438,-10.3249,-35.6634,0.02700043,
2,4.984,2,0.2613839,381.7403,-0.06550747,0.2506178,4.34438,-10.3249,-35.6634,0.02700043,
2,4.994,2,0.261421,381.4135,-0.06758495,0.2585292,4.34438,-10.3249,-35.6634,0.02700043,
2,5.004,2,0.2645359,380.8954,-0.06841529,0.2586238,4.34438,-10.3249,-35.6634,0.02700043,
2,5.014,2,0.2655901,380.5283,-0.06626035,0.2494835,4.34438,-10.3249,-35.6634,0.02700043,
2,5.024,2,0.2672634,380.2366,-0.06740285,0.2521963,4.34438,-10.3249,-35.6634,0.02700043,
2,5.034,2,0.2662918,380.1132,-0.06594159,0.2476291,4.34438,-10.3249,-35.6634,0.02700043,
2,5.044,2,0.269403,380.0951,-0.06863583,0.2547701,4.34438,-10.3249,-35.6634,0.02700043,
2,5.054,2,0.2686784,380.0607,-0.06717359,0.2500148,4.34438,-10.3249,-35.6634,0.02700043,
2,5.064,2,0.2694135,380.0314,-0.06840446,0.2539014,4.34438,-10.3249,-35.6634,0.02700043,
2,5.074,2,0.2681198,380.0879,-0.06869432,0.2562076,4.34438,-10.3249,-35.6634,0.02700043,
2,5.084,2,0.2668655,380.0511,-0.06826168,0.2557906,4.34438,-10.3249,-35.6634,0.02700043,
2,5.094,2,0.2698619,380.0292,-0.06832507,0.2531853,4.34438,-10.3249,-35.6634,0.02700043,
2,5.104,2,0.2693675,380.0402,-0.06716707,0.249351,4.34438,-10.3249,-35.6634,0.02700043,
2,5.114,2,0.267039,380.0152,-0.06771386,0.253573,4.3362,-10.3249,-35.6659,0.02950287,
2,5.124,2,0.2678825,380.0511,-0.06782746,0.2531986,4.3362,-10.3249,-35.6659,0.02950287,
2,5.134,2,0.2689074,380.0188,-0.06729437,0.2502511,4.3362,-10.3249,-35.6659,0.02950287,
2,5.144,2,0.2672741,380.0263,-0.06830507,0.2555618,4.3362,-10.3249,-35.6659,0.02950287,
2,5.154,2,0.2686858,379.9987,-0.06941025,0.2583324,4.3362,-10.3249,-35.6659,0.02950287,
2,5.164,2,0.2680531,380.0176,-0.06778723,0.2528873,4.3362,-10.3249,-35.6659,0.02950287,
2,5.174,2,0.2679133,380.0196,-0.06837508,0.2552134,4.3362,-10.3249,-35.6659,0.02950287,
2,5.184,2,0.2723556,379.9934,-0.06690104,0.2456386,4.3362,-10.3249,-35.6659,0.02950287,
2,5.194,2,0.2736745,379.7943,-0.06541807,0.239036,4.3362,-10.3249,-35.6659,0.02950287,
2,5.204,2,0.2765942,379.4546,-0.06619414,0.2393186,4.3362,-10.3249,-35.6659,0.02950287,
2,5.214,2,0.2727429,378.9384,-0.06737375,0.2470229,4.3362,-10.3249,-35.6659,0.02950287,
2,5.224,2,0.276325,378.5187,-0.06680679,0.2417689,4.3362,-10.3249,-35.6659,0.02950287,
2,5.234,2,0.2776442,378.2384,-0.0665621,0.2397389,4.3362,-10.3249,-35.6659,0.02950287,
2,5.244,2,0.2803655,378.1245,-0.0652904,0.232876,4.3362,-10.3249,-35.6659,0.02950287,
2,5.254,2,0.2811053,378.1093,-0.06641886,0.2362775,4.3362,-10.3249,-35.6659,0.02950287,
2,5.264,2,0.2822034,378.1079,-0.06676225,0.236575,4.3362,-10.3249,-35.6659,0.02950287,
2,5.274,2,0.2779253,378.0813,-0.06733909,0.242292,4.3362,-10.3249,-35.6659,0.02950287,
2,5.284,2,0.280315,378.0799,-0.06732999,0.240194,4.3362,-10.3249,-35.6659,0.02950287,
2,5.294,2,0.2797345,378.0823,-0.06774618,0.2421803,4.3362,-10.3249,-35.6659,0.02950287,
2,5.304,2,0.2788157,378.0711,-0.06701404,0.2403524,4.3362,-10.3249,-35.6659,0.02950287,
2,5.314,2,0.2805695,378.0731,-0.06694347,0.2385985,4.3362,-10.3249,-35.6659,0.02950287,
2,5.324,2,0.2779592,378.0699,-0.06713014,0.2415108,4.3362,-10.3249,-35.6659,0.02950287,
2,5.334,2,0.2798505,378.0674,-0.06898941,0.2465223,4.32912,-10.3249,-35.6685,0.03210068,
2,5.344,2,0.2833396,378.0488,-0.06646707,0.2345845,4.32912,-10.3249,-35.6685,0.03210068,
2,5.354,2,0.2797995,378.0749,-0.06656367,0.2378978,4.32912,-10.3249,-35.6685,0.03210068,
2,5.364,2,0.2820176,378.0446,-0.06665104,0.2363365,4.32912,-10.3249,-35.6685,0.03210068,
2,5.374,2,0.2813724,378.0418,-0.06754975,0.2400724,4.32912,-10.3249,-35.6685,0.03210068,
2,5.384,2,0.281533,378.1263,-0.06843568,0.2430823,4.32912,-10.3249,-35.6685,0.03210068,
2,5.394,2,0.279578,378.0378,-0.06650197,0.2378655,4.32912,-10.3249,-35.6685,0.03210068,
2,5.404,2,0.2819856,378.0286,-0.06673902,0.2366753,4.32912,-10.3249,-35.6685,0.03210068,
2,5.414,2,0.287313,377.9153,-0.06707699,0.2334631,4.32912,-10.3249,-35.6685,0.03210068,
2,5.424,2,0.2854965,377.6108,-0.06803243,0.2382952,4.32912,-10.3249,-35.6685,0.03210068,
2,5.434,2,0.2879421,377.1699,-0.06729285,0.2337027,4.32912,-10.3249,-35.6685,0.03210068,
2,5.444,2,0.2895812,376.762,-0.06855134,0.2367258,4.32912,-10.3249,-35.6685,0.03210068,
2,5.454,2,0.2898517,376.3528,-0.06836814,0.2358728,4.32912,-10.3249,-35.6685,0.03210068,
2,5.464,2,0.2914983,376.1559,-0.06914669,0.2372113,4.32912,-10.3249,-35.6685,0.03210068,
2,5.474,2,0.2943138,376.1282,-0.06764597,0.2298431,4.32912,-10.3249,-35.6685,0.03210068,
2,5.484,2,0.2962413,376.1223,-0.06799985,0.2295421,4.32912,-10.3249,-35.6685,0.03210068,
2,5.494,2,0.2953119,376.0762,-0.07010119,0.2373802,4.32912,-10.3249,-35.6685,0.03210068,
2,5.504,2,0.2941287,376.1174,-0.06642613,0.2258403,4.32912,-10.3249,-35.6685,0.03210068,
2,5.514,2,0.2944992,376.0811,-0.06757489,0.229457,4.32912,-10.3249,-35.6685,0.03210068,
2,5.524,2,0.2933174,376.0868,-0.06907573,0.2354982,4.32912,-10.3249,-35.6685,0.03210068,
2,5.534,2,0.2926099,376.0442,-0.06792431,0.2321326,4.32912,-10.3249,-35.6685,0.03210068,
2,5.544,2,0.2956514,376.0622,-0.06683327,0.2260543,4.32912,-10.3249,-35.6685,0.03210068,
2,5.554,2,0.2914454,376.0833,-0.07041908,0.2416201,4.32912,-10.3249,-35.6685,0.03210068,
2,5.564,2,0.292735,376.0656,-0.07109976,0.242881,4.32912,-10.3249,-35.6685,0.03210068,
2,5.574,2,0.2942021,376.0525,-0.06891529,0.2342447,4.3215,-10.3249,-35.6712,0.03480148,
2,5.584,2,0.2937149,376.0334,-0.0701564,0.2388588,4.3215,-10.3249,-35.6712,0.03480148,
2,5.594,2,0.2915654,376.0611,-0.06929092,0.2376514,4.3215,-10.3249,-35.6712,0.03480148,
2,5.604,2,0.2922574,376.0298,-0.06725585,0.2301254,4.3215,-10.3249,-35.6712,0.03480148,
2,5.614,2,0.2949966,376.0457,-0.06876215,0.2330947,4.3215,-10.3249,-35.6712,0.03480148,
2,5.624,2,0.2930597,376.0248,-0.06880474,0.2347806,4.3215,-10.3249,-35.6712,0.03480148,
2,5.634,2,0.2928365,376.0373,-0.06859129,0.2342307,4.3215,-10.3249,-35.6712,0.03480148,
2,5.644,2,0.2918488,376.0334,-0.06933879,0.2375847,4.3215,-10.3249,-35.6712,0.03480148,
2,5.654,2,0.2969864,375.9341,-0.0710507,0.2392389,4.3215,-10.3249,-35.6712,0.03480148,
2,5.664,2,0.298475,375.6233,-0.06838045,0.2290994,4.3215,-10.3249,-35.6712,0.03480148,
2,5.674,2,0.3004857,375.1501,-0.0691579,0.2301537,4.3215,-10.3249,-35.6712,0.03480148,
2,5.684,2,0.3006525,374.6683,-0.06941932,0.2308955,4.3215,-10.3249,-35.6712,0.03480148,
2,5.694,2,0.304073,374.3311,-0.06999933,0.2302056,4.3215,-10.3249,-35.6712,0.03480148,
2,5.704,2,0.306113,374.1341,-0.0715126,0.2336151,4.3215,-10.3249,-35.6712,0.03480148,
2,5.714,2,0.3048173,374.0565,-0.07093615,0.232717,4.3215,-10.3249,-35.6712,0.03480148,
2,5.724,2,0.3080357,374.043,-0.071851,0.2332554,4.3215,-10.3249,-35.6712,0.03480148,
2,5.734,2,0.3043619,374.0317,-0.07237954,0.2378075,4.3215,-10.3249,-35.6712,0.03480148,
2,5.744,2,0.3084809,374.0387,-0.06938834,0.2249356,4.3215,-10.3249,-35.6712,0.03480148,
2,5.754,2,0.3064932,374.0308,-0.0699376,0.2281865,4.3215,-10.3249,-35.6712,0.03480148,
2,5.764,2,0.3063123,374.0058,-0.07091688,0.2315182,4.3215,-10.3249,-35.6712,0.03480148,
2,5.774,2,0.3058672,374.0299,-0.07102066,0.2321945,4.3215,-10.3249,-35.6712,0.03480148,
2,5.784,2,0.3047926,373.9998,-0.07071883,0.2320228,4.3215,-10.3249,-35.6712,0.03480148,
2,5.794,2,0.3067995,373.99,-0.07106239,0.2316248,4.31385,-10.3249,-35.6739,0.03750229,
2,5.804,2,0.3059247,373.9901,-0.07093234,0.2318621,4.31385,-10.3249,-35.6739,0.03750229,
2,5.814,2,0.3050112,374.0018,-0.07142445,0.2341699,4.31385,-10.3249,-35.6739,0.03750229,
2,5.824,2,0.3100315,374.005,-0.07069696,0.2280315,4.31385,-10.3249,-35.6739,0.03750229,
2,5.834,2,0.3057914,373.9842,-0.070226,0.2296533,4.31385,-10.3249,-35.6739,0.03750229,
2,5.844,2,0.3113237,373.9402,-0.0701752,0.2254091,4.31385,-10.3249,-35.6739,0.03750229,
2,5.854,2,0.3110158,373.6041,-0.07222977,0.2322383,4.31385,-10.3249,-35.6739,0.03750229,
2,5.864,2,0.3129008,373.2604,-0.07201914,0.230166,4.31385,-10.3249,-35.6739,0.03750229,
2,5.874,2,0.3142265,372.7245,-0.0733178,0.2333279,4.31385,-10.3249,-35.6739,0.03750229,
2,5.884,2,0.3154708,372.3239,-0.07310368,0.2317289,4.31385,-10.3249,-35.6739,0.03750229,
2,5.894,2,0.3163584,372.0887,-0.0739723,0.2338243,4.31385,-10.3249,-35.6739,0.03750229,
2,5.904,2,0.3183809,371.9946,-0.07139717,0.2242508,4.31385,-10.3249,-35.6739,0.03750229,
2,5.914,2,0.3179201,371.9694,-0.07205899,0.2266576,4.31385,-10.3249,-35.6739,0.03750229,
2,5.924,2,0.321709,371.962,-0.07105626,0.2208712,4.31385,-10.3249,-35.6739,0.03750229,
2,5.934,2,0.3212768,371.9695,-0.07059138,0.2197213,4.31385,-10.3249,-35.6739,0.03750229,
2,5.944,2,0.318224,371.9012,-0.07122742,0.2238279,4.31385,-10.3249,-35.6739,0.03750229,
2,5.954,2,0.3198167,371.9719,-0.0727074,0.2273408,4.31385,-10.3249,-35.6739,0.03750229,
2,5.964,2,0.3188953,371.9214,-0.07224289,0.2265411,4.31385,-10.3249,-35.6739,0.03750229,
2,5.974,2,0.3174951,371.9023,-0.07187594,0.2263844,4.31385,-10.3249,-35.6739,0.03750229,
2,5.984,2,0.3197146,371.9225,-0.07097475,0.2219941,4.31385,-10.3249,-35.6739,0.03750229,
2,5.994,2,0.3187505,371.9077,-0.07142275,0.224071,4.30732,-10.3249,-35.6766,0.04020309,
2,6.004,2,0.3188789,371.9599,-0.07182211,0.2252331,4.30732,-10.3249,-35.6766,0.04020309,
2,6.014,2,0.3188289,371.8981,-0.07275348,0.2281898,4.30732,-10.3249,-35.6766,0.04020309,
2,6.024,2,0.3190264,371.8976,-0.07173443,0.2248542,4.30732,-10.3249,-35.6766,0.04020309,
2,6.034,2,0.3229238,371.8078,-0.07299699,0.2260502,4.30732,-10.3249,-35.6766,0.04020309,
2,6.044,2,0.3226129,371.6599,-0.07018107,0.2175395,4.30732,-10.3249,-35.6766,0.04020309,
2,6.054,2,0.3255525,371.3153,-0.07217854,0.2217109,4.30732,-10.3249,-35.6766,0.04020309,
2,6.064,2,0.3259974,370.7651,-0.07146591,0.2192223,4.30732,-10.3249,-35.6766,0.04020309,
2,6.074,2,0.3248988,370.3292,-0.07307409,0.2249134,4.30732,-10.3249,-35.6766,0.04020309,
2,6.084,2,0.3289035,370.0601,-0.07287772,0.2215778,4.30732,-10.3249,-35.6766,0.04020309,
2,6.094,2,0.3308323,369.9024,-0.07206906,0.2178417,4.30732,-10.3249,-35.6766,0.04020309,
2,6.104,2,0.3328468,369.8411,-0.0736632,0.2213126,4.30732,-10.3249,-35.6766,0.04020309,
2,6.114,2,0.3343094,369.8583,-0.07493048,0.2241351,4.30732,-10.3249,-35.6766,0.04020309,
2,6.124,2,0.3325404,369.8302,-0.07354435,0.2211591,4.30732,-10.3249,-35.6766,0.04020309,
2,6.134,2,0.3319046,369.8292,-0.0741546,0.2234214,4.30732,-10.3249,-35.6766,0.04020309,
2,6.144,2,0.331275,369.8126,-0.07496745,0.2262998,4.30732,-10.3249,-35.6766,0.04020309,
2,6.154,2,0.3305902,369.8101,-0.07653791,0.231519,4.30732,-10.3249,-35.6766,0.04020309,
2,6.164,2,0.329421,369.8253,-0.07548058,0.229131,4.30732,-10.3249,-35.6766,0.04020309,
2,6.174,2,0.3298946,369.7979,-0.07541592,0.2286061,4.30732,-10.3249,-35.6766,0.04020309,
2,6.184,2,0.3286443,369.804,-0.0735809,0.2238922,4.30732,-10.3249,-35.6766,0.04020309,
2,6.194,2,0.3304677,369.7901,-0.0733965,0.2220988,4.30027,-10.3249,-35.6794,0.04300308,
2,6.204,2,0.3311228,369.8015,-0.07469998,0.225596,4.30027,-10.3249,-35.6794,0.04300308,
2,6.214,2,0.3289649,369.7862,-0.07590824,0.2307487,4.30027,-10.3249,-35.6794,0.04300308,
2,6.224,2,0.3281611,369.7855,-0.07483672,0.2280487,4.30027,-10.3249,-35.6794,0.04300308,
2,6.234,2,0.3302244,369.7975,-0.07465819,0.2260832,4.30027,-10.3249,-35.6794,0.04300308,
2,6.244,2,0.3339415,369.7131,-0.0737954,0.220983,4.30027,-10.3249,-35.6794,0.04300308,
2,6.254,2,0.3335392,369.4382,-0.07459554,0.2236485,4.30027,-10.3249,-35.6794,0.04300308,
2,6.264,2,0.3367303,369.0948,-0.07408656,0.2200175,4.30027,-10.3249,-35.6794,0.04300308,
2,6.274,2,0.3370989,368.5111,-0.07623735,0.2261572,4.30027,-10.3249,-35.6794,0.04300308,
2,6.284,2,0.3398301,368.0954,-0.07289312,0.2144987,4.30027,-10.3249,-35.6794,0.04300308,
2,6.294,2,0.3397422,367.8169,-0.0752649,0.2215353,4.30027,-10.3249,-35.6794,0.04300308,
2,6.304,2,0.3421676,367.7038,-0.07326903,0.214132,4.30027,-10.3249,-35.6794,0.04300308,
2,6.314,2,0.3420432,367.6859,-0.07541126,0.2204729,4.30027,-10.3249,-35.6794,0.04300308,
2,6.324,2,0.3425087,367.7456,-0.07633284,0.222864,4.30027,-10.3249,-35.6794,0.04300308,
2,6.334,2,0.3401507,367.6694,-0.07616135,0.2239047,4.30027,-10.3249,-35.6794,0.04300308,
2,6.344,2,0.3399188,367.6474,-0.07592257,0.223355,4.30027,-10.3249,-35.6794,0.04300308,
2,6.354,2,0.3426695,367.6696,-0.07618456,0.2223266,4.30027,-10.3249,-35.6794,0.04300308,
2,6.364,2,0.3426135,367.6286,-0.07571831,0.2210022,4.30027,-10.3249,-35.6794,0.04300308,
2,6.374,2,0.3419145,367.6274,-0.07647111,0.2236557,4.30027,-10.3249,-35.6794,0.04300308,
2,6.384,2,0.3432336,367.6534,-0.07565844,0.2204285,4.30027,-10.3249,-35.6794,0.04300308,
2,6.394,2,0.342459,367.6237,-0.07522224,0.2196533,4.30027,-10.3249,-35.6794,0.04300308,
2,6.404,2,0.3426828,367.6179,-0.07352784,0.2145653,4.29373,-10.3249,-35.6823,0.04590225,
2,6.414,2,0.3422705,367.5872,-0.07684264,0.2245085,4.29373,-10.3249,-35.6823,0.04590225,
2,6.424,2,0.3400638,367.6178,-0.07607474,0.2237073,4.29373,-10.3249,-35.6823,0.04590225,
2,6.434,2,0.3393238,367.608,-0.0758197,0.2234435,4.29373,-10.3249,-35.6823,0.04590225,
2,6.444,2,0.3394658,367.6331,-0.07916412,0.233202,4.29373,-10.3249,-35.6823,0.04590225,
2,6.454,2,0.3438541,367.5242,-0.07708862,0.2241899,4.29373,-10.3249,-35.6823,0.04590225,
2,6.464,2,0.3447288,367.1877,-0.07836733,0.2273304,4.29373,-10.3249,-35.6823,0.04590225,
2,6.474,2,0.3483057,366.7729,-0.07664171,0.2200415,4.29373,-10.3249,-35.6823,0.04590225,
2,6.484,2,0.3476072,366.2261,-0.07725748,0.2222551,4.29373,-10.3249,-35.6823,0.04590225,
2,6.494,2,0.3487338,365.8336,-0.07829093,0.2245006,4.29373,-10.3249,-35.6823,0.04590225,
2,6.504,2,0.3513913,365.6092,-0.07832746,0.2229066,4.29373,-10.3249,-35.6823,0.04590225,
2,6.514,2,0.3551293,365.5081,-0.07850879,0.221071,4.29373,-10.3249,-35.6823,0.04590225,
2,6.524,2,0.3489158,365.4485,-0.08005939,0.2294519,4.29373,-10.3249,-35.6823,0.04590225,
2,6.534,2,0.3565766,365.4779,-0.07924528,0.2222392,4.29373,-10.3249,-35.6823,0.04590225,
2,6.544,2,0.355156,365.4513,-0.07910879,0.2227438,4.29373,-10.3249,-35.6823,0.04590225,
2,6.554,2,0.3502782,365.419,-0.07895532,0.2254074,4.29373,-10.3249,-35.6823,0.04590225,
2,6.564,2,0.3570775,365.4702,-0.07965862,0.223085,4.29373,-10.3249,-35.6823,0.04590225,
2,6.574,2,0.3526109,365.3965,-0.07847851,0.2225641,4.29373,-10.3249,-35.6823,0.04590225,
2,6.584,2,0.3527814,365.417,-0.0800278,0.2268482,4.29373,-10.3249,-35.6823,0.04590225,
2,6.594,2,0.3554902,365.4122,-0.07970057,0.224199,4.29373,-10.3249,-35.6823,0.04590225,
2,6.604,2,0.3546203,365.3945,-0.07920496,0.2233514,4.29373,-10.3249,-35.6823,0.04590225,
2,6.614,2,0.3546051,365.415,-0.07961205,0.224509,4.28613,-10.3249,-35.6852,0.04880142,
2,6.624,2,0.3523582,365.3892,-0.07751568,0.2199911,4.28613,-10.3249,-35.6852,0.04880142,
2,6.634,2,0.3546914,365.3934,-0.07822938,0.2205562,4.28613,-10.3249,-35.6852,0.04880142,
2,6.644,2,0.3550697,365.3643,-0.07935806,0.2234999,4.28613,-10.3249,-35.6852,0.04880142,
2,6.654,2,0.3531589,365.3868,-0.07656624,0.216804,4.28613,-10.3249,-35.6852,0.04880142,
2,6.664,2,0.3526716,365.3642,-0.07750572,0.2197674,4.28613,-10.3249,-35.6852,0.04880142,
2,6.674,2,0.3533137,365.3636,-0.07831764,0.221666,4.28613,-10.3249,-35.6852,0.04880142,
2,6.684,2,0.3548715,365.3849,-0.07719454,0.2175281,4.28613,-10.3249,-35.6852,0.04880142,
2,6.694,2,0.3581603,365.2446,-0.0794024,0.2216952,4.28613,-10.3249,-35.6852,0.04880142,
2,6.704,2,0.3596595,364.9452,-0.07886671,0.2192816,4.28613,-10.3249,-35.6852,0.04880142,
2,6.714,2,0.3612994,364.491,-0.07976655,0.2207769,4.28613,-10.3249,-35.6852,0.04880142,
2,6.724,2,0.3601579,363.9562,-0.08100765,0.2249226,4.28613,-10.3249,-35.6852,0.04880142,
2,6.734,2,0.3657233,363.5741,-0.07975655,0.218079,4.28613,-10.3249,-35.6852,0.04880142,
2,6.744,2,0.3635436,363.2787,-0.08070482,0.2219949,4.28613,-10.3249,-35.6852,0.04880142,
2,6.754,2,0.3681017,363.2064,-0.07931872,0.2154804,4.28613,-10.3249,-35.6852,0.04880142,
2,6.764,2,0.3691933,363.1821,-0.07988135,0.2163672,4.28613,-10.3249,-35.6852,0.04880142,
2,6.774,2,0.366845,363.1496,-0.0812337,0.2214387,4.28613,-10.3249,-35.6852,0.04880142,
2,6.784,2,0.3680644,363.1641,-0.07902867,0.2147143,4.28613,-10.3249,-35.6852,0.04880142,
2,6.794,2,0.3713176,363.1367,-0.07902823,0.2128319,4.28613,-10.3249,-35.6852,0.04880142,
2,6.804,2,0.3692763,363.1255,-0.07700758,0.2085365,4.28613,-10.3249,-35.6852,0.04880142,
2,6.814,2,0.3705818,363.1308,-0.0788212,0.2126958,4.28613,-10.3249,-35.6852,0.04880142,
2,6.824,2,0.3669749,363.1232,-0.07834445,0.2134872,4.27795,-10.3249,-35.6882,0.05180359,
2,6.834,2,0.3658123,363.1197,-0.07962951,0.2176786,4.27795,-10.3249,-35.6882,0.05180359,
2,6.844,2,0.3664971,363.0995,-0.08034703,0.2192297,4.27795,-10.3249,-35.6882,0.05180359,
2,6.854,2,0.3681831,363.079,-0.08091197,0.2197601,4.27795,-10.3249,-35.6882,0.05180359,
2,6.864,2,0.3658258,363.0819,-0.08031149,0.2195348,4.27795,-10.3249,-35.6882,0.05180359,
2,6.874,2,0.3659934,363.0979,-0.08020688,0.2191484,4.27795,-10.3249,-35.6882,0.05180359,
2,6.884,2,0.3659985,363.098,-0.08200977,0.2240713,4.27795,-10.3249,-35.6882,0.05180359,
2,6.894,2,0.3700126,363.0838,-0.08045834,0.2174475,4.27795,-10.3249,-35.6882,0.05180359,
2,6.904,2,0.3723653,362.9033,-0.08039889,0.215914,4.27795,-10.3249,-35.6882,0.05180359,
2,6.914,2,0.3741767,362.5079,-0.08110057,0.216744,4.27795,-10.3249,-35.6882,0.05180359,
2,6.924,2,0.3774824,362.0894,-0.07946562,0.2105148,4.27795,-10.3249,-35.6882,0.05180359,
2,6.934,2,0.3711921,361.503,-0.08198649,0.2208735,4.27795,-10.3249,-35.6882,0.05180359,
2,6.944,2,0.380957,361.1924,-0.08124027,0.2132531,4.27795,-10.3249,-35.6882,0.05180359,
2,6.954,2,0.3806343,360.9121,-0.08009605,0.2104279,4.27795,-10.3249,-35.6882,0.05180359,
2,6.964,2,0.3800704,360.8543,-0.08228656,0.2165035,4.27795,-10.3249,-35.6882,0.05180359,
2,6.974,2,0.3849095,360.8003,-0.08167809,0.2122007,4.27795,-10.3249,-35.6882,0.05180359,
2,6.984,2,0.3814291,360.782,-0.08143109,0.2134895,4.27795,-10.3249,-35.6882,0.05180359,
2,6.994,2,0.3825045,360.8032,-0.08286079,0.216627,4.27795,-10.3249,-35.6882,0.05180359,
2,7.004,2,0.3850052,360.8004,-0.08368391,0.2173578,4.27795,-10.3249,-35.6882,0.05180359,
2,7.014,2,0.3800865,360.7543,-0.08270802,0.2176032,4.27795,-10.3249,-35.6882,0.05180359,
2,7.024,2,0.3798703,360.7558,-0.08298036,0.2184439,4.27795,-10.3249,-35.6882,0.05180359,
2,7.034,2,0.3833965,360.7671,-0.08220991,0.2144253,4.27795,-10.3249,-35.6882,0.05180359,
2,7.044,2,0.3807791,360.7356,-0.08377974,0.2200219,4.27795,-10.3249,-35.6882,0.05180359,
2,7.054,2,0.3814823,360.7543,-0.08279307,0.2170299,4.27795,-10.3249,-35.6882,0.05180359,
2,7.064,2,0.3783208,360.7376,-0.08316762,0.2198336,4.27087,-10.3249,-35.6912,0.05480194,
2,7.074,2,0.3793545,360.7287,-0.08211468,0.216459,4.27087,-10.3249,-35.6912,0.05480194,
2,7.084,2,0.3801399,360.7511,-0.08203048,0.2157902,4.27087,-10.3249,-35.6912,0.05480194,
2,7.094,2,0.3811395,360.7064,-0.08203936,0.2152476,4.27087,-10.3249,-35.6912,0.05480194,
2,7.104,2,0.3771922,360.7061,-0.08249699,0.2187134,4.27087,-10.3249,-35.6912,0.05480194,
2,7.114,2,0.3818598,360.7276,-0.08278021,0.2167817,4.27087,-10.3249,-35.6912,0.05480194,
2,7.124,2,0.3794647,360.702,-0.08198952,0.2160663,4.27087,-10.3249,-35.6912,0.05480194,
2,7.134,2,0.3796633,360.7035,-0.08273532,0.2179176,4.27087,-10.3249,-35.6912,0.05480194,
2,7.144,2,0.3801244,360.513,-0.08135188,0.2140138,4.27087,-10.3249,-35.6912,0.05480194,
2,7.154,2,0.3843116,360.2388,-0.08301263,0.2160034,4.27087,-10.3249,-35.6912,0.05480194,
2,7.164,2,0.3886366,359.7194,-0.0826343,0.2126262,4.27087,-10.3249,-35.6912,0.05480194,
2,7.174,2,0.3845837,359.1927,-0.08374756,0.2177616,4.27087,-10.3249,-35.6912,0.05480194,
2,7.184,2,0.3880388,358.7839,-0.08349507,0.2151719,4.27087,-10.3249,-35.6912,0.05480194,
2,7.194,2,0.3897198,358.5517,-0.08260693,0.2119649,4.27087,-10.3249,-35.6912,0.05480194,
2,7.204,2,0.3947193,358.4728,-0.08277749,0.2097123,4.27087,-10.3249,-35.6912,0.05480194,
2,7.214,2,0.3902298,358.396,-0.08524916,0.2184589,4.27087,-10.3249,-35.6912,0.05480194,
2,7.224,2,0.393405,358.4132,-0.08284349,0.2105807,4.27087,-10.3249,-35.6912,0.05480194,
2,7.234,2,0.3944558,358.395,-0.08352646,0.2117511,4.27087,-10.3249,-35.6912,0.05480194,
2,7.244,2,0.3925,358.3777,-0.08410114,0.2142704,4.27087,-10.3249,-35.6912,0.05480194,
2,7.254,2,0.3946833,358.3828,-0.08326574,0.2109685,4.27087,-10.3249,-35.6912,0.05480194,
2,7.264,2,0.3916996,358.3676,-0.08323993,0.2125096,4.27087,-10.3249,-35.6912,0.05480194,
2,7.274,2,0.393624,358.3695,-0.08527593,0.2166431,4.2627,-10.3249,-35.6943,0.05790329,
2,7.284,2,0.3926173,358.3404,-0.08362576,0.2129956,4.2627,-10.3249,-35.6943,0.05790329,
2,7.294,2,0.3911728,358.3248,-0.08655325,0.221266,4.2627,-10.3249,-35.6943,0.05790329,
2,7.304,2,0.3936062,358.3405,-0.08420113,0.2139222,4.2627,-10.3249,-35.6943,0.05790329,
2,7.314,2,0.3923344,358.325,-0.0831439,0.211921,4.2627,-10.3249,-35.6943,0.05790329,
2,7.324,2,0.3925721,358.3572,-0.08319562,0.2119244,4.2627,-10.3249,-35.6943,0.05790329,
2,7.334,2,0.3943176,358.3265,-0.08505005,0.2156892,4.2627,-10.3249,-35.6943,0.05790329,
2,7.344,2,0.3960344,358.3058,-0.08364376,0.2112033,4.2627,-10.3249,-35.6943,0.05790329,
2,7.354,2,0.3939557,358.0736,-0.08548789,0.2169987,4.2627,-10.3249,-35.6943,0.05790329,
2,7.364,2,0.3972,357.7444,-0.08372668,0.2107923,4.2627,-10.3249,-35.6943,0.05790329,
2,7.374,2,0.4043928,357.2263,-0.08403515,0.2078058,4.2627,-10.3249,-35.6943,0.05790329,
2,7.384,2,0.3999996,356.6941,-0.08377753,0.209444,4.2627,-10.3249,-35.6943,0.05790329,
2,7.394,2,0.4034944,356.3219,-0.08312072,0.2060022,4.2627,-10.3249,-35.6943,0.05790329,
2,7.404,2,0.4095028,356.0923,-0.08319369,0.2031578,4.2627,-10.3249,-35.6943,0.05790329,
2,7.414,2,0.4046876,355.9708,-0.08452194,0.2088573,4.2627,-10.3249,-35.6943,0.05790329,
2,7.424,2,0.40954,355.9868,-0.08298471,0.2026291,4.2627,-10.3249,-35.6943,0.05790329,
2,7.434,2,0.4088177,355.9632,-0.08323276,0.2035938,4.2627,-10.3249,-35.6943,0.05790329,
2,7.444,2,0.4076711,355.9484,-0.08315662,0.2039797,4.2627,-10.3249,-35.6943,0.05790329,
2,7.454,2,0.4109831,355.9526,-0.08352343,0.2032284,4.2627,-10.3249,-35.6943,0.05790329,
2,7.464,2,0.4082286,355.9109,-0.08466442,0.2073946,4.2627,-10.3249,-35.6943,0.05790329,
2,7.474,2,0.4077605,355.8915,-0.0837855,0.2054772,4.2627,-10.3249,-35.6943,0.05790329,
2,7.484,2,0.4083261,355.9164,-0.08417051,0.2061355,4.2627,-10.3249,-35.6943,0.05790329,
2,7.494,2,0.4032499,355.8984,-0.08775773,0.2176262,4.2627,-10.3249,-35.6943,0.05790329,
2,7.504,2,0.4060886,355.9314,-0.08542938,0.2103713,4.2627,-10.3249,-35.6943,0.05790329,
2,7.514,2,0.4065133,355.8846,-0.08420398,0.2071371,4.25562,-10.3249,-35.6974,0.06100082,
2,7.524,2,0.4057058,355.8609,-0.08304015,0.2046807,4.25562,-10.3249,-35.6974,0.06100082,
2,7.534,2,0.4068132,355.8726,-0.08342038,0.2050582,4.25562,-10.3249,-35.6974,0.06100082,
2,7.544,2,0.4059668,355.8491,-0.08364647,0.2060426,4.25562,-10.3249,-35.6974,0.06100082,
2,7.554,2,0.4060248,355.8637,-0.08397272,0.2068167,4.25562,-10.3249,-35.6974,0.06100082,
2,7.564,2,0.4057696,355.8704,-0.08411878,0.2073067,4.25562,-10.3249,-35.6974,0.06100082,
2,7.574,2,0.4039571,355.8436,-0.08527394,0.2110965,4.25562,-10.3249,-35.6974,0.06100082,
2,7.584,2,0.4097429,355.8314,-0.08584987,0.2095213,4.25562,-10.3249,-35.6974,0.06100082,
2,7.594,2,0.4106818,355.59,-0.08521742,0.2075023,4.25562,-10.3249,-35.6974,0.06100082,
2,7.604,2,0.4134435,355.2584,-0.0854447,0.206666,4.25562,-10.3249,-35.6974,0.06100082,
2,7.614,2,0.4187316,354.7977,-0.08631506,0.2061346,4.25562,-10.3249,-35.6974,0.06100082,
2,7.624,2,0.4158518,354.1894,-0.08517879,0.2048297,4.25562,-10.3249,-35.6974,0.06100082,
2,7.634,2,0.4169136,353.8234,-0.08584297,0.2059011,4.25562,-10.3249,-35.6974,0.06100082,
2,7.644,2,0.4187509,353.5901,-0.08747725,0.2089005,4.25562,-10.3249,-35.6974,0.06100082,
2,7.654,2,0.4166851,353.4682,-0.08755515,0.2101231,4.25562,-10.3249,-35.6974,0.06100082,
2,7.664,2,0.4221563,353.4719,-0.08611759,0.2039946,4.25562,-10.3249,-35.6974,0.06100082,
2,7.674,2,0.4198147,353.456,-0.08414878,0.2004427,4.25562,-10.3249,-35.6974,0.06100082,
2,7.684,2,0.4208182,353.4459,-0.08608954,0.2045766,4.25562,-10.3249,-35.6974,0.06100082,
2,7.694,2,0.4204424,353.4286,-0.08656405,0.205888,4.25562,-10.3249,-35.6974,0.06100082,
2,7.704,2,0.4188938,353.3992,-0.08731688,0.2084463,4.24748,-10.3249,-35.7006,0.06420135,
2,7.714,2,0.4186132,353.4188,-0.08678745,0.2073214,4.24748,-10.3249,-35.7006,0.06420135,
2,7.724,2,0.4194989,353.3906,-0.08558495,0.2040171,4.24748,-10.3249,-35.7006,0.06420135,
2,7.734,2,0.4172975,353.3956,-0.08663534,0.2076105,4.24748,-10.3249,-35.7006,0.06420135,
2,7.744,2,0.4200706,353.3889,-0.08692504,0.2069296,4.24748,-10.3249,-35.7006,0.06420135,
2,7.754,2,0.4147621,353.341,-0.08704422,0.2098654,4.24748,-10.3249,-35.7006,0.06420135,
2,7.764,2,0.4177589,353.3736,-0.08612362,0.2061563,4.24748,-10.3249,-35.7006,0.06420135,
2,7.774,2,0.4222038,353.3705,-0.08702794,0.2061278,4.24748,-10.3249,-35.7006,0.06420135,
2,7.784,2,0.4188905,353.1746,-0.08667557,0.206917,4.24748,-10.3249,-35.7006,0.06420135,
2,7.794,2,0.4270017,352.855,-0.08753693,0.2050037,4.24748,-10.3249,-35.7006,0.06420135,
2,7.804,2,0.4274389,352.3765,-0.08566859,0.200423,4.24748,-10.3249,-35.7006,0.06420135,
2,7.814,2,0.4266393,351.8239,-0.08806979,0.2064268,4.24748,-10.3249,-35.7006,0.06420135,
2,7.824,2,0.4301799,351.4404,-0.0889064,0.2066726,4.24748,-10.3249,-35.7006,0.06420135,
2,7.834,2,0.4325769,351.1322,-0.08678705,0.200628,4.24748,-10.3249,-35.7006,0.06420135,
2,7.844,2,0.4322762,350.996,-0.08742867,0.2022519,4.24748,-10.3249,-35.7006,0.06420135,
2,7.854,2,0.435859,350.9788,-0.08955719,0.2054728,4.24748,-10.3249,-35.7006,0.06420135,
2,7.864,2,0.4347757,350.941,-0.08881568,0.2042793,4.24748,-10.3249,-35.7006,0.06420135,
2,7.874,2,0.4344557,350.9526,-0.08810106,0.2027849,4.24748,-10.3249,-35.7006,0.06420135,
2,7.884,2,0.4359051,350.9499,-0.08825119,0.202455,4.24748,-10.3249,-35.7006,0.06420135,
2,7.894,2,0.4322992,350.9069,-0.08797136,0.2034965,4.24095,-10.3249,-35.7038,0.06740189,
2,7.904,2,0.4330007,350.9091,-0.08826313,0.2038406,4.24095,-10.3249,-35.7038,0.06740189,
2,7.914,2,0.4363776,350.8894,-0.08833031,0.2024171,4.24095,-10.3249,-35.7038,0.06740189,
2,7.924,2,0.4314989,350.8778,-0.08836471,0.2047855,4.24095,-10.3249,-35.7038,0.06740189,
2,7.934,2,0.4354002,350.9065,-0.08886851,0.2041076,4.24095,-10.3249,-35.7038,0.06740189,
2,7.944,2,0.4325471,350.8962,-0.08980491,0.2076188,4.24095,-10.3249,-35.7038,0.06740189,
2,7.954,2,0.4308811,350.855,-0.0880019,0.2042371,4.24095,-10.3249,-35.7038,0.06740189,
2,7.964,2,0.4373819,350.8849,-0.0882598,0.2017912,4.24095,-10.3249,-35.7038,0.06740189,
2,7.974,2,0.4380943,350.7451,-0.08840565,0.2017959,4.24095,-10.3249,-35.7038,0.06740189,
2,7.984,2,0.4339176,350.4392,-0.08823639,0.2033483,4.24095,-10.3249,-35.7038,0.06740189,
2,7.994,2,0.446851,350.0576,-0.0869967,0.1946884,4.24095,-10.3249,-35.7038,0.06740189,
2,8.004,2,0.4450092,349.4584,-0.08682464,0.1951075,4.24095,-10.3249,-35.7038,0.06740189,
2,8.014,2,0.4429008,349.0096,-0.08877404,0.2004378,4.24095,-10.3249,-35.7038,0.06740189,
2,8.024,2,0.4533624,348.7299,-0.08964044,0.1977236,4.24095,-10.3249,-35.7038,0.06740189,
2,8.034,2,0.4455898,348.5547,-0.09029876,0.20265,4.24095,-10.3249,-35.7038,0.06740189,
2,8.044,2,0.4464614,348.5141,-0.08930848,0.2000363,4.24095,-10.3249,-35.7038,0.06740189,
2,8.054,2,0.4531634,348.5388,-0.09022383,0.1990978,4.24095,-10.3249,-35.7038,0.06740189,
2,8.064,2,0.4450599,348.4348,-0.08866321,0.1992163,4.24095,-10.3249,-35.7038,0.06740189,
2,8.074,2,0.4519582,348.5018,-0.08855647,0.1959395,4.24095,-10.3249,-35.7038,0.06740189,
2,8.084,2,0.4530737,348.4746,-0.08849381,0.1953188,4.24095,-10.3249,-35.7038,0.06740189,
2,8.094,2,0.4443953,348.4395,-0.09042421,0.203477,4.24095,-10.3249,-35.7038,0.06740189,
2,8.104,2,0.4519994,348.474,-0.08933123,0.1976357,4.24095,-10.3249,-35.7038,0.06740189,
2,8.114,2,0.4504054,348.4483,-0.08801433,0.1954113,4.2344,-10.3249,-35.7071,0.0707016,
2,8.124,2,0.4433164,348.4214,-0.09161402,0.2066561,4.2344,-10.3249,-35.7071,0.0707016,
2,8.134,2,0.4488996,348.4589,-0.08757544,0.1950891,4.2344,-10.3249,-35.7071,0.0707016,
2,8.144,2,0.4482653,348.4322,-0.09076448,0.2024794,4.2344,-10.3249,-35.7071,0.0707016,
2,8.154,2,0.444883,348.3867,-0.08991162,0.2021017,4.2344,-10.3249,-35.7071,0.0707016,
2,8.164,2,0.4475046,348.423,-0.08869443,0.1981978,4.2344,-10.3249,-35.7071,0.0707016,
2,8.174,2,0.4469349,348.4077,-0.09145986,0.204638,4.2344,-10.3249,-35.7071,0.0707016,
2,8.184,2,0.4449726,348.3853,-0.09196503,0.2066757,4.2344,-10.3249,-35.7071,0.0707016,
2,8.194,2,0.4514819,348.3696,-0.09016523,0.1997095,4.2344,-10.3249,-35.7071,0.0707016,
2,8.204,2,0.4502768,348.0933,-0.09120811,0.2025601,4.2344,-10.3249,-35.7071,0.0707016,
2,8.214,2,0.4530125,347.7569,-0.09173739,0.2025052,4.2344,-10.3249,-35.7071,0.0707016,
2,8.224,2,0.4577966,347.206,-0.08961724,0.1957578,4.2344,-10.3249,-35.7071,0.0707016,
2,8.234,2,0.4600109,346.6725,-0.09212498,0.200267,4.2344,-10.3249,-35.7071,0.0707016,
2,8.244,2,0.4603282,346.3189,-0.09038329,0.1963453,4.2344,-10.3249,-35.7071,0.0707016,
2,8.254,2,0.4632533,346.1013,-0.08934598,0.1928664,4.2344,-10.3249,-35.7071,0.0707016,
2,8.264,2,0.465256,346.0122,-0.09102286,0.1956404,4.2344,-10.3249,-35.7071,0.0707016,
2,8.274,2,0.4645146,345.9918,-0.09121926,0.1963755,4.2344,-10.3249,-35.7071,0.0707016,
2,8.284,2,0.4660088,345.9826,-0.09034251,0.1938644,4.2344,-10.3249,-35.7071,0.0707016,
2,8.294,2,0.4668916,345.963,-0.09116687,0.1952634,4.2344,-10.3249,-35.7071,0.0707016,
2,8.304,2,0.4625455,345.9568,-0.09077667,0.1962546,4.2344,-10.3249,-35.7071,0.0707016,
2,8.314,2,0.4659915,345.9599,-0.09054419,0.1943044,4.2344,-10.3249,-35.7071,0.0707016,
2,8.324,2,0.4637549,345.9265,-0.09213439,0.1986704,4.22788,-10.3249,-35.7104,0.07400131,
2,8.334,2,0.461143,345.9199,-0.09076611,0.1968285,4.22788,-10.3249,-35.7104,0.07400131,
2,8.344,2,0.4631789,345.9321,-0.09179825,0.1981918,4.22788,-10.3249,-35.7104,0.07400131,
2,8.354,2,0.46358,345.9003,-0.09224541,0.1989849,4.22788,-10.3249,-35.7104,0.07400131,
2,8.364,2,0.4607657,345.9071,-0.09212132,0.1999309,4.22788,-10.3249,-35.7104,0.07400131,
2,8.374,2,0.462106,345.9074,-0.09018017,0.1951504,4.22788,-10.3249,-35.7104,0.07400131,
2,8.384,2,0.4611965,345.9029,-0.09302039,0.2016936,4.22788,-10.3249,-35.7104,0.07400131,
2,8.394,2,0.4604156,345.8757,-0.0924946,0.2008937,4.22788,-10.3249,-35.7104,0.07400131,
2,8.404,2,0.4652712,345.8374,-0.09123079,0.1960809,4.22788,-10.3249,-35.7104,0.07400131,
2,8.414,2,0.4686561,345.5221,-0.09118566,0.1945684,4.22788,-10.3249,-35.7104,0.07400131,
2,8.424,2,0.4700023,345.1472,-0.09069118,0.192959,4.22788,-10.3249,-35.7104,0.07400131,
2,8.434,2,0.4694352,344.5973,-0.09069029,0.1931902,4.22788,-10.3249,-35.7104,0.07400131,
2,8.444,2,0.4765433,344.1364,-0.09096549,0.1908861,4.22788,-10.3249,-35.7104,0.07400131,
2,8.454,2,0.4756926,343.7954,-0.09222478,0.1938747,4.22788,-10.3249,-35.7104,0.07400131,
2,8.464,2,0.47515,343.5903,-0.09242599,0.1945196,4.22788,-10.3249,-35.7104,0.07400131,
2,8.474,2,0.4818565,343.5334,-0.09348717,0.1940145,4.22788,-10.3249,-35.7104,0.07400131,
2,8.484,2,0.4801294,343.5309,-0.09182449,0.1912495,4.22788,-10.3249,-35.7104,0.07400131,
2,8.494,2,0.4772783,343.4995,-0.09226631,0.1933176,4.22788,-10.3249,-35.7104,0.07400131,
2,8.504,2,0.4816634,343.5292,-0.09205268,0.1911141,4.22788,-10.3249,-35.7104,0.07400131,
2,8.514,2,0.4809455,343.4719,-0.09367711,0.194777,4.22788,-10.3249,-35.7104,0.07400131,
2,8.524,2,0.477821,343.4687,-0.09077656,0.1899803,4.22788,-10.3249,-35.7104,0.07400131,
2,8.534,2,0.4826441,343.4805,-0.09283317,0.1923429,4.22788,-10.3249,-35.7104,0.07400131,
2,8.544,2,0.47981,343.4529,-0.09132625,0.1903384,4.22788,-10.3249,-35.7104,0.07400131,
2,8.554,2,0.4772729,343.4697,-0.09228532,0.1933596,4.22788,-10.3249,-35.7104,0.07400131,
2,8.564,2,0.4809146,343.4613,-0.09126639,0.1897767,4.2197,-10.3249,-35.7136,0.07720184,
2,8.574,2,0.4811234,343.4471,-0.09218006,0.1915934,4.2197,-10.3249,-35.7136,0.07720184,
2,8.584,2,0.4797271,343.4279,-0.09268026,0.1931937,4.2197,-10.3249,-35.7136,0.07720184,
2,8.594,2,0.4816171,343.4428,-0.09325521,0.1936293,4.2197,-10.3249,-35.7136,0.07720184,
2,8.604,2,0.4823075,343.4211,-0.09159161,0.1899029,4.2197,-10.3249,-35.7136,0.07720184,
2,8.614,2,0.4832143,343.3494,-0.09281801,0.1920846,4.2197,-10.3249,-35.7136,0.07720184,
2,8.624,2,0.4850712,343.0123,-0.09226559,0.1902104,4.2197,-10.3249,-35.7136,0.07720184,
2,8.634,2,0.4904762,342.581,-0.09478907,0.1932593,4.2197,-10.3249,-35.7136,0.07720184,
2,8.644,2,0.4882063,342.0125,-0.09449537,0.1935562,4.2197,-10.3249,-35.7136,0.07720184,
2,8.654,2,0.4891776,341.5621,-0.09484133,0.1938791,4.2197,-10.3249,-35.7136,0.07720184,
2,8.664,2,0.4964331,341.263,-0.09414744,0.1896478,4.2197,-10.3249,-35.7136,0.07720184,
2,8.674,2,0.4942944,341.0779,-0.09586592,0.193945,4.2197,-10.3249,-35.7136,0.07720184,
2,8.684,2,0.4968553,341.0204,-0.09228576,0.1857397,4.2197,-10.3249,-35.7136,0.07720184,
2,8.694,2,0.499224,341.022,-0.09290561,0.1861,4.2197,-10.3249,-35.7136,0.07720184,
2,8.704,2,0.4952559,340.9948,-0.09220888,0.1861843,4.2197,-10.3249,-35.7136,0.07720184,
2,8.714,2,0.4977188,341.0046,-0.09272461,0.1862992,4.2197,-10.3249,-35.7136,0.07720184,
2,8.724,2,0.4987635,340.9888,-0.0946223,0.1897138,4.2197,-10.3249,-35.7136,0.07720184,
2,8.734,2,0.4974297,340.9772,-0.09441709,0.1898099,4.2197,-10.3249,-35.7136,0.07720184,
2,8.744,2,0.4951869,340.9753,-0.0942609,0.1903542,4.2197,-10.3249,-35.7136,0.07720184,
2,8.754,2,0.4986786,340.9778,-0.09451274,0.1895263,4.21263,-10.3249,-35.717,0.08060074,
2,8.764,2,0.4958234,340.9464,-0.09468157,0.1909582,4.21263,-10.3249,-35.717,0.08060074,
2,8.774,2,0.4965602,340.9404,-0.09477371,0.1908605,4.21263,-10.3249,-35.717,0.08060074,
2,8.784,2,0.5000255,340.9622,-0.09379501,0.1875805,4.21263,-10.3249,-35.717,0.08060074,
2,8.794,2,0.4970554,340.9323,-0.09461115,0.1903433,4.21263,-10.3249,-35.717,0.08060074,
2,8.804,2,0.5009359,340.8659,-0.09228342,0.184222,4.21263,-10.3249,-35.717,0.08060074,
2,8.814,2,0.5044941,340.5819,-0.09388021,0.1860878,4.21263,-10.3249,-35.717,0.08060074,
2,8.824,2,0.5045979,340.2088,-0.09435578,0.186992,4.21263,-10.3249,-35.717,0.08060074,
2,8.834,2,0.5063994,339.6432,-0.09316454,0.1839744,4.21263,-10.3249,-35.717,0.08060074,
2,8.844,2,0.5095234,339.1533,-0.09287982,0.1822876,4.21263,-10.3249,-35.717,0.08060074,
2,8.854,2,0.513057,338.8364,-0.09444701,0.1840868,4.21263,-10.3249,-35.717,0.08060074,
2,8.864,2,0.5114043,338.5862,-0.09433986,0.1844722,4.21263,-10.3249,-35.717,0.08060074,
2,8.874,2,0.5158012,338.5645,-0.09416032,0.1825516,4.21263,-10.3249,-35.717,0.08060074,
2,8.884,2,0.5147293,338.5637,-0.09412831,0.1828696,4.21263,-10.3249,-35.717,0.08060074,
2,8.894,2,0.5148885,338.5061,-0.09474561,0.1840119,4.21263,-10.3249,-35.717,0.08060074,
2,8.904,2,0.5141282,338.5005,-0.0950917,0.1849572,4.21263,-10.3249,-35.717,0.08060074,
2,8.914,2,0.5166527,338.5297,-0.09513983,0.1841466,4.21263,-10.3249,-35.717,0.08060074,
2,8.924,2,0.5100179,338.4666,-0.09447624,0.185241,4.21263,-10.3249,-35.717,0.08060074,
2,8.934,2,0.5122459,338.4684,-0.09743805,0.1902173,4.21263,-10.3249,-35.717,0.08060074,
2,8.944,2,0.5170156,338.4684,-0.09723625,0.1880722,4.21263,-10.3249,-35.717,0.08060074,
2,8.954,2,0.513221,338.448,-0.09462641,0.1843775,4.21263,-10.3249,-35.717,0.08060074,
2,8.964,2,0.5148842,338.4413,-0.09523925,0.1849722,4.2061,-10.3249,-35.7203,0.08390045,
2,8.974,2,0.5127949,338.4578,-0.09628043,0.1877562,4.2061,-10.3249,-35.7203,0.08390045,
2,8.984,2,0.5120491,338.4252,-0.0952024,0.1859244,4.2061,-10.3249,-35.7203,0.08390045,
2,8.994,2,0.5125481,338.4323,-0.09517808,0.1856959,4.2061,-10.3249,-35.7203,0.08390045,
2,9.004,2,0.5113802,338.4336,-0.09444969,0.1846956,4.2061,-10.3249,-35.7203,0.08390045,
2,9.014,2,0.5172774,338.3186,-0.09256759,0.1789515,4.2061,-10.3249,-35.7203,0.08390045,
2,9.024,2,0.5191702,338.0035,-0.09464648,0.1823034,4.2061,-10.3249,-35.7203,0.08390045,
2,9.034,2,0.5215018,337.5556,-0.09389226,0.1800421,4.2061,-10.3249,-35.7203,0.08390045,
2,9.044,2,0.5233126,337.0445,-0.09507317,0.1816757,4.2061,-10.3249,-35.7203,0.08390045,
2,9.054,2,0.5246079,336.5778,-0.09597097,0.1829385,4.2061,-10.3249,-35.7203,0.08390045,
2,9.064,2,0.5262253,336.2815,-0.09659745,0.1835667,4.2061,-10.3249,-35.7203,0.08390045,
2,9.074,2,0.5302738,336.0945,-0.09508893,0.1793204,4.2061,-10.3249,-35.7203,0.08390045,
2,9.084,2,0.5285618,336.0502,-0.09656134,0.1826869,4.2061,-10.3249,-35.7203,0.08390045,
2,9.094,2,0.5315413,336.0394,-0.09642857,0.1814131,4.2061,-10.3249,-35.7203,0.08390045,
2,9.104,2,0.5323896,336.0107,-0.09523975,0.1788911,4.2061,-10.3249,-35.7203,0.08390045,
2,9.114,2,0.530135,336.0071,-0.09814269,0.1851277,4.2061,-10.3249,-35.7203,0.08390045,
2,9.124,2,0.5290857,336.0299,-0.09589817,0.1812526,4.2061,-10.3249,-35.7203,0.08390045,
2,9.134,2,0.5300981,335.9798,-0.09590448,0.1809183,4.2061,-10.3249,-35.7203,0.08390045,
2,9.144,2,0.5300137,335.9473,-0.09745497,0.1838725,4.2061,-10.3249,-35.7203,0.08390045,
2,9.154,2,0.5313367,335.9843,-0.09589913,0.1804866,4.2061,-10.3249,-35.7203,0.08390045,
2,9.164,2,0.528193,335.9572,-0.09490486,0.1796784,4.2061,-10.3249,-35.7203,0.08390045,
2,9.174,2,0.5282757,335.93,-0.09654643,0.1827577,4.19903,-10.3249,-35.7236,0.08720016,
2,9.184,2,0.5286641,335.9731,-0.09543734,0.1805255,4.19903,-10.3249,-35.7236,0.08720016,
2,9.194,2,0.5277173,335.928,-0.09566421,0.1812793,4.19903,-10.3249,-35.7236,0.08720016,
2,9.204,2,0.5263837,335.8781,-0.09558269,0.1815837,4.19903,-10.3249,-35.7236,0.08720016,
2,9.214,2,0.527184,335.924,-0.09651084,0.1830686,4.19903,-10.3249,-35.7236,0.08720016,
2,9.224,2,0.5288144,335.9118,-0.09656966,0.1826154,4.19903,-10.3249,-35.7236,0.08720016,
2,9.234,2,0.5289949,335.9254,-0.09518482,0.1799352,4.19903,-10.3249,-35.7236,0.08720016,
2,9.244,2,0.5280723,335.8901,-0.09556481,0.1809692,4.19903,-10.3249,-35.7236,0.08720016,
2,9.254,2,0.5323007,335.7986,-0.0978983,0.1839154,4.19903,-10.3249,-35.7236,0.08720016,
2,9.264,2,0.533413,335.4478,-0.09511682,0.1783174,4.19903,-10.3249,-35.7236,0.08720016,
2,9.274,2,0.5371199,335.0615,-0.09425238,0.1754774,4.19903,-10.3249,-35.7236,0.08720016,
2,9.284,2,0.5374943,334.5186,-0.09654704,0.1796243,4.19903,-10.3249,-35.7236,0.08720016,
2,9.294,2,0.5382329,333.9911,-0.09646967,0.1792341,4.19903,-10.3249,-35.7236,0.08720016,
2,9.304,2,0.5432578,333.7536,-0.09745155,0.1793836,4.19903,-10.3249,-35.7236,0.08720016,
2,9.314,2,0.5464265,333.5444,-0.09715743,0.1778051,4.19903,-10.3249,-35.7236,0.08720016,
2,9.324,2,0.5429311,333.4442,-0.09792585,0.1803651,4.19903,-10.3249,-35.7236,0.08720016,
2,9.334,2,0.5458205,333.5073,-0.09690258,0.1775356,4.19903,-10.3249,-35.7236,0.08720016,
2,9.344,2,0.5454474,333.4418,-0.09767833,0.1790793,4.19903,-10.3249,-35.7236,0.08720016,
2,9.354,2,0.5455257,333.447,-0.09756082,0.1788382,4.19903,-10.3249,-35.7236,0.08720016,
2,9.364,2,0.547082,333.4343,-0.0959404,0.1753675,4.19903,-10.3249,-35.7236,0.08720016,
2,9.374,2,0.5467427,333.4231,-0.09849461,0.180148,4.19903,-10.3249,-35.7236,0.08720016,
2,9.384,2,0.5433606,333.4106,-0.09772337,0.1798499,4.19085,-10.3249,-35.727,0.09060287,
2,9.394,2,0.5477339,333.4043,-0.09573064,0.1747758,4.19085,-10.3249,-35.727,0.09060287,
2,9.404,2,0.5426559,333.4037,-0.0987973,0.1820625,4.19085,-10.3249,-35.727,0.09060287,
2,9.414,2,0.5454875,333.3623,-0.09837188,0.1803376,4.19085,-10.3249,-35.727,0.09060287,
2,9.424,2,0.5456018,333.401,-0.09677444,0.1773719,4.19085,-10.3249,-35.727,0.09060287,
2,9.434,2,0.54326,333.3664,-0.09799495,0.1803832,4.19085,-10.3249,-35.727,0.09060287,
2,9.444,2,0.5449576,333.3883,-0.09553647,0.1753099,4.19085,-10.3249,-35.727,0.09060287,
2,9.454,2,0.5461546,333.3544,-0.0953934,0.1746637,4.19085,-10.3249,-35.727,0.09060287,
2,9.464,2,0.5482821,333.2151,-0.09654067,0.1760785,4.19085,-10.3249,-35.727,0.09060287,
2,9.474,2,0.5500929,332.8701,-0.09568039,0.173935,4.19085,-10.3249,-35.727,0.09060287,
2,9.484,2,0.5531701,332.3914,-0.09753326,0.1763169,4.19085,-10.3249,-35.727,0.09060287,
2,9.494,2,0.5550714,331.8659,-0.09883521,0.1780585,4.19085,-10.3249,-35.727,0.09060287,
2,9.504,2,0.5571288,331.392,-0.09824733,0.1763458,4.19085,-10.3249,-35.727,0.09060287,
2,9.514,2,0.5585673,331.0943,-0.09767474,0.1748665,4.19085,-10.3249,-35.727,0.09060287,
2,9.524,2,0.5597621,330.938,-0.09822148,0.1754701,4.19085,-10.3249,-35.727,0.09060287,
2,9.534,2,0.5618223,330.8907,-0.09980817,0.1776508,4.19085,-10.3249,-35.727,0.09060287,
2,9.544,2,0.5654939,330.9003,-0.09873366,0.1745972,4.19085,-10.3249,-35.727,0.09060287,
2,9.554,2,0.5620506,330.8614,-0.09829777,0.1748913,4.19085,-10.3249,-35.727,0.09060287,
2,9.564,2,0.5627826,330.8602,-0.09929554,0.1764368,4.19085,-10.3249,-35.727,0.09060287,
2,9.574,2,0.5618254,330.8476,-0.098021,0.1744688,4.19085,-10.3249,-35.727,0.09060287,
2,9.584,2,0.5616127,330.8299,-0.0966007,0.1720059,4.19085,-10.3249,-35.727,0.09060287,
2,9.594,2,0.5615385,330.8339,-0.09949078,0.1771754,4.19085,-10.3249,-35.727,0.09060287,
2,9.604,2,0.5594273,330.805,-0.09825361,0.1756325,4.19085,-10.3249,-35.727,0.09060287,
2,9.614,2,0.562411,330.8405,-0.09790763,0.1740856,4.19085,-10.3249,-35.727,0.09060287,
2,9.624,2,0.5616596,330.8031,-0.09889797,0.1760817,4.19085,-10.3249,-35.727,0.09060287,
2,9.634,2,0.5590798,330.778,-0.09858452,0.1763335,4.18377,-10.3249,-35.7303,0.09390259,
2,9.644,2,0.5604238,330.7557,-0.1008365,0.179929,4.18377,-10.3249,-35.7303,0.09390259,
2,9.654,2,0.561515,330.7838,-0.09996805,0.1780327,4.18377,-10.3249,-35.7303,0.09390259,
2,9.664,2,0.5628921,330.7949,-0.09778899,0.173726,4.18377,-10.3249,-35.7303,0.09390259,
2,9.674,2,0.5622075,330.7673,-0.09982621,0.1775612,4.18377,-10.3249,-35.7303,0.09390259,
2,9.684,2,0.5612176,330.7763,-0.09961031,0.1774896,4.18377,-10.3249,-35.7303,0.09390259,
2,9.694,2,0.5628983,330.7501,-0.09933651,0.1764733,4.18377,-10.3249,-35.7303,0.09390259,
2,9.704,2,0.5639786,330.6235,-0.09897819,0.1754999,4.18377,-10.3249,-35.7303,0.09390259,
2,9.714,2,0.5666877,330.2639,-0.1001964,0.1768106,4.18377,-10.3249,-35.7303,0.09390259,
2,9.724,2,0.5693989,329.7913,-0.099455,0.1746667,4.18377,-10.3249,-35.7303,0.09390259,
2,9.734,2,0.5661339,329.2539,-0.100427,0.1773909,4.18377,-10.3249,-35.7303,0.09390259,
2,9.744,2,0.5748699,328.7863,-0.09946724,0.1730257,4.18377,-10.3249,-35.7303,0.09390259,
2,9.754,2,0.5762953,328.4848,-0.0995004,0.1726552,4.18377,-10.3249,-35.7303,0.09390259,
2,9.764,2,0.5800422,328.3784,-0.099803,0.1720616,4.18377,-10.3249,-35.7303,0.09390259,
2,9.774,2,0.5780038,328.2676,-0.1009753,0.1746965,4.18377,-10.3249,-35.7303,0.09390259,
2,9.784,2,0.5782084,328.2569,-0.1003648,0.173579,4.18377,-10.3249,-35.7303,0.09390259,
2,9.794,2,0.5796335,328.3287,-0.09963227,0.1718884,4.18377,-10.3249,-35.7303,0.09390259,
2,9.804,2,0.5796981,328.2349,-0.1007628,0.1738195,4.18377,-10.3249,-35.7303,0.09390259,
2,9.814,2,0.5775015,328.2296,-0.1024525,0.1774065,4.18377,-10.3249,-35.7303,0.09390259,
2,9.824,2,0.5788599,328.2011,-0.1019724,0.1761608,4.18377,-10.3249,-35.7303,0.09390259,
2,9.834,2,0.5790733,328.2229,-0.1016352,0.1755135,4.17562,-10.3249,-35.7337,0.09730148,
2,9.844,2,0.5779282,328.2056,-0.100551,0.1739853,4.17562,-10.3249,-35.7337,0.09730148,
2,9.854,2,0.576919,328.2375,-0.1013383,0.1756544,4.17562,-10.3249,-35.7337,0.09730148,
2,9.864,2,0.5762978,328.1902,-0.1009377,0.1751486,4.17562,-10.3249,-35.7337,0.09730148,
2,9.874,2,0.5787396,328.1687,-0.1003509,0.1733956,4.17562,-10.3249,-35.7337,0.09730148,
2,9.884,2,0.578334,328.2002,-0.09991135,0.1727572,4.17562,-10.3249,-35.7337,0.09730148,
2,9.894,2,0.5770536,328.159,-0.1025054,0.1776359,4.17562,-10.3249,-35.7337,0.09730148,
2,9.904,2,0.5791291,328.1519,-0.101261,0.1748505,4.17562,-10.3249,-35.7337,0.09730148,
2,9.914,2,0.5818183,327.9303,-0.1024806,0.1761384,4.17562,-10.3249,-35.7337,0.09730148,
2,9.924,2,0.5863669,327.6063,-0.1015044,0.1731072,4.17562,-10.3249,-35.7337,0.09730148,
2,9.934,2,0.586046,327.0755,-0.1020529,0.1741381,4.17562,-10.3249,-35.7337,0.09730148,
2,9.944,2,0.5863849,326.5163,-0.1033723,0.1762875,4.17562,-10.3249,-35.7337,0.09730148,
2,9.954,2,0.5915674,326.1131,-0.102356,0.1730252,4.17562,-10.3249,-35.7337,0.09730148,
2,9.964,2,0.592604,325.8401,-0.1036409,0.1748906,4.17562,-10.3249,-35.7337,0.09730148,
2,9.974,2,0.5929022,325.7118,-0.1027985,0.1733819,4.17562,-10.3249,-35.7337,0.09730148,
2,9.984,2,0.5990008,325.6971,-0.1033815,0.17259,4.17562,-10.3249,-35.7337,0.09730148,
2,9.994,2,0.5956247,325.6752,-0.1049134,0.1761402,4.17562,-10.3249,-35.7337,0.09730148,
2,10.004,2,0.5953917,325.6676,-0.1019255,0.1711907,4.17562,-10.3249,-35.7337,0.09730148,
2,10.014,2,0.5967318,325.6493,-0.1019852,0.1709063,4.17562,-10.3249,-35.7337,0.09730148,
2,10.024,2,0.5934345,325.6169,-0.1030442,0.1736403,4.17562,-10.3249,-35.7337,0.09730148,
2,10.034,2,0.595388,325.6235,-0.1021975,0.1716485,4.17562,-10.3249,-35.7337,0.09730148,
2,10.044,2,0.595558,325.6207,-0.1022902,0.1717551,4.17562,-10.3249,-35.7337,0.09730148,
2,10.054,2,0.594941,325.6091,-0.1030091,0.1731418,4.16853,-10.3249,-35.7371,0.1007004,
2,10.064,2,0.5928106,325.6071,-0.1018211,0.17176,4.16853,-10.3249,-35.7371,0.1007004,
2,10.074,2,0.5963059,325.6007,-0.1022577,0.1714852,4.16853,-10.3249,-35.7371,0.1007004,
2,10.084,2,0.5954329,325.5566,-0.1043083,0.1751805,4.16853,-10.3249,-35.7371,0.1007004,
2,10.094,2,0.591966,325.5644,-0.1045235,0.17657,4.16853,-10.3249,-35.7371,0.1007004,
2,10.104,2,0.5922257,325.5673,-0.1042788,0.1760795,4.16853,-10.3249,-35.7371,0.1007004,
2,10.114,2,0.5946299,325.5752,-0.1039406,0.1747989,4.16853,-10.3249,-35.7371,0.1007004,
2,10.124,2,0.5923388,325.5753,-0.1044523,0.1763388,4.16853,-10.3249,-35.7371,0.1007004,
2,10.134,2,0.59762,325.4236,-0.1048279,0.1754089,4.16853,-10.3249,-35.7371,0.1007004,
2,10.144,2,0.5978284,325.1045,-0.1033577,0.1728885,4.16853,-10.3249,-35.7371,0.1007004,
2,10.154,2,0.6010712,324.6826,-0.1036656,0.1724681,4.16853,-10.3249,-35.7371,0.1007004,
2,10.164,2,0.6037897,324.1516,-0.1038222,0.1719509,4.16853,-10.3249,-35.7371,0.1007004,
2,10.174,2,0.6048227,323.6172,-0.1038362,0.1716804,4.16853,-10.3249,-35.7371,0.1007004,
2,10.184,2,0.6081027,323.34,-0.1045284,0.1718926,4.16853,-10.3249,-35.7371,0.1007004,
2,10.194,2,0.6105435,323.1129,-0.1039794,0.1703063,4.16853,-10.3249,-35.7371,0.1007004,
2,10.204,2,0.6111621,323.0418,-0.1060683,0.1735518,4.16853,-10.3249,-35.7371,0.1007004,
2,10.214,2,0.6136934,323.0456,-0.1053531,0.1716706,4.16853,-10.3249,-35.7371,0.1007004,
2,10.224,2,0.6137262,323.0349,-0.1044838,0.170245,4.16853,-10.3249,-35.7371,0.1007004,
2,10.234,2,0.6106886,323.0327,-0.106943,0.1751187,4.16853,-10.3249,-35.7371,0.1007004,
2,10.244,2,0.6125827,322.9943,-0.1051739,0.1716893,4.16853,-10.3249,-35.7371,0.1007004,
2,10.254,2,0.6119525,323.0043,-0.105761,0.1728254,4.16853,-10.3249,-35.7371,0.1007004,
2,10.264,2,0.609235,322.9535,-0.1063671,0.1745913,4.16092,-10.3249,-35.7406,0.1042023,
2,10.274,2,0.6105303,322.986,-0.10681,0.1749462,4.16092,-10.3249,-35.7406,0.1042023,
2,10.284,2,0.6099831,322.9801,-0.1052265,0.1725073,4.16092,-10.3249,-35.7406,0.1042023,
2,10.294,2,0.6112367,322.9364,-0.106318,0.1739392,4.16092,-10.3249,-35.7406,0.1042023,
2,10.304,2,0.6094435,322.9549,-0.1067374,0.1751392,4.16092,-10.3249,-35.7406,0.1042023,
2,10.314,2,0.6116077,322.9467,-0.1047857,0.1713282,4.16092,-10.3249,-35.7406,0.1042023,
2,10.324,2,0.6099553,322.9382,-0.1066223,0.1748035,4.16092,-10.3249,-35.7406,0.1042023,
2,10.334,2,0.6122753,322.9212,-0.104205,0.170193,4.16092,-10.3249,-35.7406,0.1042023,
2,10.344,2,0.6126486,322.7814,-0.1056399,0.1724315,4.16092,-10.3249,-35.7406,0.1042023,
2,10.354,2,0.6164389,322.4205,-0.1065843,0.1729033,4.16092,-10.3249,-35.7406,0.1042023,
2,10.364,2,0.6193016,321.9662,-0.1061702,0.1714354,4.16092,-10.3249,-35.7406,0.1042023,
2,10.374,2,0.6194128,321.4134,-0.107974,0.1743167,4.16092,-10.3249,-35.7406,0.1042023,
2,10.384,2,0.6235925,320.9449,-0.1073916,0.1722144,4.16092,-10.3249,-35.7406,0.1042023,
2,10.394,2,0.626905,320.6788,-0.1044227,0.1665686,4.16092,-10.3249,-35.7406,0.1042023,
2,10.404,2,0.6270212,320.488,-0.1076273,0.1716486,4.16092,-10.3249,-35.7406,0.1042023,
2,10.414,2,0.6288829,320.4689,-0.1074501,0.1708586,4.16092,-10.3249,-35.7406,0.1042023,
2,10.424,2,0.6323614,320.4518,-0.1082439,0.171174,4.16092,-10.3249,-35.7406,0.1042023,
2,10.434,2,0.6303874,320.4127,-0.1070483,0.1698135,4.16092,-10.3249,-35.7406,0.1042023,
2,10.444,2,0.6315072,320.4062,-0.1087664,0.172233,4.16092,-10.3249,-35.7406,0.1042023,
2,10.454,2,0.6259661,320.393,-0.109073,0.1742475,4.16092,-10.3249,-35.7406,0.1042023,
2,10.464,2,0.6300141,320.3871,-0.1075048,0.1706387,4.16092,-10.3249,-35.7406,0.1042023,
2,10.474,2,0.6290548,320.3857,-0.1088693,0.1730681,4.15385,-10.3249,-35.744,0.1076012,
2,10.484,2,0.6272917,320.3643,-0.1091215,0.1739566,4.15385,-10.3249,-35.744,0.1076012,
2,10.494,2,0.6290421,320.3819,-0.1084284,0.1723706,4.15385,-10.3249,-35.744,0.1076012,
2,10.504,2,0.6291391,320.3498,-0.1078918,0.1714912,4.15385,-10.3249,-35.744,0.1076012,
2,10.514,2,0.6291277,320.3566,-0.1078278,0.1713925,4.15385,-10.3249,-35.744,0.1076012,
2,10.524,2,0.6267688,320.3277,-0.1088364,0.1736468,4.15385,-10.3249,-35.744,0.1076012,
2,10.534,2,0.6260529,320.336,-0.1099631,0.1756451,4.15385,-10.3249,-35.744,0.1076012,
2,10.544,2,0.6301503,320.3087,-0.1083862,0.1720006,4.15385,-10.3249,-35.744,0.1076012,
2,10.554,2,0.6331431,320.0904,-0.1079,0.1704196,4.15385,-10.3249,-35.744,0.1076012,
2,10.564,2,0.6338477,319.7582,-0.1075395,0.1696615,4.15385,-10.3249,-35.744,0.1076012,
2,10.574,2,0.6394089,319.2409,-0.107614,0.1683023,4.15385,-10.3249,-35.744,0.1076012,
2,10.584,2,0.6362082,318.6873,-0.1096849,0.1724041,4.15385,-10.3249,-35.744,0.1076012,
2,10.594,2,0.6393471,318.271,-0.1106083,0.1730019,4.15385,-10.3249,-35.744,0.1076012,
2,10.604,2,0.6456603,317.9965,-0.110616,0.1713222,4.15385,-10.3249,-35.744,0.1076012,
2,10.614,2,0.6440521,317.8748,-0.1107601,0.1719738,4.15385,-10.3249,-35.744,0.1076012,
2,10.624,2,0.6465153,317.8195,-0.1087575,0.1682211,4.15385,-10.3249,-35.744,0.1076012,
2,10.634,2,0.6469074,317.8125,-0.1088743,0.1682997,4.15385,-10.3249,-35.744,0.1076012,
2,10.644,2,0.6455631,317.8029,-0.1109322,0.1718379,4.15385,-10.3249,-35.744,0.1076012,
2,10.654,2,0.6466749,317.7861,-0.1098935,0.1699362,4.15385,-10.3249,-35.744,0.1076012,
2,10.664,2,0.6456698,317.7464,-0.1099873,0.1703461,4.14673,-10.3249,-35.7474,0.1110001,
2,10.674,2,0.6467655,317.7758,-0.1100997,0.1702313,4.14673,-10.3249,-35.7474,0.1110001,
2,10.684,2,0.6459157,317.7503,-0.1103096,0.1707802,4.14673,-10.3249,-35.7474,0.1110001,
2,10.694,2,0.6420478,317.7277,-0.1115559,0.1737502,4.14673,-10.3249,-35.7474,0.1110001,
2,10.704,2,0.6437511,317.7081,-0.1129292,0.1754237,4.14673,-10.3249,-35.7474,0.1110001,
2,10.714,2,0.6435727,317.7134,-0.1129481,0.1755017,4.14673,-10.3249,-35.7474,0.1110001,
2,10.724,2,0.6428589,317.7033,-0.1107635,0.1722984,4.14673,-10.3249,-35.7474,0.1110001,
2,10.734,2,0.6453186,317.7599,-0.1121506,0.1737911,4.14673,-10.3249,-35.7474,0.1110001,
2,10.744,2,0.6465776,317.5227,-0.111927,0.1731069,4.14673,-10.3249,-35.7474,0.1110001,
2,10.754,2,0.6505449,317.1923,-0.1110062,0.1706356,4.14673,-10.3249,-35.7474,0.1110001,
2,10.764,2,0.6525552,316.6872,-0.112172,0.1718965,4.14673,-10.3249,-35.7474,0.1110001,
2,10.774,2,0.6521351,316.134,-0.112053,0.1718249,4.14673,-10.3249,-35.7474,0.1110001,
2,10.784,2,0.6557232,315.6594,-0.1124755,0.1715289,4.14673,-10.3249,-35.7474,0.1110001,
2,10.794,2,0.6615682,315.4059,-0.1119994,0.1692939,4.14673,-10.3249,-35.7474,0.1110001,
2,10.804,2,0.6613148,315.1926,-0.1123024,0.1698169,4.14673,-10.3249,-35.7474,0.1110001,
2,10.814,2,0.6621774,315.1331,-0.1134491,0.1713273,4.14673,-10.3249,-35.7474,0.1110001,
2,10.824,2,0.6635138,315.1449,-0.1134214,0.1709406,4.14673,-10.3249,-35.7474,0.1110001,
2,10.834,2,0.6636291,315.1035,-0.1122614,0.1691629,4.14673,-10.3249,-35.7474,0.1110001,
2,10.844,2,0.6612838,315.1281,-0.1133185,0.1713614,4.14673,-10.3249,-35.7474,0.1110001,
2,10.854,2,0.6626889,315.103,-0.1144736,0.1727411,4.14673,-10.3249,-35.7474,0.1110001,
2,10.864,2,0.6624536,315.0939,-0.1132754,0.1709938,4.14673,-10.3249,-35.7474,0.1110001,
2,10.874,2,0.6601413,315.0599,-0.1155844,0.1750904,4.14022,-10.3249,-35.7509,0.114502,
2,10.884,2,0.657861,315.0621,-0.1144761,0.1740126,4.14022,-10.3249,-35.7509,0.114502,
2,10.894,2,0.6644165,315.0635,-0.1143896,0.1721655,4.14022,-10.3249,-35.7509,0.114502,
2,10.904,2,0.6605706,315.0267,-0.1139886,0.1725609,4.14022,-10.3249,-35.7509,0.114502,
2,10.914,2,0.6614741,315.0477,-0.114454,0.1730286,4.14022,-10.3249,-35.7509,0.114502,
2,10.924,2,0.6628301,315.0175,-0.111634,0.1684202,4.14022,-10.3249,-35.7509,0.114502,
2,10.934,2,0.6589429,315.0247,-0.1144738,0.1737235,4.14022,-10.3249,-35.7509,0.114502,
2,10.944,2,0.6628432,315.0102,-0.1126937,0.1700157,4.14022,-10.3249,-35.7509,0.114502,
2,10.954,2,0.6640494,314.773,-0.1133299,0.1706648,4.14022,-10.3249,-35.7509,0.114502,
2,10.964,2,0.6653487,314.4476,-0.1149392,0.1727503,4.14022,-10.3249,-35.7509,0.114502,
2,10.974,2,0.6708936,313.8973,-0.1147368,0.1710208,4.14022,-10.3249,-35.7509,0.114502,
2,10.984,2,0.6707848,313.3764,-0.1134584,0.1691428,4.14022,-10.3249,-35.7509,0.114502,
2,10.994,2,0.673738,312.9453,-0.1161914,0.1724579,4.14022,-10.3249,-35.7509,0.114502,
2,11.004,2,0.6766977,312.6714,-0.1169876,0.1728801,4.14022,-10.3249,-35.7509,0.114502,
2,11.014,2,0.6774231,312.5386,-0.118045,0.174256,4.14022,-10.3249,-35.7509,0.114502,
2,11.024,2,0.6789007,312.4844,-0.1163245,0.1713424,4.14022,-10.3249,-35.7509,0.114502,
2,11.034,2,0.6796522,312.5034,-0.1165617,0.171502,4.14022,-10.3249,-35.7509,0.114502,
2,11.044,2,0.6777188,312.4474,-0.1155108,0.1704406,4.14022,-10.3249,-35.7509,0.114502,
2,11.054,2,0.6782019,312.4753,-0.1172213,0.1728414,4.14022,-10.3249,-35.7509,0.114502,
2,11.064,2,0.6775379,312.4516,-0.1167139,0.1722619,4.14022,-10.3249,-35.7509,0.114502,
2,11.074,2,0.6776371,312.431,-0.1148086,0.1694249,4.13315,-10.3249,-35.7543,0.1179008,
2,11.084,2,0.6799929,312.4279,-0.1161378,0.1707927,4.13315,-10.3249,-35.7543,0.1179008,
2,11.094,2,0.6759783,312.4116,-0.1165087,0.1723557,4.13315,-10.3249,-35.7543,0.1179008,
2,11.104,2,0.6757167,312.4218,-0.1189158,0.1759847,4.13315,-10.3249,-35.7543,0.1179008,
2,11.114,2,0.6762134,312.3973,-0.1174294,0.1736573,4.13315,-10.3249,-35.7543,0.1179008,
2,11.124,2,0.6753899,312.4009,-0.117796,0.1744119,4.13315,-10.3249,-35.7543,0.1179008,
2,11.134,2,0.6781676,312.3915,-0.1172567,0.1729022,4.13315,-10.3249,-35.7543,0.1179008,
2,11.144,2,0.6771374,312.3352,-0.1188492,0.1755171,4.13315,-10.3249,-35.7543,0.1179008,
2,11.154,2,0.6784716,312.3425,-0.1172837,0.1728645,4.13315,-10.3249,-35.7543,0.1179008,
2,11.164,2,0.6818357,312.0794,-0.1178106,0.1727845,4.13315,-10.3249,-35.7543,0.1179008,
2,11.174,2,0.6831849,311.7402,-0.1190265,0.174223,4.13315,-10.3249,-35.7543,0.1179008,
2,11.184,2,0.684862,311.1794,-0.1186334,0.1732223,4.13315,-10.3249,-35.7543,0.1179008,
2,11.194,2,0.6882249,310.6486,-0.1170989,0.1701463,4.13315,-10.3249,-35.7543,0.1179008,
2,11.204,2,0.6892279,310.2265,-0.1185123,0.1719494,4.13315,-10.3249,-35.7543,0.1179008,
2,11.214,2,0.6924142,309.9876,-0.1180849,0.1705408,4.13315,-10.3249,-35.7543,0.1179008,
2,11.224,2,0.69279,309.8775,-0.1176924,0.1698818,4.13315,-10.3249,-35.7543,0.1179008,
2,11.234,2,0.6934553,309.8392,-0.1196016,0.1724719,4.13315,-10.3249,-35.7543,0.1179008,
2,11.244,2,0.6950012,309.8448,-0.1193884,0.1717816,4.13315,-10.3249,-35.7543,0.1179008,
2,11.254,2,0.6934527,309.8284,-0.1189232,0.1714943,4.13315,-10.3249,-35.7543,0.1179008,
2,11.264,2,0.6927738,309.7653,-0.1204944,0.1739303,4.13315,-10.3249,-35.7543,0.1179008,
2,11.274,2,0.6939601,309.8079,-0.1195525,0.1722758,4.13315,-10.3249,-35.7543,0.1179008,
2,11.284,2,0.6936902,309.7826,-0.1197921,0.1726882,4.13315,-10.3249,-35.7543,0.1179008,
2,11.294,2,0.6935293,309.8038,-0.1201629,0.1732629,4.13315,-10.3249,-35.7543,0.1179008,
2,11.304,2,0.6928604,309.7649,-0.1199277,0.1730907,4.13315,-10.3249,-35.7543,0.1179008,
2,11.314,2,0.6916058,309.7381,-0.1199389,0.1734209,4.12605,-10.3249,-35.7578,0.1214027,
2,11.324,2,0.69497,309.7211,-0.1215624,0.1749174,4.12605,-10.3249,-35.7578,0.1214027,
2,11.334,2,0.6932093,309.743,-0.1210061,0.1745592,4.12605,-10.3249,-35.7578,0.1214027,
2,11.344,2,0.6909492,309.7461,-0.1201732,0.1739248,4.12605,-10.3249,-35.7578,0.1214027,
2,11.354,2,0.6925526,309.7333,-0.1197129,0.1728576,4.12605,-10.3249,-35.7578,0.1214027,
2,11.364,2,0.6911333,309.7128,-0.1200748,0.1737361,4.12605,-10.3249,-35.7578,0.1214027,
2,11.374,2,0.6941368,309.7114,-0.1201548,0.1730996,4.12605,-10.3249,-35.7578,0.1214027,
2,11.384,2,0.6959334,309.5391,-0.1201554,0.1726535,4.12605,-10.3249,-35.7578,0.1214027,
2,11.394,2,0.6973584,309.2067,-0.1220999,0.1750891,4.12605,-10.3249,-35.7578,0.1214027,
2,11.404,2,0.701542,308.7479,-0.1214769,0.1731569,4.12605,-10.3249,-35.7578,0.1214027,
2,11.414,2,0.7027458,308.1773,-0.1233684,0.1755519,4.12605,-10.3249,-35.7578,0.1214027,
2,11.424,2,0.7026335,307.6754,-0.1216578,0.1731454,4.12605,-10.3249,-35.7578,0.1214027,
2,11.434,2,0.7095891,307.3876,-0.121471,0.171185,4.12605,-10.3249,-35.7578,0.1214027,
2,11.444,2,0.7102376,307.1966,-0.122166,0.1720073,4.12605,-10.3249,-35.7578,0.1214027,
2,11.454,2,0.708662,307.1455,-0.1231422,0.1737672,4.12605,-10.3249,-35.7578,0.1214027,
2,11.464,2,0.7115305,307.1514,-0.1237288,0.173891,4.12605,-10.3249,-35.7578,0.1214027,
2,11.474,2,0.7082841,307.0965,-0.1217704,0.1719232,4.12605,-10.3249,-35.7578,0.1214027,
2,11.484,2,0.7112827,307.1293,-0.123243,0.1732687,4.12605,-10.3249,-35.7578,0.1214027,
2,11.494,2,0.7100281,307.102,-0.1227503,0.1728809,4.12605,-10.3249,-35.7578,0.1214027,
2,11.504,2,0.7065958,307.0791,-0.1212706,0.1716265,4.12605,-10.3249,-35.7578,0.1214027,
2,11.514,2,0.7073644,307.0884,-0.1206589,0.1705753,4.12605,-10.3249,-35.7578,0.1214027,
2,11.524,2,0.708219,307.0635,-0.1211008,0.1709935,4.12605,-10.3249,-35.7578,0.1214027,
2,11.534,2,0.7088665,307.0481,-0.122099,0.1722454,4.12605,-10.3249,-35.7578,0.1214027,
2,11.544,2,0.7080972,307.0492,-0.1231494,0.173916,4.11845,-10.3249,-35.7612,0.1248016,
2,11.554,2,0.7087924,307.0499,-0.1224282,0.1727279,4.11845,-10.3249,-35.7612,0.1248016,
2,11.564,2,0.7077226,307.0324,-0.122769,0.1734705,4.11845,-10.3249,-35.7612,0.1248016,
2,11.574,2,0.7083658,307.0177,-0.1229222,0.1735293,4.11845,-10.3249,-35.7612,0.1248016,
2,11.584,2,0.705828,306.988,-0.1235942,0.1751053,4.11845,-10.3249,-35.7612,0.1248016,
2,11.594,2,0.7085014,307.0093,-0.1227374,0.1732353,4.11845,-10.3249,-35.7612,0.1248016,
2,11.604,2,0.7126079,306.9423,-0.1231487,0.1728142,4.11845,-10.3249,-35.7612,0.1248016,
2,11.614,2,0.7130538,306.6633,-0.1222102,0.1713899,4.11845,-10.3249,-35.7612,0.1248016,
2,11.624,2,0.7171889,306.2755,-0.1233044,0.1719274,4.11845,-10.3249,-35.7612,0.1248016,
2,11.634,2,0.7185829,305.7191,-0.1232338,0.1714956,4.11845,-10.3249,-35.7612,0.1248016,
2,11.644,2,0.7175286,305.1521,-0.1225639,0.170814,4.11845,-10.3249,-35.7612,0.1248016,
2,11.654,2,0.7221691,304.8089,-0.1233054,0.1707432,4.11845,-10.3249,-35.7612,0.1248016,
2,11.664,2,0.7247021,304.5215,-0.1248657,0.1722993,4.11845,-10.3249,-35.7612,0.1248016,
2,11.674,2,0.7281107,304.4716,-0.1241705,0.1705379,4.11845,-10.3249,-35.7612,0.1248016,
2,11.684,2,0.7292982,304.4181,-0.122394,0.1678243,4.11845,-10.3249,-35.7612,0.1248016,
2,11.694,2,0.7288156,304.4084,-0.1241648,0.1703652,4.11845,-10.3249,-35.7612,0.1248016,
2,11.704,2,0.7272579,304.3705,-0.126128,0.1734295,4.11845,-10.3249,-35.7612,0.1248016,
2,11.714,2,0.7295083,304.372,-0.1231421,0.1688015,4.11845,-10.3249,-35.7612,0.1248016,
2,11.724,2,0.7282561,304.3855,-0.1243787,0.1707898,4.11845,-10.3249,-35.7612,0.1248016,
2,11.734,2,0.7278503,304.3627,-0.1256119,0.1725793,4.11083,-10.3249,-35.7648,0.1284027,
2,11.744,2,0.7276161,304.3565,-0.1247937,0.1715103,4.11083,-10.3249,-35.7648,0.1284027,
2,11.754,2,0.7253579,304.3397,-0.1242504,0.1712953,4.11083,-10.3249,-35.7648,0.1284027,
2,11.764,2,0.7243924,304.3354,-0.1276069,0.1761572,4.11083,-10.3249,-35.7648,0.1284027,
2,11.774,2,0.7257851,304.3252,-0.1267841,0.1746855,4.11083,-10.3249,-35.7648,0.1284027,
2,11.784,2,0.7250994,304.304,-0.1263441,0.1742438,4.11083,-10.3249,-35.7648,0.1284027,
2,11.794,2,0.7262482,304.3239,-0.1255281,0.1728446,4.11083,-10.3249,-35.7648,0.1284027,
2,11.804,2,0.7277975,304.2787,-0.1251179,0.1719131,4.11083,-10.3249,-35.7648,0.1284027,
2,11.814,2,0.7301058,304.1892,-0.1253979,0.1717531,4.11083,-10.3249,-35.7648,0.1284027,
2,11.824,2,0.7310259,303.8691,-0.1277078,0.1746966,4.11083,-10.3249,-35.7648,0.1284027,
2,11.834,2,0.734488,303.3991,-0.1273784,0.1734248,4.11083,-10.3249,-35.7648,0.1284027,
2,11.844,2,0.7333625,302.8616,-0.1274782,0.1738269,4.11083,-10.3249,-35.7648,0.1284027,
2,11.854,2,0.7378331,302.3282,-0.1284111,0.1740382,4.11083,-10.3249,-35.7648,0.1284027,
2,11.864,2,0.7419088,301.9761,-0.127929,0.1724322,4.11083,-10.3249,-35.7648,0.1284027,
2,11.874,2,0.7392921,301.758,-0.127754,0.1728058,4.11083,-10.3249,-35.7648,0.1284027,
2,11.884,2,0.7426935,301.6657,-0.1287867,0.1734049,4.11083,-10.3249,-35.7648,0.1284027,
2,11.894,2,0.744547,301.6963,-0.1277934,0.1716391,4.11083,-10.3249,-35.7648,0.1284027,
2,11.904,2,0.7442761,301.6344,-0.1294104,0.1738742,4.11083,-10.3249,-35.7648,0.1284027,
2,11.914,2,0.7443307,301.6737,-0.1287254,0.1729411,4.11083,-10.3249,-35.7648,0.1284027,
2,11.924,2,0.7427941,301.6153,-0.1282394,0.1726446,4.11083,-10.3249,-35.7648,0.1284027,
2,11.934,2,0.7435626,301.6161,-0.1282631,0.1724981,4.11083,-10.3249,-35.7648,0.1284027,
2,11.944,2,0.7431199,301.6034,-0.127789,0.1719628,4.10375,-10.3249,-35.7683,0.1319008,
2,11.954,2,0.7421336,301.5844,-0.1259055,0.1696535,4.10375,-10.3249,-35.7683,0.1319008,
2,11.964,2,0.741635,301.5914,-0.1276665,0.172142,4.10375,-10.3249,-35.7683,0.1319008,
2,11.974,2,0.7447385,301.5788,-0.1294861,0.1738678,4.10375,-10.3249,-35.7683,0.1319008,
2,11.984,2,0.741626,301.5716,-0.1295351,0.1746636,4.10375,-10.3249,-35.7683,0.1319008,
2,11.994,2,0.7418088,301.5519,-0.1288911,0.1737525,4.10375,-10.3249,-35.7683,0.1319008,
2,12.004,2,0.743727,301.563,-0.1291617,0.1736682,4.10375,-10.3249,-35.7683,0.1319008,
2,12.014,2,0.7453734,301.5414,-0.1295027,0.1737421,4.10375,-10.3249,-35.7683,0.1319008,
2,12.024,2,0.7435521,301.371,-0.1297015,0.1744349,4.10375,-10.3249,-35.7683,0.1319008,
2,12.034,2,0.7479749,301.0342,-0.1298625,0.1736187,4.10375,-10.3249,-35.7683,0.1319008,
2,12.044,2,0.7534565,300.5245,-0.130262,0.1728859,4.10375,-10.3249,-35.7683,0.1319008,
2,12.054,2,0.7531964,299.9527,-0.1313128,0.1743408,4.10375,-10.3249,-35.7683,0.1319008,
2,12.064,2,0.7546467,299.4549,-0.1300451,0.1723258,4.10375,-10.3249,-35.7683,0.1319008,
2,12.074,2,0.7588467,299.171,-0.1304785,0.1719432,4.10375,-10.3249,-35.7683,0.1319008,
2,12.084,2,0.7601379,298.9644,-0.1313375,0.1727812,4.10375,-10.3249,-35.7683,0.1319008,
2,12.094,2,0.7609047,298.9095,-0.1309824,0.1721404,4.10375,-10.3249,-35.7683,0.1319008,
2,12.104,2,0.7611457,298.9086,-0.1301025,0.1709299,4.10375,-10.3249,-35.7683,0.1319008,
2,12.114,2,0.757394,298.8857,-0.1317739,0.1739833,4.10375,-10.3249,-35.7683,0.1319008,
2,12.124,2,0.7603892,298.8733,-0.1305771,0.171724,4.10375,-10.3249,-35.7683,0.1319008,
2,12.134,2,0.7607341,298.8677,-0.1321857,0.1737606,4.10375,-10.3249,-35.7683,0.1319008,
2,12.144,2,0.7603711,298.8406,-0.1322342,0.1739074,4.10375,-10.3249,-35.7683,0.1319008,
2,12.154,2,0.7588985,298.8345,-0.1326198,0.174753,4.10375,-10.3249,-35.7683,0.1319008,
2,12.164,2,0.7586052,298.825,-0.1309493,0.1726185,4.10375,-10.3249,-35.7683,0.1319008,
2,12.174,2,0.7608471,298.8322,-0.1332867,0.175182,4.10375,-10.3249,-35.7683,0.1319008,
2,12.184,2,0.7596964,298.8316,-0.1320552,0.1738263,4.09667,-10.3249,-35.7718,0.1354027,
2,12.194,2,0.7602609,298.7789,-0.133222,0.1752319,4.09667,-10.3249,-35.7718,0.1354027,
2,12.204,2,0.7577754,298.7294,-0.1333981,0.1760391,4.09667,-10.3249,-35.7718,0.1354027,
2,12.214,2,0.7605084,298.7719,-0.133358,0.1753537,4.09667,-10.3249,-35.7718,0.1354027,
2,12.224,2,0.7575636,298.7584,-0.1318641,0.1740634,4.09667,-10.3249,-35.7718,0.1354027,
2,12.234,2,0.7583677,298.7737,-0.1332731,0.1757368,4.09667,-10.3249,-35.7718,0.1354027,
2,12.244,2,0.7598616,298.7642,-0.1323185,0.174135,4.09667,-10.3249,-35.7718,0.1354027,
2,12.254,2,0.7611715,298.7363,-0.1312133,0.1723834,4.09667,-10.3249,-35.7718,0.1354027,
2,12.264,2,0.7650355,298.5686,-0.1337017,0.1747653,4.09667,-10.3249,-35.7718,0.1354027,
2,12.274,2,0.7629532,298.2354,-0.1339902,0.1756205,4.09667,-10.3249,-35.7718,0.1354027,
2,12.284,2,0.7647365,297.7345,-0.1353062,0.1769318,4.09667,-10.3249,-35.7718,0.1354027,
2,12.294,2,0.7708179,297.2059,-0.1355248,0.1758195,4.09667,-10.3249,-35.7718,0.1354027,
2,12.304,2,0.7711424,296.6829,-0.1321627,0.1713856,4.09667,-10.3249,-35.7718,0.1354027,
2,12.314,2,0.7772309,296.3841,-0.1349926,0.1736841,4.09667,-10.3249,-35.7718,0.1354027,
2,12.324,2,0.7750946,296.1835,-0.137475,0.1773655,4.09667,-10.3249,-35.7718,0.1354027,
2,12.334,2,0.7782107,296.1243,-0.1359522,0.1746985,4.09667,-10.3249,-35.7718,0.1354027,
2,12.344,2,0.7768126,296.1461,-0.1351262,0.1739495,4.09667,-10.3249,-35.7718,0.1354027,
2,12.354,2,0.7756955,296.0969,-0.1367608,0.1763073,4.09667,-10.3249,-35.7718,0.1354027,
2,12.364,2,0.776991,296.1124,-0.1351927,0.1739952,4.09667,-10.3249,-35.7718,0.1354027,
2,12.374,2,0.7766082,296.0755,-0.1367059,0.1760294,4.09667,-10.3249,-35.7718,0.1354027,
2,12.384,2,0.7751123,296.0616,-0.136538,0.1761526,4.09667,-10.3249,-35.7718,0.1354027,
2,12.394,2,0.7750099,296.0734,-0.134527,0.173581,4.08852,-10.3249,-35.7754,0.1389999,
2,12.404,2,0.7770922,296.0536,-0.1362316,0.1753095,4.08852,-10.3249,-35.7754,0.1389999,
2,12.414,2,0.7753347,296.0493,-0.1366533,0.1762507,4.08852,-10.3249,-35.7754,0.1389999,
2,12.424,2,0.7756999,296.0336,-0.1356978,0.1749359,4.08852,-10.3249,-35.7754,0.1389999,
2,12.434,2,0.775943,296.0076,-0.1363902,0.1757735,4.08852,-10.3249,-35.7754,0.1389999,
2,12.444,2,0.7740585,296.0077,-0.1358371,0.1754869,4.08852,-10.3249,-35.7754,0.1389999,
2,12.454,2,0.7778163,296.0212,-0.1360343,0.1748926,4.08852,-10.3249,-35.7754,0.1389999,
2,12.464,2,0.7790018,295.977,-0.1367773,0.1755802,4.08852,-10.3249,-35.7754,0.1389999,
2,12.474,2,0.7789538,295.7577,-0.1356668,0.1741654,4.08852,-10.3249,-35.7754,0.1389999,
2,12.484,2,0.7838215,295.4211,-0.1351171,0.1723824,4.08852,-10.3249,-35.7754,0.1389999,
2,12.494,2,0.7865852,294.8651,-0.1364542,0.1734767,4.08852,-10.3249,-35.7754,0.1389999,
2,12.504,2,0.7859975,294.3076,-0.1372917,0.1746719,4.08852,-10.3249,-35.7754,0.1389999,
2,12.514,2,0.791845,293.8632,-0.1356491,0.1713077,4.08852,-10.3249,-35.7754,0.1389999,
2,12.524,2,0.7902704,293.5522,-0.1379295,0.1745345,4.08852,-10.3249,-35.7754,0.1389999,
2,12.534,2,0.7925955,293.4271,-0.1379599,0.1740609,4.08852,-10.3249,-35.7754,0.1389999,
2,12.544,2,0.7935171,293.3415,-0.1384605,0.1744897,4.08852,-10.3249,-35.7754,0.1389999,
2,12.554,2,0.7953761,293.3707,-0.1392572,0.1750834,4.08852,-10.3249,-35.7754,0.1389999,
2,12.564,2,0.7959104,293.3171,-0.1385307,0.1740532,4.08852,-10.3249,-35.7754,0.1389999,
2,12.574,2,0.7946451,293.315,-0.1378918,0.1735263,4.08852,-10.3249,-35.7754,0.1389999,
2,12.584,2,0.7949563,293.309,-0.1395993,0.1756063,4.08852,-10.3249,-35.7754,0.1389999,
2,12.594,2,0.7938692,293.2789,-0.1403364,0.1767752,4.08852,-10.3249,-35.7754,0.1389999,
2,12.604,2,0.7936295,293.2937,-0.1384453,0.1744458,4.08852,-10.3249,-35.7754,0.1389999,
2,12.614,2,0.7942687,293.2765,-0.1414239,0.1780555,4.08852,-10.3249,-35.7754,0.1389999,
2,12.624,2,0.7940251,293.2725,-0.1411721,0.177793,4.08852,-10.3249,-35.7754,0.1389999,
2,12.634,2,0.7953025,293.2479,-0.1399158,0.1759277,4.08143,-10.3249,-35.779,0.142601,
2,12.644,2,0.7933933,293.2278,-0.1414824,0.1783257,4.08143,-10.3249,-35.779,0.142601,
2,12.654,2,0.7946214,293.2336,-0.1399403,0.1761094,4.08143,-10.3249,-35.779,0.142601,
2,12.664,2,0.7930787,293.2151,-0.1395055,0.1759037,4.08143,-10.3249,-35.779,0.142601,
2,12.674,2,0.7932144,293.2328,-0.1399799,0.1764717,4.08143,-10.3249,-35.779,0.142601,
2,12.684,2,0.7927982,293.1897,-0.1395229,0.1759879,4.08143,-10.3249,-35.779,0.142601,
2,12.694,2,0.794202,293.1975,-0.1393349,0.1754401,4.08143,-10.3249,-35.779,0.142601,
2,12.704,2,0.7983522,293.1597,-0.140369,0.1758233,4.08143,-10.3249,-35.779,0.142601,
2,12.714,2,0.7970775,292.9513,-0.1407738,0.1766124,4.08143,-10.3249,-35.779,0.142601,
2,12.724,2,0.8001359,292.6295,-0.1389049,0.1736016,4.08143,-10.3249,-35.779,0.142601,
2,12.734,2,0.8049514,292.0953,-0.1405002,0.1745449,4.08143,-10.3249,-35.779,0.142601,
2,12.744,2,0.8021648,291.5179,-0.1397894,0.1742652,4.08143,-10.3249,-35.779,0.142601,
2,12.754,2,0.807117,291.0684,-0.1426345,0.176721,4.08143,-10.3249,-35.779,0.142601,
2,12.764,2,0.809377,290.7614,-0.143866,0.177749,4.08143,-10.3249,-35.779,0.142601,
2,12.774,2,0.8097109,290.606,-0.1439751,0.1778105,4.08143,-10.3249,-35.779,0.142601,
2,12.784,2,0.8117195,290.5593,-0.1439603,0.1773522,4.08143,-10.3249,-35.779,0.142601,
2,12.794,2,0.8133037,290.5345,-0.1442068,0.1773099,4.08143,-10.3249,-35.779,0.142601,
2,12.804,2,0.8106126,290.5224,-0.1428805,0.1762623,4.08143,-10.3249,-35.779,0.142601,
2,12.814,2,0.8109041,290.5057,-0.1435423,0.1770152,4.08143,-10.3249,-35.779,0.142601,
2,12.824,2,0.8106332,290.4973,-0.1441663,0.177844,4.08143,-10.3249,-35.779,0.142601,
2,12.834,2,0.8086662,290.484,-0.1432057,0.1770888,4.08143,-10.3249,-35.779,0.142601,
2,12.844,2,0.808347,290.4914,-0.1450332,0.1794194,4.07328,-10.3249,-35.7826,0.1462021,
2,12.854,2,0.8091226,290.483,-0.1435996,0.1774757,4.07328,-10.3249,-35.7826,0.1462021,
2,12.864,2,0.810222,290.4658,-0.1449433,0.1788933,4.07328,-10.3249,-35.7826,0.1462021,
2,12.874,2,0.8096694,290.4426,-0.1453543,0.179523,4.07328,-10.3249,-35.7826,0.1462021,
2,12.884,2,0.8092633,290.4325,-0.1454907,0.1797816,4.07328,-10.3249,-35.7826,0.1462021,
2,12.894,2,0.8095495,290.4268,-0.1437936,0.1776217,4.07328,-10.3249,-35.7826,0.1462021,
2,12.904,2,0.8104854,290.4195,-0.1447169,0.1785558,4.07328,-10.3249,-35.7826,0.1462021,
2,12.914,2,0.8128484,290.3838,-0.1435327,0.1765799,4.07328,-10.3249,-35.7826,0.1462021,
2,12.924,2,0.8132097,290.0867,-0.1440276,0.1771101,4.07328,-10.3249,-35.7826,0.1462021,
2,12.934,2,0.817353,289.7513,-0.1464203,0.1791396,4.07328,-10.3249,-35.7826,0.1462021,
2,12.944,2,0.8208588,289.16,-0.1455226,0.1772809,4.07328,-10.3249,-35.7826,0.1462021,
2,12.954,2,0.8192693,288.5915,-0.1459951,0.1782016,4.07328,-10.3249,-35.7826,0.1462021,
2,12.964,2,0.8238519,288.202,-0.1455324,0.1766487,4.07328,-10.3249,-35.7826,0.1462021,
2,12.974,2,0.8249676,287.8966,-0.1448307,0.1755592,4.07328,-10.3249,-35.7826,0.1462021,
2,12.984,2,0.8246924,287.7749,-0.1441473,0.1747892,4.07328,-10.3249,-35.7826,0.1462021,
2,12.994,2,0.828054,287.7398,-0.1451609,0.1753036,4.07328,-10.3249,-35.7826,0.1462021,
2,13.004,2,0.8281381,287.7248,-0.1459124,0.1761933,4.07328,-10.3249,-35.7826,0.1462021,
2,13.014,2,0.8285878,287.7058,-0.1458578,0.1760318,4.07328,-10.3249,-35.7826,0.1462021,
2,13.024,2,0.8289924,287.7127,-0.1450907,0.1750206,4.07328,-10.3249,-35.7826,0.1462021,
2,13.034,2,0.8259603,287.685,-0.1448521,0.1753742,4.07328,-10.3249,-35.7826,0.1462021,
2,13.044,2,0.8268802,287.6584,-0.1450798,0.1754545,4.07328,-10.3249,-35.7826,0.1462021,
2,13.054,2,0.8269601,287.6555,-0.147032,0.1777982,4.07328,-10.3249,-35.7826,0.1462021,
2,13.064,2,0.8268011,287.6348,-0.1465423,0.1772401,4.07328,-10.3249,-35.7826,0.1462021,
2,13.074,2,0.8282773,287.6413,-0.1453412,0.1754741,4.0662,-10.3249,-35.7862,0.1498032,
2,13.084,2,0.8229521,287.612,-0.1463362,0.1778186,4.0662,-10.3249,-35.7862,0.1498032,
2,13.094,2,0.8269858,287.6102,-0.1471101,0.1778871,4.0662,-10.3249,-35.7862,0.1498032,
2,13.104,2,0.8253425,287.6015,-0.1464431,0.1774331,4.0662,-10.3249,-35.7862,0.1498032,
2,13.114,2,0.822632,287.594,-0.1459323,0.1773968,4.0662,-10.3249,-35.7862,0.1498032,
2,13.124,2,0.8249301,287.606,-0.1451903,0.1760031,4.0662,-10.3249,-35.7862,0.1498032,
2,13.134,2,0.8246632,287.5645,-0.1448397,0.1756349,4.0662,-10.3249,-35.7862,0.1498032,
2,13.144,2,0.822313,287.5667,-0.1468634,0.178598,4.0662,-10.3249,-35.7862,0.1498032,
2,13.154,2,0.8273516,287.5174,-0.1453352,0.1756632,4.0662,-10.3249,-35.7862,0.1498032,
2,13.164,2,0.826625,287.232,-0.1465108,0.1772397,4.0662,-10.3249,-35.7862,0.1498032,
2,13.174,2,0.8306826,286.8917,-0.1465922,0.1764719,4.0662,-10.3249,-35.7862,0.1498032,
2,13.184,2,0.8331152,286.3013,-0.1468433,0.1762582,4.0662,-10.3249,-35.7862,0.1498032,
2,13.194,2,0.8344129,285.7278,-0.1461786,0.1751873,4.0662,-10.3249,-35.7862,0.1498032,
2,13.204,2,0.8370408,285.2888,-0.149384,0.1784668,4.0662,-10.3249,-35.7862,0.1498032,
2,13.214,2,0.8416322,285.0211,-0.1482763,0.1761771,4.0662,-10.3249,-35.7862,0.1498032,
2,13.224,2,0.8425867,284.8481,-0.1484867,0.1762272,4.0662,-10.3249,-35.7862,0.1498032,
2,13.234,2,0.8429784,284.8345,-0.1492716,0.1770764,4.0662,-10.3249,-35.7862,0.1498032,
2,13.244,2,0.8433458,284.8116,-0.1488307,0.1764765,4.0662,-10.3249,-35.7862,0.1498032,
2,13.254,2,0.8441297,284.7894,-0.1489654,0.1764722,4.0662,-10.3249,-35.7862,0.1498032,
2,13.264,2,0.844215,284.7734,-0.1487641,0.1762159,4.0662,-10.3249,-35.7862,0.1498032,
2,13.274,2,0.8416764,284.7598,-0.147266,0.1749674,4.0662,-10.3249,-35.7862,0.1498032,
2,13.284,2,0.8410033,284.7513,-0.1473264,0.1751794,4.0591,-10.3249,-35.7898,0.1534004,
2,13.294,2,0.8416877,284.7615,-0.147132,0.1748059,4.0591,-10.3249,-35.7898,0.1534004,
2,13.304,2,0.8437495,284.7304,-0.1466898,0.1738547,4.0591,-10.3249,-35.7898,0.1534004,
2,13.314,2,0.8434094,284.7127,-0.1490128,0.176679,4.0591,-10.3249,-35.7898,0.1534004,
2,13.324,2,0.8406082,284.6955,-0.1481761,0.1762725,4.0591,-10.3249,-35.7898,0.1534004,
2,13.334,2,0.8411516,284.7017,-0.1494425,0.1776642,4.0591,-10.3249,-35.7898,0.1534004,
2,13.344,2,0.839065,284.6825,-0.1497068,0.178421,4.0591,-10.3249,-35.7898,0.1534004,
2,13.354,2,0.8390161,284.68,-0.1504713,0.1793425,4.0591,-10.3249,-35.7898,0.1534004,
2,13.364,2,0.8450944,284.6058,-0.1488632,0.1761498,4.0591,-10.3249,-35.7898,0.1534004,
2,13.374,2,0.846172,284.2799,-0.1500021,0.1772715,4.0591,-10.3249,-35.7898,0.1534004,
2,13.384,2,0.847568,283.8699,-0.150649,0.1777426,4.0591,-10.3249,-35.7898,0.1534004,
2,13.394,2,0.8510088,283.3022,-0.1488717,0.1749356,4.0591,-10.3249,-35.7898,0.1534004,
2,13.404,2,0.8507156,282.7165,-0.1511699,0.1776973,4.0591,-10.3249,-35.7898,0.1534004,
2,13.414,2,0.855962,282.375,-0.1503713,0.1756752,4.0591,-10.3249,-35.7898,0.1534004,
2,13.424,2,0.8565294,282.0815,-0.1491965,0.1741873,4.0591,-10.3249,-35.7898,0.1534004,
2,13.434,2,0.8580661,281.9911,-0.149946,0.1747487,4.0591,-10.3249,-35.7898,0.1534004,
2,13.444,2,0.8603613,281.9603,-0.1511261,0.1756543,4.0591,-10.3249,-35.7898,0.1534004,
2,13.454,2,0.8618098,281.9354,-0.1514927,0.1757844,4.0591,-10.3249,-35.7898,0.1534004,
2,13.464,2,0.8601103,281.9451,-0.1518248,0.1765179,4.0591,-10.3249,-35.7898,0.1534004,
2,13.474,2,0.8593497,281.8961,-0.1526552,0.1776403,4.0591,-10.3249,-35.7898,0.1534004,
2,13.484,2,0.8588959,281.9135,-0.1521788,0.1771795,4.0591,-10.3249,-35.7898,0.1534004,
2,13.494,2,0.8582578,281.8658,-0.1534145,0.178751,4.0591,-10.3249,-35.7898,0.1534004,
2,13.504,2,0.8588881,281.8984,-0.1521832,0.1771863,4.0591,-10.3249,-35.7898,0.1534004,
2,13.514,2,0.8570098,281.8583,-0.1530843,0.1786261,4.05095,-10.3249,-35.7934,0.1570015,
2,13.524,2,0.8586623,281.836,-0.1533696,0.1786145,4.05095,-10.3249,-35.7934,0.1570015,
2,13.534,2,0.8581104,281.8502,-0.1522803,0.17746,4.05095,-10.3249,-35.7934,0.1570015,
2,13.544,2,0.8584442,281.8126,-0.1518788,0.1769234,4.05095,-10.3249,-35.7934,0.1570015,
2,13.554,2,0.8579605,281.8286,-0.1544135,0.1799774,4.05095,-10.3249,-35.7934,0.1570015,
2,13.564,2,0.8562996,281.8016,-0.1523365,0.177901,4.05095,-10.3249,-35.7934,0.1570015,
2,13.574,2,0.8563967,281.805,-0.1517399,0.1771841,4.05095,-10.3249,-35.7934,0.1570015,
2,13.584,2,0.8588223,281.7548,-0.1523091,0.1773465,4.05095,-10.3249,-35.7934,0.1570015,
2,13.594,2,0.8623002,281.5733,-0.1537958,0.1783553,4.05095,-10.3249,-35.7934,0.1570015,
2,13.604,2,0.8626164,281.2015,-0.1540519,0.1785869,4.05095,-10.3249,-35.7934,0.1570015,
2,13.614,2,0.8680928,280.6504,-0.1540415,0.1774482,4.05095,-10.3249,-35.7934,0.1570015,
2,13.624,2,0.8677613,280.0843,-0.1528718,0.1761681,4.05095,-10.3249,-35.7934,0.1570015,
2,13.634,2,0.8678706,279.5883,-0.154068,0.1775241,4.05095,-10.3249,-35.7934,0.1570015,
2,13.644,2,0.8736048,279.2808,-0.1553749,0.1778549,4.05095,-10.3249,-35.7934,0.1570015,
2,13.654,2,0.8755478,279.0874,-0.1555533,0.177664,4.05095,-10.3249,-35.7934,0.1570015,
2,13.664,2,0.8766761,279.0307,-0.1571882,0.1793002,4.05095,-10.3249,-35.7934,0.1570015,
2,13.674,2,0.8761868,279.0094,-0.1572396,0.179459,4.05095,-10.3249,-35.7934,0.1570015,
2,13.684,2,0.874467,278.9825,-0.1563477,0.178792,4.05095,-10.3249,-35.7934,0.1570015,
2,13.694,2,0.8757774,279.0002,-0.1564658,0.1786593,4.05095,-10.3249,-35.7934,0.1570015,
2,13.704,2,0.8752437,278.937,-0.1555923,0.1777703,4.05095,-10.3249,-35.7934,0.1570015,
2,13.714,2,0.8751797,278.9623,-0.1547883,0.1768645,4.05095,-10.3249,-35.7934,0.1570015,
2,13.724,2,0.8761827,278.9554,-0.1558343,0.1778559,4.05095,-10.3249,-35.7934,0.1570015,
2,13.734,2,0.8760506,278.9083,-0.1552981,0.1772707,4.05095,-10.3249,-35.7934,0.1570015,
2,13.744,2,0.8777325,278.9338,-0.1573348,0.1792514,4.05095,-10.3249,-35.7934,0.1570015,
2,13.754,2,0.8757783,278.8968,-0.1577451,0.1801199,4.04332,-10.3249,-35.7971,0.1607018,
2,13.764,2,0.8736744,278.8826,-0.1582177,0.1810946,4.04332,-10.3249,-35.7971,0.1607018,
2,13.774,2,0.8744763,278.8774,-0.157974,0.1806499,4.04332,-10.3249,-35.7971,0.1607018,
2,13.784,2,0.8747208,278.8791,-0.158105,0.1807491,4.04332,-10.3249,-35.7971,0.1607018,
2,13.794,2,0.8723904,278.8616,-0.1588471,0.1820825,4.04332,-10.3249,-35.7971,0.1607018,
2,13.804,2,0.8735305,278.8526,-0.1573338,0.1801126,4.04332,-10.3249,-35.7971,0.1607018,
2,13.814,2,0.8794785,278.7466,-0.1590125,0.1808032,4.04332,-10.3249,-35.7971,0.1607018,
2,13.824,2,0.878754,278.4068,-0.1590635,0.1810102,4.04332,-10.3249,-35.7971,0.1607018,
2,13.834,2,0.8829675,277.9847,-0.1589458,0.1800131,4.04332,-10.3249,-35.7971,0.1607018,
2,13.844,2,0.8843038,277.394,-0.157665,0.1782928,4.04332,-10.3249,-35.7971,0.1607018,
2,13.854,2,0.8833846,276.8241,-0.1588614,0.1798326,4.04332,-10.3249,-35.7971,0.1607018,
2,13.864,2,0.8898478,276.4616,-0.1580907,0.1776604,4.04332,-10.3249,-35.7971,0.1607018,
2,13.874,2,0.8896632,276.1859,-0.1594933,0.1792738,4.04332,-10.3249,-35.7971,0.1607018,
2,13.884,2,0.8920159,276.0836,-0.1629952,0.1827268,4.04332,-10.3249,-35.7971,0.1607018,
2,13.894,2,0.8917188,276.0573,-0.1620134,0.1816866,4.04332,-10.3249,-35.7971,0.1607018,
2,13.904,2,0.8931869,276.0665,-0.1637506,0.1833329,4.04332,-10.3249,-35.7971,0.1607018,
2,13.914,2,0.8904189,276.0443,-0.1630474,0.1831131,4.04332,-10.3249,-35.7971,0.1607018,
2,13.924,2,0.8909813,275.9968,-0.1649648,0.1851495,4.04332,-10.3249,-35.7971,0.1607018,
2,13.934,2,0.8907524,275.9947,-0.1642807,0.1844291,4.04332,-10.3249,-35.7971,0.1607018,
2,13.944,2,0.8898105,275.96,-0.1642241,0.1845607,4.03573,-10.3249,-35.8008,0.164402,
2,13.954,2,0.8944696,275.9725,-0.1642432,0.1836208,4.03573,-10.3249,-35.8008,0.164402,
2,13.964,2,0.8905019,275.9579,-0.1643547,0.1845641,4.03573,-10.3249,-35.8008,0.164402,
2,13.974,2,0.8907368,275.9386,-0.1641765,0.1843154,4.03573,-10.3249,-35.8008,0.164402,
2,13.984,2,0.8882729,275.9413,-0.1652624,0.1860491,4.03573,-10.3249,-35.8008,0.164402,
2,13.994,2,0.8891455,275.899,-0.1659853,0.1866796,4.03573,-10.3249,-35.8008,0.164402,
2,14.004,2,0.890804,275.9087,-0.1646145,0.1847932,4.03573,-10.3249,-35.8008,0.164402,
2,14.014,2,0.8920031,275.8859,-0.1635377,0.1833375,4.03573,-10.3249,-35.8008,0.164402,
2,14.024,2,0.8926302,275.7222,-0.1648739,0.1847058,4.03573,-10.3249,-35.8008,0.164402,
2,14.034,2,0.8953866,275.3772,-0.1636613,0.1827829,4.03573,-10.3249,-35.8008,0.164402,
2,14.044,2,0.8985623,274.8869,-0.1657709,0.1844846,4.03573,-10.3249,-35.8008,0.164402,
2,14.054,2,0.900225,274.3184,-0.166552,0.1850115,4.03573,-10.3249,-35.8008,0.164402,
2,14.064,2,0.8996619,273.7511,-0.1659292,0.1844351,4.03573,-10.3249,-35.8008,0.164402,
2,14.074,2,0.9065143,273.4424,-0.1661348,0.1832677,4.03573,-10.3249,-35.8008,0.164402,
2,14.084,2,0.9072905,273.1949,-0.1676956,0.1848312,4.03573,-10.3249,-35.8008,0.164402,
2,14.094,2,0.9081377,273.1116,-0.1670613,0.1839603,4.03573,-10.3249,-35.8008,0.164402,
2,14.104,2,0.9086586,273.1085,-0.1667587,0.1835218,4.03573,-10.3249,-35.8008,0.164402,
2,14.114,2,0.9085817,273.0865,-0.1682303,0.185157,4.03573,-10.3249,-35.8008,0.164402,
2,14.124,2,0.9076465,273.0634,-0.1677291,0.1847957,4.03573,-10.3249,-35.8008,0.164402,
2,14.134,2,0.9074388,273.0286,-0.1672192,0.184276,4.03573,-10.3249,-35.8008,0.164402,
2,14.144,2,0.9084195,273.0444,-0.1680603,0.185003,4.03573,-10.3249,-35.8008,0.164402,
2,14.154,2,0.9052599,272.9969,-0.1671551,0.1846487,4.02863,-10.3249,-35.8046,0.1682014,
2,14.164,2,0.9066557,273.0022,-0.1656243,0.182676,4.02863,-10.3249,-35.8046,0.1682014,
2,14.174,2,0.9062834,273.0243,-0.1654996,0.1826135,4.02863,-10.3249,-35.8046,0.1682014,
2,14.184,2,0.9059221,272.9578,-0.1662609,0.1835268,4.02863,-10.3249,-35.8046,0.1682014,
2,14.194,2,0.9053614,272.9519,-0.1668599,0.1843019,4.02863,-10.3249,-35.8046,0.1682014,
2,14.204,2,0.9073576,272.9426,-0.1686989,0.1859233,4.02863,-10.3249,-35.8046,0.1682014,
2,14.214,2,0.9053293,272.9515,-0.1693068,0.1870113,4.02863,-10.3249,-35.8046,0.1682014,
2,14.224,2,0.9055697,272.8884,-0.1692334,0.1868806,4.02863,-10.3249,-35.8046,0.1682014,
2,14.234,2,0.9079764,272.6761,-0.1699909,0.1872195,4.02863,-10.3249,-35.8046,0.1682014,
2,14.244,2,0.9111614,272.3426,-0.1687469,0.1851998,4.02863,-10.3249,-35.8046,0.1682014,
2,14.254,2,0.9122194,271.7774,-0.1687021,0.1849359,4.02863,-10.3249,-35.8046,0.1682014,
2,14.264,2,0.9151316,271.2145,-0.1686915,0.1843358,4.02863,-10.3249,-35.8046,0.1682014,
2,14.274,2,0.9170198,270.6843,-0.1700753,0.1854652,4.02863,-10.3249,-35.8046,0.1682014,
2,14.284,2,0.9212928,270.3446,-0.1689036,0.1833332,4.02863,-10.3249,-35.8046,0.1682014,
2,14.294,2,0.921998,270.16,-0.1708377,0.1852907,4.02863,-10.3249,-35.8046,0.1682014,
2,14.304,2,0.925766,270.0766,-0.1693159,0.1828928,4.02863,-10.3249,-35.8046,0.1682014,
2,14.314,2,0.9261312,270.1033,-0.1685472,0.1819907,4.02863,-10.3249,-35.8046,0.1682014,
2,14.324,2,0.9211974,270.0219,-0.167286,0.1815963,4.02863,-10.3249,-35.8046,0.1682014,
2,14.334,2,0.9263822,270.0745,-0.1666279,0.1798695,4.02863,-10.3249,-35.8046,0.1682014,
2,14.344,2,0.9230486,270.0184,-0.1672352,0.181177,4.02863,-10.3249,-35.8046,0.1682014,
2,14.354,2,0.9254232,270.0116,-0.1668039,0.1802461,4.02863,-10.3249,-35.8046,0.1682014,
2,14.364,2,0.9241601,270.0087,-0.1675354,0.1812839,4.02863,-10.3249,-35.8046,0.1682014,
2,14.374,2,0.9197279,269.9508,-0.1681237,0.1827972,4.02863,-10.3249,-35.8046,0.1682014,
2,14.384,2,0.9202811,269.9858,-0.1705659,0.1853411,4.02863,-10.3249,-35.8046,0.1682014,
2,14.394,2,0.9236116,269.9375,-0.167061,0.1808779,4.02155,-10.3249,-35.8083,0.1719017,
2,14.404,2,0.9205054,269.9461,-0.1693518,0.183977,4.02155,-10.3249,-35.8083,0.1719017,
2,14.414,2,0.921311,269.9247,-0.1686525,0.183057,4.02155,-10.3249,-35.8083,0.1719017,
2,14.424,2,0.9229185,269.9211,-0.1687393,0.1828323,4.02155,-10.3249,-35.8083,0.1719017,
2,14.434,2,0.9173065,269.8871,-0.168356,0.183533,4.02155,-10.3249,-35.8083,0.1719017,
2,14.444,2,0.9220409,269.8924,-0.1665638,0.1806469,4.02155,-10.3249,-35.8083,0.1719017,
2,14.454,2,0.9207287,269.8932,-0.1676261,0.1820581,4.02155,-10.3249,-35.8083,0.1719017,
2,14.464,2,0.921094,269.838,-0.1674881,0.1818361,4.02155,-10.3249,-35.8083,0.1719017,
2,14.474,2,0.9246936,269.6465,-0.1681036,0.1817939,4.02155,-10.3249,-35.8083,0.1719017,
2,14.484,2,0.9243689,269.2574,-0.169229,0.1830752,4.02155,-10.3249,-35.8083,0.1719017,
2,14.494,2,0.9297544,268.6932,-0.1698169,0.182647,4.02155,-10.3249,-35.8083,0.1719017,
2,14.504,2,0.930548,268.0911,-0.1692335,0.1818643,4.02155,-10.3249,-35.8083,0.1719017,
2,14.514,2,0.931658,267.5997,-0.1686406,0.1810113,4.02155,-10.3249,-35.8083,0.1719017,
2,14.524,2,0.9363593,267.2968,-0.1703657,0.1819448,4.02155,-10.3249,-35.8083,0.1719017,
2,14.534,2,0.9367122,267.0449,-0.1709417,0.1824912,4.02155,-10.3249,-35.8083,0.1719017,
2,14.544,2,0.936386,266.9948,-0.172015,0.1837009,4.02155,-10.3249,-35.8083,0.1719017,
2,14.554,2,0.9389929,266.9302,-0.1736068,0.1848862,4.02155,-10.3249,-35.8083,0.1719017,
2,14.564,2,0.9368427,266.9463,-0.171607,0.1831759,4.02155,-10.3249,-35.8083,0.1719017,
2,14.574,2,0.9374082,266.9369,-0.1710598,0.1824817,4.02155,-10.3249,-35.8083,0.1719017,
2,14.584,2,0.9386991,266.8907,-0.1735533,0.184887,4.02155,-10.3249,-35.8083,0.1719017,
2,14.594,2,0.938477,266.9019,-0.1699629,0.181105,4.01335,-10.3249,-35.812,0.175602,
2,14.604,2,0.9381663,266.8774,-0.1716621,0.1829762,4.01335,-10.3249,-35.812,0.175602,
2,14.614,2,0.9376916,266.8523,-0.172527,0.1839912,4.01335,-10.3249,-35.812,0.175602,
2,14.624,2,0.9362652,266.8456,-0.1720807,0.1837949,4.01335,-10.3249,-35.812,0.175602,
2,14.634,2,0.9356994,266.8446,-0.1722886,0.1841282,4.01335,-10.3249,-35.812,0.175602,
2,14.644,2,0.9373078,266.8206,-0.1718205,0.1833128,4.01335,-10.3249,-35.812,0.175602,
2,14.654,2,0.9355106,266.8041,-0.17201,0.1838675,4.01335,-10.3249,-35.812,0.175602,
2,14.664,2,0.937306,266.7922,-0.1719977,0.1835022,4.01335,-10.3249,-35.812,0.175602,
2,14.674,2,0.9391447,266.7397,-0.1726412,0.1838281,4.01335,-10.3249,-35.812,0.175602,
2,14.684,2,0.9390932,266.4942,-0.1729798,0.1841988,4.01335,-10.3249,-35.812,0.175602,
2,14.694,2,0.9450633,266.1326,-0.1751545,0.1853363,4.01335,-10.3249,-35.812,0.175602,
2,14.704,2,0.9457791,265.5318,-0.1746549,0.1846677,4.01335,-10.3249,-35.812,0.175602,
2,14.714,2,0.9464892,264.9456,-0.173809,0.1836355,4.01335,-10.3249,-35.812,0.175602,
2,14.724,2,0.9498723,264.4816,-0.1735466,0.1827052,4.01335,-10.3249,-35.812,0.175602,
2,14.734,2,0.9533507,264.1157,-0.1742382,0.182764,4.01335,-10.3249,-35.812,0.175602,
2,14.744,2,0.9542007,263.9681,-0.1730485,0.1813544,4.01335,-10.3249,-35.812,0.175602,
2,14.754,2,0.9550295,263.8842,-0.1731706,0.1813248,4.01335,-10.3249,-35.812,0.175602,
2,14.764,2,0.9586542,263.8679,-0.174657,0.1821898,4.01335,-10.3249,-35.812,0.175602,
2,14.774,2,0.9566265,263.8334,-0.1742604,0.1821614,4.01335,-10.3249,-35.812,0.175602,
2,14.784,2,0.9560369,263.8362,-0.1754267,0.1834936,4.01335,-10.3249,-35.812,0.175602,
2,14.794,2,0.9592171,263.821,-0.1753929,0.1828501,4.01335,-10.3249,-35.812,0.175602,
2,14.804,2,0.9565153,263.7798,-0.1744708,0.1824025,4.01335,-10.3249,-35.812,0.175602,
2,14.814,2,0.954909,263.7928,-0.1755809,0.1838719,4.01335,-10.3249,-35.812,0.175602,
2,14.824,2,0.9569069,263.7393,-0.1759088,0.1838306,4.01335,-10.3249,-35.812,0.175602,
2,14.834,2,0.9556102,263.752,-0.1759445,0.1841174,4.0063,-10.3249,-35.8158,0.1794014,
2,14.844,2,0.9537586,263.7193,-0.1767682,0.1853385,4.0063,-10.3249,-35.8158,0.1794014,
2,14.854,2,0.9541893,263.7185,-0.1761964,0.1846555,4.0063,-10.3249,-35.8158,0.1794014,
2,14.864,2,0.9521787,263.6977,-0.1754659,0.1842783,4.0063,-10.3249,-35.8158,0.1794014,
2,14.874,2,0.9524248,263.6956,-0.175686,0.1844618,4.0063,-10.3249,-35.8158,0.1794014,
2,14.884,2,0.9518296,263.6802,-0.1751263,0.1839891,4.0063,-10.3249,-35.8158,0.1794014,
2,14.894,2,0.9507639,263.6469,-0.1741572,0.1831761,4.0063,-10.3249,-35.8158,0.1794014,
2,14.904,2,0.9523696,263.6692,-0.1744946,0.1832215,4.0063,-10.3249,-35.8158,0.1794014,
2,14.914,2,0.956251,263.6114,-0.1738979,0.1818538,4.0063,-10.3249,-35.8158,0.1794014,
2,14.924,2,0.9554335,263.343,-0.1754231,0.1836058,4.0063,-10.3249,-35.8158,0.1794014,
2,14.934,2,0.9606636,262.9764,-0.1781181,0.1854115,4.0063,-10.3249,-35.8158,0.1794014,
2,14.944,2,0.9610245,262.4033,-0.1768214,0.1839926,4.0063,-10.3249,-35.8158,0.1794014,
2,14.954,2,0.963272,261.7943,-0.1774479,0.1842137,4.0063,-10.3249,-35.8158,0.1794014,
2,14.964,2,0.9642439,261.3012,-0.1790037,0.1856416,4.0063,-10.3249,-35.8158,0.1794014,
2,14.974,2,0.9671237,260.9663,-0.1784457,0.1845118,4.0063,-10.3249,-35.8158,0.1794014,
2,14.984,2,0.9708182,260.7766,-0.1781044,0.1834581,4.0063,-10.3249,-35.8158,0.1794014,
2,14.994,2,0.9703714,260.7135,-0.1794871,0.1849674,4.0063,-10.3249,-35.8158,0.1794014,
2,15.004,2,0.9714382,260.7024,-0.1780585,0.1832937,4.0063,-10.3249,-35.8158,0.1794014,
2,15.014,2,0.970799,260.6489,-0.1798848,0.1852956,4.0063,-10.3249,-35.8158,0.1794014,
2,15.024,2,0.9697475,260.6717,-0.1796561,0.1852607,4.0063,-10.3249,-35.8158,0.1794014,
2,15.034,2,0.9719959,260.6262,-0.178929,0.1840841,3.99922,-10.3249,-35.8196,0.1832008,
2,15.044,2,0.9719999,260.6051,-0.1784148,0.1835543,3.99922,-10.3249,-35.8196,0.1832008,
2,15.054,2,0.9695247,260.613,-0.1794723,0.1851137,3.99922,-10.3249,-35.8196,0.1832008,
2,15.064,2,0.9712682,260.5659,-0.1785378,0.1838192,3.99922,-10.3249,-35.8196,0.1832008,
2,15.074,2,0.9703419,260.5547,-0.1783334,0.1837841,3.99922,-10.3249,-35.8196,0.1832008,
2,15.084,2,0.968793,260.5605,-0.1801744,0.1859782,3.99922,-10.3249,-35.8196,0.1832008,
2,15.094,2,0.9693072,260.5336,-0.1793671,0.1850467,3.99922,-10.3249,-35.8196,0.1832008,
2,15.104,2,0.9704143,260.4839,-0.1807321,0.1862422,3.99922,-10.3249,-35.8196,0.1832008,
2,15.114,2,0.9739482,260.2547,-0.1805775,0.1854078,3.99922,-10.3249,-35.8196,0.1832008,
2,15.124,2,0.973826,259.9169,-0.1785878,0.1833878,3.99922,-10.3249,-35.8196,0.1832008,
2,15.134,2,0.976068,259.3644,-0.1808298,0.1852635,3.99922,-10.3249,-35.8196,0.1832008,
2,15.144,2,0.9782706,258.8074,-0.1815263,0.1855584,3.99922,-10.3249,-35.8196,0.1832008,
2,15.154,2,0.9804627,258.2343,-0.1802256,0.1838169,3.99922,-10.3249,-35.8196,0.1832008,
2,15.164,2,0.9853687,257.8961,-0.1804606,0.1831402,3.99922,-10.3249,-35.8196,0.1832008,
2,15.174,2,0.9862995,257.6917,-0.1804807,0.1829877,3.99922,-10.3249,-35.8196,0.1832008,
2,15.184,2,0.9827601,257.548,-0.1808204,0.1839924,3.99922,-10.3249,-35.8196,0.1832008,
2,15.194,2,0.9888437,257.5764,-0.1804302,0.1824658,3.99922,-10.3249,-35.8196,0.1832008,
2,15.204,2,0.9874122,257.5265,-0.1804904,0.1827914,3.99922,-10.3249,-35.8196,0.1832008,
2,15.214,2,0.9865379,257.5185,-0.1815385,0.1840157,3.99922,-10.3249,-35.8196,0.1832008,
2,15.224,2,0.9855247,257.4834,-0.1808051,0.1834607,3.9927,-10.3249,-35.8235,0.1871033,
2,15.234,2,0.9857751,257.4674,-0.182618,0.1852532,3.9927,-10.3249,-35.8235,0.1871033,
2,15.244,2,0.9832252,257.4654,-0.1815677,0.1846655,3.9927,-10.3249,-35.8235,0.1871033,
2,15.254,2,0.9867009,257.4294,-0.183924,0.186403,3.9927,-10.3249,-35.8235,0.1871033,
2,15.264,2,0.9843946,257.4379,-0.1829737,0.1858743,3.9927,-10.3249,-35.8235,0.1871033,
2,15.274,2,0.9837776,257.3976,-0.1828902,0.1859061,3.9927,-10.3249,-35.8235,0.1871033,
2,15.284,2,0.9845206,257.3968,-0.1837842,0.1866738,3.9927,-10.3249,-35.8235,0.1871033,
2,15.294,2,0.9850551,257.3673,-0.1831958,0.1859751,3.9927,-10.3249,-35.8235,0.1871033,
2,15.304,2,0.9850654,257.1771,-0.182217,0.1849796,3.9927,-10.3249,-35.8235,0.1871033,
2,15.314,2,0.9867927,256.8109,-0.1815589,0.1839889,3.9927,-10.3249,-35.8235,0.1871033,
2,15.324,2,0.994028,256.3048,-0.1818693,0.182962,3.9927,-10.3249,-35.8235,0.1871033,
2,15.334,2,0.9960669,255.7207,-0.182667,0.1833883,3.9927,-10.3249,-35.8235,0.1871033,
2,15.344,2,0.9935484,255.1228,-0.1832384,0.1844283,3.9927,-10.3249,-35.8235,0.1871033,
2,15.354,2,0.9990068,254.785,-0.1854067,0.185591,3.9927,-10.3249,-35.8235,0.1871033,
2,15.364,2,0.9987054,254.5182,-0.1844801,0.1847192,3.9927,-10.3249,-35.8235,0.1871033,
2,15.374,2,1.000642,254.3784,-0.1852488,0.18513,3.9927,-10.3249,-35.8235,0.1871033,
2,15.384,2,1.003654,254.393,-0.1863752,0.1856967,3.9927,-10.3249,-35.8235,0.1871033,
2,15.394,2,0.9996496,254.3144,-0.1839174,0.1839819,3.9927,-10.3249,-35.8235,0.1871033,
2,15.404,2,1.001233,254.3586,-0.1855464,0.1853178,3.9927,-10.3249,-35.8235,0.1871033,
2,15.414,2,0.9999834,254.2882,-0.1864803,0.1864834,3.9927,-10.3249,-35.8235,0.1871033,
2,15.424,2,0.9988394,254.2937,-0.1858989,0.1861149,3.9927,-10.3249,-35.8235,0.1871033,
2,15.434,2,0.9980646,254.2324,-0.185896,0.1862565,3.9927,-10.3249,-35.8235,0.1871033,
2,15.444,2,0.9995289,254.2417,-0.1866078,0.1866957,3.9927,-10.3249,-35.8235,0.1871033,
2,15.454,2,0.9984373,254.2388,-0.1851264,0.1854161,3.9927,-10.3249,-35.8235,0.1871033,
2,15.464,2,0.9985881,254.183,-0.1876197,0.187885,3.98507,-10.3249,-35.8273,0.1909027,
2,15.474,2,0.9982521,254.2115,-0.1855381,0.185863,3.98507,-10.3249,-35.8273,0.1909027,
2,15.484,2,0.9952018,254.1623,-0.1861541,0.1870516,3.98507,-10.3249,-35.8273,0.1909027,
2,15.494,2,1.000072,254.1657,-0.1868828,0.1868693,3.98507,-10.3249,-35.8273,0.1909027,
2,15.504,2,0.9960291,254.1357,-0.1854536,0.186193,3.98507,-10.3249,-35.8273,0.1909027,
2,15.514,2,0.9971733,254.13,-0.1871995,0.1877301,3.98507,-10.3249,-35.8273,0.1909027,
2,15.524,2,0.995638,254.1305,-0.1860759,0.1868911,3.98507,-10.3249,-35.8273,0.1909027,
2,15.534,2,0.9982221,254.0837,-0.1861678,0.1864994,3.98507,-10.3249,-35.8273,0.1909027,
2,15.544,2,0.9983072,253.9014,-0.1859418,0.1862571,3.98507,-10.3249,-35.8273,0.1909027,
2,15.554,2,1.002349,253.5145,-0.1869397,0.1865015,3.98507,-10.3249,-35.8273,0.1909027,
2,15.564,2,1.006599,253.0421,-0.1864334,0.1852112,3.98507,-10.3249,-35.8273,0.1909027,
2,15.574,2,1.006163,252.3908,-0.1882067,0.1870538,3.98507,-10.3249,-35.8273,0.1909027,
2,15.584,2,1.007704,251.7994,-0.1892844,0.1878373,3.98507,-10.3249,-35.8273,0.1909027,
2,15.594,2,1.012095,251.4454,-0.1883153,0.1860648,3.98507,-10.3249,-35.8273,0.1909027,
2,15.604,2,1.014111,251.1482,-0.188603,0.1859787,3.98507,-10.3249,-35.8273,0.1909027,
2,15.614,2,1.015519,251.0288,-0.190425,0.187515,3.98507,-10.3249,-35.8273,0.1909027,
2,15.624,2,1.017037,251.0156,-0.1902128,0.1870264,3.98507,-10.3249,-35.8273,0.1909027,
2,15.634,2,1.019187,250.9805,-0.1886294,0.1850783,3.98507,-10.3249,-35.8273,0.1909027,
2,15.644,2,1.014675,250.9678,-0.18966,0.1869169,3.98507,-10.3249,-35.8273,0.1909027,
2,15.654,2,1.015381,250.9336,-0.1888794,0.1860182,3.98507,-10.3249,-35.8273,0.1909027,
2,15.664,2,1.015625,250.929,-0.187866,0.1849757,3.98507,-10.3249,-35.8273,0.1909027,
2,15.674,2,1.013755,250.8728,-0.1907541,0.1881659,3.98507,-10.3249,-35.8273,0.1909027,
2,15.684,2,1.013308,250.8857,-0.1894382,0.1869503,3.98507,-10.3249,-35.8273,0.1909027,
2,15.694,2,1.01028,250.8599,-0.1903804,0.1884433,3.98507,-10.3249,-35.8273,0.1909027,
2,15.704,2,1.013098,250.8467,-0.1894565,0.187007,3.97692,-10.3249,-35.8312,0.1948013,
2,15.714,2,1.012227,250.8353,-0.1892706,0.1869843,3.97692,-10.3249,-35.8312,0.1948013,
2,15.724,2,1.012089,250.791,-0.191507,0.1892195,3.97692,-10.3249,-35.8312,0.1948013,
2,15.734,2,1.011826,250.7804,-0.1909406,0.1887088,3.97692,-10.3249,-35.8312,0.1948013,
2,15.744,2,1.009112,250.7674,-0.1899318,0.1882168,3.97692,-10.3249,-35.8312,0.1948013,
2,15.754,2,1.009837,250.7598,-0.1894414,0.187596,3.97692,-10.3249,-35.8312,0.1948013,
2,15.764,2,1.010124,250.743,-0.1893658,0.1874679,3.97692,-10.3249,-35.8312,0.1948013,
2,15.774,2,1.011295,250.7323,-0.1883609,0.1862571,3.97692,-10.3249,-35.8312,0.1948013,
2,15.784,2,1.01176,250.5385,-0.1897123,0.1875073,3.97692,-10.3249,-35.8312,0.1948013,
2,15.794,2,1.014539,250.1751,-0.1901951,0.1874696,3.97692,-10.3249,-35.8312,0.1948013,
2,15.804,2,1.020541,249.6892,-0.1899721,0.1861484,3.97692,-10.3249,-35.8312,0.1948013,
2,15.814,2,1.021516,249.0605,-0.1914561,0.1874236,3.97692,-10.3249,-35.8312,0.1948013,
2,15.824,2,1.021568,248.473,-0.1918345,0.1877844,3.97692,-10.3249,-35.8312,0.1948013,
2,15.834,2,1.025105,248.0792,-0.1917098,0.1870148,3.97692,-10.3249,-35.8312,0.1948013,
2,15.844,2,1.025602,247.8234,-0.1919013,0.187111,3.97692,-10.3249,-35.8312,0.1948013,
2,15.854,2,1.026,247.6888,-0.1925023,0.187624,3.97692,-10.3249,-35.8312,0.1948013,
2,15.864,2,1.032182,247.6799,-0.1915897,0.1856162,3.97692,-10.3249,-35.8312,0.1948013,
2,15.874,2,1.029656,247.6432,-0.1936836,0.1881052,3.97692,-10.3249,-35.8312,0.1948013,
2,15.884,2,1.029177,247.6264,-0.1921902,0.1867417,3.97692,-10.3249,-35.8312,0.1948013,
2,15.894,2,1.028988,247.5901,-0.1939077,0.1884451,3.97692,-10.3249,-35.8312,0.1948013,
2,15.904,2,1.028208,247.5869,-0.1927688,0.1874803,3.97692,-10.3249,-35.8312,0.1948013,
2,15.914,2,1.025203,247.5484,-0.1920394,0.1873183,3.97692,-10.3249,-35.8312,0.1948013,
2,15.924,2,1.027367,247.5274,-0.1908883,0.1858035,3.96875,-10.3249,-35.8352,0.1988029,
2,15.934,2,1.027696,247.534,-0.1912218,0.1860684,3.96875,-10.3249,-35.8352,0.1988029,
2,15.944,2,1.025308,247.4802,-0.1939158,0.1891294,3.96875,-10.3249,-35.8352,0.1988029,
2,15.954,2,1.027279,247.4856,-0.1930281,0.1879023,3.96875,-10.3249,-35.8352,0.1988029,
2,15.964,2,1.025715,247.4695,-0.1934704,0.18862,3.96875,-10.3249,-35.8352,0.1988029,
2,15.974,2,1.027021,247.4519,-0.1937915,0.1886929,3.96875,-10.3249,-35.8352,0.1988029,
2,15.984,2,1.028675,247.4097,-0.1942951,0.188879,3.96875,-10.3249,-35.8352,0.1988029,
2,15.994,2,1.029689,247.1477,-0.1944715,0.1888643,3.96875,-10.3249,-35.8352,0.1988029,
2,16.004,2,1.032176,246.8041,-0.1928572,0.1868453,3.96875,-10.3249,-35.8352,0.1988029,
2,16.014,2,1.036686,246.2222,-0.1957619,0.1888344,3.96875,-10.3249,-35.8352,0.1988029,
2,16.024,2,1.036407,245.652,-0.1949415,0.1880935,3.96875,-10.3249,-35.8352,0.1988029,
2,16.034,2,1.03585,245.0462,-0.1952389,0.1884819,3.96875,-10.3249,-35.8352,0.1988029,
2,16.044,2,1.040857,244.6621,-0.1963435,0.1886363,3.96875,-10.3249,-35.8352,0.1988029,
2,16.054,2,1.043739,244.4291,-0.1967264,0.1884824,3.96875,-10.3249,-35.8352,0.1988029,
2,16.064,2,1.043193,244.2944,-0.1944631,0.1864115,3.96875,-10.3249,-35.8352,0.1988029,
2,16.074,2,1.04337,244.3039,-0.1942009,0.1861285,3.96875,-10.3249,-35.8352,0.1988029,
2,16.084,2,1.044894,244.2681,-0.1947864,0.1864174,3.96875,-10.3249,-35.8352,0.1988029,
2,16.094,2,1.044164,244.247,-0.1953405,0.1870784,3.96875,-10.3249,-35.8352,0.1988029,
2,16.104,2,1.041152,244.1956,-0.196265,0.1885076,3.96875,-10.3249,-35.8352,0.1988029,
2,16.114,2,1.043357,244.1841,-0.1970343,0.1888465,3.96875,-10.3249,-35.8352,0.1988029,
2,16.124,2,1.039364,244.1685,-0.1964704,0.1890294,3.96875,-10.3249,-35.8352,0.1988029,
2,16.134,2,1.044075,244.1544,-0.1964614,0.1881679,3.96875,-10.3249,-35.8352,0.1988029,
2,16.144,2,1.040648,244.1609,-0.197076,0.1893781,3.96875,-10.3249,-35.8352,0.1988029,
2,16.154,2,1.038354,244.0933,-0.1964433,0.1891873,3.96163,-10.3249,-35.8392,0.2028008,
2,16.164,2,1.039896,244.1038,-0.1974379,0.1898632,3.96163,-10.3249,-35.8392,0.2028008,
2,16.174,2,1.037774,244.0587,-0.1978658,0.1906637,3.96163,-10.3249,-35.8392,0.2028008,
2,16.184,2,1.040949,244.0603,-0.1971004,0.1893469,3.96163,-10.3249,-35.8392,0.2028008,
2,16.194,2,1.037817,244.0332,-0.1960488,0.188905,3.96163,-10.3249,-35.8392,0.2028008,
2,16.204,2,1.036215,244.0096,-0.1953796,0.1885512,3.96163,-10.3249,-35.8392,0.2028008,
2,16.214,2,1.038428,244.0191,-0.1964671,0.1891967,3.96163,-10.3249,-35.8392,0.2028008,
2,16.224,2,1.040747,243.9527,-0.1965624,0.1888666,3.96163,-10.3249,-35.8392,0.2028008,
2,16.234,2,1.040503,243.7429,-0.195589,0.1879754,3.96163,-10.3249,-35.8392,0.2028008,
2,16.244,2,1.042481,243.3539,-0.1969343,0.1889092,3.96163,-10.3249,-35.8392,0.2028008,
2,16.254,2,1.04587,242.8186,-0.1965353,0.1879156,3.96163,-10.3249,-35.8392,0.2028008,
2,16.264,2,1.046522,242.1499,-0.1980329,0.1892296,3.96163,-10.3249,-35.8392,0.2028008,
2,16.274,2,1.050412,241.6111,-0.1990766,0.1895225,3.96163,-10.3249,-35.8392,0.2028008,
2,16.284,2,1.053171,241.2143,-0.1984039,0.1883873,3.96163,-10.3249,-35.8392,0.2028008,
2,16.294,2,1.054167,240.9953,-0.2004521,0.1901522,3.96163,-10.3249,-35.8392,0.2028008,
2,16.304,2,1.056365,240.8573,-0.1994393,0.1887978,3.96163,-10.3249,-35.8392,0.2028008,
2,16.314,2,1.060063,240.8539,-0.1986366,0.1873819,3.96163,-10.3249,-35.8392,0.2028008,
2,16.324,2,1.058136,240.8076,-0.1989391,0.188009,3.96163,-10.3249,-35.8392,0.2028008,
2,16.334,2,1.060776,240.8134,-0.1985655,0.1871888,3.96163,-10.3249,-35.8392,0.2028008,
2,16.344,2,1.057119,240.76,-0.1991618,0.1884006,3.96163,-10.3249,-35.8392,0.2028008,
2,16.354,2,1.057666,240.7587,-0.1984814,0.1876599,3.9535,-10.3249,-35.8432,0.2068024,
2,16.364,2,1.055162,240.7334,-0.1971186,0.1868135,3.9535,-10.3249,-35.8432,0.2068024,
2,16.374,2,1.053759,240.708,-0.2007991,0.1905551,3.9535,-10.3249,-35.8432,0.2068024,
2,16.384,2,1.053747,240.7103,-0.1994727,0.1892985,3.9535,-10.3249,-35.8432,0.2068024,
2,16.394,2,1.052784,240.6674,-0.1990469,0.1890671,3.9535,-10.3249,-35.8432,0.2068024,
2,16.404,2,1.053361,240.6736,-0.200845,0.1906706,3.9535,-10.3249,-35.8432,0.2068024,
2,16.414,2,1.053904,240.6404,-0.1996457,0.1894344,3.9535,-10.3249,-35.8432,0.2068024,
2,16.424,2,1.055804,240.6273,-0.199596,0.1890464,3.9535,-10.3249,-35.8432,0.2068024,
2,16.434,2,1.057533,240.5786,-0.2017691,0.1907922,3.9535,-10.3249,-35.8432,0.2068024,
2,16.444,2,1.058202,240.3011,-0.2017162,0.1906216,3.9535,-10.3249,-35.8432,0.2068024,
2,16.454,2,1.060997,239.9575,-0.201552,0.1899647,3.9535,-10.3249,-35.8432,0.2068024,
2,16.464,2,1.061585,239.3679,-0.2017556,0.1900513,3.9535,-10.3249,-35.8432,0.2068024,
2,16.474,2,1.063675,238.73,-0.2018658,0.1897815,3.9535,-10.3249,-35.8432,0.2068024,
2,16.484,2,1.069015,238.1932,-0.2008142,0.1878498,3.9535,-10.3249,-35.8432,0.2068024,
2,16.494,2,1.06846,237.7767,-0.2019912,0.189049,3.9535,-10.3249,-35.8432,0.2068024,
2,16.504,2,1.071167,237.5878,-0.2017269,0.1883245,3.9535,-10.3249,-35.8432,0.2068024,
2,16.514,2,1.072805,237.4423,-0.202094,0.1883791,3.9535,-10.3249,-35.8432,0.2068024,
2,16.524,2,1.072203,237.487,-0.2018765,0.188282,3.9535,-10.3249,-35.8432,0.2068024,
2,16.534,2,1.070791,237.3835,-0.2032049,0.1897709,3.9535,-10.3249,-35.8432,0.2068024,
2,16.544,2,1.072963,237.4202,-0.2040455,0.1901701,3.9535,-10.3249,-35.8432,0.2068024,
2,16.554,2,1.071402,237.3358,-0.2042754,0.1906618,3.9535,-10.3249,-35.8432,0.2068024,
2,16.564,2,1.071223,237.3408,-0.2032008,0.1896905,3.9535,-10.3249,-35.8432,0.2068024,
2,16.574,2,1.070252,237.3327,-0.2044401,0.1910206,3.9535,-10.3249,-35.8432,0.2068024,
2,16.584,2,1.071162,237.2966,-0.2058564,0.1921805,3.9535,-10.3249,-35.8432,0.2068024,
2,16.594,2,1.06993,237.3127,-0.2045183,0.1911511,3.94642,-10.3249,-35.8473,0.2109032,
2,16.604,2,1.069733,237.2345,-0.2042259,0.1909129,3.94642,-10.3249,-35.8473,0.2109032,
2,16.614,2,1.070537,237.2375,-0.2048008,0.1913065,3.94642,-10.3249,-35.8473,0.2109032,
2,16.624,2,1.068885,237.2086,-0.2056286,0.1923767,3.94642,-10.3249,-35.8473,0.2109032,
2,16.634,2,1.068908,237.215,-0.2032398,0.1901377,3.94642,-10.3249,-35.8473,0.2109032,
2,16.644,2,1.067104,237.2033,-0.2032302,0.1904503,3.94642,-10.3249,-35.8473,0.2109032,
2,16.654,2,1.069281,237.1714,-0.2016374,0.188573,3.94642,-10.3249,-35.8473,0.2109032,
2,16.664,2,1.067638,237.1696,-0.2040067,0.1910823,3.94642,-10.3249,-35.8473,0.2109032,
2,16.674,2,1.073202,237.0891,-0.2030799,0.189228,3.94642,-10.3249,-35.8473,0.2109032,
2,16.684,2,1.071113,236.8398,-0.2034614,0.1899533,3.94642,-10.3249,-35.8473,0.2109032,
2,16.694,2,1.073199,236.4172,-0.2058477,0.1918075,3.94642,-10.3249,-35.8473,0.2109032,
2,16.704,2,1.078084,235.8773,-0.2063135,0.1913706,3.94642,-10.3249,-35.8473,0.2109032,
2,16.714,2,1.080059,235.1812,-0.2057341,0.1904842,3.94642,-10.3249,-35.8473,0.2109032,
2,16.724,2,1.08191,234.6137,-0.2057204,0.1901455,3.94642,-10.3249,-35.8473,0.2109032,
2,16.734,2,1.084024,234.2388,-0.2068905,0.1908542,3.94642,-10.3249,-35.8473,0.2109032,
2,16.744,2,1.084838,233.9744,-0.2072043,0.1910002,3.94642,-10.3249,-35.8473,0.2109032,
2,16.754,2,1.086553,233.8802,-0.2076979,0.191153,3.94642,-10.3249,-35.8473,0.2109032,
2,16.764,2,1.089642,233.8714,-0.2092649,0.1920492,3.94642,-10.3249,-35.8473,0.2109032,
2,16.774,2,1.084881,233.801,-0.2083597,0.1920577,3.94642,-10.3249,-35.8473,0.2109032,
2,16.784,2,1.086087,233.8194,-0.2074825,0.1910367,3.94642,-10.3249,-35.8473,0.2109032,
2,16.794,2,1.084895,233.7614,-0.2066447,0.1904744,3.94642,-10.3249,-35.8473,0.2109032,
2,16.804,2,1.084184,233.7608,-0.2059522,0.1899606,3.93935,-10.3249,-35.8514,0.2150002,
2,16.814,2,1.085821,233.7426,-0.20646,0.1901419,3.93935,-10.3249,-35.8514,0.2150002,
2,16.824,2,1.086105,233.7095,-0.2082838,0.1917713,3.93935,-10.3249,-35.8514,0.2150002,
2,16.834,2,1.083072,233.6959,-0.2060241,0.190222,3.93935,-10.3249,-35.8514,0.2150002,
2,16.844,2,1.083576,233.6524,-0.2091354,0.1930047,3.93935,-10.3249,-35.8514,0.2150002,
2,16.854,2,1.084207,233.6705,-0.2104198,0.1940772,3.93935,-10.3249,-35.8514,0.2150002,
2,16.864,2,1.081577,233.6272,-0.2092103,0.1934308,3.93935,-10.3249,-35.8514,0.2150002,
2,16.874,2,1.083222,233.6174,-0.2104661,0.1942964,3.93935,-10.3249,-35.8514,0.2150002,
2,16.884,2,1.087384,233.5241,-0.2095841,0.1927415,3.93935,-10.3249,-35.8514,0.2150002,
2,16.894,2,1.086093,233.1873,-0.2104465,0.1937647,3.93935,-10.3249,-35.8514,0.2150002,
2,16.904,2,1.088122,232.7846,-0.2118465,0.19469,3.93935,-10.3249,-35.8514,0.2150002,
2,16.914,2,1.094763,232.1706,-0.2092228,0.1911125,3.93935,-10.3249,-35.8514,0.2150002,
2,16.924,2,1.093635,231.4968,-0.2114042,0.1933041,3.93935,-10.3249,-35.8514,0.2150002,
2,16.934,2,1.095956,231.0025,-0.2117923,0.1932489,3.93935,-10.3249,-35.8514,0.2150002,
2,16.944,2,1.10066,230.6208,-0.2115817,0.1922317,3.93935,-10.3249,-35.8514,0.2150002,
2,16.954,2,1.100222,230.4202,-0.2122768,0.19294,3.93935,-10.3249,-35.8514,0.2150002,
2,16.964,2,1.101188,230.3282,-0.211555,0.1921152,3.93935,-10.3249,-35.8514,0.2150002,
2,16.974,2,1.104295,230.3217,-0.2117119,0.1917167,3.93935,-10.3249,-35.8514,0.2150002,
2,16.984,2,1.101835,230.2647,-0.2119722,0.1923811,3.93935,-10.3249,-35.8514,0.2150002,
2,16.994,2,1.103434,230.2503,-0.2138732,0.1938251,3.93935,-10.3249,-35.8514,0.2150002,
2,17.004,2,1.10212,230.2223,-0.2130072,0.1932705,3.93935,-10.3249,-35.8514,0.2150002,
2,17.014,2,1.101955,230.1966,-0.2133631,0.1936222,3.93935,-10.3249,-35.8514,0.2150002,
2,17.024,2,1.102885,230.2094,-0.2123482,0.1925389,3.93935,-10.3249,-35.8514,0.2150002,
2,17.034,2,1.099334,230.1485,-0.2135505,0.1942545,3.93935,-10.3249,-35.8514,0.2150002,
2,17.044,2,1.099238,230.152,-0.2141591,0.194825,3.93117,-10.3249,-35.8556,0.2192001,
2,17.054,2,1.098374,230.0978,-0.2144674,0.195259,3.93117,-10.3249,-35.8556,0.2192001,
2,17.064,2,1.099835,230.098,-0.2128636,0.1935415,3.93117,-10.3249,-35.8556,0.2192001,
2,17.074,2,1.098656,230.0872,-0.21347,0.1943011,3.93117,-10.3249,-35.8556,0.2192001,
2,17.084,2,1.096638,230.0634,-0.2131311,0.1943495,3.93117,-10.3249,-35.8556,0.2192001,
2,17.094,2,1.103867,229.9948,-0.2125829,0.1925802,3.93117,-10.3249,-35.8556,0.2192001,
2,17.104,2,1.099616,229.6427,-0.2144623,0.1950337,3.93117,-10.3249,-35.8556,0.2192001,
2,17.114,2,1.104821,229.2316,-0.2138171,0.193531,3.93117,-10.3249,-35.8556,0.2192001,
2,17.124,2,1.108714,228.6219,-0.2135418,0.1926032,3.93117,-10.3249,-35.8556,0.2192001,
2,17.134,2,1.107849,227.9328,-0.2137217,0.1929159,3.93117,-10.3249,-35.8556,0.2192001,
2,17.144,2,1.110543,227.4234,-0.21447,0.1931217,3.93117,-10.3249,-35.8556,0.2192001,
2,17.154,2,1.11452,227.0109,-0.2154804,0.1933391,3.93117,-10.3249,-35.8556,0.2192001,
2,17.164,2,1.11572,226.8124,-0.2168601,0.1943678,3.93117,-10.3249,-35.8556,0.2192001,
2,17.174,2,1.114894,226.6621,-0.2167783,0.1944384,3.93117,-10.3249,-35.8556,0.2192001,
2,17.184,2,1.118421,226.6995,-0.2155139,0.1926948,3.93117,-10.3249,-35.8556,0.2192001,
2,17.194,2,1.11665,226.6276,-0.2164116,0.1938043,3.93117,-10.3249,-35.8556,0.2192001,
2,17.204,2,1.117042,226.6219,-0.2169763,0.1942418,3.93117,-10.3249,-35.8556,0.2192001,
2,17.214,2,1.117297,226.5884,-0.2176749,0.1948228,3.93117,-10.3249,-35.8556,0.2192001,
2,17.224,2,1.116291,226.5429,-0.2173047,0.1946668,3.93117,-10.3249,-35.8556,0.2192001,
2,17.234,2,1.11627,226.5566,-0.2165029,0.1939521,3.93117,-10.3249,-35.8556,0.2192001,
2,17.244,2,1.115874,226.4915,-0.2157818,0.1933748,3.93117,-10.3249,-35.8556,0.2192001,
2,17.254,2,1.115693,226.515,-0.2148337,0.1925562,3.9241,-10.3249,-35.8598,0.2234001,
2,17.264,2,1.114544,226.479,-0.2162258,0.1940038,3.9241,-10.3249,-35.8598,0.2234001,
2,17.274,2,1.11255,226.4639,-0.2165244,0.19462,3.9241,-10.3249,-35.8598,0.2234001,
2,17.284,2,1.111892,226.4328,-0.2167589,0.1949459,3.9241,-10.3249,-35.8598,0.2234001,
2,17.294,2,1.114402,226.4188,-0.2186816,0.1962322,3.9241,-10.3249,-35.8598,0.2234001,
2,17.304,2,1.111832,226.4008,-0.2184698,0.1964954,3.9241,-10.3249,-35.8598,0.2234001,
2,17.314,2,1.11141,226.3671,-0.2175318,0.195726,3.9241,-10.3249,-35.8598,0.2234001,
2,17.324,2,1.111983,226.364,-0.217667,0.1957466,3.9241,-10.3249,-35.8598,0.2234001,
2,17.334,2,1.11386,226.2052,-0.2179397,0.1956616,3.9241,-10.3249,-35.8598,0.2234001,
2,17.344,2,1.117401,225.903,-0.2192602,0.1962234,3.9241,-10.3249,-35.8598,0.2234001,
2,17.354,2,1.120006,225.401,-0.2177381,0.1944079,3.9241,-10.3249,-35.8598,0.2234001,
2,17.364,2,1.122255,224.7716,-0.2170894,0.1934404,3.9241,-10.3249,-35.8598,0.2234001,
2,17.374,2,1.122339,224.0902,-0.2188676,0.1950103,3.9241,-10.3249,-35.8598,0.2234001,
2,17.384,2,1.129285,223.6468,-0.217139,0.19228,3.9241,-10.3249,-35.8598,0.2234001,
2,17.394,2,1.129396,223.2677,-0.2193224,0.1941944,3.9241,-10.3249,-35.8598,0.2234001,
2,17.404,2,1.128643,223.076,-0.2187284,0.1937976,3.9241,-10.3249,-35.8598,0.2234001,
2,17.414,2,1.131062,223.0121,-0.2196339,0.1941838,3.9241,-10.3249,-35.8598,0.2234001,
2,17.424,2,1.133626,222.9678,-0.2197822,0.1938754,3.9241,-10.3249,-35.8598,0.2234001,
2,17.434,2,1.131386,222.972,-0.2204956,0.1948898,3.9241,-10.3249,-35.8598,0.2234001,
2,17.444,2,1.130906,222.9042,-0.2214793,0.1958424,3.9241,-10.3249,-35.8598,0.2234001,
2,17.454,2,1.131862,222.9005,-0.2205513,0.194857,3.9241,-10.3249,-35.8598,0.2234001,
2,17.464,2,1.130429,222.8686,-0.2227666,0.1970638,3.91593,-10.3249,-35.864,0.2276001,
2,17.474,2,1.130563,222.853,-0.2216847,0.1960834,3.91593,-10.3249,-35.864,0.2276001,
2,17.484,2,1.127289,222.822,-0.2219434,0.1968824,3.91593,-10.3249,-35.864,0.2276001,
2,17.494,2,1.126887,222.7981,-0.2224995,0.1974462,3.91593,-10.3249,-35.864,0.2276001,
2,17.504,2,1.127357,222.7943,-0.2239247,0.198628,3.91593,-10.3249,-35.864,0.2276001,
2,17.514,2,1.126519,222.7563,-0.2211389,0.1963029,3.91593,-10.3249,-35.864,0.2276001,
2,17.524,2,1.127065,222.7738,-0.2214181,0.1964555,3.91593,-10.3249,-35.864,0.2276001,
2,17.534,2,1.127403,222.7198,-0.2190384,0.1942859,3.91593,-10.3249,-35.864,0.2276001,
2,17.544,2,1.128758,222.5332,-0.2199813,0.1948879,3.91593,-10.3249,-35.864,0.2276001,
2,17.554,2,1.133775,222.1837,-0.2230701,0.1967499,3.91593,-10.3249,-35.864,0.2276001,
2,17.564,2,1.134942,221.6643,-0.2216926,0.195334,3.91593,-10.3249,-35.864,0.2276001,
2,17.574,2,1.139374,221.0274,-0.2237706,0.1963979,3.91593,-10.3249,-35.864,0.2276001,
2,17.584,2,1.138521,220.3604,-0.2276749,0.1999743,3.91593,-10.3249,-35.864,0.2276001,
2,17.594,2,1.141472,219.9299,-0.2269768,0.1988456,3.91593,-10.3249,-35.864,0.2276001,
2,17.604,2,1.145208,219.5376,-0.2259487,0.1972992,3.91593,-10.3249,-35.864,0.2276001,
2,17.614,2,1.147726,219.3876,-0.2251132,0.1961384,3.91593,-10.3249,-35.864,0.2276001,
2,17.624,2,1.146425,219.3259,-0.2249652,0.1962319,3.91593,-10.3249,-35.864,0.2276001,
2,17.634,2,1.148935,219.2889,-0.2257747,0.1965078,3.91593,-10.3249,-35.864,0.2276001,
2,17.644,2,1.148384,219.3089,-0.2264221,0.1971659,3.91593,-10.3249,-35.864,0.2276001,
2,17.654,2,1.146058,219.2142,-0.2266735,0.1977853,3.91593,-10.3249,-35.864,0.2276001,
2,17.664,2,1.147082,219.245,-0.2259395,0.1969688,3.91593,-10.3249,-35.864,0.2276001,
2,17.674,2,1.144836,219.1516,-0.225694,0.1971409,3.91593,-10.3249,-35.864,0.2276001,
2,17.684,2,1.145315,219.1849,-0.2255848,0.1969631,3.91593,-10.3249,-35.864,0.2276001,
2,17.694,2,1.143737,219.1431,-0.2264202,0.1979653,3.91593,-10.3249,-35.864,0.2276001,
2,17.704,2,1.143747,219.1319,-0.2262765,0.1978379,3.90887,-10.3249,-35.8682,0.2318001,
2,17.714,2,1.144759,219.1251,-0.2269491,0.1982505,3.90887,-10.3249,-35.8682,0.2318001,
2,17.724,2,1.144975,219.0572,-0.2277176,0.1988843,3.90887,-10.3249,-35.8682,0.2318001,
2,17.734,2,1.141571,219.0711,-0.2279021,0.1996391,3.90887,-10.3249,-35.8682,0.2318001,
2,17.744,2,1.143615,219.0364,-0.2262229,0.197814,3.90887,-10.3249,-35.8682,0.2318001,
2,17.754,2,1.143049,219.0581,-0.2277534,0.1992507,3.90887,-10.3249,-35.8682,0.2318001,
2,17.764,2,1.137917,218.9937,-0.2289007,0.2011576,3.90887,-10.3249,-35.8682,0.2318001,
2,17.774,2,1.144313,219.0031,-0.2276241,0.1989176,3.90887,-10.3249,-35.8682,0.2318001,
2,17.784,2,1.142797,218.7791,-0.2278259,0.1993582,3.90887,-10.3249,-35.8682,0.2318001,
2,17.794,2,1.147819,218.4216,-0.2262732,0.1971332,3.90887,-10.3249,-35.8682,0.2318001,
2,17.804,2,1.149923,217.9019,-0.2288562,0.1990187,3.90887,-10.3249,-35.8682,0.2318001,
2,17.814,2,1.152604,217.2231,-0.2293524,0.1989863,3.90887,-10.3249,-35.8682,0.2318001,
2,17.824,2,1.152684,216.5741,-0.2290719,0.1987291,3.90887,-10.3249,-35.8682,0.2318001,
2,17.834,2,1.158341,216.109,-0.2289405,0.1976452,3.90887,-10.3249,-35.8682,0.2318001,
2,17.844,2,1.160108,215.7698,-0.2294417,0.1977762,3.90887,-10.3249,-35.8682,0.2318001,
2,17.854,2,1.160682,215.5745,-0.2291278,0.1974079,3.90887,-10.3249,-35.8682,0.2318001,
2,17.864,2,1.160923,215.5338,-0.2302546,0.1983375,3.90887,-10.3249,-35.8682,0.2318001,
2,17.874,2,1.163263,215.4901,-0.2317444,0.1992192,3.90887,-10.3249,-35.8682,0.2318001,
2,17.884,2,1.163352,215.4834,-0.2300125,0.1977153,3.90887,-10.3249,-35.8682,0.2318001,
2,17.894,2,1.161982,215.4243,-0.2314572,0.1991918,3.90887,-10.3249,-35.8682,0.2318001,
2,17.904,2,1.161969,215.4487,-0.2320269,0.1996842,3.90887,-10.3249,-35.8682,0.2318001,
2,17.914,2,1.159135,215.392,-0.2316203,0.1998217,3.9007,-10.3249,-35.8726,0.2362022,
2,17.924,2,1.159045,215.3884,-0.2315722,0.1997956,3.9007,-10.3249,-35.8726,0.2362022,
2,17.934,2,1.159173,215.3392,-0.233905,0.2017861,3.9007,-10.3249,-35.8726,0.2362022,
2,17.944,2,1.158048,215.3288,-0.2319605,0.200303,3.9007,-10.3249,-35.8726,0.2362022,
2,17.954,2,1.160754,215.3292,-0.2304172,0.1985065,3.9007,-10.3249,-35.8726,0.2362022,
2,17.964,2,1.158454,215.2971,-0.2322102,0.2004483,3.9007,-10.3249,-35.8726,0.2362022,
2,17.974,2,1.156837,215.2943,-0.2329629,0.2013793,3.9007,-10.3249,-35.8726,0.2362022,
2,17.984,2,1.160347,215.2437,-0.2312865,0.1993253,3.9007,-10.3249,-35.8726,0.2362022,
2,17.994,2,1.162491,214.9855,-0.2312431,0.1989204,3.9007,-10.3249,-35.8726,0.2362022,
2,18.004,2,1.162475,214.6313,-0.2329259,0.2003707,3.9007,-10.3249,-35.8726,0.2362022,
2,18.014,2,1.168086,214.0757,-0.2323903,0.1989496,3.9007,-10.3249,-35.8726,0.2362022,
2,18.024,2,1.168902,213.4168,-0.2326328,0.1990182,3.9007,-10.3249,-35.8726,0.2362022,
2,18.034,2,1.171754,212.7766,-0.2350909,0.2006315,3.9007,-10.3249,-35.8726,0.2362022,
2,18.044,2,1.175303,212.3417,-0.2351931,0.2001128,3.9007,-10.3249,-35.8726,0.2362022,
2,18.054,2,1.1775,212.0177,-0.2374691,0.2016723,3.9007,-10.3249,-35.8726,0.2362022,
2,18.064,2,1.178492,211.8319,-0.2362981,0.2005089,3.9007,-10.3249,-35.8726,0.2362022,
2,18.074,2,1.178865,211.8322,-0.2362399,0.2003961,3.9007,-10.3249,-35.8726,0.2362022,
2,18.084,2,1.179132,211.7431,-0.2385909,0.2023445,3.9007,-10.3249,-35.8726,0.2362022,
2,18.094,2,1.178922,211.778,-0.2367277,0.2008001,3.9007,-10.3249,-35.8726,0.2362022,
2,18.104,2,1.176564,211.7001,-0.2359501,0.2005417,3.9007,-10.3249,-35.8726,0.2362022,
2,18.114,2,1.178536,211.7061,-0.2355087,0.1998315,3.9007,-10.3249,-35.8726,0.2362022,
2,18.124,2,1.178689,211.6832,-0.2343906,0.198857,3.9007,-10.3249,-35.8726,0.2362022,
2,18.134,2,1.176999,211.6545,-0.2361015,0.2005962,3.9007,-10.3249,-35.8726,0.2362022,
2,18.144,2,1.175005,211.6648,-0.2364516,0.2012346,3.9007,-10.3249,-35.8726,0.2362022,
2,18.154,2,1.176187,211.6064,-0.2356214,0.2003264,3.8936,-10.3249,-35.8769,0.2405014,
2,18.164,2,1.17512,211.6096,-0.2374239,0.2020423,3.8936,-10.3249,-35.8769,0.2405014,
2,18.174,2,1.172067,211.5619,-0.2418605,0.2063539,3.8936,-10.3249,-35.8769,0.2405014,
2,18.184,2,1.174852,211.5769,-0.2419377,0.2059304,3.8936,-10.3249,-35.8769,0.2405014,
2,18.194,2,1.171391,211.5337,-0.2430368,0.207477,3.8936,-10.3249,-35.8769,0.2405014,
2,18.204,2,1.16998,211.5201,-0.2405352,0.2055892,3.8936,-10.3249,-35.8769,0.2405014,
2,18.214,2,1.170088,211.5087,-0.2403711,0.2054299,3.8936,-10.3249,-35.8769,0.2405014,
2,18.224,2,1.174613,211.4704,-0.2455368,0.2090364,3.8936,-10.3249,-35.8769,0.2405014,
2,18.234,2,1.178374,211.2313,-0.2434267,0.2065785,3.8936,-10.3249,-35.8769,0.2405014,
2,18.244,2,1.178085,210.8407,-0.2394719,0.2032723,3.8936,-10.3249,-35.8769,0.2405014,
2,18.254,2,1.182598,210.3062,-0.2386428,0.2017954,3.8936,-10.3249,-35.8769,0.2405014,
2,18.264,2,1.184442,209.6086,-0.2385959,0.2014417,3.8936,-10.3249,-35.8769,0.2405014,
2,18.274,2,1.187143,208.985,-0.2383914,0.200811,3.8936,-10.3249,-35.8769,0.2405014,
2,18.284,2,1.18865,208.5476,-0.2404069,0.2022521,3.8936,-10.3249,-35.8769,0.2405014,
2,18.294,2,1.192298,208.2431,-0.2412067,0.202304,3.8936,-10.3249,-35.8769,0.2405014,
2,18.304,2,1.193632,208.0673,-0.2410039,0.201908,3.8936,-10.3249,-35.8769,0.2405014,
2,18.314,2,1.193294,208.0766,-0.2416139,0.2024764,3.8936,-10.3249,-35.8769,0.2405014,
2,18.324,2,1.194097,207.9858,-0.2420009,0.2026644,3.8936,-10.3249,-35.8769,0.2405014,
2,18.334,2,1.19319,207.9964,-0.2432032,0.203826,3.8936,-10.3249,-35.8769,0.2405014,
2,18.344,2,1.192191,207.9445,-0.2435302,0.2042712,3.8936,-10.3249,-35.8769,0.2405014,
2,18.354,2,1.191138,207.9377,-0.2443575,0.2051462,3.8936,-10.3249,-35.8769,0.2405014,
2,18.364,2,1.189394,207.9088,-0.2433532,0.2046026,3.88547,-10.3249,-35.8812,0.2448006,
2,18.374,2,1.191482,207.8895,-0.2432436,0.2041521,3.88547,-10.3249,-35.8812,0.2448006,
2,18.384,2,1.188498,207.8661,-0.2444164,0.2056515,3.88547,-10.3249,-35.8812,0.2448006,
2,18.394,2,1.189448,207.8287,-0.2427442,0.2040814,3.88547,-10.3249,-35.8812,0.2448006,
2,18.404,2,1.189148,207.8582,-0.2419504,0.2034653,3.88547,-10.3249,-35.8812,0.2448006,
2,18.414,2,1.190553,207.7947,-0.2434904,0.2045188,3.88547,-10.3249,-35.8812,0.2448006,
2,18.424,2,1.188362,207.7877,-0.2426745,0.2042092,3.88547,-10.3249,-35.8812,0.2448006,
2,18.434,2,1.192007,207.7393,-0.241908,0.2029417,3.88547,-10.3249,-35.8812,0.2448006,
2,18.444,2,1.19155,207.4298,-0.2421108,0.2031898,3.88547,-10.3249,-35.8812,0.2448006,
2,18.454,2,1.194997,207.0409,-0.244161,0.2043194,3.88547,-10.3249,-35.8812,0.2448006,
2,18.464,2,1.197693,206.4404,-0.2445213,0.2041604,3.88547,-10.3249,-35.8812,0.2448006,
2,18.474,2,1.198941,205.7667,-0.2458345,0.205043,3.88547,-10.3249,-35.8812,0.2448006,
2,18.484,2,1.201325,205.1758,-0.2479501,0.2063971,3.88547,-10.3249,-35.8812,0.2448006,
2,18.494,2,1.20693,204.7499,-0.2485844,0.2059642,3.88547,-10.3249,-35.8812,0.2448006,
2,18.504,2,1.20684,204.4741,-0.2495409,0.2067722,3.88547,-10.3249,-35.8812,0.2448006,
2,18.514,2,1.208497,204.2975,-0.2510375,0.2077271,3.88547,-10.3249,-35.8812,0.2448006,
2,18.524,2,1.211164,204.355,-0.2534863,0.2092915,3.88547,-10.3249,-35.8812,0.2448006,
2,18.534,2,1.208671,204.2394,-0.2486076,0.2056868,3.88547,-10.3249,-35.8812,0.2448006,
2,18.544,2,1.208692,204.259,-0.2503615,0.2071342,3.88547,-10.3249,-35.8812,0.2448006,
2,18.554,2,1.205352,204.1871,-0.2561319,0.2124955,3.88547,-10.3249,-35.8812,0.2448006,
2,18.564,2,1.206557,204.1798,-0.2542405,0.2107157,3.88547,-10.3249,-35.8812,0.2448006,
2,18.574,2,1.207952,204.1764,-0.2533509,0.2097358,3.88547,-10.3249,-35.8812,0.2448006,
2,18.584,2,1.204596,204.1323,-0.2533756,0.2103408,3.87838,-10.3249,-35.8856,0.2492027,
2,18.594,2,1.207645,204.1457,-0.2536496,0.2100365,3.87838,-10.3249,-35.8856,0.2492027,
2,18.604,2,1.205334,204.0733,-0.2525558,0.2095318,3.87838,-10.3249,-35.8856,0.2492027,
2,18.614,2,1.205685,204.0813,-0.2497673,0.207158,3.87838,-10.3249,-35.8856,0.2492027,
2,18.624,2,1.207511,204.0503,-0.2510467,0.2079043,3.87838,-10.3249,-35.8856,0.2492027,
2,18.634,2,1.206898,204.0385,-0.250173,0.207286,3.87838,-10.3249,-35.8856,0.2492027,
2,18.644,2,1.206506,204.0223,-0.2521958,0.2090298,3.87838,-10.3249,-35.8856,0.2492027,
2,18.654,2,1.207569,203.9922,-0.2542641,0.2105586,3.87838,-10.3249,-35.8856,0.2492027,
2,18.664,2,1.204934,203.9795,-0.2520286,0.2091639,3.87838,-10.3249,-35.8856,0.2492027,
2,18.674,2,1.205341,203.9302,-0.255902,0.2123068,3.87838,-10.3249,-35.8856,0.2492027,
2,18.684,2,1.207816,203.6417,-0.2512636,0.2080314,3.87838,-10.3249,-35.8856,0.2492027,
2,18.694,2,1.21113,203.2368,-0.2511813,0.2073942,3.87838,-10.3249,-35.8856,0.2492027,
2,18.704,2,1.214491,202.6447,-0.249921,0.2057825,3.87838,-10.3249,-35.8856,0.2492027,
2,18.714,2,1.214681,201.9244,-0.2496843,0.2055554,3.87838,-10.3249,-35.8856,0.2492027,
2,18.724,2,1.215903,201.2951,-0.2545737,0.20937,3.87838,-10.3249,-35.8856,0.2492027,
2,18.734,2,1.222202,200.8436,-0.2561541,0.2095841,3.87838,-10.3249,-35.8856,0.2492027,
2,18.744,2,1.223561,200.5642,-0.2562838,0.2094573,3.87838,-10.3249,-35.8856,0.2492027,
2,18.754,2,1.224098,200.3702,-0.257503,0.2103615,3.87838,-10.3249,-35.8856,0.2492027,
2,18.764,2,1.226013,200.3771,-0.2529532,0.2063217,3.87838,-10.3249,-35.8856,0.2492027,
2,18.774,2,1.224246,200.2951,-0.2533165,0.2069163,3.87838,-10.3249,-35.8856,0.2492027,
2,18.784,2,1.225113,200.2981,-0.2557052,0.2087196,3.87838,-10.3249,-35.8856,0.2492027,
2,18.794,2,1.225652,200.2634,-0.2538867,0.2071442,3.87838,-10.3249,-35.8856,0.2492027,
2,18.804,2,1.221871,200.2361,-0.2612538,0.2138144,3.8713,-10.3249,-35.89,0.2536011,
2,18.814,2,1.224697,200.2265,-0.2623746,0.2142363,3.8713,-10.3249,-35.89,0.2536011,
2,18.824,2,1.221014,200.1824,-0.2649875,0.2170226,3.8713,-10.3249,-35.89,0.2536011,
2,18.834,2,1.221842,200.1857,-0.262244,0.2146301,3.8713,-10.3249,-35.89,0.2536011,
2,18.844,2,1.223639,200.1369,-0.2543339,0.2078505,3.8713,-10.3249,-35.89,0.2536011,
2,18.854,2,1.222416,200.1406,-0.2555297,0.2090365,3.8713,-10.3249,-35.89,0.2536011,
2,18.864,2,1.220448,200.1082,-0.2562884,0.2099953,3.8713,-10.3249,-35.89,0.2536011,
2,18.874,2,1.222613,200.0821,-0.257862,0.2109106,3.8713,-10.3249,-35.89,0.2536011,
2,18.884,2,1.223859,200.0052,-0.2569391,0.2099418,3.8713,-10.3249,-35.89,0.2536011,
2,18.894,2,1.225041,199.6809,-0.2597845,0.2120619,3.8713,-10.3249,-35.89,0.2536011,
2,18.904,2,1.227449,199.2021,-0.2589846,0.2109942,3.8713,-10.3249,-35.89,0.2536011,
2,18.914,2,1.231138,198.615,-0.2570541,0.2087938,3.8713,-10.3249,-35.89,0.2536011,
2,18.924,2,1.233201,197.8805,-0.2574057,0.2087297,3.8713,-10.3249,-35.89,0.2536011,
2,18.934,2,1.235465,197.317,-0.2587584,0.209442,3.8713,-10.3249,-35.89,0.2536011,
2,18.944,2,1.237822,196.896,-0.2639411,0.2132302,3.8713,-10.3249,-35.89,0.2536011,
2,18.954,2,1.239278,196.6691,-0.2684475,0.216616,3.8713,-10.3249,-35.89,0.2536011,
2,18.964,2,1.238738,196.4819,-0.2728993,0.2203043,3.8713,-10.3249,-35.89,0.2536011,
2,18.974,2,1.245042,196.5238,-0.2648208,0.2127004,3.8713,-10.3249,-35.89,0.2536011,
2,18.984,2,1.241873,196.4546,-0.2659991,0.2141918,3.8713,-10.3249,-35.89,0.2536011,
2,18.994,2,1.240725,196.4256,-0.2644931,0.2131763,3.8713,-10.3249,-35.89,0.2536011,
2,19.004,2,1.241263,196.4224,-0.2612339,0.2104581,3.8713,-10.3249,-35.89,0.2536011,
2,19.014,2,1.240882,196.3882,-0.2598269,0.2093889,3.8713,-10.3249,-35.89,0.2536011,
2,19.024,2,1.239651,196.378,-0.2634273,0.2125012,3.8713,-10.3249,-35.89,0.2536011,
2,19.034,2,1.238483,196.3347,-0.2630344,0.2123843,3.8713,-10.3249,-35.89,0.2536011,
2,19.044,2,1.237086,196.3282,-0.2614808,0.2113683,3.86315,-10.3249,-35.8945,0.2581024,
2,19.054,2,1.238629,196.286,-0.2623995,0.2118467,3.86315,-10.3249,-35.8945,0.2581024,
2,19.064,2,1.236635,196.2864,-0.2618749,0.2117641,3.86315,-10.3249,-35.8945,0.2581024,
2,19.074,2,1.236936,196.257,-0.2612406,0.2111997,3.86315,-10.3249,-35.8945,0.2581024,
2,19.084,2,1.236973,196.2387,-0.2623578,0.2120966,3.86315,-10.3249,-35.8945,0.2581024,
2,19.094,2,1.242183,196.1157,-0.2636065,0.2122122,3.86315,-10.3249,-35.8945,0.2581024,
2,19.104,2,1.241179,195.7462,-0.2630435,0.2119303,3.86315,-10.3249,-35.8945,0.2581024,
2,19.114,2,1.244574,195.2712,-0.2640166,0.2121341,3.86315,-10.3249,-35.8945,0.2581024,
2,19.124,2,1.24904,194.6118,-0.2656011,0.2126441,3.86315,-10.3249,-35.8945,0.2581024,
2,19.134,2,1.24967,193.888,-0.2688808,0.2151615,3.86315,-10.3249,-35.8945,0.2581024,
2,19.144,2,1.25363,193.3755,-0.2675165,0.2133934,3.86315,-10.3249,-35.8945,0.2581024,
2,19.154,2,1.254003,192.9195,-0.2670946,0.2129936,3.86315,-10.3249,-35.8945,0.2581024,
2,19.164,2,1.257344,192.7051,-0.2640244,0.2099859,3.86315,-10.3249,-35.8945,0.2581024,
2,19.174,2,1.256343,192.5477,-0.2664819,0.2121092,3.86315,-10.3249,-35.8945,0.2581024,
2,19.184,2,1.259687,192.5717,-0.2662646,0.2113736,3.86315,-10.3249,-35.8945,0.2581024,
2,19.194,2,1.258545,192.516,-0.2666978,0.2119096,3.86315,-10.3249,-35.8945,0.2581024,
2,19.204,2,1.257999,192.493,-0.265753,0.2112506,3.86315,-10.3249,-35.8945,0.2581024,
2,19.214,2,1.255071,192.4671,-0.2678628,0.2134245,3.86315,-10.3249,-35.8945,0.2581024,
2,19.224,2,1.258332,192.4272,-0.2682112,0.2131483,3.86315,-10.3249,-35.8945,0.2581024,
2,19.234,2,1.255783,192.4239,-0.2688374,0.2140795,3.86315,-10.3249,-35.8945,0.2581024,
2,19.244,2,1.255358,192.3791,-0.2694092,0.2146075,3.86315,-10.3249,-35.8945,0.2581024,
2,19.254,2,1.258111,192.3999,-0.2684093,0.2133431,3.85608,-10.3249,-35.899,0.2625999,
2,19.264,2,1.253167,192.3318,-0.2733354,0.2181157,3.85608,-10.3249,-35.899,0.2625999,
2,19.274,2,1.254514,192.3372,-0.2726394,0.2173267,3.85608,-10.3249,-35.899,0.2625999,
2,19.284,2,1.252873,192.3032,-0.2701386,0.2156153,3.85608,-10.3249,-35.899,0.2625999,
2,19.294,2,1.252055,192.2822,-0.2676093,0.213736,3.85608,-10.3249,-35.899,0.2625999,
2,19.304,2,1.25151,192.2706,-0.2666444,0.2130582,3.85608,-10.3249,-35.899,0.2625999,
2,19.314,2,1.250886,192.2486,-0.2684873,0.2146378,3.85608,-10.3249,-35.899,0.2625999,
2,19.324,2,1.255026,192.2573,-0.2670107,0.2127531,3.85608,-10.3249,-35.899,0.2625999,
2,19.334,2,1.256697,192.0725,-0.2692964,0.214289,3.85608,-10.3249,-35.899,0.2625999,
2,19.344,2,1.252738,191.7411,-0.2776226,0.2216126,3.85608,-10.3249,-35.899,0.2625999,
2,19.354,2,1.258916,191.2345,-0.2747008,0.2182042,3.85608,-10.3249,-35.899,0.2625999,
2,19.364,2,1.26319,190.6062,-0.270566,0.2141926,3.85608,-10.3249,-35.899,0.2625999,
2,19.374,2,1.263468,189.8821,-0.272895,0.2159888,3.85608,-10.3249,-35.899,0.2625999,
2,19.384,2,1.267872,189.3699,-0.2699856,0.212944,3.85608,-10.3249,-35.899,0.2625999,
2,19.394,2,1.27008,188.9366,-0.2727373,0.2147403,3.85608,-10.3249,-35.899,0.2625999,
2,19.404,2,1.273791,188.7499,-0.2725806,0.2139916,3.85608,-10.3249,-35.899,0.2625999,
2,19.414,2,1.272979,188.6039,-0.2738215,0.2151029,3.85608,-10.3249,-35.899,0.2625999,
2,19.424,2,1.275055,188.5826,-0.2782933,0.2182597,3.85608,-10.3249,-35.899,0.2625999,
2,19.434,2,1.272798,188.5541,-0.278004,0.2184195,3.85608,-10.3249,-35.899,0.2625999,
2,19.444,2,1.27086,188.5068,-0.2725296,0.2144451,3.85608,-10.3249,-35.899,0.2625999,
2,19.454,2,1.270885,188.5059,-0.2720498,0.2140633,3.85608,-10.3249,-35.899,0.2625999,
2,19.464,2,1.270747,188.4795,-0.2753969,0.2167204,3.8479,-10.3249,-35.9034,0.2670021,
2,19.474,2,1.270361,188.4487,-0.2730724,0.2149565,3.8479,-10.3249,-35.9034,0.2670021,
2,19.484,2,1.269105,188.404,-0.2749093,0.2166167,3.8479,-10.3249,-35.9034,0.2670021,
2,19.494,2,1.270027,188.4133,-0.2748203,0.2163893,3.8479,-10.3249,-35.9034,0.2670021,
2,19.504,2,1.268098,188.3714,-0.2793607,0.2202989,3.8479,-10.3249,-35.9034,0.2670021,
2,19.514,2,1.26735,188.3458,-0.2784585,0.2197172,3.8479,-10.3249,-35.9034,0.2670021,
2,19.524,2,1.268799,188.3384,-0.2782164,0.2192754,3.8479,-10.3249,-35.9034,0.2670021,
2,19.534,2,1.271435,188.3063,-0.2763509,0.2173535,3.8479,-10.3249,-35.9034,0.2670021,
2,19.544,2,1.269433,188.1152,-0.2768442,0.218085,3.8479,-10.3249,-35.9034,0.2670021,
2,19.554,2,1.270141,187.7365,-0.2763256,0.217555,3.8479,-10.3249,-35.9034,0.2670021,
2,19.564,2,1.276516,187.2061,-0.2787928,0.2184013,3.8479,-10.3249,-35.9034,0.2670021,
2,19.574,2,1.282205,186.5291,-0.2790028,0.2175962,3.8479,-10.3249,-35.9034,0.2670021,
2,19.584,2,1.280202,185.794,-0.2807174,0.2192759,3.8479,-10.3249,-35.9034,0.2670021,
2,19.594,2,1.283936,185.318,-0.2805087,0.2184756,3.8479,-10.3249,-35.9034,0.2670021,
2,19.604,2,1.286309,184.8862,-0.2824877,0.2196112,3.8479,-10.3249,-35.9034,0.2670021,
2,19.614,2,1.287875,184.6902,-0.2800776,0.2174727,3.8479,-10.3249,-35.9034,0.2670021,
2,19.624,2,1.290498,184.6101,-0.2780955,0.2154947,3.8479,-10.3249,-35.9034,0.2670021,
2,19.634,2,1.29124,184.5718,-0.2812916,0.2178461,3.8479,-10.3249,-35.9034,0.2670021,
2,19.644,2,1.28996,184.5612,-0.2826464,0.2191126,3.8479,-10.3249,-35.9034,0.2670021,
2,19.654,2,1.289455,184.5,-0.2811642,0.2180488,3.8479,-10.3249,-35.9034,0.2670021,
2,19.664,2,1.289605,184.5253,-0.2811737,0.2180308,3.8479,-10.3249,-35.9034,0.2670021,
2,19.674,2,1.28755,184.4401,-0.2813469,0.2185134,3.8479,-10.3249,-35.9034,0.2670021,
2,19.684,2,1.285922,184.4476,-0.281373,0.2188103,3.8479,-10.3249,-35.9034,0.2670021,
2,19.694,2,1.288857,184.432,-0.2817247,0.2185849,3.8479,-10.3249,-35.9034,0.2670021,
2,19.704,2,1.283765,184.3695,-0.2825716,0.2201117,3.84083,-10.3249,-35.908,0.2716026,
2,19.714,2,1.288942,184.4125,-0.2821186,0.218876,3.84083,-10.3249,-35.908,0.2716026,
2,19.724,2,1.284411,184.2999,-0.2827383,0.2201307,3.84083,-10.3249,-35.908,0.2716026,
2,19.734,2,1.288427,184.3793,-0.2850579,0.2212448,3.84083,-10.3249,-35.908,0.2716026,
2,19.744,2,1.281236,184.271,-0.2837038,0.2214298,3.84083,-10.3249,-35.908,0.2716026,
2,19.754,2,1.285789,184.2978,-0.2817629,0.2191361,3.84083,-10.3249,-35.908,0.2716026,
2,19.764,2,1.287603,184.299,-0.2812961,0.2184649,3.84083,-10.3249,-35.908,0.2716026,
2,19.774,2,1.281425,184.2005,-0.2840442,0.2216627,3.84083,-10.3249,-35.908,0.2716026,
2,19.784,2,1.29093,184.0801,-0.2823324,0.2187047,3.84083,-10.3249,-35.908,0.2716026,
2,19.794,2,1.288161,183.6063,-0.2830244,0.219712,3.84083,-10.3249,-35.908,0.2716026,
2,19.804,2,1.292038,183.1525,-0.284026,0.219828,3.84083,-10.3249,-35.908,0.2716026,
2,19.814,2,1.304781,182.4961,-0.2855666,0.2188617,3.84083,-10.3249,-35.908,0.2716026,
2,19.824,2,1.291228,181.6622,-0.2863185,0.2217412,3.84083,-10.3249,-35.908,0.2716026,
2,19.834,2,1.299285,181.2613,-0.2869893,0.2208825,3.84083,-10.3249,-35.908,0.2716026,
2,19.844,2,1.309989,180.7898,-0.2857679,0.2181453,3.84083,-10.3249,-35.908,0.2716026,
2,19.854,2,1.304767,180.5927,-0.2889594,0.2214644,3.84083,-10.3249,-35.908,0.2716026,
2,19.864,2,1.30086,180.4903,-0.2868443,0.2205037,3.84083,-10.3249,-35.908,0.2716026,
2,19.874,2,1.306869,180.4742,-0.2866787,0.219363,3.84083,-10.3249,-35.908,0.2716026,
2,19.884,2,1.308774,180.468,-0.2878848,0.2199653,3.84083,-10.3249,-35.908,0.2716026,
2,19.894,2,1.305174,180.3941,-0.2872697,0.2201008,3.84083,-10.3249,-35.908,0.2716026,
2,19.904,2,1.302794,180.3841,-0.2872084,0.2204557,3.84083,-10.3249,-35.908,0.2716026,
2,19.914,2,1.307806,180.3745,-0.2885781,0.2206582,3.83265,-10.3249,-35.9125,0.2761002,
2,19.924,2,1.302061,180.3431,-0.2865826,0.2200992,3.83265,-10.3249,-35.9125,0.2761002,
2,19.934,2,1.302087,180.3062,-0.2889516,0.2219142,3.83265,-10.3249,-35.9125,0.2761002,
2,19.944,2,1.306028,180.3257,-0.2901393,0.222154,3.83265,-10.3249,-35.9125,0.2761002,
2,19.954,2,1.299189,180.2472,-0.2904887,0.2235923,3.83265,-10.3249,-35.9125,0.2761002,
2,19.964,2,1.299863,180.2221,-0.2904361,0.2234359,3.83265,-10.3249,-35.9125,0.2761002,
2,19.974,2,1.304048,180.2664,-0.2919416,0.2238732,3.83265,-10.3249,-35.9125,0.2761002,
2,19.984,2,1.303196,180.1563,-0.2914168,0.223617,3.83265,-10.3249,-35.9125,0.2761002,
2,19.994,2,1.303964,179.9451,-0.2911973,0.2233169,3.83265,-10.3249,-35.9125,0.2761002,
2,20.004,2,1.309974,179.5482,-0.2900279,0.2213996,3.83265,-10.3249,-35.9125,0.2761002,
2,20.014,2,1.309314,178.9457,-0.2902325,0.2216675,3.83265,-10.3249,-35.9125,0.2761002,
2,20.024,2,1.312489,178.2732,-0.2903797,0.2212436,3.83265,-10.3249,-35.9125,0.2761002,
2,20.034,2,1.313319,177.5768,-0.290543,0.221228,3.83265,-10.3249,-35.9125,0.2761002,
2,20.044,2,1.319897,177.1161,-0.2924885,0.2215996,3.83265,-10.3249,-35.9125,0.2761002,
2,20.054,2,1.316489,176.6669,-0.2952462,0.2242679,3.83265,-10.3249,-35.9125,0.2761002,
2,20.064,2,1.324455,176.5574,-0.2924758,0.2208273,3.83265,-10.3249,-35.9125,0.2761002,
2,20.074,2,1.326579,176.4883,-0.2958465,0.2230145,3.83265,-10.3249,-35.9125,0.2761002,
2,20.084,2,1.318432,176.375,-0.2960615,0.2245558,3.83265,-10.3249,-35.9125,0.2761002,
2,20.094,2,1.328019,176.4697,-0.2964812,0.2232507,3.83265,-10.3249,-35.9125,0.2761002,
2,20.104,2,1.321447,176.319,-0.29685,0.2246401,3.83265,-10.3249,-35.9125,0.2761002,
2,20.114,2,1.321166,176.3835,-0.296771,0.2246281,3.83265,-10.3249,-35.9125,0.2761002,
2,20.124,2,1.320985,176.3188,-0.2958184,0.2239378,3.83265,-10.3249,-35.9125,0.2761002,
2,20.134,2,1.317724,176.2727,-0.2975915,0.2258376,3.83265,-10.3249,-35.9125,0.2761002,
2,20.144,2,1.32124,176.3075,-0.2961699,0.2241606,3.83265,-10.3249,-35.9125,0.2761002,
2,20.154,2,1.318202,176.2169,-0.296257,0.2247432,3.83265,-10.3249,-35.9125,0.2761002,
2,20.164,2,1.319405,176.2556,-0.2980026,0.2258614,3.82555,-10.3249,-35.917,0.2806015,
2,20.174,2,1.319405,176.1937,-0.2977333,0.2256573,3.82555,-10.3249,-35.917,0.2806015,
2,20.184,2,1.314812,176.1635,-0.2949835,0.2243541,3.82555,-10.3249,-35.917,0.2806015,
2,20.194,2,1.321274,176.1924,-0.2966377,0.2245088,3.82555,-10.3249,-35.917,0.2806015,
2,20.204,2,1.316163,176.1229,-0.2963371,0.2251522,3.82555,-10.3249,-35.917,0.2806015,
2,20.214,2,1.313712,176.108,-0.2978464,0.2267212,3.82555,-10.3249,-35.917,0.2806015,
2,20.224,2,1.323837,176.1157,-0.2956048,0.223294,3.82555,-10.3249,-35.917,0.2806015,
2,20.234,2,1.318733,175.8134,-0.2987106,0.2265133,3.82555,-10.3249,-35.917,0.2806015,
2,20.244,2,1.319462,175.4346,-0.2977411,0.2256535,3.82555,-10.3249,-35.917,0.2806015,
2,20.254,2,1.329314,174.8936,-0.2981753,0.2243076,3.82555,-10.3249,-35.917,0.2806015,
2,20.264,2,1.327353,174.1504,-0.2991651,0.2253848,3.82555,-10.3249,-35.917,0.2806015,
2,20.274,2,1.32962,173.4616,-0.2994415,0.2252083,3.82555,-10.3249,-35.917,0.2806015,
2,20.284,2,1.334966,172.9831,-0.2993027,0.2242026,3.82555,-10.3249,-35.917,0.2806015,
2,20.294,2,1.333865,172.6092,-0.3025865,0.2268495,3.82555,-10.3249,-35.917,0.2806015,
2,20.304,2,1.334207,172.3842,-0.3016186,0.2260658,3.82555,-10.3249,-35.917,0.2806015,
2,20.314,2,1.334789,172.3556,-0.2995594,0.2244245,3.82555,-10.3249,-35.917,0.2806015,
2,20.324,2,1.336663,172.3066,-0.2998034,0.2242925,3.82555,-10.3249,-35.917,0.2806015,
2,20.334,2,1.335916,172.2639,-0.299858,0.2244587,3.82555,-10.3249,-35.917,0.2806015,
2,20.344,2,1.336593,172.2527,-0.3026763,0.2264536,3.82555,-10.3249,-35.917,0.2806015,
2,20.354,2,1.337232,172.2213,-0.3019385,0.2257937,3.81743,-10.3249,-35.9216,0.285202,
2,20.364,2,1.333662,172.1891,-0.3030716,0.2272477,3.81743,-10.3249,-35.9216,0.285202,
2,20.374,2,1.334394,172.1927,-0.3018879,0.2262359,3.81743,-10.3249,-35.9216,0.285202,
2,20.384,2,1.333394,172.1507,-0.3019855,0.2264789,3.81743,-10.3249,-35.9216,0.285202,
2,20.394,2,1.334054,172.1183,-0.3054194,0.2289408,3.81743,-10.3249,-35.9216,0.285202,
2,20.404,2,1.33233,172.091,-0.3054946,0.2292935,3.81743,-10.3249,-35.9216,0.285202,
2,20.414,2,1.333909,172.0798,-0.3031119,0.2272359,3.81743,-10.3249,-35.9216,0.285202,
2,20.424,2,1.333145,172.0665,-0.3032148,0.2274432,3.81743,-10.3249,-35.9216,0.285202,
2,20.434,2,1.335111,172.0212,-0.3033167,0.2271846,3.81743,-10.3249,-35.9216,0.285202,
2,20.444,2,1.335975,171.7047,-0.3020403,0.2260823,3.81743,-10.3249,-35.9216,0.285202,
2,20.454,2,1.34155,171.3251,-0.305468,0.2276979,3.81743,-10.3249,-35.9216,0.285202,
2,20.464,2,1.344465,170.7504,-0.3041894,0.2262531,3.81743,-10.3249,-35.9216,0.285202,
2,20.474,2,1.349732,170.0698,-0.3032762,0.2246937,3.81743,-10.3249,-35.9216,0.285202,
2,20.484,2,1.351776,169.4456,-0.3050417,0.2256599,3.81743,-10.3249,-35.9216,0.285202,
2,20.494,2,1.356053,168.9557,-0.3044529,0.224514,3.81743,-10.3249,-35.9216,0.285202,
2,20.504,2,1.361661,168.6684,-0.3064547,0.2250594,3.81743,-10.3249,-35.9216,0.285202,
2,20.514,2,1.358607,168.4641,-0.3091882,0.2275774,3.81743,-10.3249,-35.9216,0.285202,
2,20.524,2,1.358716,168.4148,-0.3094466,0.2277492,3.81743,-10.3249,-35.9216,0.285202,
2,20.534,2,1.35913,168.3913,-0.3101584,0.2282036,3.81743,-10.3249,-35.9216,0.285202,
2,20.544,2,1.359517,168.3634,-0.3097522,0.2278399,3.81743,-10.3249,-35.9216,0.285202,
2,20.554,2,1.357795,168.3255,-0.3086644,0.2273276,3.81743,-10.3249,-35.9216,0.285202,
2,20.564,2,1.355726,168.3027,-0.3087205,0.227716,3.81743,-10.3249,-35.9216,0.285202,
2,20.574,2,1.357382,168.2696,-0.3110911,0.2291846,3.81743,-10.3249,-35.9216,0.285202,
2,20.584,2,1.355411,168.2486,-0.3134663,0.2312703,3.81743,-10.3249,-35.9216,0.285202,
2,20.594,2,1.356046,168.2334,-0.3118958,0.2300039,3.81743,-10.3249,-35.9216,0.285202,
2,20.604,2,1.356122,168.2094,-0.3104318,0.2289114,3.81032,-10.3249,-35.9262,0.2898026,
2,20.614,2,1.356999,168.1859,-0.3104594,0.2287838,3.81032,-10.3249,-35.9262,0.2898026,
2,20.624,2,1.354994,168.1626,-0.309138,0.2281471,3.81032,-10.3249,-35.9262,0.2898026,
2,20.634,2,1.355227,168.1433,-0.3108513,0.2293722,3.81032,-10.3249,-35.9262,0.2898026,
2,20.644,2,1.354208,168.1344,-0.3112229,0.2298191,3.81032,-10.3249,-35.9262,0.2898026,
2,20.654,2,1.352819,168.1091,-0.310217,0.2293116,3.81032,-10.3249,-35.9262,0.2898026,
2,20.664,2,1.353067,168.0952,-0.3107379,0.2296544,3.81032,-10.3249,-35.9262,0.2898026,
2,20.674,2,1.356687,168.0452,-0.3111041,0.2293117,3.81032,-10.3249,-35.9262,0.2898026,
2,20.684,2,1.358263,167.8284,-0.3104734,0.2285813,3.81032,-10.3249,-35.9262,0.2898026,
2,20.694,2,1.363667,167.4905,-0.314496,0.2306252,3.81032,-10.3249,-35.9262,0.2898026,
2,20.704,2,1.369148,167.0119,-0.3145493,0.2297408,3.81032,-10.3249,-35.9262,0.2898026,
2,20.714,2,1.374307,166.4364,-0.3142824,0.2286844,3.81032,-10.3249,-35.9262,0.2898026,
2,20.724,2,1.382512,165.9083,-0.3163244,0.2288041,3.81032,-10.3249,-35.9262,0.2898026,
2,20.734,2,1.387937,165.5458,-0.316425,0.2279823,3.81032,-10.3249,-35.9262,0.2898026,
2,20.744,2,1.393087,165.2952,-0.3170178,0.2275649,3.81032,-10.3249,-35.9262,0.2898026,
2,20.754,2,1.392722,165.1503,-0.3193024,0.2292649,3.81032,-10.3249,-35.9262,0.2898026,
2,20.764,2,1.394599,165.09,-0.3174185,0.2276056,3.81032,-10.3249,-35.9262,0.2898026,
2,20.774,2,1.396926,165.0579,-0.3170694,0.2269764,3.81032,-10.3249,-35.9262,0.2898026,
2,20.784,2,1.396239,165.0205,-0.3178853,0.2276726,3.81032,-10.3249,-35.9262,0.2898026,
2,20.794,2,1.395995,165.0056,-0.3194102,0.2288047,3.81032,-10.3249,-35.9262,0.2898026,
2,20.804,2,1.393924,164.9701,-0.319321,0.2290806,3.80325,-10.3249,-35.9308,0.2944031,
2,20.814,2,1.393442,164.9674,-0.3193204,0.2291595,3.80325,-10.3249,-35.9308,0.2944031,
2,20.824,2,1.392665,164.9437,-0.3199989,0.2297745,3.80325,-10.3249,-35.9308,0.2944031,
2,20.834,2,1.391675,164.9153,-0.319566,0.2296268,3.80325,-10.3249,-35.9308,0.2944031,
2,20.844,2,1.392042,164.8789,-0.3220269,0.2313342,3.80325,-10.3249,-35.9308,0.2944031,
2,20.854,2,1.392044,164.8967,-0.3195543,0.2295576,3.80325,-10.3249,-35.9308,0.2944031,
2,20.864,2,1.391494,164.8742,-0.3209758,0.2306699,3.80325,-10.3249,-35.9308,0.2944031,
2,20.874,2,1.39177,164.8505,-0.3223373,0.2316024,3.80325,-10.3249,-35.9308,0.2944031,
2,20.884,2,1.393461,164.7812,-0.3205721,0.2300546,3.80325,-10.3249,-35.9308,0.2944031,
2,20.894,2,1.397605,164.592,-0.3203399,0.2292063,3.80325,-10.3249,-35.9308,0.2944031,
2,20.904,2,1.402506,164.2659,-0.3223184,0.2298161,3.80325,-10.3249,-35.9308,0.2944031,
2,20.914,2,1.413294,163.8719,-0.3216775,0.2276083,3.80325,-10.3249,-35.9308,0.2944031,
2,20.924,2,1.421794,163.3943,-0.3220887,0.2265369,3.80325,-10.3249,-35.9308,0.2944031,
2,20.934,2,1.427148,163.0041,-0.3238375,0.2269124,3.80325,-10.3249,-35.9308,0.2944031,
2,20.944,2,1.434727,162.7141,-0.324267,0.2260131,3.80325,-10.3249,-35.9308,0.2944031,
2,20.954,2,1.435608,162.5208,-0.3242051,0.2258312,3.80325,-10.3249,-35.9308,0.2944031,
2,20.964,2,1.438867,162.4012,-0.3262418,0.2267352,3.80325,-10.3249,-35.9308,0.2944031,
2,20.974,2,1.4394,162.3753,-0.3269258,0.2271265,3.80325,-10.3249,-35.9308,0.2944031,
2,20.984,2,1.438785,162.3443,-0.3256665,0.2263482,3.80325,-10.3249,-35.9308,0.2944031,
2,20.994,2,1.438825,162.317,-0.328497,0.2283091,3.80325,-10.3249,-35.9308,0.2944031,
2,21.004,2,1.435391,162.2843,-0.3283333,0.2287413,3.80325,-10.3249,-35.9308,0.2944031,
2,21.014,2,1.435169,162.2575,-0.3288746,0.2291539,3.80325,-10.3249,-35.9308,0.2944031,
2,21.024,2,1.437092,162.2226,-0.328214,0.2283876,3.80325,-10.3249,-35.9308,0.2944031,
2,21.034,2,1.436859,162.2163,-0.3280849,0.2283348,3.80325,-10.3249,-35.9308,0.2944031,
2,21.044,2,1.437097,162.2047,-0.3276812,0.228016,3.80325,-10.3249,-35.9308,0.2944031,
2,21.054,2,1.435575,162.1805,-0.3277128,0.2282798,3.7951,-10.3249,-35.9352,0.2988014,
2,21.064,2,1.435702,162.1562,-0.3266641,0.2275292,3.7951,-10.3249,-35.9352,0.2988014,
2,21.074,2,1.436831,162.1438,-0.3279776,0.2282646,3.7951,-10.3249,-35.9352,0.2988014,
2,21.084,2,1.432846,162.1177,-0.3274208,0.2285107,3.7951,-10.3249,-35.9352,0.2988014,
2,21.094,2,1.43969,162.0301,-0.3295658,0.2289145,3.7951,-10.3249,-35.9352,0.2988014,
2,21.104,2,1.442578,161.8264,-0.3299047,0.228691,3.7951,-10.3249,-35.9352,0.2988014,
2,21.114,2,1.447899,161.4989,-0.330568,0.2283087,3.7951,-10.3249,-35.9352,0.2988014,
2,21.124,2,1.457163,161.0868,-0.3311023,0.2272239,3.7951,-10.3249,-35.9352,0.2988014,
2,21.134,2,1.461806,160.6623,-0.3343607,0.2287313,3.7951,-10.3249,-35.9352,0.2988014,
2,21.144,2,1.471991,160.3445,-0.3361226,0.2283456,3.7951,-10.3249,-35.9352,0.2988014,
2,21.154,2,1.477517,160.1141,-0.3361636,0.2275194,3.7951,-10.3249,-35.9352,0.2988014,
2,21.164,2,1.4796,159.9561,-0.3360901,0.2271493,3.7951,-10.3249,-35.9352,0.2988014,
2,21.174,2,1.481536,159.8851,-0.3398815,0.2294115,3.7951,-10.3249,-35.9352,0.2988014,
2,21.184,2,1.479958,159.8444,-0.3361546,0.2271379,3.7951,-10.3249,-35.9352,0.2988014,
2,21.194,2,1.480593,159.8145,-0.3367738,0.2274588,3.7951,-10.3249,-35.9352,0.2988014,
2,21.204,2,1.479233,159.7875,-0.3366081,0.2275558,3.7951,-10.3249,-35.9352,0.2988014,
2,21.214,2,1.480796,159.7615,-0.3356585,0.2266744,3.7951,-10.3249,-35.9352,0.2988014,
2,21.224,2,1.479183,159.7354,-0.3365316,0.2275118,3.7951,-10.3249,-35.9352,0.2988014,
2,21.234,2,1.480519,159.7168,-0.3376021,0.2280296,3.7951,-10.3249,-35.9352,0.2988014,
2,21.244,2,1.478497,159.6959,-0.3375991,0.2283394,3.7951,-10.3249,-35.9352,0.2988014,
2,21.254,2,1.480182,159.677,-0.339573,0.229413,3.78802,-10.3249,-35.9394,0.3030014,
2,21.264,2,1.478143,159.6505,-0.3371107,0.2280636,3.78802,-10.3249,-35.9394,0.3030014,
2,21.274,2,1.476222,159.6388,-0.3397461,0.2301457,3.78802,-10.3249,-35.9394,0.3030014,
2,21.284,2,1.476288,159.6132,-0.3408685,0.2308957,3.78802,-10.3249,-35.9394,0.3030014,
2,21.294,2,1.474834,159.6005,-0.3396112,0.2302709,3.78802,-10.3249,-35.9394,0.3030014,
2,21.304,2,1.475386,159.5863,-0.3403039,0.2306542,3.78802,-10.3249,-35.9394,0.3030014,
2,21.314,2,1.477248,159.5939,-0.3417779,0.2313612,3.78802,-10.3249,-35.9394,0.3030014,
2,21.324,2,1.477553,159.5528,-0.3413115,0.2309979,3.78802,-10.3249,-35.9394,0.3030014,
2,21.334,2,1.480489,159.4457,-0.3409309,0.2302826,3.78802,-10.3249,-35.9394,0.3030014,
2,21.344,2,1.483341,159.2377,-0.3428343,0.2311231,3.78802,-10.3249,-35.9394,0.3030014,
2,21.354,2,1.4931,158.9354,-0.3416921,0.2288475,3.78802,-10.3249,-35.9394,0.3030014,
2,21.364,2,1.502157,158.5259,-0.3429165,0.2282827,3.78802,-10.3249,-35.9394,0.3030014,
2,21.374,2,1.506104,158.1638,-0.3442372,0.2285614,3.78802,-10.3249,-35.9394,0.3030014,
2,21.384,2,1.514988,157.87,-0.3433123,0.2266106,3.78802,-10.3249,-35.9394,0.3030014,
2,21.394,2,1.519483,157.6776,-0.3452016,0.2271836,3.78802,-10.3249,-35.9394,0.3030014,
2,21.404,2,1.521017,157.5444,-0.3457459,0.2273123,3.78802,-10.3249,-35.9394,0.3030014,
2,21.414,2,1.522495,157.5204,-0.3480695,0.2286179,3.78802,-10.3249,-35.9394,0.3030014,
2,21.424,2,1.52267,157.487,-0.348472,0.2288559,3.78802,-10.3249,-35.9394,0.3030014,
2,21.434,2,1.51982,157.4682,-0.3498555,0.2301953,3.78802,-10.3249,-35.9394,0.3030014,
2,21.444,2,1.522792,157.4301,-0.3487427,0.2290153,3.78802,-10.3249,-35.9394,0.3030014,
2,21.454,2,1.520554,157.4108,-0.3496996,0.2299818,3.78802,-10.3249,-35.9394,0.3030014,
2,21.464,2,1.520002,157.3762,-0.3504598,0.2305653,3.77985,-10.3249,-35.9433,0.3069,
2,21.474,2,1.519321,157.3601,-0.3504738,0.2306779,3.77985,-10.3249,-35.9433,0.3069,
2,21.484,2,1.520298,157.3463,-0.3491924,0.2296867,3.77985,-10.3249,-35.9433,0.3069,
2,21.494,2,1.517528,157.3303,-0.3510898,0.2313563,3.77985,-10.3249,-35.9433,0.3069,
2,21.504,2,1.517726,157.2995,-0.3496981,0.2304092,3.77985,-10.3249,-35.9433,0.3069,
2,21.514,2,1.520167,157.2799,-0.3494405,0.2298698,3.77985,-10.3249,-35.9433,0.3069,
2,21.524,2,1.523213,157.211,-0.3499054,0.2297153,3.77985,-10.3249,-35.9433,0.3069,
2,21.534,2,1.526226,157.0271,-0.349384,0.2289202,3.77985,-10.3249,-35.9433,0.3069,
2,21.544,2,1.530036,156.7417,-0.3517783,0.2299151,3.77985,-10.3249,-35.9433,0.3069,
2,21.554,2,1.539345,156.3653,-0.3530211,0.229332,3.77985,-10.3249,-35.9433,0.3069,
2,21.564,2,1.545688,155.9765,-0.353965,0.2290016,3.77985,-10.3249,-35.9433,0.3069,
2,21.574,2,1.550786,155.6796,-0.3551664,0.2290235,3.77985,-10.3249,-35.9433,0.3069,
2,21.584,2,1.558586,155.4918,-0.357192,0.229177,3.77985,-10.3249,-35.9433,0.3069,
2,21.594,2,1.55917,155.3838,-0.3566039,0.2287139,3.77985,-10.3249,-35.9433,0.3069,
2,21.604,2,1.562984,155.3536,-0.3604041,0.2305873,3.77985,-10.3249,-35.9433,0.3069,
2,21.614,2,1.56226,155.3229,-0.3594742,0.2300988,3.77985,-10.3249,-35.9433,0.3069,
2,21.624,2,1.560464,155.2862,-0.3583903,0.2296691,3.77985,-10.3249,-35.9433,0.3069,
2,21.634,2,1.560269,155.2667,-0.3590398,0.230114,3.77985,-10.3249,-35.9433,0.3069,
2,21.644,2,1.559232,155.2458,-0.3588266,0.2301303,3.77985,-10.3249,-35.9433,0.3069,
2,21.654,2,1.558581,155.2122,-0.357766,0.2295459,3.77332,-10.3249,-35.947,0.3106003,
2,21.664,2,1.557232,155.1946,-0.3576669,0.2296811,3.77332,-10.3249,-35.947,0.3106003,
2,21.674,2,1.557903,155.1831,-0.3593655,0.2306726,3.77332,-10.3249,-35.947,0.3106003,
2,21.684,2,1.558423,155.1548,-0.3602102,0.2311376,3.77332,-10.3249,-35.947,0.3106003,
2,21.694,2,1.558006,155.1371,-0.3622774,0.2325263,3.77332,-10.3249,-35.947,0.3106003,
2,21.704,2,1.55733,155.1126,-0.3615556,0.2321637,3.77332,-10.3249,-35.947,0.3106003,
2,21.714,2,1.557299,155.1053,-0.3602277,0.2313157,3.77332,-10.3249,-35.947,0.3106003,
2,21.724,2,1.556278,155.0819,-0.3623332,0.2328203,3.77332,-10.3249,-35.947,0.3106003,
2,21.734,2,1.56137,154.972,-0.3642219,0.2332707,3.77332,-10.3249,-35.947,0.3106003,
2,21.744,2,1.565154,154.7656,-0.364055,0.2326001,3.77332,-10.3249,-35.947,0.3106003,
2,21.754,2,1.57256,154.4693,-0.365086,0.2321604,3.77332,-10.3249,-35.947,0.3106003,
2,21.764,2,1.577042,154.0521,-0.3667252,0.2325399,3.77332,-10.3249,-35.947,0.3106003,
2,21.774,2,1.587197,153.7422,-0.3672444,0.2313792,3.77332,-10.3249,-35.947,0.3106003,
2,21.784,2,1.591428,153.4956,-0.3677545,0.2310847,3.77332,-10.3249,-35.947,0.3106003,
2,21.794,2,1.596414,153.3518,-0.367055,0.2299246,3.77332,-10.3249,-35.947,0.3106003,
2,21.804,2,1.597449,153.2852,-0.3678101,0.2302484,3.77332,-10.3249,-35.947,0.3106003,
2,21.814,2,1.598025,153.274,-0.37079,0.2320301,3.77332,-10.3249,-35.947,0.3106003,
2,21.824,2,1.597456,153.2367,-0.3687054,0.2308079,3.77332,-10.3249,-35.947,0.3106003,
2,21.834,2,1.59613,153.2032,-0.3699923,0.2318059,3.77332,-10.3249,-35.947,0.3106003,
2,21.844,2,1.595925,153.1734,-0.3698898,0.2317713,3.77332,-10.3249,-35.947,0.3106003,
2,21.854,2,1.59599,153.1645,-0.3705342,0.2321657,3.77332,-10.3249,-35.947,0.3106003,
2,21.864,2,1.593627,153.1352,-0.3724742,0.2337273,3.76625,-10.3249,-35.9504,0.314003,
2,21.874,2,1.597304,153.125,-0.3726716,0.2333128,3.76625,-10.3249,-35.9504,0.314003,
2,21.884,2,1.593619,153.0841,-0.3735127,0.2343802,3.76625,-10.3249,-35.9504,0.314003,
2,21.894,2,1.59366,153.0877,-0.3724425,0.2337026,3.76625,-10.3249,-35.9504,0.314003,
2,21.904,2,1.594251,153.0531,-0.3746457,0.2349979,3.76625,-10.3249,-35.9504,0.314003,
2,21.914,2,1.591191,153.0318,-0.3746619,0.2354601,3.76625,-10.3249,-35.9504,0.314003,
2,21.924,2,1.592161,153.0238,-0.3739466,0.2348673,3.76625,-10.3249,-35.9504,0.314003,
2,21.934,2,1.594945,153.0101,-0.3740226,0.234505,3.76625,-10.3249,-35.9504,0.314003,
2,21.944,2,1.597791,152.8617,-0.373431,0.233717,3.76625,-10.3249,-35.9504,0.314003,
2,21.954,2,1.601681,152.6342,-0.3724298,0.2325243,3.76625,-10.3249,-35.9504,0.314003,
2,21.964,2,1.607767,152.2986,-0.3752064,0.2333712,3.76625,-10.3249,-35.9504,0.314003,
2,21.974,2,1.615733,151.9292,-0.375055,0.2321268,3.76625,-10.3249,-35.9504,0.314003,
2,21.984,2,1.622737,151.646,-0.3786073,0.233314,3.76625,-10.3249,-35.9504,0.314003,
2,21.994,2,1.627309,151.4695,-0.3780941,0.2323432,3.76625,-10.3249,-35.9504,0.314003,
2,22.004,2,1.631251,151.3509,-0.3850732,0.23606,3.76625,-10.3249,-35.9504,0.314003,
2,22.014,2,1.630716,151.3088,-0.3807134,0.233464,3.76625,-10.3249,-35.9504,0.314003,
2,22.024,2,1.630979,151.2755,-0.3824806,0.2345098,3.76625,-10.3249,-35.9504,0.314003,
2,22.034,2,1.631151,151.2549,-0.3825791,0.2345455,3.76625,-10.3249,-35.9504,0.314003,
2,22.044,2,1.630353,151.2386,-0.3836186,0.2352979,3.76625,-10.3249,-35.9504,0.314003,
2,22.054,2,1.629578,151.2206,-0.3864672,0.2371579,3.76625,-10.3249,-35.9504,0.314003,
2,22.064,2,1.628642,151.1832,-0.3909147,0.240025,3.76625,-10.3249,-35.9504,0.314003,
2,22.074,2,1.628943,151.1593,-0.3835781,0.2354766,3.76625,-10.3249,-35.9504,0.314003,
2,22.084,2,1.627114,151.1331,-0.383381,0.2356203,3.76625,-10.3249,-35.9504,0.314003,
2,22.094,2,1.626971,151.1196,-0.3826575,0.2351962,3.76625,-10.3249,-35.9504,0.314003,
2,22.104,2,1.628198,151.0976,-0.3837831,0.2357104,3.75918,-10.3249,-35.9537,0.3173027,
2,22.114,2,1.626998,151.0846,-0.3861542,0.2373415,3.75918,-10.3249,-35.9537,0.3173027,
2,22.124,2,1.62483,151.0662,-0.3872978,0.2383621,3.75918,-10.3249,-35.9537,0.3173027,
2,22.134,2,1.625575,151.0414,-0.3876861,0.2384917,3.75918,-10.3249,-35.9537,0.3173027,
2,22.144,2,1.624678,151.0218,-0.387857,0.2387285,3.75918,-10.3249,-35.9537,0.3173027,
2,22.154,2,1.625104,151.015,-0.3864623,0.2378077,3.75918,-10.3249,-35.9537,0.3173027,
2,22.164,2,1.625293,151.0014,-0.3881309,0.2388067,3.75918,-10.3249,-35.9537,0.3173027,
2,22.174,2,1.626461,150.9782,-0.3895293,0.239495,3.75918,-10.3249,-35.9537,0.3173027,
2,22.184,2,1.629418,150.8437,-0.3887684,0.2385934,3.75918,-10.3249,-35.9537,0.3173027,
2,22.194,2,1.636244,150.6178,-0.3904011,0.2385959,3.75918,-10.3249,-35.9537,0.3173027,
2,22.204,2,1.642979,150.3076,-0.3900104,0.23738,3.75918,-10.3249,-35.9537,0.3173027,
2,22.214,2,1.647487,149.9284,-0.3924223,0.2381945,3.75918,-10.3249,-35.9537,0.3173027,
2,22.224,2,1.655319,149.6419,-0.3941323,0.2381006,3.75918,-10.3249,-35.9537,0.3173027,
2,22.234,2,1.663192,149.4884,-0.3935496,0.2366231,3.75918,-10.3249,-35.9537,0.3173027,
2,22.244,2,1.663908,149.3951,-0.3913665,0.2352093,3.75918,-10.3249,-35.9537,0.3173027,
2,22.254,2,1.663825,149.3604,-0.3948313,0.2373034,3.75918,-10.3249,-35.9537,0.3173027,
2,22.264,2,1.665075,149.3337,-0.3941565,0.2367199,3.75918,-10.3249,-35.9537,0.3173027,
2,22.274,2,1.663998,149.3114,-0.3955164,0.2376904,3.75918,-10.3249,-35.9537,0.3173027,
2,22.284,2,1.661386,149.282,-0.3964676,0.2386367,3.751,-10.3249,-35.9569,0.3205032,
2,22.294,2,1.66381,149.2695,-0.3968328,0.2385085,3.751,-10.3249,-35.9569,0.3205032,
2,22.304,2,1.663761,149.2422,-0.3975975,0.2389751,3.751,-10.3249,-35.9569,0.3205032,
2,22.314,2,1.66086,149.2311,-0.4002714,0.2410025,3.751,-10.3249,-35.9569,0.3205032,
2,22.324,2,1.658878,149.2124,-0.4103878,0.2473888,3.751,-10.3249,-35.9569,0.3205032,
2,22.334,2,1.660249,149.193,-0.4013288,0.241728,3.751,-10.3249,-35.9569,0.3205032,
2,22.344,2,1.660901,149.1544,-0.402382,0.2422674,3.751,-10.3249,-35.9569,0.3205032,
2,22.354,2,1.658008,149.1648,-0.4019077,0.242404,3.751,-10.3249,-35.9569,0.3205032,
2,22.364,2,1.659334,149.1465,-0.4003727,0.2412851,3.751,-10.3249,-35.9569,0.3205032,
2,22.374,2,1.663579,149.0456,-0.4000962,0.2405033,3.751,-10.3249,-35.9569,0.3205032,
2,22.384,2,1.667848,148.8238,-0.400452,0.240101,3.751,-10.3249,-35.9569,0.3205032,
2,22.394,2,1.676861,148.5335,-0.4011278,0.2392135,3.751,-10.3249,-35.9569,0.3205032,
2,22.404,2,1.680126,148.149,-0.4028666,0.2397835,3.751,-10.3249,-35.9569,0.3205032,
2,22.414,2,1.686196,147.9169,-0.4048961,0.240124,3.751,-10.3249,-35.9569,0.3205032,
2,22.424,2,1.692825,147.751,-0.4071375,0.2405077,3.751,-10.3249,-35.9569,0.3205032,
2,22.434,2,1.695399,147.6658,-0.4079464,0.2406198,3.751,-10.3249,-35.9569,0.3205032,
2,22.444,2,1.694158,147.6241,-0.4079991,0.240827,3.751,-10.3249,-35.9569,0.3205032,
2,22.454,2,1.694288,147.6025,-0.4103575,0.2422006,3.751,-10.3249,-35.9569,0.3205032,
2,22.464,2,1.693761,147.573,-0.4111728,0.2427573,3.751,-10.3249,-35.9569,0.3205032,
2,22.474,2,1.69414,147.5588,-0.410236,0.24215,3.751,-10.3249,-35.9569,0.3205032,
2,22.484,2,1.694988,147.5291,-0.4118412,0.2429758,3.751,-10.3249,-35.9569,0.3205032,
2,22.494,2,1.693738,147.5155,-0.4113492,0.2428647,3.751,-10.3249,-35.9569,0.3205032,
2,22.504,2,1.694106,147.4969,-0.4123467,0.2434008,3.74447,-10.3249,-35.9598,0.3234024,
2,22.514,2,1.692246,147.4788,-0.4130327,0.2440737,3.74447,-10.3249,-35.9598,0.3234024,
2,22.524,2,1.691956,147.4548,-0.4130879,0.2441481,3.74447,-10.3249,-35.9598,0.3234024,
2,22.534,2,1.691067,147.4404,-0.4122052,0.2437546,3.74447,-10.3249,-35.9598,0.3234024,
2,22.544,2,1.690058,147.42,-0.4119334,0.2437392,3.74447,-10.3249,-35.9598,0.3234024,
2,22.554,2,1.691281,147.4144,-0.4119317,0.243562,3.74447,-10.3249,-35.9598,0.3234024,
2,22.564,2,1.690883,147.3834,-0.411756,0.2435153,3.74447,-10.3249,-35.9598,0.3234024,
2,22.574,2,1.692243,147.3593,-0.4147976,0.2451171,3.74447,-10.3249,-35.9598,0.3234024,
2,22.584,2,1.693165,147.23,-0.4165513,0.2460193,3.74447,-10.3249,-35.9598,0.3234024,
2,22.594,2,1.698772,147.0141,-0.4142641,0.2438609,3.74447,-10.3249,-35.9598,0.3234024,
2,22.604,2,1.708016,146.6973,-0.4168543,0.2440576,3.74447,-10.3249,-35.9598,0.3234024,
2,22.614,2,1.712031,146.379,-0.4218239,0.2463879,3.74447,-10.3249,-35.9598,0.3234024,
2,22.624,2,1.718799,146.1646,-0.4195515,0.2440957,3.74447,-10.3249,-35.9598,0.3234024,
2,22.634,2,1.722576,146.055,-0.4222757,0.245142,3.74447,-10.3249,-35.9598,0.3234024,
2,22.644,2,1.722637,145.992,-0.4239234,0.2460898,3.74447,-10.3249,-35.9598,0.3234024,
2,22.654,2,1.724422,145.9652,-0.4228137,0.2451916,3.74447,-10.3249,-35.9598,0.3234024,
2,22.664,2,1.72222,145.94,-0.422077,0.2450772,3.74447,-10.3249,-35.9598,0.3234024,
2,22.674,2,1.724181,145.9271,-0.422353,0.2449586,3.74447,-10.3249,-35.9598,0.3234024,
2,22.684,2,1.722236,145.9059,-0.4223557,0.2452368,3.74447,-10.3249,-35.9598,0.3234024,
2,22.694,2,1.719523,145.8961,-0.4236875,0.2463983,3.74447,-10.3249,-35.9598,0.3234024,
2,22.704,2,1.72281,145.8658,-0.4251375,0.2467698,3.74447,-10.3249,-35.9598,0.3234024,
2,22.714,2,1.721465,145.8439,-0.4236698,0.2461101,3.73738,-10.3249,-35.9626,0.3262024,
2,22.724,2,1.718506,145.8343,-0.4252744,0.2474675,3.73738,-10.3249,-35.9626,0.3262024,
2,22.734,2,1.720202,145.8164,-0.4259016,0.2475882,3.73738,-10.3249,-35.9626,0.3262024,
2,22.744,2,1.717568,145.7881,-0.4265851,0.2483657,3.73738,-10.3249,-35.9626,0.3262024,
2,22.754,2,1.721007,145.7986,-0.4272599,0.2482616,3.73738,-10.3249,-35.9626,0.3262024,
2,22.764,2,1.719303,145.7706,-0.4280539,0.2489695,3.73738,-10.3249,-35.9626,0.3262024,
2,22.774,2,1.719812,145.7511,-0.4294927,0.2497324,3.73738,-10.3249,-35.9626,0.3262024,
2,22.784,2,1.719929,145.725,-0.4287711,0.2492958,3.73738,-10.3249,-35.9626,0.3262024,
2,22.794,2,1.722073,145.5714,-0.4292261,0.2492496,3.73738,-10.3249,-35.9626,0.3262024,
2,22.804,2,1.729874,145.3266,-0.427725,0.247258,3.73738,-10.3249,-35.9626,0.3262024,
2,22.814,2,1.736829,145.0181,-0.4298503,0.2474914,3.73738,-10.3249,-35.9626,0.3262024,
2,22.824,2,1.741963,144.7126,-0.4315834,0.2477569,3.73738,-10.3249,-35.9626,0.3262024,
2,22.834,2,1.746838,144.5284,-0.4320678,0.2473428,3.73738,-10.3249,-35.9626,0.3262024,
2,22.844,2,1.751377,144.4105,-0.4328486,0.2471476,3.73738,-10.3249,-35.9626,0.3262024,
2,22.854,2,1.75073,144.389,-0.4339311,0.2478573,3.73738,-10.3249,-35.9626,0.3262024,
2,22.864,2,1.75192,144.3639,-0.4349463,0.2482684,3.73738,-10.3249,-35.9626,0.3262024,
2,22.874,2,1.751626,144.3543,-0.4351219,0.2484103,3.73738,-10.3249,-35.9626,0.3262024,
2,22.884,2,1.752005,144.3266,-0.4365983,0.2491992,3.73738,-10.3249,-35.9626,0.3262024,
2,22.894,2,1.750931,144.3179,-0.435662,0.2488173,3.73738,-10.3249,-35.9626,0.3262024,
2,22.904,2,1.748746,144.2864,-0.43758,0.2502251,3.73738,-10.3249,-35.9626,0.3262024,
2,22.914,2,1.750433,144.2669,-0.4392891,0.2509602,3.73738,-10.3249,-35.9626,0.3262024,
2,22.924,2,1.751266,144.2533,-0.4403707,0.2514584,3.73738,-10.3249,-35.9626,0.3262024,
2,22.934,2,1.747809,144.264,-0.4415355,0.2526223,3.73738,-10.3249,-35.9626,0.3262024,
2,22.944,2,1.749891,144.2273,-0.4425275,0.2528887,3.73738,-10.3249,-35.9626,0.3262024,
2,22.954,2,1.750003,144.2097,-0.4402631,0.2515785,3.73738,-10.3249,-35.9626,0.3262024,
2,22.964,2,1.750884,144.1845,-0.440869,0.251798,3.7303,-10.3249,-35.9654,0.3290024,
2,22.974,2,1.749833,144.1821,-0.4405223,0.251751,3.7303,-10.3249,-35.9654,0.3290024,
2,22.984,2,1.74909,144.1671,-0.4406028,0.251904,3.7303,-10.3249,-35.9654,0.3290024,
2,22.994,2,1.748681,144.1622,-0.4420434,0.2527867,3.7303,-10.3249,-35.9654,0.3290024,
2,23.004,2,1.747672,144.1363,-0.4431393,0.2535598,3.7303,-10.3249,-35.9654,0.3290024,
2,23.014,2,1.748179,144.1216,-0.4449205,0.2545051,3.7303,-10.3249,-35.9654,0.3290024,
2,23.024,2,1.751069,144.0985,-0.4524982,0.2584126,3.7303,-10.3249,-35.9654,0.3290024,
2,23.034,2,1.752759,143.9516,-0.4478224,0.2554957,3.7303,-10.3249,-35.9654,0.3290024,
2,23.044,2,1.757579,143.7066,-0.4473648,0.2545346,3.7303,-10.3249,-35.9654,0.3290024,
2,23.054,2,1.765681,143.3889,-0.4484996,0.2540094,3.7303,-10.3249,-35.9654,0.3290024,
2,23.064,2,1.771173,143.1221,-0.4496454,0.2538686,3.7303,-10.3249,-35.9654,0.3290024,
2,23.074,2,1.778159,142.9214,-0.4508248,0.2535346,3.7303,-10.3249,-35.9654,0.3290024,
2,23.084,2,1.780365,142.8275,-0.4520742,0.2539222,3.7303,-10.3249,-35.9654,0.3290024,
2,23.094,2,1.779208,142.8104,-0.4539478,0.2551405,3.7303,-10.3249,-35.9654,0.3290024,
2,23.104,2,1.782066,142.7923,-0.4618433,0.2591618,3.7303,-10.3249,-35.9654,0.3290024,
2,23.114,2,1.779482,142.7635,-0.4534427,0.2548172,3.7303,-10.3249,-35.9654,0.3290024,
2,23.124,2,1.77939,142.7446,-0.4521571,0.2541079,3.7303,-10.3249,-35.9654,0.3290024,
2,23.134,2,1.779799,142.7203,-0.4530542,0.2545535,3.7303,-10.3249,-35.9654,0.3290024,
2,23.144,2,1.779677,142.7251,-0.4567388,0.2566414,3.7303,-10.3249,-35.9654,0.3290024,
2,23.154,2,1.779953,142.711,-0.45377,0.2549338,3.7303,-10.3249,-35.9654,0.3290024,
2,23.164,2,1.77796,142.6865,-0.4557564,0.2563367,3.72215,-10.3249,-35.968,0.3316002,
2,23.174,2,1.776027,142.6745,-0.4566362,0.2571111,3.72215,-10.3249,-35.968,0.3316002,
2,23.184,2,1.778675,142.6629,-0.4559455,0.25634,3.72215,-10.3249,-35.968,0.3316002,
2,23.194,2,1.779477,142.6422,-0.4589745,0.2579266,3.72215,-10.3249,-35.968,0.3316002,
2,23.204,2,1.7762,142.6312,-0.4587848,0.2582957,3.72215,-10.3249,-35.968,0.3316002,
2,23.214,2,1.77845,142.6253,-0.4589032,0.2580355,3.72215,-10.3249,-35.968,0.3316002,
2,23.224,2,1.777572,142.5875,-0.4612721,0.2594956,3.72215,-10.3249,-35.968,0.3316002,
2,23.234,2,1.778268,142.5748,-0.4598583,0.258599,3.72215,-10.3249,-35.968,0.3316002,
2,23.244,2,1.783544,142.4121,-0.4591598,0.2574424,3.72215,-10.3249,-35.968,0.3316002,
2,23.254,2,1.790664,142.1447,-0.4616573,0.2578135,3.72215,-10.3249,-35.968,0.3316002,
2,23.264,2,1.794513,141.8359,-0.4629573,0.2579849,3.72215,-10.3249,-35.968,0.3316002,
2,23.274,2,1.802795,141.5967,-0.4635555,0.2571315,3.72215,-10.3249,-35.968,0.3316002,
2,23.284,2,1.807328,141.4178,-0.4641368,0.2568083,3.72215,-10.3249,-35.968,0.3316002,
2,23.294,2,1.809572,141.377,-0.4641452,0.2564945,3.72215,-10.3249,-35.968,0.3316002,
2,23.304,2,1.80957,141.3615,-0.4649203,0.2569231,3.72215,-10.3249,-35.968,0.3316002,
2,23.314,2,1.808743,141.3373,-0.4675924,0.2585178,3.72215,-10.3249,-35.968,0.3316002,
2,23.324,2,1.809988,141.327,-0.4694466,0.2593645,3.72215,-10.3249,-35.968,0.3316002,
2,23.334,2,1.806713,141.3058,-0.4708884,0.2606326,3.72215,-10.3249,-35.968,0.3316002,
2,23.344,2,1.806648,141.273,-0.4710127,0.2607108,3.72215,-10.3249,-35.968,0.3316002,
2,23.354,2,1.808158,141.2952,-0.4716132,0.2608252,3.72215,-10.3249,-35.968,0.3316002,
2,23.364,2,1.808961,141.2665,-0.4718188,0.260823,3.72215,-10.3249,-35.968,0.3316002,
2,23.374,2,1.804887,141.2505,-0.4757712,0.2636017,3.72215,-10.3249,-35.968,0.3316002,
2,23.384,2,1.80638,141.2407,-0.4715885,0.2610682,3.72215,-10.3249,-35.968,0.3316002,
2,23.394,2,1.806436,141.2279,-0.4717322,0.2611398,3.71508,-10.3249,-35.9705,0.3341026,
2,23.404,2,1.806544,141.2063,-0.471499,0.260995,3.71508,-10.3249,-35.9705,0.3341026,
2,23.414,2,1.80715,141.2013,-0.4723364,0.2613709,3.71508,-10.3249,-35.9705,0.3341026,
2,23.424,2,1.80626,141.1815,-0.4722345,0.2614433,3.71508,-10.3249,-35.9705,0.3341026,
2,23.434,2,1.807742,141.1849,-0.4716472,0.260904,3.71508,-10.3249,-35.9705,0.3341026,
2,23.444,2,1.805731,141.1684,-0.4734574,0.2621971,3.71508,-10.3249,-35.9705,0.3341026,
2,23.454,2,1.803801,141.159,-0.473924,0.2627364,3.71508,-10.3249,-35.9705,0.3341026,
2,23.464,2,1.803965,141.1418,-0.4750918,0.2633597,3.71508,-10.3249,-35.9705,0.3341026,
2,23.474,2,1.80612,141.1086,-0.4747448,0.2628535,3.71508,-10.3249,-35.9705,0.3341026,
2,23.484,2,1.811577,140.9421,-0.4762902,0.2629146,3.71508,-10.3249,-35.9705,0.3341026,
2,23.494,2,1.819237,140.6801,-0.4786358,0.263097,3.71508,-10.3249,-35.9705,0.3341026,
2,23.504,2,1.822217,140.3719,-0.4799081,0.2633651,3.71508,-10.3249,-35.9705,0.3341026,
2,23.514,2,1.829246,140.1736,-0.4823496,0.2636877,3.71508,-10.3249,-35.9705,0.3341026,
2,23.524,2,1.831608,140.0427,-0.4826454,0.2635091,3.71508,-10.3249,-35.9705,0.3341026,
2,23.534,2,1.835249,139.9799,-0.4827808,0.2630602,3.71508,-10.3249,-35.9705,0.3341026,
2,23.544,2,1.834664,139.9724,-0.48172,0.2625657,3.71508,-10.3249,-35.9705,0.3341026,
2,23.554,2,1.835343,139.958,-0.4828271,0.2630719,3.71508,-10.3249,-35.9705,0.3341026,
2,23.564,2,1.832478,139.9436,-0.4815569,0.2627899,3.71508,-10.3249,-35.9705,0.3341026,
2,23.574,2,1.832801,139.9277,-0.4821253,0.2630538,3.71508,-10.3249,-35.9705,0.3341026,
2,23.584,2,1.832957,139.8964,-0.4845044,0.2643293,3.71508,-10.3249,-35.9705,0.3341026,
2,23.594,2,1.832469,139.8878,-0.4822038,0.2631443,3.71508,-10.3249,-35.9705,0.3341026,
2,23.604,2,1.833546,139.9009,-0.4843782,0.2641756,3.71508,-10.3249,-35.9705,0.3341026,
2,23.614,2,1.83163,139.8732,-0.4851413,0.2648686,3.70797,-10.3249,-35.973,0.3366013,
2,23.624,2,1.832555,139.8483,-0.4871409,0.2658261,3.70797,-10.3249,-35.973,0.3366013,
2,23.634,2,1.831167,139.8452,-0.488526,0.2667839,3.70797,-10.3249,-35.973,0.3366013,
2,23.644,2,1.833879,139.8438,-0.4888802,0.2665825,3.70797,-10.3249,-35.973,0.3366013,
2,23.654,2,1.831292,139.8198,-0.4886226,0.2668185,3.70797,-10.3249,-35.973,0.3366013,
2,23.664,2,1.831491,139.8247,-0.4907522,0.2679523,3.70797,-10.3249,-35.973,0.3366013,
2,23.674,2,1.832124,139.8096,-0.4884896,0.2666248,3.70797,-10.3249,-35.973,0.3366013,
2,23.684,2,1.834358,139.7342,-0.488154,0.266117,3.70797,-10.3249,-35.973,0.3366013,
2,23.694,2,1.842909,139.5803,-0.4903421,0.2660696,3.70797,-10.3249,-35.973,0.3366013,
2,23.704,2,1.846342,139.2838,-0.4904592,0.2656383,3.70797,-10.3249,-35.973,0.3366013,
2,23.714,2,1.851233,138.9937,-0.4889435,0.2641178,3.70797,-10.3249,-35.973,0.3366013,
2,23.724,2,1.859258,138.8215,-0.489863,0.2634723,3.70797,-10.3249,-35.973,0.3366013,
2,23.734,2,1.859859,138.7148,-0.4922256,0.2646574,3.70797,-10.3249,-35.973,0.3366013,
2,23.744,2,1.863327,138.6702,-0.4938563,0.26504,3.70797,-10.3249,-35.973,0.3366013,
2,23.754,2,1.861682,138.6575,-0.4962024,0.2665344,3.70797,-10.3249,-35.973,0.3366013,
2,23.764,2,1.860964,138.6397,-0.497078,0.2671078,3.70797,-10.3249,-35.973,0.3366013,
2,23.774,2,1.860272,138.6395,-0.4957512,0.2664939,3.70797,-10.3249,-35.973,0.3366013,
2,23.784,2,1.862021,138.6215,-0.4991766,0.2680832,3.70797,-10.3249,-35.973,0.3366013,
2,23.794,2,1.860587,138.5887,-0.4993259,0.2683701,3.70797,-10.3249,-35.973,0.3366013,
2,23.804,2,1.859806,138.5821,-0.4996026,0.2686315,3.70797,-10.3249,-35.973,0.3366013,
2,23.814,2,1.862538,138.6093,-0.5020227,0.2695368,3.70797,-10.3249,-35.973,0.3366013,
2,23.824,2,1.860629,138.566,-0.5014025,0.26948,3.70797,-10.3249,-35.973,0.3366013,
2,23.834,2,1.859836,138.551,-0.5001521,0.2689227,3.70797,-10.3249,-35.973,0.3366013,
2,23.844,2,1.862012,138.5329,-0.5009996,0.2690636,3.69983,-10.3249,-35.9753,0.3389015,
2,23.854,2,1.860435,138.5328,-0.500764,0.269165,3.69983,-10.3249,-35.9753,0.3389015,
2,23.864,2,1.859003,138.5233,-0.5036614,0.2709309,3.69983,-10.3249,-35.9753,0.3389015,
2,23.874,2,1.856448,138.5271,-0.5060664,0.2725993,3.69983,-10.3249,-35.9753,0.3389015,
2,23.884,2,1.859589,138.5026,-0.5060359,0.2721225,3.69983,-10.3249,-35.9753,0.3389015,
2,23.894,2,1.863793,138.4081,-0.5066401,0.2718328,3.69983,-10.3249,-35.9753,0.3389015,
2,23.904,2,1.866333,138.2103,-0.509189,0.2728286,3.69983,-10.3249,-35.9753,0.3389015,
2,23.914,2,1.874388,137.919,-0.5102196,0.2722059,3.69983,-10.3249,-35.9753,0.3389015,
2,23.924,2,1.87868,137.6593,-0.5107857,0.2718854,3.69983,-10.3249,-35.9753,0.3389015,
2,23.934,2,1.881739,137.4825,-0.5131025,0.2726746,3.69983,-10.3249,-35.9753,0.3389015,
2,23.944,2,1.888496,137.4268,-0.5113798,0.2707869,3.69983,-10.3249,-35.9753,0.3389015,
2,23.954,2,1.887031,137.4063,-0.5132435,0.2719847,3.69983,-10.3249,-35.9753,0.3389015,
2,23.964,2,1.885202,137.3918,-0.5162928,0.273866,3.69983,-10.3249,-35.9753,0.3389015,
2,23.974,2,1.890603,137.3744,-0.5164483,0.273166,3.69983,-10.3249,-35.9753,0.3389015,
2,23.984,2,1.887483,137.362,-0.5154749,0.2731017,3.69983,-10.3249,-35.9753,0.3389015,
2,23.994,2,1.885563,137.35,-0.5165973,0.2739751,3.69983,-10.3249,-35.9753,0.3389015,
2,24.004,2,1.886212,137.3364,-0.5162446,0.2736938,3.69983,-10.3249,-35.9753,0.3389015,
2,24.014,2,1.887962,137.3144,-0.5153619,0.2729726,3.69983,-10.3249,-35.9753,0.3389015,
2,24.024,2,1.887638,137.3092,-0.5176876,0.2742516,3.69983,-10.3249,-35.9753,0.3389015,
2,24.034,2,1.886149,137.3066,-0.5172653,0.2742441,3.69983,-10.3249,-35.9753,0.3389015,
2,24.044,2,1.885231,137.2987,-0.51758,0.2745447,3.69983,-10.3249,-35.9753,0.3389015,
2,24.054,2,1.885499,137.2823,-0.5209377,0.2762864,3.69275,-10.3249,-35.9776,0.3412018,
2,24.064,2,1.886172,137.267,-0.5204317,0.2759196,3.69275,-10.3249,-35.9776,0.3412018,
2,24.074,2,1.888402,137.2641,-0.5213978,0.2761054,3.69275,-10.3249,-35.9776,0.3412018,
2,24.084,2,1.886263,137.2491,-0.5222033,0.2768455,3.69275,-10.3249,-35.9776,0.3412018,
2,24.094,2,1.885138,137.2419,-0.5224334,0.2771328,3.69275,-10.3249,-35.9776,0.3412018,
2,24.104,2,1.885167,137.2302,-0.5235762,0.2777347,3.69275,-10.3249,-35.9776,0.3412018,
2,24.114,2,1.884332,137.2275,-0.5254948,0.2788759,3.69275,-10.3249,-35.9776,0.3412018,
2,24.124,2,1.885753,137.2268,-0.5233549,0.2775309,3.69275,-10.3249,-35.9776,0.3412018,
2,24.134,2,1.889817,137.1072,-0.5241996,0.2773811,3.69275,-10.3249,-35.9776,0.3412018,
2,24.144,2,1.893717,136.933,-0.5221116,0.2757072,3.69275,-10.3249,-35.9776,0.3412018,
2,24.154,2,1.901313,136.6485,-0.5234866,0.275329,3.69275,-10.3249,-35.9776,0.3412018,
2,24.164,2,1.904486,136.387,-0.5248029,0.2755615,3.69275,-10.3249,-35.9776,0.3412018,
2,24.174,2,1.910073,136.2443,-0.5246629,0.2746821,3.69275,-10.3249,-35.9776,0.3412018,
2,24.184,2,1.913484,136.1837,-0.5232856,0.2734727,3.69275,-10.3249,-35.9776,0.3412018,
2,24.194,2,1.913431,136.1496,-0.5262758,0.275043,3.69275,-10.3249,-35.9776,0.3412018,
2,24.204,2,1.912427,136.1569,-0.5252362,0.2746438,3.69275,-10.3249,-35.9776,0.3412018,
2,24.214,2,1.912821,136.1371,-0.5267305,0.2753684,3.69275,-10.3249,-35.9776,0.3412018,
2,24.224,2,1.913904,136.1152,-0.5287984,0.276293,3.69275,-10.3249,-35.9776,0.3412018,
2,24.234,2,1.915451,136.1252,-0.5283176,0.2758189,3.69275,-10.3249,-35.9776,0.3412018,
2,24.244,2,1.913211,136.1057,-0.5286255,0.2763028,3.69275,-10.3249,-35.9776,0.3412018,
2,24.254,2,1.912508,136.0746,-0.5304801,0.277374,3.69275,-10.3249,-35.9776,0.3412018,
2,24.264,2,1.914629,136.0907,-0.5302494,0.2769462,3.6846,-10.3249,-35.9798,0.3434029,
2,24.274,2,1.913546,136.0814,-0.5304447,0.2772051,3.6846,-10.3249,-35.9798,0.3434029,
2,24.284,2,1.911827,136.0601,-0.5297912,0.2771126,3.6846,-10.3249,-35.9798,0.3434029,
2,24.294,2,1.91153,136.0561,-0.5314133,0.2780041,3.6846,-10.3249,-35.9798,0.3434029,
2,24.304,2,1.910581,136.0417,-0.5300738,0.2774412,3.6846,-10.3249,-35.9798,0.3434029,
2,24.314,2,1.914315,136.0272,-0.5317045,0.2777519,3.6846,-10.3249,-35.9798,0.3434029,
2,24.324,2,1.911168,136.0315,-0.5305941,0.2776282,3.6846,-10.3249,-35.9798,0.3434029,
2,24.334,2,1.914217,136.0269,-0.5317972,0.2778146,3.6846,-10.3249,-35.9798,0.3434029,
2,24.344,2,1.915855,135.8886,-0.5332966,0.2783595,3.6846,-10.3249,-35.9798,0.3434029,
2,24.354,2,1.919218,135.6765,-0.5351478,0.2788364,3.6846,-10.3249,-35.9798,0.3434029,
2,24.364,2,1.926906,135.4045,-0.5381876,0.2793014,3.6846,-10.3249,-35.9798,0.3434029,
2,24.374,2,1.93228,135.1971,-0.5392143,0.279056,3.6846,-10.3249,-35.9798,0.3434029,
2,24.384,2,1.935219,135.0744,-0.5379598,0.277984,3.6846,-10.3249,-35.9798,0.3434029,
2,24.394,2,1.938011,135.0453,-0.5399779,0.2786247,3.6846,-10.3249,-35.9798,0.3434029,
2,24.404,2,1.940063,135.0205,-0.5412207,0.2789707,3.6846,-10.3249,-35.9798,0.3434029,
2,24.414,2,1.938644,135.0147,-0.5401413,0.2786181,3.6846,-10.3249,-35.9798,0.3434029,
2,24.424,2,1.939613,134.9991,-0.5410086,0.2789261,3.6846,-10.3249,-35.9798,0.3434029,
2,24.434,2,1.937674,134.9812,-0.5401577,0.2787661,3.6846,-10.3249,-35.9798,0.3434029,
2,24.444,2,1.939635,134.974,-0.5374047,0.2770648,3.6846,-10.3249,-35.9798,0.3434029,
2,24.454,2,1.938548,134.9777,-0.5383517,0.2777088,3.67803,-10.3249,-35.9819,0.3455009,
2,24.464,2,1.936307,134.9433,-0.5410724,0.2794352,3.67803,-10.3249,-35.9819,0.3455009,
2,24.474,2,1.936867,134.9415,-0.5399856,0.2787933,3.67803,-10.3249,-35.9819,0.3455009,
2,24.484,2,1.935045,134.9357,-0.5422568,0.2802296,3.67803,-10.3249,-35.9819,0.3455009,
2,24.494,2,1.937451,134.9322,-0.5428349,0.28018,3.67803,-10.3249,-35.9819,0.3455009,
2,24.504,2,1.934885,134.9166,-0.5431275,0.2807027,3.67803,-10.3249,-35.9819,0.3455009,
2,24.514,2,1.934048,134.9049,-0.5443106,0.2814359,3.67803,-10.3249,-35.9819,0.3455009,
2,24.524,2,1.935444,134.8997,-0.5454488,0.2818211,3.67803,-10.3249,-35.9819,0.3455009,
2,24.534,2,1.940491,134.8123,-0.5460233,0.2813841,3.67803,-10.3249,-35.9819,0.3455009,
2,24.544,2,1.945499,134.6241,-0.5470687,0.2811971,3.67803,-10.3249,-35.9819,0.3455009,
2,24.554,2,1.949221,134.3456,-0.5494891,0.2819019,3.67803,-10.3249,-35.9819,0.3455009,
2,24.564,2,1.955764,134.1266,-0.5477568,0.280073,3.67803,-10.3249,-35.9819,0.3455009,
2,24.574,2,1.960467,134.0029,-0.5485739,0.2798179,3.67803,-10.3249,-35.9819,0.3455009,
2,24.584,2,1.963183,133.9581,-0.5490565,0.2796767,3.67803,-10.3249,-35.9819,0.3455009,
2,24.594,2,1.959817,133.9431,-0.5496761,0.2804732,3.67803,-10.3249,-35.9819,0.3455009,
2,24.604,2,1.958965,133.9332,-0.5495016,0.2805061,3.67803,-10.3249,-35.9819,0.3455009,
2,24.614,2,1.96197,133.9147,-0.5494436,0.2800468,3.67803,-10.3249,-35.9819,0.3455009,
2,24.624,2,1.961464,133.9013,-0.5514885,0.2811616,3.67803,-10.3249,-35.9819,0.3455009,
2,24.634,2,1.962635,133.8914,-0.5521129,0.2813121,3.67803,-10.3249,-35.9819,0.3455009,
2,24.644,2,1.961203,133.8807,-0.5525042,0.281717,3.67803,-10.3249,-35.9819,0.3455009,
2,24.654,2,1.961387,133.8716,-0.5539246,0.2824148,3.67803,-10.3249,-35.9819,0.3455009,
2,24.664,2,1.958987,133.8786,-0.5574921,0.2845819,3.67803,-10.3249,-35.9819,0.3455009,
2,24.674,2,1.961249,133.8612,-0.5542445,0.2825977,3.67097,-10.3249,-35.9839,0.3474998,
2,24.684,2,1.960809,133.8428,-0.5543925,0.2827366,3.67097,-10.3249,-35.9839,0.3474998,
2,24.694,2,1.95957,133.8469,-0.5578723,0.2846912,3.67097,-10.3249,-35.9839,0.3474998,
2,24.704,2,1.959109,133.8278,-0.557522,0.2845794,3.67097,-10.3249,-35.9839,0.3474998,
2,24.714,2,1.957554,133.8222,-0.5571558,0.2846184,3.67097,-10.3249,-35.9839,0.3474998,
2,24.724,2,1.958488,133.822,-0.5578047,0.284814,3.67097,-10.3249,-35.9839,0.3474998,
2,24.734,2,1.960789,133.8046,-0.5563086,0.2837167,3.67097,-10.3249,-35.9839,0.3474998,
2,24.744,2,1.962225,133.6694,-0.5546262,0.2826518,3.67097,-10.3249,-35.9839,0.3474998,
2,24.754,2,1.971627,133.4829,-0.5566291,0.2823197,3.67097,-10.3249,-35.9839,0.3474998,
2,24.764,2,1.974017,133.1968,-0.5583557,0.2828525,3.67097,-10.3249,-35.9839,0.3474998,
2,24.774,2,1.978105,132.9969,-0.55862,0.2824017,3.67097,-10.3249,-35.9839,0.3474998,
2,24.784,2,1.98295,132.8997,-0.5628741,0.283857,3.67097,-10.3249,-35.9839,0.3474998,
2,24.794,2,1.984029,132.871,-0.5631928,0.2838632,3.67097,-10.3249,-35.9839,0.3474998,
2,24.804,2,1.985702,132.8632,-0.5629076,0.2834804,3.67097,-10.3249,-35.9839,0.3474998,
2,24.814,2,1.984835,132.845,-0.5655912,0.2849564,3.67097,-10.3249,-35.9839,0.3474998,
2,24.824,2,1.985313,132.8394,-0.566044,0.2851158,3.67097,-10.3249,-35.9839,0.3474998,
2,24.834,2,1.985138,132.8262,-0.5670107,0.2856278,3.67097,-10.3249,-35.9839,0.3474998,
2,24.844,2,1.983787,132.8292,-0.5670187,0.2858264,3.67097,-10.3249,-35.9839,0.3474998,
2,24.854,2,1.984616,132.8101,-0.5669103,0.2856523,3.66442,-10.3249,-35.9858,0.3494034,
2,24.864,2,1.983701,132.797,-0.5664588,0.2855565,3.66442,-10.3249,-35.9858,0.3494034,
2,24.874,2,1.983941,132.797,-0.5678317,0.286214,3.66442,-10.3249,-35.9858,0.3494034,
2,24.884,2,1.983504,132.7844,-0.5656445,0.2851744,3.66442,-10.3249,-35.9858,0.3494034,
2,24.894,2,1.982095,132.7692,-0.5668597,0.2859902,3.66442,-10.3249,-35.9858,0.3494034,
2,24.904,2,1.982706,132.7685,-0.5689695,0.2869662,3.66442,-10.3249,-35.9858,0.3494034,
2,24.914,2,1.984292,132.7557,-0.5670329,0.2857608,3.66442,-10.3249,-35.9858,0.3494034,
2,24.924,2,1.982939,132.7452,-0.5688452,0.2868697,3.66442,-10.3249,-35.9858,0.3494034,
2,24.934,2,1.988491,132.6631,-0.5705996,0.286951,3.66442,-10.3249,-35.9858,0.3494034,
2,24.944,2,1.992009,132.4643,-0.5695623,0.2859235,3.66442,-10.3249,-35.9858,0.3494034,
2,24.954,2,1.996555,132.1857,-0.5720175,0.2865022,3.66442,-10.3249,-35.9858,0.3494034,
2,24.964,2,2.003721,131.9826,-0.5747424,0.2868375,3.66442,-10.3249,-35.9858,0.3494034,
2,24.974,2,2.006217,131.8745,-0.5754698,0.2868433,3.66442,-10.3249,-35.9858,0.3494034,
2,24.984,2,2.007469,131.8445,-0.5769513,0.2874023,3.66442,-10.3249,-35.9858,0.3494034,
2,24.994,2,2.008543,131.8323,-0.5769553,0.2872506,3.66442,-10.3249,-35.9858,0.3494034,
2,25.004,2,2.008514,131.8119,-0.5773128,0.2874328,3.66442,-10.3249,-35.9858,0.3494034,
2,25.014,2,2.008873,131.8098,-0.5773449,0.2873975,3.66442,-10.3249,-35.9858,0.3494034,
2,25.024,2,2.007708,131.7999,-0.5770867,0.2874356,3.66442,-10.3249,-35.9858,0.3494034,
2,25.034,2,2.008582,131.7961,-0.5759137,0.2867265,3.66442,-10.3249,-35.9858,0.3494034,
2,25.044,2,2.00836,131.7755,-0.5766288,0.2871142,3.66442,-10.3249,-35.9858,0.3494034,
2,25.054,2,2.007328,131.7747,-0.5786681,0.2882778,3.66442,-10.3249,-35.9858,0.3494034,
2,25.064,2,2.008287,131.7654,-0.5785893,0.2881008,3.66442,-10.3249,-35.9858,0.3494034,
2,25.074,2,2.00992,131.744,-0.5789328,0.2880378,3.66442,-10.3249,-35.9858,0.3494034,
2,25.084,2,2.006521,131.7416,-0.5801108,0.2891128,3.66442,-10.3249,-35.9858,0.3494034,
2,25.094,2,2.007643,131.7385,-0.5801276,0.2889595,3.65735,-10.3249,-35.9877,0.3513031,
2,25.104,2,2.006294,131.7284,-0.582654,0.2904131,3.65735,-10.3249,-35.9877,0.3513031,
2,25.114,2,2.004833,131.7269,-0.5824793,0.2905375,3.65735,-10.3249,-35.9877,0.3513031,
2,25.124,2,2.004324,131.7144,-0.5820892,0.2904167,3.65735,-10.3249,-35.9877,0.3513031,
2,25.134,2,2.00558,131.7001,-0.5838476,0.2911116,3.65735,-10.3249,-35.9877,0.3513031,
2,25.144,2,2.006485,131.7085,-0.5830194,0.2905675,3.65735,-10.3249,-35.9877,0.3513031,
2,25.154,2,2.006303,131.7018,-0.5839369,0.2910512,3.65735,-10.3249,-35.9877,0.3513031,
2,25.164,2,2.005019,131.6849,-0.5821711,0.2903569,3.65735,-10.3249,-35.9877,0.3513031,
2,25.174,2,2.008821,131.607,-0.5845454,0.2909892,3.65735,-10.3249,-35.9877,0.3513031,
2,25.184,2,2.016477,131.4144,-0.581828,0.2885369,3.65735,-10.3249,-35.9877,0.3513031,
2,25.194,2,2.017572,131.1275,-0.5815973,0.2882659,3.65735,-10.3249,-35.9877,0.3513031,
2,25.204,2,2.023966,130.9581,-0.5847793,0.2889274,3.65735,-10.3249,-35.9877,0.3513031,
2,25.214,2,2.027536,130.8477,-0.5884604,0.2902343,3.65735,-10.3249,-35.9877,0.3513031,
2,25.224,2,2.028337,130.8277,-0.588189,0.2899858,3.65735,-10.3249,-35.9877,0.3513031,
2,25.234,2,2.031665,130.8135,-0.5895593,0.2901852,3.65735,-10.3249,-35.9877,0.3513031,
2,25.244,2,2.028864,130.7934,-0.58926,0.2904384,3.65735,-10.3249,-35.9877,0.3513031,
2,25.254,2,2.029953,130.775,-0.5916985,0.2914838,3.65735,-10.3249,-35.9877,0.3513031,
2,25.264,2,2.029353,130.7902,-0.5907137,0.2910848,3.65735,-10.3249,-35.9877,0.3513031,
2,25.274,2,2.027663,130.7804,-0.5917152,0.2918212,3.65735,-10.3249,-35.9877,0.3513031,
2,25.284,2,2.02827,130.7708,-0.5942293,0.2929734,3.65735,-10.3249,-35.9877,0.3513031,
2,25.294,2,2.026522,130.7627,-0.5932925,0.292764,3.65735,-10.3249,-35.9877,0.3513031,
2,25.304,2,2.029246,130.7533,-0.5909929,0.2912377,3.6492,-10.3249,-35.9896,0.3532028,
2,25.314,2,2.028632,130.7373,-0.5928725,0.2922523,3.6492,-10.3249,-35.9896,0.3532028,
2,25.324,2,2.027068,130.7401,-0.5915275,0.2918144,3.6492,-10.3249,-35.9896,0.3532028,
2,25.334,2,2.02777,130.7402,-0.5890195,0.2904764,3.6492,-10.3249,-35.9896,0.3532028,
2,25.344,2,2.029149,130.7208,-0.591741,0.2916203,3.6492,-10.3249,-35.9896,0.3532028,
2,25.354,2,2.027192,130.7173,-0.5911685,0.2916194,3.6492,-10.3249,-35.9896,0.3532028,
2,25.364,2,2.026539,130.713,-0.5922042,0.2922245,3.6492,-10.3249,-35.9896,0.3532028,
2,25.374,2,2.028741,130.6885,-0.5959864,0.2937715,3.6492,-10.3249,-35.9896,0.3532028,
2,25.384,2,2.032213,130.5777,-0.595016,0.2927922,3.6492,-10.3249,-35.9896,0.3532028,
2,25.394,2,2.040657,130.3711,-0.5955464,0.2918406,3.6492,-10.3249,-35.9896,0.3532028,
2,25.404,2,2.040661,130.1127,-0.6005744,0.2943039,3.6492,-10.3249,-35.9896,0.3532028,
2,25.414,2,2.04664,129.9281,-0.5990385,0.2926936,3.6492,-10.3249,-35.9896,0.3532028,
2,25.424,2,2.049591,129.8662,-0.6006742,0.2930703,3.6492,-10.3249,-35.9896,0.3532028,
2,25.434,2,2.053535,129.8517,-0.6015109,0.2929149,3.6492,-10.3249,-35.9896,0.3532028,
2,25.444,2,2.054032,129.8461,-0.5999174,0.2920681,3.6492,-10.3249,-35.9896,0.3532028,
2,25.454,2,2.051055,129.8237,-0.6006106,0.2928301,3.6492,-10.3249,-35.9896,0.3532028,
2,25.464,2,2.0504,129.8128,-0.6003489,0.292796,3.6492,-10.3249,-35.9896,0.3532028,
2,25.474,2,2.052901,129.8158,-0.5968161,0.2907184,3.6492,-10.3249,-35.9896,0.3532028,
2,25.484,2,2.050671,129.81,-0.5986353,0.2919217,3.6492,-10.3249,-35.9896,0.3532028,
2,25.494,2,2.050466,129.788,-0.5993663,0.2923073,3.64212,-10.3249,-35.9914,0.3550034,
2,25.504,2,2.050133,129.7906,-0.5995654,0.2924519,3.64212,-10.3249,-35.9914,0.3550034,
2,25.514,2,2.050689,129.7755,-0.601312,0.2932244,3.64212,-10.3249,-35.9914,0.3550034,
2,25.524,2,2.049828,129.7625,-0.6017258,0.2935494,3.64212,-10.3249,-35.9914,0.3550034,
2,25.534,2,2.049192,129.765,-0.603302,0.2944097,3.64212,-10.3249,-35.9914,0.3550034,
2,25.544,2,2.048421,129.7585,-0.6033518,0.2945448,3.64212,-10.3249,-35.9914,0.3550034,
2,25.554,2,2.050109,129.7593,-0.6047225,0.2949709,3.64212,-10.3249,-35.9914,0.3550034,
2,25.564,2,2.050749,129.7492,-0.6056253,0.295319,3.64212,-10.3249,-35.9914,0.3550034,
2,25.574,2,2.05518,129.6634,-0.6068679,0.295287,3.64212,-10.3249,-35.9914,0.3550034,
2,25.584,2,2.059406,129.4662,-0.6080425,0.2952515,3.64212,-10.3249,-35.9914,0.3550034,
2,25.594,2,2.063068,129.2057,-0.606262,0.2938643,3.64212,-10.3249,-35.9914,0.3550034,
2,25.604,2,2.068442,129.0324,-0.6072658,0.293586,3.64212,-10.3249,-35.9914,0.3550034,
2,25.614,2,2.069639,128.937,-0.6080001,0.2937711,3.64212,-10.3249,-35.9914,0.3550034,
2,25.624,2,2.072337,128.9189,-0.6068239,0.2928211,3.64212,-10.3249,-35.9914,0.3550034,
2,25.634,2,2.073322,128.9108,-0.608398,0.2934411,3.64212,-10.3249,-35.9914,0.3550034,
2,25.644,2,2.071564,128.8986,-0.6102134,0.2945665,3.64212,-10.3249,-35.9914,0.3550034,
2,25.654,2,2.072257,128.8891,-0.6110246,0.2948594,3.64212,-10.3249,-35.9914,0.3550034,
2,25.664,2,2.074229,128.8946,-0.6131817,0.2956191,3.64212,-10.3249,-35.9914,0.3550034,
2,25.674,2,2.073453,128.8722,-0.6128561,0.2955727,3.64212,-10.3249,-35.9914,0.3550034,
2,25.684,2,2.072363,128.864,-0.6147971,0.2966647,3.6356,-10.3249,-35.9931,0.3567009,
2,25.694,2,2.072177,128.8537,-0.6152099,0.2968906,3.6356,-10.3249,-35.9931,0.3567009,
2,25.704,2,2.070514,128.8585,-0.6184584,0.298698,3.6356,-10.3249,-35.9931,0.3567009,
2,25.714,2,2.071924,128.8555,-0.6165985,0.2975971,3.6356,-10.3249,-35.9931,0.3567009,
2,25.724,2,2.070605,128.8602,-0.6183116,0.2986141,3.6356,-10.3249,-35.9931,0.3567009,
2,25.734,2,2.073175,128.8361,-0.6165364,0.2973875,3.6356,-10.3249,-35.9931,0.3567009,
2,25.744,2,2.072434,128.8332,-0.617017,0.2977257,3.6356,-10.3249,-35.9931,0.3567009,
2,25.754,2,2.069888,128.8258,-0.6167971,0.2979857,3.6356,-10.3249,-35.9931,0.3567009,
2,25.764,2,2.076803,128.7582,-0.6169696,0.2970766,3.6356,-10.3249,-35.9931,0.3567009,
2,25.774,2,2.082194,128.584,-0.6166447,0.2961514,3.6356,-10.3249,-35.9931,0.3567009,
2,25.784,2,2.083269,128.3432,-0.6185892,0.296932,3.6356,-10.3249,-35.9931,0.3567009,
2,25.794,2,2.088817,128.1469,-0.6198869,0.2967645,3.6356,-10.3249,-35.9931,0.3567009,
2,25.804,2,2.092187,128.0587,-0.6215259,0.2970699,3.6356,-10.3249,-35.9931,0.3567009,
2,25.814,2,2.093314,128.0313,-0.6251518,0.2986421,3.6356,-10.3249,-35.9931,0.3567009,
2,25.824,2,2.094847,128.0229,-0.6247699,0.2982413,3.6356,-10.3249,-35.9931,0.3567009,
2,25.834,2,2.093122,128.022,-0.6248974,0.298548,3.6356,-10.3249,-35.9931,0.3567009,
2,25.844,2,2.093884,128.0258,-0.6270319,0.2994587,3.6356,-10.3249,-35.9931,0.3567009,
2,25.854,2,2.092717,128.0074,-0.6264734,0.2993589,3.6356,-10.3249,-35.9931,0.3567009,
2,25.864,2,2.093537,127.9926,-0.6275293,0.2997459,3.6356,-10.3249,-35.9931,0.3567009,
2,25.874,2,2.094893,127.9972,-0.6300843,0.3007717,3.6356,-10.3249,-35.9931,0.3567009,
2,25.884,2,2.095582,127.9907,-0.6271955,0.2992943,3.6356,-10.3249,-35.9931,0.3567009,
2,25.894,2,2.094526,127.9843,-0.6276461,0.2996602,3.6356,-10.3249,-35.9931,0.3567009,
2,25.904,2,2.095159,127.9823,-0.6279432,0.2997115,3.6356,-10.3249,-35.9931,0.3567009,
2,25.914,2,2.093918,127.9666,-0.6259432,0.298934,3.62905,-10.3249,-35.9948,0.3584023,
2,25.924,2,2.094146,127.9653,-0.6283076,0.3000306,3.62905,-10.3249,-35.9948,0.3584023,
2,25.934,2,2.093098,127.9618,-0.629017,0.3005196,3.62905,-10.3249,-35.9948,0.3584023,
2,25.944,2,2.093125,127.959,-0.6288025,0.3004132,3.62905,-10.3249,-35.9948,0.3584023,
2,25.954,2,2.094821,127.9633,-0.6305615,0.3010097,3.62905,-10.3249,-35.9948,0.3584023,
2,25.964,2,2.089925,127.9498,-0.632444,0.3026156,3.62905,-10.3249,-35.9948,0.3584023,
2,25.974,2,2.09358,127.949,-0.6326067,0.3021651,3.62905,-10.3249,-35.9948,0.3584023,
2,25.984,2,2.091668,127.9412,-0.6333667,0.3028046,3.62905,-10.3249,-35.9948,0.3584023,
2,25.994,2,2.092535,127.9385,-0.6356368,0.3037641,3.62905,-10.3249,-35.9948,0.3584023,
2,26.004,2,2.098936,127.8859,-0.634859,0.3024671,3.62905,-10.3249,-35.9948,0.3584023,
2,26.014,2,2.102178,127.7179,-0.6349005,0.3020203,3.62905,-10.3249,-35.9948,0.3584023,
2,26.024,2,2.104621,127.4576,-0.6369888,0.302662,3.62905,-10.3249,-35.9948,0.3584023,
2,26.034,2,2.111281,127.2848,-0.6366568,0.30155,3.62905,-10.3249,-35.9948,0.3584023,
2,26.044,2,2.114147,127.1887,-0.6387783,0.3021447,3.62905,-10.3249,-35.9948,0.3584023,
2,26.054,2,2.113973,127.1642,-0.6396201,0.3025677,3.62905,-10.3249,-35.9948,0.3584023,
2,26.064,2,2.115508,127.1614,-0.6375904,0.3013889,3.62905,-10.3249,-35.9948,0.3584023,
2,26.074,2,2.116998,127.1394,-0.6388089,0.3017523,3.62905,-10.3249,-35.9948,0.3584023,
2,26.084,2,2.11614,127.1459,-0.6389437,0.3019383,3.62905,-10.3249,-35.9948,0.3584023,
2,26.094,2,2.115392,127.1392,-0.6404747,0.3027689,3.62905,-10.3249,-35.9948,0.3584023,
2,26.104,2,2.116025,127.1349,-0.6420067,0.3034022,3.62905,-10.3249,-35.9948,0.3584023,
2,26.114,2,2.117105,127.1318,-0.6421667,0.303323,3.62905,-10.3249,-35.9948,0.3584023,
2,26.124,2,2.114669,127.1255,-0.6420507,0.3036176,3.62905,-10.3249,-35.9948,0.3584023,
2,26.134,2,2.114774,127.1091,-0.6453682,0.3051712,3.62905,-10.3249,-35.9948,0.3584023,
2,26.144,2,2.11363,127.119,-0.6463187,0.3057862,3.62905,-10.3249,-35.9948,0.3584023,
2,26.154,2,2.115775,127.1195,-0.6449074,0.3048091,3.62905,-10.3249,-35.9948,0.3584023,
2,26.164,2,2.112978,127.1171,-0.646597,0.3060122,3.6209,-10.3249,-35.9965,0.3600998,
2,26.174,2,2.114306,127.112,-0.6481171,0.3065389,3.6209,-10.3249,-35.9965,0.3600998,
2,26.184,2,2.116174,127.1066,-0.6460289,0.3052816,3.6209,-10.3249,-35.9965,0.3600998,
2,26.194,2,2.114398,127.087,-0.6476516,0.3063053,3.6209,-10.3249,-35.9965,0.3600998,
2,26.204,2,2.11381,127.0947,-0.6460667,0.3056408,3.6209,-10.3249,-35.9965,0.3600998,
2,26.214,2,2.113233,127.0944,-0.6464138,0.3058886,3.6209,-10.3249,-35.9965,0.3600998,
2,26.224,2,2.114278,127.1027,-0.6472563,0.3061359,3.6209,-10.3249,-35.9965,0.3600998,
2,26.234,2,2.112717,127.0817,-0.647548,0.3065001,3.6209,-10.3249,-35.9965,0.3600998,
2,26.244,2,2.117341,127.0327,-0.6475272,0.3058209,3.6209,-10.3249,-35.9965,0.3600998,
2,26.254,2,2.124295,126.8482,-0.6507678,0.3063452,3.6209,-10.3249,-35.9965,0.3600998,
2,26.264,2,2.124655,126.5943,-0.6518281,0.3067925,3.6209,-10.3249,-35.9965,0.3600998,
2,26.274,2,2.130879,126.4224,-0.6519256,0.3059421,3.6209,-10.3249,-35.9965,0.3600998,
2,26.284,2,2.137531,126.3439,-0.6533096,0.3056374,3.6209,-10.3249,-35.9965,0.3600998,
2,26.294,2,2.135769,126.3046,-0.6553366,0.3068387,3.6209,-10.3249,-35.9965,0.3600998,
2,26.304,2,2.136698,126.3007,-0.6551039,0.3065964,3.6209,-10.3249,-35.9965,0.3600998,
2,26.314,2,2.137988,126.2893,-0.6556402,0.3066622,3.6209,-10.3249,-35.9965,0.3600998,
2,26.324,2,2.135614,126.2966,-0.6541441,0.3063026,3.6209,-10.3249,-35.9965,0.3600998,
2,26.334,2,2.139338,126.2981,-0.654969,0.3061549,3.6209,-10.3249,-35.9965,0.3600998,
2,26.344,2,2.137283,126.2922,-0.6551738,0.3065452,3.6209,-10.3249,-35.9965,0.3600998,
2,26.354,2,2.136298,126.2734,-0.6547462,0.3064864,3.6209,-10.3249,-35.9965,0.3600998,
2,26.364,2,2.137629,126.2721,-0.6554403,0.3066203,3.6209,-10.3249,-35.9965,0.3600998,
2,26.374,2,2.136598,126.2587,-0.6582833,0.3080989,3.6209,-10.3249,-35.9965,0.3600998,
2,26.384,2,2.137563,126.2671,-0.6575697,0.3076259,3.61325,-10.3249,-35.9982,0.3618011,
2,26.394,2,2.136978,126.2655,-0.6588403,0.3083047,3.61325,-10.3249,-35.9982,0.3618011,
2,26.404,2,2.136806,126.266,-0.6599414,0.3088448,3.61325,-10.3249,-35.9982,0.3618011,
2,26.414,2,2.138856,126.2642,-0.6589625,0.3080911,3.61325,-10.3249,-35.9982,0.3618011,
2,26.424,2,2.135672,126.2444,-0.6622538,0.3100916,3.61325,-10.3249,-35.9982,0.3618011,
2,26.434,2,2.141457,126.2264,-0.6628627,0.3095382,3.61325,-10.3249,-35.9982,0.3618011,
2,26.444,2,2.144228,126.0736,-0.6619291,0.3087027,3.61325,-10.3249,-35.9982,0.3618011,
2,26.454,2,2.148964,125.8271,-0.664462,0.309201,3.61325,-10.3249,-35.9982,0.3618011,
2,26.464,2,2.151133,125.6374,-0.6655985,0.3094177,3.61325,-10.3249,-35.9982,0.3618011,
2,26.474,2,2.155923,125.5377,-0.6642664,0.3081123,3.61325,-10.3249,-35.9982,0.3618011,
2,26.484,2,2.157155,125.5042,-0.6660554,0.3087656,3.61325,-10.3249,-35.9982,0.3618011,
2,26.494,2,2.160054,125.4923,-0.6653607,0.3080296,3.61325,-10.3249,-35.9982,0.3618011,
2,26.504,2,2.15776,125.4867,-0.6649027,0.3081449,3.61325,-10.3249,-35.9982,0.3618011,
2,26.514,2,2.155889,125.4816,-0.6647416,0.3083376,3.61325,-10.3249,-35.9982,0.3618011,
2,26.524,2,2.159478,125.4798,-0.6664947,0.308637,3.61325,-10.3249,-35.9982,0.3618011,
2,26.534,2,2.158056,125.4707,-0.6659679,0.3085962,3.61325,-10.3249,-35.9982,0.3618011,
2,26.544,2,2.157623,125.4739,-0.6672305,0.3092433,3.61325,-10.3249,-35.9982,0.3618011,
2,26.554,2,2.159175,125.4696,-0.6678941,0.3093284,3.61325,-10.3249,-35.9982,0.3618011,
2,26.564,2,2.156774,125.465,-0.6698205,0.3105659,3.61325,-10.3249,-35.9982,0.3618011,
2,26.574,2,2.157934,125.4542,-0.6704541,0.3106926,3.61325,-10.3249,-35.9982,0.3618011,
2,26.584,2,2.157801,125.4612,-0.6710815,0.3110025,3.61325,-10.3249,-35.9982,0.3618011,
2,26.594,2,2.157096,125.4607,-0.671118,0.311121,3.6062,-10.3249,-35.9998,0.3634033,
2,26.604,2,2.158149,125.4638,-0.6731963,0.3119323,3.6062,-10.3249,-35.9998,0.3634033,
2,26.614,2,2.155139,125.4521,-0.6716527,0.3116516,3.6062,-10.3249,-35.9998,0.3634033,
2,26.624,2,2.156391,125.4488,-0.6704457,0.3109111,3.6062,-10.3249,-35.9998,0.3634033,
2,26.634,2,2.156876,125.4377,-0.6704233,0.3108307,3.6062,-10.3249,-35.9998,0.3634033,
2,26.644,2,2.161247,125.3988,-0.6698369,0.3099307,3.6062,-10.3249,-35.9998,0.3634033,
2,26.654,2,2.166591,125.2205,-0.6686472,0.3086171,3.6062,-10.3249,-35.9998,0.3634033,
2,26.664,2,2.168117,124.9683,-0.6708406,0.3094117,3.6062,-10.3249,-35.9998,0.3634033,
2,26.674,2,2.174986,124.8046,-0.6720439,0.3089877,3.6062,-10.3249,-35.9998,0.3634033,
2,26.684,2,2.179039,124.7189,-0.6726019,0.3086691,3.6062,-10.3249,-35.9998,0.3634033,
2,26.694,2,2.17925,124.698,-0.6782947,0.3112515,3.6062,-10.3249,-35.9998,0.3634033,
2,26.704,2,2.176875,124.6977,-0.6770289,0.3110095,3.6062,-10.3249,-35.9998,0.3634033,
2,26.714,2,2.1778,124.6935,-0.6775604,0.3111216,3.6062,-10.3249,-35.9998,0.3634033,
2,26.724,2,2.175939,124.7007,-0.6771221,0.3111862,3.6062,-10.3249,-35.9998,0.3634033,
2,26.734,2,2.176444,124.6929,-0.6780336,0.3115328,3.6062,-10.3249,-35.9998,0.3634033,
2,26.744,2,2.176309,124.6747,-0.6784207,0.3117299,3.6062,-10.3249,-35.9998,0.3634033,
2,26.754,2,2.178095,124.6588,-0.6788857,0.3116878,3.6062,-10.3249,-35.9998,0.3634033,
2,26.764,2,2.179447,124.6768,-0.6789653,0.3115311,3.6062,-10.3249,-35.9998,0.3634033,
2,26.774,2,2.177608,124.6754,-0.6778792,0.3112953,3.6062,-10.3249,-35.9998,0.3634033,
2,26.784,2,2.176801,124.6771,-0.6778851,0.3114134,3.6062,-10.3249,-35.9998,0.3634033,
2,26.794,2,2.176333,124.6622,-0.6781979,0.3116242,3.6062,-10.3249,-35.9998,0.3634033,
2,26.804,2,2.17688,124.6562,-0.6767756,0.3108925,3.59912,-10.3249,-36.0014,0.3650017,
2,26.814,2,2.176424,124.6454,-0.6777592,0.3114096,3.59912,-10.3249,-36.0014,0.3650017,
2,26.824,2,2.176915,124.6503,-0.6794352,0.3121092,3.59912,-10.3249,-36.0014,0.3650017,
2,26.834,2,2.177613,124.6553,-0.6791174,0.3118632,3.59912,-10.3249,-36.0014,0.3650017,
2,26.844,2,2.178232,124.6645,-0.6804206,0.3123729,3.59912,-10.3249,-36.0014,0.3650017,
2,26.854,2,2.177995,124.6515,-0.6820747,0.3131664,3.59912,-10.3249,-36.0014,0.3650017,
2,26.864,2,2.176194,124.6432,-0.6816104,0.3132121,3.59912,-10.3249,-36.0014,0.3650017,
2,26.874,2,2.176006,124.6375,-0.6846016,0.3146138,3.59912,-10.3249,-36.0014,0.3650017,
2,26.884,2,2.182791,124.5856,-0.6821702,0.312522,3.59912,-10.3249,-36.0014,0.3650017,
2,26.894,2,2.18771,124.4191,-0.6830831,0.3122366,3.59912,-10.3249,-36.0014,0.3650017,
2,26.904,2,2.189478,124.1671,-0.6841331,0.312464,3.59912,-10.3249,-36.0014,0.3650017,
2,26.914,2,2.195311,124.0098,-0.6846663,0.3118767,3.59912,-10.3249,-36.0014,0.3650017,
2,26.924,2,2.196714,123.9478,-0.6832884,0.3110502,3.59912,-10.3249,-36.0014,0.3650017,
2,26.934,2,2.198503,123.9375,-0.6855922,0.311845,3.59912,-10.3249,-36.0014,0.3650017,
2,26.944,2,2.199669,123.9281,-0.6835865,0.3107679,3.59912,-10.3249,-36.0014,0.3650017,
2,26.954,2,2.19904,123.923,-0.6856326,0.3117872,3.59912,-10.3249,-36.0014,0.3650017,
2,26.964,2,2.197575,123.9235,-0.6865734,0.3124232,3.59912,-10.3249,-36.0014,0.3650017,
2,26.974,2,2.199795,123.9116,-0.6854289,0.3115876,3.59912,-10.3249,-36.0014,0.3650017,
2,26.984,2,2.199249,123.9014,-0.6871552,0.31245,3.59912,-10.3249,-36.0014,0.3650017,
2,26.994,2,2.199283,123.902,-0.685459,0.3116739,3.59912,-10.3249,-36.0014,0.3650017,
2,27.004,2,2.19874,123.9062,-0.687153,0.3125212,3.59912,-10.3249,-36.0014,0.3650017,
2,27.014,2,2.199422,123.904,-0.6894062,0.3134488,3.59095,-10.3249,-36.003,0.3666,
2,27.024,2,2.197595,123.8984,-0.689492,0.3137484,3.59095,-10.3249,-36.003,0.3666,
2,27.034,2,2.197311,123.8944,-0.6886348,0.3133988,3.59095,-10.3249,-36.003,0.3666,
2,27.044,2,2.198477,123.9074,-0.6896514,0.313695,3.59095,-10.3249,-36.003,0.3666,
2,27.054,2,2.198911,123.8973,-0.6895038,0.3135661,3.59095,-10.3249,-36.003,0.3666,
2,27.064,2,2.199208,123.8924,-0.6873252,0.312533,3.59095,-10.3249,-36.003,0.3666,
2,27.074,2,2.203652,123.8569,-0.6880215,0.3122187,3.59095,-10.3249,-36.003,0.3666,
2,27.084,2,2.207014,123.7051,-0.6881063,0.3117816,3.59095,-10.3249,-36.003,0.3666,
2,27.094,2,2.211675,123.4592,-0.6880935,0.3111187,3.59095,-10.3249,-36.003,0.3666,
2,27.104,2,2.213777,123.2987,-0.690141,0.3117482,3.59095,-10.3249,-36.003,0.3666,
2,27.114,2,2.220023,123.2125,-0.6910397,0.3112759,3.59095,-10.3249,-36.003,0.3666,
2,27.124,2,2.219769,123.1853,-0.6934873,0.3124142,3.59095,-10.3249,-36.003,0.3666,
2,27.134,2,2.219743,123.1693,-0.6928973,0.312152,3.59095,-10.3249,-36.003,0.3666,
2,27.144,2,2.22157,123.1688,-0.6932146,0.3120381,3.59095,-10.3249,-36.003,0.3666,
2,27.154,2,2.21964,123.1706,-0.6923002,0.3118975,3.59095,-10.3249,-36.003,0.3666,
2,27.164,2,2.220544,123.1885,-0.6952338,0.3130917,3.59095,-10.3249,-36.003,0.3666,
2,27.174,2,2.220676,123.1652,-0.6957822,0.31332,3.59095,-10.3249,-36.003,0.3666,
2,27.184,2,2.218602,123.1571,-0.6945317,0.3130493,3.59095,-10.3249,-36.003,0.3666,
2,27.194,2,2.220162,123.1582,-0.6966705,0.3137926,3.59095,-10.3249,-36.003,0.3666,
2,27.204,2,2.220115,123.1503,-0.6966454,0.3137879,3.58442,-10.3249,-36.0045,0.368103,
2,27.214,2,2.219353,123.1464,-0.6954868,0.3133737,3.58442,-10.3249,-36.0045,0.368103,
2,27.224,2,2.217821,123.165,-0.6945381,0.3131624,3.58442,-10.3249,-36.0045,0.368103,
2,27.234,2,2.21746,123.1439,-0.6940174,0.3129785,3.58442,-10.3249,-36.0045,0.368103,
2,27.244,2,2.217789,123.1433,-0.6927171,0.3123458,3.58442,-10.3249,-36.0045,0.368103,
2,27.254,2,2.217496,123.1345,-0.6932042,0.3126067,3.58442,-10.3249,-36.0045,0.368103,
2,27.264,2,2.21655,123.1293,-0.6929957,0.3126461,3.58442,-10.3249,-36.0045,0.368103,
2,27.274,2,2.218808,123.1419,-0.695056,0.3132565,3.58442,-10.3249,-36.0045,0.368103,
2,27.284,2,2.223834,123.0802,-0.6955886,0.3127881,3.58442,-10.3249,-36.0045,0.368103,
2,27.294,2,2.224725,122.9065,-0.695604,0.3126696,3.58442,-10.3249,-36.0045,0.368103,
2,27.304,2,2.229664,122.6696,-0.6964818,0.3123707,3.58442,-10.3249,-36.0045,0.368103,
2,27.314,2,2.235893,122.5029,-0.6996077,0.3128985,3.58442,-10.3249,-36.0045,0.368103,
2,27.324,2,2.236055,122.4665,-0.6983902,0.3123315,3.58442,-10.3249,-36.0045,0.368103,
2,27.334,2,2.238154,122.46,-0.7007425,0.3130895,3.58442,-10.3249,-36.0045,0.368103,
2,27.344,2,2.238386,122.4575,-0.7006663,0.313023,3.58442,-10.3249,-36.0045,0.368103,
2,27.354,2,2.240093,122.4489,-0.6989732,0.3120287,3.58442,-10.3249,-36.0045,0.368103,
2,27.364,2,2.237648,122.4358,-0.6977484,0.3118223,3.58442,-10.3249,-36.0045,0.368103,
2,27.374,2,2.23844,122.4328,-0.6983367,0.3119748,3.58442,-10.3249,-36.0045,0.368103,
2,27.384,2,2.238294,122.4347,-0.6964409,0.311148,3.58442,-10.3249,-36.0045,0.368103,
2,27.394,2,2.237437,122.4228,-0.6977633,0.3118583,3.58442,-10.3249,-36.0045,0.368103,
2,27.404,2,2.236363,122.4241,-0.6985907,0.312378,3.57735,-10.3249,-36.006,0.3696022,
2,27.414,2,2.239025,122.4256,-0.699076,0.3122235,3.57735,-10.3249,-36.006,0.3696022,
2,27.424,2,2.235872,122.4028,-0.6999527,0.3130558,3.57735,-10.3249,-36.006,0.3696022,
2,27.434,2,2.237807,122.4087,-0.7007247,0.3131301,3.57735,-10.3249,-36.006,0.3696022,
2,27.444,2,2.239034,122.4065,-0.6989353,0.3121593,3.57735,-10.3249,-36.006,0.3696022,
2,27.454,2,2.240436,122.4051,-0.7009789,0.3128761,3.57735,-10.3249,-36.006,0.3696022,
2,27.464,2,2.23811,122.4128,-0.7011832,0.3132925,3.57735,-10.3249,-36.006,0.3696022,
2,27.474,2,2.238282,122.4063,-0.7003009,0.3128743,3.57735,-10.3249,-36.006,0.3696022,
2,27.484,2,2.237289,122.4022,-0.702172,0.3138495,3.57735,-10.3249,-36.006,0.3696022,
2,27.494,2,2.242842,122.2986,-0.7013541,0.3127078,3.57735,-10.3249,-36.006,0.3696022,
2,27.504,2,2.246352,122.1372,-0.6993196,0.3113135,3.57735,-10.3249,-36.006,0.3696022,
2,27.514,2,2.250445,121.8705,-0.7025444,0.3121803,3.57735,-10.3249,-36.006,0.3696022,
2,27.524,2,2.251916,121.7427,-0.7013114,0.3114287,3.57735,-10.3249,-36.006,0.3696022,
2,27.534,2,2.256985,121.7037,-0.7008528,0.3105261,3.57735,-10.3249,-36.006,0.3696022,
2,27.544,2,2.258652,121.7001,-0.7031289,0.3113046,3.57735,-10.3249,-36.006,0.3696022,
2,27.554,2,2.258364,121.6907,-0.7023106,0.310982,3.57735,-10.3249,-36.006,0.3696022,
2,27.564,2,2.257304,121.6857,-0.7016319,0.3108274,3.57735,-10.3249,-36.006,0.3696022,
2,27.574,2,2.258271,121.6707,-0.7033529,0.3114563,3.57735,-10.3249,-36.006,0.3696022,
2,27.584,2,2.258548,121.6786,-0.7025814,0.3110766,3.57735,-10.3249,-36.006,0.3696022,
2,27.594,2,2.258954,121.6813,-0.7022917,0.3108924,3.57735,-10.3249,-36.006,0.3696022,
2,27.604,2,2.259206,121.6737,-0.7042398,0.31172,3.57735,-10.3249,-36.006,0.3696022,
2,27.614,2,2.257596,121.6604,-0.7043531,0.3119926,3.57735,-10.3249,-36.006,0.3696022,
2,27.624,2,2.259875,121.6797,-0.7041051,0.3115682,3.57735,-10.3249,-36.006,0.3696022,
2,27.634,2,2.260425,121.651,-0.7051656,0.3119615,3.57028,-10.3249,-36.0074,0.3710022,
2,27.644,2,2.252265,121.6564,-0.7054948,0.3132379,3.57028,-10.3249,-36.0074,0.3710022,
2,27.654,2,2.258639,121.6647,-0.7031284,0.3113062,3.57028,-10.3249,-36.0074,0.3710022,
2,27.664,2,2.25983,121.6678,-0.704483,0.3117416,3.57028,-10.3249,-36.0074,0.3710022,
2,27.674,2,2.255074,121.6476,-0.7024962,0.311518,3.57028,-10.3249,-36.0074,0.3710022,
2,27.684,2,2.259213,121.6541,-0.7029241,0.3111367,3.57028,-10.3249,-36.0074,0.3710022,
2,27.694,2,2.262101,121.6087,-0.703225,0.3108724,3.57028,-10.3249,-36.0074,0.3710022,
2,27.704,2,2.260725,121.5122,-0.7044153,0.3115882,3.57028,-10.3249,-36.0074,0.3710022,
2,27.714,2,2.269465,121.3177,-0.704145,0.3102691,3.57028,-10.3249,-36.0074,0.3710022,
2,27.724,2,2.270635,121.1113,-0.7054018,0.3106628,3.57028,-10.3249,-36.0074,0.3710022,
2,27.734,2,2.271871,120.9809,-0.7084307,0.311827,3.57028,-10.3249,-36.0074,0.3710022,
2,27.744,2,2.278962,120.9691,-0.7076637,0.3105202,3.57028,-10.3249,-36.0074,0.3710022,
2,27.754,2,2.279337,120.9511,-0.708548,0.3108571,3.57028,-10.3249,-36.0074,0.3710022,
2,27.764,2,2.275096,120.96,-0.7095335,0.3118697,3.57028,-10.3249,-36.0074,0.3710022,
2,27.774,2,2.277038,120.9554,-0.7088611,0.3113084,3.57028,-10.3249,-36.0074,0.3710022,
2,27.784,2,2.279302,120.9588,-0.7090207,0.3110692,3.57028,-10.3249,-36.0074,0.3710022,
2,27.794,2,2.275378,120.9406,-0.7067632,0.3106136,3.57028,-10.3249,-36.0074,0.3710022,
2,27.804,2,2.274161,120.9371,-0.7088975,0.3117183,3.57028,-10.3249,-36.0074,0.3710022,
2,27.814,2,2.276216,120.9395,-0.7084777,0.3112524,3.57028,-10.3249,-36.0074,0.3710022,
2,27.824,2,2.27588,120.929,-0.7056631,0.3100617,3.5632,-10.3249,-36.0089,0.3725014,
2,27.834,2,2.273171,120.9232,-0.7060342,0.3105944,3.5632,-10.3249,-36.0089,0.3725014,
2,27.844,2,2.276627,120.9331,-0.7057827,0.3100125,3.5632,-10.3249,-36.0089,0.3725014,
2,27.854,2,2.277744,120.9246,-0.7065036,0.3101769,3.5632,-10.3249,-36.0089,0.3725014,
2,27.864,2,2.275538,120.9117,-0.7065896,0.3105154,3.5632,-10.3249,-36.0089,0.3725014,
2,27.874,2,2.276515,120.9157,-0.7099958,0.3118783,3.5632,-10.3249,-36.0089,0.3725014,
2,27.884,2,2.277463,120.9126,-0.710492,0.3119664,3.5632,-10.3249,-36.0089,0.3725014,
2,27.894,2,2.277251,120.9166,-0.7094358,0.3115317,3.5632,-10.3249,-36.0089,0.3725014,
2,27.904,2,2.280017,120.8988,-0.7109787,0.3118304,3.5632,-10.3249,-36.0089,0.3725014,
2,27.914,2,2.284736,120.7591,-0.7101175,0.3108095,3.5632,-10.3249,-36.0089,0.3725014,
2,27.924,2,2.286644,120.5238,-0.7112059,0.3110261,3.5632,-10.3249,-36.0089,0.3725014,
2,27.934,2,2.289701,120.3541,-0.7118068,0.3108732,3.5632,-10.3249,-36.0089,0.3725014,
2,27.944,2,2.294629,120.2674,-0.7135084,0.3109472,3.5632,-10.3249,-36.0089,0.3725014,
2,27.954,2,2.296273,120.2472,-0.7135587,0.3107464,3.5632,-10.3249,-36.0089,0.3725014,
2,27.964,2,2.298037,120.2366,-0.7136148,0.3105323,3.5632,-10.3249,-36.0089,0.3725014,
2,27.974,2,2.298815,120.2386,-0.7119012,0.3096819,3.5632,-10.3249,-36.0089,0.3725014,
2,27.984,2,2.295059,120.2398,-0.7142894,0.3112292,3.5632,-10.3249,-36.0089,0.3725014,
2,27.994,2,2.297061,120.2235,-0.7138904,0.3107842,3.5632,-10.3249,-36.0089,0.3725014,
2,28.004,2,2.296313,120.2077,-0.7154223,0.3115526,3.5632,-10.3249,-36.0089,0.3725014,
2,28.014,2,2.295069,120.2281,-0.7160287,0.3119858,3.5632,-10.3249,-36.0089,0.3725014,
2,28.024,2,2.295433,120.2182,-0.7146614,0.3113405,3.5632,-10.3249,-36.0089,0.3725014,
2,28.034,2,2.296984,120.2131,-0.7153029,0.3114097,3.5632,-10.3249,-36.0089,0.3725014,
2,28.044,2,2.296106,120.2192,-0.7172488,0.3123761,3.5632,-10.3249,-36.0089,0.3725014,
2,28.054,2,2.295333,120.2112,-0.7194099,0.3134229,3.55608,-10.3249,-36.0103,0.3739014,
2,28.064,2,2.293365,120.2058,-0.7154195,0.3119519,3.55608,-10.3249,-36.0103,0.3739014,
2,28.074,2,2.296797,120.2147,-0.7186482,0.3128915,3.55608,-10.3249,-36.0103,0.3739014,
2,28.084,2,2.295473,120.2008,-0.7163631,0.3120765,3.55608,-10.3249,-36.0103,0.3739014,
2,28.094,2,2.2958,120.2002,-0.7164465,0.3120683,3.55608,-10.3249,-36.0103,0.3739014,
2,28.104,2,2.295642,120.2232,-0.7161134,0.3119447,3.55608,-10.3249,-36.0103,0.3739014,
2,28.114,2,2.296955,120.202,-0.7147877,0.3111892,3.55608,-10.3249,-36.0103,0.3739014,
2,28.124,2,2.29472,120.1962,-0.7163428,0.3121701,3.55608,-10.3249,-36.0103,0.3739014,
2,28.134,2,2.295959,120.1922,-0.7159419,0.3118269,3.55608,-10.3249,-36.0103,0.3739014,
2,28.144,2,2.299647,120.166,-0.7160841,0.3113887,3.55608,-10.3249,-36.0103,0.3739014,
2,28.154,2,2.302013,120.0347,-0.718258,0.312013,3.55608,-10.3249,-36.0103,0.3739014,
2,28.164,2,2.304893,119.8019,-0.7171448,0.3111402,3.55608,-10.3249,-36.0103,0.3739014,
2,28.174,2,2.309314,119.6272,-0.7190776,0.3113815,3.55608,-10.3249,-36.0103,0.3739014,
2,28.184,2,2.31678,119.546,-0.7216332,0.3114811,3.55608,-10.3249,-36.0103,0.3739014,
2,28.194,2,2.313807,119.5141,-0.7250275,0.3133483,3.55608,-10.3249,-36.0103,0.3739014,
2,28.204,2,2.313985,119.5143,-0.7228053,0.3123639,3.55608,-10.3249,-36.0103,0.3739014,
2,28.214,2,2.317711,119.5208,-0.7238038,0.3122925,3.55608,-10.3249,-36.0103,0.3739014,
2,28.224,2,2.318734,119.5331,-0.725947,0.3130791,3.55608,-10.3249,-36.0103,0.3739014,
2,28.234,2,2.316854,119.511,-0.7231517,0.3121266,3.55608,-10.3249,-36.0103,0.3739014,
2,28.244,2,2.316417,119.5041,-0.7210209,0.3112655,3.55608,-10.3249,-36.0103,0.3739014,
2,28.254,2,2.316086,119.4968,-0.722631,0.3120053,3.55608,-10.3249,-36.0103,0.3739014,
2,28.264,2,2.315857,119.5004,-0.7223915,0.3119327,3.55608,-10.3249,-36.0103,0.3739014,
2,28.274,2,2.315846,119.4999,-0.7213949,0.3115039,3.55608,-10.3249,-36.0103,0.3739014,
2,28.284,2,2.313254,119.5038,-0.7230463,0.3125668,3.55608,-10.3249,-36.0103,0.3739014,
2,28.294,2,2.315475,119.49,-0.7232015,0.312334,3.55608,-10.3249,-36.0103,0.3739014,
2,28.304,2,2.315678,119.4921,-0.7236426,0.312497,3.54795,-10.3249,-36.0118,0.3754005,
2,28.314,2,2.314653,119.4815,-0.7241558,0.3128572,3.54795,-10.3249,-36.0118,0.3754005,
2,28.324,2,2.31698,119.4836,-0.7256243,0.3131768,3.54795,-10.3249,-36.0118,0.3754005,
2,28.334,2,2.316023,119.4813,-0.7242741,0.3127231,3.54795,-10.3249,-36.0118,0.3754005,
2,28.344,2,2.315268,119.491,-0.7267361,0.3138886,3.54795,-10.3249,-36.0118,0.3754005,
2,28.354,2,2.315889,119.4882,-0.7261538,0.3135529,3.54795,-10.3249,-36.0118,0.3754005,
2,28.364,2,2.316849,119.4853,-0.7268197,0.3137104,3.54795,-10.3249,-36.0118,0.3754005,
2,28.374,2,2.318058,119.486,-0.7290693,0.3145173,3.54795,-10.3249,-36.0118,0.3754005,
2,28.384,2,2.318079,119.4665,-0.727556,0.3138616,3.54795,-10.3249,-36.0118,0.3754005,
2,28.394,2,2.321598,119.324,-0.7268456,0.3130799,3.54795,-10.3249,-36.0118,0.3754005,
2,28.404,2,2.325907,119.1036,-0.7267312,0.3124508,3.54795,-10.3249,-36.0118,0.3754005,
2,28.414,2,2.328118,118.9156,-0.7266328,0.3121116,3.54795,-10.3249,-36.0118,0.3754005,
2,28.424,2,2.3345,118.8328,-0.7284888,0.3120535,3.54795,-10.3249,-36.0118,0.3754005,
2,28.434,2,2.334832,118.8146,-0.7279149,0.3117633,3.54795,-10.3249,-36.0118,0.3754005,
2,28.444,2,2.333282,118.8077,-0.7307665,0.3131925,3.54795,-10.3249,-36.0118,0.3754005,
2,28.454,2,2.335282,118.8106,-0.7316474,0.3133015,3.54795,-10.3249,-36.0118,0.3754005,
2,28.464,2,2.334863,118.8141,-0.7326128,0.3137712,3.54795,-10.3249,-36.0118,0.3754005,
2,28.474,2,2.335637,118.8043,-0.7313122,0.3131104,3.54795,-10.3249,-36.0118,0.3754005,
2,28.484,2,2.336278,118.794,-0.7334036,0.3139196,3.54795,-10.3249,-36.0118,0.3754005,
2,28.494,2,2.33474,118.7975,-0.7327318,0.3138387,3.54795,-10.3249,-36.0118,0.3754005,
2,28.504,2,2.333761,118.8026,-0.7325607,0.313897,3.54795,-10.3249,-36.0118,0.3754005,
2,28.514,2,2.333562,118.787,-0.7327629,0.3140105,3.54795,-10.3249,-36.0118,0.3754005,
2,28.524,2,2.333252,118.7913,-0.7328274,0.3140798,3.54795,-10.3249,-36.0118,0.3754005,
2,28.534,2,2.335414,118.792,-0.7333934,0.3140314,3.54795,-10.3249,-36.0118,0.3754005,
2,28.544,2,2.33438,118.7914,-0.7320939,0.3136138,3.53977,-10.3249,-36.0132,0.3768005,
2,28.554,2,2.332155,118.7959,-0.7322615,0.3139849,3.53977,-10.3249,-36.0132,0.3768005,
2,28.564,2,2.332826,118.788,-0.7324027,0.3139552,3.53977,-10.3249,-36.0132,0.3768005,
2,28.574,2,2.331359,118.7577,-0.7324807,0.3141861,3.53977,-10.3249,-36.0132,0.3768005,
2,28.584,2,2.333986,118.7836,-0.7318466,0.3135609,3.53977,-10.3249,-36.0132,0.3768005,
2,28.594,2,2.334652,118.7886,-0.7320706,0.3135673,3.53977,-10.3249,-36.0132,0.3768005,
2,28.604,2,2.334043,118.7816,-0.7333001,0.314176,3.53977,-10.3249,-36.0132,0.3768005,
2,28.614,2,2.332657,118.7758,-0.7322008,0.3138914,3.53977,-10.3249,-36.0132,0.3768005,
2,28.624,2,2.337427,118.7641,-0.7329881,0.3135876,3.53977,-10.3249,-36.0132,0.3768005,
2,28.634,2,2.341603,118.6032,-0.7351971,0.3139718,3.53977,-10.3249,-36.0132,0.3768005,
2,28.644,2,2.343731,118.3966,-0.7352356,0.3137031,3.53977,-10.3249,-36.0132,0.3768005,
2,28.654,2,2.349036,118.216,-0.734729,0.312779,3.53977,-10.3249,-36.0132,0.3768005,
2,28.664,2,2.352951,118.1263,-0.7365234,0.3130212,3.53977,-10.3249,-36.0132,0.3768005,
2,28.674,2,2.356611,118.1135,-0.7352234,0.3119834,3.53977,-10.3249,-36.0132,0.3768005,
2,28.684,2,2.353867,118.0996,-0.7354541,0.3124451,3.53977,-10.3249,-36.0132,0.3768005,
2,28.694,2,2.355307,118.0957,-0.7366196,0.3127489,3.53977,-10.3249,-36.0132,0.3768005,
2,28.704,2,2.3562,118.1095,-0.736492,0.3125762,3.53977,-10.3249,-36.0132,0.3768005,
2,28.714,2,2.35676,118.0946,-0.73491,0.3118307,3.53977,-10.3249,-36.0132,0.3768005,
2,28.724,2,2.354269,118.0857,-0.7355569,0.3124354,3.53977,-10.3249,-36.0132,0.3768005,
2,28.734,2,2.354142,118.0823,-0.7354857,0.312422,3.53977,-10.3249,-36.0132,0.3768005,
2,28.744,2,2.355026,118.0849,-0.7361306,0.3125786,3.53977,-10.3249,-36.0132,0.3768005,
2,28.754,2,2.355415,118.0811,-0.736654,0.3127491,3.5327,-10.3249,-36.0146,0.3782005,
2,28.764,2,2.35244,118.0768,-0.7357548,0.3127624,3.5327,-10.3249,-36.0146,0.3782005,
2,28.774,2,2.354466,118.0814,-0.7387765,0.3137767,3.5327,-10.3249,-36.0146,0.3782005,
2,28.784,2,2.354833,118.0867,-0.7376448,0.3132472,3.5327,-10.3249,-36.0146,0.3782005,
2,28.794,2,2.352403,118.0804,-0.7397245,0.3144548,3.5327,-10.3249,-36.0146,0.3782005,
2,28.804,2,2.353112,118.0779,-0.7388219,0.3139766,3.5327,-10.3249,-36.0146,0.3782005,
2,28.814,2,2.353868,118.0701,-0.7406371,0.3146469,3.5327,-10.3249,-36.0146,0.3782005,
2,28.824,2,2.354331,118.0789,-0.7380473,0.3134849,3.5327,-10.3249,-36.0146,0.3782005,
2,28.834,2,2.357781,118.0534,-0.7378119,0.3129264,3.5327,-10.3249,-36.0146,0.3782005,
2,28.844,2,2.361473,117.8813,-0.7377523,0.3124119,3.5327,-10.3249,-36.0146,0.3782005,
2,28.854,2,2.363706,117.6374,-0.7389486,0.3126229,3.5327,-10.3249,-36.0146,0.3782005,
2,28.864,2,2.369146,117.4828,-0.7380754,0.3115365,3.5327,-10.3249,-36.0146,0.3782005,
2,28.874,2,2.370817,117.4121,-0.7380874,0.3113219,3.5327,-10.3249,-36.0146,0.3782005,
2,28.884,2,2.375845,117.3994,-0.7402688,0.3115813,3.5327,-10.3249,-36.0146,0.3782005,
2,28.894,2,2.374327,117.3975,-0.7397581,0.3115654,3.5327,-10.3249,-36.0146,0.3782005,
2,28.904,2,2.373611,117.3901,-0.7411451,0.3122437,3.5327,-10.3249,-36.0146,0.3782005,
2,28.914,2,2.375285,117.393,-0.7408082,0.3118818,3.5327,-10.3249,-36.0146,0.3782005,
2,28.924,2,2.373347,117.3908,-0.7423072,0.3127681,3.5327,-10.3249,-36.0146,0.3782005,
2,28.934,2,2.371897,117.3778,-0.7448763,0.3140424,3.5327,-10.3249,-36.0146,0.3782005,
2,28.944,2,2.374421,117.377,-0.7428951,0.3128742,3.5327,-10.3249,-36.0146,0.3782005,
2,28.954,2,2.374514,117.3942,-0.742641,0.3127549,3.5327,-10.3249,-36.0146,0.3782005,
2,28.964,2,2.374375,117.3867,-0.7437838,0.3132546,3.5327,-10.3249,-36.0146,0.3782005,
2,28.974,2,2.376756,117.3818,-0.7424013,0.312359,3.5327,-10.3249,-36.0146,0.3782005,
2,28.984,2,2.373356,117.3792,-0.741765,0.3125385,3.5327,-10.3249,-36.0146,0.3782005,
2,28.994,2,2.373386,117.3749,-0.7420003,0.3126336,3.52452,-10.3249,-36.0161,0.3797035,
2,29.004,2,2.372948,117.3722,-0.7403594,0.3119998,3.52452,-10.3249,-36.0161,0.3797035,
2,29.014,2,2.373623,117.3757,-0.741436,0.3123647,3.52452,-10.3249,-36.0161,0.3797035,
2,29.024,2,2.3719,117.3579,-0.7402021,0.3120714,3.52452,-10.3249,-36.0161,0.3797035,
2,29.034,2,2.37409,117.3665,-0.7414317,0.3123014,3.52452,-10.3249,-36.0161,0.3797035,
2,29.044,2,2.379288,117.3172,-0.7430502,0.3122994,3.52452,-10.3249,-36.0161,0.3797035,
2,29.054,2,2.384452,117.1447,-0.7411035,0.3108066,3.52452,-10.3249,-36.0161,0.3797035,
2,29.064,2,2.384316,116.8943,-0.7435861,0.3118656,3.52452,-10.3249,-36.0161,0.3797035,
2,29.074,2,2.390476,116.7585,-0.743899,0.3111929,3.52452,-10.3249,-36.0161,0.3797035,
2,29.084,2,2.394144,116.6943,-0.7467914,0.3119242,3.52452,-10.3249,-36.0161,0.3797035,
2,29.094,2,2.393567,116.6837,-0.7493126,0.3130527,3.52452,-10.3249,-36.0161,0.3797035,
2,29.104,2,2.392793,116.6926,-0.7501357,0.313498,3.52452,-10.3249,-36.0161,0.3797035,
2,29.114,2,2.393355,116.6709,-0.7487395,0.312841,3.52452,-10.3249,-36.0161,0.3797035,
2,29.124,2,2.394209,116.6737,-0.746415,0.3117585,3.52452,-10.3249,-36.0161,0.3797035,
2,29.134,2,2.394214,116.6838,-0.748232,0.3125167,3.52452,-10.3249,-36.0161,0.3797035,
2,29.144,2,2.394753,116.6678,-0.7454733,0.3112944,3.52452,-10.3249,-36.0161,0.3797035,
2,29.154,2,2.393538,116.6595,-0.7467923,0.3120036,3.52452,-10.3249,-36.0161,0.3797035,
2,29.164,2,2.392909,116.6686,-0.7465386,0.3119796,3.52452,-10.3249,-36.0161,0.3797035,
2,29.174,2,2.39418,116.6552,-0.7477037,0.3123006,3.52452,-10.3249,-36.0161,0.3797035,
2,29.184,2,2.394448,116.6609,-0.7466337,0.3118188,3.52452,-10.3249,-36.0161,0.3797035,
2,29.194,2,2.390944,116.6567,-0.746448,0.3121981,3.52452,-10.3249,-36.0161,0.3797035,
2,29.204,2,2.391781,116.6524,-0.7464969,0.3121092,3.51745,-10.3249,-36.0175,0.3811035,
2,29.214,2,2.393128,116.6508,-0.7477562,0.3124597,3.51745,-10.3249,-36.0175,0.3811035,
2,29.224,2,2.392034,116.654,-0.7493147,0.3132543,3.51745,-10.3249,-36.0175,0.3811035,
2,29.234,2,2.391721,116.6438,-0.7484094,0.3129167,3.51745,-10.3249,-36.0175,0.3811035,
2,29.244,2,2.394628,116.647,-0.7465631,0.3117658,3.51745,-10.3249,-36.0175,0.3811035,
2,29.254,2,2.391934,116.6577,-0.7490832,0.3131706,3.51745,-10.3249,-36.0175,0.3811035,
2,29.264,2,2.393036,116.6538,-0.7498167,0.3133328,3.51745,-10.3249,-36.0175,0.3811035,
2,29.274,2,2.391365,116.6434,-0.7477829,0.3127013,3.51745,-10.3249,-36.0175,0.3811035,
2,29.284,2,2.397018,116.593,-0.7488407,0.3124051,3.51745,-10.3249,-36.0175,0.3811035,
2,29.294,2,2.399496,116.4116,-0.7583741,0.3160556,3.51745,-10.3249,-36.0175,0.3811035,
2,29.304,2,2.40237,116.1611,-0.7585372,0.3157454,3.51745,-10.3249,-36.0175,0.3811035,
2,29.314,2,2.40763,116.0312,-0.7589308,0.315219,3.51745,-10.3249,-36.0175,0.3811035,
2,29.324,2,2.40928,115.9869,-0.7559124,0.3137503,3.51745,-10.3249,-36.0175,0.3811035,
2,29.334,2,2.411663,115.9854,-0.7569222,0.3138591,3.51745,-10.3249,-36.0175,0.3811035,
2,29.344,2,2.410193,115.9816,-0.7594498,0.3150991,3.51745,-10.3249,-36.0175,0.3811035,
2,29.354,2,2.410328,115.9712,-0.7591827,0.3149707,3.51745,-10.3249,-36.0175,0.3811035,
2,29.364,2,2.409632,115.9648,-0.7569273,0.3141256,3.51745,-10.3249,-36.0175,0.3811035,
2,29.374,2,2.410244,115.9706,-0.758684,0.3147748,3.51745,-10.3249,-36.0175,0.3811035,
2,29.384,2,2.40937,115.9697,-0.7584237,0.3147809,3.51745,-10.3249,-36.0175,0.3811035,
2,29.394,2,2.410632,115.9583,-0.7621462,0.3161604,3.51745,-10.3249,-36.0175,0.3811035,
2,29.404,2,2.409842,115.9662,-0.7630882,0.3166549,3.51745,-10.3249,-36.0175,0.3811035,
2,29.414,2,2.409884,115.9637,-0.7594516,0.3151403,3.51745,-10.3249,-36.0175,0.3811035,
2,29.424,2,2.412759,115.9528,-0.7529843,0.3120843,3.5098,-10.3249,-36.0189,0.3825035,
2,29.434,2,2.411841,115.955,-0.7506089,0.3112182,3.5098,-10.3249,-36.0189,0.3825035,
2,29.444,2,2.412707,115.9559,-0.7488436,0.3103748,3.5098,-10.3249,-36.0189,0.3825035,
2,29.454,2,2.411024,115.9485,-0.7479304,0.3102128,3.5098,-10.3249,-36.0189,0.3825035,
2,29.464,2,2.410931,115.9598,-0.7495235,0.3108855,3.5098,-10.3249,-36.0189,0.3825035,
2,29.474,2,2.411438,115.9559,-0.7504613,0.3112091,3.5098,-10.3249,-36.0189,0.3825035,
2,29.484,2,2.410837,115.9402,-0.7511657,0.3115789,3.5098,-10.3249,-36.0189,0.3825035,
2,29.494,2,2.411512,115.9427,-0.7512216,0.3115148,3.5098,-10.3249,-36.0189,0.3825035,
2,29.504,2,2.414812,115.9311,-0.7527627,0.3117272,3.5098,-10.3249,-36.0189,0.3825035,
2,29.514,2,2.417136,115.8078,-0.7529046,0.3114862,3.5098,-10.3249,-36.0189,0.3825035,
2,29.524,2,2.421887,115.5561,-0.7531685,0.3109841,3.5098,-10.3249,-36.0189,0.3825035,
2,29.534,2,2.428201,115.3916,-0.7541562,0.3105823,3.5098,-10.3249,-36.0189,0.3825035,
2,29.544,2,2.429062,115.2993,-0.7554909,0.3110217,3.5098,-10.3249,-36.0189,0.3825035,
2,29.554,2,2.433333,115.3073,-0.7554074,0.3104414,3.5098,-10.3249,-36.0189,0.3825035,
2,29.564,2,2.433242,115.2848,-0.7554009,0.3104504,3.5098,-10.3249,-36.0189,0.3825035,
2,29.574,2,2.42959,115.2911,-0.7575558,0.311804,3.5098,-10.3249,-36.0189,0.3825035,
2,29.584,2,2.430978,115.2944,-0.7551493,0.3106361,3.5098,-10.3249,-36.0189,0.3825035,
2,29.594,2,2.433418,115.2844,-0.7528252,0.3093695,3.5098,-10.3249,-36.0189,0.3825035,
2,29.604,2,2.431506,115.2627,-0.7544872,0.3102962,3.5098,-10.3249,-36.0189,0.3825035,
2,29.614,2,2.430915,115.2786,-0.755564,0.3108147,3.5098,-10.3249,-36.0189,0.3825035,
2,29.624,2,2.432317,115.2805,-0.7551739,0.3104751,3.5098,-10.3249,-36.0189,0.3825035,
2,29.634,2,2.43337,115.281,-0.7566646,0.3109534,3.5098,-10.3249,-36.0189,0.3825035,
2,29.644,2,2.431911,115.2675,-0.7574505,0.3114631,3.5098,-10.3249,-36.0189,0.3825035,
2,29.654,2,2.429877,115.2661,-0.7580001,0.3119501,3.50167,-10.3249,-36.0203,0.3839035,
2,29.664,2,2.429762,115.266,-0.7574283,0.3117294,3.50167,-10.3249,-36.0203,0.3839035,
2,29.674,2,2.429952,115.2798,-0.7570606,0.3115537,3.50167,-10.3249,-36.0203,0.3839035,
2,29.684,2,2.430815,115.2768,-0.7587082,0.3121209,3.50167,-10.3249,-36.0203,0.3839035,
2,29.694,2,2.431506,115.2686,-0.7594616,0.3123421,3.50167,-10.3249,-36.0203,0.3839035,
2,29.704,2,2.431968,115.2699,-0.7576002,0.3115173,3.50167,-10.3249,-36.0203,0.3839035,
2,29.714,2,2.431509,115.2731,-0.7578402,0.3116749,3.50167,-10.3249,-36.0203,0.3839035,
2,29.724,2,2.433363,115.2661,-0.7578634,0.311447,3.50167,-10.3249,-36.0203,0.3839035,
2,29.734,2,2.433794,115.1781,-0.7567742,0.3109443,3.50167,-10.3249,-36.0203,0.3839035,
2,29.744,2,2.43956,115.0026,-0.7570042,0.3103036,3.50167,-10.3249,-36.0203,0.3839035,
2,29.754,2,2.441835,114.7633,-0.7598866,0.3111949,3.50167,-10.3249,-36.0203,0.3839035,
2,29.764,2,2.44926,114.6496,-0.7603959,0.3104595,3.50167,-10.3249,-36.0203,0.3839035,
2,29.774,2,2.449095,114.6183,-0.7605074,0.3105259,3.50167,-10.3249,-36.0203,0.3839035,
2,29.784,2,2.44861,114.6168,-0.7617095,0.3110784,3.50167,-10.3249,-36.0203,0.3839035,
2,29.794,2,2.450488,114.6142,-0.7600351,0.3101567,3.50167,-10.3249,-36.0203,0.3839035,
2,29.804,2,2.450616,114.608,-0.7626218,0.311196,3.50167,-10.3249,-36.0203,0.3839035,
2,29.814,2,2.448282,114.5963,-0.7648475,0.3124018,3.50167,-10.3249,-36.0203,0.3839035,
2,29.824,2,2.450257,114.6118,-0.7633676,0.3115459,3.50167,-10.3249,-36.0203,0.3839035,
2,29.834,2,2.450042,114.6171,-0.76246,0.3112028,3.50167,-10.3249,-36.0203,0.3839035,
2,29.844,2,2.448876,114.6052,-0.7636667,0.3118438,3.49405,-10.3249,-36.0217,0.3853035,
2,29.854,2,2.450189,114.6036,-0.7617643,0.3109003,3.49405,-10.3249,-36.0217,0.3853035,
2,29.864,2,2.447259,114.5961,-0.7623071,0.3114943,3.49405,-10.3249,-36.0217,0.3853035,
2,29.874,2,2.450892,114.5977,-0.7613128,0.3106268,3.49405,-10.3249,-36.0217,0.3853035,
2,29.884,2,2.450684,114.5948,-0.7606388,0.3103782,3.49405,-10.3249,-36.0217,0.3853035,
2,29.894,2,2.448298,114.5889,-0.7614573,0.311015,3.49405,-10.3249,-36.0217,0.3853035,
2,29.904,2,2.449419,114.5855,-0.7617443,0.3109897,3.49405,-10.3249,-36.0217,0.3853035,
2,29.914,2,2.45129,114.5888,-0.7613821,0.3106047,3.49405,-10.3249,-36.0217,0.3853035,
2,29.924,2,2.454937,114.529,-0.7608483,0.3099258,3.49405,-10.3249,-36.0217,0.3853035,
2,29.934,2,2.458704,114.3551,-0.7621002,0.3099601,3.49405,-10.3249,-36.0217,0.3853035,
2,29.944,2,2.459489,114.122,-0.7652482,0.3111412,3.49405,-10.3249,-36.0217,0.3853035,
2,29.954,2,2.465441,114.0123,-0.7649137,0.3102543,3.49405,-10.3249,-36.0217,0.3853035,
2,29.964,2,2.470217,113.969,-0.766808,0.3104213,3.49405,-10.3249,-36.0217,0.3853035,
2,29.974,2,2.466131,113.9619,-0.7660682,0.3106356,3.49405,-10.3249,-36.0217,0.3853035,
2,29.984,2,2.469037,113.9575,-0.7680759,0.3110832,3.49405,-10.3249,-36.0217,0.3853035,
2,29.994,2,2.468793,113.9509,-0.7652386,0.3099646,3.49405,-10.3249,-36.0217,0.3853035,
2,30.004,2,2.468201,113.9506,-0.7648919,0.3098985,3.49405,-10.3249,-36.0217,0.3853035,
2,30.014,2,2.468632,113.9686,-0.765033,0.3099016,3.49405,-10.3249,-36.0217,0.3853035,
2,30.024,2,2.468474,113.9394,-0.7643225,0.3096336,3.49405,-10.3249,-36.0217,0.3853035,
2,30.034,2,2.471033,113.9369,-0.7629627,0.3087627,3.49405,-10.3249,-36.0217,0.3853035,
2,30.044,2,2.470995,113.9354,-0.7653704,0.3097417,3.49405,-10.3249,-36.0217,0.3853035,
2,30.054,2,2.467121,113.9368,-0.7668473,0.3108268,3.49405,-10.3249,-36.0217,0.3853035,
2,30.064,2,2.468982,113.9449,-0.7660192,0.310257,3.49405,-10.3249,-36.0217,0.3853035,
2,30.074,2,2.469757,113.9469,-0.7676135,0.3108053,3.48752,-10.3249,-36.0231,0.3867035,
2,30.084,2,2.469478,113.9335,-0.7663544,0.3103305,3.48752,-10.3249,-36.0231,0.3867035,
2,30.094,2,2.46808,113.9341,-0.7670057,0.3107702,3.48752,-10.3249,-36.0231,0.3867035,
2,30.104,2,2.468389,113.9294,-0.768823,0.3114675,3.48752,-10.3249,-36.0231,0.3867035,
2,30.114,2,2.467965,113.9313,-0.7684755,0.3113802,3.48752,-10.3249,-36.0231,0.3867035,
2,30.124,2,2.469467,113.9407,-0.7684654,0.3111868,3.48752,-10.3249,-36.0231,0.3867035,
2,30.134,2,2.468827,113.9503,-0.769399,0.3116456,3.48752,-10.3249,-36.0231,0.3867035,
2,30.144,2,2.471736,113.9244,-0.7693742,0.3112688,3.48752,-10.3249,-36.0231,0.3867035,
2,30.154,2,2.475144,113.7705,-0.7693118,0.3108149,3.48752,-10.3249,-36.0231,0.3867035,
2,30.164,2,2.476396,113.535,-0.7707216,0.3112271,3.48752,-10.3249,-36.0231,0.3867035,
2,30.174,2,2.482284,113.3791,-0.7686315,0.3096469,3.48752,-10.3249,-36.0231,0.3867035,
2,30.184,2,2.486734,113.3048,-0.7691314,0.3092938,3.48752,-10.3249,-36.0231,0.3867035,
2,30.194,2,2.487063,113.2982,-0.7696581,0.3094647,3.48752,-10.3249,-36.0231,0.3867035,
2,30.204,2,2.487038,113.2796,-0.7713028,0.310129,3.48752,-10.3249,-36.0231,0.3867035,
2,30.214,2,2.488807,113.2752,-0.7732528,0.3106922,3.48752,-10.3249,-36.0231,0.3867035,
2,30.224,2,2.487552,113.2818,-0.7724333,0.3105195,3.48752,-10.3249,-36.0231,0.3867035,
2,30.234,2,2.485964,113.2827,-0.7715746,0.3103724,3.48752,-10.3249,-36.0231,0.3867035,
2,30.244,2,2.487287,113.2743,-0.7711076,0.3100195,3.48752,-10.3249,-36.0231,0.3867035,
2,30.254,2,2.487267,113.2784,-0.774444,0.3113635,3.48752,-10.3249,-36.0231,0.3867035,
2,30.264,2,2.487166,113.2769,-0.7736679,0.3110641,3.48097,-10.3249,-36.0244,0.3880005,
2,30.274,2,2.485924,113.2719,-0.772804,0.3108719,3.48097,-10.3249,-36.0244,0.3880005,
2,30.284,2,2.486975,113.2808,-0.775262,0.3117289,3.48097,-10.3249,-36.0244,0.3880005,
2,30.294,2,2.487164,113.2661,-0.7747885,0.3115148,3.48097,-10.3249,-36.0244,0.3880005,
2,30.304,2,2.484997,113.2666,-0.7729172,0.3110334,3.48097,-10.3249,-36.0244,0.3880005,
2,30.314,2,2.486801,113.2769,-0.7720305,0.3104513,3.48097,-10.3249,-36.0244,0.3880005,
2,30.324,2,2.486976,113.265,-0.7725691,0.310646,3.48097,-10.3249,-36.0244,0.3880005,
2,30.334,2,2.491754,113.258,-0.7718558,0.3097641,3.48097,-10.3249,-36.0244,0.3880005,
2,30.344,2,2.492223,113.1329,-0.7737375,0.3104607,3.48097,-10.3249,-36.0244,0.3880005,
2,30.354,2,2.494796,112.9207,-0.7732747,0.3099551,3.48097,-10.3249,-36.0244,0.3880005,
2,30.364,2,2.496567,112.745,-0.7746052,0.3102682,3.48097,-10.3249,-36.0244,0.3880005,
2,30.374,2,2.500896,112.6379,-0.7778834,0.3110418,3.48097,-10.3249,-36.0244,0.3880005,
2,30.384,2,2.503751,112.6123,-0.7770206,0.3103426,3.48097,-10.3249,-36.0244,0.3880005,
2,30.394,2,2.504158,112.6245,-0.7802207,0.3115701,3.48097,-10.3249,-36.0244,0.3880005,
2,30.404,2,2.505127,112.6182,-0.7833204,0.3126869,3.48097,-10.3249,-36.0244,0.3880005,
2,30.414,2,2.504652,112.6203,-0.7819678,0.3122061,3.48097,-10.3249,-36.0244,0.3880005,
2,30.424,2,2.504236,112.5999,-0.7819635,0.3122563,3.48097,-10.3249,-36.0244,0.3880005,
2,30.434,2,2.504698,112.6114,-0.7817199,0.3121015,3.48097,-10.3249,-36.0244,0.3880005,
2,30.444,2,2.505797,112.6232,-0.7792796,0.3109908,3.48097,-10.3249,-36.0244,0.3880005,
2,30.454,2,2.504894,112.6196,-0.7800367,0.311405,3.48097,-10.3249,-36.0244,0.3880005,
2,30.464,2,2.504334,112.6075,-0.7797067,0.311343,3.47445,-10.3249,-36.0258,0.3894005,
2,30.474,2,2.506469,112.6072,-0.7782384,0.3104919,3.47445,-10.3249,-36.0258,0.3894005,
2,30.484,2,2.505989,112.5922,-0.778523,0.310665,3.47445,-10.3249,-36.0258,0.3894005,
2,30.494,2,2.505201,112.61,-0.7793549,0.3110947,3.47445,-10.3249,-36.0258,0.3894005,
2,30.504,2,2.506672,112.6084,-0.7792494,0.3108701,3.47445,-10.3249,-36.0258,0.3894005,
2,30.514,2,2.506386,112.6101,-0.7811065,0.3116466,3.47445,-10.3249,-36.0258,0.3894005,
2,30.524,2,2.505899,112.6033,-0.7820039,0.3120652,3.47445,-10.3249,-36.0258,0.3894005,
2,30.534,2,2.508754,112.5136,-0.7820662,0.3117349,3.47445,-10.3249,-36.0258,0.3894005,
2,30.544,2,2.513712,112.3005,-0.7813793,0.3108468,3.47445,-10.3249,-36.0258,0.3894005,
2,30.554,2,2.517706,112.1138,-0.7832298,0.3110887,3.47445,-10.3249,-36.0258,0.3894005,
2,30.564,2,2.520798,112.0071,-0.7835802,0.3108461,3.47445,-10.3249,-36.0258,0.3894005,
2,30.574,2,2.520599,112.0088,-0.7860492,0.3118502,3.47445,-10.3249,-36.0258,0.3894005,
2,30.584,2,2.523537,111.994,-0.7849073,0.3110346,3.47445,-10.3249,-36.0258,0.3894005,
2,30.594,2,2.524491,111.9904,-0.7857763,0.3112612,3.47445,-10.3249,-36.0258,0.3894005,
2,30.604,2,2.52228,111.9676,-0.7856208,0.3114724,3.47445,-10.3249,-36.0258,0.3894005,
2,30.614,2,2.523742,111.9747,-0.7839299,0.310622,3.47445,-10.3249,-36.0258,0.3894005,
2,30.624,2,2.524532,111.9789,-0.7836558,0.3104163,3.47445,-10.3249,-36.0258,0.3894005,
2,30.634,2,2.524672,111.9886,-0.7838323,0.3104689,3.47445,-10.3249,-36.0258,0.3894005,
2,30.644,2,2.524926,111.9756,-0.7852979,0.3110182,3.47445,-10.3249,-36.0258,0.3894005,
2,30.654,2,2.523335,111.9716,-0.7859534,0.3114741,3.47445,-10.3249,-36.0258,0.3894005,
2,30.664,2,2.522537,111.9666,-0.7866674,0.3118556,3.47445,-10.3249,-36.0258,0.3894005,
2,30.674,2,2.522298,111.9713,-0.7855189,0.3114298,3.47445,-10.3249,-36.0258,0.3894005,
2,30.684,2,2.524143,111.9769,-0.7865139,0.3115964,3.47445,-10.3249,-36.0258,0.3894005,
2,30.694,2,2.522072,111.9838,-0.7889861,0.3128325,3.46683,-10.3249,-36.0271,0.3907013,
2,30.704,2,2.522778,111.9772,-0.787874,0.3123041,3.46683,-10.3249,-36.0271,0.3907013,
2,30.714,2,2.52296,111.9805,-0.7881283,0.3123824,3.46683,-10.3249,-36.0271,0.3907013,
2,30.724,2,2.521947,111.9783,-0.7889693,0.3128413,3.46683,-10.3249,-36.0271,0.3907013,
2,30.734,2,2.522735,111.9757,-0.7865652,0.3117906,3.46683,-10.3249,-36.0271,0.3907013,
2,30.744,2,2.521933,111.9764,-0.7857268,0.3115574,3.46683,-10.3249,-36.0271,0.3907013,
2,30.754,2,2.522437,111.9749,-0.7865834,0.3118347,3.46683,-10.3249,-36.0271,0.3907013,
2,30.764,2,2.52395,111.9786,-0.7842675,0.3107302,3.46683,-10.3249,-36.0271,0.3907013,
2,30.774,2,2.528737,111.8808,-0.7856722,0.3106975,3.46683,-10.3249,-36.0271,0.3907013,
2,30.784,2,2.530865,111.6601,-0.7878069,0.3112797,3.46683,-10.3249,-36.0271,0.3907013,
2,30.794,2,2.53206,111.46,-0.7864791,0.3106084,3.46683,-10.3249,-36.0271,0.3907013,
2,30.804,2,2.537979,111.3417,-0.7892347,0.3109697,3.46683,-10.3249,-36.0271,0.3907013,
2,30.814,2,2.539888,111.3123,-0.7913659,0.3115751,3.46683,-10.3249,-36.0271,0.3907013,
2,30.824,2,2.540668,111.3138,-0.7906142,0.3111836,3.46683,-10.3249,-36.0271,0.3907013,
2,30.834,2,2.542953,111.3194,-0.7910265,0.3110661,3.46683,-10.3249,-36.0271,0.3907013,
2,30.844,2,2.540447,111.313,-0.7920383,0.3117713,3.46683,-10.3249,-36.0271,0.3907013,
2,30.854,2,2.540931,111.3054,-0.7914624,0.3114852,3.46683,-10.3249,-36.0271,0.3907013,
2,30.864,2,2.54071,111.2959,-0.7935426,0.312331,3.46683,-10.3249,-36.0271,0.3907013,
2,30.874,2,2.544435,111.3138,-0.7953191,0.312572,3.46683,-10.3249,-36.0271,0.3907013,
2,30.884,2,2.541152,111.3069,-0.795719,0.3131332,3.46683,-10.3249,-36.0271,0.3907013,
2,30.894,2,2.54041,111.3124,-0.794637,0.3127987,3.46683,-10.3249,-36.0271,0.3907013,
2,30.904,2,2.542485,111.3035,-0.7926235,0.3117515,3.46683,-10.3249,-36.0271,0.3907013,
2,30.914,2,2.541331,111.2961,-0.7920685,0.3116747,3.45867,-10.3249,-36.0285,0.3921013,
2,30.924,2,2.540615,111.2878,-0.7927464,0.3120294,3.45867,-10.3249,-36.0285,0.3921013,
2,30.934,2,2.541741,111.2954,-0.7939698,0.3123724,3.45867,-10.3249,-36.0285,0.3921013,
2,30.944,2,2.542073,111.2884,-0.7942607,0.3124461,3.45867,-10.3249,-36.0285,0.3921013,
2,30.954,2,2.542395,111.2948,-0.793702,0.3121867,3.45867,-10.3249,-36.0285,0.3921013,
2,30.964,2,2.541045,111.2915,-0.7946553,0.3127277,3.45867,-10.3249,-36.0285,0.3921013,
2,30.974,2,2.540406,111.2896,-0.7943584,0.3126895,3.45867,-10.3249,-36.0285,0.3921013,
2,30.984,2,2.540364,111.2875,-0.7978674,0.314076,3.45867,-10.3249,-36.0285,0.3921013,
2,30.994,2,2.543769,111.2496,-0.7971349,0.3133676,3.45867,-10.3249,-36.0285,0.3921013,
2,31.004,2,2.55017,111.0875,-0.7971191,0.312575,3.45867,-10.3249,-36.0285,0.3921013,
2,31.014,2,2.552072,110.8727,-0.7994238,0.3132449,3.45867,-10.3249,-36.0285,0.3921013,
2,31.024,2,2.556695,110.7085,-0.7983983,0.3122775,3.45867,-10.3249,-36.0285,0.3921013,
2,31.034,2,2.558397,110.6613,-0.7985024,0.3121105,3.45867,-10.3249,-36.0285,0.3921013,
2,31.044,2,2.56117,110.6465,-0.798816,0.3118949,3.45867,-10.3249,-36.0285,0.3921013,
2,31.054,2,2.559809,110.6396,-0.7998896,0.3124802,3.45867,-10.3249,-36.0285,0.3921013,
2,31.064,2,2.561275,110.6427,-0.7981905,0.311638,3.45867,-10.3249,-36.0285,0.3921013,
2,31.074,2,2.561729,110.6503,-0.7979183,0.3114764,3.45867,-10.3249,-36.0285,0.3921013,
2,31.084,2,2.559076,110.6372,-0.8004585,0.312792,3.45867,-10.3249,-36.0285,0.3921013,
2,31.094,2,2.559021,110.628,-0.8003001,0.3127368,3.45867,-10.3249,-36.0285,0.3921013,
2,31.104,2,2.560155,110.6143,-0.8019587,0.3132462,3.45867,-10.3249,-36.0285,0.3921013,
2,31.114,2,2.559561,110.6243,-0.8025451,0.313548,3.45867,-10.3249,-36.0285,0.3921013,
2,31.124,2,2.56147,110.6304,-0.8022844,0.3132125,3.45867,-10.3249,-36.0285,0.3921013,
2,31.134,2,2.559678,110.633,-0.8008843,0.3128847,3.45867,-10.3249,-36.0285,0.3921013,
2,31.144,2,2.560763,110.6273,-0.8011948,0.3128735,3.45867,-10.3249,-36.0285,0.3921013,
2,31.154,2,2.558089,110.6146,-0.8030596,0.3139295,3.45105,-10.3249,-36.0298,0.3934021,
2,31.164,2,2.559266,110.6124,-0.8029805,0.3137543,3.45105,-10.3249,-36.0298,0.3934021,
2,31.174,2,2.559373,110.6238,-0.8019637,0.3133438,3.45105,-10.3249,-36.0298,0.3934021,
2,31.184,2,2.560125,110.6178,-0.8018638,0.3132128,3.45105,-10.3249,-36.0298,0.3934021,
2,31.194,2,2.5593,110.6345,-0.7992216,0.3122814,3.45105,-10.3249,-36.0298,0.3934021,
2,31.204,2,2.561094,110.617,-0.7991676,0.3120415,3.45105,-10.3249,-36.0298,0.3934021,
2,31.214,2,2.55801,110.6154,-0.8010089,0.3131376,3.45105,-10.3249,-36.0298,0.3934021,
2,31.224,2,2.558629,110.6021,-0.8017579,0.3133545,3.45105,-10.3249,-36.0298,0.3934021,
2,31.234,2,2.561839,110.5712,-0.8009905,0.3126623,3.45105,-10.3249,-36.0298,0.3934021,
2,31.244,2,2.565984,110.4136,-0.8001983,0.3118485,3.45105,-10.3249,-36.0298,0.3934021,
2,31.254,2,2.570244,110.1813,-0.8027542,0.3123261,3.45105,-10.3249,-36.0298,0.3934021,
2,31.264,2,2.573759,110.0232,-0.8050802,0.3128033,3.45105,-10.3249,-36.0298,0.3934021,
2,31.274,2,2.576908,109.9761,-0.8064551,0.3129546,3.45105,-10.3249,-36.0298,0.3934021,
2,31.284,2,2.577872,109.9723,-0.8105294,0.314418,3.45105,-10.3249,-36.0298,0.3934021,
2,31.294,2,2.578751,109.9606,-0.8099368,0.314081,3.45105,-10.3249,-36.0298,0.3934021,
2,31.304,2,2.578188,109.9604,-0.810773,0.314474,3.45105,-10.3249,-36.0298,0.3934021,
2,31.314,2,2.577048,109.9639,-0.810698,0.314584,3.45105,-10.3249,-36.0298,0.3934021,
2,31.324,2,2.575792,109.9653,-0.8107282,0.3147491,3.45105,-10.3249,-36.0298,0.3934021,
2,31.334,2,2.578662,109.9672,-0.8102166,0.3142003,3.45105,-10.3249,-36.0298,0.3934021,
2,31.344,2,2.576883,109.9488,-0.807256,0.3132684,3.45105,-10.3249,-36.0298,0.3934021,
2,31.354,2,2.577379,109.9486,-0.8051621,0.3123957,3.45105,-10.3249,-36.0298,0.3934021,
2,31.364,2,2.57675,109.9437,-0.8053452,0.312543,3.45105,-10.3249,-36.0298,0.3934021,
2,31.374,2,2.578245,109.9489,-0.8058277,0.3125489,3.45105,-10.3249,-36.0298,0.3934021,
2,31.384,2,2.579205,109.9496,-0.8074401,0.3130578,3.45105,-10.3249,-36.0298,0.3934021,
2,31.394,2,2.579392,109.9495,-0.8086169,0.3134912,3.44287,-10.3249,-36.0312,0.3948021,
2,31.404,2,2.57638,109.9436,-0.8094082,0.314165,3.44287,-10.3249,-36.0312,0.3948021,
2,31.414,2,2.577726,109.9492,-0.8103052,0.3143489,3.44287,-10.3249,-36.0312,0.3948021,
2,31.424,2,2.576298,109.9371,-0.8110524,0.3148131,3.44287,-10.3249,-36.0312,0.3948021,
2,31.434,2,2.578277,109.9411,-0.8114466,0.3147244,3.44287,-10.3249,-36.0312,0.3948021,
2,31.444,2,2.578303,109.9452,-0.8108342,0.3144836,3.44287,-10.3249,-36.0312,0.3948021,
2,31.454,2,2.580114,109.9662,-0.8132421,0.3151962,3.44287,-10.3249,-36.0312,0.3948021,
2,31.464,2,2.577899,109.9459,-0.8118582,0.3149301,3.44287,-10.3249,-36.0312,0.3948021,
2,31.474,2,2.582385,109.9176,-0.8098914,0.3136214,3.44287,-10.3249,-36.0312,0.3948021,
2,31.484,2,2.588327,109.7424,-0.8110366,0.3133439,3.44287,-10.3249,-36.0312,0.3948021,
2,31.494,2,2.589616,109.4997,-0.8119188,0.3135287,3.44287,-10.3249,-36.0312,0.3948021,
2,31.504,2,2.59342,109.3524,-0.8103371,0.3124589,3.44287,-10.3249,-36.0312,0.3948021,
2,31.514,2,2.596751,109.3233,-0.8131127,0.3131269,3.44287,-10.3249,-36.0312,0.3948021,
2,31.524,2,2.595371,109.2938,-0.8115577,0.3126943,3.44287,-10.3249,-36.0312,0.3948021,
2,31.534,2,2.595527,109.2803,-0.8118256,0.3127787,3.44287,-10.3249,-36.0312,0.3948021,
2,31.544,2,2.598475,109.276,-0.8143204,0.3133839,3.44287,-10.3249,-36.0312,0.3948021,
2,31.554,2,2.59796,109.2881,-0.8153842,0.3138556,3.44287,-10.3249,-36.0312,0.3948021,
2,31.564,2,2.597418,109.2675,-0.8166643,0.3144138,3.44287,-10.3249,-36.0312,0.3948021,
2,31.574,2,2.596332,109.3004,-0.8175113,0.3148717,3.44287,-10.3249,-36.0312,0.3948021,
2,31.584,2,2.597569,109.2864,-0.8172966,0.314639,3.44287,-10.3249,-36.0312,0.3948021,
2,31.594,2,2.597195,109.284,-0.8176135,0.3148063,3.44287,-10.3249,-36.0312,0.3948021,
2,31.604,2,2.597709,109.2848,-0.817874,0.3148443,3.44287,-10.3249,-36.0312,0.3948021,
2,31.614,2,2.598421,109.2848,-0.8176044,0.3146544,3.44287,-10.3249,-36.0312,0.3948021,
2,31.624,2,2.5979,109.278,-0.817306,0.3146026,3.44287,-10.3249,-36.0312,0.3948021,
2,31.634,2,2.59702,109.2874,-0.8188485,0.3153031,3.43473,-10.3249,-36.0326,0.3962021,
2,31.644,2,2.597628,109.2774,-0.8159924,0.3141298,3.43473,-10.3249,-36.0326,0.3962021,
2,31.654,2,2.597491,109.2834,-0.8162601,0.3142495,3.43473,-10.3249,-36.0326,0.3962021,
2,31.664,2,2.599046,109.2553,-0.8159096,0.3139266,3.43473,-10.3249,-36.0326,0.3962021,
2,31.674,2,2.597547,109.2676,-0.8173053,0.3146451,3.43473,-10.3249,-36.0326,0.3962021,
2,31.684,2,2.602463,109.2275,-0.816995,0.3139315,3.43473,-10.3249,-36.0326,0.3962021,
2,31.694,2,2.606138,109.0504,-0.8191487,0.3143152,3.43473,-10.3249,-36.0326,0.3962021,
2,31.704,2,2.609175,108.8028,-0.8198521,0.3142188,3.43473,-10.3249,-36.0326,0.3962021,
2,31.714,2,2.613285,108.662,-0.8203932,0.3139318,3.43473,-10.3249,-36.0326,0.3962021,
2,31.724,2,2.616466,108.6159,-0.8227736,0.3144599,3.43473,-10.3249,-36.0326,0.3962021,
2,31.734,2,2.618742,108.6252,-0.8226989,0.314158,3.43473,-10.3249,-36.0326,0.3962021,
2,31.744,2,2.62038,108.6155,-0.8225806,0.3139165,3.43473,-10.3249,-36.0326,0.3962021,
2,31.754,2,2.618033,108.6085,-0.824106,0.3147807,3.43473,-10.3249,-36.0326,0.3962021,
2,31.764,2,2.6185,108.6122,-0.82234,0.31405,3.43473,-10.3249,-36.0326,0.3962021,
2,31.774,2,2.617732,108.6133,-0.8240466,0.3147941,3.43473,-10.3249,-36.0326,0.3962021,
2,31.784,2,2.616861,108.6085,-0.821267,0.3138367,3.43473,-10.3249,-36.0326,0.3962021,
2,31.794,2,2.618069,108.5969,-0.8207762,0.3135044,3.43473,-10.3249,-36.0326,0.3962021,
2,31.804,2,2.616796,108.5901,-0.8216696,0.3139984,3.43473,-10.3249,-36.0326,0.3962021,
2,31.814,2,2.617005,108.6036,-0.8226483,0.3143472,3.43473,-10.3249,-36.0326,0.3962021,
2,31.824,2,2.617844,108.608,-0.8219644,0.3139853,3.43473,-10.3249,-36.0326,0.3962021,
2,31.834,2,2.616028,108.5957,-0.822266,0.3143185,3.43473,-10.3249,-36.0326,0.3962021,
2,31.844,2,2.617872,108.6002,-0.8230134,0.3143826,3.42765,-10.3249,-36.034,0.3976021,
2,31.854,2,2.618884,108.6021,-0.8233852,0.3144031,3.42765,-10.3249,-36.034,0.3976021,
2,31.864,2,2.617559,108.591,-0.8237739,0.3147107,3.42765,-10.3249,-36.034,0.3976021,
2,31.874,2,2.617226,108.6007,-0.8239266,0.3148092,3.42765,-10.3249,-36.034,0.3976021,
2,31.884,2,2.618004,108.6024,-0.8229492,0.3143422,3.42765,-10.3249,-36.034,0.3976021,
2,31.894,2,2.616975,108.6035,-0.8268657,0.3159624,3.42765,-10.3249,-36.034,0.3976021,
2,31.904,2,2.617865,108.6092,-0.8245332,0.3149639,3.42765,-10.3249,-36.034,0.3976021,
2,31.914,2,2.617696,108.6061,-0.8212363,0.3137249,3.42765,-10.3249,-36.034,0.3976021,
2,31.924,2,2.616944,108.5864,-0.8251316,0.3153035,3.42765,-10.3249,-36.034,0.3976021,
2,31.934,2,2.617005,108.6011,-0.8241,0.314902,3.42765,-10.3249,-36.034,0.3976021,
2,31.944,2,2.618591,108.6043,-0.8226956,0.314175,3.42765,-10.3249,-36.034,0.3976021,
2,31.954,2,2.621559,108.5708,-0.8259621,0.3150652,3.42765,-10.3249,-36.034,0.3976021,
2,31.964,2,2.625444,108.3921,-0.8232484,0.3135654,3.42765,-10.3249,-36.034,0.3976021,
2,31.974,2,2.626442,108.1592,-0.8257331,0.3143922,3.42765,-10.3249,-36.034,0.3976021,
2,31.984,2,2.634768,108.002,-0.8253765,0.3132635,3.42765,-10.3249,-36.034,0.3976021,
2,31.994,2,2.636694,107.9685,-0.8266301,0.3135101,3.42765,-10.3249,-36.034,0.3976021,
2,32.004,2,2.63779,107.9646,-0.8255334,0.3129641,3.42765,-10.3249,-36.034,0.3976021,
2,32.014,2,2.637722,107.9601,-0.8285487,0.3141152,3.42765,-10.3249,-36.034,0.3976021,
2,32.024,2,2.636787,107.9561,-0.8304259,0.3149385,3.42765,-10.3249,-36.034,0.3976021,
2,32.034,2,2.637195,107.9492,-0.8309437,0.3150862,3.42765,-10.3249,-36.034,0.3976021,
2,32.044,2,2.63758,107.9312,-0.8305383,0.3148865,3.42765,-10.3249,-36.034,0.3976021,
2,32.054,2,2.637561,107.9555,-0.8306631,0.314936,3.42765,-10.3249,-36.034,0.3976021,
2,32.064,2,2.637482,107.9505,-0.8275659,0.3137712,3.42765,-10.3249,-36.034,0.3976021,
2,32.074,2,2.635344,107.9616,-0.8282286,0.3142772,3.42765,-10.3249,-36.034,0.3976021,
2,32.084,2,2.636695,107.9533,-0.8261462,0.3133265,3.42765,-10.3249,-36.034,0.3976021,
2,32.094,2,2.637024,107.9506,-0.8261835,0.3133015,3.42765,-10.3249,-36.034,0.3976021,
2,32.104,2,2.636739,107.9203,-0.8291022,0.3144423,3.41838,-10.3249,-36.0354,0.3990021,
2,32.114,2,2.636594,107.937,-0.8263425,0.3134129,3.41838,-10.3249,-36.0354,0.3990021,
2,32.124,2,2.63669,107.9451,-0.8274946,0.3138384,3.41838,-10.3249,-36.0354,0.3990021,
2,32.134,2,2.635024,107.9589,-0.8289561,0.3145915,3.41838,-10.3249,-36.0354,0.3990021,
2,32.144,2,2.636441,107.9422,-0.8288535,0.3143835,3.41838,-10.3249,-36.0354,0.3990021,
2,32.154,2,2.635928,107.9412,-0.8289831,0.3144938,3.41838,-10.3249,-36.0354,0.3990021,
2,32.164,2,2.637192,107.942,-0.830641,0.3149717,3.41838,-10.3249,-36.0354,0.3990021,
2,32.174,2,2.638093,107.9387,-0.8284257,0.3140245,3.41838,-10.3249,-36.0354,0.3990021,
2,32.184,2,2.641337,107.8277,-0.8298861,0.3141917,3.41838,-10.3249,-36.0354,0.3990021,
2,32.194,2,2.645526,107.5915,-0.8313603,0.3142514,3.41838,-10.3249,-36.0354,0.3990021,
2,32.204,2,2.648582,107.3931,-0.8308063,0.3136796,3.41838,-10.3249,-36.0354,0.3990021,
2,32.214,2,2.654173,107.3017,-0.83065,0.3129601,3.41838,-10.3249,-36.0354,0.3990021,
2,32.224,2,2.655408,107.2839,-0.8315318,0.3131465,3.41838,-10.3249,-36.0354,0.3990021,
2,32.234,2,2.656092,107.2728,-0.8313668,0.3130038,3.41838,-10.3249,-36.0354,0.3990021,
2,32.244,2,2.658877,107.2797,-0.8287606,0.3116957,3.41838,-10.3249,-36.0354,0.3990021,
2,32.254,2,2.65636,107.278,-0.8309894,0.3128301,3.41838,-10.3249,-36.0354,0.3990021,
2,32.264,2,2.65657,107.2647,-0.8308267,0.3127441,3.41838,-10.3249,-36.0354,0.3990021,
2,32.274,2,2.657521,107.265,-0.8320014,0.3130743,3.41838,-10.3249,-36.0354,0.3990021,
2,32.284,2,2.652406,107.271,-0.8336553,0.3143015,3.41838,-10.3249,-36.0354,0.3990021,
2,32.294,2,2.656851,107.2708,-0.8335397,0.3137323,3.41077,-10.3249,-36.0368,0.4004021,
2,32.304,2,2.654393,107.2653,-0.8344464,0.3143643,3.41077,-10.3249,-36.0368,0.4004021,
2,32.314,2,2.654305,107.2617,-0.8339531,0.3141889,3.41077,-10.3249,-36.0368,0.4004021,
2,32.324,2,2.655603,107.2667,-0.8329516,0.3136581,3.41077,-10.3249,-36.0368,0.4004021,
2,32.334,2,2.655617,107.2816,-0.8335813,0.3138936,3.41077,-10.3249,-36.0368,0.4004021,
2,32.344,2,2.656348,107.2687,-0.8324614,0.3133857,3.41077,-10.3249,-36.0368,0.4004021,
2,32.354,2,2.65677,107.2676,-0.8304224,0.3125684,3.41077,-10.3249,-36.0368,0.4004021,
2,32.364,2,2.653614,107.2664,-0.8325323,0.3137352,3.41077,-10.3249,-36.0368,0.4004021,
2,32.374,2,2.655688,107.2643,-0.8308454,0.312855,3.41077,-10.3249,-36.0368,0.4004021,
2,32.384,2,2.654782,107.2578,-0.8298246,0.3125773,3.41077,-10.3249,-36.0368,0.4004021,
2,32.394,2,2.656659,107.2766,-0.8284304,0.3118317,3.41077,-10.3249,-36.0368,0.4004021,
2,32.404,2,2.654775,107.2554,-0.8286153,0.3121226,3.41077,-10.3249,-36.0368,0.4004021,
2,32.414,2,2.656964,107.2605,-0.8297712,0.3123005,3.41077,-10.3249,-36.0368,0.4004021,
2,32.424,2,2.65993,107.1355,-0.8304332,0.3122011,3.41077,-10.3249,-36.0368,0.4004021,
2,32.434,2,2.664761,106.9041,-0.8313543,0.3119808,3.41077,-10.3249,-36.0368,0.4004021,
2,32.444,2,2.666065,106.7219,-0.8345611,0.313031,3.41077,-10.3249,-36.0368,0.4004021,
2,32.454,2,2.670261,106.6517,-0.8345755,0.3125446,3.41077,-10.3249,-36.0368,0.4004021,
2,32.464,2,2.672772,106.6062,-0.8345693,0.3122486,3.41077,-10.3249,-36.0368,0.4004021,
2,32.474,2,2.673704,106.5975,-0.8341611,0.3119871,3.41077,-10.3249,-36.0368,0.4004021,
2,32.484,2,2.674158,106.6157,-0.8337292,0.3117726,3.41077,-10.3249,-36.0368,0.4004021,
2,32.494,2,2.675777,106.6054,-0.835639,0.3122977,3.41077,-10.3249,-36.0368,0.4004021,
2,32.504,2,2.673,106.5958,-0.8346542,0.3122537,3.41077,-10.3249,-36.0368,0.4004021,
2,32.514,2,2.674212,106.609,-0.8329941,0.3114915,3.41077,-10.3249,-36.0368,0.4004021,
2,32.524,2,2.67169,106.5923,-0.8334956,0.3119732,3.41077,-10.3249,-36.0368,0.4004021,
2,32.534,2,2.672585,106.591,-0.8327514,0.3115903,3.40368,-10.3249,-36.0381,0.4017029,
2,32.544,2,2.671805,106.5776,-0.8318987,0.3113621,3.40368,-10.3249,-36.0381,0.4017029,
2,32.554,2,2.671653,106.5827,-0.8324436,0.3115838,3.40368,-10.3249,-36.0381,0.4017029,
2,32.564,2,2.671852,106.5794,-0.8324658,0.3115688,3.40368,-10.3249,-36.0381,0.4017029,
2,32.574,2,2.672072,106.5845,-0.8343337,0.3122422,3.40368,-10.3249,-36.0381,0.4017029,
2,32.584,2,2.672971,106.5821,-0.8345969,0.3122357,3.40368,-10.3249,-36.0381,0.4017029,
2,32.594,2,2.672975,106.5863,-0.8337814,0.3119301,3.40368,-10.3249,-36.0381,0.4017029,
2,32.604,2,2.669986,106.5768,-0.8347942,0.3126587,3.40368,-10.3249,-36.0381,0.4017029,
2,32.614,2,2.67023,106.5824,-0.8341817,0.3124007,3.40368,-10.3249,-36.0381,0.4017029,
2,32.624,2,2.672449,106.5908,-0.8346316,0.3123096,3.40368,-10.3249,-36.0381,0.4017029,
2,32.634,2,2.674539,106.5853,-0.8349011,0.3121663,3.40368,-10.3249,-36.0381,0.4017029,
2,32.644,2,2.670375,106.579,-0.8327474,0.3118466,3.40368,-10.3249,-36.0381,0.4017029,
2,32.654,2,2.675167,106.5766,-0.8329629,0.3113686,3.40368,-10.3249,-36.0381,0.4017029,
2,32.664,2,2.677591,106.4375,-0.8321617,0.3107875,3.40368,-10.3249,-36.0381,0.4017029,
2,32.674,2,2.68271,106.2294,-0.8305877,0.3096077,3.40368,-10.3249,-36.0381,0.4017029,
2,32.684,2,2.686264,106.0223,-0.8314394,0.3095151,3.40368,-10.3249,-36.0381,0.4017029,
2,32.694,2,2.69,105.9302,-0.8354033,0.3105588,3.40368,-10.3249,-36.0381,0.4017029,
2,32.704,2,2.691994,105.9052,-0.8343515,0.3099381,3.40368,-10.3249,-36.0381,0.4017029,
2,32.714,2,2.692932,105.8967,-0.8343741,0.3098386,3.40368,-10.3249,-36.0381,0.4017029,
2,32.724,2,2.692703,105.9013,-0.8335979,0.3095766,3.40368,-10.3249,-36.0381,0.4017029,
2,32.734,2,2.691398,105.8931,-0.8347815,0.3101665,3.40368,-10.3249,-36.0381,0.4017029,
2,32.744,2,2.692459,105.8945,-0.836797,0.3107929,3.40368,-10.3249,-36.0381,0.4017029,
2,32.754,2,2.693941,105.8965,-0.837638,0.310934,3.40368,-10.3249,-36.0381,0.4017029,
2,32.764,2,2.692361,105.8948,-0.8359991,0.3105078,3.40368,-10.3249,-36.0381,0.4017029,
2,32.774,2,2.692921,105.8874,-0.8352552,0.310167,3.40368,-10.3249,-36.0381,0.4017029,
2,32.784,2,2.694985,105.883,-0.8352296,0.3099199,3.40368,-10.3249,-36.0381,0.4017029,
2,32.794,2,2.691668,105.8804,-0.8319988,0.3091016,3.40368,-10.3249,-36.0381,0.4017029,
2,32.804,2,2.693275,105.878,-0.8325111,0.3091073,3.40368,-10.3249,-36.0381,0.4017029,
2,32.814,2,2.691424,105.8777,-0.8316841,0.3090126,3.40368,-10.3249,-36.0381,0.4017029,
2,32.824,2,2.693974,105.8763,-0.8315774,0.3086806,3.39442,-10.3249,-36.0395,0.4031029,
2,32.834,2,2.695076,105.8616,-0.8313463,0.3084686,3.39442,-10.3249,-36.0395,0.4031029,
2,32.844,2,2.69233,105.8676,-0.8323797,0.3091671,3.39442,-10.3249,-36.0395,0.4031029,
2,32.854,2,2.69251,105.8687,-0.8319298,0.3089793,3.39442,-10.3249,-36.0395,0.4031029,
2,32.864,2,2.693508,105.8628,-0.8322412,0.3089805,3.39442,-10.3249,-36.0395,0.4031029,
2,32.874,2,2.690773,105.86,-0.8325144,0.3093961,3.39442,-10.3249,-36.0395,0.4031029,
2,32.884,2,2.691902,105.8613,-0.8338445,0.3097604,3.39442,-10.3249,-36.0395,0.4031029,
2,32.894,2,2.695852,105.8529,-0.8357522,0.3100141,3.39442,-10.3249,-36.0395,0.4031029,
2,32.904,2,2.69832,105.7288,-0.8324381,0.3085023,3.39442,-10.3249,-36.0395,0.4031029,
2,32.914,2,2.702993,105.5242,-0.834798,0.3088421,3.39442,-10.3249,-36.0395,0.4031029,
2,32.924,2,2.705264,105.2856,-0.8363324,0.30915,3.39442,-10.3249,-36.0395,0.4031029,
2,32.934,2,2.711198,105.2093,-0.8378528,0.3090342,3.39442,-10.3249,-36.0395,0.4031029,
2,32.944,2,2.713202,105.1796,-0.8337803,0.3073049,3.39442,-10.3249,-36.0395,0.4031029,
2,32.954,2,2.711744,105.1823,-0.8343328,0.3076739,3.39442,-10.3249,-36.0395,0.4031029,
2,32.964,2,2.713122,105.1693,-0.83228,0.3067609,3.39442,-10.3249,-36.0395,0.4031029,
2,32.974,2,2.713665,105.16,-0.8329762,0.3069562,3.39442,-10.3249,-36.0395,0.4031029,
2,32.984,2,2.712512,105.1269,-0.831688,0.3066117,3.39442,-10.3249,-36.0395,0.4031029,
2,32.994,2,2.712069,105.1581,-0.8319137,0.306745,3.39442,-10.3249,-36.0395,0.4031029,
2,33.004,2,2.712593,105.149,-0.8338196,0.3073883,3.39442,-10.3249,-36.0395,0.4031029,
2,33.014,2,2.71295,105.1581,-0.834012,0.3074189,3.39442,-10.3249,-36.0395,0.4031029,
2,33.024,2,2.713092,105.145,-0.8316549,0.306534,3.38628,-10.3249,-36.041,0.4046021,
2,33.034,2,2.711868,105.1324,-0.8339941,0.3075349,3.38628,-10.3249,-36.041,0.4046021,
2,33.044,2,2.711971,105.1298,-0.8358783,0.308218,3.38628,-10.3249,-36.041,0.4046021,
2,33.054,2,2.712491,105.1375,-0.8355947,0.3080544,3.38628,-10.3249,-36.041,0.4046021,
2,33.064,2,2.711445,105.1371,-0.83302,0.3072236,3.38628,-10.3249,-36.041,0.4046021,
2,33.074,2,2.7146,105.1362,-0.8346601,0.3074707,3.38628,-10.3249,-36.041,0.4046021,
2,33.084,2,2.713394,105.1269,-0.8321404,0.3066788,3.38628,-10.3249,-36.041,0.4046021,
2,33.094,2,2.711905,105.1296,-0.8321192,0.3068393,3.38628,-10.3249,-36.041,0.4046021,
2,33.104,2,2.710562,105.1228,-0.8326309,0.3071802,3.38628,-10.3249,-36.041,0.4046021,
2,33.114,2,2.712275,105.1215,-0.8318317,0.3066916,3.38628,-10.3249,-36.041,0.4046021,
2,33.124,2,2.711692,105.1181,-0.831673,0.3066989,3.38628,-10.3249,-36.041,0.4046021,
2,33.134,2,2.710336,105.116,-0.8316333,0.3068378,3.38628,-10.3249,-36.041,0.4046021,
2,33.144,2,2.712759,105.1172,-0.8301174,0.3060048,3.38628,-10.3249,-36.041,0.4046021,
2,33.154,2,2.713505,105.0745,-0.831836,0.3065541,3.38628,-10.3249,-36.041,0.4046021,
2,33.164,2,2.716765,104.9119,-0.8329492,0.306596,3.38628,-10.3249,-36.041,0.4046021,
2,33.174,2,2.722886,104.6724,-0.8352973,0.3067691,3.38628,-10.3249,-36.041,0.4046021,
2,33.184,2,2.727083,104.5178,-0.8367831,0.3068418,3.38628,-10.3249,-36.041,0.4046021,
2,33.194,2,2.730466,104.4599,-0.8369544,0.3065244,3.38628,-10.3249,-36.041,0.4046021,
2,33.204,2,2.731094,104.451,-0.835555,0.3059415,3.38628,-10.3249,-36.041,0.4046021,
2,33.214,2,2.73092,104.4391,-0.8377533,0.3067659,3.38628,-10.3249,-36.041,0.4046021,
2,33.224,2,2.728293,104.4345,-0.8367913,0.3067088,3.38628,-10.3249,-36.041,0.4046021,
2,33.234,2,2.731532,104.4432,-0.8359721,0.3060452,3.38628,-10.3249,-36.041,0.4046021,
2,33.244,2,2.72859,104.4455,-0.8355378,0.306216,3.38628,-10.3249,-36.041,0.4046021,
2,33.254,2,2.728415,104.4261,-0.8335091,0.3054921,3.38628,-10.3249,-36.041,0.4046021,
2,33.264,2,2.731652,104.4206,-0.8334931,0.3051243,3.38628,-10.3249,-36.041,0.4046021,
2,33.274,2,2.729458,104.4238,-0.8328493,0.3051336,3.38628,-10.3249,-36.041,0.4046021,
2,33.284,2,2.732004,104.4158,-0.8343425,0.3053958,3.38628,-10.3249,-36.041,0.4046021,
2,33.294,2,2.730494,104.4109,-0.8339294,0.3054134,3.38628,-10.3249,-36.041,0.4046021,
2,33.304,2,2.729168,104.4194,-0.8348546,0.3059008,3.38628,-10.3249,-36.041,0.4046021,
2,33.314,2,2.730244,104.4066,-0.8363267,0.3063194,3.37755,-10.3249,-36.0424,0.406002,
2,33.324,2,2.728981,104.4041,-0.8364489,0.3065059,3.37755,-10.3249,-36.0424,0.406002,
2,33.334,2,2.727966,104.4094,-0.8375773,0.3070336,3.37755,-10.3249,-36.0424,0.406002,
2,33.344,2,2.728562,104.3984,-0.8361064,0.3064275,3.37755,-10.3249,-36.0424,0.406002,
2,33.354,2,2.7286,104.3973,-0.8356145,0.3062429,3.37755,-10.3249,-36.0424,0.406002,
2,33.364,2,2.730952,104.421,-0.8372239,0.3065686,3.37755,-10.3249,-36.0424,0.406002,
2,33.374,2,2.729251,104.3958,-0.8374985,0.3068602,3.37755,-10.3249,-36.0424,0.406002,
2,33.384,2,2.726889,104.3876,-0.836539,0.3067741,3.37755,-10.3249,-36.0424,0.406002,
2,33.394,2,2.733479,104.3745,-0.8364902,0.3060167,3.37755,-10.3249,-36.0424,0.406002,
2,33.404,2,2.737441,104.1749,-0.834344,0.3047898,3.37755,-10.3249,-36.0424,0.406002,
2,33.414,2,2.740647,103.9233,-0.8354407,0.3048334,3.37755,-10.3249,-36.0424,0.406002,
2,33.424,2,2.743534,103.757,-0.8373916,0.3052237,3.37755,-10.3249,-36.0424,0.406002,
2,33.434,2,2.747863,103.6865,-0.8377751,0.3048824,3.37755,-10.3249,-36.0424,0.406002,
2,33.444,2,2.749849,103.668,-0.8373911,0.3045226,3.37755,-10.3249,-36.0424,0.406002,
2,33.454,2,2.751513,103.6597,-0.8403579,0.3054166,3.37755,-10.3249,-36.0424,0.406002,
2,33.464,2,2.749011,103.6487,-0.8424167,0.3064436,3.37755,-10.3249,-36.0424,0.406002,
2,33.474,2,2.750227,103.6627,-0.841804,0.3060853,3.37755,-10.3249,-36.0424,0.406002,
2,33.484,2,2.750897,103.6675,-0.8417028,0.3059739,3.37755,-10.3249,-36.0424,0.406002,
2,33.494,2,2.746011,103.6427,-0.84255,0.3068269,3.37755,-10.3249,-36.0424,0.406002,
2,33.504,2,2.748718,103.6425,-0.8412841,0.3060642,3.37755,-10.3249,-36.0424,0.406002,
2,33.514,2,2.748821,103.6504,-0.8443065,0.3071522,3.37755,-10.3249,-36.0424,0.406002,
2,33.524,2,2.749082,103.6345,-0.8426312,0.3065136,3.37755,-10.3249,-36.0424,0.406002,
2,33.534,2,2.748973,103.6303,-0.8427644,0.3065743,3.37755,-10.3249,-36.0424,0.406002,
2,33.544,2,2.747881,103.6224,-0.8411504,0.3061088,3.37755,-10.3249,-36.0424,0.406002,
2,33.554,2,2.750182,103.6247,-0.8399264,0.3054076,3.3694,-10.3249,-36.0438,0.407402,
2,33.564,2,2.748312,103.6253,-0.8406944,0.3058949,3.3694,-10.3249,-36.0438,0.407402,
2,33.574,2,2.748435,103.6315,-0.8415576,0.3061952,3.3694,-10.3249,-36.0438,0.407402,
2,33.584,2,2.749504,103.6149,-0.8420254,0.3062463,3.3694,-10.3249,-36.0438,0.407402,
2,33.594,2,2.749097,103.6015,-0.8441334,0.3070585,3.3694,-10.3249,-36.0438,0.407402,
2,33.604,2,2.752995,103.5724,-0.8422361,0.3059345,3.3694,-10.3249,-36.0438,0.407402,
2,33.614,2,2.757457,103.3992,-0.8435538,0.3059173,3.3694,-10.3249,-36.0438,0.407402,
2,33.624,2,2.760574,103.1347,-0.8449462,0.3060763,3.3694,-10.3249,-36.0438,0.407402,
2,33.634,2,2.764209,102.9773,-0.8463504,0.3061818,3.3694,-10.3249,-36.0438,0.407402,
2,33.644,2,2.769807,102.9077,-0.8474547,0.3059617,3.3694,-10.3249,-36.0438,0.407402,
2,33.654,2,2.768242,102.8893,-0.851253,0.3075067,3.3694,-10.3249,-36.0438,0.407402,
2,33.664,2,2.76961,102.8825,-0.8496163,0.3067639,3.3694,-10.3249,-36.0438,0.407402,
2,33.674,2,2.770009,102.8768,-0.8459928,0.3054116,3.3694,-10.3249,-36.0438,0.407402,
2,33.684,2,2.768817,102.8704,-0.8479481,0.3062492,3.3694,-10.3249,-36.0438,0.407402,
2,33.694,2,2.770671,102.8721,-0.8476236,0.3059272,3.3694,-10.3249,-36.0438,0.407402,
2,33.704,2,2.768537,102.8655,-0.8456432,0.3054477,3.3694,-10.3249,-36.0438,0.407402,
2,33.714,2,2.769853,102.8515,-0.8449544,0.3050539,3.3694,-10.3249,-36.0438,0.407402,
2,33.724,2,2.768734,102.8523,-0.8470082,0.3059189,3.3694,-10.3249,-36.0438,0.407402,
2,33.734,2,2.771045,102.8513,-0.8470703,0.3056862,3.3694,-10.3249,-36.0438,0.407402,
2,33.744,2,2.77205,102.8487,-0.8485013,0.3060916,3.36232,-10.3249,-36.0453,0.4089012,
2,33.754,2,2.768036,102.8414,-0.8494911,0.3068931,3.36232,-10.3249,-36.0453,0.4089012,
2,33.764,2,2.766372,102.8379,-0.8518108,0.3079162,3.36232,-10.3249,-36.0453,0.4089012,
2,33.774,2,2.769826,102.831,-0.8510561,0.3072597,3.36232,-10.3249,-36.0453,0.4089012,
2,33.784,2,2.768741,102.8407,-0.8515781,0.3075687,3.36232,-10.3249,-36.0453,0.4089012,
2,33.794,2,2.771597,102.8033,-0.8508512,0.3069895,3.36232,-10.3249,-36.0453,0.4089012,
2,33.804,2,2.776852,102.6198,-0.8528247,0.3071193,3.36232,-10.3249,-36.0453,0.4089012,
2,33.814,2,2.778644,102.3931,-0.8537884,0.3072681,3.36232,-10.3249,-36.0453,0.4089012,
2,33.824,2,2.78283,102.2265,-0.8546642,0.3071206,3.36232,-10.3249,-36.0453,0.4089012,
2,33.834,2,2.787149,102.152,-0.854252,0.3064967,3.36232,-10.3249,-36.0453,0.4089012,
2,33.844,2,2.787248,102.1351,-0.8546475,0.3066277,3.36232,-10.3249,-36.0453,0.4089012,
2,33.854,2,2.788525,102.1218,-0.852396,0.3056799,3.36232,-10.3249,-36.0453,0.4089012,
2,33.864,2,2.788832,102.11,-0.8551714,0.3066414,3.36232,-10.3249,-36.0453,0.4089012,
2,33.874,2,2.788914,102.1194,-0.856198,0.3070005,3.36232,-10.3249,-36.0453,0.4089012,
2,33.884,2,2.787053,102.1138,-0.8555694,0.3069799,3.36232,-10.3249,-36.0453,0.4089012,
2,33.894,2,2.786458,102.1024,-0.8555866,0.3070517,3.36232,-10.3249,-36.0453,0.4089012,
2,33.904,2,2.787629,102.1049,-0.8570389,0.3074436,3.36232,-10.3249,-36.0453,0.4089012,
2,33.914,2,2.788164,102.1065,-0.8564211,0.3071631,3.36232,-10.3249,-36.0453,0.4089012,
2,33.924,2,2.787888,102.1037,-0.8597503,0.3083877,3.36232,-10.3249,-36.0453,0.4089012,
2,33.934,2,2.788582,102.1004,-0.8592766,0.308141,3.36232,-10.3249,-36.0453,0.4089012,
2,33.944,2,2.78882,102.0977,-0.8597211,0.3082742,3.36232,-10.3249,-36.0453,0.4089012,
2,33.954,2,2.787798,102.0808,-0.8587521,0.3080396,3.36232,-10.3249,-36.0453,0.4089012,
2,33.964,2,2.789933,102.0953,-0.8567936,0.3071018,3.3558,-10.3249,-36.0468,0.4104004,
2,33.974,2,2.789615,102.0975,-0.85755,0.307408,3.3558,-10.3249,-36.0468,0.4104004,
2,33.984,2,2.787802,102.0881,-0.8593391,0.3082497,3.3558,-10.3249,-36.0468,0.4104004,
2,33.994,2,2.787179,102.0857,-0.8558736,0.3070752,3.3558,-10.3249,-36.0468,0.4104004,
2,34.004,2,2.788418,102.0822,-0.8555794,0.3068333,3.3558,-10.3249,-36.0468,0.4104004,
2,34.014,2,2.787992,102.0731,-0.8566894,0.3072783,3.3558,-10.3249,-36.0468,0.4104004,
2,34.024,2,2.786499,102.072,-0.8569105,0.3075223,3.3558,-10.3249,-36.0468,0.4104004,
2,34.034,2,2.786357,102.0742,-0.857466,0.3077373,3.3558,-10.3249,-36.0468,0.4104004,
2,34.044,2,2.789438,102.0769,-0.8598279,0.3082442,3.3558,-10.3249,-36.0468,0.4104004,
2,34.054,2,2.792235,101.9717,-0.8587471,0.3075483,3.3558,-10.3249,-36.0468,0.4104004,
2,34.064,2,2.797966,101.7688,-0.8606584,0.3076015,3.3558,-10.3249,-36.0468,0.4104004,
2,34.074,2,2.797439,101.5391,-0.8629793,0.3084891,3.3558,-10.3249,-36.0468,0.4104004,
2,34.084,2,2.803288,101.424,-0.8619539,0.3074796,3.3558,-10.3249,-36.0468,0.4104004,
2,34.094,2,2.807152,101.3913,-0.8636523,0.3076614,3.3558,-10.3249,-36.0468,0.4104004,
2,34.104,2,2.806591,101.3714,-0.8659189,0.3085305,3.3558,-10.3249,-36.0468,0.4104004,
2,34.114,2,2.807443,101.3859,-0.8625235,0.3072274,3.3558,-10.3249,-36.0468,0.4104004,
2,34.124,2,2.806205,101.3781,-0.8611189,0.3068624,3.3558,-10.3249,-36.0468,0.4104004,
2,34.134,2,2.805482,101.3694,-0.8614894,0.3070736,3.3558,-10.3249,-36.0468,0.4104004,
2,34.144,2,2.806803,101.3694,-0.8613203,0.3068687,3.3558,-10.3249,-36.0468,0.4104004,
2,34.154,2,2.806765,101.367,-0.8619642,0.3071024,3.3558,-10.3249,-36.0468,0.4104004,
2,34.164,2,2.805821,101.3569,-0.8612435,0.3069489,3.3558,-10.3249,-36.0468,0.4104004,
2,34.174,2,2.806123,101.3527,-0.861376,0.3069631,3.3558,-10.3249,-36.0468,0.4104004,
2,34.184,2,2.804738,101.3514,-0.8635362,0.3078848,3.3558,-10.3249,-36.0468,0.4104004,
2,34.194,2,2.80559,101.3421,-0.8620389,0.3072576,3.3558,-10.3249,-36.0468,0.4104004,
2,34.204,2,2.805845,101.3442,-0.8621389,0.3072653,3.3558,-10.3249,-36.0468,0.4104004,
2,34.214,2,2.804872,101.3472,-0.8658422,0.3086922,3.34707,-10.3249,-36.0482,0.4118004,
2,34.224,2,2.80393,101.3391,-0.866642,0.3090812,3.34707,-10.3249,-36.0482,0.4118004,
2,34.234,2,2.8056,101.3369,-0.864885,0.3082709,3.34707,-10.3249,-36.0482,0.4118004,
2,34.244,2,2.805161,101.3489,-0.8658097,0.3086489,3.34707,-10.3249,-36.0482,0.4118004,
2,34.254,2,2.806412,101.3357,-0.8664643,0.3087445,3.34707,-10.3249,-36.0482,0.4118004,
2,34.264,2,2.804588,101.3284,-0.866266,0.3088746,3.34707,-10.3249,-36.0482,0.4118004,
2,34.274,2,2.806221,101.3339,-0.8642414,0.3079734,3.34707,-10.3249,-36.0482,0.4118004,
2,34.284,2,2.805305,101.3301,-0.8655096,0.3085261,3.34707,-10.3249,-36.0482,0.4118004,
2,34.294,2,2.804904,101.3209,-0.8649909,0.3083852,3.34707,-10.3249,-36.0482,0.4118004,
2,34.304,2,2.805412,101.329,-0.8642691,0.3080721,3.34707,-10.3249,-36.0482,0.4118004,
2,34.314,2,2.805297,101.3211,-0.865542,0.3085385,3.34707,-10.3249,-36.0482,0.4118004,
2,34.324,2,2.805383,101.3137,-0.8666314,0.3089173,3.34707,-10.3249,-36.0482,0.4118004,
2,34.334,2,2.806955,101.3024,-0.8682095,0.3093066,3.34707,-10.3249,-36.0482,0.4118004,
2,34.344,2,2.809747,101.1886,-0.8689818,0.3092741,3.34707,-10.3249,-36.0482,0.4118004,
2,34.354,2,2.813598,100.9591,-0.8697618,0.309128,3.34707,-10.3249,-36.0482,0.4118004,
2,34.364,2,2.818605,100.7602,-0.8700078,0.3086661,3.34707,-10.3249,-36.0482,0.4118004,
2,34.374,2,2.822547,100.6361,-0.8724472,0.3090993,3.34707,-10.3249,-36.0482,0.4118004,
2,34.384,2,2.824304,100.5989,-0.8740537,0.3094758,3.34707,-10.3249,-36.0482,0.4118004,
2,34.394,2,2.826469,100.6,-0.8750865,0.3096041,3.34707,-10.3249,-36.0482,0.4118004,
2,34.404,2,2.826731,100.5953,-0.8733135,0.3089482,3.34707,-10.3249,-36.0482,0.4118004,
2,34.414,2,2.828708,100.5996,-0.8738333,0.3089161,3.34707,-10.3249,-36.0482,0.4118004,
2,34.424,2,2.82494,100.5941,-0.8740869,0.3094179,3.34707,-10.3249,-36.0482,0.4118004,
2,34.434,2,2.826525,100.5786,-0.8722415,0.3085914,3.34707,-10.3249,-36.0482,0.4118004,
2,34.444,2,2.824892,100.578,-0.8719575,0.3086694,3.34707,-10.3249,-36.0482,0.4118004,
2,34.454,2,2.826084,100.5797,-0.8749358,0.309593,3.33728,-10.3249,-36.0496,0.4132004,
2,34.464,2,2.827378,100.577,-0.8748876,0.3094343,3.33728,-10.3249,-36.0496,0.4132004,
2,34.474,2,2.826346,100.5765,-0.8746235,0.3094538,3.33728,-10.3249,-36.0496,0.4132004,
2,34.484,2,2.82588,100.5827,-0.8740437,0.3092996,3.33728,-10.3249,-36.0496,0.4132004,
2,34.494,2,2.827127,100.5743,-0.8746459,0.3093762,3.33728,-10.3249,-36.0496,0.4132004,
2,34.504,2,2.825497,100.5713,-0.8763313,0.3101512,3.33728,-10.3249,-36.0496,0.4132004,
2,34.514,2,2.824286,100.5699,-0.878367,0.3110049,3.33728,-10.3249,-36.0496,0.4132004,
2,34.524,2,2.827353,100.5714,-0.8787315,0.3107966,3.33728,-10.3249,-36.0496,0.4132004,
2,34.534,2,2.826932,100.5719,-0.8780261,0.3105932,3.33728,-10.3249,-36.0496,0.4132004,
2,34.544,2,2.824298,100.5793,-0.8789819,0.3112214,3.33728,-10.3249,-36.0496,0.4132004,
2,34.554,2,2.8254,100.5696,-0.8785571,0.3109497,3.33728,-10.3249,-36.0496,0.4132004,
2,34.564,2,2.823795,100.5702,-0.8775218,0.3107597,3.33728,-10.3249,-36.0496,0.4132004,
2,34.574,2,2.827068,100.5658,-0.8775263,0.3104015,3.33728,-10.3249,-36.0496,0.4132004,
2,34.584,2,2.830044,100.4388,-0.8762535,0.3096254,3.33728,-10.3249,-36.0496,0.4132004,
2,34.594,2,2.832499,100.2205,-0.876705,0.3095165,3.33728,-10.3249,-36.0496,0.4132004,
2,34.604,2,2.837518,100.0618,-0.8789173,0.3097486,3.33728,-10.3249,-36.0496,0.4132004,
2,34.614,2,2.844625,99.97533,-0.8789523,0.3089871,3.33728,-10.3249,-36.0496,0.4132004,
2,34.624,2,2.846416,99.92278,-0.8804864,0.3093316,3.33728,-10.3249,-36.0496,0.4132004,
2,34.634,2,2.846884,99.91877,-0.8823427,0.3099328,3.33728,-10.3249,-36.0496,0.4132004,
2,34.644,2,2.847112,99.91026,-0.8829936,0.3101365,3.33728,-10.3249,-36.0496,0.4132004,
2,34.654,2,2.848311,99.8987,-0.8853095,0.3108191,3.33728,-10.3249,-36.0496,0.4132004,
2,34.664,2,2.846018,99.893,-0.8827837,0.3101821,3.33728,-10.3249,-36.0496,0.4132004,
2,34.674,2,2.847317,99.88852,-0.8835005,0.3102923,3.33728,-10.3249,-36.0496,0.4132004,
2,34.684,2,2.846419,99.88733,-0.8835804,0.3104182,3.33728,-10.3249,-36.0496,0.4132004,
2,34.694,2,2.845305,99.89173,-0.8860066,0.3113924,3.33017,-10.3249,-36.0511,0.4147034,
2,34.704,2,2.849285,99.89346,-0.885494,0.3107776,3.33017,-10.3249,-36.0511,0.4147034,
2,34.714,2,2.845781,99.88858,-0.8861172,0.3113793,3.33017,-10.3249,-36.0511,0.4147034,
2,34.724,2,2.847706,99.88964,-0.8846086,0.3106391,3.33017,-10.3249,-36.0511,0.4147034,
2,34.734,2,2.846441,99.88616,-0.8814886,0.309681,3.33017,-10.3249,-36.0511,0.4147034,
2,34.744,2,2.846788,99.88223,-0.8822345,0.3099053,3.33017,-10.3249,-36.0511,0.4147034,
2,34.754,2,2.847213,99.88512,-0.8825914,0.3099843,3.33017,-10.3249,-36.0511,0.4147034,
2,34.764,2,2.845899,99.88243,-0.8823358,0.3100377,3.33017,-10.3249,-36.0511,0.4147034,
2,34.774,2,2.845554,99.87231,-0.8850548,0.3110308,3.33017,-10.3249,-36.0511,0.4147034,
2,34.784,2,2.847063,99.88025,-0.8852146,0.310922,3.33017,-10.3249,-36.0511,0.4147034,
2,34.794,2,2.844704,99.8769,-0.8842753,0.3108496,3.33017,-10.3249,-36.0511,0.4147034,
2,34.804,2,2.849381,99.8461,-0.8857129,0.3108439,3.33017,-10.3249,-36.0511,0.4147034,
2,34.814,2,2.855515,99.69064,-0.8857474,0.3101884,3.33017,-10.3249,-36.0511,0.4147034,
2,34.824,2,2.85924,99.4864,-0.8877708,0.3104919,3.33017,-10.3249,-36.0511,0.4147034,
2,34.834,2,2.866943,99.35634,-0.8897399,0.3103445,3.33017,-10.3249,-36.0511,0.4147034,
2,34.844,2,2.867562,99.32678,-0.8904883,0.3105385,3.33017,-10.3249,-36.0511,0.4147034,
2,34.854,2,2.869844,99.3192,-0.8890975,0.3098069,3.33017,-10.3249,-36.0511,0.4147034,
2,34.864,2,2.868459,99.31899,-0.8892031,0.3099933,3.33017,-10.3249,-36.0511,0.4147034,
2,34.874,2,2.868179,99.30577,-0.8892809,0.3100507,3.33017,-10.3249,-36.0511,0.4147034,
2,34.884,2,2.86849,99.30141,-0.887781,0.3094942,3.33017,-10.3249,-36.0511,0.4147034,
2,34.894,2,2.868994,99.28235,-0.8898805,0.3101716,3.33017,-10.3249,-36.0511,0.4147034,
2,34.904,2,2.86904,99.2876,-0.8890048,0.3098614,3.33017,-10.3249,-36.0511,0.4147034,
2,34.914,2,2.866935,99.29,-0.8903792,0.3105683,3.33017,-10.3249,-36.0511,0.4147034,
2,34.924,2,2.867162,99.29659,-0.8915069,0.310937,3.33017,-10.3249,-36.0511,0.4147034,
2,34.934,2,2.869294,99.29503,-0.8916574,0.3107585,3.33017,-10.3249,-36.0511,0.4147034,
2,34.944,2,2.866691,99.28687,-0.8911762,0.3108728,3.32203,-10.3249,-36.0525,0.4161034,
2,34.954,2,2.86798,99.27861,-0.8939034,0.3116839,3.32203,-10.3249,-36.0525,0.4161034,
2,34.964,2,2.866938,99.289,-0.8931674,0.3115405,3.32203,-10.3249,-36.0525,0.4161034,
2,34.974,2,2.867231,99.29074,-0.894901,0.3121133,3.32203,-10.3249,-36.0525,0.4161034,
2,34.984,2,2.86959,99.29734,-0.896042,0.3122544,3.32203,-10.3249,-36.0525,0.4161034,
2,34.994,2,2.867095,99.28834,-0.8948318,0.312104,3.32203,-10.3249,-36.0525,0.4161034,
2,35.004,2,2.865886,99.28793,-0.8952003,0.3123643,3.32203,-10.3249,-36.0525,0.4161034,
2,35.014,2,2.871378,99.28521,-0.8952869,0.3117969,3.32203,-10.3249,-36.0525,0.4161034,
2,35.024,2,2.869035,99.28925,-0.8943155,0.311713,3.32203,-10.3249,-36.0525,0.4161034,
2,35.034,2,2.868897,99.29231,-0.8949901,0.3119631,3.32203,-10.3249,-36.0525,0.4161034,
2,35.044,2,2.869262,99.29068,-0.8967175,0.3125255,3.32203,-10.3249,-36.0525,0.4161034,
2,35.054,2,2.868243,99.2927,-0.8953561,0.3121619,3.32203,-10.3249,-36.0525,0.4161034,
2,35.064,2,2.868916,99.28946,-0.8957316,0.3122196,3.32203,-10.3249,-36.0525,0.4161034,
2,35.074,2,2.871348,99.26245,-0.8974948,0.3125691,3.32203,-10.3249,-36.0525,0.4161034,
2,35.084,2,2.876081,99.18232,-0.8977932,0.3121585,3.32203,-10.3249,-36.0525,0.4161034,
2,35.094,2,2.880137,98.88921,-0.900775,0.3127542,3.32203,-10.3249,-36.0525,0.4161034,
2,35.104,2,2.88072,98.62236,-0.9017912,0.3130437,3.32203,-10.3249,-36.0525,0.4161034,
2,35.114,2,2.887037,98.54019,-0.9013748,0.3122145,3.32203,-10.3249,-36.0525,0.4161034,
2,35.124,2,2.886761,98.50842,-0.9027766,0.31273,3.32203,-10.3249,-36.0525,0.4161034,
2,35.134,2,2.884973,98.47896,-0.9040478,0.3133644,3.32203,-10.3249,-36.0525,0.4161034,
2,35.144,2,2.887495,98.4626,-0.9019694,0.3123709,3.32203,-10.3249,-36.0525,0.4161034,
2,35.154,2,2.88515,98.45316,-0.9029207,0.3129545,3.32203,-10.3249,-36.0525,0.4161034,
2,35.164,2,2.88616,98.44775,-0.9030812,0.3129006,3.32203,-10.3249,-36.0525,0.4161034,
2,35.174,2,2.886981,98.44059,-0.9032062,0.3128549,3.32203,-10.3249,-36.0525,0.4161034,
2,35.184,2,2.884247,98.43285,-0.9001973,0.3121082,3.32203,-10.3249,-36.0525,0.4161034,
2,35.194,2,2.884061,98.42931,-0.9023848,0.3128869,3.32203,-10.3249,-36.0525,0.4161034,
2,35.204,2,2.885323,98.42715,-0.9019463,0.312598,3.32203,-10.3249,-36.0525,0.4161034,
2,35.214,2,2.886064,98.42259,-0.9038305,0.3131706,3.32203,-10.3249,-36.0525,0.4161034,
2,35.224,2,2.886988,98.42255,-0.905019,0.3134821,3.32203,-10.3249,-36.0525,0.4161034,
2,35.234,2,2.884375,98.42675,-0.9043638,0.313539,3.32203,-10.3249,-36.0525,0.4161034,
2,35.244,2,2.886129,98.43684,-0.9050155,0.3135742,3.31223,-10.3249,-36.054,0.4176025,
2,35.254,2,2.886521,98.42812,-0.9055742,0.3137251,3.31223,-10.3249,-36.054,0.4176025,
2,35.264,2,2.885885,98.4229,-0.9054447,0.3137494,3.31223,-10.3249,-36.054,0.4176025,
2,35.274,2,2.885051,98.41622,-0.9071488,0.3144307,3.31223,-10.3249,-36.054,0.4176025,
2,35.284,2,2.883894,98.42338,-0.9073581,0.3146295,3.31223,-10.3249,-36.054,0.4176025,
2,35.294,2,2.885327,98.42664,-0.9050242,0.3136643,3.31223,-10.3249,-36.054,0.4176025,
2,35.304,2,2.885207,98.43582,-0.9059865,0.3140109,3.31223,-10.3249,-36.054,0.4176025,
2,35.314,2,2.884669,98.42239,-0.9034784,0.3132001,3.31223,-10.3249,-36.054,0.4176025,
2,35.324,2,2.884709,98.42436,-0.903286,0.3131289,3.31223,-10.3249,-36.054,0.4176025,
2,35.334,2,2.883676,98.41583,-0.9063338,0.314298,3.31223,-10.3249,-36.054,0.4176025,
2,35.344,2,2.889549,98.41457,-0.906442,0.3136968,3.31223,-10.3249,-36.054,0.4176025,
2,35.354,2,2.892344,98.29402,-0.9060462,0.3132567,3.31223,-10.3249,-36.054,0.4176025,
2,35.364,2,2.895498,98.09795,-0.908729,0.3138421,3.31223,-10.3249,-36.054,0.4176025,
2,35.374,2,2.901342,97.89646,-0.908579,0.3131582,3.31223,-10.3249,-36.054,0.4176025,
2,35.384,2,2.905265,97.78155,-0.9104677,0.3133854,3.31223,-10.3249,-36.054,0.4176025,
2,35.394,2,2.907356,97.73029,-0.9151182,0.3147596,3.31223,-10.3249,-36.054,0.4176025,
2,35.404,2,2.908586,97.73431,-0.9143654,0.3143677,3.31223,-10.3249,-36.054,0.4176025,
2,35.414,2,2.908427,97.72663,-0.9149651,0.3145911,3.31223,-10.3249,-36.054,0.4176025,
2,35.424,2,2.907664,97.73381,-0.9149731,0.3146763,3.31223,-10.3249,-36.054,0.4176025,
2,35.434,2,2.908502,97.72458,-0.9118634,0.3135165,3.31223,-10.3249,-36.054,0.4176025,
2,35.444,2,2.908692,97.71866,-0.9115026,0.313372,3.31223,-10.3249,-36.054,0.4176025,
2,35.454,2,2.909751,97.70667,-0.9126566,0.3136545,3.31223,-10.3249,-36.054,0.4176025,
2,35.464,2,2.907607,97.71441,-0.9102245,0.3130494,3.31223,-10.3249,-36.054,0.4176025,
2,35.474,2,2.907507,97.70831,-0.9082528,0.312382,3.31223,-10.3249,-36.054,0.4176025,
2,35.484,2,2.907137,97.72031,-0.9108484,0.3133146,3.31223,-10.3249,-36.054,0.4176025,
2,35.494,2,2.906721,97.70789,-0.9118299,0.313697,3.31223,-10.3249,-36.054,0.4176025,
2,35.504,2,2.908228,97.70564,-0.9120649,0.3136153,3.30297,-10.3249,-36.0555,0.4191017,
2,35.514,2,2.908548,97.69768,-0.9135253,0.314083,3.30297,-10.3249,-36.0555,0.4191017,
2,35.524,2,2.907828,97.70354,-0.9124609,0.3137947,3.30297,-10.3249,-36.0555,0.4191017,
2,35.534,2,2.908369,97.70992,-0.9122754,0.3136725,3.30297,-10.3249,-36.0555,0.4191017,
2,35.544,2,2.90783,97.71312,-0.9142388,0.3144058,3.30297,-10.3249,-36.0555,0.4191017,
2,35.554,2,2.908014,97.70479,-0.9124423,0.3137682,3.30297,-10.3249,-36.0555,0.4191017,
2,35.564,2,2.909888,97.70826,-0.913106,0.3137942,3.30297,-10.3249,-36.0555,0.4191017,
2,35.574,2,2.907326,97.7086,-0.9144002,0.3145158,3.30297,-10.3249,-36.0555,0.4191017,
2,35.584,2,2.910059,97.70888,-0.9125282,0.3135772,3.30297,-10.3249,-36.0555,0.4191017,
2,35.594,2,2.909644,97.71772,-0.9116964,0.313336,3.30297,-10.3249,-36.0555,0.4191017,
2,35.604,2,2.907023,97.71866,-0.9109825,0.3133729,3.30297,-10.3249,-36.0555,0.4191017,
2,35.614,2,2.907894,97.70757,-0.9103056,0.3130463,3.30297,-10.3249,-36.0555,0.4191017,
2,35.624,2,2.908602,97.71545,-0.9105558,0.3130561,3.30297,-10.3249,-36.0555,0.4191017,
2,35.634,2,2.910697,97.68531,-0.9165827,0.3149014,3.30297,-10.3249,-36.0555,0.4191017,
2,35.644,2,2.915225,97.57365,-0.9193176,0.3153505,3.30297,-10.3249,-36.0555,0.4191017,
2,35.654,2,2.921652,97.37334,-0.9155276,0.3133596,3.30297,-10.3249,-36.0555,0.4191017,
2,35.664,2,2.927748,97.22736,-0.9155279,0.3127072,3.30297,-10.3249,-36.0555,0.4191017,
2,35.674,2,2.930427,97.1451,-0.9164478,0.3127352,3.30297,-10.3249,-36.0555,0.4191017,
2,35.684,2,2.929976,97.11687,-0.9173834,0.3131028,3.30297,-10.3249,-36.0555,0.4191017,
2,35.694,2,2.930406,97.09522,-0.9207414,0.3142027,3.30297,-10.3249,-36.0555,0.4191017,
2,35.704,2,2.931438,97.09081,-0.92443,0.3153504,3.30297,-10.3249,-36.0555,0.4191017,
2,35.714,2,2.930642,97.07101,-0.9196645,0.3138099,3.30297,-10.3249,-36.0555,0.4191017,
2,35.724,2,2.930809,97.07869,-0.9184404,0.3133743,3.30297,-10.3249,-36.0555,0.4191017,
2,35.734,2,2.933795,97.07307,-0.9174388,0.312714,3.30297,-10.3249,-36.0555,0.4191017,
2,35.744,2,2.93203,97.07259,-0.9172254,0.3128295,3.30297,-10.3249,-36.0555,0.4191017,
2,35.754,2,2.932814,97.06538,-0.917486,0.3128347,3.30297,-10.3249,-36.0555,0.4191017,
2,35.764,2,2.929553,97.06282,-0.9156285,0.3125488,3.30297,-10.3249,-36.0555,0.4191017,
2,35.774,2,2.930896,97.05619,-0.9160458,0.3125481,3.30297,-10.3249,-36.0555,0.4191017,
2,35.784,2,2.929735,97.05983,-0.9158984,0.3126216,3.30297,-10.3249,-36.0555,0.4191017,
2,35.794,2,2.932154,97.05875,-0.9162789,0.3124935,3.29317,-10.3249,-36.057,0.4206009,
2,35.804,2,2.931072,97.06528,-0.9164665,0.3126729,3.29317,-10.3249,-36.057,0.4206009,
2,35.814,2,2.93241,97.05558,-0.9170764,0.3127381,3.29317,-10.3249,-36.057,0.4206009,
2,35.824,2,2.931977,97.05417,-0.9157954,0.3123474,3.29317,-10.3249,-36.057,0.4206009,
2,35.834,2,2.931206,97.04393,-0.9168452,0.3127877,3.29317,-10.3249,-36.057,0.4206009,
2,35.844,2,2.931065,97.0511,-0.9174612,0.3130129,3.29317,-10.3249,-36.057,0.4206009,
2,35.854,2,2.930366,97.05184,-0.9167149,0.3128329,3.29317,-10.3249,-36.057,0.4206009,
2,35.864,2,2.928046,97.06726,-0.9178814,0.3134792,3.29317,-10.3249,-36.057,0.4206009,
2,35.874,2,2.930235,97.05305,-0.9169622,0.3129313,3.29317,-10.3249,-36.057,0.4206009,
2,35.884,2,2.930072,97.05059,-0.9172034,0.313031,3.29317,-10.3249,-36.057,0.4206009,
2,35.894,2,2.929962,97.04486,-0.9174575,0.3131295,3.29317,-10.3249,-36.057,0.4206009,
2,35.904,2,2.930519,97.05099,-0.9155271,0.3124112,3.29317,-10.3249,-36.057,0.4206009,
2,35.914,2,2.93122,97.05148,-0.9150063,0.3121589,3.29317,-10.3249,-36.057,0.4206009,
2,35.924,2,2.93896,97.04283,-0.9132948,0.3107544,3.29317,-10.3249,-36.057,0.4206009,
2,35.934,2,2.943398,96.95002,-0.9146235,0.3107373,3.29317,-10.3249,-36.057,0.4206009,
2,35.944,2,2.94917,96.839,-0.9155039,0.3104276,3.29317,-10.3249,-36.057,0.4206009,
2,35.954,2,2.955253,96.73145,-0.9190864,0.3110009,3.29317,-10.3249,-36.057,0.4206009,
2,35.964,2,2.956919,96.68874,-0.9201531,0.3111865,3.29317,-10.3249,-36.057,0.4206009,
2,35.974,2,2.959273,96.65623,-0.921113,0.3112632,3.29317,-10.3249,-36.057,0.4206009,
2,35.984,2,2.95821,96.65086,-0.9218979,0.3116405,3.29317,-10.3249,-36.057,0.4206009,
2,35.994,2,2.95866,96.62975,-0.9213495,0.3114077,3.29317,-10.3249,-36.057,0.4206009,
2,36.004,2,2.959115,96.62184,-0.9222939,0.3116789,3.29317,-10.3249,-36.057,0.4206009,
2,36.014,2,2.95814,96.60196,-0.9240654,0.3123805,3.29317,-10.3249,-36.057,0.4206009,
2,36.024,2,2.960136,96.60888,-0.9217721,0.3113952,3.29317,-10.3249,-36.057,0.4206009,
2,36.034,2,2.960652,96.60486,-0.9202107,0.3108135,3.29317,-10.3249,-36.057,0.4206009,
2,36.044,2,2.960163,96.6009,-0.921802,0.3114025,3.29317,-10.3249,-36.057,0.4206009,
2,36.054,2,2.958125,96.58834,-0.9189861,0.310665,3.28338,-10.3249,-36.0585,0.4221001,
2,36.064,2,2.960128,96.57992,-0.917237,0.309864,3.28338,-10.3249,-36.0585,0.4221001,
2,36.074,2,2.957098,96.57201,-0.9182368,0.3105196,3.28338,-10.3249,-36.0585,0.4221001,
2,36.084,2,2.956777,96.57461,-0.917985,0.3104681,3.28338,-10.3249,-36.0585,0.4221001,
2,36.094,2,2.956901,96.56684,-0.9208552,0.3114258,3.28338,-10.3249,-36.0585,0.4221001,
2,36.104,2,2.957543,96.55691,-0.9211918,0.311472,3.28338,-10.3249,-36.0585,0.4221001,
2,36.114,2,2.957549,96.55511,-0.9214125,0.311546,3.28338,-10.3249,-36.0585,0.4221001,
2,36.124,2,2.957564,96.55354,-0.9198416,0.3110132,3.28338,-10.3249,-36.0585,0.4221001,
2,36.134,2,2.959047,96.54692,-0.9212915,0.3113473,3.28338,-10.3249,-36.0585,0.4221001,
2,36.144,2,2.956496,96.53516,-0.9190542,0.3108593,3.28338,-10.3249,-36.0585,0.4221001,
2,36.154,2,2.956419,96.524,-0.9212449,0.3116084,3.28338,-10.3249,-36.0585,0.4221001,
2,36.164,2,2.957103,96.53035,-0.9225094,0.3119639,3.28338,-10.3249,-36.0585,0.4221001,
2,36.174,2,2.958597,96.52285,-0.9201059,0.310994,3.28338,-10.3249,-36.0585,0.4221001,
2,36.184,2,2.965584,96.5039,-0.9190452,0.3099036,3.28338,-10.3249,-36.0585,0.4221001,
2,36.194,2,2.970199,96.44906,-0.9189881,0.3094029,3.28338,-10.3249,-36.0585,0.4221001,
2,36.204,2,2.976566,96.38728,-0.9171956,0.3081389,3.28338,-10.3249,-36.0585,0.4221001,
2,36.214,2,2.981164,96.30855,-0.9225365,0.3094552,3.28338,-10.3249,-36.0585,0.4221001,
2,36.224,2,2.981489,96.28233,-0.9233946,0.3097092,3.28338,-10.3249,-36.0585,0.4221001,
2,36.234,2,2.983201,96.26136,-0.9245251,0.3099104,3.28338,-10.3249,-36.0585,0.4221001,
2,36.244,2,2.98455,96.23389,-0.92397,0.3095844,3.28338,-10.3249,-36.0585,0.4221001,
2,36.254,2,2.98405,96.21558,-0.9230562,0.30933,3.28338,-10.3249,-36.0585,0.4221001,
2,36.264,2,2.984435,96.20269,-0.9231915,0.3093355,3.28338,-10.3249,-36.0585,0.4221001,
2,36.274,2,2.982311,96.17123,-0.924442,0.3099751,3.28338,-10.3249,-36.0585,0.4221001,
2,36.284,2,2.982711,96.17491,-0.9243586,0.3099056,3.28338,-10.3249,-36.0585,0.4221001,
2,36.294,2,2.983185,96.16373,-0.92567,0.3102959,3.28338,-10.3249,-36.0585,0.4221001,
2,36.304,2,2.981872,96.15721,-0.9266694,0.3107677,3.28338,-10.3249,-36.0585,0.4221001,
2,36.314,2,2.982388,96.13676,-0.929411,0.3116332,3.28338,-10.3249,-36.0585,0.4221001,
2,36.324,2,2.983149,96.12654,-0.9231721,0.3094623,3.28338,-10.3249,-36.0585,0.4221001,
2,36.334,2,2.982346,96.1028,-0.9247397,0.3100712,3.28338,-10.3249,-36.0585,0.4221001,
2,36.344,2,2.981303,96.10532,-0.9218171,0.3091994,3.27467,-10.3249,-36.06,0.4236031,
2,36.354,2,2.981354,96.09666,-0.919035,0.3082609,3.27467,-10.3249,-36.06,0.4236031,
2,36.364,2,2.983366,96.09558,-0.9186587,0.3079269,3.27467,-10.3249,-36.06,0.4236031,
2,36.374,2,2.980115,96.07962,-0.9204021,0.3088478,3.27467,-10.3249,-36.06,0.4236031,
2,36.384,2,2.981047,96.07289,-0.9217196,0.3091932,3.27467,-10.3249,-36.06,0.4236031,
2,36.394,2,2.982337,96.05635,-0.9223351,0.3092659,3.27467,-10.3249,-36.06,0.4236031,
2,36.404,2,2.979361,96.06377,-0.9228744,0.3097559,3.27467,-10.3249,-36.06,0.4236031,
2,36.414,2,2.980481,96.05724,-0.9218448,0.309294,3.27467,-10.3249,-36.06,0.4236031,
2,36.424,2,2.978921,96.06005,-0.9229776,0.3098362,3.27467,-10.3249,-36.06,0.4236031,
2,36.434,2,2.979433,96.04942,-0.922872,0.3097475,3.27467,-10.3249,-36.06,0.4236031,
2,36.444,2,2.980575,96.04517,-0.921814,0.3092738,3.27467,-10.3249,-36.06,0.4236031,
2,36.454,2,2.981218,96.02544,-0.9241943,0.3100056,3.27467,-10.3249,-36.06,0.4236031,
2,36.464,2,2.984013,96.04035,-0.920603,0.3085117,3.27467,-10.3249,-36.06,0.4236031,
2,36.474,2,2.990249,96.01862,-0.9205974,0.3078665,3.27467,-10.3249,-36.06,0.4236031,
2,36.484,2,2.997521,95.98547,-0.9212494,0.3073371,3.27467,-10.3249,-36.06,0.4236031,
2,36.494,2,3.00274,95.93656,-0.9197171,0.3062926,3.27467,-10.3249,-36.06,0.4236031,
2,36.504,2,3.006501,95.90231,-0.9216731,0.30656,3.27467,-10.3249,-36.06,0.4236031,
2,36.514,2,3.010446,95.87836,-0.9238716,0.3068886,3.27467,-10.3249,-36.06,0.4236031,
2,36.524,2,3.009525,95.86092,-0.9210446,0.3060432,3.27467,-10.3249,-36.06,0.4236031,
2,36.534,2,3.009326,95.85099,-0.9222053,0.3064491,3.27467,-10.3249,-36.06,0.4236031,
2,36.544,2,3.008106,95.83995,-0.9234258,0.3069791,3.27467,-10.3249,-36.06,0.4236031,
2,36.554,2,3.00967,95.82261,-0.9234722,0.3068351,3.27467,-10.3249,-36.06,0.4236031,
2,36.564,2,3.009506,95.81131,-0.9239928,0.3070248,3.27467,-10.3249,-36.06,0.4236031,
2,36.574,2,3.011636,95.80857,-0.9253511,0.3072586,3.27467,-10.3249,-36.06,0.4236031,
2,36.584,2,3.007397,95.80516,-0.9234107,0.3070464,3.27467,-10.3249,-36.06,0.4236031,
2,36.594,2,3.009902,95.80002,-0.9259726,0.3076422,3.26595,-10.3249,-36.0614,0.4250031,
2,36.604,2,3.008577,95.78572,-0.925949,0.3077697,3.26595,-10.3249,-36.0614,0.4250031,
2,36.614,2,3.00787,95.77846,-0.9243963,0.3073258,3.26595,-10.3249,-36.0614,0.4250031,
2,36.624,2,3.01019,95.7767,-0.9219187,0.306266,3.26595,-10.3249,-36.0614,0.4250031,
2,36.634,2,3.009048,95.77458,-0.9222372,0.3064881,3.26595,-10.3249,-36.0614,0.4250031,
2,36.644,2,3.009218,95.76398,-0.9196132,0.3055987,3.26595,-10.3249,-36.0614,0.4250031,
2,36.654,2,3.008769,95.75651,-0.9208142,0.3060435,3.26595,-10.3249,-36.0614,0.4250031,
2,36.664,2,3.00877,95.75307,-0.919693,0.3056708,3.26595,-10.3249,-36.0614,0.4250031,
2,36.674,2,3.008853,95.74702,-0.9195194,0.3056046,3.26595,-10.3249,-36.0614,0.4250031,
2,36.684,2,3.008304,95.74805,-0.9217654,0.306407,3.26595,-10.3249,-36.0614,0.4250031,
2,36.694,2,3.008308,95.73685,-0.9225804,0.3066776,3.26595,-10.3249,-36.0614,0.4250031,
2,36.704,2,3.011073,95.74077,-0.9214186,0.3060101,3.26595,-10.3249,-36.0614,0.4250031,
2,36.714,2,3.017918,95.72929,-0.9225524,0.3056917,3.26595,-10.3249,-36.0614,0.4250031,
2,36.724,2,3.024743,95.73697,-0.9229152,0.3051219,3.26595,-10.3249,-36.0614,0.4250031,
2,36.734,2,3.032293,95.69028,-0.9235374,0.3045673,3.26595,-10.3249,-36.0614,0.4250031,
2,36.744,2,3.036519,95.6853,-0.925223,0.3046986,3.26595,-10.3249,-36.0614,0.4250031,
2,36.754,2,3.040071,95.64725,-0.9275148,0.3050965,3.26595,-10.3249,-36.0614,0.4250031,
2,36.764,2,3.038573,95.63979,-0.9246418,0.3043014,3.26595,-10.3249,-36.0614,0.4250031,
2,36.774,2,3.036843,95.62715,-0.9259914,0.3049191,3.26595,-10.3249,-36.0614,0.4250031,
2,36.784,2,3.038627,95.62029,-0.9256342,0.3046225,3.26595,-10.3249,-36.0614,0.4250031,
2,36.794,2,3.036736,95.61495,-0.9226601,0.3038329,3.26595,-10.3249,-36.0614,0.4250031,
2,36.804,2,3.037702,95.62926,-0.9249024,0.3044744,3.26595,-10.3249,-36.0614,0.4250031,
2,36.814,2,3.036703,95.60225,-0.9239176,0.3042503,3.26595,-10.3249,-36.0614,0.4250031,
2,36.824,2,3.035274,95.59705,-0.924422,0.3045597,3.26595,-10.3249,-36.0614,0.4250031,
2,36.834,2,3.037057,95.59153,-0.9250706,0.3045944,3.26595,-10.3249,-36.0614,0.4250031,
2,36.844,2,3.035381,95.58807,-0.9241577,0.3044619,3.26595,-10.3249,-36.0614,0.4250031,
2,36.854,2,3.036211,95.57796,-0.9286354,0.3058534,3.26595,-10.3249,-36.0614,0.4250031,
2,36.864,2,3.036225,95.6017,-0.9295446,0.3061514,3.2567,-10.3249,-36.0628,0.426403,
2,36.874,2,3.036613,95.57384,-0.928881,0.3058938,3.2567,-10.3249,-36.0628,0.426403,
2,36.884,2,3.036323,95.57687,-0.9280343,0.3056441,3.2567,-10.3249,-36.0628,0.426403,
2,36.894,2,3.032394,95.60974,-0.931209,0.3070871,3.2567,-10.3249,-36.0628,0.426403,
2,36.904,2,3.037231,95.60695,-0.9280029,0.3055424,3.2567,-10.3249,-36.0628,0.426403,
2,36.914,2,3.038092,95.57482,-0.9274281,0.3052666,3.2567,-10.3249,-36.0628,0.426403,
2,36.924,2,3.037126,95.57336,-0.9301047,0.3062451,3.2567,-10.3249,-36.0628,0.426403,
2,36.934,2,3.036825,95.55358,-0.9274656,0.3054064,3.2567,-10.3249,-36.0628,0.426403,
2,36.944,2,3.035666,95.54813,-0.9271143,0.3054072,3.2567,-10.3249,-36.0628,0.426403,
2,36.954,2,3.034877,95.54401,-0.9269503,0.3054326,3.2567,-10.3249,-36.0628,0.426403,
2,36.964,2,3.036353,95.54465,-0.926229,0.3050465,3.2567,-10.3249,-36.0628,0.426403,
2,36.974,2,3.035679,95.54231,-0.9296795,0.3062509,3.2567,-10.3249,-36.0628,0.426403,
2,36.984,2,3.036644,95.54218,-0.928273,0.3056904,3.2567,-10.3249,-36.0628,0.426403,
2,36.994,2,3.04181,95.54162,-0.9257904,0.3043551,3.2567,-10.3249,-36.0628,0.426403,
2,37.004,2,3.04534,95.5282,-0.9286448,0.3049396,3.2567,-10.3249,-36.0628,0.426403,
2,37.014,2,3.051901,95.5194,-0.931285,0.3051491,3.2567,-10.3249,-36.0628,0.426403,
2,37.024,2,3.063203,95.50568,-0.9303759,0.3037266,3.2567,-10.3249,-36.0628,0.426403,
2,37.034,2,3.064425,95.49418,-0.9331792,0.3045202,3.2567,-10.3249,-36.0628,0.426403,
2,37.044,2,3.065842,95.48689,-0.9333535,0.3044362,3.2567,-10.3249,-36.0628,0.426403,
2,37.054,2,3.066804,95.48479,-0.9326345,0.3041063,3.2567,-10.3249,-36.0628,0.426403,
2,37.064,2,3.067057,95.47034,-0.932624,0.3040778,3.2567,-10.3249,-36.0628,0.426403,
2,37.074,2,3.067249,95.4691,-0.9323565,0.3039716,3.2567,-10.3249,-36.0628,0.426403,
2,37.084,2,3.067664,95.46901,-0.9296795,0.3030578,3.2567,-10.3249,-36.0628,0.426403,
2,37.094,2,3.067285,95.46244,-0.9316882,0.3037502,3.2567,-10.3249,-36.0628,0.426403,
2,37.104,2,3.066824,95.45618,-0.932077,0.3039225,3.2567,-10.3249,-36.0628,0.426403,
2,37.114,2,3.063745,95.45483,-0.9321069,0.3042378,3.2567,-10.3249,-36.0628,0.426403,
2,37.124,2,3.065247,95.43909,-0.9339052,0.3046754,3.2567,-10.3249,-36.0628,0.426403,
2,37.134,2,3.066723,95.43539,-0.9346018,0.3047559,3.2567,-10.3249,-36.0628,0.426403,
2,37.144,2,3.064244,95.43726,-0.9343041,0.3049052,3.2469,-10.3249,-36.0642,0.427803,
2,37.154,2,3.064914,95.42898,-0.9354959,0.3052274,3.2469,-10.3249,-36.0642,0.427803,
2,37.164,2,3.064412,95.4229,-0.9360032,0.305443,3.2469,-10.3249,-36.0642,0.427803,
2,37.174,2,3.064404,95.41576,-0.9359715,0.3054335,3.2469,-10.3249,-36.0642,0.427803,
2,37.184,2,3.063866,95.40089,-0.9373118,0.3059246,3.2469,-10.3249,-36.0642,0.427803,
2,37.194,2,3.06513,95.40852,-0.9365478,0.3055491,3.2469,-10.3249,-36.0642,0.427803,
2,37.204,2,3.06357,95.40949,-0.935602,0.3053959,3.2469,-10.3249,-36.0642,0.427803,
2,37.214,2,3.064246,95.39742,-0.9360341,0.3054697,3.2469,-10.3249,-36.0642,0.427803,
2,37.224,2,3.062984,95.40122,-0.9344801,0.3050882,3.2469,-10.3249,-36.0642,0.427803,
2,37.234,2,3.0686,95.39519,-0.9340003,0.3043734,3.2469,-10.3249,-36.0642,0.427803,
2,37.244,2,3.073701,95.37518,-0.9335493,0.3037216,3.2469,-10.3249,-36.0642,0.427803,
2,37.254,2,3.08071,95.3678,-0.9358957,0.3037922,3.2469,-10.3249,-36.0642,0.427803,
2,37.264,2,3.089013,95.3558,-0.9370908,0.3033625,3.2469,-10.3249,-36.0642,0.427803,
2,37.274,2,3.091397,95.34323,-0.9393492,0.3038591,3.2469,-10.3249,-36.0642,0.427803,
2,37.284,2,3.094075,95.33365,-0.937926,0.3031361,3.2469,-10.3249,-36.0642,0.427803,
2,37.294,2,3.092608,95.32304,-0.9408833,0.3042362,3.2469,-10.3249,-36.0642,0.427803,
2,37.304,2,3.092493,95.31654,-0.9416757,0.3045038,3.2469,-10.3249,-36.0642,0.427803,
2,37.314,2,3.092623,95.31454,-0.9404471,0.3040937,3.2469,-10.3249,-36.0642,0.427803,
2,37.324,2,3.093087,95.30997,-0.9420409,0.3045633,3.2469,-10.3249,-36.0642,0.427803,
2,37.334,2,3.09186,95.28612,-0.9438972,0.3052846,3.2469,-10.3249,-36.0642,0.427803,
2,37.344,2,3.092142,95.29441,-0.941826,0.3045869,3.2469,-10.3249,-36.0642,0.427803,
2,37.354,2,3.091737,95.28432,-0.9419222,0.304658,3.2469,-10.3249,-36.0642,0.427803,
2,37.364,2,3.091557,95.28087,-0.9402218,0.3041257,3.2469,-10.3249,-36.0642,0.427803,
2,37.374,2,3.092307,95.27495,-0.9389158,0.3036296,3.2469,-10.3249,-36.0642,0.427803,
2,37.384,2,3.091375,95.26973,-0.9396079,0.3039449,3.2469,-10.3249,-36.0642,0.427803,
2,37.394,2,3.090196,95.25435,-0.9398854,0.3041507,3.2469,-10.3249,-36.0642,0.427803,
2,37.404,2,3.09168,95.26112,-0.9399878,0.3040378,3.23875,-10.3249,-36.0655,0.4291,
2,37.414,2,3.091333,95.25459,-0.9391322,0.3037952,3.23875,-10.3249,-36.0655,0.4291,
2,37.424,2,3.090938,95.24602,-0.9420174,0.3047675,3.23875,-10.3249,-36.0655,0.4291,
2,37.434,2,3.091922,95.24079,-0.9379485,0.3033545,3.23875,-10.3249,-36.0655,0.4291,
2,37.444,2,3.090453,95.24483,-0.9427395,0.305049,3.23875,-10.3249,-36.0655,0.4291,
2,37.454,2,3.090096,95.2391,-0.9431497,0.305217,3.23875,-10.3249,-36.0655,0.4291,
2,37.464,2,3.088816,95.2401,-0.9411687,0.3047021,3.23875,-10.3249,-36.0655,0.4291,
2,37.474,2,3.090398,95.23464,-0.9415121,0.3046573,3.23875,-10.3249,-36.0655,0.4291,
2,37.484,2,3.090986,95.22908,-0.9417354,0.3046716,3.23875,-10.3249,-36.0655,0.4291,
2,37.494,2,3.094939,95.2294,-0.9412026,0.3041103,3.23875,-10.3249,-36.0655,0.4291,
2,37.504,2,3.103966,95.22044,-0.9408696,0.3031185,3.23875,-10.3249,-36.0655,0.4291,
2,37.514,2,3.110357,95.20362,-0.9431692,0.303235,3.23875,-10.3249,-36.0655,0.4291,
2,37.524,2,3.116671,95.20196,-0.9413458,0.3020357,3.23875,-10.3249,-36.0655,0.4291,
2,37.534,2,3.117304,95.19882,-0.9424306,0.3023223,3.23875,-10.3249,-36.0655,0.4291,
2,37.544,2,3.116997,95.19221,-0.9445156,0.303021,3.23875,-10.3249,-36.0655,0.4291,
2,37.554,2,3.119844,95.18429,-0.9448197,0.302842,3.23875,-10.3249,-36.0655,0.4291,
2,37.564,2,3.118202,95.17924,-0.945808,0.3033184,3.23875,-10.3249,-36.0655,0.4291,
2,37.574,2,3.117745,95.17285,-0.948517,0.3042317,3.23875,-10.3249,-36.0655,0.4291,
2,37.584,2,3.119195,95.17178,-0.9463403,0.3033924,3.23875,-10.3249,-36.0655,0.4291,
2,37.594,2,3.117153,95.17471,-0.9478604,0.3040789,3.23875,-10.3249,-36.0655,0.4291,
2,37.604,2,3.115854,95.16483,-0.9469401,0.3039103,3.23875,-10.3249,-36.0655,0.4291,
2,37.614,2,3.11745,95.16313,-0.9453443,0.3032428,3.23875,-10.3249,-36.0655,0.4291,
2,37.624,2,3.116698,95.16949,-0.9484524,0.3043132,3.23875,-10.3249,-36.0655,0.4291,
2,37.634,2,3.11841,95.16039,-0.9460302,0.3033694,3.23875,-10.3249,-36.0655,0.4291,
2,37.644,2,3.119917,95.15256,-0.9433907,0.3023769,3.23875,-10.3249,-36.0655,0.4291,
2,37.654,2,3.118105,95.1685,-0.9448733,0.303028,3.23003,-10.3249,-36.0668,0.4304008,
2,37.664,2,3.1188,95.15276,-0.9441463,0.3027275,3.23003,-10.3249,-36.0668,0.4304008,
2,37.674,2,3.116695,95.14794,-0.9432982,0.3026597,3.23003,-10.3249,-36.0668,0.4304008,
2,37.684,2,3.118985,95.16228,-0.9450479,0.3029985,3.23003,-10.3249,-36.0668,0.4304008,
2,37.694,2,3.120481,95.15017,-0.9446953,0.3027402,3.23003,-10.3249,-36.0668,0.4304008,
2,37.704,2,3.118964,95.14969,-0.9454538,0.3031307,3.23003,-10.3249,-36.0668,0.4304008,
2,37.714,2,3.118104,95.15839,-0.9476879,0.3039308,3.23003,-10.3249,-36.0668,0.4304008,
2,37.724,2,3.118456,95.14578,-0.9476284,0.3038775,3.23003,-10.3249,-36.0668,0.4304008,
2,37.734,2,3.118421,95.14581,-0.945958,0.3033452,3.23003,-10.3249,-36.0668,0.4304008,
2,37.744,2,3.115983,95.14414,-0.9488329,0.3045052,3.23003,-10.3249,-36.0668,0.4304008,
2,37.754,2,3.118443,95.14164,-0.9494666,0.3044682,3.23003,-10.3249,-36.0668,0.4304008,
2,37.764,2,3.11611,95.14294,-0.9453768,0.3033836,3.23003,-10.3249,-36.0668,0.4304008,
2,37.774,2,3.121907,95.15222,-0.947834,0.3036073,3.23003,-10.3249,-36.0668,0.4304008,
2,37.784,2,3.123167,95.13362,-0.9464111,0.3030293,3.23003,-10.3249,-36.0668,0.4304008,
2,37.794,2,3.131454,95.13573,-0.9458399,0.3020449,3.23003,-10.3249,-36.0668,0.4304008,
2,37.804,2,3.139312,95.13042,-0.945398,0.3011482,3.23003,-10.3249,-36.0668,0.4304008,
2,37.814,2,3.14156,95.11774,-0.9458655,0.3010815,3.23003,-10.3249,-36.0668,0.4304008,
2,37.824,2,3.143827,95.11188,-0.9440525,0.3002877,3.23003,-10.3249,-36.0668,0.4304008,
2,37.834,2,3.14622,95.11218,-0.9441721,0.3000973,3.23003,-10.3249,-36.0668,0.4304008,
2,37.844,2,3.144719,95.10491,-0.9436603,0.3000778,3.23003,-10.3249,-36.0668,0.4304008,
2,37.854,2,3.144323,95.10409,-0.9437425,0.3001417,3.23003,-10.3249,-36.0668,0.4304008,
2,37.864,2,3.144785,95.10056,-0.9448852,0.300461,3.23003,-10.3249,-36.0668,0.4304008,
2,37.874,2,3.14264,95.09593,-0.9444293,0.300521,3.23003,-10.3249,-36.0668,0.4304008,
2,37.884,2,3.143757,95.09332,-0.9454964,0.3007537,3.23003,-10.3249,-36.0668,0.4304008,
2,37.894,2,3.14107,95.09584,-0.9486704,0.3020214,3.22023,-10.3249,-36.068,0.4316025,
2,37.904,2,3.144769,95.0864,-0.9468665,0.3010926,3.22023,-10.3249,-36.068,0.4316025,
2,37.914,2,3.142743,95.08305,-0.946068,0.3010326,3.22023,-10.3249,-36.068,0.4316025,
2,37.924,2,3.14234,95.08464,-0.9475047,0.3015284,3.22023,-10.3249,-36.068,0.4316025,
2,37.934,2,3.1436,95.08324,-0.9440274,0.3003014,3.22023,-10.3249,-36.068,0.4316025,
2,37.944,2,3.14359,95.07645,-0.9431279,0.3000162,3.22023,-10.3249,-36.068,0.4316025,
2,37.954,2,3.143535,95.07743,-0.9426714,0.2998762,3.22023,-10.3249,-36.068,0.4316025,
2,37.964,2,3.145412,95.07676,-0.9396056,0.2987226,3.22023,-10.3249,-36.068,0.4316025,
2,37.974,2,3.143676,95.07574,-0.9420338,0.2996599,3.22023,-10.3249,-36.068,0.4316025,
2,37.984,2,3.144165,95.07803,-0.9412754,0.2993722,3.22023,-10.3249,-36.068,0.4316025,
2,37.994,2,3.144833,95.07333,-0.9421448,0.299585,3.22023,-10.3249,-36.068,0.4316025,
2,38.004,2,3.143241,95.0671,-0.9442017,0.3003911,3.22023,-10.3249,-36.068,0.4316025,
2,38.014,2,3.146241,95.06121,-0.9433926,0.2998475,3.22023,-10.3249,-36.068,0.4316025,
2,38.024,2,3.151712,95.06393,-0.9434054,0.2993311,3.22023,-10.3249,-36.068,0.4316025,
2,38.034,2,3.155626,95.05432,-0.9458749,0.2997424,3.22023,-10.3249,-36.068,0.4316025,
2,38.044,2,3.16267,95.04247,-0.9468656,0.2993881,3.22023,-10.3249,-36.068,0.4316025,
2,38.054,2,3.16705,95.03861,-0.94758,0.2991996,3.22023,-10.3249,-36.068,0.4316025,
2,38.064,2,3.169199,95.02802,-0.9483309,0.2992336,3.22023,-10.3249,-36.068,0.4316025,
2,38.074,2,3.166979,95.02905,-0.9492182,0.2997235,3.22023,-10.3249,-36.068,0.4316025,
2,38.084,2,3.168573,95.02895,-0.9466873,0.2987741,3.22023,-10.3249,-36.068,0.4316025,
2,38.094,2,3.168499,95.02542,-0.9451442,0.2982939,3.22023,-10.3249,-36.068,0.4316025,
2,38.104,2,3.16848,95.02484,-0.9451807,0.2983073,3.22023,-10.3249,-36.068,0.4316025,
2,38.114,2,3.167339,95.02108,-0.9425415,0.2975815,3.22023,-10.3249,-36.068,0.4316025,
2,38.124,2,3.168933,95.00239,-0.9421616,0.297312,3.22023,-10.3249,-36.068,0.4316025,
2,38.134,2,3.169108,95.01376,-0.9457099,0.2984152,3.22023,-10.3249,-36.068,0.4316025,
2,38.144,2,3.166226,95.01009,-0.9467982,0.2990305,3.21315,-10.3249,-36.0691,0.4327011,
2,38.154,2,3.166404,95.01251,-0.9462636,0.2988448,3.21315,-10.3249,-36.0691,0.4327011,
2,38.164,2,3.166775,95.01206,-0.9449751,0.2984029,3.21315,-10.3249,-36.0691,0.4327011,
2,38.174,2,3.166518,95.00387,-0.9458619,0.2987072,3.21315,-10.3249,-36.0691,0.4327011,
2,38.184,2,3.165458,94.98609,-0.9453126,0.2986337,3.21315,-10.3249,-36.0691,0.4327011,
2,38.194,2,3.167804,95.00171,-0.943054,0.2976996,3.21315,-10.3249,-36.0691,0.4327011,
2,38.204,2,3.166054,95.00172,-0.9449718,0.2984699,3.21315,-10.3249,-36.0691,0.4327011,
2,38.214,2,3.166738,94.98849,-0.9458574,0.2986851,3.21315,-10.3249,-36.0691,0.4327011,
2,38.224,2,3.168082,94.99297,-0.9447737,0.2982163,3.21315,-10.3249,-36.0691,0.4327011,
2,38.234,2,3.168272,94.98743,-0.9412159,0.2970755,3.21315,-10.3249,-36.0691,0.4327011,
2,38.244,2,3.170936,94.98384,-0.9389897,0.2961239,3.21315,-10.3249,-36.0691,0.4327011,
2,38.254,2,3.178513,94.9806,-0.9383962,0.2952313,3.21315,-10.3249,-36.0691,0.4327011,
2,38.264,2,3.18265,94.97887,-0.937142,0.2944534,3.21315,-10.3249,-36.0691,0.4327011,
2,38.274,2,3.188026,94.96617,-0.939267,0.2946233,3.21315,-10.3249,-36.0691,0.4327011,
2,38.284,2,3.189991,94.96427,-0.9356306,0.2933019,3.21315,-10.3249,-36.0691,0.4327011,
2,38.294,2,3.192485,94.96172,-0.9358383,0.2931379,3.21315,-10.3249,-36.0691,0.4327011,
2,38.304,2,3.190305,94.94544,-0.9370317,0.2937123,3.21315,-10.3249,-36.0691,0.4327011,
2,38.314,2,3.191947,94.94706,-0.9371897,0.2936107,3.21315,-10.3249,-36.0691,0.4327011,
2,38.324,2,3.188462,94.94992,-0.938588,0.2943701,3.21315,-10.3249,-36.0691,0.4327011,
2,38.334,2,3.191121,94.94827,-0.9413549,0.2949919,3.21315,-10.3249,-36.0691,0.4327011,
2,38.344,2,3.190624,94.94382,-0.9409413,0.2949082,3.21315,-10.3249,-36.0691,0.4327011,
2,38.354,2,3.189353,94.93885,-0.9420274,0.2953663,3.21315,-10.3249,-36.0691,0.4327011,
2,38.364,2,3.189043,94.92577,-0.9418638,0.2953438,3.21315,-10.3249,-36.0691,0.4327011,
2,38.374,2,3.189095,94.93131,-0.9389438,0.2944233,3.21315,-10.3249,-36.0691,0.4327011,
2,38.384,2,3.189867,94.92886,-0.940418,0.2948142,3.21315,-10.3249,-36.0691,0.4327011,
2,38.394,2,3.190052,94.92825,-0.9415231,0.2951435,3.21315,-10.3249,-36.0691,0.4327011,
2,38.404,2,3.192223,94.92799,-0.9394882,0.2943053,3.20443,-10.3249,-36.0702,0.4338036,
2,38.414,2,3.190889,94.92332,-0.9382058,0.2940264,3.20443,-10.3249,-36.0702,0.4338036,
2,38.424,2,3.189962,94.92083,-0.9385221,0.294211,3.20443,-10.3249,-36.0702,0.4338036,
2,38.434,2,3.190925,94.92281,-0.9394096,0.2944004,3.20443,-10.3249,-36.0702,0.4338036,
2,38.444,2,3.188394,94.91795,-0.9419579,0.2954333,3.20443,-10.3249,-36.0702,0.4338036,
2,38.454,2,3.187287,94.91579,-0.9442365,0.2962508,3.20443,-10.3249,-36.0702,0.4338036,
2,38.464,2,3.189325,94.91423,-0.943512,0.2958344,3.20443,-10.3249,-36.0702,0.4338036,
2,38.474,2,3.190352,94.91286,-0.9446799,0.2961052,3.20443,-10.3249,-36.0702,0.4338036,
2,38.484,2,3.189663,94.91084,-0.9458804,0.2965455,3.20443,-10.3249,-36.0702,0.4338036,
2,38.494,2,3.189937,94.91006,-0.9455493,0.2964163,3.20443,-10.3249,-36.0702,0.4338036,
2,38.504,2,3.189438,94.91439,-0.9477404,0.2971497,3.20443,-10.3249,-36.0702,0.4338036,
2,38.514,2,3.19036,94.90916,-0.947476,0.2969809,3.20443,-10.3249,-36.0702,0.4338036,
2,38.524,2,3.191695,94.9062,-0.9460618,0.2964136,3.20443,-10.3249,-36.0702,0.4338036,
2,38.534,2,3.194587,94.90714,-0.9456239,0.2960082,3.20443,-10.3249,-36.0702,0.4338036,
2,38.544,2,3.201297,94.90096,-0.944176,0.2949355,3.20443,-10.3249,-36.0702,0.4338036,
2,38.554,2,3.206688,94.89702,-0.9450303,0.294706,3.20443,-10.3249,-36.0702,0.4338036,
2,38.564,2,3.212065,94.893,-0.9462479,0.2945918,3.20443,-10.3249,-36.0702,0.4338036,
2,38.574,2,3.21312,94.8822,-0.9484141,0.2951693,3.20443,-10.3249,-36.0702,0.4338036,
2,38.584,2,3.212019,94.88007,-0.9520194,0.2963928,3.20443,-10.3249,-36.0702,0.4338036,
2,38.594,2,3.213538,94.88696,-0.9508268,0.2958816,3.20443,-10.3249,-36.0702,0.4338036,
2,38.604,2,3.215269,94.87533,-0.950656,0.2956692,3.20443,-10.3249,-36.0702,0.4338036,
2,38.614,2,3.212615,94.87386,-0.9526942,0.2965479,3.20443,-10.3249,-36.0702,0.4338036,
2,38.624,2,3.213055,94.86871,-0.9549769,0.2972177,3.20443,-10.3249,-36.0702,0.4338036,
2,38.634,2,3.213692,94.86502,-0.9555439,0.2973352,3.20443,-10.3249,-36.0702,0.4338036,
2,38.644,2,3.21244,94.85883,-0.9563616,0.2977057,3.20443,-10.3249,-36.0702,0.4338036,
2,38.654,2,3.211833,94.867,-0.9587667,0.2985108,3.20443,-10.3249,-36.0702,0.4338036,
2,38.664,2,3.211827,94.85578,-0.9554995,0.2974941,3.19465,-10.3249,-36.0714,0.4350014,
2,38.674,2,3.211461,94.85426,-0.9541721,0.2971146,3.19465,-10.3249,-36.0714,0.4350014,
2,38.684,2,3.215247,94.85222,-0.9529533,0.2963857,3.19465,-10.3249,-36.0714,0.4350014,
2,38.694,2,3.212015,94.85453,-0.9535884,0.2968817,3.19465,-10.3249,-36.0714,0.4350014,
2,38.704,2,3.210563,94.85422,-0.9504454,0.296037,3.19465,-10.3249,-36.0714,0.4350014,
2,38.714,2,3.214617,94.85898,-0.9533018,0.2965522,3.19465,-10.3249,-36.0714,0.4350014,
2,38.724,2,3.209094,94.84519,-0.9515314,0.2965109,3.19465,-10.3249,-36.0714,0.4350014,
2,38.734,2,3.213144,94.84408,-0.9529489,0.2965783,3.19465,-10.3249,-36.0714,0.4350014,
2,38.744,2,3.210006,94.83616,-0.9552407,0.2975822,3.19465,-10.3249,-36.0714,0.4350014,
2,38.754,2,3.207399,94.84147,-0.9560794,0.2980856,3.19465,-10.3249,-36.0714,0.4350014,
2,38.764,2,3.211769,94.84154,-0.9549444,0.2973266,3.19465,-10.3249,-36.0714,0.4350014,
2,38.774,2,3.211198,94.85169,-0.9570978,0.2980501,3.19465,-10.3249,-36.0714,0.4350014,
2,38.784,2,3.213475,94.83981,-0.9547285,0.2971016,3.19465,-10.3249,-36.0714,0.4350014,
2,38.794,2,3.222956,94.82821,-0.955438,0.2964478,3.19465,-10.3249,-36.0714,0.4350014,
2,38.804,2,3.224041,94.83775,-0.9586067,0.2973308,3.19465,-10.3249,-36.0714,0.4350014,
2,38.814,2,3.230831,94.83001,-0.9590047,0.2968291,3.19465,-10.3249,-36.0714,0.4350014,
2,38.824,2,3.235527,94.81567,-0.9580806,0.2961127,3.19465,-10.3249,-36.0714,0.4350014,
2,38.834,2,3.233545,94.82738,-0.957422,0.2960905,3.19465,-10.3249,-36.0714,0.4350014,
2,38.844,2,3.233961,94.81147,-0.9566543,0.295815,3.19465,-10.3249,-36.0714,0.4350014,
2,38.854,2,3.236955,94.81214,-0.9562895,0.2954287,3.19465,-10.3249,-36.0714,0.4350014,
2,38.864,2,3.233352,94.82047,-0.9592354,0.296669,3.19465,-10.3249,-36.0714,0.4350014,
2,38.874,2,3.233865,94.81052,-0.9588989,0.2965179,3.19465,-10.3249,-36.0714,0.4350014,
2,38.884,2,3.233868,94.81197,-0.9586774,0.2964491,3.19465,-10.3249,-36.0714,0.4350014,
2,38.894,2,3.234355,94.80551,-0.9610382,0.2971344,3.19465,-10.3249,-36.0714,0.4350014,
2,38.904,2,3.23369,94.79755,-0.9604824,0.2970237,3.19465,-10.3249,-36.0714,0.4350014,
2,38.914,2,3.231916,94.79528,-0.9632525,0.2980438,3.19465,-10.3249,-36.0714,0.4350014,
2,38.924,2,3.234004,94.79539,-0.9642551,0.2981614,3.19465,-10.3249,-36.0714,0.4350014,
2,38.934,2,3.234087,94.79734,-0.9643357,0.2981786,3.19465,-10.3249,-36.0714,0.4350014,
2,38.944,2,3.231774,94.79385,-0.9678614,0.299483,3.19465,-10.3249,-36.0714,0.4350014,
2,38.954,2,3.234113,94.78825,-0.9693263,0.2997194,3.18593,-10.3249,-36.0725,0.4361,
2,38.964,2,3.233706,94.78847,-0.9671313,0.2990783,3.18593,-10.3249,-36.0725,0.4361,
2,38.974,2,3.230299,94.7813,-0.9645941,0.2986083,3.18593,-10.3249,-36.0725,0.4361,
2,38.984,2,3.233613,94.78242,-0.9662679,0.2988199,3.18593,-10.3249,-36.0725,0.4361,
2,38.994,2,3.231748,94.78065,-0.9629484,0.2979652,3.18593,-10.3249,-36.0725,0.4361,
2,39.004,2,3.230491,94.76937,-0.9651217,0.2987539,3.18593,-10.3249,-36.0725,0.4361,
2,39.014,2,3.233736,94.7766,-0.9678407,0.2992949,3.18593,-10.3249,-36.0725,0.4361,
2,39.024,2,3.231896,94.7739,-0.9687516,0.2997471,3.18593,-10.3249,-36.0725,0.4361,
2,39.034,2,3.233257,94.76904,-0.9701453,0.300052,3.18593,-10.3249,-36.0725,0.4361,
2,39.044,2,3.23545,94.77038,-0.9694765,0.2996419,3.18593,-10.3249,-36.0725,0.4361,
2,39.054,2,3.242838,94.76471,-0.9701192,0.2991575,3.18593,-10.3249,-36.0725,0.4361,
2,39.064,2,3.248278,94.75816,-0.9753592,0.3002696,3.18593,-10.3249,-36.0725,0.4361,
2,39.074,2,3.253761,94.76231,-0.9783407,0.30068,3.18593,-10.3249,-36.0725,0.4361,
2,39.084,2,3.255273,94.75461,-0.9791987,0.3008038,3.18593,-10.3249,-36.0725,0.4361,
2,39.094,2,3.254759,94.7552,-0.9830054,0.3020209,3.18593,-10.3249,-36.0725,0.4361,
2,39.104,2,3.255922,94.75358,-0.982171,0.3016568,3.18593,-10.3249,-36.0725,0.4361,
2,39.114,2,3.25575,94.74877,-0.98162,0.3015035,3.18593,-10.3249,-36.0725,0.4361,
2,39.124,2,3.255224,94.7431,-0.9835873,0.3021565,3.18593,-10.3249,-36.0725,0.4361,
2,39.134,2,3.253817,94.74835,-0.9828298,0.3020544,3.18593,-10.3249,-36.0725,0.4361,
2,39.144,2,3.253919,94.7505,-0.9817299,0.3017069,3.18593,-10.3249,-36.0725,0.4361,
2,39.154,2,3.253806,94.75049,-0.9834373,0.3022421,3.18593,-10.3249,-36.0725,0.4361,
2,39.164,2,3.255361,94.74068,-0.9847066,0.3024877,3.18593,-10.3249,-36.0725,0.4361,
2,39.174,2,3.253825,94.73662,-0.9859489,0.3030122,3.18593,-10.3249,-36.0725,0.4361,
2,39.184,2,3.255462,94.73438,-0.9879161,0.3034642,3.18593,-10.3249,-36.0725,0.4361,
2,39.194,2,3.2558,94.73046,-0.9909315,0.3043588,3.18593,-10.3249,-36.0725,0.4361,
2,39.204,2,3.25287,94.74038,-0.9919146,0.3049352,3.17723,-10.3249,-36.0736,0.4372025,
2,39.214,2,3.252153,94.74594,-0.9944189,0.3057725,3.17723,-10.3249,-36.0736,0.4372025,
2,39.224,2,3.25272,94.73384,-0.9939902,0.3055874,3.17723,-10.3249,-36.0736,0.4372025,
2,39.234,2,3.256297,94.72928,-0.9927274,0.3048639,3.17723,-10.3249,-36.0736,0.4372025,
2,39.244,2,3.2542,94.71448,-0.9951882,0.3058166,3.17723,-10.3249,-36.0736,0.4372025,
2,39.254,2,3.254162,94.72884,-0.9950618,0.3057813,3.17723,-10.3249,-36.0736,0.4372025,
2,39.264,2,3.25357,94.72868,-0.9946855,0.3057213,3.17723,-10.3249,-36.0736,0.4372025,
2,39.274,2,3.252143,94.73143,-0.996547,0.3064278,3.17723,-10.3249,-36.0736,0.4372025,
2,39.284,2,3.252333,94.72737,-0.9937719,0.3055567,3.17723,-10.3249,-36.0736,0.4372025,
2,39.294,2,3.253761,94.72186,-0.9930397,0.3051975,3.17723,-10.3249,-36.0736,0.4372025,
2,39.304,2,3.255301,94.71107,-0.994126,0.3053868,3.17723,-10.3249,-36.0736,0.4372025,
2,39.314,2,3.25592,94.71863,-0.9951411,0.3056405,3.17723,-10.3249,-36.0736,0.4372025,
2,39.324,2,3.254053,94.7149,-0.9986902,0.3069066,3.17723,-10.3249,-36.0736,0.4372025,
2,39.334,2,3.258689,94.71916,-0.9998169,0.3068157,3.17723,-10.3249,-36.0736,0.4372025,
2,39.344,2,3.264946,94.71442,-0.9993222,0.3060762,3.17723,-10.3249,-36.0736,0.4372025,
2,39.354,2,3.27037,94.70081,-1.003065,0.306713,3.17723,-10.3249,-36.0736,0.4372025,
2,39.364,2,3.273378,94.69348,-1.007042,0.3076461,3.17723,-10.3249,-36.0736,0.4372025,
2,39.374,2,3.277428,94.70618,-1.005967,0.3069379,3.17723,-10.3249,-36.0736,0.4372025,
2,39.384,2,3.278229,94.70389,-1.007361,0.3072882,3.17723,-10.3249,-36.0736,0.4372025,
2,39.394,2,3.275908,94.69859,-1.010745,0.308539,3.17723,-10.3249,-36.0736,0.4372025,
2,39.404,2,3.277596,94.69495,-1.007278,0.3073221,3.17723,-10.3249,-36.0736,0.4372025,
2,39.414,2,3.279181,94.69471,-1.008843,0.3076509,3.17723,-10.3249,-36.0736,0.4372025,
2,39.424,2,3.279156,94.68574,-1.008075,0.307419,3.17723,-10.3249,-36.0736,0.4372025,
2,39.434,2,3.277727,94.69123,-1.006934,0.307205,3.17723,-10.3249,-36.0736,0.4372025,
2,39.444,2,3.276701,94.69197,-1.007415,0.307448,3.17723,-10.3249,-36.0736,0.4372025,
2,39.454,2,3.276207,94.691,-1.009155,0.3080255,3.17723,-10.3249,-36.0736,0.4372025,
2,39.464,2,3.276712,94.68884,-1.008107,0.3076582,3.16742,-10.3249,-36.0747,0.4383011,
2,39.474,2,3.277996,94.68666,-1.00979,0.3080511,3.16742,-10.3249,-36.0747,0.4383011,
2,39.484,2,3.274824,94.67551,-1.012873,0.3092909,3.16742,-10.3249,-36.0747,0.4383011,
2,39.494,2,3.275678,94.67899,-1.012437,0.3090771,3.16742,-10.3249,-36.0747,0.4383011,
2,39.504,2,3.276167,94.67568,-1.013645,0.3093996,3.16742,-10.3249,-36.0747,0.4383011,
2,39.514,2,3.276906,94.67271,-1.016134,0.3100895,3.16742,-10.3249,-36.0747,0.4383011,
2,39.524,2,3.274278,94.67207,-1.012952,0.3093664,3.16742,-10.3249,-36.0747,0.4383011,
2,39.534,2,3.274929,94.67417,-1.014203,0.3096871,3.16742,-10.3249,-36.0747,0.4383011,
2,39.544,2,3.27562,94.66762,-1.014129,0.309599,3.16742,-10.3249,-36.0747,0.4383011,
2,39.554,2,3.275634,94.66653,-1.012787,0.309188,3.16742,-10.3249,-36.0747,0.4383011,
2,39.564,2,3.275152,94.66128,-1.013591,0.309479,3.16742,-10.3249,-36.0747,0.4383011,
2,39.574,2,3.277763,94.65768,-1.012562,0.3089186,3.16742,-10.3249,-36.0747,0.4383011,
2,39.584,2,3.280219,94.66084,-1.009029,0.3076103,3.16742,-10.3249,-36.0747,0.4383011,
2,39.594,2,3.284499,94.67564,-1.011904,0.3080847,3.16742,-10.3249,-36.0747,0.4383011,
2,39.604,2,3.287321,94.65556,-1.013669,0.3083572,3.16742,-10.3249,-36.0747,0.4383011,
2,39.614,2,3.295924,94.65594,-1.014855,0.3079121,3.16742,-10.3249,-36.0747,0.4383011,
2,39.624,2,3.299337,94.6531,-1.016578,0.3081158,3.16742,-10.3249,-36.0747,0.4383011,
2,39.634,2,3.299543,94.65236,-1.017036,0.3082353,3.16742,-10.3249,-36.0747,0.4383011,
2,39.644,2,3.298155,94.64967,-1.018227,0.3087263,3.16742,-10.3249,-36.0747,0.4383011,
2,39.654,2,3.300094,94.65838,-1.019526,0.3089385,3.16742,-10.3249,-36.0747,0.4383011,
2,39.664,2,3.30057,94.649,-1.017157,0.3081762,3.16742,-10.3249,-36.0747,0.4383011,
2,39.674,2,3.2997,94.64342,-1.017564,0.3083808,3.16742,-10.3249,-36.0747,0.4383011,
2,39.684,2,3.300345,94.6424,-1.019233,0.3088262,3.16742,-10.3249,-36.0747,0.4383011,
2,39.694,2,3.300363,94.65084,-1.01942,0.308881,3.16742,-10.3249,-36.0747,0.4383011,
2,39.704,2,3.301727,94.64701,-1.017271,0.3081028,3.16742,-10.3249,-36.0747,0.4383011,
2,39.714,2,3.298685,94.6515,-1.017565,0.3084762,3.16742,-10.3249,-36.0747,0.4383011,
2,39.724,2,3.297762,94.63818,-1.015329,0.3078843,3.16742,-10.3249,-36.0747,0.4383011,
2,39.734,2,3.301358,94.6354,-1.015018,0.3074546,3.16742,-10.3249,-36.0747,0.4383011,
2,39.744,2,3.29822,94.63438,-1.014211,0.3075026,3.15873,-10.3249,-36.0758,0.4394035,
2,39.754,2,3.299601,94.63687,-1.013608,0.3071912,3.15873,-10.3249,-36.0758,0.4394035,
2,39.764,2,3.299634,94.6391,-1.013155,0.3070506,3.15873,-10.3249,-36.0758,0.4394035,
2,39.774,2,3.299456,94.64658,-1.014511,0.3074782,3.15873,-10.3249,-36.0758,0.4394035,
2,39.784,2,3.299931,94.6362,-1.013833,0.3072287,3.15873,-10.3249,-36.0758,0.4394035,
2,39.794,2,3.301523,94.63293,-1.015119,0.3074699,3.15873,-10.3249,-36.0758,0.4394035,
2,39.804,2,3.300431,94.62682,-1.01842,0.3085719,3.15873,-10.3249,-36.0758,0.4394035,
2,39.814,2,3.302073,94.62991,-1.01907,0.3086153,3.15873,-10.3249,-36.0758,0.4394035,
2,39.824,2,3.299228,94.63219,-1.01685,0.3082084,3.15873,-10.3249,-36.0758,0.4394035,
2,39.834,2,3.298257,94.64053,-1.018384,0.3087642,3.15873,-10.3249,-36.0758,0.4394035,
2,39.844,2,3.305097,94.62781,-1.01723,0.307776,3.15873,-10.3249,-36.0758,0.4394035,
2,39.854,2,3.310726,94.62635,-1.017301,0.3072744,3.15873,-10.3249,-36.0758,0.4394035,
2,39.864,2,3.31625,94.62823,-1.018121,0.3070095,3.15873,-10.3249,-36.0758,0.4394035,
2,39.874,2,3.320259,94.62122,-1.017395,0.3064204,3.15873,-10.3249,-36.0758,0.4394035,
2,39.884,2,3.323039,94.62598,-1.016127,0.3057826,3.15873,-10.3249,-36.0758,0.4394035,
2,39.894,2,3.324469,94.62962,-1.0179,0.3061841,3.15873,-10.3249,-36.0758,0.4394035,
2,39.904,2,3.32341,94.62083,-1.018354,0.3064183,3.15873,-10.3249,-36.0758,0.4394035,
2,39.914,2,3.321689,94.61648,-1.019878,0.307036,3.15873,-10.3249,-36.0758,0.4394035,
2,39.924,2,3.323458,94.61647,-1.021222,0.3072771,3.15873,-10.3249,-36.0758,0.4394035,
2,39.934,2,3.323131,94.61596,-1.01926,0.3067167,3.15873,-10.3249,-36.0758,0.4394035,
2,39.944,2,3.320758,94.61954,-1.021648,0.3076551,3.15873,-10.3249,-36.0758,0.4394035,
2,39.954,2,3.324079,94.61833,-1.021738,0.3073747,3.15873,-10.3249,-36.0758,0.4394035,
2,39.964,2,3.325077,94.61575,-1.021528,0.3072194,3.15873,-10.3249,-36.0758,0.4394035,
2,39.974,2,3.322655,94.61919,-1.02429,0.3082747,3.15873,-10.3249,-36.0758,0.4394035,
2,39.984,2,3.322749,94.61652,-1.023514,0.3080323,3.15873,-10.3249,-36.0758,0.4394035,
2,39.994,2,3.324491,94.61245,-1.021146,0.3071584,3.15873,-10.3249,-36.0758,0.4394035,
2,40.004,2,3.324443,94.6114,-1.021928,0.3073982,3.15,-10.3249,-36.077,0.4406013,
2,40.014,2,3.323339,94.61514,-1.01923,0.3066885,3.15,-10.3249,-36.077,0.4406013,
2,40.024,2,3.3231,94.61188,-1.018755,0.3065677,3.15,-10.3249,-36.077,0.4406013,
2,40.034,2,3.322106,94.61726,-1.020105,0.3070659,3.15,-10.3249,-36.077,0.4406013,
2,40.044,2,3.322518,94.61143,-1.02131,0.3073903,3.15,-10.3249,-36.077,0.4406013,
2,40.054,2,3.32283,94.61174,-1.021953,0.3075552,3.15,-10.3249,-36.077,0.4406013,
2,40.064,2,3.325319,94.60663,-1.022622,0.3075261,3.15,-10.3249,-36.077,0.4406013,
2,40.074,2,3.32213,94.61212,-1.022207,0.3076963,3.15,-10.3249,-36.077,0.4406013,
2,40.084,2,3.323078,94.60976,-1.023664,0.3080469,3.15,-10.3249,-36.077,0.4406013,
2,40.094,2,3.323529,94.62051,-1.024459,0.3082442,3.15,-10.3249,-36.077,0.4406013,
2,40.104,2,3.323082,94.60399,-1.024505,0.3082997,3.15,-10.3249,-36.077,0.4406013,
2,40.114,2,3.328695,94.60945,-1.022824,0.3072749,3.15,-10.3249,-36.077,0.4406013,
2,40.124,2,3.332916,94.60427,-1.026065,0.3078581,3.15,-10.3249,-36.077,0.4406013,
2,40.134,2,3.338033,94.60229,-1.026113,0.3074005,3.15,-10.3249,-36.077,0.4406013,
2,40.144,2,3.343073,94.61436,-1.024539,0.3064662,3.15,-10.3249,-36.077,0.4406013,
2,40.154,2,3.346869,94.62622,-1.023877,0.3059207,3.15,-10.3249,-36.077,0.4406013,
2,40.164,2,3.346558,94.60371,-1.021729,0.3053073,3.15,-10.3249,-36.077,0.4406013,
2,40.174,2,3.349792,94.60323,-1.023692,0.3055987,3.15,-10.3249,-36.077,0.4406013,
2,40.184,2,3.347931,94.59485,-1.02403,0.3058695,3.15,-10.3249,-36.077,0.4406013,
2,40.194,2,3.349659,94.60432,-1.024949,0.3059862,3.15,-10.3249,-36.077,0.4406013,
2,40.204,2,3.34689,94.60305,-1.025275,0.3063366,3.15,-10.3249,-36.077,0.4406013,
2,40.214,2,3.345202,94.60725,-1.0281,0.3073357,3.15,-10.3249,-36.077,0.4406013,
2,40.224,2,3.346996,94.60058,-1.026229,0.3066121,3.15,-10.3249,-36.077,0.4406013,
2,40.234,2,3.347458,94.60194,-1.02861,0.307281,3.15,-10.3249,-36.077,0.4406013,
2,40.244,2,3.346109,94.59407,-1.029285,0.3076066,3.15,-10.3249,-36.077,0.4406013,
2,40.254,2,3.349726,94.60081,-1.027815,0.3068355,3.15,-10.3249,-36.077,0.4406013,
2,40.264,2,3.346574,94.60004,-1.030127,0.3078153,3.15,-10.3249,-36.077,0.4406013,
2,40.274,2,3.348382,94.61016,-1.031088,0.3079361,3.14075,-10.3249,-36.0781,0.4417,
2,40.284,2,3.348528,94.6002,-1.028149,0.307045,3.14075,-10.3249,-36.0781,0.4417,
2,40.294,2,3.347676,94.60336,-1.030237,0.3077469,3.14075,-10.3249,-36.0781,0.4417,
2,40.304,2,3.347186,94.59731,-1.029386,0.3075378,3.14075,-10.3249,-36.0781,0.4417,
2,40.314,2,3.347481,94.60428,-1.027708,0.3070092,3.14075,-10.3249,-36.0781,0.4417,
2,40.324,2,3.346295,94.60437,-1.029178,0.3075574,3.14075,-10.3249,-36.0781,0.4417,
2,40.334,2,3.348239,94.61728,-1.031192,0.3079803,3.14075,-10.3249,-36.0781,0.4417,
2,40.344,2,3.347543,94.60017,-1.029171,0.3074407,3.14075,-10.3249,-36.0781,0.4417,
2,40.354,2,3.346381,94.60117,-1.033089,0.3087182,3.14075,-10.3249,-36.0781,0.4417,
2,40.364,2,3.349324,94.58859,-1.034617,0.3089032,3.14075,-10.3249,-36.0781,0.4417,
2,40.374,2,3.347836,94.60583,-1.0341,0.3088861,3.14075,-10.3249,-36.0781,0.4417,
2,40.384,2,3.353324,94.59906,-1.034449,0.3084848,3.14075,-10.3249,-36.0781,0.4417,
2,40.394,2,3.355398,94.6071,-1.035682,0.3086616,3.14075,-10.3249,-36.0781,0.4417,
2,40.404,2,3.361502,94.60221,-1.035016,0.3079028,3.14075,-10.3249,-36.0781,0.4417,
2,40.414,2,3.366254,94.59264,-1.037288,0.3081432,3.14075,-10.3249,-36.0781,0.4417,
2,40.424,2,3.368448,94.59702,-1.040002,0.3087481,3.14075,-10.3249,-36.0781,0.4417,
2,40.434,2,3.37077,94.60059,-1.037181,0.3076987,3.14075,-10.3249,-36.0781,0.4417,
2,40.444,2,3.371188,94.59534,-1.038031,0.3079125,3.14075,-10.3249,-36.0781,0.4417,
2,40.454,2,3.371037,94.59955,-1.037539,0.3077803,3.14075,-10.3249,-36.0781,0.4417,
2,40.464,2,3.371995,94.59643,-1.034704,0.3068523,3.14075,-10.3249,-36.0781,0.4417,
2,40.474,2,3.371125,94.59953,-1.036849,0.3075675,3.14075,-10.3249,-36.0781,0.4417,
2,40.484,2,3.370795,94.59615,-1.037026,0.3076504,3.14075,-10.3249,-36.0781,0.4417,
2,40.494,2,3.371876,94.60268,-1.036368,0.3073564,3.14075,-10.3249,-36.0781,0.4417,
2,40.504,2,3.373436,94.59636,-1.038994,0.3079926,3.13258,-10.3249,-36.0792,0.4428024,
2,40.514,2,3.370419,94.59866,-1.040917,0.3088392,3.13258,-10.3249,-36.0792,0.4428024,
2,40.524,2,3.370057,94.59801,-1.040039,0.3086116,3.13258,-10.3249,-36.0792,0.4428024,
2,40.534,2,3.36938,94.60026,-1.042223,0.3093221,3.13258,-10.3249,-36.0792,0.4428024,
2,40.544,2,3.369934,94.60055,-1.042039,0.3092163,3.13258,-10.3249,-36.0792,0.4428024,
2,40.554,2,3.372263,94.59691,-1.040553,0.3085622,3.13258,-10.3249,-36.0792,0.4428024,
2,40.564,2,3.370372,94.58909,-1.042322,0.3092603,3.13258,-10.3249,-36.0792,0.4428024,
2,40.574,2,3.370205,94.59564,-1.041441,0.3090141,3.13258,-10.3249,-36.0792,0.4428024,
2,40.584,2,3.370445,94.60223,-1.039654,0.3084618,3.13258,-10.3249,-36.0792,0.4428024,
2,40.594,2,3.376727,94.60847,-1.039019,0.3077002,3.13258,-10.3249,-36.0792,0.4428024,
2,40.604,2,3.379485,94.59369,-1.038271,0.3072275,3.13258,-10.3249,-36.0792,0.4428024,
2,40.614,2,3.384782,94.59796,-1.037593,0.3065464,3.13258,-10.3249,-36.0792,0.4428024,
2,40.624,2,3.392456,94.58133,-1.041342,0.306958,3.13258,-10.3249,-36.0792,0.4428024,
2,40.634,2,3.393625,94.59724,-1.040798,0.3066922,3.13258,-10.3249,-36.0792,0.4428024,
2,40.644,2,3.393518,94.59493,-1.039775,0.3064002,3.13258,-10.3249,-36.0792,0.4428024,
2,40.654,2,3.39485,94.6024,-1.044446,0.307656,3.13258,-10.3249,-36.0792,0.4428024,
2,40.664,2,3.394663,94.59568,-1.043059,0.3072644,3.13258,-10.3249,-36.0792,0.4428024,
2,40.674,2,3.394284,94.59396,-1.043233,0.3073498,3.13258,-10.3249,-36.0792,0.4428024,
2,40.684,2,3.392527,94.58553,-1.047743,0.3088384,3.13258,-10.3249,-36.0792,0.4428024,
2,40.694,2,3.394158,94.60077,-1.04644,0.3083062,3.13258,-10.3249,-36.0792,0.4428024,
2,40.704,2,3.394539,94.59628,-1.044885,0.3078136,3.13258,-10.3249,-36.0792,0.4428024,
2,40.714,2,3.393498,94.59167,-1.046349,0.3083394,3.13258,-10.3249,-36.0792,0.4428024,
2,40.724,2,3.39256,94.59808,-1.046016,0.3083263,3.13258,-10.3249,-36.0792,0.4428024,
2,40.734,2,3.392537,94.59174,-1.045456,0.3081635,3.13258,-10.3249,-36.0792,0.4428024,
2,40.744,2,3.391412,94.58421,-1.04491,0.3081046,3.13258,-10.3249,-36.0792,0.4428024,
2,40.754,2,3.39244,94.59291,-1.042269,0.3072328,3.12442,-10.3249,-36.0802,0.4438019,
2,40.764,2,3.3923,94.59884,-1.042193,0.3072233,3.12442,-10.3249,-36.0802,0.4438019,
2,40.774,2,3.39439,94.60303,-1.043848,0.3075215,3.12442,-10.3249,-36.0802,0.4438019,
2,40.784,2,3.392723,94.59699,-1.043552,0.3075855,3.12442,-10.3249,-36.0802,0.4438019,
2,40.794,2,3.391948,94.59613,-1.043034,0.3075029,3.12442,-10.3249,-36.0802,0.4438019,
2,40.804,2,3.393809,94.59153,-1.04583,0.3081583,3.12442,-10.3249,-36.0802,0.4438019,
2,40.814,2,3.39422,94.59595,-1.043838,0.3075339,3.12442,-10.3249,-36.0802,0.4438019,
2,40.824,2,3.393171,94.59472,-1.044896,0.307941,3.12442,-10.3249,-36.0802,0.4438019,
2,40.834,2,3.397431,94.60572,-1.045169,0.3076352,3.12442,-10.3249,-36.0802,0.4438019,
2,40.844,2,3.402743,94.59344,-1.044086,0.3068367,3.12442,-10.3249,-36.0802,0.4438019,
2,40.854,2,3.406913,94.59554,-1.046688,0.3072247,3.12442,-10.3249,-36.0802,0.4438019,
2,40.864,2,3.413086,94.59261,-1.047291,0.3068457,3.12442,-10.3249,-36.0802,0.4438019,
2,40.874,2,3.417597,94.59301,-1.045849,0.3060189,3.12442,-10.3249,-36.0802,0.4438019,
2,40.884,2,3.41391,94.59528,-1.045543,0.3062598,3.12442,-10.3249,-36.0802,0.4438019,
2,40.894,2,3.417335,94.59553,-1.047385,0.3064917,3.12442,-10.3249,-36.0802,0.4438019,
2,40.904,2,3.414629,94.59142,-1.043968,0.305734,3.12442,-10.3249,-36.0802,0.4438019,
2,40.914,2,3.415027,94.58951,-1.045833,0.3062444,3.12442,-10.3249,-36.0802,0.4438019,
2,40.924,2,3.41539,94.59194,-1.048062,0.3068645,3.12442,-10.3249,-36.0802,0.4438019,
2,40.934,2,3.416579,94.59052,-1.045684,0.3060617,3.12442,-10.3249,-36.0802,0.4438019,
2,40.944,2,3.415118,94.59161,-1.047064,0.3065967,3.12442,-10.3249,-36.0802,0.4438019,
2,40.954,2,3.417924,94.59218,-1.047241,0.3063969,3.12442,-10.3249,-36.0802,0.4438019,
2,40.964,2,3.415371,94.59068,-1.046069,0.3062827,3.11625,-10.3249,-36.0812,0.4448013,
2,40.974,2,3.417053,94.58968,-1.049953,0.3072687,3.11625,-10.3249,-36.0812,0.4448013,
2,40.984,2,3.415433,94.58751,-1.04788,0.3068072,3.11625,-10.3249,-36.0812,0.4448013,
2,40.994,2,3.416693,94.58772,-1.04983,0.3072649,3.11625,-10.3249,-36.0812,0.4448013,
2,41.004,2,3.416561,94.59289,-1.049646,0.307223,3.11625,-10.3249,-36.0812,0.4448013,
2,41.014,2,3.414733,94.59198,-1.048857,0.3071563,3.11625,-10.3249,-36.0812,0.4448013,
2,41.024,2,3.416499,94.58883,-1.046002,0.3061618,3.11625,-10.3249,-36.0812,0.4448013,
2,41.034,2,3.416301,94.59879,-1.045532,0.3060423,3.11625,-10.3249,-36.0812,0.4448013,
2,41.044,2,3.415317,94.59019,-1.044866,0.3059353,3.11625,-10.3249,-36.0812,0.4448013,
2,41.054,2,3.417203,94.59055,-1.044434,0.3056401,3.11625,-10.3249,-36.0812,0.4448013,
2,41.064,2,3.418985,94.59218,-1.046142,0.3059801,3.11625,-10.3249,-36.0812,0.4448013,
2,41.074,2,3.416631,94.59013,-1.045402,0.3059744,3.11625,-10.3249,-36.0812,0.4448013,
2,41.084,2,3.418121,94.59184,-1.047582,0.3064789,3.11625,-10.3249,-36.0812,0.4448013,
2,41.094,2,3.422146,94.59458,-1.049555,0.3066951,3.11625,-10.3249,-36.0812,0.4448013,
2,41.104,2,3.427158,94.59486,-1.048415,0.3059138,3.11625,-10.3249,-36.0812,0.4448013,
2,41.114,2,3.43256,94.5879,-1.049168,0.3056517,3.11625,-10.3249,-36.0812,0.4448013,
2,41.124,2,3.436694,94.58918,-1.053342,0.3064986,3.11625,-10.3249,-36.0812,0.4448013,
2,41.134,2,3.437454,94.58569,-1.049513,0.3053171,3.11625,-10.3249,-36.0812,0.4448013,
2,41.144,2,3.43721,94.58794,-1.050591,0.3056523,3.11625,-10.3249,-36.0812,0.4448013,
2,41.154,2,3.437731,94.60541,-1.051524,0.3058772,3.11625,-10.3249,-36.0812,0.4448013,
2,41.164,2,3.437643,94.58767,-1.052982,0.3063092,3.11625,-10.3249,-36.0812,0.4448013,
2,41.174,2,3.434397,94.59254,-1.050007,0.3057325,3.11625,-10.3249,-36.0812,0.4448013,
2,41.184,2,3.435119,94.58649,-1.049496,0.3055194,3.11625,-10.3249,-36.0812,0.4448013,
2,41.194,2,3.436909,94.58707,-1.046892,0.3046028,3.11625,-10.3249,-36.0812,0.4448013,
2,41.204,2,3.436188,94.58578,-1.045526,0.304269,3.11625,-10.3249,-36.0812,0.4448013,
2,41.214,2,3.437142,94.60515,-1.049308,0.3052849,3.11625,-10.3249,-36.0812,0.4448013,
2,41.224,2,3.433887,94.58664,-1.048272,0.3052726,3.10755,-10.3249,-36.0822,0.4458008,
2,41.234,2,3.436779,94.58495,-1.0464,0.304471,3.10755,-10.3249,-36.0822,0.4458008,
2,41.244,2,3.43869,94.58111,-1.048259,0.3048425,3.10755,-10.3249,-36.0822,0.4458008,
2,41.254,2,3.436876,94.58758,-1.048428,0.3050528,3.10755,-10.3249,-36.0822,0.4458008,
2,41.264,2,3.434827,94.58698,-1.048331,0.3052064,3.10755,-10.3249,-36.0822,0.4458008,
2,41.274,2,3.436358,94.59702,-1.050436,0.3056829,3.10755,-10.3249,-36.0822,0.4458008,
2,41.284,2,3.435503,94.58679,-1.049517,0.3054916,3.10755,-10.3249,-36.0822,0.4458008,
2,41.294,2,3.437042,94.58581,-1.049812,0.3054405,3.10755,-10.3249,-36.0822,0.4458008,
2,41.304,2,3.436241,94.58552,-1.050159,0.3056126,3.10755,-10.3249,-36.0822,0.4458008,
2,41.314,2,3.437991,94.58701,-1.048185,0.3048829,3.10755,-10.3249,-36.0822,0.4458008,
2,41.324,2,3.434378,94.58631,-1.048041,0.3051619,3.10755,-10.3249,-36.0822,0.4458008,
2,41.334,2,3.435026,94.58745,-1.047289,0.3048854,3.10755,-10.3249,-36.0822,0.4458008,
2,41.344,2,3.439472,94.58306,-1.045568,0.3039908,3.10755,-10.3249,-36.0822,0.4458008,
2,41.354,2,3.444082,94.57857,-1.044957,0.3034066,3.10755,-10.3249,-36.0822,0.4458008,
2,41.364,2,3.449786,94.58086,-1.047227,0.3035628,3.10755,-10.3249,-36.0822,0.4458008,
2,41.374,2,3.456532,94.5842,-1.047549,0.3030635,3.10755,-10.3249,-36.0822,0.4458008,
2,41.384,2,3.458445,94.58612,-1.049315,0.3034065,3.10755,-10.3249,-36.0822,0.4458008,
2,41.394,2,3.457844,94.57958,-1.051938,0.3042181,3.10755,-10.3249,-36.0822,0.4458008,
2,41.404,2,3.459477,94.57943,-1.050201,0.3035721,3.10755,-10.3249,-36.0822,0.4458008,
2,41.414,2,3.458507,94.57306,-1.052956,0.3044538,3.10755,-10.3249,-36.0822,0.4458008,
2,41.424,2,3.459009,94.57822,-1.053401,0.3045384,3.10755,-10.3249,-36.0822,0.4458008,
2,41.434,2,3.460295,94.58498,-1.052312,0.3041105,3.10755,-10.3249,-36.0822,0.4458008,
2,41.444,2,3.458711,94.58571,-1.05377,0.3046713,3.10755,-10.3249,-36.0822,0.4458008,
2,41.454,2,3.456687,94.58035,-1.054854,0.3051633,3.10755,-10.3249,-36.0822,0.4458008,
2,41.464,2,3.458933,94.58156,-1.051414,0.3039705,3.10755,-10.3249,-36.0822,0.4458008,
2,41.474,2,3.459403,94.57422,-1.052035,0.3041088,3.10755,-10.3249,-36.0822,0.4458008,
2,41.484,2,3.458652,94.57725,-1.052974,0.3044464,3.10755,-10.3249,-36.0822,0.4458008,
2,41.494,2,3.456952,94.58183,-1.052522,0.3044652,3.10755,-10.3249,-36.0822,0.4458008,
2,41.504,2,3.455749,94.5762,-1.053685,0.304908,3.09885,-10.3249,-36.0832,0.4468002,
2,41.514,2,3.455631,94.58309,-1.055447,0.3054281,3.09885,-10.3249,-36.0832,0.4468002,
2,41.524,2,3.459455,94.58384,-1.054617,0.3048505,3.09885,-10.3249,-36.0832,0.4468002,
2,41.534,2,3.458628,94.57835,-1.055206,0.3050938,3.09885,-10.3249,-36.0832,0.4468002,
2,41.544,2,3.458128,94.58261,-1.055467,0.3052134,3.09885,-10.3249,-36.0832,0.4468002,
2,41.554,2,3.459062,94.58221,-1.055544,0.3051533,3.09885,-10.3249,-36.0832,0.4468002,
2,41.564,2,3.458555,94.57858,-1.058686,0.3061063,3.09885,-10.3249,-36.0832,0.4468002,
2,41.574,2,3.457444,94.5826,-1.057522,0.3058682,3.09885,-10.3249,-36.0832,0.4468002,
2,41.584,2,3.457117,94.58275,-1.058141,0.306076,3.09885,-10.3249,-36.0832,0.4468002,
2,41.594,2,3.458042,94.57548,-1.057133,0.3057028,3.09885,-10.3249,-36.0832,0.4468002,
2,41.604,2,3.462038,94.58247,-1.054433,0.30457,3.09885,-10.3249,-36.0832,0.4468002,
2,41.614,2,3.468384,94.57808,-1.054711,0.3040929,3.09885,-10.3249,-36.0832,0.4468002,
2,41.624,2,3.473423,94.56844,-1.055897,0.3039931,3.09885,-10.3249,-36.0832,0.4468002,
2,41.634,2,3.479214,94.57815,-1.053579,0.3028211,3.09885,-10.3249,-36.0832,0.4468002,
2,41.644,2,3.481738,94.58015,-1.052448,0.3022766,3.09885,-10.3249,-36.0832,0.4468002,
2,41.654,2,3.479002,94.57628,-1.056551,0.3036936,3.09885,-10.3249,-36.0832,0.4468002,
2,41.664,2,3.481551,94.57858,-1.054473,0.3028745,3.09885,-10.3249,-36.0832,0.4468002,
2,41.674,2,3.479327,94.5806,-1.054412,0.3030504,3.09885,-10.3249,-36.0832,0.4468002,
2,41.684,2,3.478013,94.57401,-1.055884,0.3035882,3.09885,-10.3249,-36.0832,0.4468002,
2,41.694,2,3.481087,94.57749,-1.054658,0.302968,3.09885,-10.3249,-36.0832,0.4468002,
2,41.704,2,3.478975,94.57758,-1.053601,0.3028482,3.09885,-10.3249,-36.0832,0.4468002,
2,41.714,2,3.479829,94.57578,-1.053622,0.3027799,3.09885,-10.3249,-36.0832,0.4468002,
2,41.724,2,3.480729,94.57685,-1.050935,0.3019295,3.09885,-10.3249,-36.0832,0.4468002,
2,41.734,2,3.481919,94.57751,-1.052204,0.3021908,3.09885,-10.3249,-36.0832,0.4468002,
2,41.744,2,3.481187,94.56857,-1.053168,0.3025314,3.09885,-10.3249,-36.0832,0.4468002,
2,41.754,2,3.480716,94.57731,-1.049233,0.3014418,3.09885,-10.3249,-36.0832,0.4468002,
2,41.764,2,3.479791,94.57694,-1.046768,0.3008136,3.09013,-10.3249,-36.0842,0.4478035,
2,41.774,2,3.480033,94.57531,-1.047968,0.3011374,3.09013,-10.3249,-36.0842,0.4478035,
2,41.784,2,3.479256,94.576,-1.044618,0.3002417,3.09013,-10.3249,-36.0842,0.4478035,
2,41.794,2,3.479714,94.5732,-1.044444,0.3001523,3.09013,-10.3249,-36.0842,0.4478035,
2,41.804,2,3.478879,94.56808,-1.045644,0.3005694,3.09013,-10.3249,-36.0842,0.4478035,
2,41.814,2,3.47827,94.57238,-1.045563,0.3005984,3.09013,-10.3249,-36.0842,0.4478035,
2,41.824,2,3.47954,94.57433,-1.046297,0.3006997,3.09013,-10.3249,-36.0842,0.4478035,
2,41.834,2,3.47997,94.57663,-1.048242,0.3012215,3.09013,-10.3249,-36.0842,0.4478035,
2,41.844,2,3.480035,94.5761,-1.044943,0.3002679,3.09013,-10.3249,-36.0842,0.4478035,
2,41.854,2,3.478776,94.56918,-1.047703,0.30117,3.09013,-10.3249,-36.0842,0.4478035,
2,41.864,2,3.481606,94.56691,-1.049316,0.3013884,3.09013,-10.3249,-36.0842,0.4478035,
2,41.874,2,3.479931,94.57174,-1.046751,0.3007966,3.09013,-10.3249,-36.0842,0.4478035,
2,41.884,2,3.481941,94.57764,-1.046715,0.3006124,3.09013,-10.3249,-36.0842,0.4478035,
2,41.894,2,3.485484,94.57356,-1.047084,0.3004129,3.09013,-10.3249,-36.0842,0.4478035,
2,41.904,2,3.491553,94.57546,-1.046085,0.2996046,3.09013,-10.3249,-36.0842,0.4478035,
2,41.914,2,3.498323,94.56879,-1.04732,0.2993776,3.09013,-10.3249,-36.0842,0.4478035,
2,41.924,2,3.499828,94.56926,-1.047381,0.2992664,3.09013,-10.3249,-36.0842,0.4478035,
2,41.934,2,3.501909,94.56757,-1.045113,0.2984409,3.09013,-10.3249,-36.0842,0.4478035,
2,41.944,2,3.501102,94.57803,-1.047918,0.2993108,3.09013,-10.3249,-36.0842,0.4478035,
2,41.954,2,3.502433,94.56795,-1.045416,0.2984829,3.09013,-10.3249,-36.0842,0.4478035,
2,41.964,2,3.502214,94.5644,-1.047046,0.298967,3.09013,-10.3249,-36.0842,0.4478035,
2,41.974,2,3.503066,94.56326,-1.050028,0.2997454,3.09013,-10.3249,-36.0842,0.4478035,
2,41.984,2,3.50085,94.56445,-1.050007,0.2999291,3.09013,-10.3249,-36.0842,0.4478035,
2,41.994,2,3.500219,94.56564,-1.048501,0.299553,3.09013,-10.3249,-36.0842,0.4478035,
2,42.004,2,3.499863,94.57509,-1.049827,0.2999622,3.09013,-10.3249,-36.0842,0.4478035,
2,42.014,2,3.501966,94.56488,-1.04972,0.2997516,3.09013,-10.3249,-36.0842,0.4478035,
2,42.024,2,3.502337,94.56306,-1.049779,0.2997366,3.08032,-10.3249,-36.0852,0.4488029,
2,42.034,2,3.500244,94.57816,-1.050923,0.3002428,3.08032,-10.3249,-36.0852,0.4488029,
2,42.044,2,3.501595,94.56583,-1.048963,0.2995673,3.08032,-10.3249,-36.0852,0.4488029,
2,42.054,2,3.500575,94.56051,-1.04746,0.2992253,3.08032,-10.3249,-36.0852,0.4488029,
2,42.064,2,3.502256,94.57217,-1.046473,0.2987996,3.08032,-10.3249,-36.0852,0.4488029,
2,42.074,2,3.502752,94.56648,-1.045334,0.298432,3.08032,-10.3249,-36.0852,0.4488029,
2,42.084,2,3.499747,94.56704,-1.043618,0.2981982,3.08032,-10.3249,-36.0852,0.4488029,
2,42.094,2,3.501317,94.58359,-1.046085,0.2987689,3.08032,-10.3249,-36.0852,0.4488029,
2,42.104,2,3.502435,94.56281,-1.046236,0.2987167,3.08032,-10.3249,-36.0852,0.4488029,
2,42.114,2,3.501103,94.5638,-1.046124,0.2987984,3.08032,-10.3249,-36.0852,0.4488029,
2,42.124,2,3.502161,94.56084,-1.04839,0.2993551,3.08032,-10.3249,-36.0852,0.4488029,
2,42.134,2,3.503202,94.56445,-1.050298,0.2998108,3.08032,-10.3249,-36.0852,0.4488029,
2,42.144,2,3.504385,94.56152,-1.05003,0.2996331,3.08032,-10.3249,-36.0852,0.4488029,
2,42.154,2,3.510868,94.56961,-1.053087,0.2999506,3.08032,-10.3249,-36.0852,0.4488029,
2,42.164,2,3.515262,94.56133,-1.05179,0.2992069,3.08032,-10.3249,-36.0852,0.4488029,
2,42.174,2,3.518875,94.55706,-1.050209,0.2984504,3.08032,-10.3249,-36.0852,0.4488029,
2,42.184,2,3.523772,94.5713,-1.052014,0.2985477,3.08032,-10.3249,-36.0852,0.4488029,
2,42.194,2,3.523889,94.56013,-1.050302,0.2980521,3.08032,-10.3249,-36.0852,0.4488029,
2,42.204,2,3.524164,94.55947,-1.04964,0.2978407,3.08032,-10.3249,-36.0852,0.4488029,
2,42.214,2,3.52348,94.56707,-1.050883,0.2982513,3.08032,-10.3249,-36.0852,0.4488029,
2,42.224,2,3.521904,94.55869,-1.045942,0.296982,3.08032,-10.3249,-36.0852,0.4488029,
2,42.234,2,3.523889,94.55829,-1.048782,0.2976205,3.08032,-10.3249,-36.0852,0.4488029,
2,42.244,2,3.522579,94.55859,-1.048629,0.2976879,3.08032,-10.3249,-36.0852,0.4488029,
2,42.254,2,3.523482,94.55917,-1.047859,0.2973931,3.08032,-10.3249,-36.0852,0.4488029,
2,42.264,2,3.523513,94.55968,-1.049819,0.2979467,3.08032,-10.3249,-36.0852,0.4488029,
2,42.274,2,3.52519,94.56204,-1.049271,0.2976494,3.08032,-10.3249,-36.0852,0.4488029,
2,42.284,2,3.524718,94.55802,-1.046975,0.2970381,3.08032,-10.3249,-36.0852,0.4488029,
2,42.294,2,3.52396,94.5598,-1.049983,0.2979553,3.07162,-10.3249,-36.0862,0.4498024,
2,42.304,2,3.523222,94.55919,-1.051155,0.2983505,3.07162,-10.3249,-36.0862,0.4498024,
2,42.314,2,3.524544,94.55717,-1.048531,0.2974942,3.07162,-10.3249,-36.0862,0.4498024,
2,42.324,2,3.523771,94.55839,-1.050876,0.2982249,3.07162,-10.3249,-36.0862,0.4498024,
2,42.334,2,3.523609,94.5573,-1.051257,0.2983466,3.07162,-10.3249,-36.0862,0.4498024,
2,42.344,2,3.523888,94.55874,-1.047052,0.2971296,3.07162,-10.3249,-36.0862,0.4498024,
2,42.354,2,3.523136,94.55125,-1.047689,0.2973741,3.07162,-10.3249,-36.0862,0.4498024,
2,42.364,2,3.525392,94.55455,-1.045332,0.296515,3.07162,-10.3249,-36.0862,0.4498024,
2,42.374,2,3.523445,94.5577,-1.045494,0.2967249,3.07162,-10.3249,-36.0862,0.4498024,
2,42.384,2,3.523916,94.55775,-1.045303,0.296631,3.07162,-10.3249,-36.0862,0.4498024,
2,42.394,2,3.524775,94.55555,-1.045469,0.2966058,3.07162,-10.3249,-36.0862,0.4498024,
2,42.404,2,3.531831,94.55509,-1.043595,0.2954827,3.07162,-10.3249,-36.0862,0.4498024,
2,42.414,2,3.535466,94.5477,-1.04341,0.2951265,3.07162,-10.3249,-36.0862,0.4498024,
2,42.424,2,3.538401,94.55354,-1.046186,0.2956664,3.07162,-10.3249,-36.0862,0.4498024,
2,42.434,2,3.543372,94.5492,-1.045437,0.2950402,3.07162,-10.3249,-36.0862,0.4498024,
2,42.444,2,3.543976,94.5547,-1.048604,0.2958834,3.07162,-10.3249,-36.0862,0.4498024,
2,42.454,2,3.547081,94.55832,-1.049353,0.2958356,3.07162,-10.3249,-36.0862,0.4498024,
2,42.464,2,3.546946,94.55689,-1.048055,0.295481,3.07162,-10.3249,-36.0862,0.4498024,
2,42.474,2,3.54524,94.53932,-1.048043,0.2956198,3.07162,-10.3249,-36.0862,0.4498024,
2,42.484,2,3.547697,94.55462,-1.047301,0.2952057,3.07162,-10.3249,-36.0862,0.4498024,
2,42.494,2,3.546352,94.54929,-1.045289,0.2947506,3.07162,-10.3249,-36.0862,0.4498024,
2,42.504,2,3.543911,94.54714,-1.044347,0.2946877,3.07162,-10.3249,-36.0862,0.4498024,
2,42.514,2,3.544877,94.55273,-1.042745,0.2941556,3.07162,-10.3249,-36.0862,0.4498024,
2,42.524,2,3.545811,94.55789,-1.041351,0.2936848,3.07162,-10.3249,-36.0862,0.4498024,
2,42.534,2,3.547212,94.54253,-1.043096,0.2940608,3.0629,-10.3249,-36.0872,0.4508018,
2,42.544,2,3.547483,94.56002,-1.041838,0.2936836,3.0629,-10.3249,-36.0872,0.4508018,
2,42.554,2,3.545573,94.55816,-1.041753,0.293818,3.0629,-10.3249,-36.0872,0.4508018,
2,42.564,2,3.544388,94.54987,-1.0451,0.2948606,3.0629,-10.3249,-36.0872,0.4508018,
2,42.574,2,3.547293,94.55373,-1.042993,0.2940251,3.0629,-10.3249,-36.0872,0.4508018,
2,42.584,2,3.547283,94.55432,-1.042403,0.2938597,3.0629,-10.3249,-36.0872,0.4508018,
2,42.594,2,3.546197,94.54179,-1.044047,0.2944131,3.0629,-10.3249,-36.0872,0.4508018,
2,42.604,2,3.546133,94.55459,-1.041879,0.2938071,3.0629,-10.3249,-36.0872,0.4508018,
2,42.614,2,3.546338,94.55646,-1.041991,0.2938216,3.0629,-10.3249,-36.0872,0.4508018,
2,42.624,2,3.547105,94.54779,-1.043831,0.2942769,3.0629,-10.3249,-36.0872,0.4508018,
2,42.634,2,3.547495,94.54472,-1.04158,0.2936099,3.0629,-10.3249,-36.0872,0.4508018,
2,42.644,2,3.551769,94.55915,-1.039592,0.2926971,3.0629,-10.3249,-36.0872,0.4508018,
2,42.654,2,3.558997,94.55276,-1.040842,0.2924538,3.0629,-10.3249,-36.0872,0.4508018,
2,42.664,2,3.562417,94.55455,-1.039913,0.2919122,3.0629,-10.3249,-36.0872,0.4508018,
2,42.674,2,3.566999,94.553,-1.03929,0.2913627,3.0629,-10.3249,-36.0872,0.4508018,
2,42.684,2,3.567806,94.54457,-1.041172,0.291824,3.0629,-10.3249,-36.0872,0.4508018,
2,42.694,2,3.570542,94.54969,-1.039666,0.2911788,3.0629,-10.3249,-36.0872,0.4508018,
2,42.704,2,3.569201,94.54843,-1.041093,0.2916878,3.0629,-10.3249,-36.0872,0.4508018,
2,42.714,2,3.572069,94.54573,-1.043401,0.2921,3.0629,-10.3249,-36.0872,0.4508018,
2,42.724,2,3.569246,94.55034,-1.042164,0.2919844,3.0629,-10.3249,-36.0872,0.4508018,
2,42.734,2,3.567183,94.5489,-1.042636,0.2922855,3.0629,-10.3249,-36.0872,0.4508018,
2,42.744,2,3.567929,94.54828,-1.0422,0.2921022,3.0629,-10.3249,-36.0872,0.4508018,
2,42.754,2,3.569113,94.55429,-1.041932,0.2919303,3.05475,-10.3249,-36.0882,0.4518013,
2,42.764,2,3.56692,94.5495,-1.041677,0.2920381,3.05475,-10.3249,-36.0882,0.4518013,
2,42.774,2,3.568103,94.54874,-1.041456,0.2918793,3.05475,-10.3249,-36.0882,0.4518013,
2,42.784,2,3.567372,94.55064,-1.039251,0.2913211,3.05475,-10.3249,-36.0882,0.4518013,
2,42.794,2,3.5661,94.54762,-1.039126,0.2913899,3.05475,-10.3249,-36.0882,0.4518013,
2,42.804,2,3.568172,94.54431,-1.038189,0.2909582,3.05475,-10.3249,-36.0882,0.4518013,
2,42.814,2,3.568851,94.54752,-1.035066,0.2900279,3.05475,-10.3249,-36.0882,0.4518013,
2,42.824,2,3.56796,94.55648,-1.033954,0.2897884,3.05475,-10.3249,-36.0882,0.4518013,
2,42.834,2,3.569116,94.55003,-1.037033,0.2905575,3.05475,-10.3249,-36.0882,0.4518013,
2,42.844,2,3.568892,94.54808,-1.036296,0.2903692,3.05475,-10.3249,-36.0882,0.4518013,
2,42.854,2,3.56968,94.54803,-1.038659,0.2909671,3.05475,-10.3249,-36.0882,0.4518013,
2,42.864,2,3.566076,94.54639,-1.038648,0.2912578,3.05475,-10.3249,-36.0882,0.4518013,
2,42.874,2,3.567483,94.55253,-1.037008,0.2906834,3.05475,-10.3249,-36.0882,0.4518013,
2,42.884,2,3.573353,94.5536,-1.038444,0.2906079,3.05475,-10.3249,-36.0882,0.4518013,
2,42.894,2,3.578127,94.54352,-1.038988,0.290372,3.05475,-10.3249,-36.0882,0.4518013,
2,42.904,2,3.581874,94.53854,-1.036831,0.289466,3.05475,-10.3249,-36.0882,0.4518013,
2,42.914,2,3.586646,94.54693,-1.04093,0.2902237,3.05475,-10.3249,-36.0882,0.4518013,
2,42.924,2,3.588299,94.54339,-1.041078,0.2901313,3.05475,-10.3249,-36.0882,0.4518013,
2,42.934,2,3.590258,94.54295,-1.038568,0.2892738,3.05475,-10.3249,-36.0882,0.4518013,
2,42.944,2,3.588054,94.55013,-1.038649,0.2894743,3.05475,-10.3249,-36.0882,0.4518013,
2,42.954,2,3.585179,94.54126,-1.038075,0.2895462,3.05475,-10.3249,-36.0882,0.4518013,
2,42.964,2,3.588482,94.53931,-1.03674,0.2889077,3.05475,-10.3249,-36.0882,0.4518013,
2,42.974,2,3.588821,94.546,-1.036877,0.2889185,3.05475,-10.3249,-36.0882,0.4518013,
2,42.984,2,3.588128,94.5407,-1.036018,0.2887349,3.05475,-10.3249,-36.0882,0.4518013,
2,42.994,2,3.587321,94.54465,-1.035877,0.2887607,3.05475,-10.3249,-36.0882,0.4518013,
2,43.004,2,3.587433,94.54787,-1.037593,0.2892299,3.05475,-10.3249,-36.0882,0.4518013,
2,43.014,2,3.590126,94.54179,-1.036311,0.2886558,3.05475,-10.3249,-36.0882,0.4518013,
2,43.024,2,3.589158,94.54262,-1.036011,0.2886502,3.04658,-10.3249,-36.0892,0.4528008,
2,43.034,2,3.587881,94.53758,-1.037416,0.2891445,3.04658,-10.3249,-36.0892,0.4528008,
2,43.044,2,3.587185,94.53556,-1.038391,0.2894724,3.04658,-10.3249,-36.0892,0.4528008,
2,43.054,2,3.587285,94.5412,-1.037766,0.2892901,3.04658,-10.3249,-36.0892,0.4528008,
2,43.064,2,3.588168,94.5554,-1.039096,0.2895897,3.04658,-10.3249,-36.0892,0.4528008,
2,43.074,2,3.586916,94.54008,-1.038837,0.2896185,3.04658,-10.3249,-36.0892,0.4528008,
2,43.084,2,3.587858,94.53544,-1.036722,0.2889529,3.04658,-10.3249,-36.0892,0.4528008,
2,43.094,2,3.586898,94.5383,-1.037836,0.2893409,3.04658,-10.3249,-36.0892,0.4528008,
2,43.104,2,3.587726,94.53745,-1.035108,0.2885135,3.04658,-10.3249,-36.0892,0.4528008,
2,43.114,2,3.588536,94.5374,-1.034339,0.2882344,3.04658,-10.3249,-36.0892,0.4528008,
2,43.124,2,3.591016,94.54943,-1.034452,0.2880665,3.04658,-10.3249,-36.0892,0.4528008,
2,43.134,2,3.597208,94.54076,-1.034882,0.2876902,3.04658,-10.3249,-36.0892,0.4528008,
2,43.144,2,3.601687,94.53628,-1.037858,0.2881587,3.04658,-10.3249,-36.0892,0.4528008,
2,43.154,2,3.60517,94.52801,-1.039956,0.2884623,3.04658,-10.3249,-36.0892,0.4528008,
2,43.164,2,3.608326,94.53146,-1.040922,0.2884779,3.04658,-10.3249,-36.0892,0.4528008,
2,43.174,2,3.608628,94.53299,-1.042789,0.288971,3.04658,-10.3249,-36.0892,0.4528008,
2,43.184,2,3.607719,94.53862,-1.042873,0.289067,3.04658,-10.3249,-36.0892,0.4528008,
2,43.194,2,3.60983,94.53101,-1.042014,0.2886602,3.04658,-10.3249,-36.0892,0.4528008,
2,43.204,2,3.609971,94.53168,-1.044852,0.2894349,3.04658,-10.3249,-36.0892,0.4528008,
2,43.214,2,3.608907,94.53288,-1.045388,0.2896689,3.04658,-10.3249,-36.0892,0.4528008,
2,43.224,2,3.60824,94.52694,-1.043456,0.289187,3.04658,-10.3249,-36.0892,0.4528008,
2,43.234,2,3.605075,94.52831,-1.042973,0.2893068,3.04658,-10.3249,-36.0892,0.4528008,
2,43.244,2,3.607933,94.52686,-1.043054,0.2891001,3.04658,-10.3249,-36.0892,0.4528008,
2,43.254,2,3.60982,94.52433,-1.04135,0.288477,3.04658,-10.3249,-36.0892,0.4528008,
2,43.264,2,3.608953,94.52673,-1.041434,0.2885695,3.04658,-10.3249,-36.0892,0.4528008,
2,43.274,2,3.607064,94.53392,-1.044119,0.2894649,3.04658,-10.3249,-36.0892,0.4528008,
2,43.284,2,3.607721,94.5238,-1.042435,0.2889455,3.0384,-10.3249,-36.0901,0.453701,
2,43.294,2,3.608545,94.52274,-1.04442,0.2894298,3.0384,-10.3249,-36.0901,0.453701,
2,43.304,2,3.606465,94.52331,-1.04466,0.2896632,3.0384,-10.3249,-36.0901,0.453701,
2,43.314,2,3.608944,94.52448,-1.045616,0.2897289,3.0384,-10.3249,-36.0901,0.453701,
2,43.324,2,3.606418,94.52132,-1.047151,0.2903576,3.0384,-10.3249,-36.0901,0.453701,
2,43.334,2,3.605735,94.52383,-1.047323,0.2904605,3.0384,-10.3249,-36.0901,0.453701,
2,43.344,2,3.60634,94.5254,-1.047132,0.2903585,3.0384,-10.3249,-36.0901,0.453701,
2,43.354,2,3.608206,94.51773,-1.047625,0.290345,3.0384,-10.3249,-36.0901,0.453701,
2,43.364,2,3.608704,94.52639,-1.049367,0.2907878,3.0384,-10.3249,-36.0901,0.453701,
2,43.374,2,3.608593,94.52022,-1.0465,0.2900023,3.0384,-10.3249,-36.0901,0.453701,
2,43.384,2,3.609279,94.51768,-1.045786,0.2897492,3.0384,-10.3249,-36.0901,0.453701,
2,43.394,2,3.606434,94.52282,-1.046594,0.290202,3.0384,-10.3249,-36.0901,0.453701,
2,43.404,2,3.609414,94.52448,-1.042921,0.2889448,3.0384,-10.3249,-36.0901,0.453701,
2,43.414,2,3.616401,94.5101,-1.045452,0.2890864,3.0384,-10.3249,-36.0901,0.453701,
2,43.424,2,3.620539,94.52714,-1.047168,0.2892299,3.0384,-10.3249,-36.0901,0.453701,
2,43.434,2,3.624072,94.51689,-1.050818,0.2899551,3.0384,-10.3249,-36.0901,0.453701,
2,43.444,2,3.627999,94.52101,-1.050694,0.2896071,3.0384,-10.3249,-36.0901,0.453701,
2,43.454,2,3.629215,94.51628,-1.052758,0.2900789,3.0384,-10.3249,-36.0901,0.453701,
2,43.464,2,3.628108,94.51896,-1.054157,0.2905529,3.0384,-10.3249,-36.0901,0.453701,
2,43.474,2,3.629364,94.50135,-1.056381,0.2910652,3.0384,-10.3249,-36.0901,0.453701,
2,43.484,2,3.62697,94.51158,-1.055835,0.2911067,3.0384,-10.3249,-36.0901,0.453701,
2,43.494,2,3.627712,94.51431,-1.056564,0.2912481,3.0384,-10.3249,-36.0901,0.453701,
2,43.504,2,3.628215,94.51516,-1.058104,0.2916321,3.0384,-10.3249,-36.0901,0.453701,
2,43.514,2,3.627611,94.51442,-1.057586,0.2915379,3.0384,-10.3249,-36.0901,0.453701,
2,43.524,2,3.627768,94.51526,-1.058494,0.2917756,3.0384,-10.3249,-36.0901,0.453701,
2,43.534,2,3.629267,94.50445,-1.058505,0.291658,3.0384,-10.3249,-36.0901,0.453701,
2,43.544,2,3.628294,94.51446,-1.057666,0.2915051,3.0286,-10.3249,-36.0911,0.4547005,
2,43.554,2,3.628624,94.51085,-1.0569,0.2912675,3.0286,-10.3249,-36.0911,0.4547005,
2,43.564,2,3.626442,94.50753,-1.058047,0.2917591,3.0286,-10.3249,-36.0911,0.4547005,
2,43.574,2,3.628426,94.5146,-1.058731,0.2917879,3.0286,-10.3249,-36.0911,0.4547005,
2,43.584,2,3.630815,94.51378,-1.060459,0.2920718,3.0286,-10.3249,-36.0911,0.4547005,
2,43.594,2,3.627421,94.50358,-1.061614,0.2926637,3.0286,-10.3249,-36.0911,0.4547005,
2,43.604,2,3.627081,94.51467,-1.062288,0.2928767,3.0286,-10.3249,-36.0911,0.4547005,
2,43.614,2,3.629134,94.51219,-1.06329,0.2929874,3.0286,-10.3249,-36.0911,0.4547005,
2,43.624,2,3.62674,94.51514,-1.06628,0.2940052,3.0286,-10.3249,-36.0911,0.4547005,
2,43.634,2,3.627911,94.50906,-1.066275,0.2939087,3.0286,-10.3249,-36.0911,0.4547005,
2,43.644,2,3.626686,94.50603,-1.066854,0.2941679,3.0286,-10.3249,-36.0911,0.4547005,
2,43.654,2,3.629555,94.50204,-1.069371,0.2946288,3.0286,-10.3249,-36.0911,0.4547005,
2,43.664,2,3.633277,94.50684,-1.065991,0.2933966,3.0286,-10.3249,-36.0911,0.4547005,
2,43.674,2,3.636327,94.51276,-1.064963,0.2928679,3.0286,-10.3249,-36.0911,0.4547005,
2,43.684,2,3.642217,94.50783,-1.0679,0.2932005,3.0286,-10.3249,-36.0911,0.4547005,
2,43.694,2,3.645982,94.50081,-1.068587,0.2930862,3.0286,-10.3249,-36.0911,0.4547005,
2,43.704,2,3.649617,94.50439,-1.066939,0.2923429,3.0286,-10.3249,-36.0911,0.4547005,
2,43.714,2,3.649962,94.49773,-1.070717,0.2933502,3.0286,-10.3249,-36.0911,0.4547005,
2,43.724,2,3.647154,94.5026,-1.069613,0.2932733,3.0286,-10.3249,-36.0911,0.4547005,
2,43.734,2,3.650136,94.50571,-1.071003,0.2934144,3.0286,-10.3249,-36.0911,0.4547005,
2,43.744,2,3.648846,94.50378,-1.072669,0.2939749,3.0286,-10.3249,-36.0911,0.4547005,
2,43.754,2,3.649721,94.50309,-1.072527,0.2938656,3.0286,-10.3249,-36.0911,0.4547005,
2,43.764,2,3.647429,94.50318,-1.074926,0.2947078,3.0286,-10.3249,-36.0911,0.4547005,
2,43.774,2,3.64834,94.50498,-1.076496,0.2950645,3.0286,-10.3249,-36.0911,0.4547005,
2,43.784,2,3.64866,94.49979,-1.074229,0.2944172,3.0286,-10.3249,-36.0911,0.4547005,
2,43.794,2,3.649497,94.50333,-1.077669,0.2952924,3.0286,-10.3249,-36.0911,0.4547005,
2,43.804,2,3.646792,94.50027,-1.077595,0.2954911,3.0286,-10.3249,-36.0911,0.4547005,
2,43.814,2,3.649238,94.50098,-1.076945,0.2951151,3.0286,-10.3249,-36.0911,0.4547005,
2,43.824,2,3.649256,94.50671,-1.075129,0.294616,3.0199,-10.3249,-36.0921,0.4556999,
2,43.834,2,3.648883,94.50053,-1.076006,0.2948865,3.0199,-10.3249,-36.0921,0.4556999,
2,43.844,2,3.648154,94.49857,-1.074173,0.294443,3.0199,-10.3249,-36.0921,0.4556999,
2,43.854,2,3.648669,94.50327,-1.075907,0.2948765,3.0199,-10.3249,-36.0921,0.4556999,
2,43.864,2,3.650448,94.49667,-1.075581,0.2946436,3.0199,-10.3249,-36.0921,0.4556999,
2,43.874,2,3.647675,94.502,-1.07659,0.2951442,3.0199,-10.3249,-36.0921,0.4556999,
2,43.884,2,3.649084,94.50414,-1.076928,0.2951228,3.0199,-10.3249,-36.0921,0.4556999,
2,43.894,2,3.64893,94.49868,-1.07797,0.2954209,3.0199,-10.3249,-36.0921,0.4556999,
2,43.904,2,3.650313,94.49971,-1.075738,0.2946974,3.0199,-10.3249,-36.0921,0.4556999,
2,43.914,2,3.65104,94.49046,-1.07987,0.2957705,3.0199,-10.3249,-36.0921,0.4556999,
2,43.924,2,3.655115,94.4976,-1.081064,0.2957675,3.0199,-10.3249,-36.0921,0.4556999,
2,43.934,2,3.659228,94.49973,-1.080665,0.295326,3.0199,-10.3249,-36.0921,0.4556999,
2,43.944,2,3.665651,94.50395,-1.083061,0.2954623,3.0199,-10.3249,-36.0921,0.4556999,
2,43.954,2,3.671856,94.49107,-1.084304,0.2953014,3.0199,-10.3249,-36.0921,0.4556999,
2,43.964,2,3.672957,94.49319,-1.083246,0.2949248,3.0199,-10.3249,-36.0921,0.4556999,
2,43.974,2,3.67066,94.48827,-1.085177,0.2956353,3.0199,-10.3249,-36.0921,0.4556999,
2,43.984,2,3.672792,94.49174,-1.084792,0.2953589,3.0199,-10.3249,-36.0921,0.4556999,
2,43.994,2,3.67398,94.49004,-1.081737,0.2944318,3.0199,-10.3249,-36.0921,0.4556999,
2,44.004,2,3.669605,94.50156,-1.084541,0.2955469,3.0199,-10.3249,-36.0921,0.4556999,
2,44.014,2,3.672953,94.49146,-1.084397,0.2952383,3.0199,-10.3249,-36.0921,0.4556999,
2,44.024,2,3.671558,94.49155,-1.085046,0.2955274,3.0199,-10.3249,-36.0921,0.4556999,
2,44.034,2,3.668779,94.48596,-1.088434,0.2966747,3.0199,-10.3249,-36.0921,0.4556999,
2,44.044,2,3.671718,94.48816,-1.087566,0.2962008,3.0199,-10.3249,-36.0921,0.4556999,
2,44.054,2,3.67072,94.4883,-1.088473,0.2965285,3.0199,-10.3249,-36.0921,0.4556999,
2,44.064,2,3.672287,94.49963,-1.090532,0.2969626,3.0199,-10.3249,-36.0921,0.4556999,
2,44.074,2,3.672232,94.48868,-1.089864,0.2967853,3.0199,-10.3249,-36.0921,0.4556999,
2,44.084,2,3.671093,94.48592,-1.091905,0.2974331,3.0112,-10.3249,-36.0932,0.4568024,
2,44.094,2,3.671117,94.4802,-1.094389,0.2981079,3.0112,-10.3249,-36.0932,0.4568024,
2,44.104,2,3.669699,94.4886,-1.092427,0.2976885,3.0112,-10.3249,-36.0932,0.4568024,
2,44.114,2,3.670375,94.48544,-1.09325,0.2978578,3.0112,-10.3249,-36.0932,0.4568024,
2,44.124,2,3.671425,94.49444,-1.092856,0.2976653,3.0112,-10.3249,-36.0932,0.4568024,
2,44.134,2,3.67099,94.48395,-1.090732,0.297122,3.0112,-10.3249,-36.0932,0.4568024,
2,44.144,2,3.670871,94.48387,-1.092068,0.2974955,3.0112,-10.3249,-36.0932,0.4568024,
2,44.154,2,3.670243,94.48006,-1.092556,0.2976795,3.0112,-10.3249,-36.0932,0.4568024,
2,44.164,2,3.67014,94.48545,-1.093647,0.2979851,3.0112,-10.3249,-36.0932,0.4568024,
2,44.174,2,3.66982,94.48814,-1.091797,0.2975068,3.0112,-10.3249,-36.0932,0.4568024,
2,44.184,2,3.669642,94.49574,-1.093181,0.2978984,3.0112,-10.3249,-36.0932,0.4568024,
2,44.194,2,3.6745,94.4858,-1.092022,0.2971894,3.0112,-10.3249,-36.0932,0.4568024,
2,44.204,2,3.680444,94.48049,-1.095804,0.2977369,3.0112,-10.3249,-36.0932,0.4568024,
2,44.214,2,3.686855,94.48311,-1.099136,0.2981228,3.0112,-10.3249,-36.0932,0.4568024,
2,44.224,2,3.689767,94.48239,-1.096421,0.297152,3.0112,-10.3249,-36.0932,0.4568024,
2,44.234,2,3.693042,94.48163,-1.099334,0.2976772,3.0112,-10.3249,-36.0932,0.4568024,
2,44.244,2,3.692037,94.4841,-1.099478,0.2977972,3.0112,-10.3249,-36.0932,0.4568024,
2,44.254,2,3.695145,94.47859,-1.098758,0.2973519,3.0112,-10.3249,-36.0932,0.4568024,
2,44.264,2,3.69398,94.47763,-1.097779,0.2971806,3.0112,-10.3249,-36.0932,0.4568024,
2,44.274,2,3.693674,94.48384,-1.098075,0.2972852,3.0112,-10.3249,-36.0932,0.4568024,
2,44.284,2,3.694788,94.48205,-1.09485,0.2963227,3.0112,-10.3249,-36.0932,0.4568024,
2,44.294,2,3.692956,94.47784,-1.097769,0.2972603,3.0112,-10.3249,-36.0932,0.4568024,
2,44.304,2,3.692305,94.48473,-1.096255,0.2969026,3.0112,-10.3249,-36.0932,0.4568024,
2,44.314,2,3.693638,94.48059,-1.09696,0.2969863,3.0112,-10.3249,-36.0932,0.4568024,
2,44.324,2,3.69487,94.47958,-1.098875,0.2974056,3.0112,-10.3249,-36.0932,0.4568024,
2,44.334,2,3.692703,94.48232,-1.10107,0.2981746,3.0112,-10.3249,-36.0932,0.4568024,
2,44.344,2,3.691148,94.48055,-1.100956,0.2982694,3.0112,-10.3249,-36.0932,0.4568024,
2,44.354,2,3.69382,94.47461,-1.102729,0.2985336,3.00192,-10.3249,-36.0942,0.4578018,
2,44.364,2,3.691342,94.47791,-1.103514,0.2989467,3.00192,-10.3249,-36.0942,0.4578018,
2,44.374,2,3.692542,94.47952,-1.104188,0.299032,3.00192,-10.3249,-36.0942,0.4578018,
2,44.384,2,3.691938,94.48739,-1.101793,0.2984322,3.00192,-10.3249,-36.0942,0.4578018,
2,44.394,2,3.69293,94.47896,-1.102531,0.2985519,3.00192,-10.3249,-36.0942,0.4578018,
2,44.404,2,3.690023,94.48281,-1.100734,0.2983,3.00192,-10.3249,-36.0942,0.4578018,
2,44.414,2,3.692578,94.47517,-1.102085,0.2984595,3.00192,-10.3249,-36.0942,0.4578018,
2,44.424,2,3.692279,94.4828,-1.099535,0.2977931,3.00192,-10.3249,-36.0942,0.4578018,
2,44.434,2,3.692664,94.48216,-1.097034,0.2970848,3.00192,-10.3249,-36.0942,0.4578018,
2,44.444,2,3.692236,94.49095,-1.099681,0.2978361,3.00192,-10.3249,-36.0942,0.4578018,
2,44.454,2,3.692877,94.48011,-1.102383,0.2985162,3.00192,-10.3249,-36.0942,0.4578018,
2,44.464,2,3.690913,94.48112,-1.100344,0.2981224,3.00192,-10.3249,-36.0942,0.4578018,
2,44.474,2,3.691102,94.47495,-1.102658,0.298734,3.00192,-10.3249,-36.0942,0.4578018,
2,44.484,2,3.697641,94.48348,-1.102133,0.2980639,3.00192,-10.3249,-36.0942,0.4578018,
2,44.494,2,3.703698,94.48515,-1.102457,0.2976638,3.00192,-10.3249,-36.0942,0.4578018,
2,44.504,2,3.70845,94.49151,-1.106195,0.2982905,3.00192,-10.3249,-36.0942,0.4578018,
2,44.514,2,3.714757,94.48036,-1.106102,0.297759,3.00192,-10.3249,-36.0942,0.4578018,
2,44.524,2,3.714692,94.48067,-1.106966,0.2979966,3.00192,-10.3249,-36.0942,0.4578018,
2,44.534,2,3.71501,94.46862,-1.110004,0.2987889,3.00192,-10.3249,-36.0942,0.4578018,
2,44.544,2,3.715739,94.48076,-1.106702,0.2978418,3.00192,-10.3249,-36.0942,0.4578018,
2,44.554,2,3.717493,94.47533,-1.10662,0.2976791,3.00192,-10.3249,-36.0942,0.4578018,
2,44.564,2,3.715691,94.48548,-1.107364,0.2980238,3.00192,-10.3249,-36.0942,0.4578018,
2,44.574,2,3.714501,94.47953,-1.104256,0.2972823,3.00192,-10.3249,-36.0942,0.4578018,
2,44.584,2,3.715042,94.48015,-1.103988,0.2971669,3.00192,-10.3249,-36.0942,0.4578018,
2,44.594,2,3.716057,94.47057,-1.105285,0.297435,3.00192,-10.3249,-36.0942,0.4578018,
2,44.604,2,3.715409,94.47724,-1.105761,0.2976148,3.00192,-10.3249,-36.0942,0.4578018,
2,44.614,2,3.714096,94.48131,-1.107539,0.2981988,3.00192,-10.3249,-36.0942,0.4578018,
2,44.624,2,3.714676,94.48266,-1.108252,0.2983441,3.00192,-10.3249,-36.0942,0.4578018,
2,44.634,2,3.717319,94.47821,-1.106622,0.2976937,3.00192,-10.3249,-36.0942,0.4578018,
2,44.644,2,3.71578,94.47768,-1.108195,0.2982403,3.00192,-10.3249,-36.0942,0.4578018,
2,44.654,2,3.715542,94.46975,-1.107964,0.2981972,2.99215,-10.3249,-36.0952,0.4588013,
2,44.664,2,3.716583,94.47737,-1.108212,0.2981804,2.99215,-10.3249,-36.0952,0.4588013,
2,44.674,2,3.718116,94.48171,-1.108178,0.2980482,2.99215,-10.3249,-36.0952,0.4588013,
2,44.684,2,3.715755,94.48647,-1.108472,0.2983167,2.99215,-10.3249,-36.0952,0.4588013,
2,44.694,2,3.716805,94.4755,-1.108169,0.298151,2.99215,-10.3249,-36.0952,0.4588013,
2,44.704,2,3.716286,94.47392,-1.105621,0.2975069,2.99215,-10.3249,-36.0952,0.4588013,
2,44.714,2,3.716146,94.46557,-1.10639,0.2977253,2.99215,-10.3249,-36.0952,0.4588013,
2,44.724,2,3.715648,94.4782,-1.102521,0.2967237,2.99215,-10.3249,-36.0952,0.4588013,
2,44.734,2,3.715757,94.47941,-1.103151,0.2968844,2.99215,-10.3249,-36.0952,0.4588013,
2,44.744,2,3.714295,94.47893,-1.105905,0.2977429,2.99215,-10.3249,-36.0952,0.4588013,
2,44.754,2,3.716402,94.47694,-1.105207,0.2973863,2.99215,-10.3249,-36.0952,0.4588013,
2,44.764,2,3.716589,94.46921,-1.104345,0.2971393,2.99215,-10.3249,-36.0952,0.4588013,
2,44.774,2,3.721633,94.4703,-1.106529,0.2973234,2.99215,-10.3249,-36.0952,0.4588013,
2,44.784,2,3.728488,94.47936,-1.106391,0.2967398,2.99215,-10.3249,-36.0952,0.4588013,
2,44.794,2,3.735088,94.47234,-1.110092,0.2972065,2.99215,-10.3249,-36.0952,0.4588013,
2,44.804,2,3.735763,94.47397,-1.111654,0.2975709,2.99215,-10.3249,-36.0952,0.4588013,
2,44.814,2,3.739157,94.47478,-1.11051,0.2969947,2.99215,-10.3249,-36.0952,0.4588013,
2,44.824,2,3.738763,94.47395,-1.111425,0.2972707,2.99215,-10.3249,-36.0952,0.4588013,
2,44.834,2,3.73992,94.47385,-1.110774,0.2970047,2.99215,-10.3249,-36.0952,0.4588013,
2,44.844,2,3.739693,94.47124,-1.108793,0.2964931,2.99215,-10.3249,-36.0952,0.4588013,
2,44.854,2,3.740726,94.47663,-1.11203,0.2972764,2.99215,-10.3249,-36.0952,0.4588013,
2,44.864,2,3.737388,94.46927,-1.110977,0.2972602,2.99215,-10.3249,-36.0952,0.4588013,
2,44.874,2,3.735862,94.47567,-1.108411,0.2966948,2.99215,-10.3249,-36.0952,0.4588013,
2,44.884,2,3.738606,94.47841,-1.109157,0.2966766,2.99215,-10.3249,-36.0952,0.4588013,
2,44.894,2,3.736142,94.47278,-1.111601,0.2975265,2.99215,-10.3249,-36.0952,0.4588013,
2,44.904,2,3.736457,94.47506,-1.109272,0.2968781,2.98235,-10.3249,-36.0963,0.4598999,
2,44.914,2,3.736825,94.47269,-1.111315,0.2973956,2.98235,-10.3249,-36.0963,0.4598999,
2,44.924,2,3.737299,94.47462,-1.113053,0.2978227,2.98235,-10.3249,-36.0963,0.4598999,
2,44.934,2,3.737556,94.46902,-1.113239,0.2978522,2.98235,-10.3249,-36.0963,0.4598999,
2,44.944,2,3.739624,94.48125,-1.115206,0.2982135,2.98235,-10.3249,-36.0963,0.4598999,
2,44.954,2,3.7387,94.47501,-1.111398,0.2972687,2.98235,-10.3249,-36.0963,0.4598999,
2,44.964,2,3.737147,94.47246,-1.112626,0.2977208,2.98235,-10.3249,-36.0963,0.4598999,
2,44.974,2,3.738444,94.46324,-1.115948,0.2985059,2.98235,-10.3249,-36.0963,0.4598999,
2,44.984,2,3.740128,94.47864,-1.11274,0.2975139,2.98235,-10.3249,-36.0963,0.4598999,
2,44.994,2,3.737661,94.47565,-1.114049,0.2980606,2.98235,-10.3249,-36.0963,0.4598999,
2,45.004,2,3.740043,94.47893,-1.111931,0.2973044,2.98235,-10.3249,-36.0963,0.4598999,
2,45.014,2,3.738102,94.47986,-1.109566,0.296826,2.98235,-10.3249,-36.0963,0.4598999,
2,45.024,2,3.742741,94.47515,-1.107213,0.2958295,2.98235,-10.3249,-36.0963,0.4598999,
2,45.034,2,3.748394,94.46553,-1.1083,0.2956732,2.98235,-10.3249,-36.0963,0.4598999,
2,45.044,2,3.752601,94.4706,-1.110312,0.2958781,2.98235,-10.3249,-36.0963,0.4598999,
2,45.054,2,3.759619,94.47874,-1.11082,0.2954609,2.98235,-10.3249,-36.0963,0.4598999,
2,45.064,2,3.760188,94.4789,-1.113413,0.2961056,2.98235,-10.3249,-36.0963,0.4598999,
2,45.074,2,3.761755,94.47293,-1.112793,0.2958176,2.98235,-10.3249,-36.0963,0.4598999,
2,45.084,2,3.76329,94.47298,-1.112138,0.2955228,2.98235,-10.3249,-36.0963,0.4598999,
2,45.094,2,3.762438,94.46704,-1.112557,0.2957012,2.98235,-10.3249,-36.0963,0.4598999,
2,45.104,2,3.762132,94.47372,-1.109977,0.2950395,2.98235,-10.3249,-36.0963,0.4598999,
2,45.114,2,3.762089,94.47121,-1.109607,0.2949443,2.98235,-10.3249,-36.0963,0.4598999,
2,45.124,2,3.763569,94.47359,-1.109548,0.2948127,2.98235,-10.3249,-36.0963,0.4598999,
2,45.134,2,3.76114,94.47025,-1.10768,0.2945066,2.98235,-10.3249,-36.0963,0.4598999,
2,45.144,2,3.762603,94.46936,-1.106912,0.2941877,2.98235,-10.3249,-36.0963,0.4598999,
2,45.154,2,3.762725,94.46099,-1.105578,0.2938238,2.98235,-10.3249,-36.0963,0.4598999,
2,45.164,2,3.763813,94.47463,-1.102972,0.2930464,2.98235,-10.3249,-36.0963,0.4598999,
2,45.174,2,3.762493,94.47169,-1.103173,0.2932026,2.98235,-10.3249,-36.0963,0.4598999,
2,45.184,2,3.760213,94.48343,-1.104271,0.2936725,2.97362,-10.3249,-36.0973,0.4609032,
2,45.194,2,3.762811,94.46877,-1.100869,0.2925656,2.97362,-10.3249,-36.0973,0.4609032,
2,45.204,2,3.761471,94.46877,-1.104589,0.2936589,2.97362,-10.3249,-36.0973,0.4609032,
2,45.214,2,3.76119,94.47123,-1.105301,0.2938701,2.97362,-10.3249,-36.0973,0.4609032,
2,45.224,2,3.760279,94.47021,-1.103436,0.2934452,2.97362,-10.3249,-36.0973,0.4609032,
2,45.234,2,3.761001,94.47108,-1.105638,0.2939743,2.97362,-10.3249,-36.0973,0.4609032,
2,45.244,2,3.762102,94.47075,-1.106607,0.2941459,2.97362,-10.3249,-36.0973,0.4609032,
2,45.254,2,3.763465,94.46587,-1.104995,0.2936112,2.97362,-10.3249,-36.0973,0.4609032,
2,45.264,2,3.760891,94.4718,-1.105865,0.2940432,2.97362,-10.3249,-36.0973,0.4609032,
2,45.274,2,3.76259,94.46957,-1.105894,0.2939183,2.97362,-10.3249,-36.0973,0.4609032,
2,45.284,2,3.766407,94.47408,-1.103171,0.2928973,2.97362,-10.3249,-36.0973,0.4609032,
2,45.294,2,3.772946,94.46777,-1.104362,0.2927054,2.97362,-10.3249,-36.0973,0.4609032,
2,45.304,2,3.777297,94.46451,-1.106132,0.2928369,2.97362,-10.3249,-36.0973,0.4609032,
2,45.314,2,3.782421,94.46288,-1.102324,0.2914333,2.97362,-10.3249,-36.0973,0.4609032,
2,45.324,2,3.784382,94.46976,-1.10378,0.2916672,2.97362,-10.3249,-36.0973,0.4609032,
2,45.334,2,3.783583,94.46582,-1.103539,0.2916649,2.97362,-10.3249,-36.0973,0.4609032,
2,45.344,2,3.783534,94.46979,-1.103043,0.2915378,2.97362,-10.3249,-36.0973,0.4609032,
2,45.354,2,3.783405,94.47023,-1.104096,0.2918261,2.97362,-10.3249,-36.0973,0.4609032,
2,45.364,2,3.78404,94.47044,-1.104581,0.2919052,2.97362,-10.3249,-36.0973,0.4609032,
2,45.374,2,3.785749,94.46961,-1.104151,0.29166,2.97362,-10.3249,-36.0973,0.4609032,
2,45.384,2,3.785085,94.47709,-1.106429,0.2923128,2.97362,-10.3249,-36.0973,0.4609032,
2,45.394,2,3.785029,94.47025,-1.10655,0.2923491,2.97362,-10.3249,-36.0973,0.4609032,
2,45.404,2,3.786131,94.4656,-1.103268,0.2913972,2.97362,-10.3249,-36.0973,0.4609032,
2,45.414,2,3.784348,94.47007,-1.105913,0.2922335,2.97362,-10.3249,-36.0973,0.4609032,
2,45.424,2,3.785802,94.47137,-1.104463,0.2917382,2.96493,-10.3249,-36.0984,0.4620018,
2,45.434,2,3.785228,94.46966,-1.101534,0.2910087,2.96493,-10.3249,-36.0984,0.4620018,
2,45.444,2,3.782705,94.48106,-1.101204,0.2911154,2.96493,-10.3249,-36.0984,0.4620018,
2,45.454,2,3.784735,94.47042,-1.099762,0.2905784,2.96493,-10.3249,-36.0984,0.4620018,
2,45.464,2,3.784038,94.46719,-1.09816,0.2902085,2.96493,-10.3249,-36.0984,0.4620018,
2,45.474,2,3.783658,94.4701,-1.0983,0.2902748,2.96493,-10.3249,-36.0984,0.4620018,
2,45.484,2,3.787658,94.47116,-1.096677,0.2895395,2.96493,-10.3249,-36.0984,0.4620018,
2,45.494,2,3.784544,94.47374,-1.09773,0.2900561,2.96493,-10.3249,-36.0984,0.4620018,
2,45.504,2,3.784518,94.48097,-1.098792,0.2903386,2.96493,-10.3249,-36.0984,0.4620018,
2,45.514,2,3.785283,94.4703,-1.098643,0.2902406,2.96493,-10.3249,-36.0984,0.4620018,
2,45.524,2,3.790804,94.47327,-1.096642,0.28929,2.96493,-10.3249,-36.0984,0.4620018,
2,45.534,2,3.797352,94.46931,-1.100117,0.2897064,2.96493,-10.3249,-36.0984,0.4620018,
2,45.544,2,3.801008,94.46784,-1.099787,0.2893407,2.96493,-10.3249,-36.0984,0.4620018,
2,45.554,2,3.807066,94.46767,-1.100091,0.2889602,2.96493,-10.3249,-36.0984,0.4620018,
2,45.564,2,3.809485,94.48059,-1.100697,0.2889359,2.96493,-10.3249,-36.0984,0.4620018,
2,45.574,2,3.807287,94.47033,-1.101334,0.28927,2.96493,-10.3249,-36.0984,0.4620018,
2,45.584,2,3.80618,94.47231,-1.097815,0.2884295,2.96493,-10.3249,-36.0984,0.4620018,
2,45.594,2,3.805636,94.4646,-1.097921,0.2884986,2.96493,-10.3249,-36.0984,0.4620018,
2,45.604,2,3.808642,94.47173,-1.093793,0.287187,2.96493,-10.3249,-36.0984,0.4620018,
2,45.614,2,3.807112,94.47283,-1.095944,0.2878675,2.96493,-10.3249,-36.0984,0.4620018,
2,45.624,2,3.806972,94.48097,-1.096859,0.2881185,2.96493,-10.3249,-36.0984,0.4620018,
2,45.634,2,3.80686,94.46796,-1.095886,0.2878712,2.96493,-10.3249,-36.0984,0.4620018,
2,45.644,2,3.804498,94.46838,-1.094461,0.2876755,2.96493,-10.3249,-36.0984,0.4620018,
2,45.654,2,3.80683,94.46894,-1.097326,0.2882518,2.95675,-10.3249,-36.0994,0.4630013,
2,45.664,2,3.809201,94.47282,-1.095981,0.2877192,2.95675,-10.3249,-36.0994,0.4630013,
2,45.674,2,3.807645,94.47444,-1.097144,0.2881423,2.95675,-10.3249,-36.0994,0.4630013,
2,45.684,2,3.807196,94.47121,-1.098561,0.2885487,2.95675,-10.3249,-36.0994,0.4630013,
2,45.694,2,3.807015,94.47553,-1.095332,0.2877142,2.95675,-10.3249,-36.0994,0.4630013,
2,45.704,2,3.806343,94.47267,-1.095644,0.2878468,2.95675,-10.3249,-36.0994,0.4630013,
2,45.714,2,3.807554,94.46977,-1.094961,0.2875759,2.95675,-10.3249,-36.0994,0.4630013,
2,45.724,2,3.807081,94.4748,-1.090849,0.2865316,2.95675,-10.3249,-36.0994,0.4630013,
2,45.734,2,3.807735,94.4763,-1.092567,0.2869336,2.95675,-10.3249,-36.0994,0.4630013,
2,45.744,2,3.805528,94.47132,-1.090948,0.2866746,2.95675,-10.3249,-36.0994,0.4630013,
2,45.754,2,3.807948,94.47478,-1.08931,0.2860621,2.95675,-10.3249,-36.0994,0.4630013,
2,45.764,2,3.807045,94.46744,-1.090683,0.2864906,2.95675,-10.3249,-36.0994,0.4630013,
2,45.774,2,3.809485,94.47422,-1.089984,0.2861236,2.95675,-10.3249,-36.0994,0.4630013,
2,45.784,2,3.814633,94.47008,-1.090782,0.2859468,2.95675,-10.3249,-36.0994,0.4630013,
2,45.794,2,3.817949,94.46853,-1.093597,0.2864357,2.95675,-10.3249,-36.0994,0.4630013,
2,45.804,2,3.821995,94.47467,-1.093148,0.2860151,2.95675,-10.3249,-36.0994,0.4630013,
2,45.814,2,3.826164,94.47032,-1.095522,0.2863238,2.95675,-10.3249,-36.0994,0.4630013,
2,45.824,2,3.827551,94.471,-1.094271,0.2858932,2.95675,-10.3249,-36.0994,0.4630013,
2,45.834,2,3.828515,94.47431,-1.095078,0.286032,2.95675,-10.3249,-36.0994,0.4630013,
2,45.844,2,3.827325,94.47596,-1.094249,0.2859044,2.95675,-10.3249,-36.0994,0.4630013,
2,45.854,2,3.826819,94.46149,-1.09602,0.286405,2.95675,-10.3249,-36.0994,0.4630013,
2,45.864,2,3.827276,94.47288,-1.095318,0.2861874,2.95675,-10.3249,-36.0994,0.4630013,
2,45.874,2,3.828487,94.47314,-1.092275,0.2853021,2.95675,-10.3249,-36.0994,0.4630013,
2,45.884,2,3.828158,94.47147,-1.091366,0.2850891,2.95675,-10.3249,-36.0994,0.4630013,
2,45.894,2,3.829517,94.47414,-1.089968,0.2846228,2.95675,-10.3249,-36.0994,0.4630013,
2,45.904,2,3.82789,94.47644,-1.088912,0.2844679,2.95675,-10.3249,-36.0994,0.4630013,
2,45.914,2,3.829714,94.4612,-1.08908,0.2843764,2.95675,-10.3249,-36.0994,0.4630013,
2,45.924,2,3.827823,94.47207,-1.088862,0.2844598,2.95675,-10.3249,-36.0994,0.4630013,
2,45.934,2,3.828718,94.47373,-1.087381,0.2840064,2.95675,-10.3249,-36.0994,0.4630013,
2,45.944,2,3.827311,94.47166,-1.090216,0.2848516,2.95675,-10.3249,-36.0994,0.4630013,
2,45.954,2,3.830595,94.47312,-1.088871,0.2842564,2.94805,-10.3249,-36.1004,0.4640007,
2,45.964,2,3.827801,94.47327,-1.091402,0.285125,2.94805,-10.3249,-36.1004,0.4640007,
2,45.974,2,3.829764,94.46257,-1.094434,0.2857705,2.94805,-10.3249,-36.1004,0.4640007,
2,45.984,2,3.827396,94.47051,-1.092909,0.2855489,2.94805,-10.3249,-36.1004,0.4640007,
2,45.994,2,3.829679,94.47245,-1.093109,0.2854311,2.94805,-10.3249,-36.1004,0.4640007,
2,46.004,2,3.829376,94.46789,-1.092862,0.2853889,2.94805,-10.3249,-36.1004,0.4640007,
2,46.014,2,3.827955,94.47149,-1.090485,0.2848742,2.94805,-10.3249,-36.1004,0.4640007,
2,46.024,2,3.826122,94.47073,-1.089379,0.2847215,2.94805,-10.3249,-36.1004,0.4640007,
2,46.034,2,3.827314,94.45874,-1.089048,0.2845462,2.94805,-10.3249,-36.1004,0.4640007,
2,46.044,2,3.826065,94.46904,-1.085488,0.2837086,2.94805,-10.3249,-36.1004,0.4640007,
2,46.054,2,3.828147,94.47197,-1.085642,0.2835946,2.94805,-10.3249,-36.1004,0.4640007,
2,46.064,2,3.830873,94.47601,-1.085853,0.2834479,2.94805,-10.3249,-36.1004,0.4640007,
2,46.074,2,3.836912,94.46758,-1.085441,0.2828943,2.94805,-10.3249,-36.1004,0.4640007,
2,46.084,2,3.841543,94.46437,-1.088272,0.2832904,2.94805,-10.3249,-36.1004,0.4640007,
2,46.094,2,3.844957,94.46239,-1.091086,0.2837707,2.94805,-10.3249,-36.1004,0.4640007,
2,46.104,2,3.849585,94.46458,-1.093185,0.2839748,2.94805,-10.3249,-36.1004,0.4640007,
2,46.114,2,3.849161,94.46655,-1.093465,0.2840788,2.94805,-10.3249,-36.1004,0.4640007,
2,46.124,2,3.847965,94.4674,-1.091595,0.2836811,2.94805,-10.3249,-36.1004,0.4640007,
2,46.134,2,3.848464,94.46638,-1.091028,0.2834969,2.94805,-10.3249,-36.1004,0.4640007,
2,46.144,2,3.847975,94.46176,-1.090732,0.2834562,2.94805,-10.3249,-36.1004,0.4640007,
2,46.154,2,3.84909,94.45972,-1.093753,0.2841588,2.94805,-10.3249,-36.1004,0.4640007,
2,46.164,2,3.848363,94.4632,-1.088745,0.2829112,2.94805,-10.3249,-36.1004,0.4640007,
2,46.174,2,3.848526,94.4668,-1.08775,0.2826407,2.94805,-10.3249,-36.1004,0.4640007,
2,46.184,2,3.848613,94.46864,-1.088463,0.2828197,2.94805,-10.3249,-36.1004,0.4640007,
2,46.194,2,3.848807,94.46466,-1.084527,0.2817827,2.93933,-10.3249,-36.1014,0.4650002,
2,46.204,2,3.849465,94.46967,-1.085737,0.2820487,2.93933,-10.3249,-36.1014,0.4650002,
2,46.214,2,3.848951,94.46567,-1.087464,0.282535,2.93933,-10.3249,-36.1014,0.4650002,
2,46.224,2,3.846803,94.46312,-1.086066,0.2823295,2.93933,-10.3249,-36.1014,0.4650002,
2,46.234,2,3.849624,94.46973,-1.087082,0.2823864,2.93933,-10.3249,-36.1014,0.4650002,
2,46.244,2,3.847101,94.46804,-1.087627,0.2827134,2.93933,-10.3249,-36.1014,0.4650002,
2,46.254,2,3.849139,94.46657,-1.0871,0.2824269,2.93933,-10.3249,-36.1014,0.4650002,
2,46.264,2,3.848397,94.46646,-1.088028,0.2827222,2.93933,-10.3249,-36.1014,0.4650002,
2,46.274,2,3.853013,94.46133,-1.088281,0.2824495,2.93933,-10.3249,-36.1014,0.4650002,
2,46.284,2,3.8575,94.46844,-1.088271,0.2821181,2.93933,-10.3249,-36.1014,0.4650002,
2,46.294,2,3.862682,94.47546,-1.090359,0.2822802,2.93933,-10.3249,-36.1014,0.4650002,
2,46.304,2,3.866575,94.46471,-1.09142,0.2822704,2.93933,-10.3249,-36.1014,0.4650002,
2,46.314,2,3.868233,94.4593,-1.088655,0.2814346,2.93933,-10.3249,-36.1014,0.4650002,
2,46.324,2,3.870193,94.46239,-1.089196,0.281432,2.93933,-10.3249,-36.1014,0.4650002,
2,46.334,2,3.868484,94.4613,-1.086401,0.2808337,2.93933,-10.3249,-36.1014,0.4650002,
2,46.344,2,3.870393,94.46007,-1.085012,0.2803364,2.93933,-10.3249,-36.1014,0.4650002,
2,46.354,2,3.869671,94.48006,-1.085987,0.2806408,2.93933,-10.3249,-36.1014,0.4650002,
2,46.364,2,3.87013,94.46568,-1.087443,0.2809837,2.93933,-10.3249,-36.1014,0.4650002,
2,46.374,2,3.869304,94.4642,-1.087155,0.2809692,2.93933,-10.3249,-36.1014,0.4650002,
2,46.384,2,3.870675,94.46745,-1.088281,0.2811605,2.93933,-10.3249,-36.1014,0.4650002,
2,46.394,2,3.869035,94.46159,-1.088568,0.2813539,2.93933,-10.3249,-36.1014,0.4650002,
2,46.404,2,3.86949,94.4676,-1.089446,0.2815476,2.93933,-10.3249,-36.1014,0.4650002,
2,46.414,2,3.869365,94.47224,-1.091243,0.2820212,2.93933,-10.3249,-36.1014,0.4650002,
2,46.424,2,3.868532,94.4599,-1.09018,0.2818072,2.93933,-10.3249,-36.1014,0.4650002,
2,46.434,2,3.870416,94.46178,-1.09018,0.2816701,2.93115,-10.3249,-36.1024,0.4660034,
2,46.444,2,3.866148,94.48027,-1.092484,0.2825768,2.93115,-10.3249,-36.1024,0.4660034,
2,46.454,2,3.868757,94.46089,-1.089656,0.2816554,2.93115,-10.3249,-36.1024,0.4660034,
2,46.464,2,3.868213,94.46554,-1.0879,0.2812411,2.93115,-10.3249,-36.1024,0.4660034,
2,46.474,2,3.870569,94.46125,-1.087127,0.28087,2.93115,-10.3249,-36.1024,0.4660034,
2,46.484,2,3.870629,94.46176,-1.08405,0.2800708,2.93115,-10.3249,-36.1024,0.4660034,
2,46.494,2,3.869014,94.46191,-1.084788,0.2803783,2.93115,-10.3249,-36.1024,0.4660034,
2,46.504,2,3.868798,94.47977,-1.086569,0.2808545,2.93115,-10.3249,-36.1024,0.4660034,
2,46.514,2,3.868935,94.46389,-1.085049,0.2804515,2.93115,-10.3249,-36.1024,0.4660034,
2,46.524,2,3.870492,94.46947,-1.087867,0.2810668,2.93115,-10.3249,-36.1024,0.4660034,
2,46.534,2,3.87576,94.46457,-1.087404,0.2805655,2.93115,-10.3249,-36.1024,0.4660034,
2,46.544,2,3.882314,94.46366,-1.087337,0.2800744,2.93115,-10.3249,-36.1024,0.4660034,
2,46.554,2,3.885019,94.46687,-1.089781,0.2805085,2.93115,-10.3249,-36.1024,0.4660034,
2,46.564,2,3.886948,94.46154,-1.093844,0.2814147,2.93115,-10.3249,-36.1024,0.4660034,
2,46.574,2,3.889587,94.45773,-1.092586,0.2809002,2.93115,-10.3249,-36.1024,0.4660034,
2,46.584,2,3.89023,94.45856,-1.093366,0.2810544,2.93115,-10.3249,-36.1024,0.4660034,
2,46.594,2,3.889595,94.46535,-1.095416,0.2816274,2.93115,-10.3249,-36.1024,0.4660034,
2,46.604,2,3.889179,94.46481,-1.092144,0.280816,2.93115,-10.3249,-36.1024,0.4660034,
2,46.614,2,3.891439,94.46332,-1.092942,0.280858,2.93115,-10.3249,-36.1024,0.4660034,
2,46.624,2,3.88949,94.46031,-1.093591,0.2811656,2.93115,-10.3249,-36.1024,0.4660034,
2,46.634,2,3.89096,94.45937,-1.090524,0.2802712,2.93115,-10.3249,-36.1024,0.4660034,
2,46.644,2,3.890042,94.45743,-1.091263,0.2805273,2.93115,-10.3249,-36.1024,0.4660034,
2,46.654,2,3.889626,94.45436,-1.094759,0.2814562,2.93115,-10.3249,-36.1024,0.4660034,
2,46.664,2,3.889318,94.46121,-1.094446,0.2813979,2.93115,-10.3249,-36.1024,0.4660034,
2,46.674,2,3.888695,94.46344,-1.0951,0.2816113,2.93115,-10.3249,-36.1024,0.4660034,
2,46.684,2,3.887227,94.46138,-1.095868,0.2819151,2.93115,-10.3249,-36.1024,0.4660034,
2,46.694,2,3.888827,94.46078,-1.096606,0.2819889,2.92245,-10.3249,-36.1034,0.4670029,
2,46.704,2,3.888937,94.46022,-1.098778,0.2825395,2.92245,-10.3249,-36.1034,0.4670029,
2,46.714,2,3.889591,94.45567,-1.101088,0.2830859,2.92245,-10.3249,-36.1034,0.4670029,
2,46.724,2,3.890082,94.45744,-1.098678,0.2824306,2.92245,-10.3249,-36.1034,0.4670029,
2,46.734,2,3.889369,94.45733,-1.100491,0.2829485,2.92245,-10.3249,-36.1034,0.4670029,
2,46.744,2,3.887447,94.45784,-1.100825,0.2831743,2.92245,-10.3249,-36.1034,0.4670029,
2,46.754,2,3.889372,94.4584,-1.098676,0.2824817,2.92245,-10.3249,-36.1034,0.4670029,
2,46.764,2,3.88821,94.44711,-1.100528,0.2830425,2.92245,-10.3249,-36.1034,0.4670029,
2,46.774,2,3.888383,94.45663,-1.100132,0.282928,2.92245,-10.3249,-36.1034,0.4670029,
2,46.784,2,3.890954,94.46032,-1.097966,0.2821844,2.92245,-10.3249,-36.1034,0.4670029,
2,46.794,2,3.888497,94.45341,-1.098912,0.2826058,2.92245,-10.3249,-36.1034,0.4670029,
2,46.804,2,3.889698,94.4579,-1.099094,0.2825652,2.92245,-10.3249,-36.1034,0.4670029,
2,46.814,2,3.893498,94.4599,-1.098469,0.282129,2.92245,-10.3249,-36.1034,0.4670029,
2,46.824,2,3.897561,94.44725,-1.10249,0.2828666,2.92245,-10.3249,-36.1034,0.4670029,
2,46.834,2,3.903902,94.45792,-1.103621,0.2826969,2.92245,-10.3249,-36.1034,0.4670029,
2,46.844,2,3.908878,94.46449,-1.103631,0.2823395,2.92245,-10.3249,-36.1034,0.4670029,
2,46.854,2,3.910753,94.45277,-1.10725,0.2831297,2.92245,-10.3249,-36.1034,0.4670029,
2,46.864,2,3.911013,94.45245,-1.108112,0.2833311,2.92245,-10.3249,-36.1034,0.4670029,
2,46.874,2,3.912886,94.45406,-1.107739,0.2831002,2.92245,-10.3249,-36.1034,0.4670029,
2,46.884,2,3.910781,94.44048,-1.109366,0.2836685,2.92245,-10.3249,-36.1034,0.4670029,
2,46.894,2,3.912555,94.45339,-1.10678,0.2828791,2.92245,-10.3249,-36.1034,0.4670029,
2,46.904,2,3.910424,94.45255,-1.108296,0.2834209,2.92245,-10.3249,-36.1034,0.4670029,
2,46.914,2,3.913088,94.43998,-1.108313,0.2832324,2.92245,-10.3249,-36.1034,0.4670029,
2,46.924,2,3.910197,94.44942,-1.107344,0.2831939,2.92245,-10.3249,-36.1034,0.4670029,
2,46.934,2,3.913375,94.44938,-1.105856,0.2825837,2.92245,-10.3249,-36.1034,0.4670029,
2,46.944,2,3.912566,94.44138,-1.109317,0.2835268,2.92245,-10.3249,-36.1034,0.4670029,
2,46.954,2,3.911592,94.44817,-1.107313,0.283085,2.91265,-10.3249,-36.1044,0.4680023,
2,46.964,2,3.911726,94.44975,-1.109223,0.2835636,2.91265,-10.3249,-36.1044,0.4680023,
2,46.974,2,3.911352,94.44743,-1.114012,0.284815,2.91265,-10.3249,-36.1044,0.4680023,
2,46.984,2,3.91362,94.4469,-1.111998,0.2841354,2.91265,-10.3249,-36.1044,0.4680023,
2,46.994,2,3.913279,94.44392,-1.114585,0.2848213,2.91265,-10.3249,-36.1044,0.4680023,
2,47.004,2,3.911396,94.43275,-1.116771,0.2855172,2.91265,-10.3249,-36.1044,0.4680023,
2,47.014,2,3.911824,94.45144,-1.115329,0.2851174,2.91265,-10.3249,-36.1044,0.4680023,
2,47.024,2,3.911224,94.44942,-1.116399,0.2854346,2.91265,-10.3249,-36.1044,0.4680023,
2,47.034,2,3.909021,94.4412,-1.118639,0.2861686,2.91265,-10.3249,-36.1044,0.4680023,
2,47.044,2,3.911143,94.44461,-1.116603,0.2854927,2.91265,-10.3249,-36.1044,0.4680023,
2,47.054,2,3.910208,94.44733,-1.113556,0.2847818,2.91265,-10.3249,-36.1044,0.4680023,
2,47.064,2,3.909961,94.44794,-1.115523,0.2853027,2.91265,-10.3249,-36.1044,0.4680023,
2,47.074,2,3.914512,94.44491,-1.112673,0.2842431,2.91265,-10.3249,-36.1044,0.4680023,
2,47.084,2,3.921769,94.44361,-1.112968,0.2837923,2.91265,-10.3249,-36.1044,0.4680023,
2,47.094,2,3.92368,94.43874,-1.11919,0.2852399,2.91265,-10.3249,-36.1044,0.4680023,
2,47.104,2,3.92965,94.44167,-1.118886,0.284729,2.91265,-10.3249,-36.1044,0.4680023,
2,47.114,2,3.930405,94.4425,-1.120726,0.2851425,2.91265,-10.3249,-36.1044,0.4680023,
2,47.124,2,3.93109,94.44059,-1.122231,0.2854757,2.91265,-10.3249,-36.1044,0.4680023,
2,47.134,2,3.932619,94.4376,-1.12261,0.2854612,2.91265,-10.3249,-36.1044,0.4680023,
2,47.144,2,3.931606,94.43919,-1.123964,0.285879,2.91265,-10.3249,-36.1044,0.4680023,
2,47.154,2,3.932683,94.43806,-1.125511,0.2861941,2.91265,-10.3249,-36.1044,0.4680023,
2,47.164,2,3.931158,94.43773,-1.125479,0.286297,2.91265,-10.3249,-36.1044,0.4680023,
2,47.174,2,3.930814,94.44393,-1.127026,0.2867157,2.91265,-10.3249,-36.1044,0.4680023,
2,47.184,2,3.930737,94.43781,-1.125778,0.2864038,2.91265,-10.3249,-36.1044,0.4680023,
2,47.194,2,3.929762,94.42959,-1.12733,0.2868697,2.91265,-10.3249,-36.1044,0.4680023,
2,47.204,2,3.930977,94.43068,-1.129819,0.2874143,2.91265,-10.3249,-36.1044,0.4680023,
2,47.214,2,3.929768,94.43567,-1.126972,0.2867782,2.91265,-10.3249,-36.1044,0.4680023,
2,47.224,2,3.931359,94.43104,-1.123807,0.2858571,2.91265,-10.3249,-36.1044,0.4680023,
2,47.234,2,3.933353,94.44276,-1.12611,0.2862977,2.91265,-10.3249,-36.1044,0.4680023,
2,47.244,2,3.93048,94.43157,-1.125933,0.2864621,2.90395,-10.3249,-36.1054,0.4690018,
2,47.254,2,3.930474,94.43134,-1.128126,0.2870202,2.90395,-10.3249,-36.1054,0.4690018,
2,47.264,2,3.932017,94.4284,-1.132343,0.2879801,2.90395,-10.3249,-36.1054,0.4690018,
2,47.274,2,3.931342,94.42682,-1.133072,0.288215,2.90395,-10.3249,-36.1054,0.4690018,
2,47.284,2,3.929453,94.43021,-1.132699,0.2882587,2.90395,-10.3249,-36.1054,0.4690018,
2,47.294,2,3.929796,94.44141,-1.132826,0.2882658,2.90395,-10.3249,-36.1054,0.4690018,
2,47.304,2,3.93006,94.42753,-1.132283,0.2881084,2.90395,-10.3249,-36.1054,0.4690018,
2,47.314,2,3.935604,94.42426,-1.133654,0.2880509,2.90395,-10.3249,-36.1054,0.4690018,
2,47.324,2,3.940186,94.43449,-1.135292,0.2881316,2.90395,-10.3249,-36.1054,0.4690018,
2,47.334,2,3.943812,94.42453,-1.135635,0.2879535,2.90395,-10.3249,-36.1054,0.4690018,
2,47.344,2,3.951244,94.43195,-1.135322,0.2873329,2.90395,-10.3249,-36.1054,0.4690018,
2,47.354,2,3.952725,94.42805,-1.137664,0.2878176,2.90395,-10.3249,-36.1054,0.4690018,
2,47.364,2,3.950155,94.42284,-1.134273,0.2871464,2.90395,-10.3249,-36.1054,0.4690018,
2,47.374,2,3.952312,94.42431,-1.135615,0.2873293,2.90395,-10.3249,-36.1054,0.4690018,
2,47.384,2,3.951843,94.43153,-1.139907,0.2884494,2.90395,-10.3249,-36.1054,0.4690018,
2,47.394,2,3.952023,94.42061,-1.139391,0.2883057,2.90395,-10.3249,-36.1054,0.4690018,
2,47.404,2,3.951052,94.4171,-1.139444,0.2883901,2.90395,-10.3249,-36.1054,0.4690018,
2,47.414,2,3.951334,94.42999,-1.142082,0.2890371,2.90395,-10.3249,-36.1054,0.4690018,
2,47.424,2,3.950971,94.42097,-1.141584,0.2889377,2.90395,-10.3249,-36.1054,0.4690018,
2,47.434,2,3.950216,94.42236,-1.142198,0.2891483,2.90395,-10.3249,-36.1054,0.4690018,
2,47.444,2,3.950362,94.41636,-1.146091,0.2901231,2.89578,-10.3249,-36.1064,0.4700012,
2,47.454,2,3.952528,94.42015,-1.144478,0.289556,2.89578,-10.3249,-36.1064,0.4700012,
2,47.464,2,3.95024,94.42065,-1.145029,0.2898632,2.89578,-10.3249,-36.1064,0.4700012,
2,47.474,2,3.949138,94.43238,-1.14824,0.2907571,2.89578,-10.3249,-36.1064,0.4700012,
2,47.484,2,3.951243,94.42104,-1.142527,0.2891563,2.89578,-10.3249,-36.1064,0.4700012,
2,47.494,2,3.952057,94.41874,-1.143435,0.2893266,2.89578,-10.3249,-36.1064,0.4700012,
2,47.504,2,3.95144,94.42363,-1.144631,0.2896744,2.89578,-10.3249,-36.1064,0.4700012,
2,47.514,2,3.951488,94.41972,-1.143689,0.2894324,2.89578,-10.3249,-36.1064,0.4700012,
2,47.524,2,3.952629,94.41932,-1.142182,0.2889676,2.89578,-10.3249,-36.1064,0.4700012,
2,47.534,2,3.953526,94.42701,-1.144311,0.2894406,2.89578,-10.3249,-36.1064,0.4700012,
2,47.544,2,3.951291,94.41896,-1.143709,0.289452,2.89578,-10.3249,-36.1064,0.4700012,
2,47.554,2,3.950121,94.41975,-1.146706,0.2902965,2.89578,-10.3249,-36.1064,0.4700012,
2,47.564,2,3.951125,94.42263,-1.147455,0.2904121,2.89578,-10.3249,-36.1064,0.4700012,
2,47.574,2,3.956984,94.42164,-1.146655,0.2897801,2.89578,-10.3249,-36.1064,0.4700012,
2,47.584,2,3.961847,94.42242,-1.150537,0.2904041,2.89578,-10.3249,-36.1064,0.4700012,
2,47.594,2,3.969505,94.41374,-1.15206,0.2902276,2.89578,-10.3249,-36.1064,0.4700012,
2,47.604,2,3.971641,94.41901,-1.150412,0.2896567,2.89578,-10.3249,-36.1064,0.4700012,
2,47.614,2,3.97282,94.41768,-1.155034,0.2907341,2.89578,-10.3249,-36.1064,0.4700012,
2,47.624,2,3.972981,94.41984,-1.158707,0.2916467,2.89578,-10.3249,-36.1064,0.4700012,
2,47.634,2,3.975291,94.41677,-1.157494,0.2911721,2.89578,-10.3249,-36.1064,0.4700012,
2,47.644,2,3.973886,94.41399,-1.156868,0.2911176,2.89578,-10.3249,-36.1064,0.4700012,
2,47.654,2,3.97109,94.41587,-1.157856,0.2915713,2.89578,-10.3249,-36.1064,0.4700012,
2,47.664,2,3.973847,94.41518,-1.153194,0.290196,2.89578,-10.3249,-36.1064,0.4700012,
2,47.674,2,3.973842,94.41496,-1.156381,0.2909982,2.89578,-10.3249,-36.1064,0.4700012,
2,47.684,2,3.975038,94.41932,-1.157422,0.2911726,2.89578,-10.3249,-36.1064,0.4700012,
2,47.694,2,3.974238,94.41967,-1.157727,0.2913079,2.89578,-10.3249,-36.1064,0.4700012,
2,47.704,2,3.973957,94.4108,-1.158248,0.2914596,2.89578,-10.3249,-36.1064,0.4700012,
2,47.714,2,3.973565,94.41882,-1.159322,0.2917587,2.88707,-10.3249,-36.1075,0.4710999,
2,47.724,2,3.973963,94.41815,-1.158893,0.2916214,2.88707,-10.3249,-36.1075,0.4710999,
2,47.734,2,3.974993,94.41865,-1.16343,0.2926874,2.88707,-10.3249,-36.1075,0.4710999,
2,47.744,2,3.974187,94.42159,-1.164917,0.293121,2.88707,-10.3249,-36.1075,0.4710999,
2,47.754,2,3.973948,94.41914,-1.162948,0.292643,2.88707,-10.3249,-36.1075,0.4710999,
2,47.764,2,3.972595,94.4053,-1.165036,0.2932681,2.88707,-10.3249,-36.1075,0.4710999,
2,47.774,2,3.973599,94.41866,-1.164816,0.2931389,2.88707,-10.3249,-36.1075,0.4710999,
2,47.784,2,3.971973,94.42071,-1.161396,0.2923978,2.88707,-10.3249,-36.1075,0.4710999,
2,47.794,2,3.973003,94.42066,-1.16161,0.2923757,2.88707,-10.3249,-36.1075,0.4710999,
2,47.804,2,3.973156,94.41971,-1.161378,0.2923062,2.88707,-10.3249,-36.1075,0.4710999,
2,47.814,2,3.972442,94.42403,-1.159402,0.2918612,2.88707,-10.3249,-36.1075,0.4710999,
2,47.824,2,3.978553,94.4111,-1.160936,0.2917985,2.88707,-10.3249,-36.1075,0.4710999,
2,47.834,2,3.981681,94.4185,-1.161759,0.291776,2.88707,-10.3249,-36.1075,0.4710999,
2,47.844,2,3.985601,94.41626,-1.165938,0.2925375,2.88707,-10.3249,-36.1075,0.4710999,
2,47.854,2,3.992585,94.41912,-1.168193,0.2925906,2.88707,-10.3249,-36.1075,0.4710999,
2,47.864,2,3.995724,94.42229,-1.167967,0.2923043,2.88707,-10.3249,-36.1075,0.4710999,
2,47.874,2,3.992482,94.41682,-1.166758,0.2922388,2.88707,-10.3249,-36.1075,0.4710999,
2,47.884,2,3.995565,94.39854,-1.171531,0.293208,2.88707,-10.3249,-36.1075,0.4710999,
2,47.894,2,3.995783,94.41645,-1.172163,0.2933501,2.88707,-10.3249,-36.1075,0.4710999,
2,47.904,2,3.99479,94.41208,-1.173109,0.2936598,2.88707,-10.3249,-36.1075,0.4710999,
2,47.914,2,3.994777,94.41511,-1.175908,0.2943613,2.88707,-10.3249,-36.1075,0.4710999,
2,47.924,2,3.994172,94.41741,-1.174051,0.2939411,2.88707,-10.3249,-36.1075,0.4710999,
2,47.934,2,3.995198,94.42002,-1.170906,0.2930783,2.88707,-10.3249,-36.1075,0.4710999,
2,47.944,2,3.993632,94.40916,-1.169871,0.2929341,2.88707,-10.3249,-36.1075,0.4710999,
2,47.954,2,3.994269,94.41852,-1.166976,0.2921627,2.88707,-10.3249,-36.1075,0.4710999,
2,47.964,2,3.995353,94.41964,-1.168205,0.292391,2.88707,-10.3249,-36.1075,0.4710999,
2,47.974,2,3.993747,94.41096,-1.168048,0.2924691,2.88707,-10.3249,-36.1075,0.4710999,
2,47.984,2,3.995945,94.42097,-1.167172,0.2920892,2.87838,-10.3249,-36.1085,0.4721031,
2,47.994,2,3.995464,94.41438,-1.168214,0.2923851,2.87838,-10.3249,-36.1085,0.4721031,
2,48.004,2,3.993886,94.40884,-1.16958,0.2928425,2.87838,-10.3249,-36.1085,0.4721031,
2,48.014,2,3.993826,94.416,-1.171473,0.2933209,2.87838,-10.3249,-36.1085,0.4721031,
2,48.024,2,3.996137,94.41985,-1.170877,0.2930022,2.87838,-10.3249,-36.1085,0.4721031,
2,48.034,2,3.994863,94.41675,-1.171566,0.2932681,2.87838,-10.3249,-36.1085,0.4721031,
2,48.044,2,3.994372,94.41296,-1.172859,0.2936278,2.87838,-10.3249,-36.1085,0.4721031,
2,48.054,2,3.995214,94.41606,-1.173471,0.2937191,2.87838,-10.3249,-36.1085,0.4721031,
2,48.064,2,3.995567,94.40993,-1.172024,0.293331,2.87838,-10.3249,-36.1085,0.4721031,
2,48.074,2,3.994161,94.4178,-1.168946,0.2926637,2.87838,-10.3249,-36.1085,0.4721031,
2,48.084,2,3.998925,94.42123,-1.171603,0.2929794,2.87838,-10.3249,-36.1085,0.4721031,
2,48.094,2,4.005325,94.41489,-1.169358,0.2919507,2.87838,-10.3249,-36.1085,0.4721031,
2,48.104,2,4.012092,94.41483,-1.169212,0.291422,2.87838,-10.3249,-36.1085,0.4721031,
2,48.114,2,4.016001,94.41608,-1.167738,0.2907713,2.87838,-10.3249,-36.1085,0.4721031,
2,48.124,2,4.018157,94.40961,-1.17267,0.2918427,2.87838,-10.3249,-36.1085,0.4721031,
2,48.134,2,4.018824,94.41026,-1.171921,0.2916079,2.87838,-10.3249,-36.1085,0.4721031,
2,48.144,2,4.019264,94.41543,-1.172945,0.2918307,2.87838,-10.3249,-36.1085,0.4721031,
2,48.154,2,4.016171,94.40709,-1.171986,0.2918169,2.87838,-10.3249,-36.1085,0.4721031,
2,48.164,2,4.012819,94.40908,-1.174749,0.2927492,2.87838,-10.3249,-36.1085,0.4721031,
2,48.174,2,4.018742,94.40985,-1.173628,0.2920387,2.87838,-10.3249,-36.1085,0.4721031,
2,48.184,2,4.017717,94.4044,-1.171718,0.2916377,2.87838,-10.3249,-36.1085,0.4721031,
2,48.194,2,4.015253,94.40385,-1.172331,0.2919695,2.87838,-10.3249,-36.1085,0.4721031,
2,48.204,2,4.015666,94.409,-1.173057,0.2921202,2.87838,-10.3249,-36.1085,0.4721031,
2,48.214,2,4.017216,94.4048,-1.174791,0.2924391,2.87838,-10.3249,-36.1085,0.4721031,
2,48.224,2,4.015751,94.40994,-1.169413,0.2912064,2.87838,-10.3249,-36.1085,0.4721031,
2,48.234,2,4.01586,94.41015,-1.172125,0.2918739,2.87838,-10.3249,-36.1085,0.4721031,
2,48.244,2,4.016424,94.40111,-1.171215,0.2916065,2.86965,-10.3249,-36.1095,0.4731026,
2,48.254,2,4.017316,94.40491,-1.167442,0.2906026,2.86965,-10.3249,-36.1095,0.4731026,
2,48.264,2,4.017936,94.39943,-1.168581,0.2908412,2.86965,-10.3249,-36.1095,0.4731026,
2,48.274,2,4.017868,94.40147,-1.170329,0.2912812,2.86965,-10.3249,-36.1095,0.4731026,
2,48.284,2,4.018635,94.40767,-1.171333,0.2914754,2.86965,-10.3249,-36.1095,0.4731026,
2,48.294,2,4.015333,94.419,-1.172457,0.291995,2.86965,-10.3249,-36.1095,0.4731026,
2,48.304,2,4.015567,94.40217,-1.171474,0.2917333,2.86965,-10.3249,-36.1095,0.4731026,
2,48.314,2,4.0182,94.4016,-1.171658,0.2915877,2.86965,-10.3249,-36.1095,0.4731026,
2,48.324,2,4.017251,94.39599,-1.173124,0.2920216,2.86965,-10.3249,-36.1095,0.4731026,
2,48.334,2,4.016321,94.40022,-1.171871,0.2917773,2.86965,-10.3249,-36.1095,0.4731026,
2,48.344,2,4.018729,94.40433,-1.172851,0.2918463,2.86965,-10.3249,-36.1095,0.4731026,
2,48.354,2,4.017586,94.42098,-1.173122,0.2919967,2.86965,-10.3249,-36.1095,0.4731026,
2,48.364,2,4.019236,94.41339,-1.170675,0.2912681,2.86965,-10.3249,-36.1095,0.4731026,
2,48.374,2,4.022764,94.40423,-1.169013,0.2905995,2.86965,-10.3249,-36.1095,0.4731026,
2,48.384,2,4.029199,94.40001,-1.168533,0.2900164,2.86965,-10.3249,-36.1095,0.4731026,
2,48.394,2,4.03652,94.40174,-1.167035,0.2891192,2.86965,-10.3249,-36.1095,0.4731026,
2,48.404,2,4.039469,94.39861,-1.166131,0.2886844,2.86965,-10.3249,-36.1095,0.4731026,
2,48.414,2,4.041402,94.41271,-1.168448,0.2891195,2.86965,-10.3249,-36.1095,0.4731026,
2,48.424,2,4.040728,94.39691,-1.16842,0.2891607,2.86965,-10.3249,-36.1095,0.4731026,
2,48.434,2,4.041126,94.39961,-1.169053,0.289289,2.86965,-10.3249,-36.1095,0.4731026,
2,48.444,2,4.039469,94.39221,-1.170327,0.289723,2.86965,-10.3249,-36.1095,0.4731026,
2,48.454,2,4.039129,94.39943,-1.171645,0.2900736,2.86965,-10.3249,-36.1095,0.4731026,
2,48.464,2,4.040411,94.40671,-1.171298,0.2898957,2.86965,-10.3249,-36.1095,0.4731026,
2,48.474,2,4.039969,94.40787,-1.170647,0.2897663,2.86965,-10.3249,-36.1095,0.4731026,
2,48.484,2,4.04203,94.39458,-1.168468,0.2890795,2.86965,-10.3249,-36.1095,0.4731026,
2,48.494,2,4.040594,94.39465,-1.171528,0.2899395,2.86965,-10.3249,-36.1095,0.4731026,
2,48.504,2,4.040693,94.39832,-1.172845,0.2902584,2.85985,-10.3249,-36.1106,0.4742012,
2,48.514,2,4.038959,94.40318,-1.169592,0.2895778,2.85985,-10.3249,-36.1106,0.4742012,
2,48.524,2,4.038196,94.40276,-1.168341,0.2893226,2.85985,-10.3249,-36.1106,0.4742012,
2,48.534,2,4.03839,94.40585,-1.170426,0.2898248,2.85985,-10.3249,-36.1106,0.4742012,
2,48.544,2,4.040504,94.39622,-1.165535,0.2884629,2.85985,-10.3249,-36.1106,0.4742012,
2,48.554,2,4.04306,94.39686,-1.167213,0.2886954,2.85985,-10.3249,-36.1106,0.4742012,
2,48.564,2,4.041657,94.39917,-1.166227,0.2885517,2.85985,-10.3249,-36.1106,0.4742012,
2,48.574,2,4.041234,94.39649,-1.166832,0.2887317,2.85985,-10.3249,-36.1106,0.4742012,
2,48.584,2,4.037945,94.39703,-1.16962,0.2896573,2.85985,-10.3249,-36.1106,0.4742012,
2,48.594,2,4.039416,94.40472,-1.167587,0.2890485,2.85985,-10.3249,-36.1106,0.4742012,
2,48.604,2,4.041549,94.40179,-1.167533,0.2888824,2.85985,-10.3249,-36.1106,0.4742012,
2,48.614,2,4.03826,94.39737,-1.171789,0.2901718,2.85985,-10.3249,-36.1106,0.4742012,
2,48.624,2,4.045457,94.40045,-1.172079,0.2897273,2.85985,-10.3249,-36.1106,0.4742012,
2,48.634,2,4.048738,94.39956,-1.171551,0.2893619,2.85985,-10.3249,-36.1106,0.4742012,
2,48.644,2,4.054004,94.39799,-1.171977,0.2890913,2.85985,-10.3249,-36.1106,0.4742012,
2,48.654,2,4.059502,94.4029,-1.171871,0.2886735,2.85985,-10.3249,-36.1106,0.4742012,
2,48.664,2,4.064101,94.39357,-1.1683,0.2874682,2.85985,-10.3249,-36.1106,0.4742012,
2,48.674,2,4.062267,94.40078,-1.170973,0.288256,2.85985,-10.3249,-36.1106,0.4742012,
2,48.684,2,4.063045,94.39926,-1.170247,0.2880222,2.85985,-10.3249,-36.1106,0.4742012,
2,48.694,2,4.062964,94.39907,-1.168131,0.2875071,2.85985,-10.3249,-36.1106,0.4742012,
2,48.704,2,4.06192,94.39089,-1.168185,0.2875943,2.85985,-10.3249,-36.1106,0.4742012,
2,48.714,2,4.063173,94.39468,-1.17035,0.2880383,2.85985,-10.3249,-36.1106,0.4742012,
2,48.724,2,4.062198,94.39621,-1.168375,0.2876214,2.85985,-10.3249,-36.1106,0.4742012,
2,48.734,2,4.063578,94.40206,-1.169509,0.2878028,2.85985,-10.3249,-36.1106,0.4742012,
2,48.744,2,4.063868,94.40046,-1.170709,0.2880774,2.85985,-10.3249,-36.1106,0.4742012,
2,48.754,2,4.064756,94.39749,-1.1698,0.2877909,2.85985,-10.3249,-36.1106,0.4742012,
2,48.764,2,4.06317,94.38959,-1.172314,0.2885219,2.85985,-10.3249,-36.1106,0.4742012,
2,48.774,2,4.061216,94.39647,-1.174732,0.2892563,2.85985,-10.3249,-36.1106,0.4742012,
2,48.784,2,4.061203,94.39946,-1.171917,0.2885641,2.85115,-10.3249,-36.1116,0.4752007,
2,48.794,2,4.064625,94.40604,-1.173954,0.2888221,2.85115,-10.3249,-36.1116,0.4752007,
2,48.804,2,4.062663,94.39925,-1.170961,0.288225,2.85115,-10.3249,-36.1116,0.4752007,
2,48.814,2,4.062282,94.39922,-1.170204,0.2880656,2.85115,-10.3249,-36.1116,0.4752007,
2,48.824,2,4.062539,94.39072,-1.171531,0.2883742,2.85115,-10.3249,-36.1116,0.4752007,
2,48.834,2,4.061553,94.40052,-1.169534,0.2879524,2.85115,-10.3249,-36.1116,0.4752007,
2,48.844,2,4.060749,94.40008,-1.169632,0.2880335,2.85115,-10.3249,-36.1116,0.4752007,
2,48.854,2,4.061282,94.40825,-1.173951,0.2890593,2.85115,-10.3249,-36.1116,0.4752007,
2,48.864,2,4.063351,94.40015,-1.170753,0.2881249,2.85115,-10.3249,-36.1116,0.4752007,
2,48.874,2,4.063363,94.40149,-1.170595,0.2880854,2.85115,-10.3249,-36.1116,0.4752007,
2,48.884,2,4.069705,94.38801,-1.170427,0.287595,2.85115,-10.3249,-36.1116,0.4752007,
2,48.894,2,4.072164,94.39737,-1.173972,0.2882919,2.85115,-10.3249,-36.1116,0.4752007,
2,48.904,2,4.080604,94.39261,-1.174139,0.2877365,2.85115,-10.3249,-36.1116,0.4752007,
2,48.914,2,4.084233,94.41013,-1.175139,0.2877258,2.85115,-10.3249,-36.1116,0.4752007,
2,48.924,2,4.085205,94.39748,-1.17535,0.2877088,2.85115,-10.3249,-36.1116,0.4752007,
2,48.934,2,4.083681,94.3993,-1.17807,0.2884824,2.85115,-10.3249,-36.1116,0.4752007,
2,48.944,2,4.085007,94.38622,-1.176625,0.2880349,2.85115,-10.3249,-36.1116,0.4752007,
2,48.954,2,4.088011,94.39824,-1.173735,0.2871164,2.85115,-10.3249,-36.1116,0.4752007,
2,48.964,2,4.086921,94.39954,-1.171369,0.2866141,2.85115,-10.3249,-36.1116,0.4752007,
2,48.974,2,4.087084,94.40321,-1.172741,0.2869383,2.85115,-10.3249,-36.1116,0.4752007,
2,48.984,2,4.088723,94.39687,-1.170997,0.2863968,2.85115,-10.3249,-36.1116,0.4752007,
2,48.994,2,4.087675,94.39881,-1.171321,0.2865494,2.85115,-10.3249,-36.1116,0.4752007,
2,49.004,2,4.087954,94.39169,-1.171474,0.2865674,2.85115,-10.3249,-36.1116,0.4752007,
2,49.014,2,4.08584,94.39694,-1.172753,0.2870286,2.85115,-10.3249,-36.1116,0.4752007,
2,49.024,2,4.085819,94.39861,-1.173945,0.2873218,2.85115,-10.3249,-36.1116,0.4752007,
2,49.034,2,4.088489,94.40307,-1.173047,0.2869146,2.85115,-10.3249,-36.1116,0.4752007,
2,49.044,2,4.08419,94.39609,-1.171534,0.286846,2.84245,-10.3249,-36.1126,0.4762001,
2,49.054,2,4.085637,94.39831,-1.174692,0.2875175,2.84245,-10.3249,-36.1126,0.4762001,
2,49.064,2,4.08721,94.39037,-1.173821,0.2871936,2.84245,-10.3249,-36.1126,0.4762001,
2,49.074,2,4.08727,94.39879,-1.171359,0.2865871,2.84245,-10.3249,-36.1126,0.4762001,
2,49.084,2,4.087026,94.39944,-1.173195,0.2870535,2.84245,-10.3249,-36.1126,0.4762001,
2,49.094,2,4.086013,94.3961,-1.174347,0.2874066,2.84245,-10.3249,-36.1126,0.4762001,
2,49.104,2,4.083489,94.39878,-1.171891,0.2869828,2.84245,-10.3249,-36.1126,0.4762001,
2,49.114,2,4.086641,94.39268,-1.171014,0.2865468,2.84245,-10.3249,-36.1126,0.4762001,
2,49.124,2,4.088427,94.39207,-1.170232,0.2862304,2.84245,-10.3249,-36.1126,0.4762001,
2,49.134,2,4.086331,94.39716,-1.167969,0.2858233,2.84245,-10.3249,-36.1126,0.4762001,
2,49.144,2,4.085676,94.39061,-1.169602,0.286269,2.84245,-10.3249,-36.1126,0.4762001,
2,49.154,2,4.084187,94.39531,-1.169003,0.2862267,2.84245,-10.3249,-36.1126,0.4762001,
2,49.164,2,4.08664,94.39238,-1.168982,0.2860496,2.84245,-10.3249,-36.1126,0.4762001,
2,49.174,2,4.092063,94.39648,-1.170872,0.2861326,2.84245,-10.3249,-36.1126,0.4762001,
2,49.184,2,4.098264,94.39137,-1.169036,0.2852516,2.84245,-10.3249,-36.1126,0.4762001,
2,49.194,2,4.103235,94.397,-1.171429,0.2854891,2.84245,-10.3249,-36.1126,0.4762001,
2,49.204,2,4.107539,94.38795,-1.174337,0.285898,2.84245,-10.3249,-36.1126,0.4762001,
2,49.214,2,4.107272,94.3911,-1.176621,0.2864727,2.84245,-10.3249,-36.1126,0.4762001,
2,49.224,2,4.106697,94.38972,-1.174348,0.2859594,2.84245,-10.3249,-36.1126,0.4762001,
2,49.234,2,4.110272,94.39653,-1.175654,0.2860283,2.84245,-10.3249,-36.1126,0.4762001,
2,49.244,2,4.106854,94.38813,-1.175755,0.2862909,2.84245,-10.3249,-36.1126,0.4762001,
2,49.254,2,4.107252,94.38994,-1.175896,0.2862975,2.84245,-10.3249,-36.1126,0.4762001,
2,49.264,2,4.107873,94.38437,-1.173805,0.2857452,2.84245,-10.3249,-36.1126,0.4762001,
2,49.274,2,4.106134,94.38895,-1.171454,0.2852937,2.84245,-10.3249,-36.1126,0.4762001,
2,49.284,2,4.105597,94.38602,-1.170893,0.2851944,2.84245,-10.3249,-36.1126,0.4762001,
2,49.294,2,4.105065,94.38987,-1.17341,0.2858444,2.84245,-10.3249,-36.1126,0.4762001,
2,49.304,2,4.107182,94.38871,-1.171691,0.2852786,2.83262,-10.3249,-36.1136,0.4772034,
2,49.314,2,4.107095,94.38779,-1.172394,0.2854557,2.83262,-10.3249,-36.1136,0.4772034,
2,49.324,2,4.106538,94.38338,-1.176391,0.2864678,2.83262,-10.3249,-36.1136,0.4772034,
2,49.334,2,4.108063,94.38763,-1.176206,0.2863165,2.83262,-10.3249,-36.1136,0.4772034,
2,49.344,2,4.105464,94.38936,-1.173333,0.285798,2.83262,-10.3249,-36.1136,0.4772034,
2,49.354,2,4.105978,94.39587,-1.174953,0.2861567,2.83262,-10.3249,-36.1136,0.4772034,
2,49.364,2,4.107688,94.38705,-1.173237,0.2856198,2.83262,-10.3249,-36.1136,0.4772034,
2,49.374,2,4.106656,94.39101,-1.176564,0.2865018,2.83262,-10.3249,-36.1136,0.4772034,
2,49.384,2,4.108097,94.37357,-1.174664,0.2859387,2.83262,-10.3249,-36.1136,0.4772034,
2,49.394,2,4.107338,94.38715,-1.173169,0.2856275,2.83262,-10.3249,-36.1136,0.4772034,
2,49.404,2,4.107899,94.38918,-1.172346,0.2853882,2.83262,-10.3249,-36.1136,0.4772034,
2,49.414,2,4.106912,94.39682,-1.173803,0.2858117,2.83262,-10.3249,-36.1136,0.4772034,
2,49.424,2,4.111641,94.38274,-1.170639,0.2847133,2.83262,-10.3249,-36.1136,0.4772034,
2,49.434,2,4.116313,94.38981,-1.170641,0.2843906,2.83262,-10.3249,-36.1136,0.4772034,
2,49.444,2,4.121467,94.37453,-1.171527,0.28425,2.83262,-10.3249,-36.1136,0.4772034,
2,49.454,2,4.128233,94.38449,-1.173189,0.2841868,2.83262,-10.3249,-36.1136,0.4772034,
2,49.464,2,4.130758,94.38337,-1.173097,0.2839908,2.83262,-10.3249,-36.1136,0.4772034,
2,49.474,2,4.131249,94.39283,-1.178125,0.285174,2.83262,-10.3249,-36.1136,0.4772034,
2,49.484,2,4.129153,94.38224,-1.175054,0.284575,2.83262,-10.3249,-36.1136,0.4772034,
2,49.494,2,4.130071,94.37717,-1.178839,0.2854283,2.83262,-10.3249,-36.1136,0.4772034,
2,49.504,2,4.129927,94.37173,-1.179881,0.2856906,2.83262,-10.3249,-36.1136,0.4772034,
2,49.514,2,4.130588,94.38076,-1.180114,0.2857013,2.83262,-10.3249,-36.1136,0.4772034,
2,49.524,2,4.129383,94.38345,-1.181191,0.2860455,2.83262,-10.3249,-36.1136,0.4772034,
2,49.534,2,4.129096,94.39375,-1.181799,0.2862125,2.83262,-10.3249,-36.1136,0.4772034,
2,49.544,2,4.129959,94.38679,-1.18006,0.2857317,2.83262,-10.3249,-36.1136,0.4772034,
2,49.554,2,4.130434,94.38242,-1.180424,0.285787,2.83262,-10.3249,-36.1136,0.4772034,
2,49.564,2,4.129834,94.38346,-1.182752,0.2863922,2.83262,-10.3249,-36.1136,0.4772034,
2,49.574,2,4.129838,94.38221,-1.180731,0.2859026,2.83262,-10.3249,-36.1136,0.4772034,
2,49.584,2,4.128988,94.38622,-1.178804,0.2854947,2.82393,-10.3249,-36.1146,0.4782028,
2,49.594,2,4.127774,94.39093,-1.18071,0.2860405,2.82393,-10.3249,-36.1146,0.4782028,
2,49.604,2,4.131086,94.38977,-1.17826,0.2852179,2.82393,-10.3249,-36.1146,0.4782028,
2,49.614,2,4.130244,94.38749,-1.182464,0.286294,2.82393,-10.3249,-36.1146,0.4782028,
2,49.624,2,4.128793,94.38432,-1.182826,0.2864822,2.82393,-10.3249,-36.1146,0.4782028,
2,49.634,2,4.130401,94.3839,-1.182107,0.2861968,2.82393,-10.3249,-36.1146,0.4782028,
2,49.644,2,4.129287,94.38158,-1.180963,0.2859969,2.82393,-10.3249,-36.1146,0.4782028,
2,49.654,2,4.129929,94.38509,-1.183999,0.2866875,2.82393,-10.3249,-36.1146,0.4782028,
2,49.664,2,4.130951,94.38626,-1.181491,0.2860095,2.82393,-10.3249,-36.1146,0.4782028,
2,49.674,2,4.130847,94.40462,-1.182882,0.2863535,2.82393,-10.3249,-36.1146,0.4782028,
2,49.684,2,4.137024,94.38783,-1.181485,0.2855881,2.82393,-10.3249,-36.1146,0.4782028,
2,49.694,2,4.141037,94.38835,-1.181081,0.2852138,2.82393,-10.3249,-36.1146,0.4782028,
2,49.704,2,4.145277,94.38393,-1.181131,0.2849343,2.82393,-10.3249,-36.1146,0.4782028,
2,49.714,2,4.150796,94.38689,-1.181606,0.2846697,2.82393,-10.3249,-36.1146,0.4782028,
2,49.724,2,4.153693,94.38809,-1.179814,0.2840396,2.82393,-10.3249,-36.1146,0.4782028,
2,49.734,2,4.150504,94.39631,-1.181142,0.2845779,2.82393,-10.3249,-36.1146,0.4782028,
2,49.744,2,4.152075,94.38702,-1.182086,0.2846977,2.82393,-10.3249,-36.1146,0.4782028,
2,49.754,2,4.153163,94.38253,-1.179552,0.2840129,2.82393,-10.3249,-36.1146,0.4782028,
2,49.764,2,4.154408,94.38204,-1.180899,0.2842521,2.82393,-10.3249,-36.1146,0.4782028,
2,49.774,2,4.152969,94.38879,-1.182278,0.2846825,2.82393,-10.3249,-36.1146,0.4782028,
2,49.784,2,4.153378,94.38557,-1.182573,0.2847257,2.82393,-10.3249,-36.1146,0.4782028,
2,49.794,2,4.151566,94.3945,-1.183729,0.2851283,2.82393,-10.3249,-36.1146,0.4782028,
2,49.804,2,4.151876,94.38425,-1.184125,0.2852023,2.82393,-10.3249,-36.1146,0.4782028,
2,49.814,2,4.151281,94.38513,-1.185935,0.2856793,2.82393,-10.3249,-36.1146,0.4782028,
2,49.824,2,4.150855,94.38595,-1.185447,0.2855911,2.82393,-10.3249,-36.1146,0.4782028,
2,49.834,2,4.150322,94.38753,-1.184523,0.285405,2.82393,-10.3249,-36.1146,0.4782028,
2,49.844,2,4.153712,94.3925,-1.182515,0.2846888,2.81522,-10.3249,-36.1157,0.4793015,
2,49.854,2,4.153067,94.39885,-1.183924,0.2850721,2.81522,-10.3249,-36.1157,0.4793015,
2,49.864,2,4.151501,94.38432,-1.183353,0.2850422,2.81522,-10.3249,-36.1157,0.4793015,
2,49.874,2,4.151096,94.3876,-1.181189,0.2845486,2.81522,-10.3249,-36.1157,0.4793015,
2,49.884,2,4.151372,94.38932,-1.182539,0.284855,2.81522,-10.3249,-36.1157,0.4793015,
2,49.894,2,4.151895,94.3817,-1.18483,0.2853708,2.81522,-10.3249,-36.1157,0.4793015,
2,49.904,2,4.15223,94.39783,-1.183391,0.2850013,2.81522,-10.3249,-36.1157,0.4793015,
2,49.914,2,4.153497,94.39759,-1.185407,0.2853997,2.81522,-10.3249,-36.1157,0.4793015,
2,49.924,2,4.153217,94.38898,-1.184239,0.2851378,2.81522,-10.3249,-36.1157,0.4793015,
2,49.934,2,4.152184,94.39307,-1.186288,0.2857021,2.81522,-10.3249,-36.1157,0.4793015,
2,49.944,2,4.152659,94.38374,-1.18685,0.2858048,2.81522,-10.3249,-36.1157,0.4793015,
2,49.954,2,4.157044,94.3876,-1.18574,0.2852363,2.81522,-10.3249,-36.1157,0.4793015,
2,49.964,2,4.161564,94.38992,-1.18744,0.2853351,2.81522,-10.3249,-36.1157,0.4793015,
2,49.974,2,4.167686,94.40115,-1.192843,0.2862122,2.81522,-10.3249,-36.1157,0.4793015,
2,49.984,2,4.17275,94.3879,-1.189742,0.2851219,2.81522,-10.3249,-36.1157,0.4793015,
2,49.994,2,4.17444,94.38469,-1.190038,0.2850772,2.81522,-10.3249,-36.1157,0.4793015,
2,50.004,2,4.174215,94.37998,-1.19226,0.2856248,2.81522,-10.3249,-36.1157,0.4793015,
2,50.014,2,4.17592,94.38758,-1.190591,0.2851087,2.81522,-10.3249,-36.1157,0.4793015,
2,50.024,2,4.176516,94.3862,-1.189005,0.2846882,2.81522,-10.3249,-36.1157,0.4793015,
2,50.034,2,4.177649,94.39017,-1.190522,0.2849741,2.81522,-10.3249,-36.1157,0.4793015,
2,50.044,2,4.175755,94.38914,-1.190006,0.2849799,2.81522,-10.3249,-36.1157,0.4793015,
2,50.054,2,4.175932,94.38452,-1.191421,0.2853067,2.81522,-10.3249,-36.1157,0.4793015,
2,50.064,2,4.175006,94.3772,-1.191714,0.28544,2.81522,-10.3249,-36.1157,0.4793015,
2,50.074,2,4.174133,94.38409,-1.195371,0.2863758,2.81522,-10.3249,-36.1157,0.4793015,
2,50.084,2,4.174167,94.38436,-1.195164,0.286324,2.81522,-10.3249,-36.1157,0.4793015,
2,50.094,2,4.173658,94.3829,-1.196977,0.2867934,2.81522,-10.3249,-36.1157,0.4793015,
2,50.104,2,4.173639,94.38725,-1.195628,0.2864714,2.81522,-10.3249,-36.1157,0.4793015,
2,50.114,2,4.17258,94.38613,-1.197094,0.2868953,2.80597,-10.3249,-36.1167,0.4803009,
2,50.124,2,4.176495,94.38859,-1.193527,0.2857724,2.80597,-10.3249,-36.1167,0.4803009,
2,50.134,2,4.1737,94.39111,-1.194418,0.2861772,2.80597,-10.3249,-36.1167,0.4803009,
2,50.144,2,4.175972,94.38216,-1.193576,0.2858199,2.80597,-10.3249,-36.1167,0.4803009,
2,50.154,2,4.175974,94.38383,-1.193219,0.2857343,2.80597,-10.3249,-36.1167,0.4803009,
2,50.164,2,4.17497,94.38345,-1.192547,0.2856421,2.80597,-10.3249,-36.1167,0.4803009,
2,50.174,2,4.173364,94.38065,-1.192903,0.2858372,2.80597,-10.3249,-36.1167,0.4803009,
2,50.184,2,4.173797,94.38857,-1.193819,0.286027,2.80597,-10.3249,-36.1167,0.4803009,
2,50.194,2,4.174428,94.39008,-1.194126,0.2860574,2.80597,-10.3249,-36.1167,0.4803009,
2,50.204,2,4.175231,94.38388,-1.195576,0.2863497,2.80597,-10.3249,-36.1167,0.4803009,
2,50.214,2,4.171731,94.38728,-1.196828,0.2868899,2.80597,-10.3249,-36.1167,0.4803009,
2,50.224,2,4.17267,94.38625,-1.196196,0.2866739,2.80597,-10.3249,-36.1167,0.4803009,
2,50.234,2,4.175601,94.39076,-1.197853,0.2868697,2.80597,-10.3249,-36.1167,0.4803009,
2,50.244,2,4.180711,94.38454,-1.197016,0.2863188,2.80597,-10.3249,-36.1167,0.4803009,
2,50.254,2,4.187045,94.38612,-1.198782,0.2863073,2.80597,-10.3249,-36.1167,0.4803009,
2,50.264,2,4.19126,94.3653,-1.203561,0.2871598,2.80597,-10.3249,-36.1167,0.4803009,
2,50.274,2,4.196417,94.38351,-1.201991,0.2864327,2.80597,-10.3249,-36.1167,0.4803009,
2,50.284,2,4.197275,94.38832,-1.199269,0.2857256,2.80597,-10.3249,-36.1167,0.4803009,
2,50.294,2,4.195729,94.38495,-1.199766,0.2859494,2.80597,-10.3249,-36.1167,0.4803009,
2,50.304,2,4.197602,94.38708,-1.199991,0.2858753,2.80597,-10.3249,-36.1167,0.4803009,
2,50.314,2,4.196293,94.38363,-1.197632,0.2854024,2.80597,-10.3249,-36.1167,0.4803009,
2,50.324,2,4.195695,94.3652,-1.198778,0.2857161,2.80597,-10.3249,-36.1167,0.4803009,
2,50.334,2,4.196496,94.38975,-1.197444,0.2853438,2.80597,-10.3249,-36.1167,0.4803009,
2,50.344,2,4.197319,94.39001,-1.199069,0.2856749,2.80597,-10.3249,-36.1167,0.4803009,
2,50.354,2,4.194332,94.391,-1.201743,0.286516,2.80597,-10.3249,-36.1167,0.4803009,
2,50.364,2,4.196772,94.39168,-1.200922,0.2861537,2.80597,-10.3249,-36.1167,0.4803009,
2,50.374,2,4.195621,94.38065,-1.202582,0.286628,2.80597,-10.3249,-36.1167,0.4803009,
2,50.384,2,4.193626,94.36793,-1.204101,0.2871264,2.80597,-10.3249,-36.1167,0.4803009,
2,50.394,2,4.194263,94.38402,-1.205642,0.2874503,2.80597,-10.3249,-36.1167,0.4803009,
2,50.404,2,4.19399,94.40527,-1.204039,0.2870867,2.80597,-10.3249,-36.1167,0.4803009,
2,50.414,2,4.196534,94.38776,-1.205965,0.2873716,2.79618,-10.3249,-36.1178,0.4814034,
2,50.424,2,4.195775,94.38506,-1.202477,0.2865922,2.79618,-10.3249,-36.1178,0.4814034,
2,50.434,2,4.194498,94.38438,-1.203799,0.2869948,2.79618,-10.3249,-36.1178,0.4814034,
2,50.444,2,4.196198,94.3791,-1.202774,0.2866342,2.79618,-10.3249,-36.1178,0.4814034,
2,50.454,2,4.194952,94.38854,-1.197407,0.2854399,2.79618,-10.3249,-36.1178,0.4814034,
2,50.464,2,4.196942,94.39008,-1.199595,0.2858259,2.79618,-10.3249,-36.1178,0.4814034,
2,50.474,2,4.196325,94.38976,-1.198502,0.2856076,2.79618,-10.3249,-36.1178,0.4814034,
2,50.484,2,4.196286,94.38511,-1.197889,0.2854642,2.79618,-10.3249,-36.1178,0.4814034,
2,50.494,2,4.195192,94.38428,-1.199353,0.2858876,2.79618,-10.3249,-36.1178,0.4814034,
2,50.504,2,4.194975,94.3829,-1.20211,0.2865595,2.79618,-10.3249,-36.1178,0.4814034,
2,50.514,2,4.19455,94.38548,-1.200525,0.2862107,2.79618,-10.3249,-36.1178,0.4814034,
2,50.524,2,4.197499,94.3824,-1.202078,0.2863795,2.79618,-10.3249,-36.1178,0.4814034,
2,50.534,2,4.202157,94.38863,-1.200569,0.2857031,2.79618,-10.3249,-36.1178,0.4814034,
2,50.544,2,4.206408,94.39227,-1.200125,0.2853087,2.79618,-10.3249,-36.1178,0.4814034,
2,50.554,2,4.21,94.38686,-1.201892,0.2854851,2.79618,-10.3249,-36.1178,0.4814034,
2,50.564,2,4.217797,94.38157,-1.204657,0.2856129,2.79618,-10.3249,-36.1178,0.4814034,
2,50.574,2,4.220334,94.38149,-1.202177,0.2848536,2.79618,-10.3249,-36.1178,0.4814034,
2,50.584,2,4.218229,94.39097,-1.200358,0.2845645,2.79618,-10.3249,-36.1178,0.4814034,
2,50.594,2,4.219532,94.3883,-1.201195,0.2846748,2.79618,-10.3249,-36.1178,0.4814034,
2,50.604,2,4.220613,94.38234,-1.198092,0.2838667,2.79618,-10.3249,-36.1178,0.4814034,
2,50.614,2,4.218559,94.38967,-1.200026,0.2844634,2.79618,-10.3249,-36.1178,0.4814034,
2,50.624,2,4.219463,94.38293,-1.19975,0.2843372,2.79618,-10.3249,-36.1178,0.4814034,
2,50.634,2,4.218083,94.37897,-1.198599,0.2841573,2.79618,-10.3249,-36.1178,0.4814034,
2,50.644,2,4.218411,94.3846,-1.199391,0.284323,2.79618,-10.3249,-36.1178,0.4814034,
2,50.654,2,4.219301,94.38261,-1.199737,0.2843449,2.79618,-10.3249,-36.1178,0.4814034,
2,50.664,2,4.219559,94.3828,-1.199154,0.2841896,2.79618,-10.3249,-36.1178,0.4814034,
2,50.674,2,4.219117,94.3855,-1.202015,0.2848973,2.78635,-10.3249,-36.1188,0.4824028,
2,50.684,2,4.217647,94.38017,-1.201761,0.2849365,2.78635,-10.3249,-36.1188,0.4824028,
2,50.694,2,4.220069,94.38083,-1.200686,0.284518,2.78635,-10.3249,-36.1188,0.4824028,
2,50.704,2,4.220796,94.38694,-1.200086,0.2843268,2.78635,-10.3249,-36.1188,0.4824028,
2,50.714,2,4.220385,94.38155,-1.198562,0.2839935,2.78635,-10.3249,-36.1188,0.4824028,
2,50.724,2,4.220847,94.37997,-1.196219,0.2834073,2.78635,-10.3249,-36.1188,0.4824028,
2,50.734,2,4.22172,94.38742,-1.196953,0.2835226,2.78635,-10.3249,-36.1188,0.4824028,
2,50.744,2,4.219898,94.38081,-1.194895,0.2831573,2.78635,-10.3249,-36.1188,0.4824028,
2,50.754,2,4.219404,94.37567,-1.192619,0.2826511,2.78635,-10.3249,-36.1188,0.4824028,
2,50.764,2,4.222104,94.38592,-1.194518,0.28292,2.78635,-10.3249,-36.1188,0.4824028,
2,50.774,2,4.224818,94.37907,-1.194894,0.2828273,2.78635,-10.3249,-36.1188,0.4824028,
2,50.784,2,4.231883,94.37807,-1.195933,0.2826006,2.78635,-10.3249,-36.1188,0.4824028,
2,50.794,2,4.238112,94.37995,-1.198662,0.2828292,2.78635,-10.3249,-36.1188,0.4824028,
2,50.804,2,4.242853,94.37451,-1.199964,0.28282,2.78635,-10.3249,-36.1188,0.4824028,
2,50.814,2,4.244851,94.37305,-1.19933,0.2825377,2.78635,-10.3249,-36.1188,0.4824028,
2,50.824,2,4.244226,94.37582,-1.203883,0.283652,2.78635,-10.3249,-36.1188,0.4824028,
2,50.834,2,4.242389,94.37066,-1.202592,0.2834705,2.78635,-10.3249,-36.1188,0.4824028,
2,50.844,2,4.241699,94.37227,-1.204774,0.2840311,2.78635,-10.3249,-36.1188,0.4824028,
2,50.854,2,4.241212,94.38619,-1.205799,0.2843053,2.78635,-10.3249,-36.1188,0.4824028,
2,50.864,2,4.242175,94.37461,-1.205499,0.2841699,2.78635,-10.3249,-36.1188,0.4824028,
2,50.874,2,4.239645,94.36716,-1.202277,0.2835797,2.78635,-10.3249,-36.1188,0.4824028,
2,50.884,2,4.239439,94.371,-1.202377,0.2836171,2.78635,-10.3249,-36.1188,0.4824028,
2,50.894,2,4.241084,94.36877,-1.198834,0.2826717,2.78635,-10.3249,-36.1188,0.4824028,
2,50.904,2,4.24086,94.37376,-1.200082,0.2829808,2.78635,-10.3249,-36.1188,0.4824028,
2,50.914,2,4.240687,94.38409,-1.201818,0.2834017,2.7782,-10.3249,-36.1198,0.4834023,
2,50.924,2,4.2413,94.36955,-1.199748,0.2828727,2.7782,-10.3249,-36.1198,0.4834023,
2,50.934,2,4.240376,94.37109,-1.200464,0.2831032,2.7782,-10.3249,-36.1198,0.4834023,
2,50.944,2,4.241704,94.37029,-1.202711,0.2835444,2.7782,-10.3249,-36.1198,0.4834023,
2,50.954,2,4.243577,94.37193,-1.201877,0.2832226,2.7782,-10.3249,-36.1198,0.4834023,
2,50.964,2,4.240382,94.3763,-1.203716,0.2838697,2.7782,-10.3249,-36.1198,0.4834023,
2,50.974,2,4.240715,94.37129,-1.205689,0.2843127,2.7782,-10.3249,-36.1198,0.4834023,
2,50.984,2,4.242597,94.37041,-1.202662,0.2834732,2.7782,-10.3249,-36.1198,0.4834023,
2,50.994,2,4.239364,94.36897,-1.206498,0.2845942,2.7782,-10.3249,-36.1198,0.4834023,
2,51.004,2,4.241676,94.36745,-1.205408,0.284182,2.7782,-10.3249,-36.1198,0.4834023,
2,51.014,2,4.240591,94.37222,-1.204209,0.283972,2.7782,-10.3249,-36.1198,0.4834023,
2,51.024,2,4.241587,94.36672,-1.204033,0.2838639,2.7782,-10.3249,-36.1198,0.4834023,
2,51.034,2,4.239882,94.37395,-1.203511,0.2838549,2.7782,-10.3249,-36.1198,0.4834023,
2,51.044,2,4.246145,94.37337,-1.19932,0.2824492,2.7782,-10.3249,-36.1198,0.4834023,
2,51.054,2,4.252229,94.36248,-1.201358,0.2825243,2.7782,-10.3249,-36.1198,0.4834023,
2,51.064,2,4.258838,94.36564,-1.203212,0.2825212,2.7782,-10.3249,-36.1198,0.4834023,
2,51.074,2,4.260918,94.36252,-1.204621,0.282714,2.7782,-10.3249,-36.1198,0.4834023,
2,51.084,2,4.265011,94.36587,-1.205502,0.2826492,2.7782,-10.3249,-36.1198,0.4834023,
2,51.094,2,4.263971,94.37045,-1.207334,0.2831479,2.7782,-10.3249,-36.1198,0.4834023,
2,51.104,2,4.263772,94.36879,-1.207991,0.2833152,2.7782,-10.3249,-36.1198,0.4834023,
2,51.114,2,4.26178,94.36536,-1.208857,0.2836506,2.7782,-10.3249,-36.1198,0.4834023,
2,51.124,2,4.260719,94.36558,-1.209614,0.2838989,2.7782,-10.3249,-36.1198,0.4834023,
2,51.134,2,4.264345,94.36725,-1.207778,0.2832272,2.7782,-10.3249,-36.1198,0.4834023,
2,51.144,2,4.263131,94.36002,-1.209182,0.2836372,2.7782,-10.3249,-36.1198,0.4834023,
2,51.154,2,4.263254,94.3655,-1.208987,0.2835831,2.7782,-10.3249,-36.1198,0.4834023,
2,51.164,2,4.265893,94.37057,-1.204639,0.2823885,2.7782,-10.3249,-36.1198,0.4834023,
2,51.174,2,4.264643,94.35915,-1.207584,0.2831617,2.7782,-10.3249,-36.1198,0.4834023,
2,51.184,2,4.263576,94.37316,-1.205727,0.282797,2.76895,-10.3249,-36.1209,0.4845009,
2,51.194,2,4.262731,94.37128,-1.204883,0.2826553,2.76895,-10.3249,-36.1209,0.4845009,
2,51.204,2,4.262039,94.35094,-1.204598,0.2826343,2.76895,-10.3249,-36.1209,0.4845009,
2,51.214,2,4.263429,94.36832,-1.204825,0.2825954,2.76895,-10.3249,-36.1209,0.4845009,
2,51.224,2,4.262036,94.3685,-1.204377,0.2825826,2.76895,-10.3249,-36.1209,0.4845009,
2,51.234,2,4.261902,94.36441,-1.205748,0.2829131,2.76895,-10.3249,-36.1209,0.4845009,
2,51.244,2,4.262851,94.37025,-1.204887,0.2826482,2.76895,-10.3249,-36.1209,0.4845009,
2,51.254,2,4.263315,94.3706,-1.208373,0.283435,2.76895,-10.3249,-36.1209,0.4845009,
2,51.264,2,4.264307,94.36643,-1.206441,0.2829161,2.76895,-10.3249,-36.1209,0.4845009,
2,51.274,2,4.263894,94.36615,-1.207876,0.2832801,2.76895,-10.3249,-36.1209,0.4845009,
2,51.284,2,4.262148,94.371,-1.207211,0.2832401,2.76895,-10.3249,-36.1209,0.4845009,
2,51.294,2,4.264358,94.35956,-1.208851,0.2834778,2.76895,-10.3249,-36.1209,0.4845009,
2,51.304,2,4.272157,94.37334,-1.205082,0.2820781,2.76895,-10.3249,-36.1209,0.4845009,
2,51.314,2,4.275928,94.37039,-1.203513,0.2814624,2.76895,-10.3249,-36.1209,0.4845009,
2,51.324,2,4.281323,94.35959,-1.204964,0.2814466,2.76895,-10.3249,-36.1209,0.4845009,
2,51.334,2,4.283415,94.36822,-1.202599,0.280757,2.76895,-10.3249,-36.1209,0.4845009,
2,51.344,2,4.287195,94.36831,-1.201388,0.2802271,2.76895,-10.3249,-36.1209,0.4845009,
2,51.354,2,4.284953,94.35681,-1.20344,0.2808526,2.76895,-10.3249,-36.1209,0.4845009,
2,51.364,2,4.284565,94.36794,-1.202339,0.280621,2.76895,-10.3249,-36.1209,0.4845009,
2,51.374,2,4.285064,94.36865,-1.202839,0.280705,2.76895,-10.3249,-36.1209,0.4845009,
2,51.384,2,4.283391,94.36652,-1.204437,0.2811878,2.76895,-10.3249,-36.1209,0.4845009,
2,51.394,2,4.285219,94.37016,-1.204683,0.2811253,2.76895,-10.3249,-36.1209,0.4845009,
2,51.404,2,4.285808,94.3685,-1.203578,0.2808287,2.76895,-10.3249,-36.1209,0.4845009,
2,51.414,2,4.284199,94.36485,-1.206381,0.2815885,2.76895,-10.3249,-36.1209,0.4845009,
2,51.424,2,4.28395,94.37006,-1.204323,0.2811244,2.76895,-10.3249,-36.1209,0.4845009,
2,51.434,2,4.282102,94.36926,-1.206837,0.2818329,2.76895,-10.3249,-36.1209,0.4845009,
2,51.444,2,4.283914,94.36292,-1.206909,0.2817304,2.76895,-10.3249,-36.1209,0.4845009,
2,51.454,2,4.285174,94.36642,-1.20398,0.280964,2.7602,-10.3249,-36.1219,0.4855003,
2,51.464,2,4.28604,94.37118,-1.2015,0.2803287,2.7602,-10.3249,-36.1219,0.4855003,
2,51.474,2,4.284051,94.37201,-1.201779,0.2805239,2.7602,-10.3249,-36.1219,0.4855003,
2,51.484,2,4.283481,94.36579,-1.19765,0.2795974,2.7602,-10.3249,-36.1219,0.4855003,
2,51.494,2,4.286798,94.36676,-1.200457,0.2800358,2.7602,-10.3249,-36.1219,0.4855003,
2,51.504,2,4.285851,94.36394,-1.199272,0.2798211,2.7602,-10.3249,-36.1219,0.4855003,
2,51.514,2,4.284588,94.36901,-1.1998,0.2800269,2.7602,-10.3249,-36.1219,0.4855003,
2,51.524,2,4.283678,94.37167,-1.200119,0.2801608,2.7602,-10.3249,-36.1219,0.4855003,
2,51.534,2,4.284405,94.36937,-1.201371,0.2804055,2.7602,-10.3249,-36.1219,0.4855003,
2,51.544,2,4.283294,94.36698,-1.199572,0.2800583,2.7602,-10.3249,-36.1219,0.4855003,
2,51.554,2,4.283208,94.36381,-1.202542,0.2807573,2.7602,-10.3249,-36.1219,0.4855003,
2,51.564,2,4.286551,94.36046,-1.201758,0.2803555,2.7602,-10.3249,-36.1219,0.4855003,
2,51.574,2,4.291876,94.36854,-1.200198,0.2796441,2.7602,-10.3249,-36.1219,0.4855003,
2,51.584,2,4.29673,94.37945,-1.200256,0.2793416,2.7602,-10.3249,-36.1219,0.4855003,
2,51.594,2,4.302318,94.36598,-1.200468,0.2790282,2.7602,-10.3249,-36.1219,0.4855003,
2,51.604,2,4.304088,94.36577,-1.198664,0.2784943,2.7602,-10.3249,-36.1219,0.4855003,
2,51.614,2,4.308439,94.37185,-1.197858,0.2780261,2.7602,-10.3249,-36.1219,0.4855003,
2,51.624,2,4.308489,94.36611,-1.196779,0.2777723,2.7602,-10.3249,-36.1219,0.4855003,
2,51.634,2,4.308005,94.3654,-1.193048,0.2769375,2.7602,-10.3249,-36.1219,0.4855003,
2,51.644,2,4.308327,94.38301,-1.192866,0.2768746,2.7602,-10.3249,-36.1219,0.4855003,
2,51.654,2,4.308028,94.36798,-1.193663,0.2770787,2.7602,-10.3249,-36.1219,0.4855003,
2,51.664,2,4.307796,94.36567,-1.19401,0.2771742,2.7602,-10.3249,-36.1219,0.4855003,
2,51.674,2,4.307388,94.36861,-1.195377,0.2775179,2.7602,-10.3249,-36.1219,0.4855003,
2,51.684,2,4.30609,94.36612,-1.193912,0.2772611,2.7602,-10.3249,-36.1219,0.4855003,
2,51.694,2,4.3076,94.36765,-1.194249,0.2772424,2.7602,-10.3249,-36.1219,0.4855003,
2,51.704,2,4.306989,94.37678,-1.193766,0.2771695,2.75205,-10.3249,-36.1229,0.4864998,
2,51.714,2,4.307219,94.36676,-1.196469,0.2777824,2.75205,-10.3249,-36.1229,0.4864998,
2,51.724,2,4.307117,94.36419,-1.194782,0.277397,2.75205,-10.3249,-36.1229,0.4864998,
2,51.734,2,4.307681,94.37309,-1.195565,0.2775426,2.75205,-10.3249,-36.1229,0.4864998,
2,51.744,2,4.306769,94.36693,-1.194914,0.2774503,2.75205,-10.3249,-36.1229,0.4864998,
2,51.754,2,4.304421,94.3654,-1.193312,0.2772294,2.75205,-10.3249,-36.1229,0.4864998,
2,51.764,2,4.304588,94.37614,-1.189904,0.276427,2.75205,-10.3249,-36.1229,0.4864998,
2,51.774,2,4.306373,94.36507,-1.187439,0.2757398,2.75205,-10.3249,-36.1229,0.4864998,
2,51.784,2,4.308202,94.36254,-1.18628,0.2753539,2.75205,-10.3249,-36.1229,0.4864998,
2,51.794,2,4.309293,94.37321,-1.187501,0.2755674,2.75205,-10.3249,-36.1229,0.4864998,
2,51.804,2,4.317765,94.36855,-1.186756,0.2748541,2.75205,-10.3249,-36.1229,0.4864998,
2,51.814,2,4.321742,94.36591,-1.188081,0.274908,2.75205,-10.3249,-36.1229,0.4864998,
2,51.824,2,4.325241,94.37603,-1.189323,0.2749726,2.75205,-10.3249,-36.1229,0.4864998,
2,51.834,2,4.330454,94.36243,-1.189067,0.2745826,2.75205,-10.3249,-36.1229,0.4864998,
2,51.844,2,4.328718,94.36588,-1.189915,0.2748886,2.75205,-10.3249,-36.1229,0.4864998,
2,51.854,2,4.329695,94.36477,-1.191803,0.2752626,2.75205,-10.3249,-36.1229,0.4864998,
2,51.864,2,4.330136,94.36382,-1.189578,0.2747207,2.75205,-10.3249,-36.1229,0.4864998,
2,51.874,2,4.330005,94.36488,-1.189428,0.2746944,2.75205,-10.3249,-36.1229,0.4864998,
2,51.884,2,4.330794,94.37171,-1.190389,0.2748661,2.75205,-10.3249,-36.1229,0.4864998,
2,51.894,2,4.329321,94.36467,-1.189927,0.2748529,2.75205,-10.3249,-36.1229,0.4864998,
2,51.904,2,4.328505,94.36436,-1.185223,0.2738181,2.75205,-10.3249,-36.1229,0.4864998,
2,51.914,2,4.328574,94.37177,-1.187573,0.2743568,2.75205,-10.3249,-36.1229,0.4864998,
2,51.924,2,4.330389,94.3713,-1.182115,0.2729812,2.75205,-10.3249,-36.1229,0.4864998,
2,51.934,2,4.329382,94.36552,-1.182649,0.273168,2.75205,-10.3249,-36.1229,0.4864998,
2,51.944,2,4.330514,94.36777,-1.182759,0.273122,2.75205,-10.3249,-36.1229,0.4864998,
2,51.954,2,4.327668,94.36761,-1.183063,0.2733719,2.74335,-10.3249,-36.124,0.4876022,
2,51.964,2,4.329409,94.36826,-1.182275,0.2730801,2.74335,-10.3249,-36.124,0.4876022,
2,51.974,2,4.329354,94.36816,-1.185733,0.2738821,2.74335,-10.3249,-36.124,0.4876022,
2,51.984,2,4.330514,94.3673,-1.183089,0.2731983,2.74335,-10.3249,-36.124,0.4876022,
2,51.994,2,4.328319,94.36651,-1.187226,0.2742927,2.74335,-10.3249,-36.124,0.4876022,
2,52.004,2,4.325967,94.36676,-1.184955,0.2739167,2.74335,-10.3249,-36.124,0.4876022,
2,52.014,2,4.328365,94.36932,-1.184043,0.2735542,2.74335,-10.3249,-36.124,0.4876022,
2,52.024,2,4.328751,94.36452,-1.185643,0.2738995,2.74335,-10.3249,-36.124,0.4876022,
2,52.034,2,4.328675,94.36847,-1.186483,0.2740984,2.74335,-10.3249,-36.124,0.4876022,
2,52.044,2,4.330306,94.37518,-1.182131,0.2729902,2.74335,-10.3249,-36.124,0.4876022,
2,52.054,2,4.333941,94.35535,-1.185878,0.2736259,2.74335,-10.3249,-36.124,0.4876022,
2,52.064,2,4.339159,94.36842,-1.182023,0.2724083,2.74335,-10.3249,-36.124,0.4876022,
2,52.074,2,4.346399,94.36098,-1.179675,0.2714145,2.74335,-10.3249,-36.124,0.4876022,
2,52.084,2,4.350471,94.35909,-1.180845,0.2714293,2.74335,-10.3249,-36.124,0.4876022,
2,52.094,2,4.352134,94.36645,-1.182675,0.2717459,2.74335,-10.3249,-36.124,0.4876022,
2,52.104,2,4.350697,94.3687,-1.183023,0.2719157,2.74335,-10.3249,-36.124,0.4876022,
2,52.114,2,4.350306,94.36098,-1.183226,0.2719868,2.74335,-10.3249,-36.124,0.4876022,
2,52.124,2,4.351348,94.3641,-1.182712,0.2718037,2.74335,-10.3249,-36.124,0.4876022,
2,52.134,2,4.351705,94.36442,-1.184938,0.2722928,2.74335,-10.3249,-36.124,0.4876022,
2,52.144,2,4.350363,94.36795,-1.18396,0.272152,2.74335,-10.3249,-36.124,0.4876022,
2,52.154,2,4.351304,94.36516,-1.183515,0.2719909,2.74335,-10.3249,-36.124,0.4876022,
2,52.164,2,4.351375,94.36782,-1.18273,0.2718061,2.74335,-10.3249,-36.124,0.4876022,
2,52.174,2,4.350481,94.35833,-1.184703,0.2723153,2.74335,-10.3249,-36.124,0.4876022,
2,52.184,2,4.351446,94.36508,-1.181571,0.2715352,2.74335,-10.3249,-36.124,0.4876022,
2,52.194,2,4.351671,94.36362,-1.181326,0.271465,2.74335,-10.3249,-36.124,0.4876022,
2,52.204,2,4.350249,94.36311,-1.180367,0.2713332,2.74335,-10.3249,-36.124,0.4876022,
2,52.214,2,4.351756,94.36398,-1.178504,0.2708112,2.74335,-10.3249,-36.124,0.4876022,
2,52.224,2,4.350506,94.36741,-1.173898,0.2698303,2.73465,-10.3249,-36.125,0.4886017,
2,52.234,2,4.349444,94.34926,-1.177405,0.2707024,2.73465,-10.3249,-36.125,0.4886017,
2,52.244,2,4.350483,94.36662,-1.176077,0.2703324,2.73465,-10.3249,-36.125,0.4886017,
2,52.254,2,4.34939,94.36423,-1.176722,0.2705487,2.73465,-10.3249,-36.125,0.4886017,
2,52.264,2,4.350437,94.37007,-1.178694,0.2709368,2.73465,-10.3249,-36.125,0.4886017,
2,52.274,2,4.349246,94.36337,-1.178611,0.2709921,2.73465,-10.3249,-36.125,0.4886017,
2,52.284,2,4.349562,94.36258,-1.177946,0.2708194,2.73465,-10.3249,-36.125,0.4886017,
2,52.294,2,4.34951,94.34864,-1.183141,0.2720171,2.73465,-10.3249,-36.125,0.4886017,
2,52.304,2,4.348763,94.36577,-1.181942,0.2717881,2.73465,-10.3249,-36.125,0.4886017,
2,52.314,2,4.351184,94.36597,-1.181849,0.2716155,2.73465,-10.3249,-36.125,0.4886017,
2,52.324,2,4.349615,94.36214,-1.184336,0.2722853,2.73465,-10.3249,-36.125,0.4886017,
2,52.334,2,4.352284,94.36594,-1.182518,0.2717006,2.73465,-10.3249,-36.125,0.4886017,
2,52.344,2,4.358965,94.36168,-1.180841,0.2708994,2.73465,-10.3249,-36.125,0.4886017,
2,52.354,2,4.360375,94.35471,-1.181518,0.2709671,2.73465,-10.3249,-36.125,0.4886017,
2,52.364,2,4.369129,94.36485,-1.179922,0.270059,2.73465,-10.3249,-36.125,0.4886017,
2,52.374,2,4.371425,94.36241,-1.183129,0.2706506,2.73465,-10.3249,-36.125,0.4886017,
2,52.384,2,4.374381,94.35375,-1.18354,0.2705617,2.73465,-10.3249,-36.125,0.4886017,
2,52.394,2,4.370492,94.36134,-1.184702,0.2710683,2.73465,-10.3249,-36.125,0.4886017,
2,52.404,2,4.371785,94.36002,-1.184464,0.2709337,2.73465,-10.3249,-36.125,0.4886017,
2,52.414,2,4.372621,94.35798,-1.186115,0.2712595,2.73465,-10.3249,-36.125,0.4886017,
2,52.424,2,4.372048,94.35872,-1.185397,0.2711307,2.73465,-10.3249,-36.125,0.4886017,
2,52.434,2,4.370897,94.35934,-1.189896,0.2722315,2.73465,-10.3249,-36.125,0.4886017,
2,52.444,2,4.371038,94.36078,-1.191036,0.2724836,2.73465,-10.3249,-36.125,0.4886017,
2,52.454,2,4.370812,94.35865,-1.192951,0.2729359,2.72485,-10.3249,-36.126,0.4896011,
2,52.464,2,4.372106,94.35824,-1.192767,0.272813,2.72485,-10.3249,-36.126,0.4896011,
2,52.474,2,4.370622,94.35866,-1.194418,0.2732832,2.72485,-10.3249,-36.126,0.4896011,
2,52.484,2,4.372607,94.35922,-1.189877,0.2721206,2.72485,-10.3249,-36.126,0.4896011,
2,52.494,2,4.372198,94.35819,-1.191803,0.2725868,2.72485,-10.3249,-36.126,0.4896011,
2,52.504,2,4.372507,94.35522,-1.189789,0.2721068,2.72485,-10.3249,-36.126,0.4896011,
2,52.514,2,4.372016,94.35676,-1.18907,0.2719728,2.72485,-10.3249,-36.126,0.4896011,
2,52.524,2,4.371659,94.36399,-1.188284,0.2718154,2.72485,-10.3249,-36.126,0.4896011,
2,52.534,2,4.371714,94.35423,-1.191523,0.2725529,2.72485,-10.3249,-36.126,0.4896011,
2,52.544,2,4.372269,94.35809,-1.189782,0.2721201,2.72485,-10.3249,-36.126,0.4896011,
2,52.554,2,4.373443,94.35744,-1.192381,0.2726413,2.72485,-10.3249,-36.126,0.4896011,
2,52.564,2,4.37285,94.34985,-1.194779,0.2732266,2.72485,-10.3249,-36.126,0.4896011,
2,52.574,2,4.374378,94.34972,-1.192461,0.2726012,2.72485,-10.3249,-36.126,0.4896011,
2,52.584,2,4.378828,94.36687,-1.196296,0.2732,2.72485,-10.3249,-36.126,0.4896011,
2,52.594,2,4.383211,94.35539,-1.197519,0.2732059,2.72485,-10.3249,-36.126,0.4896011,
2,52.604,2,4.387275,94.35522,-1.197958,0.2730528,2.72485,-10.3249,-36.126,0.4896011,
2,52.614,2,4.39325,94.35068,-1.202086,0.2736212,2.72485,-10.3249,-36.126,0.4896011,
2,52.624,2,4.394057,94.34729,-1.20289,0.2737539,2.72485,-10.3249,-36.126,0.4896011,
2,52.634,2,4.391819,94.34668,-1.199627,0.2731504,2.72485,-10.3249,-36.126,0.4896011,
2,52.644,2,4.392935,94.35469,-1.199885,0.2731397,2.72485,-10.3249,-36.126,0.4896011,
2,52.654,2,4.391037,94.3489,-1.200975,0.2735059,2.72485,-10.3249,-36.126,0.4896011,
2,52.664,2,4.391343,94.34945,-1.197957,0.2727996,2.72485,-10.3249,-36.126,0.4896011,
2,52.674,2,4.39207,94.34646,-1.202619,0.273816,2.72485,-10.3249,-36.126,0.4896011,
2,52.684,2,4.393634,94.3475,-1.202469,0.2736845,2.72485,-10.3249,-36.126,0.4896011,
2,52.694,2,4.393374,94.34863,-1.204205,0.2740957,2.72485,-10.3249,-36.126,0.4896011,
2,52.704,2,4.393793,94.35576,-1.208722,0.2750977,2.71778,-10.3249,-36.127,0.4906006,
2,52.714,2,4.392,94.34883,-1.208508,0.2751612,2.71778,-10.3249,-36.127,0.4906006,
2,52.724,2,4.390678,94.34875,-1.208402,0.27522,2.71778,-10.3249,-36.127,0.4906006,
2,52.734,2,4.393797,94.34131,-1.212301,0.2759119,2.71778,-10.3249,-36.127,0.4906006,
2,52.744,2,4.393649,94.34658,-1.210883,0.2755986,2.71778,-10.3249,-36.127,0.4906006,
2,52.754,2,4.39321,94.34531,-1.210772,0.2756008,2.71778,-10.3249,-36.127,0.4906006,
2,52.764,2,4.39307,94.35432,-1.213711,0.2762785,2.71778,-10.3249,-36.127,0.4906006,
2,52.774,2,4.392222,94.34456,-1.21366,0.2763201,2.71778,-10.3249,-36.127,0.4906006,
2,52.784,2,4.391287,94.34483,-1.211135,0.275804,2.71778,-10.3249,-36.127,0.4906006,
2,52.794,2,4.391437,94.34608,-1.210151,0.2755706,2.71778,-10.3249,-36.127,0.4906006,
2,52.804,2,4.396259,94.34708,-1.207914,0.2747596,2.71778,-10.3249,-36.127,0.4906006,
2,52.814,2,4.400095,94.34644,-1.209337,0.2748435,2.71778,-10.3249,-36.127,0.4906006,
2,52.824,2,4.407076,94.35437,-1.211457,0.2748891,2.71778,-10.3249,-36.127,0.4906006,
2,52.834,2,4.41042,94.34167,-1.212491,0.274915,2.71778,-10.3249,-36.127,0.4906006,
2,52.844,2,4.414418,94.34423,-1.214576,0.2751384,2.71778,-10.3249,-36.127,0.4906006,
2,52.854,2,4.413492,94.34106,-1.214787,0.2752439,2.71778,-10.3249,-36.127,0.4906006,
2,52.864,2,4.413104,94.34306,-1.215719,0.2754793,2.71778,-10.3249,-36.127,0.4906006,
2,52.874,2,4.412574,94.34538,-1.218079,0.2760474,2.71778,-10.3249,-36.127,0.4906006,
2,52.884,2,4.41397,94.3482,-1.220357,0.276476,2.71778,-10.3249,-36.127,0.4906006,
2,52.894,2,4.413135,94.33947,-1.21936,0.2763024,2.71778,-10.3249,-36.127,0.4906006,
2,52.904,2,4.412521,94.34208,-1.219594,0.2763939,2.71778,-10.3249,-36.127,0.4906006,
2,52.914,2,4.413413,94.34586,-1.221344,0.2767347,2.71778,-10.3249,-36.127,0.4906006,
2,52.924,2,4.412018,94.34251,-1.221531,0.2768644,2.71778,-10.3249,-36.127,0.4906006,
2,52.934,2,4.412072,94.34137,-1.221418,0.2768356,2.71778,-10.3249,-36.127,0.4906006,
2,52.944,2,4.410848,94.34173,-1.219914,0.2765713,2.71778,-10.3249,-36.127,0.4906006,
2,52.954,2,4.412737,94.34621,-1.218512,0.2761352,2.71778,-10.3249,-36.127,0.4906006,
2,52.964,2,4.412392,94.33309,-1.219008,0.2762692,2.71778,-10.3249,-36.127,0.4906006,
2,52.974,2,4.411018,94.34235,-1.224952,0.2777028,2.70907,-10.3249,-36.128,0.4916,
2,52.984,2,4.413728,94.34164,-1.220988,0.2766342,2.70907,-10.3249,-36.128,0.4916,
2,52.994,2,4.411439,94.34215,-1.22116,0.2768168,2.70907,-10.3249,-36.128,0.4916,
2,53.004,2,4.413308,94.34245,-1.222844,0.2770811,2.70907,-10.3249,-36.128,0.4916,
2,53.014,2,4.413243,94.34354,-1.226262,0.2778595,2.70907,-10.3249,-36.128,0.4916,
2,53.024,2,4.411807,94.34496,-1.227807,0.2783003,2.70907,-10.3249,-36.128,0.4916,
2,53.034,2,4.411572,94.34231,-1.225925,0.2778885,2.70907,-10.3249,-36.128,0.4916,
2,53.044,2,4.416608,94.34586,-1.223852,0.2771022,2.70907,-10.3249,-36.128,0.4916,
2,53.054,2,4.411447,94.3386,-1.225616,0.2778263,2.70907,-10.3249,-36.128,0.4916,
2,53.064,2,4.414436,94.34408,-1.225127,0.2775275,2.70907,-10.3249,-36.128,0.4916,
2,53.074,2,4.416543,94.34389,-1.225761,0.2775386,2.70907,-10.3249,-36.128,0.4916,
2,53.084,2,4.422074,94.34419,-1.224214,0.2768416,2.70907,-10.3249,-36.128,0.4916,
2,53.094,2,4.427764,94.34405,-1.225757,0.2768344,2.70907,-10.3249,-36.128,0.4916,
2,53.104,2,4.433741,94.33893,-1.224125,0.2760929,2.70907,-10.3249,-36.128,0.4916,
2,53.114,2,4.43648,94.32903,-1.228062,0.2768101,2.70907,-10.3249,-36.128,0.4916,
2,53.124,2,4.436716,94.33869,-1.226432,0.2764278,2.70907,-10.3249,-36.128,0.4916,
2,53.134,2,4.436052,94.33564,-1.235159,0.2784364,2.70907,-10.3249,-36.128,0.4916,
2,53.144,2,4.435222,94.34045,-1.23656,0.2788045,2.70907,-10.3249,-36.128,0.4916,
2,53.154,2,4.434464,94.33872,-1.230268,0.2774333,2.70907,-10.3249,-36.128,0.4916,
2,53.164,2,4.43663,94.33714,-1.230721,0.2773999,2.70907,-10.3249,-36.128,0.4916,
2,53.174,2,4.434451,94.32344,-1.235861,0.2786954,2.70907,-10.3249,-36.128,0.4916,
2,53.184,2,4.435279,94.33312,-1.232967,0.2779909,2.70907,-10.3249,-36.128,0.4916,
2,53.194,2,4.432716,94.33541,-1.232993,0.2781575,2.70907,-10.3249,-36.128,0.4916,
2,53.204,2,4.435143,94.34245,-1.231624,0.2776966,2.70907,-10.3249,-36.128,0.4916,
2,53.214,2,4.43501,94.33372,-1.230779,0.2775144,2.70907,-10.3249,-36.128,0.4916,
2,53.224,2,4.434345,94.3391,-1.230209,0.2774273,2.70907,-10.3249,-36.128,0.4916,
2,53.234,2,4.43667,94.32733,-1.230181,0.2772757,2.6998,-10.3249,-36.129,0.4926033,
2,53.244,2,4.434532,94.33455,-1.227988,0.2769149,2.6998,-10.3249,-36.129,0.4926033,
2,53.254,2,4.43411,94.3384,-1.230453,0.2774973,2.6998,-10.3249,-36.129,0.4926033,
2,53.264,2,4.434133,94.33887,-1.229952,0.2773827,2.6998,-10.3249,-36.129,0.4926033,
2,53.274,2,4.434827,94.33255,-1.230699,0.2775077,2.6998,-10.3249,-36.129,0.4926033,
2,53.284,2,4.436006,94.3326,-1.230679,0.2774294,2.6998,-10.3249,-36.129,0.4926033,
2,53.294,2,4.43631,94.32278,-1.233582,0.278065,2.6998,-10.3249,-36.129,0.4926033,
2,53.304,2,4.435648,94.33393,-1.231606,0.2776609,2.6998,-10.3249,-36.129,0.4926033,
2,53.314,2,4.436053,94.33751,-1.234414,0.2782686,2.6998,-10.3249,-36.129,0.4926033,
2,53.324,2,4.433389,94.34222,-1.23731,0.279089,2.6998,-10.3249,-36.129,0.4926033,
2,53.334,2,4.43383,94.3321,-1.237118,0.279018,2.6998,-10.3249,-36.129,0.4926033,
2,53.344,2,4.435103,94.33105,-1.23597,0.278679,2.6998,-10.3249,-36.129,0.4926033,
2,53.354,2,4.432797,94.32452,-1.236266,0.2788907,2.6998,-10.3249,-36.129,0.4926033,
2,53.364,2,4.44052,94.33549,-1.231876,0.2774171,2.6998,-10.3249,-36.129,0.4926033,
2,53.374,2,4.444417,94.33578,-1.231996,0.2772009,2.6998,-10.3249,-36.129,0.4926033,
2,53.384,2,4.450992,94.33471,-1.232374,0.2768762,2.6998,-10.3249,-36.129,0.4926033,
2,53.394,2,4.456256,94.3306,-1.230192,0.2760595,2.6998,-10.3249,-36.129,0.4926033,
2,53.404,2,4.458357,94.32909,-1.231892,0.2763108,2.6998,-10.3249,-36.129,0.4926033,
2,53.414,2,4.45789,94.32341,-1.23543,0.2771335,2.6998,-10.3249,-36.129,0.4926033,
2,53.424,2,4.458221,94.32973,-1.233737,0.276733,2.6998,-10.3249,-36.129,0.4926033,
2,53.434,2,4.456287,94.33417,-1.237283,0.2776489,2.6998,-10.3249,-36.129,0.4926033,
2,53.444,2,4.456489,94.3252,-1.239286,0.2780857,2.6998,-10.3249,-36.129,0.4926033,
2,53.454,2,4.456942,94.32182,-1.239961,0.2782088,2.6998,-10.3249,-36.129,0.4926033,
2,53.464,2,4.455228,94.33099,-1.240669,0.2784748,2.6998,-10.3249,-36.129,0.4926033,
2,53.474,2,4.454022,94.32545,-1.241955,0.278839,2.6998,-10.3249,-36.129,0.4926033,
2,53.484,2,4.455976,94.32793,-1.240537,0.2783984,2.6998,-10.3249,-36.129,0.4926033,
2,53.494,2,4.453081,94.32421,-1.244414,0.2794501,2.6998,-10.3249,-36.129,0.4926033,
2,53.504,2,4.45554,94.32413,-1.245268,0.2794876,2.6998,-10.3249,-36.129,0.4926033,
2,53.514,2,4.4537,94.32613,-1.24394,0.2793049,2.69053,-10.3249,-36.13,0.4936028,
2,53.524,2,4.455277,94.32957,-1.241653,0.2786927,2.69053,-10.3249,-36.13,0.4936028,
2,53.534,2,4.4548,94.32348,-1.242322,0.2788728,2.69053,-10.3249,-36.13,0.4936028,
2,53.544,2,4.454444,94.32298,-1.242171,0.2788611,2.69053,-10.3249,-36.13,0.4936028,
2,53.554,2,4.456738,94.32066,-1.245216,0.2794007,2.69053,-10.3249,-36.13,0.4936028,
2,53.564,2,4.455787,94.32434,-1.244911,0.2793919,2.69053,-10.3249,-36.13,0.4936028,
2,53.574,2,4.454568,94.3265,-1.244065,0.2792784,2.69053,-10.3249,-36.13,0.4936028,
2,53.584,2,4.454655,94.32419,-1.246464,0.2798116,2.69053,-10.3249,-36.13,0.4936028,
2,53.594,2,4.453909,94.32279,-1.247209,0.2800256,2.69053,-10.3249,-36.13,0.4936028,
2,53.604,2,4.456305,94.32121,-1.247445,0.2799281,2.69053,-10.3249,-36.13,0.4936028,
2,53.614,2,4.453017,94.31537,-1.251486,0.2810422,2.69053,-10.3249,-36.13,0.4936028,
2,53.624,2,4.453765,94.32793,-1.25013,0.2806906,2.69053,-10.3249,-36.13,0.4936028,
2,53.634,2,4.4585,94.32269,-1.249992,0.2803614,2.69053,-10.3249,-36.13,0.4936028,
2,53.644,2,4.46617,94.32753,-1.250819,0.2800652,2.69053,-10.3249,-36.13,0.4936028,
2,53.654,2,4.46973,94.3183,-1.250458,0.2797614,2.69053,-10.3249,-36.13,0.4936028,
2,53.664,2,4.475992,94.31415,-1.248567,0.2789475,2.69053,-10.3249,-36.13,0.4936028,
2,53.674,2,4.477643,94.31414,-1.251353,0.2794669,2.69053,-10.3249,-36.13,0.4936028,
2,53.684,2,4.478668,94.31924,-1.249023,0.2788826,2.69053,-10.3249,-36.13,0.4936028,
2,53.694,2,4.479718,94.32305,-1.247734,0.2785296,2.69053,-10.3249,-36.13,0.4936028,
2,53.704,2,4.477908,94.3253,-1.249559,0.2790498,2.69053,-10.3249,-36.13,0.4936028,
2,53.714,2,4.47835,94.31861,-1.249616,0.2790348,2.69053,-10.3249,-36.13,0.4936028,
2,53.724,2,4.479241,94.31624,-1.250729,0.2792278,2.69053,-10.3249,-36.13,0.4936028,
2,53.734,2,4.476873,94.31427,-1.254341,0.2801823,2.69053,-10.3249,-36.13,0.4936028,
2,53.744,2,4.477132,94.31847,-1.252706,0.279801,2.69053,-10.3249,-36.13,0.4936028,
2,53.754,2,4.477204,94.32208,-1.254773,0.2802581,2.69053,-10.3249,-36.13,0.4936028,
2,53.764,2,4.477195,94.32835,-1.257242,0.2808102,2.69053,-10.3249,-36.13,0.4936028,
2,53.774,2,4.478181,94.32158,-1.256235,0.2805234,2.69053,-10.3249,-36.13,0.4936028,
2,53.784,2,4.47794,94.31601,-1.257663,0.2808574,2.68075,-10.3249,-36.131,0.4946022,
2,53.794,2,4.477243,94.31155,-1.259152,0.2812338,2.68075,-10.3249,-36.131,0.4946022,
2,53.804,2,4.477183,94.31908,-1.257654,0.2809031,2.68075,-10.3249,-36.131,0.4946022,
2,53.814,2,4.479784,94.31606,-1.255154,0.2801818,2.68075,-10.3249,-36.131,0.4946022,
2,53.824,2,4.479948,94.32678,-1.255309,0.2802061,2.68075,-10.3249,-36.131,0.4946022,
2,53.834,2,4.47822,94.31803,-1.253848,0.279988,2.68075,-10.3249,-36.131,0.4946022,
2,53.844,2,4.476793,94.31586,-1.251005,0.2794423,2.68075,-10.3249,-36.131,0.4946022,
2,53.854,2,4.478818,94.30733,-1.253989,0.2799822,2.68075,-10.3249,-36.131,0.4946022,
2,53.864,2,4.478601,94.31568,-1.253547,0.279897,2.68075,-10.3249,-36.131,0.4946022,
2,53.874,2,4.476382,94.32194,-1.254745,0.2803035,2.68075,-10.3249,-36.131,0.4946022,
2,53.884,2,4.479403,94.32628,-1.258129,0.2808697,2.68075,-10.3249,-36.131,0.4946022,
2,53.894,2,4.478157,94.31518,-1.25963,0.2812832,2.68075,-10.3249,-36.131,0.4946022,
2,53.904,2,4.481667,94.31519,-1.260699,0.2813013,2.68075,-10.3249,-36.131,0.4946022,
2,53.914,2,4.485883,94.31591,-1.264496,0.2818834,2.68075,-10.3249,-36.131,0.4946022,
2,53.924,2,4.492698,94.32151,-1.261333,0.2807517,2.68075,-10.3249,-36.131,0.4946022,
2,53.934,2,4.497367,94.32441,-1.264426,0.281148,2.68075,-10.3249,-36.131,0.4946022,
2,53.944,2,4.498184,94.31929,-1.266448,0.2815465,2.68075,-10.3249,-36.131,0.4946022,
2,53.954,2,4.499883,94.31352,-1.262138,0.2804823,2.68075,-10.3249,-36.131,0.4946022,
2,53.964,2,4.503085,94.31625,-1.262979,0.2804697,2.68075,-10.3249,-36.131,0.4946022,
2,53.974,2,4.501723,94.3146,-1.262323,0.2804089,2.68075,-10.3249,-36.131,0.4946022,
2,53.984,2,4.500335,94.31192,-1.259332,0.2798307,2.68075,-10.3249,-36.131,0.4946022,
2,53.994,2,4.500587,94.31485,-1.261425,0.28028,2.68075,-10.3249,-36.131,0.4946022,
2,54.004,2,4.500247,94.31781,-1.261906,0.2804082,2.68075,-10.3249,-36.131,0.4946022,
2,54.014,2,4.501724,94.31918,-1.263475,0.2806648,2.68075,-10.3249,-36.131,0.4946022,
2,54.024,2,4.500424,94.31859,-1.26429,0.2809268,2.68075,-10.3249,-36.131,0.4946022,
2,54.034,2,4.499156,94.31574,-1.263949,0.2809303,2.67257,-10.3249,-36.1321,0.4957008,
2,54.044,2,4.501195,94.3082,-1.264397,0.2809024,2.67257,-10.3249,-36.1321,0.4957008,
2,54.054,2,4.500116,94.30772,-1.267015,0.2815517,2.67257,-10.3249,-36.1321,0.4957008,
2,54.064,2,4.500269,94.31533,-1.266147,0.2813493,2.67257,-10.3249,-36.1321,0.4957008,
2,54.074,2,4.49975,94.31226,-1.266705,0.2815056,2.67257,-10.3249,-36.1321,0.4957008,
2,54.084,2,4.498885,94.33041,-1.267507,0.281738,2.67257,-10.3249,-36.1321,0.4957008,
2,54.094,2,4.501767,94.31579,-1.26659,0.2813541,2.67257,-10.3249,-36.1321,0.4957008,
2,54.104,2,4.498094,94.31155,-1.263141,0.280817,2.67257,-10.3249,-36.1321,0.4957008,
2,54.114,2,4.499836,94.30658,-1.264464,0.2810023,2.67257,-10.3249,-36.1321,0.4957008,
2,54.124,2,4.499774,94.31247,-1.262003,0.2804592,2.67257,-10.3249,-36.1321,0.4957008,
2,54.134,2,4.499053,94.31448,-1.261662,0.2804283,2.67257,-10.3249,-36.1321,0.4957008,
2,54.144,2,4.498036,94.32825,-1.261437,0.2804418,2.67257,-10.3249,-36.1321,0.4957008,
2,54.154,2,4.50068,94.31842,-1.263,0.2806244,2.67257,-10.3249,-36.1321,0.4957008,
2,54.164,2,4.504686,94.30732,-1.261196,0.2799743,2.67257,-10.3249,-36.1321,0.4957008,
2,54.174,2,4.511956,94.30386,-1.265944,0.2805754,2.67257,-10.3249,-36.1321,0.4957008,
2,54.184,2,4.517828,94.31232,-1.266032,0.2802302,2.67257,-10.3249,-36.1321,0.4957008,
2,54.194,2,4.519686,94.31281,-1.269837,0.280957,2.67257,-10.3249,-36.1321,0.4957008,
2,54.204,2,4.52376,94.32113,-1.271933,0.2811673,2.67257,-10.3249,-36.1321,0.4957008,
2,54.214,2,4.522369,94.30803,-1.272681,0.281419,2.67257,-10.3249,-36.1321,0.4957008,
2,54.224,2,4.522648,94.31011,-1.27294,0.281459,2.67257,-10.3249,-36.1321,0.4957008,
2,54.234,2,4.521154,94.3124,-1.274446,0.2818851,2.67257,-10.3249,-36.1321,0.4957008,
2,54.244,2,4.522405,94.30941,-1.271173,0.2810833,2.67257,-10.3249,-36.1321,0.4957008,
2,54.254,2,4.523893,94.31211,-1.269069,0.2805259,2.67257,-10.3249,-36.1321,0.4957008,
2,54.264,2,4.522411,94.32466,-1.269561,0.2807266,2.67257,-10.3249,-36.1321,0.4957008,
2,54.274,2,4.520853,94.31495,-1.266732,0.2801975,2.67257,-10.3249,-36.1321,0.4957008,
2,54.284,2,4.523346,94.31119,-1.266098,0.279903,2.67257,-10.3249,-36.1321,0.4957008,
2,54.294,2,4.521188,94.30537,-1.268625,0.2805955,2.6628,-10.3249,-36.1331,0.4967003,
2,54.304,2,4.522316,94.31199,-1.267982,0.2803833,2.6628,-10.3249,-36.1331,0.4967003,
2,54.314,2,4.521266,94.31327,-1.27242,0.2814301,2.6628,-10.3249,-36.1331,0.4967003,
2,54.324,2,4.520724,94.31749,-1.272952,0.2815814,2.6628,-10.3249,-36.1331,0.4967003,
2,54.334,2,4.521097,94.31252,-1.270692,0.2810583,2.6628,-10.3249,-36.1331,0.4967003,
2,54.344,2,4.521813,94.31271,-1.272427,0.2813975,2.6628,-10.3249,-36.1331,0.4967003,
2,54.354,2,4.521163,94.30907,-1.274099,0.2818077,2.6628,-10.3249,-36.1331,0.4967003,
2,54.364,2,4.521501,94.31652,-1.270805,0.2810583,2.6628,-10.3249,-36.1331,0.4967003,
2,54.374,2,4.520538,94.31645,-1.275499,0.2821563,2.6628,-10.3249,-36.1331,0.4967003,
2,54.384,2,4.521013,94.31323,-1.27329,0.2816381,2.6628,-10.3249,-36.1331,0.4967003,
2,54.394,2,4.523237,94.3127,-1.272753,0.281381,2.6628,-10.3249,-36.1331,0.4967003,
2,54.404,2,4.520362,94.31327,-1.272417,0.2814857,2.6628,-10.3249,-36.1331,0.4967003,
2,54.414,2,4.525619,94.31709,-1.271614,0.2809813,2.6628,-10.3249,-36.1331,0.4967003,
2,54.424,2,4.527865,94.31236,-1.270302,0.280552,2.6628,-10.3249,-36.1331,0.4967003,
2,54.434,2,4.532012,94.30961,-1.27378,0.2810629,2.6628,-10.3249,-36.1331,0.4967003,
2,54.444,2,4.537903,94.31385,-1.275101,0.2809891,2.6628,-10.3249,-36.1331,0.4967003,
2,54.454,2,4.545242,94.31668,-1.275168,0.28055,2.6628,-10.3249,-36.1331,0.4967003,
2,54.464,2,4.542815,94.30891,-1.276471,0.2809869,2.6628,-10.3249,-36.1331,0.4967003,
2,54.474,2,4.544307,94.31196,-1.277956,0.2812213,2.6628,-10.3249,-36.1331,0.4967003,
2,54.484,2,4.545125,94.31142,-1.274989,0.280518,2.6628,-10.3249,-36.1331,0.4967003,
2,54.494,2,4.543767,94.31185,-1.276951,0.2810335,2.6628,-10.3249,-36.1331,0.4967003,
2,54.504,2,4.54298,94.31778,-1.27814,0.2813439,2.6628,-10.3249,-36.1331,0.4967003,
2,54.514,2,4.542219,94.31596,-1.277293,0.2812047,2.6628,-10.3249,-36.1331,0.4967003,
2,54.524,2,4.543966,94.31265,-1.277589,0.2811616,2.6628,-10.3249,-36.1331,0.4967003,
2,54.534,2,4.545437,94.3133,-1.275921,0.2807037,2.6628,-10.3249,-36.1331,0.4967003,
2,54.544,2,4.546799,94.31625,-1.274517,0.2803109,2.6628,-10.3249,-36.1331,0.4967003,
2,54.554,2,4.544977,94.30598,-1.274711,0.2804659,2.6628,-10.3249,-36.1331,0.4967003,
2,54.564,2,4.543887,94.31263,-1.272735,0.2800984,2.6628,-10.3249,-36.1331,0.4967003,
2,54.574,2,4.543554,94.3177,-1.270827,0.279699,2.6628,-10.3249,-36.1331,0.4967003,
2,54.584,2,4.544912,94.3173,-1.271767,0.2798222,2.65407,-10.3249,-36.1342,0.4978027,
2,54.594,2,4.543783,94.31786,-1.271218,0.2797709,2.65407,-10.3249,-36.1342,0.4978027,
2,54.604,2,4.542777,94.31341,-1.270922,0.2797676,2.65407,-10.3249,-36.1342,0.4978027,
2,54.614,2,4.544991,94.31091,-1.271615,0.2797839,2.65407,-10.3249,-36.1342,0.4978027,
2,54.624,2,4.543707,94.3146,-1.270885,0.2797021,2.65407,-10.3249,-36.1342,0.4978027,
2,54.634,2,4.544085,94.31851,-1.270369,0.2795655,2.65407,-10.3249,-36.1342,0.4978027,
2,54.644,2,4.543818,94.32059,-1.273967,0.2803737,2.65407,-10.3249,-36.1342,0.4978027,
2,54.654,2,4.542053,94.31942,-1.276123,0.2809574,2.65407,-10.3249,-36.1342,0.4978027,
2,54.664,2,4.543239,94.32069,-1.271109,0.2797804,2.65407,-10.3249,-36.1342,0.4978027,
2,54.674,2,4.5414,94.30268,-1.271006,0.2798709,2.65407,-10.3249,-36.1342,0.4978027,
2,54.684,2,4.542912,94.31508,-1.268719,0.2792745,2.65407,-10.3249,-36.1342,0.4978027,
2,54.694,2,4.545554,94.32195,-1.265,0.278294,2.65407,-10.3249,-36.1342,0.4978027,
2,54.704,2,4.547456,94.31841,-1.26478,0.2781291,2.65407,-10.3249,-36.1342,0.4978027,
2,54.714,2,4.551234,94.3224,-1.264995,0.2779456,2.65407,-10.3249,-36.1342,0.4978027,
2,54.724,2,4.558427,94.31395,-1.266357,0.2778056,2.65407,-10.3249,-36.1342,0.4978027,
2,54.734,2,4.562623,94.29806,-1.268388,0.2779953,2.65407,-10.3249,-36.1342,0.4978027,
2,54.744,2,4.566268,94.32059,-1.266526,0.2773656,2.65407,-10.3249,-36.1342,0.4978027,
2,54.754,2,4.5646,94.32001,-1.268095,0.2778108,2.65407,-10.3249,-36.1342,0.4978027,
2,54.764,2,4.566052,94.32722,-1.26746,0.2775833,2.65407,-10.3249,-36.1342,0.4978027,
2,54.774,2,4.567366,94.31821,-1.266461,0.2772849,2.65407,-10.3249,-36.1342,0.4978027,
2,54.784,2,4.565539,94.31458,-1.269624,0.2780885,2.65407,-10.3249,-36.1342,0.4978027,
2,54.794,2,4.565416,94.31087,-1.270177,0.2782171,2.65407,-10.3249,-36.1342,0.4978027,
2,54.804,2,4.563764,94.31677,-1.267739,0.2777836,2.65407,-10.3249,-36.1342,0.4978027,
2,54.814,2,4.565868,94.31876,-1.268055,0.2777249,2.65407,-10.3249,-36.1342,0.4978027,
2,54.824,2,4.569546,94.3196,-1.268216,0.2775365,2.65407,-10.3249,-36.1342,0.4978027,
2,54.834,2,4.564909,94.31506,-1.266958,0.2775429,2.64535,-10.3249,-36.1352,0.4988022,
2,54.844,2,4.565942,94.31892,-1.267781,0.2776603,2.64535,-10.3249,-36.1352,0.4988022,
2,54.854,2,4.564581,94.31367,-1.268636,0.2779303,2.64535,-10.3249,-36.1352,0.4988022,
2,54.864,2,4.566133,94.31468,-1.265287,0.2771025,2.64535,-10.3249,-36.1352,0.4988022,
2,54.874,2,4.566567,94.31581,-1.265985,0.277229,2.64535,-10.3249,-36.1352,0.4988022,
2,54.884,2,4.569141,94.31903,-1.266036,0.2770841,2.64535,-10.3249,-36.1352,0.4988022,
2,54.894,2,4.568915,94.31464,-1.26629,0.2771533,2.64535,-10.3249,-36.1352,0.4988022,
2,54.904,2,4.567555,94.31369,-1.268297,0.2776753,2.64535,-10.3249,-36.1352,0.4988022,
2,54.914,2,4.5651,94.31635,-1.2687,0.2779128,2.64535,-10.3249,-36.1352,0.4988022,
2,54.924,2,4.567547,94.31802,-1.265008,0.2769558,2.64535,-10.3249,-36.1352,0.4988022,
2,54.934,2,4.566118,94.32041,-1.26926,0.2779736,2.64535,-10.3249,-36.1352,0.4988022,
2,54.944,2,4.564916,94.31852,-1.268338,0.2778447,2.64535,-10.3249,-36.1352,0.4988022,
2,54.954,2,4.568094,94.3176,-1.267981,0.2775734,2.64535,-10.3249,-36.1352,0.4988022,
2,54.964,2,4.573434,94.32099,-1.269284,0.2775341,2.64535,-10.3249,-36.1352,0.4988022,
2,54.974,2,4.575184,94.31353,-1.268425,0.2772402,2.64535,-10.3249,-36.1352,0.4988022,
2,54.984,2,4.58413,94.30956,-1.265632,0.2760899,2.64535,-10.3249,-36.1352,0.4988022,
2,54.994,2,4.586692,94.32227,-1.266372,0.276097,2.64535,-10.3249,-36.1352,0.4988022,
2,55.004,2,4.590166,94.31908,-1.265245,0.2756425,2.64535,-10.3249,-36.1352,0.4988022,
2,55.014,2,4.591084,94.31577,-1.263855,0.2752846,2.64535,-10.3249,-36.1352,0.4988022,
2,55.024,2,4.589918,94.32249,-1.264712,0.2755413,2.64535,-10.3249,-36.1352,0.4988022,
2,55.034,2,4.587405,94.31249,-1.265106,0.2757781,2.64535,-10.3249,-36.1352,0.4988022,
2,55.044,2,4.589005,94.31287,-1.263426,0.2753159,2.64535,-10.3249,-36.1352,0.4988022,
2,55.054,2,4.589099,94.31727,-1.265811,0.27583,2.64535,-10.3249,-36.1352,0.4988022,
2,55.064,2,4.589746,94.31364,-1.264503,0.2755061,2.64535,-10.3249,-36.1352,0.4988022,
2,55.074,2,4.588074,94.31711,-1.265345,0.2757901,2.64535,-10.3249,-36.1352,0.4988022,
2,55.084,2,4.589094,94.32142,-1.267287,0.276152,2.63558,-10.3249,-36.1362,0.4998016,
2,55.094,2,4.591269,94.31769,-1.266914,0.2759397,2.63558,-10.3249,-36.1362,0.4998016,
2,55.104,2,4.590866,94.31824,-1.263522,0.2752252,2.63558,-10.3249,-36.1362,0.4998016,
2,55.114,2,4.589262,94.32269,-1.264486,0.2755315,2.63558,-10.3249,-36.1362,0.4998016,
2,55.124,2,4.590504,94.31416,-1.25993,0.2744643,2.63558,-10.3249,-36.1362,0.4998016,
2,55.134,2,4.591682,94.31401,-1.258846,0.274158,2.63558,-10.3249,-36.1362,0.4998016,
2,55.144,2,4.591989,94.3326,-1.259893,0.2743677,2.63558,-10.3249,-36.1362,0.4998016,
2,55.154,2,4.590466,94.3147,-1.257652,0.2739704,2.63558,-10.3249,-36.1362,0.4998016,
2,55.164,2,4.589789,94.31544,-1.255633,0.273571,2.63558,-10.3249,-36.1362,0.4998016,
2,55.174,2,4.589919,94.3136,-1.258929,0.2742813,2.63558,-10.3249,-36.1362,0.4998016,
2,55.184,2,4.590344,94.31684,-1.25684,0.2738009,2.63558,-10.3249,-36.1362,0.4998016,
2,55.194,2,4.589291,94.3119,-1.258759,0.2742818,2.63558,-10.3249,-36.1362,0.4998016,
2,55.204,2,4.590475,94.31723,-1.260592,0.2746104,2.63558,-10.3249,-36.1362,0.4998016,
2,55.214,2,4.5925,94.31304,-1.259681,0.2742908,2.63558,-10.3249,-36.1362,0.4998016,
2,55.224,2,4.598146,94.31763,-1.259094,0.2738265,2.63558,-10.3249,-36.1362,0.4998016,
2,55.234,2,4.599384,94.31898,-1.262199,0.2744279,2.63558,-10.3249,-36.1362,0.4998016,
2,55.244,2,4.607301,94.31371,-1.261752,0.2738592,2.63558,-10.3249,-36.1362,0.4998016,
2,55.254,2,4.608289,94.31609,-1.262026,0.27386,2.63558,-10.3249,-36.1362,0.4998016,
2,55.264,2,4.610987,94.31973,-1.261138,0.2735072,2.63558,-10.3249,-36.1362,0.4998016,
2,55.274,2,4.612344,94.31261,-1.261244,0.2734496,2.63558,-10.3249,-36.1362,0.4998016,
2,55.284,2,4.612218,94.31358,-1.259384,0.273054,2.63558,-10.3249,-36.1362,0.4998016,
2,55.294,2,4.60982,94.31163,-1.260299,0.2733944,2.63558,-10.3249,-36.1362,0.4998016,
2,55.304,2,4.612475,94.31403,-1.255447,0.272185,2.63558,-10.3249,-36.1362,0.4998016,
2,55.314,2,4.614339,94.31558,-1.256066,0.2722093,2.63558,-10.3249,-36.1362,0.4998016,
2,55.324,2,4.61166,94.31836,-1.256631,0.2724899,2.63558,-10.3249,-36.1362,0.4998016,
2,55.334,2,4.609718,94.315,-1.257089,0.2727041,2.63558,-10.3249,-36.1362,0.4998016,
2,55.344,2,4.612144,94.3109,-1.256933,0.2725268,2.63558,-10.3249,-36.1362,0.4998016,
2,55.354,2,4.610597,94.31232,-1.258197,0.2728924,2.63558,-10.3249,-36.1362,0.4998016,
2,55.364,2,4.612565,94.31005,-1.255385,0.2721664,2.63558,-10.3249,-36.1362,0.4998016,
2,55.374,2,4.610924,94.31537,-1.259616,0.2731809,2.63558,-10.3249,-36.1362,0.4998016,
2,55.384,2,4.613072,94.31573,-1.259232,0.2729704,2.62685,-10.3249,-36.1372,0.5008011,
2,55.394,2,4.610791,94.31452,-1.258765,0.2730041,2.62685,-10.3249,-36.1372,0.5008011,
2,55.404,2,4.610101,94.31064,-1.258861,0.2730658,2.62685,-10.3249,-36.1372,0.5008011,
2,55.414,2,4.611525,94.31336,-1.257193,0.2726198,2.62685,-10.3249,-36.1372,0.5008011,
2,55.424,2,4.612143,94.31564,-1.252857,0.2716433,2.62685,-10.3249,-36.1372,0.5008011,
2,55.434,2,4.610035,94.31362,-1.25369,0.2719482,2.62685,-10.3249,-36.1372,0.5008011,
2,55.444,2,4.610637,94.31546,-1.253911,0.2719604,2.62685,-10.3249,-36.1372,0.5008011,
2,55.454,2,4.612542,94.31688,-1.248937,0.2707698,2.62685,-10.3249,-36.1372,0.5008011,
2,55.464,2,4.612045,94.30441,-1.250558,0.2711505,2.62685,-10.3249,-36.1372,0.5008011,
2,55.474,2,4.612102,94.31268,-1.252729,0.2716177,2.62685,-10.3249,-36.1372,0.5008011,
2,55.484,2,4.610349,94.31495,-1.25115,0.2713787,2.62685,-10.3249,-36.1372,0.5008011,
2,55.494,2,4.612587,94.31939,-1.25451,0.2719753,2.62685,-10.3249,-36.1372,0.5008011,
2,55.504,2,4.614614,94.3125,-1.253887,0.2717208,2.62685,-10.3249,-36.1372,0.5008011,
2,55.514,2,4.617974,94.31905,-1.251316,0.2709665,2.62685,-10.3249,-36.1372,0.5008011,
2,55.524,2,4.623086,94.30865,-1.253819,0.2712083,2.62685,-10.3249,-36.1372,0.5008011,
2,55.534,2,4.627553,94.31796,-1.254739,0.2711454,2.62685,-10.3249,-36.1372,0.5008011,
2,55.544,2,4.632547,94.31239,-1.255615,0.271042,2.62685,-10.3249,-36.1372,0.5008011,
2,55.554,2,4.63487,94.30273,-1.255929,0.270974,2.62685,-10.3249,-36.1372,0.5008011,
2,55.564,2,4.631728,94.31342,-1.255277,0.271017,2.62685,-10.3249,-36.1372,0.5008011,
2,55.574,2,4.633176,94.31389,-1.253102,0.2704629,2.62685,-10.3249,-36.1372,0.5008011,
2,55.584,2,4.633422,94.31386,-1.253059,0.2704392,2.62685,-10.3249,-36.1372,0.5008011,
2,55.594,2,4.634192,94.31425,-1.250384,0.2698171,2.62685,-10.3249,-36.1372,0.5008011,
2,55.604,2,4.633269,94.30992,-1.250086,0.2698066,2.62685,-10.3249,-36.1372,0.5008011,
2,55.614,2,4.634044,94.29474,-1.252582,0.2702999,2.62685,-10.3249,-36.1372,0.5008011,
2,55.624,2,4.631984,94.31351,-1.25334,0.2705839,2.62685,-10.3249,-36.1372,0.5008011,
2,55.634,2,4.633811,94.3144,-1.254013,0.2706223,2.61812,-10.3249,-36.1383,0.5019035,
2,55.644,2,4.631084,94.31068,-1.256373,0.2712913,2.61812,-10.3249,-36.1383,0.5019035,
2,55.654,2,4.631653,94.31326,-1.254772,0.2709124,2.61812,-10.3249,-36.1383,0.5019035,
2,55.664,2,4.634555,94.31239,-1.255707,0.2709444,2.61812,-10.3249,-36.1383,0.5019035,
2,55.674,2,4.632053,94.30348,-1.257186,0.2714101,2.61812,-10.3249,-36.1383,0.5019035,
2,55.684,2,4.632783,94.30997,-1.255807,0.2710696,2.61812,-10.3249,-36.1383,0.5019035,
2,55.694,2,4.632448,94.30927,-1.254027,0.270705,2.61812,-10.3249,-36.1383,0.5019035,
2,55.704,2,4.632634,94.30182,-1.258128,0.2715793,2.61812,-10.3249,-36.1383,0.5019035,
2,55.714,2,4.631286,94.3109,-1.255054,0.2709946,2.61812,-10.3249,-36.1383,0.5019035,
2,55.724,2,4.632128,94.31419,-1.251063,0.2700839,2.61812,-10.3249,-36.1383,0.5019035,
2,55.734,2,4.634027,94.30438,-1.250772,0.2699103,2.61812,-10.3249,-36.1383,0.5019035,
2,55.744,2,4.632936,94.30904,-1.248111,0.2693996,2.61812,-10.3249,-36.1383,0.5019035,
2,55.754,2,4.633119,94.30954,-1.245572,0.268841,2.61812,-10.3249,-36.1383,0.5019035,
2,55.764,2,4.63676,94.30608,-1.246484,0.2688265,2.61812,-10.3249,-36.1383,0.5019035,
2,55.774,2,4.6432,94.3057,-1.245655,0.268275,2.61812,-10.3249,-36.1383,0.5019035,
2,55.784,2,4.649011,94.30782,-1.245994,0.2680127,2.61812,-10.3249,-36.1383,0.5019035,
2,55.794,2,4.654627,94.30646,-1.248437,0.2682142,2.61812,-10.3249,-36.1383,0.5019035,
2,55.804,2,4.655201,94.3069,-1.245979,0.267653,2.61812,-10.3249,-36.1383,0.5019035,
2,55.814,2,4.655814,94.30838,-1.248034,0.2680593,2.61812,-10.3249,-36.1383,0.5019035,
2,55.824,2,4.653811,94.30981,-1.247683,0.2680992,2.61812,-10.3249,-36.1383,0.5019035,
2,55.834,2,4.655151,94.30958,-1.247341,0.2679485,2.61812,-10.3249,-36.1383,0.5019035,
2,55.844,2,4.654819,94.30793,-1.248822,0.2682859,2.61812,-10.3249,-36.1383,0.5019035,
2,55.854,2,4.653372,94.30632,-1.250035,0.2686299,2.61812,-10.3249,-36.1383,0.5019035,
2,55.864,2,4.654384,94.30807,-1.246872,0.2678921,2.61812,-10.3249,-36.1383,0.5019035,
2,55.874,2,4.654117,94.31395,-1.247941,0.2681371,2.61812,-10.3249,-36.1383,0.5019035,
2,55.884,2,4.653867,94.30955,-1.246687,0.2678819,2.61812,-10.3249,-36.1383,0.5019035,
2,55.894,2,4.653324,94.30728,-1.245883,0.2677403,2.60835,-10.3249,-36.1393,0.502903,
2,55.904,2,4.656638,94.30757,-1.246307,0.2676409,2.60835,-10.3249,-36.1393,0.502903,
2,55.914,2,4.655459,94.30215,-1.247681,0.2680039,2.60835,-10.3249,-36.1393,0.502903,
2,55.924,2,4.653941,94.30431,-1.246477,0.2678325,2.60835,-10.3249,-36.1393,0.502903,
2,55.934,2,4.654099,94.3171,-1.248119,0.2681763,2.60835,-10.3249,-36.1393,0.502903,
2,55.944,2,4.653453,94.30586,-1.245952,0.2677478,2.60835,-10.3249,-36.1393,0.502903,
2,55.954,2,4.655531,94.30358,-1.246727,0.2677947,2.60835,-10.3249,-36.1393,0.502903,
2,55.964,2,4.652672,94.30418,-1.24968,0.268594,2.60835,-10.3249,-36.1393,0.502903,
2,55.974,2,4.654602,94.30235,-1.249696,0.2684861,2.60835,-10.3249,-36.1393,0.502903,
2,55.984,2,4.655361,94.30093,-1.248939,0.2682797,2.60835,-10.3249,-36.1393,0.502903,
2,55.994,2,4.653698,94.31918,-1.249544,0.2685056,2.60835,-10.3249,-36.1393,0.502903,
2,56.004,2,4.653453,94.30647,-1.245871,0.2677305,2.60835,-10.3249,-36.1393,0.502903,
2,56.014,2,4.656185,94.30738,-1.245367,0.2674652,2.60835,-10.3249,-36.1393,0.502903,
2,56.024,2,4.662093,94.30832,-1.246217,0.2673084,2.60835,-10.3249,-36.1393,0.502903,
2,56.034,2,4.664844,94.29879,-1.243268,0.2665187,2.60835,-10.3249,-36.1393,0.502903,
2,56.044,2,4.671757,94.29886,-1.243116,0.2660917,2.60835,-10.3249,-36.1393,0.502903,
2,56.054,2,4.674949,94.30942,-1.245801,0.2664843,2.60835,-10.3249,-36.1393,0.502903,
2,56.064,2,4.674293,94.30048,-1.246505,0.2666724,2.60835,-10.3249,-36.1393,0.502903,
2,56.074,2,4.67749,94.29877,-1.246827,0.2665589,2.60835,-10.3249,-36.1393,0.502903,
2,56.084,2,4.674055,94.29727,-1.24969,0.2673675,2.60835,-10.3249,-36.1393,0.502903,
2,56.094,2,4.675447,94.29678,-1.249827,0.2673171,2.60835,-10.3249,-36.1393,0.502903,
2,56.104,2,4.674911,94.29826,-1.249868,0.2673566,2.60835,-10.3249,-36.1393,0.502903,
2,56.114,2,4.676145,94.30342,-1.250589,0.2674402,2.60835,-10.3249,-36.1393,0.502903,
2,56.124,2,4.675814,94.29819,-1.247725,0.2668467,2.60835,-10.3249,-36.1393,0.502903,
2,56.134,2,4.676268,94.29503,-1.24905,0.2671041,2.60835,-10.3249,-36.1393,0.502903,
2,56.144,2,4.675625,94.30071,-1.251078,0.2675744,2.60835,-10.3249,-36.1393,0.502903,
2,56.154,2,4.673813,94.2969,-1.24822,0.2670668,2.60835,-10.3249,-36.1393,0.502903,
2,56.164,2,4.676096,94.29482,-1.246987,0.2666727,2.60835,-10.3249,-36.1393,0.502903,
2,56.174,2,4.675567,94.29696,-1.247794,0.2668754,2.60835,-10.3249,-36.1393,0.502903,
2,56.184,2,4.676081,94.29273,-1.247424,0.2667671,2.59965,-10.3249,-36.1404,0.5040016,
2,56.194,2,4.676777,94.29301,-1.246561,0.2665427,2.59965,-10.3249,-36.1404,0.5040016,
2,56.204,2,4.675475,94.30121,-1.245605,0.2664126,2.59965,-10.3249,-36.1404,0.5040016,
2,56.214,2,4.674379,94.29043,-1.246427,0.2666509,2.59965,-10.3249,-36.1404,0.5040016,
2,56.224,2,4.675254,94.29374,-1.247091,0.266743,2.59965,-10.3249,-36.1404,0.5040016,
2,56.234,2,4.675539,94.29457,-1.247041,0.2667159,2.59965,-10.3249,-36.1404,0.5040016,
2,56.244,2,4.677247,94.29032,-1.246906,0.2665897,2.59965,-10.3249,-36.1404,0.5040016,
2,56.254,2,4.673602,94.29019,-1.249262,0.2673018,2.59965,-10.3249,-36.1404,0.5040016,
2,56.264,2,4.67147,94.29333,-1.251872,0.2679825,2.59965,-10.3249,-36.1404,0.5040016,
2,56.274,2,4.67373,94.28779,-1.252062,0.2678935,2.59965,-10.3249,-36.1404,0.5040016,
2,56.284,2,4.674612,94.29066,-1.253262,0.2680998,2.59965,-10.3249,-36.1404,0.5040016,
2,56.294,2,4.673326,94.29253,-1.25499,0.2685433,2.59965,-10.3249,-36.1404,0.5040016,
2,56.304,2,4.677702,94.29058,-1.251902,0.2676317,2.59965,-10.3249,-36.1404,0.5040016,
2,56.314,2,4.681992,94.29398,-1.254151,0.2678669,2.59965,-10.3249,-36.1404,0.5040016,
2,56.324,2,4.686951,94.28654,-1.255402,0.2678504,2.59965,-10.3249,-36.1404,0.5040016,
2,56.334,2,4.695096,94.28663,-1.252305,0.2667261,2.59965,-10.3249,-36.1404,0.5040016,
2,56.344,2,4.698263,94.28283,-1.25225,0.2665346,2.59965,-10.3249,-36.1404,0.5040016,
2,56.354,2,4.698515,94.2865,-1.255399,0.2671907,2.59965,-10.3249,-36.1404,0.5040016,
2,56.364,2,4.69944,94.2868,-1.257119,0.267504,2.59965,-10.3249,-36.1404,0.5040016,
2,56.374,2,4.699445,94.2828,-1.260222,0.268164,2.59965,-10.3249,-36.1404,0.5040016,
2,56.384,2,4.698434,94.28455,-1.262614,0.2687309,2.59965,-10.3249,-36.1404,0.5040016,
2,56.394,2,4.698196,94.28601,-1.263058,0.2688389,2.59965,-10.3249,-36.1404,0.5040016,
2,56.404,2,4.698239,94.28043,-1.264813,0.2692099,2.59965,-10.3249,-36.1404,0.5040016,
2,56.414,2,4.698024,94.28471,-1.26512,0.2692876,2.59965,-10.3249,-36.1404,0.5040016,
2,56.424,2,4.698226,94.28781,-1.265025,0.2692559,2.5909,-10.3249,-36.1414,0.5050011,
2,56.434,2,4.698486,94.27792,-1.266255,0.2695028,2.5909,-10.3249,-36.1414,0.5050011,
2,56.444,2,4.696628,94.28447,-1.268067,0.2699952,2.5909,-10.3249,-36.1414,0.5050011,
2,56.454,2,4.695796,94.2818,-1.266734,0.2697592,2.5909,-10.3249,-36.1414,0.5050011,
2,56.464,2,4.69716,94.27868,-1.266273,0.2695828,2.5909,-10.3249,-36.1414,0.5050011,
2,56.474,2,4.696329,94.28448,-1.265331,0.2694297,2.5909,-10.3249,-36.1414,0.5050011,
2,56.484,2,4.696519,94.28189,-1.266361,0.2696383,2.5909,-10.3249,-36.1414,0.5050011,
2,56.494,2,4.696034,94.2785,-1.267516,0.269912,2.5909,-10.3249,-36.1414,0.5050011,
2,56.504,2,4.695715,94.26891,-1.27021,0.2705041,2.5909,-10.3249,-36.1414,0.5050011,
2,56.514,2,4.702278,94.28173,-1.267773,0.2696082,2.5909,-10.3249,-36.1414,0.5050011,
2,56.524,2,4.704592,94.27287,-1.27021,0.2699937,2.5909,-10.3249,-36.1414,0.5050011,
2,56.534,2,4.710619,94.27937,-1.271172,0.2698525,2.5909,-10.3249,-36.1414,0.5050011,
2,56.544,2,4.718124,94.27823,-1.273153,0.269843,2.5909,-10.3249,-36.1414,0.5050011,
2,56.554,2,4.719691,94.2826,-1.279258,0.2710469,2.5909,-10.3249,-36.1414,0.5050011,
2,56.564,2,4.719504,94.27544,-1.276881,0.270554,2.5909,-10.3249,-36.1414,0.5050011,
2,56.574,2,4.720922,94.27477,-1.278439,0.2708029,2.5909,-10.3249,-36.1414,0.5050011,
2,56.584,2,4.717796,94.26046,-1.280061,0.2713262,2.5909,-10.3249,-36.1414,0.5050011,
2,56.594,2,4.719953,94.27765,-1.279485,0.2710801,2.5909,-10.3249,-36.1414,0.5050011,
2,56.604,2,4.720767,94.2791,-1.276598,0.2704217,2.5909,-10.3249,-36.1414,0.5050011,
2,56.614,2,4.719287,94.27217,-1.277476,0.2706926,2.5909,-10.3249,-36.1414,0.5050011,
2,56.624,2,4.719942,94.2699,-1.276699,0.2704903,2.5909,-10.3249,-36.1414,0.5050011,
2,56.634,2,4.720268,94.27388,-1.274687,0.2700455,2.5909,-10.3249,-36.1414,0.5050011,
2,56.644,2,4.71913,94.26363,-1.275495,0.2702819,2.5909,-10.3249,-36.1414,0.5050011,
2,56.654,2,4.718441,94.27229,-1.27798,0.2708479,2.5909,-10.3249,-36.1414,0.5050011,
2,56.664,2,4.717355,94.27243,-1.277379,0.2707829,2.5909,-10.3249,-36.1414,0.5050011,
2,56.674,2,4.719595,94.27696,-1.280561,0.2713285,2.58275,-10.3249,-36.1425,0.5061035,
2,56.684,2,4.718269,94.26892,-1.28027,0.2713431,2.58275,-10.3249,-36.1425,0.5061035,
2,56.694,2,4.719017,94.26572,-1.28136,0.2715312,2.58275,-10.3249,-36.1425,0.5061035,
2,56.704,2,4.717048,94.26164,-1.284575,0.2723261,2.58275,-10.3249,-36.1425,0.5061035,
2,56.714,2,4.719573,94.27335,-1.282184,0.2716737,2.58275,-10.3249,-36.1425,0.5061035,
2,56.724,2,4.718536,94.27619,-1.28259,0.2718194,2.58275,-10.3249,-36.1425,0.5061035,
2,56.734,2,4.721847,94.27089,-1.285299,0.2722025,2.58275,-10.3249,-36.1425,0.5061035,
2,56.744,2,4.719009,94.26829,-1.282718,0.2718192,2.58275,-10.3249,-36.1425,0.5061035,
2,56.754,2,4.722533,94.26389,-1.282806,0.2716353,2.58275,-10.3249,-36.1425,0.5061035,
2,56.764,2,4.727893,94.26749,-1.284233,0.2716291,2.58275,-10.3249,-36.1425,0.5061035,
2,56.774,2,4.733596,94.26518,-1.283731,0.2711958,2.58275,-10.3249,-36.1425,0.5061035,
2,56.784,2,4.738369,94.26074,-1.284505,0.271086,2.58275,-10.3249,-36.1425,0.5061035,
2,56.794,2,4.741377,94.26483,-1.288676,0.2717937,2.58275,-10.3249,-36.1425,0.5061035,
2,56.804,2,4.742791,94.26902,-1.28923,0.2718295,2.58275,-10.3249,-36.1425,0.5061035,
2,56.814,2,4.742787,94.26463,-1.289395,0.2718644,2.58275,-10.3249,-36.1425,0.5061035,
2,56.824,2,4.741435,94.26227,-1.290692,0.2722155,2.58275,-10.3249,-36.1425,0.5061035,
2,56.834,2,4.742051,94.26205,-1.291117,0.2722697,2.58275,-10.3249,-36.1425,0.5061035,
2,56.844,2,4.742064,94.25966,-1.292814,0.272627,2.58275,-10.3249,-36.1425,0.5061035,
2,56.854,2,4.741815,94.26153,-1.295249,0.2731547,2.58275,-10.3249,-36.1425,0.5061035,
2,56.864,2,4.74272,94.26277,-1.293903,0.2728187,2.58275,-10.3249,-36.1425,0.5061035,
2,56.874,2,4.7433,94.27316,-1.297657,0.2735769,2.58275,-10.3249,-36.1425,0.5061035,
2,56.884,2,4.743563,94.25953,-1.295881,0.2731872,2.5746,-10.3249,-36.1435,0.507103,
2,56.894,2,4.741347,94.25886,-1.295403,0.273214,2.5746,-10.3249,-36.1435,0.507103,
2,56.904,2,4.74194,94.2625,-1.29568,0.2732383,2.5746,-10.3249,-36.1435,0.507103,
2,56.914,2,4.744611,94.26239,-1.295052,0.2729523,2.5746,-10.3249,-36.1435,0.507103,
2,56.924,2,4.743444,94.25967,-1.292564,0.2724948,2.5746,-10.3249,-36.1435,0.507103,
2,56.934,2,4.742576,94.2634,-1.294677,0.2729903,2.5746,-10.3249,-36.1435,0.507103,
2,56.944,2,4.740093,94.25839,-1.294882,0.2731764,2.5746,-10.3249,-36.1435,0.507103,
2,56.954,2,4.743107,94.25885,-1.296421,0.2733274,2.5746,-10.3249,-36.1435,0.507103,
2,56.964,2,4.741675,94.25182,-1.298374,0.2738218,2.5746,-10.3249,-36.1435,0.507103,
2,56.974,2,4.741374,94.26041,-1.301803,0.2745624,2.5746,-10.3249,-36.1435,0.507103,
2,56.984,2,4.740693,94.26206,-1.299295,0.2740728,2.5746,-10.3249,-36.1435,0.507103,
2,56.994,2,4.743824,94.27127,-1.300031,0.274047,2.5746,-10.3249,-36.1435,0.507103,
2,57.004,2,4.752548,94.25615,-1.301401,0.2738323,2.5746,-10.3249,-36.1435,0.507103,
2,57.014,2,4.755013,94.25379,-1.30179,0.273772,2.5746,-10.3249,-36.1435,0.507103,
2,57.024,2,4.76055,94.24991,-1.3054,0.274212,2.5746,-10.3249,-36.1435,0.507103,
2,57.034,2,4.763552,94.25708,-1.303767,0.2736963,2.5746,-10.3249,-36.1435,0.507103,
2,57.044,2,4.76427,94.25426,-1.301628,0.2732063,2.5746,-10.3249,-36.1435,0.507103,
2,57.054,2,4.762997,94.26191,-1.30268,0.2735002,2.5746,-10.3249,-36.1435,0.507103,
2,57.064,2,4.761047,94.25174,-1.301785,0.273424,2.5746,-10.3249,-36.1435,0.507103,
2,57.074,2,4.761409,94.254,-1.299002,0.2728187,2.5746,-10.3249,-36.1435,0.507103,
2,57.084,2,4.762932,94.2533,-1.30512,0.274016,2.5746,-10.3249,-36.1435,0.507103,
2,57.094,2,4.762081,94.25199,-1.303611,0.2737482,2.5746,-10.3249,-36.1435,0.507103,
2,57.104,2,4.763518,94.2513,-1.304156,0.2737801,2.5746,-10.3249,-36.1435,0.507103,
2,57.114,2,4.763255,94.2634,-1.306606,0.2743095,2.5746,-10.3249,-36.1435,0.507103,
2,57.124,2,4.76507,94.25352,-1.3047,0.273805,2.5746,-10.3249,-36.1435,0.507103,
2,57.134,2,4.762654,94.24525,-1.307904,0.2746166,2.5746,-10.3249,-36.1435,0.507103,
2,57.144,2,4.762197,94.2458,-1.308686,0.2748073,2.56643,-10.3249,-36.1445,0.5081024,
2,57.154,2,4.762479,94.24941,-1.307683,0.2745803,2.56643,-10.3249,-36.1445,0.5081024,
2,57.164,2,4.763889,94.24815,-1.309422,0.274864,2.56643,-10.3249,-36.1445,0.5081024,
2,57.174,2,4.76388,94.25754,-1.312033,0.2754127,2.56643,-10.3249,-36.1445,0.5081024,
2,57.184,2,4.762636,94.249,-1.309134,0.2748759,2.56643,-10.3249,-36.1445,0.5081024,
2,57.194,2,4.762995,94.24674,-1.309146,0.2748578,2.56643,-10.3249,-36.1445,0.5081024,
2,57.204,2,4.76166,94.2468,-1.309365,0.2749808,2.56643,-10.3249,-36.1445,0.5081024,
2,57.214,2,4.763092,94.2473,-1.308589,0.2747352,2.56643,-10.3249,-36.1445,0.5081024,
2,57.224,2,4.761559,94.25085,-1.308828,0.2748738,2.56643,-10.3249,-36.1445,0.5081024,
2,57.234,2,4.759249,94.25201,-1.310427,0.2753432,2.56643,-10.3249,-36.1445,0.5081024,
2,57.244,2,4.762619,94.24565,-1.309448,0.2749428,2.56643,-10.3249,-36.1445,0.5081024,
2,57.254,2,4.762166,94.24396,-1.311892,0.2754822,2.56643,-10.3249,-36.1445,0.5081024,
2,57.264,2,4.764202,94.24329,-1.31266,0.2755256,2.56643,-10.3249,-36.1445,0.5081024,
2,57.274,2,4.770379,94.25,-1.31132,0.274888,2.56643,-10.3249,-36.1445,0.5081024,
2,57.284,2,4.773601,94.24522,-1.312518,0.2749535,2.56643,-10.3249,-36.1445,0.5081024,
2,57.294,2,4.780504,94.24459,-1.315154,0.2751078,2.56643,-10.3249,-36.1445,0.5081024,
2,57.304,2,4.783174,94.24201,-1.314101,0.2747342,2.56643,-10.3249,-36.1445,0.5081024,
2,57.314,2,4.784369,94.24191,-1.315188,0.2748926,2.56643,-10.3249,-36.1445,0.5081024,
2,57.324,2,4.784903,94.24364,-1.317643,0.2753751,2.56643,-10.3249,-36.1445,0.5081024,
2,57.334,2,4.78383,94.24477,-1.314579,0.2747964,2.56643,-10.3249,-36.1445,0.5081024,
2,57.344,2,4.784647,94.2438,-1.314185,0.2746671,2.56643,-10.3249,-36.1445,0.5081024,
2,57.354,2,4.784304,94.24461,-1.314292,0.2747091,2.56643,-10.3249,-36.1445,0.5081024,
2,57.364,2,4.780954,94.24262,-1.310511,0.2741106,2.56643,-10.3249,-36.1445,0.5081024,
2,57.374,2,4.783356,94.24316,-1.313565,0.2746116,2.56643,-10.3249,-36.1445,0.5081024,
2,57.384,2,4.783368,94.24191,-1.314309,0.2747664,2.55825,-10.3249,-36.1455,0.5091019,
2,57.394,2,4.782218,94.23999,-1.312324,0.2744175,2.55825,-10.3249,-36.1455,0.5091019,
2,57.404,2,4.785313,94.24261,-1.315508,0.2749054,2.55825,-10.3249,-36.1455,0.5091019,
2,57.414,2,4.784399,94.24634,-1.315131,0.274879,2.55825,-10.3249,-36.1455,0.5091019,
2,57.424,2,4.785216,94.24312,-1.316712,0.2751626,2.55825,-10.3249,-36.1455,0.5091019,
2,57.434,2,4.783345,94.2484,-1.320935,0.276153,2.55825,-10.3249,-36.1455,0.5091019,
2,57.444,2,4.783616,94.24298,-1.31962,0.2758624,2.55825,-10.3249,-36.1455,0.5091019,
2,57.454,2,4.78296,94.24478,-1.318515,0.2756693,2.55825,-10.3249,-36.1455,0.5091019,
2,57.464,2,4.785656,94.23586,-1.322031,0.2762486,2.55825,-10.3249,-36.1455,0.5091019,
2,57.474,2,4.788887,94.24667,-1.319914,0.2756202,2.55825,-10.3249,-36.1455,0.5091019,
2,57.484,2,4.795282,94.23891,-1.31695,0.2746345,2.55825,-10.3249,-36.1455,0.5091019,
2,57.494,2,4.800922,94.25249,-1.320569,0.2750656,2.55825,-10.3249,-36.1455,0.5091019,
2,57.504,2,4.802681,94.24068,-1.319306,0.2747019,2.55825,-10.3249,-36.1455,0.5091019,
2,57.514,2,4.805967,94.24321,-1.318153,0.2742743,2.55825,-10.3249,-36.1455,0.5091019,
2,57.524,2,4.805938,94.23192,-1.319561,0.2745688,2.55825,-10.3249,-36.1455,0.5091019,
2,57.534,2,4.807182,94.23701,-1.320777,0.2747509,2.55825,-10.3249,-36.1455,0.5091019,
2,57.544,2,4.805872,94.2428,-1.321985,0.2750771,2.55825,-10.3249,-36.1455,0.5091019,
2,57.554,2,4.807284,94.24491,-1.323164,0.2752415,2.55825,-10.3249,-36.1455,0.5091019,
2,57.564,2,4.808116,94.24286,-1.323131,0.275187,2.55825,-10.3249,-36.1455,0.5091019,
2,57.574,2,4.806835,94.24501,-1.323898,0.2754199,2.55825,-10.3249,-36.1455,0.5091019,
2,57.584,2,4.807876,94.23326,-1.327274,0.2760624,2.55825,-10.3249,-36.1455,0.5091019,
2,57.594,2,4.807823,94.24121,-1.325595,0.2757162,2.55825,-10.3249,-36.1455,0.5091019,
2,57.604,2,4.805323,94.24255,-1.326728,0.2760954,2.55825,-10.3249,-36.1455,0.5091019,
2,57.614,2,4.807035,94.24686,-1.328046,0.2762713,2.55825,-10.3249,-36.1455,0.5091019,
2,57.624,2,4.808254,94.24192,-1.325065,0.2755814,2.55825,-10.3249,-36.1455,0.5091019,
2,57.634,2,4.805193,94.24474,-1.323805,0.2754946,2.5501,-10.3249,-36.1465,0.5101013,
2,57.644,2,4.807944,94.23355,-1.322884,0.2751455,2.5501,-10.3249,-36.1465,0.5101013,
2,57.654,2,4.805692,94.24786,-1.320756,0.2748315,2.5501,-10.3249,-36.1465,0.5101013,
2,57.664,2,4.805433,94.24409,-1.320261,0.2747433,2.5501,-10.3249,-36.1465,0.5101013,
2,57.674,2,4.804829,94.24387,-1.322762,0.2752984,2.5501,-10.3249,-36.1465,0.5101013,
2,57.684,2,4.80387,94.24435,-1.321232,0.2750349,2.5501,-10.3249,-36.1465,0.5101013,
2,57.694,2,4.804506,94.23917,-1.322299,0.2752205,2.5501,-10.3249,-36.1465,0.5101013,
2,57.704,2,4.80597,94.23657,-1.322861,0.2752537,2.5501,-10.3249,-36.1465,0.5101013,
2,57.714,2,4.81126,94.24211,-1.322567,0.2748901,2.5501,-10.3249,-36.1465,0.5101013,
2,57.724,2,4.815512,94.24377,-1.323577,0.274857,2.5501,-10.3249,-36.1465,0.5101013,
2,57.734,2,4.821642,94.24445,-1.328542,0.2755373,2.5501,-10.3249,-36.1465,0.5101013,
2,57.744,2,4.825641,94.24068,-1.32602,0.2747864,2.5501,-10.3249,-36.1465,0.5101013,
2,57.754,2,4.827368,94.24227,-1.329257,0.2753584,2.5501,-10.3249,-36.1465,0.5101013,
2,57.764,2,4.827974,94.23706,-1.327826,0.2750276,2.5501,-10.3249,-36.1465,0.5101013,
2,57.774,2,4.829223,94.24338,-1.325841,0.2745455,2.5501,-10.3249,-36.1465,0.5101013,
2,57.784,2,4.828338,94.24535,-1.324621,0.2743431,2.5501,-10.3249,-36.1465,0.5101013,
2,57.794,2,4.828854,94.24188,-1.323605,0.2741034,2.5501,-10.3249,-36.1465,0.5101013,
2,57.804,2,4.829014,94.242,-1.320707,0.2734941,2.5501,-10.3249,-36.1465,0.5101013,
2,57.814,2,4.82801,94.23978,-1.322244,0.2738693,2.5501,-10.3249,-36.1465,0.5101013,
2,57.824,2,4.826483,94.23574,-1.322585,0.2740266,2.5501,-10.3249,-36.1465,0.5101013,
2,57.834,2,4.82908,94.2393,-1.321571,0.2736693,2.5501,-10.3249,-36.1465,0.5101013,
2,57.844,2,4.828077,94.2396,-1.32236,0.2738895,2.54247,-10.3249,-36.1475,0.5111008,
2,57.854,2,4.827084,94.23729,-1.323522,0.2741867,2.54247,-10.3249,-36.1475,0.5111008,
2,57.864,2,4.827478,94.2369,-1.322753,0.2740051,2.54247,-10.3249,-36.1475,0.5111008,
2,57.874,2,4.827891,94.24691,-1.322869,0.2740056,2.54247,-10.3249,-36.1475,0.5111008,
2,57.884,2,4.828691,94.24046,-1.321853,0.2737498,2.54247,-10.3249,-36.1475,0.5111008,
2,57.894,2,4.827991,94.24048,-1.321946,0.2738087,2.54247,-10.3249,-36.1475,0.5111008,
2,57.904,2,4.82607,94.23428,-1.322586,0.2740503,2.54247,-10.3249,-36.1475,0.5111008,
2,57.914,2,4.827875,94.24175,-1.321281,0.2736776,2.54247,-10.3249,-36.1475,0.5111008,
2,57.924,2,4.82831,94.24471,-1.316997,0.2727657,2.54247,-10.3249,-36.1475,0.5111008,
2,57.934,2,4.826454,94.24673,-1.317645,0.2730047,2.54247,-10.3249,-36.1475,0.5111008,
2,57.944,2,4.827677,94.23809,-1.314397,0.2722627,2.54247,-10.3249,-36.1475,0.5111008,
2,57.954,2,4.826497,94.2411,-1.313273,0.2720965,2.54247,-10.3249,-36.1475,0.5111008,
2,57.964,2,4.829162,94.23138,-1.313436,0.2719802,2.54247,-10.3249,-36.1475,0.5111008,
2,57.974,2,4.833745,94.2343,-1.313526,0.2717408,2.54247,-10.3249,-36.1475,0.5111008,
2,57.984,2,4.839161,94.23845,-1.310721,0.2708571,2.54247,-10.3249,-36.1475,0.5111008,
2,57.994,2,4.845679,94.24361,-1.314753,0.2713248,2.54247,-10.3249,-36.1475,0.5111008,
2,58.004,2,4.850347,94.2361,-1.313704,0.2708475,2.54247,-10.3249,-36.1475,0.5111008,
2,58.014,2,4.846948,94.23682,-1.314504,0.2712025,2.54247,-10.3249,-36.1475,0.5111008,
2,58.024,2,4.848125,94.22534,-1.317474,0.2717492,2.54247,-10.3249,-36.1475,0.5111008,
2,58.034,2,4.849396,94.23987,-1.314005,0.2709627,2.54247,-10.3249,-36.1475,0.5111008,
2,58.044,2,4.849533,94.24203,-1.314838,0.2711267,2.54247,-10.3249,-36.1475,0.5111008,
2,58.054,2,4.84962,94.24818,-1.317183,0.2716055,2.54247,-10.3249,-36.1475,0.5111008,
2,58.064,2,4.84845,94.23744,-1.314303,0.271077,2.54247,-10.3249,-36.1475,0.5111008,
2,58.074,2,4.849515,94.2301,-1.313536,0.2708593,2.54247,-10.3249,-36.1475,0.5111008,
2,58.084,2,4.848911,94.22634,-1.313182,0.2708201,2.53323,-10.3249,-36.1484,0.512001,
2,58.094,2,4.849203,94.23106,-1.310474,0.2702453,2.53323,-10.3249,-36.1484,0.512001,
2,58.104,2,4.849952,94.23353,-1.30924,0.269949,2.53323,-10.3249,-36.1484,0.512001,
2,58.114,2,4.849109,94.23879,-1.311264,0.2704135,2.53323,-10.3249,-36.1484,0.512001,
2,58.124,2,4.847918,94.23889,-1.310302,0.2702814,2.53323,-10.3249,-36.1484,0.512001,
2,58.134,2,4.849904,94.23241,-1.312468,0.2706173,2.53323,-10.3249,-36.1484,0.512001,
2,58.144,2,4.847194,94.2267,-1.31306,0.2708908,2.53323,-10.3249,-36.1484,0.512001,
2,58.154,2,4.848638,94.23277,-1.31362,0.2709255,2.53323,-10.3249,-36.1484,0.512001,
2,58.164,2,4.846733,94.23373,-1.315187,0.2713552,2.53323,-10.3249,-36.1484,0.512001,
2,58.174,2,4.848304,94.23684,-1.316179,0.2714721,2.53323,-10.3249,-36.1484,0.512001,
2,58.184,2,4.846951,94.2336,-1.314465,0.2711942,2.53323,-10.3249,-36.1484,0.512001,
2,58.194,2,4.848645,94.23085,-1.313517,0.270904,2.53323,-10.3249,-36.1484,0.512001,
2,58.204,2,4.848751,94.22417,-1.314761,0.2711545,2.53323,-10.3249,-36.1484,0.512001,
2,58.214,2,4.854823,94.22702,-1.314842,0.2708322,2.53323,-10.3249,-36.1484,0.512001,
2,58.224,2,4.860794,94.23373,-1.312639,0.2700461,2.53323,-10.3249,-36.1484,0.512001,
2,58.234,2,4.863321,94.23814,-1.314047,0.2701953,2.53323,-10.3249,-36.1484,0.512001,
2,58.244,2,4.869197,94.22647,-1.313101,0.269675,2.53323,-10.3249,-36.1484,0.512001,
2,58.254,2,4.870258,94.22832,-1.314652,0.2699348,2.53323,-10.3249,-36.1484,0.512001,
2,58.264,2,4.868906,94.22548,-1.314768,0.2700336,2.53323,-10.3249,-36.1484,0.512001,
2,58.274,2,4.867208,94.22549,-1.315667,0.2703124,2.53323,-10.3249,-36.1484,0.512001,
2,58.284,2,4.869843,94.22895,-1.316103,0.2702558,2.53323,-10.3249,-36.1484,0.512001,
2,58.294,2,4.869013,94.22962,-1.317305,0.2705487,2.53323,-10.3249,-36.1484,0.512001,
2,58.304,2,4.868048,94.22592,-1.317043,0.2705485,2.53323,-10.3249,-36.1484,0.512001,
2,58.314,2,4.86679,94.2261,-1.319788,0.2711824,2.53323,-10.3249,-36.1484,0.512001,
2,58.324,2,4.868834,94.22675,-1.320103,0.2711332,2.53323,-10.3249,-36.1484,0.512001,
2,58.334,2,4.868758,94.22661,-1.320548,0.271229,2.53323,-10.3249,-36.1484,0.512001,
2,58.344,2,4.867182,94.22263,-1.322205,0.2716572,2.53323,-10.3249,-36.1484,0.512001,
2,58.354,2,4.867433,94.22733,-1.320731,0.2713404,2.53323,-10.3249,-36.1484,0.512001,
2,58.364,2,4.867565,94.22357,-1.317751,0.2707208,2.5256,-10.3249,-36.1493,0.5129013,
2,58.374,2,4.867956,94.22919,-1.318361,0.2708244,2.5256,-10.3249,-36.1493,0.5129013,
2,58.384,2,4.86839,94.22666,-1.317515,0.2706264,2.5256,-10.3249,-36.1493,0.5129013,
2,58.394,2,4.868072,94.2258,-1.313577,0.2698352,2.5256,-10.3249,-36.1493,0.5129013,
2,58.404,2,4.868185,94.2202,-1.313626,0.269839,2.5256,-10.3249,-36.1493,0.5129013,
2,58.414,2,4.869143,94.22674,-1.313974,0.2698573,2.5256,-10.3249,-36.1493,0.5129013,
2,58.424,2,4.867044,94.22598,-1.315266,0.2702391,2.5256,-10.3249,-36.1493,0.5129013,
2,58.434,2,4.866951,94.23186,-1.317654,0.270735,2.5256,-10.3249,-36.1493,0.5129013,
2,58.444,2,4.869009,94.2245,-1.315869,0.2702539,2.5256,-10.3249,-36.1493,0.5129013,
2,58.454,2,4.875575,94.2273,-1.317589,0.2702429,2.5256,-10.3249,-36.1493,0.5129013,
2,58.464,2,4.881531,94.22398,-1.317388,0.269872,2.5256,-10.3249,-36.1493,0.5129013,
2,58.474,2,4.883626,94.22385,-1.319992,0.2702893,2.5256,-10.3249,-36.1493,0.5129013,
2,58.484,2,4.887597,94.22295,-1.32077,0.270229,2.5256,-10.3249,-36.1493,0.5129013,
2,58.494,2,4.889311,94.23792,-1.321482,0.2702799,2.5256,-10.3249,-36.1493,0.5129013,
2,58.504,2,4.890287,94.22295,-1.319172,0.2697535,2.5256,-10.3249,-36.1493,0.5129013,
2,58.514,2,4.88976,94.22556,-1.316759,0.269289,2.5256,-10.3249,-36.1493,0.5129013,
2,58.524,2,4.888554,94.2179,-1.3141,0.2688116,2.5256,-10.3249,-36.1493,0.5129013,
2,58.534,2,4.890051,94.22202,-1.313367,0.2685794,2.5256,-10.3249,-36.1493,0.5129013,
2,58.544,2,4.888868,94.22433,-1.3126,0.2684875,2.5256,-10.3249,-36.1493,0.5129013,
2,58.554,2,4.889406,94.23545,-1.313965,0.2687372,2.5256,-10.3249,-36.1493,0.5129013,
2,58.564,2,4.890922,94.22549,-1.312101,0.2682728,2.5256,-10.3249,-36.1493,0.5129013,
2,58.574,2,4.890693,94.22099,-1.313803,0.2686333,2.5256,-10.3249,-36.1493,0.5129013,
2,58.584,2,4.887572,94.22224,-1.314452,0.2689376,2.5256,-10.3249,-36.1493,0.5129013,
2,58.594,2,4.888966,94.22438,-1.31442,0.2688543,2.5169,-10.3249,-36.1503,0.5139008,
2,58.604,2,4.889166,94.22395,-1.31501,0.2689641,2.5169,-10.3249,-36.1503,0.5139008,
2,58.614,2,4.89016,94.23174,-1.316358,0.269185,2.5169,-10.3249,-36.1503,0.5139008,
2,58.624,2,4.887949,94.22443,-1.31473,0.2689738,2.5169,-10.3249,-36.1503,0.5139008,
2,58.634,2,4.887001,94.22353,-1.316749,0.269439,2.5169,-10.3249,-36.1503,0.5139008,
2,58.644,2,4.888452,94.21679,-1.319228,0.2698662,2.5169,-10.3249,-36.1503,0.5139008,
2,58.654,2,4.890364,94.22185,-1.316153,0.2691319,2.5169,-10.3249,-36.1503,0.5139008,
2,58.664,2,4.887228,94.22394,-1.314942,0.2690567,2.5169,-10.3249,-36.1503,0.5139008,
2,58.674,2,4.88678,94.22507,-1.316031,0.2693044,2.5169,-10.3249,-36.1503,0.5139008,
2,58.684,2,4.88723,94.22064,-1.310778,0.2682047,2.5169,-10.3249,-36.1503,0.5139008,
2,58.694,2,4.888969,94.22201,-1.311868,0.2683322,2.5169,-10.3249,-36.1503,0.5139008,
2,58.704,2,4.889473,94.21305,-1.314464,0.2688354,2.5169,-10.3249,-36.1503,0.5139008,
2,58.714,2,4.887148,94.22191,-1.313337,0.2687328,2.5169,-10.3249,-36.1503,0.5139008,
2,58.724,2,4.893969,94.22508,-1.318767,0.2694678,2.5169,-10.3249,-36.1503,0.5139008,
2,58.734,2,4.897634,94.21832,-1.319259,0.2693666,2.5169,-10.3249,-36.1503,0.5139008,
2,58.744,2,4.90475,94.21692,-1.316241,0.2683605,2.5169,-10.3249,-36.1503,0.5139008,
2,58.754,2,4.90734,94.21466,-1.319838,0.2689518,2.5169,-10.3249,-36.1503,0.5139008,
2,58.764,2,4.907845,94.2157,-1.319353,0.2688253,2.5169,-10.3249,-36.1503,0.5139008,
2,58.774,2,4.90808,94.21861,-1.320424,0.2690306,2.5169,-10.3249,-36.1503,0.5139008,
2,58.784,2,4.908295,94.21584,-1.322609,0.269464,2.5169,-10.3249,-36.1503,0.5139008,
2,58.794,2,4.907678,94.22067,-1.321676,0.2693079,2.5169,-10.3249,-36.1503,0.5139008,
2,58.804,2,4.907717,94.22252,-1.320526,0.2690714,2.5169,-10.3249,-36.1503,0.5139008,
2,58.814,2,4.906554,94.2147,-1.319781,0.2689833,2.5169,-10.3249,-36.1503,0.5139008,
2,58.824,2,4.90888,94.21361,-1.316606,0.2682091,2.5169,-10.3249,-36.1503,0.5139008,
2,58.834,2,4.906402,94.21851,-1.315534,0.2681261,2.5169,-10.3249,-36.1503,0.5139008,
2,58.844,2,4.906229,94.20892,-1.316707,0.2683745,2.5169,-10.3249,-36.1503,0.5139008,
2,58.854,2,4.905781,94.21702,-1.316643,0.2683859,2.5169,-10.3249,-36.1503,0.5139008,
2,58.864,2,4.906965,94.2226,-1.315223,0.2680319,2.5169,-10.3249,-36.1503,0.5139008,
2,58.874,2,4.90705,94.21522,-1.31894,0.2687847,2.5169,-10.3249,-36.1503,0.5139008,
2,58.884,2,4.906214,94.21655,-1.317635,0.2685644,2.50765,-10.3249,-36.1512,0.514801,
2,58.894,2,4.906958,94.22076,-1.318619,0.2687244,2.50765,-10.3249,-36.1512,0.514801,
2,58.904,2,4.907677,94.20612,-1.323784,0.2697373,2.50765,-10.3249,-36.1512,0.514801,
2,58.914,2,4.905224,94.21425,-1.326265,0.2703781,2.50765,-10.3249,-36.1512,0.514801,
2,58.924,2,4.907274,94.21248,-1.320795,0.2691504,2.50765,-10.3249,-36.1512,0.514801,
2,58.934,2,4.908307,94.21765,-1.326236,0.2702022,2.50765,-10.3249,-36.1512,0.514801,
2,58.944,2,4.907597,94.21748,-1.326286,0.2702516,2.50765,-10.3249,-36.1512,0.514801,
2,58.954,2,4.906218,94.21346,-1.323785,0.2698177,2.50765,-10.3249,-36.1512,0.514801,
2,58.964,2,4.906828,94.20335,-1.325798,0.2701944,2.50765,-10.3249,-36.1512,0.514801,
2,58.974,2,4.906491,94.21037,-1.318529,0.2687315,2.50765,-10.3249,-36.1512,0.514801,
2,58.984,2,4.907592,94.21567,-1.317841,0.2685311,2.50765,-10.3249,-36.1512,0.514801,
2,58.994,2,4.905509,94.21082,-1.321046,0.2692984,2.50765,-10.3249,-36.1512,0.514801,
2,59.004,2,4.907851,94.21577,-1.313214,0.2675741,2.50765,-10.3249,-36.1512,0.514801,
2,59.014,2,4.913691,94.21619,-1.307402,0.2660734,2.50765,-10.3249,-36.1512,0.514801,
2,59.024,2,4.918317,94.21095,-1.302988,0.2649255,2.50765,-10.3249,-36.1512,0.514801,
2,59.034,2,4.924134,94.20943,-1.299463,0.2638968,2.50765,-10.3249,-36.1512,0.514801,
2,59.044,2,4.926196,94.20868,-1.301168,0.2641325,2.50765,-10.3249,-36.1512,0.514801,
2,59.054,2,4.92941,94.21201,-1.289877,0.2616696,2.50765,-10.3249,-36.1512,0.514801,
2,59.064,2,4.927825,94.20996,-1.278828,0.2595116,2.50765,-10.3249,-36.1512,0.514801,
2,59.074,2,4.929111,94.2077,-1.268472,0.257343,2.50765,-10.3249,-36.1512,0.514801,

TotalTime
00:03:20.4625012
