Recipe, UpperSample, LowerSample, OtherInfo, Averaging, LogFrequency, Type, Radius,TestDate, Operator, Customer, RefStd, Temperature, RH, Liquid, LastCalibDate, LCFz, LCFx, Tip, OtherData, samplevsscratch only.Rx,,,,10,1000,Scratch,1,9/8/2026 9:26:04 AM,,,ASTM/ISO,,,N/A,N/A,,,,Linear: 0.1 to 14;10;2;1.438849,0.3,
Step, Timestamp, RecipeStep, DAQ.Fz (N),DAQ.CAP (um),DAQ.Fx (N),DAQ.COF (),XYZ.X Position (mm),XYZ.Y Position (mm),XYZ.Z Position (mm),XYZ.Z Depth (mm),
2,0.002,2,0.09496903,400.9927,-0.03175471,0.3343691,7.52077,-10.1099,-33.8938,-0.0102005,
2,0.012,2,0.09528557,401.0103,-0.02705325,0.2839175,7.52077,-10.1099,-33.8938,-0.0102005,
2,0.022,2,0.09476546,401.0042,-0.02987866,0.3152907,7.52077,-10.1099,-33.8938,-0.0102005,
2,0.032,2,0.0951912,401.0053,-0.03017539,0.3169977,7.52077,-10.1099,-33.8938,-0.0102005,
2,0.042,2,0.09453914,401.013,-0.02752405,0.2911392,7.52077,-10.1099,-33.8938,-0.0102005,
2,0.052,2,0.0954613,400.9991,-0.02407349,0.2521806,7.52077,-10.1099,-33.8938,-0.0102005,
2,0.062,2,0.09654781,401.0019,-0.02605754,0.2698925,7.52077,-10.1099,-33.8938,-0.0102005,
2,0.072,2,0.09523049,401.0064,-0.02850073,0.2992815,7.52077,-10.1099,-33.8938,-0.0102005,
2,0.082,2,0.09326345,401.0022,-0.03038388,0.3257854,7.52077,-10.1099,-33.8938,-0.0102005,
2,0.092,2,0.09454046,400.9997,-0.02676461,0.2831021,7.52077,-10.1099,-33.8938,-0.0102005,
2,0.102,2,0.09570163,401.0047,-0.02362645,0.2468762,7.52077,-10.1099,-33.8938,-0.0102005,
2,0.112,2,0.09281725,400.9962,-0.02265956,0.244131,7.52077,-10.1099,-33.8938,-0.0102005,
2,0.122,2,0.09316289,401.0043,-0.02237616,0.2401831,7.52077,-10.1099,-33.8938,-0.0102005,
2,0.132,2,0.09456162,401.0131,-0.02265017,0.2395281,7.52077,-10.1099,-33.8938,-0.0102005,
2,0.142,2,0.09406459,401.0002,-0.02205339,0.2344495,7.52077,-10.1099,-33.8938,-0.0102005,
2,0.152,2,0.09481353,400.9978,-0.02290576,0.2415874,7.52077,-10.1099,-33.8938,-0.0102005,
2,0.162,2,0.09712017,401.0066,-0.02338549,0.2407892,7.52077,-10.1099,-33.8938,-0.0102005,
2,0.172,2,0.09623347,401.0149,-0.02179511,0.2264815,7.52077,-10.1099,-33.8938,-0.0102005,
2,0.182,2,0.09491592,401.0061,-0.02185537,0.2302603,7.52077,-10.1099,-33.8938,-0.0102005,
2,0.192,2,0.09584654,400.9985,-0.02193502,0.2288556,7.52077,-10.1099,-33.8938,-0.0102005,
2,0.202,2,0.0948226,401.0061,-0.02428274,0.256086,7.52077,-10.1099,-33.8938,-0.0102005,
2,0.212,2,0.09124945,400.9991,-0.03006379,0.3294681,7.52077,-10.1099,-33.8938,-0.0102005,
2,0.222,2,0.09146881,401.0059,-0.02918438,0.3190638,7.52077,-10.1099,-33.8938,-0.0102005,
2,0.232,2,0.09223216,401.0137,-0.02702013,0.2929578,7.52077,-10.1099,-33.8938,-0.0102005,
2,0.242,2,0.09079099,401.0095,-0.03021394,0.3327857,7.52077,-10.1099,-33.8938,-0.0102005,
2,0.252,2,0.09534147,400.9893,-0.02955255,0.3099653,7.52077,-10.1099,-33.8938,-0.0102005,
2,0.262,2,0.09422585,400.9389,-0.03290405,0.349204,7.52077,-10.1099,-33.8938,-0.0102005,
2,0.272,2,0.09409428,400.9285,-0.0308639,0.3280104,7.52077,-10.1099,-33.8938,-0.0102005,
2,0.282,2,0.09830188,400.9329,-0.03184588,0.32396,7.52077,-10.1099,-33.8938,-0.0102005,
2,0.292,2,0.0977137,400.9241,-0.03146522,0.3220144,7.52077,-10.1099,-33.8938,-0.0102005,
2,0.302,2,0.09730288,400.9296,-0.03121572,0.3208098,7.52077,-10.1099,-33.8938,-0.0102005,
2,0.312,2,0.0978993,400.9455,-0.03279915,0.3350295,7.52077,-10.1099,-33.8938,-0.0102005,
2,0.322,2,0.09683453,400.9132,-0.03151034,0.3254039,7.52077,-10.1099,-33.8938,-0.0102005,
2,0.332,2,0.0978064,400.9076,-0.03995889,0.4085508,7.52077,-10.1099,-33.8938,-0.0102005,
2,0.342,2,0.09667752,400.9133,-0.03737123,0.3865556,7.52077,-10.1099,-33.8938,-0.0102005,
2,0.352,2,0.09526742,400.912,-0.03437277,0.3608029,7.52077,-10.1099,-33.8938,-0.0102005,
2,0.362,2,0.09807577,400.8981,-0.03784235,0.3858481,7.52077,-10.1099,-33.8938,-0.0102005,
2,0.372,2,0.09747538,400.9221,-0.03535759,0.3627335,7.52077,-10.1099,-33.8938,-0.0102005,
2,0.382,2,0.09588907,400.8716,-0.03686979,0.3845046,7.52077,-10.1099,-33.8938,-0.0102005,
2,0.392,2,0.09643947,400.9063,-0.03410102,0.3536002,7.52077,-10.1099,-33.8938,-0.0102005,
2,0.402,2,0.09713887,400.8872,-0.03550433,0.3655007,7.52077,-10.1099,-33.8938,-0.0102005,
2,0.412,2,0.09583168,400.8976,-0.03809556,0.3975257,7.52077,-10.1099,-33.8938,-0.0102005,
2,0.422,2,0.09744003,400.8878,-0.03335124,0.3422745,7.52077,-10.1099,-33.8938,-0.0102005,
2,0.432,2,0.09554386,400.9044,-0.03508544,0.3672182,7.51958,-10.1099,-33.894,-0.009998322,
2,0.442,2,0.09792475,400.8837,-0.03776936,0.3856978,7.51958,-10.1099,-33.894,-0.009998322,
2,0.452,2,0.09873965,400.8871,-0.03433637,0.3477466,7.51958,-10.1099,-33.894,-0.009998322,
2,0.462,2,0.09569338,400.8789,-0.03912183,0.4088249,7.51958,-10.1099,-33.894,-0.009998322,
2,0.472,2,0.09613625,400.8948,-0.03861815,0.4017023,7.51958,-10.1099,-33.894,-0.009998322,
2,0.482,2,0.09625547,400.9052,-0.0311224,0.3233312,7.51958,-10.1099,-33.894,-0.009998322,
2,0.492,2,0.0996576,400.8566,-0.03159368,0.3170223,7.51958,-10.1099,-33.894,-0.009998322,
2,0.502,2,0.1017178,400.8051,-0.04020013,0.3952125,7.51958,-10.1099,-33.894,-0.009998322,
2,0.512,2,0.1029295,400.7016,-0.04351396,0.4227549,7.51958,-10.1099,-33.894,-0.009998322,
2,0.522,2,0.1053333,400.7108,-0.03989292,0.3787305,7.51958,-10.1099,-33.894,-0.009998322,
2,0.532,2,0.1095789,400.694,-0.04201506,0.3834229,7.51958,-10.1099,-33.894,-0.009998322,
2,0.542,2,0.1072427,400.6832,-0.04576317,0.4267253,7.51958,-10.1099,-33.894,-0.009998322,
2,0.552,2,0.1076249,400.662,-0.04477634,0.4160407,7.51958,-10.1099,-33.894,-0.009998322,
2,0.562,2,0.1071179,400.6184,-0.04194955,0.3916204,7.51958,-10.1099,-33.894,-0.009998322,
2,0.572,2,0.1116268,400.6844,-0.03566271,0.3194817,7.51958,-10.1099,-33.894,-0.009998322,
2,0.582,2,0.1062817,400.6847,-0.03455414,0.3251183,7.51958,-10.1099,-33.894,-0.009998322,
2,0.592,2,0.1074863,400.6764,-0.03550577,0.3303284,7.51958,-10.1099,-33.894,-0.009998322,
2,0.602,2,0.1085011,400.6568,-0.0327864,0.3021758,7.51958,-10.1099,-33.894,-0.009998322,
2,0.612,2,0.1082621,400.6748,-0.03663636,0.3384045,7.51958,-10.1099,-33.894,-0.009998322,
2,0.622,2,0.1073359,400.6676,-0.04091737,0.3812087,7.51958,-10.1099,-33.894,-0.009998322,
2,0.632,2,0.1063428,400.6702,-0.04113702,0.3868341,7.51382,-10.1099,-33.8948,-0.00920105,
2,0.642,2,0.1088998,400.6486,-0.03579475,0.3286943,7.51382,-10.1099,-33.8948,-0.00920105,
2,0.652,2,0.1106225,400.6514,-0.03720756,0.3363473,7.51382,-10.1099,-33.8948,-0.00920105,
2,0.662,2,0.1083662,400.6652,-0.03697876,0.3412389,7.51382,-10.1099,-33.8948,-0.00920105,
2,0.672,2,0.1094109,400.6662,-0.03700392,0.3382105,7.51382,-10.1099,-33.8948,-0.00920105,
2,0.682,2,0.1062339,400.6861,-0.04174934,0.3929943,7.51382,-10.1099,-33.8948,-0.00920105,
2,0.692,2,0.1039827,400.6583,-0.06297813,0.6056598,7.51382,-10.1099,-33.8948,-0.00920105,
2,0.702,2,0.1116677,400.6445,-0.04306367,0.3856411,7.51382,-10.1099,-33.8948,-0.00920105,
2,0.712,2,0.1128977,400.5557,-0.04161694,0.3686252,7.51382,-10.1099,-33.8948,-0.00920105,
2,0.722,2,0.1164334,400.4718,-0.04539782,0.3899037,7.51382,-10.1099,-33.8948,-0.00920105,
2,0.732,2,0.1218925,400.4419,-0.04416561,0.3623326,7.51382,-10.1099,-33.8948,-0.00920105,
2,0.742,2,0.1236271,400.4202,-0.0473872,0.3833075,7.51382,-10.1099,-33.8948,-0.00920105,
2,0.752,2,0.1221404,400.4201,-0.04587595,0.3756001,7.51382,-10.1099,-33.8948,-0.00920105,
2,0.762,2,0.1216601,400.4194,-0.04893677,0.4022416,7.51382,-10.1099,-33.8948,-0.00920105,
2,0.772,2,0.1249902,400.4245,-0.0441665,0.3533596,7.51382,-10.1099,-33.8948,-0.00920105,
2,0.782,2,0.1242463,400.4007,-0.03918239,0.3153606,7.51382,-10.1099,-33.8948,-0.00920105,
2,0.792,2,0.1253026,400.4016,-0.04616066,0.3683936,7.51382,-10.1099,-33.8948,-0.00920105,
2,0.802,2,0.1209044,400.3951,-0.04750555,0.3929182,7.51382,-10.1099,-33.8948,-0.00920105,
2,0.812,2,0.1235688,400.4171,-0.04742264,0.3837751,7.51382,-10.1099,-33.8948,-0.00920105,
2,0.822,2,0.1236756,400.3964,-0.04746861,0.3838153,7.50885,-10.1099,-33.8958,-0.008197784,
2,0.832,2,0.1215136,400.3837,-0.04999524,0.4114375,7.50885,-10.1099,-33.8958,-0.008197784,
2,0.842,2,0.1210059,400.3835,-0.05105696,0.4219378,7.50885,-10.1099,-33.8958,-0.008197784,
2,0.852,2,0.1228918,400.4124,-0.05025075,0.4089023,7.50885,-10.1099,-33.8958,-0.008197784,
2,0.862,2,0.1228352,400.3791,-0.05222746,0.4251831,7.50885,-10.1099,-33.8958,-0.008197784,
2,0.872,2,0.1215588,400.3732,-0.04698293,0.3865036,7.50885,-10.1099,-33.8958,-0.008197784,
2,0.882,2,0.1203102,400.3704,-0.04842085,0.4024668,7.50885,-10.1099,-33.8958,-0.008197784,
2,0.892,2,0.125716,400.382,-0.04470357,0.3555917,7.50885,-10.1099,-33.8958,-0.008197784,
2,0.902,2,0.1295957,400.3121,-0.04317843,0.333178,7.50885,-10.1099,-33.8958,-0.008197784,
2,0.912,2,0.1344688,400.1967,-0.04103176,0.3051397,7.50885,-10.1099,-33.8958,-0.008197784,
2,0.922,2,0.1399721,400.1375,-0.04401597,0.3144625,7.50885,-10.1099,-33.8958,-0.008197784,
2,0.932,2,0.143173,400.1147,-0.04562085,0.3186414,7.50885,-10.1099,-33.8958,-0.008197784,
2,0.942,2,0.1430643,400.1087,-0.04850586,0.3390494,7.50885,-10.1099,-33.8958,-0.008197784,
2,0.952,2,0.1432637,400.1147,-0.0503768,0.351637,7.50885,-10.1099,-33.8958,-0.008197784,
2,0.962,2,0.1434658,400.0922,-0.05125451,0.3572596,7.50885,-10.1099,-33.8958,-0.008197784,
2,0.972,2,0.1442392,400.0993,-0.05020125,0.3480416,7.50885,-10.1099,-33.8958,-0.008197784,
2,0.982,2,0.1435311,400.1104,-0.05054791,0.3521738,7.50885,-10.1099,-33.8958,-0.008197784,
2,0.992,2,0.1419064,400.0937,-0.05047524,0.3556938,7.50885,-10.1099,-33.8958,-0.008197784,
2,1.002,2,0.1434104,400.0707,-0.04757582,0.3317459,7.50885,-10.1099,-33.8958,-0.008197784,
2,1.012,2,0.1430916,400.0771,-0.05022448,0.3509952,7.50885,-10.1099,-33.8958,-0.008197784,
2,1.022,2,0.1422523,400.0751,-0.05315614,0.373675,7.50885,-10.1099,-33.8958,-0.008197784,
2,1.032,2,0.1437366,400.0783,-0.05368593,0.3735021,7.50422,-10.1099,-33.897,-0.006999969,
2,1.042,2,0.1423657,400.0743,-0.04879199,0.3427229,7.50422,-10.1099,-33.897,-0.006999969,
2,1.052,2,0.1451479,400.0771,-0.05157217,0.3553078,7.50422,-10.1099,-33.897,-0.006999969,
2,1.062,2,0.1434896,400.1024,-0.05225744,0.3641899,7.50422,-10.1099,-33.897,-0.006999969,
2,1.072,2,0.1434636,400.0713,-0.05008734,0.3491293,7.50422,-10.1099,-33.897,-0.006999969,
2,1.082,2,0.1458792,400.0714,-0.05063646,0.3471123,7.50422,-10.1099,-33.897,-0.006999969,
2,1.092,2,0.1480067,400.0212,-0.05057025,0.3416753,7.50422,-10.1099,-33.897,-0.006999969,
2,1.102,2,0.1544209,399.9304,-0.0533311,0.3453619,7.50422,-10.1099,-33.897,-0.006999969,
2,1.112,2,0.1595439,399.8427,-0.05846925,0.3664775,7.50422,-10.1099,-33.897,-0.006999969,
2,1.122,2,0.164327,399.8295,-0.05606028,0.3411507,7.50422,-10.1099,-33.897,-0.006999969,
2,1.132,2,0.1656394,399.8021,-0.05977225,0.3608578,7.50422,-10.1099,-33.897,-0.006999969,
2,1.142,2,0.1655705,399.8378,-0.0629037,0.3799209,7.50422,-10.1099,-33.897,-0.006999969,
2,1.152,2,0.1661739,399.8093,-0.06236554,0.3753029,7.50422,-10.1099,-33.897,-0.006999969,
2,1.162,2,0.167264,399.8,-0.0591539,0.3536558,7.50422,-10.1099,-33.897,-0.006999969,
2,1.172,2,0.1668678,399.7896,-0.06277046,0.3761688,7.50422,-10.1099,-33.897,-0.006999969,
2,1.182,2,0.1681965,399.8066,-0.06316288,0.3755303,7.50422,-10.1099,-33.897,-0.006999969,
2,1.192,2,0.1666305,399.7848,-0.05912422,0.3548222,7.50422,-10.1099,-33.897,-0.006999969,
2,1.202,2,0.1648196,399.7882,-0.05892005,0.357482,7.50422,-10.1099,-33.897,-0.006999969,
2,1.212,2,0.1670284,399.7751,-0.05519744,0.3304673,7.50422,-10.1099,-33.897,-0.006999969,
2,1.222,2,0.1679487,399.7995,-0.05339279,0.3179113,7.50422,-10.1099,-33.897,-0.006999969,
2,1.232,2,0.1671472,399.7913,-0.05307197,0.3175164,7.49963,-10.1099,-33.8983,-0.005699158,
2,1.242,2,0.1659339,399.7904,-0.05168502,0.3114796,7.49963,-10.1099,-33.8983,-0.005699158,
2,1.252,2,0.1669362,399.7838,-0.05353849,0.3207122,7.49963,-10.1099,-33.8983,-0.005699158,
2,1.262,2,0.1659922,399.7775,-0.05963134,0.3592417,7.49963,-10.1099,-33.8983,-0.005699158,
2,1.272,2,0.1660285,399.7628,-0.05664457,0.3411738,7.49963,-10.1099,-33.8983,-0.005699158,
2,1.282,2,0.1655329,399.7721,-0.0533824,0.3224881,7.49963,-10.1099,-33.8983,-0.005699158,
2,1.292,2,0.1674582,399.7745,-0.05825311,0.3478665,7.49963,-10.1099,-33.8983,-0.005699158,
2,1.302,2,0.1665952,399.7538,-0.06418987,0.3853044,7.49963,-10.1099,-33.8983,-0.005699158,
2,1.312,2,0.1714292,399.6945,-0.0595811,0.3475552,7.49963,-10.1099,-33.8983,-0.005699158,
2,1.322,2,0.1757661,399.6729,-0.05969312,0.3396169,7.49963,-10.1099,-33.8983,-0.005699158,
2,1.332,2,0.1808292,399.5867,-0.06103941,0.3375528,7.49963,-10.1099,-33.8983,-0.005699158,
2,1.342,2,0.1873926,399.5381,-0.05781903,0.3085448,7.49963,-10.1099,-33.8983,-0.005699158,
2,1.352,2,0.1914954,399.5621,-0.06236689,0.3256834,7.49963,-10.1099,-33.8983,-0.005699158,
2,1.362,2,0.1906454,399.4929,-0.06300165,0.3304651,7.49963,-10.1099,-33.8983,-0.005699158,
2,1.372,2,0.1926014,399.4892,-0.06301528,0.3271798,7.49963,-10.1099,-33.8983,-0.005699158,
2,1.382,2,0.1901335,399.4919,-0.06705158,0.3526552,7.49963,-10.1099,-33.8983,-0.005699158,
2,1.392,2,0.1906253,399.4009,-0.06223514,0.3264789,7.49963,-10.1099,-33.8983,-0.005699158,
2,1.402,2,0.1908366,399.4742,-0.06106776,0.3200003,7.49963,-10.1099,-33.8983,-0.005699158,
2,1.412,2,0.1902396,399.4756,-0.06191989,0.3254836,7.49963,-10.1099,-33.8983,-0.005699158,
2,1.422,2,0.192045,399.4857,-0.06208192,0.3232676,7.49963,-10.1099,-33.8983,-0.005699158,
2,1.432,2,0.1929795,399.4857,-0.06071242,0.3146056,7.49963,-10.1099,-33.8983,-0.005699158,
2,1.442,2,0.1889275,399.478,-0.06056808,0.3205891,7.49963,-10.1099,-33.8983,-0.005699158,
2,1.452,2,0.1920481,399.4783,-0.06324536,0.3293205,7.49963,-10.1099,-33.8983,-0.005699158,
2,1.462,2,0.1909704,399.4612,-0.06071134,0.3179097,7.49963,-10.1099,-33.8983,-0.005699158,
2,1.472,2,0.1910734,399.4545,-0.0618151,0.323515,7.49428,-10.1099,-33.8997,-0.004299164,
2,1.482,2,0.1907557,399.4471,-0.06043177,0.3168019,7.49428,-10.1099,-33.8997,-0.004299164,
2,1.492,2,0.1908421,399.452,-0.06215367,0.3256812,7.49428,-10.1099,-33.8997,-0.004299164,
2,1.502,2,0.1915513,399.4511,-0.06519339,0.3403443,7.49428,-10.1099,-33.8997,-0.004299164,
2,1.512,2,0.1922357,399.4647,-0.06528621,0.3396155,7.49428,-10.1099,-33.8997,-0.004299164,
2,1.522,2,0.1876029,399.4406,-0.06352206,0.3385985,7.49428,-10.1099,-33.8997,-0.004299164,
2,1.532,2,0.1926236,399.4391,-0.06460295,0.3353843,7.49428,-10.1099,-33.8997,-0.004299164,
2,1.542,2,0.1989942,399.3867,-0.06336734,0.3184382,7.49428,-10.1099,-33.8997,-0.004299164,
2,1.552,2,0.2009732,399.3114,-0.06434351,0.3201597,7.49428,-10.1099,-33.8997,-0.004299164,
2,1.562,2,0.2100169,399.2586,-0.0667091,0.3176369,7.49428,-10.1099,-33.8997,-0.004299164,
2,1.572,2,0.2128233,399.16,-0.06785875,0.3188502,7.49428,-10.1099,-33.8997,-0.004299164,
2,1.582,2,0.2177757,399.1522,-0.06641492,0.3049693,7.49428,-10.1099,-33.8997,-0.004299164,
2,1.592,2,0.2194602,399.1487,-0.06725389,0.3064514,7.49428,-10.1099,-33.8997,-0.004299164,
2,1.602,2,0.2176811,399.1772,-0.06641781,0.3051152,7.49428,-10.1099,-33.8997,-0.004299164,
2,1.612,2,0.2187944,399.1297,-0.06587832,0.301097,7.49428,-10.1099,-33.8997,-0.004299164,
2,1.622,2,0.2186327,399.1331,-0.067392,0.308243,7.49428,-10.1099,-33.8997,-0.004299164,
2,1.632,2,0.2192626,399.1366,-0.06801154,0.3101831,7.49428,-10.1099,-33.8997,-0.004299164,
2,1.642,2,0.2190379,399.15,-0.07354973,0.3357854,7.49428,-10.1099,-33.8997,-0.004299164,
2,1.652,2,0.2206591,399.1253,-0.07165355,0.3247252,7.49428,-10.1099,-33.8997,-0.004299164,
2,1.662,2,0.220049,399.1198,-0.06953587,0.3160017,7.49428,-10.1099,-33.8997,-0.004299164,
2,1.672,2,0.2181778,399.1183,-0.07124341,0.3265383,7.49428,-10.1099,-33.8997,-0.004299164,
2,1.682,2,0.2193101,399.1199,-0.07011278,0.319697,7.49428,-10.1099,-33.8997,-0.004299164,
2,1.692,2,0.2176647,399.1065,-0.07037008,0.3232958,7.49428,-10.1099,-33.8997,-0.004299164,
2,1.702,2,0.2199244,399.1068,-0.07193955,0.3271103,7.4889,-10.1099,-33.9012,-0.002799988,
2,1.712,2,0.2200514,399.0977,-0.07261448,0.3299887,7.4889,-10.1099,-33.9012,-0.002799988,
2,1.722,2,0.2199756,399.1254,-0.07138351,0.3245065,7.4889,-10.1099,-33.9012,-0.002799988,
2,1.732,2,0.2206551,399.1072,-0.06747447,0.3057916,7.4889,-10.1099,-33.9012,-0.002799988,
2,1.742,2,0.2199726,399.107,-0.07216116,0.3280462,7.4889,-10.1099,-33.9012,-0.002799988,
2,1.752,2,0.2207377,399.0682,-0.07616361,0.3450413,7.4889,-10.1099,-33.9012,-0.002799988,
2,1.762,2,0.2173435,399.0721,-0.07452572,0.3428937,7.4889,-10.1099,-33.9012,-0.002799988,
2,1.772,2,0.2210382,399.0781,-0.07544353,0.3413144,7.4889,-10.1099,-33.9012,-0.002799988,
2,1.782,2,0.2249266,399.0235,-0.07731424,0.343731,7.4889,-10.1099,-33.9012,-0.002799988,
2,1.792,2,0.2343617,398.9519,-0.07604478,0.3244762,7.4889,-10.1099,-33.9012,-0.002799988,
2,1.802,2,0.2378102,398.8802,-0.07591124,0.3192093,7.4889,-10.1099,-33.9012,-0.002799988,
2,1.812,2,0.2434814,398.8465,-0.07560216,0.3105049,7.4889,-10.1099,-33.9012,-0.002799988,
2,1.822,2,0.2463239,398.8135,-0.07518388,0.3052236,7.4889,-10.1099,-33.9012,-0.002799988,
2,1.832,2,0.2465054,398.8108,-0.07496567,0.3041137,7.4889,-10.1099,-33.9012,-0.002799988,
2,1.842,2,0.2469874,398.7876,-0.07433704,0.300975,7.4889,-10.1099,-33.9012,-0.002799988,
2,1.852,2,0.2469668,398.7746,-0.0776026,0.3142228,7.4889,-10.1099,-33.9012,-0.002799988,
2,1.862,2,0.2469702,398.7904,-0.07514296,0.3042592,7.4889,-10.1099,-33.9012,-0.002799988,
2,1.872,2,0.2480592,398.7908,-0.07584992,0.3057735,7.4889,-10.1099,-33.9012,-0.002799988,
2,1.882,2,0.2479485,398.7802,-0.07666256,0.3091874,7.4889,-10.1099,-33.9012,-0.002799988,
2,1.892,2,0.2463743,398.7918,-0.07547636,0.3063484,7.4889,-10.1099,-33.9012,-0.002799988,
2,1.902,2,0.2489753,398.7672,-0.07673562,0.3082058,7.48315,-10.1099,-33.9029,-0.001098633,
2,1.912,2,0.2485672,398.7734,-0.07837875,0.3153221,7.48315,-10.1099,-33.9029,-0.001098633,
2,1.922,2,0.2471978,398.7658,-0.07738594,0.3130527,7.48315,-10.1099,-33.9029,-0.001098633,
2,1.932,2,0.2488795,398.7778,-0.07742482,0.3110936,7.48315,-10.1099,-33.9029,-0.001098633,
2,1.942,2,0.2475593,398.765,-0.07728967,0.3122067,7.48315,-10.1099,-33.9029,-0.001098633,
2,1.952,2,0.2480131,398.7558,-0.07787365,0.31399,7.48315,-10.1099,-33.9029,-0.001098633,
2,1.962,2,0.2504306,398.7435,-0.07718186,0.3081966,7.48315,-10.1099,-33.9029,-0.001098633,
2,1.972,2,0.2490829,398.7143,-0.07801139,0.3131945,7.48315,-10.1099,-33.9029,-0.001098633,
2,1.982,2,0.261704,398.6423,-0.07859218,0.3003094,7.48315,-10.1099,-33.9029,-0.001098633,
2,1.992,2,0.2667122,398.5528,-0.08023638,0.300835,7.48315,-10.1099,-33.9029,-0.001098633,
2,2.002,2,0.2702362,398.4953,-0.08343382,0.3087441,7.48315,-10.1099,-33.9029,-0.001098633,
2,2.012,2,0.2782032,398.4749,-0.08528294,0.3065491,7.48315,-10.1099,-33.9029,-0.001098633,
2,2.022,2,0.2788916,398.4541,-0.08493795,0.3045554,7.48315,-10.1099,-33.9029,-0.001098633,
2,2.032,2,0.2781312,398.4655,-0.0836941,0.300916,7.48315,-10.1099,-33.9029,-0.001098633,
2,2.042,2,0.2774108,398.4502,-0.08353173,0.3011121,7.48315,-10.1099,-33.9029,-0.001098633,
2,2.052,2,0.2758224,398.4366,-0.08425431,0.3054658,7.48315,-10.1099,-33.9029,-0.001098633,
2,2.062,2,0.2771111,398.4271,-0.08475347,0.3058465,7.48315,-10.1099,-33.9029,-0.001098633,
2,2.072,2,0.2785693,398.4366,-0.08263373,0.2966362,7.48315,-10.1099,-33.9029,-0.001098633,
2,2.082,2,0.2756819,398.4244,-0.08943997,0.3244318,7.48315,-10.1099,-33.9029,-0.001098633,
2,2.092,2,0.2766118,398.4279,-0.08830445,0.319236,7.48315,-10.1099,-33.9029,-0.001098633,
2,2.102,2,0.275213,398.4076,-0.08692909,0.3158611,7.48315,-10.1099,-33.9029,-0.001098633,
2,2.112,2,0.2761206,398.4227,-0.08733626,0.3162975,7.47855,-10.1099,-33.9046,0.0005989075,
2,2.122,2,0.2774651,398.4182,-0.08718765,0.3142293,7.47855,-10.1099,-33.9046,0.0005989075,
2,2.132,2,0.2761818,398.404,-0.08675086,0.3141079,7.47855,-10.1099,-33.9046,0.0005989075,
2,2.142,2,0.2764364,398.3292,-0.087855,0.3178127,7.47855,-10.1099,-33.9046,0.0005989075,
2,2.152,2,0.2770897,398.3848,-0.09091211,0.3280964,7.47855,-10.1099,-33.9046,0.0005989075,
2,2.162,2,0.2741351,398.3937,-0.0893852,0.3260626,7.47855,-10.1099,-33.9046,0.0005989075,
2,2.172,2,0.2757577,398.389,-0.08800177,0.3191272,7.47855,-10.1099,-33.9046,0.0005989075,
2,2.182,2,0.2752391,398.4033,-0.08811708,0.3201474,7.47855,-10.1099,-33.9046,0.0005989075,
2,2.192,2,0.2827812,398.3692,-0.08847336,0.3128687,7.47855,-10.1099,-33.9046,0.0005989075,
2,2.202,2,0.2864857,398.2843,-0.09724564,0.3394432,7.47855,-10.1099,-33.9046,0.0005989075,
2,2.212,2,0.2912225,398.2009,-0.09138709,0.313805,7.47855,-10.1099,-33.9046,0.0005989075,
2,2.222,2,0.3010247,398.161,-0.09504507,0.3157384,7.47855,-10.1099,-33.9046,0.0005989075,
2,2.232,2,0.3065946,398.1013,-0.09403245,0.3066996,7.47855,-10.1099,-33.9046,0.0005989075,
2,2.242,2,0.3074923,398.0765,-0.09484927,0.3084606,7.47855,-10.1099,-33.9046,0.0005989075,
2,2.252,2,0.3067726,398.068,-0.09599606,0.3129225,7.47855,-10.1099,-33.9046,0.0005989075,
2,2.262,2,0.308108,398.0834,-0.09457114,0.3069415,7.47855,-10.1099,-33.9046,0.0005989075,
2,2.272,2,0.3086427,398.0807,-0.09457215,0.306413,7.47855,-10.1099,-33.9046,0.0005989075,
2,2.282,2,0.3081428,398.0562,-0.09379099,0.3043751,7.47855,-10.1099,-33.9046,0.0005989075,
2,2.292,2,0.3081199,398.0602,-0.09639108,0.3128363,7.47855,-10.1099,-33.9046,0.0005989075,
2,2.302,2,0.3072869,398.0445,-0.09461657,0.3079095,7.47855,-10.1099,-33.9046,0.0005989075,
2,2.312,2,0.3070513,398.0745,-0.09721624,0.3166123,7.47318,-10.1099,-33.9063,0.002300262,
2,2.322,2,0.3063294,398.0524,-0.09721059,0.3173401,7.47318,-10.1099,-33.9063,0.002300262,
2,2.332,2,0.3070009,398.0402,-0.09765664,0.3180988,7.47318,-10.1099,-33.9063,0.002300262,
2,2.342,2,0.3069566,398.0348,-0.09715601,0.3165138,7.47318,-10.1099,-33.9063,0.002300262,
2,2.352,2,0.3064283,398.0183,-0.09792048,0.3195542,7.47318,-10.1099,-33.9063,0.002300262,
2,2.362,2,0.3065791,398.0254,-0.09748869,0.3179888,7.47318,-10.1099,-33.9063,0.002300262,
2,2.372,2,0.3077019,398.0302,-0.09689469,0.3148979,7.47318,-10.1099,-33.9063,0.002300262,
2,2.382,2,0.3110949,398.0392,-0.09609009,0.3088771,7.47318,-10.1099,-33.9063,0.002300262,
2,2.392,2,0.314341,397.9869,-0.09889291,0.3146039,7.47318,-10.1099,-33.9063,0.002300262,
2,2.402,2,0.3218141,397.8696,-0.09909259,0.3079188,7.47318,-10.1099,-33.9063,0.002300262,
2,2.412,2,0.3311292,397.8022,-0.100543,0.3036368,7.47318,-10.1099,-33.9063,0.002300262,
2,2.422,2,0.3339418,397.7466,-0.1042417,0.3121552,7.47318,-10.1099,-33.9063,0.002300262,
2,2.432,2,0.3387885,397.7273,-0.1047115,0.3090763,7.47318,-10.1099,-33.9063,0.002300262,
2,2.442,2,0.342433,397.7255,-0.1038831,0.3033676,7.47318,-10.1099,-33.9063,0.002300262,
2,2.452,2,0.338901,397.7288,-0.1046345,0.3087466,7.47318,-10.1099,-33.9063,0.002300262,
2,2.462,2,0.3411981,397.7294,-0.1056457,0.3096315,7.47318,-10.1099,-33.9063,0.002300262,
2,2.472,2,0.3417483,397.7381,-0.1056189,0.3090548,7.47318,-10.1099,-33.9063,0.002300262,
2,2.482,2,0.3408904,397.7149,-0.1058512,0.3105139,7.47318,-10.1099,-33.9063,0.002300262,
2,2.492,2,0.3425196,397.7008,-0.1062852,0.3103039,7.47318,-10.1099,-33.9063,0.002300262,
2,2.502,2,0.3418511,397.6988,-0.105408,0.3083447,7.46858,-10.1099,-33.9081,0.0041008,
2,2.512,2,0.3430729,397.7037,-0.1072908,0.3127346,7.46858,-10.1099,-33.9081,0.0041008,
2,2.522,2,0.3419906,397.6854,-0.1056061,0.3087981,7.46858,-10.1099,-33.9081,0.0041008,
2,2.532,2,0.3399552,397.696,-0.1072034,0.3153457,7.46858,-10.1099,-33.9081,0.0041008,
2,2.542,2,0.3418887,397.6841,-0.1068186,0.3124368,7.46858,-10.1099,-33.9081,0.0041008,
2,2.552,2,0.3401507,397.7009,-0.1073125,0.3154852,7.46858,-10.1099,-33.9081,0.0041008,
2,2.562,2,0.3421232,397.6576,-0.1062847,0.3106622,7.46858,-10.1099,-33.9081,0.0041008,
2,2.572,2,0.3433248,397.6778,-0.1086768,0.3165421,7.46858,-10.1099,-33.9081,0.0041008,
2,2.582,2,0.3462345,397.6394,-0.1087269,0.3140269,7.46858,-10.1099,-33.9081,0.0041008,
2,2.592,2,0.3551122,397.5592,-0.1110083,0.3126007,7.46858,-10.1099,-33.9081,0.0041008,
2,2.602,2,0.3599123,397.4721,-0.113592,0.3156103,7.46858,-10.1099,-33.9081,0.0041008,
2,2.612,2,0.3691706,397.4191,-0.1124609,0.3046313,7.46858,-10.1099,-33.9081,0.0041008,
2,2.622,2,0.3725754,397.4019,-0.1152762,0.3094036,7.46858,-10.1099,-33.9081,0.0041008,
2,2.632,2,0.3767002,397.3902,-0.1163502,0.3088668,7.46858,-10.1099,-33.9081,0.0041008,
2,2.642,2,0.3726073,397.3883,-0.1164663,0.3125711,7.46858,-10.1099,-33.9081,0.0041008,
2,2.652,2,0.3752052,397.3807,-0.1158198,0.3086838,7.46858,-10.1099,-33.9081,0.0041008,
2,2.662,2,0.3744419,397.356,-0.1214001,0.324216,7.46858,-10.1099,-33.9081,0.0041008,
2,2.672,2,0.3742088,397.3951,-0.1184811,0.3166175,7.46858,-10.1099,-33.9081,0.0041008,
2,2.682,2,0.3751874,397.3824,-0.1163234,0.3100408,7.46858,-10.1099,-33.9081,0.0041008,
2,2.692,2,0.3744047,397.3713,-0.1152487,0.3078184,7.46858,-10.1099,-33.9081,0.0041008,
2,2.702,2,0.3737917,397.3704,-0.1164667,0.3115819,7.46397,-10.1099,-33.9099,0.005901337,
2,2.712,2,0.3736715,397.3608,-0.1158923,0.3101449,7.46397,-10.1099,-33.9099,0.005901337,
2,2.722,2,0.3750901,397.3614,-0.1175363,0.313355,7.46397,-10.1099,-33.9099,0.005901337,
2,2.732,2,0.3726208,397.3406,-0.1180544,0.3168219,7.46397,-10.1099,-33.9099,0.005901337,
2,2.742,2,0.3734641,397.3466,-0.1175962,0.3148795,7.46397,-10.1099,-33.9099,0.005901337,
2,2.752,2,0.3748722,397.3412,-0.1169769,0.3120447,7.46397,-10.1099,-33.9099,0.005901337,
2,2.762,2,0.373952,397.3535,-0.1179578,0.3154358,7.46397,-10.1099,-33.9099,0.005901337,
2,2.772,2,0.3712367,397.3619,-0.1211539,0.3263521,7.46397,-10.1099,-33.9099,0.005901337,
2,2.782,2,0.3758941,397.3316,-0.1216586,0.3236513,7.46397,-10.1099,-33.9099,0.005901337,
2,2.792,2,0.3797875,397.2821,-0.1197165,0.3152196,7.46397,-10.1099,-33.9099,0.005901337,
2,2.802,2,0.3882942,397.1982,-0.122173,0.3146402,7.46397,-10.1099,-33.9099,0.005901337,
2,2.812,2,0.3991393,397.1003,-0.1236409,0.3097688,7.46397,-10.1099,-33.9099,0.005901337,
2,2.822,2,0.4050518,397.0724,-0.1246192,0.3076623,7.46397,-10.1099,-33.9099,0.005901337,
2,2.832,2,0.405717,397.0721,-0.1286557,0.3171071,7.46397,-10.1099,-33.9099,0.005901337,
2,2.842,2,0.4064299,397.0504,-0.1269494,0.3123526,7.46397,-10.1099,-33.9099,0.005901337,
2,2.852,2,0.4080268,397.0514,-0.1269348,0.3110943,7.46397,-10.1099,-33.9099,0.005901337,
2,2.862,2,0.4085784,397.054,-0.1262995,0.3091193,7.46397,-10.1099,-33.9099,0.005901337,
2,2.872,2,0.4077961,397.0522,-0.1251709,0.3069448,7.46397,-10.1099,-33.9099,0.005901337,
2,2.882,2,0.4091005,397.0455,-0.1283714,0.3137893,7.46397,-10.1099,-33.9099,0.005901337,
2,2.892,2,0.4054002,397.038,-0.1305161,0.3219439,7.46397,-10.1099,-33.9099,0.005901337,
2,2.902,2,0.4068713,397.0339,-0.1281009,0.3148439,7.46397,-10.1099,-33.9099,0.005901337,
2,2.912,2,0.408066,397.0229,-0.1262658,0.3094249,7.46397,-10.1099,-33.9099,0.005901337,
2,2.922,2,0.4075823,397.0231,-0.1276479,0.3131832,7.46397,-10.1099,-33.9099,0.005901337,
2,2.932,2,0.4069181,397.0215,-0.1289026,0.3167778,7.46397,-10.1099,-33.9099,0.005901337,
2,2.942,2,0.4051726,397.034,-0.1301593,0.3212441,7.46397,-10.1099,-33.9099,0.005901337,
2,2.952,2,0.4071732,397.0266,-0.1291837,0.3172697,7.45897,-10.1099,-33.9117,0.007701874,
2,2.962,2,0.4060239,397.0289,-0.1296626,0.3193473,7.45897,-10.1099,-33.9117,0.007701874,
2,2.972,2,0.4085346,397.0435,-0.1301952,0.3186883,7.45897,-10.1099,-33.9117,0.007701874,
2,2.982,2,0.4065709,397.0135,-0.1281313,0.3151512,7.45897,-10.1099,-33.9117,0.007701874,
2,2.992,2,0.4074121,396.993,-0.1287018,0.3159008,7.45897,-10.1099,-33.9117,0.007701874,
2,3.002,2,0.4067966,396.9957,-0.1318171,0.3240369,7.45897,-10.1099,-33.9117,0.007701874,
2,3.012,2,0.4046936,396.9897,-0.1302718,0.3219022,7.45897,-10.1099,-33.9117,0.007701874,
2,3.022,2,0.408834,396.9403,-0.1291195,0.3158238,7.45897,-10.1099,-33.9117,0.007701874,
2,3.032,2,0.4154668,396.9402,-0.1304599,0.3140079,7.45897,-10.1099,-33.9117,0.007701874,
2,3.042,2,0.4258356,396.8772,-0.1324093,0.3109398,7.45897,-10.1099,-33.9117,0.007701874,
2,3.052,2,0.4307503,396.8034,-0.1350986,0.3136355,7.45897,-10.1099,-33.9117,0.007701874,
2,3.062,2,0.4377451,396.8292,-0.1351789,0.3088073,7.45897,-10.1099,-33.9117,0.007701874,
2,3.072,2,0.4418568,396.724,-0.13535,0.3063209,7.45897,-10.1099,-33.9117,0.007701874,
2,3.082,2,0.4424952,396.7155,-0.1359487,0.3072321,7.45897,-10.1099,-33.9117,0.007701874,
2,3.092,2,0.4444654,396.7047,-0.1394462,0.3137391,7.45897,-10.1099,-33.9117,0.007701874,
2,3.102,2,0.4423981,396.7257,-0.1414834,0.31981,7.45897,-10.1099,-33.9117,0.007701874,
2,3.112,2,0.4412789,396.7083,-0.1401208,0.3175333,7.45897,-10.1099,-33.9117,0.007701874,
2,3.122,2,0.442554,396.6937,-0.1369329,0.3094152,7.45897,-10.1099,-33.9117,0.007701874,
2,3.132,2,0.442187,396.6873,-0.1373381,0.3105884,7.45897,-10.1099,-33.9117,0.007701874,
2,3.142,2,0.4410808,396.7106,-0.1384042,0.3137843,7.45897,-10.1099,-33.9117,0.007701874,
2,3.152,2,0.4427813,396.6896,-0.1381119,0.3119191,7.45323,-10.1099,-33.9136,0.009601593,
2,3.162,2,0.4419265,396.6863,-0.1388843,0.3142702,7.45323,-10.1099,-33.9136,0.009601593,
2,3.172,2,0.4410872,396.6762,-0.1410574,0.3197949,7.45323,-10.1099,-33.9136,0.009601593,
2,3.182,2,0.4407943,396.6615,-0.1400842,0.3177995,7.45323,-10.1099,-33.9136,0.009601593,
2,3.192,2,0.4399069,396.6708,-0.1392773,0.3166064,7.45323,-10.1099,-33.9136,0.009601593,
2,3.202,2,0.4418952,396.6639,-0.1384121,0.3132239,7.45323,-10.1099,-33.9136,0.009601593,
2,3.212,2,0.4400288,396.6599,-0.1412962,0.3211067,7.45323,-10.1099,-33.9136,0.009601593,
2,3.222,2,0.4424219,396.6544,-0.1403864,0.3173133,7.45323,-10.1099,-33.9136,0.009601593,
2,3.232,2,0.4449656,396.6093,-0.1402398,0.31517,7.45323,-10.1099,-33.9136,0.009601593,
2,3.242,2,0.4492238,396.6006,-0.1414152,0.314799,7.45323,-10.1099,-33.9136,0.009601593,
2,3.252,2,0.4591224,396.5148,-0.1421915,0.3097029,7.45323,-10.1099,-33.9136,0.009601593,
2,3.262,2,0.463158,396.4557,-0.1457783,0.3147486,7.45323,-10.1099,-33.9136,0.009601593,
2,3.272,2,0.4675093,396.3769,-0.1482406,0.3170858,7.45323,-10.1099,-33.9136,0.009601593,
2,3.282,2,0.4745507,396.3902,-0.1467137,0.3091633,7.45323,-10.1099,-33.9136,0.009601593,
2,3.292,2,0.4747526,396.3747,-0.146575,0.3087397,7.45323,-10.1099,-33.9136,0.009601593,
2,3.302,2,0.4736461,396.3708,-0.1478336,0.3121182,7.45323,-10.1099,-33.9136,0.009601593,
2,3.312,2,0.4771112,396.3391,-0.1477278,0.3096298,7.45323,-10.1099,-33.9136,0.009601593,
2,3.322,2,0.4750818,396.3781,-0.1473894,0.3102401,7.45323,-10.1099,-33.9136,0.009601593,
2,3.332,2,0.4757105,396.3705,-0.1486069,0.3123893,7.45323,-10.1099,-33.9136,0.009601593,
2,3.342,2,0.4744082,396.3682,-0.1485837,0.3131979,7.45323,-10.1099,-33.9136,0.009601593,
2,3.352,2,0.4751149,396.342,-0.1502183,0.3161725,7.45323,-10.1099,-33.9136,0.009601593,
2,3.362,2,0.4758628,396.3652,-0.1504685,0.3162015,7.45323,-10.1099,-33.9136,0.009601593,
2,3.372,2,0.4758001,396.3609,-0.1499736,0.3152029,7.45323,-10.1099,-33.9136,0.009601593,
2,3.382,2,0.4737194,396.3569,-0.1503768,0.3174386,7.44823,-10.1099,-33.9154,0.01140213,
2,3.392,2,0.4761082,396.2946,-0.1514879,0.3181796,7.44823,-10.1099,-33.9154,0.01140213,
2,3.402,2,0.4762696,396.3134,-0.1497709,0.3144665,7.44823,-10.1099,-33.9154,0.01140213,
2,3.412,2,0.4758798,396.3207,-0.1505891,0.3164436,7.44823,-10.1099,-33.9154,0.01140213,
2,3.422,2,0.473648,396.3374,-0.1518179,0.320529,7.44823,-10.1099,-33.9154,0.01140213,
2,3.432,2,0.4748268,396.3448,-0.152337,0.3208264,7.44823,-10.1099,-33.9154,0.01140213,
2,3.442,2,0.4758679,396.3284,-0.1501728,0.3155767,7.44823,-10.1099,-33.9154,0.01140213,
2,3.452,2,0.4774675,396.3214,-0.1516821,0.3176804,7.44823,-10.1099,-33.9154,0.01140213,
2,3.462,2,0.4808375,396.2845,-0.1522968,0.3167323,7.44823,-10.1099,-33.9154,0.01140213,
2,3.472,2,0.4919632,396.2217,-0.1545024,0.3140527,7.44823,-10.1099,-33.9154,0.01140213,
2,3.482,2,0.4983177,396.1315,-0.1556411,0.3123331,7.44823,-10.1099,-33.9154,0.01140213,
2,3.492,2,0.5060514,396.0837,-0.1567736,0.3097977,7.44823,-10.1099,-33.9154,0.01140213,
2,3.502,2,0.5103818,396.0636,-0.1584481,0.3104501,7.44823,-10.1099,-33.9154,0.01140213,
2,3.512,2,0.5112655,396.0533,-0.1591137,0.3112155,7.44823,-10.1099,-33.9154,0.01140213,
2,3.522,2,0.5128578,396.0691,-0.1602685,0.3125009,7.44823,-10.1099,-33.9154,0.01140213,
2,3.532,2,0.5096054,396.0451,-0.1588324,0.3116772,7.44823,-10.1099,-33.9154,0.01140213,
2,3.542,2,0.5112782,396.0446,-0.159784,0.3125187,7.44823,-10.1099,-33.9154,0.01140213,
2,3.552,2,0.5116192,396.0367,-0.1608274,0.3143499,7.44823,-10.1099,-33.9154,0.01140213,
2,3.562,2,0.5106156,396.0126,-0.1593314,0.3120379,7.44823,-10.1099,-33.9154,0.01140213,
2,3.572,2,0.5125659,396.0247,-0.1610157,0.3141366,7.44823,-10.1099,-33.9154,0.01140213,
2,3.582,2,0.5119701,396.0224,-0.1620606,0.3165431,7.44823,-10.1099,-33.9154,0.01140213,
2,3.592,2,0.5093012,396.0358,-0.1615681,0.3172348,7.44823,-10.1099,-33.9154,0.01140213,
2,3.602,2,0.5111709,396.0135,-0.1618602,0.316646,7.44287,-10.1099,-33.9173,0.01330185,
2,3.612,2,0.51063,396.0164,-0.1623656,0.3179711,7.44287,-10.1099,-33.9173,0.01330185,
2,3.622,2,0.5079908,396.0061,-0.1626172,0.3201185,7.44287,-10.1099,-33.9173,0.01330185,
2,3.632,2,0.5114947,395.9999,-0.1602347,0.3132677,7.44287,-10.1099,-33.9173,0.01330185,
2,3.642,2,0.5128058,395.9889,-0.1622853,0.3164654,7.44287,-10.1099,-33.9173,0.01330185,
2,3.652,2,0.5164794,395.9452,-0.1617267,0.3131329,7.44287,-10.1099,-33.9173,0.01330185,
2,3.662,2,0.5243405,395.9093,-0.1654493,0.3155379,7.44287,-10.1099,-33.9173,0.01330185,
2,3.672,2,0.5295699,395.8288,-0.1667047,0.3147926,7.44287,-10.1099,-33.9173,0.01330185,
2,3.682,2,0.5384353,395.7654,-0.1685034,0.3129502,7.44287,-10.1099,-33.9173,0.01330185,
2,3.692,2,0.5444683,395.7332,-0.1708304,0.3137565,7.44287,-10.1099,-33.9173,0.01330185,
2,3.702,2,0.5444801,395.7136,-0.1710675,0.314185,7.44287,-10.1099,-33.9173,0.01330185,
2,3.712,2,0.5487366,395.7088,-0.1703604,0.3104594,7.44287,-10.1099,-33.9173,0.01330185,
2,3.722,2,0.5462233,395.7257,-0.171921,0.3147449,7.44287,-10.1099,-33.9173,0.01330185,
2,3.732,2,0.5460712,395.6981,-0.1717977,0.3146068,7.44287,-10.1099,-33.9173,0.01330185,
2,3.742,2,0.5466483,395.6889,-0.1706017,0.3120867,7.44287,-10.1099,-33.9173,0.01330185,
2,3.752,2,0.54493,395.6867,-0.1722174,0.3160359,7.44287,-10.1099,-33.9173,0.01330185,
2,3.762,2,0.5442282,395.6774,-0.1728396,0.3175867,7.44287,-10.1099,-33.9173,0.01330185,
2,3.772,2,0.5471899,395.6878,-0.1738361,0.3176887,7.44287,-10.1099,-33.9173,0.01330185,
2,3.782,2,0.5428154,395.6652,-0.1718849,0.3166544,7.44287,-10.1099,-33.9173,0.01330185,
2,3.792,2,0.5469576,395.6512,-0.1728112,0.3159499,7.43827,-10.1099,-33.9192,0.01520157,
2,3.802,2,0.5432687,395.6701,-0.1728083,0.3180899,7.43827,-10.1099,-33.9192,0.01520157,
2,3.812,2,0.5454587,395.7054,-0.173969,0.3189407,7.43827,-10.1099,-33.9192,0.01520157,
2,3.822,2,0.5462037,395.651,-0.1745603,0.3195884,7.43827,-10.1099,-33.9192,0.01520157,
2,3.832,2,0.5446333,395.6557,-0.1734851,0.3185357,7.43827,-10.1099,-33.9192,0.01520157,
2,3.842,2,0.5514591,395.6278,-0.1738963,0.3153384,7.43827,-10.1099,-33.9192,0.01520157,
2,3.852,2,0.5554776,395.5417,-0.1773645,0.3193008,7.43827,-10.1099,-33.9192,0.01520157,
2,3.862,2,0.5643312,395.4872,-0.1789943,0.3171796,7.43827,-10.1099,-33.9192,0.01520157,
2,3.872,2,0.5722331,395.4344,-0.1793125,0.3133556,7.43827,-10.1099,-33.9192,0.01520157,
2,3.882,2,0.5766778,395.3698,-0.1807171,0.3133763,7.43827,-10.1099,-33.9192,0.01520157,
2,3.892,2,0.5810928,395.3826,-0.1824887,0.3140439,7.43827,-10.1099,-33.9192,0.01520157,
2,3.902,2,0.5826492,395.3899,-0.183014,0.3141066,7.43827,-10.1099,-33.9192,0.01520157,
2,3.912,2,0.5797132,395.3668,-0.1826008,0.3149847,7.43827,-10.1099,-33.9192,0.01520157,
2,3.922,2,0.5814861,395.3754,-0.1837341,0.3159734,7.43827,-10.1099,-33.9192,0.01520157,
2,3.932,2,0.5819815,395.3455,-0.1849312,0.3177613,7.43827,-10.1099,-33.9192,0.01520157,
2,3.942,2,0.5788364,395.36,-0.185492,0.3204567,7.43827,-10.1099,-33.9192,0.01520157,
2,3.952,2,0.5804368,395.3564,-0.1835159,0.3161685,7.43827,-10.1099,-33.9192,0.01520157,
2,3.962,2,0.581708,395.3545,-0.1839196,0.3161718,7.43827,-10.1099,-33.9192,0.01520157,
2,3.972,2,0.5806859,395.345,-0.1855425,0.319523,7.43827,-10.1099,-33.9192,0.01520157,
2,3.982,2,0.5780905,395.3237,-0.1846466,0.3194077,7.43827,-10.1099,-33.9192,0.01520157,
2,3.992,2,0.582299,395.3398,-0.1840501,0.316075,7.43827,-10.1099,-33.9192,0.01520157,
2,4.002,2,0.5806176,395.3368,-0.1856356,0.3197209,7.43365,-10.1099,-33.9211,0.01710129,
2,4.012,2,0.5810125,395.3393,-0.1864647,0.3209305,7.43365,-10.1099,-33.9211,0.01710129,
2,4.022,2,0.5777163,395.3405,-0.186436,0.3227119,7.43365,-10.1099,-33.9211,0.01710129,
2,4.032,2,0.5795977,395.3391,-0.1870444,0.3227143,7.43365,-10.1099,-33.9211,0.01710129,
2,4.042,2,0.5806392,395.3288,-0.183713,0.3163978,7.43365,-10.1099,-33.9211,0.01710129,
2,4.052,2,0.5835286,395.2728,-0.186441,0.3195061,7.43365,-10.1099,-33.9211,0.01710129,
2,4.062,2,0.591795,395.1944,-0.1882411,0.3180851,7.43365,-10.1099,-33.9211,0.01710129,
2,4.072,2,0.5998083,395.1798,-0.1887106,0.3146181,7.43365,-10.1099,-33.9211,0.01710129,
2,4.082,2,0.6077501,395.1083,-0.1905267,0.3134951,7.43365,-10.1099,-33.9211,0.01710129,
2,4.092,2,0.611851,395.0866,-0.1934539,0.3161781,7.43365,-10.1099,-33.9211,0.01710129,
2,4.102,2,0.6140243,395.0534,-0.1947883,0.3172322,7.43365,-10.1099,-33.9211,0.01710129,
2,4.112,2,0.6162002,395.0527,-0.1947609,0.3160676,7.43365,-10.1099,-33.9211,0.01710129,
2,4.122,2,0.6154971,395.0548,-0.1944008,0.3158436,7.43365,-10.1099,-33.9211,0.01710129,
2,4.132,2,0.6174363,395.0445,-0.1945881,0.3151548,7.43365,-10.1099,-33.9211,0.01710129,
2,4.142,2,0.6152092,395.0162,-0.1954045,0.3176229,7.43365,-10.1099,-33.9211,0.01710129,
2,4.152,2,0.6165246,395.0337,-0.1941942,0.3149821,7.43365,-10.1099,-33.9211,0.01710129,
2,4.162,2,0.6146938,395.0263,-0.1941578,0.315861,7.43365,-10.1099,-33.9211,0.01710129,
2,4.172,2,0.6166047,395.0248,-0.1960993,0.3180309,7.43365,-10.1099,-33.9211,0.01710129,
2,4.182,2,0.6162363,395.0307,-0.1969525,0.3196055,7.43365,-10.1099,-33.9211,0.01710129,
2,4.192,2,0.6151611,395.0316,-0.1969582,0.3201734,7.43365,-10.1099,-33.9211,0.01710129,
2,4.202,2,0.6150261,395.0156,-0.1954183,0.3177399,7.43365,-10.1099,-33.9211,0.01710129,
2,4.212,2,0.6156979,395.0103,-0.1960377,0.3183993,7.42868,-10.1099,-33.923,0.01900101,
2,4.222,2,0.6145663,394.9717,-0.1973828,0.3211742,7.42868,-10.1099,-33.923,0.01900101,
2,4.232,2,0.6133887,395.0396,-0.198952,0.324349,7.42868,-10.1099,-33.923,0.01900101,
2,4.242,2,0.6159323,394.9933,-0.1979232,0.3213392,7.42868,-10.1099,-33.923,0.01900101,
2,4.252,2,0.6154644,394.9803,-0.1988858,0.3231475,7.42868,-10.1099,-33.923,0.01900101,
2,4.262,2,0.614898,394.9834,-0.1999975,0.3252532,7.42868,-10.1099,-33.923,0.01900101,
2,4.272,2,0.6150702,394.9749,-0.2017306,0.3279799,7.42868,-10.1099,-33.923,0.01900101,
2,4.282,2,0.6165469,394.981,-0.1990215,0.3228003,7.42868,-10.1099,-33.923,0.01900101,
2,4.292,2,0.6202402,394.9511,-0.1983429,0.3197841,7.42868,-10.1099,-33.923,0.01900101,
2,4.302,2,0.6290074,394.884,-0.2009106,0.319409,7.42868,-10.1099,-33.923,0.01900101,
2,4.312,2,0.6335937,394.8149,-0.2041823,0.3222606,7.42868,-10.1099,-33.923,0.01900101,
2,4.322,2,0.6431266,394.7331,-0.2039743,0.3171605,7.42868,-10.1099,-33.923,0.01900101,
2,4.332,2,0.6502122,394.7003,-0.2068627,0.3181464,7.42868,-10.1099,-33.923,0.01900101,
2,4.342,2,0.6505112,394.6935,-0.2071875,0.3184996,7.42868,-10.1099,-33.923,0.01900101,
2,4.352,2,0.6505309,394.6985,-0.2081902,0.3200313,7.42868,-10.1099,-33.923,0.01900101,
2,4.362,2,0.6501661,394.7079,-0.2080269,0.3199597,7.42868,-10.1099,-33.923,0.01900101,
2,4.372,2,0.6508792,394.6897,-0.2077735,0.3192198,7.42868,-10.1099,-33.923,0.01900101,
2,4.382,2,0.6510036,394.6867,-0.2097574,0.3222061,7.42868,-10.1099,-33.923,0.01900101,
2,4.392,2,0.6493943,394.7144,-0.2092045,0.3221533,7.42868,-10.1099,-33.923,0.01900101,
2,4.402,2,0.6501493,394.7012,-0.2085706,0.3208041,7.42868,-10.1099,-33.923,0.01900101,
2,4.412,2,0.6493008,394.672,-0.2089873,0.3218651,7.42868,-10.1099,-33.923,0.01900101,
2,4.422,2,0.650418,394.6678,-0.2112143,0.3247363,7.42292,-10.1099,-33.9248,0.02080154,
2,4.432,2,0.6490906,394.6488,-0.2121822,0.3268915,7.42292,-10.1099,-33.9248,0.02080154,
2,4.442,2,0.6499127,394.6493,-0.2110739,0.3247727,7.42292,-10.1099,-33.9248,0.02080154,
2,4.452,2,0.6501164,394.6472,-0.2105832,0.3239161,7.42292,-10.1099,-33.9248,0.02080154,
2,4.462,2,0.6485014,394.6549,-0.2110888,0.3255024,7.42292,-10.1099,-33.9248,0.02080154,
2,4.472,2,0.6474978,394.6434,-0.2117463,0.3270224,7.42292,-10.1099,-33.9248,0.02080154,
2,4.482,2,0.6475423,394.6694,-0.2118736,0.3271966,7.42292,-10.1099,-33.9248,0.02080154,
2,4.492,2,0.650412,394.6501,-0.2111328,0.324614,7.42292,-10.1099,-33.9248,0.02080154,
2,4.502,2,0.6559502,394.6011,-0.2130446,0.3247878,7.42292,-10.1099,-33.9248,0.02080154,
2,4.512,2,0.6638,394.5468,-0.2142677,0.3227895,7.42292,-10.1099,-33.9248,0.02080154,
2,4.522,2,0.6712602,394.4365,-0.2155033,0.3210429,7.42292,-10.1099,-33.9248,0.02080154,
2,4.532,2,0.6804096,394.4042,-0.216524,0.318226,7.42292,-10.1099,-33.9248,0.02080154,
2,4.542,2,0.6836634,394.3741,-0.2199807,0.3217675,7.42292,-10.1099,-33.9248,0.02080154,
2,4.552,2,0.6861712,394.3737,-0.2194762,0.3198564,7.42292,-10.1099,-33.9248,0.02080154,
2,4.562,2,0.6855357,394.3777,-0.2191866,0.3197305,7.42292,-10.1099,-33.9248,0.02080154,
2,4.572,2,0.6839618,394.3629,-0.2181597,0.3189648,7.42292,-10.1099,-33.9248,0.02080154,
2,4.582,2,0.6863467,394.3529,-0.2186521,0.3185738,7.42292,-10.1099,-33.9248,0.02080154,
2,4.592,2,0.6857953,394.3526,-0.2206487,0.3217414,7.42292,-10.1099,-33.9248,0.02080154,
2,4.602,2,0.6854596,394.3521,-0.2207379,0.3220291,7.42292,-10.1099,-33.9248,0.02080154,
2,4.612,2,0.686403,394.3446,-0.2208916,0.3218104,7.41792,-10.1099,-33.9267,0.02270126,
2,4.622,2,0.6875609,394.3464,-0.2205483,0.3207691,7.41792,-10.1099,-33.9267,0.02270126,
2,4.632,2,0.6855791,394.338,-0.2205811,0.3217442,7.41792,-10.1099,-33.9267,0.02270126,
2,4.642,2,0.6848685,394.2932,-0.2216127,0.3235844,7.41792,-10.1099,-33.9267,0.02270126,
2,4.652,2,0.6843891,394.3576,-0.2235559,0.3266503,7.41792,-10.1099,-33.9267,0.02270126,
2,4.662,2,0.6847461,394.3227,-0.2222309,0.3245449,7.41792,-10.1099,-33.9267,0.02270126,
2,4.672,2,0.6849257,394.3163,-0.2217954,0.323824,7.41792,-10.1099,-33.9267,0.02270126,
2,4.682,2,0.6839058,394.3274,-0.2230766,0.3261803,7.41792,-10.1099,-33.9267,0.02270126,
2,4.692,2,0.6852737,394.3642,-0.2227,0.3249796,7.41792,-10.1099,-33.9267,0.02270126,
2,4.702,2,0.6905506,394.3056,-0.2218572,0.3212758,7.41792,-10.1099,-33.9267,0.02270126,
2,4.712,2,0.6933199,394.2569,-0.2231175,0.3218103,7.41792,-10.1099,-33.9267,0.02270126,
2,4.722,2,0.70298,394.1804,-0.2246217,0.3195278,7.41792,-10.1099,-33.9267,0.02270126,
2,4.732,2,0.7090477,394.0182,-0.2280696,0.3216562,7.41792,-10.1099,-33.9267,0.02270126,
2,4.742,2,0.7167165,394.0624,-0.2300569,0.3209872,7.41792,-10.1099,-33.9267,0.02270126,
2,4.752,2,0.7210532,394.0505,-0.2302127,0.3192728,7.41792,-10.1099,-33.9267,0.02270126,
2,4.762,2,0.719647,394.0468,-0.2305962,0.3204297,7.41792,-10.1099,-33.9267,0.02270126,
2,4.772,2,0.7210184,394.0298,-0.2315938,0.3212037,7.41792,-10.1099,-33.9267,0.02270126,
2,4.782,2,0.7208235,394.0295,-0.231348,0.3209496,7.41792,-10.1099,-33.9267,0.02270126,
2,4.792,2,0.7215922,394.0283,-0.2302426,0.3190757,7.41792,-10.1099,-33.9267,0.02270126,
2,4.802,2,0.7180893,394.012,-0.2323851,0.3236158,7.41792,-10.1099,-33.9267,0.02270126,
2,4.812,2,0.7227393,393.9892,-0.2334296,0.3229789,7.41792,-10.1099,-33.9267,0.02270126,
2,4.822,2,0.7199022,393.9753,-0.2320428,0.3223255,7.41295,-10.1099,-33.9286,0.02460098,
2,4.832,2,0.7191162,393.9993,-0.2313808,0.3217572,7.41295,-10.1099,-33.9286,0.02460098,
2,4.842,2,0.7194653,393.9889,-0.2340901,0.3253668,7.41295,-10.1099,-33.9286,0.02460098,
2,4.852,2,0.7189466,394.0052,-0.2348038,0.3265943,7.41295,-10.1099,-33.9286,0.02460098,
2,4.862,2,0.7182256,393.9809,-0.2351705,0.3274326,7.41295,-10.1099,-33.9286,0.02460098,
2,4.872,2,0.7191201,393.9839,-0.2352721,0.3271666,7.41295,-10.1099,-33.9286,0.02460098,
2,4.882,2,0.7191978,393.9584,-0.2348647,0.3265649,7.41295,-10.1099,-33.9286,0.02460098,
2,4.892,2,0.7210552,393.9734,-0.2353594,0.3264097,7.41295,-10.1099,-33.9286,0.02460098,
2,4.902,2,0.718547,393.9679,-0.2350679,0.3271434,7.41295,-10.1099,-33.9286,0.02460098,
2,4.912,2,0.7240664,393.9479,-0.2338822,0.3230121,7.41295,-10.1099,-33.9286,0.02460098,
2,4.922,2,0.7294261,393.8927,-0.2355392,0.3229103,7.41295,-10.1099,-33.9286,0.02460098,
2,4.932,2,0.7381355,393.829,-0.2391451,0.3239855,7.41295,-10.1099,-33.9286,0.02460098,
2,4.942,2,0.7444838,393.7469,-0.2420018,0.3250599,7.41295,-10.1099,-33.9286,0.02460098,
2,4.952,2,0.751556,393.7129,-0.2407464,0.3203306,7.41295,-10.1099,-33.9286,0.02460098,
2,4.962,2,0.7537376,393.6994,-0.2435868,0.3231719,7.41295,-10.1099,-33.9286,0.02460098,
2,4.972,2,0.756814,393.6802,-0.2438977,0.322269,7.41295,-10.1099,-33.9286,0.02460098,
2,4.982,2,0.7544834,393.7059,-0.2432064,0.3223482,7.41295,-10.1099,-33.9286,0.02460098,
2,4.992,2,0.7552417,393.6674,-0.2428795,0.3215917,7.41295,-10.1099,-33.9286,0.02460098,
2,5.002,2,0.7532906,393.674,-0.2430203,0.3226117,7.41295,-10.1099,-33.9286,0.02460098,
2,5.012,2,0.7551681,393.6644,-0.2432672,0.3221365,7.41295,-10.1099,-33.9286,0.02460098,
2,5.022,2,0.7553099,393.6997,-0.247752,0.3280137,7.41295,-10.1099,-33.9286,0.02460098,
2,5.032,2,0.7541843,393.6472,-0.2464268,0.3267461,7.41295,-10.1099,-33.9286,0.02460098,
2,5.042,2,0.7536282,393.6375,-0.2496516,0.3312662,7.41295,-10.1099,-33.9286,0.02460098,
2,5.052,2,0.7544028,393.6377,-0.2480937,0.328861,7.41295,-10.1099,-33.9286,0.02460098,
2,5.062,2,0.7540041,393.676,-0.2495133,0.3309177,7.41295,-10.1099,-33.9286,0.02460098,
2,5.072,2,0.7534598,393.6522,-0.2482993,0.3295456,7.40795,-10.1099,-33.9305,0.0265007,
2,5.082,2,0.7525203,393.6249,-0.250571,0.3329758,7.40795,-10.1099,-33.9305,0.0265007,
2,5.092,2,0.7534557,393.6249,-0.2549937,0.3384323,7.40795,-10.1099,-33.9305,0.0265007,
2,5.102,2,0.7549309,393.6017,-0.2515128,0.33316,7.40795,-10.1099,-33.9305,0.0265007,
2,5.112,2,0.75236,393.6017,-0.2482072,0.3299048,7.40795,-10.1099,-33.9305,0.0265007,
2,5.122,2,0.7538446,393.594,-0.2492502,0.3306387,7.40795,-10.1099,-33.9305,0.0265007,
2,5.132,2,0.7523382,393.6011,-0.2520091,0.3349679,7.40795,-10.1099,-33.9305,0.0265007,
2,5.142,2,0.7517293,393.6012,-0.2552446,0.3395432,7.40795,-10.1099,-33.9305,0.0265007,
2,5.152,2,0.7585256,393.6035,-0.2532741,0.3339032,7.40795,-10.1099,-33.9305,0.0265007,
2,5.162,2,0.7657384,393.5384,-0.2497717,0.3261841,7.40795,-10.1099,-33.9305,0.0265007,
2,5.172,2,0.7733238,393.48,-0.2500024,0.3232829,7.40795,-10.1099,-33.9305,0.0265007,
2,5.182,2,0.77998,393.4072,-0.2541265,0.3258116,7.40795,-10.1099,-33.9305,0.0265007,
2,5.192,2,0.7883385,393.348,-0.2556041,0.3242314,7.40795,-10.1099,-33.9305,0.0265007,
2,5.202,2,0.7900106,393.3598,-0.2557092,0.3236782,7.40795,-10.1099,-33.9305,0.0265007,
2,5.212,2,0.7919644,393.3446,-0.2570771,0.3246069,7.40795,-10.1099,-33.9305,0.0265007,
2,5.222,2,0.7898253,393.3389,-0.2576523,0.3262143,7.40795,-10.1099,-33.9305,0.0265007,
2,5.232,2,0.7920866,393.3502,-0.2591836,0.3272163,7.40795,-10.1099,-33.9305,0.0265007,
2,5.242,2,0.7887222,393.3236,-0.2654875,0.3366046,7.40795,-10.1099,-33.9305,0.0265007,
2,5.252,2,0.7904973,393.3234,-0.2653229,0.3356404,7.40795,-10.1099,-33.9305,0.0265007,
2,5.262,2,0.7903532,393.31,-0.2632411,0.3330676,7.40795,-10.1099,-33.9305,0.0265007,
2,5.272,2,0.7928969,393.3194,-0.2598652,0.3277414,7.40795,-10.1099,-33.9305,0.0265007,
2,5.282,2,0.7885314,393.3139,-0.2668321,0.3383912,7.40795,-10.1099,-33.9305,0.0265007,
2,5.292,2,0.7914865,393.3111,-0.2655174,0.3354668,7.4022,-10.1099,-33.9324,0.02840042,
2,5.302,2,0.790359,393.293,-0.2667633,0.3375217,7.4022,-10.1099,-33.9324,0.02840042,
2,5.312,2,0.7904818,393.2963,-0.2642004,0.3342271,7.4022,-10.1099,-33.9324,0.02840042,
2,5.322,2,0.7884545,393.3007,-0.2653359,0.3365266,7.4022,-10.1099,-33.9324,0.02840042,
2,5.332,2,0.7884472,393.2898,-0.2638673,0.334667,7.4022,-10.1099,-33.9324,0.02840042,
2,5.342,2,0.7891052,393.284,-0.2639126,0.3344454,7.4022,-10.1099,-33.9324,0.02840042,
2,5.352,2,0.7893364,393.2833,-0.2602133,0.3296608,7.4022,-10.1099,-33.9324,0.02840042,
2,5.362,2,0.7896883,393.2827,-0.2616642,0.3313512,7.4022,-10.1099,-33.9324,0.02840042,
2,5.372,2,0.7917463,393.2677,-0.2622701,0.3312553,7.4022,-10.1099,-33.9324,0.02840042,
2,5.382,2,0.7982306,393.2291,-0.2599386,0.3256435,7.4022,-10.1099,-33.9324,0.02840042,
2,5.392,2,0.8078146,393.1728,-0.2612709,0.3234293,7.4022,-10.1099,-33.9324,0.02840042,
2,5.402,2,0.8122444,393.1206,-0.2634782,0.3243829,7.4022,-10.1099,-33.9324,0.02840042,
2,5.412,2,0.8228077,393.0375,-0.2629427,0.3195676,7.4022,-10.1099,-33.9324,0.02840042,
2,5.422,2,0.8277982,393.0182,-0.2667403,0.3222286,7.4022,-10.1099,-33.9324,0.02840042,
2,5.432,2,0.8271441,393.0098,-0.2677159,0.323663,7.4022,-10.1099,-33.9324,0.02840042,
2,5.442,2,0.8273821,392.9746,-0.268885,0.3249828,7.4022,-10.1099,-33.9324,0.02840042,
2,5.452,2,0.8275182,393.0003,-0.2705218,0.3269073,7.4022,-10.1099,-33.9324,0.02840042,
2,5.462,2,0.8268417,392.9797,-0.2680788,0.3242202,7.4022,-10.1099,-33.9324,0.02840042,
2,5.472,2,0.8289429,392.9469,-0.2712244,0.3271931,7.4022,-10.1099,-33.9324,0.02840042,
2,5.482,2,0.8261502,392.9273,-0.271534,0.3286739,7.4022,-10.1099,-33.9324,0.02840042,
2,5.492,2,0.8262686,392.9561,-0.2701174,0.3269124,7.4022,-10.1099,-33.9324,0.02840042,
2,5.502,2,0.8287951,392.9416,-0.2705727,0.3264651,7.39682,-10.1099,-33.9344,0.03039932,
2,5.512,2,0.8262139,392.9532,-0.2722763,0.329547,7.39682,-10.1099,-33.9344,0.03039932,
2,5.522,2,0.8251517,392.9895,-0.2736913,0.331686,7.39682,-10.1099,-33.9344,0.03039932,
2,5.532,2,0.8250577,392.9446,-0.2740254,0.3321287,7.39682,-10.1099,-33.9344,0.03039932,
2,5.542,2,0.8247013,392.9326,-0.2733788,0.3314883,7.39682,-10.1099,-33.9344,0.03039932,
2,5.552,2,0.826202,392.9336,-0.2752829,0.3331908,7.39682,-10.1099,-33.9344,0.03039932,
2,5.562,2,0.8241267,392.8555,-0.2752222,0.3339562,7.39682,-10.1099,-33.9344,0.03039932,
2,5.572,2,0.8254918,392.93,-0.2741798,0.3321411,7.39682,-10.1099,-33.9344,0.03039932,
2,5.582,2,0.829973,392.9185,-0.2717083,0.3273701,7.39682,-10.1099,-33.9344,0.03039932,
2,5.592,2,0.8346751,392.8788,-0.2726617,0.3266681,7.39682,-10.1099,-33.9344,0.03039932,
2,5.602,2,0.8428811,392.8175,-0.2764607,0.3279949,7.39682,-10.1099,-33.9344,0.03039932,
2,5.612,2,0.8480498,392.7281,-0.2794845,0.3295615,7.39682,-10.1099,-33.9344,0.03039932,
2,5.622,2,0.8576335,392.6936,-0.2791364,0.3254728,7.39682,-10.1099,-33.9344,0.03039932,
2,5.632,2,0.862642,392.6727,-0.2804899,0.3251521,7.39682,-10.1099,-33.9344,0.03039932,
2,5.642,2,0.8606088,392.6477,-0.2833537,0.3292479,7.39682,-10.1099,-33.9344,0.03039932,
2,5.652,2,0.8641018,392.6555,-0.2844899,0.3292319,7.39682,-10.1099,-33.9344,0.03039932,
2,5.662,2,0.8620091,392.6359,-0.2827318,0.3279916,7.39682,-10.1099,-33.9344,0.03039932,
2,5.672,2,0.8630694,392.634,-0.2841703,0.3292554,7.39682,-10.1099,-33.9344,0.03039932,
2,5.682,2,0.860526,392.6398,-0.2855729,0.3318586,7.39682,-10.1099,-33.9344,0.03039932,
2,5.692,2,0.8599057,392.6165,-0.2857962,0.3323576,7.39682,-10.1099,-33.9344,0.03039932,
2,5.702,2,0.8611097,392.6221,-0.2858665,0.3319746,7.39682,-10.1099,-33.9344,0.03039932,
2,5.712,2,0.8610501,392.6129,-0.2856267,0.3317191,7.39682,-10.1099,-33.9344,0.03039932,
2,5.722,2,0.8605058,392.6287,-0.2881824,0.3348989,7.39682,-10.1099,-33.9344,0.03039932,
2,5.732,2,0.861626,392.6236,-0.2878049,0.3340253,7.39185,-10.1099,-33.9363,0.03229904,
2,5.742,2,0.860669,392.6056,-0.2903686,0.3373754,7.39185,-10.1099,-33.9363,0.03229904,
2,5.752,2,0.8614259,392.6024,-0.2945524,0.3419358,7.39185,-10.1099,-33.9363,0.03229904,
2,5.762,2,0.8588836,392.6042,-0.2955286,0.3440846,7.39185,-10.1099,-33.9363,0.03229904,
2,5.772,2,0.8608761,392.6272,-0.2962957,0.3441792,7.39185,-10.1099,-33.9363,0.03229904,
2,5.782,2,0.8612691,392.5808,-0.2958036,0.3434509,7.39185,-10.1099,-33.9363,0.03229904,
2,5.792,2,0.8611196,392.583,-0.2960554,0.3438028,7.39185,-10.1099,-33.9363,0.03229904,
2,5.802,2,0.8607398,392.5805,-0.2963018,0.3442408,7.39185,-10.1099,-33.9363,0.03229904,
2,5.812,2,0.8613417,392.5978,-0.2955703,0.3431511,7.39185,-10.1099,-33.9363,0.03229904,
2,5.822,2,0.864019,392.5619,-0.2948628,0.3412689,7.39185,-10.1099,-33.9363,0.03229904,
2,5.832,2,0.8690705,392.5305,-0.2959559,0.340543,7.39185,-10.1099,-33.9363,0.03229904,
2,5.842,2,0.8765212,392.4477,-0.2982472,0.3402624,7.39185,-10.1099,-33.9363,0.03229904,
2,5.852,2,0.8836467,392.3903,-0.3029732,0.3428669,7.39185,-10.1099,-33.9363,0.03229904,
2,5.862,2,0.8932461,392.3239,-0.3018922,0.337972,7.39185,-10.1099,-33.9363,0.03229904,
2,5.872,2,0.8976369,392.3134,-0.3022154,0.3366789,7.39185,-10.1099,-33.9363,0.03229904,
2,5.882,2,0.8995559,392.3022,-0.3019679,0.3356855,7.39185,-10.1099,-33.9363,0.03229904,
2,5.892,2,0.9001161,392.3264,-0.302492,0.3360589,7.39185,-10.1099,-33.9363,0.03229904,
2,5.902,2,0.8998932,392.2742,-0.3039555,0.3377684,7.39185,-10.1099,-33.9363,0.03229904,
2,5.912,2,0.9009722,392.2786,-0.3033878,0.3367338,7.39185,-10.1099,-33.9363,0.03229904,
2,5.922,2,0.899367,392.2667,-0.3033716,0.3373168,7.39185,-10.1099,-33.9363,0.03229904,
2,5.932,2,0.8991226,392.2631,-0.304445,0.3386023,7.39185,-10.1099,-33.9363,0.03229904,
2,5.942,2,0.8984532,392.2621,-0.3060142,0.3406011,7.39185,-10.1099,-33.9363,0.03229904,
2,5.952,2,0.9001077,392.2538,-0.3031208,0.3367606,7.39185,-10.1099,-33.9363,0.03229904,
2,5.962,2,0.8974249,392.2518,-0.3052776,0.3401707,7.39185,-10.1099,-33.9363,0.03229904,
2,5.972,2,0.8981025,392.2416,-0.3056359,0.3403129,7.38608,-10.1099,-33.9383,0.03430176,
2,5.982,2,0.9007423,392.2101,-0.3010627,0.3342385,7.38608,-10.1099,-33.9383,0.03430176,
2,5.992,2,0.8990574,392.2354,-0.2981957,0.331676,7.38608,-10.1099,-33.9383,0.03430176,
2,6.002,2,0.8983303,392.2329,-0.2996052,0.3335133,7.38608,-10.1099,-33.9383,0.03430176,
2,6.012,2,0.8975984,392.2274,-0.3026429,0.3371695,7.38608,-10.1099,-33.9383,0.03430176,
2,6.022,2,0.899582,392.2103,-0.307189,0.3414797,7.38608,-10.1099,-33.9383,0.03430176,
2,6.032,2,0.9027862,392.1873,-0.3055348,0.3384354,7.38608,-10.1099,-33.9383,0.03430176,
2,6.042,2,0.9054169,392.1581,-0.3037093,0.3354359,7.38608,-10.1099,-33.9383,0.03430176,
2,6.052,2,0.9145498,392.0939,-0.3056483,0.3342063,7.38608,-10.1099,-33.9383,0.03430176,
2,6.062,2,0.9224831,392.0165,-0.3115681,0.3377493,7.38608,-10.1099,-33.9383,0.03430176,
2,6.072,2,0.93103,391.9607,-0.3087876,0.3316624,7.38608,-10.1099,-33.9383,0.03430176,
2,6.082,2,0.9358611,391.9462,-0.3132825,0.3347532,7.38608,-10.1099,-33.9383,0.03430176,
2,6.092,2,0.9349139,391.9461,-0.318541,0.340717,7.38608,-10.1099,-33.9383,0.03430176,
2,6.102,2,0.9352357,391.9455,-0.3137925,0.3355224,7.38608,-10.1099,-33.9383,0.03430176,
2,6.112,2,0.939442,391.938,-0.3130635,0.3332441,7.38608,-10.1099,-33.9383,0.03430176,
2,6.122,2,0.9356658,391.9244,-0.3117893,0.3332272,7.38608,-10.1099,-33.9383,0.03430176,
2,6.132,2,0.936731,391.9192,-0.3111613,0.3321778,7.38608,-10.1099,-33.9383,0.03430176,
2,6.142,2,0.9349201,391.9192,-0.3123041,0.3340437,7.38608,-10.1099,-33.9383,0.03430176,
2,6.152,2,0.9367276,391.911,-0.3115185,0.3325604,7.38608,-10.1099,-33.9383,0.03430176,
2,6.162,2,0.9404969,391.8957,-0.3115816,0.3312947,7.38608,-10.1099,-33.9383,0.03430176,
2,6.172,2,0.9356735,391.9033,-0.3200005,0.3420002,7.38608,-10.1099,-33.9383,0.03430176,
2,6.182,2,0.9357671,391.9036,-0.3221427,0.3442552,7.3811,-10.1099,-33.9403,0.03630066,
2,6.192,2,0.9355615,391.895,-0.3210378,0.3431498,7.3811,-10.1099,-33.9403,0.03630066,
2,6.202,2,0.9340509,391.8841,-0.3200509,0.3426482,7.3811,-10.1099,-33.9403,0.03630066,
2,6.212,2,0.9339237,391.8751,-0.3224003,0.3452106,7.3811,-10.1099,-33.9403,0.03630066,
2,6.222,2,0.9347519,391.8943,-0.3237977,0.3463996,7.3811,-10.1099,-33.9403,0.03630066,
2,6.232,2,0.9352753,391.862,-0.3233209,0.345696,7.3811,-10.1099,-33.9403,0.03630066,
2,6.242,2,0.9411015,391.8419,-0.3226335,0.3428254,7.3811,-10.1099,-33.9403,0.03630066,
2,6.252,2,0.9447592,391.7953,-0.3252701,0.3442889,7.3811,-10.1099,-33.9403,0.03630066,
2,6.262,2,0.9548464,391.7214,-0.3254811,0.3408727,7.3811,-10.1099,-33.9403,0.03630066,
2,6.272,2,0.9628327,391.6624,-0.3257623,0.3383373,7.3811,-10.1099,-33.9403,0.03630066,
2,6.282,2,0.9678462,391.6285,-0.3322173,0.3432542,7.3811,-10.1099,-33.9403,0.03630066,
2,6.292,2,0.9708415,391.6052,-0.3327013,0.3426937,7.3811,-10.1099,-33.9403,0.03630066,
2,6.302,2,0.9702116,391.6046,-0.3347059,0.3449824,7.3811,-10.1099,-33.9403,0.03630066,
2,6.312,2,0.9712409,391.6065,-0.3296297,0.3393902,7.3811,-10.1099,-33.9403,0.03630066,
2,6.322,2,0.9736884,391.5686,-0.3231933,0.3319269,7.3811,-10.1099,-33.9403,0.03630066,
2,6.332,2,0.9738197,391.5658,-0.3235943,0.3322939,7.3811,-10.1099,-33.9403,0.03630066,
2,6.342,2,0.9738435,391.5815,-0.3246022,0.3333208,7.3811,-10.1099,-33.9403,0.03630066,
2,6.352,2,0.9724986,391.5477,-0.3253269,0.3345269,7.3811,-10.1099,-33.9403,0.03630066,
2,6.362,2,0.973657,391.5411,-0.3239595,0.3327245,7.3811,-10.1099,-33.9403,0.03630066,
2,6.372,2,0.9726014,391.5446,-0.3243255,0.3334619,7.3811,-10.1099,-33.9403,0.03630066,
2,6.382,2,0.9728846,391.5437,-0.3229357,0.3319363,7.37612,-10.1099,-33.9422,0.03820038,
2,6.392,2,0.9720985,391.5482,-0.3251802,0.3345137,7.37612,-10.1099,-33.9422,0.03820038,
2,6.402,2,0.9737536,391.5815,-0.3247558,0.3335092,7.37612,-10.1099,-33.9422,0.03820038,
2,6.412,2,0.9711856,391.5285,-0.3247083,0.3343421,7.37612,-10.1099,-33.9422,0.03820038,
2,6.422,2,0.9726688,391.5162,-0.3253924,0.3345356,7.37612,-10.1099,-33.9422,0.03820038,
2,6.432,2,0.9728159,391.5227,-0.3266939,0.3358229,7.37612,-10.1099,-33.9422,0.03820038,
2,6.442,2,0.9757238,391.5362,-0.3255349,0.3336343,7.37612,-10.1099,-33.9422,0.03820038,
2,6.452,2,0.9800271,391.4843,-0.3237785,0.3303771,7.37612,-10.1099,-33.9422,0.03820038,
2,6.462,2,0.9858147,391.4342,-0.3253126,0.3299936,7.37612,-10.1099,-33.9422,0.03820038,
2,6.472,2,0.9958037,391.3499,-0.3296439,0.331033,7.37612,-10.1099,-33.9422,0.03820038,
2,6.482,2,1.003221,391.3267,-0.3328541,0.3317855,7.37612,-10.1099,-33.9422,0.03820038,
2,6.492,2,1.008867,391.2747,-0.3312443,0.3283331,7.37612,-10.1099,-33.9422,0.03820038,
2,6.502,2,1.009695,391.2437,-0.3365646,0.333333,7.37612,-10.1099,-33.9422,0.03820038,
2,6.512,2,1.013134,391.2266,-0.337476,0.3331011,7.37612,-10.1099,-33.9422,0.03820038,
2,6.522,2,1.011931,391.2259,-0.3366999,0.3327301,7.37612,-10.1099,-33.9422,0.03820038,
2,6.532,2,1.009241,391.2185,-0.3373116,0.334223,7.37612,-10.1099,-33.9422,0.03820038,
2,6.542,2,1.009191,391.2111,-0.3364136,0.3333499,7.37612,-10.1099,-33.9422,0.03820038,
2,6.552,2,1.011324,391.2176,-0.3367717,0.3330007,7.37612,-10.1099,-33.9422,0.03820038,
2,6.562,2,1.011718,391.2086,-0.3365914,0.3326929,7.37612,-10.1099,-33.9422,0.03820038,
2,6.572,2,1.010382,391.1994,-0.338365,0.3348883,7.37612,-10.1099,-33.9422,0.03820038,
2,6.582,2,1.011156,391.1974,-0.3377848,0.3340581,7.37612,-10.1099,-33.9422,0.03820038,
2,6.592,2,1.011474,391.1874,-0.3387302,0.3348878,7.37115,-10.1099,-33.9442,0.04019928,
2,6.602,2,1.006603,391.1812,-0.3405095,0.3382757,7.37115,-10.1099,-33.9442,0.04019928,
2,6.612,2,1.009529,391.1737,-0.3403397,0.3371271,7.37115,-10.1099,-33.9442,0.04019928,
2,6.622,2,1.011313,391.1618,-0.3378991,0.3341193,7.37115,-10.1099,-33.9442,0.04019928,
2,6.632,2,1.006768,391.1644,-0.3402104,0.3379233,7.37115,-10.1099,-33.9442,0.04019928,
2,6.642,2,1.01049,391.1552,-0.3410441,0.3375036,7.37115,-10.1099,-33.9442,0.04019928,
2,6.652,2,1.012363,391.1541,-0.3410539,0.3368889,7.37115,-10.1099,-33.9442,0.04019928,
2,6.662,2,1.012993,391.1251,-0.340077,0.3357152,7.37115,-10.1099,-33.9442,0.04019928,
2,6.672,2,1.025937,391.0537,-0.3429155,0.3342462,7.37115,-10.1099,-33.9442,0.04019928,
2,6.682,2,1.031814,390.9913,-0.3446439,0.3340173,7.37115,-10.1099,-33.9442,0.04019928,
2,6.692,2,1.045846,390.9054,-0.3467595,0.331559,7.37115,-10.1099,-33.9442,0.04019928,
2,6.702,2,1.045134,390.917,-0.3478241,0.3328033,7.37115,-10.1099,-33.9442,0.04019928,
2,6.712,2,1.045776,390.9039,-0.3482787,0.3330337,7.37115,-10.1099,-33.9442,0.04019928,
2,6.722,2,1.050474,390.8892,-0.3498205,0.3330122,7.37115,-10.1099,-33.9442,0.04019928,
2,6.732,2,1.048111,390.7875,-0.3496472,0.3335976,7.37115,-10.1099,-33.9442,0.04019928,
2,6.742,2,1.047866,390.8597,-0.3499624,0.3339764,7.37115,-10.1099,-33.9442,0.04019928,
2,6.752,2,1.046562,390.8658,-0.3515131,0.3358741,7.37115,-10.1099,-33.9442,0.04019928,
2,6.762,2,1.04548,390.8522,-0.352185,0.3368645,7.37115,-10.1099,-33.9442,0.04019928,
2,6.772,2,1.046336,390.8703,-0.3533176,0.3376712,7.37115,-10.1099,-33.9442,0.04019928,
2,6.782,2,1.043787,390.8592,-0.352369,0.3375871,7.37115,-10.1099,-33.9442,0.04019928,
2,6.792,2,1.047551,390.8405,-0.3510448,0.3351099,7.37115,-10.1099,-33.9442,0.04019928,
2,6.802,2,1.046433,390.8383,-0.352325,0.3366915,7.37115,-10.1099,-33.9442,0.04019928,
2,6.812,2,1.044995,390.8389,-0.3533099,0.3380973,7.37115,-10.1099,-33.9442,0.04019928,
2,6.822,2,1.046012,390.8033,-0.3542285,0.3386467,7.36615,-10.1099,-33.9462,0.042202,
2,6.832,2,1.045989,390.822,-0.3514213,0.3359704,7.36615,-10.1099,-33.9462,0.042202,
2,6.842,2,1.045103,390.8174,-0.3513917,0.3362269,7.36615,-10.1099,-33.9462,0.042202,
2,6.852,2,1.048263,390.8274,-0.3558899,0.3395042,7.36615,-10.1099,-33.9462,0.042202,
2,6.862,2,1.048612,390.8144,-0.3562969,0.3397795,7.36615,-10.1099,-33.9462,0.042202,
2,6.872,2,1.052991,390.7509,-0.3542975,0.3364678,7.36615,-10.1099,-33.9462,0.042202,
2,6.882,2,1.064572,390.6953,-0.3536251,0.3321757,7.36615,-10.1099,-33.9462,0.042202,
2,6.892,2,1.072034,390.628,-0.3592243,0.3350866,7.36615,-10.1099,-33.9462,0.042202,
2,6.902,2,1.076301,390.5677,-0.3639124,0.3381141,7.36615,-10.1099,-33.9462,0.042202,
2,6.912,2,1.080834,390.547,-0.3631743,0.336013,7.36615,-10.1099,-33.9462,0.042202,
2,6.922,2,1.083592,390.5427,-0.3613001,0.3334281,7.36615,-10.1099,-33.9462,0.042202,
2,6.932,2,1.084371,390.5352,-0.3611005,0.3330047,7.36615,-10.1099,-33.9462,0.042202,
2,6.942,2,1.083575,390.5336,-0.36362,0.3355742,7.36615,-10.1099,-33.9462,0.042202,
2,6.952,2,1.084734,390.5149,-0.3626984,0.3343663,7.36615,-10.1099,-33.9462,0.042202,
2,6.962,2,1.084189,390.5076,-0.36404,0.3357718,7.36615,-10.1099,-33.9462,0.042202,
2,6.972,2,1.081944,390.5142,-0.36743,0.3396018,7.36615,-10.1099,-33.9462,0.042202,
2,6.982,2,1.086263,390.4759,-0.365787,0.3367389,7.36615,-10.1099,-33.9462,0.042202,
2,6.992,2,1.081969,390.475,-0.3655753,0.3378797,7.36615,-10.1099,-33.9462,0.042202,
2,7.002,2,1.081502,390.4814,-0.3643044,0.3368505,7.36615,-10.1099,-33.9462,0.042202,
2,7.012,2,1.082376,390.4749,-0.3664918,0.3385994,7.36115,-10.1099,-33.9481,0.04410172,
2,7.022,2,1.080522,390.4768,-0.366015,0.3387392,7.36115,-10.1099,-33.9481,0.04410172,
2,7.032,2,1.0791,390.4573,-0.3657449,0.338935,7.36115,-10.1099,-33.9481,0.04410172,
2,7.042,2,1.080935,390.4563,-0.3644538,0.3371652,7.36115,-10.1099,-33.9481,0.04410172,
2,7.052,2,1.080572,390.4411,-0.3647696,0.3375709,7.36115,-10.1099,-33.9481,0.04410172,
2,7.062,2,1.080068,390.4552,-0.3667346,0.3395477,7.36115,-10.1099,-33.9481,0.04410172,
2,7.072,2,1.081078,390.4454,-0.3657386,0.338309,7.36115,-10.1099,-33.9481,0.04410172,
2,7.082,2,1.083832,390.4276,-0.3657849,0.3374921,7.36115,-10.1099,-33.9481,0.04410172,
2,7.092,2,1.086249,390.3924,-0.3658828,0.3368313,7.36115,-10.1099,-33.9481,0.04410172,
2,7.102,2,1.096911,390.3387,-0.368816,0.3362314,7.36115,-10.1099,-33.9481,0.04410172,
2,7.112,2,1.104571,390.2845,-0.3711058,0.3359728,7.36115,-10.1099,-33.9481,0.04410172,
2,7.122,2,1.107866,390.2039,-0.3724321,0.3361708,7.36115,-10.1099,-33.9481,0.04410172,
2,7.132,2,1.116394,390.157,-0.3735941,0.3346438,7.36115,-10.1099,-33.9481,0.04410172,
2,7.142,2,1.118407,390.2175,-0.3752323,0.3355062,7.36115,-10.1099,-33.9481,0.04410172,
2,7.152,2,1.117277,390.1708,-0.3772078,0.3376135,7.36115,-10.1099,-33.9481,0.04410172,
2,7.162,2,1.118638,390.1523,-0.3747675,0.3350211,7.36115,-10.1099,-33.9481,0.04410172,
2,7.172,2,1.119162,390.1418,-0.3755482,0.335562,7.36115,-10.1099,-33.9481,0.04410172,
2,7.182,2,1.115323,390.1335,-0.3783626,0.3392405,7.36115,-10.1099,-33.9481,0.04410172,
2,7.192,2,1.115816,390.0856,-0.3791668,0.3398113,7.36115,-10.1099,-33.9481,0.04410172,
2,7.202,2,1.11658,390.1264,-0.3782451,0.3387533,7.3558,-10.1099,-33.95,0.04600143,
2,7.212,2,1.118002,390.1131,-0.3772707,0.3374507,7.3558,-10.1099,-33.95,0.04600143,
2,7.222,2,1.117364,390.1108,-0.3787288,0.3389485,7.3558,-10.1099,-33.95,0.04600143,
2,7.232,2,1.115891,390.1673,-0.3810209,0.3414501,7.3558,-10.1099,-33.95,0.04600143,
2,7.242,2,1.114506,390.0747,-0.3800659,0.3410175,7.3558,-10.1099,-33.95,0.04600143,
2,7.252,2,1.11505,390.0797,-0.3786184,0.3395528,7.3558,-10.1099,-33.95,0.04600143,
2,7.262,2,1.116692,390.0949,-0.3793296,0.3396905,7.3558,-10.1099,-33.95,0.04600143,
2,7.272,2,1.115913,390.075,-0.3807312,0.3411837,7.3558,-10.1099,-33.95,0.04600143,
2,7.282,2,1.115597,390.0799,-0.3780569,0.3388829,7.3558,-10.1099,-33.95,0.04600143,
2,7.292,2,1.119515,390.0753,-0.3778083,0.3374751,7.3558,-10.1099,-33.95,0.04600143,
2,7.302,2,1.124852,390.0316,-0.3795345,0.3374085,7.3558,-10.1099,-33.95,0.04600143,
2,7.312,2,1.131844,389.9799,-0.3833024,0.3386531,7.3558,-10.1099,-33.95,0.04600143,
2,7.322,2,1.137243,389.9027,-0.3869869,0.3402851,7.3558,-10.1099,-33.95,0.04600143,
2,7.332,2,1.147547,389.86,-0.386389,0.3367087,7.3558,-10.1099,-33.95,0.04600143,
2,7.342,2,1.148834,389.8274,-0.3876173,0.3374007,7.3558,-10.1099,-33.95,0.04600143,
2,7.352,2,1.153448,389.8102,-0.3895246,0.3377045,7.3558,-10.1099,-33.95,0.04600143,
2,7.362,2,1.152497,389.8186,-0.3906374,0.3389488,7.3558,-10.1099,-33.95,0.04600143,
2,7.372,2,1.151045,389.7977,-0.3913933,0.340033,7.3558,-10.1099,-33.95,0.04600143,
2,7.382,2,1.148074,389.7893,-0.3934079,0.3426677,7.3558,-10.1099,-33.95,0.04600143,
2,7.392,2,1.15165,389.7957,-0.3917784,0.3401887,7.3558,-10.1099,-33.95,0.04600143,
2,7.402,2,1.148406,389.7404,-0.392838,0.3420725,7.3558,-10.1099,-33.95,0.04600143,
2,7.412,2,1.15103,389.7724,-0.3916175,0.3402322,7.3508,-10.1099,-33.9518,0.04780197,
2,7.422,2,1.148814,389.7547,-0.3918943,0.3411294,7.3508,-10.1099,-33.9518,0.04780197,
2,7.432,2,1.149779,389.7575,-0.3936254,0.3423487,7.3508,-10.1099,-33.9518,0.04780197,
2,7.442,2,1.150104,389.7289,-0.3939632,0.3425458,7.3508,-10.1099,-33.9518,0.04780197,
2,7.452,2,1.150747,389.7542,-0.3923757,0.3409747,7.3508,-10.1099,-33.9518,0.04780197,
2,7.462,2,1.148901,389.7497,-0.3926345,0.3417479,7.3508,-10.1099,-33.9518,0.04780197,
2,7.472,2,1.148484,389.738,-0.3934467,0.3425793,7.3508,-10.1099,-33.9518,0.04780197,
2,7.482,2,1.151999,389.6971,-0.3913067,0.3396764,7.3508,-10.1099,-33.9518,0.04780197,
2,7.492,2,1.154577,389.7002,-0.3916068,0.3391778,7.3508,-10.1099,-33.9518,0.04780197,
2,7.502,2,1.161419,389.6533,-0.3927431,0.3381579,7.3508,-10.1099,-33.9518,0.04780197,
2,7.512,2,1.169181,389.5782,-0.396305,0.3389596,7.3508,-10.1099,-33.9518,0.04780197,
2,7.522,2,1.178767,389.5299,-0.4008624,0.3400692,7.3508,-10.1099,-33.9518,0.04780197,
2,7.532,2,1.185267,389.5029,-0.4016251,0.3388478,7.3508,-10.1099,-33.9518,0.04780197,
2,7.542,2,1.186314,389.4898,-0.403216,0.3398899,7.3508,-10.1099,-33.9518,0.04780197,
2,7.552,2,1.186677,389.4734,-0.4041807,0.3405988,7.3508,-10.1099,-33.9518,0.04780197,
2,7.562,2,1.185093,389.4549,-0.4072956,0.3436825,7.3508,-10.1099,-33.9518,0.04780197,
2,7.572,2,1.186721,389.4151,-0.4044539,0.3408164,7.3508,-10.1099,-33.9518,0.04780197,
2,7.582,2,1.187139,389.4326,-0.4032508,0.3396829,7.3508,-10.1099,-33.9518,0.04780197,
2,7.592,2,1.186385,389.431,-0.4041208,0.3406321,7.3508,-10.1099,-33.9518,0.04780197,
2,7.602,2,1.184009,389.4279,-0.4057021,0.3426512,7.3508,-10.1099,-33.9518,0.04780197,
2,7.612,2,1.185533,389.395,-0.4061801,0.3426138,7.3508,-10.1099,-33.9518,0.04780197,
2,7.622,2,1.18441,389.4043,-0.4067611,0.3434293,7.3462,-10.1099,-33.9537,0.04970169,
2,7.632,2,1.185488,389.3962,-0.4089655,0.3449765,7.3462,-10.1099,-33.9537,0.04970169,
2,7.642,2,1.184496,389.3929,-0.4071951,0.3437709,7.3462,-10.1099,-33.9537,0.04970169,
2,7.652,2,1.184208,389.4117,-0.4082526,0.3447475,7.3462,-10.1099,-33.9537,0.04970169,
2,7.662,2,1.185071,389.3768,-0.4081837,0.3444383,7.3462,-10.1099,-33.9537,0.04970169,
2,7.672,2,1.18508,389.3632,-0.4072419,0.3436409,7.3462,-10.1099,-33.9537,0.04970169,
2,7.682,2,1.182267,389.3618,-0.4093215,0.3462174,7.3462,-10.1099,-33.9537,0.04970169,
2,7.692,2,1.185228,389.3719,-0.408749,0.3448696,7.3462,-10.1099,-33.9537,0.04970169,
2,7.702,2,1.190392,389.3198,-0.4081959,0.3429087,7.3462,-10.1099,-33.9537,0.04970169,
2,7.712,2,1.197919,389.2482,-0.4109674,0.3430678,7.3462,-10.1099,-33.9537,0.04970169,
2,7.722,2,1.205472,389.1924,-0.4155375,0.3447093,7.3462,-10.1099,-33.9537,0.04970169,
2,7.732,2,1.215637,389.1384,-0.4148731,0.3412804,7.3462,-10.1099,-33.9537,0.04970169,
2,7.742,2,1.219764,389.1214,-0.4147255,0.3400047,7.3462,-10.1099,-33.9537,0.04970169,
2,7.752,2,1.219222,389.1014,-0.4163756,0.3415093,7.3462,-10.1099,-33.9537,0.04970169,
2,7.762,2,1.219612,389.0893,-0.421965,0.3459829,7.3462,-10.1099,-33.9537,0.04970169,
2,7.772,2,1.223643,389.0555,-0.4236127,0.3461897,7.3462,-10.1099,-33.9537,0.04970169,
2,7.782,2,1.219148,389.0636,-0.4201903,0.344659,7.3462,-10.1099,-33.9537,0.04970169,
2,7.792,2,1.220691,389.0527,-0.4206575,0.3446062,7.3462,-10.1099,-33.9537,0.04970169,
2,7.802,2,1.221216,389.0548,-0.42053,0.3443534,7.3462,-10.1099,-33.9537,0.04970169,
2,7.812,2,1.219086,389.0418,-0.4216337,0.3458604,7.34123,-10.1099,-33.9556,0.05160141,
2,7.822,2,1.219161,389.0309,-0.4213107,0.3455744,7.34123,-10.1099,-33.9556,0.05160141,
2,7.832,2,1.220241,389.024,-0.4197838,0.3440171,7.34123,-10.1099,-33.9556,0.05160141,
2,7.842,2,1.218287,389.0248,-0.4210159,0.3455803,7.34123,-10.1099,-33.9556,0.05160141,
2,7.852,2,1.217061,389.0042,-0.422915,0.3474887,7.34123,-10.1099,-33.9556,0.05160141,
2,7.862,2,1.216431,388.9929,-0.420781,0.3459145,7.34123,-10.1099,-33.9556,0.05160141,
2,7.872,2,1.219253,388.9825,-0.4226287,0.3466291,7.34123,-10.1099,-33.9556,0.05160141,
2,7.882,2,1.220641,388.9955,-0.4256515,0.3487115,7.34123,-10.1099,-33.9556,0.05160141,
2,7.892,2,1.224846,388.9548,-0.4250052,0.3469867,7.34123,-10.1099,-33.9556,0.05160141,
2,7.902,2,1.232866,388.9145,-0.4246234,0.3444198,7.34123,-10.1099,-33.9556,0.05160141,
2,7.912,2,1.238939,388.8243,-0.4298527,0.3469522,7.34123,-10.1099,-33.9556,0.05160141,
2,7.922,2,1.2472,388.7896,-0.4309589,0.3455412,7.34123,-10.1099,-33.9556,0.05160141,
2,7.932,2,1.253918,388.754,-0.4278257,0.3411912,7.34123,-10.1099,-33.9556,0.05160141,
2,7.942,2,1.254485,388.7478,-0.4324946,0.3447586,7.34123,-10.1099,-33.9556,0.05160141,
2,7.952,2,1.255056,388.7315,-0.4310499,0.3434508,7.34123,-10.1099,-33.9556,0.05160141,
2,7.962,2,1.253911,388.7262,-0.4288965,0.342047,7.34123,-10.1099,-33.9556,0.05160141,
2,7.972,2,1.252952,388.7264,-0.4290861,0.3424602,7.34123,-10.1099,-33.9556,0.05160141,
2,7.982,2,1.254368,388.7156,-0.4329101,0.345122,7.34123,-10.1099,-33.9556,0.05160141,
2,7.992,2,1.254575,388.6914,-0.430403,0.3430666,7.34123,-10.1099,-33.9556,0.05160141,
2,8.002,2,1.254366,388.7016,-0.4324507,0.3447564,7.33663,-10.1099,-33.9574,0.05340195,
2,8.012,2,1.251223,388.6758,-0.4383658,0.3503498,7.33663,-10.1099,-33.9574,0.05340195,
2,8.022,2,1.252569,388.6606,-0.4427966,0.3535107,7.33663,-10.1099,-33.9574,0.05340195,
2,8.032,2,1.250607,388.6674,-0.4421372,0.3535382,7.33663,-10.1099,-33.9574,0.05340195,
2,8.042,2,1.253835,388.6549,-0.4355416,0.3473676,7.33663,-10.1099,-33.9574,0.05340195,
2,8.052,2,1.253878,388.648,-0.4344113,0.3464543,7.33663,-10.1099,-33.9574,0.05340195,
2,8.062,2,1.252888,388.632,-0.4365909,0.3484676,7.33663,-10.1099,-33.9574,0.05340195,
2,8.072,2,1.250151,388.6351,-0.4465526,0.3571989,7.33663,-10.1099,-33.9574,0.05340195,
2,8.082,2,1.257991,388.621,-0.4425215,0.3517685,7.33663,-10.1099,-33.9574,0.05340195,
2,8.092,2,1.263415,388.5628,-0.4460887,0.3530817,7.33663,-10.1099,-33.9574,0.05340195,
2,8.102,2,1.26963,388.5021,-0.4476641,0.352594,7.33663,-10.1099,-33.9574,0.05340195,
2,8.112,2,1.280542,388.4406,-0.4426525,0.3456759,7.33663,-10.1099,-33.9574,0.05340195,
2,8.122,2,1.285843,388.4076,-0.440759,0.3427782,7.33663,-10.1099,-33.9574,0.05340195,
2,8.132,2,1.287624,388.3892,-0.4403799,0.3420096,7.33663,-10.1099,-33.9574,0.05340195,
2,8.142,2,1.28892,388.3911,-0.444643,0.3449732,7.33663,-10.1099,-33.9574,0.05340195,
2,8.152,2,1.286874,388.3329,-0.4456318,0.3462901,7.33663,-10.1099,-33.9574,0.05340195,
2,8.162,2,1.285543,388.3578,-0.4480919,0.3485623,7.33663,-10.1099,-33.9574,0.05340195,
2,8.172,2,1.28586,388.3519,-0.4514896,0.3511189,7.33663,-10.1099,-33.9574,0.05340195,
2,8.182,2,1.285414,388.3412,-0.4557438,0.3545502,7.33663,-10.1099,-33.9574,0.05340195,
2,8.192,2,1.284509,388.3349,-0.4558996,0.3549213,7.33663,-10.1099,-33.9574,0.05340195,
2,8.202,2,1.283458,388.3118,-0.4551571,0.3546335,7.33663,-10.1099,-33.9574,0.05340195,
2,8.212,2,1.285287,388.309,-0.4547852,0.3538395,7.332,-10.1099,-33.9592,0.05520248,
2,8.222,2,1.282195,388.2895,-0.457013,0.3564301,7.332,-10.1099,-33.9592,0.05520248,
2,8.232,2,1.285469,388.25,-0.4532182,0.3525702,7.332,-10.1099,-33.9592,0.05520248,
2,8.242,2,1.284887,388.2787,-0.4508834,0.3509128,7.332,-10.1099,-33.9592,0.05520248,
2,8.252,2,1.28504,388.2799,-0.4501424,0.3502944,7.332,-10.1099,-33.9592,0.05520248,
2,8.262,2,1.285879,388.2685,-0.4503071,0.3501939,7.332,-10.1099,-33.9592,0.05520248,
2,8.272,2,1.284541,388.2599,-0.4504142,0.3506422,7.332,-10.1099,-33.9592,0.05520248,
2,8.282,2,1.286788,388.2608,-0.4512727,0.350697,7.332,-10.1099,-33.9592,0.05520248,
2,8.292,2,1.291365,388.215,-0.4494878,0.3480719,7.332,-10.1099,-33.9592,0.05520248,
2,8.302,2,1.30107,388.1682,-0.4508162,0.3464965,7.332,-10.1099,-33.9592,0.05520248,
2,8.312,2,1.305052,388.0897,-0.4524425,0.3466853,7.332,-10.1099,-33.9592,0.05520248,
2,8.322,2,1.314218,388.044,-0.4537936,0.3452957,7.332,-10.1099,-33.9592,0.05520248,
2,8.332,2,1.319184,388.0016,-0.4539801,0.344137,7.332,-10.1099,-33.9592,0.05520248,
2,8.342,2,1.321504,387.9918,-0.4549813,0.3442906,7.332,-10.1099,-33.9592,0.05520248,
2,8.352,2,1.31948,387.9891,-0.4572327,0.3465251,7.332,-10.1099,-33.9592,0.05520248,
2,8.362,2,1.321354,388.0012,-0.4586822,0.3471304,7.332,-10.1099,-33.9592,0.05520248,
2,8.372,2,1.31822,387.9627,-0.4579529,0.3474024,7.332,-10.1099,-33.9592,0.05520248,
2,8.382,2,1.318019,387.9486,-0.4590719,0.3483044,7.332,-10.1099,-33.9592,0.05520248,
2,8.392,2,1.317248,387.9367,-0.4598259,0.3490807,7.332,-10.1099,-33.9592,0.05520248,
2,8.402,2,1.319491,387.9912,-0.4595747,0.3482969,7.332,-10.1099,-33.9592,0.05520248,
2,8.412,2,1.320261,387.9205,-0.4609825,0.3491601,7.332,-10.1099,-33.9592,0.05520248,
2,8.422,2,1.319967,387.9116,-0.4599474,0.3484538,7.3274,-10.1099,-33.9611,0.0571022,
2,8.432,2,1.319035,387.9155,-0.4624256,0.3505787,7.3274,-10.1099,-33.9611,0.0571022,
2,8.442,2,1.319308,387.8642,-0.461642,0.3499122,7.3274,-10.1099,-33.9611,0.0571022,
2,8.452,2,1.319947,387.8984,-0.4622855,0.3502305,7.3274,-10.1099,-33.9611,0.0571022,
2,8.462,2,1.317713,387.8923,-0.4604113,0.3494019,7.3274,-10.1099,-33.9611,0.0571022,
2,8.472,2,1.316391,387.8756,-0.4627156,0.3515032,7.3274,-10.1099,-33.9611,0.0571022,
2,8.482,2,1.317822,387.8922,-0.4646637,0.3525998,7.3274,-10.1099,-33.9611,0.0571022,
2,8.492,2,1.324186,387.8649,-0.4620807,0.3489544,7.3274,-10.1099,-33.9611,0.0571022,
2,8.502,2,1.327854,387.8328,-0.4611247,0.3472706,7.3274,-10.1099,-33.9611,0.0571022,
2,8.512,2,1.332197,387.7747,-0.4635387,0.3479505,7.3274,-10.1099,-33.9611,0.0571022,
2,8.522,2,1.342152,387.6933,-0.4664372,0.3475294,7.3274,-10.1099,-33.9611,0.0571022,
2,8.532,2,1.349282,387.666,-0.4678229,0.3467198,7.3274,-10.1099,-33.9611,0.0571022,
2,8.542,2,1.353889,387.6349,-0.4707241,0.3476828,7.3274,-10.1099,-33.9611,0.0571022,
2,8.552,2,1.353993,387.6176,-0.4713023,0.3480833,7.3274,-10.1099,-33.9611,0.0571022,
2,8.562,2,1.355453,387.6118,-0.4719724,0.3482028,7.3274,-10.1099,-33.9611,0.0571022,
2,8.572,2,1.355784,387.6198,-0.4723517,0.3483975,7.3274,-10.1099,-33.9611,0.0571022,
2,8.582,2,1.354507,387.5863,-0.4724966,0.3488329,7.3274,-10.1099,-33.9611,0.0571022,
2,8.592,2,1.352994,387.5704,-0.4726205,0.3493145,7.3274,-10.1099,-33.9611,0.0571022,
2,8.602,2,1.353054,387.5544,-0.4751714,0.3511842,7.3274,-10.1099,-33.9611,0.0571022,
2,8.612,2,1.352489,387.5732,-0.4749561,0.3511718,7.3274,-10.1099,-33.9611,0.0571022,
2,8.622,2,1.352864,387.5431,-0.4722642,0.3490847,7.3274,-10.1099,-33.9611,0.0571022,
2,8.632,2,1.353929,387.5424,-0.4733109,0.3495834,7.3274,-10.1099,-33.9611,0.0571022,
2,8.642,2,1.350306,387.5191,-0.4753175,0.3520072,7.3274,-10.1099,-33.9611,0.0571022,
2,8.652,2,1.351948,387.5348,-0.4767767,0.3526591,7.3274,-10.1099,-33.9611,0.0571022,
2,8.662,2,1.351379,387.5213,-0.4764169,0.3525413,7.32205,-10.1099,-33.963,0.05900192,
2,8.672,2,1.349596,387.5015,-0.4762439,0.3528788,7.32205,-10.1099,-33.963,0.05900192,
2,8.682,2,1.352166,387.5004,-0.4745056,0.3509225,7.32205,-10.1099,-33.963,0.05900192,
2,8.692,2,1.352473,387.471,-0.4766183,0.352405,7.32205,-10.1099,-33.963,0.05900192,
2,8.702,2,1.351473,387.4884,-0.4746481,0.3512079,7.32205,-10.1099,-33.963,0.05900192,
2,8.712,2,1.351001,387.4793,-0.4744359,0.3511737,7.32205,-10.1099,-33.963,0.05900192,
2,8.722,2,1.348665,387.4663,-0.4751451,0.3523077,7.32205,-10.1099,-33.963,0.05900192,
2,8.732,2,1.353721,387.4489,-0.4786647,0.3535918,7.32205,-10.1099,-33.963,0.05900192,
2,8.742,2,1.360618,387.4269,-0.47472,0.3489003,7.32205,-10.1099,-33.963,0.05900192,
2,8.752,2,1.36531,387.376,-0.4759701,0.348617,7.32205,-10.1099,-33.963,0.05900192,
2,8.762,2,1.374739,387.3067,-0.4795479,0.3488282,7.32205,-10.1099,-33.963,0.05900192,
2,8.772,2,1.383201,387.2482,-0.4834625,0.3495244,7.32205,-10.1099,-33.963,0.05900192,
2,8.782,2,1.3873,387.2247,-0.4837938,0.3487304,7.32205,-10.1099,-33.963,0.05900192,
2,8.792,2,1.386067,387.2546,-0.4884781,0.3524202,7.32205,-10.1099,-33.963,0.05900192,
2,8.802,2,1.385981,387.1983,-0.4883704,0.3523645,7.32205,-10.1099,-33.963,0.05900192,
2,8.812,2,1.389718,387.1473,-0.4878747,0.3510601,7.32205,-10.1099,-33.963,0.05900192,
2,8.822,2,1.387888,387.2009,-0.4875493,0.3512886,7.32205,-10.1099,-33.963,0.05900192,
2,8.832,2,1.386966,387.1545,-0.48923,0.3527339,7.32205,-10.1099,-33.963,0.05900192,
2,8.842,2,1.386244,387.1484,-0.4898271,0.3533484,7.32205,-10.1099,-33.963,0.05900192,
2,8.852,2,1.384948,387.1522,-0.4919255,0.3551941,7.31628,-10.1099,-33.9649,0.06090164,
2,8.862,2,1.386313,387.1656,-0.4924796,0.355244,7.31628,-10.1099,-33.9649,0.06090164,
2,8.872,2,1.386853,387.1177,-0.4909894,0.3540314,7.31628,-10.1099,-33.9649,0.06090164,
2,8.882,2,1.387712,387.1133,-0.4892774,0.3525786,7.31628,-10.1099,-33.9649,0.06090164,
2,8.892,2,1.386193,387.0912,-0.4915033,0.3545705,7.31628,-10.1099,-33.9649,0.06090164,
2,8.902,2,1.385645,387.0237,-0.4910214,0.3543632,7.31628,-10.1099,-33.9649,0.06090164,
2,8.912,2,1.382952,387.0795,-0.4907165,0.3548326,7.31628,-10.1099,-33.9649,0.06090164,
2,8.922,2,1.388102,387.083,-0.4891866,0.352414,7.31628,-10.1099,-33.9649,0.06090164,
2,8.932,2,1.392919,387.0456,-0.4897874,0.3516267,7.31628,-10.1099,-33.9649,0.06090164,
2,8.942,2,1.399725,387.003,-0.4923279,0.3517318,7.31628,-10.1099,-33.9649,0.06090164,
2,8.952,2,1.406751,386.933,-0.4957223,0.352388,7.31628,-10.1099,-33.9649,0.06090164,
2,8.962,2,1.415744,386.8485,-0.4948693,0.3495471,7.31628,-10.1099,-33.9649,0.06090164,
2,8.972,2,1.422343,386.8369,-0.4981529,0.350234,7.31628,-10.1099,-33.9649,0.06090164,
2,8.982,2,1.423024,386.7998,-0.4986589,0.350422,7.31628,-10.1099,-33.9649,0.06090164,
2,8.992,2,1.422694,386.8105,-0.4984103,0.3503285,7.31628,-10.1099,-33.9649,0.06090164,
2,9.002,2,1.422583,386.7964,-0.4989192,0.3507135,7.31628,-10.1099,-33.9649,0.06090164,
2,9.012,2,1.422215,386.7897,-0.5002764,0.3517587,7.31628,-10.1099,-33.9649,0.06090164,
2,9.022,2,1.420996,386.7781,-0.5015107,0.352929,7.31628,-10.1099,-33.9649,0.06090164,
2,9.032,2,1.423309,386.7735,-0.5012397,0.352165,7.31628,-10.1099,-33.9649,0.06090164,
2,9.042,2,1.422783,386.7497,-0.5008406,0.3520146,7.31628,-10.1099,-33.9649,0.06090164,
2,9.052,2,1.421277,386.7367,-0.5010982,0.352569,7.31628,-10.1099,-33.9649,0.06090164,
2,9.062,2,1.4206,386.7432,-0.5068952,0.3568176,7.31168,-10.1099,-33.9668,0.06280136,
2,9.072,2,1.418628,386.7368,-0.5070644,0.3574328,7.31168,-10.1099,-33.9668,0.06280136,
2,9.082,2,1.416944,386.7298,-0.5069981,0.357811,7.31168,-10.1099,-33.9668,0.06280136,
2,9.092,2,1.41894,386.7115,-0.5091996,0.3588592,7.31168,-10.1099,-33.9668,0.06280136,
2,9.102,2,1.418308,386.696,-0.5072111,0.357617,7.31168,-10.1099,-33.9668,0.06280136,
2,9.112,2,1.417365,386.7177,-0.5093654,0.3593748,7.31168,-10.1099,-33.9668,0.06280136,
2,9.122,2,1.41651,386.689,-0.507763,0.3584605,7.31168,-10.1099,-33.9668,0.06280136,
2,9.132,2,1.422699,386.6785,-0.5054579,0.355281,7.31168,-10.1099,-33.9668,0.06280136,
2,9.142,2,1.427764,386.6359,-0.5083783,0.356066,7.31168,-10.1099,-33.9668,0.06280136,
2,9.152,2,1.43124,386.5946,-0.5093541,0.3558829,7.31168,-10.1099,-33.9668,0.06280136,
2,9.162,2,1.441343,386.5066,-0.5111361,0.3546248,7.31168,-10.1099,-33.9668,0.06280136,
2,9.172,2,1.450204,386.4623,-0.511891,0.3529785,7.31168,-10.1099,-33.9668,0.06280136,
2,9.182,2,1.451782,386.4288,-0.5154092,0.3550182,7.31168,-10.1099,-33.9668,0.06280136,
2,9.192,2,1.455313,386.4456,-0.5156077,0.3542932,7.31168,-10.1099,-33.9668,0.06280136,
2,9.202,2,1.451983,386.3998,-0.5196535,0.3578923,7.31168,-10.1099,-33.9668,0.06280136,
2,9.212,2,1.453614,386.3961,-0.517058,0.3557051,7.31168,-10.1099,-33.9668,0.06280136,
2,9.222,2,1.455093,386.3768,-0.5178879,0.3559139,7.31168,-10.1099,-33.9668,0.06280136,
2,9.232,2,1.454654,386.4021,-0.5194962,0.3571269,7.31168,-10.1099,-33.9668,0.06280136,
2,9.242,2,1.453804,386.3731,-0.5191094,0.3570696,7.31168,-10.1099,-33.9668,0.06280136,
2,9.252,2,1.453401,386.3948,-0.5191712,0.3572112,7.3067,-10.1099,-33.9687,0.06470108,
2,9.262,2,1.454962,386.3209,-0.5202275,0.3575539,7.3067,-10.1099,-33.9687,0.06470108,
2,9.272,2,1.45355,386.3099,-0.5259427,0.3618333,7.3067,-10.1099,-33.9687,0.06470108,
2,9.282,2,1.452712,386.3232,-0.5254536,0.3617053,7.3067,-10.1099,-33.9687,0.06470108,
2,9.292,2,1.454908,386.3087,-0.52316,0.3595828,7.3067,-10.1099,-33.9687,0.06470108,
2,9.302,2,1.452073,386.2979,-0.5254483,0.3618608,7.3067,-10.1099,-33.9687,0.06470108,
2,9.312,2,1.451399,386.2834,-0.5202484,0.3584462,7.3067,-10.1099,-33.9687,0.06470108,
2,9.322,2,1.455854,386.2625,-0.525068,0.3606598,7.3067,-10.1099,-33.9687,0.06470108,
2,9.332,2,1.456474,386.2483,-0.5220824,0.3584565,7.3067,-10.1099,-33.9687,0.06470108,
2,9.342,2,1.466894,386.2001,-0.5219009,0.3557864,7.3067,-10.1099,-33.9687,0.06470108,
2,9.352,2,1.47457,386.1212,-0.5254505,0.3563416,7.3067,-10.1099,-33.9687,0.06470108,
2,9.362,2,1.479848,386.0551,-0.5297159,0.3579529,7.3067,-10.1099,-33.9687,0.06470108,
2,9.372,2,1.486079,386.0392,-0.5295572,0.3563453,7.3067,-10.1099,-33.9687,0.06470108,
2,9.382,2,1.48979,386.025,-0.5298785,0.3556732,7.3067,-10.1099,-33.9687,0.06470108,
2,9.392,2,1.489329,386.0038,-0.5313879,0.3567968,7.3067,-10.1099,-33.9687,0.06470108,
2,9.402,2,1.488661,385.989,-0.5323675,0.357615,7.3067,-10.1099,-33.9687,0.06470108,
2,9.412,2,1.490107,385.9865,-0.5302328,0.3558354,7.3067,-10.1099,-33.9687,0.06470108,
2,9.422,2,1.488242,385.9702,-0.532109,0.3575421,7.3067,-10.1099,-33.9687,0.06470108,
2,9.432,2,1.489328,385.9616,-0.532842,0.3577735,7.3067,-10.1099,-33.9687,0.06470108,
2,9.442,2,1.486784,385.9558,-0.5348616,0.359744,7.3067,-10.1099,-33.9687,0.06470108,
2,9.452,2,1.483965,385.94,-0.5328441,0.3590678,7.3067,-10.1099,-33.9687,0.06470108,
2,9.462,2,1.485407,385.9295,-0.5328412,0.3587173,7.3021,-10.1099,-33.9706,0.0666008,
2,9.472,2,1.485174,385.9194,-0.5344314,0.3598442,7.3021,-10.1099,-33.9706,0.0666008,
2,9.482,2,1.485617,385.9128,-0.5342063,0.3595855,7.3021,-10.1099,-33.9706,0.0666008,
2,9.492,2,1.487779,385.9207,-0.5339403,0.3588841,7.3021,-10.1099,-33.9706,0.0666008,
2,9.502,2,1.487492,385.8904,-0.5337911,0.3588532,7.3021,-10.1099,-33.9706,0.0666008,
2,9.512,2,1.485556,385.897,-0.5353013,0.3603372,7.3021,-10.1099,-33.9706,0.0666008,
2,9.522,2,1.485591,385.8838,-0.5354919,0.3604572,7.3021,-10.1099,-33.9706,0.0666008,
2,9.532,2,1.489058,385.8705,-0.5368462,0.3605273,7.3021,-10.1099,-33.9706,0.0666008,
2,9.542,2,1.49421,385.8479,-0.5350465,0.3580799,7.3021,-10.1099,-33.9706,0.0666008,
2,9.552,2,1.500774,385.7841,-0.5365617,0.3575234,7.3021,-10.1099,-33.9706,0.0666008,
2,9.562,2,1.507102,385.7016,-0.540377,0.3585538,7.3021,-10.1099,-33.9706,0.0666008,
2,9.572,2,1.516636,385.6835,-0.5416877,0.357164,7.3021,-10.1099,-33.9706,0.0666008,
2,9.582,2,1.519861,385.6271,-0.5423112,0.3568164,7.3021,-10.1099,-33.9706,0.0666008,
2,9.592,2,1.524976,385.6105,-0.5427536,0.3559097,7.3021,-10.1099,-33.9706,0.0666008,
2,9.602,2,1.520212,385.5998,-0.5442989,0.3580415,7.3021,-10.1099,-33.9706,0.0666008,
2,9.612,2,1.522552,385.5966,-0.5464699,0.358917,7.3021,-10.1099,-33.9706,0.0666008,
2,9.622,2,1.519021,385.5876,-0.5457149,0.3592544,7.3021,-10.1099,-33.9706,0.0666008,
2,9.632,2,1.521096,385.5732,-0.5460399,0.3589779,7.3021,-10.1099,-33.9706,0.0666008,
2,9.642,2,1.521894,385.5438,-0.5465439,0.3591208,7.3021,-10.1099,-33.9706,0.0666008,
2,9.652,2,1.521263,385.5302,-0.5486,0.3606213,7.2971,-10.1099,-33.9725,0.06850052,
2,9.662,2,1.523252,385.5312,-0.5475299,0.3594481,7.2971,-10.1099,-33.9725,0.06850052,
2,9.672,2,1.520725,385.5247,-0.5476346,0.3601142,7.2971,-10.1099,-33.9725,0.06850052,
2,9.682,2,1.519132,385.5168,-0.5497159,0.3618618,7.2971,-10.1099,-33.9725,0.06850052,
2,9.692,2,1.521596,385.5258,-0.5518971,0.3627093,7.2971,-10.1099,-33.9725,0.06850052,
2,9.702,2,1.520027,385.4989,-0.5495419,0.3615342,7.2971,-10.1099,-33.9725,0.06850052,
2,9.712,2,1.519497,385.4882,-0.5488951,0.3612347,7.2971,-10.1099,-33.9725,0.06850052,
2,9.722,2,1.520831,385.4665,-0.5502134,0.3617846,7.2971,-10.1099,-33.9725,0.06850052,
2,9.732,2,1.525092,385.43,-0.5505993,0.361027,7.2971,-10.1099,-33.9725,0.06850052,
2,9.742,2,1.536033,385.4014,-0.5506555,0.3584919,7.2971,-10.1099,-33.9725,0.06850052,
2,9.752,2,1.541572,385.3228,-0.5527832,0.358584,7.2971,-10.1099,-33.9725,0.06850052,
2,9.762,2,1.547803,385.2617,-0.5545334,0.3582714,7.2971,-10.1099,-33.9725,0.06850052,
2,9.772,2,1.555418,385.2361,-0.5567469,0.3579405,7.2971,-10.1099,-33.9725,0.06850052,
2,9.782,2,1.556471,385.2221,-0.5586917,0.3589476,7.2971,-10.1099,-33.9725,0.06850052,
2,9.792,2,1.55596,385.2134,-0.5574985,0.3582987,7.2971,-10.1099,-33.9725,0.06850052,
2,9.802,2,1.555619,385.1921,-0.5578764,0.3586203,7.2971,-10.1099,-33.9725,0.06850052,
2,9.812,2,1.557132,385.1785,-0.558328,0.3585617,7.2971,-10.1099,-33.9725,0.06850052,
2,9.822,2,1.554472,385.1922,-0.5609398,0.3608554,7.2971,-10.1099,-33.9725,0.06850052,
2,9.832,2,1.556304,385.1611,-0.5591074,0.3592534,7.2971,-10.1099,-33.9725,0.06850052,
2,9.842,2,1.553645,385.1515,-0.5598173,0.3603251,7.2925,-10.1099,-33.9744,0.07040024,
2,9.852,2,1.553995,385.1347,-0.5629731,0.3622747,7.2925,-10.1099,-33.9744,0.07040024,
2,9.862,2,1.553248,385.1058,-0.5630416,0.3624931,7.2925,-10.1099,-33.9744,0.07040024,
2,9.872,2,1.552358,385.1022,-0.5621026,0.362096,7.2925,-10.1099,-33.9744,0.07040024,
2,9.882,2,1.554842,385.1096,-0.5633932,0.3623475,7.2925,-10.1099,-33.9744,0.07040024,
2,9.892,2,1.553563,385.1085,-0.5633504,0.3626184,7.2925,-10.1099,-33.9744,0.07040024,
2,9.902,2,1.554355,385.1333,-0.5641096,0.3629219,7.2925,-10.1099,-33.9744,0.07040024,
2,9.912,2,1.556306,385.0764,-0.5620384,0.3611363,7.2925,-10.1099,-33.9744,0.07040024,
2,9.922,2,1.554728,385.0413,-0.5622776,0.3616566,7.2925,-10.1099,-33.9744,0.07040024,
2,9.932,2,1.566314,384.9975,-0.5656542,0.3611371,7.2925,-10.1099,-33.9744,0.07040024,
2,9.942,2,1.574328,384.9582,-0.5680394,0.3608139,7.2925,-10.1099,-33.9744,0.07040024,
2,9.952,2,1.582361,384.8788,-0.5704226,0.3604882,7.2925,-10.1099,-33.9744,0.07040024,
2,9.962,2,1.587994,384.8372,-0.5709608,0.3595484,7.2925,-10.1099,-33.9744,0.07040024,
2,9.972,2,1.58738,384.8204,-0.5723331,0.3605521,7.2925,-10.1099,-33.9744,0.07040024,
2,9.982,2,1.589285,384.8264,-0.5746204,0.361559,7.2925,-10.1099,-33.9744,0.07040024,
2,9.992,2,1.591371,384.7812,-0.5717463,0.3592791,7.2925,-10.1099,-33.9744,0.07040024,
2,10.002,2,1.588503,384.7876,-0.5726499,0.3604966,7.2925,-10.1099,-33.9744,0.07040024,
2,10.012,2,1.588156,384.7663,-0.5714812,0.3598396,7.2925,-10.1099,-33.9744,0.07040024,
2,10.022,2,1.589159,384.7672,-0.575008,0.3618316,7.2925,-10.1099,-33.9744,0.07040024,
2,10.032,2,1.585097,384.7325,-0.574801,0.3626283,7.2925,-10.1099,-33.9744,0.07040024,
2,10.042,2,1.588495,384.7409,-0.5737379,0.3611834,7.2925,-10.1099,-33.9744,0.07040024,
2,10.052,2,1.588955,384.7292,-0.5721409,0.3600736,7.2925,-10.1099,-33.9744,0.07040024,
2,10.062,2,1.584303,384.7184,-0.5755904,0.3633082,7.2879,-10.1099,-33.9763,0.07229996,
2,10.072,2,1.587611,384.6608,-0.5768921,0.3633711,7.2879,-10.1099,-33.9763,0.07229996,
2,10.082,2,1.585175,384.7039,-0.5763415,0.3635823,7.2879,-10.1099,-33.9763,0.07229996,
2,10.092,2,1.584345,384.6902,-0.5772921,0.3643726,7.2879,-10.1099,-33.9763,0.07229996,
2,10.102,2,1.58461,384.6674,-0.5797076,0.3658362,7.2879,-10.1099,-33.9763,0.07229996,
2,10.112,2,1.585638,384.7116,-0.5797783,0.3656436,7.2879,-10.1099,-33.9763,0.07229996,
2,10.122,2,1.586242,384.6558,-0.5797223,0.3654689,7.2879,-10.1099,-33.9763,0.07229996,
2,10.132,2,1.583572,384.6504,-0.5791731,0.3657384,7.2879,-10.1099,-33.9763,0.07229996,
2,10.142,2,1.590395,384.6417,-0.5783039,0.3636227,7.2879,-10.1099,-33.9763,0.07229996,
2,10.152,2,1.596096,384.5289,-0.5790066,0.3627643,7.2879,-10.1099,-33.9763,0.07229996,
2,10.162,2,1.604869,384.5478,-0.5815898,0.3623908,7.2879,-10.1099,-33.9763,0.07229996,
2,10.172,2,1.611652,384.4145,-0.5833452,0.3619548,7.2879,-10.1099,-33.9763,0.07229996,
2,10.182,2,1.619747,384.4453,-0.5850991,0.3612287,7.2879,-10.1099,-33.9763,0.07229996,
2,10.192,2,1.620445,384.4341,-0.5872968,0.3624293,7.2879,-10.1099,-33.9763,0.07229996,
2,10.202,2,1.624298,384.3988,-0.5868662,0.3613045,7.2879,-10.1099,-33.9763,0.07229996,
2,10.212,2,1.625093,384.384,-0.5845914,0.3597279,7.2879,-10.1099,-33.9763,0.07229996,
2,10.222,2,1.62187,384.3732,-0.5861755,0.3614196,7.2879,-10.1099,-33.9763,0.07229996,
2,10.232,2,1.622205,384.347,-0.5877419,0.3623106,7.2879,-10.1099,-33.9763,0.07229996,
2,10.242,2,1.624038,384.3378,-0.5866747,0.3612445,7.2879,-10.1099,-33.9763,0.07229996,
2,10.252,2,1.620349,384.325,-0.5884391,0.3631558,7.2879,-10.1099,-33.9763,0.07229996,
2,10.262,2,1.622365,384.3221,-0.5907377,0.3641213,7.2833,-10.1099,-33.9782,0.07419968,
2,10.272,2,1.622566,384.3225,-0.5896117,0.3633824,7.2833,-10.1099,-33.9782,0.07419968,
2,10.282,2,1.620046,384.3016,-0.5917321,0.3652565,7.2833,-10.1099,-33.9782,0.07419968,
2,10.292,2,1.61933,384.2879,-0.5916411,0.3653617,7.2833,-10.1099,-33.9782,0.07419968,
2,10.302,2,1.620707,384.2823,-0.591953,0.3652437,7.2833,-10.1099,-33.9782,0.07419968,
2,10.312,2,1.619778,384.2719,-0.593182,0.366212,7.2833,-10.1099,-33.9782,0.07419968,
2,10.322,2,1.620241,384.2864,-0.5940624,0.3666506,7.2833,-10.1099,-33.9782,0.07419968,
2,10.332,2,1.621579,384.2441,-0.5931593,0.3657913,7.2833,-10.1099,-33.9782,0.07419968,
2,10.342,2,1.628072,384.2144,-0.594304,0.3650354,7.2833,-10.1099,-33.9782,0.07419968,
2,10.352,2,1.636599,384.1877,-0.59637,0.364396,7.2833,-10.1099,-33.9782,0.07419968,
2,10.362,2,1.643312,384.1207,-0.5996384,0.3648963,7.2833,-10.1099,-33.9782,0.07419968,
2,10.372,2,1.653782,384.0434,-0.6002376,0.3629485,7.2833,-10.1099,-33.9782,0.07419968,
2,10.382,2,1.654465,384.0206,-0.6004573,0.3629315,7.2833,-10.1099,-33.9782,0.07419968,
2,10.392,2,1.656518,384.0109,-0.6001104,0.3622722,7.2833,-10.1099,-33.9782,0.07419968,
2,10.402,2,1.657498,383.9895,-0.6018218,0.3630905,7.2833,-10.1099,-33.9782,0.07419968,
2,10.412,2,1.65619,383.9668,-0.6014247,0.3631376,7.2833,-10.1099,-33.9782,0.07419968,
2,10.422,2,1.655459,383.9637,-0.5986984,0.361651,7.2833,-10.1099,-33.9782,0.07419968,
2,10.432,2,1.655446,383.9396,-0.6012641,0.3632036,7.2833,-10.1099,-33.9782,0.07419968,
2,10.442,2,1.654128,383.9401,-0.6036151,0.3649144,7.2833,-10.1099,-33.9782,0.07419968,
2,10.452,2,1.652356,383.9179,-0.6043968,0.3657789,7.2833,-10.1099,-33.9782,0.07419968,
2,10.462,2,1.656585,383.9005,-0.6036373,0.3643866,7.27868,-10.1099,-33.9801,0.0760994,
2,10.472,2,1.653372,383.9082,-0.6031328,0.3647896,7.27868,-10.1099,-33.9801,0.0760994,
2,10.482,2,1.653748,383.9011,-0.60663,0.3668213,7.27868,-10.1099,-33.9801,0.0760994,
2,10.492,2,1.654992,383.8668,-0.607529,0.3670887,7.27868,-10.1099,-33.9801,0.0760994,
2,10.502,2,1.652281,383.8658,-0.6049806,0.3661489,7.27868,-10.1099,-33.9801,0.0760994,
2,10.512,2,1.653763,383.8581,-0.6061929,0.3665538,7.27868,-10.1099,-33.9801,0.0760994,
2,10.522,2,1.65282,383.8271,-0.6103192,0.3692593,7.27868,-10.1099,-33.9801,0.0760994,
2,10.532,2,1.651426,383.8324,-0.6123082,0.3707755,7.27868,-10.1099,-33.9801,0.0760994,
2,10.542,2,1.657008,383.8253,-0.6122829,0.3695112,7.27868,-10.1099,-33.9801,0.0760994,
2,10.552,2,1.660101,383.7931,-0.6103562,0.3676622,7.27868,-10.1099,-33.9801,0.0760994,
2,10.562,2,1.669768,383.7367,-0.6135274,0.3674327,7.27868,-10.1099,-33.9801,0.0760994,
2,10.572,2,1.680339,383.7171,-0.6175095,0.3674912,7.27868,-10.1099,-33.9801,0.0760994,
2,10.582,2,1.685207,383.6137,-0.6156898,0.3653497,7.27868,-10.1099,-33.9801,0.0760994,
2,10.592,2,1.689284,383.5909,-0.6177441,0.3656839,7.27868,-10.1099,-33.9801,0.0760994,
2,10.602,2,1.690209,383.5723,-0.619209,0.3663506,7.27868,-10.1099,-33.9801,0.0760994,
2,10.612,2,1.689328,383.5641,-0.6204458,0.3672738,7.27868,-10.1099,-33.9801,0.0760994,
2,10.622,2,1.689329,383.5526,-0.6180341,0.365846,7.27868,-10.1099,-33.9801,0.0760994,
2,10.632,2,1.690457,383.546,-0.6159368,0.3643611,7.27868,-10.1099,-33.9801,0.0760994,
2,10.642,2,1.689015,383.5298,-0.6208677,0.3675915,7.27868,-10.1099,-33.9801,0.0760994,
2,10.652,2,1.688781,383.5467,-0.6220198,0.3683246,7.27868,-10.1099,-33.9801,0.0760994,
2,10.662,2,1.689005,383.5095,-0.621264,0.3678284,7.2737,-10.1099,-33.982,0.07799911,
2,10.672,2,1.689148,383.5012,-0.620892,0.367577,7.2737,-10.1099,-33.982,0.07799911,
2,10.682,2,1.689094,383.4849,-0.6229509,0.3688078,7.2737,-10.1099,-33.982,0.07799911,
2,10.692,2,1.68442,383.4707,-0.6262313,0.3717785,7.2737,-10.1099,-33.982,0.07799911,
2,10.702,2,1.689063,383.4667,-0.6241716,0.3695372,7.2737,-10.1099,-33.982,0.07799911,
2,10.712,2,1.689072,383.4546,-0.6240565,0.369467,7.2737,-10.1099,-33.982,0.07799911,
2,10.722,2,1.686866,383.455,-0.623338,0.3695243,7.2737,-10.1099,-33.982,0.07799911,
2,10.732,2,1.690595,383.437,-0.626536,0.3706009,7.2737,-10.1099,-33.982,0.07799911,
2,10.742,2,1.693952,383.4169,-0.6255015,0.3692557,7.2737,-10.1099,-33.982,0.07799911,
2,10.752,2,1.700738,383.3534,-0.6258844,0.3680076,7.2737,-10.1099,-33.982,0.07799911,
2,10.762,2,1.708163,383.2911,-0.6287391,0.368079,7.2737,-10.1099,-33.982,0.07799911,
2,10.772,2,1.718254,383.2412,-0.6333334,0.3685912,7.2737,-10.1099,-33.982,0.07799911,
2,10.782,2,1.721026,383.2055,-0.6346252,0.3687482,7.2737,-10.1099,-33.982,0.07799911,
2,10.792,2,1.721456,383.1917,-0.6325387,0.3674441,7.2737,-10.1099,-33.982,0.07799911,
2,10.802,2,1.722304,383.1859,-0.631997,0.3669486,7.2737,-10.1099,-33.982,0.07799911,
2,10.812,2,1.719287,383.1652,-0.6353235,0.3695274,7.2737,-10.1099,-33.982,0.07799911,
2,10.822,2,1.721364,383.1306,-0.6344645,0.3685825,7.2737,-10.1099,-33.982,0.07799911,
2,10.832,2,1.722748,383.15,-0.6303913,0.3659219,7.2737,-10.1099,-33.982,0.07799911,
2,10.842,2,1.722526,383.138,-0.6331747,0.3675849,7.2737,-10.1099,-33.982,0.07799911,
2,10.852,2,1.719543,383.1198,-0.6339244,0.3686586,7.2737,-10.1099,-33.982,0.07799911,
2,10.862,2,1.718873,383.0818,-0.6371976,0.3707066,7.2737,-10.1099,-33.982,0.07799911,
2,10.872,2,1.718559,383.1166,-0.6352634,0.3696488,7.2737,-10.1099,-33.982,0.07799911,
2,10.882,2,1.720643,383.092,-0.632898,0.3678264,7.2737,-10.1099,-33.982,0.07799911,
2,10.892,2,1.721589,383.0771,-0.6378181,0.3704821,7.2737,-10.1099,-33.982,0.07799911,
2,10.902,2,1.718891,382.9622,-0.6385592,0.3714948,7.2737,-10.1099,-33.982,0.07799911,
2,10.912,2,1.719222,383.0372,-0.6380813,0.3711455,7.26832,-10.1099,-33.9839,0.07989883,
2,10.922,2,1.719246,383.0621,-0.6378984,0.3710338,7.26832,-10.1099,-33.9839,0.07989883,
2,10.932,2,1.721278,383.0388,-0.6389976,0.3712343,7.26832,-10.1099,-33.9839,0.07989883,
2,10.942,2,1.72021,383.0787,-0.639834,0.371951,7.26832,-10.1099,-33.9839,0.07989883,
2,10.952,2,1.717857,383.0205,-0.6397791,0.3724286,7.26832,-10.1099,-33.9839,0.07989883,
2,10.962,2,1.720376,383.0105,-0.6379223,0.370804,7.26832,-10.1099,-33.9839,0.07989883,
2,10.972,2,1.722765,382.9981,-0.6401267,0.3715694,7.26832,-10.1099,-33.9839,0.07989883,
2,10.982,2,1.725997,382.9803,-0.6411631,0.371474,7.26832,-10.1099,-33.9839,0.07989883,
2,10.992,2,1.736042,382.9052,-0.6416659,0.3696143,7.26832,-10.1099,-33.9839,0.07989883,
2,11.002,2,1.743417,382.8345,-0.6417156,0.3680793,7.26832,-10.1099,-33.9839,0.07989883,
2,11.012,2,1.751324,382.786,-0.6443423,0.3679172,7.26832,-10.1099,-33.9839,0.07989883,
2,11.022,2,1.757005,382.7645,-0.6461686,0.3677671,7.26832,-10.1099,-33.9839,0.07989883,
2,11.032,2,1.756635,382.7658,-0.6483598,0.3690919,7.26832,-10.1099,-33.9839,0.07989883,
2,11.042,2,1.757883,382.7334,-0.6475753,0.3683836,7.26832,-10.1099,-33.9839,0.07989883,
2,11.052,2,1.757329,382.7104,-0.6493936,0.3695343,7.26832,-10.1099,-33.9839,0.07989883,
2,11.062,2,1.756682,382.7014,-0.6490552,0.3694779,7.26832,-10.1099,-33.9839,0.07989883,
2,11.072,2,1.758375,382.686,-0.6492043,0.369207,7.26832,-10.1099,-33.9839,0.07989883,
2,11.082,2,1.75905,382.6951,-0.6483904,0.3686026,7.26832,-10.1099,-33.9839,0.07989883,
2,11.092,2,1.756709,382.656,-0.6497942,0.369893,7.26832,-10.1099,-33.9839,0.07989883,
2,11.102,2,1.757178,382.6427,-0.6518244,0.3709495,7.26832,-10.1099,-33.9839,0.07989883,
2,11.112,2,1.757508,382.6388,-0.6511384,0.3704895,7.26832,-10.1099,-33.9839,0.07989883,
2,11.122,2,1.754607,382.63,-0.6529785,0.3721509,7.26832,-10.1099,-33.9839,0.07989883,
2,11.132,2,1.754422,382.6199,-0.6527928,0.3720843,7.26832,-10.1099,-33.9839,0.07989883,
2,11.142,2,1.753904,382.6323,-0.6549788,0.3734405,7.26258,-10.1099,-33.9859,0.08190155,
2,11.152,2,1.755862,382.6104,-0.6555769,0.3733647,7.26258,-10.1099,-33.9859,0.08190155,
2,11.162,2,1.753965,382.5737,-0.6548062,0.3733291,7.26258,-10.1099,-33.9859,0.08190155,
2,11.172,2,1.754201,382.5883,-0.6553525,0.3735903,7.26258,-10.1099,-33.9859,0.08190155,
2,11.182,2,1.753993,382.5735,-0.6561241,0.3740744,7.26258,-10.1099,-33.9859,0.08190155,
2,11.192,2,1.754525,382.5813,-0.658451,0.3752873,7.26258,-10.1099,-33.9859,0.08190155,
2,11.202,2,1.753072,382.5634,-0.6565442,0.3745107,7.26258,-10.1099,-33.9859,0.08190155,
2,11.212,2,1.756036,382.5505,-0.6549712,0.3729828,7.26258,-10.1099,-33.9859,0.08190155,
2,11.222,2,1.761667,382.5172,-0.6563971,0.3726001,7.26258,-10.1099,-33.9859,0.08190155,
2,11.232,2,1.767984,382.4748,-0.6571122,0.3716732,7.26258,-10.1099,-33.9859,0.08190155,
2,11.242,2,1.777371,382.4041,-0.6601864,0.3714398,7.26258,-10.1099,-33.9859,0.08190155,
2,11.252,2,1.787181,382.3399,-0.6597076,0.369133,7.26258,-10.1099,-33.9859,0.08190155,
2,11.262,2,1.791316,382.3108,-0.659291,0.3680483,7.26258,-10.1099,-33.9859,0.08190155,
2,11.272,2,1.790245,382.3056,-0.6638306,0.3708044,7.26258,-10.1099,-33.9859,0.08190155,
2,11.282,2,1.791298,382.2876,-0.6681046,0.3729724,7.26258,-10.1099,-33.9859,0.08190155,
2,11.292,2,1.793379,382.2733,-0.6691728,0.3731351,7.26258,-10.1099,-33.9859,0.08190155,
2,11.302,2,1.791308,382.2582,-0.6666824,0.3721762,7.26258,-10.1099,-33.9859,0.08190155,
2,11.312,2,1.79397,382.2726,-0.6689603,0.3728938,7.26258,-10.1099,-33.9859,0.08190155,
2,11.322,2,1.793556,382.2434,-0.6688769,0.3729333,7.26258,-10.1099,-33.9859,0.08190155,
2,11.332,2,1.791312,382.2291,-0.6689415,0.3734365,7.26258,-10.1099,-33.9859,0.08190155,
2,11.342,2,1.79232,382.2221,-0.6695547,0.3735687,7.26258,-10.1099,-33.9859,0.08190155,
2,11.352,2,1.792359,382.1999,-0.6712149,0.3744869,7.25682,-10.1099,-33.9879,0.08390045,
2,11.362,2,1.791573,382.167,-0.6730071,0.3756515,7.25682,-10.1099,-33.9879,0.08390045,
2,11.372,2,1.790538,382.1854,-0.6737682,0.3762937,7.25682,-10.1099,-33.9879,0.08390045,
2,11.382,2,1.78932,382.1644,-0.6716846,0.3753853,7.25682,-10.1099,-33.9879,0.08390045,
2,11.392,2,1.79231,382.1863,-0.6725057,0.3752174,7.25682,-10.1099,-33.9879,0.08390045,
2,11.402,2,1.792647,382.2046,-0.6737325,0.3758311,7.25682,-10.1099,-33.9879,0.08390045,
2,11.412,2,1.788231,382.1503,-0.6716486,0.3755938,7.25682,-10.1099,-33.9879,0.08390045,
2,11.422,2,1.795857,382.1464,-0.6719984,0.3741938,7.25682,-10.1099,-33.9879,0.08390045,
2,11.432,2,1.796933,382.099,-0.6718283,0.373875,7.25682,-10.1099,-33.9879,0.08390045,
2,11.442,2,1.809254,382.0404,-0.6742826,0.3726853,7.25682,-10.1099,-33.9879,0.08390045,
2,11.452,2,1.818458,381.9836,-0.676507,0.3720224,7.25682,-10.1099,-33.9879,0.08390045,
2,11.462,2,1.823518,381.9359,-0.6774469,0.3715056,7.25682,-10.1099,-33.9879,0.08390045,
2,11.472,2,1.82835,381.8932,-0.6779919,0.3708217,7.25682,-10.1099,-33.9879,0.08390045,
2,11.482,2,1.830618,381.8828,-0.6807774,0.3718839,7.25682,-10.1099,-33.9879,0.08390045,
2,11.492,2,1.831174,381.8521,-0.6825436,0.3727354,7.25682,-10.1099,-33.9879,0.08390045,
2,11.502,2,1.829541,381.8477,-0.6829742,0.3733035,7.25682,-10.1099,-33.9879,0.08390045,
2,11.512,2,1.831178,381.8468,-0.6829656,0.3729652,7.25682,-10.1099,-33.9879,0.08390045,
2,11.522,2,1.830127,381.8391,-0.6851975,0.3743988,7.25682,-10.1099,-33.9879,0.08390045,
2,11.532,2,1.828441,381.8229,-0.6866732,0.3755513,7.25682,-10.1099,-33.9879,0.08390045,
2,11.542,2,1.827998,381.8046,-0.6858583,0.3751965,7.25682,-10.1099,-33.9879,0.08390045,
2,11.552,2,1.829199,381.797,-0.6864083,0.3752507,7.25682,-10.1099,-33.9879,0.08390045,
2,11.562,2,1.827691,381.7896,-0.6869451,0.3758541,7.25682,-10.1099,-33.9879,0.08390045,
2,11.572,2,1.82642,381.7091,-0.6887556,0.3771069,7.25682,-10.1099,-33.9879,0.08390045,
2,11.582,2,1.829229,381.7697,-0.6880603,0.3761478,7.25682,-10.1099,-33.9879,0.08390045,
2,11.592,2,1.826963,381.757,-0.6885889,0.3769035,7.25185,-10.1099,-33.9899,0.08589935,
2,11.602,2,1.825897,381.7478,-0.6889387,0.3773152,7.25185,-10.1099,-33.9899,0.08589935,
2,11.612,2,1.827451,381.7177,-0.6910313,0.3781394,7.25185,-10.1099,-33.9899,0.08589935,
2,11.622,2,1.827199,381.7323,-0.6901863,0.3777291,7.25185,-10.1099,-33.9899,0.08589935,
2,11.632,2,1.827016,381.7204,-0.6863265,0.3756543,7.25185,-10.1099,-33.9899,0.08589935,
2,11.642,2,1.825585,381.7135,-0.6872622,0.3764613,7.25185,-10.1099,-33.9899,0.08589935,
2,11.652,2,1.826281,381.6496,-0.6888699,0.3771982,7.25185,-10.1099,-33.9899,0.08589935,
2,11.662,2,1.833565,381.6856,-0.6866519,0.3744902,7.25185,-10.1099,-33.9899,0.08589935,
2,11.672,2,1.834664,381.6401,-0.6859522,0.3738844,7.25185,-10.1099,-33.9899,0.08589935,
2,11.682,2,1.843412,381.579,-0.6895353,0.3740538,7.25185,-10.1099,-33.9899,0.08589935,
2,11.692,2,1.851746,381.5166,-0.6942297,0.3749055,7.25185,-10.1099,-33.9899,0.08589935,
2,11.702,2,1.859406,381.4848,-0.6973908,0.375061,7.25185,-10.1099,-33.9899,0.08589935,
2,11.712,2,1.866264,381.4375,-0.697682,0.373839,7.25185,-10.1099,-33.9899,0.08589935,
2,11.722,2,1.867409,381.4283,-0.6989062,0.3742652,7.25185,-10.1099,-33.9899,0.08589935,
2,11.732,2,1.86535,381.4243,-0.7011839,0.3758994,7.25185,-10.1099,-33.9899,0.08589935,
2,11.742,2,1.864605,381.3776,-0.7025486,0.3767815,7.25185,-10.1099,-33.9899,0.08589935,
2,11.752,2,1.866345,381.3848,-0.7005902,0.3753808,7.25185,-10.1099,-33.9899,0.08589935,
2,11.762,2,1.866751,381.3735,-0.7025067,0.3763259,7.25185,-10.1099,-33.9899,0.08589935,
2,11.772,2,1.86597,381.3604,-0.7047939,0.3777092,7.25185,-10.1099,-33.9899,0.08589935,
2,11.782,2,1.865129,381.3149,-0.7063261,0.378701,7.25185,-10.1099,-33.9899,0.08589935,
2,11.792,2,1.864034,381.3333,-0.703052,0.3771669,7.2461,-10.1099,-33.992,0.08800125,
2,11.802,2,1.865862,381.3285,-0.7036646,0.3771257,7.2461,-10.1099,-33.992,0.08800125,
2,11.812,2,1.863361,381.3309,-0.7054387,0.3785839,7.2461,-10.1099,-33.992,0.08800125,
2,11.822,2,1.864225,381.3958,-0.706136,0.3787826,7.2461,-10.1099,-33.992,0.08800125,
2,11.832,2,1.865265,381.2987,-0.7043725,0.3776259,7.2461,-10.1099,-33.992,0.08800125,
2,11.842,2,1.862665,381.2863,-0.7040041,0.3779553,7.2461,-10.1099,-33.992,0.08800125,
2,11.852,2,1.863472,381.2855,-0.7069616,0.3793787,7.2461,-10.1099,-33.992,0.08800125,
2,11.862,2,1.86354,381.3015,-0.7052423,0.3784423,7.2461,-10.1099,-33.992,0.08800125,
2,11.872,2,1.86773,381.2641,-0.7042431,0.3770583,7.2461,-10.1099,-33.992,0.08800125,
2,11.882,2,1.874546,381.2289,-0.7022163,0.374606,7.2461,-10.1099,-33.992,0.08800125,
2,11.892,2,1.883853,381.1447,-0.7049106,0.3741856,7.2461,-10.1099,-33.992,0.08800125,
2,11.902,2,1.890669,381.1179,-0.709844,0.3754459,7.2461,-10.1099,-33.992,0.08800125,
2,11.912,2,1.898643,381.0555,-0.7118165,0.374908,7.2461,-10.1099,-33.992,0.08800125,
2,11.922,2,1.902706,381.031,-0.7118281,0.3741135,7.2461,-10.1099,-33.992,0.08800125,
2,11.932,2,1.903471,381.0187,-0.7151461,0.3757062,7.2461,-10.1099,-33.992,0.08800125,
2,11.942,2,1.901153,380.9795,-0.7176662,0.37749,7.2461,-10.1099,-33.992,0.08800125,
2,11.952,2,1.899599,380.9843,-0.7193223,0.3786706,7.2461,-10.1099,-33.992,0.08800125,
2,11.962,2,1.901345,380.9675,-0.7168373,0.3770159,7.2461,-10.1099,-33.992,0.08800125,
2,11.972,2,1.90139,380.9675,-0.7177306,0.3774768,7.2461,-10.1099,-33.992,0.08800125,
2,11.982,2,1.900572,380.9534,-0.720535,0.3791147,7.2461,-10.1099,-33.992,0.08800125,
2,11.992,2,1.90067,380.9426,-0.7211944,0.3794422,7.2461,-10.1099,-33.992,0.08800125,
2,12.002,2,1.902498,380.9326,-0.7182993,0.3775559,7.2461,-10.1099,-33.992,0.08800125,
2,12.012,2,1.899432,380.9404,-0.7188711,0.3784664,7.2461,-10.1099,-33.992,0.08800125,
2,12.022,2,1.898256,380.8776,-0.7206625,0.3796445,7.2461,-10.1099,-33.992,0.08800125,
2,12.032,2,1.896187,380.9018,-0.7231225,0.381356,7.2411,-10.1099,-33.994,0.09000015,
2,12.042,2,1.895693,380.9009,-0.7209096,0.3802882,7.2411,-10.1099,-33.994,0.09000015,
2,12.052,2,1.899335,380.8853,-0.719484,0.3788083,7.2411,-10.1099,-33.994,0.09000015,
2,12.062,2,1.901018,380.8822,-0.7199986,0.3787437,7.2411,-10.1099,-33.994,0.09000015,
2,12.072,2,1.898186,380.8633,-0.7220435,0.3803861,7.2411,-10.1099,-33.994,0.09000015,
2,12.082,2,1.895941,380.8676,-0.7188721,0.3791638,7.2411,-10.1099,-33.994,0.09000015,
2,12.092,2,1.900233,380.8468,-0.7182302,0.3779695,7.2411,-10.1099,-33.994,0.09000015,
2,12.102,2,1.904113,380.8223,-0.719843,0.3780464,7.2411,-10.1099,-33.994,0.09000015,
2,12.112,2,1.910694,380.7457,-0.725017,0.3794522,7.2411,-10.1099,-33.994,0.09000015,
2,12.122,2,1.918841,380.7089,-0.7258861,0.3782941,7.2411,-10.1099,-33.994,0.09000015,
2,12.132,2,1.92904,380.6422,-0.7266293,0.3766792,7.2411,-10.1099,-33.994,0.09000015,
2,12.142,2,1.933665,380.6059,-0.7314758,0.3782847,7.2411,-10.1099,-33.994,0.09000015,
2,12.152,2,1.935332,380.5557,-0.7349344,0.3797459,7.2411,-10.1099,-33.994,0.09000015,
2,12.162,2,1.936259,380.5652,-0.7414349,0.3829214,7.2411,-10.1099,-33.994,0.09000015,
2,12.172,2,1.935533,380.5575,-0.7433076,0.3840325,7.2411,-10.1099,-33.994,0.09000015,
2,12.182,2,1.935901,380.5511,-0.7411976,0.3828697,7.2411,-10.1099,-33.994,0.09000015,
2,12.192,2,1.934945,380.5457,-0.7425172,0.3837408,7.2411,-10.1099,-33.994,0.09000015,
2,12.202,2,1.934507,380.528,-0.7414072,0.3832539,7.2411,-10.1099,-33.994,0.09000015,
2,12.212,2,1.933691,380.5078,-0.736178,0.3807113,7.2411,-10.1099,-33.994,0.09000015,
2,12.222,2,1.936034,380.4904,-0.7362729,0.3802996,7.2411,-10.1099,-33.994,0.09000015,
2,12.232,2,1.935141,380.4809,-0.7403175,0.3825652,7.2411,-10.1099,-33.994,0.09000015,
2,12.242,2,1.934391,380.4641,-0.7425132,0.3838485,7.2411,-10.1099,-33.994,0.09000015,
2,12.252,2,1.935097,380.4699,-0.7383314,0.3815474,7.2411,-10.1099,-33.994,0.09000015,
2,12.262,2,1.934014,380.458,-0.7391964,0.3822083,7.23572,-10.1099,-33.996,0.09199905,
2,12.272,2,1.933941,380.4654,-0.7388024,0.3820191,7.23572,-10.1099,-33.996,0.09199905,
2,12.282,2,1.934697,380.4471,-0.7368942,0.3808834,7.23572,-10.1099,-33.996,0.09199905,
2,12.292,2,1.934799,380.4367,-0.7362587,0.380535,7.23572,-10.1099,-33.996,0.09199905,
2,12.302,2,1.933372,380.4196,-0.7371891,0.3812971,7.23572,-10.1099,-33.996,0.09199905,
2,12.312,2,1.933638,380.4135,-0.7367582,0.3810219,7.23572,-10.1099,-33.996,0.09199905,
2,12.322,2,1.932986,380.3806,-0.7403381,0.3830023,7.23572,-10.1099,-33.996,0.09199905,
2,12.332,2,1.936411,380.3815,-0.7407619,0.3825437,7.23572,-10.1099,-33.996,0.09199905,
2,12.342,2,1.941329,380.352,-0.7383838,0.3803497,7.23572,-10.1099,-33.996,0.09199905,
2,12.352,2,1.949544,380.2955,-0.7424023,0.3808081,7.23572,-10.1099,-33.996,0.09199905,
2,12.362,2,1.958395,380.2411,-0.7460749,0.3809623,7.23572,-10.1099,-33.996,0.09199905,
2,12.372,2,1.969359,380.19,-0.7453676,0.3784824,7.23572,-10.1099,-33.996,0.09199905,
2,12.382,2,1.97533,380.1532,-0.7492768,0.3793172,7.23572,-10.1099,-33.996,0.09199905,
2,12.392,2,1.975527,380.1296,-0.7506747,0.3799872,7.23572,-10.1099,-33.996,0.09199905,
2,12.402,2,1.979139,380.0925,-0.7533715,0.3806562,7.23572,-10.1099,-33.996,0.09199905,
2,12.412,2,1.976864,380.0921,-0.7548605,0.3818475,7.23572,-10.1099,-33.996,0.09199905,
2,12.422,2,1.975125,380.0948,-0.7532279,0.3813571,7.23572,-10.1099,-33.996,0.09199905,
2,12.432,2,1.976614,380.084,-0.7547846,0.3818574,7.23572,-10.1099,-33.996,0.09199905,
2,12.442,2,1.975014,380.0738,-0.756861,0.3832181,7.23572,-10.1099,-33.996,0.09199905,
2,12.452,2,1.974307,380.0562,-0.7559032,0.3828701,7.23572,-10.1099,-33.996,0.09199905,
2,12.462,2,1.975557,380.0414,-0.7523801,0.3808446,7.23572,-10.1099,-33.996,0.09199905,
2,12.472,2,1.973763,380.0327,-0.7519637,0.3809797,7.23572,-10.1099,-33.996,0.09199905,
2,12.482,2,1.974205,380.0168,-0.7526356,0.3812349,7.23572,-10.1099,-33.996,0.09199905,
2,12.492,2,1.97488,380.0318,-0.7530527,0.3813156,7.23572,-10.1099,-33.996,0.09199905,
2,12.502,2,1.975436,380.0087,-0.7510926,0.3802162,7.22998,-10.1099,-33.9982,0.09420013,
2,12.512,2,1.973456,379.9917,-0.752238,0.3811781,7.22998,-10.1099,-33.9982,0.09420013,
2,12.522,2,1.972214,379.9873,-0.7532318,0.3819219,7.22998,-10.1099,-33.9982,0.09420013,
2,12.532,2,1.97236,380.0001,-0.7537819,0.3821726,7.22998,-10.1099,-33.9982,0.09420013,
2,12.542,2,1.974333,379.9564,-0.7567289,0.3832833,7.22998,-10.1099,-33.9982,0.09420013,
2,12.552,2,1.972544,379.9518,-0.753906,0.3821999,7.22998,-10.1099,-33.9982,0.09420013,
2,12.562,2,1.978908,379.9567,-0.7574891,0.3827814,7.22998,-10.1099,-33.9982,0.09420013,
2,12.572,2,1.985146,379.9582,-0.7587026,0.3821898,7.22998,-10.1099,-33.9982,0.09420013,
2,12.582,2,1.993818,379.8388,-0.7594337,0.3808942,7.22998,-10.1099,-33.9982,0.09420013,
2,12.592,2,2.00344,379.7802,-0.7622046,0.3804479,7.22998,-10.1099,-33.9982,0.09420013,
2,12.602,2,2.010268,379.7261,-0.7661399,0.3811134,7.22998,-10.1099,-33.9982,0.09420013,
2,12.612,2,2.014092,379.6647,-0.7706742,0.382641,7.22998,-10.1099,-33.9982,0.09420013,
2,12.622,2,2.01439,379.684,-0.7706544,0.3825746,7.22998,-10.1099,-33.9982,0.09420013,
2,12.632,2,2.014425,379.6777,-0.7687063,0.3816008,7.22998,-10.1099,-33.9982,0.09420013,
2,12.642,2,2.014825,379.6653,-0.7695311,0.3819345,7.22998,-10.1099,-33.9982,0.09420013,
2,12.652,2,2.014781,379.6679,-0.7710328,0.3826881,7.22998,-10.1099,-33.9982,0.09420013,
2,12.662,2,2.01287,379.6493,-0.7710238,0.383047,7.22998,-10.1099,-33.9982,0.09420013,
2,12.672,2,2.015182,379.623,-0.7711964,0.3826931,7.22998,-10.1099,-33.9982,0.09420013,
2,12.682,2,2.012403,379.6153,-0.7693831,0.3823205,7.22998,-10.1099,-33.9982,0.09420013,
2,12.692,2,2.010127,379.5961,-0.7693498,0.3827369,7.22998,-10.1099,-33.9982,0.09420013,
2,12.702,2,2.010781,379.5945,-0.7707523,0.3833099,7.22998,-10.1099,-33.9982,0.09420013,
2,12.712,2,2.010403,379.5841,-0.7688895,0.3824554,7.2246,-10.1099,-34.0003,0.09630203,
2,12.722,2,2.013059,379.5725,-0.7705438,0.3827725,7.2246,-10.1099,-34.0003,0.09630203,
2,12.732,2,2.011889,379.5673,-0.7741797,0.3848023,7.2246,-10.1099,-34.0003,0.09630203,
2,12.742,2,2.011865,379.5638,-0.7714754,0.3834628,7.2246,-10.1099,-34.0003,0.09630203,
2,12.752,2,2.011056,379.5564,-0.7713878,0.3835735,7.2246,-10.1099,-34.0003,0.09630203,
2,12.762,2,2.01064,379.5374,-0.7728756,0.3843928,7.2246,-10.1099,-34.0003,0.09630203,
2,12.772,2,2.011359,379.5244,-0.7735672,0.3845992,7.2246,-10.1099,-34.0003,0.09630203,
2,12.782,2,2.018612,379.5182,-0.7744943,0.3836767,7.2246,-10.1099,-34.0003,0.09630203,
2,12.792,2,2.020306,379.4973,-0.7748975,0.3835545,7.2246,-10.1099,-34.0003,0.09630203,
2,12.802,2,2.027842,379.4071,-0.777459,0.3833923,7.2246,-10.1099,-34.0003,0.09630203,
2,12.812,2,2.037552,379.3586,-0.7806181,0.3831156,7.2246,-10.1099,-34.0003,0.09630203,
2,12.822,2,2.044202,379.2592,-0.7848337,0.3839316,7.2246,-10.1099,-34.0003,0.09630203,
2,12.832,2,2.049754,379.309,-0.7849577,0.3829522,7.2246,-10.1099,-34.0003,0.09630203,
2,12.842,2,2.05213,379.2809,-0.7843317,0.3822037,7.2246,-10.1099,-34.0003,0.09630203,
2,12.852,2,2.051198,379.2594,-0.7866609,0.3835129,7.2246,-10.1099,-34.0003,0.09630203,
2,12.862,2,2.053131,379.2274,-0.789628,0.384597,7.2246,-10.1099,-34.0003,0.09630203,
2,12.872,2,2.050597,379.2364,-0.787185,0.3838809,7.2246,-10.1099,-34.0003,0.09630203,
2,12.882,2,2.051626,379.2199,-0.7862459,0.3832306,7.2246,-10.1099,-34.0003,0.09630203,
2,12.892,2,2.049793,379.2126,-0.7884985,0.3846722,7.2246,-10.1099,-34.0003,0.09630203,
2,12.902,2,2.050149,379.1748,-0.7883558,0.3845359,7.21922,-10.1099,-34.0024,0.09840012,
2,12.912,2,2.051114,379.195,-0.7863176,0.3833613,7.21922,-10.1099,-34.0024,0.09840012,
2,12.922,2,2.050083,379.1938,-0.7852598,0.383038,7.21922,-10.1099,-34.0024,0.09840012,
2,12.932,2,2.049221,379.1364,-0.7865493,0.3838285,7.21922,-10.1099,-34.0024,0.09840012,
2,12.942,2,2.050693,379.1852,-0.7878495,0.384187,7.21922,-10.1099,-34.0024,0.09840012,
2,12.952,2,2.047975,379.1597,-0.7889627,0.3852405,7.21922,-10.1099,-34.0024,0.09840012,
2,12.962,2,2.0488,379.1527,-0.7890865,0.3851457,7.21922,-10.1099,-34.0024,0.09840012,
2,12.972,2,2.052637,379.1406,-0.7895639,0.3846583,7.21922,-10.1099,-34.0024,0.09840012,
2,12.982,2,2.05664,379.0724,-0.7917311,0.3849634,7.21922,-10.1099,-34.0024,0.09840012,
2,12.992,2,2.06264,379.0637,-0.7942422,0.3850611,7.21922,-10.1099,-34.0024,0.09840012,
2,13.002,2,2.072402,378.9718,-0.7952739,0.3837449,7.21922,-10.1099,-34.0024,0.09840012,
2,13.012,2,2.080699,378.9273,-0.7972931,0.3831853,7.21922,-10.1099,-34.0024,0.09840012,
2,13.022,2,2.084958,378.9005,-0.8050871,0.3861406,7.21922,-10.1099,-34.0024,0.09840012,
2,13.032,2,2.08732,378.9182,-0.8170633,0.3914413,7.21922,-10.1099,-34.0024,0.09840012,
2,13.042,2,2.089445,378.8729,-0.8064092,0.3859443,7.21922,-10.1099,-34.0024,0.09840012,
2,13.052,2,2.092783,378.8637,-0.8069757,0.3855994,7.21922,-10.1099,-34.0024,0.09840012,
2,13.062,2,2.088621,378.8427,-0.8069486,0.3863548,7.21922,-10.1099,-34.0024,0.09840012,
2,13.072,2,2.085334,378.7856,-0.8084,0.3876598,7.21922,-10.1099,-34.0024,0.09840012,
2,13.082,2,2.086731,378.8157,-0.8046656,0.3856105,7.21922,-10.1099,-34.0024,0.09840012,
2,13.092,2,2.087449,378.8071,-0.8005221,0.3834929,7.21922,-10.1099,-34.0024,0.09840012,
2,13.102,2,2.086853,378.7953,-0.8021625,0.3843887,7.21922,-10.1099,-34.0024,0.09840012,
2,13.112,2,2.085427,378.7849,-0.8027788,0.384947,7.21462,-10.1099,-34.0044,0.100399,
2,13.122,2,2.08545,378.7816,-0.8032127,0.3851508,7.21462,-10.1099,-34.0044,0.100399,
2,13.132,2,2.086163,378.7678,-0.8025296,0.3846917,7.21462,-10.1099,-34.0044,0.100399,
2,13.142,2,2.085527,378.7647,-0.8017737,0.3844465,7.21462,-10.1099,-34.0044,0.100399,
2,13.152,2,2.085554,378.739,-0.8047083,0.3858488,7.21462,-10.1099,-34.0044,0.100399,
2,13.162,2,2.085233,378.7503,-0.8053316,0.3862069,7.21462,-10.1099,-34.0044,0.100399,
2,13.172,2,2.083395,378.726,-0.8048441,0.3863137,7.21462,-10.1099,-34.0044,0.100399,
2,13.182,2,2.087664,378.7095,-0.8075871,0.3868377,7.21462,-10.1099,-34.0044,0.100399,
2,13.192,2,2.09013,378.6767,-0.8092736,0.3871881,7.21462,-10.1099,-34.0044,0.100399,
2,13.202,2,2.101495,378.6135,-0.8106676,0.3857576,7.21462,-10.1099,-34.0044,0.100399,
2,13.212,2,2.110301,378.5618,-0.8141356,0.3857911,7.21462,-10.1099,-34.0044,0.100399,
2,13.222,2,2.118849,378.5201,-0.8156976,0.384972,7.21462,-10.1099,-34.0044,0.100399,
2,13.232,2,2.122976,378.4932,-0.8188354,0.3857018,7.21462,-10.1099,-34.0044,0.100399,
2,13.242,2,2.123545,378.4983,-0.8216432,0.3869205,7.21462,-10.1099,-34.0044,0.100399,
2,13.252,2,2.126077,378.4597,-0.8187493,0.3850986,7.21462,-10.1099,-34.0044,0.100399,
2,13.262,2,2.12444,378.4445,-0.8188217,0.3854294,7.21462,-10.1099,-34.0044,0.100399,
2,13.272,2,2.122472,378.4338,-0.8217626,0.3871725,7.21462,-10.1099,-34.0044,0.100399,
2,13.282,2,2.12303,378.4319,-0.8213981,0.3868989,7.21462,-10.1099,-34.0044,0.100399,
2,13.292,2,2.121692,378.4155,-0.8211496,0.3870258,7.21462,-10.1099,-34.0044,0.100399,
2,13.302,2,2.123675,378.4015,-0.8180352,0.385198,7.21462,-10.1099,-34.0044,0.100399,
2,13.312,2,2.123381,378.3821,-0.8203611,0.3863466,7.20965,-10.1099,-34.0064,0.1024017,
2,13.322,2,2.123399,378.3861,-0.8203631,0.3863443,7.20965,-10.1099,-34.0064,0.1024017,
2,13.332,2,2.122334,378.3571,-0.8186249,0.3857192,7.20965,-10.1099,-34.0064,0.1024017,
2,13.342,2,2.122114,378.352,-0.8188527,0.3858666,7.20965,-10.1099,-34.0064,0.1024017,
2,13.352,2,2.120721,378.3482,-0.818348,0.385882,7.20965,-10.1099,-34.0064,0.1024017,
2,13.362,2,2.119903,378.3682,-0.8230743,0.3882604,7.20965,-10.1099,-34.0064,0.1024017,
2,13.372,2,2.118137,378.3106,-0.8240443,0.389042,7.20965,-10.1099,-34.0064,0.1024017,
2,13.382,2,2.119081,378.2995,-0.8229914,0.3883718,7.20965,-10.1099,-34.0064,0.1024017,
2,13.392,2,2.125987,378.3156,-0.8233791,0.3872926,7.20965,-10.1099,-34.0064,0.1024017,
2,13.402,2,2.130565,378.2842,-0.8270264,0.3881723,7.20965,-10.1099,-34.0064,0.1024017,
2,13.412,2,2.13964,378.2311,-0.8279377,0.3869518,7.20965,-10.1099,-34.0064,0.1024017,
2,13.422,2,2.149154,378.1448,-0.8312778,0.3867931,7.20965,-10.1099,-34.0064,0.1024017,
2,13.432,2,2.154083,378.1108,-0.8329639,0.3866907,7.20965,-10.1099,-34.0064,0.1024017,
2,13.442,2,2.158432,378.0798,-0.8378006,0.3881525,7.20965,-10.1099,-34.0064,0.1024017,
2,13.452,2,2.160412,378.0932,-0.8398556,0.3887479,7.20965,-10.1099,-34.0064,0.1024017,
2,13.462,2,2.159226,378.0567,-0.8357755,0.3870718,7.20965,-10.1099,-34.0064,0.1024017,
2,13.472,2,2.159763,378.0413,-0.8360107,0.3870845,7.20965,-10.1099,-34.0064,0.1024017,
2,13.482,2,2.156951,378.0148,-0.8377127,0.3883782,7.20965,-10.1099,-34.0064,0.1024017,
2,13.492,2,2.159359,377.9613,-0.8389575,0.3885216,7.20503,-10.1099,-34.0083,0.1043015,
2,13.502,2,2.160341,378.0131,-0.8373556,0.3876035,7.20503,-10.1099,-34.0083,0.1043015,
2,13.512,2,2.158263,378.007,-0.8360286,0.3873617,7.20503,-10.1099,-34.0083,0.1043015,
2,13.522,2,2.160223,378.0018,-0.8374056,0.3876477,7.20503,-10.1099,-34.0083,0.1043015,
2,13.532,2,2.158355,377.9677,-0.8384166,0.3884516,7.20503,-10.1099,-34.0083,0.1043015,
2,13.542,2,2.156413,377.9914,-0.8363238,0.3878309,7.20503,-10.1099,-34.0083,0.1043015,
2,13.552,2,2.1583,377.9756,-0.8354419,0.3870833,7.20503,-10.1099,-34.0083,0.1043015,
2,13.562,2,2.159093,377.9559,-0.8362074,0.3872957,7.20503,-10.1099,-34.0083,0.1043015,
2,13.572,2,2.162848,377.8964,-0.8386801,0.3877665,7.20503,-10.1099,-34.0083,0.1043015,
2,13.582,2,2.172059,377.8725,-0.838882,0.3862152,7.20503,-10.1099,-34.0083,0.1043015,
2,13.592,2,2.179036,377.8189,-0.8423728,0.3865806,7.20503,-10.1099,-34.0083,0.1043015,
2,13.602,2,2.189887,377.7613,-0.8455738,0.3861267,7.20503,-10.1099,-34.0083,0.1043015,
2,13.612,2,2.193996,377.7557,-0.8498736,0.3873634,7.20503,-10.1099,-34.0083,0.1043015,
2,13.622,2,2.196451,377.7313,-0.8507068,0.3873097,7.20503,-10.1099,-34.0083,0.1043015,
2,13.632,2,2.197956,377.7217,-0.8509824,0.3871699,7.20503,-10.1099,-34.0083,0.1043015,
2,13.642,2,2.194114,377.6768,-0.8510601,0.3878833,7.20503,-10.1099,-34.0083,0.1043015,
2,13.652,2,2.195773,377.6866,-0.8554227,0.3895771,7.20503,-10.1099,-34.0083,0.1043015,
2,13.662,2,2.19278,377.662,-0.8535185,0.3892403,7.20503,-10.1099,-34.0083,0.1043015,
2,13.672,2,2.192592,377.6686,-0.8526739,0.3888885,7.20503,-10.1099,-34.0083,0.1043015,
2,13.682,2,2.192821,377.645,-0.8539922,0.3894492,7.20503,-10.1099,-34.0083,0.1043015,
2,13.692,2,2.193534,377.6438,-0.8566094,0.3905157,7.20503,-10.1099,-34.0083,0.1043015,
2,13.702,2,2.193709,377.6547,-0.8569182,0.3906253,7.20503,-10.1099,-34.0083,0.1043015,
2,13.712,2,2.19149,377.6121,-0.8554952,0.3903714,7.20083,-10.1099,-34.0102,0.1062012,
2,13.722,2,2.190416,377.6005,-0.8534398,0.3896245,7.20083,-10.1099,-34.0102,0.1062012,
2,13.732,2,2.189852,377.581,-0.8540061,0.3899834,7.20083,-10.1099,-34.0102,0.1062012,
2,13.742,2,2.190223,377.6063,-0.8553434,0.390528,7.20083,-10.1099,-34.0102,0.1062012,
2,13.752,2,2.189687,377.567,-0.8532199,0.3896538,7.20083,-10.1099,-34.0102,0.1062012,
2,13.762,2,2.190337,377.5647,-0.8517537,0.3888688,7.20083,-10.1099,-34.0102,0.1062012,
2,13.772,2,2.193771,377.5607,-0.8542242,0.3893863,7.20083,-10.1099,-34.0102,0.1062012,
2,13.782,2,2.198774,377.5422,-0.8561131,0.3893593,7.20083,-10.1099,-34.0102,0.1062012,
2,13.792,2,2.208228,377.4682,-0.8586083,0.3888223,7.20083,-10.1099,-34.0102,0.1062012,
2,13.802,2,2.214863,377.4098,-0.8622662,0.3893091,7.20083,-10.1099,-34.0102,0.1062012,
2,13.812,2,2.222644,377.3566,-0.8627957,0.3881843,7.20083,-10.1099,-34.0102,0.1062012,
2,13.822,2,2.227796,377.2979,-0.8660955,0.3887678,7.20083,-10.1099,-34.0102,0.1062012,
2,13.832,2,2.229981,377.3578,-0.8672633,0.3889106,7.20083,-10.1099,-34.0102,0.1062012,
2,13.842,2,2.229728,377.2518,-0.8679233,0.3892507,7.20083,-10.1099,-34.0102,0.1062012,
2,13.852,2,2.229753,377.3324,-0.8724412,0.3912725,7.20083,-10.1099,-34.0102,0.1062012,
2,13.862,2,2.229092,377.2329,-0.8733323,0.3917884,7.20083,-10.1099,-34.0102,0.1062012,
2,13.872,2,2.227576,377.2672,-0.8728611,0.3918434,7.20083,-10.1099,-34.0102,0.1062012,
2,13.882,2,2.229072,377.2523,-0.870526,0.3905329,7.20083,-10.1099,-34.0102,0.1062012,
2,13.892,2,2.229078,377.2388,-0.8706459,0.3905857,7.20083,-10.1099,-34.0102,0.1062012,
2,13.902,2,2.228458,377.2236,-0.8731941,0.3918378,7.20083,-10.1099,-34.0102,0.1062012,
2,13.912,2,2.22821,377.2408,-0.8730201,0.3918032,7.19583,-10.1099,-34.0122,0.1082001,
2,13.922,2,2.227867,377.214,-0.8718678,0.3913464,7.19583,-10.1099,-34.0122,0.1082001,
2,13.932,2,2.227931,377.1973,-0.8714066,0.3911282,7.19583,-10.1099,-34.0122,0.1082001,
2,13.942,2,2.228245,377.1912,-0.8717793,0.3912404,7.19583,-10.1099,-34.0122,0.1082001,
2,13.952,2,2.230372,377.1801,-0.8729633,0.391398,7.19583,-10.1099,-34.0122,0.1082001,
2,13.962,2,2.229373,377.1649,-0.8713934,0.3908692,7.19583,-10.1099,-34.0122,0.1082001,
2,13.972,2,2.231777,377.142,-0.8709936,0.3902691,7.19583,-10.1099,-34.0122,0.1082001,
2,13.982,2,2.24346,377.1031,-0.8741502,0.3896437,7.19583,-10.1099,-34.0122,0.1082001,
2,13.992,2,2.251101,377.0592,-0.8757172,0.3890173,7.19583,-10.1099,-34.0122,0.1082001,
2,14.002,2,2.259288,377.0026,-0.8781278,0.3886745,7.19583,-10.1099,-34.0122,0.1082001,
2,14.012,2,2.264034,376.9613,-0.881488,0.3893439,7.19583,-10.1099,-34.0122,0.1082001,
2,14.022,2,2.265074,376.9423,-0.8832323,0.3899352,7.19583,-10.1099,-34.0122,0.1082001,
2,14.032,2,2.267938,376.9084,-0.8856107,0.3904916,7.19583,-10.1099,-34.0122,0.1082001,
2,14.042,2,2.26173,376.9195,-0.8860853,0.3917733,7.19583,-10.1099,-34.0122,0.1082001,
2,14.052,2,2.266481,376.9047,-0.8861386,0.3909755,7.19583,-10.1099,-34.0122,0.1082001,
2,14.062,2,2.265613,376.9017,-0.8866688,0.3913593,7.19583,-10.1099,-34.0122,0.1082001,
2,14.072,2,2.26343,376.924,-0.8872882,0.3920104,7.19583,-10.1099,-34.0122,0.1082001,
2,14.082,2,2.263598,376.8934,-0.8880039,0.3922975,7.19583,-10.1099,-34.0122,0.1082001,
2,14.092,2,2.264192,376.8669,-0.8870574,0.3917766,7.19583,-10.1099,-34.0122,0.1082001,
2,14.102,2,2.264581,376.8587,-0.8865329,0.3914776,7.19123,-10.1099,-34.0141,0.1100998,
2,14.112,2,2.265356,376.8634,-0.8888906,0.3923845,7.19123,-10.1099,-34.0141,0.1100998,
2,14.122,2,2.264702,376.8479,-0.8867252,0.3915417,7.19123,-10.1099,-34.0141,0.1100998,
2,14.132,2,2.264312,376.842,-0.8869334,0.3917011,7.19123,-10.1099,-34.0141,0.1100998,
2,14.142,2,2.264832,376.8304,-0.8853603,0.3909165,7.19123,-10.1099,-34.0141,0.1100998,
2,14.152,2,2.266069,376.8136,-0.8842795,0.3902262,7.19123,-10.1099,-34.0141,0.1100998,
2,14.162,2,2.267227,376.8043,-0.8861727,0.390862,7.19123,-10.1099,-34.0141,0.1100998,
2,14.172,2,2.273648,376.7548,-0.8866418,0.3899645,7.19123,-10.1099,-34.0141,0.1100998,
2,14.182,2,2.282728,376.6975,-0.8883061,0.3891424,7.19123,-10.1099,-34.0141,0.1100998,
2,14.192,2,2.292371,376.6424,-0.8937216,0.3898678,7.19123,-10.1099,-34.0141,0.1100998,
2,14.202,2,2.295005,376.6022,-0.899005,0.3917224,7.19123,-10.1099,-34.0141,0.1100998,
2,14.212,2,2.298807,376.5983,-0.8983291,0.3907805,7.19123,-10.1099,-34.0141,0.1100998,
2,14.222,2,2.30029,376.587,-0.8978834,0.3903349,7.19123,-10.1099,-34.0141,0.1100998,
2,14.232,2,2.298555,376.5547,-0.9001566,0.3916184,7.19123,-10.1099,-34.0141,0.1100998,
2,14.242,2,2.300279,376.485,-0.902379,0.3922911,7.19123,-10.1099,-34.0141,0.1100998,
2,14.252,2,2.297636,376.5319,-0.9021521,0.3926436,7.19123,-10.1099,-34.0141,0.1100998,
2,14.262,2,2.298121,376.5232,-0.9026099,0.3927599,7.19123,-10.1099,-34.0141,0.1100998,
2,14.272,2,2.298907,376.5158,-0.9043448,0.3933804,7.19123,-10.1099,-34.0141,0.1100998,
2,14.282,2,2.296389,376.5674,-0.9076837,0.3952656,7.19123,-10.1099,-34.0141,0.1100998,
2,14.292,2,2.297054,376.525,-0.9061099,0.3944661,7.19123,-10.1099,-34.0141,0.1100998,
2,14.302,2,2.297899,376.494,-0.9033639,0.393126,7.19123,-10.1099,-34.0141,0.1100998,
2,14.312,2,2.296801,376.4999,-0.9082236,0.3954298,7.18625,-10.1099,-34.016,0.1119995,
2,14.322,2,2.294822,376.3807,-0.9136485,0.3981349,7.18625,-10.1099,-34.016,0.1119995,
2,14.332,2,2.294631,376.4546,-0.9121599,0.3975192,7.18625,-10.1099,-34.016,0.1119995,
2,14.342,2,2.295658,376.4425,-0.9093179,0.3961034,7.18625,-10.1099,-34.016,0.1119995,
2,14.352,2,2.297984,376.4456,-0.9101923,0.3960829,7.18625,-10.1099,-34.016,0.1119995,
2,14.362,2,2.296381,376.4417,-0.9085436,0.3956414,7.18625,-10.1099,-34.016,0.1119995,
2,14.372,2,2.297021,376.4153,-0.9087321,0.3956132,7.18625,-10.1099,-34.016,0.1119995,
2,14.382,2,2.299747,376.4175,-0.9057022,0.3938269,7.18625,-10.1099,-34.016,0.1119995,
2,14.392,2,2.304861,376.3685,-0.9056205,0.3929176,7.18625,-10.1099,-34.016,0.1119995,
2,14.402,2,2.315146,376.3154,-0.9068679,0.3917108,7.18625,-10.1099,-34.016,0.1119995,
2,14.412,2,2.320912,376.2561,-0.9149541,0.3942218,7.18625,-10.1099,-34.016,0.1119995,
2,14.422,2,2.327935,376.2132,-0.9172329,0.3940114,7.18625,-10.1099,-34.016,0.1119995,
2,14.432,2,2.33013,376.1917,-0.9158965,0.3930668,7.18625,-10.1099,-34.016,0.1119995,
2,14.442,2,2.332458,376.189,-0.9227839,0.3956272,7.18625,-10.1099,-34.016,0.1119995,
2,14.452,2,2.330685,376.1645,-0.9225063,0.3958091,7.18625,-10.1099,-34.016,0.1119995,
2,14.462,2,2.333056,376.1557,-0.9192656,0.3940178,7.18625,-10.1099,-34.016,0.1119995,
2,14.472,2,2.333787,376.1584,-0.9186389,0.3936258,7.18625,-10.1099,-34.016,0.1119995,
2,14.482,2,2.331177,376.1515,-0.9198723,0.3945957,7.18625,-10.1099,-34.016,0.1119995,
2,14.492,2,2.333827,376.1703,-0.9229909,0.3954838,7.18625,-10.1099,-34.016,0.1119995,
2,14.502,2,2.333506,376.1009,-0.9206296,0.3945263,7.18087,-10.1099,-34.0178,0.1138,
2,14.512,2,2.33307,376.1062,-0.9209876,0.3947536,7.18087,-10.1099,-34.0178,0.1138,
2,14.522,2,2.331912,376.101,-0.9228368,0.3957426,7.18087,-10.1099,-34.0178,0.1138,
2,14.532,2,2.331079,376.1204,-0.9257534,0.3971352,7.18087,-10.1099,-34.0178,0.1138,
2,14.542,2,2.33251,376.0771,-0.923962,0.3961235,7.18087,-10.1099,-34.0178,0.1138,
2,14.552,2,2.333761,376.0605,-0.9219873,0.395065,7.18087,-10.1099,-34.0178,0.1138,
2,14.562,2,2.331487,376.0558,-0.9206881,0.394893,7.18087,-10.1099,-34.0178,0.1138,
2,14.572,2,2.33322,376.0789,-0.9207601,0.3946307,7.18087,-10.1099,-34.0178,0.1138,
2,14.582,2,2.341087,376.009,-0.921623,0.3936731,7.18087,-10.1099,-34.0178,0.1138,
2,14.592,2,2.347565,375.9678,-0.9217247,0.3926301,7.18087,-10.1099,-34.0178,0.1138,
2,14.602,2,2.354716,375.9199,-0.9257634,0.3931529,7.18087,-10.1099,-34.0178,0.1138,
2,14.612,2,2.361838,375.8764,-0.9318393,0.39454,7.18087,-10.1099,-34.0178,0.1138,
2,14.622,2,2.366956,375.8423,-0.9332188,0.3942696,7.18087,-10.1099,-34.0178,0.1138,
2,14.632,2,2.367675,375.8173,-0.9315391,0.3934404,7.18087,-10.1099,-34.0178,0.1138,
2,14.642,2,2.368132,375.8055,-0.9348735,0.3947726,7.18087,-10.1099,-34.0178,0.1138,
2,14.652,2,2.36745,375.8372,-0.9423251,0.3980338,7.18087,-10.1099,-34.0178,0.1138,
2,14.662,2,2.366332,375.8007,-0.9415694,0.3979024,7.18087,-10.1099,-34.0178,0.1138,
2,14.672,2,2.369082,375.7882,-0.9351639,0.3947369,7.18087,-10.1099,-34.0178,0.1138,
2,14.682,2,2.368224,375.778,-0.9364509,0.3954233,7.18087,-10.1099,-34.0178,0.1138,
2,14.692,2,2.365992,375.7454,-0.9434565,0.3987573,7.17627,-10.1099,-34.0197,0.1156998,
2,14.702,2,2.364439,375.7452,-0.9413381,0.3981233,7.17627,-10.1099,-34.0197,0.1156998,
2,14.712,2,2.365187,375.7383,-0.9376034,0.3964183,7.17627,-10.1099,-34.0197,0.1156998,
2,14.722,2,2.366677,375.7372,-0.9376805,0.3962013,7.17627,-10.1099,-34.0197,0.1156998,
2,14.732,2,2.365642,375.7257,-0.9419047,0.3981603,7.17627,-10.1099,-34.0197,0.1156998,
2,14.742,2,2.365223,375.7431,-0.9428163,0.3986162,7.17627,-10.1099,-34.0197,0.1156998,
2,14.752,2,2.369936,375.7019,-0.9401075,0.3966805,7.17627,-10.1099,-34.0197,0.1156998,
2,14.762,2,2.373852,375.6527,-0.9394995,0.39577,7.17627,-10.1099,-34.0197,0.1156998,
2,14.772,2,2.384126,375.6137,-0.9460005,0.3967913,7.17627,-10.1099,-34.0197,0.1156998,
2,14.782,2,2.392914,375.5499,-0.9450218,0.3949251,7.17627,-10.1099,-34.0197,0.1156998,
2,14.792,2,2.397722,375.5329,-0.9444637,0.3939004,7.17627,-10.1099,-34.0197,0.1156998,
2,14.802,2,2.399385,375.5081,-0.9504969,0.3961418,7.17627,-10.1099,-34.0197,0.1156998,
2,14.812,2,2.400753,375.4859,-0.9572008,0.3987085,7.17627,-10.1099,-34.0197,0.1156998,
2,14.822,2,2.399457,375.483,-0.9722108,0.4051796,7.17627,-10.1099,-34.0197,0.1156998,
2,14.832,2,2.400166,375.458,-0.9696568,0.4039957,7.17627,-10.1099,-34.0197,0.1156998,
2,14.842,2,2.399128,375.4477,-0.963571,0.4016339,7.17627,-10.1099,-34.0197,0.1156998,
2,14.852,2,2.398774,375.4363,-0.9630865,0.4014912,7.17627,-10.1099,-34.0197,0.1156998,
2,14.862,2,2.396535,375.4371,-0.9601523,0.4006419,7.17627,-10.1099,-34.0197,0.1156998,
2,14.872,2,2.399599,375.4135,-0.9627907,0.4012299,7.17627,-10.1099,-34.0197,0.1156998,
2,14.882,2,2.40101,375.4056,-0.9621347,0.4007209,7.17627,-10.1099,-34.0197,0.1156998,
2,14.892,2,2.396404,375.405,-0.962456,0.4016251,7.17627,-10.1099,-34.0197,0.1156998,
2,14.902,2,2.40029,375.3937,-0.9578549,0.3990579,7.17205,-10.1099,-34.0215,0.1175003,
2,14.912,2,2.401872,375.3749,-0.9570407,0.3984562,7.17205,-10.1099,-34.0215,0.1175003,
2,14.922,2,2.399595,375.3607,-0.9556946,0.3982733,7.17205,-10.1099,-34.0215,0.1175003,
2,14.932,2,2.399,375.3578,-0.9583814,0.3994921,7.17205,-10.1099,-34.0215,0.1175003,
2,14.942,2,2.399537,375.352,-0.964303,0.4018704,7.17205,-10.1099,-34.0215,0.1175003,
2,14.952,2,2.4004,375.3394,-0.9573035,0.3988099,7.17205,-10.1099,-34.0215,0.1175003,
2,14.962,2,2.396238,375.338,-0.9581093,0.399839,7.17205,-10.1099,-34.0215,0.1175003,
2,14.972,2,2.399129,375.3255,-0.9607782,0.4004696,7.17205,-10.1099,-34.0215,0.1175003,
2,14.982,2,2.407245,375.2958,-0.9589313,0.3983522,7.17205,-10.1099,-34.0215,0.1175003,
2,14.992,2,2.411642,375.2147,-0.9583712,0.3973937,7.17205,-10.1099,-34.0215,0.1175003,
2,15.002,2,2.422386,375.1854,-0.9581962,0.3955588,7.17205,-10.1099,-34.0215,0.1175003,
2,15.012,2,2.432203,375.1431,-0.9584775,0.3940779,7.17205,-10.1099,-34.0215,0.1175003,
2,15.022,2,2.433874,375.1291,-0.9630722,0.3956952,7.17205,-10.1099,-34.0215,0.1175003,
2,15.032,2,2.435623,375.102,-0.9666448,0.3968778,7.17205,-10.1099,-34.0215,0.1175003,
2,15.042,2,2.435642,375.1027,-0.9658089,0.3965316,7.17205,-10.1099,-34.0215,0.1175003,
2,15.052,2,2.434782,375.0834,-0.9754727,0.4006407,7.17205,-10.1099,-34.0215,0.1175003,
2,15.062,2,2.431433,375.059,-0.9771492,0.4018821,7.17205,-10.1099,-34.0215,0.1175003,
2,15.072,2,2.431798,375.024,-0.9788739,0.4025309,7.17205,-10.1099,-34.0215,0.1175003,
2,15.082,2,2.432379,375.0228,-0.979611,0.4027378,7.17205,-10.1099,-34.0215,0.1175003,
2,15.092,2,2.431442,375.034,-0.976656,0.4016776,7.17205,-10.1099,-34.0215,0.1175003,
2,15.102,2,2.432508,375.0212,-0.9757106,0.4011131,7.17205,-10.1099,-34.0215,0.1175003,
2,15.112,2,2.433369,375.0277,-0.9749024,0.4006389,7.16708,-10.1099,-34.0234,0.1194,
2,15.122,2,2.433905,375.0021,-0.9735987,0.4000151,7.16708,-10.1099,-34.0234,0.1194,
2,15.132,2,2.430942,374.999,-0.9723142,0.3999743,7.16708,-10.1099,-34.0234,0.1194,
2,15.142,2,2.433497,374.9968,-0.971665,0.3992876,7.16708,-10.1099,-34.0234,0.1194,
2,15.152,2,2.43271,374.9937,-0.9720863,0.3995899,7.16708,-10.1099,-34.0234,0.1194,
2,15.162,2,2.432006,375.0003,-0.9737755,0.4004001,7.16708,-10.1099,-34.0234,0.1194,
2,15.172,2,2.43242,374.9555,-0.9735798,0.4002514,7.16708,-10.1099,-34.0234,0.1194,
2,15.182,2,2.436833,374.9458,-0.9732118,0.3993756,7.16708,-10.1099,-34.0234,0.1194,
2,15.192,2,2.440951,374.9212,-0.9742199,0.399115,7.16708,-10.1099,-34.0234,0.1194,
2,15.202,2,2.449822,374.895,-0.9775171,0.3990155,7.16708,-10.1099,-34.0234,0.1194,
2,15.212,2,2.456878,374.8174,-0.9780316,0.398079,7.16708,-10.1099,-34.0234,0.1194,
2,15.222,2,2.46672,374.7785,-0.9792325,0.3969776,7.16708,-10.1099,-34.0234,0.1194,
2,15.232,2,2.465822,374.7421,-0.9806725,0.3977061,7.16708,-10.1099,-34.0234,0.1194,
2,15.242,2,2.470207,374.7596,-0.9836117,0.39819,7.16708,-10.1099,-34.0234,0.1194,
2,15.252,2,2.470907,374.7307,-0.9828218,0.3977574,7.16708,-10.1099,-34.0234,0.1194,
2,15.262,2,2.46936,374.7179,-0.9826828,0.3979504,7.16708,-10.1099,-34.0234,0.1194,
2,15.272,2,2.469344,374.7053,-0.9873161,0.3998293,7.16708,-10.1099,-34.0234,0.1194,
2,15.282,2,2.467363,374.6805,-0.9893445,0.4009723,7.16708,-10.1099,-34.0234,0.1194,
2,15.292,2,2.468981,374.6777,-0.9902003,0.4010563,7.16708,-10.1099,-34.0234,0.1194,
2,15.302,2,2.466963,374.6809,-0.9913743,0.4018602,7.16708,-10.1099,-34.0234,0.1194,
2,15.312,2,2.469201,374.679,-0.9911089,0.4013884,7.16708,-10.1099,-34.0234,0.1194,
2,15.322,2,2.470446,374.6671,-0.9917943,0.4014637,7.16708,-10.1099,-34.0234,0.1194,
2,15.332,2,2.468683,374.6334,-0.9890793,0.4006506,7.1617,-10.1099,-34.0252,0.1212006,
2,15.342,2,2.468753,374.6399,-0.9896513,0.4008709,7.1617,-10.1099,-34.0252,0.1212006,
2,15.352,2,2.468883,374.625,-0.9891793,0.4006586,7.1617,-10.1099,-34.0252,0.1212006,
2,15.362,2,2.467879,374.6194,-0.9930495,0.4023899,7.1617,-10.1099,-34.0252,0.1212006,
2,15.372,2,2.466774,374.6206,-0.9926164,0.4023946,7.1617,-10.1099,-34.0252,0.1212006,
2,15.382,2,2.468023,374.6075,-0.990584,0.4013673,7.1617,-10.1099,-34.0252,0.1212006,
2,15.392,2,2.465613,374.6135,-0.9907615,0.4018317,7.1617,-10.1099,-34.0252,0.1212006,
2,15.402,2,2.465924,374.6088,-0.9908635,0.4018224,7.1617,-10.1099,-34.0252,0.1212006,
2,15.412,2,2.473154,374.5728,-0.9902581,0.4004029,7.1617,-10.1099,-34.0252,0.1212006,
2,15.422,2,2.480034,374.5182,-0.9902488,0.3992883,7.1617,-10.1099,-34.0252,0.1212006,
2,15.432,2,2.489453,374.4623,-0.9904647,0.3978644,7.1617,-10.1099,-34.0252,0.1212006,
2,15.442,2,2.50034,374.4181,-0.994459,0.3977295,7.1617,-10.1099,-34.0252,0.1212006,
2,15.452,2,2.502946,374.358,-1.00365,0.4009873,7.1617,-10.1099,-34.0252,0.1212006,
2,15.462,2,2.504033,374.3767,-1.009157,0.4030127,7.1617,-10.1099,-34.0252,0.1212006,
2,15.472,2,2.504485,374.3544,-1.00287,0.4004294,7.1617,-10.1099,-34.0252,0.1212006,
2,15.482,2,2.50307,374.3488,-1.001269,0.4000162,7.1617,-10.1099,-34.0252,0.1212006,
2,15.492,2,2.503737,374.2827,-1.004419,0.4011681,7.1617,-10.1099,-34.0252,0.1212006,
2,15.502,2,2.503322,374.3313,-1.004412,0.4012316,7.1617,-10.1099,-34.0252,0.1212006,
2,15.512,2,2.504838,374.3025,-1.005634,0.4014764,7.1617,-10.1099,-34.0252,0.1212006,
2,15.522,2,2.505033,374.2915,-1.009074,0.4028185,7.15632,-10.1099,-34.0271,0.1231003,
2,15.532,2,2.502965,374.294,-1.014065,0.4051456,7.15632,-10.1099,-34.0271,0.1231003,
2,15.542,2,2.504277,374.283,-1.012003,0.4041098,7.15632,-10.1099,-34.0271,0.1231003,
2,15.552,2,2.502488,374.2775,-1.013521,0.4050054,7.15632,-10.1099,-34.0271,0.1231003,
2,15.562,2,2.503663,374.2615,-1.011636,0.4040624,7.15632,-10.1099,-34.0271,0.1231003,
2,15.572,2,2.503892,374.2606,-1.011587,0.404006,7.15632,-10.1099,-34.0271,0.1231003,
2,15.582,2,2.50602,374.2325,-1.009032,0.4026432,7.15632,-10.1099,-34.0271,0.1231003,
2,15.592,2,2.513323,374.2076,-1.010702,0.4021376,7.15632,-10.1099,-34.0271,0.1231003,
2,15.602,2,2.519821,374.1668,-1.009936,0.4007966,7.15632,-10.1099,-34.0271,0.1231003,
2,15.612,2,2.527924,374.1146,-1.015068,0.4015422,7.15632,-10.1099,-34.0271,0.1231003,
2,15.622,2,2.536535,374.0782,-1.018534,0.4015454,7.15632,-10.1099,-34.0271,0.1231003,
2,15.632,2,2.540126,374.0443,-1.015546,0.3998015,7.15632,-10.1099,-34.0271,0.1231003,
2,15.642,2,2.542978,374.0229,-1.014505,0.3989435,7.15632,-10.1099,-34.0271,0.1231003,
2,15.652,2,2.540616,374.0215,-1.01712,0.400344,7.15632,-10.1099,-34.0271,0.1231003,
2,15.662,2,2.536374,373.9909,-1.018058,0.4013832,7.15632,-10.1099,-34.0271,0.1231003,
2,15.672,2,2.538466,373.9586,-1.019599,0.4016595,7.15632,-10.1099,-34.0271,0.1231003,
2,15.682,2,2.539314,373.971,-1.019389,0.4014428,7.15632,-10.1099,-34.0271,0.1231003,
2,15.692,2,2.538852,373.9723,-1.021747,0.4024444,7.15632,-10.1099,-34.0271,0.1231003,
2,15.702,2,2.539263,373.9749,-1.024563,0.4034885,7.15632,-10.1099,-34.0271,0.1231003,
2,15.712,2,2.537508,373.9522,-1.024287,0.4036588,7.15632,-10.1099,-34.0271,0.1231003,
2,15.722,2,2.538929,373.9346,-1.024437,0.4034918,7.15632,-10.1099,-34.0271,0.1231003,
2,15.732,2,2.538356,373.9315,-1.026534,0.4044091,7.1521,-10.1099,-34.029,0.125,
2,15.742,2,2.536667,373.8838,-1.030317,0.4061696,7.1521,-10.1099,-34.029,0.125,
2,15.752,2,2.536795,373.9082,-1.033886,0.4075559,7.1521,-10.1099,-34.029,0.125,
2,15.762,2,2.537429,373.9136,-1.030084,0.4059559,7.1521,-10.1099,-34.029,0.125,
2,15.772,2,2.53815,373.9065,-1.027242,0.4047206,7.1521,-10.1099,-34.029,0.125,
2,15.782,2,2.53783,373.8966,-1.030198,0.4059366,7.1521,-10.1099,-34.029,0.125,
2,15.792,2,2.534441,373.885,-1.03402,0.4079876,7.1521,-10.1099,-34.029,0.125,
2,15.802,2,2.536678,373.8798,-1.027501,0.4050575,7.1521,-10.1099,-34.029,0.125,
2,15.812,2,2.542447,373.8546,-1.02343,0.4025373,7.1521,-10.1099,-34.029,0.125,
2,15.822,2,2.550162,373.7916,-1.028576,0.4033376,7.1521,-10.1099,-34.029,0.125,
2,15.832,2,2.556524,373.7546,-1.029536,0.4027093,7.1521,-10.1099,-34.029,0.125,
2,15.842,2,2.568627,373.6807,-1.029388,0.4007542,7.1521,-10.1099,-34.029,0.125,
2,15.852,2,2.571613,373.6772,-1.031578,0.4011404,7.1521,-10.1099,-34.029,0.125,
2,15.862,2,2.575231,373.6576,-1.037851,0.4030128,7.1521,-10.1099,-34.029,0.125,
2,15.872,2,2.57478,373.6602,-1.038675,0.4034033,7.1521,-10.1099,-34.029,0.125,
2,15.882,2,2.571037,373.6331,-1.038067,0.4037541,7.1521,-10.1099,-34.029,0.125,
2,15.892,2,2.574742,373.6188,-1.039847,0.4038646,7.1521,-10.1099,-34.029,0.125,
2,15.902,2,2.571962,373.6395,-1.042229,0.405227,7.1521,-10.1099,-34.029,0.125,
2,15.912,2,2.570492,373.6107,-1.043748,0.4060498,7.1521,-10.1099,-34.029,0.125,
2,15.922,2,2.572222,373.5985,-1.04247,0.4052798,7.1521,-10.1099,-34.029,0.125,
2,15.932,2,2.573284,373.5829,-1.043883,0.4056619,7.1521,-10.1099,-34.029,0.125,
2,15.942,2,2.570515,373.5674,-1.048826,0.4080216,7.1521,-10.1099,-34.029,0.125,
2,15.952,2,2.570743,373.4934,-1.052948,0.4095888,7.1521,-10.1099,-34.029,0.125,
2,15.962,2,2.570171,373.5621,-1.051379,0.4090698,7.1521,-10.1099,-34.029,0.125,
2,15.972,2,2.571985,373.5372,-1.047652,0.4073321,7.14675,-10.1099,-34.0308,0.1268005,
2,15.982,2,2.571713,373.5493,-1.046522,0.4069356,7.14675,-10.1099,-34.0308,0.1268005,
2,15.992,2,2.568377,373.6152,-1.049253,0.4085276,7.14675,-10.1099,-34.0308,0.1268005,
2,16.002,2,2.57,373.5152,-1.052573,0.4095616,7.14675,-10.1099,-34.0308,0.1268005,
2,16.012,2,2.568668,373.5158,-1.049007,0.4083856,7.14675,-10.1099,-34.0308,0.1268005,
2,16.022,2,2.571736,373.4906,-1.045597,0.4065724,7.14675,-10.1099,-34.0308,0.1268005,
2,16.032,2,2.569056,373.5102,-1.049849,0.4086517,7.14675,-10.1099,-34.0308,0.1268005,
2,16.042,2,2.571027,373.4902,-1.050593,0.4086276,7.14675,-10.1099,-34.0308,0.1268005,
2,16.052,2,2.575878,373.4596,-1.045278,0.4057947,7.14675,-10.1099,-34.0308,0.1268005,
2,16.062,2,2.584907,373.412,-1.044651,0.4041348,7.14675,-10.1099,-34.0308,0.1268005,
2,16.072,2,2.590124,373.3804,-1.051861,0.4061046,7.14675,-10.1099,-34.0308,0.1268005,
2,16.082,2,2.598688,373.3288,-1.053243,0.4052982,7.14675,-10.1099,-34.0308,0.1268005,
2,16.092,2,2.60621,373.2896,-1.053544,0.4042437,7.14675,-10.1099,-34.0308,0.1268005,
2,16.102,2,2.606814,373.2794,-1.056816,0.4054052,7.14675,-10.1099,-34.0308,0.1268005,
2,16.112,2,2.605612,373.2603,-1.060753,0.4071032,7.14675,-10.1099,-34.0308,0.1268005,
2,16.122,2,2.606533,373.2604,-1.068612,0.4099743,7.14675,-10.1099,-34.0308,0.1268005,
2,16.132,2,2.60567,373.2394,-1.067327,0.4096171,7.14675,-10.1099,-34.0308,0.1268005,
2,16.142,2,2.606078,373.2274,-1.062476,0.4076917,7.14675,-10.1099,-34.0308,0.1268005,
2,16.152,2,2.60622,373.2107,-1.06742,0.4095662,7.14675,-10.1099,-34.0308,0.1268005,
2,16.162,2,2.607953,373.1813,-1.064214,0.4080648,7.14675,-10.1099,-34.0308,0.1268005,
2,16.172,2,2.605749,373.216,-1.067332,0.4096065,7.14675,-10.1099,-34.0308,0.1268005,
2,16.182,2,2.607044,373.198,-1.064542,0.4083331,7.14675,-10.1099,-34.0308,0.1268005,
2,16.192,2,2.603452,373.1887,-1.069868,0.4109421,7.14675,-10.1099,-34.0308,0.1268005,
2,16.202,2,2.602995,373.1375,-1.074414,0.4127606,7.14675,-10.1099,-34.0308,0.1268005,
2,16.212,2,2.603552,373.1768,-1.070047,0.4109952,7.14097,-10.1099,-34.0327,0.1287003,
2,16.222,2,2.604032,373.1609,-1.063035,0.4082266,7.14097,-10.1099,-34.0327,0.1287003,
2,16.232,2,2.603679,373.1539,-1.064718,0.4089283,7.14097,-10.1099,-34.0327,0.1287003,
2,16.242,2,2.604487,373.1113,-1.070617,0.4110664,7.14097,-10.1099,-34.0327,0.1287003,
2,16.252,2,2.603404,373.1417,-1.063209,0.408392,7.14097,-10.1099,-34.0327,0.1287003,
2,16.262,2,2.605774,373.1221,-1.062081,0.4075876,7.14097,-10.1099,-34.0327,0.1287003,
2,16.272,2,2.606594,373.1095,-1.063279,0.4079189,7.14097,-10.1099,-34.0327,0.1287003,
2,16.282,2,2.615124,373.0619,-1.066999,0.4080108,7.14097,-10.1099,-34.0327,0.1287003,
2,16.292,2,2.624308,373.0439,-1.069517,0.4075425,7.14097,-10.1099,-34.0327,0.1287003,
2,16.302,2,2.632833,372.9694,-1.070781,0.4067029,7.14097,-10.1099,-34.0327,0.1287003,
2,16.312,2,2.63953,372.9401,-1.077262,0.4081265,7.14097,-10.1099,-34.0327,0.1287003,
2,16.322,2,2.645474,372.8736,-1.081778,0.4089166,7.14097,-10.1099,-34.0327,0.1287003,
2,16.332,2,2.643839,372.8746,-1.082121,0.409299,7.14097,-10.1099,-34.0327,0.1287003,
2,16.342,2,2.642777,372.8781,-1.083038,0.4098106,7.14097,-10.1099,-34.0327,0.1287003,
2,16.352,2,2.643285,372.8654,-1.08628,0.4109582,7.14097,-10.1099,-34.0327,0.1287003,
2,16.362,2,2.643523,372.8685,-1.086599,0.4110419,7.14097,-10.1099,-34.0327,0.1287003,
2,16.372,2,2.643876,372.8455,-1.088322,0.4116388,7.14097,-10.1099,-34.0327,0.1287003,
2,16.382,2,2.640406,372.8432,-1.09199,0.413569,7.14097,-10.1099,-34.0327,0.1287003,
2,16.392,2,2.640559,372.8362,-1.086367,0.4114155,7.14097,-10.1099,-34.0327,0.1287003,
2,16.402,2,2.641239,372.8309,-1.089965,0.4126716,7.14097,-10.1099,-34.0327,0.1287003,
2,16.412,2,2.641363,372.8389,-1.092895,0.4137616,7.14097,-10.1099,-34.0327,0.1287003,
2,16.422,2,2.642933,372.7961,-1.086839,0.4112247,7.14097,-10.1099,-34.0327,0.1287003,
2,16.432,2,2.643806,372.7946,-1.083292,0.4097471,7.13562,-10.1099,-34.0347,0.1306992,
2,16.442,2,2.640934,372.7767,-1.087452,0.4117679,7.13562,-10.1099,-34.0347,0.1306992,
2,16.452,2,2.638567,372.7978,-1.09305,0.414259,7.13562,-10.1099,-34.0347,0.1306992,
2,16.462,2,2.640608,372.777,-1.087381,0.4117919,7.13562,-10.1099,-34.0347,0.1306992,
2,16.472,2,2.639957,372.7609,-1.086202,0.4114468,7.13562,-10.1099,-34.0347,0.1306992,
2,16.482,2,2.640521,372.7549,-1.083578,0.4103653,7.13562,-10.1099,-34.0347,0.1306992,
2,16.492,2,2.641649,372.7229,-1.08454,0.4105541,7.13562,-10.1099,-34.0347,0.1306992,
2,16.502,2,2.642012,372.7394,-1.086014,0.4110558,7.13562,-10.1099,-34.0347,0.1306992,
2,16.512,2,2.645045,372.7105,-1.085245,0.4102937,7.13562,-10.1099,-34.0347,0.1306992,
2,16.522,2,2.650767,372.675,-1.087519,0.4102656,7.13562,-10.1099,-34.0347,0.1306992,
2,16.532,2,2.659055,372.6213,-1.091527,0.4104945,7.13562,-10.1099,-34.0347,0.1306992,
2,16.542,2,2.6692,372.5714,-1.09266,0.4093586,7.13562,-10.1099,-34.0347,0.1306992,
2,16.552,2,2.673793,372.5358,-1.098607,0.4108794,7.13562,-10.1099,-34.0347,0.1306992,
2,16.562,2,2.678594,372.5266,-1.104615,0.4123862,7.13562,-10.1099,-34.0347,0.1306992,
2,16.572,2,2.679605,372.5052,-1.106128,0.4127951,7.13562,-10.1099,-34.0347,0.1306992,
2,16.582,2,2.677983,372.4912,-1.107759,0.4136542,7.13562,-10.1099,-34.0347,0.1306992,
2,16.592,2,2.676847,372.4909,-1.106641,0.413412,7.13562,-10.1099,-34.0347,0.1306992,
2,16.602,2,2.67991,372.4581,-1.10559,0.4125474,7.13562,-10.1099,-34.0347,0.1306992,
2,16.612,2,2.679777,372.457,-1.107232,0.4131807,7.13562,-10.1099,-34.0347,0.1306992,
2,16.622,2,2.679182,372.4436,-1.107395,0.4133332,7.13562,-10.1099,-34.0347,0.1306992,
2,16.632,2,2.678389,372.4425,-1.106816,0.4132394,7.13562,-10.1099,-34.0347,0.1306992,
2,16.642,2,2.680293,372.4311,-1.101461,0.4109479,7.13562,-10.1099,-34.0347,0.1306992,
2,16.652,2,2.677338,372.4231,-1.105023,0.4127321,7.13562,-10.1099,-34.0347,0.1306992,
2,16.662,2,2.678347,372.41,-1.108945,0.4140407,7.13562,-10.1099,-34.0347,0.1306992,
2,16.672,2,2.675485,372.3983,-1.107494,0.4139414,7.12988,-10.1099,-34.0367,0.1327019,
2,16.682,2,2.675782,372.3869,-1.107667,0.4139601,7.12988,-10.1099,-34.0367,0.1327019,
2,16.692,2,2.676298,372.3811,-1.106969,0.4136196,7.12988,-10.1099,-34.0367,0.1327019,
2,16.702,2,2.676389,372.388,-1.10725,0.4137104,7.12988,-10.1099,-34.0367,0.1327019,
2,16.712,2,2.676257,372.363,-1.110365,0.4148946,7.12988,-10.1099,-34.0367,0.1327019,
2,16.722,2,2.677602,372.3457,-1.1078,0.4137286,7.12988,-10.1099,-34.0367,0.1327019,
2,16.732,2,2.674731,372.3525,-1.114102,0.4165288,7.12988,-10.1099,-34.0367,0.1327019,
2,16.742,2,2.677505,372.3879,-1.116108,0.4168462,7.12988,-10.1099,-34.0367,0.1327019,
2,16.752,2,2.680424,372.3298,-1.11439,0.4157514,7.12988,-10.1099,-34.0367,0.1327019,
2,16.762,2,2.688817,372.295,-1.11498,0.4146729,7.12988,-10.1099,-34.0367,0.1327019,
2,16.772,2,2.697878,372.2518,-1.119003,0.4147716,7.12988,-10.1099,-34.0367,0.1327019,
2,16.782,2,2.706324,372.1679,-1.124215,0.4154028,7.12988,-10.1099,-34.0367,0.1327019,
2,16.792,2,2.712613,372.1492,-1.122064,0.4136469,7.12988,-10.1099,-34.0367,0.1327019,
2,16.802,2,2.718731,372.1316,-1.124172,0.4134916,7.12988,-10.1099,-34.0367,0.1327019,
2,16.812,2,2.719209,372.1067,-1.127681,0.4147094,7.12988,-10.1099,-34.0367,0.1327019,
2,16.822,2,2.719571,372.1107,-1.133984,0.4169715,7.12988,-10.1099,-34.0367,0.1327019,
2,16.832,2,2.718115,372.0999,-1.13284,0.416774,7.12988,-10.1099,-34.0367,0.1327019,
2,16.842,2,2.71721,372.0831,-1.132749,0.4168795,7.12988,-10.1099,-34.0367,0.1327019,
2,16.852,2,2.71776,372.0749,-1.126791,0.414603,7.12988,-10.1099,-34.0367,0.1327019,
2,16.862,2,2.717173,372.0646,-1.12569,0.414287,7.12988,-10.1099,-34.0367,0.1327019,
2,16.872,2,2.716357,372.0541,-1.129921,0.4159694,7.12988,-10.1099,-34.0367,0.1327019,
2,16.882,2,2.716483,372.0455,-1.125247,0.4142295,7.12988,-10.1099,-34.0367,0.1327019,
2,16.892,2,2.715565,372.0504,-1.124076,0.4139381,7.12988,-10.1099,-34.0367,0.1327019,
2,16.902,2,2.718688,372.0361,-1.122164,0.4127595,7.12988,-10.1099,-34.0367,0.1327019,
2,16.912,2,2.715447,372.0027,-1.127586,0.4152486,7.1241,-10.1099,-34.0387,0.1347008,
2,16.922,2,2.715988,372.0085,-1.128175,0.4153829,7.1241,-10.1099,-34.0387,0.1347008,
2,16.932,2,2.715921,372.0043,-1.126191,0.4146625,7.1241,-10.1099,-34.0387,0.1347008,
2,16.942,2,2.714338,371.9795,-1.128423,0.4157269,7.1241,-10.1099,-34.0387,0.1347008,
2,16.952,2,2.716115,372.0039,-1.131004,0.416405,7.1241,-10.1099,-34.0387,0.1347008,
2,16.962,2,2.713889,371.9852,-1.135195,0.4182908,7.1241,-10.1099,-34.0387,0.1347008,
2,16.972,2,2.712216,371.9698,-1.135242,0.4185661,7.1241,-10.1099,-34.0387,0.1347008,
2,16.982,2,2.715334,371.9387,-1.133761,0.4175401,7.1241,-10.1099,-34.0387,0.1347008,
2,16.992,2,2.719037,371.897,-1.136902,0.4181268,7.1241,-10.1099,-34.0387,0.1347008,
2,17.002,2,2.726365,371.9151,-1.138259,0.4175008,7.1241,-10.1099,-34.0387,0.1347008,
2,17.012,2,2.737162,371.856,-1.134355,0.4144273,7.1241,-10.1099,-34.0387,0.1347008,
2,17.022,2,2.745435,371.8151,-1.139341,0.4149946,7.1241,-10.1099,-34.0387,0.1347008,
2,17.032,2,2.753351,371.767,-1.145977,0.4162117,7.1241,-10.1099,-34.0387,0.1347008,
2,17.042,2,2.751775,371.7527,-1.14931,0.4176615,7.1241,-10.1099,-34.0387,0.1347008,
2,17.052,2,2.756179,371.7388,-1.143994,0.4150652,7.1241,-10.1099,-34.0387,0.1347008,
2,17.062,2,2.756276,371.7243,-1.144572,0.4152603,7.1241,-10.1099,-34.0387,0.1347008,
2,17.072,2,2.756939,371.7059,-1.145834,0.4156182,7.1241,-10.1099,-34.0387,0.1347008,
2,17.082,2,2.754504,371.698,-1.145594,0.4158985,7.1241,-10.1099,-34.0387,0.1347008,
2,17.092,2,2.755745,371.6979,-1.141642,0.414277,7.1241,-10.1099,-34.0387,0.1347008,
2,17.102,2,2.754384,371.689,-1.144127,0.4153841,7.1241,-10.1099,-34.0387,0.1347008,
2,17.112,2,2.754154,371.6776,-1.14502,0.4157431,7.1241,-10.1099,-34.0387,0.1347008,
2,17.122,2,2.75209,371.6837,-1.144742,0.4159539,7.11912,-10.1099,-34.0408,0.1367989,
2,17.132,2,2.752533,371.6517,-1.146805,0.4166362,7.11912,-10.1099,-34.0408,0.1367989,
2,17.142,2,2.752821,371.6495,-1.146892,0.4166244,7.11912,-10.1099,-34.0408,0.1367989,
2,17.152,2,2.752614,371.6163,-1.1507,0.4180389,7.11912,-10.1099,-34.0408,0.1367989,
2,17.162,2,2.752564,371.662,-1.153541,0.4190786,7.11912,-10.1099,-34.0408,0.1367989,
2,17.172,2,2.751758,371.6092,-1.155094,0.419766,7.11912,-10.1099,-34.0408,0.1367989,
2,17.182,2,2.753532,371.598,-1.152052,0.4183907,7.11912,-10.1099,-34.0408,0.1367989,
2,17.192,2,2.754888,371.601,-1.149571,0.417284,7.11912,-10.1099,-34.0408,0.1367989,
2,17.202,2,2.75784,371.5732,-1.150078,0.4170213,7.11912,-10.1099,-34.0408,0.1367989,
2,17.212,2,2.765908,371.5369,-1.151073,0.4161645,7.11912,-10.1099,-34.0408,0.1367989,
2,17.222,2,2.774619,371.4815,-1.152014,0.4151972,7.11912,-10.1099,-34.0408,0.1367989,
2,17.232,2,2.781367,371.4367,-1.157334,0.4161028,7.11912,-10.1099,-34.0408,0.1367989,
2,17.242,2,2.787776,371.3971,-1.166237,0.4183394,7.11912,-10.1099,-34.0408,0.1367989,
2,17.252,2,2.790747,371.3835,-1.167405,0.4183125,7.11912,-10.1099,-34.0408,0.1367989,
2,17.262,2,2.791968,371.366,-1.162519,0.4163798,7.11912,-10.1099,-34.0408,0.1367989,
2,17.272,2,2.794151,371.3571,-1.166566,0.4175029,7.11912,-10.1099,-34.0408,0.1367989,
2,17.282,2,2.792682,371.3468,-1.169519,0.4187799,7.11912,-10.1099,-34.0408,0.1367989,
2,17.292,2,2.791297,371.3368,-1.170346,0.4192838,7.11912,-10.1099,-34.0408,0.1367989,
2,17.302,2,2.79137,371.3267,-1.165836,0.4176573,7.11912,-10.1099,-34.0408,0.1367989,
2,17.312,2,2.790529,371.3189,-1.162668,0.4166479,7.11912,-10.1099,-34.0408,0.1367989,
2,17.322,2,2.791642,371.2954,-1.167129,0.4180796,7.11912,-10.1099,-34.0408,0.1367989,
2,17.332,2,2.790944,371.3118,-1.169401,0.4189985,7.11912,-10.1099,-34.0408,0.1367989,
2,17.342,2,2.791192,371.2917,-1.167198,0.4181719,7.11912,-10.1099,-34.0408,0.1367989,
2,17.352,2,2.79189,371.2841,-1.168249,0.4184439,7.11912,-10.1099,-34.0408,0.1367989,
2,17.362,2,2.788692,371.2599,-1.17467,0.4212261,7.11338,-10.1099,-34.0428,0.1388016,
2,17.372,2,2.788395,371.263,-1.166853,0.4184676,7.11338,-10.1099,-34.0428,0.1388016,
2,17.382,2,2.791455,371.2588,-1.165781,0.417625,7.11338,-10.1099,-34.0428,0.1388016,
2,17.392,2,2.789995,371.2349,-1.167372,0.4184136,7.11338,-10.1099,-34.0428,0.1388016,
2,17.402,2,2.792714,371.2356,-1.170224,0.4190274,7.11338,-10.1099,-34.0428,0.1388016,
2,17.412,2,2.796321,371.242,-1.172333,0.4192411,7.11338,-10.1099,-34.0428,0.1388016,
2,17.422,2,2.804755,371.1781,-1.172436,0.4180172,7.11338,-10.1099,-34.0428,0.1388016,
2,17.432,2,2.813377,371.1267,-1.174219,0.41737,7.11338,-10.1099,-34.0428,0.1388016,
2,17.442,2,2.82466,371.0831,-1.175075,0.4160059,7.11338,-10.1099,-34.0428,0.1388016,
2,17.452,2,2.829379,371.0329,-1.180614,0.4172694,7.11338,-10.1099,-34.0428,0.1388016,
2,17.462,2,2.83054,371.0334,-1.186396,0.4191413,7.11338,-10.1099,-34.0428,0.1388016,
2,17.472,2,2.832502,371.0234,-1.17909,0.4162716,7.11338,-10.1099,-34.0428,0.1388016,
2,17.482,2,2.83008,371.003,-1.187542,0.4196141,7.11338,-10.1099,-34.0428,0.1388016,
2,17.492,2,2.831065,370.9856,-1.189334,0.4201012,7.11338,-10.1099,-34.0428,0.1388016,
2,17.502,2,2.828131,370.9744,-1.189021,0.4204265,7.11338,-10.1099,-34.0428,0.1388016,
2,17.512,2,2.829872,370.9664,-1.186239,0.4191847,7.11338,-10.1099,-34.0428,0.1388016,
2,17.522,2,2.829661,370.9612,-1.184149,0.4184773,7.11338,-10.1099,-34.0428,0.1388016,
2,17.532,2,2.830167,370.9561,-1.182483,0.4178138,7.11338,-10.1099,-34.0428,0.1388016,
2,17.542,2,2.82916,370.9397,-1.188704,0.4201613,7.11338,-10.1099,-34.0428,0.1388016,
2,17.552,2,2.831144,370.9407,-1.189329,0.4200878,7.10838,-10.1099,-34.0448,0.1408005,
2,17.562,2,2.828492,370.9147,-1.18963,0.420588,7.10838,-10.1099,-34.0448,0.1408005,
2,17.572,2,2.826634,370.8786,-1.193426,0.4222076,7.10838,-10.1099,-34.0448,0.1408005,
2,17.582,2,2.828261,370.9172,-1.193878,0.4221243,7.10838,-10.1099,-34.0448,0.1408005,
2,17.592,2,2.827537,370.8919,-1.191967,0.4215566,7.10838,-10.1099,-34.0448,0.1408005,
2,17.602,2,2.832158,370.8703,-1.193173,0.4212948,7.10838,-10.1099,-34.0448,0.1408005,
2,17.612,2,2.842307,370.8373,-1.195582,0.4206378,7.10838,-10.1099,-34.0448,0.1408005,
2,17.622,2,2.849401,370.8143,-1.199409,0.4209338,7.10838,-10.1099,-34.0448,0.1408005,
2,17.632,2,2.860765,370.7323,-1.198405,0.4189106,7.10838,-10.1099,-34.0448,0.1408005,
2,17.642,2,2.86543,370.6898,-1.202371,0.4196126,7.10838,-10.1099,-34.0448,0.1408005,
2,17.652,2,2.866554,370.6694,-1.205255,0.4204545,7.10838,-10.1099,-34.0448,0.1408005,
2,17.662,2,2.865431,370.5875,-1.205521,0.4207118,7.10838,-10.1099,-34.0448,0.1408005,
2,17.672,2,2.870239,370.6466,-1.202771,0.4190491,7.10838,-10.1099,-34.0448,0.1408005,
2,17.682,2,2.867554,370.6635,-1.203186,0.4195861,7.10838,-10.1099,-34.0448,0.1408005,
2,17.692,2,2.867613,370.657,-1.203273,0.4196079,7.10838,-10.1099,-34.0448,0.1408005,
2,17.702,2,2.867771,370.6142,-1.206206,0.4206076,7.10838,-10.1099,-34.0448,0.1408005,
2,17.712,2,2.865482,370.6102,-1.202718,0.4197264,7.10838,-10.1099,-34.0448,0.1408005,
2,17.722,2,2.868245,370.6028,-1.199811,0.4183086,7.10838,-10.1099,-34.0448,0.1408005,
2,17.732,2,2.866768,370.5893,-1.204098,0.4200195,7.10838,-10.1099,-34.0448,0.1408005,
2,17.742,2,2.86348,370.5371,-1.208283,0.421963,7.10838,-10.1099,-34.0448,0.1408005,
2,17.752,2,2.86588,370.5646,-1.206119,0.4208545,7.10838,-10.1099,-34.0448,0.1408005,
2,17.762,2,2.865932,370.5491,-1.20585,0.4207531,7.10378,-10.1099,-34.0468,0.1427994,
2,17.772,2,2.867321,370.5354,-1.201617,0.4190729,7.10378,-10.1099,-34.0468,0.1427994,
2,17.782,2,2.867981,370.5446,-1.202116,0.4191505,7.10378,-10.1099,-34.0468,0.1427994,
2,17.792,2,2.86816,370.5257,-1.204603,0.4199916,7.10378,-10.1099,-34.0468,0.1427994,
2,17.802,2,2.869609,370.5128,-1.204488,0.4197396,7.10378,-10.1099,-34.0468,0.1427994,
2,17.812,2,2.871754,370.4878,-1.203969,0.419245,7.10378,-10.1099,-34.0468,0.1427994,
2,17.822,2,2.881555,370.4532,-1.207036,0.4188837,7.10378,-10.1099,-34.0468,0.1427994,
2,17.832,2,2.887721,370.4033,-1.210737,0.4192706,7.10378,-10.1099,-34.0468,0.1427994,
2,17.842,2,2.899546,370.3551,-1.211081,0.4176796,7.10378,-10.1099,-34.0468,0.1427994,
2,17.852,2,2.903696,370.3202,-1.213371,0.4178712,7.10378,-10.1099,-34.0468,0.1427994,
2,17.862,2,2.907213,370.3156,-1.217331,0.4187277,7.10378,-10.1099,-34.0468,0.1427994,
2,17.872,2,2.90705,370.3166,-1.21838,0.4191122,7.10378,-10.1099,-34.0468,0.1427994,
2,17.882,2,2.905891,370.2834,-1.21676,0.4187217,7.10378,-10.1099,-34.0468,0.1427994,
2,17.892,2,2.905918,370.2699,-1.215584,0.4183132,7.10378,-10.1099,-34.0468,0.1427994,
2,17.902,2,2.905242,370.251,-1.215999,0.4185535,7.10378,-10.1099,-34.0468,0.1427994,
2,17.912,2,2.905396,370.2704,-1.216422,0.4186769,7.10378,-10.1099,-34.0468,0.1427994,
2,17.922,2,2.905564,370.239,-1.214761,0.4180808,7.10378,-10.1099,-34.0468,0.1427994,
2,17.932,2,2.904929,370.2257,-1.215901,0.4185649,7.10378,-10.1099,-34.0468,0.1427994,
2,17.942,2,2.905324,370.2185,-1.216516,0.4187195,7.10378,-10.1099,-34.0468,0.1427994,
2,17.952,2,2.908363,370.233,-1.218628,0.4190081,7.10378,-10.1099,-34.0468,0.1427994,
2,17.962,2,2.903658,370.1818,-1.218789,0.4197427,7.10378,-10.1099,-34.0468,0.1427994,
2,17.972,2,2.904104,370.1831,-1.219125,0.4197938,7.0988,-10.1099,-34.0487,0.1446991,
2,17.982,2,2.904166,370.1749,-1.220972,0.4204208,7.0988,-10.1099,-34.0487,0.1446991,
2,17.992,2,2.903877,370.1943,-1.223394,0.4212968,7.0988,-10.1099,-34.0487,0.1446991,
2,18.002,2,2.902398,370.1682,-1.223916,0.4216914,7.0988,-10.1099,-34.0487,0.1446991,
2,18.012,2,2.902302,370.1531,-1.222868,0.4213441,7.0988,-10.1099,-34.0487,0.1446991,
2,18.022,2,2.903263,370.1471,-1.225868,0.4222382,7.0988,-10.1099,-34.0487,0.1446991,
2,18.032,2,2.899845,370.1211,-1.227694,0.4233653,7.0988,-10.1099,-34.0487,0.1446991,
2,18.042,2,2.90466,370.1273,-1.2267,0.4223214,7.0988,-10.1099,-34.0487,0.1446991,
2,18.052,2,2.907591,370.1016,-1.22618,0.4217167,7.0988,-10.1099,-34.0487,0.1446991,
2,18.062,2,2.915627,370.0593,-1.227124,0.4208783,7.0988,-10.1099,-34.0487,0.1446991,
2,18.072,2,2.925284,369.9957,-1.230572,0.4206674,7.0988,-10.1099,-34.0487,0.1446991,
2,18.082,2,2.935822,369.9769,-1.234617,0.4205353,7.0988,-10.1099,-34.0487,0.1446991,
2,18.092,2,2.939633,369.9455,-1.233256,0.4195271,7.0988,-10.1099,-34.0487,0.1446991,
2,18.102,2,2.938849,369.9289,-1.23472,0.4201373,7.0988,-10.1099,-34.0487,0.1446991,
2,18.112,2,2.940958,369.9141,-1.235607,0.4201375,7.0988,-10.1099,-34.0487,0.1446991,
2,18.122,2,2.944912,369.8882,-1.235602,0.4195716,7.0988,-10.1099,-34.0487,0.1446991,
2,18.132,2,2.940861,369.8806,-1.235146,0.4199948,7.0988,-10.1099,-34.0487,0.1446991,
2,18.142,2,2.940169,369.8771,-1.233923,0.4196778,7.0988,-10.1099,-34.0487,0.1446991,
2,18.152,2,2.942228,369.8624,-1.235289,0.4198481,7.0988,-10.1099,-34.0487,0.1446991,
2,18.162,2,2.939144,369.8763,-1.236575,0.4207261,7.0988,-10.1099,-34.0487,0.1446991,
2,18.172,2,2.938271,369.8375,-1.239656,0.4218998,7.0988,-10.1099,-34.0487,0.1446991,
2,18.182,2,2.940723,369.841,-1.23798,0.4209781,7.0988,-10.1099,-34.0487,0.1446991,
2,18.192,2,2.938731,369.8247,-1.239198,0.4216781,7.09305,-10.1099,-34.0506,0.1465988,
2,18.202,2,2.93721,369.8091,-1.242077,0.4228764,7.09305,-10.1099,-34.0506,0.1465988,
2,18.212,2,2.936508,369.8152,-1.243823,0.4235721,7.09305,-10.1099,-34.0506,0.1465988,
2,18.222,2,2.936804,369.8063,-1.241701,0.4228069,7.09305,-10.1099,-34.0506,0.1465988,
2,18.232,2,2.936718,369.7934,-1.242868,0.4232168,7.09305,-10.1099,-34.0506,0.1465988,
2,18.242,2,2.937799,369.7903,-1.244215,0.4235196,7.09305,-10.1099,-34.0506,0.1465988,
2,18.252,2,2.938245,369.802,-1.24464,0.4235999,7.09305,-10.1099,-34.0506,0.1465988,
2,18.262,2,2.937047,369.7749,-1.243366,0.4233389,7.09305,-10.1099,-34.0506,0.1465988,
2,18.272,2,2.943143,369.7558,-1.245026,0.4230261,7.09305,-10.1099,-34.0506,0.1465988,
2,18.282,2,2.948411,369.7206,-1.249425,0.4237623,7.09305,-10.1099,-34.0506,0.1465988,
2,18.292,2,2.955377,369.6634,-1.251835,0.4235788,7.09305,-10.1099,-34.0506,0.1465988,
2,18.302,2,2.962871,369.6275,-1.251914,0.4225342,7.09305,-10.1099,-34.0506,0.1465988,
2,18.312,2,2.972328,369.5869,-1.252627,0.4214296,7.09305,-10.1099,-34.0506,0.1465988,
2,18.322,2,2.977621,369.5679,-1.25432,0.4212491,7.09305,-10.1099,-34.0506,0.1465988,
2,18.332,2,2.977741,369.5587,-1.255113,0.4214984,7.09305,-10.1099,-34.0506,0.1465988,
2,18.342,2,2.976753,369.5496,-1.255035,0.421612,7.09305,-10.1099,-34.0506,0.1465988,
2,18.352,2,2.975188,369.5385,-1.254123,0.4215273,7.09305,-10.1099,-34.0506,0.1465988,
2,18.362,2,2.975688,369.5237,-1.258,0.4227595,7.09305,-10.1099,-34.0506,0.1465988,
2,18.372,2,2.975319,369.5063,-1.259372,0.4232729,7.09305,-10.1099,-34.0506,0.1465988,
2,18.382,2,2.975307,369.5096,-1.257296,0.422577,7.09305,-10.1099,-34.0506,0.1465988,
2,18.392,2,2.976966,369.4973,-1.258026,0.4225866,7.09305,-10.1099,-34.0506,0.1465988,
2,18.402,2,2.974329,369.4689,-1.260975,0.4239526,7.09305,-10.1099,-34.0506,0.1465988,
2,18.412,2,2.975871,369.4156,-1.262906,0.4243819,7.09305,-10.1099,-34.0506,0.1465988,
2,18.422,2,2.976919,369.4754,-1.261777,0.4238532,7.09305,-10.1099,-34.0506,0.1465988,
2,18.432,2,2.974519,369.4319,-1.261861,0.4242235,7.08768,-10.1099,-34.0526,0.1486015,
2,18.442,2,2.974746,369.4495,-1.265298,0.4253465,7.08768,-10.1099,-34.0526,0.1486015,
2,18.452,2,2.975603,369.4867,-1.267953,0.4261164,7.08768,-10.1099,-34.0526,0.1486015,
2,18.462,2,2.974195,369.4338,-1.266254,0.4257469,7.08768,-10.1099,-34.0526,0.1486015,
2,18.472,2,2.975345,369.4169,-1.266937,0.4258119,7.08768,-10.1099,-34.0526,0.1486015,
2,18.482,2,2.97395,369.4095,-1.265037,0.4253726,7.08768,-10.1099,-34.0526,0.1486015,
2,18.492,2,2.974235,369.3425,-1.269422,0.4268064,7.08768,-10.1099,-34.0526,0.1486015,
2,18.502,2,2.974283,369.4065,-1.267391,0.4261164,7.08768,-10.1099,-34.0526,0.1486015,
2,18.512,2,2.97662,369.3737,-1.265381,0.4251067,7.08768,-10.1099,-34.0526,0.1486015,
2,18.522,2,2.985227,369.3449,-1.266356,0.4242076,7.08768,-10.1099,-34.0526,0.1486015,
2,18.532,2,2.994497,369.3075,-1.268284,0.4235381,7.08768,-10.1099,-34.0526,0.1486015,
2,18.542,2,3.00408,369.2549,-1.269899,0.4227249,7.08768,-10.1099,-34.0526,0.1486015,
2,18.552,2,3.009774,369.2201,-1.269334,0.4217372,7.08768,-10.1099,-34.0526,0.1486015,
2,18.562,2,3.012678,369.2008,-1.272208,0.4222849,7.08768,-10.1099,-34.0526,0.1486015,
2,18.572,2,3.012695,369.1842,-1.278298,0.4243039,7.08768,-10.1099,-34.0526,0.1486015,
2,18.582,2,3.014851,369.1866,-1.27743,0.4237124,7.08768,-10.1099,-34.0526,0.1486015,
2,18.592,2,3.013666,369.1673,-1.27739,0.423866,7.08768,-10.1099,-34.0526,0.1486015,
2,18.602,2,3.01481,369.1329,-1.278846,0.4241878,7.08768,-10.1099,-34.0526,0.1486015,
2,18.612,2,3.01135,369.158,-1.281236,0.4254689,7.08768,-10.1099,-34.0526,0.1486015,
2,18.622,2,3.012843,369.1149,-1.286185,0.4269008,7.08768,-10.1099,-34.0526,0.1486015,
2,18.632,2,3.011768,369.1242,-1.287611,0.4275268,7.08227,-10.1099,-34.0545,0.1505013,
2,18.642,2,3.01262,369.1184,-1.289586,0.4280612,7.08227,-10.1099,-34.0545,0.1505013,
2,18.652,2,3.011184,369.1165,-1.288616,0.4279433,7.08227,-10.1099,-34.0545,0.1505013,
2,18.662,2,3.010018,369.1487,-1.291734,0.4291449,7.08227,-10.1099,-34.0545,0.1505013,
2,18.672,2,3.010532,369.0771,-1.293499,0.4296578,7.08227,-10.1099,-34.0545,0.1505013,
2,18.682,2,3.011856,369.0732,-1.294967,0.4299566,7.08227,-10.1099,-34.0545,0.1505013,
2,18.692,2,3.009022,369.064,-1.296099,0.4307378,7.08227,-10.1099,-34.0545,0.1505013,
2,18.702,2,3.014398,369.0922,-1.298852,0.4308828,7.08227,-10.1099,-34.0545,0.1505013,
2,18.712,2,3.020695,369.0247,-1.299551,0.4302159,7.08227,-10.1099,-34.0545,0.1505013,
2,18.722,2,3.029314,368.9778,-1.297726,0.4283893,7.08227,-10.1099,-34.0545,0.1505013,
2,18.732,2,3.037468,368.9217,-1.296181,0.4267309,7.08227,-10.1099,-34.0545,0.1505013,
2,18.742,2,3.046345,368.923,-1.299159,0.4264648,7.08227,-10.1099,-34.0545,0.1505013,
2,18.752,2,3.049643,368.8696,-1.299318,0.4260557,7.08227,-10.1099,-34.0545,0.1505013,
2,18.762,2,3.0522,368.8389,-1.300119,0.4259614,7.08227,-10.1099,-34.0545,0.1505013,
2,18.772,2,3.052243,368.847,-1.300714,0.4261503,7.08227,-10.1099,-34.0545,0.1505013,
2,18.782,2,3.050882,368.8281,-1.303524,0.4272612,7.08227,-10.1099,-34.0545,0.1505013,
2,18.792,2,3.049427,368.8129,-1.308092,0.4289632,7.08227,-10.1099,-34.0545,0.1505013,
2,18.802,2,3.046287,368.81,-1.306643,0.4289296,7.08227,-10.1099,-34.0545,0.1505013,
2,18.812,2,3.047959,368.7928,-1.306,0.4284836,7.08227,-10.1099,-34.0545,0.1505013,
2,18.822,2,3.047803,368.7993,-1.306811,0.4287716,7.08227,-10.1099,-34.0545,0.1505013,
2,18.832,2,3.047495,368.7494,-1.309617,0.4297357,7.08227,-10.1099,-34.0545,0.1505013,
2,18.842,2,3.048195,368.7622,-1.307642,0.4289889,7.08227,-10.1099,-34.0545,0.1505013,
2,18.852,2,3.046394,368.7557,-1.310797,0.4302783,7.07767,-10.1099,-34.0564,0.152401,
2,18.862,2,3.047124,368.7387,-1.313204,0.430965,7.07767,-10.1099,-34.0564,0.152401,
2,18.872,2,3.045752,368.7652,-1.31425,0.4315027,7.07767,-10.1099,-34.0564,0.152401,
2,18.882,2,3.045408,368.7058,-1.313505,0.4313069,7.07767,-10.1099,-34.0564,0.152401,
2,18.892,2,3.044758,368.7459,-1.309792,0.4301794,7.07767,-10.1099,-34.0564,0.152401,
2,18.902,2,3.045948,368.7028,-1.311621,0.4306116,7.07767,-10.1099,-34.0564,0.152401,
2,18.912,2,3.04613,368.6821,-1.317751,0.4325983,7.07767,-10.1099,-34.0564,0.152401,
2,18.922,2,3.047416,368.7052,-1.312925,0.4308321,7.07767,-10.1099,-34.0564,0.152401,
2,18.932,2,3.051365,368.6703,-1.309388,0.4291155,7.07767,-10.1099,-34.0564,0.152401,
2,18.942,2,3.062401,368.6412,-1.312492,0.4285826,7.07767,-10.1099,-34.0564,0.152401,
2,18.952,2,3.069364,368.5653,-1.30877,0.4263977,7.07767,-10.1099,-34.0564,0.152401,
2,18.962,2,3.075951,368.5527,-1.315991,0.4278324,7.07767,-10.1099,-34.0564,0.152401,
2,18.972,2,3.085447,368.5207,-1.317001,0.4268429,7.07767,-10.1099,-34.0564,0.152401,
2,18.982,2,3.085556,368.4996,-1.322736,0.4286866,7.07767,-10.1099,-34.0564,0.152401,
2,18.992,2,3.08141,368.4784,-1.328086,0.4309995,7.07767,-10.1099,-34.0564,0.152401,
2,19.002,2,3.085438,368.463,-1.324246,0.4291923,7.07767,-10.1099,-34.0564,0.152401,
2,19.012,2,3.085269,368.4547,-1.326556,0.4299644,7.07767,-10.1099,-34.0564,0.152401,
2,19.022,2,3.08057,368.4482,-1.329143,0.4314601,7.07767,-10.1099,-34.0564,0.152401,
2,19.032,2,3.084868,368.4511,-1.333964,0.4324218,7.07767,-10.1099,-34.0564,0.152401,
2,19.042,2,3.086025,368.4163,-1.330658,0.4311886,7.07767,-10.1099,-34.0564,0.152401,
2,19.052,2,3.082318,368.4497,-1.326028,0.4302049,7.07767,-10.1099,-34.0564,0.152401,
2,19.062,2,3.084933,368.3982,-1.326147,0.4298786,7.07767,-10.1099,-34.0564,0.152401,
2,19.072,2,3.082163,368.4019,-1.329244,0.4312697,7.07767,-10.1099,-34.0564,0.152401,
2,19.082,2,3.0842,368.3974,-1.33285,0.4321543,7.07767,-10.1099,-34.0564,0.152401,
2,19.092,2,3.083103,368.3793,-1.327771,0.4306606,7.07195,-10.1099,-34.0584,0.1543999,
2,19.102,2,3.083418,368.3851,-1.333356,0.432428,7.07195,-10.1099,-34.0584,0.1543999,
2,19.112,2,3.082484,368.3795,-1.336718,0.4336496,7.07195,-10.1099,-34.0584,0.1543999,
2,19.122,2,3.082902,368.3824,-1.332987,0.4323805,7.07195,-10.1099,-34.0584,0.1543999,
2,19.132,2,3.08316,368.3557,-1.332536,0.432198,7.07195,-10.1099,-34.0584,0.1543999,
2,19.142,2,3.081178,368.3492,-1.333259,0.4327107,7.07195,-10.1099,-34.0584,0.1543999,
2,19.152,2,3.086778,368.332,-1.334969,0.4324796,7.07195,-10.1099,-34.0584,0.1543999,
2,19.162,2,3.093647,368.2877,-1.331339,0.4303461,7.07195,-10.1099,-34.0584,0.1543999,
2,19.172,2,3.10289,368.2509,-1.330984,0.4289497,7.07195,-10.1099,-34.0584,0.1543999,
2,19.182,2,3.110842,368.2016,-1.331068,0.4278805,7.07195,-10.1099,-34.0584,0.1543999,
2,19.192,2,3.119339,368.1602,-1.330111,0.4264081,7.07195,-10.1099,-34.0584,0.1543999,
2,19.202,2,3.123035,368.1389,-1.337262,0.4281931,7.07195,-10.1099,-34.0584,0.1543999,
2,19.212,2,3.124397,368.1375,-1.340358,0.4289973,7.07195,-10.1099,-34.0584,0.1543999,
2,19.222,2,3.123971,368.1063,-1.340334,0.4290482,7.07195,-10.1099,-34.0584,0.1543999,
2,19.232,2,3.126566,368.1002,-1.339202,0.4283299,7.07195,-10.1099,-34.0584,0.1543999,
2,19.242,2,3.12483,368.1051,-1.342911,0.4297548,7.07195,-10.1099,-34.0584,0.1543999,
2,19.252,2,3.124141,368.0512,-1.342955,0.4298639,7.07195,-10.1099,-34.0584,0.1543999,
2,19.262,2,3.122964,368.0715,-1.341962,0.4297079,7.07195,-10.1099,-34.0584,0.1543999,
2,19.272,2,3.124756,368.0496,-1.345131,0.4304754,7.07195,-10.1099,-34.0584,0.1543999,
2,19.282,2,3.122543,368.0435,-1.353612,0.4334969,7.07195,-10.1099,-34.0584,0.1543999,
2,19.292,2,3.12152,368.029,-1.351158,0.4328526,7.07195,-10.1099,-34.0584,0.1543999,
2,19.302,2,3.120865,368.0316,-1.3504,0.4327005,7.07195,-10.1099,-34.0584,0.1543999,
2,19.312,2,3.120328,368.0118,-1.34828,0.4320957,7.06658,-10.1099,-34.0604,0.1563988,
2,19.322,2,3.121814,368.0269,-1.3518,0.4330175,7.06658,-10.1099,-34.0604,0.1563988,
2,19.332,2,3.12029,368.0703,-1.352744,0.4335313,7.06658,-10.1099,-34.0604,0.1563988,
2,19.342,2,3.118814,367.9861,-1.357441,0.4352426,7.06658,-10.1099,-34.0604,0.1563988,
2,19.352,2,3.121126,367.9846,-1.348781,0.4321457,7.06658,-10.1099,-34.0604,0.1563988,
2,19.362,2,3.12048,367.9794,-1.348924,0.432281,7.06658,-10.1099,-34.0604,0.1563988,
2,19.372,2,3.121796,367.9748,-1.349594,0.4323135,7.06658,-10.1099,-34.0604,0.1563988,
2,19.382,2,3.126307,367.9368,-1.347342,0.4309691,7.06658,-10.1099,-34.0604,0.1563988,
2,19.392,2,3.135247,367.9,-1.348552,0.4301264,7.06658,-10.1099,-34.0604,0.1563988,
2,19.402,2,3.144615,367.838,-1.358943,0.4321493,7.06658,-10.1099,-34.0604,0.1563988,
2,19.412,2,3.152695,367.82,-1.362103,0.4320439,7.06658,-10.1099,-34.0604,0.1563988,
2,19.422,2,3.158775,367.7797,-1.36426,0.4318953,7.06658,-10.1099,-34.0604,0.1563988,
2,19.432,2,3.162484,367.7617,-1.366344,0.4320477,7.06658,-10.1099,-34.0604,0.1563988,
2,19.442,2,3.162436,367.7484,-1.362115,0.430717,7.06658,-10.1099,-34.0604,0.1563988,
2,19.452,2,3.160067,367.7241,-1.368246,0.43298,7.06658,-10.1099,-34.0604,0.1563988,
2,19.462,2,3.159712,367.7231,-1.364067,0.4317061,7.06658,-10.1099,-34.0604,0.1563988,
2,19.472,2,3.159509,367.7156,-1.365271,0.4321149,7.06658,-10.1099,-34.0604,0.1563988,
2,19.482,2,3.159325,367.7162,-1.365548,0.4322278,7.06658,-10.1099,-34.0604,0.1563988,
2,19.492,2,3.16045,367.6987,-1.368464,0.4329964,7.06658,-10.1099,-34.0604,0.1563988,
2,19.502,2,3.156432,367.6906,-1.369059,0.4337363,7.06658,-10.1099,-34.0604,0.1563988,
2,19.512,2,3.158223,367.6611,-1.36929,0.4335635,7.0612,-10.1099,-34.0624,0.1584015,
2,19.522,2,3.159384,367.6716,-1.369789,0.4335618,7.0612,-10.1099,-34.0624,0.1584015,
2,19.532,2,3.158962,367.6699,-1.371332,0.4341083,7.0612,-10.1099,-34.0624,0.1584015,
2,19.542,2,3.158606,367.6585,-1.378054,0.4362855,7.0612,-10.1099,-34.0624,0.1584015,
2,19.552,2,3.158219,367.6526,-1.37758,0.436189,7.0612,-10.1099,-34.0624,0.1584015,
2,19.562,2,3.162945,367.6513,-1.369465,0.4329714,7.0612,-10.1099,-34.0624,0.1584015,
2,19.572,2,3.166556,367.6159,-1.373515,0.4337566,7.0612,-10.1099,-34.0624,0.1584015,
2,19.582,2,3.171199,367.5609,-1.377681,0.4344352,7.0612,-10.1099,-34.0624,0.1584015,
2,19.592,2,3.1816,367.5224,-1.377897,0.4330831,7.0612,-10.1099,-34.0624,0.1584015,
2,19.602,2,3.189094,367.4742,-1.37659,0.4316555,7.0612,-10.1099,-34.0624,0.1584015,
2,19.612,2,3.197049,367.4586,-1.373769,0.4296989,7.0612,-10.1099,-34.0624,0.1584015,
2,19.622,2,3.196618,367.4085,-1.378106,0.4311137,7.0612,-10.1099,-34.0624,0.1584015,
2,19.632,2,3.200399,367.4312,-1.378892,0.43085,7.0612,-10.1099,-34.0624,0.1584015,
2,19.642,2,3.198953,367.4117,-1.379657,0.4312838,7.0612,-10.1099,-34.0624,0.1584015,
2,19.652,2,3.200496,367.401,-1.384987,0.4327416,7.0612,-10.1099,-34.0624,0.1584015,
2,19.662,2,3.194978,367.3163,-1.387501,0.4342756,7.0612,-10.1099,-34.0624,0.1584015,
2,19.672,2,3.197056,367.3801,-1.385864,0.4334813,7.0612,-10.1099,-34.0624,0.1584015,
2,19.682,2,3.198716,367.3657,-1.383411,0.4324895,7.0566,-10.1099,-34.0644,0.1604004,
2,19.692,2,3.197105,367.3639,-1.386085,0.4335436,7.0566,-10.1099,-34.0644,0.1604004,
2,19.702,2,3.196046,367.3563,-1.388857,0.4345547,7.0566,-10.1099,-34.0644,0.1604004,
2,19.712,2,3.195065,367.3368,-1.389199,0.4347952,7.0566,-10.1099,-34.0644,0.1604004,
2,19.722,2,3.195309,367.3292,-1.387581,0.4342555,7.0566,-10.1099,-34.0644,0.1604004,
2,19.732,2,3.196553,367.3322,-1.388865,0.4344884,7.0566,-10.1099,-34.0644,0.1604004,
2,19.742,2,3.198992,367.316,-1.394805,0.4360139,7.0566,-10.1099,-34.0644,0.1604004,
2,19.752,2,3.204806,367.2709,-1.392679,0.4345596,7.0566,-10.1099,-34.0644,0.1604004,
2,19.762,2,3.213032,367.2462,-1.394338,0.4339633,7.0566,-10.1099,-34.0644,0.1604004,
2,19.772,2,3.221915,367.1872,-1.395374,0.4330883,7.0566,-10.1099,-34.0644,0.1604004,
2,19.782,2,3.231799,367.1779,-1.394791,0.4315834,7.0566,-10.1099,-34.0644,0.1604004,
2,19.792,2,3.231185,367.1438,-1.397653,0.4325511,7.0566,-10.1099,-34.0644,0.1604004,
2,19.802,2,3.236655,367.1173,-1.39716,0.431668,7.0566,-10.1099,-34.0644,0.1604004,
2,19.812,2,3.23476,367.1083,-1.395662,0.4314577,7.0566,-10.1099,-34.0644,0.1604004,
2,19.822,2,3.232182,367.0899,-1.400526,0.4333068,7.0566,-10.1099,-34.0644,0.1604004,
2,19.832,2,3.23377,367.0728,-1.404319,0.4342669,7.0566,-10.1099,-34.0644,0.1604004,
2,19.842,2,3.235354,367.0446,-1.401374,0.4331439,7.0566,-10.1099,-34.0644,0.1604004,
2,19.852,2,3.231596,367.0959,-1.409828,0.4362637,7.0566,-10.1099,-34.0644,0.1604004,
2,19.862,2,3.231516,367.0381,-1.408943,0.4360006,7.0566,-10.1099,-34.0644,0.1604004,
2,19.872,2,3.231814,367.0271,-1.408773,0.4359078,7.05237,-10.1099,-34.0662,0.1622009,
2,19.882,2,3.230244,367.0254,-1.409879,0.436462,7.05237,-10.1099,-34.0662,0.1622009,
2,19.892,2,3.230583,367.0219,-1.416388,0.438431,7.05237,-10.1099,-34.0662,0.1622009,
2,19.902,2,3.228447,367.0176,-1.418581,0.4394003,7.05237,-10.1099,-34.0662,0.1622009,
2,19.912,2,3.228997,366.9846,-1.418972,0.4394468,7.05237,-10.1099,-34.0662,0.1622009,
2,19.922,2,3.230713,366.9681,-1.412368,0.4371691,7.05237,-10.1099,-34.0662,0.1622009,
2,19.932,2,3.230096,366.9756,-1.415061,0.4380865,7.05237,-10.1099,-34.0662,0.1622009,
2,19.942,2,3.230647,366.9592,-1.41558,0.4381721,7.05237,-10.1099,-34.0662,0.1622009,
2,19.952,2,3.235528,366.9555,-1.412761,0.4366401,7.05237,-10.1099,-34.0662,0.1622009,
2,19.962,2,3.242509,366.9244,-1.413061,0.4357925,7.05237,-10.1099,-34.0662,0.1622009,
2,19.972,2,3.251095,366.8571,-1.412213,0.4343807,7.05237,-10.1099,-34.0662,0.1622009,
2,19.982,2,3.258531,366.8206,-1.418366,0.4352777,7.05237,-10.1099,-34.0662,0.1622009,
2,19.992,2,3.267185,366.8182,-1.422477,0.435383,7.05237,-10.1099,-34.0662,0.1622009,
2,20.002,2,3.266935,366.786,-1.416022,0.4334404,7.05237,-10.1099,-34.0662,0.1622009,
2,20.012,2,3.269541,366.7583,-1.416073,0.4331106,7.05237,-10.1099,-34.0662,0.1622009,
2,20.022,2,3.269315,366.7568,-1.42081,0.4345894,7.05237,-10.1099,-34.0662,0.1622009,
2,20.032,2,3.266822,366.7446,-1.426762,0.4367429,7.05237,-10.1099,-34.0662,0.1622009,
2,20.042,2,3.266634,366.7284,-1.426287,0.4366229,7.05237,-10.1099,-34.0662,0.1622009,
2,20.052,2,3.267459,366.7117,-1.425275,0.4362029,7.05237,-10.1099,-34.0662,0.1622009,
2,20.062,2,3.26383,366.6997,-1.42498,0.4365975,7.05237,-10.1099,-34.0662,0.1622009,
2,20.072,2,3.264863,366.7309,-1.426145,0.4368161,7.05237,-10.1099,-34.0662,0.1622009,
2,20.082,2,3.26493,366.6946,-1.430471,0.4381323,7.05237,-10.1099,-34.0662,0.1622009,
2,20.092,2,3.265185,366.6813,-1.432321,0.4386647,7.05237,-10.1099,-34.0662,0.1622009,
2,20.102,2,3.264082,366.6611,-1.428585,0.4376682,7.0474,-10.1099,-34.068,0.1640015,
2,20.112,2,3.263016,366.6461,-1.431043,0.4385643,7.0474,-10.1099,-34.068,0.1640015,
2,20.122,2,3.265137,366.6086,-1.43176,0.4384992,7.0474,-10.1099,-34.068,0.1640015,
2,20.132,2,3.264452,366.6421,-1.43087,0.4383188,7.0474,-10.1099,-34.068,0.1640015,
2,20.142,2,3.265188,366.6394,-1.430027,0.4379614,7.0474,-10.1099,-34.068,0.1640015,
2,20.152,2,3.264657,366.6261,-1.434778,0.4394883,7.0474,-10.1099,-34.068,0.1640015,
2,20.162,2,3.261442,366.6845,-1.442228,0.4422057,7.0474,-10.1099,-34.068,0.1640015,
2,20.172,2,3.265436,366.6167,-1.439282,0.4407627,7.0474,-10.1099,-34.068,0.1640015,
2,20.182,2,3.271182,366.5876,-1.436965,0.4392801,7.0474,-10.1099,-34.068,0.1640015,
2,20.192,2,3.279795,366.5294,-1.436707,0.4380478,7.0474,-10.1099,-34.068,0.1640015,
2,20.202,2,3.288604,366.5058,-1.436711,0.4368756,7.0474,-10.1099,-34.068,0.1640015,
2,20.212,2,3.296776,366.463,-1.439264,0.4365672,7.0474,-10.1099,-34.068,0.1640015,
2,20.222,2,3.300535,366.4387,-1.438194,0.4357456,7.0474,-10.1099,-34.068,0.1640015,
2,20.232,2,3.302052,366.4217,-1.439002,0.4357902,7.0474,-10.1099,-34.068,0.1640015,
2,20.242,2,3.30379,366.4169,-1.440755,0.4360915,7.0474,-10.1099,-34.068,0.1640015,
2,20.252,2,3.30131,366.3961,-1.446576,0.4381824,7.0474,-10.1099,-34.068,0.1640015,
2,20.262,2,3.302811,366.3881,-1.451011,0.439326,7.0474,-10.1099,-34.068,0.1640015,
2,20.272,2,3.302665,366.3733,-1.451111,0.4393757,7.0474,-10.1099,-34.068,0.1640015,
2,20.282,2,3.302349,366.3643,-1.453221,0.4400568,7.0474,-10.1099,-34.068,0.1640015,
2,20.292,2,3.301767,366.3813,-1.45359,0.4402462,7.0474,-10.1099,-34.068,0.1640015,
2,20.302,2,3.300987,366.3346,-1.455034,0.4407875,7.0474,-10.1099,-34.068,0.1640015,
2,20.312,2,3.303231,366.342,-1.456433,0.4409118,7.0474,-10.1099,-34.068,0.1640015,
2,20.322,2,3.298201,366.3289,-1.457771,0.4419898,7.04203,-10.1099,-34.0699,0.1659012,
2,20.332,2,3.300706,366.2732,-1.457658,0.4416201,7.04203,-10.1099,-34.0699,0.1659012,
2,20.342,2,3.301521,366.3241,-1.455053,0.4407219,7.04203,-10.1099,-34.0699,0.1659012,
2,20.352,2,3.299865,366.3046,-1.450182,0.4394671,7.04203,-10.1099,-34.0699,0.1659012,
2,20.362,2,3.303223,366.3058,-1.451376,0.4393817,7.04203,-10.1099,-34.0699,0.1659012,
2,20.372,2,3.306589,366.2492,-1.453557,0.439594,7.04203,-10.1099,-34.0699,0.1659012,
2,20.382,2,3.314069,366.2452,-1.460397,0.4406658,7.04203,-10.1099,-34.0699,0.1659012,
2,20.392,2,3.320961,366.1865,-1.461821,0.44018,7.04203,-10.1099,-34.0699,0.1659012,
2,20.402,2,3.334295,366.1411,-1.458911,0.437547,7.04203,-10.1099,-34.0699,0.1659012,
2,20.412,2,3.33895,366.0782,-1.463654,0.4383575,7.04203,-10.1099,-34.0699,0.1659012,
2,20.422,2,3.341201,366.105,-1.464568,0.4383357,7.04203,-10.1099,-34.0699,0.1659012,
2,20.432,2,3.338634,366.1075,-1.464738,0.4387239,7.04203,-10.1099,-34.0699,0.1659012,
2,20.442,2,3.339115,366.0779,-1.465612,0.4389222,7.04203,-10.1099,-34.0699,0.1659012,
2,20.452,2,3.341842,366.0477,-1.463103,0.4378134,7.04203,-10.1099,-34.0699,0.1659012,
2,20.462,2,3.339522,366.0636,-1.461466,0.4376272,7.04203,-10.1099,-34.0699,0.1659012,
2,20.472,2,3.339544,366.0542,-1.459861,0.4371439,7.04203,-10.1099,-34.0699,0.1659012,
2,20.482,2,3.337834,366.0281,-1.46117,0.4377601,7.04203,-10.1099,-34.0699,0.1659012,
2,20.492,2,3.338496,366.0146,-1.46139,0.437739,7.04203,-10.1099,-34.0699,0.1659012,
2,20.502,2,3.338616,365.9789,-1.46291,0.4381786,7.04203,-10.1099,-34.0699,0.1659012,
2,20.512,2,3.335439,365.9886,-1.464256,0.4389993,7.0378,-10.1099,-34.0718,0.1678009,
2,20.522,2,3.337111,365.9796,-1.46384,0.4386549,7.0378,-10.1099,-34.0718,0.1678009,
2,20.532,2,3.33716,365.9799,-1.467462,0.4397337,7.0378,-10.1099,-34.0718,0.1678009,
2,20.542,2,3.338111,365.953,-1.469002,0.44007,7.0378,-10.1099,-34.0718,0.1678009,
2,20.552,2,3.338194,365.9683,-1.469831,0.4403074,7.0378,-10.1099,-34.0718,0.1678009,
2,20.562,2,3.341481,365.9356,-1.467996,0.4393251,7.0378,-10.1099,-34.0718,0.1678009,
2,20.572,2,3.350772,365.9022,-1.471988,0.4392982,7.0378,-10.1099,-34.0718,0.1678009,
2,20.582,2,3.359832,365.9039,-1.474684,0.4389161,7.0378,-10.1099,-34.0718,0.1678009,
2,20.592,2,3.364324,365.8062,-1.480622,0.4400951,7.0378,-10.1099,-34.0718,0.1678009,
2,20.602,2,3.372461,365.7945,-1.480375,0.43896,7.0378,-10.1099,-34.0718,0.1678009,
2,20.612,2,3.37539,365.7798,-1.479807,0.4384106,7.0378,-10.1099,-34.0718,0.1678009,
2,20.622,2,3.376656,365.7856,-1.478493,0.4378573,7.0378,-10.1099,-34.0718,0.1678009,
2,20.632,2,3.376051,365.7468,-1.483119,0.4393058,7.0378,-10.1099,-34.0718,0.1678009,
2,20.642,2,3.373435,365.7269,-1.479473,0.4385659,7.0378,-10.1099,-34.0718,0.1678009,
2,20.652,2,3.375371,365.7243,-1.483757,0.4395833,7.0378,-10.1099,-34.0718,0.1678009,
2,20.662,2,3.37588,365.7178,-1.487576,0.4406483,7.0378,-10.1099,-34.0718,0.1678009,
2,20.672,2,3.37401,365.7172,-1.489035,0.4413251,7.0378,-10.1099,-34.0718,0.1678009,
2,20.682,2,3.374199,365.6901,-1.489378,0.4414019,7.0378,-10.1099,-34.0718,0.1678009,
2,20.692,2,3.37281,365.6761,-1.488504,0.4413246,7.0378,-10.1099,-34.0718,0.1678009,
2,20.702,2,3.373063,365.6605,-1.492496,0.4424748,7.0378,-10.1099,-34.0718,0.1678009,
2,20.712,2,3.371345,365.6625,-1.493593,0.4430259,7.03317,-10.1099,-34.0736,0.1696014,
2,20.722,2,3.370427,365.6513,-1.49082,0.442324,7.03317,-10.1099,-34.0736,0.1696014,
2,20.732,2,3.371724,365.6555,-1.492299,0.4425922,7.03317,-10.1099,-34.0736,0.1696014,
2,20.742,2,3.371112,365.638,-1.496905,0.444039,7.03317,-10.1099,-34.0736,0.1696014,
2,20.752,2,3.370811,365.6361,-1.498412,0.4445258,7.03317,-10.1099,-34.0736,0.1696014,
2,20.762,2,3.370239,365.6253,-1.497445,0.4443141,7.03317,-10.1099,-34.0736,0.1696014,
2,20.772,2,3.369397,365.6333,-1.496663,0.4441931,7.03317,-10.1099,-34.0736,0.1696014,
2,20.782,2,3.374354,365.6001,-1.49976,0.4444584,7.03317,-10.1099,-34.0736,0.1696014,
2,20.792,2,3.380276,365.5664,-1.499802,0.443692,7.03317,-10.1099,-34.0736,0.1696014,
2,20.802,2,3.390249,365.5338,-1.50127,0.44282,7.03317,-10.1099,-34.0736,0.1696014,
2,20.812,2,3.398831,365.4893,-1.494236,0.4396324,7.03317,-10.1099,-34.0736,0.1696014,
2,20.822,2,3.403522,365.4672,-1.496972,0.4398302,7.03317,-10.1099,-34.0736,0.1696014,
2,20.832,2,3.410292,365.4485,-1.501382,0.4402504,7.03317,-10.1099,-34.0736,0.1696014,
2,20.842,2,3.409706,365.4239,-1.498147,0.4393773,7.03317,-10.1099,-34.0736,0.1696014,
2,20.852,2,3.411115,365.4226,-1.492667,0.4375892,7.03317,-10.1099,-34.0736,0.1696014,
2,20.862,2,3.411014,365.4019,-1.495353,0.4383896,7.03317,-10.1099,-34.0736,0.1696014,
2,20.872,2,3.407905,365.3966,-1.499367,0.4399675,7.03317,-10.1099,-34.0736,0.1696014,
2,20.882,2,3.408645,365.3993,-1.50826,0.4424807,7.03317,-10.1099,-34.0736,0.1696014,
2,20.892,2,3.406924,365.3735,-1.508714,0.4428376,7.03317,-10.1099,-34.0736,0.1696014,
2,20.902,2,3.407632,365.3612,-1.509063,0.4428478,7.03317,-10.1099,-34.0736,0.1696014,
2,20.912,2,3.406849,365.3622,-1.512594,0.4439861,7.03317,-10.1099,-34.0736,0.1696014,
2,20.922,2,3.405753,365.3441,-1.511756,0.4438832,7.03317,-10.1099,-34.0736,0.1696014,
2,20.932,2,3.408671,365.3437,-1.512726,0.4437877,7.02745,-10.1099,-34.0754,0.171402,
2,20.942,2,3.407322,365.3306,-1.511791,0.4436888,7.02745,-10.1099,-34.0754,0.171402,
2,20.952,2,3.406316,365.3095,-1.514902,0.4447334,7.02745,-10.1099,-34.0754,0.171402,
2,20.962,2,3.4033,365.3064,-1.516927,0.4457224,7.02745,-10.1099,-34.0754,0.171402,
2,20.972,2,3.405166,365.2982,-1.515812,0.4451508,7.02745,-10.1099,-34.0754,0.171402,
2,20.982,2,3.405522,365.2924,-1.515714,0.4450753,7.02745,-10.1099,-34.0754,0.171402,
2,20.992,2,3.407089,365.2798,-1.51861,0.4457206,7.02745,-10.1099,-34.0754,0.171402,
2,21.002,2,3.40844,365.269,-1.517264,0.4451491,7.02745,-10.1099,-34.0754,0.171402,
2,21.012,2,3.413138,365.2583,-1.512354,0.4430978,7.02745,-10.1099,-34.0754,0.171402,
2,21.022,2,3.421186,365.2214,-1.512481,0.4420926,7.02745,-10.1099,-34.0754,0.171402,
2,21.032,2,3.430295,365.1855,-1.51777,0.4424604,7.02745,-10.1099,-34.0754,0.171402,
2,21.042,2,3.436078,365.1443,-1.524638,0.4437147,7.02745,-10.1099,-34.0754,0.171402,
2,21.052,2,3.441842,365.1358,-1.52529,0.4431609,7.02745,-10.1099,-34.0754,0.171402,
2,21.062,2,3.442372,365.1071,-1.524104,0.4427481,7.02745,-10.1099,-34.0754,0.171402,
2,21.072,2,3.443704,365.0823,-1.527368,0.4435249,7.02745,-10.1099,-34.0754,0.171402,
2,21.082,2,3.444515,365.0366,-1.530094,0.4442118,7.02745,-10.1099,-34.0754,0.171402,
2,21.092,2,3.443189,365.0562,-1.527785,0.4437122,7.02745,-10.1099,-34.0754,0.171402,
2,21.102,2,3.441383,365.0447,-1.530887,0.4448465,7.02745,-10.1099,-34.0754,0.171402,
2,21.112,2,3.441855,365.0301,-1.529554,0.4443982,7.02745,-10.1099,-34.0754,0.171402,
2,21.122,2,3.438896,365.0454,-1.534079,0.4460964,7.02745,-10.1099,-34.0754,0.171402,
2,21.132,2,3.443167,365.0123,-1.527379,0.4435971,7.02745,-10.1099,-34.0754,0.171402,
2,21.142,2,3.443994,365.01,-1.528898,0.4439318,7.02208,-10.1099,-34.0772,0.1732025,
2,21.152,2,3.443059,364.9916,-1.533778,0.4454694,7.02208,-10.1099,-34.0772,0.1732025,
2,21.162,2,3.441952,364.9449,-1.533801,0.4456195,7.02208,-10.1099,-34.0772,0.1732025,
2,21.172,2,3.441632,364.9868,-1.53619,0.4463552,7.02208,-10.1099,-34.0772,0.1732025,
2,21.182,2,3.441714,364.9755,-1.534905,0.445971,7.02208,-10.1099,-34.0772,0.1732025,
2,21.192,2,3.441,364.9682,-1.536171,0.4464315,7.02208,-10.1099,-34.0772,0.1732025,
2,21.202,2,3.435455,364.9609,-1.541655,0.4487485,7.02208,-10.1099,-34.0772,0.1732025,
2,21.212,2,3.442306,364.957,-1.537019,0.4465086,7.02208,-10.1099,-34.0772,0.1732025,
2,21.222,2,3.44688,364.9035,-1.535602,0.4455051,7.02208,-10.1099,-34.0772,0.1732025,
2,21.232,2,3.456148,364.8841,-1.531342,0.4430776,7.02208,-10.1099,-34.0772,0.1732025,
2,21.242,2,3.46781,364.7967,-1.535329,0.4427372,7.02208,-10.1099,-34.0772,0.1732025,
2,21.252,2,3.47184,364.7965,-1.542157,0.4441901,7.02208,-10.1099,-34.0772,0.1732025,
2,21.262,2,3.475672,364.7738,-1.54467,0.4444234,7.02208,-10.1099,-34.0772,0.1732025,
2,21.272,2,3.480242,364.7629,-1.546416,0.4443415,7.02208,-10.1099,-34.0772,0.1732025,
2,21.282,2,3.48141,364.7515,-1.545686,0.4439827,7.02208,-10.1099,-34.0772,0.1732025,
2,21.292,2,3.479801,364.7642,-1.546527,0.4444297,7.02208,-10.1099,-34.0772,0.1732025,
2,21.302,2,3.48022,364.7209,-1.543292,0.4434465,7.02208,-10.1099,-34.0772,0.1732025,
2,21.312,2,3.478107,364.7164,-1.547727,0.4449911,7.02208,-10.1099,-34.0772,0.1732025,
2,21.322,2,3.477396,364.7103,-1.550699,0.4459367,7.02208,-10.1099,-34.0772,0.1732025,
2,21.332,2,3.478701,364.7767,-1.548701,0.4451951,7.02208,-10.1099,-34.0772,0.1732025,
2,21.342,2,3.478398,364.6753,-1.544086,0.4439073,7.01708,-10.1099,-34.0791,0.1751022,
2,21.352,2,3.479415,364.6493,-1.547368,0.4447207,7.01708,-10.1099,-34.0791,0.1751022,
2,21.362,2,3.477006,364.6888,-1.551762,0.4462925,7.01708,-10.1099,-34.0791,0.1751022,
2,21.372,2,3.477321,364.6169,-1.556888,0.4477262,7.01708,-10.1099,-34.0791,0.1751022,
2,21.382,2,3.476804,364.6627,-1.558942,0.4483837,7.01708,-10.1099,-34.0791,0.1751022,
2,21.392,2,3.476896,364.6492,-1.556585,0.4476939,7.01708,-10.1099,-34.0791,0.1751022,
2,21.402,2,3.477771,364.648,-1.557132,0.4477387,7.01708,-10.1099,-34.0791,0.1751022,
2,21.412,2,3.477236,364.657,-1.559088,0.44837,7.01708,-10.1099,-34.0791,0.1751022,
2,21.422,2,3.474425,364.63,-1.55815,0.4484629,7.01708,-10.1099,-34.0791,0.1751022,
2,21.432,2,3.475093,364.6138,-1.555381,0.4475797,7.01708,-10.1099,-34.0791,0.1751022,
2,21.442,2,3.473295,364.6018,-1.552256,0.4469116,7.01708,-10.1099,-34.0791,0.1751022,
2,21.452,2,3.47339,364.5905,-1.559423,0.4489628,7.01708,-10.1099,-34.0791,0.1751022,
2,21.462,2,3.473384,364.5989,-1.558312,0.4486438,7.01708,-10.1099,-34.0791,0.1751022,
2,21.472,2,3.478996,364.5764,-1.553273,0.4464717,7.01708,-10.1099,-34.0791,0.1751022,
2,21.482,2,3.486583,364.5435,-1.553993,0.4457065,7.01708,-10.1099,-34.0791,0.1751022,
2,21.492,2,3.4945,364.5009,-1.557647,0.4457423,7.01708,-10.1099,-34.0791,0.1751022,
2,21.502,2,3.505071,364.4826,-1.560681,0.4452636,7.01708,-10.1099,-34.0791,0.1751022,
2,21.512,2,3.509604,364.4236,-1.564141,0.4456744,7.01708,-10.1099,-34.0791,0.1751022,
2,21.522,2,3.509207,364.4254,-1.563514,0.4455464,7.01708,-10.1099,-34.0791,0.1751022,
2,21.532,2,3.512703,364.4049,-1.568629,0.446559,7.01708,-10.1099,-34.0791,0.1751022,
2,21.542,2,3.510082,364.3949,-1.574063,0.4484404,7.01708,-10.1099,-34.0791,0.1751022,
2,21.552,2,3.512322,364.3912,-1.570975,0.4472754,7.01708,-10.1099,-34.0791,0.1751022,
2,21.562,2,3.513844,364.3798,-1.569835,0.4467573,7.01708,-10.1099,-34.0791,0.1751022,
2,21.572,2,3.512362,364.3711,-1.576353,0.4488014,7.01708,-10.1099,-34.0791,0.1751022,
2,21.582,2,3.511177,364.3554,-1.575986,0.4488483,7.01708,-10.1099,-34.0791,0.1751022,
2,21.592,2,3.512606,364.3678,-1.571441,0.4473719,7.01708,-10.1099,-34.0791,0.1751022,
2,21.602,2,3.511278,364.3471,-1.570106,0.4471609,7.01708,-10.1099,-34.0791,0.1751022,
2,21.612,2,3.509348,364.3336,-1.580162,0.4502722,7.01708,-10.1099,-34.0791,0.1751022,
2,21.622,2,3.510841,364.3026,-1.582465,0.4507366,7.01095,-10.1099,-34.0809,0.176899,
2,21.632,2,3.510818,364.3121,-1.581429,0.4504447,7.01095,-10.1099,-34.0809,0.176899,
2,21.642,2,3.510236,364.3022,-1.576376,0.4490798,7.01095,-10.1099,-34.0809,0.176899,
2,21.652,2,3.510091,364.2946,-1.579713,0.4500489,7.01095,-10.1099,-34.0809,0.176899,
2,21.662,2,3.509535,364.2705,-1.57983,0.4501536,7.01095,-10.1099,-34.0809,0.176899,
2,21.672,2,3.508508,364.2955,-1.57993,0.450314,7.01095,-10.1099,-34.0809,0.176899,
2,21.682,2,3.509736,364.2794,-1.573108,0.4482127,7.01095,-10.1099,-34.0809,0.176899,
2,21.692,2,3.510119,364.269,-1.573634,0.4483137,7.01095,-10.1099,-34.0809,0.176899,
2,21.702,2,3.519137,364.2491,-1.576301,0.4479226,7.01095,-10.1099,-34.0809,0.176899,
2,21.712,2,3.524683,364.1903,-1.579249,0.4480542,7.01095,-10.1099,-34.0809,0.176899,
2,21.722,2,3.535251,364.1497,-1.580761,0.4471425,7.01095,-10.1099,-34.0809,0.176899,
2,21.732,2,3.543211,364.1248,-1.584009,0.4470548,7.01095,-10.1099,-34.0809,0.176899,
2,21.742,2,3.546114,364.0656,-1.591018,0.4486653,7.01095,-10.1099,-34.0809,0.176899,
2,21.752,2,3.550495,364.1013,-1.588234,0.4473276,7.01095,-10.1099,-34.0809,0.176899,
2,21.762,2,3.55017,364.0677,-1.586654,0.4469233,7.01095,-10.1099,-34.0809,0.176899,
2,21.772,2,3.552017,364.0509,-1.587665,0.4469757,7.01095,-10.1099,-34.0809,0.176899,
2,21.782,2,3.549855,364.0574,-1.590302,0.4479909,7.01095,-10.1099,-34.0809,0.176899,
2,21.792,2,3.548662,364.0733,-1.592886,0.4488694,7.01095,-10.1099,-34.0809,0.176899,
2,21.802,2,3.548779,364.0244,-1.599557,0.4507344,7.01095,-10.1099,-34.0809,0.176899,
2,21.812,2,3.547405,364.0256,-1.599735,0.4509592,7.01095,-10.1099,-34.0809,0.176899,
2,21.822,2,3.545618,363.9897,-1.599856,0.4512207,7.01095,-10.1099,-34.0809,0.176899,
2,21.832,2,3.549148,363.9445,-1.594429,0.4492428,7.01095,-10.1099,-34.0809,0.176899,
2,21.842,2,3.547805,363.9907,-1.599747,0.4509117,7.00558,-10.1099,-34.0828,0.1788025,
2,21.852,2,3.546833,363.9874,-1.591843,0.4488068,7.00558,-10.1099,-34.0828,0.1788025,
2,21.862,2,3.544725,363.979,-1.593973,0.4496747,7.00558,-10.1099,-34.0828,0.1788025,
2,21.872,2,3.546856,363.9693,-1.591531,0.4487159,7.00558,-10.1099,-34.0828,0.1788025,
2,21.882,2,3.547674,363.9667,-1.592472,0.4488779,7.00558,-10.1099,-34.0828,0.1788025,
2,21.892,2,3.551747,363.9422,-1.592957,0.4484995,7.00558,-10.1099,-34.0828,0.1788025,
2,21.902,2,3.56221,363.9047,-1.597006,0.4483189,7.00558,-10.1099,-34.0828,0.1788025,
2,21.912,2,3.567607,363.8424,-1.600763,0.4486937,7.00558,-10.1099,-34.0828,0.1788025,
2,21.922,2,3.575396,363.83,-1.606692,0.4493746,7.00558,-10.1099,-34.0828,0.1788025,
2,21.932,2,3.584842,363.7854,-1.607137,0.4483145,7.00558,-10.1099,-34.0828,0.1788025,
2,21.942,2,3.584833,363.7709,-1.609696,0.4490295,7.00558,-10.1099,-34.0828,0.1788025,
2,21.952,2,3.585876,363.7625,-1.611661,0.449447,7.00558,-10.1099,-34.0828,0.1788025,
2,21.962,2,3.587078,363.757,-1.60777,0.4482117,7.00558,-10.1099,-34.0828,0.1788025,
2,21.972,2,3.586204,363.7423,-1.609842,0.4488987,7.00558,-10.1099,-34.0828,0.1788025,
2,21.982,2,3.587537,363.7337,-1.612068,0.4493524,7.00558,-10.1099,-34.0828,0.1788025,
2,21.992,2,3.586123,363.7402,-1.617071,0.4509245,7.00558,-10.1099,-34.0828,0.1788025,
2,22.002,2,3.586267,363.7282,-1.613387,0.4498791,7.00558,-10.1099,-34.0828,0.1788025,
2,22.012,2,3.584707,363.7002,-1.612567,0.4498462,7.00558,-10.1099,-34.0828,0.1788025,
2,22.022,2,3.583663,363.6853,-1.611688,0.4497319,7.00558,-10.1099,-34.0828,0.1788025,
2,22.032,2,3.583534,363.6801,-1.61182,0.449785,7.00558,-10.1099,-34.0828,0.1788025,
2,22.042,2,3.584982,363.6943,-1.611551,0.4495282,7.00558,-10.1099,-34.0828,0.1788025,
2,22.052,2,3.582346,363.6646,-1.617273,0.4514563,7.00098,-10.1099,-34.0847,0.1807022,
2,22.062,2,3.583545,363.6549,-1.61923,0.4518513,7.00098,-10.1099,-34.0847,0.1807022,
2,22.072,2,3.583732,363.6511,-1.613988,0.450365,7.00098,-10.1099,-34.0847,0.1807022,
2,22.082,2,3.584306,363.6663,-1.613019,0.4500226,7.00098,-10.1099,-34.0847,0.1807022,
2,22.092,2,3.584572,363.6318,-1.612983,0.4499792,7.00098,-10.1099,-34.0847,0.1807022,
2,22.102,2,3.582624,363.6236,-1.612711,0.4501481,7.00098,-10.1099,-34.0847,0.1807022,
2,22.112,2,3.582871,363.6088,-1.613654,0.45038,7.00098,-10.1099,-34.0847,0.1807022,
2,22.122,2,3.585355,363.6334,-1.618376,0.451385,7.00098,-10.1099,-34.0847,0.1807022,
2,22.132,2,3.588498,363.578,-1.612755,0.4494234,7.00098,-10.1099,-34.0847,0.1807022,
2,22.142,2,3.597287,363.5464,-1.613089,0.4484184,7.00098,-10.1099,-34.0847,0.1807022,
2,22.152,2,3.605816,363.4695,-1.614731,0.447813,7.00098,-10.1099,-34.0847,0.1807022,
2,22.162,2,3.614483,363.4814,-1.619046,0.447933,7.00098,-10.1099,-34.0847,0.1807022,
2,22.172,2,3.619175,363.4554,-1.624534,0.4488687,7.00098,-10.1099,-34.0847,0.1807022,
2,22.182,2,3.623752,363.4258,-1.624274,0.44823,7.00098,-10.1099,-34.0847,0.1807022,
2,22.192,2,3.621916,363.4031,-1.626807,0.4491566,7.00098,-10.1099,-34.0847,0.1807022,
2,22.202,2,3.621246,363.3906,-1.629123,0.449879,7.00098,-10.1099,-34.0847,0.1807022,
2,22.212,2,3.622661,363.3895,-1.631268,0.4502954,7.00098,-10.1099,-34.0847,0.1807022,
2,22.222,2,3.620812,363.368,-1.630051,0.4501893,7.00098,-10.1099,-34.0847,0.1807022,
2,22.232,2,3.623159,363.3619,-1.630976,0.450153,7.00098,-10.1099,-34.0847,0.1807022,
2,22.242,2,3.620217,363.3411,-1.630371,0.4503518,7.00098,-10.1099,-34.0847,0.1807022,
2,22.252,2,3.623266,363.3174,-1.631472,0.4502767,6.99522,-10.1099,-34.0866,0.1826019,
2,22.262,2,3.620913,363.3423,-1.629616,0.4500567,6.99522,-10.1099,-34.0866,0.1826019,
2,22.272,2,3.621367,363.3538,-1.628171,0.4496012,6.99522,-10.1099,-34.0866,0.1826019,
2,22.282,2,3.622167,363.3361,-1.628706,0.4496498,6.99522,-10.1099,-34.0866,0.1826019,
2,22.292,2,3.62146,363.2927,-1.631781,0.4505866,6.99522,-10.1099,-34.0866,0.1826019,
2,22.302,2,3.619751,363.3103,-1.629488,0.4501657,6.99522,-10.1099,-34.0866,0.1826019,
2,22.312,2,3.624427,363.3012,-1.626815,0.4488475,6.99522,-10.1099,-34.0866,0.1826019,
2,22.322,2,3.621809,363.2866,-1.627323,0.4493122,6.99522,-10.1099,-34.0866,0.1826019,
2,22.332,2,3.624648,363.2645,-1.630688,0.4498887,6.99522,-10.1099,-34.0866,0.1826019,
2,22.342,2,3.628325,363.2492,-1.631771,0.4497312,6.99522,-10.1099,-34.0866,0.1826019,
2,22.352,2,3.63878,363.205,-1.630263,0.4480247,6.99522,-10.1099,-34.0866,0.1826019,
2,22.362,2,3.647281,363.1589,-1.635216,0.4483384,6.99522,-10.1099,-34.0866,0.1826019,
2,22.372,2,3.654852,363.1313,-1.643297,0.4496206,6.99522,-10.1099,-34.0866,0.1826019,
2,22.382,2,3.660693,363.1072,-1.645523,0.4495113,6.99522,-10.1099,-34.0866,0.1826019,
2,22.392,2,3.661536,363.0909,-1.643301,0.4488011,6.99522,-10.1099,-34.0866,0.1826019,
2,22.402,2,3.659674,363.0721,-1.646186,0.4498176,6.99522,-10.1099,-34.0866,0.1826019,
2,22.412,2,3.660098,363.063,-1.652411,0.4514662,6.99522,-10.1099,-34.0866,0.1826019,
2,22.422,2,3.661413,363.0729,-1.650265,0.450718,6.99522,-10.1099,-34.0866,0.1826019,
2,22.432,2,3.661551,363.0514,-1.651147,0.450942,6.99522,-10.1099,-34.0866,0.1826019,
2,22.442,2,3.660373,363.0353,-1.651152,0.4510886,6.99522,-10.1099,-34.0866,0.1826019,
2,22.452,2,3.66002,363.0638,-1.652598,0.4515271,6.99522,-10.1099,-34.0866,0.1826019,
2,22.462,2,3.657907,363.0567,-1.655086,0.452468,6.99522,-10.1099,-34.0866,0.1826019,
2,22.472,2,3.657833,363.0253,-1.651583,0.4515194,6.99522,-10.1099,-34.0866,0.1826019,
2,22.482,2,3.660282,363.0257,-1.649921,0.4507634,6.99522,-10.1099,-34.0866,0.1826019,
2,22.492,2,3.656183,363.005,-1.652197,0.4518913,6.99522,-10.1099,-34.0866,0.1826019,
2,22.502,2,3.656606,363.0042,-1.652806,0.4520054,6.99022,-10.1099,-34.0885,0.1845016,
2,22.512,2,3.658392,362.9944,-1.650083,0.4510404,6.99022,-10.1099,-34.0885,0.1845016,
2,22.522,2,3.656512,362.9796,-1.648341,0.4507961,6.99022,-10.1099,-34.0885,0.1845016,
2,22.532,2,3.656901,362.9786,-1.651003,0.4514759,6.99022,-10.1099,-34.0885,0.1845016,
2,22.542,2,3.655043,362.9742,-1.652279,0.4520547,6.99022,-10.1099,-34.0885,0.1845016,
2,22.552,2,3.656515,362.968,-1.656765,0.4530993,6.99022,-10.1099,-34.0885,0.1845016,
2,22.562,2,3.65659,362.9442,-1.654177,0.4523826,6.99022,-10.1099,-34.0885,0.1845016,
2,22.572,2,3.660187,362.9262,-1.654798,0.4521074,6.99022,-10.1099,-34.0885,0.1845016,
2,22.582,2,3.665598,362.892,-1.655154,0.4515371,6.99022,-10.1099,-34.0885,0.1845016,
2,22.592,2,3.674405,362.8645,-1.657894,0.4512007,6.99022,-10.1099,-34.0885,0.1845016,
2,22.602,2,3.682477,362.8159,-1.659373,0.4506132,6.99022,-10.1099,-34.0885,0.1845016,
2,22.612,2,3.692676,362.7869,-1.663571,0.4505056,6.99022,-10.1099,-34.0885,0.1845016,
2,22.622,2,3.694017,362.7746,-1.66877,0.4517495,6.99022,-10.1099,-34.0885,0.1845016,
2,22.632,2,3.697883,362.7521,-1.673897,0.4526635,6.99022,-10.1099,-34.0885,0.1845016,
2,22.642,2,3.696095,362.7414,-1.670605,0.451992,6.99022,-10.1099,-34.0885,0.1845016,
2,22.652,2,3.69555,362.7313,-1.670673,0.452077,6.99022,-10.1099,-34.0885,0.1845016,
2,22.662,2,3.696948,362.7045,-1.677653,0.453794,6.99022,-10.1099,-34.0885,0.1845016,
2,22.672,2,3.696137,362.7121,-1.673587,0.4527936,6.99022,-10.1099,-34.0885,0.1845016,
2,22.682,2,3.696379,362.6925,-1.672954,0.4525926,6.99022,-10.1099,-34.0885,0.1845016,
2,22.692,2,3.694213,362.684,-1.671475,0.4524578,6.99022,-10.1099,-34.0885,0.1845016,
2,22.702,2,3.693877,362.6738,-1.67391,0.4531579,6.99022,-10.1099,-34.0885,0.1845016,
2,22.712,2,3.694877,362.676,-1.673056,0.4528043,6.98448,-10.1099,-34.0904,0.1864014,
2,22.722,2,3.695086,362.6572,-1.670255,0.4520206,6.98448,-10.1099,-34.0904,0.1864014,
2,22.732,2,3.695897,362.655,-1.668522,0.4514524,6.98448,-10.1099,-34.0904,0.1864014,
2,22.742,2,3.693777,362.6286,-1.669734,0.4520398,6.98448,-10.1099,-34.0904,0.1864014,
2,22.752,2,3.695865,362.6634,-1.66992,0.4518348,6.98448,-10.1099,-34.0904,0.1864014,
2,22.762,2,3.694017,362.6263,-1.67064,0.4522556,6.98448,-10.1099,-34.0904,0.1864014,
2,22.772,2,3.692696,362.6196,-1.671646,0.4526898,6.98448,-10.1099,-34.0904,0.1864014,
2,22.782,2,3.69295,362.599,-1.676059,0.4538536,6.98448,-10.1099,-34.0904,0.1864014,
2,22.792,2,3.693078,362.5752,-1.676581,0.4539794,6.98448,-10.1099,-34.0904,0.1864014,
2,22.802,2,3.692418,362.591,-1.676492,0.4540363,6.98448,-10.1099,-34.0904,0.1864014,
2,22.812,2,3.695483,362.578,-1.676752,0.4537303,6.98448,-10.1099,-34.0904,0.1864014,
2,22.822,2,3.692955,362.5945,-1.677904,0.4543526,6.98448,-10.1099,-34.0904,0.1864014,
2,22.832,2,3.697727,362.5981,-1.680619,0.4545004,6.98448,-10.1099,-34.0904,0.1864014,
2,22.842,2,3.704947,362.5274,-1.68193,0.4539687,6.98448,-10.1099,-34.0904,0.1864014,
2,22.852,2,3.712443,362.4814,-1.680382,0.4526352,6.98448,-10.1099,-34.0904,0.1864014,
2,22.862,2,3.722284,362.4431,-1.686083,0.4529701,6.98448,-10.1099,-34.0904,0.1864014,
2,22.872,2,3.730618,362.4415,-1.692234,0.4536069,6.98448,-10.1099,-34.0904,0.1864014,
2,22.882,2,3.732319,362.4132,-1.692739,0.4535354,6.98448,-10.1099,-34.0904,0.1864014,
2,22.892,2,3.734918,362.3921,-1.690777,0.4526947,6.98448,-10.1099,-34.0904,0.1864014,
2,22.902,2,3.735536,362.3784,-1.691504,0.4528141,6.98448,-10.1099,-34.0904,0.1864014,
2,22.912,2,3.734053,362.3735,-1.694377,0.4537635,6.98448,-10.1099,-34.0904,0.1864014,
2,22.922,2,3.736036,362.3651,-1.691476,0.4527462,6.98448,-10.1099,-34.0904,0.1864014,
2,22.932,2,3.733477,362.3535,-1.690594,0.4528202,6.98448,-10.1099,-34.0904,0.1864014,
2,22.942,2,3.732757,362.3417,-1.689905,0.4527231,6.98448,-10.1099,-34.0904,0.1864014,
2,22.952,2,3.73246,362.3315,-1.691195,0.4531047,6.98448,-10.1099,-34.0904,0.1864014,
2,22.962,2,3.729594,362.3123,-1.693234,0.4539995,6.98448,-10.1099,-34.0904,0.1864014,
2,22.972,2,3.729819,362.3167,-1.694035,0.4541869,6.98448,-10.1099,-34.0904,0.1864014,
2,22.982,2,3.732133,362.3108,-1.693839,0.4538529,6.98448,-10.1099,-34.0904,0.1864014,
2,22.992,2,3.730653,362.2998,-1.695276,0.454418,6.98448,-10.1099,-34.0904,0.1864014,
2,23.002,2,3.729664,362.2601,-1.698252,0.4553365,6.98448,-10.1099,-34.0904,0.1864014,
2,23.012,2,3.728976,362.2798,-1.696993,0.4550829,6.98448,-10.1099,-34.0904,0.1864014,
2,23.022,2,3.730549,362.2764,-1.698616,0.455326,6.98448,-10.1099,-34.0904,0.1864014,
2,23.032,2,3.733195,362.2665,-1.700643,0.4555463,6.97835,-10.1099,-34.0924,0.1884003,
2,23.042,2,3.729578,362.2949,-1.703405,0.4567288,6.97835,-10.1099,-34.0924,0.1884003,
2,23.052,2,3.728934,362.2547,-1.702851,0.4566589,6.97835,-10.1099,-34.0924,0.1884003,
2,23.062,2,3.727738,362.2459,-1.702423,0.4566905,6.97835,-10.1099,-34.0924,0.1884003,
2,23.072,2,3.727983,362.249,-1.703697,0.4570023,6.97835,-10.1099,-34.0924,0.1884003,
2,23.082,2,3.729887,362.1683,-1.704169,0.4568956,6.97835,-10.1099,-34.0924,0.1884003,
2,23.092,2,3.729378,362.2279,-1.704902,0.4571546,6.97835,-10.1099,-34.0924,0.1884003,
2,23.102,2,3.727307,362.2261,-1.703275,0.456972,6.97835,-10.1099,-34.0924,0.1884003,
2,23.112,2,3.729653,362.2212,-1.702886,0.4565803,6.97835,-10.1099,-34.0924,0.1884003,
2,23.122,2,3.731761,362.205,-1.702701,0.4562729,6.97835,-10.1099,-34.0924,0.1884003,
2,23.132,2,3.74095,362.1653,-1.704472,0.4556254,6.97835,-10.1099,-34.0924,0.1884003,
2,23.142,2,3.750113,362.1174,-1.702121,0.4538853,6.97835,-10.1099,-34.0924,0.1884003,
2,23.152,2,3.760032,362.0659,-1.704734,0.4533829,6.97835,-10.1099,-34.0924,0.1884003,
2,23.162,2,3.7686,362.0295,-1.707689,0.4531362,6.97835,-10.1099,-34.0924,0.1884003,
2,23.172,2,3.772044,362.0097,-1.711309,0.4536821,6.97835,-10.1099,-34.0924,0.1884003,
2,23.182,2,3.770268,362.0023,-1.711947,0.4540651,6.97835,-10.1099,-34.0924,0.1884003,
2,23.192,2,3.772847,361.9889,-1.714859,0.4545266,6.97835,-10.1099,-34.0924,0.1884003,
2,23.202,2,3.771259,362.0066,-1.717286,0.4553616,6.97835,-10.1099,-34.0924,0.1884003,
2,23.212,2,3.774471,361.9779,-1.719542,0.4555717,6.97835,-10.1099,-34.0924,0.1884003,
2,23.222,2,3.772516,361.962,-1.720581,0.4560831,6.97835,-10.1099,-34.0924,0.1884003,
2,23.232,2,3.772996,361.9576,-1.719069,0.4556244,6.97835,-10.1099,-34.0924,0.1884003,
2,23.242,2,3.773077,361.9681,-1.72197,0.4563834,6.97835,-10.1099,-34.0924,0.1884003,
2,23.252,2,3.77098,361.9723,-1.723505,0.4570443,6.97835,-10.1099,-34.0924,0.1884003,
2,23.262,2,3.77327,361.9268,-1.720927,0.4560836,6.97835,-10.1099,-34.0924,0.1884003,
2,23.272,2,3.772504,361.9193,-1.722743,0.4566576,6.97835,-10.1099,-34.0924,0.1884003,
2,23.282,2,3.771712,361.9144,-1.724563,0.4572362,6.97145,-10.1099,-34.0945,0.1905022,
2,23.292,2,3.771568,361.9344,-1.727472,0.4580249,6.97145,-10.1099,-34.0945,0.1905022,
2,23.302,2,3.769927,361.9002,-1.725311,0.4576511,6.97145,-10.1099,-34.0945,0.1905022,
2,23.312,2,3.76914,361.891,-1.722571,0.4570196,6.97145,-10.1099,-34.0945,0.1905022,
2,23.322,2,3.774211,361.8751,-1.721174,0.4560356,6.97145,-10.1099,-34.0945,0.1905022,
2,23.332,2,3.776918,361.8705,-1.722688,0.4561096,6.97145,-10.1099,-34.0945,0.1905022,
2,23.342,2,3.784383,361.8285,-1.720661,0.4546742,6.97145,-10.1099,-34.0945,0.1905022,
2,23.352,2,3.79503,361.7655,-1.719757,0.4531603,6.97145,-10.1099,-34.0945,0.1905022,
2,23.362,2,3.805464,361.7274,-1.724051,0.4530461,6.97145,-10.1099,-34.0945,0.1905022,
2,23.372,2,3.810405,361.7052,-1.730541,0.4541619,6.97145,-10.1099,-34.0945,0.1905022,
2,23.382,2,3.814601,361.6772,-1.731791,0.4539902,6.97145,-10.1099,-34.0945,0.1905022,
2,23.392,2,3.816435,361.6659,-1.732302,0.4539057,6.97145,-10.1099,-34.0945,0.1905022,
2,23.402,2,3.814786,361.6535,-1.73465,0.4547175,6.97145,-10.1099,-34.0945,0.1905022,
2,23.412,2,3.813204,361.6829,-1.738022,0.4557906,6.97145,-10.1099,-34.0945,0.1905022,
2,23.422,2,3.814033,361.6427,-1.739487,0.4560755,6.97145,-10.1099,-34.0945,0.1905022,
2,23.432,2,3.813384,361.6272,-1.740127,0.4563209,6.97145,-10.1099,-34.0945,0.1905022,
2,23.442,2,3.812615,361.6143,-1.741172,0.456687,6.97145,-10.1099,-34.0945,0.1905022,
2,23.452,2,3.813003,361.5938,-1.745067,0.457662,6.97145,-10.1099,-34.0945,0.1905022,
2,23.462,2,3.812823,361.5846,-1.746334,0.458016,6.97145,-10.1099,-34.0945,0.1905022,
2,23.472,2,3.812615,361.5897,-1.743977,0.4574229,6.96645,-10.1099,-34.0966,0.1926003,
2,23.482,2,3.813224,361.5843,-1.744607,0.4575149,6.96645,-10.1099,-34.0966,0.1926003,
2,23.492,2,3.813303,361.5905,-1.747078,0.4581535,6.96645,-10.1099,-34.0966,0.1926003,
2,23.502,2,3.811708,361.6224,-1.749759,0.4590485,6.96645,-10.1099,-34.0966,0.1926003,
2,23.512,2,3.81378,361.5618,-1.746552,0.4579583,6.96645,-10.1099,-34.0966,0.1926003,
2,23.522,2,3.818121,361.5437,-1.744521,0.4569055,6.96645,-10.1099,-34.0966,0.1926003,
2,23.532,2,3.823812,361.5145,-1.746926,0.4568545,6.96645,-10.1099,-34.0966,0.1926003,
2,23.542,2,3.83382,361.4709,-1.74956,0.456349,6.96645,-10.1099,-34.0966,0.1926003,
2,23.552,2,3.845245,361.422,-1.748344,0.454677,6.96645,-10.1099,-34.0966,0.1926003,
2,23.562,2,3.852783,361.3971,-1.750336,0.4543044,6.96645,-10.1099,-34.0966,0.1926003,
2,23.572,2,3.855486,361.3709,-1.751287,0.4542326,6.96645,-10.1099,-34.0966,0.1926003,
2,23.582,2,3.854945,361.388,-1.754182,0.4550472,6.96645,-10.1099,-34.0966,0.1926003,
2,23.592,2,3.856527,361.3509,-1.757058,0.4556064,6.96645,-10.1099,-34.0966,0.1926003,
2,23.602,2,3.856526,361.3429,-1.756977,0.4555854,6.96645,-10.1099,-34.0966,0.1926003,
2,23.612,2,3.855191,361.3348,-1.758928,0.4562491,6.96645,-10.1099,-34.0966,0.1926003,
2,23.622,2,3.851879,361.3333,-1.761107,0.4572072,6.96645,-10.1099,-34.0966,0.1926003,
2,23.632,2,3.853534,361.3123,-1.763782,0.4577049,6.96645,-10.1099,-34.0966,0.1926003,
2,23.642,2,3.853871,361.2939,-1.761891,0.4571743,6.96645,-10.1099,-34.0966,0.1926003,
2,23.652,2,3.853103,361.3181,-1.761979,0.4572883,6.96645,-10.1099,-34.0966,0.1926003,
2,23.662,2,3.850464,361.2639,-1.766867,0.458871,6.96645,-10.1099,-34.0966,0.1926003,
2,23.672,2,3.852628,361.2763,-1.766853,0.4586098,6.96645,-10.1099,-34.0966,0.1926003,
2,23.682,2,3.851717,361.2842,-1.767178,0.4588027,6.96185,-10.1099,-34.0986,0.1945992,
2,23.692,2,3.854194,361.2781,-1.76653,0.4583396,6.96185,-10.1099,-34.0986,0.1945992,
2,23.702,2,3.852037,361.2657,-1.76869,0.459157,6.96185,-10.1099,-34.0986,0.1945992,
2,23.712,2,3.850781,361.2465,-1.770765,0.4598456,6.96185,-10.1099,-34.0986,0.1945992,
2,23.722,2,3.85336,361.2476,-1.769122,0.4591115,6.96185,-10.1099,-34.0986,0.1945992,
2,23.732,2,3.849764,361.233,-1.765526,0.4586063,6.96185,-10.1099,-34.0986,0.1945992,
2,23.742,2,3.852465,361.2299,-1.76651,0.4585403,6.96185,-10.1099,-34.0986,0.1945992,
2,23.752,2,3.852335,361.2022,-1.766867,0.4586482,6.96185,-10.1099,-34.0986,0.1945992,
2,23.762,2,3.850646,361.2202,-1.765853,0.4585863,6.96185,-10.1099,-34.0986,0.1945992,
2,23.772,2,3.852628,361.1975,-1.763514,0.4577432,6.96185,-10.1099,-34.0986,0.1945992,
2,23.782,2,3.856193,361.1752,-1.764992,0.4577034,6.96185,-10.1099,-34.0986,0.1945992,
2,23.792,2,3.869519,361.1186,-1.769733,0.4573522,6.96185,-10.1099,-34.0986,0.1945992,
2,23.802,2,3.875062,361.1016,-1.77119,0.4570738,6.96185,-10.1099,-34.0986,0.1945992,
2,23.812,2,3.886348,361.0475,-1.772973,0.4562053,6.96185,-10.1099,-34.0986,0.1945992,
2,23.822,2,3.890193,361.0241,-1.775966,0.456524,6.96185,-10.1099,-34.0986,0.1945992,
2,23.832,2,3.894024,360.9363,-1.781855,0.457587,6.96185,-10.1099,-34.0986,0.1945992,
2,23.842,2,3.893185,360.9889,-1.78327,0.4580491,6.96185,-10.1099,-34.0986,0.1945992,
2,23.852,2,3.892382,360.9836,-1.783651,0.4582415,6.96185,-10.1099,-34.0986,0.1945992,
2,23.862,2,3.891717,360.9756,-1.784507,0.4585397,6.96185,-10.1099,-34.0986,0.1945992,
2,23.872,2,3.891712,360.9853,-1.787817,0.4593909,6.96185,-10.1099,-34.0986,0.1945992,
2,23.882,2,3.891437,360.9669,-1.790228,0.4600427,6.96185,-10.1099,-34.0986,0.1945992,
2,23.892,2,3.892542,360.9543,-1.788105,0.459367,6.95573,-10.1099,-34.1005,0.1964989,
2,23.902,2,3.889808,360.9459,-1.788251,0.4597273,6.95573,-10.1099,-34.1005,0.1964989,
2,23.912,2,3.889331,360.9572,-1.790826,0.4604457,6.95573,-10.1099,-34.1005,0.1964989,
2,23.922,2,3.890153,360.9326,-1.791168,0.4604364,6.95573,-10.1099,-34.1005,0.1964989,
2,23.932,2,3.891718,360.9142,-1.787955,0.4594256,6.95573,-10.1099,-34.1005,0.1964989,
2,23.942,2,3.890577,360.9032,-1.787539,0.4594535,6.95573,-10.1099,-34.1005,0.1964989,
2,23.952,2,3.888289,360.9165,-1.790381,0.4604547,6.95573,-10.1099,-34.1005,0.1964989,
2,23.962,2,3.891309,360.9153,-1.790499,0.4601277,6.95573,-10.1099,-34.1005,0.1964989,
2,23.972,2,3.889985,360.8924,-1.787647,0.4595513,6.95573,-10.1099,-34.1005,0.1964989,
2,23.982,2,3.888948,360.8669,-1.785412,0.4590989,6.95573,-10.1099,-34.1005,0.1964989,
2,23.992,2,3.889322,360.873,-1.786907,0.4594392,6.95573,-10.1099,-34.1005,0.1964989,
2,24.002,2,3.893626,360.8595,-1.788924,0.4594492,6.95573,-10.1099,-34.1005,0.1964989,
2,24.012,2,3.903104,360.8085,-1.789776,0.458552,6.95573,-10.1099,-34.1005,0.1964989,
2,24.022,2,3.910502,360.7629,-1.790937,0.4579813,6.95573,-10.1099,-34.1005,0.1964989,
2,24.032,2,3.920244,360.7307,-1.796431,0.4582448,6.95573,-10.1099,-34.1005,0.1964989,
2,24.042,2,3.926645,360.6904,-1.799843,0.4583665,6.95573,-10.1099,-34.1005,0.1964989,
2,24.052,2,3.930784,360.6846,-1.803793,0.4588889,6.95573,-10.1099,-34.1005,0.1964989,
2,24.062,2,3.929373,360.6711,-1.802557,0.458739,6.95573,-10.1099,-34.1005,0.1964989,
2,24.072,2,3.930343,360.6675,-1.805611,0.4594028,6.95573,-10.1099,-34.1005,0.1964989,
2,24.082,2,3.929735,360.6681,-1.809503,0.4604645,6.95573,-10.1099,-34.1005,0.1964989,
2,24.092,2,3.930054,360.6306,-1.812292,0.4611365,6.95573,-10.1099,-34.1005,0.1964989,
2,24.102,2,3.927856,360.6298,-1.808205,0.4603542,6.95573,-10.1099,-34.1005,0.1964989,
2,24.112,2,3.927117,360.6285,-1.809235,0.4607031,6.95573,-10.1099,-34.1005,0.1964989,
2,24.122,2,3.929276,360.6204,-1.81257,0.4612988,6.95573,-10.1099,-34.1005,0.1964989,
2,24.132,2,3.930529,360.626,-1.812729,0.4611922,6.95035,-10.1099,-34.1024,0.1984024,
2,24.142,2,3.928614,360.6052,-1.809783,0.460667,6.95035,-10.1099,-34.1024,0.1984024,
2,24.152,2,3.926655,360.5956,-1.808753,0.4606345,6.95035,-10.1099,-34.1024,0.1984024,
2,24.162,2,3.92819,360.6058,-1.809167,0.4605599,6.95035,-10.1099,-34.1024,0.1984024,
2,24.172,2,3.9291,360.5974,-1.807372,0.4599966,6.95035,-10.1099,-34.1024,0.1984024,
2,24.182,2,3.925727,360.578,-1.805257,0.4598529,6.95035,-10.1099,-34.1024,0.1984024,
2,24.192,2,3.925446,360.5653,-1.804024,0.4595716,6.95035,-10.1099,-34.1024,0.1984024,
2,24.202,2,3.927773,360.5609,-1.806655,0.4599692,6.95035,-10.1099,-34.1024,0.1984024,
2,24.212,2,3.926498,360.543,-1.809505,0.4608444,6.95035,-10.1099,-34.1024,0.1984024,
2,24.222,2,3.924912,360.5348,-1.807841,0.4606067,6.95035,-10.1099,-34.1024,0.1984024,
2,24.232,2,3.928548,360.5283,-1.809732,0.4606618,6.95035,-10.1099,-34.1024,0.1984024,
2,24.242,2,3.930982,360.5261,-1.811314,0.460779,6.95035,-10.1099,-34.1024,0.1984024,
2,24.252,2,3.940284,360.4734,-1.813952,0.4603608,6.95035,-10.1099,-34.1024,0.1984024,
2,24.262,2,3.947524,360.4433,-1.814223,0.4595851,6.95035,-10.1099,-34.1024,0.1984024,
2,24.272,2,3.959705,360.3793,-1.817759,0.4590641,6.95035,-10.1099,-34.1024,0.1984024,
2,24.282,2,3.963281,360.3502,-1.82244,0.4598311,6.95035,-10.1099,-34.1024,0.1984024,
2,24.292,2,3.966862,360.3321,-1.827174,0.4606093,6.95035,-10.1099,-34.1024,0.1984024,
2,24.302,2,3.967507,360.3314,-1.830568,0.46139,6.95035,-10.1099,-34.1024,0.1984024,
2,24.312,2,3.965864,360.3219,-1.830524,0.4615701,6.95035,-10.1099,-34.1024,0.1984024,
2,24.322,2,3.967544,360.3072,-1.830205,0.4612943,6.95035,-10.1099,-34.1024,0.1984024,
2,24.332,2,3.968891,360.3365,-1.833245,0.4619037,6.95035,-10.1099,-34.1024,0.1984024,
2,24.342,2,3.965139,360.3044,-1.831712,0.461954,6.95035,-10.1099,-34.1024,0.1984024,
2,24.352,2,3.964319,360.2982,-1.830398,0.4617182,6.95035,-10.1099,-34.1024,0.1984024,
2,24.362,2,3.965722,360.2883,-1.829735,0.4613875,6.95035,-10.1099,-34.1024,0.1984024,
2,24.372,2,3.965573,360.2719,-1.829346,0.461307,6.9446,-10.1099,-34.1044,0.2004013,
2,24.382,2,3.964597,360.2682,-1.830105,0.4616119,6.9446,-10.1099,-34.1044,0.2004013,
2,24.392,2,3.9666,360.269,-1.828011,0.4608508,6.9446,-10.1099,-34.1044,0.2004013,
2,24.402,2,3.964725,360.2447,-1.826093,0.4605851,6.9446,-10.1099,-34.1044,0.2004013,
2,24.412,2,3.963621,360.2388,-1.829825,0.4616549,6.9446,-10.1099,-34.1044,0.2004013,
2,24.422,2,3.964463,360.2074,-1.831792,0.462053,6.9446,-10.1099,-34.1044,0.2004013,
2,24.432,2,3.963499,360.2235,-1.831641,0.4621272,6.9446,-10.1099,-34.1044,0.2004013,
2,24.442,2,3.964072,360.2116,-1.831362,0.4619901,6.9446,-10.1099,-34.1044,0.2004013,
2,24.452,2,3.963904,360.2114,-1.833083,0.4624439,6.9446,-10.1099,-34.1044,0.2004013,
2,24.462,2,3.962902,360.2018,-1.835226,0.4631015,6.9446,-10.1099,-34.1044,0.2004013,
2,24.472,2,3.965609,360.1902,-1.836108,0.4630078,6.9446,-10.1099,-34.1044,0.2004013,
2,24.482,2,3.969153,360.1648,-1.836115,0.4625962,6.9446,-10.1099,-34.1044,0.2004013,
2,24.492,2,3.976269,360.1259,-1.836691,0.4619132,6.9446,-10.1099,-34.1044,0.2004013,
2,24.502,2,3.986405,360.0411,-1.840299,0.4616438,6.9446,-10.1099,-34.1044,0.2004013,
2,24.512,2,3.996937,360.0464,-1.845042,0.4616139,6.9446,-10.1099,-34.1044,0.2004013,
2,24.522,2,4.002154,360.0215,-1.846256,0.4613154,6.9446,-10.1099,-34.1044,0.2004013,
2,24.532,2,4.007522,360.0206,-1.849698,0.4615566,6.9446,-10.1099,-34.1044,0.2004013,
2,24.542,2,4.005132,359.9852,-1.852376,0.4625006,6.9446,-10.1099,-34.1044,0.2004013,
2,24.552,2,4.005498,360.0023,-1.852171,0.4624071,6.9446,-10.1099,-34.1044,0.2004013,
2,24.562,2,4.003683,359.9869,-1.850729,0.4622565,6.9446,-10.1099,-34.1044,0.2004013,
2,24.572,2,4.005474,359.9796,-1.849384,0.4617141,6.9446,-10.1099,-34.1044,0.2004013,
2,24.582,2,4.008224,359.9341,-1.851052,0.4618136,6.9446,-10.1099,-34.1044,0.2004013,
2,24.592,2,4.005073,359.9476,-1.851279,0.4622335,6.9446,-10.1099,-34.1044,0.2004013,
2,24.602,2,4.004467,359.9349,-1.849459,0.4618491,6.9446,-10.1099,-34.1044,0.2004013,
2,24.612,2,4.004883,359.932,-1.849535,0.4618199,6.93885,-10.1099,-34.1064,0.2024002,
2,24.622,2,4.003419,359.9245,-1.851352,0.4624427,6.93885,-10.1099,-34.1064,0.2024002,
2,24.632,2,4.003397,359.9237,-1.853948,0.4630938,6.93885,-10.1099,-34.1064,0.2024002,
2,24.642,2,4.003088,359.8995,-1.852704,0.4628188,6.93885,-10.1099,-34.1064,0.2024002,
2,24.652,2,4.004952,359.8979,-1.853135,0.462711,6.93885,-10.1099,-34.1064,0.2024002,
2,24.662,2,4.004257,359.8961,-1.854929,0.4632393,6.93885,-10.1099,-34.1064,0.2024002,
2,24.672,2,4.002744,359.8721,-1.856896,0.4639057,6.93885,-10.1099,-34.1064,0.2024002,
2,24.682,2,4.002224,359.8618,-1.857594,0.4641404,6.93885,-10.1099,-34.1064,0.2024002,
2,24.692,2,4.001821,359.854,-1.858048,0.4643007,6.93885,-10.1099,-34.1064,0.2024002,
2,24.702,2,4.002678,359.8523,-1.860773,0.464882,6.93885,-10.1099,-34.1064,0.2024002,
2,24.712,2,4.00322,359.8086,-1.86235,0.465213,6.93885,-10.1099,-34.1064,0.2024002,
2,24.722,2,4.007685,359.8201,-1.86235,0.4646948,6.93885,-10.1099,-34.1064,0.2024002,
2,24.732,2,4.013423,359.8067,-1.861148,0.4637308,6.93885,-10.1099,-34.1064,0.2024002,
2,24.742,2,4.025172,359.7669,-1.86466,0.4632498,6.93885,-10.1099,-34.1064,0.2024002,
2,24.752,2,4.034608,359.8015,-1.86961,0.4633933,6.93885,-10.1099,-34.1064,0.2024002,
2,24.762,2,4.040765,359.6884,-1.871656,0.4631935,6.93885,-10.1099,-34.1064,0.2024002,
2,24.772,2,4.045162,359.6646,-1.869851,0.4622439,6.93885,-10.1099,-34.1064,0.2024002,
2,24.782,2,4.045637,359.6501,-1.870408,0.4623271,6.93885,-10.1099,-34.1064,0.2024002,
2,24.792,2,4.043099,359.6671,-1.872264,0.4630764,6.93885,-10.1099,-34.1064,0.2024002,
2,24.802,2,4.044941,359.6472,-1.871633,0.4627097,6.93885,-10.1099,-34.1064,0.2024002,
2,24.812,2,4.043845,359.6327,-1.86938,0.4622779,6.93885,-10.1099,-34.1064,0.2024002,
2,24.822,2,4.043626,359.6212,-1.868908,0.4621861,6.93885,-10.1099,-34.1064,0.2024002,
2,24.832,2,4.041908,359.6155,-1.872311,0.4632246,6.93885,-10.1099,-34.1064,0.2024002,
2,24.842,2,4.043821,359.6124,-1.875382,0.4637648,6.93885,-10.1099,-34.1064,0.2024002,
2,24.852,2,4.042321,359.5919,-1.874509,0.4637209,6.93307,-10.1099,-34.1083,0.2042999,
2,24.862,2,4.043867,359.5828,-1.876789,0.4641076,6.93307,-10.1099,-34.1083,0.2042999,
2,24.872,2,4.041556,359.5567,-1.87924,0.4649793,6.93307,-10.1099,-34.1083,0.2042999,
2,24.882,2,4.041006,359.5602,-1.880221,0.4652853,6.93307,-10.1099,-34.1083,0.2042999,
2,24.892,2,4.043398,359.5763,-1.881321,0.4652821,6.93307,-10.1099,-34.1083,0.2042999,
2,24.902,2,4.041466,359.5565,-1.881372,0.4655173,6.93307,-10.1099,-34.1083,0.2042999,
2,24.912,2,4.042185,359.5358,-1.884501,0.4662086,6.93307,-10.1099,-34.1083,0.2042999,
2,24.922,2,4.040169,359.531,-1.885197,0.4666133,6.93307,-10.1099,-34.1083,0.2042999,
2,24.932,2,4.041219,359.5454,-1.885241,0.466503,6.93307,-10.1099,-34.1083,0.2042999,
2,24.942,2,4.046124,359.5208,-1.88252,0.465265,6.93307,-10.1099,-34.1083,0.2042999,
2,24.952,2,4.049888,359.486,-1.885607,0.4655948,6.93307,-10.1099,-34.1083,0.2042999,
2,24.962,2,4.059865,359.4272,-1.889219,0.4653404,6.93307,-10.1099,-34.1083,0.2042999,
2,24.972,2,4.070677,359.4036,-1.891237,0.4646001,6.93307,-10.1099,-34.1083,0.2042999,
2,24.982,2,4.079735,359.373,-1.889799,0.4632162,6.93307,-10.1099,-34.1083,0.2042999,
2,24.992,2,4.082283,359.3515,-1.891578,0.4633627,6.93307,-10.1099,-34.1083,0.2042999,
2,25.002,2,4.083329,359.3215,-1.894261,0.4639011,6.93307,-10.1099,-34.1083,0.2042999,
2,25.012,2,4.083613,359.339,-1.891746,0.4632529,6.93307,-10.1099,-34.1083,0.2042999,
2,25.022,2,4.084569,359.3076,-1.891467,0.4630764,6.93307,-10.1099,-34.1083,0.2042999,
2,25.032,2,4.08471,359.3009,-1.89256,0.4633279,6.93307,-10.1099,-34.1083,0.2042999,
2,25.042,2,4.081279,359.2834,-1.896475,0.4646767,6.92772,-10.1099,-34.1103,0.2062988,
2,25.052,2,4.082921,359.2955,-1.896186,0.4644189,6.92772,-10.1099,-34.1103,0.2062988,
2,25.062,2,4.080782,359.2763,-1.895578,0.4645135,6.92772,-10.1099,-34.1103,0.2062988,
2,25.072,2,4.08201,359.2643,-1.898111,0.4649941,6.92772,-10.1099,-34.1103,0.2062988,
2,25.082,2,4.084256,359.2276,-1.898441,0.4648192,6.92772,-10.1099,-34.1103,0.2062988,
2,25.092,2,4.080616,359.2414,-1.903781,0.4665426,6.92772,-10.1099,-34.1103,0.2062988,
2,25.102,2,4.081224,359.2337,-1.900723,0.4657236,6.92772,-10.1099,-34.1103,0.2062988,
2,25.112,2,4.079025,359.2315,-1.902616,0.4664389,6.92772,-10.1099,-34.1103,0.2062988,
2,25.122,2,4.079659,359.2251,-1.907513,0.4675668,6.92772,-10.1099,-34.1103,0.2062988,
2,25.132,2,4.080047,359.2174,-1.908036,0.4676505,6.92772,-10.1099,-34.1103,0.2062988,
2,25.142,2,4.079634,359.2218,-1.907601,0.4675912,6.92772,-10.1099,-34.1103,0.2062988,
2,25.152,2,4.086584,359.1921,-1.905813,0.4663584,6.92772,-10.1099,-34.1103,0.2062988,
2,25.162,2,4.092315,359.1593,-1.908847,0.4664467,6.92772,-10.1099,-34.1103,0.2062988,
2,25.172,2,4.100236,359.1035,-1.912378,0.4664068,6.92772,-10.1099,-34.1103,0.2062988,
2,25.182,2,4.112359,359.0899,-1.913093,0.4652058,6.92772,-10.1099,-34.1103,0.2062988,
2,25.192,2,4.116922,358.9794,-1.913122,0.4646972,6.92772,-10.1099,-34.1103,0.2062988,
2,25.202,2,4.119573,359.038,-1.914821,0.4648106,6.92772,-10.1099,-34.1103,0.2062988,
2,25.212,2,4.122763,359.0414,-1.91694,0.4649649,6.92772,-10.1099,-34.1103,0.2062988,
2,25.222,2,4.122382,359.017,-1.915486,0.464655,6.92772,-10.1099,-34.1103,0.2062988,
2,25.232,2,4.121597,359.0132,-1.914059,0.4643973,6.92772,-10.1099,-34.1103,0.2062988,
2,25.242,2,4.120446,358.992,-1.916318,0.4650755,6.92772,-10.1099,-34.1103,0.2062988,
2,25.252,2,4.121836,358.9627,-1.918151,0.4653632,6.92772,-10.1099,-34.1103,0.2062988,
2,25.262,2,4.121058,358.9703,-1.919544,0.4657893,6.92772,-10.1099,-34.1103,0.2062988,
2,25.272,2,4.119271,358.9559,-1.919012,0.465862,6.92772,-10.1099,-34.1103,0.2062988,
2,25.282,2,4.120975,358.9504,-1.919871,0.4658778,6.92772,-10.1099,-34.1103,0.2062988,
2,25.292,2,4.120071,358.9428,-1.925792,0.4674172,6.92772,-10.1099,-34.1103,0.2062988,
2,25.302,2,4.117539,358.9416,-1.924499,0.4673906,6.92273,-10.1099,-34.1122,0.2082024,
2,25.312,2,4.121179,358.9324,-1.924247,0.4669167,6.92273,-10.1099,-34.1122,0.2082024,
2,25.322,2,4.118314,358.9257,-1.92596,0.4676574,6.92273,-10.1099,-34.1122,0.2082024,
2,25.332,2,4.117826,358.8979,-1.928908,0.4684287,6.92273,-10.1099,-34.1122,0.2082024,
2,25.342,2,4.119739,358.8868,-1.929082,0.4682535,6.92273,-10.1099,-34.1122,0.2082024,
2,25.352,2,4.119644,358.9033,-1.926483,0.4676333,6.92273,-10.1099,-34.1122,0.2082024,
2,25.362,2,4.118942,358.8759,-1.928721,0.4682564,6.92273,-10.1099,-34.1122,0.2082024,
2,25.372,2,4.118381,358.888,-1.931528,0.4690017,6.92273,-10.1099,-34.1122,0.2082024,
2,25.382,2,4.114856,358.878,-1.930639,0.4691876,6.92273,-10.1099,-34.1122,0.2082024,
2,25.392,2,4.12266,358.8506,-1.92969,0.4680691,6.92273,-10.1099,-34.1122,0.2082024,
2,25.402,2,4.130414,358.8314,-1.928355,0.4668673,6.92273,-10.1099,-34.1122,0.2082024,
2,25.412,2,4.140311,358.7816,-1.929578,0.4660466,6.92273,-10.1099,-34.1122,0.2082024,
2,25.422,2,4.148025,358.7514,-1.932474,0.4658782,6.92273,-10.1099,-34.1122,0.2082024,
2,25.432,2,4.156123,358.715,-1.931944,0.4648428,6.92273,-10.1099,-34.1122,0.2082024,
2,25.442,2,4.158991,358.693,-1.933166,0.4648161,6.92273,-10.1099,-34.1122,0.2082024,
2,25.452,2,4.161592,358.6766,-1.936667,0.4653668,6.92273,-10.1099,-34.1122,0.2082024,
2,25.462,2,4.16142,358.6839,-1.938971,0.4659397,6.92273,-10.1099,-34.1122,0.2082024,
2,25.472,2,4.162914,358.6406,-1.939074,0.4657973,6.92273,-10.1099,-34.1122,0.2082024,
2,25.482,2,4.158786,358.6364,-1.940208,0.4665324,6.92273,-10.1099,-34.1122,0.2082024,
2,25.492,2,4.159046,358.6365,-1.941284,0.4667619,6.91735,-10.1099,-34.1142,0.2102013,
2,25.502,2,4.158769,358.6823,-1.944027,0.4674524,6.91735,-10.1099,-34.1142,0.2102013,
2,25.512,2,4.15766,358.6152,-1.944631,0.4677224,6.91735,-10.1099,-34.1142,0.2102013,
2,25.522,2,4.157514,358.6049,-1.944613,0.4677345,6.91735,-10.1099,-34.1142,0.2102013,
2,25.532,2,4.161016,358.5969,-1.948186,0.4681996,6.91735,-10.1099,-34.1142,0.2102013,
2,25.542,2,4.157498,358.5545,-1.949137,0.4688244,6.91735,-10.1099,-34.1142,0.2102013,
2,25.552,2,4.157877,358.58,-1.950605,0.4691348,6.91735,-10.1099,-34.1142,0.2102013,
2,25.562,2,4.157759,358.5704,-1.949069,0.4687788,6.91735,-10.1099,-34.1142,0.2102013,
2,25.572,2,4.157038,358.5648,-1.94993,0.4690672,6.91735,-10.1099,-34.1142,0.2102013,
2,25.582,2,4.161011,358.5596,-1.951704,0.4690456,6.91735,-10.1099,-34.1142,0.2102013,
2,25.592,2,4.167755,358.5326,-1.951526,0.4682439,6.91735,-10.1099,-34.1142,0.2102013,
2,25.602,2,4.177234,358.4865,-1.950113,0.4668431,6.91735,-10.1099,-34.1142,0.2102013,
2,25.612,2,4.189252,358.4439,-1.951485,0.4658313,6.91735,-10.1099,-34.1142,0.2102013,
2,25.622,2,4.193928,358.3993,-1.953243,0.4657312,6.91735,-10.1099,-34.1142,0.2102013,
2,25.632,2,4.198678,358.3884,-1.956324,0.4659379,6.91735,-10.1099,-34.1142,0.2102013,
2,25.642,2,4.200726,358.3851,-1.955023,0.4654013,6.91735,-10.1099,-34.1142,0.2102013,
2,25.652,2,4.199909,358.3504,-1.953435,0.4651138,6.91735,-10.1099,-34.1142,0.2102013,
2,25.662,2,4.200116,358.3665,-1.955943,0.4656877,6.91735,-10.1099,-34.1142,0.2102013,
2,25.672,2,4.199186,358.3468,-1.959037,0.4665278,6.91237,-10.1099,-34.1161,0.212101,
2,25.682,2,4.19886,358.3411,-1.965148,0.4680194,6.91237,-10.1099,-34.1161,0.212101,
2,25.692,2,4.197628,358.3258,-1.962635,0.4675581,6.91237,-10.1099,-34.1161,0.212101,
2,25.702,2,4.197728,358.3134,-1.96452,0.4679959,6.91237,-10.1099,-34.1161,0.212101,
2,25.712,2,4.197563,358.3109,-1.966584,0.4685061,6.91237,-10.1099,-34.1161,0.212101,
2,25.722,2,4.197462,358.2967,-1.966354,0.4684626,6.91237,-10.1099,-34.1161,0.212101,
2,25.732,2,4.196122,358.2924,-1.96518,0.4683324,6.91237,-10.1099,-34.1161,0.212101,
2,25.742,2,4.19721,358.2685,-1.96777,0.4688281,6.91237,-10.1099,-34.1161,0.212101,
2,25.752,2,4.198625,358.2424,-1.974315,0.470229,6.91237,-10.1099,-34.1161,0.212101,
2,25.762,2,4.191958,358.2905,-1.994857,0.4758772,6.91237,-10.1099,-34.1161,0.212101,
2,25.772,2,4.192848,358.2593,-1.987779,0.4740881,6.91237,-10.1099,-34.1161,0.212101,
2,25.782,2,4.193953,358.2508,-1.989213,0.474305,6.91237,-10.1099,-34.1161,0.212101,
2,25.792,2,4.199783,358.2235,-1.990392,0.4739274,6.91237,-10.1099,-34.1161,0.212101,
2,25.802,2,4.208115,358.2057,-1.972427,0.46872,6.91237,-10.1099,-34.1161,0.212101,
2,25.812,2,4.217437,358.1656,-1.971851,0.4675472,6.91237,-10.1099,-34.1161,0.212101,
2,25.822,2,4.22864,358.1324,-1.973595,0.4667209,6.91237,-10.1099,-34.1161,0.212101,
2,25.832,2,4.232284,358.0743,-1.977188,0.4671682,6.91237,-10.1099,-34.1161,0.212101,
2,25.842,2,4.234865,358.092,-1.976097,0.4666258,6.91237,-10.1099,-34.1161,0.212101,
2,25.852,2,4.236431,358.0747,-1.975214,0.4662449,6.91237,-10.1099,-34.1161,0.212101,
2,25.862,2,4.23327,358.0709,-1.976081,0.4667977,6.91237,-10.1099,-34.1161,0.212101,
2,25.872,2,4.236642,358.0595,-1.978646,0.4670317,6.91237,-10.1099,-34.1161,0.212101,
2,25.882,2,4.233435,358.0622,-1.980098,0.4677284,6.91237,-10.1099,-34.1161,0.212101,
2,25.892,2,4.233634,358.0322,-1.982205,0.4682041,6.90775,-10.1099,-34.1179,0.2139015,
2,25.902,2,4.232841,358.0293,-1.98255,0.4683734,6.90775,-10.1099,-34.1179,0.2139015,
2,25.912,2,4.23305,357.9879,-1.982924,0.4684385,6.90775,-10.1099,-34.1179,0.2139015,
2,25.922,2,4.232993,358.0453,-1.985604,0.469078,6.90775,-10.1099,-34.1179,0.2139015,
2,25.932,2,4.23288,357.989,-1.986084,0.469204,6.90775,-10.1099,-34.1179,0.2139015,
2,25.942,2,4.231098,357.985,-1.985486,0.4692603,6.90775,-10.1099,-34.1179,0.2139015,
2,25.952,2,4.231676,357.9606,-1.98774,0.4697287,6.90775,-10.1099,-34.1179,0.2139015,
2,25.962,2,4.232537,357.9864,-1.990729,0.4703394,6.90775,-10.1099,-34.1179,0.2139015,
2,25.972,2,4.232376,357.9626,-1.988332,0.469791,6.90775,-10.1099,-34.1179,0.2139015,
2,25.982,2,4.231522,357.9454,-1.988865,0.4700119,6.90775,-10.1099,-34.1179,0.2139015,
2,25.992,2,4.231588,357.9408,-1.988969,0.4700289,6.90775,-10.1099,-34.1179,0.2139015,
2,26.002,2,4.231133,357.9005,-1.992339,0.4708759,6.90775,-10.1099,-34.1179,0.2139015,
2,26.012,2,4.23446,357.9272,-1.991652,0.4703438,6.90775,-10.1099,-34.1179,0.2139015,
2,26.022,2,4.239254,357.892,-1.988482,0.4690642,6.90775,-10.1099,-34.1179,0.2139015,
2,26.032,2,4.248442,357.8592,-1.989148,0.4682064,6.90775,-10.1099,-34.1179,0.2139015,
2,26.042,2,4.256986,357.8181,-1.994355,0.4684899,6.90775,-10.1099,-34.1179,0.2139015,
2,26.052,2,4.265035,357.7846,-1.996279,0.468057,6.90775,-10.1099,-34.1179,0.2139015,
2,26.062,2,4.269606,357.7616,-1.996726,0.4676604,6.90775,-10.1099,-34.1179,0.2139015,
2,26.072,2,4.273663,357.7544,-1.996813,0.4672369,6.90775,-10.1099,-34.1179,0.2139015,
2,26.082,2,4.270886,357.7362,-2.00132,0.4685959,6.90775,-10.1099,-34.1179,0.2139015,
2,26.092,2,4.27117,357.7565,-2.004046,0.4692031,6.90775,-10.1099,-34.1179,0.2139015,
2,26.102,2,4.268702,357.7138,-2.004263,0.4695252,6.90775,-10.1099,-34.1179,0.2139015,
2,26.112,2,4.272168,357.6957,-2.002137,0.4686466,6.90775,-10.1099,-34.1179,0.2139015,
2,26.122,2,4.270541,357.6969,-2.004855,0.4694617,6.90775,-10.1099,-34.1179,0.2139015,
2,26.132,2,4.26936,357.6866,-2.007705,0.470259,6.90775,-10.1099,-34.1179,0.2139015,
2,26.142,2,4.268787,357.6835,-2.010166,0.4708987,6.90775,-10.1099,-34.1179,0.2139015,
2,26.152,2,4.268048,357.6804,-2.010277,0.4710062,6.90775,-10.1099,-34.1179,0.2139015,
2,26.162,2,4.269125,357.6708,-2.012067,0.4713067,6.90775,-10.1099,-34.1179,0.2139015,
2,26.172,2,4.269093,357.6863,-2.015165,0.4720359,6.90775,-10.1099,-34.1179,0.2139015,
2,26.182,2,4.264815,357.6579,-2.013271,0.4720653,6.90203,-10.1099,-34.1198,0.2158012,
2,26.192,2,4.266587,357.6433,-2.012664,0.471727,6.90203,-10.1099,-34.1198,0.2158012,
2,26.202,2,4.265221,357.6392,-2.01416,0.4722287,6.90203,-10.1099,-34.1198,0.2158012,
2,26.212,2,4.266553,357.634,-2.017267,0.4728096,6.90203,-10.1099,-34.1198,0.2158012,
2,26.222,2,4.264889,357.6218,-2.016901,0.4729082,6.90203,-10.1099,-34.1198,0.2158012,
2,26.232,2,4.264956,357.6208,-2.014306,0.4722923,6.90203,-10.1099,-34.1198,0.2158012,
2,26.242,2,4.266148,357.6051,-2.012558,0.4717505,6.90203,-10.1099,-34.1198,0.2158012,
2,26.252,2,4.263438,357.6109,-2.014074,0.472406,6.90203,-10.1099,-34.1198,0.2158012,
2,26.262,2,4.266916,357.5868,-2.013292,0.4718377,6.90203,-10.1099,-34.1198,0.2158012,
2,26.272,2,4.265523,357.5731,-2.009923,0.4712021,6.90203,-10.1099,-34.1198,0.2158012,
2,26.282,2,4.265334,357.5695,-2.010126,0.4712704,6.90203,-10.1099,-34.1198,0.2158012,
2,26.292,2,4.265302,357.5834,-2.014423,0.4722814,6.90203,-10.1099,-34.1198,0.2158012,
2,26.302,2,4.268649,357.5485,-2.016695,0.4724433,6.90203,-10.1099,-34.1198,0.2158012,
2,26.312,2,4.273008,357.5299,-2.015749,0.4717399,6.90203,-10.1099,-34.1198,0.2158012,
2,26.322,2,4.28459,357.4848,-2.017649,0.4709084,6.90203,-10.1099,-34.1198,0.2158012,
2,26.332,2,4.293106,357.4276,-2.022646,0.4711382,6.90203,-10.1099,-34.1198,0.2158012,
2,26.342,2,4.29806,357.4487,-2.025872,0.4713458,6.90203,-10.1099,-34.1198,0.2158012,
2,26.352,2,4.305509,357.4068,-2.026806,0.4707471,6.90203,-10.1099,-34.1198,0.2158012,
2,26.362,2,4.306267,357.3921,-2.029194,0.4712188,6.90203,-10.1099,-34.1198,0.2158012,
2,26.372,2,4.306563,357.3774,-2.033674,0.4722266,6.90203,-10.1099,-34.1198,0.2158012,
2,26.382,2,4.306163,357.4026,-2.037312,0.4731153,6.90203,-10.1099,-34.1198,0.2158012,
2,26.392,2,4.306724,357.364,-2.035904,0.4727268,6.90203,-10.1099,-34.1198,0.2158012,
2,26.402,2,4.306678,357.3594,-2.036746,0.4729274,6.90203,-10.1099,-34.1198,0.2158012,
2,26.412,2,4.307625,357.3269,-2.0399,0.4735556,6.90203,-10.1099,-34.1198,0.2158012,
2,26.422,2,4.303234,357.2718,-2.040532,0.4741856,6.90203,-10.1099,-34.1198,0.2158012,
2,26.432,2,4.305914,357.3389,-2.0374,0.4731632,6.90203,-10.1099,-34.1198,0.2158012,
2,26.442,2,4.304864,357.3337,-2.034555,0.4726176,6.90203,-10.1099,-34.1198,0.2158012,
2,26.452,2,4.304736,357.3289,-2.034546,0.4726297,6.90203,-10.1099,-34.1198,0.2158012,
2,26.462,2,4.304193,357.2899,-2.036721,0.4731945,6.90203,-10.1099,-34.1198,0.2158012,
2,26.472,2,4.305788,357.3047,-2.034755,0.4725627,6.8951,-10.1099,-34.1217,0.217701,
2,26.482,2,4.305878,357.297,-2.032336,0.4719911,6.8951,-10.1099,-34.1217,0.217701,
2,26.492,2,4.305923,357.2867,-2.034477,0.4724834,6.8951,-10.1099,-34.1217,0.217701,
2,26.502,2,4.305537,357.2495,-2.036545,0.473006,6.8951,-10.1099,-34.1217,0.217701,
2,26.512,2,4.304707,357.2735,-2.036956,0.4731927,6.8951,-10.1099,-34.1217,0.217701,
2,26.522,2,4.304423,357.2602,-2.037567,0.4733659,6.8951,-10.1099,-34.1217,0.217701,
2,26.532,2,4.302822,357.2516,-2.037628,0.4735562,6.8951,-10.1099,-34.1217,0.217701,
2,26.542,2,4.301857,357.2567,-2.041013,0.4744492,6.8951,-10.1099,-34.1217,0.217701,
2,26.552,2,4.303333,357.2448,-2.041118,0.474311,6.8951,-10.1099,-34.1217,0.217701,
2,26.562,2,4.304442,357.2402,-2.040874,0.474132,6.8951,-10.1099,-34.1217,0.217701,
2,26.572,2,4.30446,357.2187,-2.043825,0.4748157,6.8951,-10.1099,-34.1217,0.217701,
2,26.582,2,4.304236,357.2161,-2.045405,0.4752074,6.8951,-10.1099,-34.1217,0.217701,
2,26.592,2,4.307726,357.2073,-2.045683,0.474887,6.8951,-10.1099,-34.1217,0.217701,
2,26.602,2,4.312181,357.1684,-2.045283,0.4743035,6.8951,-10.1099,-34.1217,0.217701,
2,26.612,2,4.32418,357.1321,-2.046595,0.4732908,6.8951,-10.1099,-34.1217,0.217701,
2,26.622,2,4.333902,357.0911,-2.052696,0.473637,6.8951,-10.1099,-34.1217,0.217701,
2,26.632,2,4.341609,357.0887,-2.053153,0.4729014,6.8951,-10.1099,-34.1217,0.217701,
2,26.642,2,4.345747,357.0407,-2.053275,0.4724792,6.8951,-10.1099,-34.1217,0.217701,
2,26.652,2,4.34944,357.03,-2.055109,0.4724996,6.8951,-10.1099,-34.1217,0.217701,
2,26.662,2,4.34702,357.012,-2.055681,0.4728945,6.8951,-10.1099,-34.1217,0.217701,
2,26.672,2,4.347725,357.0211,-2.056343,0.4729699,6.8951,-10.1099,-34.1217,0.217701,
2,26.682,2,4.346223,356.9988,-2.054302,0.4726637,6.8951,-10.1099,-34.1217,0.217701,
2,26.692,2,4.348208,356.987,-2.051946,0.4719062,6.8951,-10.1099,-34.1217,0.217701,
2,26.702,2,4.345808,356.9847,-2.055894,0.4730751,6.8951,-10.1099,-34.1217,0.217701,
2,26.712,2,4.34575,356.9931,-2.055547,0.4730016,6.8951,-10.1099,-34.1217,0.217701,
2,26.722,2,4.347086,356.9525,-2.056581,0.4730941,6.88898,-10.1099,-34.1238,0.219799,
2,26.732,2,4.346288,356.9554,-2.057923,0.4734898,6.88898,-10.1099,-34.1238,0.219799,
2,26.742,2,4.345703,356.9313,-2.058334,0.4736482,6.88898,-10.1099,-34.1238,0.219799,
2,26.752,2,4.345416,356.9527,-2.062438,0.4746239,6.88898,-10.1099,-34.1238,0.219799,
2,26.762,2,4.343584,356.9318,-2.061071,0.4745093,6.88898,-10.1099,-34.1238,0.219799,
2,26.772,2,4.342791,356.9152,-2.069073,0.4764385,6.88898,-10.1099,-34.1238,0.219799,
2,26.782,2,4.34387,356.9099,-2.069061,0.4763175,6.88898,-10.1099,-34.1238,0.219799,
2,26.792,2,4.344185,356.8933,-2.07049,0.4766118,6.88898,-10.1099,-34.1238,0.219799,
2,26.802,2,4.345327,356.8997,-2.068997,0.4761429,6.88898,-10.1099,-34.1238,0.219799,
2,26.812,2,4.344527,356.889,-2.068994,0.47623,6.88898,-10.1099,-34.1238,0.219799,
2,26.822,2,4.344399,356.879,-2.067599,0.4759228,6.88898,-10.1099,-34.1238,0.219799,
2,26.832,2,4.343898,356.8707,-2.069954,0.4765199,6.88898,-10.1099,-34.1238,0.219799,
2,26.842,2,4.343447,356.8842,-2.069773,0.4765277,6.88898,-10.1099,-34.1238,0.219799,
2,26.852,2,4.350243,356.843,-2.068745,0.4755471,6.88898,-10.1099,-34.1238,0.219799,
2,26.862,2,4.358123,356.8012,-2.067077,0.4743044,6.88898,-10.1099,-34.1238,0.219799,
2,26.872,2,4.36819,356.7667,-2.070207,0.4739278,6.88898,-10.1099,-34.1238,0.219799,
2,26.882,2,4.377544,356.7167,-2.072412,0.4734188,6.88898,-10.1099,-34.1238,0.219799,
2,26.892,2,4.385685,356.7103,-2.073529,0.4727947,6.88898,-10.1099,-34.1238,0.219799,
2,26.902,2,4.387955,356.6848,-2.073118,0.4724565,6.88898,-10.1099,-34.1238,0.219799,
2,26.912,2,4.390778,356.6736,-2.076901,0.4730143,6.88898,-10.1099,-34.1238,0.219799,
2,26.922,2,4.386704,356.6988,-2.079233,0.4739853,6.88898,-10.1099,-34.1238,0.219799,
2,26.932,2,4.38743,356.6595,-2.079847,0.4740469,6.88898,-10.1099,-34.1238,0.219799,
2,26.942,2,4.388929,356.6547,-2.079157,0.4737276,6.88898,-10.1099,-34.1238,0.219799,
2,26.952,2,4.387072,356.6442,-2.082622,0.4747179,6.88898,-10.1099,-34.1238,0.219799,
2,26.962,2,4.388536,356.6264,-2.0844,0.4749647,6.88898,-10.1099,-34.1238,0.219799,
2,26.972,2,4.388402,356.6281,-2.085701,0.4752759,6.88898,-10.1099,-34.1238,0.219799,
2,26.982,2,4.387154,356.6214,-2.084323,0.4750969,6.88207,-10.1099,-34.1259,0.2219009,
2,26.992,2,4.387691,356.6191,-2.087067,0.475664,6.88207,-10.1099,-34.1259,0.2219009,
2,27.002,2,4.385272,356.6232,-2.094112,0.4775331,6.88207,-10.1099,-34.1259,0.2219009,
2,27.012,2,4.387189,356.5981,-2.093413,0.477165,6.88207,-10.1099,-34.1259,0.2219009,
2,27.022,2,4.386816,356.5901,-2.09063,0.4765711,6.88207,-10.1099,-34.1259,0.2219009,
2,27.032,2,4.387191,356.5945,-2.090569,0.4765166,6.88207,-10.1099,-34.1259,0.2219009,
2,27.042,2,4.387785,356.5934,-2.093365,0.4770892,6.88207,-10.1099,-34.1259,0.2219009,
2,27.052,2,4.385747,356.574,-2.094719,0.4776197,6.88207,-10.1099,-34.1259,0.2219009,
2,27.062,2,4.383212,356.5664,-2.091639,0.4771932,6.88207,-10.1099,-34.1259,0.2219009,
2,27.072,2,4.385236,356.5563,-2.090725,0.4767646,6.88207,-10.1099,-34.1259,0.2219009,
2,27.082,2,4.384007,356.5515,-2.09084,0.4769243,6.88207,-10.1099,-34.1259,0.2219009,
2,27.092,2,4.383907,356.5382,-2.090815,0.4769296,6.88207,-10.1099,-34.1259,0.2219009,
2,27.102,2,4.388229,356.5329,-2.088661,0.475969,6.88207,-10.1099,-34.1259,0.2219009,
2,27.112,2,4.395797,356.4959,-2.088342,0.475077,6.88207,-10.1099,-34.1259,0.2219009,
2,27.122,2,4.403643,356.4552,-2.094273,0.4755774,6.88207,-10.1099,-34.1259,0.2219009,
2,27.132,2,4.412576,356.3976,-2.099139,0.4757174,6.88207,-10.1099,-34.1259,0.2219009,
2,27.142,2,4.422856,356.3867,-2.100782,0.4749832,6.88207,-10.1099,-34.1259,0.2219009,
2,27.152,2,4.428239,356.3648,-2.101838,0.4746441,6.88207,-10.1099,-34.1259,0.2219009,
2,27.162,2,4.431799,356.3409,-2.104948,0.4749647,6.88207,-10.1099,-34.1259,0.2219009,
2,27.172,2,4.431005,356.2893,-2.107786,0.4756904,6.88207,-10.1099,-34.1259,0.2219009,
2,27.182,2,4.430249,356.32,-2.109783,0.4762222,6.88207,-10.1099,-34.1259,0.2219009,
2,27.192,2,4.43232,356.3032,-2.108306,0.4756666,6.88207,-10.1099,-34.1259,0.2219009,
2,27.202,2,4.430409,356.3125,-2.111235,0.4765328,6.88207,-10.1099,-34.1259,0.2219009,
2,27.212,2,4.42943,356.3391,-2.115999,0.4777137,6.88207,-10.1099,-34.1259,0.2219009,
2,27.222,2,4.429673,356.2884,-2.11503,0.4774688,6.88207,-10.1099,-34.1259,0.2219009,
2,27.232,2,4.428145,356.2769,-2.114397,0.4774905,6.88207,-10.1099,-34.1259,0.2219009,
2,27.242,2,4.429068,356.2713,-2.11647,0.477859,6.88207,-10.1099,-34.1259,0.2219009,
2,27.252,2,4.426622,356.1925,-2.116721,0.4781798,6.88207,-10.1099,-34.1259,0.2219009,
2,27.262,2,4.428741,356.2571,-2.115487,0.4776723,6.88207,-10.1099,-34.1259,0.2219009,
2,27.272,2,4.429156,356.2502,-2.112974,0.4770603,6.87593,-10.1099,-34.128,0.223999,
2,27.282,2,4.428482,356.2441,-2.11293,0.4771229,6.87593,-10.1099,-34.128,0.223999,
2,27.292,2,4.427034,356.2426,-2.115878,0.4779449,6.87593,-10.1099,-34.128,0.223999,
2,27.302,2,4.427778,356.2235,-2.114664,0.4775903,6.87593,-10.1099,-34.128,0.223999,
2,27.312,2,4.425474,356.2285,-2.112613,0.4773757,6.87593,-10.1099,-34.128,0.223999,
2,27.322,2,4.42709,356.2013,-2.112291,0.4771285,6.87593,-10.1099,-34.128,0.223999,
2,27.332,2,4.427782,356.1941,-2.115148,0.4776993,6.87593,-10.1099,-34.128,0.223999,
2,27.342,2,4.425058,356.1971,-2.11661,0.4783236,6.87593,-10.1099,-34.128,0.223999,
2,27.352,2,4.42687,356.1846,-2.115607,0.4779012,6.87593,-10.1099,-34.128,0.223999,
2,27.362,2,4.427819,356.1756,-2.116075,0.4779045,6.87593,-10.1099,-34.128,0.223999,
2,27.372,2,4.423892,356.1764,-2.121156,0.4794772,6.87593,-10.1099,-34.128,0.223999,
2,27.382,2,4.423851,356.1581,-2.122564,0.4798,6.87593,-10.1099,-34.128,0.223999,
2,27.392,2,4.43016,356.1438,-2.121578,0.4788943,6.87593,-10.1099,-34.128,0.223999,
2,27.402,2,4.436434,356.1155,-2.121671,0.4782378,6.87593,-10.1099,-34.128,0.223999,
2,27.412,2,4.44827,356.0836,-2.125856,0.4779062,6.87593,-10.1099,-34.128,0.223999,
2,27.422,2,4.459805,356.0626,-2.129651,0.4775211,6.87593,-10.1099,-34.128,0.223999,
2,27.432,2,4.465754,355.9871,-2.133078,0.4776524,6.87593,-10.1099,-34.128,0.223999,
2,27.442,2,4.471831,355.9853,-2.133505,0.4770989,6.87593,-10.1099,-34.128,0.223999,
2,27.452,2,4.47567,355.9753,-2.136909,0.4774502,6.87593,-10.1099,-34.128,0.223999,
2,27.462,2,4.474249,355.9959,-2.140516,0.4784079,6.87593,-10.1099,-34.128,0.223999,
2,27.472,2,4.473786,355.9511,-2.140527,0.4784598,6.87593,-10.1099,-34.128,0.223999,
2,27.482,2,4.474194,355.9496,-2.137571,0.4777555,6.87593,-10.1099,-34.128,0.223999,
2,27.492,2,4.473948,355.9164,-2.138131,0.477907,6.87593,-10.1099,-34.128,0.223999,
2,27.502,2,4.472704,355.9439,-2.138197,0.4780548,6.87593,-10.1099,-34.128,0.223999,
2,27.512,2,4.471554,355.9214,-2.139275,0.4784186,6.87593,-10.1099,-34.128,0.223999,
2,27.522,2,4.472848,355.9137,-2.135802,0.4775038,6.8698,-10.1099,-34.1302,0.2262001,
2,27.532,2,4.472821,355.8997,-2.136437,0.4776487,6.8698,-10.1099,-34.1302,0.2262001,
2,27.542,2,4.472081,355.8881,-2.139809,0.4784818,6.8698,-10.1099,-34.1302,0.2262001,
2,27.552,2,4.470934,355.8777,-2.140627,0.4787875,6.8698,-10.1099,-34.1302,0.2262001,
2,27.562,2,4.470758,355.8702,-2.139468,0.4785471,6.8698,-10.1099,-34.1302,0.2262001,
2,27.572,2,4.473159,355.8515,-2.140487,0.478518,6.8698,-10.1099,-34.1302,0.2262001,
2,27.582,2,4.470278,355.8759,-2.143259,0.4794464,6.8698,-10.1099,-34.1302,0.2262001,
2,27.592,2,4.47105,355.8427,-2.144208,0.4795759,6.8698,-10.1099,-34.1302,0.2262001,
2,27.602,2,4.472222,355.8441,-2.142835,0.4791433,6.8698,-10.1099,-34.1302,0.2262001,
2,27.612,2,4.472627,355.8352,-2.145314,0.479654,6.8698,-10.1099,-34.1302,0.2262001,
2,27.622,2,4.470605,355.8227,-2.150818,0.4811022,6.8698,-10.1099,-34.1302,0.2262001,
2,27.632,2,4.471031,355.8135,-2.149543,0.4807712,6.8698,-10.1099,-34.1302,0.2262001,
2,27.642,2,4.472871,355.8147,-2.147817,0.4801875,6.8698,-10.1099,-34.1302,0.2262001,
2,27.652,2,4.478078,355.7885,-2.148633,0.4798114,6.8698,-10.1099,-34.1302,0.2262001,
2,27.662,2,4.486524,355.7642,-2.149551,0.4791129,6.8698,-10.1099,-34.1302,0.2262001,
2,27.672,2,4.496322,355.7273,-2.153682,0.4789874,6.8698,-10.1099,-34.1302,0.2262001,
2,27.682,2,4.507622,355.6863,-2.15286,0.4776044,6.8698,-10.1099,-34.1302,0.2262001,
2,27.692,2,4.512597,355.6459,-2.153604,0.4772427,6.8698,-10.1099,-34.1302,0.2262001,
2,27.702,2,4.515139,355.6331,-2.154715,0.4772201,6.8698,-10.1099,-34.1302,0.2262001,
2,27.712,2,4.517759,355.6101,-2.158072,0.4776863,6.8698,-10.1099,-34.1302,0.2262001,
2,27.722,2,4.518339,355.6173,-2.157822,0.4775697,6.8698,-10.1099,-34.1302,0.2262001,
2,27.732,2,4.517163,355.6051,-2.155336,0.4771438,6.8698,-10.1099,-34.1302,0.2262001,
2,27.742,2,4.515368,355.5947,-2.155232,0.4773104,6.8698,-10.1099,-34.1302,0.2262001,
2,27.752,2,4.516338,355.5854,-2.159976,0.4782582,6.8698,-10.1099,-34.1302,0.2262001,
2,27.762,2,4.514863,355.561,-2.16175,0.4788074,6.8698,-10.1099,-34.1302,0.2262001,
2,27.772,2,4.514842,355.5643,-2.160975,0.4786381,6.8698,-10.1099,-34.1302,0.2262001,
2,27.782,2,4.516803,355.5383,-2.163035,0.4788864,6.8629,-10.1099,-34.1324,0.2284012,
2,27.792,2,4.515754,355.5463,-2.166376,0.4797374,6.8629,-10.1099,-34.1324,0.2284012,
2,27.802,2,4.514776,355.5307,-2.167465,0.4800825,6.8629,-10.1099,-34.1324,0.2284012,
2,27.812,2,4.514761,355.5139,-2.164679,0.479467,6.8629,-10.1099,-34.1324,0.2284012,
2,27.822,2,4.513165,355.5145,-2.16677,0.4800999,6.8629,-10.1099,-34.1324,0.2284012,
2,27.832,2,4.513452,355.5096,-2.169072,0.4805794,6.8629,-10.1099,-34.1324,0.2284012,
2,27.842,2,4.514146,355.5024,-2.170577,0.4808389,6.8629,-10.1099,-34.1324,0.2284012,
2,27.852,2,4.513285,355.4979,-2.171085,0.4810431,6.8629,-10.1099,-34.1324,0.2284012,
2,27.862,2,4.514569,355.4891,-2.168994,0.4804433,6.8629,-10.1099,-34.1324,0.2284012,
2,27.872,2,4.514754,355.4844,-2.172477,0.481195,6.8629,-10.1099,-34.1324,0.2284012,
2,27.882,2,4.513676,355.4768,-2.174737,0.4818105,6.8629,-10.1099,-34.1324,0.2284012,
2,27.892,2,4.512124,355.4779,-2.174142,0.4818445,6.8629,-10.1099,-34.1324,0.2284012,
2,27.902,2,4.517182,355.4536,-2.170805,0.4805662,6.8629,-10.1099,-34.1324,0.2284012,
2,27.912,2,4.523484,355.4361,-2.17306,0.4803953,6.8629,-10.1099,-34.1324,0.2284012,
2,27.922,2,4.534756,355.3616,-2.174147,0.4794407,6.8629,-10.1099,-34.1324,0.2284012,
2,27.932,2,4.543845,355.3698,-2.173751,0.4783946,6.8629,-10.1099,-34.1324,0.2284012,
2,27.942,2,4.554034,355.3072,-2.174504,0.4774896,6.8629,-10.1099,-34.1324,0.2284012,
2,27.952,2,4.559808,355.3025,-2.176119,0.4772392,6.8629,-10.1099,-34.1324,0.2284012,
2,27.962,2,4.558033,355.2521,-2.181414,0.4785867,6.8629,-10.1099,-34.1324,0.2284012,
2,27.972,2,4.559698,355.2653,-2.183317,0.4788294,6.8629,-10.1099,-34.1324,0.2284012,
2,27.982,2,4.56131,355.2566,-2.184593,0.4789399,6.8629,-10.1099,-34.1324,0.2284012,
2,27.992,2,4.558664,355.2395,-2.186486,0.4796331,6.8629,-10.1099,-34.1324,0.2284012,
2,28.002,2,4.557628,355.203,-2.190543,0.4806323,6.8629,-10.1099,-34.1324,0.2284012,
2,28.012,2,4.557823,355.2023,-2.190086,0.4805115,6.8629,-10.1099,-34.1324,0.2284012,
2,28.022,2,4.558031,355.2116,-2.189877,0.4804436,6.8629,-10.1099,-34.1324,0.2284012,
2,28.032,2,4.559813,355.216,-2.190059,0.4802958,6.8629,-10.1099,-34.1324,0.2284012,
2,28.042,2,4.559424,355.2071,-2.193985,0.4811977,6.8629,-10.1099,-34.1324,0.2284012,
2,28.052,2,4.557712,355.1793,-2.195507,0.4817126,6.8629,-10.1099,-34.1324,0.2284012,
2,28.062,2,4.557719,355.1842,-2.193498,0.4812709,6.8629,-10.1099,-34.1324,0.2284012,
2,28.072,2,4.559396,355.1806,-2.194755,0.4813696,6.85675,-10.1099,-34.1345,0.2304993,
2,28.082,2,4.55821,355.1857,-2.196918,0.4819694,6.85675,-10.1099,-34.1345,0.2304993,
2,28.092,2,4.558279,355.2034,-2.197125,0.4820076,6.85675,-10.1099,-34.1345,0.2304993,
2,28.102,2,4.557922,355.1648,-2.196832,0.481981,6.85675,-10.1099,-34.1345,0.2304993,
2,28.112,2,4.55821,355.1426,-2.195338,0.4816228,6.85675,-10.1099,-34.1345,0.2304993,
2,28.122,2,4.556064,355.1493,-2.195255,0.4818314,6.85675,-10.1099,-34.1345,0.2304993,
2,28.132,2,4.55844,355.1637,-2.194794,0.4814792,6.85675,-10.1099,-34.1345,0.2304993,
2,28.142,2,4.557822,355.1315,-2.192794,0.4811057,6.85675,-10.1099,-34.1345,0.2304993,
2,28.152,2,4.556343,355.1146,-2.189813,0.4806075,6.85675,-10.1099,-34.1345,0.2304993,
2,28.162,2,4.554653,355.1065,-2.192684,0.4814162,6.85675,-10.1099,-34.1345,0.2304993,
2,28.172,2,4.555496,355.1123,-2.196706,0.48221,6.85675,-10.1099,-34.1345,0.2304993,
2,28.182,2,4.558203,355.0924,-2.194669,0.4814769,6.85675,-10.1099,-34.1345,0.2304993,
2,28.192,2,4.561615,355.0758,-2.193442,0.4808477,6.85675,-10.1099,-34.1345,0.2304993,
2,28.202,2,4.566957,355.0489,-2.198101,0.4813054,6.85675,-10.1099,-34.1345,0.2304993,
2,28.212,2,4.57948,354.9885,-2.20278,0.4810109,6.85675,-10.1099,-34.1345,0.2304993,
2,28.222,2,4.588749,354.9472,-2.206805,0.4809163,6.85675,-10.1099,-34.1345,0.2304993,
2,28.232,2,4.596582,354.9258,-2.208441,0.4804528,6.85675,-10.1099,-34.1345,0.2304993,
2,28.242,2,4.60377,354.9301,-2.211622,0.4803936,6.85675,-10.1099,-34.1345,0.2304993,
2,28.252,2,4.605824,354.9082,-2.215343,0.4809875,6.85675,-10.1099,-34.1345,0.2304993,
2,28.262,2,4.60437,354.8798,-2.216195,0.4813242,6.85675,-10.1099,-34.1345,0.2304993,
2,28.272,2,4.60282,354.8823,-2.216738,0.4816043,6.85675,-10.1099,-34.1345,0.2304993,
2,28.282,2,4.602126,354.8727,-2.217468,0.4818356,6.85675,-10.1099,-34.1345,0.2304993,
2,28.292,2,4.602942,354.84,-2.218655,0.482008,6.85675,-10.1099,-34.1345,0.2304993,
2,28.302,2,4.603346,354.8552,-2.220489,0.4823641,6.85675,-10.1099,-34.1345,0.2304993,
2,28.312,2,4.603259,354.8438,-2.219591,0.4821783,6.85675,-10.1099,-34.1345,0.2304993,
2,28.322,2,4.603065,354.8356,-2.217092,0.4816555,6.8506,-10.1099,-34.1367,0.2327003,
2,28.332,2,4.602465,354.8332,-2.217837,0.4818803,6.8506,-10.1099,-34.1367,0.2327003,
2,28.342,2,4.603184,354.8198,-2.217754,0.4817871,6.8506,-10.1099,-34.1367,0.2327003,
2,28.352,2,4.603479,354.8167,-2.214724,0.4810978,6.8506,-10.1099,-34.1367,0.2327003,
2,28.362,2,4.604396,354.8054,-2.212832,0.4805912,6.8506,-10.1099,-34.1367,0.2327003,
2,28.372,2,4.606631,354.7838,-2.21658,0.4811716,6.8506,-10.1099,-34.1367,0.2327003,
2,28.382,2,4.603892,354.7547,-2.219541,0.4821009,6.8506,-10.1099,-34.1367,0.2327003,
2,28.392,2,4.603753,354.7752,-2.220175,0.4822532,6.8506,-10.1099,-34.1367,0.2327003,
2,28.402,2,4.602756,354.7553,-2.218371,0.4819658,6.8506,-10.1099,-34.1367,0.2327003,
2,28.412,2,4.603585,354.8119,-2.219359,0.4820936,6.8506,-10.1099,-34.1367,0.2327003,
2,28.422,2,4.604532,354.6993,-2.22091,0.4823314,6.8506,-10.1099,-34.1367,0.2327003,
2,28.432,2,4.601134,354.7421,-2.22213,0.4829527,6.8506,-10.1099,-34.1367,0.2327003,
2,28.442,2,4.603646,354.7251,-2.223527,0.4829926,6.8506,-10.1099,-34.1367,0.2327003,
2,28.452,2,4.608681,354.719,-2.225082,0.4828023,6.8506,-10.1099,-34.1367,0.2327003,
2,28.462,2,4.617444,354.6786,-2.229487,0.4828402,6.8506,-10.1099,-34.1367,0.2327003,
2,28.472,2,4.628957,354.6288,-2.230558,0.4818705,6.8506,-10.1099,-34.1367,0.2327003,
2,28.482,2,4.640073,354.5923,-2.231515,0.4809223,6.8506,-10.1099,-34.1367,0.2327003,
2,28.492,2,4.647779,354.5585,-2.234056,0.4806717,6.8506,-10.1099,-34.1367,0.2327003,
2,28.502,2,4.650835,354.556,-2.239047,0.4814291,6.8506,-10.1099,-34.1367,0.2327003,
2,28.512,2,4.651791,354.5329,-2.240298,0.481599,6.8506,-10.1099,-34.1367,0.2327003,
2,28.522,2,4.647899,354.5245,-2.237071,0.481308,6.8506,-10.1099,-34.1367,0.2327003,
2,28.532,2,4.646649,354.5309,-2.237869,0.4816092,6.8506,-10.1099,-34.1367,0.2327003,
2,28.542,2,4.648635,354.5308,-2.239285,0.4817082,6.8506,-10.1099,-34.1367,0.2327003,
2,28.552,2,4.649468,354.5052,-2.240707,0.4819275,6.8506,-10.1099,-34.1367,0.2327003,
2,28.562,2,4.649685,354.4987,-2.237479,0.4812109,6.8506,-10.1099,-34.1367,0.2327003,
2,28.572,2,4.648229,354.48,-2.236235,0.481094,6.8506,-10.1099,-34.1367,0.2327003,
2,28.582,2,4.649238,354.4768,-2.23833,0.4814402,6.8506,-10.1099,-34.1367,0.2327003,
2,28.592,2,4.647752,354.4572,-2.242617,0.4825166,6.8437,-10.1099,-34.1389,0.2349014,
2,28.602,2,4.649481,354.4503,-2.241354,0.4820653,6.8437,-10.1099,-34.1389,0.2349014,
2,28.612,2,4.647319,354.4441,-2.243527,0.4827573,6.8437,-10.1099,-34.1389,0.2349014,
2,28.622,2,4.646736,354.447,-2.245627,0.4832698,6.8437,-10.1099,-34.1389,0.2349014,
2,28.632,2,4.645398,354.4501,-2.249479,0.4842383,6.8437,-10.1099,-34.1389,0.2349014,
2,28.642,2,4.646881,354.4268,-2.24935,0.4840559,6.8437,-10.1099,-34.1389,0.2349014,
2,28.652,2,4.648306,354.4217,-2.24873,0.4837742,6.8437,-10.1099,-34.1389,0.2349014,
2,28.662,2,4.646496,354.4104,-2.250445,0.4843316,6.8437,-10.1099,-34.1389,0.2349014,
2,28.672,2,4.64475,354.3748,-2.25342,0.4851543,6.8437,-10.1099,-34.1389,0.2349014,
2,28.682,2,4.647742,354.3794,-2.251837,0.4845012,6.8437,-10.1099,-34.1389,0.2349014,
2,28.692,2,4.648917,354.4041,-2.25015,0.4840159,6.8437,-10.1099,-34.1389,0.2349014,
2,28.702,2,4.646271,354.3849,-2.25264,0.4848276,6.8437,-10.1099,-34.1389,0.2349014,
2,28.712,2,4.647767,354.3854,-2.255104,0.4852016,6.8437,-10.1099,-34.1389,0.2349014,
2,28.722,2,4.650495,354.359,-2.254681,0.484826,6.8437,-10.1099,-34.1389,0.2349014,
2,28.732,2,4.658526,354.3015,-2.252637,0.4835514,6.8437,-10.1099,-34.1389,0.2349014,
2,28.742,2,4.671035,354.2902,-2.255702,0.4829125,6.8437,-10.1099,-34.1389,0.2349014,
2,28.752,2,4.680604,354.2397,-2.257726,0.4823578,6.8437,-10.1099,-34.1389,0.2349014,
2,28.762,2,4.687446,354.2076,-2.259896,0.4821168,6.8437,-10.1099,-34.1389,0.2349014,
2,28.772,2,4.691649,354.1921,-2.261338,0.481992,6.8437,-10.1099,-34.1389,0.2349014,
2,28.782,2,4.693536,354.1799,-2.260931,0.4817116,6.8437,-10.1099,-34.1389,0.2349014,
2,28.792,2,4.69369,354.1643,-2.263916,0.4823319,6.8437,-10.1099,-34.1389,0.2349014,
2,28.802,2,4.691564,354.1738,-2.267514,0.4833172,6.8437,-10.1099,-34.1389,0.2349014,
2,28.812,2,4.691449,354.1485,-2.267304,0.4832844,6.8437,-10.1099,-34.1389,0.2349014,
2,28.822,2,4.691286,354.1399,-2.268586,0.4835745,6.8437,-10.1099,-34.1389,0.2349014,
2,28.832,2,4.692128,354.1533,-2.27094,0.4839893,6.8437,-10.1099,-34.1389,0.2349014,
2,28.842,2,4.692898,354.112,-2.272718,0.4842887,6.8437,-10.1099,-34.1389,0.2349014,
2,28.852,2,4.689729,354.1021,-2.273297,0.4847394,6.8437,-10.1099,-34.1389,0.2349014,
2,28.862,2,4.691766,354.1165,-2.272168,0.4842884,6.8437,-10.1099,-34.1389,0.2349014,
2,28.872,2,4.691838,354.0779,-2.27596,0.4850892,6.8437,-10.1099,-34.1389,0.2349014,
2,28.882,2,4.685956,354.0733,-2.28061,0.4866905,6.8437,-10.1099,-34.1389,0.2349014,
2,28.892,2,4.688319,354.083,-2.278992,0.4861001,6.8372,-10.1099,-34.1411,0.2371025,
2,28.902,2,4.689907,354.0781,-2.277216,0.4855568,6.8372,-10.1099,-34.1411,0.2371025,
2,28.912,2,4.688461,354.0713,-2.28058,0.486424,6.8372,-10.1099,-34.1411,0.2371025,
2,28.922,2,4.68827,354.1312,-2.283446,0.4870552,6.8372,-10.1099,-34.1411,0.2371025,
2,28.932,2,4.689345,354.0503,-2.279251,0.4860489,6.8372,-10.1099,-34.1411,0.2371025,
2,28.942,2,4.690069,354.0397,-2.276749,0.4854405,6.8372,-10.1099,-34.1411,0.2371025,
2,28.952,2,4.688277,354.0328,-2.276519,0.4855768,6.8372,-10.1099,-34.1411,0.2371025,
2,28.962,2,4.68704,354.0457,-2.279452,0.4863307,6.8372,-10.1099,-34.1411,0.2371025,
2,28.972,2,4.687398,354.026,-2.277142,0.4858009,6.8372,-10.1099,-34.1411,0.2371025,
2,28.982,2,4.689047,354.0206,-2.275721,0.4853269,6.8372,-10.1099,-34.1411,0.2371025,
2,28.992,2,4.687522,354.0075,-2.27383,0.4850813,6.8372,-10.1099,-34.1411,0.2371025,
2,29.002,2,4.689728,354.0157,-2.27805,0.4857531,6.8372,-10.1099,-34.1411,0.2371025,
2,29.012,2,4.694487,353.9856,-2.279031,0.4854697,6.8372,-10.1099,-34.1411,0.2371025,
2,29.022,2,4.701871,353.9543,-2.28091,0.4851069,6.8372,-10.1099,-34.1411,0.2371025,
2,29.032,2,4.713556,353.8986,-2.282453,0.4842316,6.8372,-10.1099,-34.1411,0.2371025,
2,29.042,2,4.725852,353.8499,-2.288656,0.4842844,6.8372,-10.1099,-34.1411,0.2371025,
2,29.052,2,4.732018,353.8356,-2.294644,0.4849188,6.8372,-10.1099,-34.1411,0.2371025,
2,29.062,2,4.734585,353.8183,-2.295211,0.4847755,6.8372,-10.1099,-34.1411,0.2371025,
2,29.072,2,4.736773,353.803,-2.297732,0.4850838,6.8372,-10.1099,-34.1411,0.2371025,
2,29.082,2,4.736273,353.7905,-2.301517,0.4859343,6.8372,-10.1099,-34.1411,0.2371025,
2,29.092,2,4.736395,353.7557,-2.302085,0.4860417,6.8372,-10.1099,-34.1411,0.2371025,
2,29.102,2,4.736905,353.7897,-2.302938,0.4861693,6.8372,-10.1099,-34.1411,0.2371025,
2,29.112,2,4.736059,353.7707,-2.301619,0.4859776,6.8372,-10.1099,-34.1411,0.2371025,
2,29.122,2,4.734789,353.7659,-2.302655,0.4863268,6.8372,-10.1099,-34.1411,0.2371025,
2,29.132,2,4.73386,353.7226,-2.307637,0.4874747,6.8372,-10.1099,-34.1411,0.2371025,
2,29.142,2,4.734472,353.7612,-2.303936,0.4866301,6.83028,-10.1099,-34.1433,0.2392998,
2,29.152,2,4.734017,353.7437,-2.303063,0.4864924,6.83028,-10.1099,-34.1433,0.2392998,
2,29.162,2,4.734791,353.7449,-2.303094,0.4864193,6.83028,-10.1099,-34.1433,0.2392998,
2,29.172,2,4.733542,353.7005,-2.302236,0.4863665,6.83028,-10.1099,-34.1433,0.2392998,
2,29.182,2,4.735799,353.7211,-2.302568,0.4862048,6.83028,-10.1099,-34.1433,0.2392998,
2,29.192,2,4.734148,353.7093,-2.300565,0.4859513,6.83028,-10.1099,-34.1433,0.2392998,
2,29.202,2,4.731693,353.7122,-2.301378,0.4863752,6.83028,-10.1099,-34.1433,0.2392998,
2,29.212,2,4.730713,353.669,-2.306084,0.4874707,6.83028,-10.1099,-34.1433,0.2392998,
2,29.222,2,4.732433,353.6974,-2.307173,0.4875236,6.83028,-10.1099,-34.1433,0.2392998,
2,29.232,2,4.731954,353.6866,-2.305093,0.4871334,6.83028,-10.1099,-34.1433,0.2392998,
2,29.242,2,4.731262,353.6782,-2.306477,0.4874972,6.83028,-10.1099,-34.1433,0.2392998,
2,29.252,2,4.729551,353.6421,-2.309479,0.4883083,6.83028,-10.1099,-34.1433,0.2392998,
2,29.262,2,4.734608,353.628,-2.30872,0.4876264,6.83028,-10.1099,-34.1433,0.2392998,
2,29.272,2,4.742036,353.6194,-2.310548,0.4872481,6.83028,-10.1099,-34.1433,0.2392998,
2,29.282,2,4.750293,353.5874,-2.314165,0.4871626,6.83028,-10.1099,-34.1433,0.2392998,
2,29.292,2,4.761868,353.5521,-2.318413,0.4868706,6.83028,-10.1099,-34.1433,0.2392998,
2,29.302,2,4.772411,353.4678,-2.324275,0.4870232,6.83028,-10.1099,-34.1433,0.2392998,
2,29.312,2,4.776271,353.5507,-2.326425,0.4870798,6.83028,-10.1099,-34.1433,0.2392998,
2,29.322,2,4.780141,353.3879,-2.326689,0.4867407,6.83028,-10.1099,-34.1433,0.2392998,
2,29.332,2,4.781445,353.5428,-2.332252,0.4877713,6.83028,-10.1099,-34.1433,0.2392998,
2,29.342,2,4.779678,353.5001,-2.33062,0.4876102,6.83028,-10.1099,-34.1433,0.2392998,
2,29.352,2,4.782073,353.441,-2.327709,0.4867574,6.83028,-10.1099,-34.1433,0.2392998,
2,29.362,2,4.780991,353.4281,-2.325847,0.4864781,6.83028,-10.1099,-34.1433,0.2392998,
2,29.372,2,4.77832,353.4164,-2.328999,0.4874096,6.83028,-10.1099,-34.1433,0.2392998,
2,29.382,2,4.780157,353.433,-2.328559,0.4871303,6.83028,-10.1099,-34.1433,0.2392998,
2,29.392,2,4.780138,353.4004,-2.326673,0.4867375,6.83028,-10.1099,-34.1433,0.2392998,
2,29.402,2,4.781325,353.3884,-2.324526,0.4861677,6.83028,-10.1099,-34.1433,0.2392998,
2,29.412,2,4.778505,353.3822,-2.326989,0.4869702,6.83028,-10.1099,-34.1433,0.2392998,
2,29.422,2,4.777355,353.3488,-2.328505,0.4874046,6.83028,-10.1099,-34.1433,0.2392998,
2,29.432,2,4.778393,353.3623,-2.329945,0.4876001,6.82415,-10.1099,-34.1456,0.2416,
2,29.442,2,4.779195,353.3591,-2.331017,0.4877426,6.82415,-10.1099,-34.1456,0.2416,
2,29.452,2,4.779418,353.3508,-2.331725,0.487868,6.82415,-10.1099,-34.1456,0.2416,
2,29.462,2,4.778396,353.3202,-2.334604,0.4885747,6.82415,-10.1099,-34.1456,0.2416,
2,29.472,2,4.776235,353.3291,-2.33467,0.4888096,6.82415,-10.1099,-34.1456,0.2416,
2,29.482,2,4.774994,353.3261,-2.335899,0.489194,6.82415,-10.1099,-34.1456,0.2416,
2,29.492,2,4.775702,353.3145,-2.336183,0.4891811,6.82415,-10.1099,-34.1456,0.2416,
2,29.502,2,4.777245,353.314,-2.338285,0.4894631,6.82415,-10.1099,-34.1456,0.2416,
2,29.512,2,4.778018,353.2886,-2.339431,0.4896238,6.82415,-10.1099,-34.1456,0.2416,
2,29.522,2,4.776568,353.2928,-2.337187,0.4893026,6.82415,-10.1099,-34.1456,0.2416,
2,29.532,2,4.776594,353.2789,-2.339363,0.4897555,6.82415,-10.1099,-34.1456,0.2416,
2,29.542,2,4.776956,353.2712,-2.342464,0.4903675,6.82415,-10.1099,-34.1456,0.2416,
2,29.552,2,4.77876,353.2559,-2.34228,0.4901438,6.82415,-10.1099,-34.1456,0.2416,
2,29.562,2,4.78718,353.2314,-2.341041,0.4890229,6.82415,-10.1099,-34.1456,0.2416,
2,29.572,2,4.799897,353.1925,-2.338787,0.4872578,6.82415,-10.1099,-34.1456,0.2416,
2,29.582,2,4.811114,353.158,-2.343144,0.4870273,6.82415,-10.1099,-34.1456,0.2416,
2,29.592,2,4.820996,353.1229,-2.344972,0.4864083,6.82415,-10.1099,-34.1456,0.2416,
2,29.602,2,4.826252,353.0894,-2.344553,0.4857916,6.82415,-10.1099,-34.1456,0.2416,
2,29.612,2,4.828514,353.0792,-2.346868,0.4860434,6.82415,-10.1099,-34.1456,0.2416,
2,29.622,2,4.828224,353.0587,-2.34943,0.4866033,6.82415,-10.1099,-34.1456,0.2416,
2,29.632,2,4.827905,353.0696,-2.354063,0.4875952,6.82415,-10.1099,-34.1456,0.2416,
2,29.642,2,4.824925,353.0468,-2.353788,0.4878392,6.82415,-10.1099,-34.1456,0.2416,
2,29.652,2,4.826385,353.0392,-2.353579,0.4876485,6.82415,-10.1099,-34.1456,0.2416,
2,29.662,2,4.825648,353.0372,-2.35385,0.4877791,6.82415,-10.1099,-34.1456,0.2416,
2,29.672,2,4.826084,353.0484,-2.356384,0.4882601,6.82415,-10.1099,-34.1456,0.2416,
2,29.682,2,4.824954,353.0162,-2.3572,0.4885435,6.818,-10.1099,-34.1478,0.2438011,
2,29.692,2,4.826504,353.0004,-2.358708,0.4886992,6.818,-10.1099,-34.1478,0.2438011,
2,29.702,2,4.827045,352.9967,-2.3612,0.4891605,6.818,-10.1099,-34.1478,0.2438011,
2,29.712,2,4.823571,352.9827,-2.363385,0.4899659,6.818,-10.1099,-34.1478,0.2438011,
2,29.722,2,4.823664,352.9837,-2.365523,0.4903996,6.818,-10.1099,-34.1478,0.2438011,
2,29.732,2,4.826068,352.9695,-2.365674,0.4901865,6.818,-10.1099,-34.1478,0.2438011,
2,29.742,2,4.824585,352.9678,-2.364007,0.4899916,6.818,-10.1099,-34.1478,0.2438011,
2,29.752,2,4.823102,352.9592,-2.366221,0.4906015,6.818,-10.1099,-34.1478,0.2438011,
2,29.762,2,4.822839,352.9977,-2.36792,0.4909806,6.818,-10.1099,-34.1478,0.2438011,
2,29.772,2,4.824653,352.9568,-2.366368,0.4904742,6.818,-10.1099,-34.1478,0.2438011,
2,29.782,2,4.822658,352.9842,-2.365526,0.4905026,6.818,-10.1099,-34.1478,0.2438011,
2,29.792,2,4.824934,352.9454,-2.365321,0.4902287,6.818,-10.1099,-34.1478,0.2438011,
2,29.802,2,4.824247,352.9261,-2.365355,0.4903055,6.818,-10.1099,-34.1478,0.2438011,
2,29.812,2,4.830193,352.9143,-2.363761,0.489372,6.818,-10.1099,-34.1478,0.2438011,
2,29.822,2,4.839578,352.8741,-2.363291,0.4883258,6.818,-10.1099,-34.1478,0.2438011,
2,29.832,2,4.852815,352.8297,-2.366393,0.487633,6.818,-10.1099,-34.1478,0.2438011,
2,29.842,2,4.86254,352.7712,-2.371093,0.4876243,6.818,-10.1099,-34.1478,0.2438011,
2,29.852,2,4.871187,352.759,-2.374055,0.4873669,6.818,-10.1099,-34.1478,0.2438011,
2,29.862,2,4.872965,352.7388,-2.375001,0.4873832,6.818,-10.1099,-34.1478,0.2438011,
2,29.872,2,4.876432,352.7318,-2.37788,0.4876269,6.818,-10.1099,-34.1478,0.2438011,
2,29.882,2,4.87296,352.7242,-2.383462,0.4891199,6.818,-10.1099,-34.1478,0.2438011,
2,29.892,2,4.874625,352.7072,-2.385351,0.4893404,6.818,-10.1099,-34.1478,0.2438011,
2,29.902,2,4.874294,352.6997,-2.383074,0.4889066,6.818,-10.1099,-34.1478,0.2438011,
2,29.912,2,4.872893,352.6754,-2.387462,0.4899475,6.818,-10.1099,-34.1478,0.2438011,
2,29.922,2,4.871695,352.6495,-2.389083,0.4904008,6.818,-10.1099,-34.1478,0.2438011,
2,29.932,2,4.871893,352.6731,-2.38866,0.490294,6.818,-10.1099,-34.1478,0.2438011,
2,29.942,2,4.872714,352.6611,-2.387301,0.4899325,6.8111,-10.1099,-34.1501,0.2461014,
2,29.952,2,4.873503,352.6607,-2.387341,0.4898615,6.8111,-10.1099,-34.1501,0.2461014,
2,29.962,2,4.872241,352.6361,-2.388917,0.4903118,6.8111,-10.1099,-34.1501,0.2461014,
2,29.972,2,4.870159,352.6402,-2.392305,0.491217,6.8111,-10.1099,-34.1501,0.2461014,
2,29.982,2,4.871449,352.6382,-2.387925,0.4901878,6.8111,-10.1099,-34.1501,0.2461014,
2,29.992,2,4.872066,352.6254,-2.385478,0.4896235,6.8111,-10.1099,-34.1501,0.2461014,
2,30.002,2,4.872776,352.6029,-2.388089,0.4900879,6.8111,-10.1099,-34.1501,0.2461014,
2,30.012,2,4.870728,352.5976,-2.389859,0.4906575,6.8111,-10.1099,-34.1501,0.2461014,
2,30.022,2,4.869701,352.5918,-2.385416,0.4898485,6.8111,-10.1099,-34.1501,0.2461014,
2,30.032,2,4.870842,352.5882,-2.383201,0.4892791,6.8111,-10.1099,-34.1501,0.2461014,
2,30.042,2,4.870489,352.5899,-2.385525,0.4897916,6.8111,-10.1099,-34.1501,0.2461014,
2,30.052,2,4.874025,352.5671,-2.389561,0.4902644,6.8111,-10.1099,-34.1501,0.2461014,
2,30.062,2,4.885462,352.5143,-2.392139,0.4896444,6.8111,-10.1099,-34.1501,0.2461014,
2,30.072,2,4.89526,352.4719,-2.392051,0.4886465,6.8111,-10.1099,-34.1501,0.2461014,
2,30.082,2,4.903125,352.4354,-2.398746,0.4892279,6.8111,-10.1099,-34.1501,0.2461014,
2,30.092,2,4.914712,352.4654,-2.399511,0.4882303,6.8111,-10.1099,-34.1501,0.2461014,
2,30.102,2,4.916133,352.3873,-2.402448,0.4886864,6.8111,-10.1099,-34.1501,0.2461014,
2,30.112,2,4.915027,352.3619,-2.40638,0.4895966,6.8111,-10.1099,-34.1501,0.2461014,
2,30.122,2,4.917305,352.3713,-2.413004,0.4907168,6.8111,-10.1099,-34.1501,0.2461014,
2,30.132,2,4.916689,352.3466,-2.413159,0.4908098,6.8111,-10.1099,-34.1501,0.2461014,
2,30.142,2,4.914729,352.3513,-2.414942,0.4913682,6.8111,-10.1099,-34.1501,0.2461014,
2,30.152,2,4.917545,352.3493,-2.411743,0.4904364,6.8111,-10.1099,-34.1501,0.2461014,
2,30.162,2,4.91608,352.3307,-2.412351,0.4907062,6.8111,-10.1099,-34.1501,0.2461014,
2,30.172,2,4.914056,352.3297,-2.41786,0.4920294,6.8111,-10.1099,-34.1501,0.2461014,
2,30.182,2,4.915114,352.314,-2.417807,0.4919126,6.80535,-10.1099,-34.1523,0.2483025,
2,30.192,2,4.916658,352.3021,-2.413416,0.4908652,6.80535,-10.1099,-34.1523,0.2483025,
2,30.202,2,4.914351,352.2959,-2.414131,0.491241,6.80535,-10.1099,-34.1523,0.2483025,
2,30.212,2,4.914408,352.2928,-2.414097,0.4912284,6.80535,-10.1099,-34.1523,0.2483025,
2,30.222,2,4.917034,352.3076,-2.411034,0.4903432,6.80535,-10.1099,-34.1523,0.2483025,
2,30.232,2,4.915077,352.2791,-2.410937,0.4905187,6.80535,-10.1099,-34.1523,0.2483025,
2,30.242,2,4.91309,352.2727,-2.410321,0.4905916,6.80535,-10.1099,-34.1523,0.2483025,
2,30.252,2,4.916531,352.2586,-2.412276,0.4906459,6.80535,-10.1099,-34.1523,0.2483025,
2,30.262,2,4.913439,352.2767,-2.41624,0.4917615,6.80535,-10.1099,-34.1523,0.2483025,
2,30.272,2,4.909808,352.2479,-2.413981,0.491665,6.80535,-10.1099,-34.1523,0.2483025,
2,30.282,2,4.91485,352.2342,-2.413218,0.4910054,6.80535,-10.1099,-34.1523,0.2483025,
2,30.292,2,4.91803,352.2083,-2.417962,0.4916525,6.80535,-10.1099,-34.1523,0.2483025,
2,30.302,2,4.927351,352.1896,-2.421766,0.4914946,6.80535,-10.1099,-34.1523,0.2483025,
2,30.312,2,4.940285,352.1365,-2.423666,0.4905924,6.80535,-10.1099,-34.1523,0.2483025,
2,30.322,2,4.949824,352.1033,-2.425609,0.4900395,6.80535,-10.1099,-34.1523,0.2483025,
2,30.332,2,4.956793,352.0797,-2.42927,0.4900889,6.80535,-10.1099,-34.1523,0.2483025,
2,30.342,2,4.960369,352.0815,-2.432848,0.4904571,6.80535,-10.1099,-34.1523,0.2483025,
2,30.352,2,4.96188,352.0558,-2.433112,0.490361,6.80535,-10.1099,-34.1523,0.2483025,
2,30.362,2,4.961596,352.0404,-2.434548,0.4906784,6.80535,-10.1099,-34.1523,0.2483025,
2,30.372,2,4.961519,352.0378,-2.436797,0.4911394,6.80535,-10.1099,-34.1523,0.2483025,
2,30.382,2,4.960198,352.0139,-2.438778,0.4916694,6.80535,-10.1099,-34.1523,0.2483025,
2,30.392,2,4.959362,352.0212,-2.439419,0.4918817,6.80535,-10.1099,-34.1523,0.2483025,
2,30.402,2,4.958568,352.0112,-2.435047,0.4910787,6.7996,-10.1099,-34.1544,0.2504005,
2,30.412,2,4.960787,351.9831,-2.434592,0.4907674,6.7996,-10.1099,-34.1544,0.2504005,
2,30.422,2,4.960406,351.989,-2.436942,0.4912788,6.7996,-10.1099,-34.1544,0.2504005,
2,30.432,2,4.960309,351.9915,-2.434235,0.4907426,6.7996,-10.1099,-34.1544,0.2504005,
2,30.442,2,4.960491,351.9739,-2.432288,0.4903321,6.7996,-10.1099,-34.1544,0.2504005,
2,30.452,2,4.959127,351.9633,-2.433453,0.4907018,6.7996,-10.1099,-34.1544,0.2504005,
2,30.462,2,4.958959,351.9656,-2.437044,0.4914427,6.7996,-10.1099,-34.1544,0.2504005,
2,30.472,2,4.960598,351.9449,-2.437078,0.4912872,6.7996,-10.1099,-34.1544,0.2504005,
2,30.482,2,4.957416,351.9453,-2.437959,0.4917802,6.7996,-10.1099,-34.1544,0.2504005,
2,30.492,2,4.961088,351.9249,-2.437248,0.4912729,6.7996,-10.1099,-34.1544,0.2504005,
2,30.502,2,4.965223,351.8661,-2.438966,0.4912098,6.7996,-10.1099,-34.1544,0.2504005,
2,30.512,2,4.976716,351.8871,-2.440212,0.4903257,6.7996,-10.1099,-34.1544,0.2504005,
2,30.522,2,4.986887,351.8243,-2.440783,0.4894402,6.7996,-10.1099,-34.1544,0.2504005,
2,30.532,2,4.995268,351.777,-2.445275,0.4895183,6.7996,-10.1099,-34.1544,0.2504005,
2,30.542,2,4.998859,351.7639,-2.45098,0.4903079,6.7996,-10.1099,-34.1544,0.2504005,
2,30.552,2,5.004363,351.7733,-2.452867,0.4901457,6.7996,-10.1099,-34.1544,0.2504005,
2,30.562,2,5.00517,351.7323,-2.455549,0.4906026,6.7996,-10.1099,-34.1544,0.2504005,
2,30.572,2,5.002721,351.7209,-2.456469,0.4910265,6.7996,-10.1099,-34.1544,0.2504005,
2,30.582,2,5.003847,351.7014,-2.457036,0.4910293,6.7996,-10.1099,-34.1544,0.2504005,
2,30.592,2,5.002949,351.6307,-2.459549,0.4916199,6.79537,-10.1099,-34.1566,0.2526016,
2,30.602,2,5.003806,351.6915,-2.460826,0.4917908,6.79537,-10.1099,-34.1566,0.2526016,
2,30.612,2,5.005529,351.6893,-2.455647,0.4905869,6.79537,-10.1099,-34.1566,0.2526016,
2,30.622,2,5.004445,351.6819,-2.45819,0.4912013,6.79537,-10.1099,-34.1566,0.2526016,
2,30.632,2,5.003721,351.6607,-2.463296,0.4922928,6.79537,-10.1099,-34.1566,0.2526016,
2,30.642,2,5.001482,351.6637,-2.459652,0.4917847,6.79537,-10.1099,-34.1566,0.2526016,
2,30.652,2,5.005383,351.6462,-2.455126,0.4904972,6.79537,-10.1099,-34.1566,0.2526016,
2,30.662,2,5.003024,351.6475,-2.459592,0.491621,6.79537,-10.1099,-34.1566,0.2526016,
2,30.672,2,5.000698,351.5902,-2.466805,0.4932922,6.79537,-10.1099,-34.1566,0.2526016,
2,30.682,2,5.002784,351.6199,-2.461371,0.4920002,6.79537,-10.1099,-34.1566,0.2526016,
2,30.692,2,5.007652,351.5826,-2.460654,0.4913789,6.79537,-10.1099,-34.1566,0.2526016,
2,30.702,2,5.015617,351.5632,-2.464389,0.4913431,6.79537,-10.1099,-34.1566,0.2526016,
2,30.712,2,5.026109,351.5361,-2.466383,0.4907141,6.79537,-10.1099,-34.1566,0.2526016,
2,30.722,2,5.036931,351.4869,-2.47743,0.4918531,6.79537,-10.1099,-34.1566,0.2526016,
2,30.732,2,5.040398,351.4684,-2.47966,0.4919572,6.79537,-10.1099,-34.1566,0.2526016,
2,30.742,2,5.044087,351.4445,-2.481611,0.4919842,6.79537,-10.1099,-34.1566,0.2526016,
2,30.752,2,5.045925,351.4447,-2.48189,0.4918603,6.79537,-10.1099,-34.1566,0.2526016,
2,30.762,2,5.042935,351.4344,-2.483643,0.4924994,6.79537,-10.1099,-34.1566,0.2526016,
2,30.772,2,5.044077,351.4236,-2.485323,0.4927211,6.79537,-10.1099,-34.1566,0.2526016,
2,30.782,2,5.044477,351.4099,-2.485483,0.4927136,6.79537,-10.1099,-34.1566,0.2526016,
2,30.792,2,5.043049,351.4059,-2.489293,0.4936087,6.79537,-10.1099,-34.1566,0.2526016,
2,30.802,2,5.043407,351.4163,-2.490187,0.4937508,6.79537,-10.1099,-34.1566,0.2526016,
2,30.812,2,5.043734,351.3831,-2.48911,0.4935054,6.79537,-10.1099,-34.1566,0.2526016,
2,30.822,2,5.044269,351.3819,-2.485952,0.4928271,6.79,-10.1099,-34.1585,0.2545013,
2,30.832,2,5.043308,351.3656,-2.487579,0.4932435,6.79,-10.1099,-34.1585,0.2545013,
2,30.842,2,5.043859,351.3833,-2.489189,0.4935087,6.79,-10.1099,-34.1585,0.2545013,
2,30.852,2,5.042448,351.3376,-2.487963,0.4934038,6.79,-10.1099,-34.1585,0.2545013,
2,30.862,2,5.042087,351.3405,-2.484511,0.4927545,6.79,-10.1099,-34.1585,0.2545013,
2,30.872,2,5.041514,351.3293,-2.484644,0.4928369,6.79,-10.1099,-34.1585,0.2545013,
2,30.882,2,5.04214,351.3515,-2.486603,0.4931642,6.79,-10.1099,-34.1585,0.2545013,
2,30.892,2,5.040671,351.3058,-2.487335,0.4934531,6.79,-10.1099,-34.1585,0.2545013,
2,30.902,2,5.041621,351.306,-2.484511,0.4927999,6.79,-10.1099,-34.1585,0.2545013,
2,30.912,2,5.045289,351.2879,-2.484571,0.4924536,6.79,-10.1099,-34.1585,0.2545013,
2,30.922,2,5.05233,351.2866,-2.489828,0.4928078,6.79,-10.1099,-34.1585,0.2545013,
2,30.932,2,5.06273,351.2329,-2.486255,0.4910897,6.79,-10.1099,-34.1585,0.2545013,
2,30.942,2,5.074558,351.1738,-2.488636,0.4904144,6.79,-10.1099,-34.1585,0.2545013,
2,30.952,2,5.081301,351.1489,-2.491967,0.4904191,6.79,-10.1099,-34.1585,0.2545013,
2,30.962,2,5.084672,351.1162,-2.506979,0.4930463,6.79,-10.1099,-34.1585,0.2545013,
2,30.972,2,5.087315,351.1183,-2.499607,0.4913412,6.79,-10.1099,-34.1585,0.2545013,
2,30.982,2,5.084086,351.1128,-2.499336,0.4915997,6.79,-10.1099,-34.1585,0.2545013,
2,30.992,2,5.083255,351.0938,-2.499697,0.4917513,6.79,-10.1099,-34.1585,0.2545013,
2,31.002,2,5.085097,351.1035,-2.50398,0.4924153,6.79,-10.1099,-34.1585,0.2545013,
2,31.012,2,5.083951,351.0916,-2.507859,0.4932892,6.79,-10.1099,-34.1585,0.2545013,
2,31.022,2,5.084746,351.0793,-2.501821,0.4920247,6.79,-10.1099,-34.1585,0.2545013,
2,31.032,2,5.086235,351.0638,-2.499169,0.4913594,6.79,-10.1099,-34.1585,0.2545013,
2,31.042,2,5.083338,351.0622,-2.499949,0.4917927,6.78463,-10.1099,-34.1605,0.2565002,
2,31.052,2,5.082502,351.0318,-2.501233,0.4921263,6.78463,-10.1099,-34.1605,0.2565002,
2,31.062,2,5.084485,351.0515,-2.501623,0.4920112,6.78463,-10.1099,-34.1605,0.2565002,
2,31.072,2,5.083848,351.0425,-2.497202,0.491203,6.78463,-10.1099,-34.1605,0.2565002,
2,31.082,2,5.083363,351.0246,-2.500012,0.4918028,6.78463,-10.1099,-34.1605,0.2565002,
2,31.092,2,5.082762,351.0281,-2.499413,0.4917431,6.78463,-10.1099,-34.1605,0.2565002,
2,31.102,2,5.082449,351.0066,-2.500586,0.492004,6.78463,-10.1099,-34.1605,0.2565002,
2,31.112,2,5.082457,350.9973,-2.501909,0.4922638,6.78463,-10.1099,-34.1605,0.2565002,
2,31.122,2,5.080119,350.9849,-2.506272,0.4933491,6.78463,-10.1099,-34.1605,0.2565002,
2,31.132,2,5.082835,350.9802,-2.507172,0.4932625,6.78463,-10.1099,-34.1605,0.2565002,
2,31.142,2,5.080389,350.991,-2.50709,0.4934839,6.78463,-10.1099,-34.1605,0.2565002,
2,31.152,2,5.083784,350.9483,-2.513507,0.4944165,6.78463,-10.1099,-34.1605,0.2565002,
2,31.162,2,5.095104,350.9386,-2.51581,0.4937701,6.78463,-10.1099,-34.1605,0.2565002,
2,31.172,2,5.103931,350.8933,-2.515177,0.4927922,6.78463,-10.1099,-34.1605,0.2565002,
2,31.182,2,5.113249,350.8727,-2.517282,0.4923059,6.78463,-10.1099,-34.1605,0.2565002,
2,31.192,2,5.11893,350.8367,-2.516905,0.4916858,6.78463,-10.1099,-34.1605,0.2565002,
2,31.202,2,5.12065,350.821,-2.526233,0.4933423,6.78463,-10.1099,-34.1605,0.2565002,
2,31.212,2,5.123109,350.8096,-2.530516,0.4939414,6.78463,-10.1099,-34.1605,0.2565002,
2,31.222,2,5.123467,350.8003,-2.525247,0.4928785,6.78463,-10.1099,-34.1605,0.2565002,
2,31.232,2,5.122919,350.7905,-2.523979,0.4926838,6.78463,-10.1099,-34.1605,0.2565002,
2,31.242,2,5.124315,350.781,-2.522107,0.4921843,6.77965,-10.1099,-34.1624,0.2584,
2,31.252,2,5.124218,350.7651,-2.523033,0.4923743,6.77965,-10.1099,-34.1624,0.2584,
2,31.262,2,5.122388,350.7544,-2.522809,0.4925064,6.77965,-10.1099,-34.1624,0.2584,
2,31.272,2,5.121616,350.7563,-2.525607,0.493127,6.77965,-10.1099,-34.1624,0.2584,
2,31.282,2,5.122296,350.747,-2.521587,0.4922767,6.77965,-10.1099,-34.1624,0.2584,
2,31.292,2,5.121465,350.7381,-2.525938,0.4932061,6.77965,-10.1099,-34.1624,0.2584,
2,31.302,2,5.122927,350.7352,-2.523628,0.4926144,6.77965,-10.1099,-34.1624,0.2584,
2,31.312,2,5.121433,350.7255,-2.527093,0.4934348,6.77965,-10.1099,-34.1624,0.2584,
2,31.322,2,5.12162,350.7058,-2.525944,0.4931924,6.77965,-10.1099,-34.1624,0.2584,
2,31.332,2,5.120176,350.685,-2.532269,0.4945667,6.77965,-10.1099,-34.1624,0.2584,
2,31.342,2,5.120387,350.665,-2.531378,0.4943723,6.77965,-10.1099,-34.1624,0.2584,
2,31.352,2,5.120028,350.6724,-2.530642,0.4942633,6.77965,-10.1099,-34.1624,0.2584,
2,31.362,2,5.119702,350.6696,-2.529268,0.4940264,6.77965,-10.1099,-34.1624,0.2584,
2,31.372,2,5.123536,350.6649,-2.532902,0.4943659,6.77965,-10.1099,-34.1624,0.2584,
2,31.382,2,5.127224,350.6752,-2.538262,0.4950558,6.77965,-10.1099,-34.1624,0.2584,
2,31.392,2,5.140119,350.6156,-2.54167,0.4944769,6.77965,-10.1099,-34.1624,0.2584,
2,31.402,2,5.145582,350.5744,-2.542625,0.4941376,6.77965,-10.1099,-34.1624,0.2584,
2,31.412,2,5.156627,350.548,-2.542059,0.4929694,6.77965,-10.1099,-34.1624,0.2584,
2,31.422,2,5.160145,350.4693,-2.54445,0.4930965,6.77965,-10.1099,-34.1624,0.2584,
2,31.432,2,5.162485,350.5191,-2.550459,0.494037,6.77965,-10.1099,-34.1624,0.2584,
2,31.442,2,5.162586,350.49,-2.54315,0.4926117,6.77965,-10.1099,-34.1624,0.2584,
2,31.452,2,5.162828,350.4906,-2.544199,0.4927917,6.77965,-10.1099,-34.1624,0.2584,
2,31.462,2,5.162104,350.489,-2.542338,0.4925003,6.77965,-10.1099,-34.1624,0.2584,
2,31.472,2,5.161016,350.4671,-2.543802,0.4928879,6.77965,-10.1099,-34.1624,0.2584,
2,31.482,2,5.161649,350.46,-2.539303,0.4919558,6.77965,-10.1099,-34.1624,0.2584,
2,31.492,2,5.160697,350.4565,-2.540357,0.4922508,6.77965,-10.1099,-34.1624,0.2584,
2,31.502,2,5.160173,350.4341,-2.541319,0.4924871,6.77965,-10.1099,-34.1624,0.2584,
2,31.512,2,5.16232,350.4416,-2.543365,0.4926786,6.77965,-10.1099,-34.1624,0.2584,
2,31.522,2,5.158788,350.4266,-2.55052,0.4944029,6.7735,-10.1099,-34.1643,0.2602997,
2,31.532,2,5.16032,350.4189,-2.55439,0.4950061,6.7735,-10.1099,-34.1643,0.2602997,
2,31.542,2,5.15964,350.4049,-2.558109,0.4957921,6.7735,-10.1099,-34.1643,0.2602997,
2,31.552,2,5.158657,350.3853,-2.554693,0.4952245,6.7735,-10.1099,-34.1643,0.2602997,
2,31.562,2,5.157658,350.3867,-2.558708,0.4960989,6.7735,-10.1099,-34.1643,0.2602997,
2,31.572,2,5.157026,350.3859,-2.560862,0.4965773,6.7735,-10.1099,-34.1643,0.2602997,
2,31.582,2,5.158562,350.3892,-2.563697,0.496979,6.7735,-10.1099,-34.1643,0.2602997,
2,31.592,2,5.157794,350.4003,-2.565207,0.4973458,6.7735,-10.1099,-34.1643,0.2602997,
2,31.602,2,5.159145,350.3853,-2.56381,0.4969447,6.7735,-10.1099,-34.1643,0.2602997,
2,31.612,2,5.160232,350.3344,-2.561818,0.496454,6.7735,-10.1099,-34.1643,0.2602997,
2,31.622,2,5.157925,350.3473,-2.559551,0.4962365,6.7735,-10.1099,-34.1643,0.2602997,
2,31.632,2,5.157503,350.3741,-2.562112,0.4967737,6.7735,-10.1099,-34.1643,0.2602997,
2,31.642,2,5.160887,350.3338,-2.563573,0.4967311,6.7735,-10.1099,-34.1643,0.2602997,
2,31.652,2,5.165377,350.3145,-2.56184,0.4959638,6.7735,-10.1099,-34.1643,0.2602997,
2,31.662,2,5.172353,350.2767,-2.560028,0.4949445,6.7735,-10.1099,-34.1643,0.2602997,
2,31.672,2,5.184505,350.2549,-2.558454,0.4934809,6.7735,-10.1099,-34.1643,0.2602997,
2,31.682,2,5.193837,350.2077,-2.560572,0.4930021,6.7735,-10.1099,-34.1643,0.2602997,
2,31.692,2,5.199543,350.1818,-2.55911,0.4921798,6.7735,-10.1099,-34.1643,0.2602997,
2,31.702,2,5.202334,350.1644,-2.561466,0.4923686,6.7735,-10.1099,-34.1643,0.2602997,
2,31.712,2,5.202708,350.1508,-2.563973,0.4928151,6.7735,-10.1099,-34.1643,0.2602997,
2,31.722,2,5.199479,350.1353,-2.568379,0.4939685,6.7735,-10.1099,-34.1643,0.2602997,
2,31.732,2,5.200814,350.1292,-2.566938,0.4935647,6.7735,-10.1099,-34.1643,0.2602997,
2,31.742,2,5.202395,350.118,-2.567274,0.4934792,6.7735,-10.1099,-34.1643,0.2602997,
2,31.752,2,5.202399,350.1305,-2.56985,0.493974,6.7735,-10.1099,-34.1643,0.2602997,
2,31.762,2,5.200234,350.0882,-2.572054,0.4946035,6.7735,-10.1099,-34.1643,0.2602997,
2,31.772,2,5.202043,350.0954,-2.570801,0.4941906,6.7735,-10.1099,-34.1643,0.2602997,
2,31.782,2,5.200265,350.0945,-2.571564,0.4945063,6.7735,-10.1099,-34.1643,0.2602997,
2,31.792,2,5.197436,350.0575,-2.574836,0.495405,6.7735,-10.1099,-34.1643,0.2602997,
2,31.802,2,5.200399,350.0894,-2.578069,0.4957444,6.7735,-10.1099,-34.1643,0.2602997,
2,31.812,2,5.201368,350.0665,-2.577185,0.4954822,6.767,-10.1099,-34.1662,0.2621994,
2,31.822,2,5.199689,350.0575,-2.577842,0.4957685,6.767,-10.1099,-34.1662,0.2621994,
2,31.832,2,5.199931,350.0532,-2.578364,0.4958458,6.767,-10.1099,-34.1662,0.2621994,
2,31.842,2,5.199946,350.021,-2.580935,0.4963388,6.767,-10.1099,-34.1662,0.2621994,
2,31.852,2,5.197134,350.0461,-2.578303,0.4961008,6.767,-10.1099,-34.1662,0.2621994,
2,31.862,2,5.197822,350.0422,-2.576066,0.495605,6.767,-10.1099,-34.1662,0.2621994,
2,31.872,2,5.199628,350.0342,-2.576227,0.4954638,6.767,-10.1099,-34.1662,0.2621994,
2,31.882,2,5.197313,350.0117,-2.577877,0.4960018,6.767,-10.1099,-34.1662,0.2621994,
2,31.892,2,5.196712,350.0242,-2.576523,0.4957987,6.767,-10.1099,-34.1662,0.2621994,
2,31.902,2,5.200747,350.0072,-2.574456,0.4950166,6.767,-10.1099,-34.1662,0.2621994,
2,31.912,2,5.196466,350.0025,-2.574103,0.4953564,6.767,-10.1099,-34.1662,0.2621994,
2,31.922,2,5.196826,349.9841,-2.577884,0.4960498,6.767,-10.1099,-34.1662,0.2621994,
2,31.932,2,5.200576,349.9693,-2.577119,0.4955449,6.767,-10.1099,-34.1662,0.2621994,
2,31.942,2,5.204895,349.9553,-2.576741,0.495061,6.767,-10.1099,-34.1662,0.2621994,
2,31.952,2,5.216123,349.9183,-2.580575,0.4947306,6.767,-10.1099,-34.1662,0.2621994,
2,31.962,2,5.226311,349.8917,-2.583138,0.4942565,6.767,-10.1099,-34.1662,0.2621994,
2,31.972,2,5.237382,349.8653,-2.588349,0.4942066,6.767,-10.1099,-34.1662,0.2621994,
2,31.982,2,5.243507,349.8253,-2.592527,0.4944262,6.767,-10.1099,-34.1662,0.2621994,
2,31.992,2,5.244164,349.8131,-2.593217,0.4944959,6.767,-10.1099,-34.1662,0.2621994,
2,32.002,2,5.243782,349.8077,-2.597481,0.495345,6.767,-10.1099,-34.1662,0.2621994,
2,32.012,2,5.243418,349.806,-2.600694,0.4959921,6.767,-10.1099,-34.1662,0.2621994,
2,32.022,2,5.244173,349.7792,-2.599355,0.4956654,6.767,-10.1099,-34.1662,0.2621994,
2,32.032,2,5.2429,349.7775,-2.5986,0.4956418,6.767,-10.1099,-34.1662,0.2621994,
2,32.042,2,5.243451,349.7775,-2.602169,0.4962703,6.767,-10.1099,-34.1662,0.2621994,
2,32.052,2,5.24242,349.7794,-2.606584,0.4972101,6.767,-10.1099,-34.1662,0.2621994,
2,32.062,2,5.241652,349.765,-2.605348,0.497047,6.767,-10.1099,-34.1662,0.2621994,
2,32.072,2,5.241188,349.7535,-2.601884,0.4964301,6.767,-10.1099,-34.1662,0.2621994,
2,32.082,2,5.24072,349.7468,-2.600717,0.4962519,6.767,-10.1099,-34.1662,0.2621994,
2,32.092,2,5.242283,349.7215,-2.603355,0.4966071,6.767,-10.1099,-34.1662,0.2621994,
2,32.102,2,5.240915,349.7195,-2.601833,0.4964463,6.76008,-10.1099,-34.1683,0.2643013,
2,32.112,2,5.241977,349.7182,-2.59904,0.4958129,6.76008,-10.1099,-34.1683,0.2643013,
2,32.122,2,5.242553,349.7136,-2.59864,0.4956823,6.76008,-10.1099,-34.1683,0.2643013,
2,32.132,2,5.240175,349.7002,-2.60288,0.4967162,6.76008,-10.1099,-34.1683,0.2643013,
2,32.142,2,5.24002,349.6906,-2.604955,0.4971269,6.76008,-10.1099,-34.1683,0.2643013,
2,32.152,2,5.239465,349.6744,-2.604257,0.4970464,6.76008,-10.1099,-34.1683,0.2643013,
2,32.162,2,5.238378,349.6799,-2.602482,0.4968107,6.76008,-10.1099,-34.1683,0.2643013,
2,32.172,2,5.240089,349.6932,-2.606808,0.497474,6.76008,-10.1099,-34.1683,0.2643013,
2,32.182,2,5.241119,349.6255,-2.605501,0.4971268,6.76008,-10.1099,-34.1683,0.2643013,
2,32.192,2,5.239136,349.6476,-2.605593,0.4973326,6.76008,-10.1099,-34.1683,0.2643013,
2,32.202,2,5.241949,349.6343,-2.610211,0.4979468,6.76008,-10.1099,-34.1683,0.2643013,
2,32.212,2,5.238494,349.6259,-2.613034,0.498814,6.76008,-10.1099,-34.1683,0.2643013,
2,32.222,2,5.243424,349.5972,-2.615633,0.4988405,6.76008,-10.1099,-34.1683,0.2643013,
2,32.232,2,5.249175,349.5964,-2.611832,0.4975699,6.76008,-10.1099,-34.1683,0.2643013,
2,32.242,2,5.261218,349.5615,-2.612425,0.4965438,6.76008,-10.1099,-34.1683,0.2643013,
2,32.252,2,5.27148,349.5315,-2.618755,0.496778,6.76008,-10.1099,-34.1683,0.2643013,
2,32.262,2,5.282983,349.5428,-2.620908,0.4961037,6.76008,-10.1099,-34.1683,0.2643013,
2,32.272,2,5.286304,349.4635,-2.620847,0.4957806,6.76008,-10.1099,-34.1683,0.2643013,
2,32.282,2,5.287323,349.4507,-2.622084,0.495919,6.76008,-10.1099,-34.1683,0.2643013,
2,32.292,2,5.287892,349.4333,-2.621477,0.4957509,6.76008,-10.1099,-34.1683,0.2643013,
2,32.302,2,5.286393,349.4364,-2.622421,0.49607,6.76008,-10.1099,-34.1683,0.2643013,
2,32.312,2,5.286873,349.4268,-2.621951,0.495936,6.76008,-10.1099,-34.1683,0.2643013,
2,32.322,2,5.287278,349.4094,-2.618065,0.495163,6.76008,-10.1099,-34.1683,0.2643013,
2,32.332,2,5.287271,349.3974,-2.621632,0.4958384,6.76008,-10.1099,-34.1683,0.2643013,
2,32.342,2,5.285241,349.4112,-2.623966,0.4964705,6.76008,-10.1099,-34.1683,0.2643013,
2,32.352,2,5.287457,349.3915,-2.625211,0.4964978,6.76008,-10.1099,-34.1683,0.2643013,
2,32.362,2,5.28615,349.3802,-2.624991,0.4965789,6.76008,-10.1099,-34.1683,0.2643013,
2,32.372,2,5.284192,349.3685,-2.626217,0.496995,6.7526,-10.1099,-34.1704,0.2663994,
2,32.382,2,5.286101,349.3465,-2.62864,0.4972738,6.7526,-10.1099,-34.1704,0.2663994,
2,32.392,2,5.283582,349.3476,-2.628695,0.4975214,6.7526,-10.1099,-34.1704,0.2663994,
2,32.402,2,5.283959,349.3452,-2.629741,0.4976838,6.7526,-10.1099,-34.1704,0.2663994,
2,32.412,2,5.285387,349.3344,-2.632964,0.4981591,6.7526,-10.1099,-34.1704,0.2663994,
2,32.422,2,5.284238,349.3312,-2.633937,0.4984517,6.7526,-10.1099,-34.1704,0.2663994,
2,32.432,2,5.28436,349.3253,-2.637378,0.4990912,6.7526,-10.1099,-34.1704,0.2663994,
2,32.442,2,5.2844,349.3189,-2.643642,0.5002729,6.7526,-10.1099,-34.1704,0.2663994,
2,32.452,2,5.281603,349.3104,-2.642212,0.500267,6.7526,-10.1099,-34.1704,0.2663994,
2,32.462,2,5.284906,349.3015,-2.636911,0.4989514,6.7526,-10.1099,-34.1704,0.2663994,
2,32.472,2,5.283023,349.3019,-2.639408,0.4996019,6.7526,-10.1099,-34.1704,0.2663994,
2,32.482,2,5.282886,349.3004,-2.639897,0.4997075,6.7526,-10.1099,-34.1704,0.2663994,
2,32.492,2,5.286825,349.2849,-2.63452,0.498318,6.7526,-10.1099,-34.1704,0.2663994,
2,32.502,2,5.294642,349.2737,-2.631766,0.4970621,6.7526,-10.1099,-34.1704,0.2663994,
2,32.512,2,5.305411,349.2243,-2.634498,0.4965681,6.7526,-10.1099,-34.1704,0.2663994,
2,32.522,2,5.315172,349.1887,-2.635446,0.4958346,6.7526,-10.1099,-34.1704,0.2663994,
2,32.532,2,5.32385,349.1541,-2.633853,0.4947271,6.7526,-10.1099,-34.1704,0.2663994,
2,32.542,2,5.330662,349.1389,-2.638163,0.4949034,6.7526,-10.1099,-34.1704,0.2663994,
2,32.552,2,5.333512,349.09,-2.640518,0.4950806,6.7526,-10.1099,-34.1704,0.2663994,
2,32.562,2,5.33232,349.1104,-2.644387,0.4959168,6.7526,-10.1099,-34.1704,0.2663994,
2,32.572,2,5.332499,349.0993,-2.645947,0.4961926,6.7526,-10.1099,-34.1704,0.2663994,
2,32.582,2,5.331923,349.0897,-2.647229,0.4964868,6.7526,-10.1099,-34.1704,0.2663994,
2,32.592,2,5.332986,349.0055,-2.652004,0.4972831,6.7526,-10.1099,-34.1704,0.2663994,
2,32.602,2,5.330905,349.0602,-2.653693,0.4977942,6.7526,-10.1099,-34.1704,0.2663994,
2,32.612,2,5.331518,349.0604,-2.652047,0.4974281,6.7526,-10.1099,-34.1704,0.2663994,
2,32.622,2,5.329247,349.0526,-2.654809,0.4981585,6.74743,-10.1099,-34.1725,0.2685013,
2,32.632,2,5.328914,349.0596,-2.657929,0.4987751,6.74743,-10.1099,-34.1725,0.2685013,
2,32.642,2,5.328398,349.041,-2.658948,0.4990146,6.74743,-10.1099,-34.1725,0.2685013,
2,32.652,2,5.330394,349.0274,-2.659712,0.4989709,6.74743,-10.1099,-34.1725,0.2685013,
2,32.662,2,5.330256,349.0237,-2.658898,0.4988312,6.74743,-10.1099,-34.1725,0.2685013,
2,32.672,2,5.329991,349.0226,-2.660587,0.4991729,6.74743,-10.1099,-34.1725,0.2685013,
2,32.682,2,5.330677,348.996,-2.6604,0.4990737,6.74743,-10.1099,-34.1725,0.2685013,
2,32.692,2,5.329125,349.0158,-2.658334,0.4988313,6.74743,-10.1099,-34.1725,0.2685013,
2,32.702,2,5.331687,348.9797,-2.660263,0.4989533,6.74743,-10.1099,-34.1725,0.2685013,
2,32.712,2,5.329401,349.0056,-2.662403,0.4995688,6.74743,-10.1099,-34.1725,0.2685013,
2,32.722,2,5.330011,348.9977,-2.657967,0.4986794,6.74743,-10.1099,-34.1725,0.2685013,
2,32.732,2,5.328582,348.9804,-2.656414,0.4985217,6.74743,-10.1099,-34.1725,0.2685013,
2,32.742,2,5.330838,348.9736,-2.653849,0.4978297,6.74743,-10.1099,-34.1725,0.2685013,
2,32.752,2,5.335836,348.9431,-2.654549,0.4974945,6.74743,-10.1099,-34.1725,0.2685013,
2,32.762,2,5.342605,348.9178,-2.655922,0.4971213,6.74743,-10.1099,-34.1725,0.2685013,
2,32.772,2,5.354227,348.8676,-2.657171,0.4962755,6.74743,-10.1099,-34.1725,0.2685013,
2,32.782,2,5.363311,348.8332,-2.6606,0.4960741,6.74743,-10.1099,-34.1725,0.2685013,
2,32.792,2,5.369888,348.7978,-2.665009,0.4962876,6.74743,-10.1099,-34.1725,0.2685013,
2,32.802,2,5.374577,348.7877,-2.670416,0.4968607,6.74743,-10.1099,-34.1725,0.2685013,
2,32.812,2,5.375524,348.7704,-2.673714,0.4973867,6.74743,-10.1099,-34.1725,0.2685013,
2,32.822,2,5.376159,348.7768,-2.674321,0.4974409,6.74743,-10.1099,-34.1725,0.2685013,
2,32.832,2,5.375526,348.7552,-2.67628,0.4978639,6.74743,-10.1099,-34.1725,0.2685013,
2,32.842,2,5.373158,348.7422,-2.679082,0.4986048,6.74743,-10.1099,-34.1725,0.2685013,
2,32.852,2,5.374245,348.7161,-2.680454,0.4987592,6.74743,-10.1099,-34.1725,0.2685013,
2,32.862,2,5.37594,348.7247,-2.679406,0.4984071,6.74743,-10.1099,-34.1725,0.2685013,
2,32.872,2,5.373225,348.719,-2.681031,0.4989612,6.74743,-10.1099,-34.1725,0.2685013,
2,32.882,2,5.373456,348.7208,-2.684534,0.4995916,6.74052,-10.1099,-34.1746,0.2705994,
2,32.892,2,5.374668,348.7104,-2.684756,0.4995203,6.74052,-10.1099,-34.1746,0.2705994,
2,32.902,2,5.37464,348.6984,-2.681437,0.4989055,6.74052,-10.1099,-34.1746,0.2705994,
2,32.912,2,5.374291,348.6863,-2.680228,0.498713,6.74052,-10.1099,-34.1746,0.2705994,
2,32.922,2,5.374616,348.6973,-2.681219,0.4988671,6.74052,-10.1099,-34.1746,0.2705994,
2,32.932,2,5.371914,348.6744,-2.680578,0.4989987,6.74052,-10.1099,-34.1746,0.2705994,
2,32.942,2,5.371534,348.6685,-2.677809,0.4985186,6.74052,-10.1099,-34.1746,0.2705994,
2,32.952,2,5.371074,348.6583,-2.67557,0.4981443,6.74052,-10.1099,-34.1746,0.2705994,
2,32.962,2,5.373487,348.6435,-2.678315,0.4984314,6.74052,-10.1099,-34.1746,0.2705994,
2,32.972,2,5.37226,348.6378,-2.682629,0.4993483,6.74052,-10.1099,-34.1746,0.2705994,
2,32.982,2,5.371628,348.6366,-2.680867,0.499079,6.74052,-10.1099,-34.1746,0.2705994,
2,32.992,2,5.373343,348.6152,-2.682194,0.4991668,6.74052,-10.1099,-34.1746,0.2705994,
2,33.002,2,5.37309,348.6539,-2.684234,0.49957,6.74052,-10.1099,-34.1746,0.2705994,
2,33.012,2,5.379727,348.6115,-2.684094,0.4989276,6.74052,-10.1099,-34.1746,0.2705994,
2,33.022,2,5.387159,348.5701,-2.686168,0.4986242,6.74052,-10.1099,-34.1746,0.2705994,
2,33.032,2,5.397002,348.5297,-2.687732,0.4980046,6.74052,-10.1099,-34.1746,0.2705994,
2,33.042,2,5.411522,348.4782,-2.691964,0.4974504,6.74052,-10.1099,-34.1746,0.2705994,
2,33.052,2,5.413004,348.4287,-2.699471,0.4987012,6.74052,-10.1099,-34.1746,0.2705994,
2,33.062,2,5.419662,348.4479,-2.700185,0.4982201,6.74052,-10.1099,-34.1746,0.2705994,
2,33.072,2,5.420068,348.4421,-2.700822,0.4983003,6.74052,-10.1099,-34.1746,0.2705994,
2,33.082,2,5.41958,348.4371,-2.70432,0.4989908,6.74052,-10.1099,-34.1746,0.2705994,
2,33.092,2,5.420702,348.4769,-2.704918,0.4989978,6.74052,-10.1099,-34.1746,0.2705994,
2,33.102,2,5.4192,348.4328,-2.705396,0.4992243,6.74052,-10.1099,-34.1746,0.2705994,
2,33.112,2,5.419497,348.4202,-2.703136,0.4987799,6.74052,-10.1099,-34.1746,0.2705994,
2,33.122,2,5.418089,348.4068,-2.702377,0.4987694,6.74052,-10.1099,-34.1746,0.2705994,
2,33.132,2,5.419319,348.4095,-2.70537,0.4992085,6.74052,-10.1099,-34.1746,0.2705994,
2,33.142,2,5.417444,348.3979,-2.705792,0.4994591,6.74052,-10.1099,-34.1746,0.2705994,
2,33.152,2,5.417507,348.3952,-2.700758,0.4985242,6.74052,-10.1099,-34.1746,0.2705994,
2,33.162,2,5.419245,348.3783,-2.699042,0.4980475,6.74052,-10.1099,-34.1746,0.2705994,
2,33.172,2,5.419451,348.3632,-2.701632,0.4985066,6.7344,-10.1099,-34.1767,0.2727013,
2,33.182,2,5.417837,348.3411,-2.703842,0.499063,6.7344,-10.1099,-34.1767,0.2727013,
2,33.192,2,5.416728,348.3453,-2.70381,0.4991593,6.7344,-10.1099,-34.1767,0.2727013,
2,33.202,2,5.416342,348.3407,-2.705421,0.4994924,6.7344,-10.1099,-34.1767,0.2727013,
2,33.212,2,5.416368,348.3309,-2.707948,0.4999564,6.7344,-10.1099,-34.1767,0.2727013,
2,33.222,2,5.414155,348.3282,-2.710456,0.5006239,6.7344,-10.1099,-34.1767,0.2727013,
2,33.232,2,5.415573,348.3189,-2.711267,0.5006427,6.7344,-10.1099,-34.1767,0.2727013,
2,33.242,2,5.417488,348.3068,-2.710756,0.5003713,6.7344,-10.1099,-34.1767,0.2727013,
2,33.252,2,5.416353,348.2961,-2.713045,0.5008989,6.7344,-10.1099,-34.1767,0.2727013,
2,33.262,2,5.414528,348.2422,-2.716341,0.5016764,6.7344,-10.1099,-34.1767,0.2727013,
2,33.272,2,5.414128,348.3027,-2.714741,0.501418,6.7344,-10.1099,-34.1767,0.2727013,
2,33.282,2,5.41479,348.2867,-2.713438,0.501116,6.7344,-10.1099,-34.1767,0.2727013,
2,33.292,2,5.4171,348.2854,-2.716654,0.501496,6.7344,-10.1099,-34.1767,0.2727013,
2,33.302,2,5.42337,348.2407,-2.717094,0.5009974,6.7344,-10.1099,-34.1767,0.2727013,
2,33.312,2,5.433346,348.2195,-2.718741,0.5003805,6.7344,-10.1099,-34.1767,0.2727013,
2,33.322,2,5.444093,348.1677,-2.716033,0.4988953,6.7344,-10.1099,-34.1767,0.2727013,
2,33.332,2,5.454701,348.1621,-2.716422,0.4979964,6.7344,-10.1099,-34.1767,0.2727013,
2,33.342,2,5.46124,348.0735,-2.720486,0.4981444,6.7344,-10.1099,-34.1767,0.2727013,
2,33.352,2,5.463067,348.0996,-2.721033,0.4980779,6.7344,-10.1099,-34.1767,0.2727013,
2,33.362,2,5.463439,348.0948,-2.720362,0.4979212,6.7344,-10.1099,-34.1767,0.2727013,
2,33.372,2,5.464121,348.0866,-2.720856,0.4979495,6.7344,-10.1099,-34.1767,0.2727013,
2,33.382,2,5.463336,348.0677,-2.722707,0.4983598,6.7344,-10.1099,-34.1767,0.2727013,
2,33.392,2,5.463232,348.0714,-2.726602,0.4990822,6.7344,-10.1099,-34.1767,0.2727013,
2,33.402,2,5.464304,348.0585,-2.726371,0.498942,6.7344,-10.1099,-34.1767,0.2727013,
2,33.412,2,5.462775,348.0435,-2.727182,0.4992301,6.7344,-10.1099,-34.1767,0.2727013,
2,33.422,2,5.461083,348.0367,-2.731578,0.5001898,6.72823,-10.1099,-34.1788,0.2747993,
2,33.432,2,5.460476,348.0167,-2.732992,0.5005043,6.72823,-10.1099,-34.1788,0.2747993,
2,33.442,2,5.459917,347.9936,-2.732238,0.5004175,6.72823,-10.1099,-34.1788,0.2747993,
2,33.452,2,5.462224,348.0052,-2.734279,0.5005798,6.72823,-10.1099,-34.1788,0.2747993,
2,33.462,2,5.459643,347.9865,-2.734891,0.5009286,6.72823,-10.1099,-34.1788,0.2747993,
2,33.472,2,5.459864,347.9767,-2.738027,0.5014827,6.72823,-10.1099,-34.1788,0.2747993,
2,33.482,2,5.460045,347.9883,-2.738337,0.5015227,6.72823,-10.1099,-34.1788,0.2747993,
2,33.492,2,5.46112,347.9741,-2.738261,0.5014101,6.72823,-10.1099,-34.1788,0.2747993,
2,33.502,2,5.459766,347.9788,-2.740562,0.501956,6.72823,-10.1099,-34.1788,0.2747993,
2,33.512,2,5.458382,348.0209,-2.742232,0.5023891,6.72823,-10.1099,-34.1788,0.2747993,
2,33.522,2,5.460144,347.9547,-2.736974,0.5012642,6.72823,-10.1099,-34.1788,0.2747993,
2,33.532,2,5.459072,347.9529,-2.735389,0.5010722,6.72823,-10.1099,-34.1788,0.2747993,
2,33.542,2,5.460785,347.9446,-2.73403,0.500666,6.72823,-10.1099,-34.1788,0.2747993,
2,33.552,2,5.465886,347.9612,-2.733396,0.5000828,6.72823,-10.1099,-34.1788,0.2747993,
2,33.562,2,5.473459,347.9023,-2.733322,0.4993774,6.72823,-10.1099,-34.1788,0.2747993,
2,33.572,2,5.484357,347.8629,-2.732404,0.4982177,6.72823,-10.1099,-34.1788,0.2747993,
2,33.582,2,5.495217,347.8188,-2.731949,0.4971503,6.72823,-10.1099,-34.1788,0.2747993,
2,33.592,2,5.50195,347.7956,-2.737772,0.4976003,6.72823,-10.1099,-34.1788,0.2747993,
2,33.602,2,5.506308,347.783,-2.740572,0.4977151,6.72823,-10.1099,-34.1788,0.2747993,
2,33.612,2,5.506838,347.7577,-2.745741,0.4986058,6.72823,-10.1099,-34.1788,0.2747993,
2,33.622,2,5.508764,347.7428,-2.747075,0.4986735,6.72823,-10.1099,-34.1788,0.2747993,
2,33.632,2,5.509178,347.7319,-2.751573,0.4994526,6.72823,-10.1099,-34.1788,0.2747993,
2,33.642,2,5.50775,347.7314,-2.752907,0.4998242,6.72823,-10.1099,-34.1788,0.2747993,
2,33.652,2,5.507205,347.7276,-2.753567,0.4999936,6.72823,-10.1099,-34.1788,0.2747993,
2,33.662,2,5.506429,347.7278,-2.752663,0.4998999,6.72823,-10.1099,-34.1788,0.2747993,
2,33.672,2,5.506095,347.7134,-2.755774,0.5004953,6.72823,-10.1099,-34.1788,0.2747993,
2,33.682,2,5.507958,347.7069,-2.759581,0.501017,6.72135,-10.1099,-34.1809,0.2769012,
2,33.692,2,5.50661,347.7064,-2.757202,0.5007077,6.72135,-10.1099,-34.1809,0.2769012,
2,33.702,2,5.506251,347.694,-2.759281,0.5011179,6.72135,-10.1099,-34.1809,0.2769012,
2,33.712,2,5.505349,347.6783,-2.76053,0.5014268,6.72135,-10.1099,-34.1809,0.2769012,
2,33.722,2,5.504624,347.6621,-2.762404,0.5018333,6.72135,-10.1099,-34.1809,0.2769012,
2,33.732,2,5.50601,347.6775,-2.759717,0.501219,6.72135,-10.1099,-34.1809,0.2769012,
2,33.742,2,5.503681,347.6614,-2.758406,0.5011929,6.72135,-10.1099,-34.1809,0.2769012,
2,33.752,2,5.505904,347.6622,-2.760132,0.501304,6.72135,-10.1099,-34.1809,0.2769012,
2,33.762,2,5.505877,347.6526,-2.760159,0.5013114,6.72135,-10.1099,-34.1809,0.2769012,
2,33.772,2,5.503961,347.6407,-2.75755,0.501012,6.72135,-10.1099,-34.1809,0.2769012,
2,33.782,2,5.505807,347.6367,-2.756423,0.5006393,6.72135,-10.1099,-34.1809,0.2769012,
2,33.792,2,5.50377,347.6182,-2.759165,0.5013227,6.72135,-10.1099,-34.1809,0.2769012,
2,33.802,2,5.505161,347.6217,-2.7584,0.5010572,6.72135,-10.1099,-34.1809,0.2769012,
2,33.812,2,5.510856,347.5998,-2.760549,0.5009294,6.72135,-10.1099,-34.1809,0.2769012,
2,33.822,2,5.518641,347.5625,-2.760505,0.5002147,6.72135,-10.1099,-34.1809,0.2769012,
2,33.832,2,5.529322,347.5276,-2.762074,0.4995322,6.72135,-10.1099,-34.1809,0.2769012,
2,33.842,2,5.542352,347.4781,-2.768411,0.4995011,6.72135,-10.1099,-34.1809,0.2769012,
2,33.852,2,5.551449,347.4753,-2.771606,0.4992581,6.72135,-10.1099,-34.1809,0.2769012,
2,33.862,2,5.552299,347.4559,-2.773914,0.4995973,6.72135,-10.1099,-34.1809,0.2769012,
2,33.872,2,5.55231,347.4466,-2.778891,0.5004927,6.72135,-10.1099,-34.1809,0.2769012,
2,33.882,2,5.549709,347.4389,-2.782142,0.5013131,6.72135,-10.1099,-34.1809,0.2769012,
2,33.892,2,5.553441,347.4252,-2.785627,0.5016038,6.72135,-10.1099,-34.1809,0.2769012,
2,33.902,2,5.551023,347.4205,-2.784992,0.501708,6.72135,-10.1099,-34.1809,0.2769012,
2,33.912,2,5.549557,347.406,-2.784557,0.501762,6.72135,-10.1099,-34.1809,0.2769012,
2,33.922,2,5.549261,347.4236,-2.787247,0.5022735,6.72135,-10.1099,-34.1809,0.2769012,
2,33.932,2,5.549489,347.3778,-2.789176,0.5026004,6.72135,-10.1099,-34.1809,0.2769012,
2,33.942,2,5.549224,347.3875,-2.785531,0.5019676,6.72135,-10.1099,-34.1809,0.2769012,
2,33.952,2,5.549288,347.383,-2.782737,0.5014583,6.72135,-10.1099,-34.1809,0.2769012,
2,33.962,2,5.549337,347.3749,-2.784357,0.5017458,6.72135,-10.1099,-34.1809,0.2769012,
2,33.972,2,5.549658,347.3633,-2.782475,0.5013776,6.7152,-10.1099,-34.183,0.2789993,
2,33.982,2,5.548404,347.3571,-2.780394,0.5011159,6.7152,-10.1099,-34.183,0.2789993,
2,33.992,2,5.550886,347.3491,-2.777899,0.5004425,6.7152,-10.1099,-34.183,0.2789993,
2,34.002,2,5.549287,347.3396,-2.781077,0.5011593,6.7152,-10.1099,-34.183,0.2789993,
2,34.012,2,5.54883,347.3006,-2.785195,0.5019428,6.7152,-10.1099,-34.183,0.2789993,
2,34.022,2,5.547907,347.3201,-2.785475,0.5020767,6.7152,-10.1099,-34.183,0.2789993,
2,34.032,2,5.548464,347.3122,-2.784695,0.5018858,6.7152,-10.1099,-34.183,0.2789993,
2,34.042,2,5.54742,347.3077,-2.784385,0.5019243,6.7152,-10.1099,-34.183,0.2789993,
2,34.052,2,5.546231,347.3105,-2.790071,0.503057,6.7152,-10.1099,-34.183,0.2789993,
2,34.062,2,5.54469,347.2964,-2.788623,0.5029358,6.7152,-10.1099,-34.183,0.2789993,
2,34.072,2,5.547443,347.3051,-2.788534,0.5026702,6.7152,-10.1099,-34.183,0.2789993,
2,34.082,2,5.555398,347.2653,-2.78777,0.5018129,6.7152,-10.1099,-34.183,0.2789993,
2,34.092,2,5.558811,347.2057,-2.795141,0.5028307,6.7152,-10.1099,-34.183,0.2789993,
2,34.102,2,5.569959,347.1891,-2.796322,0.5020365,6.7152,-10.1099,-34.183,0.2789993,
2,34.112,2,5.582169,347.1594,-2.797363,0.5011247,6.7152,-10.1099,-34.183,0.2789993,
2,34.122,2,5.590627,347.1415,-2.799572,0.5007618,6.7152,-10.1099,-34.183,0.2789993,
2,34.132,2,5.595245,347.1255,-2.80478,0.5012791,6.7152,-10.1099,-34.183,0.2789993,
2,34.142,2,5.595296,347.1137,-2.808404,0.5019224,6.7152,-10.1099,-34.183,0.2789993,
2,34.152,2,5.595636,347.1059,-2.805498,0.5013726,6.7152,-10.1099,-34.183,0.2789993,
2,34.162,2,5.595974,347.0895,-2.805855,0.501406,6.7152,-10.1099,-34.183,0.2789993,
2,34.172,2,5.593806,347.0763,-2.807795,0.5019471,6.7152,-10.1099,-34.183,0.2789993,
2,34.182,2,5.594531,347.078,-2.807287,0.5017912,6.7152,-10.1099,-34.183,0.2789993,
2,34.192,2,5.593819,347.0666,-2.806307,0.50168,6.7152,-10.1099,-34.183,0.2789993,
2,34.202,2,5.593519,347.0688,-2.804065,0.5013061,6.7152,-10.1099,-34.183,0.2789993,
2,34.212,2,5.593462,347.0533,-2.805866,0.5016332,6.7087,-10.1099,-34.1851,0.2811012,
2,34.222,2,5.593567,347.0635,-2.808059,0.5020158,6.7087,-10.1099,-34.1851,0.2811012,
2,34.232,2,5.592923,347.019,-2.807935,0.5020515,6.7087,-10.1099,-34.1851,0.2811012,
2,34.242,2,5.593331,347.0062,-2.807741,0.5019801,6.7087,-10.1099,-34.1851,0.2811012,
2,34.252,2,5.592384,347.0193,-2.810408,0.5025421,6.7087,-10.1099,-34.1851,0.2811012,
2,34.262,2,5.594099,347.0767,-2.812155,0.5027003,6.7087,-10.1099,-34.1851,0.2811012,
2,34.272,2,5.591914,347.0106,-2.812688,0.502992,6.7087,-10.1099,-34.1851,0.2811012,
2,34.282,2,5.591868,346.9994,-2.812977,0.5030478,6.7087,-10.1099,-34.1851,0.2811012,
2,34.292,2,5.591843,346.9858,-2.817188,0.5038032,6.7087,-10.1099,-34.1851,0.2811012,
2,34.302,2,5.592077,346.9561,-2.820938,0.5044527,6.7087,-10.1099,-34.1851,0.2811012,
2,34.312,2,5.593364,346.9745,-2.821174,0.5043787,6.7087,-10.1099,-34.1851,0.2811012,
2,34.322,2,5.60067,346.9623,-2.819986,0.5035087,6.7087,-10.1099,-34.1851,0.2811012,
2,34.332,2,5.606737,346.9187,-2.821986,0.5033205,6.7087,-10.1099,-34.1851,0.2811012,
2,34.342,2,5.616766,346.8983,-2.82604,0.5031436,6.7087,-10.1099,-34.1851,0.2811012,
2,34.352,2,5.626767,346.8634,-2.825091,0.5020807,6.7087,-10.1099,-34.1851,0.2811012,
2,34.362,2,5.635448,346.8187,-2.824256,0.501159,6.7087,-10.1099,-34.1851,0.2811012,
2,34.372,2,5.640388,346.8036,-2.828104,0.5014024,6.7087,-10.1099,-34.1851,0.2811012,
2,34.382,2,5.637932,346.7861,-2.829246,0.5018234,6.7087,-10.1099,-34.1851,0.2811012,
2,34.392,2,5.6408,346.7828,-2.830352,0.5017642,6.7087,-10.1099,-34.1851,0.2811012,
2,34.402,2,5.638847,346.7768,-2.827984,0.5015181,6.7087,-10.1099,-34.1851,0.2811012,
2,34.412,2,5.638873,346.7664,-2.825188,0.50102,6.7087,-10.1099,-34.1851,0.2811012,
2,34.422,2,5.639069,346.7639,-2.826677,0.5012666,6.7087,-10.1099,-34.1851,0.2811012,
2,34.432,2,5.637804,346.7654,-2.829352,0.5018535,6.7087,-10.1099,-34.1851,0.2811012,
2,34.442,2,5.637508,346.7368,-2.827867,0.5016165,6.7087,-10.1099,-34.1851,0.2811012,
2,34.452,2,5.639082,346.7266,-2.828998,0.501677,6.7087,-10.1099,-34.1851,0.2811012,
2,34.462,2,5.637198,346.7141,-2.83248,0.5024624,6.70293,-10.1099,-34.1872,0.2831993,
2,34.472,2,5.637593,346.7055,-2.836013,0.5030538,6.70293,-10.1099,-34.1872,0.2831993,
2,34.482,2,5.63574,346.6989,-2.836205,0.5032534,6.70293,-10.1099,-34.1872,0.2831993,
2,34.492,2,5.635661,346.7016,-2.834287,0.5029201,6.70293,-10.1099,-34.1872,0.2831993,
2,34.502,2,5.635813,346.6786,-2.838948,0.5037336,6.70293,-10.1099,-34.1872,0.2831993,
2,34.512,2,5.635763,346.6753,-2.841037,0.5041087,6.70293,-10.1099,-34.1872,0.2831993,
2,34.522,2,5.635648,346.7002,-2.840388,0.5040038,6.70293,-10.1099,-34.1872,0.2831993,
2,34.532,2,5.635509,346.6634,-2.840064,0.5039587,6.70293,-10.1099,-34.1872,0.2831993,
2,34.542,2,5.636262,346.6643,-2.842702,0.5043594,6.70293,-10.1099,-34.1872,0.2831993,
2,34.552,2,5.635942,346.638,-2.843714,0.5045677,6.70293,-10.1099,-34.1872,0.2831993,
2,34.562,2,5.636456,346.6628,-2.844872,0.5047272,6.70293,-10.1099,-34.1872,0.2831993,
2,34.572,2,5.636811,346.6436,-2.841505,0.5040979,6.70293,-10.1099,-34.1872,0.2831993,
2,34.582,2,5.635394,346.6483,-2.839788,0.5039201,6.70293,-10.1099,-34.1872,0.2831993,
2,34.592,2,5.640409,346.6099,-2.841412,0.50376,6.70293,-10.1099,-34.1872,0.2831993,
2,34.602,2,5.646852,346.598,-2.842031,0.5032948,6.70293,-10.1099,-34.1872,0.2831993,
2,34.612,2,5.658993,346.5544,-2.845162,0.5027683,6.70293,-10.1099,-34.1872,0.2831993,
2,34.622,2,5.669093,346.5237,-2.848421,0.5024473,6.70293,-10.1099,-34.1872,0.2831993,
2,34.632,2,5.679735,346.4877,-2.847042,0.5012631,6.70293,-10.1099,-34.1872,0.2831993,
2,34.642,2,5.682883,346.4701,-2.85391,0.5021941,6.70293,-10.1099,-34.1872,0.2831993,
2,34.652,2,5.680627,346.4612,-2.860053,0.5034748,6.70293,-10.1099,-34.1872,0.2831993,
2,34.662,2,5.682941,346.4535,-2.860151,0.5032872,6.70293,-10.1099,-34.1872,0.2831993,
2,34.672,2,5.680398,346.4153,-2.865389,0.5044345,6.70293,-10.1099,-34.1872,0.2831993,
2,34.682,2,5.679847,346.4496,-2.868726,0.505071,6.70293,-10.1099,-34.1872,0.2831993,
2,34.692,2,5.683527,346.4131,-2.865693,0.5042102,6.70293,-10.1099,-34.1872,0.2831993,
2,34.702,2,5.681744,346.4042,-2.863236,0.5039361,6.70293,-10.1099,-34.1872,0.2831993,
2,34.712,2,5.679767,346.4027,-2.874674,0.5061253,6.70293,-10.1099,-34.1872,0.2831993,
2,34.722,2,5.681906,346.4199,-2.874282,0.5058658,6.70293,-10.1099,-34.1872,0.2831993,
2,34.732,2,5.682944,346.4036,-2.87335,0.5056095,6.69642,-10.1099,-34.1893,0.2853012,
2,34.742,2,5.680831,346.3896,-2.876502,0.5063524,6.69642,-10.1099,-34.1893,0.2853012,
2,34.752,2,5.679131,346.38,-2.877334,0.5066504,6.69642,-10.1099,-34.1893,0.2853012,
2,34.762,2,5.679948,346.3148,-2.878882,0.50685,6.69642,-10.1099,-34.1893,0.2853012,
2,34.772,2,5.679241,346.3599,-2.873886,0.5060335,6.69642,-10.1099,-34.1893,0.2853012,
2,34.782,2,5.67863,346.3525,-2.876308,0.5065145,6.69642,-10.1099,-34.1893,0.2853012,
2,34.792,2,5.678607,346.3512,-2.876323,0.5065191,6.69642,-10.1099,-34.1893,0.2853012,
2,34.802,2,5.679412,346.3418,-2.877237,0.5066082,6.69642,-10.1099,-34.1893,0.2853012,
2,34.812,2,5.677649,346.3298,-2.876225,0.5065874,6.69642,-10.1099,-34.1893,0.2853012,
2,34.822,2,5.679616,346.3237,-2.871686,0.5056126,6.69642,-10.1099,-34.1893,0.2853012,
2,34.832,2,5.684472,346.3229,-2.869454,0.5047881,6.69642,-10.1099,-34.1893,0.2853012,
2,34.842,2,5.691751,346.2694,-2.875539,0.5052117,6.69642,-10.1099,-34.1893,0.2853012,
2,34.852,2,5.699549,346.2472,-2.878916,0.505113,6.69642,-10.1099,-34.1893,0.2853012,
2,34.862,2,5.712784,346.2116,-2.879374,0.5040228,6.69642,-10.1099,-34.1893,0.2853012,
2,34.872,2,5.721333,346.168,-2.882935,0.5038922,6.69642,-10.1099,-34.1893,0.2853012,
2,34.882,2,5.72644,346.1524,-2.886906,0.5041363,6.69642,-10.1099,-34.1893,0.2853012,
2,34.892,2,5.726496,346.1458,-2.890685,0.5047913,6.69642,-10.1099,-34.1893,0.2853012,
2,34.902,2,5.726768,346.1334,-2.884565,0.5036986,6.69642,-10.1099,-34.1893,0.2853012,
2,34.912,2,5.727827,346.1337,-2.894519,0.5053433,6.69642,-10.1099,-34.1893,0.2853012,
2,34.922,2,5.72555,346.1246,-2.897236,0.5060189,6.69642,-10.1099,-34.1893,0.2853012,
2,34.932,2,5.725718,346.1331,-2.897606,0.5060686,6.69642,-10.1099,-34.1893,0.2853012,
2,34.942,2,5.724519,346.106,-2.895425,0.5057936,6.69642,-10.1099,-34.1893,0.2853012,
2,34.952,2,5.726608,346.0867,-2.888476,0.5043956,6.69642,-10.1099,-34.1893,0.2853012,
2,34.962,2,5.725944,346.0941,-2.894401,0.5054889,6.69642,-10.1099,-34.1893,0.2853012,
2,34.972,2,5.726132,346.0945,-2.898178,0.5061319,6.69065,-10.1099,-34.1914,0.2873993,
2,34.982,2,5.725306,346.0811,-2.893763,0.5054338,6.69065,-10.1099,-34.1914,0.2873993,
2,34.992,2,5.725389,346.0533,-2.892037,0.505125,6.69065,-10.1099,-34.1914,0.2873993,
2,35.002,2,5.722745,346.0525,-2.894792,0.5058398,6.69065,-10.1099,-34.1914,0.2873993,
2,35.012,2,5.723509,346.0633,-2.893088,0.5054744,6.69065,-10.1099,-34.1914,0.2873993,
2,35.022,2,5.724075,346.0288,-2.893597,0.5055134,6.69065,-10.1099,-34.1914,0.2873993,
2,35.032,2,5.724185,346.0244,-2.889965,0.5048693,6.69065,-10.1099,-34.1914,0.2873993,
2,35.042,2,5.724369,346.015,-2.890241,0.5049012,6.69065,-10.1099,-34.1914,0.2873993,
2,35.052,2,5.723595,346.0372,-2.891797,0.5052414,6.69065,-10.1099,-34.1914,0.2873993,
2,35.062,2,5.725534,345.9894,-2.895318,0.5056853,6.69065,-10.1099,-34.1914,0.2873993,
2,35.072,2,5.727961,345.9852,-2.893567,0.5051653,6.69065,-10.1099,-34.1914,0.2873993,
2,35.082,2,5.73403,345.961,-2.895212,0.5049174,6.69065,-10.1099,-34.1914,0.2873993,
2,35.092,2,5.745185,345.9275,-2.899297,0.504648,6.69065,-10.1099,-34.1914,0.2873993,
2,35.102,2,5.757349,345.9103,-2.899808,0.5036708,6.69065,-10.1099,-34.1914,0.2873993,
2,35.112,2,5.764545,345.8562,-2.902128,0.5034443,6.69065,-10.1099,-34.1914,0.2873993,
2,35.122,2,5.769211,345.8355,-2.906129,0.5037307,6.69065,-10.1099,-34.1914,0.2873993,
2,35.132,2,5.769748,345.8218,-2.910882,0.5045077,6.69065,-10.1099,-34.1914,0.2873993,
2,35.142,2,5.770297,345.8248,-2.916131,0.5053693,6.69065,-10.1099,-34.1914,0.2873993,
2,35.152,2,5.768337,345.8054,-2.917936,0.505854,6.69065,-10.1099,-34.1914,0.2873993,
2,35.162,2,5.767305,345.7967,-2.915554,0.5055314,6.69065,-10.1099,-34.1914,0.2873993,
2,35.172,2,5.76642,345.782,-2.918205,0.5060688,6.69065,-10.1099,-34.1914,0.2873993,
2,35.182,2,5.768025,345.753,-2.917038,0.5057256,6.69065,-10.1099,-34.1914,0.2873993,
2,35.192,2,5.768538,345.7752,-2.915542,0.5054213,6.69065,-10.1099,-34.1914,0.2873993,
2,35.202,2,5.76597,345.7744,-2.915839,0.5056979,6.69065,-10.1099,-34.1914,0.2873993,
2,35.212,2,5.765518,345.7702,-2.918354,0.5061737,6.6849,-10.1099,-34.1934,0.289402,
2,35.222,2,5.766419,345.7323,-2.92004,0.5063871,6.6849,-10.1099,-34.1934,0.289402,
2,35.232,2,5.765425,345.7595,-2.916035,0.5057797,6.6849,-10.1099,-34.1934,0.289402,
2,35.242,2,5.766573,345.7403,-2.910033,0.5046383,6.6849,-10.1099,-34.1934,0.289402,
2,35.252,2,5.767754,345.7266,-2.912894,0.505031,6.6849,-10.1099,-34.1934,0.289402,
2,35.262,2,5.766024,345.7069,-2.91524,0.5055892,6.6849,-10.1099,-34.1934,0.289402,
2,35.272,2,5.767723,345.7003,-2.914845,0.505372,6.6849,-10.1099,-34.1934,0.289402,
2,35.282,2,5.7662,345.7132,-2.917178,0.50591,6.6849,-10.1099,-34.1934,0.289402,
2,35.292,2,5.765137,345.705,-2.917232,0.5060127,6.6849,-10.1099,-34.1934,0.289402,
2,35.302,2,5.764692,345.7053,-2.920119,0.5065524,6.6849,-10.1099,-34.1934,0.289402,
2,35.312,2,5.763451,345.6848,-2.924433,0.50741,6.6849,-10.1099,-34.1934,0.289402,
2,35.322,2,5.763578,345.6875,-2.924048,0.5073321,6.6849,-10.1099,-34.1934,0.289402,
2,35.332,2,5.764398,345.6662,-2.922719,0.5070295,6.6849,-10.1099,-34.1934,0.289402,
2,35.342,2,5.767658,345.6778,-2.92573,0.5072648,6.6849,-10.1099,-34.1934,0.289402,
2,35.352,2,5.773735,345.6484,-2.92541,0.5066756,6.6849,-10.1099,-34.1934,0.289402,
2,35.362,2,5.784916,345.603,-2.925364,0.5056882,6.6849,-10.1099,-34.1934,0.289402,
2,35.372,2,5.797681,345.578,-2.928032,0.5050351,6.6849,-10.1099,-34.1934,0.289402,
2,35.382,2,5.80592,345.5473,-2.939186,0.5062394,6.6849,-10.1099,-34.1934,0.289402,
2,35.392,2,5.809089,345.5316,-2.937782,0.5057216,6.6849,-10.1099,-34.1934,0.289402,
2,35.402,2,5.810008,345.5119,-2.936635,0.5054442,6.6849,-10.1099,-34.1934,0.289402,
2,35.412,2,5.813404,345.4995,-2.93614,0.5050639,6.6849,-10.1099,-34.1934,0.289402,
2,35.422,2,5.811109,345.4858,-2.935459,0.505146,6.6849,-10.1099,-34.1934,0.289402,
2,35.432,2,5.810758,345.4898,-2.941346,0.5061898,6.6849,-10.1099,-34.1934,0.289402,
2,35.442,2,5.812574,345.4695,-2.936474,0.5051934,6.6849,-10.1099,-34.1934,0.289402,
2,35.452,2,5.809718,345.4637,-2.935694,0.5053076,6.6849,-10.1099,-34.1934,0.289402,
2,35.462,2,5.809323,345.452,-2.940841,0.5062278,6.6849,-10.1099,-34.1934,0.289402,
2,35.472,2,5.810822,345.4551,-2.938947,0.5057713,6.6849,-10.1099,-34.1934,0.289402,
2,35.482,2,5.807398,345.4308,-2.939451,0.5061562,6.6849,-10.1099,-34.1934,0.289402,
2,35.492,2,5.809239,345.4243,-2.940196,0.5061241,6.6849,-10.1099,-34.1934,0.289402,
2,35.502,2,5.809741,345.4096,-2.940163,0.5060747,6.67837,-10.1099,-34.1955,0.2915001,
2,35.512,2,5.80879,345.4094,-2.947442,0.5074106,6.67837,-10.1099,-34.1955,0.2915001,
2,35.522,2,5.809445,345.3989,-2.943813,0.5067287,6.67837,-10.1099,-34.1955,0.2915001,
2,35.532,2,5.807724,345.3979,-2.943266,0.5067847,6.67837,-10.1099,-34.1955,0.2915001,
2,35.542,2,5.806994,345.385,-2.949803,0.5079742,6.67837,-10.1099,-34.1955,0.2915001,
2,35.552,2,5.806985,345.3907,-2.95119,0.5082138,6.67837,-10.1099,-34.1955,0.2915001,
2,35.562,2,5.806651,345.3703,-2.948896,0.507848,6.67837,-10.1099,-34.1955,0.2915001,
2,35.572,2,5.810066,345.36,-2.948155,0.5074219,6.67837,-10.1099,-34.1955,0.2915001,
2,35.582,2,5.808039,345.3547,-2.949364,0.5078072,6.67837,-10.1099,-34.1955,0.2915001,
2,35.592,2,5.807398,345.3424,-2.954421,0.508734,6.67837,-10.1099,-34.1955,0.2915001,
2,35.602,2,5.804411,345.3602,-2.957662,0.5095541,6.67837,-10.1099,-34.1955,0.2915001,
2,35.612,2,5.807958,345.3297,-2.950481,0.5080066,6.67837,-10.1099,-34.1955,0.2915001,
2,35.622,2,5.814292,345.3087,-2.951672,0.5076581,6.67837,-10.1099,-34.1955,0.2915001,
2,35.632,2,5.825215,345.2755,-2.952362,0.5068245,6.67837,-10.1099,-34.1955,0.2915001,
2,35.642,2,5.836138,345.2415,-2.949614,0.5054051,6.67837,-10.1099,-34.1955,0.2915001,
2,35.652,2,5.846967,345.2066,-2.949961,0.5045284,6.67837,-10.1099,-34.1955,0.2915001,
2,35.662,2,5.852728,345.1748,-2.950787,0.5041729,6.67837,-10.1099,-34.1955,0.2915001,
2,35.672,2,5.856931,345.1688,-2.953866,0.5043368,6.67837,-10.1099,-34.1955,0.2915001,
2,35.682,2,5.856668,345.1844,-2.957525,0.5049843,6.67837,-10.1099,-34.1955,0.2915001,
2,35.692,2,5.855496,345.1542,-2.959611,0.5054415,6.67837,-10.1099,-34.1955,0.2915001,
2,35.702,2,5.856279,345.132,-2.958518,0.5051873,6.67837,-10.1099,-34.1955,0.2915001,
2,35.712,2,5.853366,345.1344,-2.963716,0.5063267,6.67837,-10.1099,-34.1955,0.2915001,
2,35.722,2,5.853189,345.1067,-2.965455,0.5066391,6.67837,-10.1099,-34.1955,0.2915001,
2,35.732,2,5.855421,345.1037,-2.96542,0.5064402,6.67837,-10.1099,-34.1955,0.2915001,
2,35.742,2,5.855693,345.1064,-2.965541,0.5064373,6.67837,-10.1099,-34.1955,0.2915001,
2,35.752,2,5.854367,345.101,-2.967941,0.5069619,6.67837,-10.1099,-34.1955,0.2915001,
2,35.762,2,5.854873,345.1292,-2.969039,0.5071057,6.67188,-10.1099,-34.1976,0.293602,
2,35.772,2,5.852771,345.101,-2.967561,0.5070352,6.67188,-10.1099,-34.1976,0.293602,
2,35.782,2,5.854162,345.0763,-2.96727,0.5068651,6.67188,-10.1099,-34.1976,0.293602,
2,35.792,2,5.853047,345.0814,-2.968995,0.5072563,6.67188,-10.1099,-34.1976,0.293602,
2,35.802,2,5.853803,345.0906,-2.972119,0.5077245,6.67188,-10.1099,-34.1976,0.293602,
2,35.812,2,5.854023,345.0586,-2.972088,0.5077002,6.67188,-10.1099,-34.1976,0.293602,
2,35.822,2,5.851552,345.0579,-2.969643,0.5074965,6.67188,-10.1099,-34.1976,0.293602,
2,35.832,2,5.853159,345.0521,-2.96763,0.5070133,6.67188,-10.1099,-34.1976,0.293602,
2,35.842,2,5.851708,345.0565,-2.969925,0.5075313,6.67188,-10.1099,-34.1976,0.293602,
2,35.852,2,5.84961,345.0345,-2.970588,0.5078266,6.67188,-10.1099,-34.1976,0.293602,
2,35.862,2,5.852653,345.0332,-2.966786,0.506913,6.67188,-10.1099,-34.1976,0.293602,
2,35.872,2,5.855381,345.0092,-2.96227,0.5059056,6.67188,-10.1099,-34.1976,0.293602,
2,35.882,2,5.86304,344.9859,-2.966876,0.5060303,6.67188,-10.1099,-34.1976,0.293602,
2,35.892,2,5.875697,344.9397,-2.970336,0.5055292,6.67188,-10.1099,-34.1976,0.293602,
2,35.902,2,5.882327,344.9104,-2.974455,0.5056596,6.67188,-10.1099,-34.1976,0.293602,
2,35.912,2,5.894906,344.8748,-2.975649,0.5047832,6.67188,-10.1099,-34.1976,0.293602,
2,35.922,2,5.898633,344.858,-2.978935,0.5050212,6.67188,-10.1099,-34.1976,0.293602,
2,35.932,2,5.897489,344.8068,-2.983929,0.5059661,6.67188,-10.1099,-34.1976,0.293602,
2,35.942,2,5.899062,344.8347,-2.985542,0.5061045,6.67188,-10.1099,-34.1976,0.293602,
2,35.952,2,5.900723,344.832,-2.985334,0.5059269,6.67188,-10.1099,-34.1976,0.293602,
2,35.962,2,5.897597,344.8261,-2.989895,0.5069683,6.67188,-10.1099,-34.1976,0.293602,
2,35.972,2,5.896719,344.8481,-2.992276,0.5074477,6.67188,-10.1099,-34.1976,0.293602,
2,35.982,2,5.897799,344.8222,-2.994136,0.50767,6.67188,-10.1099,-34.1976,0.293602,
2,35.992,2,5.897547,344.8069,-2.992088,0.5073444,6.67188,-10.1099,-34.1976,0.293602,
2,36.002,2,5.896467,344.7923,-2.994885,0.5079117,6.66573,-10.1099,-34.1996,0.2956009,
2,36.012,2,5.895698,344.7222,-2.99676,0.5082961,6.66573,-10.1099,-34.1996,0.2956009,
2,36.022,2,5.897296,344.7773,-2.994566,0.5077863,6.66573,-10.1099,-34.1996,0.2956009,
2,36.032,2,5.89549,344.7742,-2.992277,0.5075535,6.66573,-10.1099,-34.1996,0.2956009,
2,36.042,2,5.895848,344.7697,-2.992217,0.5075125,6.66573,-10.1099,-34.1996,0.2956009,
2,36.052,2,5.895329,344.7635,-2.993787,0.5078235,6.66573,-10.1099,-34.1996,0.2956009,
2,36.062,2,5.895753,344.7389,-2.991107,0.5073324,6.66573,-10.1099,-34.1996,0.2956009,
2,36.072,2,5.896847,344.7444,-2.986642,0.5064812,6.66573,-10.1099,-34.1996,0.2956009,
2,36.082,2,5.894684,344.7274,-2.98809,0.5069126,6.66573,-10.1099,-34.1996,0.2956009,
2,36.092,2,5.894506,344.7186,-2.98921,0.507118,6.66573,-10.1099,-34.1996,0.2956009,
2,36.102,2,5.895747,344.7111,-2.992162,0.507512,6.66573,-10.1099,-34.1996,0.2956009,
2,36.112,2,5.898184,344.6949,-2.992261,0.507319,6.66573,-10.1099,-34.1996,0.2956009,
2,36.122,2,5.904649,344.6706,-2.993279,0.506936,6.66573,-10.1099,-34.1996,0.2956009,
2,36.132,2,5.915967,344.6382,-2.996389,0.5064918,6.66573,-10.1099,-34.1996,0.2956009,
2,36.142,2,5.928307,344.5919,-3.00099,0.5062138,6.66573,-10.1099,-34.1996,0.2956009,
2,36.152,2,5.937228,344.5637,-3.002139,0.5056465,6.66573,-10.1099,-34.1996,0.2956009,
2,36.162,2,5.938281,344.5406,-3.004284,0.5059182,6.66573,-10.1099,-34.1996,0.2956009,
2,36.172,2,5.940093,344.5432,-3.01015,0.5067514,6.66573,-10.1099,-34.1996,0.2956009,
2,36.182,2,5.942897,344.5562,-3.011031,0.5066604,6.66573,-10.1099,-34.1996,0.2956009,
2,36.192,2,5.940656,344.5069,-3.011275,0.5068926,6.66573,-10.1099,-34.1996,0.2956009,
2,36.202,2,5.940073,344.5128,-3.00882,0.506529,6.66573,-10.1099,-34.1996,0.2956009,
2,36.212,2,5.94081,344.5036,-3.015011,0.5075085,6.66573,-10.1099,-34.1996,0.2956009,
2,36.222,2,5.937995,344.5247,-3.017689,0.5082,6.66573,-10.1099,-34.1996,0.2956009,
2,36.232,2,5.937906,344.4619,-3.01703,0.5080967,6.66573,-10.1099,-34.1996,0.2956009,
2,36.242,2,5.93751,344.4898,-3.014501,0.5077046,6.65998,-10.1099,-34.2017,0.297699,
2,36.252,2,5.938716,344.4608,-3.014135,0.5075398,6.65998,-10.1099,-34.2017,0.297699,
2,36.262,2,5.941879,344.483,-3.014143,0.5072709,6.65998,-10.1099,-34.2017,0.297699,
2,36.272,2,5.938051,344.456,-3.011646,0.5071776,6.65998,-10.1099,-34.2017,0.297699,
2,36.282,2,5.939366,344.4419,-3.010034,0.5067938,6.65998,-10.1099,-34.2017,0.297699,
2,36.292,2,5.938309,344.4299,-3.011208,0.5070817,6.65998,-10.1099,-34.2017,0.297699,
2,36.302,2,5.937469,344.4282,-3.014664,0.5077357,6.65998,-10.1099,-34.2017,0.297699,
2,36.312,2,5.936662,344.4107,-3.016595,0.5081298,6.65998,-10.1099,-34.2017,0.297699,
2,36.322,2,5.937058,344.3982,-3.016506,0.508081,6.65998,-10.1099,-34.2017,0.297699,
2,36.332,2,5.935092,344.3999,-3.016901,0.5083157,6.65998,-10.1099,-34.2017,0.297699,
2,36.342,2,5.93721,344.4183,-3.017901,0.5083029,6.65998,-10.1099,-34.2017,0.297699,
2,36.352,2,5.943243,344.385,-3.020615,0.5082435,6.65998,-10.1099,-34.2017,0.297699,
2,36.362,2,5.950621,344.3867,-3.020019,0.5075133,6.65998,-10.1099,-34.2017,0.297699,
2,36.372,2,5.960236,344.3166,-3.024632,0.5074685,6.65998,-10.1099,-34.2017,0.297699,
2,36.382,2,5.97064,344.2314,-3.028107,0.5071663,6.65998,-10.1099,-34.2017,0.297699,
2,36.392,2,5.978426,344.2396,-3.034584,0.5075892,6.65998,-10.1099,-34.2017,0.297699,
2,36.402,2,5.982388,344.2361,-3.03607,0.5075013,6.65998,-10.1099,-34.2017,0.297699,
2,36.412,2,5.985775,344.2298,-3.037987,0.5075345,6.65998,-10.1099,-34.2017,0.297699,
2,36.422,2,5.985741,344.2282,-3.040792,0.5080059,6.65998,-10.1099,-34.2017,0.297699,
2,36.432,2,5.985134,344.2643,-3.040632,0.5080307,6.65998,-10.1099,-34.2017,0.297699,
2,36.442,2,5.983465,344.2034,-3.04296,0.5085616,6.65998,-10.1099,-34.2017,0.297699,
2,36.452,2,5.985006,344.2017,-3.03976,0.5078959,6.65998,-10.1099,-34.2017,0.297699,
2,36.462,2,5.981902,344.1903,-3.039171,0.5080609,6.6546,-10.1099,-34.2037,0.2997017,
2,36.472,2,5.982886,344.1823,-3.038733,0.5079043,6.6546,-10.1099,-34.2037,0.2997017,
2,36.482,2,5.983042,344.1793,-3.039744,0.5080599,6.6546,-10.1099,-34.2037,0.2997017,
2,36.492,2,5.981397,344.1728,-3.035539,0.5074967,6.6546,-10.1099,-34.2037,0.2997017,
2,36.502,2,5.982667,344.1618,-3.03633,0.5075211,6.6546,-10.1099,-34.2037,0.2997017,
2,36.512,2,5.981953,344.1631,-3.038173,0.5078899,6.6546,-10.1099,-34.2037,0.2997017,
2,36.522,2,5.983934,344.1351,-3.041167,0.5082219,6.6546,-10.1099,-34.2037,0.2997017,
2,36.532,2,5.983268,344.1351,-3.042824,0.5085556,6.6546,-10.1099,-34.2037,0.2997017,
2,36.542,2,5.985229,344.121,-3.041441,0.5081578,6.6546,-10.1099,-34.2037,0.2997017,
2,36.552,2,5.991902,344.0992,-3.044735,0.5081416,6.6546,-10.1099,-34.2037,0.2997017,
2,36.562,2,6.002225,344.0564,-3.047229,0.5076832,6.6546,-10.1099,-34.2037,0.2997017,
2,36.572,2,6.013791,344.0235,-3.049028,0.507006,6.6546,-10.1099,-34.2037,0.2997017,
2,36.582,2,6.021487,343.9872,-3.051149,0.5067102,6.6546,-10.1099,-34.2037,0.2997017,
2,36.592,2,6.02584,343.9728,-3.055892,0.5071313,6.6546,-10.1099,-34.2037,0.2997017,
2,36.602,2,6.027659,343.9598,-3.059872,0.5076385,6.6546,-10.1099,-34.2037,0.2997017,
2,36.612,2,6.027516,343.961,-3.058398,0.507406,6.6546,-10.1099,-34.2037,0.2997017,
2,36.622,2,6.026126,343.9559,-3.059438,0.5076957,6.6546,-10.1099,-34.2037,0.2997017,
2,36.632,2,6.025779,343.9402,-3.064851,0.5086232,6.6546,-10.1099,-34.2037,0.2997017,
2,36.642,2,6.024134,343.9316,-3.066377,0.5090154,6.64997,-10.1099,-34.2057,0.3017006,
2,36.652,2,6.023449,343.9157,-3.064235,0.5087177,6.64997,-10.1099,-34.2057,0.3017006,
2,36.662,2,6.02506,343.913,-3.060701,0.5079951,6.64997,-10.1099,-34.2057,0.3017006,
2,36.672,2,6.023579,343.9124,-3.061899,0.5083189,6.64997,-10.1099,-34.2057,0.3017006,
2,36.682,2,6.025367,343.862,-3.064134,0.5085389,6.64997,-10.1099,-34.2057,0.3017006,
2,36.692,2,6.024075,343.8611,-3.062501,0.508377,6.64997,-10.1099,-34.2057,0.3017006,
2,36.702,2,6.023321,343.8726,-3.056781,0.507491,6.64997,-10.1099,-34.2057,0.3017006,
2,36.712,2,6.025211,343.8861,-3.060551,0.5079575,6.64997,-10.1099,-34.2057,0.3017006,
2,36.722,2,6.023457,343.816,-3.062996,0.5085114,6.64997,-10.1099,-34.2057,0.3017006,
2,36.732,2,6.0263,343.8687,-3.06489,0.5085858,6.64997,-10.1099,-34.2057,0.3017006,
2,36.742,2,6.033239,343.8345,-3.063607,0.507788,6.64997,-10.1099,-34.2057,0.3017006,
2,36.752,2,6.042287,343.7825,-3.063209,0.5069619,6.64997,-10.1099,-34.2057,0.3017006,
2,36.762,2,6.052198,343.6852,-3.068403,0.5069898,6.64997,-10.1099,-34.2057,0.3017006,
2,36.772,2,6.061908,343.7132,-3.072648,0.506878,6.64997,-10.1099,-34.2057,0.3017006,
2,36.782,2,6.064872,343.6882,-3.073585,0.5067848,6.64997,-10.1099,-34.2057,0.3017006,
2,36.792,2,6.067607,343.6883,-3.077692,0.5072332,6.64997,-10.1099,-34.2057,0.3017006,
2,36.802,2,6.067909,343.6832,-3.082742,0.5080403,6.64997,-10.1099,-34.2057,0.3017006,
2,36.812,2,6.067695,343.6477,-3.086557,0.5086869,6.64997,-10.1099,-34.2057,0.3017006,
2,36.822,2,6.068038,343.6489,-3.082088,0.5079217,6.64997,-10.1099,-34.2057,0.3017006,
2,36.832,2,6.065781,343.6845,-3.085222,0.5086273,6.64997,-10.1099,-34.2057,0.3017006,
2,36.842,2,6.065645,343.6503,-3.085263,0.5086454,6.64997,-10.1099,-34.2057,0.3017006,
2,36.852,2,6.064645,343.6425,-3.084323,0.5085744,6.64997,-10.1099,-34.2057,0.3017006,
2,36.862,2,6.0648,343.6302,-3.082352,0.5082365,6.64997,-10.1099,-34.2057,0.3017006,
2,36.872,2,6.065343,343.6171,-3.082034,0.5081385,6.64997,-10.1099,-34.2057,0.3017006,
2,36.882,2,6.06609,343.6186,-3.083275,0.5082805,6.64997,-10.1099,-34.2057,0.3017006,
2,36.892,2,6.061687,343.6223,-3.08462,0.5088716,6.645,-10.1099,-34.2075,0.3035011,
2,36.902,2,6.066798,343.601,-3.077984,0.507349,6.645,-10.1099,-34.2075,0.3035011,
2,36.912,2,6.063684,343.5831,-3.076047,0.5072901,6.645,-10.1099,-34.2075,0.3035011,
2,36.922,2,6.063194,343.5686,-3.082536,0.5084013,6.645,-10.1099,-34.2075,0.3035011,
2,36.932,2,6.063619,343.5799,-3.084389,0.5086714,6.645,-10.1099,-34.2075,0.3035011,
2,36.942,2,6.063437,343.5637,-3.083366,0.508518,6.645,-10.1099,-34.2075,0.3035011,
2,36.952,2,6.065372,343.5501,-3.082097,0.5081464,6.645,-10.1099,-34.2075,0.3035011,
2,36.962,2,6.059189,343.5458,-3.086795,0.5094403,6.645,-10.1099,-34.2075,0.3035011,
2,36.972,2,6.063856,343.5331,-3.090873,0.5097208,6.645,-10.1099,-34.2075,0.3035011,
2,36.982,2,6.062149,343.5228,-3.091495,0.5099668,6.645,-10.1099,-34.2075,0.3035011,
2,36.992,2,6.061268,343.5217,-3.088354,0.5095228,6.645,-10.1099,-34.2075,0.3035011,
2,37.002,2,6.060328,343.5389,-3.090546,0.5099636,6.645,-10.1099,-34.2075,0.3035011,
2,37.012,2,6.059097,343.5301,-3.093978,0.5106335,6.645,-10.1099,-34.2075,0.3035011,
2,37.022,2,6.063365,343.4888,-3.094221,0.5103143,6.645,-10.1099,-34.2075,0.3035011,
2,37.032,2,6.072232,343.4814,-3.093011,0.5093697,6.645,-10.1099,-34.2075,0.3035011,
2,37.042,2,6.082612,343.4515,-3.094866,0.5088054,6.645,-10.1099,-34.2075,0.3035011,
2,37.052,2,6.09025,343.4125,-3.101073,0.5091864,6.645,-10.1099,-34.2075,0.3035011,
2,37.062,2,6.097434,343.3843,-3.103024,0.5089065,6.645,-10.1099,-34.2075,0.3035011,
2,37.072,2,6.102178,343.3705,-3.103264,0.5085502,6.645,-10.1099,-34.2075,0.3035011,
2,37.082,2,6.105613,343.3532,-3.10248,0.5081357,6.645,-10.1099,-34.2075,0.3035011,
2,37.092,2,6.102343,343.3694,-3.105326,0.5088743,6.645,-10.1099,-34.2075,0.3035011,
2,37.102,2,6.103173,343.3455,-3.105984,0.5089129,6.645,-10.1099,-34.2075,0.3035011,
2,37.112,2,6.103865,343.334,-3.102773,0.5083293,6.645,-10.1099,-34.2075,0.3035011,
2,37.122,2,6.102584,343.3163,-3.100862,0.5081227,6.645,-10.1099,-34.2075,0.3035011,
2,37.132,2,6.101423,343.3054,-3.105076,0.5089101,6.645,-10.1099,-34.2075,0.3035011,
2,37.142,2,6.102948,343.2708,-3.106168,0.508962,6.645,-10.1099,-34.2075,0.3035011,
2,37.152,2,6.100847,343.3152,-3.105858,0.5090864,6.645,-10.1099,-34.2075,0.3035011,
2,37.162,2,6.101941,343.2654,-3.107168,0.5092098,6.645,-10.1099,-34.2075,0.3035011,
2,37.172,2,6.100766,343.3123,-3.110877,0.5099159,6.645,-10.1099,-34.2075,0.3035011,
2,37.182,2,6.101242,343.2677,-3.112333,0.5101146,6.63812,-10.1099,-34.2094,0.3054008,
2,37.192,2,6.101555,343.2638,-3.113101,0.5102144,6.63812,-10.1099,-34.2094,0.3054008,
2,37.202,2,6.099929,343.251,-3.111464,0.510082,6.63812,-10.1099,-34.2094,0.3054008,
2,37.212,2,6.099276,343.2394,-3.116775,0.5110073,6.63812,-10.1099,-34.2094,0.3054008,
2,37.222,2,6.09859,343.222,-3.12078,0.5117216,6.63812,-10.1099,-34.2094,0.3054008,
2,37.232,2,6.097428,343.2335,-3.120654,0.5117984,6.63812,-10.1099,-34.2094,0.3054008,
2,37.242,2,6.098801,343.2274,-3.117244,0.5111242,6.63812,-10.1099,-34.2094,0.3054008,
2,37.252,2,6.098267,343.2172,-3.11832,0.5113453,6.63812,-10.1099,-34.2094,0.3054008,
2,37.262,2,6.098247,343.2384,-3.122268,0.5119945,6.63812,-10.1099,-34.2094,0.3054008,
2,37.272,2,6.099037,343.1826,-3.120853,0.511696,6.63812,-10.1099,-34.2094,0.3054008,
2,37.282,2,6.103821,343.1793,-3.116809,0.5106325,6.63812,-10.1099,-34.2094,0.3054008,
2,37.292,2,6.114295,343.1436,-3.117612,0.509889,6.63812,-10.1099,-34.2094,0.3054008,
2,37.302,2,6.123561,343.1304,-3.119739,0.5094649,6.63812,-10.1099,-34.2094,0.3054008,
2,37.312,2,6.134559,343.0929,-3.11957,0.508524,6.63812,-10.1099,-34.2094,0.3054008,
2,37.322,2,6.141725,343.0613,-3.120406,0.5080667,6.63812,-10.1099,-34.2094,0.3054008,
2,37.332,2,6.144878,343.0435,-3.120312,0.5077907,6.63812,-10.1099,-34.2094,0.3054008,
2,37.342,2,6.145313,343.0342,-3.124758,0.5084782,6.63812,-10.1099,-34.2094,0.3054008,
2,37.352,2,6.145256,343.0014,-3.126867,0.5088262,6.63812,-10.1099,-34.2094,0.3054008,
2,37.362,2,6.145705,343.0062,-3.128608,0.5090722,6.63812,-10.1099,-34.2094,0.3054008,
2,37.372,2,6.144799,342.9978,-3.131029,0.5095413,6.63812,-10.1099,-34.2094,0.3054008,
2,37.382,2,6.142403,342.9981,-3.134018,0.5102267,6.63812,-10.1099,-34.2094,0.3054008,
2,37.392,2,6.14132,342.9982,-3.135663,0.5105844,6.63812,-10.1099,-34.2094,0.3054008,
2,37.402,2,6.143053,342.9776,-3.134944,0.5103236,6.63812,-10.1099,-34.2094,0.3054008,
2,37.412,2,6.142904,342.9634,-3.135218,0.5103804,6.63812,-10.1099,-34.2094,0.3054008,
2,37.422,2,6.1429,342.9598,-3.138824,0.5109677,6.63812,-10.1099,-34.2094,0.3054008,
2,37.432,2,6.142583,342.9023,-3.139431,0.511093,6.63812,-10.1099,-34.2094,0.3054008,
2,37.442,2,6.140607,342.9348,-3.139471,0.511264,6.63812,-10.1099,-34.2094,0.3054008,
2,37.452,2,6.139824,342.9435,-3.139884,0.5113965,6.63198,-10.1099,-34.2113,0.3073006,
2,37.462,2,6.14265,342.9578,-3.141115,0.5113615,6.63198,-10.1099,-34.2113,0.3073006,
2,37.472,2,6.139089,342.9252,-3.145017,0.5122938,6.63198,-10.1099,-34.2113,0.3073006,
2,37.482,2,6.141414,342.9309,-3.143509,0.5118544,6.63198,-10.1099,-34.2113,0.3073006,
2,37.492,2,6.140479,342.9107,-3.141801,0.511654,6.63198,-10.1099,-34.2113,0.3073006,
2,37.502,2,6.141613,342.9127,-3.140816,0.5113992,6.63198,-10.1099,-34.2113,0.3073006,
2,37.512,2,6.14196,342.8803,-3.142071,0.5115746,6.63198,-10.1099,-34.2113,0.3073006,
2,37.522,2,6.140172,342.8976,-3.141283,0.5115952,6.63198,-10.1099,-34.2113,0.3073006,
2,37.532,2,6.138595,342.886,-3.138624,0.5112936,6.63198,-10.1099,-34.2113,0.3073006,
2,37.542,2,6.14089,342.8834,-3.137826,0.5109726,6.63198,-10.1099,-34.2113,0.3073006,
2,37.552,2,6.140728,342.8726,-3.140017,0.5113428,6.63198,-10.1099,-34.2113,0.3073006,
2,37.562,2,6.141201,342.8713,-3.141802,0.5115941,6.63198,-10.1099,-34.2113,0.3073006,
2,37.572,2,6.146399,342.8418,-3.14436,0.5115775,6.63198,-10.1099,-34.2113,0.3073006,
2,37.582,2,6.157511,342.808,-3.143092,0.5104484,6.63198,-10.1099,-34.2113,0.3073006,
2,37.592,2,6.16932,342.7847,-3.147444,0.5101769,6.63198,-10.1099,-34.2113,0.3073006,
2,37.602,2,6.178529,342.7136,-3.151606,0.5100901,6.63198,-10.1099,-34.2113,0.3073006,
2,37.612,2,6.184473,342.6935,-3.153819,0.5099577,6.63198,-10.1099,-34.2113,0.3073006,
2,37.622,2,6.185972,342.7188,-3.155622,0.5101255,6.63198,-10.1099,-34.2113,0.3073006,
2,37.632,2,6.184975,342.6718,-3.161382,0.511139,6.63198,-10.1099,-34.2113,0.3073006,
2,37.642,2,6.185167,342.651,-3.165132,0.5117294,6.63198,-10.1099,-34.2113,0.3073006,
2,37.652,2,6.185512,342.6674,-3.164882,0.5116605,6.63198,-10.1099,-34.2113,0.3073006,
2,37.662,2,6.186093,342.6699,-3.162496,0.5112267,6.63198,-10.1099,-34.2113,0.3073006,
2,37.672,2,6.185362,342.6603,-3.166262,0.511896,6.63198,-10.1099,-34.2113,0.3073006,
2,37.682,2,6.184965,342.7234,-3.168177,0.5122385,6.63198,-10.1099,-34.2113,0.3073006,
2,37.692,2,6.183662,342.6494,-3.166984,0.5121535,6.63198,-10.1099,-34.2113,0.3073006,
2,37.702,2,6.183178,342.6343,-3.164839,0.5118467,6.62507,-10.1099,-34.2133,0.3092995,
2,37.712,2,6.185014,342.6269,-3.16479,0.5116867,6.62507,-10.1099,-34.2133,0.3092995,
2,37.722,2,6.184421,342.6421,-3.165346,0.5118259,6.62507,-10.1099,-34.2133,0.3092995,
2,37.732,2,6.180102,342.6093,-3.164929,0.512116,6.62507,-10.1099,-34.2133,0.3092995,
2,37.742,2,6.185262,342.6015,-3.161728,0.5111713,6.62507,-10.1099,-34.2133,0.3092995,
2,37.752,2,6.182626,342.6283,-3.161202,0.5113042,6.62507,-10.1099,-34.2133,0.3092995,
2,37.762,2,6.184426,342.5862,-3.164932,0.5117584,6.62507,-10.1099,-34.2133,0.3092995,
2,37.772,2,6.18462,342.5818,-3.167807,0.5122072,6.62507,-10.1099,-34.2133,0.3092995,
2,37.782,2,6.182775,342.5873,-3.16563,0.512008,6.62507,-10.1099,-34.2133,0.3092995,
2,37.792,2,6.181501,342.5651,-3.165583,0.5121058,6.62507,-10.1099,-34.2133,0.3092995,
2,37.802,2,6.182962,342.5428,-3.1699,0.5126831,6.62507,-10.1099,-34.2133,0.3092995,
2,37.812,2,6.182229,342.5475,-3.17166,0.5130286,6.62507,-10.1099,-34.2133,0.3092995,
2,37.822,2,6.184356,342.5453,-3.171447,0.5128177,6.62507,-10.1099,-34.2133,0.3092995,
2,37.832,2,6.192915,342.5109,-3.172193,0.5122293,6.62507,-10.1099,-34.2133,0.3092995,
2,37.842,2,6.20362,342.4766,-3.175273,0.5118419,6.62507,-10.1099,-34.2133,0.3092995,
2,37.852,2,6.213869,342.4178,-3.177264,0.5113181,6.62507,-10.1099,-34.2133,0.3092995,
2,37.862,2,6.222362,342.4142,-3.178859,0.5108766,6.62507,-10.1099,-34.2133,0.3092995,
2,37.872,2,6.227771,342.3966,-3.183256,0.5111389,6.62507,-10.1099,-34.2133,0.3092995,
2,37.882,2,6.228425,342.3855,-3.186808,0.5116555,6.62507,-10.1099,-34.2133,0.3092995,
2,37.892,2,6.227659,342.3297,-3.190444,0.5123024,6.62507,-10.1099,-34.2133,0.3092995,
2,37.902,2,6.227552,342.3854,-3.191453,0.5124731,6.62507,-10.1099,-34.2133,0.3092995,
2,37.912,2,6.227414,342.3725,-3.188276,0.5119744,6.62507,-10.1099,-34.2133,0.3092995,
2,37.922,2,6.226837,342.358,-3.187908,0.5119627,6.62507,-10.1099,-34.2133,0.3092995,
2,37.932,2,6.228133,342.3314,-3.188943,0.5120224,6.62507,-10.1099,-34.2133,0.3092995,
2,37.942,2,6.227086,342.3343,-3.187682,0.511906,6.62507,-10.1099,-34.2133,0.3092995,
2,37.952,2,6.228154,342.3323,-3.183944,0.511218,6.62507,-10.1099,-34.2133,0.3092995,
2,37.962,2,6.226601,342.326,-3.186436,0.5117458,6.62507,-10.1099,-34.2133,0.3092995,
2,37.972,2,6.225265,342.3011,-3.190282,0.5124733,6.62507,-10.1099,-34.2133,0.3092995,
2,37.982,2,6.226937,342.3123,-3.190149,0.5123143,6.61893,-10.1099,-34.2153,0.3113022,
2,37.992,2,6.227626,342.2975,-3.190687,0.5123441,6.61893,-10.1099,-34.2153,0.3113022,
2,38.002,2,6.22648,342.29,-3.190542,0.5124152,6.61893,-10.1099,-34.2153,0.3113022,
2,38.012,2,6.228286,342.2459,-3.195531,0.5130675,6.61893,-10.1099,-34.2153,0.3113022,
2,38.022,2,6.224936,342.2569,-3.194228,0.5131343,6.61893,-10.1099,-34.2153,0.3113022,
2,38.032,2,6.223723,342.2509,-3.19458,0.5132908,6.61893,-10.1099,-34.2153,0.3113022,
2,38.042,2,6.225939,342.2588,-3.197435,0.5135667,6.61893,-10.1099,-34.2153,0.3113022,
2,38.052,2,6.22159,342.2585,-3.200404,0.5144029,6.61893,-10.1099,-34.2153,0.3113022,
2,38.062,2,6.224284,342.2568,-3.203238,0.5146355,6.61893,-10.1099,-34.2153,0.3113022,
2,38.072,2,6.225414,342.2505,-3.201397,0.5142464,6.61893,-10.1099,-34.2153,0.3113022,
2,38.082,2,6.229457,342.2238,-3.199671,0.5136356,6.61893,-10.1099,-34.2153,0.3113022,
2,38.092,2,6.238747,342.1906,-3.205184,0.5137545,6.61893,-10.1099,-34.2153,0.3113022,
2,38.102,2,6.249702,342.1537,-3.204597,0.5127599,6.61893,-10.1099,-34.2153,0.3113022,
2,38.112,2,6.259718,342.1248,-3.205045,0.5120111,6.61893,-10.1099,-34.2153,0.3113022,
2,38.122,2,6.26818,342.0913,-3.205739,0.5114306,6.61893,-10.1099,-34.2153,0.3113022,
2,38.132,2,6.269756,342.0891,-3.207824,0.5116346,6.61893,-10.1099,-34.2153,0.3113022,
2,38.142,2,6.272019,342.091,-3.212641,0.5122179,6.61893,-10.1099,-34.2153,0.3113022,
2,38.152,2,6.273942,342.0657,-3.211258,0.5118406,6.61893,-10.1099,-34.2153,0.3113022,
2,38.162,2,6.27066,342.0458,-3.20716,0.5114549,6.61893,-10.1099,-34.2153,0.3113022,
2,38.172,2,6.271509,342.04,-3.209513,0.5117608,6.61893,-10.1099,-34.2153,0.3113022,
2,38.182,2,6.267431,341.993,-3.213826,0.512782,6.61893,-10.1099,-34.2153,0.3113022,
2,38.192,2,6.271158,341.99,-3.213156,0.5123704,6.61893,-10.1099,-34.2153,0.3113022,
2,38.202,2,6.272243,342.0526,-3.212067,0.5121083,6.61893,-10.1099,-34.2153,0.3113022,
2,38.212,2,6.268849,342.0142,-3.214144,0.5127167,6.61893,-10.1099,-34.2153,0.3113022,
2,38.222,2,6.268348,341.9711,-3.217331,0.5132661,6.61893,-10.1099,-34.2153,0.3113022,
2,38.232,2,6.269093,341.99,-3.21843,0.5133805,6.61893,-10.1099,-34.2153,0.3113022,
2,38.242,2,6.268926,341.985,-3.216835,0.5131398,6.6128,-10.1099,-34.2174,0.3134003,
2,38.252,2,6.2693,341.9809,-3.218094,0.51331,6.6128,-10.1099,-34.2174,0.3134003,
2,38.262,2,6.266616,341.9605,-3.225336,0.5146855,6.6128,-10.1099,-34.2174,0.3134003,
2,38.272,2,6.268434,341.9477,-3.225548,0.51457,6.6128,-10.1099,-34.2174,0.3134003,
2,38.282,2,6.270114,341.9568,-3.220433,0.5136164,6.6128,-10.1099,-34.2174,0.3134003,
2,38.292,2,6.267953,341.9511,-3.225703,0.5146342,6.6128,-10.1099,-34.2174,0.3134003,
2,38.302,2,6.268051,341.9409,-3.228698,0.5151041,6.6128,-10.1099,-34.2174,0.3134003,
2,38.312,2,6.267968,341.9306,-3.228926,0.5151472,6.6128,-10.1099,-34.2174,0.3134003,
2,38.322,2,6.265231,341.9216,-3.223024,0.5144302,6.6128,-10.1099,-34.2174,0.3134003,
2,38.332,2,6.267491,341.9185,-3.221845,0.5140566,6.6128,-10.1099,-34.2174,0.3134003,
2,38.342,2,6.267266,341.9145,-3.222949,0.5142512,6.6128,-10.1099,-34.2174,0.3134003,
2,38.352,2,6.264257,341.9141,-3.22211,0.5143642,6.6128,-10.1099,-34.2174,0.3134003,
2,38.362,2,6.265408,341.8928,-3.220117,0.5139518,6.6128,-10.1099,-34.2174,0.3134003,
2,38.372,2,6.273084,341.8738,-3.217576,0.5129178,6.6128,-10.1099,-34.2174,0.3134003,
2,38.382,2,6.283302,341.8385,-3.221002,0.5126289,6.6128,-10.1099,-34.2174,0.3134003,
2,38.392,2,6.294072,341.8199,-3.225111,0.5124046,6.6128,-10.1099,-34.2174,0.3134003,
2,38.402,2,6.304739,341.7588,-3.226816,0.511808,6.6128,-10.1099,-34.2174,0.3134003,
2,38.412,2,6.311882,341.7399,-3.23275,0.5121691,6.6128,-10.1099,-34.2174,0.3134003,
2,38.422,2,6.313222,341.7335,-3.237916,0.5128785,6.6128,-10.1099,-34.2174,0.3134003,
2,38.432,2,6.31466,341.7549,-3.241915,0.5133951,6.6128,-10.1099,-34.2174,0.3134003,
2,38.442,2,6.317124,341.7024,-3.23717,0.5124437,6.6128,-10.1099,-34.2174,0.3134003,
2,38.452,2,6.314583,341.6974,-3.240611,0.5131949,6.6128,-10.1099,-34.2174,0.3134003,
2,38.462,2,6.317418,341.6815,-3.239155,0.5127341,6.6128,-10.1099,-34.2174,0.3134003,
2,38.472,2,6.31443,341.655,-3.243508,0.513666,6.6128,-10.1099,-34.2174,0.3134003,
2,38.482,2,6.312631,341.6638,-3.245059,0.5140581,6.6128,-10.1099,-34.2174,0.3134003,
2,38.492,2,6.312256,341.6733,-3.244464,0.5139945,6.6128,-10.1099,-34.2174,0.3134003,
2,38.502,2,6.313037,341.6458,-3.246093,0.5141888,6.6059,-10.1099,-34.2194,0.3153992,
2,38.512,2,6.314176,341.6607,-3.246325,0.5141329,6.6059,-10.1099,-34.2194,0.3153992,
2,38.522,2,6.313988,341.6605,-3.246499,0.5141757,6.6059,-10.1099,-34.2194,0.3153992,
2,38.532,2,6.314037,341.6384,-3.242947,0.5136092,6.6059,-10.1099,-34.2194,0.3153992,
2,38.542,2,6.312289,341.6295,-3.242335,0.5136544,6.6059,-10.1099,-34.2194,0.3153992,
2,38.552,2,6.312495,341.6145,-3.242171,0.5136116,6.6059,-10.1099,-34.2194,0.3153992,
2,38.562,2,6.314291,341.6153,-3.24302,0.5136001,6.6059,-10.1099,-34.2194,0.3153992,
2,38.572,2,6.312582,341.6111,-3.240963,0.5134131,6.6059,-10.1099,-34.2194,0.3153992,
2,38.582,2,6.312608,341.6075,-3.238954,0.5130928,6.6059,-10.1099,-34.2194,0.3153992,
2,38.592,2,6.311862,341.601,-3.241027,0.5134819,6.6059,-10.1099,-34.2194,0.3153992,
2,38.602,2,6.313203,341.5789,-3.243093,0.5137002,6.6059,-10.1099,-34.2194,0.3153992,
2,38.612,2,6.311404,341.5799,-3.243311,0.5138811,6.6059,-10.1099,-34.2194,0.3153992,
2,38.622,2,6.315245,341.5593,-3.24412,0.5136966,6.6059,-10.1099,-34.2194,0.3153992,
2,38.632,2,6.322735,341.5402,-3.246931,0.5135326,6.6059,-10.1099,-34.2194,0.3153992,
2,38.642,2,6.332708,341.5008,-3.249189,0.5130805,6.6059,-10.1099,-34.2194,0.3153992,
2,38.652,2,6.344561,341.4768,-3.252592,0.5126584,6.6059,-10.1099,-34.2194,0.3153992,
2,38.662,2,6.352435,341.4339,-3.251764,0.5118926,6.6059,-10.1099,-34.2194,0.3153992,
2,38.672,2,6.358033,341.4297,-3.257038,0.5122713,6.6059,-10.1099,-34.2194,0.3153992,
2,38.682,2,6.359109,341.3681,-3.262219,0.5129995,6.6059,-10.1099,-34.2194,0.3153992,
2,38.692,2,6.358374,341.413,-3.26364,0.5132822,6.6059,-10.1099,-34.2194,0.3153992,
2,38.702,2,6.358851,341.3974,-3.26269,0.5130942,6.6059,-10.1099,-34.2194,0.3153992,
2,38.712,2,6.357054,341.3911,-3.265723,0.5137165,6.6059,-10.1099,-34.2194,0.3153992,
2,38.722,2,6.358305,341.3699,-3.267433,0.5138842,6.6059,-10.1099,-34.2194,0.3153992,
2,38.732,2,6.358198,341.3691,-3.269386,0.5142002,6.6059,-10.1099,-34.2194,0.3153992,
2,38.742,2,6.358458,341.3671,-3.268201,0.5139927,6.6059,-10.1099,-34.2194,0.3153992,
2,38.752,2,6.358715,341.3624,-3.26548,0.513544,6.6059,-10.1099,-34.2194,0.3153992,
2,38.762,2,6.357183,341.3263,-3.265509,0.5136724,6.6059,-10.1099,-34.2194,0.3153992,
2,38.772,2,6.355533,341.3391,-3.263052,0.5134192,6.6059,-10.1099,-34.2194,0.3153992,
2,38.782,2,6.353905,341.3389,-3.263066,0.5135529,6.59975,-10.1099,-34.2215,0.3175011,
2,38.792,2,6.355701,341.3248,-3.263466,0.5134706,6.59975,-10.1099,-34.2215,0.3175011,
2,38.802,2,6.354635,341.3232,-3.264265,0.5136825,6.59975,-10.1099,-34.2215,0.3175011,
2,38.812,2,6.354817,341.328,-3.268955,0.5144058,6.59975,-10.1099,-34.2215,0.3175011,
2,38.822,2,6.353741,341.2937,-3.268368,0.5144006,6.59975,-10.1099,-34.2215,0.3175011,
2,38.832,2,6.352117,341.2838,-3.267984,0.5144716,6.59975,-10.1099,-34.2215,0.3175011,
2,38.842,2,6.354056,341.2602,-3.269373,0.5145332,6.59975,-10.1099,-34.2215,0.3175011,
2,38.852,2,6.351916,341.3285,-3.272235,0.5151572,6.59975,-10.1099,-34.2215,0.3175011,
2,38.862,2,6.352721,341.2578,-3.272467,0.5151284,6.59975,-10.1099,-34.2215,0.3175011,
2,38.872,2,6.353793,341.2546,-3.272982,0.5151226,6.59975,-10.1099,-34.2215,0.3175011,
2,38.882,2,6.3593,341.2464,-3.276438,0.5152199,6.59975,-10.1099,-34.2215,0.3175011,
2,38.892,2,6.367608,341.22,-3.280403,0.5151704,6.59975,-10.1099,-34.2215,0.3175011,
2,38.902,2,6.378356,341.1713,-3.281903,0.5145374,6.59975,-10.1099,-34.2215,0.3175011,
2,38.912,2,6.38658,341.1318,-3.282841,0.5140218,6.59975,-10.1099,-34.2215,0.3175011,
2,38.922,2,6.395124,341.1154,-3.285872,0.513809,6.59975,-10.1099,-34.2215,0.3175011,
2,38.932,2,6.39729,341.0809,-3.290124,0.5142996,6.59975,-10.1099,-34.2215,0.3175011,
2,38.942,2,6.39995,341.0851,-3.293858,0.5146694,6.59975,-10.1099,-34.2215,0.3175011,
2,38.952,2,6.399656,341.0727,-3.291664,0.5143502,6.59975,-10.1099,-34.2215,0.3175011,
2,38.962,2,6.398618,341.0759,-3.290258,0.5142139,6.59975,-10.1099,-34.2215,0.3175011,
2,38.972,2,6.400668,341.0608,-3.292274,0.5143641,6.59975,-10.1099,-34.2215,0.3175011,
2,38.982,2,6.399098,341.0575,-3.291278,0.5143346,6.59975,-10.1099,-34.2215,0.3175011,
2,38.992,2,6.4024,341.0438,-3.289124,0.513733,6.59975,-10.1099,-34.2215,0.3175011,
2,39.002,2,6.401115,341.0469,-3.291098,0.5141444,6.59975,-10.1099,-34.2215,0.3175011,
2,39.012,2,6.399955,341.0184,-3.292712,0.5144899,6.59975,-10.1099,-34.2215,0.3175011,
2,39.022,2,6.399346,341.0318,-3.293106,0.5146004,6.59975,-10.1099,-34.2215,0.3175011,
2,39.032,2,6.399227,341.0071,-3.292982,0.5145905,6.59975,-10.1099,-34.2215,0.3175011,
2,39.042,2,6.398112,341.0016,-3.29423,0.5148754,6.59363,-10.1099,-34.2236,0.3195992,
2,39.052,2,6.3986,340.9825,-3.299162,0.5156069,6.59363,-10.1099,-34.2236,0.3195992,
2,39.062,2,6.396304,340.9886,-3.300391,0.515984,6.59363,-10.1099,-34.2236,0.3195992,
2,39.072,2,6.396971,340.9825,-3.301864,0.5161605,6.59363,-10.1099,-34.2236,0.3195992,
2,39.082,2,6.39641,340.9844,-3.302633,0.5163261,6.59363,-10.1099,-34.2236,0.3195992,
2,39.092,2,6.397383,340.9766,-3.303264,0.5163462,6.59363,-10.1099,-34.2236,0.3195992,
2,39.102,2,6.398086,340.9409,-3.305799,0.5166857,6.59363,-10.1099,-34.2236,0.3195992,
2,39.112,2,6.396347,340.9833,-3.305266,0.5167428,6.59363,-10.1099,-34.2236,0.3195992,
2,39.122,2,6.396076,340.9552,-3.30375,0.5165277,6.59363,-10.1099,-34.2236,0.3195992,
2,39.132,2,6.396356,340.9438,-3.307062,0.5170228,6.59363,-10.1099,-34.2236,0.3195992,
2,39.142,2,6.395577,340.9346,-3.309113,0.5174065,6.59363,-10.1099,-34.2236,0.3195992,
2,39.152,2,6.394145,340.9357,-3.308034,0.5173536,6.59363,-10.1099,-34.2236,0.3195992,
2,39.162,2,6.397614,340.9214,-3.305439,0.5166675,6.59363,-10.1099,-34.2236,0.3195992,
2,39.172,2,6.404083,340.91,-3.30328,0.5158084,6.59363,-10.1099,-34.2236,0.3195992,
2,39.182,2,6.412112,340.8932,-3.305789,0.5155539,6.59363,-10.1099,-34.2236,0.3195992,
2,39.192,2,6.424676,340.8405,-3.306337,0.514631,6.59363,-10.1099,-34.2236,0.3195992,
2,39.202,2,6.435342,340.8054,-3.304482,0.5134897,6.59363,-10.1099,-34.2236,0.3195992,
2,39.212,2,6.441365,340.7743,-3.307552,0.5134861,6.59363,-10.1099,-34.2236,0.3195992,
2,39.222,2,6.444427,340.7774,-3.314005,0.5142435,6.59363,-10.1099,-34.2236,0.3195992,
2,39.232,2,6.444121,340.7577,-3.31721,0.5147653,6.59363,-10.1099,-34.2236,0.3195992,
2,39.242,2,6.444163,340.7552,-3.319987,0.5151929,6.59363,-10.1099,-34.2236,0.3195992,
2,39.252,2,6.443614,340.7396,-3.318778,0.5150492,6.59363,-10.1099,-34.2236,0.3195992,
2,39.262,2,6.443017,340.6993,-3.322384,0.5156565,6.59363,-10.1099,-34.2236,0.3195992,
2,39.272,2,6.439789,340.7466,-3.326641,0.5165761,6.59363,-10.1099,-34.2236,0.3195992,
2,39.282,2,6.441265,340.7153,-3.326108,0.5163751,6.59363,-10.1099,-34.2236,0.3195992,
2,39.292,2,6.442901,340.7153,-3.327049,0.5163898,6.5867,-10.1099,-34.2256,0.3216019,
2,39.302,2,6.440154,340.7112,-3.329066,0.5169234,6.5867,-10.1099,-34.2256,0.3216019,
2,39.312,2,6.441642,340.7145,-3.331962,0.5172535,6.5867,-10.1099,-34.2256,0.3216019,
2,39.322,2,6.441709,340.6854,-3.332335,0.517306,6.5867,-10.1099,-34.2256,0.3216019,
2,39.332,2,6.442673,340.6746,-3.330313,0.5169147,6.5867,-10.1099,-34.2256,0.3216019,
2,39.342,2,6.441863,340.6615,-3.333049,0.5174045,6.5867,-10.1099,-34.2256,0.3216019,
2,39.352,2,6.440767,340.5978,-3.333525,0.5175664,6.5867,-10.1099,-34.2256,0.3216019,
2,39.362,2,6.438914,340.6693,-3.332307,0.5175263,6.5867,-10.1099,-34.2256,0.3216019,
2,39.372,2,6.439287,340.6647,-3.328837,0.5169575,6.5867,-10.1099,-34.2256,0.3216019,
2,39.382,2,6.43967,340.6568,-3.330101,0.517123,6.5867,-10.1099,-34.2256,0.3216019,
2,39.392,2,6.439467,340.6292,-3.330448,0.5171931,6.5867,-10.1099,-34.2256,0.3216019,
2,39.402,2,6.437557,340.6401,-3.329898,0.517261,6.5867,-10.1099,-34.2256,0.3216019,
2,39.412,2,6.440011,340.6237,-3.325765,0.5164223,6.5867,-10.1099,-34.2256,0.3216019,
2,39.422,2,6.443042,340.6172,-3.326406,0.5162787,6.5867,-10.1099,-34.2256,0.3216019,
2,39.432,2,6.448086,340.5571,-3.3289,0.5162618,6.5867,-10.1099,-34.2256,0.3216019,
2,39.442,2,6.460078,340.5479,-3.331934,0.5157731,6.5867,-10.1099,-34.2256,0.3216019,
2,39.452,2,6.471085,340.4972,-3.332099,0.5149212,6.5867,-10.1099,-34.2256,0.3216019,
2,39.462,2,6.481136,340.4808,-3.334644,0.5145154,6.5867,-10.1099,-34.2256,0.3216019,
2,39.472,2,6.486327,340.4652,-3.339636,0.5148731,6.5867,-10.1099,-34.2256,0.3216019,
2,39.482,2,6.487242,340.4425,-3.34694,0.5159264,6.5867,-10.1099,-34.2256,0.3216019,
2,39.492,2,6.48742,340.4345,-3.346808,0.515892,6.5867,-10.1099,-34.2256,0.3216019,
2,39.502,2,6.487181,340.4229,-3.347111,0.5159577,6.5867,-10.1099,-34.2256,0.3216019,
2,39.512,2,6.487743,340.4168,-3.349911,0.5163446,6.5867,-10.1099,-34.2256,0.3216019,
2,39.522,2,6.486853,340.4084,-3.352511,0.5168162,6.5867,-10.1099,-34.2256,0.3216019,
2,39.532,2,6.487833,340.3976,-3.351388,0.516565,6.5867,-10.1099,-34.2256,0.3216019,
2,39.542,2,6.487412,340.3917,-3.352327,0.5167432,6.5867,-10.1099,-34.2256,0.3216019,
2,39.552,2,6.48764,340.3917,-3.354482,0.5170573,6.5867,-10.1099,-34.2256,0.3216019,
2,39.562,2,6.486682,340.3981,-3.357396,0.5175829,6.5867,-10.1099,-34.2256,0.3216019,
2,39.572,2,6.486023,340.3719,-3.35355,0.5170426,6.5867,-10.1099,-34.2256,0.3216019,
2,39.582,2,6.483641,340.3598,-3.353193,0.5171775,6.5867,-10.1099,-34.2256,0.3216019,
2,39.592,2,6.485331,340.3461,-3.353949,0.5171593,6.58057,-10.1099,-34.2277,0.3237,
2,39.602,2,6.48612,340.3727,-3.354954,0.5172513,6.58057,-10.1099,-34.2277,0.3237,
2,39.612,2,6.485787,340.3326,-3.354621,0.5172266,6.58057,-10.1099,-34.2277,0.3237,
2,39.622,2,6.486926,340.3305,-3.351124,0.5165967,6.58057,-10.1099,-34.2277,0.3237,
2,39.632,2,6.487705,340.3233,-3.349849,0.5163381,6.58057,-10.1099,-34.2277,0.3237,
2,39.642,2,6.484472,340.3408,-3.355499,0.5174668,6.58057,-10.1099,-34.2277,0.3237,
2,39.652,2,6.482398,340.304,-3.355728,0.5176678,6.58057,-10.1099,-34.2277,0.3237,
2,39.662,2,6.483058,340.3008,-3.355334,0.5175543,6.58057,-10.1099,-34.2277,0.3237,
2,39.672,2,6.485407,340.2894,-3.358063,0.5177876,6.58057,-10.1099,-34.2277,0.3237,
2,39.682,2,6.488546,340.2965,-3.359503,0.517759,6.58057,-10.1099,-34.2277,0.3237,
2,39.692,2,6.501207,340.2542,-3.360732,0.5169396,6.58057,-10.1099,-34.2277,0.3237,
2,39.702,2,6.511528,340.2019,-3.36345,0.5165378,6.58057,-10.1099,-34.2277,0.3237,
2,39.712,2,6.522736,340.1544,-3.365534,0.5159696,6.58057,-10.1099,-34.2277,0.3237,
2,39.722,2,6.530317,340.126,-3.369978,0.5160512,6.58057,-10.1099,-34.2277,0.3237,
2,39.732,2,6.532401,340.1221,-3.376205,0.5168399,6.58057,-10.1099,-34.2277,0.3237,
2,39.742,2,6.535306,340.116,-3.377216,0.5167647,6.58057,-10.1099,-34.2277,0.3237,
2,39.752,2,6.534232,340.1089,-3.37696,0.5168106,6.58057,-10.1099,-34.2277,0.3237,
2,39.762,2,6.532654,340.0912,-3.382291,0.5177515,6.58057,-10.1099,-34.2277,0.3237,
2,39.772,2,6.53368,340.1045,-3.382309,0.517673,6.58057,-10.1099,-34.2277,0.3237,
2,39.782,2,6.533512,340.0861,-3.381244,0.5175232,6.58057,-10.1099,-34.2277,0.3237,
2,39.792,2,6.531533,340.0714,-3.379474,0.517409,6.58057,-10.1099,-34.2277,0.3237,
2,39.802,2,6.532047,340.0598,-3.378739,0.5172558,6.58057,-10.1099,-34.2277,0.3237,
2,39.812,2,6.531301,340.0508,-3.377897,0.517186,6.58057,-10.1099,-34.2277,0.3237,
2,39.822,2,6.533049,340.0663,-3.376171,0.5167834,6.58057,-10.1099,-34.2277,0.3237,
2,39.832,2,6.53285,340.0505,-3.376226,0.5168076,6.58057,-10.1099,-34.2277,0.3237,
2,39.842,2,6.531309,340.0445,-3.377058,0.5170568,6.57443,-10.1099,-34.2298,0.3258018,
2,39.852,2,6.533313,340.0449,-3.378324,0.517092,6.57443,-10.1099,-34.2298,0.3258018,
2,39.862,2,6.530864,340.023,-3.3774,0.5171444,6.57443,-10.1099,-34.2298,0.3258018,
2,39.872,2,6.52933,340.0178,-3.379078,0.5175229,6.57443,-10.1099,-34.2298,0.3258018,
2,39.882,2,6.532354,340.0099,-3.381862,0.5177096,6.57443,-10.1099,-34.2298,0.3258018,
2,39.892,2,6.530389,339.9908,-3.384424,0.5182577,6.57443,-10.1099,-34.2298,0.3258018,
2,39.902,2,6.531378,339.9903,-3.385201,0.5182981,6.57443,-10.1099,-34.2298,0.3258018,
2,39.912,2,6.531443,339.9856,-3.384027,0.5181132,6.57443,-10.1099,-34.2298,0.3258018,
2,39.922,2,6.529509,339.9815,-3.386,0.5185688,6.57443,-10.1099,-34.2298,0.3258018,
2,39.932,2,6.530674,339.9863,-3.390161,0.5191135,6.57443,-10.1099,-34.2298,0.3258018,
2,39.942,2,6.526834,339.9838,-3.388875,0.5192219,6.57443,-10.1099,-34.2298,0.3258018,
2,39.952,2,6.530645,339.9485,-3.388077,0.5187966,6.57443,-10.1099,-34.2298,0.3258018,
2,39.962,2,6.53209,339.9601,-3.390104,0.5189922,6.57443,-10.1099,-34.2298,0.3258018,
2,39.972,2,6.535717,339.938,-3.391631,0.5189378,6.57443,-10.1099,-34.2298,0.3258018,
2,39.982,2,6.546334,339.9029,-3.39242,0.5182167,6.57443,-10.1099,-34.2298,0.3258018,
2,39.992,2,6.558786,339.8766,-3.3922,0.5171994,6.57443,-10.1099,-34.2298,0.3258018,
2,40.002,2,6.567039,339.8348,-3.393446,0.5167391,6.57443,-10.1099,-34.2298,0.3258018,
2,40.012,2,6.575422,339.8066,-3.39737,0.5166771,6.57443,-10.1099,-34.2298,0.3258018,
2,40.022,2,6.578565,339.789,-3.398715,0.5166348,6.57443,-10.1099,-34.2298,0.3258018,
2,40.032,2,6.580314,339.7873,-3.398335,0.5164396,6.57443,-10.1099,-34.2298,0.3258018,
2,40.042,2,6.577997,339.7629,-3.398662,0.5166712,6.57443,-10.1099,-34.2298,0.3258018,
2,40.052,2,6.576947,339.7816,-3.401129,0.5171288,6.57443,-10.1099,-34.2298,0.3258018,
2,40.062,2,6.57739,339.7546,-3.40148,0.5171474,6.57443,-10.1099,-34.2298,0.3258018,
2,40.072,2,6.580009,339.7587,-3.401901,0.5170055,6.57443,-10.1099,-34.2298,0.3258018,
2,40.082,2,6.576432,339.7378,-3.401767,0.5172663,6.57443,-10.1099,-34.2298,0.3258018,
2,40.092,2,6.57784,339.7057,-3.404653,0.5175943,6.56752,-10.1099,-34.2319,0.3278999,
2,40.102,2,6.575401,339.6725,-3.408429,0.5183606,6.56752,-10.1099,-34.2319,0.3278999,
2,40.112,2,6.576569,339.7006,-3.408364,0.5182586,6.56752,-10.1099,-34.2319,0.3278999,
2,40.122,2,6.573799,339.7037,-3.409178,0.5186009,6.56752,-10.1099,-34.2319,0.3278999,
2,40.132,2,6.572048,339.698,-3.410937,0.5190067,6.56752,-10.1099,-34.2319,0.3278999,
2,40.142,2,6.574034,339.729,-3.414494,0.5193909,6.56752,-10.1099,-34.2319,0.3278999,
2,40.152,2,6.574655,339.679,-3.413193,0.5191441,6.56752,-10.1099,-34.2319,0.3278999,
2,40.162,2,6.571811,339.6739,-3.4142,0.5195219,6.56752,-10.1099,-34.2319,0.3278999,
2,40.172,2,6.574783,339.667,-3.416032,0.5195657,6.56752,-10.1099,-34.2319,0.3278999,
2,40.182,2,6.573393,339.6019,-3.416912,0.5198095,6.56752,-10.1099,-34.2319,0.3278999,
2,40.192,2,6.574356,339.6442,-3.416463,0.5196651,6.56752,-10.1099,-34.2319,0.3278999,
2,40.202,2,6.572934,339.6528,-3.416034,0.5197122,6.56752,-10.1099,-34.2319,0.3278999,
2,40.212,2,6.574865,339.6394,-3.414205,0.5192813,6.56752,-10.1099,-34.2319,0.3278999,
2,40.222,2,6.577237,339.6378,-3.415384,0.5192734,6.56752,-10.1099,-34.2319,0.3278999,
2,40.232,2,6.585773,339.6019,-3.415374,0.5185988,6.56752,-10.1099,-34.2319,0.3278999,
2,40.242,2,6.594641,339.5688,-3.412639,0.5174867,6.56752,-10.1099,-34.2319,0.3278999,
2,40.252,2,6.606205,339.5385,-3.41321,0.5166673,6.56752,-10.1099,-34.2319,0.3278999,
2,40.262,2,6.614234,339.4978,-3.417489,0.516687,6.56752,-10.1099,-34.2319,0.3278999,
2,40.272,2,6.619934,339.4755,-3.422272,0.5169647,6.56752,-10.1099,-34.2319,0.3278999,
2,40.282,2,6.621419,339.4586,-3.424983,0.5172581,6.56752,-10.1099,-34.2319,0.3278999,
2,40.292,2,6.62107,339.4544,-3.427772,0.5177067,6.56752,-10.1099,-34.2319,0.3278999,
2,40.302,2,6.621939,339.4507,-3.431417,0.5181892,6.56752,-10.1099,-34.2319,0.3278999,
2,40.312,2,6.622023,339.4353,-3.435795,0.5188437,6.56752,-10.1099,-34.2319,0.3278999,
2,40.322,2,6.619283,339.4324,-3.435243,0.5189751,6.56752,-10.1099,-34.2319,0.3278999,
2,40.332,2,6.620386,339.4199,-3.435448,0.5189196,6.56752,-10.1099,-34.2319,0.3278999,
2,40.342,2,6.62001,339.4252,-3.435403,0.5189422,6.56752,-10.1099,-34.2319,0.3278999,
2,40.352,2,6.619764,339.4534,-3.438292,0.519398,6.56752,-10.1099,-34.2319,0.3278999,
2,40.362,2,6.619907,339.4068,-3.439024,0.5194973,6.56752,-10.1099,-34.2319,0.3278999,
2,40.372,2,6.619662,339.4055,-3.43852,0.5194405,6.56752,-10.1099,-34.2319,0.3278999,
2,40.382,2,6.618224,339.3912,-3.438958,0.5196194,6.5614,-10.1099,-34.234,0.3300018,
2,40.392,2,6.617457,339.414,-3.442677,0.5202416,6.5614,-10.1099,-34.234,0.3300018,
2,40.402,2,6.618399,339.3776,-3.44131,0.5199611,6.5614,-10.1099,-34.234,0.3300018,
2,40.412,2,6.61939,339.374,-3.438989,0.5195326,6.5614,-10.1099,-34.234,0.3300018,
2,40.422,2,6.617142,339.3636,-3.439614,0.5198036,6.5614,-10.1099,-34.234,0.3300018,
2,40.432,2,6.619871,339.3716,-3.439577,0.5195836,6.5614,-10.1099,-34.234,0.3300018,
2,40.442,2,6.615519,339.3546,-3.438826,0.519812,6.5614,-10.1099,-34.234,0.3300018,
2,40.452,2,6.617855,339.3347,-3.435849,0.5191787,6.5614,-10.1099,-34.234,0.3300018,
2,40.462,2,6.621775,339.3231,-3.436159,0.5189182,6.5614,-10.1099,-34.234,0.3300018,
2,40.472,2,6.627234,339.3011,-3.438076,0.5187799,6.5614,-10.1099,-34.234,0.3300018,
2,40.482,2,6.640709,339.2481,-3.441631,0.5182625,6.5614,-10.1099,-34.234,0.3300018,
2,40.492,2,6.651636,339.2312,-3.442124,0.5174854,6.5614,-10.1099,-34.234,0.3300018,
2,40.502,2,6.661354,339.183,-3.444319,0.5170599,6.5614,-10.1099,-34.234,0.3300018,
2,40.512,2,6.665214,339.1863,-3.449279,0.5175046,6.5614,-10.1099,-34.234,0.3300018,
2,40.522,2,6.667965,339.1457,-3.452735,0.5178095,6.5614,-10.1099,-34.234,0.3300018,
2,40.532,2,6.669168,339.1543,-3.454179,0.5179325,6.5614,-10.1099,-34.234,0.3300018,
2,40.542,2,6.669408,339.1331,-3.455229,0.5180713,6.5614,-10.1099,-34.234,0.3300018,
2,40.552,2,6.668236,339.1215,-3.458139,0.5185987,6.5614,-10.1099,-34.234,0.3300018,
2,40.562,2,6.666578,339.1114,-3.462963,0.5194513,6.5614,-10.1099,-34.234,0.3300018,
2,40.572,2,6.668002,339.1025,-3.463074,0.5193571,6.5614,-10.1099,-34.234,0.3300018,
2,40.582,2,6.665963,339.0977,-3.461016,0.5192071,6.55565,-10.1099,-34.2361,0.3320999,
2,40.592,2,6.666285,339.0931,-3.465225,0.5198135,6.55565,-10.1099,-34.2361,0.3320999,
2,40.602,2,6.66683,339.0873,-3.46891,0.5203238,6.55565,-10.1099,-34.2361,0.3320999,
2,40.612,2,6.665381,339.0882,-3.465953,0.5199932,6.55565,-10.1099,-34.2361,0.3320999,
2,40.622,2,6.666558,339.0812,-3.462465,0.5193782,6.55565,-10.1099,-34.2361,0.3320999,
2,40.632,2,6.665751,339.071,-3.463776,0.5196378,6.55565,-10.1099,-34.2361,0.3320999,
2,40.642,2,6.665571,339.0472,-3.465305,0.5198812,6.55565,-10.1099,-34.2361,0.3320999,
2,40.652,2,6.665813,339.049,-3.464234,0.5197017,6.55565,-10.1099,-34.2361,0.3320999,
2,40.662,2,6.6647,339.0324,-3.461658,0.5194019,6.55565,-10.1099,-34.2361,0.3320999,
2,40.672,2,6.664098,339.0409,-3.457586,0.5188377,6.55565,-10.1099,-34.2361,0.3320999,
2,40.682,2,6.664509,339.0244,-3.462883,0.5196006,6.55565,-10.1099,-34.2361,0.3320999,
2,40.692,2,6.671565,338.9957,-3.463995,0.5192177,6.55565,-10.1099,-34.2361,0.3320999,
2,40.702,2,6.679964,338.9654,-3.462999,0.5184159,6.55565,-10.1099,-34.2361,0.3320999,
2,40.712,2,6.6917,338.9243,-3.465887,0.5179382,6.55565,-10.1099,-34.2361,0.3320999,
2,40.722,2,6.702243,338.9089,-3.47271,0.5181415,6.55565,-10.1099,-34.2361,0.3320999,
2,40.732,2,6.708765,338.8703,-3.476083,0.5181404,6.55565,-10.1099,-34.2361,0.3320999,
2,40.742,2,6.711248,338.8571,-3.478133,0.5182543,6.55565,-10.1099,-34.2361,0.3320999,
2,40.752,2,6.713869,338.8411,-3.480525,0.5184083,6.55565,-10.1099,-34.2361,0.3320999,
2,40.762,2,6.712427,338.8473,-3.484012,0.519039,6.55565,-10.1099,-34.2361,0.3320999,
2,40.772,2,6.710818,338.8274,-3.485835,0.5194352,6.55565,-10.1099,-34.2361,0.3320999,
2,40.782,2,6.713818,338.8306,-3.485651,0.5191756,6.55565,-10.1099,-34.2361,0.3320999,
2,40.792,2,6.710489,338.8134,-3.484328,0.519236,6.55565,-10.1099,-34.2361,0.3320999,
2,40.802,2,6.709786,338.8179,-3.487898,0.5198226,6.55565,-10.1099,-34.2361,0.3320999,
2,40.812,2,6.711011,338.8154,-3.49408,0.5206488,6.55565,-10.1099,-34.2361,0.3320999,
2,40.822,2,6.710285,338.7932,-3.492238,0.5204306,6.55565,-10.1099,-34.2361,0.3320999,
2,40.832,2,6.711615,338.7859,-3.487115,0.5195642,6.55027,-10.1099,-34.2381,0.3340988,
2,40.842,2,6.710464,338.7796,-3.486114,0.5195041,6.55027,-10.1099,-34.2381,0.3340988,
2,40.852,2,6.708255,338.7572,-3.488461,0.5200251,6.55027,-10.1099,-34.2381,0.3340988,
2,40.862,2,6.709605,338.7706,-3.486408,0.5196145,6.55027,-10.1099,-34.2381,0.3340988,
2,40.872,2,6.708481,338.7566,-3.482763,0.5191582,6.55027,-10.1099,-34.2381,0.3340988,
2,40.882,2,6.707935,338.7611,-3.484636,0.5194797,6.55027,-10.1099,-34.2381,0.3340988,
2,40.892,2,6.70953,338.7384,-3.487769,0.5198231,6.55027,-10.1099,-34.2381,0.3340988,
2,40.902,2,6.707253,338.7473,-3.487218,0.5199175,6.55027,-10.1099,-34.2381,0.3340988,
2,40.912,2,6.707822,338.7322,-3.486915,0.5198281,6.55027,-10.1099,-34.2381,0.3340988,
2,40.922,2,6.706202,338.7167,-3.489406,0.5203252,6.55027,-10.1099,-34.2381,0.3340988,
2,40.932,2,6.705881,338.6911,-3.490645,0.5205349,6.55027,-10.1099,-34.2381,0.3340988,
2,40.942,2,6.70788,338.677,-3.49384,0.520856,6.55027,-10.1099,-34.2381,0.3340988,
2,40.952,2,6.708627,338.6722,-3.491704,0.5204796,6.55027,-10.1099,-34.2381,0.3340988,
2,40.962,2,6.711833,338.6873,-3.493044,0.5204308,6.55027,-10.1099,-34.2381,0.3340988,
2,40.972,2,6.72158,338.6434,-3.498912,0.520549,6.55027,-10.1099,-34.2381,0.3340988,
2,40.982,2,6.731614,338.607,-3.502306,0.5202772,6.55027,-10.1099,-34.2381,0.3340988,
2,40.992,2,6.743644,338.5786,-3.500817,0.5191284,6.55027,-10.1099,-34.2381,0.3340988,
2,41.002,2,6.75025,338.5645,-3.503116,0.5189609,6.55027,-10.1099,-34.2381,0.3340988,
2,41.012,2,6.750326,338.5616,-3.509504,0.5199015,6.55027,-10.1099,-34.2381,0.3340988,
2,41.022,2,6.751581,338.5699,-3.5119,0.5201597,6.55027,-10.1099,-34.2381,0.3340988,
2,41.032,2,6.752009,338.5217,-3.509577,0.5197825,6.55027,-10.1099,-34.2381,0.3340988,
2,41.042,2,6.751722,338.5193,-3.508439,0.5196361,6.55027,-10.1099,-34.2381,0.3340988,
2,41.052,2,6.752865,338.5019,-3.510821,0.519901,6.55027,-10.1099,-34.2381,0.3340988,
2,41.062,2,6.75249,338.5071,-3.510817,0.5199292,6.55027,-10.1099,-34.2381,0.3340988,
2,41.072,2,6.753809,338.4954,-3.508176,0.5194367,6.55027,-10.1099,-34.2381,0.3340988,
2,41.082,2,6.751593,338.4821,-3.506443,0.5193504,6.55027,-10.1099,-34.2381,0.3340988,
2,41.092,2,6.751148,338.4718,-3.506219,0.5193515,6.54413,-10.1099,-34.2401,0.3361015,
2,41.102,2,6.751362,338.4925,-3.508256,0.5196369,6.54413,-10.1099,-34.2401,0.3361015,
2,41.112,2,6.749399,338.4664,-3.508328,0.5197986,6.54413,-10.1099,-34.2401,0.3361015,
2,41.122,2,6.750434,338.445,-3.508446,0.5197362,6.54413,-10.1099,-34.2401,0.3361015,
2,41.132,2,6.748383,338.4465,-3.510998,0.5202724,6.54413,-10.1099,-34.2401,0.3361015,
2,41.142,2,6.750622,338.4139,-3.514658,0.5206421,6.54413,-10.1099,-34.2401,0.3361015,
2,41.152,2,6.750634,338.4189,-3.516395,0.5208984,6.54413,-10.1099,-34.2401,0.3361015,
2,41.162,2,6.750593,338.4098,-3.515494,0.5207682,6.54413,-10.1099,-34.2401,0.3361015,
2,41.172,2,6.749993,338.4174,-3.515735,0.5208502,6.54413,-10.1099,-34.2401,0.3361015,
2,41.182,2,6.752054,338.4028,-3.520141,0.5213437,6.54413,-10.1099,-34.2401,0.3361015,
2,41.192,2,6.758885,338.3676,-3.519471,0.5207176,6.54413,-10.1099,-34.2401,0.3361015,
2,41.202,2,6.77054,338.326,-3.520054,0.5199075,6.54413,-10.1099,-34.2401,0.3361015,
2,41.212,2,6.781892,338.2966,-3.52351,0.5195468,6.54413,-10.1099,-34.2401,0.3361015,
2,41.222,2,6.790395,338.2597,-3.528164,0.5195816,6.54413,-10.1099,-34.2401,0.3361015,
2,41.232,2,6.797019,338.2462,-3.530315,0.5193916,6.54413,-10.1099,-34.2401,0.3361015,
2,41.242,2,6.795931,338.2473,-3.530334,0.5194776,6.54413,-10.1099,-34.2401,0.3361015,
2,41.252,2,6.79666,338.2335,-3.530289,0.5194153,6.54413,-10.1099,-34.2401,0.3361015,
2,41.262,2,6.794039,338.2333,-3.531163,0.5197442,6.54413,-10.1099,-34.2401,0.3361015,
2,41.272,2,6.794262,338.2235,-3.531876,0.5198322,6.54413,-10.1099,-34.2401,0.3361015,
2,41.282,2,6.79491,338.2214,-3.529375,0.5194145,6.54413,-10.1099,-34.2401,0.3361015,
2,41.292,2,6.792045,338.1971,-3.526828,0.5192586,6.54413,-10.1099,-34.2401,0.3361015,
2,41.302,2,6.792432,338.1918,-3.530452,0.5197627,6.53837,-10.1099,-34.2421,0.3381004,
2,41.312,2,6.79328,338.1572,-3.532802,0.5200436,6.53837,-10.1099,-34.2421,0.3381004,
2,41.322,2,6.791236,338.1691,-3.533142,0.5202501,6.53837,-10.1099,-34.2421,0.3381004,
2,41.332,2,6.79351,338.1584,-3.532781,0.5200229,6.53837,-10.1099,-34.2421,0.3381004,
2,41.342,2,6.79183,338.1615,-3.533385,0.5202405,6.53837,-10.1099,-34.2421,0.3381004,
2,41.352,2,6.791031,338.0961,-3.536568,0.5207704,6.53837,-10.1099,-34.2421,0.3381004,
2,41.362,2,6.793258,338.1389,-3.53777,0.5207766,6.53837,-10.1099,-34.2421,0.3381004,
2,41.372,2,6.793015,338.1255,-3.536347,0.5205857,6.53837,-10.1099,-34.2421,0.3381004,
2,41.382,2,6.790964,338.1331,-3.537743,0.5209486,6.53837,-10.1099,-34.2421,0.3381004,
2,41.392,2,6.791373,338.1237,-3.542184,0.5215711,6.53837,-10.1099,-34.2421,0.3381004,
2,41.402,2,6.789093,338.0983,-3.542973,0.5218626,6.53837,-10.1099,-34.2421,0.3381004,
2,41.412,2,6.791049,338.1117,-3.540668,0.5213728,6.53837,-10.1099,-34.2421,0.3381004,
2,41.422,2,6.793675,338.0987,-3.542821,0.5214881,6.53837,-10.1099,-34.2421,0.3381004,
2,41.432,2,6.801754,338.0618,-3.545086,0.5212018,6.53837,-10.1099,-34.2421,0.3381004,
2,41.442,2,6.814436,338.0205,-3.545137,0.5202392,6.53837,-10.1099,-34.2421,0.3381004,
2,41.452,2,6.825493,337.9929,-3.545539,0.5194554,6.53837,-10.1099,-34.2421,0.3381004,
2,41.462,2,6.830723,337.9738,-3.546656,0.5192211,6.53837,-10.1099,-34.2421,0.3381004,
2,41.472,2,6.839113,337.9662,-3.551531,0.5192971,6.53837,-10.1099,-34.2421,0.3381004,
2,41.482,2,6.837242,337.9565,-3.551374,0.5194162,6.53837,-10.1099,-34.2421,0.3381004,
2,41.492,2,6.838521,337.9409,-3.551163,0.5192882,6.53837,-10.1099,-34.2421,0.3381004,
2,41.502,2,6.838276,337.935,-3.551661,0.5193796,6.53837,-10.1099,-34.2421,0.3381004,
2,41.512,2,6.838117,337.9171,-3.553708,0.519691,6.53837,-10.1099,-34.2421,0.3381004,
2,41.522,2,6.836662,337.8992,-3.554935,0.5199811,6.53837,-10.1099,-34.2421,0.3381004,
2,41.532,2,6.8353,337.8925,-3.557578,0.5204713,6.53837,-10.1099,-34.2421,0.3381004,
2,41.542,2,6.836803,337.8855,-3.558387,0.5204752,6.53263,-10.1099,-34.244,0.3400002,
2,41.552,2,6.835585,337.8802,-3.561297,0.5209938,6.53263,-10.1099,-34.244,0.3400002,
2,41.562,2,6.835612,337.8813,-3.56514,0.5215539,6.53263,-10.1099,-34.244,0.3400002,
2,41.572,2,6.833474,337.8628,-3.566599,0.5219306,6.53263,-10.1099,-34.244,0.3400002,
2,41.582,2,6.833446,337.8395,-3.563598,0.5214936,6.53263,-10.1099,-34.244,0.3400002,
2,41.592,2,6.83531,337.8538,-3.567048,0.5218561,6.53263,-10.1099,-34.244,0.3400002,
2,41.602,2,6.836342,337.8162,-3.569351,0.5221142,6.53263,-10.1099,-34.244,0.3400002,
2,41.612,2,6.833198,337.8242,-3.571687,0.5226963,6.53263,-10.1099,-34.244,0.3400002,
2,41.622,2,6.834574,337.8306,-3.570212,0.5223753,6.53263,-10.1099,-34.244,0.3400002,
2,41.632,2,6.833579,337.8251,-3.57047,0.522489,6.53263,-10.1099,-34.244,0.3400002,
2,41.642,2,6.831126,337.822,-3.57442,0.5232549,6.53263,-10.1099,-34.244,0.3400002,
2,41.652,2,6.833842,337.8181,-3.573151,0.5228612,6.53263,-10.1099,-34.244,0.3400002,
2,41.662,2,6.83508,337.7983,-3.570319,0.5223522,6.53263,-10.1099,-34.244,0.3400002,
2,41.672,2,6.841663,337.7753,-3.567934,0.5215009,6.53263,-10.1099,-34.244,0.3400002,
2,41.682,2,6.853906,337.7372,-3.570036,0.5208762,6.53263,-10.1099,-34.244,0.3400002,
2,41.692,2,6.864467,337.705,-3.573659,0.5206025,6.53263,-10.1099,-34.244,0.3400002,
2,41.702,2,6.874599,337.6657,-3.571693,0.5195493,6.53263,-10.1099,-34.244,0.3400002,
2,41.712,2,6.875148,337.6498,-3.573165,0.5197219,6.53263,-10.1099,-34.244,0.3400002,
2,41.722,2,6.877891,337.6416,-3.577519,0.5201477,6.53263,-10.1099,-34.244,0.3400002,
2,41.732,2,6.877105,337.6348,-3.580159,0.5205911,6.53263,-10.1099,-34.244,0.3400002,
2,41.742,2,6.878516,337.6129,-3.581463,0.5206738,6.53263,-10.1099,-34.244,0.3400002,
2,41.752,2,6.877595,337.5987,-3.582384,0.5208774,6.53263,-10.1099,-34.244,0.3400002,
2,41.762,2,6.878381,337.6281,-3.584873,0.5211798,6.53263,-10.1099,-34.244,0.3400002,
2,41.772,2,6.877227,337.5986,-3.587338,0.5216256,6.53263,-10.1099,-34.244,0.3400002,
2,41.782,2,6.8751,337.5898,-3.58673,0.5216985,6.52688,-10.1099,-34.246,0.3419991,
2,41.792,2,6.877487,337.5758,-3.587636,0.5216493,6.52688,-10.1099,-34.246,0.3419991,
2,41.802,2,6.874843,337.5597,-3.591425,0.522401,6.52688,-10.1099,-34.246,0.3419991,
2,41.812,2,6.874867,337.5247,-3.594147,0.5227951,6.52688,-10.1099,-34.246,0.3419991,
2,41.822,2,6.875813,337.5508,-3.594354,0.5227533,6.52688,-10.1099,-34.246,0.3419991,
2,41.832,2,6.877279,337.5508,-3.593376,0.5224997,6.52688,-10.1099,-34.246,0.3419991,
2,41.842,2,6.875265,337.5391,-3.596138,0.5230545,6.52688,-10.1099,-34.246,0.3419991,
2,41.852,2,6.875632,337.5999,-3.597966,0.5232924,6.52688,-10.1099,-34.246,0.3419991,
2,41.862,2,6.874532,337.5384,-3.596389,0.5231467,6.52688,-10.1099,-34.246,0.3419991,
2,41.872,2,6.874839,337.5264,-3.592397,0.5225427,6.52688,-10.1099,-34.246,0.3419991,
2,41.882,2,6.872629,337.5035,-3.593391,0.5228553,6.52688,-10.1099,-34.246,0.3419991,
2,41.892,2,6.87528,337.5174,-3.595057,0.522896,6.52688,-10.1099,-34.246,0.3419991,
2,41.902,2,6.879232,337.5054,-3.593868,0.5224229,6.52688,-10.1099,-34.246,0.3419991,
2,41.912,2,6.885097,337.4803,-3.589872,0.5213974,6.52688,-10.1099,-34.246,0.3419991,
2,41.922,2,6.895912,337.443,-3.589819,0.520572,6.52688,-10.1099,-34.246,0.3419991,
2,41.932,2,6.90411,337.4105,-3.594207,0.5205894,6.52688,-10.1099,-34.246,0.3419991,
2,41.942,2,6.914503,337.3657,-3.596767,0.5201773,6.52688,-10.1099,-34.246,0.3419991,
2,41.952,2,6.920079,337.3568,-3.598423,0.5199974,6.52688,-10.1099,-34.246,0.3419991,
2,41.962,2,6.92055,337.3477,-3.601245,0.5203698,6.52688,-10.1099,-34.246,0.3419991,
2,41.972,2,6.918373,337.3317,-3.60588,0.5212035,6.52688,-10.1099,-34.246,0.3419991,
2,41.982,2,6.919105,337.322,-3.610343,0.5217934,6.52688,-10.1099,-34.246,0.3419991,
2,41.992,2,6.918602,337.3135,-3.609308,0.5216817,6.52688,-10.1099,-34.246,0.3419991,
2,42.002,2,6.921353,337.3092,-3.609441,0.5214935,6.52688,-10.1099,-34.246,0.3419991,
2,42.012,2,6.919597,337.2982,-3.613965,0.5222797,6.52688,-10.1099,-34.246,0.3419991,
2,42.022,2,6.917878,337.2637,-3.616061,0.5227125,6.52688,-10.1099,-34.246,0.3419991,
2,42.032,2,6.918666,337.3113,-3.616321,0.5226905,6.52688,-10.1099,-34.246,0.3419991,
2,42.042,2,6.917358,337.2829,-3.615436,0.5226614,6.52112,-10.1099,-34.2478,0.3437996,
2,42.052,2,6.916582,337.2797,-3.617524,0.5230219,6.52112,-10.1099,-34.2478,0.3437996,
2,42.062,2,6.917724,337.2415,-3.620489,0.5233642,6.52112,-10.1099,-34.2478,0.3437996,
2,42.072,2,6.916439,337.2734,-3.619121,0.5232636,6.52112,-10.1099,-34.2478,0.3437996,
2,42.082,2,6.918472,337.2701,-3.616359,0.5227106,6.52112,-10.1099,-34.2478,0.3437996,
2,42.092,2,6.917428,337.2558,-3.617725,0.522987,6.52112,-10.1099,-34.2478,0.3437996,
2,42.102,2,6.915367,337.2116,-3.617171,0.5230628,6.52112,-10.1099,-34.2478,0.3437996,
2,42.112,2,6.915287,337.2416,-3.615116,0.5227717,6.52112,-10.1099,-34.2478,0.3437996,
2,42.122,2,6.91686,337.2326,-3.612811,0.5223195,6.52112,-10.1099,-34.2478,0.3437996,
2,42.132,2,6.918785,337.2275,-3.613009,0.5222029,6.52112,-10.1099,-34.2478,0.3437996,
2,42.142,2,6.913627,337.202,-3.616412,0.5230847,6.52112,-10.1099,-34.2478,0.3437996,
2,42.152,2,6.91655,337.209,-3.619057,0.523246,6.52112,-10.1099,-34.2478,0.3437996,
2,42.162,2,6.922469,337.187,-3.615443,0.5222765,6.52112,-10.1099,-34.2478,0.3437996,
2,42.172,2,6.932213,337.1494,-3.616519,0.5216976,6.52112,-10.1099,-34.2478,0.3437996,
2,42.182,2,6.939929,337.1012,-3.622584,0.5219915,6.52112,-10.1099,-34.2478,0.3437996,
2,42.192,2,6.95,337.0527,-3.624446,0.521503,6.52112,-10.1099,-34.2478,0.3437996,
2,42.202,2,6.956594,337.0545,-3.627218,0.5214072,6.52112,-10.1099,-34.2478,0.3437996,
2,42.212,2,6.959458,337.0518,-3.629961,0.5215868,6.52112,-10.1099,-34.2478,0.3437996,
2,42.222,2,6.960695,337.0418,-3.634713,0.5221768,6.52112,-10.1099,-34.2478,0.3437996,
2,42.232,2,6.958636,337.0234,-3.639785,0.5230601,6.52112,-10.1099,-34.2478,0.3437996,
2,42.242,2,6.957535,337.02,-3.635016,0.5224575,6.52112,-10.1099,-34.2478,0.3437996,
2,42.252,2,6.957807,337.0168,-3.63914,0.5230297,6.52112,-10.1099,-34.2478,0.3437996,
2,42.262,2,6.958146,337.0066,-3.640429,0.5231896,6.52112,-10.1099,-34.2478,0.3437996,
2,42.272,2,6.95874,337.0115,-3.643964,0.5236529,6.52112,-10.1099,-34.2478,0.3437996,
2,42.282,2,6.957446,336.9857,-3.64239,0.523524,6.51575,-10.1099,-34.2497,0.3456993,
2,42.292,2,6.959259,336.9725,-3.638451,0.5228216,6.51575,-10.1099,-34.2497,0.3456993,
2,42.302,2,6.957742,336.9759,-3.639621,0.5231038,6.51575,-10.1099,-34.2497,0.3456993,
2,42.312,2,6.957462,336.993,-3.64229,0.5235084,6.51575,-10.1099,-34.2497,0.3456993,
2,42.322,2,6.957133,336.9553,-3.63807,0.5229266,6.51575,-10.1099,-34.2497,0.3456993,
2,42.332,2,6.956134,336.9472,-3.635691,0.5226597,6.51575,-10.1099,-34.2497,0.3456993,
2,42.342,2,6.95635,336.9333,-3.637111,0.5228476,6.51575,-10.1099,-34.2497,0.3456993,
2,42.352,2,6.955749,336.9238,-3.639159,0.5231873,6.51575,-10.1099,-34.2497,0.3456993,
2,42.362,2,6.955269,336.9341,-3.64133,0.5235355,6.51575,-10.1099,-34.2497,0.3456993,
2,42.372,2,6.956115,336.9098,-3.638615,0.5230814,6.51575,-10.1099,-34.2497,0.3456993,
2,42.382,2,6.960437,336.9018,-3.642906,0.5233731,6.51575,-10.1099,-34.2497,0.3456993,
2,42.392,2,6.964394,336.8614,-3.643809,0.5232054,6.51575,-10.1099,-34.2497,0.3456993,
2,42.402,2,6.977655,336.8427,-3.645038,0.5223873,6.51575,-10.1099,-34.2497,0.3456993,
2,42.412,2,6.988145,336.7994,-3.647321,0.5219298,6.51575,-10.1099,-34.2497,0.3456993,
2,42.422,2,6.996978,336.7868,-3.650421,0.5217139,6.51575,-10.1099,-34.2497,0.3456993,
2,42.432,2,7.000525,336.7553,-3.656235,0.5222801,6.51575,-10.1099,-34.2497,0.3456993,
2,42.442,2,7.001965,336.7403,-3.658709,0.5225261,6.51575,-10.1099,-34.2497,0.3456993,
2,42.452,2,7.003034,336.7425,-3.65968,0.5225849,6.51575,-10.1099,-34.2497,0.3456993,
2,42.462,2,7.00149,336.7329,-3.662635,0.5231222,6.51575,-10.1099,-34.2497,0.3456993,
2,42.472,2,7.001048,336.7224,-3.663432,0.5232691,6.51575,-10.1099,-34.2497,0.3456993,
2,42.482,2,7.000329,336.7115,-3.666303,0.5237329,6.50997,-10.1099,-34.2516,0.347599,
2,42.492,2,7.000367,336.7,-3.665001,0.5235441,6.50997,-10.1099,-34.2516,0.347599,
2,42.502,2,6.99941,336.738,-3.662938,0.5233209,6.50997,-10.1099,-34.2516,0.347599,
2,42.512,2,7.001176,336.7023,-3.664079,0.5233519,6.50997,-10.1099,-34.2516,0.347599,
2,42.522,2,6.999746,336.6989,-3.664213,0.523478,6.50997,-10.1099,-34.2516,0.347599,
2,42.532,2,6.999013,336.6837,-3.658899,0.5227736,6.50997,-10.1099,-34.2516,0.347599,
2,42.542,2,6.999681,336.6698,-3.659548,0.5228164,6.50997,-10.1099,-34.2516,0.347599,
2,42.552,2,6.999956,336.6644,-3.660063,0.5228695,6.50997,-10.1099,-34.2516,0.347599,
2,42.562,2,7.000139,336.6633,-3.663503,0.5233471,6.50997,-10.1099,-34.2516,0.347599,
2,42.572,2,6.9995,336.6543,-3.662462,0.5232462,6.50997,-10.1099,-34.2516,0.347599,
2,42.582,2,6.997056,336.6418,-3.662442,0.5234261,6.50997,-10.1099,-34.2516,0.347599,
2,42.592,2,6.998721,336.6406,-3.665132,0.5236859,6.50997,-10.1099,-34.2516,0.347599,
2,42.602,2,6.998148,336.6498,-3.668185,0.524165,6.50997,-10.1099,-34.2516,0.347599,
2,42.612,2,6.997293,336.6334,-3.670975,0.5246279,6.50997,-10.1099,-34.2516,0.347599,
2,42.622,2,7.001854,336.6187,-3.671371,0.5243426,6.50997,-10.1099,-34.2516,0.347599,
2,42.632,2,7.008648,336.5934,-3.673388,0.5241222,6.50997,-10.1099,-34.2516,0.347599,
2,42.642,2,7.01752,336.5478,-3.682388,0.524742,6.50997,-10.1099,-34.2516,0.347599,
2,42.652,2,7.027288,336.5049,-3.683696,0.5241988,6.50997,-10.1099,-34.2516,0.347599,
2,42.662,2,7.03571,336.4875,-3.684385,0.5236692,6.50997,-10.1099,-34.2516,0.347599,
2,42.672,2,7.039389,336.4711,-3.684073,0.5233512,6.50997,-10.1099,-34.2516,0.347599,
2,42.682,2,7.042519,336.4585,-3.687612,0.5236212,6.50997,-10.1099,-34.2516,0.347599,
2,42.692,2,7.039515,336.4516,-3.689094,0.5240551,6.50997,-10.1099,-34.2516,0.347599,
2,42.702,2,7.040663,336.4543,-3.689263,0.5239937,6.50997,-10.1099,-34.2516,0.347599,
2,42.712,2,7.042393,336.4552,-3.689128,0.5238459,6.50997,-10.1099,-34.2516,0.347599,
2,42.722,2,7.039535,336.4422,-3.689015,0.5240424,6.50997,-10.1099,-34.2516,0.347599,
2,42.732,2,7.041611,336.425,-3.689147,0.5239066,6.50997,-10.1099,-34.2516,0.347599,
2,42.742,2,7.040632,336.4279,-3.68603,0.5235369,6.50997,-10.1099,-34.2516,0.347599,
2,42.752,2,7.038051,336.4163,-3.684828,0.523558,6.50385,-10.1099,-34.2535,0.3495026,
2,42.762,2,7.036796,336.4073,-3.688,0.5241021,6.50385,-10.1099,-34.2535,0.3495026,
2,42.772,2,7.03943,336.372,-3.686527,0.5236968,6.50385,-10.1099,-34.2535,0.3495026,
2,42.782,2,7.037409,336.3866,-3.688511,0.5241291,6.50385,-10.1099,-34.2535,0.3495026,
2,42.792,2,7.038332,336.3648,-3.688352,0.5240378,6.50385,-10.1099,-34.2535,0.3495026,
2,42.802,2,7.038165,336.371,-3.689295,0.5241842,6.50385,-10.1099,-34.2535,0.3495026,
2,42.812,2,7.038944,336.3833,-3.694654,0.5248874,6.50385,-10.1099,-34.2535,0.3495026,
2,42.822,2,7.036898,336.3559,-3.694902,0.5250754,6.50385,-10.1099,-34.2535,0.3495026,
2,42.832,2,7.038948,336.3495,-3.696994,0.5252196,6.50385,-10.1099,-34.2535,0.3495026,
2,42.842,2,7.035604,336.3344,-3.701085,0.5260507,6.50385,-10.1099,-34.2535,0.3495026,
2,42.852,2,7.036199,336.2959,-3.700761,0.5259602,6.50385,-10.1099,-34.2535,0.3495026,
2,42.862,2,7.038526,336.3307,-3.699496,0.5256066,6.50385,-10.1099,-34.2535,0.3495026,
2,42.872,2,7.03583,336.3225,-3.697947,0.5255879,6.50385,-10.1099,-34.2535,0.3495026,
2,42.882,2,7.041632,336.304,-3.699403,0.5253615,6.50385,-10.1099,-34.2535,0.3495026,
2,42.892,2,7.050637,336.2675,-3.705106,0.5254995,6.50385,-10.1099,-34.2535,0.3495026,
2,42.902,2,7.061613,336.2352,-3.70598,0.5248064,6.50385,-10.1099,-34.2535,0.3495026,
2,42.912,2,7.069765,336.205,-3.707881,0.5244703,6.50385,-10.1099,-34.2535,0.3495026,
2,42.922,2,7.078863,336.1836,-3.708773,0.5239221,6.50385,-10.1099,-34.2535,0.3495026,
2,42.932,2,7.083565,336.1519,-3.709609,0.5236924,6.50385,-10.1099,-34.2535,0.3495026,
2,42.942,2,7.083744,336.1558,-3.710517,0.5238073,6.50385,-10.1099,-34.2535,0.3495026,
2,42.952,2,7.08317,336.1671,-3.706928,0.5233431,6.50385,-10.1099,-34.2535,0.3495026,
2,42.962,2,7.08121,336.1378,-3.706272,0.5233952,6.50385,-10.1099,-34.2535,0.3495026,
2,42.972,2,7.080708,336.1228,-3.714431,0.5245847,6.50385,-10.1099,-34.2535,0.3495026,
2,42.982,2,7.080845,336.1405,-3.716734,0.5248998,6.50385,-10.1099,-34.2535,0.3495026,
2,42.992,2,7.081884,336.1136,-3.714366,0.5244884,6.50385,-10.1099,-34.2535,0.3495026,
2,43.002,2,7.081491,336.1015,-3.714796,0.5245782,6.50385,-10.1099,-34.2535,0.3495026,
2,43.012,2,7.082225,336.0918,-3.71678,0.524804,6.50385,-10.1099,-34.2535,0.3495026,
2,43.022,2,7.078234,336.13,-3.719709,0.5255138,6.50385,-10.1099,-34.2535,0.3495026,
2,43.032,2,7.079223,336.0801,-3.721569,0.5257031,6.50385,-10.1099,-34.2535,0.3495026,
2,43.042,2,7.077141,336.0732,-3.722141,0.5259385,6.49773,-10.1099,-34.2554,0.3514023,
2,43.052,2,7.079308,336.0663,-3.721484,0.5256847,6.49773,-10.1099,-34.2554,0.3514023,
2,43.062,2,7.078526,336.0405,-3.724884,0.5262231,6.49773,-10.1099,-34.2554,0.3514023,
2,43.072,2,7.077353,336.0512,-3.725734,0.5264305,6.49773,-10.1099,-34.2554,0.3514023,
2,43.082,2,7.077428,336.0414,-3.723718,0.52614,6.49773,-10.1099,-34.2554,0.3514023,
2,43.092,2,7.078326,336.034,-3.724438,0.5261749,6.49773,-10.1099,-34.2554,0.3514023,
2,43.102,2,7.076647,336.047,-3.727835,0.5267799,6.49773,-10.1099,-34.2554,0.3514023,
2,43.112,2,7.077326,336.0437,-3.72819,0.5267794,6.49773,-10.1099,-34.2554,0.3514023,
2,43.122,2,7.076137,336.018,-3.72397,0.5262716,6.49773,-10.1099,-34.2554,0.3514023,
2,43.132,2,7.078795,336.0087,-3.722625,0.525884,6.49773,-10.1099,-34.2554,0.3514023,
2,43.142,2,7.078031,336.0113,-3.723324,0.5260395,6.49773,-10.1099,-34.2554,0.3514023,
2,43.152,2,7.077343,336.011,-3.725289,0.5263683,6.49773,-10.1099,-34.2554,0.3514023,
2,43.162,2,7.079433,336.0005,-3.717356,0.5250924,6.49773,-10.1099,-34.2554,0.3514023,
2,43.172,2,7.085689,335.9756,-3.718818,0.5248351,6.49773,-10.1099,-34.2554,0.3514023,
2,43.182,2,7.094728,335.946,-3.724195,0.5249243,6.49773,-10.1099,-34.2554,0.3514023,
2,43.192,2,7.105227,335.9283,-3.723173,0.5240048,6.49773,-10.1099,-34.2554,0.3514023,
2,43.202,2,7.115674,335.8781,-3.725881,0.523616,6.49773,-10.1099,-34.2554,0.3514023,
2,43.212,2,7.122744,335.8546,-3.728735,0.523497,6.49773,-10.1099,-34.2554,0.3514023,
2,43.222,2,7.124697,335.8278,-3.732699,0.5239099,6.49773,-10.1099,-34.2554,0.3514023,
2,43.232,2,7.122278,335.8189,-3.741535,0.5253284,6.49773,-10.1099,-34.2554,0.3514023,
2,43.242,2,7.124856,335.8098,-3.743128,0.5253619,6.49773,-10.1099,-34.2554,0.3514023,
2,43.252,2,7.123219,335.8159,-3.73811,0.5247782,6.49773,-10.1099,-34.2554,0.3514023,
2,43.262,2,7.120668,335.7876,-3.742526,0.5255862,6.49773,-10.1099,-34.2554,0.3514023,
2,43.272,2,7.121603,335.7964,-3.74684,0.526123,6.49773,-10.1099,-34.2554,0.3514023,
2,43.282,2,7.120413,335.8036,-3.751321,0.5268403,6.49773,-10.1099,-34.2554,0.3514023,
2,43.292,2,7.12228,335.7794,-3.747687,0.526192,6.49773,-10.1099,-34.2554,0.3514023,
2,43.302,2,7.120138,335.781,-3.747834,0.526371,6.49083,-10.1099,-34.2573,0.353302,
2,43.312,2,7.119335,335.7585,-3.752748,0.5271205,6.49083,-10.1099,-34.2573,0.353302,
2,43.322,2,7.118684,335.771,-3.754124,0.5273621,6.49083,-10.1099,-34.2573,0.353302,
2,43.332,2,7.117541,335.758,-3.753121,0.5273059,6.49083,-10.1099,-34.2573,0.353302,
2,43.342,2,7.118306,335.7414,-3.750963,0.5269461,6.49083,-10.1099,-34.2573,0.353302,
2,43.352,2,7.118989,335.7326,-3.75077,0.5268683,6.49083,-10.1099,-34.2573,0.353302,
2,43.362,2,7.118985,335.7393,-3.75065,0.5268518,6.49083,-10.1099,-34.2573,0.353302,
2,43.372,2,7.119813,335.7369,-3.742675,0.5256703,6.49083,-10.1099,-34.2573,0.353302,
2,43.382,2,7.120327,335.7169,-3.740807,0.52537,6.49083,-10.1099,-34.2573,0.353302,
2,43.392,2,7.118979,335.715,-3.744502,0.5259886,6.49083,-10.1099,-34.2573,0.353302,
2,43.402,2,7.116481,335.7037,-3.746883,0.5265078,6.49083,-10.1099,-34.2573,0.353302,
2,43.412,2,7.1196,335.6971,-3.747778,0.526403,6.49083,-10.1099,-34.2573,0.353302,
2,43.422,2,7.120831,335.7142,-3.746372,0.5261144,6.49083,-10.1099,-34.2573,0.353302,
2,43.432,2,7.129759,335.6159,-3.74787,0.5256658,6.49083,-10.1099,-34.2573,0.353302,
2,43.442,2,7.138824,335.6203,-3.753587,0.5257992,6.49083,-10.1099,-34.2573,0.353302,
2,43.452,2,7.15128,335.5822,-3.758959,0.5256343,6.49083,-10.1099,-34.2573,0.353302,
2,43.462,2,7.161721,335.5539,-3.760651,0.5251043,6.49083,-10.1099,-34.2573,0.353302,
2,43.472,2,7.163314,335.5457,-3.764918,0.5255832,6.49083,-10.1099,-34.2573,0.353302,
2,43.482,2,7.164445,335.5641,-3.773914,0.526756,6.49083,-10.1099,-34.2573,0.353302,
2,43.492,2,7.165111,335.527,-3.776077,0.527009,6.49083,-10.1099,-34.2573,0.353302,
2,43.502,2,7.163053,335.5162,-3.771899,0.5265771,6.49083,-10.1099,-34.2573,0.353302,
2,43.512,2,7.163815,335.5051,-3.775449,0.5270165,6.49083,-10.1099,-34.2573,0.353302,
2,43.522,2,7.165605,335.4338,-3.777579,0.5271821,6.49083,-10.1099,-34.2573,0.353302,
2,43.532,2,7.163229,335.4855,-3.775721,0.5270976,6.49083,-10.1099,-34.2573,0.353302,
2,43.542,2,7.163437,335.4864,-3.774234,0.5268747,6.49083,-10.1099,-34.2573,0.353302,
2,43.552,2,7.163733,335.4809,-3.775997,0.5270991,6.49083,-10.1099,-34.2573,0.353302,
2,43.562,2,7.165331,335.4658,-3.774719,0.5268032,6.49083,-10.1099,-34.2573,0.353302,
2,43.572,2,7.166419,335.4669,-3.77035,0.5261135,6.49083,-10.1099,-34.2573,0.353302,
2,43.582,2,7.165523,335.4533,-3.768975,0.5259874,6.49083,-10.1099,-34.2573,0.353302,
2,43.592,2,7.162403,335.443,-3.769749,0.5263247,6.48467,-10.1099,-34.2593,0.3553009,
2,43.602,2,7.163409,335.4042,-3.771583,0.5265067,6.48467,-10.1099,-34.2593,0.3553009,
2,43.612,2,7.161993,335.4289,-3.77477,0.5270559,6.48467,-10.1099,-34.2593,0.3553009,
2,43.622,2,7.165864,335.4188,-3.772931,0.5265144,6.48467,-10.1099,-34.2593,0.3553009,
2,43.632,2,7.162486,335.4146,-3.772688,0.5267289,6.48467,-10.1099,-34.2593,0.3553009,
2,43.642,2,7.16234,335.4085,-3.776602,0.527286,6.48467,-10.1099,-34.2593,0.3553009,
2,43.652,2,7.163539,335.4045,-3.777719,0.5273538,6.48467,-10.1099,-34.2593,0.3553009,
2,43.662,2,7.162889,335.3918,-3.778144,0.5274609,6.48467,-10.1099,-34.2593,0.3553009,
2,43.672,2,7.16144,335.3857,-3.778137,0.5275666,6.48467,-10.1099,-34.2593,0.3553009,
2,43.682,2,7.161775,335.3834,-3.779711,0.5277617,6.48467,-10.1099,-34.2593,0.3553009,
2,43.692,2,7.16421,335.3883,-3.780883,0.527746,6.48467,-10.1099,-34.2593,0.3553009,
2,43.702,2,7.159073,335.3647,-3.782001,0.5282808,6.48467,-10.1099,-34.2593,0.3553009,
2,43.712,2,7.165832,335.3591,-3.779862,0.527484,6.48467,-10.1099,-34.2593,0.3553009,
2,43.722,2,7.174466,335.3332,-3.780467,0.5269336,6.48467,-10.1099,-34.2593,0.3553009,
2,43.732,2,7.185323,335.3092,-3.789075,0.5273353,6.48467,-10.1099,-34.2593,0.3553009,
2,43.742,2,7.195859,335.2527,-3.792987,0.5271069,6.48467,-10.1099,-34.2593,0.3553009,
2,43.752,2,7.201652,335.2241,-3.790849,0.526386,6.48467,-10.1099,-34.2593,0.3553009,
2,43.762,2,7.20472,335.2032,-3.79181,0.5262953,6.48467,-10.1099,-34.2593,0.3553009,
2,43.772,2,7.207395,335.2228,-3.788678,0.5256653,6.48467,-10.1099,-34.2593,0.3553009,
2,43.782,2,7.20824,335.187,-3.78591,0.5252198,6.48467,-10.1099,-34.2593,0.3553009,
2,43.792,2,7.206012,335.194,-3.784339,0.5251641,6.48467,-10.1099,-34.2593,0.3553009,
2,43.802,2,7.207078,335.1809,-3.785585,0.5252594,6.48467,-10.1099,-34.2593,0.3553009,
2,43.812,2,7.208114,335.1886,-3.788838,0.5256351,6.48467,-10.1099,-34.2593,0.3553009,
2,43.822,2,7.206965,335.1533,-3.790887,0.5260032,6.48467,-10.1099,-34.2593,0.3553009,
2,43.832,2,7.208033,335.1389,-3.791421,0.5259994,6.48467,-10.1099,-34.2593,0.3553009,
2,43.842,2,7.206975,335.1336,-3.79583,0.5266884,6.47853,-10.1099,-34.2613,0.3572998,
2,43.852,2,7.20507,335.1493,-3.800875,0.5275279,6.47853,-10.1099,-34.2613,0.3572998,
2,43.862,2,7.206124,335.1721,-3.798716,0.527151,6.47853,-10.1099,-34.2613,0.3572998,
2,43.872,2,7.207914,335.1089,-3.79953,0.527133,6.47853,-10.1099,-34.2613,0.3572998,
2,43.882,2,7.204751,335.1202,-3.799803,0.5274024,6.47853,-10.1099,-34.2613,0.3572998,
2,43.892,2,7.20439,335.0959,-3.803111,0.5278881,6.47853,-10.1099,-34.2613,0.3572998,
2,43.902,2,7.203811,335.096,-3.807795,0.5285806,6.47853,-10.1099,-34.2613,0.3572998,
2,43.912,2,7.202454,335.082,-3.806794,0.5285412,6.47853,-10.1099,-34.2613,0.3572998,
2,43.922,2,7.203737,335.0852,-3.808101,0.5286285,6.47853,-10.1099,-34.2613,0.3572998,
2,43.932,2,7.202813,335.0726,-3.808016,0.5286845,6.47853,-10.1099,-34.2613,0.3572998,
2,43.942,2,7.202632,335.0687,-3.806268,0.5284552,6.47853,-10.1099,-34.2613,0.3572998,
2,43.952,2,7.203134,335.0667,-3.804122,0.5281204,6.47853,-10.1099,-34.2613,0.3572998,
2,43.962,2,7.204896,335.0664,-3.801371,0.5276094,6.47853,-10.1099,-34.2613,0.3572998,
2,43.972,2,7.209839,335.0388,-3.804237,0.5276452,6.47853,-10.1099,-34.2613,0.3572998,
2,43.982,2,7.21818,334.9835,-3.807652,0.5275086,6.47853,-10.1099,-34.2613,0.3572998,
2,43.992,2,7.230011,334.9703,-3.806282,0.5264559,6.47853,-10.1099,-34.2613,0.3572998,
2,44.002,2,7.242117,334.9299,-3.806414,0.5255941,6.47853,-10.1099,-34.2613,0.3572998,
2,44.012,2,7.246562,334.9127,-3.804379,0.5249909,6.47853,-10.1099,-34.2613,0.3572998,
2,44.022,2,7.251537,334.9047,-3.8071,0.5250059,6.47853,-10.1099,-34.2613,0.3572998,
2,44.032,2,7.250427,334.8898,-3.809903,0.5254729,6.47853,-10.1099,-34.2613,0.3572998,
2,44.042,2,7.250546,334.8809,-3.811192,0.525642,6.47853,-10.1099,-34.2613,0.3572998,
2,44.052,2,7.251485,334.8732,-3.813832,0.5259381,6.47853,-10.1099,-34.2613,0.3572998,
2,44.062,2,7.250697,334.8696,-3.820167,0.5268689,6.47853,-10.1099,-34.2613,0.3572998,
2,44.072,2,7.249691,334.8514,-3.821959,0.5271891,6.47853,-10.1099,-34.2613,0.3572998,
2,44.082,2,7.249374,334.8542,-3.822294,0.5272586,6.47853,-10.1099,-34.2613,0.3572998,
2,44.092,2,7.248832,334.8423,-3.82204,0.5272629,6.47853,-10.1099,-34.2613,0.3572998,
2,44.102,2,7.249376,334.8325,-3.824887,0.5276161,6.47162,-10.1099,-34.2633,0.3593025,
2,44.112,2,7.248607,334.8503,-3.826661,0.5279168,6.47162,-10.1099,-34.2633,0.3593025,
2,44.122,2,7.245227,334.8242,-3.826089,0.5280842,6.47162,-10.1099,-34.2633,0.3593025,
2,44.132,2,7.248299,334.8271,-3.825215,0.5277396,6.47162,-10.1099,-34.2633,0.3593025,
2,44.142,2,7.244104,334.8191,-3.830117,0.5287219,6.47162,-10.1099,-34.2633,0.3593025,
2,44.152,2,7.245894,334.8179,-3.832829,0.5289657,6.47162,-10.1099,-34.2633,0.3593025,
2,44.162,2,7.247658,334.803,-3.830235,0.528479,6.47162,-10.1099,-34.2633,0.3593025,
2,44.172,2,7.245661,334.7905,-3.830724,0.5286921,6.47162,-10.1099,-34.2633,0.3593025,
2,44.182,2,7.248363,334.7802,-3.83173,0.5286338,6.47162,-10.1099,-34.2633,0.3593025,
2,44.192,2,7.244219,334.7816,-3.831435,0.5288955,6.47162,-10.1099,-34.2633,0.3593025,
2,44.202,2,7.245424,334.7769,-3.828057,0.5283413,6.47162,-10.1099,-34.2633,0.3593025,
2,44.212,2,7.24437,334.7747,-3.826406,0.5281903,6.47162,-10.1099,-34.2633,0.3593025,
2,44.222,2,7.247066,334.7546,-3.828059,0.5282219,6.47162,-10.1099,-34.2633,0.3593025,
2,44.232,2,7.257248,334.7301,-3.830613,0.5278327,6.47162,-10.1099,-34.2633,0.3593025,
2,44.242,2,7.266275,334.704,-3.832332,0.5274136,6.47162,-10.1099,-34.2633,0.3593025,
2,44.252,2,7.277067,334.6634,-3.831761,0.5265529,6.47162,-10.1099,-34.2633,0.3593025,
2,44.262,2,7.288872,334.6157,-3.835604,0.5262274,6.47162,-10.1099,-34.2633,0.3593025,
2,44.272,2,7.294263,334.5945,-3.842716,0.5268134,6.47162,-10.1099,-34.2633,0.3593025,
2,44.282,2,7.291855,334.5924,-3.846748,0.5275404,6.47162,-10.1099,-34.2633,0.3593025,
2,44.292,2,7.293242,334.5888,-3.849894,0.5278714,6.47162,-10.1099,-34.2633,0.3593025,
2,44.302,2,7.294314,334.5772,-3.850176,0.5278325,6.47162,-10.1099,-34.2633,0.3593025,
2,44.312,2,7.294683,334.5993,-3.853542,0.5282673,6.47162,-10.1099,-34.2633,0.3593025,
2,44.322,2,7.293658,334.5735,-3.853824,0.5283802,6.47162,-10.1099,-34.2633,0.3593025,
2,44.332,2,7.292848,334.557,-3.851676,0.5281444,6.47162,-10.1099,-34.2633,0.3593025,
2,44.342,2,7.293859,334.5442,-3.853003,0.528253,6.47162,-10.1099,-34.2633,0.3593025,
2,44.352,2,7.290758,334.5187,-3.858391,0.5292167,6.47162,-10.1099,-34.2633,0.3593025,
2,44.362,2,7.290367,334.5384,-3.860435,0.5295255,6.47162,-10.1099,-34.2633,0.3593025,
2,44.372,2,7.293392,334.5254,-3.859592,0.5291903,6.47162,-10.1099,-34.2633,0.3593025,
2,44.382,2,7.291824,334.522,-3.856761,0.5289158,6.47162,-10.1099,-34.2633,0.3593025,
2,44.392,2,7.292119,334.5208,-3.85624,0.528823,6.4655,-10.1099,-34.2653,0.3613014,
2,44.402,2,7.290614,334.505,-3.85548,0.528828,6.4655,-10.1099,-34.2653,0.3613014,
2,44.412,2,7.287669,334.4975,-3.858605,0.5294704,6.4655,-10.1099,-34.2653,0.3613014,
2,44.422,2,7.290137,334.4905,-3.852063,0.5283938,6.4655,-10.1099,-34.2653,0.3613014,
2,44.432,2,7.288495,334.4842,-3.854367,0.5288289,6.4655,-10.1099,-34.2653,0.3613014,
2,44.442,2,7.288935,334.4998,-3.858023,0.5292985,6.4655,-10.1099,-34.2653,0.3613014,
2,44.452,2,7.2908,334.4685,-3.85796,0.5291546,6.4655,-10.1099,-34.2653,0.3613014,
2,44.462,2,7.289164,334.4659,-3.856441,0.5290649,6.4655,-10.1099,-34.2653,0.3613014,
2,44.472,2,7.288313,334.4561,-3.861546,0.5298271,6.4655,-10.1099,-34.2653,0.3613014,
2,44.482,2,7.288217,334.4373,-3.867826,0.5306958,6.4655,-10.1099,-34.2653,0.3613014,
2,44.492,2,7.2883,334.4238,-3.865469,0.5303664,6.4655,-10.1099,-34.2653,0.3613014,
2,44.502,2,7.290308,334.4279,-3.864341,0.5300656,6.4655,-10.1099,-34.2653,0.3613014,
2,44.512,2,7.292634,334.4337,-3.86403,0.5298539,6.4655,-10.1099,-34.2653,0.3613014,
2,44.522,2,7.299324,334.4343,-3.868263,0.5299481,6.4655,-10.1099,-34.2653,0.3613014,
2,44.532,2,7.314549,334.3564,-3.871736,0.5293199,6.4655,-10.1099,-34.2653,0.3613014,
2,44.542,2,7.324348,334.317,-3.87582,0.5291693,6.4655,-10.1099,-34.2653,0.3613014,
2,44.552,2,7.333492,334.2982,-3.88121,0.5292445,6.4655,-10.1099,-34.2653,0.3613014,
2,44.562,2,7.335697,334.2942,-3.884871,0.5295844,6.4655,-10.1099,-34.2653,0.3613014,
2,44.572,2,7.338356,334.2719,-3.886396,0.5296004,6.4655,-10.1099,-34.2653,0.3613014,
2,44.582,2,7.337971,334.2638,-3.884062,0.52931,6.4655,-10.1099,-34.2653,0.3613014,
2,44.592,2,7.338534,334.2474,-3.884233,0.5292927,6.4655,-10.1099,-34.2653,0.3613014,
2,44.602,2,7.33554,334.2561,-3.886024,0.529753,6.4655,-10.1099,-34.2653,0.3613014,
2,44.612,2,7.337254,334.249,-3.884419,0.5294105,6.4655,-10.1099,-34.2653,0.3613014,
2,44.622,2,7.337891,334.2263,-3.880989,0.5288971,6.4655,-10.1099,-34.2653,0.3613014,
2,44.632,2,7.337088,334.2201,-3.87787,0.5285299,6.4655,-10.1099,-34.2653,0.3613014,
2,44.642,2,7.337117,334.2069,-3.877696,0.528504,6.45935,-10.1099,-34.2674,0.3633995,
2,44.652,2,7.337086,334.1868,-3.879006,0.5286849,6.45935,-10.1099,-34.2674,0.3633995,
2,44.662,2,7.334683,334.1839,-3.881378,0.5291815,6.45935,-10.1099,-34.2674,0.3633995,
2,44.672,2,7.333395,334.1718,-3.884846,0.5297473,6.45935,-10.1099,-34.2674,0.3633995,
2,44.682,2,7.332497,334.2013,-3.888553,0.5303177,6.45935,-10.1099,-34.2674,0.3633995,
2,44.692,2,7.333606,334.129,-3.89001,0.5304362,6.45935,-10.1099,-34.2674,0.3633995,
2,44.702,2,7.333222,334.1722,-3.889233,0.530358,6.45935,-10.1099,-34.2674,0.3633995,
2,44.712,2,7.33293,334.1567,-3.888849,0.5303267,6.45935,-10.1099,-34.2674,0.3633995,
2,44.722,2,7.332349,334.149,-3.893503,0.5310036,6.45935,-10.1099,-34.2674,0.3633995,
2,44.732,2,7.333216,334.1574,-3.897068,0.5314269,6.45935,-10.1099,-34.2674,0.3633995,
2,44.742,2,7.334404,334.1354,-3.895894,0.5311807,6.45935,-10.1099,-34.2674,0.3633995,
2,44.752,2,7.334127,334.1345,-3.893301,0.5308471,6.45935,-10.1099,-34.2674,0.3633995,
2,44.762,2,7.33539,334.1313,-3.895723,0.531086,6.45935,-10.1099,-34.2674,0.3633995,
2,44.772,2,7.343263,334.0591,-3.898109,0.5308416,6.45935,-10.1099,-34.2674,0.3633995,
2,44.782,2,7.352537,334.0752,-3.895658,0.5298386,6.45935,-10.1099,-34.2674,0.3633995,
2,44.792,2,7.364304,334.0529,-3.894681,0.5288593,6.45935,-10.1099,-34.2674,0.3633995,
2,44.802,2,7.3741,334.0126,-3.895612,0.5282831,6.45935,-10.1099,-34.2674,0.3633995,
2,44.812,2,7.37967,333.9943,-3.900869,0.5285966,6.45935,-10.1099,-34.2674,0.3633995,
2,44.822,2,7.383437,333.975,-3.903579,0.528694,6.45935,-10.1099,-34.2674,0.3633995,
2,44.832,2,7.382679,333.9637,-3.899012,0.5281297,6.45935,-10.1099,-34.2674,0.3633995,
2,44.842,2,7.381421,333.9594,-3.89851,0.5281516,6.45935,-10.1099,-34.2674,0.3633995,
2,44.852,2,7.382498,333.9391,-3.903507,0.5287516,6.45935,-10.1099,-34.2674,0.3633995,
2,44.862,2,7.38099,333.9219,-3.903468,0.5288543,6.45935,-10.1099,-34.2674,0.3633995,
2,44.872,2,7.383013,333.9152,-3.905361,0.5289658,6.45935,-10.1099,-34.2674,0.3633995,
2,44.882,2,7.380144,333.9109,-3.907306,0.5294349,6.45935,-10.1099,-34.2674,0.3633995,
2,44.892,2,7.379539,333.9211,-3.91327,0.5302866,6.45935,-10.1099,-34.2674,0.3633995,
2,44.902,2,7.380696,333.9052,-3.914797,0.5304102,6.45245,-10.1099,-34.2694,0.3654022,
2,44.912,2,7.381156,333.8967,-3.91234,0.5300443,6.45245,-10.1099,-34.2694,0.3654022,
2,44.922,2,7.380577,333.8848,-3.914161,0.5303326,6.45245,-10.1099,-34.2694,0.3654022,
2,44.932,2,7.37825,333.8812,-3.917258,0.5309196,6.45245,-10.1099,-34.2694,0.3654022,
2,44.942,2,7.378448,333.8737,-3.915832,0.5307121,6.45245,-10.1099,-34.2694,0.3654022,
2,44.952,2,7.382501,333.8548,-3.913144,0.5300567,6.45245,-10.1099,-34.2694,0.3654022,
2,44.962,2,7.379288,333.8517,-3.913045,0.5302741,6.45245,-10.1099,-34.2694,0.3654022,
2,44.972,2,7.379257,333.8652,-3.915393,0.5305945,6.45245,-10.1099,-34.2694,0.3654022,
2,44.982,2,7.380083,333.8755,-3.918799,0.5309966,6.45245,-10.1099,-34.2694,0.3654022,
2,44.992,2,7.377841,333.8427,-3.919969,0.5313165,6.45245,-10.1099,-34.2694,0.3654022,
2,45.002,2,7.3782,333.8369,-3.922767,0.53167,6.45245,-10.1099,-34.2694,0.3654022,
2,45.012,2,7.379261,333.8322,-3.920668,0.5313089,6.45245,-10.1099,-34.2694,0.3654022,
2,45.022,2,7.383679,333.8109,-3.922689,0.5312649,6.45245,-10.1099,-34.2694,0.3654022,
2,45.032,2,7.3896,333.7922,-3.916559,0.5300096,6.45245,-10.1099,-34.2694,0.3654022,
2,45.042,2,7.399237,333.7503,-3.917596,0.5294595,6.45245,-10.1099,-34.2694,0.3654022,
2,45.052,2,7.414983,333.7178,-3.915899,0.5281062,6.45245,-10.1099,-34.2694,0.3654022,
2,45.062,2,7.422844,333.6737,-3.917931,0.5278206,6.45245,-10.1099,-34.2694,0.3654022,
2,45.072,2,7.425701,333.6536,-3.921932,0.5281565,6.45245,-10.1099,-34.2694,0.3654022,
2,45.082,2,7.428771,333.6458,-3.926091,0.5284981,6.45245,-10.1099,-34.2694,0.3654022,
2,45.092,2,7.427617,333.6274,-3.925569,0.5285099,6.45245,-10.1099,-34.2694,0.3654022,
2,45.102,2,7.428367,333.6645,-3.928983,0.5289161,6.45245,-10.1099,-34.2694,0.3654022,
2,45.112,2,7.426795,333.6049,-3.936553,0.5300473,6.45245,-10.1099,-34.2694,0.3654022,
2,45.122,2,7.427626,333.6116,-3.937127,0.5300654,6.45245,-10.1099,-34.2694,0.3654022,
2,45.132,2,7.426155,333.6103,-3.938936,0.5304139,6.45245,-10.1099,-34.2694,0.3654022,
2,45.142,2,7.427468,333.5906,-3.93918,0.530353,6.45245,-10.1099,-34.2694,0.3654022,
2,45.152,2,7.425482,333.5716,-3.943619,0.5310928,6.44632,-10.1099,-34.2715,0.3675003,
2,45.162,2,7.425952,333.5677,-3.945333,0.5312898,6.44632,-10.1099,-34.2715,0.3675003,
2,45.172,2,7.424145,333.5694,-3.943803,0.5312131,6.44632,-10.1099,-34.2715,0.3675003,
2,45.182,2,7.425076,333.5776,-3.947269,0.5316133,6.44632,-10.1099,-34.2715,0.3675003,
2,45.192,2,7.425354,333.6155,-3.94795,0.5316851,6.44632,-10.1099,-34.2715,0.3675003,
2,45.202,2,7.424709,333.562,-3.942039,0.5309351,6.44632,-10.1099,-34.2715,0.3675003,
2,45.212,2,7.422592,333.5443,-3.941483,0.5310118,6.44632,-10.1099,-34.2715,0.3675003,
2,45.222,2,7.422812,333.5418,-3.949316,0.5320513,6.44632,-10.1099,-34.2715,0.3675003,
2,45.232,2,7.423128,333.5396,-3.949996,0.5321202,6.44632,-10.1099,-34.2715,0.3675003,
2,45.242,2,7.42451,333.5228,-3.946145,0.5315024,6.44632,-10.1099,-34.2715,0.3675003,
2,45.252,2,7.423644,333.5166,-3.939988,0.5307351,6.44632,-10.1099,-34.2715,0.3675003,
2,45.262,2,7.423196,333.5123,-3.943351,0.53122,6.44632,-10.1099,-34.2715,0.3675003,
2,45.272,2,7.423728,333.5282,-3.948473,0.531872,6.44632,-10.1099,-34.2715,0.3675003,
2,45.282,2,7.428813,333.4854,-3.946867,0.5312917,6.44632,-10.1099,-34.2715,0.3675003,
2,45.292,2,7.437947,333.4526,-3.946618,0.5306058,6.44632,-10.1099,-34.2715,0.3675003,
2,45.302,2,7.451406,333.4153,-3.949358,0.5300151,6.44632,-10.1099,-34.2715,0.3675003,
2,45.312,2,7.461005,333.3749,-3.949089,0.5292972,6.44632,-10.1099,-34.2715,0.3675003,
2,45.322,2,7.468394,333.3643,-3.953988,0.5294296,6.44632,-10.1099,-34.2715,0.3675003,
2,45.332,2,7.471517,333.3499,-3.955159,0.5293649,6.44632,-10.1099,-34.2715,0.3675003,
2,45.342,2,7.472777,333.3437,-3.954442,0.5291797,6.44632,-10.1099,-34.2715,0.3675003,
2,45.352,2,7.472195,333.3325,-3.959928,0.5299552,6.44632,-10.1099,-34.2715,0.3675003,
2,45.362,2,7.470985,333.3284,-3.959877,0.5300341,6.44632,-10.1099,-34.2715,0.3675003,
2,45.372,2,7.4712,333.317,-3.961733,0.5302673,6.44632,-10.1099,-34.2715,0.3675003,
2,45.382,2,7.469913,333.3185,-3.965977,0.5309268,6.44632,-10.1099,-34.2715,0.3675003,
2,45.392,2,7.468104,333.3094,-3.972029,0.5318658,6.44632,-10.1099,-34.2715,0.3675003,
2,45.402,2,7.470231,333.2904,-3.966419,0.5309633,6.44632,-10.1099,-34.2715,0.3675003,
2,45.412,2,7.468549,333.3057,-3.96694,0.5311527,6.44632,-10.1099,-34.2715,0.3675003,
2,45.422,2,7.46804,333.2893,-3.963608,0.5307427,6.44632,-10.1099,-34.2715,0.3675003,
2,45.432,2,7.470414,333.2806,-3.963827,0.5306033,6.44632,-10.1099,-34.2715,0.3675003,
2,45.442,2,7.467725,333.2462,-3.9615,0.5304828,6.44018,-10.1099,-34.2735,0.3694992,
2,45.452,2,7.468315,333.2625,-3.960102,0.5302538,6.44018,-10.1099,-34.2735,0.3694992,
2,45.462,2,7.469022,333.2596,-3.957165,0.5298102,6.44018,-10.1099,-34.2735,0.3694992,
2,45.472,2,7.467269,333.2473,-3.957289,0.5299513,6.44018,-10.1099,-34.2735,0.3694992,
2,45.482,2,7.468146,333.2148,-3.960893,0.5303716,6.44018,-10.1099,-34.2735,0.3694992,
2,45.492,2,7.467588,333.2413,-3.963826,0.530804,6.44018,-10.1099,-34.2735,0.3694992,
2,45.502,2,7.465313,333.236,-3.961486,0.5306523,6.44018,-10.1099,-34.2735,0.3694992,
2,45.512,2,7.468728,333.2239,-3.965153,0.5309007,6.44018,-10.1099,-34.2735,0.3694992,
2,45.522,2,7.471451,333.131,-3.967336,0.5309994,6.44018,-10.1099,-34.2735,0.3694992,
2,45.532,2,7.482482,333.1613,-3.968568,0.5303811,6.44018,-10.1099,-34.2735,0.3694992,
2,45.542,2,7.495265,333.114,-3.969386,0.5295857,6.44018,-10.1099,-34.2735,0.3694992,
2,45.552,2,7.504405,333.0973,-3.97196,0.5292837,6.44018,-10.1099,-34.2735,0.3694992,
2,45.562,2,7.512901,333.0822,-3.976733,0.5293205,6.44018,-10.1099,-34.2735,0.3694992,
2,45.572,2,7.515943,333.0472,-3.982895,0.5299262,6.44018,-10.1099,-34.2735,0.3694992,
2,45.582,2,7.519297,333.0503,-3.984191,0.5298622,6.44018,-10.1099,-34.2735,0.3694992,
2,45.592,2,7.52035,333.0486,-3.985243,0.5299278,6.44018,-10.1099,-34.2735,0.3694992,
2,45.602,2,7.515404,333.045,-3.991064,0.5310512,6.44018,-10.1099,-34.2735,0.3694992,
2,45.612,2,7.515269,333.0088,-3.996403,0.5317712,6.44018,-10.1099,-34.2735,0.3694992,
2,45.622,2,7.514789,333.0046,-3.995866,0.5317336,6.44018,-10.1099,-34.2735,0.3694992,
2,45.632,2,7.515067,333.0123,-3.995503,0.5316657,6.44018,-10.1099,-34.2735,0.3694992,
2,45.642,2,7.517254,333.0049,-3.994896,0.5314302,6.44018,-10.1099,-34.2735,0.3694992,
2,45.652,2,7.515094,333.0066,-3.995936,0.5317214,6.43442,-10.1099,-34.2756,0.3716011,
2,45.662,2,7.513085,332.9869,-3.996765,0.5319739,6.43442,-10.1099,-34.2756,0.3716011,
2,45.672,2,7.511996,332.9735,-3.995214,0.5318444,6.43442,-10.1099,-34.2756,0.3716011,
2,45.682,2,7.51433,332.9566,-3.992773,0.5313545,6.43442,-10.1099,-34.2756,0.3716011,
2,45.692,2,7.515219,332.9608,-3.988181,0.5306807,6.43442,-10.1099,-34.2756,0.3716011,
2,45.702,2,7.511331,332.9442,-3.989208,0.531092,6.43442,-10.1099,-34.2756,0.3716011,
2,45.712,2,7.512808,332.9583,-3.990281,0.5311304,6.43442,-10.1099,-34.2756,0.3716011,
2,45.722,2,7.515681,332.8816,-3.991154,0.5310435,6.43442,-10.1099,-34.2756,0.3716011,
2,45.732,2,7.512543,332.9261,-3.994368,0.5316932,6.43442,-10.1099,-34.2756,0.3716011,
2,45.742,2,7.513657,332.9162,-3.996745,0.5319307,6.43442,-10.1099,-34.2756,0.3716011,
2,45.752,2,7.515764,332.9071,-4.001007,0.5323487,6.43442,-10.1099,-34.2756,0.3716011,
2,45.762,2,7.512888,332.9089,-4.004649,0.5330372,6.43442,-10.1099,-34.2756,0.3716011,
2,45.772,2,7.515479,332.8887,-4.009282,0.5334699,6.43442,-10.1099,-34.2756,0.3716011,
2,45.782,2,7.519377,332.8482,-4.011088,0.5334336,6.43442,-10.1099,-34.2756,0.3716011,
2,45.792,2,7.532167,332.8299,-4.007703,0.5320783,6.43442,-10.1099,-34.2756,0.3716011,
2,45.802,2,7.544983,332.7836,-4.005814,0.5309242,6.43442,-10.1099,-34.2756,0.3716011,
2,45.812,2,7.554757,332.7721,-4.008128,0.5305436,6.43442,-10.1099,-34.2756,0.3716011,
2,45.822,2,7.557858,332.748,-4.018342,0.5316772,6.43442,-10.1099,-34.2756,0.3716011,
2,45.832,2,7.563354,332.7378,-4.013515,0.5306529,6.43442,-10.1099,-34.2756,0.3716011,
2,45.842,2,7.563091,332.7289,-4.011243,0.5303709,6.43442,-10.1099,-34.2756,0.3716011,
2,45.852,2,7.559747,332.7293,-4.016614,0.5313159,6.43442,-10.1099,-34.2756,0.3716011,
2,45.862,2,7.559587,332.6871,-4.012426,0.5307732,6.43442,-10.1099,-34.2756,0.3716011,
2,45.872,2,7.55924,332.6982,-4.010029,0.5304804,6.43442,-10.1099,-34.2756,0.3716011,
2,45.882,2,7.56192,332.6949,-4.008407,0.5300779,6.43442,-10.1099,-34.2756,0.3716011,
2,45.892,2,7.561668,332.6779,-4.009157,0.5301947,6.43442,-10.1099,-34.2756,0.3716011,
2,45.902,2,7.559559,332.6688,-4.01352,0.5309198,6.43442,-10.1099,-34.2756,0.3716011,
2,45.912,2,7.559244,332.6674,-4.016249,0.531303,6.4283,-10.1099,-34.2775,0.3735008,
2,45.922,2,7.557806,332.6525,-4.016833,0.5314814,6.4283,-10.1099,-34.2775,0.3735008,
2,45.932,2,7.559798,332.6827,-4.019473,0.5316905,6.4283,-10.1099,-34.2775,0.3735008,
2,45.942,2,7.555208,332.6374,-4.027603,0.5330896,6.4283,-10.1099,-34.2775,0.3735008,
2,45.952,2,7.558954,332.6441,-4.024371,0.5323979,6.4283,-10.1099,-34.2775,0.3735008,
2,45.962,2,7.557293,332.6319,-4.0248,0.5325716,6.4283,-10.1099,-34.2775,0.3735008,
2,45.972,2,7.558218,332.6264,-4.024643,0.5324857,6.4283,-10.1099,-34.2775,0.3735008,
2,45.982,2,7.559522,332.5925,-4.025537,0.5325121,6.4283,-10.1099,-34.2775,0.3735008,
2,45.992,2,7.556046,332.624,-4.028891,0.533201,6.4283,-10.1099,-34.2775,0.3735008,
2,46.002,2,7.553938,332.601,-4.026504,0.5330337,6.4283,-10.1099,-34.2775,0.3735008,
2,46.012,2,7.559706,332.6008,-4.024459,0.5323566,6.4283,-10.1099,-34.2775,0.3735008,
2,46.022,2,7.56723,332.6117,-4.026224,0.5320604,6.4283,-10.1099,-34.2775,0.3735008,
2,46.032,2,7.578246,332.5525,-4.027396,0.5314417,6.4283,-10.1099,-34.2775,0.3735008,
2,46.042,2,7.58952,332.4997,-4.024829,0.530314,6.4283,-10.1099,-34.2775,0.3735008,
2,46.052,2,7.597664,332.4766,-4.031989,0.530688,6.4283,-10.1099,-34.2775,0.3735008,
2,46.062,2,7.60228,332.4674,-4.03542,0.5308172,6.4283,-10.1099,-34.2775,0.3735008,
2,46.072,2,7.603106,332.4557,-4.03272,0.5304043,6.4283,-10.1099,-34.2775,0.3735008,
2,46.082,2,7.604272,332.4479,-4.029036,0.5298385,6.4283,-10.1099,-34.2775,0.3735008,
2,46.092,2,7.603015,332.4256,-4.031735,0.5302811,6.4283,-10.1099,-34.2775,0.3735008,
2,46.102,2,7.60255,332.4229,-4.032297,0.5303874,6.4283,-10.1099,-34.2775,0.3735008,
2,46.112,2,7.601896,332.3964,-4.037272,0.5310875,6.4283,-10.1099,-34.2775,0.3735008,
2,46.122,2,7.602709,332.3976,-4.038611,0.5312068,6.4283,-10.1099,-34.2775,0.3735008,
2,46.132,2,7.602211,332.3987,-4.038283,0.5311986,6.4283,-10.1099,-34.2775,0.3735008,
2,46.142,2,7.601279,332.3806,-4.043351,0.5319303,6.4283,-10.1099,-34.2775,0.3735008,
2,46.152,2,7.599682,332.3946,-4.045103,0.5322727,6.42252,-10.1099,-34.2794,0.3754005,
2,46.162,2,7.599504,332.3391,-4.044909,0.5322597,6.42252,-10.1099,-34.2794,0.3754005,
2,46.172,2,7.599439,332.4047,-4.050716,0.5330283,6.42252,-10.1099,-34.2794,0.3754005,
2,46.182,2,7.597627,332.3208,-4.050446,0.5331199,6.42252,-10.1099,-34.2794,0.3754005,
2,46.192,2,7.598908,332.2825,-4.048489,0.5327725,6.42252,-10.1099,-34.2794,0.3754005,
2,46.202,2,7.60166,332.3407,-4.047382,0.5324339,6.42252,-10.1099,-34.2794,0.3754005,
2,46.212,2,7.600086,332.3378,-4.048391,0.532677,6.42252,-10.1099,-34.2794,0.3754005,
2,46.222,2,7.600192,332.3271,-4.050086,0.5328926,6.42252,-10.1099,-34.2794,0.3754005,
2,46.232,2,7.600112,332.3058,-4.05306,0.5332894,6.42252,-10.1099,-34.2794,0.3754005,
2,46.242,2,7.598255,332.3244,-4.051151,0.5331686,6.42252,-10.1099,-34.2794,0.3754005,
2,46.252,2,7.600468,332.3058,-4.050033,0.5328662,6.42252,-10.1099,-34.2794,0.3754005,
2,46.262,2,7.599379,332.3065,-4.051269,0.5331052,6.42252,-10.1099,-34.2794,0.3754005,
2,46.272,2,7.602792,332.2525,-4.051474,0.5328929,6.42252,-10.1099,-34.2794,0.3754005,
2,46.282,2,7.614013,332.2505,-4.045568,0.531332,6.42252,-10.1099,-34.2794,0.3754005,
2,46.292,2,7.624503,332.2128,-4.043325,0.5303067,6.42252,-10.1099,-34.2794,0.3754005,
2,46.302,2,7.632765,332.1791,-4.04621,0.5301107,6.42252,-10.1099,-34.2794,0.3754005,
2,46.312,2,7.640949,332.1592,-4.055353,0.5307394,6.42252,-10.1099,-34.2794,0.3754005,
2,46.322,2,7.64396,332.1398,-4.052192,0.5301169,6.42252,-10.1099,-34.2794,0.3754005,
2,46.332,2,7.64348,332.1224,-4.055898,0.530635,6.42252,-10.1099,-34.2794,0.3754005,
2,46.342,2,7.644945,332.1205,-4.057683,0.5307668,6.42252,-10.1099,-34.2794,0.3754005,
2,46.352,2,7.643329,332.1148,-4.059951,0.5311758,6.42252,-10.1099,-34.2794,0.3754005,
2,46.362,2,7.645094,332.1022,-4.062997,0.5314515,6.42252,-10.1099,-34.2794,0.3754005,
2,46.372,2,7.644866,332.0894,-4.063261,0.5315019,6.42252,-10.1099,-34.2794,0.3754005,
2,46.382,2,7.640896,332.088,-4.064274,0.5319107,6.42252,-10.1099,-34.2794,0.3754005,
2,46.392,2,7.645562,332.0709,-4.071427,0.5325216,6.41715,-10.1099,-34.2814,0.3773994,
2,46.402,2,7.641306,332.047,-4.078504,0.5337443,6.41715,-10.1099,-34.2814,0.3773994,
2,46.412,2,7.642258,332.0583,-4.0725,0.5328923,6.41715,-10.1099,-34.2814,0.3773994,
2,46.422,2,7.642753,332.0574,-4.071759,0.5327608,6.41715,-10.1099,-34.2814,0.3773994,
2,46.432,2,7.640791,332.0453,-4.07203,0.532933,6.41715,-10.1099,-34.2814,0.3773994,
2,46.442,2,7.644239,332.1028,-4.072531,0.5327582,6.41715,-10.1099,-34.2814,0.3773994,
2,46.452,2,7.642754,332.0455,-4.069788,0.5325028,6.41715,-10.1099,-34.2814,0.3773994,
2,46.462,2,7.642857,332.0333,-4.068558,0.5323347,6.41715,-10.1099,-34.2814,0.3773994,
2,46.472,2,7.643209,332.0179,-4.068925,0.5323582,6.41715,-10.1099,-34.2814,0.3773994,
2,46.482,2,7.647466,332.0325,-4.067619,0.5318911,6.41715,-10.1099,-34.2814,0.3773994,
2,46.492,2,7.657802,331.9625,-4.06756,0.5311655,6.41715,-10.1099,-34.2814,0.3773994,
2,46.502,2,7.666255,331.9474,-4.064585,0.5301917,6.41715,-10.1099,-34.2814,0.3773994,
2,46.512,2,7.679545,331.9097,-4.067243,0.5296203,6.41715,-10.1099,-34.2814,0.3773994,
2,46.522,2,7.68509,331.8879,-4.0707,0.529688,6.41715,-10.1099,-34.2814,0.3773994,
2,46.532,2,7.689386,331.8755,-4.074071,0.5298305,6.41715,-10.1099,-34.2814,0.3773994,
2,46.542,2,7.687409,331.8557,-4.07517,0.5301097,6.41715,-10.1099,-34.2814,0.3773994,
2,46.552,2,7.686666,331.8586,-4.07711,0.5304133,6.41715,-10.1099,-34.2814,0.3773994,
2,46.562,2,7.686649,331.8296,-4.082037,0.5310555,6.41715,-10.1099,-34.2814,0.3773994,
2,46.572,2,7.687723,331.8346,-4.086569,0.5315708,6.41715,-10.1099,-34.2814,0.3773994,
2,46.582,2,7.686242,331.822,-4.085814,0.531575,6.41715,-10.1099,-34.2814,0.3773994,
2,46.592,2,7.6841,331.8221,-4.085142,0.5316358,6.41715,-10.1099,-34.2814,0.3773994,
2,46.602,2,7.684172,331.8043,-4.090162,0.532284,6.41715,-10.1099,-34.2814,0.3773994,
2,46.612,2,7.684336,331.8113,-4.091774,0.5324825,6.41715,-10.1099,-34.2814,0.3773994,
2,46.622,2,7.686132,331.7808,-4.09343,0.5325735,6.41715,-10.1099,-34.2814,0.3773994,
2,46.632,2,7.686936,331.8146,-4.092911,0.5324503,6.4114,-10.1099,-34.2832,0.3792,
2,46.642,2,7.68541,331.7764,-4.093574,0.5326421,6.4114,-10.1099,-34.2832,0.3792,
2,46.652,2,7.686006,331.7532,-4.099553,0.5333788,6.4114,-10.1099,-34.2832,0.3792,
2,46.662,2,7.684279,331.7739,-4.096551,0.5331081,6.4114,-10.1099,-34.2832,0.3792,
2,46.672,2,7.684436,331.7604,-4.093541,0.5327054,6.4114,-10.1099,-34.2832,0.3792,
2,46.682,2,7.685744,331.7611,-4.095144,0.5328233,6.4114,-10.1099,-34.2832,0.3792,
2,46.692,2,7.684081,331.7498,-4.095518,0.5329874,6.4114,-10.1099,-34.2832,0.3792,
2,46.702,2,7.686236,331.7415,-4.093273,0.5325458,6.4114,-10.1099,-34.2832,0.3792,
2,46.712,2,7.684772,331.7424,-4.090968,0.5323473,6.4114,-10.1099,-34.2832,0.3792,
2,46.722,2,7.684737,331.7292,-4.091178,0.5323771,6.4114,-10.1099,-34.2832,0.3792,
2,46.732,2,7.683409,331.7076,-4.095024,0.5329697,6.4114,-10.1099,-34.2832,0.3792,
2,46.742,2,7.683846,331.7309,-4.095244,0.532968,6.4114,-10.1099,-34.2832,0.3792,
2,46.752,2,7.687673,331.7029,-4.09493,0.5326619,6.4114,-10.1099,-34.2832,0.3792,
2,46.762,2,7.695798,331.6833,-4.095285,0.5321456,6.4114,-10.1099,-34.2832,0.3792,
2,46.772,2,7.706518,331.6152,-4.099718,0.5319805,6.4114,-10.1099,-34.2832,0.3792,
2,46.782,2,7.718349,331.5937,-4.101565,0.5314046,6.4114,-10.1099,-34.2832,0.3792,
2,46.792,2,7.72474,331.5684,-4.106491,0.5316024,6.4114,-10.1099,-34.2832,0.3792,
2,46.802,2,7.7264,331.5556,-4.109725,0.5319067,6.4114,-10.1099,-34.2832,0.3792,
2,46.812,2,7.730528,331.5433,-4.114354,0.5322216,6.4114,-10.1099,-34.2832,0.3792,
2,46.822,2,7.726962,331.5565,-4.12015,0.5332173,6.4114,-10.1099,-34.2832,0.3792,
2,46.832,2,7.725179,331.5462,-4.119362,0.5332384,6.4114,-10.1099,-34.2832,0.3792,
2,46.842,2,7.72532,331.5336,-4.117928,0.533043,6.4114,-10.1099,-34.2832,0.3792,
2,46.852,2,7.726732,331.5204,-4.120882,0.5333279,6.4114,-10.1099,-34.2832,0.3792,
2,46.862,2,7.72818,331.4983,-4.122634,0.5334547,6.4114,-10.1099,-34.2832,0.3792,
2,46.872,2,7.725501,331.5081,-4.120556,0.5333707,6.4114,-10.1099,-34.2832,0.3792,
2,46.882,2,7.725174,331.5144,-4.118287,0.5330995,6.4049,-10.1099,-34.2851,0.3810997,
2,46.892,2,7.723662,331.5052,-4.136005,0.5354979,6.4049,-10.1099,-34.2851,0.3810997,
2,46.902,2,7.722225,331.5067,-4.146223,0.5369208,6.4049,-10.1099,-34.2851,0.3810997,
2,46.912,2,7.724024,331.4872,-4.122151,0.5336792,6.4049,-10.1099,-34.2851,0.3810997,
2,46.922,2,7.724176,331.4864,-4.121064,0.533528,6.4049,-10.1099,-34.2851,0.3810997,
2,46.932,2,7.722328,331.4763,-4.118356,0.5333049,6.4049,-10.1099,-34.2851,0.3810997,
2,46.942,2,7.723414,331.4323,-4.120666,0.533529,6.4049,-10.1099,-34.2851,0.3810997,
2,46.952,2,7.72408,331.4603,-4.118121,0.5331535,6.4049,-10.1099,-34.2851,0.3810997,
2,46.962,2,7.72459,331.4328,-4.120315,0.5334024,6.4049,-10.1099,-34.2851,0.3810997,
2,46.972,2,7.722752,331.4321,-4.1232,0.5339029,6.4049,-10.1099,-34.2851,0.3810997,
2,46.982,2,7.723191,331.4466,-4.126436,0.5342916,6.4049,-10.1099,-34.2851,0.3810997,
2,46.992,2,7.727002,331.4205,-4.127496,0.5341653,6.4049,-10.1099,-34.2851,0.3810997,
2,47.002,2,7.735561,331.3917,-4.126668,0.5334672,6.4049,-10.1099,-34.2851,0.3810997,
2,47.012,2,7.745989,331.3476,-4.130025,0.5331824,6.4049,-10.1099,-34.2851,0.3810997,
2,47.022,2,7.758503,331.3009,-4.136425,0.5331473,6.4049,-10.1099,-34.2851,0.3810997,
2,47.032,2,7.762564,331.2996,-4.136928,0.5329332,6.4049,-10.1099,-34.2851,0.3810997,
2,47.042,2,7.767944,331.2892,-4.138554,0.5327734,6.4049,-10.1099,-34.2851,0.3810997,
2,47.052,2,7.770477,331.2718,-4.143013,0.5331735,6.4049,-10.1099,-34.2851,0.3810997,
2,47.062,2,7.768553,331.278,-4.145896,0.5336767,6.4049,-10.1099,-34.2851,0.3810997,
2,47.072,2,7.768607,331.2859,-4.147224,0.533844,6.4049,-10.1099,-34.2851,0.3810997,
2,47.082,2,7.7694,331.2247,-4.146688,0.5337206,6.4049,-10.1099,-34.2851,0.3810997,
2,47.092,2,7.767361,331.2708,-4.145886,0.5337574,6.4049,-10.1099,-34.2851,0.3810997,
2,47.102,2,7.768651,331.2523,-4.14657,0.5337568,6.4049,-10.1099,-34.2851,0.3810997,
2,47.112,2,7.766808,331.2418,-4.145487,0.533744,6.3999,-10.1099,-34.287,0.3829994,
2,47.122,2,7.76722,331.2224,-4.140628,0.5330901,6.3999,-10.1099,-34.287,0.3829994,
2,47.132,2,7.766647,331.2112,-4.139234,0.5329499,6.3999,-10.1099,-34.287,0.3829994,
2,47.142,2,7.765523,331.212,-4.142027,0.5333867,6.3999,-10.1099,-34.287,0.3829994,
2,47.152,2,7.766745,331.2213,-4.144722,0.5336498,6.3999,-10.1099,-34.287,0.3829994,
2,47.162,2,7.766327,331.1884,-4.146158,0.5338634,6.3999,-10.1099,-34.287,0.3829994,
2,47.172,2,7.764353,331.1819,-4.144382,0.5337705,6.3999,-10.1099,-34.287,0.3829994,
2,47.182,2,7.764532,331.1793,-4.145957,0.5339609,6.3999,-10.1099,-34.287,0.3829994,
2,47.192,2,7.76505,331.2203,-4.150095,0.5344583,6.3999,-10.1099,-34.287,0.3829994,
2,47.202,2,7.770858,331.1478,-4.149108,0.5339318,6.3999,-10.1099,-34.287,0.3829994,
2,47.212,2,7.780899,331.1194,-4.153206,0.5337695,6.3999,-10.1099,-34.287,0.3829994,
2,47.222,2,7.791122,331.0691,-4.155932,0.533419,6.3999,-10.1099,-34.287,0.3829994,
2,47.232,2,7.802043,331.0255,-4.160461,0.5332528,6.3999,-10.1099,-34.287,0.3829994,
2,47.242,2,7.807389,331.0229,-4.165852,0.5335781,6.3999,-10.1099,-34.287,0.3829994,
2,47.252,2,7.808674,331.0118,-4.163314,0.5331653,6.3999,-10.1099,-34.287,0.3829994,
2,47.262,2,7.809161,331.0209,-4.170353,0.5340334,6.3999,-10.1099,-34.287,0.3829994,
2,47.272,2,7.808878,331.0117,-4.174906,0.5346358,6.3999,-10.1099,-34.287,0.3829994,
2,47.282,2,7.809851,331.0017,-4.174603,0.5345305,6.3999,-10.1099,-34.287,0.3829994,
2,47.292,2,7.808021,330.9775,-4.167186,0.5337058,6.3999,-10.1099,-34.287,0.3829994,
2,47.302,2,7.80826,330.9739,-4.16582,0.5335144,6.3999,-10.1099,-34.287,0.3829994,
2,47.312,2,7.808723,330.9528,-4.167206,0.5336604,6.3999,-10.1099,-34.287,0.3829994,
2,47.322,2,7.809884,330.9564,-4.167246,0.5335861,6.3999,-10.1099,-34.287,0.3829994,
2,47.332,2,7.808764,330.9535,-4.166258,0.5335362,6.3999,-10.1099,-34.287,0.3829994,
2,47.342,2,7.806825,330.9496,-4.166731,0.5337293,6.3999,-10.1099,-34.287,0.3829994,
2,47.352,2,7.808094,330.9361,-4.175751,0.5347978,6.39415,-10.1099,-34.2888,0.3848,
2,47.362,2,7.806129,330.9307,-4.178227,0.5352495,6.39415,-10.1099,-34.2888,0.3848,
2,47.372,2,7.806801,330.9102,-4.172471,0.5344661,6.39415,-10.1099,-34.2888,0.3848,
2,47.382,2,7.807778,330.9128,-4.166975,0.5336953,6.39415,-10.1099,-34.2888,0.3848,
2,47.392,2,7.806241,330.8929,-4.171745,0.5344115,6.39415,-10.1099,-34.2888,0.3848,
2,47.402,2,7.80476,330.9001,-4.174347,0.5348463,6.39415,-10.1099,-34.2888,0.3848,
2,47.412,2,7.806589,330.8816,-4.174353,0.5347217,6.39415,-10.1099,-34.2888,0.3848,
2,47.422,2,7.80818,330.887,-4.174492,0.5346307,6.39415,-10.1099,-34.2888,0.3848,
2,47.432,2,7.80573,330.8677,-4.179695,0.5354649,6.39415,-10.1099,-34.2888,0.3848,
2,47.442,2,7.809592,330.8351,-4.184752,0.5358477,6.39415,-10.1099,-34.2888,0.3848,
2,47.452,2,7.821224,330.8472,-4.184207,0.5349811,6.39415,-10.1099,-34.2888,0.3848,
2,47.462,2,7.830748,330.7905,-4.185295,0.5344694,6.39415,-10.1099,-34.2888,0.3848,
2,47.472,2,7.842426,330.7758,-4.188702,0.534108,6.39415,-10.1099,-34.2888,0.3848,
2,47.482,2,7.849006,330.7238,-4.195783,0.5345623,6.39415,-10.1099,-34.2888,0.3848,
2,47.492,2,7.848991,330.7345,-4.196858,0.5347003,6.39415,-10.1099,-34.2888,0.3848,
2,47.502,2,7.852248,330.7274,-4.189772,0.5335761,6.39415,-10.1099,-34.2888,0.3848,
2,47.512,2,7.852,330.7168,-4.190546,0.5336915,6.39415,-10.1099,-34.2888,0.3848,
2,47.522,2,7.849096,330.6835,-4.191166,0.533968,6.39415,-10.1099,-34.2888,0.3848,
2,47.532,2,7.849979,330.6563,-4.199557,0.5349768,6.39415,-10.1099,-34.2888,0.3848,
2,47.542,2,7.850562,330.7363,-4.19416,0.5342497,6.38877,-10.1099,-34.2907,0.3866997,
2,47.552,2,7.850212,330.657,-4.184025,0.5329825,6.38877,-10.1099,-34.2907,0.3866997,
2,47.562,2,7.849079,330.6877,-4.187044,0.5334439,6.38877,-10.1099,-34.2907,0.3866997,
2,47.572,2,7.848856,330.6706,-4.191117,0.5339781,6.38877,-10.1099,-34.2907,0.3866997,
2,47.582,2,7.848332,330.6666,-4.206391,0.5359598,6.38877,-10.1099,-34.2907,0.3866997,
2,47.592,2,7.846525,330.6584,-4.203342,0.5356948,6.38877,-10.1099,-34.2907,0.3866997,
2,47.602,2,7.846015,330.6135,-4.194924,0.5346566,6.38877,-10.1099,-34.2907,0.3866997,
2,47.612,2,7.846677,330.676,-4.197148,0.534895,6.38877,-10.1099,-34.2907,0.3866997,
2,47.622,2,7.846119,330.6256,-4.196526,0.5348538,6.38877,-10.1099,-34.2907,0.3866997,
2,47.632,2,7.848577,330.6205,-4.195349,0.5345363,6.38877,-10.1099,-34.2907,0.3866997,
2,47.642,2,7.850899,330.6215,-4.211465,0.5364309,6.38877,-10.1099,-34.2907,0.3866997,
2,47.652,2,7.857381,330.6195,-4.211141,0.5359471,6.38877,-10.1099,-34.2907,0.3866997,
2,47.662,2,7.865572,330.562,-4.211514,0.5354364,6.38877,-10.1099,-34.2907,0.3866997,
2,47.672,2,7.875043,330.5183,-4.208919,0.5344629,6.38877,-10.1099,-34.2907,0.3866997,
2,47.682,2,7.881641,330.4946,-4.216271,0.5349483,6.38877,-10.1099,-34.2907,0.3866997,
2,47.692,2,7.88718,330.4397,-4.220725,0.5351373,6.38877,-10.1099,-34.2907,0.3866997,
2,47.702,2,7.888906,330.4644,-4.216644,0.534503,6.38877,-10.1099,-34.2907,0.3866997,
2,47.712,2,7.890491,330.4649,-4.213564,0.5340053,6.38877,-10.1099,-34.2907,0.3866997,
2,47.722,2,7.889352,330.4522,-4.213555,0.5340813,6.38877,-10.1099,-34.2907,0.3866997,
2,47.732,2,7.887873,330.4406,-4.222053,0.5352587,6.38877,-10.1099,-34.2907,0.3866997,
2,47.742,2,7.889334,330.432,-4.228278,0.5359487,6.38877,-10.1099,-34.2907,0.3866997,
2,47.752,2,7.889102,330.4239,-4.208743,0.5334882,6.38877,-10.1099,-34.2907,0.3866997,
2,47.762,2,7.887201,330.4142,-4.208275,0.5335574,6.38877,-10.1099,-34.2907,0.3866997,
2,47.772,2,7.888391,330.3942,-4.21093,0.5338135,6.38877,-10.1099,-34.2907,0.3866997,
2,47.782,2,7.887778,330.4168,-4.209937,0.5337292,6.3834,-10.1099,-34.2924,0.388401,
2,47.792,2,7.890211,330.3973,-4.211509,0.5337638,6.3834,-10.1099,-34.2924,0.388401,
2,47.802,2,7.888478,330.3885,-4.212618,0.5340216,6.3834,-10.1099,-34.2924,0.388401,
2,47.812,2,7.886132,330.3764,-4.214536,0.5344236,6.3834,-10.1099,-34.2924,0.388401,
2,47.822,2,7.885995,330.3667,-4.21806,0.5348799,6.3834,-10.1099,-34.2924,0.388401,
2,47.832,2,7.888063,330.3614,-4.219095,0.5348708,6.3834,-10.1099,-34.2924,0.388401,
2,47.842,2,7.886458,330.3502,-4.216237,0.5346172,6.3834,-10.1099,-34.2924,0.388401,
2,47.852,2,7.886051,330.3649,-4.221345,0.5352926,6.3834,-10.1099,-34.2924,0.388401,
2,47.862,2,7.886537,330.3647,-4.222583,0.5354167,6.3834,-10.1099,-34.2924,0.388401,
2,47.872,2,7.887303,330.3315,-4.221684,0.5352506,6.3834,-10.1099,-34.2924,0.388401,
2,47.882,2,7.886814,330.3256,-4.224274,0.5356122,6.3834,-10.1099,-34.2924,0.388401,
2,47.892,2,7.89309,330.2962,-4.226282,0.5354407,6.3834,-10.1099,-34.2924,0.388401,
2,47.902,2,7.902911,330.2816,-4.229768,0.5352164,6.3834,-10.1099,-34.2924,0.388401,
2,47.912,2,7.913434,330.2343,-4.224494,0.5338383,6.3834,-10.1099,-34.2924,0.388401,
2,47.922,2,7.920911,330.2098,-4.225393,0.5334479,6.3834,-10.1099,-34.2924,0.388401,
2,47.932,2,7.927009,330.1853,-4.22864,0.5334471,6.3834,-10.1099,-34.2924,0.388401,
2,47.942,2,7.931151,330.1916,-4.229944,0.5333329,6.3834,-10.1099,-34.2924,0.388401,
2,47.952,2,7.931074,330.1686,-4.226578,0.5329137,6.3834,-10.1099,-34.2924,0.388401,
2,47.962,2,7.928149,330.1602,-4.227448,0.53322,6.3834,-10.1099,-34.2924,0.388401,
2,47.972,2,7.928103,330.151,-4.226911,0.5331554,6.3834,-10.1099,-34.2924,0.388401,
2,47.982,2,7.929305,330.1622,-4.229228,0.5333668,6.3834,-10.1099,-34.2924,0.388401,
2,47.992,2,7.928043,330.1428,-4.232245,0.5338322,6.3834,-10.1099,-34.2924,0.388401,
2,48.002,2,7.927825,330.1024,-4.232075,0.5338255,6.3834,-10.1099,-34.2924,0.388401,
2,48.012,2,7.926819,330.1341,-4.233453,0.5340671,6.3834,-10.1099,-34.2924,0.388401,
2,48.022,2,7.92402,330.0975,-4.237284,0.5347391,6.3834,-10.1099,-34.2924,0.388401,
2,48.032,2,7.924771,330.1186,-4.237277,0.5346876,6.37765,-10.1099,-34.2942,0.3902016,
2,48.042,2,7.927761,330.0972,-4.236115,0.5343395,6.37765,-10.1099,-34.2942,0.3902016,
2,48.052,2,7.927087,330.0891,-4.239424,0.5348022,6.37765,-10.1099,-34.2942,0.3902016,
2,48.062,2,7.92617,330.075,-4.244861,0.5355501,6.37765,-10.1099,-34.2942,0.3902016,
2,48.072,2,7.924138,330.0887,-4.246281,0.5358666,6.37765,-10.1099,-34.2942,0.3902016,
2,48.082,2,7.926597,330.0702,-4.245225,0.5355672,6.37765,-10.1099,-34.2942,0.3902016,
2,48.092,2,7.924796,330.0662,-4.246573,0.535859,6.37765,-10.1099,-34.2942,0.3902016,
2,48.102,2,7.925126,330.0533,-4.250657,0.536352,6.37765,-10.1099,-34.2942,0.3902016,
2,48.112,2,7.924905,330.0107,-4.251148,0.5364289,6.37765,-10.1099,-34.2942,0.3902016,
2,48.122,2,7.925104,330.0573,-4.245588,0.5357138,6.37765,-10.1099,-34.2942,0.3902016,
2,48.132,2,7.931627,330.0309,-4.242583,0.5348943,6.37765,-10.1099,-34.2942,0.3902016,
2,48.142,2,7.942019,330.0052,-4.244771,0.5344701,6.37765,-10.1099,-34.2942,0.3902016,
2,48.152,2,7.950865,329.9355,-4.24625,0.5340614,6.37765,-10.1099,-34.2942,0.3902016,
2,48.162,2,7.963091,329.9405,-4.246588,0.5332838,6.37765,-10.1099,-34.2942,0.3902016,
2,48.172,2,7.965092,329.9183,-4.245585,0.533024,6.37765,-10.1099,-34.2942,0.3902016,
2,48.182,2,7.966935,329.9231,-4.246497,0.5330151,6.37765,-10.1099,-34.2942,0.3902016,
2,48.192,2,7.968663,329.8838,-4.250891,0.533451,6.37765,-10.1099,-34.2942,0.3902016,
2,48.202,2,7.968205,329.8861,-4.252594,0.5336953,6.37765,-10.1099,-34.2942,0.3902016,
2,48.212,2,7.967826,329.8727,-4.254096,0.5339093,6.37765,-10.1099,-34.2942,0.3902016,
2,48.222,2,7.965343,329.8684,-4.257511,0.5345045,6.37765,-10.1099,-34.2942,0.3902016,
2,48.232,2,7.966857,329.8737,-4.261334,0.5348827,6.37765,-10.1099,-34.2942,0.3902016,
2,48.242,2,7.965775,329.8506,-4.262641,0.5351195,6.37765,-10.1099,-34.2942,0.3902016,
2,48.252,2,7.966528,329.8506,-4.263064,0.5351219,6.37765,-10.1099,-34.2942,0.3902016,
2,48.262,2,7.965212,329.8326,-4.26401,0.5353291,6.3719,-10.1099,-34.296,0.3920021,
2,48.272,2,7.964713,329.8379,-4.266667,0.5356963,6.3719,-10.1099,-34.296,0.3920021,
2,48.282,2,7.96408,329.8378,-4.267899,0.5358934,6.3719,-10.1099,-34.296,0.3920021,
2,48.292,2,7.964036,329.8108,-4.266173,0.5356798,6.3719,-10.1099,-34.296,0.3920021,
2,48.302,2,7.965235,329.8212,-4.268536,0.5358958,6.3719,-10.1099,-34.296,0.3920021,
2,48.312,2,7.962168,329.8086,-4.270719,0.5363764,6.3719,-10.1099,-34.296,0.3920021,
2,48.322,2,7.96358,329.8207,-4.272156,0.5364617,6.3719,-10.1099,-34.296,0.3920021,
2,48.332,2,7.96542,329.7934,-4.270598,0.5361422,6.3719,-10.1099,-34.296,0.3920021,
2,48.342,2,7.962301,329.7857,-4.26703,0.5359041,6.3719,-10.1099,-34.296,0.3920021,
2,48.352,2,7.964086,329.7849,-4.268232,0.535935,6.3719,-10.1099,-34.296,0.3920021,
2,48.362,2,7.963887,329.7916,-4.268886,0.5360304,6.3719,-10.1099,-34.296,0.3920021,
2,48.372,2,7.963634,329.7626,-4.266407,0.5357361,6.3719,-10.1099,-34.296,0.3920021,
2,48.382,2,7.96716,329.7526,-4.261734,0.5349126,6.3719,-10.1099,-34.296,0.3920021,
2,48.392,2,7.97653,329.7344,-4.261819,0.5342949,6.3719,-10.1099,-34.296,0.3920021,
2,48.402,2,7.986927,329.708,-4.266796,0.5342224,6.3719,-10.1099,-34.296,0.3920021,
2,48.412,2,7.995864,329.6618,-4.269986,0.5340243,6.3719,-10.1099,-34.296,0.3920021,
2,48.422,2,8.003948,329.6299,-4.26975,0.5334554,6.3719,-10.1099,-34.296,0.3920021,
2,48.432,2,8.008045,329.6085,-4.274408,0.5337642,6.3719,-10.1099,-34.296,0.3920021,
2,48.442,2,8.009631,329.614,-4.279289,0.534268,6.3719,-10.1099,-34.296,0.3920021,
2,48.452,2,8.009229,329.5886,-4.278462,0.5341915,6.3719,-10.1099,-34.296,0.3920021,
2,48.462,2,8.010642,329.6049,-4.281527,0.5344799,6.3719,-10.1099,-34.296,0.3920021,
2,48.472,2,8.006506,329.5612,-4.283145,0.5349581,6.3719,-10.1099,-34.296,0.3920021,
2,48.482,2,8.00737,329.5699,-4.288552,0.5355756,6.3719,-10.1099,-34.296,0.3920021,
2,48.492,2,8.006784,329.5636,-4.291693,0.5360071,6.3719,-10.1099,-34.296,0.3920021,
2,48.502,2,8.005539,329.5594,-4.289341,0.5357967,6.3719,-10.1099,-34.296,0.3920021,
2,48.512,2,8.006504,329.5487,-4.288952,0.5356835,6.3719,-10.1099,-34.296,0.3920021,
2,48.522,2,8.00395,329.5298,-4.291331,0.5361517,6.3719,-10.1099,-34.296,0.3920021,
2,48.532,2,8.004353,329.5459,-4.29153,0.5361496,6.3719,-10.1099,-34.296,0.3920021,
2,48.542,2,8.003736,329.5191,-4.287841,0.5357299,6.3719,-10.1099,-34.296,0.3920021,
2,48.552,2,8.006273,329.5192,-4.285989,0.5353289,6.36578,-10.1099,-34.2978,0.3937988,
2,48.562,2,8.005676,329.5111,-4.287351,0.5355389,6.36578,-10.1099,-34.2978,0.3937988,
2,48.572,2,8.004223,329.5104,-4.288423,0.5357701,6.36578,-10.1099,-34.2978,0.3937988,
2,48.582,2,8.005653,329.5074,-4.28494,0.5352392,6.36578,-10.1099,-34.2978,0.3937988,
2,48.592,2,8.005788,329.4952,-4.281834,0.5348423,6.36578,-10.1099,-34.2978,0.3937988,
2,48.602,2,8.004395,329.4868,-4.285693,0.5354176,6.36578,-10.1099,-34.2978,0.3937988,
2,48.612,2,8.003447,329.4981,-4.28844,0.5358241,6.36578,-10.1099,-34.2978,0.3937988,
2,48.622,2,8.00404,329.4612,-4.28642,0.5355321,6.36578,-10.1099,-34.2978,0.3937988,
2,48.632,2,8.003469,329.4663,-4.286919,0.5356326,6.36578,-10.1099,-34.2978,0.3937988,
2,48.642,2,8.004137,329.4539,-4.291558,0.5361674,6.36578,-10.1099,-34.2978,0.3937988,
2,48.652,2,8.002621,329.4413,-4.293791,0.5365481,6.36578,-10.1099,-34.2978,0.3937988,
2,48.662,2,8.004492,329.4592,-4.293604,0.5363994,6.36578,-10.1099,-34.2978,0.3937988,
2,48.672,2,8.009912,329.4385,-4.292441,0.5358912,6.36578,-10.1099,-34.2978,0.3937988,
2,48.682,2,8.018187,329.4164,-4.291936,0.5352752,6.36578,-10.1099,-34.2978,0.3937988,
2,48.692,2,8.027511,329.3951,-4.298021,0.5354115,6.36578,-10.1099,-34.2978,0.3937988,
2,48.702,2,8.037702,329.3426,-4.300275,0.5350131,6.36578,-10.1099,-34.2978,0.3937988,
2,48.712,2,8.046293,329.3181,-4.300314,0.5344466,6.36578,-10.1099,-34.2978,0.3937988,
2,48.722,2,8.050137,329.3021,-4.303992,0.5346484,6.36578,-10.1099,-34.2978,0.3937988,
2,48.732,2,8.052042,329.3028,-4.309714,0.5352325,6.36578,-10.1099,-34.2978,0.3937988,
2,48.742,2,8.0514,329.2863,-4.31187,0.5355429,6.36578,-10.1099,-34.2978,0.3937988,
2,48.752,2,8.050268,329.2927,-4.309006,0.5352624,6.36578,-10.1099,-34.2978,0.3937988,
2,48.762,2,8.050161,329.2681,-4.30592,0.5348861,6.36578,-10.1099,-34.2978,0.3937988,
2,48.772,2,8.04902,329.2758,-4.307793,0.5351947,6.36578,-10.1099,-34.2978,0.3937988,
2,48.782,2,8.049453,329.2583,-4.307813,0.5351684,6.36578,-10.1099,-34.2978,0.3937988,
2,48.792,2,8.049741,329.265,-4.30468,0.5347601,6.36578,-10.1099,-34.2978,0.3937988,
2,48.802,2,8.047376,329.2595,-4.301801,0.5345594,6.35962,-10.1099,-34.2997,0.3957024,
2,48.812,2,8.048105,329.2399,-4.305301,0.534946,6.35962,-10.1099,-34.2997,0.3957024,
2,48.822,2,8.046782,329.2142,-4.306439,0.5351753,6.35962,-10.1099,-34.2997,0.3957024,
2,48.832,2,8.048095,329.2257,-4.306181,0.5350559,6.35962,-10.1099,-34.2997,0.3957024,
2,48.842,2,8.047608,329.2192,-4.306914,0.5351794,6.35962,-10.1099,-34.2997,0.3957024,
2,48.852,2,8.047145,329.1979,-4.311708,0.535806,6.35962,-10.1099,-34.2997,0.3957024,
2,48.862,2,8.04833,329.1482,-4.312965,0.5358832,6.35962,-10.1099,-34.2997,0.3957024,
2,48.872,2,8.048078,329.1943,-4.311015,0.5356578,6.35962,-10.1099,-34.2997,0.3957024,
2,48.882,2,8.047527,329.1946,-4.31263,0.535895,6.35962,-10.1099,-34.2997,0.3957024,
2,48.892,2,8.046097,329.187,-4.317231,0.5365621,6.35962,-10.1099,-34.2997,0.3957024,
2,48.902,2,8.044341,329.2178,-4.319142,0.5369169,6.35962,-10.1099,-34.2997,0.3957024,
2,48.912,2,8.046679,329.1734,-4.319972,0.5368639,6.35962,-10.1099,-34.2997,0.3957024,
2,48.922,2,8.049781,329.1564,-4.318069,0.5364208,6.35962,-10.1099,-34.2997,0.3957024,
2,48.932,2,8.055252,329.139,-4.319275,0.5362061,6.35962,-10.1099,-34.2997,0.3957024,
2,48.942,2,8.063338,329.0547,-4.320473,0.5358168,6.35962,-10.1099,-34.2997,0.3957024,
2,48.952,2,8.073975,329.0713,-4.323329,0.5354648,6.35962,-10.1099,-34.2997,0.3957024,
2,48.962,2,8.084327,329.0433,-4.321536,0.5345573,6.35962,-10.1099,-34.2997,0.3957024,
2,48.972,2,8.088422,329.0308,-4.322775,0.5344399,6.35962,-10.1099,-34.2997,0.3957024,
2,48.982,2,8.090648,329.0269,-4.325998,0.5346912,6.35962,-10.1099,-34.2997,0.3957024,
2,48.992,2,8.091337,329.0089,-4.327016,0.5347714,6.35962,-10.1099,-34.2997,0.3957024,
2,49.002,2,8.090191,328.9976,-4.324063,0.5344822,6.35962,-10.1099,-34.2997,0.3957024,
2,49.012,2,8.088353,328.9892,-4.324031,0.5345997,6.35962,-10.1099,-34.2997,0.3957024,
2,49.022,2,8.090272,328.9753,-4.324334,0.5345104,6.35962,-10.1099,-34.2997,0.3957024,
2,49.032,2,8.087633,328.963,-4.325753,0.5348601,6.35962,-10.1099,-34.2997,0.3957024,
2,49.042,2,8.089013,328.9585,-4.325748,0.5347683,6.35962,-10.1099,-34.2997,0.3957024,
2,49.052,2,8.086747,328.9547,-4.329449,0.5353758,6.35962,-10.1099,-34.2997,0.3957024,
2,49.062,2,8.085977,328.9552,-4.330709,0.5355827,6.35273,-10.1099,-34.3015,0.3974991,
2,49.072,2,8.087012,328.9368,-4.333395,0.5358462,6.35273,-10.1099,-34.3015,0.3974991,
2,49.082,2,8.08712,328.9325,-4.334932,0.5360292,6.35273,-10.1099,-34.3015,0.3974991,
2,49.092,2,8.086437,328.9395,-4.334145,0.5359771,6.35273,-10.1099,-34.3015,0.3974991,
2,49.102,2,8.086815,328.9089,-4.337743,0.5363969,6.35273,-10.1099,-34.3015,0.3974991,
2,49.112,2,8.085984,328.9396,-4.339297,0.5366443,6.35273,-10.1099,-34.3015,0.3974991,
2,49.122,2,8.086731,328.894,-4.336418,0.5362387,6.35273,-10.1099,-34.3015,0.3974991,
2,49.132,2,8.087036,328.9048,-4.336205,0.5361921,6.35273,-10.1099,-34.3015,0.3974991,
2,49.142,2,8.086243,328.894,-4.341221,0.536865,6.35273,-10.1099,-34.3015,0.3974991,
2,49.152,2,8.085345,328.9191,-4.341645,0.5369771,6.35273,-10.1099,-34.3015,0.3974991,
2,49.162,2,8.086081,328.8798,-4.3403,0.5367619,6.35273,-10.1099,-34.3015,0.3974991,
2,49.172,2,8.084074,328.8694,-4.340992,0.5369807,6.35273,-10.1099,-34.3015,0.3974991,
2,49.182,2,8.09132,328.8708,-4.338653,0.5362107,6.35273,-10.1099,-34.3015,0.3974991,
2,49.192,2,8.096495,328.8606,-4.339087,0.5359218,6.35273,-10.1099,-34.3015,0.3974991,
2,49.202,2,8.108382,328.7882,-4.3399,0.5352362,6.35273,-10.1099,-34.3015,0.3974991,
2,49.212,2,8.117176,328.7734,-4.340023,0.5346715,6.35273,-10.1099,-34.3015,0.3974991,
2,49.222,2,8.125376,328.7503,-4.340289,0.5341647,6.35273,-10.1099,-34.3015,0.3974991,
2,49.232,2,8.129494,328.7315,-4.345566,0.5345432,6.35273,-10.1099,-34.3015,0.3974991,
2,49.242,2,8.130739,328.7135,-4.348861,0.5348666,6.35273,-10.1099,-34.3015,0.3974991,
2,49.252,2,8.132074,328.6983,-4.352173,0.5351861,6.35273,-10.1099,-34.3015,0.3974991,
2,49.262,2,8.132619,328.7013,-4.35276,0.5352224,6.35273,-10.1099,-34.3015,0.3974991,
2,49.272,2,8.129927,328.7267,-4.353592,0.535502,6.35273,-10.1099,-34.3015,0.3974991,
2,49.282,2,8.130204,328.6977,-4.356188,0.535803,6.35273,-10.1099,-34.3015,0.3974991,
2,49.292,2,8.130203,328.6879,-4.358349,0.5360689,6.35273,-10.1099,-34.3015,0.3974991,
2,49.302,2,8.131882,328.6717,-4.359001,0.5360385,6.35273,-10.1099,-34.3015,0.3974991,
2,49.312,2,8.130124,328.6647,-4.362715,0.5366111,6.35273,-10.1099,-34.3015,0.3974991,
2,49.322,2,8.129225,328.6538,-4.365754,0.5370443,6.35273,-10.1099,-34.3015,0.3974991,
2,49.332,2,8.127886,328.657,-4.366338,0.5372046,6.35273,-10.1099,-34.3015,0.3974991,
2,49.342,2,8.12902,328.6554,-4.365859,0.5370708,6.35273,-10.1099,-34.3015,0.3974991,
2,49.352,2,8.129242,328.659,-4.36722,0.5372236,6.3466,-10.1099,-34.3034,0.3993988,
2,49.362,2,8.128932,328.6703,-4.367396,0.5372657,6.3466,-10.1099,-34.3034,0.3993988,
2,49.372,2,8.12797,328.6208,-4.367462,0.5373374,6.3466,-10.1099,-34.3034,0.3993988,
2,49.382,2,8.128311,328.6348,-4.364054,0.5368955,6.3466,-10.1099,-34.3034,0.3993988,
2,49.392,2,8.1299,328.6121,-4.363537,0.536727,6.3466,-10.1099,-34.3034,0.3993988,
2,49.402,2,8.129113,328.6095,-4.363675,0.536796,6.3466,-10.1099,-34.3034,0.3993988,
2,49.412,2,8.127417,328.6129,-4.364584,0.5370198,6.3466,-10.1099,-34.3034,0.3993988,
2,49.422,2,8.126711,328.6103,-4.360258,0.5365341,6.3466,-10.1099,-34.3034,0.3993988,
2,49.432,2,8.126005,328.5944,-4.359259,0.5364578,6.3466,-10.1099,-34.3034,0.3993988,
2,49.442,2,8.12599,328.5992,-4.361411,0.5367237,6.3466,-10.1099,-34.3034,0.3993988,
2,49.452,2,8.127,328.5768,-4.364738,0.5370664,6.3466,-10.1099,-34.3034,0.3993988,
2,49.462,2,8.124111,328.5778,-4.363177,0.5370651,6.3466,-10.1099,-34.3034,0.3993988,
2,49.472,2,8.130329,328.5624,-4.362412,0.5365604,6.3466,-10.1099,-34.3034,0.3993988,
2,49.482,2,8.14043,328.5502,-4.365906,0.5363238,6.3466,-10.1099,-34.3034,0.3993988,
2,49.492,2,8.150794,328.5005,-4.367305,0.5358134,6.3466,-10.1099,-34.3034,0.3993988,
2,49.502,2,8.161263,328.4667,-4.372206,0.5357267,6.3466,-10.1099,-34.3034,0.3993988,
2,49.512,2,8.169886,328.4282,-4.374411,0.5354311,6.3466,-10.1099,-34.3034,0.3993988,
2,49.522,2,8.174348,328.4197,-4.379158,0.5357195,6.3466,-10.1099,-34.3034,0.3993988,
2,49.532,2,8.17288,328.4135,-4.382404,0.536213,6.3466,-10.1099,-34.3034,0.3993988,
2,49.542,2,8.174837,328.4158,-4.384898,0.5363896,6.3466,-10.1099,-34.3034,0.3993988,
2,49.552,2,8.173395,328.4035,-4.384881,0.5364822,6.3466,-10.1099,-34.3034,0.3993988,
2,49.562,2,8.171595,328.4098,-4.388229,0.5370101,6.3466,-10.1099,-34.3034,0.3993988,
2,49.572,2,8.170954,328.3877,-4.393243,0.5376658,6.3466,-10.1099,-34.3034,0.3993988,
2,49.582,2,8.172738,328.3867,-4.389708,0.5371159,6.3466,-10.1099,-34.3034,0.3993988,
2,49.592,2,8.173531,328.377,-4.386997,0.5367322,6.3466,-10.1099,-34.3034,0.3993988,
2,49.602,2,8.171307,328.3669,-4.38927,0.5371565,6.34045,-10.1099,-34.3054,0.4014015,
2,49.612,2,8.170863,328.3445,-4.390645,0.5373539,6.34045,-10.1099,-34.3054,0.4014015,
2,49.622,2,8.171462,328.357,-4.385757,0.5367163,6.34045,-10.1099,-34.3054,0.4014015,
2,49.632,2,8.17337,328.3484,-4.382446,0.5361859,6.34045,-10.1099,-34.3054,0.4014015,
2,49.642,2,8.171384,328.3438,-4.384228,0.5365344,6.34045,-10.1099,-34.3054,0.4014015,
2,49.652,2,8.171471,328.3155,-4.385889,0.5367318,6.34045,-10.1099,-34.3054,0.4014015,
2,49.662,2,8.171546,328.3374,-4.388607,0.5370595,6.34045,-10.1099,-34.3054,0.4014015,
2,49.672,2,8.171507,328.3166,-4.38616,0.5367627,6.34045,-10.1099,-34.3054,0.4014015,
2,49.682,2,8.170714,328.3114,-4.38657,0.536865,6.34045,-10.1099,-34.3054,0.4014015,
2,49.692,2,8.170735,328.266,-4.390557,0.5373515,6.34045,-10.1099,-34.3054,0.4014015,
2,49.702,2,8.169195,328.2853,-4.390831,0.5374864,6.34045,-10.1099,-34.3054,0.4014015,
2,49.712,2,8.17837,328.2771,-4.390441,0.5368357,6.34045,-10.1099,-34.3054,0.4014015,
2,49.722,2,8.182701,328.2605,-4.393027,0.5368676,6.34045,-10.1099,-34.3054,0.4014015,
2,49.732,2,8.196155,328.2221,-4.397769,0.5365649,6.34045,-10.1099,-34.3054,0.4014015,
2,49.742,2,8.206189,328.1794,-4.40182,0.5364025,6.34045,-10.1099,-34.3054,0.4014015,
2,49.752,2,8.215427,328.1718,-4.402123,0.5358362,6.34045,-10.1099,-34.3054,0.4014015,
2,49.762,2,8.218845,328.1395,-4.401083,0.5354868,6.34045,-10.1099,-34.3054,0.4014015,
2,49.772,2,8.218995,328.1467,-4.406553,0.5361426,6.34045,-10.1099,-34.3054,0.4014015,
2,49.782,2,8.219898,328.1482,-4.410038,0.5365076,6.34045,-10.1099,-34.3054,0.4014015,
2,49.792,2,8.218462,328.1137,-4.407073,0.5362406,6.34045,-10.1099,-34.3054,0.4014015,
2,49.802,2,8.218401,328.1126,-4.405558,0.5360602,6.34045,-10.1099,-34.3054,0.4014015,
2,49.812,2,8.217404,328.1173,-4.407879,0.5364078,6.34045,-10.1099,-34.3054,0.4014015,
2,49.822,2,8.215881,328.1241,-4.410282,0.5367996,6.34045,-10.1099,-34.3054,0.4014015,
2,49.832,2,8.216347,328.0953,-4.407467,0.5364267,6.34045,-10.1099,-34.3054,0.4014015,
2,49.842,2,8.217716,328.0825,-4.401595,0.5356226,6.34045,-10.1099,-34.3054,0.4014015,
2,49.852,2,8.217983,328.0683,-4.404796,0.5359947,6.34045,-10.1099,-34.3054,0.4014015,
2,49.862,2,8.21868,328.0842,-4.406648,0.5361746,6.34045,-10.1099,-34.3054,0.4014015,
2,49.872,2,8.218073,328.0606,-4.406791,0.5362317,6.33392,-10.1099,-34.3074,0.4034004,
2,49.882,2,8.215696,328.0566,-4.406731,0.5363795,6.33392,-10.1099,-34.3074,0.4034004,
2,49.892,2,8.217203,328.047,-4.407955,0.5364301,6.33392,-10.1099,-34.3074,0.4034004,
2,49.902,2,8.21484,328.0276,-4.411408,0.5370048,6.33392,-10.1099,-34.3074,0.4034004,
2,49.912,2,8.213336,328.0331,-4.415029,0.5375439,6.33392,-10.1099,-34.3074,0.4034004,
2,49.922,2,8.215497,328.0297,-4.413056,0.5371624,6.33392,-10.1099,-34.3074,0.4034004,
2,49.932,2,8.213955,328.0378,-4.414803,0.5374759,6.33392,-10.1099,-34.3074,0.4034004,
2,49.942,2,8.21334,328.0196,-4.41756,0.5378519,6.33392,-10.1099,-34.3074,0.4034004,
2,49.952,2,8.213294,328.0006,-4.419959,0.5381469,6.33392,-10.1099,-34.3074,0.4034004,
2,49.962,2,8.211391,328.0068,-4.416844,0.5378923,6.33392,-10.1099,-34.3074,0.4034004,
2,49.972,2,8.212533,327.9971,-4.417657,0.5379165,6.33392,-10.1099,-34.3074,0.4034004,
2,49.982,2,8.21142,327.9938,-4.420917,0.5383864,6.33392,-10.1099,-34.3074,0.4034004,
2,49.992,2,8.213203,327.9882,-4.419787,0.538132,6.33392,-10.1099,-34.3074,0.4034004,
2,50.002,2,8.219634,327.97,-4.417194,0.5373954,6.33392,-10.1099,-34.3074,0.4034004,
2,50.012,2,8.228157,327.9508,-4.416339,0.5367349,6.33392,-10.1099,-34.3074,0.4034004,
2,50.022,2,8.238826,327.9104,-4.419022,0.5363654,6.33392,-10.1099,-34.3074,0.4034004,
2,50.032,2,8.252327,327.8865,-4.418465,0.5354205,6.33392,-10.1099,-34.3074,0.4034004,
2,50.042,2,8.260658,327.8535,-4.416451,0.5346366,6.33392,-10.1099,-34.3074,0.4034004,
2,50.052,2,8.261698,327.8415,-4.41676,0.5346069,6.33392,-10.1099,-34.3074,0.4034004,
2,50.062,2,8.263338,327.8226,-4.421015,0.5350156,6.33392,-10.1099,-34.3074,0.4034004,
2,50.072,2,8.261684,327.7955,-4.425862,0.5357094,6.33392,-10.1099,-34.3074,0.4034004,
2,50.082,2,8.263046,327.8096,-4.425957,0.5356326,6.33392,-10.1099,-34.3074,0.4034004,
2,50.092,2,8.261185,327.7989,-4.427247,0.5359094,6.33392,-10.1099,-34.3074,0.4034004,
2,50.102,2,8.261545,327.8045,-4.426463,0.5357912,6.33392,-10.1099,-34.3074,0.4034004,
2,50.112,2,8.260932,327.7447,-4.432171,0.536522,6.33392,-10.1099,-34.3074,0.4034004,
2,50.122,2,8.260236,327.7898,-4.430589,0.5363756,6.33392,-10.1099,-34.3074,0.4034004,
2,50.132,2,8.262116,327.7525,-4.431617,0.536378,6.33392,-10.1099,-34.3074,0.4034004,
2,50.142,2,8.261077,327.7716,-4.436357,0.5370192,6.33392,-10.1099,-34.3074,0.4034004,
2,50.152,2,8.258475,327.7357,-4.440355,0.5376725,6.33392,-10.1099,-34.3074,0.4034004,
2,50.162,2,8.260833,327.7397,-4.439758,0.5374467,6.32702,-10.1099,-34.3093,0.4053001,
2,50.172,2,8.261883,327.7396,-4.439469,0.5373435,6.32702,-10.1099,-34.3093,0.4053001,
2,50.182,2,8.261195,327.7275,-4.438375,0.5372558,6.32702,-10.1099,-34.3093,0.4053001,
2,50.192,2,8.260199,327.7365,-4.44252,0.5378224,6.32702,-10.1099,-34.3093,0.4053001,
2,50.202,2,8.259053,327.7229,-4.440109,0.537605,6.32702,-10.1099,-34.3093,0.4053001,
2,50.212,2,8.260298,327.7207,-4.438907,0.5373785,6.32702,-10.1099,-34.3093,0.4053001,
2,50.222,2,8.259733,327.7216,-4.439658,0.5375062,6.32702,-10.1099,-34.3093,0.4053001,
2,50.232,2,8.2568,327.7229,-4.438478,0.5375543,6.32702,-10.1099,-34.3093,0.4053001,
2,50.242,2,8.259078,327.7094,-4.439925,0.5375811,6.32702,-10.1099,-34.3093,0.4053001,
2,50.252,2,8.257285,327.7014,-4.436873,0.5373284,6.32702,-10.1099,-34.3093,0.4053001,
2,50.262,2,8.257901,327.6915,-4.433542,0.5368848,6.32702,-10.1099,-34.3093,0.4053001,
2,50.272,2,8.260015,327.6859,-4.435906,0.5370337,6.32702,-10.1099,-34.3093,0.4053001,
2,50.282,2,8.260814,327.6675,-4.437317,0.5371525,6.32702,-10.1099,-34.3093,0.4053001,
2,50.292,2,8.269519,327.6366,-4.436015,0.5364296,6.32702,-10.1099,-34.3093,0.4053001,
2,50.302,2,8.278761,327.6283,-4.437408,0.5359991,6.32702,-10.1099,-34.3093,0.4053001,
2,50.312,2,8.286531,327.5797,-4.439715,0.5357749,6.32702,-10.1099,-34.3093,0.4053001,
2,50.322,2,8.297377,327.5546,-4.44505,0.5357175,6.32702,-10.1099,-34.3093,0.4053001,
2,50.332,2,8.305107,327.5248,-4.449494,0.535754,6.32702,-10.1099,-34.3093,0.4053001,
2,50.342,2,8.306827,327.5188,-4.448496,0.5355229,6.32702,-10.1099,-34.3093,0.4053001,
2,50.352,2,8.307119,327.5035,-4.452382,0.5359718,6.32702,-10.1099,-34.3093,0.4053001,
2,50.362,2,8.307313,327.4682,-4.456385,0.5364411,6.32702,-10.1099,-34.3093,0.4053001,
2,50.372,2,8.309193,327.4894,-4.454975,0.5361502,6.32702,-10.1099,-34.3093,0.4053001,
2,50.382,2,8.308605,327.4914,-4.454679,0.5361524,6.32702,-10.1099,-34.3093,0.4053001,
2,50.392,2,8.304924,327.4859,-4.458277,0.5368233,6.32702,-10.1099,-34.3093,0.4053001,
2,50.402,2,8.305185,327.4746,-4.460987,0.5371327,6.32702,-10.1099,-34.3093,0.4053001,
2,50.412,2,8.304378,327.4778,-4.462177,0.5373282,6.32702,-10.1099,-34.3093,0.4053001,
2,50.422,2,8.304169,327.4663,-4.457281,0.5367522,6.32013,-10.1099,-34.3113,0.407299,
2,50.432,2,8.305444,327.4671,-4.457254,0.5366666,6.32013,-10.1099,-34.3113,0.407299,
2,50.442,2,8.304242,327.4417,-4.45876,0.5369256,6.32013,-10.1099,-34.3113,0.407299,
2,50.452,2,8.305264,327.4453,-4.455996,0.5365267,6.32013,-10.1099,-34.3113,0.407299,
2,50.462,2,8.305691,327.4355,-4.453588,0.5362092,6.32013,-10.1099,-34.3113,0.407299,
2,50.472,2,8.304464,327.4465,-4.453501,0.5362779,6.32013,-10.1099,-34.3113,0.407299,
2,50.482,2,8.305777,327.4243,-4.454555,0.5363201,6.32013,-10.1099,-34.3113,0.407299,
2,50.492,2,8.305654,327.4251,-4.457785,0.5367169,6.32013,-10.1099,-34.3113,0.407299,
2,50.502,2,8.302602,327.3971,-4.456091,0.5367102,6.32013,-10.1099,-34.3113,0.407299,
2,50.512,2,8.30518,327.3949,-4.456999,0.5366529,6.32013,-10.1099,-34.3113,0.407299,
2,50.522,2,8.30135,327.4103,-4.459398,0.5371895,6.32013,-10.1099,-34.3113,0.407299,
2,50.532,2,8.303125,327.3928,-4.459318,0.537065,6.32013,-10.1099,-34.3113,0.407299,
2,50.542,2,8.306603,327.3615,-4.458405,0.5367302,6.32013,-10.1099,-34.3113,0.407299,
2,50.552,2,8.313641,327.3477,-4.459607,0.5364205,6.32013,-10.1099,-34.3113,0.407299,
2,50.562,2,8.326971,327.3012,-4.46264,0.535926,6.32013,-10.1099,-34.3113,0.407299,
2,50.572,2,8.337392,327.2291,-4.46997,0.5361353,6.32013,-10.1099,-34.3113,0.407299,
2,50.582,2,8.346514,327.2479,-4.471416,0.5357227,6.32013,-10.1099,-34.3113,0.407299,
2,50.592,2,8.3535,327.2365,-4.471182,0.5352465,6.32013,-10.1099,-34.3113,0.407299,
2,50.602,2,8.351641,327.237,-4.477045,0.5360677,6.32013,-10.1099,-34.3113,0.407299,
2,50.612,2,8.352264,327.2828,-4.479654,0.5363401,6.32013,-10.1099,-34.3113,0.407299,
2,50.622,2,8.352037,327.2068,-4.478513,0.536218,6.32013,-10.1099,-34.3113,0.407299,
2,50.632,2,8.349259,327.1972,-4.477036,0.5362195,6.32013,-10.1099,-34.3113,0.407299,
2,50.642,2,8.356235,327.1838,-4.477489,0.5358261,6.32013,-10.1099,-34.3113,0.407299,
2,50.652,2,8.35313,327.2033,-4.477549,0.5360325,6.32013,-10.1099,-34.3113,0.407299,
2,50.662,2,8.354284,327.1794,-4.476139,0.5357897,6.32013,-10.1099,-34.3113,0.407299,
2,50.672,2,8.353848,327.1617,-4.472033,0.5353261,6.32013,-10.1099,-34.3113,0.407299,
2,50.682,2,8.351234,327.1566,-4.471547,0.5354354,6.32013,-10.1099,-34.3113,0.407299,
2,50.692,2,8.352176,327.1595,-4.475438,0.535841,6.32013,-10.1099,-34.3113,0.407299,
2,50.702,2,8.350832,327.1511,-4.475828,0.5359738,6.31397,-10.1099,-34.3133,0.4093018,
2,50.712,2,8.349208,327.1421,-4.476943,0.5362117,6.31397,-10.1099,-34.3133,0.4093018,
2,50.722,2,8.350371,327.1294,-4.477536,0.536208,6.31397,-10.1099,-34.3133,0.4093018,
2,50.732,2,8.350915,327.1128,-4.480389,0.5365147,6.31397,-10.1099,-34.3133,0.4093018,
2,50.742,2,8.350237,327.1252,-4.483053,0.5368773,6.31397,-10.1099,-34.3133,0.4093018,
2,50.752,2,8.347999,327.1064,-4.481694,0.5368584,6.31397,-10.1099,-34.3133,0.4093018,
2,50.762,2,8.351092,327.1037,-4.482307,0.536733,6.31397,-10.1099,-34.3133,0.4093018,
2,50.772,2,8.350946,327.1042,-4.486383,0.5372306,6.31397,-10.1099,-34.3133,0.4093018,
2,50.782,2,8.349061,327.0703,-4.487445,0.537479,6.31397,-10.1099,-34.3133,0.4093018,
2,50.792,2,8.348806,327.0949,-4.486305,0.5373589,6.31397,-10.1099,-34.3133,0.4093018,
2,50.802,2,8.348342,327.0875,-4.485834,0.5373323,6.31397,-10.1099,-34.3133,0.4093018,
2,50.812,2,8.349438,327.0823,-4.488873,0.5376258,6.31397,-10.1099,-34.3133,0.4093018,
2,50.822,2,8.347378,327.0378,-4.492706,0.5382177,6.31397,-10.1099,-34.3133,0.4093018,
2,50.832,2,8.351783,327.0643,-4.490905,0.5377181,6.31397,-10.1099,-34.3133,0.4093018,
2,50.842,2,8.362986,327.0268,-4.488728,0.5367375,6.31397,-10.1099,-34.3133,0.4093018,
2,50.852,2,8.372746,326.9987,-4.490219,0.5362899,6.31397,-10.1099,-34.3133,0.4093018,
2,50.862,2,8.384538,326.9446,-4.491049,0.5356347,6.31397,-10.1099,-34.3133,0.4093018,
2,50.872,2,8.392269,326.9385,-4.490692,0.5350986,6.31397,-10.1099,-34.3133,0.4093018,
2,50.882,2,8.396946,326.9167,-4.489418,0.5346488,6.31397,-10.1099,-34.3133,0.4093018,
2,50.892,2,8.398735,326.9163,-4.490869,0.5347078,6.31397,-10.1099,-34.3133,0.4093018,
2,50.902,2,8.396717,326.8844,-4.494544,0.535274,6.31397,-10.1099,-34.3133,0.4093018,
2,50.912,2,8.399248,326.9074,-4.495642,0.5352434,6.31397,-10.1099,-34.3133,0.4093018,
2,50.922,2,8.396789,326.8673,-4.498161,0.5357002,6.31397,-10.1099,-34.3133,0.4093018,
2,50.932,2,8.398067,326.8794,-4.497856,0.5355824,6.31397,-10.1099,-34.3133,0.4093018,
2,50.942,2,8.39559,326.8433,-4.499647,0.5359536,6.30785,-10.1099,-34.3153,0.4113007,
2,50.952,2,8.39562,326.8517,-4.501002,0.5361131,6.30785,-10.1099,-34.3153,0.4113007,
2,50.962,2,8.397179,326.8417,-4.502141,0.5361493,6.30785,-10.1099,-34.3153,0.4113007,
2,50.972,2,8.396811,326.8509,-4.504934,0.5365054,6.30785,-10.1099,-34.3153,0.4113007,
2,50.982,2,8.394738,326.859,-4.506295,0.5368,6.30785,-10.1099,-34.3153,0.4113007,
2,50.992,2,8.393991,326.8399,-4.511245,0.5374374,6.30785,-10.1099,-34.3153,0.4113007,
2,51.002,2,8.394889,326.8417,-4.509932,0.5372235,6.30785,-10.1099,-34.3153,0.4113007,
2,51.012,2,8.396187,326.83,-4.507858,0.5368935,6.30785,-10.1099,-34.3153,0.4113007,
2,51.022,2,8.393626,326.8201,-4.509948,0.5373062,6.30785,-10.1099,-34.3153,0.4113007,
2,51.032,2,8.392195,326.8233,-4.511783,0.5376166,6.30785,-10.1099,-34.3153,0.4113007,
2,51.042,2,8.396456,326.8102,-4.511588,0.5373206,6.30785,-10.1099,-34.3153,0.4113007,
2,51.052,2,8.395358,326.8042,-4.507814,0.5369413,6.30785,-10.1099,-34.3153,0.4113007,
2,51.062,2,8.393497,326.8004,-4.506458,0.5368988,6.30785,-10.1099,-34.3153,0.4113007,
2,51.072,2,8.398951,326.8005,-4.506475,0.5365521,6.30785,-10.1099,-34.3153,0.4113007,
2,51.082,2,8.407025,326.749,-4.506194,0.5360034,6.30785,-10.1099,-34.3153,0.4113007,
2,51.092,2,8.419643,326.72,-4.502391,0.5347484,6.30785,-10.1099,-34.3153,0.4113007,
2,51.102,2,8.42889,326.6831,-4.502437,0.5341672,6.30785,-10.1099,-34.3153,0.4113007,
2,51.112,2,8.437739,326.6283,-4.508717,0.5343512,6.30785,-10.1099,-34.3153,0.4113007,
2,51.122,2,8.442869,326.6345,-4.510392,0.534225,6.30785,-10.1099,-34.3153,0.4113007,
2,51.132,2,8.442604,326.6193,-4.51344,0.5346028,6.30785,-10.1099,-34.3153,0.4113007,
2,51.142,2,8.441708,326.6108,-4.515434,0.5348958,6.30785,-10.1099,-34.3153,0.4113007,
2,51.152,2,8.440763,326.5995,-4.520774,0.5355884,6.30785,-10.1099,-34.3153,0.4113007,
2,51.162,2,8.440083,326.6024,-4.523312,0.5359321,6.30785,-10.1099,-34.3153,0.4113007,
2,51.172,2,8.441602,326.5863,-4.522925,0.5357899,6.30785,-10.1099,-34.3153,0.4113007,
2,51.182,2,8.441581,326.5792,-4.522824,0.5357792,6.30785,-10.1099,-34.3153,0.4113007,
2,51.192,2,8.441822,326.577,-4.526119,0.5361543,6.30785,-10.1099,-34.3153,0.4113007,
2,51.202,2,8.440598,326.5618,-4.528235,0.5364827,6.30785,-10.1099,-34.3153,0.4113007,
2,51.212,2,8.441545,326.5658,-4.527399,0.5363234,6.30785,-10.1099,-34.3153,0.4113007,
2,51.222,2,8.4426,326.5508,-4.528362,0.5363706,6.30785,-10.1099,-34.3153,0.4113007,
2,51.232,2,8.441693,326.5528,-4.530134,0.5366381,6.30132,-10.1099,-34.3173,0.4132996,
2,51.242,2,8.439825,326.5393,-4.532117,0.5369918,6.30132,-10.1099,-34.3173,0.4132996,
2,51.252,2,8.44066,326.5286,-4.529554,0.536635,6.30132,-10.1099,-34.3173,0.4132996,
2,51.262,2,8.441178,326.5256,-4.526922,0.5362903,6.30132,-10.1099,-34.3173,0.4132996,
2,51.272,2,8.436201,326.5263,-4.527486,0.5366735,6.30132,-10.1099,-34.3173,0.4132996,
2,51.282,2,8.43948,326.5228,-4.527129,0.5364228,6.30132,-10.1099,-34.3173,0.4132996,
2,51.292,2,8.437744,326.5057,-4.522082,0.535935,6.30132,-10.1099,-34.3173,0.4132996,
2,51.302,2,8.438996,326.499,-4.522061,0.5358529,6.30132,-10.1099,-34.3173,0.4132996,
2,51.312,2,8.438407,326.4857,-4.524269,0.5361521,6.30132,-10.1099,-34.3173,0.4132996,
2,51.322,2,8.437896,326.4896,-4.527374,0.5365525,6.30132,-10.1099,-34.3173,0.4132996,
2,51.332,2,8.437195,326.4817,-4.525422,0.5363657,6.30132,-10.1099,-34.3173,0.4132996,
2,51.342,2,8.439945,326.4764,-4.52401,0.5360236,6.30132,-10.1099,-34.3173,0.4132996,
2,51.352,2,8.440752,326.4735,-4.526064,0.5362157,6.30132,-10.1099,-34.3173,0.4132996,
2,51.362,2,8.44342,326.4786,-4.52862,0.5363489,6.30132,-10.1099,-34.3173,0.4132996,
2,51.372,2,8.453741,326.4177,-4.529335,0.5357787,6.30132,-10.1099,-34.3173,0.4132996,
2,51.382,2,8.465795,326.3754,-4.529704,0.5350595,6.30132,-10.1099,-34.3173,0.4132996,
2,51.392,2,8.476099,326.3275,-4.534605,0.5349873,6.30132,-10.1099,-34.3173,0.4132996,
2,51.402,2,8.482615,326.3021,-4.539818,0.5351908,6.30132,-10.1099,-34.3173,0.4132996,
2,51.412,2,8.486212,326.3055,-4.542169,0.535241,6.30132,-10.1099,-34.3173,0.4132996,
2,51.422,2,8.487013,326.3049,-4.543181,0.5353099,6.30132,-10.1099,-34.3173,0.4132996,
2,51.432,2,8.488212,326.2929,-4.543642,0.5352885,6.30132,-10.1099,-34.3173,0.4132996,
2,51.442,2,8.486569,326.285,-4.547311,0.5358244,6.30132,-10.1099,-34.3173,0.4132996,
2,51.452,2,8.487961,326.2895,-4.548329,0.5358565,6.30132,-10.1099,-34.3173,0.4132996,
2,51.462,2,8.488001,326.2763,-4.545066,0.5354696,6.30132,-10.1099,-34.3173,0.4132996,
2,51.472,2,8.487178,326.2714,-4.544794,0.5354894,6.30132,-10.1099,-34.3173,0.4132996,
2,51.482,2,8.487318,326.2497,-4.54559,0.5355744,6.30132,-10.1099,-34.3173,0.4132996,
2,51.492,2,8.487641,326.2606,-4.545089,0.535495,6.30132,-10.1099,-34.3173,0.4132996,
2,51.502,2,8.485442,326.2636,-4.542222,0.5352958,6.30132,-10.1099,-34.3173,0.4132996,
2,51.512,2,8.487007,326.2463,-4.538186,0.5347216,6.29443,-10.1099,-34.3193,0.4153023,
2,51.522,2,8.488206,326.2414,-4.54043,0.5349104,6.29443,-10.1099,-34.3193,0.4153023,
2,51.532,2,8.487485,326.2231,-4.54172,0.5351079,6.29443,-10.1099,-34.3193,0.4153023,
2,51.542,2,8.485425,326.2151,-4.541497,0.5352115,6.29443,-10.1099,-34.3193,0.4153023,
2,51.552,2,8.48589,326.2038,-4.54149,0.5351813,6.29443,-10.1099,-34.3193,0.4153023,
2,51.562,2,8.484751,326.2099,-4.54409,0.5355596,6.29443,-10.1099,-34.3193,0.4153023,
2,51.572,2,8.4847,326.2051,-4.547835,0.5360042,6.29443,-10.1099,-34.3193,0.4153023,
2,51.582,2,8.485469,326.1939,-4.548322,0.536013,6.29443,-10.1099,-34.3193,0.4153023,
2,51.592,2,8.484166,326.1799,-4.548244,0.5360861,6.29443,-10.1099,-34.3193,0.4153023,
2,51.602,2,8.489968,326.1499,-4.549933,0.5359188,6.29443,-10.1099,-34.3193,0.4153023,
2,51.612,2,8.498864,326.107,-4.554005,0.5358369,6.29443,-10.1099,-34.3193,0.4153023,
2,51.622,2,8.509918,326.1112,-4.552836,0.5350035,6.29443,-10.1099,-34.3193,0.4153023,
2,51.632,2,8.52174,326.0781,-4.553711,0.534364,6.29443,-10.1099,-34.3193,0.4153023,
2,51.642,2,8.527822,326.0532,-4.558086,0.5344959,6.29443,-10.1099,-34.3193,0.4153023,
2,51.652,2,8.531566,326.0279,-4.563849,0.5349369,6.29443,-10.1099,-34.3193,0.4153023,
2,51.662,2,8.532164,326.0229,-4.564893,0.5350218,6.29443,-10.1099,-34.3193,0.4153023,
2,51.672,2,8.533009,326.0092,-4.563091,0.5347576,6.29443,-10.1099,-34.3193,0.4153023,
2,51.682,2,8.532531,326.0142,-4.562116,0.5346733,6.29443,-10.1099,-34.3193,0.4153023,
2,51.692,2,8.531686,325.9832,-4.561535,0.5346581,6.29443,-10.1099,-34.3193,0.4153023,
2,51.702,2,8.531259,325.9778,-4.560227,0.5345316,6.29443,-10.1099,-34.3193,0.4153023,
2,51.712,2,8.531109,325.9875,-4.558239,0.534308,6.29443,-10.1099,-34.3193,0.4153023,
2,51.722,2,8.53149,325.9749,-4.556759,0.5341105,6.29443,-10.1099,-34.3193,0.4153023,
2,51.732,2,8.532561,325.9755,-4.560319,0.5344607,6.29443,-10.1099,-34.3193,0.4153023,
2,51.742,2,8.530672,325.9808,-4.561844,0.5347579,6.29443,-10.1099,-34.3193,0.4153023,
2,51.752,2,8.530189,325.9475,-4.561909,0.5347958,6.29443,-10.1099,-34.3193,0.4153023,
2,51.762,2,8.531141,325.9477,-4.562027,0.5347499,6.28835,-10.1099,-34.3212,0.417202,
2,51.772,2,8.529071,325.9163,-4.564318,0.5351483,6.28835,-10.1099,-34.3212,0.417202,
2,51.782,2,8.527351,325.972,-4.568024,0.5356908,6.28835,-10.1099,-34.3212,0.417202,
2,51.792,2,8.529097,325.9092,-4.565749,0.5353145,6.28835,-10.1099,-34.3212,0.417202,
2,51.802,2,8.528747,325.9019,-4.568253,0.53563,6.28835,-10.1099,-34.3212,0.417202,
2,51.812,2,8.528682,325.9023,-4.574111,0.536321,6.28835,-10.1099,-34.3212,0.417202,
2,51.822,2,8.527743,325.896,-4.574351,0.5364082,6.28835,-10.1099,-34.3212,0.417202,
2,51.832,2,8.527958,325.8974,-4.573865,0.5363377,6.28835,-10.1099,-34.3212,0.417202,
2,51.842,2,8.526183,325.9039,-4.580172,0.537189,6.28835,-10.1099,-34.3212,0.417202,
2,51.852,2,8.526928,325.8802,-4.585498,0.5377667,6.28835,-10.1099,-34.3212,0.417202,
2,51.862,2,8.535165,325.8538,-4.585356,0.5372311,6.28835,-10.1099,-34.3212,0.417202,
2,51.872,2,8.545689,325.8306,-4.57863,0.5357825,6.28835,-10.1099,-34.3212,0.417202,
2,51.882,2,8.555302,325.7813,-4.584394,0.5358542,6.28835,-10.1099,-34.3212,0.417202,
2,51.892,2,8.570663,325.7533,-4.576736,0.5340003,6.28835,-10.1099,-34.3212,0.417202,
2,51.902,2,8.5757,325.748,-4.579481,0.5340067,6.28835,-10.1099,-34.3212,0.417202,
2,51.912,2,8.5761,325.7388,-4.583162,0.534411,6.28835,-10.1099,-34.3212,0.417202,
2,51.922,2,8.57597,325.7248,-4.582319,0.5343208,6.28835,-10.1099,-34.3212,0.417202,
2,51.932,2,8.575509,325.7184,-4.579103,0.5339745,6.28835,-10.1099,-34.3212,0.417202,
2,51.942,2,8.576445,325.704,-4.581314,0.534174,6.28835,-10.1099,-34.3212,0.417202,
2,51.952,2,8.574974,325.7143,-4.583101,0.534474,6.28835,-10.1099,-34.3212,0.417202,
2,51.962,2,8.57117,325.6956,-4.590789,0.5356082,6.28835,-10.1099,-34.3212,0.417202,
2,51.972,2,8.57403,325.6813,-4.584545,0.5347013,6.28835,-10.1099,-34.3212,0.417202,
2,51.982,2,8.574286,325.661,-4.586819,0.5349506,6.28835,-10.1099,-34.3212,0.417202,
2,51.992,2,8.574312,325.6632,-4.58973,0.5352884,6.28835,-10.1099,-34.3212,0.417202,
2,52.002,2,8.57305,325.6577,-4.591736,0.5356012,6.28253,-10.1099,-34.3232,0.4192009,
2,52.012,2,8.571732,325.6519,-4.592867,0.5358156,6.28253,-10.1099,-34.3232,0.4192009,
2,52.022,2,8.572102,325.6576,-4.592288,0.5357249,6.28253,-10.1099,-34.3232,0.4192009,
2,52.032,2,8.571431,325.6644,-4.596922,0.5363075,6.28253,-10.1099,-34.3232,0.4192009,
2,52.042,2,8.569666,325.6436,-4.597625,0.5364999,6.28253,-10.1099,-34.3232,0.4192009,
2,52.052,2,8.572661,325.6318,-4.594412,0.5359377,6.28253,-10.1099,-34.3232,0.4192009,
2,52.062,2,8.570993,325.635,-4.596774,0.5363175,6.28253,-10.1099,-34.3232,0.4192009,
2,52.072,2,8.571039,325.6179,-4.596528,0.5362859,6.28253,-10.1099,-34.3232,0.4192009,
2,52.082,2,8.570086,325.6205,-4.599929,0.5367424,6.28253,-10.1099,-34.3232,0.4192009,
2,52.092,2,8.570634,325.6143,-4.597947,0.5364769,6.28253,-10.1099,-34.3232,0.4192009,
2,52.102,2,8.570777,325.6061,-4.596178,0.5362615,6.28253,-10.1099,-34.3232,0.4192009,
2,52.112,2,8.571197,325.6255,-4.596318,0.5362517,6.28253,-10.1099,-34.3232,0.4192009,
2,52.122,2,8.572719,325.5894,-4.594524,0.5359472,6.28253,-10.1099,-34.3232,0.4192009,
2,52.132,2,8.579737,325.5884,-4.589899,0.5349696,6.28253,-10.1099,-34.3232,0.4192009,
2,52.142,2,8.589373,325.5486,-4.59127,0.5345291,6.28253,-10.1099,-34.3232,0.4192009,
2,52.152,2,8.60201,325.515,-4.594511,0.5341206,6.28253,-10.1099,-34.3232,0.4192009,
2,52.162,2,8.61067,325.4774,-4.598911,0.5340945,6.28253,-10.1099,-34.3232,0.4192009,
2,52.172,2,8.615232,325.4492,-4.601377,0.534098,6.28253,-10.1099,-34.3232,0.4192009,
2,52.182,2,8.621734,325.4418,-4.603456,0.5339362,6.28253,-10.1099,-34.3232,0.4192009,
2,52.192,2,8.618238,325.3991,-4.605659,0.5344084,6.28253,-10.1099,-34.3232,0.4192009,
2,52.202,2,8.618519,325.4411,-4.612989,0.5352415,6.28253,-10.1099,-34.3232,0.4192009,
2,52.212,2,8.616657,325.4206,-4.61179,0.535218,6.28253,-10.1099,-34.3232,0.4192009,
2,52.222,2,8.616481,325.4122,-4.61193,0.5352452,6.28253,-10.1099,-34.3232,0.4192009,
2,52.232,2,8.619576,325.4148,-4.615686,0.5354888,6.28253,-10.1099,-34.3232,0.4192009,
2,52.242,2,8.616697,325.4268,-4.618046,0.5359415,6.28253,-10.1099,-34.3232,0.4192009,
2,52.252,2,8.615944,325.3887,-4.618606,0.5360534,6.28253,-10.1099,-34.3232,0.4192009,
2,52.262,2,8.616422,325.3804,-4.616591,0.5357898,6.28253,-10.1099,-34.3232,0.4192009,
2,52.272,2,8.617105,325.369,-4.619254,0.5360563,6.27637,-10.1099,-34.3252,0.4211998,
2,52.282,2,8.617129,325.3005,-4.622524,0.5364344,6.27637,-10.1099,-34.3252,0.4211998,
2,52.292,2,8.614548,325.3651,-4.619034,0.5361899,6.27637,-10.1099,-34.3252,0.4211998,
2,52.302,2,8.614946,325.3341,-4.617666,0.5360064,6.27637,-10.1099,-34.3252,0.4211998,
2,52.312,2,8.614948,325.3453,-4.618123,0.5360593,6.27637,-10.1099,-34.3252,0.4211998,
2,52.322,2,8.61537,325.3446,-4.617981,0.5360166,6.27637,-10.1099,-34.3252,0.4211998,
2,52.332,2,8.614501,325.337,-4.615617,0.5357962,6.27637,-10.1099,-34.3252,0.4211998,
2,52.342,2,8.616331,325.3289,-4.608588,0.5348666,6.27637,-10.1099,-34.3252,0.4211998,
2,52.352,2,8.613751,325.3328,-4.609196,0.5350974,6.27637,-10.1099,-34.3252,0.4211998,
2,52.362,2,8.61604,325.2761,-4.610955,0.5351594,6.27637,-10.1099,-34.3252,0.4211998,
2,52.372,2,8.622579,325.2904,-4.611565,0.5348243,6.27637,-10.1099,-34.3252,0.4211998,
2,52.382,2,8.632481,325.2573,-4.611279,0.5341777,6.27637,-10.1099,-34.3252,0.4211998,
2,52.392,2,8.64473,325.2119,-4.613956,0.5337306,6.27637,-10.1099,-34.3252,0.4211998,
2,52.402,2,8.652231,325.1909,-4.624331,0.5344669,6.27637,-10.1099,-34.3252,0.4211998,
2,52.412,2,8.659204,325.1696,-4.624796,0.5340902,6.27637,-10.1099,-34.3252,0.4211998,
2,52.422,2,8.663785,325.153,-4.625225,0.5338573,6.27637,-10.1099,-34.3252,0.4211998,
2,52.432,2,8.662693,325.1422,-4.626469,0.5340682,6.27637,-10.1099,-34.3252,0.4211998,
2,52.442,2,8.66303,325.1453,-4.631188,0.5345922,6.27637,-10.1099,-34.3252,0.4211998,
2,52.452,2,8.662632,325.1367,-4.637159,0.535306,6.27637,-10.1099,-34.3252,0.4211998,
2,52.462,2,8.661036,325.1167,-4.636535,0.5353327,6.27637,-10.1099,-34.3252,0.4211998,
2,52.472,2,8.661716,325.1081,-4.634519,0.5350578,6.27637,-10.1099,-34.3252,0.4211998,
2,52.482,2,8.660131,325.1153,-4.637994,0.535557,6.27025,-10.1099,-34.3271,0.4230995,
2,52.492,2,8.661701,325.1221,-4.641979,0.53592,6.27025,-10.1099,-34.3271,0.4230995,
2,52.502,2,8.66212,325.0971,-4.637304,0.5353544,6.27025,-10.1099,-34.3271,0.4230995,
2,52.512,2,8.661847,325.0935,-4.635269,0.5351363,6.27025,-10.1099,-34.3271,0.4230995,
2,52.522,2,8.662374,325.0845,-4.634483,0.535013,6.27025,-10.1099,-34.3271,0.4230995,
2,52.532,2,8.6626,325.0904,-4.636108,0.5351867,6.27025,-10.1099,-34.3271,0.4230995,
2,52.542,2,8.662684,325.0693,-4.630907,0.5345811,6.27025,-10.1099,-34.3271,0.4230995,
2,52.552,2,8.660921,325.0666,-4.62629,0.5341568,6.27025,-10.1099,-34.3271,0.4230995,
2,52.562,2,8.661965,325.055,-4.628569,0.5343555,6.27025,-10.1099,-34.3271,0.4230995,
2,52.572,2,8.659737,325.0677,-4.634359,0.5351617,6.27025,-10.1099,-34.3271,0.4230995,
2,52.582,2,8.660467,325.0336,-4.633218,0.5349848,6.27025,-10.1099,-34.3271,0.4230995,
2,52.592,2,8.66538,325.0135,-4.631164,0.5344445,6.27025,-10.1099,-34.3271,0.4230995,
2,52.602,2,8.673948,324.992,-4.632705,0.5340941,6.27025,-10.1099,-34.3271,0.4230995,
2,52.612,2,8.684855,324.9843,-4.637656,0.5339935,6.27025,-10.1099,-34.3271,0.4230995,
2,52.622,2,8.697446,324.9322,-4.638844,0.5333571,6.27025,-10.1099,-34.3271,0.4230995,
2,52.632,2,8.701607,324.8924,-4.63902,0.5331222,6.27025,-10.1099,-34.3271,0.4230995,
2,52.642,2,8.707041,324.8908,-4.64498,0.5334741,6.27025,-10.1099,-34.3271,0.4230995,
2,52.652,2,8.709091,324.8528,-4.650907,0.5340289,6.27025,-10.1099,-34.3271,0.4230995,
2,52.662,2,8.707297,324.8725,-4.650893,0.5341374,6.27025,-10.1099,-34.3271,0.4230995,
2,52.672,2,8.708836,324.8517,-4.6521,0.5341816,6.27025,-10.1099,-34.3271,0.4230995,
2,52.682,2,8.705576,324.8546,-4.652781,0.5344598,6.27025,-10.1099,-34.3271,0.4230995,
2,52.692,2,8.704685,324.8423,-4.65903,0.5352325,6.26487,-10.1099,-34.329,0.4249992,
2,52.702,2,8.704346,324.8514,-4.660441,0.5354155,6.26487,-10.1099,-34.329,0.4249992,
2,52.712,2,8.706761,324.8401,-4.653435,0.5344622,6.26487,-10.1099,-34.329,0.4249992,
2,52.722,2,8.70408,324.8243,-4.653602,0.534646,6.26487,-10.1099,-34.329,0.4249992,
2,52.732,2,8.70569,324.8165,-4.660902,0.5353856,6.26487,-10.1099,-34.329,0.4249992,
2,52.742,2,8.706873,324.795,-4.65664,0.5348235,6.26487,-10.1099,-34.329,0.4249992,
2,52.752,2,8.705983,324.7988,-4.654044,0.5345799,6.26487,-10.1099,-34.329,0.4249992,
2,52.762,2,8.706285,324.8001,-4.653428,0.5344907,6.26487,-10.1099,-34.329,0.4249992,
2,52.772,2,8.703123,324.7831,-4.654626,0.5348225,6.26487,-10.1099,-34.329,0.4249992,
2,52.782,2,8.70235,324.8013,-4.65303,0.5346866,6.26487,-10.1099,-34.329,0.4249992,
2,52.792,2,8.707653,324.7794,-4.653688,0.5344366,6.26487,-10.1099,-34.329,0.4249992,
2,52.802,2,8.709762,324.7538,-4.656367,0.5346148,6.26487,-10.1099,-34.329,0.4249992,
2,52.812,2,8.720243,324.7238,-4.661002,0.5345037,6.26487,-10.1099,-34.329,0.4249992,
2,52.822,2,8.730349,324.6822,-4.658504,0.5335988,6.26487,-10.1099,-34.329,0.4249992,
2,52.832,2,8.741064,324.6605,-4.660531,0.5331766,6.26487,-10.1099,-34.329,0.4249992,
2,52.842,2,8.746345,324.6379,-4.664788,0.5333414,6.26487,-10.1099,-34.329,0.4249992,
2,52.852,2,8.747147,324.6314,-4.670508,0.5339465,6.26487,-10.1099,-34.329,0.4249992,
2,52.862,2,8.748005,324.6203,-4.675876,0.5345077,6.26487,-10.1099,-34.329,0.4249992,
2,52.872,2,8.749361,324.6296,-4.67387,0.5341956,6.26487,-10.1099,-34.329,0.4249992,
2,52.882,2,8.747112,324.6068,-4.672808,0.5342115,6.26487,-10.1099,-34.329,0.4249992,
2,52.892,2,8.748464,324.5974,-4.673633,0.5342233,6.26487,-10.1099,-34.329,0.4249992,
2,52.902,2,8.746799,324.5926,-4.677238,0.5347371,6.26487,-10.1099,-34.329,0.4249992,
2,52.912,2,8.743683,324.5833,-4.683487,0.5356424,6.26487,-10.1099,-34.329,0.4249992,
2,52.922,2,8.749089,324.5874,-4.673905,0.5342162,6.26487,-10.1099,-34.329,0.4249992,
2,52.932,2,8.74711,324.5724,-4.6711,0.5340163,6.26487,-10.1099,-34.329,0.4249992,
2,52.942,2,8.74779,324.5524,-4.677397,0.5346947,6.26487,-10.1099,-34.329,0.4249992,
2,52.952,2,8.744941,324.5476,-4.67371,0.5344473,6.26487,-10.1099,-34.329,0.4249992,
2,52.962,2,8.74531,324.5475,-4.67099,0.5341138,6.2599,-10.1099,-34.3308,0.4267998,
2,52.972,2,8.74528,324.5429,-4.671802,0.5342084,6.2599,-10.1099,-34.3308,0.4267998,
2,52.982,2,8.74284,324.5396,-4.672253,0.5344091,6.2599,-10.1099,-34.3308,0.4267998,
2,52.992,2,8.742846,324.519,-4.678704,0.5351465,6.2599,-10.1099,-34.3308,0.4267998,
2,53.002,2,8.743956,324.5154,-4.679813,0.5352055,6.2599,-10.1099,-34.3308,0.4267998,
2,53.012,2,8.742016,324.5155,-4.673859,0.5346431,6.2599,-10.1099,-34.3308,0.4267998,
2,53.022,2,8.741379,324.4788,-4.677658,0.5351167,6.2599,-10.1099,-34.3308,0.4267998,
2,53.032,2,8.744086,324.4385,-4.679111,0.5351172,6.2599,-10.1099,-34.3308,0.4267998,
2,53.042,2,8.739202,324.5115,-4.677504,0.5352324,6.2599,-10.1099,-34.3308,0.4267998,
2,53.052,2,8.741786,324.4398,-4.679825,0.5353397,6.2599,-10.1099,-34.3308,0.4267998,
2,53.062,2,8.741436,324.4827,-4.682454,0.5356618,6.2599,-10.1099,-34.3308,0.4267998,
2,53.072,2,8.740712,324.4973,-4.686053,0.536118,6.2599,-10.1099,-34.3308,0.4267998,
2,53.082,2,8.742134,324.4555,-4.686098,0.536036,6.2599,-10.1099,-34.3308,0.4267998,
2,53.092,2,8.748858,324.4562,-4.685407,0.5355449,6.2599,-10.1099,-34.3308,0.4267998,
2,53.102,2,8.759962,324.4102,-4.686985,0.5350463,6.2599,-10.1099,-34.3308,0.4267998,
2,53.112,2,8.770925,324.3407,-4.690814,0.5348141,6.2599,-10.1099,-34.3308,0.4267998,
2,53.122,2,8.781213,324.3382,-4.687828,0.5338475,6.2599,-10.1099,-34.3308,0.4267998,
2,53.132,2,8.788696,324.3279,-4.685452,0.5331226,6.2599,-10.1099,-34.3308,0.4267998,
2,53.142,2,8.78852,324.3187,-4.684234,0.5329947,6.2599,-10.1099,-34.3308,0.4267998,
2,53.152,2,8.785556,324.3153,-4.686604,0.5334442,6.2599,-10.1099,-34.3308,0.4267998,
2,53.162,2,8.789193,324.3003,-4.685341,0.5330798,6.2599,-10.1099,-34.3308,0.4267998,
2,53.172,2,8.78761,324.2939,-4.683061,0.5329163,6.2599,-10.1099,-34.3308,0.4267998,
2,53.182,2,8.785258,324.2891,-4.684047,0.5331712,6.2599,-10.1099,-34.3308,0.4267998,
2,53.192,2,8.785599,324.2759,-4.688656,0.5336751,6.2599,-10.1099,-34.3308,0.4267998,
2,53.202,2,8.786875,324.2859,-4.691492,0.5339204,6.2599,-10.1099,-34.3308,0.4267998,
2,53.212,2,8.783154,324.2606,-4.688271,0.5337799,6.2599,-10.1099,-34.3308,0.4267998,
2,53.222,2,8.785295,324.2529,-4.685879,0.5333775,6.2599,-10.1099,-34.3308,0.4267998,
2,53.232,2,8.7844,324.2244,-4.686338,0.5334842,6.253,-10.1099,-34.3326,0.4286003,
2,53.242,2,8.786361,324.2282,-4.690557,0.5338452,6.253,-10.1099,-34.3326,0.4286003,
2,53.252,2,8.783623,324.2314,-4.694406,0.5344499,6.253,-10.1099,-34.3326,0.4286003,
2,53.262,2,8.785809,324.2242,-4.691083,0.5339386,6.253,-10.1099,-34.3326,0.4286003,
2,53.272,2,8.789353,324.2301,-4.691827,0.533808,6.253,-10.1099,-34.3326,0.4286003,
2,53.282,2,8.791345,324.2408,-4.694542,0.5339959,6.253,-10.1099,-34.3326,0.4286003,
2,53.292,2,8.799394,324.1643,-4.699168,0.5340332,6.253,-10.1099,-34.3326,0.4286003,
2,53.302,2,8.811301,324.1363,-4.699356,0.5333328,6.253,-10.1099,-34.3326,0.4286003,
2,53.312,2,8.823289,324.0953,-4.699049,0.5325735,6.253,-10.1099,-34.3326,0.4286003,
2,53.322,2,8.831424,324.1131,-4.705855,0.5328535,6.253,-10.1099,-34.3326,0.4286003,
2,53.332,2,8.830447,324.0731,-4.712325,0.5336452,6.253,-10.1099,-34.3326,0.4286003,
2,53.342,2,8.831307,324.0687,-4.710046,0.533335,6.253,-10.1099,-34.3326,0.4286003,
2,53.352,2,8.830766,324.0607,-4.704433,0.5327322,6.253,-10.1099,-34.3326,0.4286003,
2,53.362,2,8.830984,324.0653,-4.708508,0.5331805,6.253,-10.1099,-34.3326,0.4286003,
2,53.372,2,8.832151,324.0538,-4.706228,0.5328519,6.253,-10.1099,-34.3326,0.4286003,
2,53.382,2,8.829302,324.0268,-4.699099,0.5322164,6.253,-10.1099,-34.3326,0.4286003,
2,53.392,2,8.828407,324.0231,-4.700804,0.5324634,6.253,-10.1099,-34.3326,0.4286003,
2,53.402,2,8.829827,324.0168,-4.703287,0.532659,6.253,-10.1099,-34.3326,0.4286003,
2,53.412,2,8.830696,324.0003,-4.708527,0.5332,6.24837,-10.1099,-34.3344,0.4304008,
2,53.422,2,8.830083,324.0003,-4.709541,0.5333518,6.24837,-10.1099,-34.3344,0.4304008,
2,53.432,2,8.827843,323.9828,-4.707301,0.5332335,6.24837,-10.1099,-34.3344,0.4304008,
2,53.442,2,8.827097,323.9995,-4.708496,0.5334139,6.24837,-10.1099,-34.3344,0.4304008,
2,53.452,2,8.829091,323.9661,-4.709297,0.5333841,6.24837,-10.1099,-34.3344,0.4304008,
2,53.462,2,8.82695,323.9755,-4.706179,0.5331603,6.24837,-10.1099,-34.3344,0.4304008,
2,53.472,2,8.829049,323.9601,-4.707445,0.5331769,6.24837,-10.1099,-34.3344,0.4304008,
2,53.482,2,8.829243,323.9478,-4.711361,0.5336088,6.24837,-10.1099,-34.3344,0.4304008,
2,53.492,2,8.82583,323.9607,-4.713954,0.5341089,6.24837,-10.1099,-34.3344,0.4304008,
2,53.502,2,8.827345,323.9233,-4.714284,0.5340546,6.24837,-10.1099,-34.3344,0.4304008,
2,53.512,2,8.827168,323.9267,-4.714205,0.5340563,6.24837,-10.1099,-34.3344,0.4304008,
2,53.522,2,8.826139,323.9312,-4.722605,0.5350703,6.24837,-10.1099,-34.3344,0.4304008,
2,53.532,2,8.829295,323.8956,-4.724775,0.5351248,6.24837,-10.1099,-34.3344,0.4304008,
2,53.542,2,8.834941,323.9106,-4.71546,0.5337285,6.24837,-10.1099,-34.3344,0.4304008,
2,53.552,2,8.849753,323.8606,-4.713108,0.5325694,6.24837,-10.1099,-34.3344,0.4304008,
2,53.562,2,8.859255,323.8329,-4.716979,0.5324351,6.24837,-10.1099,-34.3344,0.4304008,
2,53.572,2,8.864573,323.8023,-4.727723,0.5333278,6.24837,-10.1099,-34.3344,0.4304008,
2,53.582,2,8.869715,323.7897,-4.726974,0.5329341,6.24837,-10.1099,-34.3344,0.4304008,
2,53.592,2,8.869735,323.7819,-4.723814,0.5325767,6.24837,-10.1099,-34.3344,0.4304008,
2,53.602,2,8.868616,323.775,-4.723717,0.5326329,6.24837,-10.1099,-34.3344,0.4304008,
2,53.612,2,8.868404,323.7558,-4.725112,0.5328029,6.24837,-10.1099,-34.3344,0.4304008,
2,53.622,2,8.868973,323.7356,-4.728262,0.533124,6.24837,-10.1099,-34.3344,0.4304008,
2,53.632,2,8.870269,323.7421,-4.721932,0.5323324,6.24837,-10.1099,-34.3344,0.4304008,
2,53.642,2,8.87042,323.7323,-4.720672,0.5321813,6.24837,-10.1099,-34.3344,0.4304008,
2,53.652,2,8.868579,323.7366,-4.728336,0.533156,6.24225,-10.1099,-34.3362,0.4322014,
2,53.662,2,8.866732,323.7473,-4.733519,0.5338516,6.24225,-10.1099,-34.3362,0.4322014,
2,53.672,2,8.867097,323.6993,-4.726611,0.5330505,6.24225,-10.1099,-34.3362,0.4322014,
2,53.682,2,8.865377,323.7075,-4.735522,0.5341591,6.24225,-10.1099,-34.3362,0.4322014,
2,53.692,2,8.866903,323.6863,-4.738509,0.534404,6.24225,-10.1099,-34.3362,0.4322014,
2,53.702,2,8.868261,323.6963,-4.73048,0.5334169,6.24225,-10.1099,-34.3362,0.4322014,
2,53.712,2,8.867563,323.6818,-4.730068,0.5334123,6.24225,-10.1099,-34.3362,0.4322014,
2,53.722,2,8.869159,323.6786,-4.730503,0.5333654,6.24225,-10.1099,-34.3362,0.4322014,
2,53.732,2,8.865894,323.6818,-4.740516,0.5346913,6.24225,-10.1099,-34.3362,0.4322014,
2,53.742,2,8.866578,323.6898,-4.740763,0.5346778,6.24225,-10.1099,-34.3362,0.4322014,
2,53.752,2,8.867844,323.6718,-4.732645,0.533686,6.24225,-10.1099,-34.3362,0.4322014,
2,53.762,2,8.866319,323.6625,-4.730124,0.5334935,6.24225,-10.1099,-34.3362,0.4322014,
2,53.772,2,8.871099,323.652,-4.731633,0.5333762,6.24225,-10.1099,-34.3362,0.4322014,
2,53.782,2,8.874088,323.6109,-4.733013,0.533352,6.24225,-10.1099,-34.3362,0.4322014,
2,53.792,2,8.887417,323.5845,-4.728379,0.5320308,6.24225,-10.1099,-34.3362,0.4322014,
2,53.802,2,8.897182,323.5522,-4.732065,0.5318611,6.24225,-10.1099,-34.3362,0.4322014,
2,53.812,2,8.904698,323.5407,-4.743665,0.5327148,6.24225,-10.1099,-34.3362,0.4322014,
2,53.822,2,8.908358,323.5113,-4.741959,0.5323045,6.24225,-10.1099,-34.3362,0.4322014,
2,53.832,2,8.908501,323.4982,-4.740875,0.5321743,6.24225,-10.1099,-34.3362,0.4322014,
2,53.842,2,8.908708,323.4867,-4.744241,0.5325397,6.24225,-10.1099,-34.3362,0.4322014,
2,53.852,2,8.909492,323.4754,-4.744262,0.5324952,6.24225,-10.1099,-34.3362,0.4322014,
2,53.862,2,8.90921,323.4894,-4.746781,0.5327948,6.24225,-10.1099,-34.3362,0.4322014,
2,53.872,2,8.907353,323.4567,-4.743464,0.5325335,6.24225,-10.1099,-34.3362,0.4322014,
2,53.882,2,8.908905,323.4611,-4.747811,0.5329287,6.24225,-10.1099,-34.3362,0.4322014,
2,53.892,2,8.907247,323.4449,-4.750919,0.5333768,6.24225,-10.1099,-34.3362,0.4322014,
2,53.902,2,8.907226,323.4356,-4.754057,0.5337304,6.24225,-10.1099,-34.3362,0.4322014,
2,53.912,2,8.906692,323.423,-4.752957,0.5336389,6.24225,-10.1099,-34.3362,0.4322014,
2,53.922,2,8.906794,323.4286,-4.748822,0.5331686,6.23688,-10.1099,-34.3379,0.4338989,
2,53.932,2,8.9084,323.4285,-4.751882,0.5334159,6.23688,-10.1099,-34.3379,0.4338989,
2,53.942,2,8.907453,323.4406,-4.752819,0.5335778,6.23688,-10.1099,-34.3379,0.4338989,
2,53.952,2,8.906842,323.4514,-4.753394,0.5336789,6.23688,-10.1099,-34.3379,0.4338989,
2,53.962,2,8.906745,323.4156,-4.751643,0.5334882,6.23688,-10.1099,-34.3379,0.4338989,
2,53.972,2,8.905297,323.389,-4.747993,0.533165,6.23688,-10.1099,-34.3379,0.4338989,
2,53.982,2,8.905367,323.3876,-4.752271,0.5336413,6.23688,-10.1099,-34.3379,0.4338989,
2,53.992,2,8.905911,323.3993,-4.747189,0.533038,6.23688,-10.1099,-34.3379,0.4338989,
2,54.002,2,8.911047,323.3548,-4.743335,0.5322983,6.23688,-10.1099,-34.3379,0.4338989,
2,54.012,2,8.921551,323.3394,-4.741207,0.531433,6.23688,-10.1099,-34.3379,0.4338989,
2,54.022,2,8.931252,323.2743,-4.742223,0.5309696,6.23688,-10.1099,-34.3379,0.4338989,
2,54.032,2,8.940522,323.2927,-4.750949,0.531395,6.23688,-10.1099,-34.3379,0.4338989,
2,54.042,2,8.947926,323.2446,-4.749561,0.5308003,6.23688,-10.1099,-34.3379,0.4338989,
2,54.052,2,8.950393,323.2325,-4.752435,0.530975,6.23688,-10.1099,-34.3379,0.4338989,
2,54.062,2,8.951816,323.2245,-4.752909,0.5309436,6.23688,-10.1099,-34.3379,0.4338989,
2,54.072,2,8.948899,323.2007,-4.762583,0.5321976,6.23688,-10.1099,-34.3379,0.4338989,
2,54.082,2,8.948206,323.204,-4.761936,0.5321666,6.23688,-10.1099,-34.3379,0.4338989,
2,54.092,2,8.951152,323.1797,-4.759043,0.5316682,6.23688,-10.1099,-34.3379,0.4338989,
2,54.102,2,8.947685,323.1956,-4.759998,0.531981,6.23688,-10.1099,-34.3379,0.4338989,
2,54.112,2,8.949181,323.1797,-4.770113,0.5330223,6.23688,-10.1099,-34.3379,0.4338989,
2,54.122,2,8.948938,323.1799,-4.770612,0.5330926,6.23688,-10.1099,-34.3379,0.4338989,
2,54.132,2,8.947679,323.1806,-4.767908,0.5328653,6.23688,-10.1099,-34.3379,0.4338989,
2,54.142,2,8.949246,323.1586,-4.762162,0.5321299,6.23688,-10.1099,-34.3379,0.4338989,
2,54.152,2,8.947522,323.1428,-4.763986,0.5324363,6.23112,-10.1099,-34.3397,0.4356995,
2,54.162,2,8.948702,323.1476,-4.76529,0.5325119,6.23112,-10.1099,-34.3397,0.4356995,
2,54.172,2,8.949848,323.1467,-4.763076,0.5321963,6.23112,-10.1099,-34.3397,0.4356995,
2,54.182,2,8.947679,323.1396,-4.761223,0.5321182,6.23112,-10.1099,-34.3397,0.4356995,
2,54.192,2,8.945506,323.1362,-4.762285,0.5323662,6.23112,-10.1099,-34.3397,0.4356995,
2,54.202,2,8.947992,323.1223,-4.766401,0.5326783,6.23112,-10.1099,-34.3397,0.4356995,
2,54.212,2,8.945786,323.123,-4.763012,0.5324308,6.23112,-10.1099,-34.3397,0.4356995,
2,54.222,2,8.947709,323.1132,-4.755453,0.5314716,6.23112,-10.1099,-34.3397,0.4356995,
2,54.232,2,8.946679,323.0984,-4.755592,0.5315483,6.23112,-10.1099,-34.3397,0.4356995,
2,54.242,2,8.94531,323.0644,-4.761473,0.5322871,6.23112,-10.1099,-34.3397,0.4356995,
2,54.252,2,8.945307,323.0972,-4.757924,0.5318906,6.23112,-10.1099,-34.3397,0.4356995,
2,54.262,2,8.948658,323.0777,-4.755617,0.5314335,6.23112,-10.1099,-34.3397,0.4356995,
2,54.272,2,8.951275,323.0659,-4.755963,0.5313168,6.23112,-10.1099,-34.3397,0.4356995,
2,54.282,2,8.958046,322.9659,-4.768048,0.5322643,6.23112,-10.1099,-34.3397,0.4356995,
2,54.292,2,8.968443,322.998,-4.76912,0.5317668,6.23112,-10.1099,-34.3397,0.4356995,
2,54.302,2,8.981854,322.9678,-4.765064,0.5305212,6.23112,-10.1099,-34.3397,0.4356995,
2,54.312,2,8.987317,322.9494,-4.76886,0.5306211,6.23112,-10.1099,-34.3397,0.4356995,
2,54.322,2,8.989511,322.9525,-4.774168,0.5310822,6.23112,-10.1099,-34.3397,0.4356995,
2,54.332,2,8.990065,322.9352,-4.778027,0.5314786,6.23112,-10.1099,-34.3397,0.4356995,
2,54.342,2,8.990526,322.9247,-4.777918,0.5314392,6.23112,-10.1099,-34.3397,0.4356995,
2,54.352,2,8.988736,322.9201,-4.778904,0.5316547,6.23112,-10.1099,-34.3397,0.4356995,
2,54.362,2,8.989348,322.9139,-4.784031,0.5321889,6.23112,-10.1099,-34.3397,0.4356995,
2,54.372,2,8.988839,322.8911,-4.788131,0.5326751,6.23112,-10.1099,-34.3397,0.4356995,
2,54.382,2,8.989055,322.888,-4.783104,0.5321032,6.2246,-10.1099,-34.3415,0.4375,
2,54.392,2,8.990536,322.8996,-4.780679,0.5317457,6.2246,-10.1099,-34.3415,0.4375,
2,54.402,2,8.985999,322.9012,-4.786204,0.532629,6.2246,-10.1099,-34.3415,0.4375,
2,54.412,2,8.986942,322.8842,-4.786214,0.5325742,6.2246,-10.1099,-34.3415,0.4375,
2,54.422,2,8.988237,322.8659,-4.777307,0.5315065,6.2246,-10.1099,-34.3415,0.4375,
2,54.432,2,8.987494,322.8677,-4.771066,0.5308561,6.2246,-10.1099,-34.3415,0.4375,
2,54.442,2,8.988644,322.8527,-4.774012,0.5311159,6.2246,-10.1099,-34.3415,0.4375,
2,54.452,2,8.987773,322.8163,-4.775331,0.5313142,6.2246,-10.1099,-34.3415,0.4375,
2,54.462,2,8.987626,322.815,-4.774491,0.5312294,6.2246,-10.1099,-34.3415,0.4375,
2,54.472,2,8.987553,322.8212,-4.7753,0.5313237,6.2246,-10.1099,-34.3415,0.4375,
2,54.482,2,8.986042,322.8364,-4.777454,0.5316528,6.2246,-10.1099,-34.3415,0.4375,
2,54.492,2,8.986166,322.8042,-4.781175,0.5320595,6.2246,-10.1099,-34.3415,0.4375,
2,54.502,2,8.987023,322.8089,-4.782213,0.5321243,6.2246,-10.1099,-34.3415,0.4375,
2,54.512,2,8.992167,322.8021,-4.780115,0.5315865,6.2246,-10.1099,-34.3415,0.4375,
2,54.522,2,8.999949,322.7681,-4.78489,0.5316575,6.2246,-10.1099,-34.3415,0.4375,
2,54.532,2,9.009919,322.7206,-4.787121,0.5313168,6.2246,-10.1099,-34.3415,0.4375,
2,54.542,2,9.020909,322.6903,-4.790127,0.5310026,6.2246,-10.1099,-34.3415,0.4375,
2,54.552,2,9.02701,322.6871,-4.790942,0.5307341,6.2246,-10.1099,-34.3415,0.4375,
2,54.562,2,9.029751,322.6693,-4.795339,0.53106,6.2246,-10.1099,-34.3415,0.4375,
2,54.572,2,9.030983,322.6668,-4.795449,0.5309997,6.2246,-10.1099,-34.3415,0.4375,
2,54.582,2,9.028485,322.6268,-4.799202,0.5315623,6.2246,-10.1099,-34.3415,0.4375,
2,54.592,2,9.02739,322.6422,-4.796666,0.5313458,6.2246,-10.1099,-34.3415,0.4375,
2,54.602,2,9.028563,322.6333,-4.796361,0.531243,6.2246,-10.1099,-34.3415,0.4375,
2,54.612,2,9.027279,322.6559,-4.798516,0.5315573,6.2246,-10.1099,-34.3415,0.4375,
2,54.622,2,9.026479,322.6159,-4.795676,0.5312898,6.2246,-10.1099,-34.3415,0.4375,
2,54.632,2,9.027347,322.6117,-4.793229,0.5309676,6.2246,-10.1099,-34.3415,0.4375,
2,54.642,2,9.027122,322.602,-4.789825,0.5306038,6.2246,-10.1099,-34.3415,0.4375,
2,54.652,2,9.0275,322.5909,-4.792836,0.5309151,6.2246,-10.1099,-34.3415,0.4375,
2,54.662,2,9.026852,322.6025,-4.794629,0.5311519,6.2246,-10.1099,-34.3415,0.4375,
2,54.672,2,9.024398,322.5827,-4.79631,0.5314826,6.21885,-10.1099,-34.3433,0.4393005,
2,54.682,2,9.027075,322.5625,-4.795005,0.5311804,6.21885,-10.1099,-34.3433,0.4393005,
2,54.692,2,9.02711,322.5903,-4.797215,0.5314231,6.21885,-10.1099,-34.3433,0.4393005,
2,54.702,2,9.026009,322.5613,-4.801291,0.5319396,6.21885,-10.1099,-34.3433,0.4393005,
2,54.712,2,9.027064,322.5524,-4.800029,0.5317375,6.21885,-10.1099,-34.3433,0.4393005,
2,54.722,2,9.027331,322.5469,-4.801019,0.5318315,6.21885,-10.1099,-34.3433,0.4393005,
2,54.732,2,9.024735,322.5366,-4.806046,0.5325415,6.21885,-10.1099,-34.3433,0.4393005,
2,54.742,2,9.024769,322.5023,-4.807412,0.5326909,6.21885,-10.1099,-34.3433,0.4393005,
2,54.752,2,9.026936,322.5403,-4.809023,0.5327415,6.21885,-10.1099,-34.3433,0.4393005,
2,54.762,2,9.026048,322.5244,-4.806741,0.532541,6.21885,-10.1099,-34.3433,0.4393005,
2,54.772,2,9.02484,322.5262,-4.80684,0.5326233,6.21885,-10.1099,-34.3433,0.4393005,
2,54.782,2,9.024304,322.5527,-4.809352,0.5329333,6.21885,-10.1099,-34.3433,0.4393005,
2,54.792,2,9.025552,322.5196,-4.809907,0.5329211,6.21885,-10.1099,-34.3433,0.4393005,
2,54.802,2,9.029302,322.4972,-4.805573,0.5322197,6.21885,-10.1099,-34.3433,0.4393005,
2,54.812,2,9.041454,322.4657,-4.805597,0.5315071,6.21885,-10.1099,-34.3433,0.4393005,
2,54.822,2,9.050878,322.4326,-4.806772,0.5310836,6.21885,-10.1099,-34.3433,0.4393005,
2,54.832,2,9.064044,322.3943,-4.808256,0.5304758,6.21885,-10.1099,-34.3433,0.4393005,
2,54.842,2,9.070498,322.3837,-4.805692,0.5298156,6.21885,-10.1099,-34.3433,0.4393005,
2,54.852,2,9.072545,322.3705,-4.802739,0.5293706,6.21885,-10.1099,-34.3433,0.4393005,
2,54.862,2,9.072513,322.3647,-4.807335,0.5298791,6.21885,-10.1099,-34.3433,0.4393005,
2,54.872,2,9.07091,322.3495,-4.809276,0.5301868,6.21885,-10.1099,-34.3433,0.4393005,
2,54.882,2,9.071317,322.3452,-4.810356,0.530282,6.21885,-10.1099,-34.3433,0.4393005,
2,54.892,2,9.072971,322.3334,-4.813556,0.530538,6.21885,-10.1099,-34.3433,0.4393005,
2,54.902,2,9.071107,322.3276,-4.815126,0.5308201,6.21885,-10.1099,-34.3433,0.4393005,
2,54.912,2,9.070445,322.2972,-4.819532,0.5313447,6.21885,-10.1099,-34.3433,0.4393005,
2,54.922,2,9.070381,322.3071,-4.820438,0.5314482,6.21885,-10.1099,-34.3433,0.4393005,
2,54.932,2,9.070337,322.297,-4.816549,0.5310221,6.21195,-10.1099,-34.3452,0.4412003,
2,54.942,2,9.070002,322.3125,-4.821209,0.5315555,6.21195,-10.1099,-34.3452,0.4412003,
2,54.952,2,9.069351,322.2547,-4.82408,0.5319101,6.21195,-10.1099,-34.3452,0.4412003,
2,54.962,2,9.069437,322.287,-4.822818,0.531766,6.21195,-10.1099,-34.3452,0.4412003,
2,54.972,2,9.071153,322.2841,-4.822397,0.531619,6.21195,-10.1099,-34.3452,0.4412003,
2,54.982,2,9.068031,322.2806,-4.825408,0.5321341,6.21195,-10.1099,-34.3452,0.4412003,
2,54.992,2,9.067553,322.2375,-4.826746,0.5323097,6.21195,-10.1099,-34.3452,0.4412003,
2,55.002,2,9.067457,322.2621,-4.826652,0.5323049,6.21195,-10.1099,-34.3452,0.4412003,
2,55.012,2,9.066165,322.2551,-4.82209,0.5318776,6.21195,-10.1099,-34.3452,0.4412003,
2,55.022,2,9.069906,322.2506,-4.82134,0.5315754,6.21195,-10.1099,-34.3452,0.4412003,
2,55.032,2,9.066755,322.2098,-4.822485,0.5318865,6.21195,-10.1099,-34.3452,0.4412003,
2,55.042,2,9.067335,322.2334,-4.820736,0.5316597,6.21195,-10.1099,-34.3452,0.4412003,
2,55.052,2,9.071271,322.2372,-4.817084,0.5310264,6.21195,-10.1099,-34.3452,0.4412003,
2,55.062,2,9.076509,322.2146,-4.814912,0.5304806,6.21195,-10.1099,-34.3452,0.4412003,
2,55.072,2,9.087749,322.1487,-4.81833,0.5302005,6.21195,-10.1099,-34.3452,0.4412003,
2,55.082,2,9.097854,322.1393,-4.821067,0.5299125,6.21195,-10.1099,-34.3452,0.4412003,
2,55.092,2,9.108829,322.1067,-4.820661,0.5292294,6.21195,-10.1099,-34.3452,0.4412003,
2,55.102,2,9.112765,322.0901,-4.824707,0.5294449,6.21195,-10.1099,-34.3452,0.4412003,
2,55.112,2,9.114882,322.0726,-4.83092,0.5300035,6.21195,-10.1099,-34.3452,0.4412003,
2,55.122,2,9.11403,322.0339,-4.834467,0.5304423,6.21195,-10.1099,-34.3452,0.4412003,
2,55.132,2,9.111464,322.0468,-4.832493,0.5303751,6.21195,-10.1099,-34.3452,0.4412003,
2,55.142,2,9.113069,322.0452,-4.83499,0.5305556,6.21195,-10.1099,-34.3452,0.4412003,
2,55.152,2,9.112293,322.0436,-4.839705,0.5311183,6.21195,-10.1099,-34.3452,0.4412003,
2,55.162,2,9.111544,322.0229,-4.845791,0.5318299,6.21195,-10.1099,-34.3452,0.4412003,
2,55.172,2,9.111643,322.0292,-4.843219,0.5315418,6.21195,-10.1099,-34.3452,0.4412003,
2,55.182,2,9.111637,322.0204,-4.840688,0.5312644,6.21195,-10.1099,-34.3452,0.4412003,
2,55.192,2,9.109931,322.0177,-4.843397,0.5316612,6.21195,-10.1099,-34.3452,0.4412003,
2,55.202,2,9.11067,322.0334,-4.845946,0.5318978,6.21195,-10.1099,-34.3452,0.4412003,
2,55.212,2,9.111991,321.9906,-4.842424,0.5314342,6.21195,-10.1099,-34.3452,0.4412003,
2,55.222,2,9.110559,321.9793,-4.838469,0.5310836,6.20582,-10.1099,-34.347,0.4430008,
2,55.232,2,9.109939,321.982,-4.839614,0.5312455,6.20582,-10.1099,-34.347,0.4430008,
2,55.242,2,9.109291,322.0103,-4.839837,0.5313077,6.20582,-10.1099,-34.347,0.4430008,
2,55.252,2,9.107464,321.9774,-4.836822,0.5310833,6.20582,-10.1099,-34.347,0.4430008,
2,55.262,2,9.111102,321.9621,-4.831816,0.5303218,6.20582,-10.1099,-34.347,0.4430008,
2,55.272,2,9.109185,321.9607,-4.833324,0.5305989,6.20582,-10.1099,-34.347,0.4430008,
2,55.282,2,9.109695,321.9435,-4.835258,0.5307816,6.20582,-10.1099,-34.347,0.4430008,
2,55.292,2,9.108614,321.9483,-4.836282,0.5309569,6.20582,-10.1099,-34.347,0.4430008,
2,55.302,2,9.107111,321.932,-4.83358,0.5307478,6.20582,-10.1099,-34.347,0.4430008,
2,55.312,2,9.109499,321.9274,-4.836013,0.5308758,6.20582,-10.1099,-34.347,0.4430008,
2,55.322,2,9.105675,321.9048,-4.840852,0.5316302,6.20582,-10.1099,-34.347,0.4430008,
2,55.332,2,9.104952,321.9119,-4.842285,0.5318298,6.20582,-10.1099,-34.347,0.4430008,
2,55.342,2,9.11217,321.8944,-4.8409,0.5312566,6.20582,-10.1099,-34.347,0.4430008,
2,55.352,2,9.119942,321.8821,-4.840645,0.5307759,6.20582,-10.1099,-34.347,0.4430008,
2,55.362,2,9.130496,321.825,-4.846393,0.5307919,6.20582,-10.1099,-34.347,0.4430008,
2,55.372,2,9.144023,321.8006,-4.848486,0.5302356,6.20582,-10.1099,-34.347,0.4430008,
2,55.382,2,9.152337,321.7833,-4.849284,0.5298411,6.20582,-10.1099,-34.347,0.4430008,
2,55.392,2,9.15561,321.7636,-4.852524,0.5300056,6.20582,-10.1099,-34.347,0.4430008,
2,55.402,2,9.15797,321.7547,-4.859644,0.5306464,6.20582,-10.1099,-34.347,0.4430008,
2,55.412,2,9.157615,321.7357,-4.862405,0.5309685,6.20582,-10.1099,-34.347,0.4430008,
2,55.422,2,9.158249,321.7444,-4.859321,0.5305949,6.20582,-10.1099,-34.347,0.4430008,
2,55.432,2,9.155555,321.7473,-4.85796,0.5306025,6.20582,-10.1099,-34.347,0.4430008,
2,55.442,2,9.15724,321.7301,-4.857818,0.5304893,6.20582,-10.1099,-34.347,0.4430008,
2,55.452,2,9.156682,321.7286,-4.857463,0.5304829,6.20582,-10.1099,-34.347,0.4430008,
2,55.462,2,9.155498,321.7151,-4.852995,0.5300635,6.20582,-10.1099,-34.347,0.4430008,
2,55.472,2,9.156725,321.71,-4.849478,0.5296084,6.19968,-10.1099,-34.349,0.4449997,
2,55.482,2,9.155546,321.7023,-4.852054,0.5299578,6.19968,-10.1099,-34.349,0.4449997,
2,55.492,2,9.155255,321.6876,-4.8535,0.5301327,6.19968,-10.1099,-34.349,0.4449997,
2,55.502,2,9.15566,321.6819,-4.855582,0.5303367,6.19968,-10.1099,-34.349,0.4449997,
2,55.512,2,9.155063,321.6769,-4.854693,0.5302742,6.19968,-10.1099,-34.349,0.4449997,
2,55.522,2,9.154623,321.6581,-4.856583,0.530506,6.19968,-10.1099,-34.349,0.4449997,
2,55.532,2,9.154364,321.664,-4.861033,0.5310072,6.19968,-10.1099,-34.349,0.4449997,
2,55.542,2,9.15259,321.6567,-4.860561,0.5310585,6.19968,-10.1099,-34.349,0.4449997,
2,55.552,2,9.15561,321.6517,-4.859236,0.5307387,6.19968,-10.1099,-34.349,0.4449997,
2,55.562,2,9.155097,321.6396,-4.861799,0.5310483,6.19968,-10.1099,-34.349,0.4449997,
2,55.572,2,9.151985,321.6316,-4.866886,0.5317847,6.19968,-10.1099,-34.349,0.4449997,
2,55.582,2,9.1519,321.6369,-4.86752,0.531859,6.19968,-10.1099,-34.349,0.4449997,
2,55.592,2,9.154739,321.6241,-4.865765,0.5315022,6.19968,-10.1099,-34.349,0.4449997,
2,55.602,2,9.159311,321.5981,-4.865566,0.5312153,6.19968,-10.1099,-34.349,0.4449997,
2,55.612,2,9.169708,321.576,-4.86971,0.5310649,6.19968,-10.1099,-34.349,0.4449997,
2,55.622,2,9.180215,321.5277,-4.870034,0.5304924,6.19968,-10.1099,-34.349,0.4449997,
2,55.632,2,9.19315,321.524,-4.87148,0.5299033,6.19968,-10.1099,-34.349,0.4449997,
2,55.642,2,9.198696,321.4983,-4.870937,0.5295247,6.19968,-10.1099,-34.349,0.4449997,
2,55.652,2,9.198326,321.492,-4.871257,0.5295808,6.19968,-10.1099,-34.349,0.4449997,
2,55.662,2,9.202151,321.4605,-4.872376,0.5294822,6.19968,-10.1099,-34.349,0.4449997,
2,55.672,2,9.200186,321.4493,-4.871105,0.5294573,6.19968,-10.1099,-34.349,0.4449997,
2,55.682,2,9.198878,321.4489,-4.86833,0.5292308,6.19968,-10.1099,-34.349,0.4449997,
2,55.692,2,9.198593,321.4486,-4.870988,0.5295362,6.19968,-10.1099,-34.349,0.4449997,
2,55.702,2,9.199406,321.4084,-4.871754,0.5295727,6.19968,-10.1099,-34.349,0.4449997,
2,55.712,2,9.198586,321.4164,-4.873373,0.5297958,6.19968,-10.1099,-34.349,0.4449997,
2,55.722,2,9.197664,321.4075,-4.872859,0.529793,6.19968,-10.1099,-34.349,0.4449997,
2,55.732,2,9.198178,321.4008,-4.874772,0.5299715,6.19277,-10.1099,-34.3508,0.4468002,
2,55.742,2,9.198797,321.4099,-4.878458,0.5303366,6.19277,-10.1099,-34.3508,0.4468002,
2,55.752,2,9.196062,321.3949,-4.878859,0.5305378,6.19277,-10.1099,-34.3508,0.4468002,
2,55.762,2,9.195034,321.3837,-4.878268,0.5305329,6.19277,-10.1099,-34.3508,0.4468002,
2,55.772,2,9.198134,321.3635,-4.882923,0.5308602,6.19277,-10.1099,-34.3508,0.4468002,
2,55.782,2,9.197582,321.3399,-4.884657,0.5310805,6.19277,-10.1099,-34.3508,0.4468002,
2,55.792,2,9.194457,321.3629,-4.885651,0.5313691,6.19277,-10.1099,-34.3508,0.4468002,
2,55.802,2,9.195264,321.3618,-4.886818,0.5314495,6.19277,-10.1099,-34.3508,0.4468002,
2,55.812,2,9.198028,321.3536,-4.885554,0.5311523,6.19277,-10.1099,-34.3508,0.4468002,
2,55.822,2,9.19544,321.3539,-4.888586,0.5316315,6.19277,-10.1099,-34.3508,0.4468002,
2,55.832,2,9.197089,321.3242,-4.89125,0.5318259,6.19277,-10.1099,-34.3508,0.4468002,
2,55.842,2,9.203615,321.3148,-4.887507,0.5310421,6.19277,-10.1099,-34.3508,0.4468002,
2,55.852,2,9.211353,321.2992,-4.885368,0.5303637,6.19277,-10.1099,-34.3508,0.4468002,
2,55.862,2,9.224127,321.2465,-4.885045,0.5295942,6.19277,-10.1099,-34.3508,0.4468002,
2,55.872,2,9.234383,321.2137,-4.885641,0.5290707,6.19277,-10.1099,-34.3508,0.4468002,
2,55.882,2,9.243316,321.2023,-4.887513,0.5287619,6.19277,-10.1099,-34.3508,0.4468002,
2,55.892,2,9.243218,321.1891,-4.884462,0.5284374,6.19277,-10.1099,-34.3508,0.4468002,
2,55.902,2,9.245155,321.1761,-4.88967,0.52889,6.19277,-10.1099,-34.3508,0.4468002,
2,55.912,2,9.24376,321.1904,-4.891779,0.5291979,6.19277,-10.1099,-34.3508,0.4468002,
2,55.922,2,9.242664,321.1534,-4.891894,0.5292732,6.19277,-10.1099,-34.3508,0.4468002,
2,55.932,2,9.241668,321.15,-4.892873,0.5294362,6.19277,-10.1099,-34.3508,0.4468002,
2,55.942,2,9.243383,321.1378,-4.895231,0.529593,6.19277,-10.1099,-34.3508,0.4468002,
2,55.952,2,9.244333,321.1826,-4.899305,0.5299793,6.19277,-10.1099,-34.3508,0.4468002,
2,55.962,2,9.242429,321.1171,-4.899486,0.530108,6.19277,-10.1099,-34.3508,0.4468002,
2,55.972,2,9.243214,321.0961,-4.900249,0.5301456,6.18703,-10.1099,-34.3528,0.4487991,
2,55.982,2,9.242023,321.1267,-4.901907,0.5303933,6.18703,-10.1099,-34.3528,0.4487991,
2,55.992,2,9.243676,321.1173,-4.906396,0.5307841,6.18703,-10.1099,-34.3528,0.4487991,
2,56.002,2,9.241531,321.1055,-4.908497,0.5311346,6.18703,-10.1099,-34.3528,0.4487991,
2,56.012,2,9.24125,321.0881,-4.906059,0.5308869,6.18703,-10.1099,-34.3528,0.4487991,
2,56.022,2,9.242376,321.0863,-4.905622,0.5307749,6.18703,-10.1099,-34.3528,0.4487991,
2,56.032,2,9.242704,321.1035,-4.908759,0.5310956,6.18703,-10.1099,-34.3528,0.4487991,
2,56.042,2,9.241693,321.0845,-4.909137,0.5311946,6.18703,-10.1099,-34.3528,0.4487991,
2,56.052,2,9.242404,321.0768,-4.906105,0.5308256,6.18703,-10.1099,-34.3528,0.4487991,
2,56.062,2,9.240242,321.0635,-4.904235,0.5307475,6.18703,-10.1099,-34.3528,0.4487991,
2,56.072,2,9.241138,321.0507,-4.905405,0.5308225,6.18703,-10.1099,-34.3528,0.4487991,
2,56.082,2,9.240552,321.0546,-4.905226,0.5308369,6.18703,-10.1099,-34.3528,0.4487991,
2,56.092,2,9.246051,321.0515,-4.901699,0.5301397,6.18703,-10.1099,-34.3528,0.4487991,
2,56.102,2,9.24906,321.0226,-4.898186,0.5295875,6.18703,-10.1099,-34.3528,0.4487991,
2,56.112,2,9.261933,320.9795,-4.900081,0.529056,6.18703,-10.1099,-34.3528,0.4487991,
2,56.122,2,9.269819,320.9718,-4.903451,0.5289694,6.18703,-10.1099,-34.3528,0.4487991,
2,56.132,2,9.282939,320.9112,-4.90626,0.5285245,6.18703,-10.1099,-34.3528,0.4487991,
2,56.142,2,9.286765,320.9024,-4.907584,0.5284492,6.18703,-10.1099,-34.3528,0.4487991,
2,56.152,2,9.285872,320.886,-4.912351,0.5290134,6.18703,-10.1099,-34.3528,0.4487991,
2,56.162,2,9.288549,320.876,-4.915955,0.529249,6.18703,-10.1099,-34.3528,0.4487991,
2,56.172,2,9.287942,320.8772,-4.916892,0.5293844,6.18703,-10.1099,-34.3528,0.4487991,
2,56.182,2,9.286713,320.8659,-4.916397,0.5294012,6.18703,-10.1099,-34.3528,0.4487991,
2,56.192,2,9.287058,320.8578,-4.920232,0.5297945,6.18703,-10.1099,-34.3528,0.4487991,
2,56.202,2,9.286701,320.8469,-4.92394,0.5302141,6.18703,-10.1099,-34.3528,0.4487991,
2,56.212,2,9.2864,320.8551,-4.923473,0.530181,6.18087,-10.1099,-34.3546,0.4505997,
2,56.222,2,9.287811,320.833,-4.921444,0.529882,6.18087,-10.1099,-34.3546,0.4505997,
2,56.232,2,9.285484,320.8322,-4.923631,0.5302503,6.18087,-10.1099,-34.3546,0.4505997,
2,56.242,2,9.286144,320.8012,-4.927164,0.5305931,6.18087,-10.1099,-34.3546,0.4505997,
2,56.252,2,9.286348,320.832,-4.926714,0.530533,6.18087,-10.1099,-34.3546,0.4505997,
2,56.262,2,9.285073,320.8186,-4.923297,0.5302379,6.18087,-10.1099,-34.3546,0.4505997,
2,56.272,2,9.284507,320.8044,-4.919306,0.5298403,6.18087,-10.1099,-34.3546,0.4505997,
2,56.282,2,9.284998,320.7875,-4.921421,0.5300401,6.18087,-10.1099,-34.3546,0.4505997,
2,56.292,2,9.284382,320.7871,-4.920673,0.5299947,6.18087,-10.1099,-34.3546,0.4505997,
2,56.302,2,9.282771,320.7915,-4.918341,0.5298354,6.18087,-10.1099,-34.3546,0.4505997,
2,56.312,2,9.284297,320.7738,-4.919955,0.5299222,6.18087,-10.1099,-34.3546,0.4505997,
2,56.322,2,9.282899,320.7589,-4.919879,0.5299938,6.18087,-10.1099,-34.3546,0.4505997,
2,56.332,2,9.286912,320.7631,-4.920848,0.5298691,6.18087,-10.1099,-34.3546,0.4505997,
2,56.342,2,9.291902,320.7406,-4.915026,0.5289581,6.18087,-10.1099,-34.3546,0.4505997,
2,56.352,2,9.305276,320.6966,-4.917376,0.5284503,6.18087,-10.1099,-34.3546,0.4505997,
2,56.362,2,9.317079,320.6309,-4.922348,0.5283146,6.18087,-10.1099,-34.3546,0.4505997,
2,56.372,2,9.321803,320.6487,-4.929993,0.5288668,6.18087,-10.1099,-34.3546,0.4505997,
2,56.382,2,9.329147,320.6141,-4.927283,0.5281601,6.18087,-10.1099,-34.3546,0.4505997,
2,56.392,2,9.328623,320.5983,-4.930042,0.5284855,6.18087,-10.1099,-34.3546,0.4505997,
2,56.402,2,9.329941,320.6031,-4.93652,0.5291051,6.18087,-10.1099,-34.3546,0.4505997,
2,56.412,2,9.330374,320.6335,-4.941468,0.529611,6.18087,-10.1099,-34.3546,0.4505997,
2,56.422,2,9.329252,320.6008,-4.941376,0.5296648,6.18087,-10.1099,-34.3546,0.4505997,
2,56.432,2,9.329474,320.5572,-4.938207,0.5293124,6.18087,-10.1099,-34.3546,0.4505997,
2,56.442,2,9.330893,320.5626,-4.940549,0.529483,6.18087,-10.1099,-34.3546,0.4505997,
2,56.452,2,9.32843,320.5211,-4.942675,0.5298507,6.17588,-10.1099,-34.3565,0.4524994,
2,56.462,2,9.328785,320.5424,-4.940611,0.5296093,6.17588,-10.1099,-34.3565,0.4524994,
2,56.472,2,9.32655,320.5416,-4.936311,0.5292751,6.17588,-10.1099,-34.3565,0.4524994,
2,56.482,2,9.328177,320.5374,-4.93596,0.5291452,6.17588,-10.1099,-34.3565,0.4524994,
2,56.492,2,9.327253,320.532,-4.938869,0.5295095,6.17588,-10.1099,-34.3565,0.4524994,
2,56.502,2,9.326693,320.5389,-4.934912,0.529117,6.17588,-10.1099,-34.3565,0.4524994,
2,56.512,2,9.327676,320.5175,-4.93123,0.5286666,6.17588,-10.1099,-34.3565,0.4524994,
2,56.522,2,9.327131,320.5125,-4.92889,0.5284466,6.17588,-10.1099,-34.3565,0.4524994,
2,56.532,2,9.327462,320.4819,-4.933546,0.528927,6.17588,-10.1099,-34.3565,0.4524994,
2,56.542,2,9.328591,320.4977,-4.932952,0.5287992,6.17588,-10.1099,-34.3565,0.4524994,
2,56.552,2,9.329508,320.4862,-4.931457,0.528587,6.17588,-10.1099,-34.3565,0.4524994,
2,56.562,2,9.333327,320.4594,-4.933906,0.5286331,6.17588,-10.1099,-34.3565,0.4524994,
2,56.572,2,9.343487,320.441,-4.936374,0.5283225,6.17588,-10.1099,-34.3565,0.4524994,
2,56.582,2,9.355487,320.3974,-4.938556,0.527878,6.17588,-10.1099,-34.3565,0.4524994,
2,56.592,2,9.366606,320.3713,-4.939562,0.5273588,6.17588,-10.1099,-34.3565,0.4524994,
2,56.602,2,9.373298,320.3565,-4.942914,0.52734,6.17588,-10.1099,-34.3565,0.4524994,
2,56.612,2,9.373811,320.3449,-4.947252,0.5277739,6.17588,-10.1099,-34.3565,0.4524994,
2,56.622,2,9.374288,320.3488,-4.950636,0.5281079,6.17588,-10.1099,-34.3565,0.4524994,
2,56.632,2,9.373824,320.3161,-4.950216,0.5280893,6.17588,-10.1099,-34.3565,0.4524994,
2,56.642,2,9.372438,320.3119,-4.950279,0.528174,6.17588,-10.1099,-34.3565,0.4524994,
2,56.652,2,9.375048,320.3022,-4.954193,0.5284445,6.17588,-10.1099,-34.3565,0.4524994,
2,56.662,2,9.372626,320.3206,-4.955812,0.5287539,6.17588,-10.1099,-34.3565,0.4524994,
2,56.672,2,9.375183,320.2852,-4.954619,0.5284824,6.17588,-10.1099,-34.3565,0.4524994,
2,56.682,2,9.375839,320.2911,-4.950399,0.5279953,6.17588,-10.1099,-34.3565,0.4524994,
2,56.692,2,9.372211,320.2639,-4.951038,0.5282679,6.17588,-10.1099,-34.3565,0.4524994,
2,56.702,2,9.372848,320.2756,-4.951464,0.5282774,6.17588,-10.1099,-34.3565,0.4524994,
2,56.712,2,9.370604,320.2552,-4.945998,0.5278206,6.17588,-10.1099,-34.3565,0.4524994,
2,56.722,2,9.372125,320.2441,-4.943825,0.5275031,6.16975,-10.1099,-34.3583,0.4542999,
2,56.732,2,9.372533,320.2445,-4.943641,0.5274605,6.16975,-10.1099,-34.3583,0.4542999,
2,56.742,2,9.370554,320.2665,-4.945899,0.5278129,6.16975,-10.1099,-34.3583,0.4542999,
2,56.752,2,9.37006,320.2191,-4.947175,0.5279769,6.16975,-10.1099,-34.3583,0.4542999,
2,56.762,2,9.369884,320.2221,-4.945654,0.5278244,6.16975,-10.1099,-34.3583,0.4542999,
2,56.772,2,9.370724,320.2184,-4.945491,0.5277597,6.16975,-10.1099,-34.3583,0.4542999,
2,56.782,2,9.369026,320.2117,-4.949572,0.5282909,6.16975,-10.1099,-34.3583,0.4542999,
2,56.792,2,9.367851,320.2155,-4.95085,0.5284937,6.16975,-10.1099,-34.3583,0.4542999,
2,56.802,2,9.367496,320.1865,-4.95059,0.528486,6.16975,-10.1099,-34.3583,0.4542999,
2,56.812,2,9.366945,320.1848,-4.954249,0.5289077,6.16975,-10.1099,-34.3583,0.4542999,
2,56.822,2,9.366021,320.1639,-4.958271,0.5293892,6.16975,-10.1099,-34.3583,0.4542999,
2,56.832,2,9.373018,320.16,-4.958012,0.5289664,6.16975,-10.1099,-34.3583,0.4542999,
2,56.842,2,9.381784,320.1227,-4.954958,0.5281466,6.16975,-10.1099,-34.3583,0.4542999,
2,56.852,2,9.393436,320.0944,-4.956395,0.5276445,6.16975,-10.1099,-34.3583,0.4542999,
2,56.862,2,9.405618,320.0578,-4.96119,0.5274709,6.16975,-10.1099,-34.3583,0.4542999,
2,56.872,2,9.412403,320.0428,-4.962449,0.5272244,6.16975,-10.1099,-34.3583,0.4542999,
2,56.882,2,9.41747,320.0498,-4.962614,0.5269583,6.16975,-10.1099,-34.3583,0.4542999,
2,56.892,2,9.414558,320.0106,-4.962022,0.5270584,6.16975,-10.1099,-34.3583,0.4542999,
2,56.902,2,9.415089,320.0254,-4.966047,0.5274562,6.16975,-10.1099,-34.3583,0.4542999,
2,56.912,2,9.414829,319.9695,-4.964879,0.5273466,6.16975,-10.1099,-34.3583,0.4542999,
2,56.922,2,9.412945,319.9947,-4.966931,0.5276703,6.16975,-10.1099,-34.3583,0.4542999,
2,56.932,2,9.41237,319.9871,-4.961235,0.5270973,6.16975,-10.1099,-34.3583,0.4542999,
2,56.942,2,9.414086,319.9808,-4.962605,0.5271467,6.16975,-10.1099,-34.3583,0.4542999,
2,56.952,2,9.409678,319.9663,-4.964906,0.5276383,6.16975,-10.1099,-34.3583,0.4542999,
2,56.962,2,9.413371,319.9533,-4.964062,0.5273415,6.16975,-10.1099,-34.3583,0.4542999,
2,56.972,2,9.414493,319.9571,-4.96678,0.5275675,6.16975,-10.1099,-34.3583,0.4542999,
2,56.982,2,9.411289,319.9434,-4.96803,0.5278798,6.16975,-10.1099,-34.3583,0.4542999,
2,56.992,2,9.410671,319.9358,-4.973063,0.5284494,6.16323,-10.1099,-34.3602,0.4561996,
2,57.002,2,9.410921,319.9344,-4.974755,0.5286151,6.16323,-10.1099,-34.3602,0.4561996,
2,57.012,2,9.411631,319.9214,-4.973084,0.5283977,6.16323,-10.1099,-34.3602,0.4561996,
2,57.022,2,9.409793,319.9161,-4.976372,0.5288504,6.16323,-10.1099,-34.3602,0.4561996,
2,57.032,2,9.412274,319.9141,-4.977243,0.5288034,6.16323,-10.1099,-34.3602,0.4561996,
2,57.042,2,9.409166,319.9221,-4.979479,0.5292158,6.16323,-10.1099,-34.3602,0.4561996,
2,57.052,2,9.409564,319.9042,-4.979167,0.5291602,6.16323,-10.1099,-34.3602,0.4561996,
2,57.062,2,9.409644,319.8947,-4.978681,0.5291041,6.16323,-10.1099,-34.3602,0.4561996,
2,57.072,2,9.409432,319.9182,-4.982039,0.5294728,6.16323,-10.1099,-34.3602,0.4561996,
2,57.082,2,9.40788,319.9007,-4.985584,0.5299371,6.16323,-10.1099,-34.3602,0.4561996,
2,57.092,2,9.408813,319.8849,-4.981331,0.5294324,6.16323,-10.1099,-34.3602,0.4561996,
2,57.102,2,9.408279,319.8758,-4.980346,0.5293577,6.16323,-10.1099,-34.3602,0.4561996,
2,57.112,2,9.410811,319.8617,-4.980431,0.5292243,6.16323,-10.1099,-34.3602,0.4561996,
2,57.122,2,9.416332,319.8611,-4.977971,0.5286528,6.16323,-10.1099,-34.3602,0.4561996,
2,57.132,2,9.424912,319.8296,-4.976388,0.5280036,6.16323,-10.1099,-34.3602,0.4561996,
2,57.142,2,9.438141,319.792,-4.974741,0.5270891,6.16323,-10.1099,-34.3602,0.4561996,
2,57.152,2,9.450175,319.7593,-4.978014,0.5267643,6.16323,-10.1099,-34.3602,0.4561996,
2,57.162,2,9.451372,319.7439,-4.980716,0.5269833,6.16323,-10.1099,-34.3602,0.4561996,
2,57.172,2,9.45591,319.7162,-4.983501,0.527025,6.16323,-10.1099,-34.3602,0.4561996,
2,57.182,2,9.455732,319.7107,-4.985399,0.5272356,6.16323,-10.1099,-34.3602,0.4561996,
2,57.192,2,9.454948,319.6828,-4.987738,0.5275267,6.16323,-10.1099,-34.3602,0.4561996,
2,57.202,2,9.455816,319.6776,-4.990597,0.5277807,6.16323,-10.1099,-34.3602,0.4561996,
2,57.212,2,9.454437,319.6789,-4.993093,0.5281217,6.16323,-10.1099,-34.3602,0.4561996,
2,57.222,2,9.453754,319.6757,-4.995425,0.5284064,6.16323,-10.1099,-34.3602,0.4561996,
2,57.232,2,9.455822,319.6746,-4.997178,0.5284763,6.16323,-10.1099,-34.3602,0.4561996,
2,57.242,2,9.454316,319.6724,-5.000227,0.528883,6.16323,-10.1099,-34.3602,0.4561996,
2,57.252,2,9.455818,319.6587,-5.003298,0.5291237,6.16323,-10.1099,-34.3602,0.4561996,
2,57.262,2,9.452363,319.6536,-5.002498,0.5292326,6.16323,-10.1099,-34.3602,0.4561996,
2,57.272,2,9.454872,319.646,-5.00037,0.5288669,6.16323,-10.1099,-34.3602,0.4561996,
2,57.282,2,9.451594,319.62,-5.003085,0.5293377,6.15632,-10.1099,-34.362,0.4580002,
2,57.292,2,9.451687,319.633,-5.002281,0.5292475,6.15632,-10.1099,-34.362,0.4580002,
2,57.302,2,9.453091,319.6182,-4.998648,0.5287845,6.15632,-10.1099,-34.362,0.4580002,
2,57.312,2,9.450815,319.6183,-4.997515,0.5287919,6.15632,-10.1099,-34.362,0.4580002,
2,57.322,2,9.452044,319.6115,-4.997068,0.528676,6.15632,-10.1099,-34.362,0.4580002,
2,57.332,2,9.453045,319.5897,-4.997469,0.5286623,6.15632,-10.1099,-34.362,0.4580002,
2,57.342,2,9.45125,319.5949,-4.99454,0.5284528,6.15632,-10.1099,-34.362,0.4580002,
2,57.352,2,9.451815,319.5837,-4.990828,0.5280285,6.15632,-10.1099,-34.362,0.4580002,
2,57.362,2,9.451876,319.5706,-4.990889,0.5280316,6.15632,-10.1099,-34.362,0.4580002,
2,57.372,2,9.452275,319.6077,-4.994272,0.5283672,6.15632,-10.1099,-34.362,0.4580002,
2,57.382,2,9.45181,319.5659,-4.993523,0.5283139,6.15632,-10.1099,-34.362,0.4580002,
2,57.392,2,9.45564,319.5512,-4.993708,0.5281196,6.15632,-10.1099,-34.362,0.4580002,
2,57.402,2,9.464851,319.5248,-4.997458,0.5280018,6.15632,-10.1099,-34.362,0.4580002,
2,57.412,2,9.476074,319.4624,-5.001577,0.5278111,6.15632,-10.1099,-34.362,0.4580002,
2,57.422,2,9.486938,319.4492,-5.003726,0.5274332,6.15632,-10.1099,-34.362,0.4580002,
2,57.432,2,9.496625,319.4241,-5.004461,0.5269726,6.15632,-10.1099,-34.362,0.4580002,
2,57.442,2,9.500194,319.4222,-5.005951,0.5269315,6.15632,-10.1099,-34.362,0.4580002,
2,57.452,2,9.500215,319.4384,-5.011362,0.5274999,6.15632,-10.1099,-34.362,0.4580002,
2,57.462,2,9.499189,319.397,-5.014051,0.5278399,6.15632,-10.1099,-34.362,0.4580002,
2,57.472,2,9.501115,319.388,-5.01298,0.5276202,6.15632,-10.1099,-34.362,0.4580002,
2,57.482,2,9.500807,319.3788,-5.016121,0.5279679,6.15632,-10.1099,-34.362,0.4580002,
2,57.492,2,9.499695,319.3851,-5.020208,0.52846,6.15632,-10.1099,-34.362,0.4580002,
2,57.502,2,9.502581,319.3429,-5.019423,0.5282169,6.1498,-10.1099,-34.364,0.4599991,
2,57.512,2,9.499256,319.3672,-5.016661,0.5281109,6.1498,-10.1099,-34.364,0.4599991,
2,57.522,2,9.499494,319.3482,-5.013841,0.5278009,6.1498,-10.1099,-34.364,0.4599991,
2,57.532,2,9.50002,319.3458,-5.01484,0.5278768,6.1498,-10.1099,-34.364,0.4599991,
2,57.542,2,9.499186,319.3371,-5.015009,0.5279409,6.1498,-10.1099,-34.364,0.4599991,
2,57.552,2,9.499568,319.3265,-5.010394,0.5274339,6.1498,-10.1099,-34.364,0.4599991,
2,57.562,2,9.499707,319.3277,-5.007908,0.5271645,6.1498,-10.1099,-34.364,0.4599991,
2,57.572,2,9.499603,319.3064,-5.009551,0.5273432,6.1498,-10.1099,-34.364,0.4599991,
2,57.582,2,9.498142,319.3056,-5.01153,0.5276327,6.1498,-10.1099,-34.364,0.4599991,
2,57.592,2,9.498801,319.3074,-5.012484,0.5276965,6.1498,-10.1099,-34.364,0.4599991,
2,57.602,2,9.497576,319.2972,-5.011043,0.5276129,6.1498,-10.1099,-34.364,0.4599991,
2,57.612,2,9.499959,319.2863,-5.01318,0.5277054,6.1498,-10.1099,-34.364,0.4599991,
2,57.622,2,9.505771,319.2317,-5.015809,0.5276594,6.1498,-10.1099,-34.364,0.4599991,
2,57.632,2,9.520199,319.2126,-5.016357,0.5269172,6.1498,-10.1099,-34.364,0.4599991,
2,57.642,2,9.53036,319.1859,-5.017786,0.5265054,6.1498,-10.1099,-34.364,0.4599991,
2,57.652,2,9.53894,319.1605,-5.026393,0.5269341,6.1498,-10.1099,-34.364,0.4599991,
2,57.662,2,9.543257,319.1809,-5.031541,0.5272352,6.1498,-10.1099,-34.364,0.4599991,
2,57.672,2,9.543025,319.1478,-5.036342,0.5277511,6.1498,-10.1099,-34.364,0.4599991,
2,57.682,2,9.544144,319.1335,-5.033757,0.5274184,6.1498,-10.1099,-34.364,0.4599991,
2,57.692,2,9.542804,319.1346,-5.038523,0.5279919,6.1498,-10.1099,-34.364,0.4599991,
2,57.702,2,9.543547,319.0643,-5.041207,0.528232,6.1498,-10.1099,-34.364,0.4599991,
2,57.712,2,9.54217,319.1069,-5.041943,0.5283853,6.1498,-10.1099,-34.364,0.4599991,
2,57.722,2,9.541858,319.102,-5.036857,0.5278696,6.1498,-10.1099,-34.364,0.4599991,
2,57.732,2,9.543549,319.1072,-5.034948,0.5275761,6.1498,-10.1099,-34.364,0.4599991,
2,57.742,2,9.541663,319.098,-5.033223,0.5274996,6.14442,-10.1099,-34.3658,0.4617996,
2,57.752,2,9.541451,319.0827,-5.03175,0.5273569,6.14442,-10.1099,-34.3658,0.4617996,
2,57.762,2,9.543369,319.0787,-5.027262,0.5267806,6.14442,-10.1099,-34.3658,0.4617996,
2,57.772,2,9.54167,319.0714,-5.026288,0.5267724,6.14442,-10.1099,-34.3658,0.4617996,
2,57.782,2,9.540309,319.0518,-5.035202,0.5277818,6.14442,-10.1099,-34.3658,0.4617996,
2,57.792,2,9.540791,319.0029,-5.035215,0.5277566,6.14442,-10.1099,-34.3658,0.4617996,
2,57.802,2,9.539598,319.0565,-5.03469,0.5277675,6.14442,-10.1099,-34.3658,0.4617996,
2,57.812,2,9.540164,319.0211,-5.034571,0.5277237,6.14442,-10.1099,-34.3658,0.4617996,
2,57.822,2,9.539193,319.062,-5.033645,0.5276803,6.14442,-10.1099,-34.3658,0.4617996,
2,57.832,2,9.537029,319.0151,-5.038229,0.5282808,6.14442,-10.1099,-34.3658,0.4617996,
2,57.842,2,9.539345,319.0122,-5.038996,0.5282329,6.14442,-10.1099,-34.3658,0.4617996,
2,57.852,2,9.539097,319.0089,-5.036409,0.5279755,6.14442,-10.1099,-34.3658,0.4617996,
2,57.862,2,9.537653,318.998,-5.046666,0.5291308,6.14442,-10.1099,-34.3658,0.4617996,
2,57.872,2,9.543163,319.011,-5.045237,0.5286755,6.14442,-10.1099,-34.3658,0.4617996,
2,57.882,2,9.550878,318.953,-5.047382,0.5284731,6.14442,-10.1099,-34.3658,0.4617996,
2,57.892,2,9.564049,318.9179,-5.046583,0.5276618,6.14442,-10.1099,-34.3658,0.4617996,
2,57.902,2,9.573802,318.8852,-5.051466,0.5276343,6.14442,-10.1099,-34.3658,0.4617996,
2,57.912,2,9.585012,318.9006,-5.050408,0.5269068,6.14442,-10.1099,-34.3658,0.4617996,
2,57.922,2,9.589531,318.8525,-5.052014,0.526826,6.14442,-10.1099,-34.3658,0.4617996,
2,57.932,2,9.58478,318.843,-5.051512,0.5270348,6.14442,-10.1099,-34.3658,0.4617996,
2,57.942,2,9.586955,318.8307,-5.051133,0.5268757,6.14442,-10.1099,-34.3658,0.4617996,
2,57.952,2,9.587341,318.8291,-5.052882,0.5270368,6.14442,-10.1099,-34.3658,0.4617996,
2,57.962,2,9.585442,318.8156,-5.049618,0.5268008,6.14442,-10.1099,-34.3658,0.4617996,
2,57.972,2,9.585332,318.8053,-5.048425,0.5266823,6.14442,-10.1099,-34.3658,0.4617996,
2,57.982,2,9.582291,318.7888,-5.04809,0.5268146,6.14442,-10.1099,-34.3658,0.4617996,
2,57.992,2,9.585683,318.7922,-5.048951,0.5267179,6.14442,-10.1099,-34.3658,0.4617996,
2,58.002,2,9.584898,318.7795,-5.051254,0.5270014,6.14442,-10.1099,-34.3658,0.4617996,
2,58.012,2,9.584298,318.7675,-5.050684,0.5269749,6.14442,-10.1099,-34.3658,0.4617996,
2,58.022,2,9.584661,318.7527,-5.052638,0.5271587,6.1383,-10.1099,-34.3677,0.4636993,
2,58.032,2,9.583622,318.7849,-5.054756,0.5274369,6.1383,-10.1099,-34.3677,0.4636993,
2,58.042,2,9.583657,318.7531,-5.060081,0.5279906,6.1383,-10.1099,-34.3677,0.4636993,
2,58.052,2,9.584476,318.7414,-5.057723,0.5276995,6.1383,-10.1099,-34.3677,0.4636993,
2,58.062,2,9.583888,318.7397,-5.057183,0.5276755,6.1383,-10.1099,-34.3677,0.4636993,
2,58.072,2,9.58247,318.7202,-5.060199,0.5280683,6.1383,-10.1099,-34.3677,0.4636993,
2,58.082,2,9.583566,318.7086,-5.066027,0.5286161,6.1383,-10.1099,-34.3677,0.4636993,
2,58.092,2,9.580757,318.7292,-5.066762,0.5288478,6.1383,-10.1099,-34.3677,0.4636993,
2,58.102,2,9.580832,318.6993,-5.063421,0.5284949,6.1383,-10.1099,-34.3677,0.4636993,
2,58.112,2,9.581468,318.7068,-5.063059,0.5284221,6.1383,-10.1099,-34.3677,0.4636993,
2,58.122,2,9.582499,318.744,-5.064997,0.5285674,6.1383,-10.1099,-34.3677,0.4636993,
2,58.132,2,9.589146,318.6875,-5.063121,0.5280054,6.1383,-10.1099,-34.3677,0.4636993,
2,58.142,2,9.602324,318.64,-5.057641,0.5267101,6.1383,-10.1099,-34.3677,0.4636993,
2,58.152,2,9.608116,318.5996,-5.062462,0.5268944,6.1383,-10.1099,-34.3677,0.4636993,
2,58.162,2,9.623395,318.5708,-5.065667,0.5263908,6.1383,-10.1099,-34.3677,0.4636993,
2,58.172,2,9.627429,318.5636,-5.064178,0.5260156,6.1383,-10.1099,-34.3677,0.4636993,
2,58.182,2,9.630263,318.5528,-5.062337,0.5256697,6.1383,-10.1099,-34.3677,0.4636993,
2,58.192,2,9.630624,318.5398,-5.063029,0.5257218,6.1383,-10.1099,-34.3677,0.4636993,
2,58.202,2,9.628949,318.5585,-5.065586,0.5260788,6.1383,-10.1099,-34.3677,0.4636993,
2,58.212,2,9.630913,318.5191,-5.067393,0.5261592,6.1383,-10.1099,-34.3677,0.4636993,
2,58.222,2,9.627649,318.5182,-5.069487,0.526555,6.1383,-10.1099,-34.3677,0.4636993,
2,58.232,2,9.629619,318.5098,-5.073344,0.5268478,6.1383,-10.1099,-34.3677,0.4636993,
2,58.242,2,9.63025,318.5008,-5.073029,0.5267805,6.1383,-10.1099,-34.3677,0.4636993,
2,58.252,2,9.629429,318.4669,-5.076664,0.527203,6.1383,-10.1099,-34.3677,0.4636993,
2,58.262,2,9.628285,318.4916,-5.074721,0.5270638,6.13215,-10.1099,-34.3696,0.4655991,
2,58.272,2,9.631159,318.4753,-5.076917,0.5271345,6.13215,-10.1099,-34.3696,0.4655991,
2,58.282,2,9.627765,318.4581,-5.082047,0.5278533,6.13215,-10.1099,-34.3696,0.4655991,
2,58.292,2,9.627657,318.465,-5.085256,0.5281925,6.13215,-10.1099,-34.3696,0.4655991,
2,58.302,2,9.626141,318.4619,-5.085136,0.5282632,6.13215,-10.1099,-34.3696,0.4655991,
2,58.312,2,9.627135,318.4532,-5.083501,0.5280389,6.13215,-10.1099,-34.3696,0.4655991,
2,58.322,2,9.624254,318.4501,-5.081965,0.5280373,6.13215,-10.1099,-34.3696,0.4655991,
2,58.332,2,9.626732,318.4272,-5.0896,0.5286945,6.13215,-10.1099,-34.3696,0.4655991,
2,58.342,2,9.627902,318.4425,-5.082407,0.5278831,6.13215,-10.1099,-34.3696,0.4655991,
2,58.352,2,9.623264,318.4247,-5.08355,0.5282564,6.13215,-10.1099,-34.3696,0.4655991,
2,58.362,2,9.630406,318.4253,-5.079451,0.5274389,6.13215,-10.1099,-34.3696,0.4655991,
2,58.372,2,9.633781,318.3849,-5.076117,0.526908,6.13215,-10.1099,-34.3696,0.4655991,
2,58.382,2,9.643939,318.3648,-5.073906,0.5261239,6.13215,-10.1099,-34.3696,0.4655991,
2,58.392,2,9.655315,318.3299,-5.074098,0.5255238,6.13215,-10.1099,-34.3696,0.4655991,
2,58.402,2,9.665098,318.2972,-5.075459,0.5251327,6.13215,-10.1099,-34.3696,0.4655991,
2,58.412,2,9.670336,318.262,-5.081037,0.525425,6.13215,-10.1099,-34.3696,0.4655991,
2,58.422,2,9.671651,318.2748,-5.086693,0.5259385,6.13215,-10.1099,-34.3696,0.4655991,
2,58.432,2,9.671466,318.2482,-5.083576,0.5256262,6.13215,-10.1099,-34.3696,0.4655991,
2,58.442,2,9.672167,318.2456,-5.084428,0.5256763,6.13215,-10.1099,-34.3696,0.4655991,
2,58.452,2,9.671742,318.1721,-5.093381,0.526625,6.13215,-10.1099,-34.3696,0.4655991,
2,58.462,2,9.671771,318.2238,-5.095845,0.5268781,6.13215,-10.1099,-34.3696,0.4655991,
2,58.472,2,9.671282,318.2194,-5.094414,0.5267569,6.13215,-10.1099,-34.3696,0.4655991,
2,58.482,2,9.670439,318.2161,-5.093454,0.5267035,6.1264,-10.1099,-34.3714,0.4673996,
2,58.492,2,9.674357,318.2208,-5.099853,0.5271516,6.1264,-10.1099,-34.3714,0.4673996,
2,58.502,2,9.666742,318.1927,-5.099397,0.5275197,6.1264,-10.1099,-34.3714,0.4673996,
2,58.512,2,9.668516,318.1904,-5.102201,0.527713,6.1264,-10.1099,-34.3714,0.4673996,
2,58.522,2,9.67147,318.1871,-5.099931,0.527317,6.1264,-10.1099,-34.3714,0.4673996,
2,58.532,2,9.667387,318.1977,-5.101113,0.527662,6.1264,-10.1099,-34.3714,0.4673996,
2,58.542,2,9.668882,318.1739,-5.104582,0.5279392,6.1264,-10.1099,-34.3714,0.4673996,
2,58.552,2,9.668564,318.1617,-5.100487,0.5275331,6.1264,-10.1099,-34.3714,0.4673996,
2,58.562,2,9.668756,318.1565,-5.099676,0.5274387,6.1264,-10.1099,-34.3714,0.4673996,
2,58.572,2,9.669115,318.1641,-5.101898,0.5276489,6.1264,-10.1099,-34.3714,0.4673996,
2,58.582,2,9.666604,318.1721,-5.096306,0.5272075,6.1264,-10.1099,-34.3714,0.4673996,
2,58.592,2,9.675594,318.127,-5.089493,0.5260135,6.1264,-10.1099,-34.3714,0.4673996,
2,58.602,2,9.683024,318.0938,-5.092871,0.5259587,6.1264,-10.1099,-34.3714,0.4673996,
2,58.612,2,9.69491,318.0562,-5.091481,0.5251706,6.1264,-10.1099,-34.3714,0.4673996,
2,58.622,2,9.705791,318.0328,-5.092125,0.5246481,6.1264,-10.1099,-34.3714,0.4673996,
2,58.632,2,9.711901,318.0067,-5.095372,0.5246524,6.1264,-10.1099,-34.3714,0.4673996,
2,58.642,2,9.715073,317.9878,-5.094975,0.5244403,6.1264,-10.1099,-34.3714,0.4673996,
2,58.652,2,9.71421,317.9818,-5.101543,0.5251629,6.1264,-10.1099,-34.3714,0.4673996,
2,58.662,2,9.714034,317.9624,-5.104873,0.5255153,6.1264,-10.1099,-34.3714,0.4673996,
2,58.672,2,9.715103,317.9611,-5.106338,0.5256082,6.1264,-10.1099,-34.3714,0.4673996,
2,58.682,2,9.716266,317.952,-5.10939,0.5258595,6.1264,-10.1099,-34.3714,0.4673996,
2,58.692,2,9.712386,317.963,-5.108576,0.5259857,6.1264,-10.1099,-34.3714,0.4673996,
2,58.702,2,9.711244,317.9417,-5.112763,0.5264788,6.1218,-10.1099,-34.3731,0.469101,
2,58.712,2,9.713612,317.9139,-5.112487,0.5263219,6.1218,-10.1099,-34.3731,0.469101,
2,58.722,2,9.709338,317.9353,-5.109916,0.5262888,6.1218,-10.1099,-34.3731,0.469101,
2,58.732,2,9.711405,317.9105,-5.112849,0.5264788,6.1218,-10.1099,-34.3731,0.469101,
2,58.742,2,9.713011,317.9102,-5.119046,0.5270298,6.1218,-10.1099,-34.3731,0.469101,
2,58.752,2,9.711428,317.9113,-5.116815,0.5268859,6.1218,-10.1099,-34.3731,0.469101,
2,58.762,2,9.71068,317.8923,-5.114336,0.5266713,6.1218,-10.1099,-34.3731,0.469101,
2,58.772,2,9.711432,317.9033,-5.107822,0.5259598,6.1218,-10.1099,-34.3731,0.469101,
2,58.782,2,9.710076,317.9056,-5.113631,0.5266314,6.1218,-10.1099,-34.3731,0.469101,
2,58.792,2,9.709555,317.8957,-5.118605,0.527172,6.1218,-10.1099,-34.3731,0.469101,
2,58.802,2,9.718374,317.8651,-5.107482,0.5255491,6.1218,-10.1099,-34.3731,0.469101,
2,58.812,2,9.727077,317.8295,-5.109303,0.525266,6.1218,-10.1099,-34.3731,0.469101,
2,58.822,2,9.736882,317.7976,-5.111982,0.5250122,6.1218,-10.1099,-34.3731,0.469101,
2,58.832,2,9.746673,317.7609,-5.11623,0.5249206,6.1218,-10.1099,-34.3731,0.469101,
2,58.842,2,9.752185,317.7424,-5.117364,0.5247403,6.1218,-10.1099,-34.3731,0.469101,
2,58.852,2,9.755655,317.7315,-5.114868,0.5242978,6.1218,-10.1099,-34.3731,0.469101,
2,58.862,2,9.755191,317.7501,-5.11687,0.5245279,6.1218,-10.1099,-34.3731,0.469101,
2,58.872,2,9.753278,317.7021,-5.121158,0.5250705,6.1218,-10.1099,-34.3731,0.469101,
2,58.882,2,9.752691,317.7091,-5.127072,0.5257084,6.1218,-10.1099,-34.3731,0.469101,
2,58.892,2,9.755269,317.6866,-5.122277,0.5250779,6.1218,-10.1099,-34.3731,0.469101,
2,58.902,2,9.752938,317.6799,-5.124962,0.5254788,6.1218,-10.1099,-34.3731,0.469101,
2,58.912,2,9.750724,317.6746,-5.132693,0.526391,6.1218,-10.1099,-34.3731,0.469101,
2,58.922,2,9.750088,317.6795,-5.138083,0.5269781,6.1218,-10.1099,-34.3731,0.469101,
2,58.932,2,9.752054,317.6762,-5.129772,0.5260196,6.1218,-10.1099,-34.3731,0.469101,
2,58.942,2,9.748832,317.6705,-5.136177,0.5268505,6.11605,-10.1099,-34.3748,0.4708023,
2,58.952,2,9.748072,317.6783,-5.139237,0.5272055,6.11605,-10.1099,-34.3748,0.4708023,
2,58.962,2,9.748903,317.6434,-5.137465,0.5269787,6.11605,-10.1099,-34.3748,0.4708023,
2,58.972,2,9.749205,317.6448,-5.133852,0.5265919,6.11605,-10.1099,-34.3748,0.4708023,
2,58.982,2,9.75024,317.6396,-5.129195,0.5260583,6.11605,-10.1099,-34.3748,0.4708023,
2,58.992,2,9.750526,317.6299,-5.125243,0.5256376,6.11605,-10.1099,-34.3748,0.4708023,
2,59.002,2,9.746485,317.6251,-5.126209,0.5259547,6.11605,-10.1099,-34.3748,0.4708023,
2,59.012,2,9.74913,317.6182,-5.120522,0.5252286,6.11605,-10.1099,-34.3748,0.4708023,
2,59.022,2,9.750905,317.5993,-5.118234,0.5248984,6.11605,-10.1099,-34.3748,0.4708023,
2,59.032,2,9.750406,317.5945,-5.120853,0.5251938,6.11605,-10.1099,-34.3748,0.4708023,
2,59.042,2,9.755675,317.5556,-5.123374,0.5251686,6.11605,-10.1099,-34.3748,0.4708023,
2,59.052,2,9.7689,317.5211,-5.123712,0.5244922,6.11605,-10.1099,-34.3748,0.4708023,
2,59.062,2,9.776701,317.4938,-5.129612,0.5246772,6.11605,-10.1099,-34.3748,0.4708023,
2,59.072,2,9.78509,317.482,-5.137443,0.5250276,6.11605,-10.1099,-34.3748,0.4708023,
2,59.082,2,9.79286,317.4628,-5.135057,0.5243675,6.11605,-10.1099,-34.3748,0.4708023,
2,59.092,2,9.796255,317.4384,-5.134303,0.5241088,6.11605,-10.1099,-34.3748,0.4708023,
2,59.102,2,9.794659,317.4243,-5.136495,0.5244179,6.11605,-10.1099,-34.3748,0.4708023,
2,59.112,2,9.792214,317.4191,-5.143875,0.5253025,6.11605,-10.1099,-34.3748,0.4708023,
2,59.122,2,9.792166,317.3685,-5.145576,0.5254789,6.11605,-10.1099,-34.3748,0.4708023,
2,59.132,2,9.793698,317.4116,-5.143368,0.5251712,6.11605,-10.1099,-34.3748,0.4708023,
2,59.142,2,9.793288,317.3976,-5.141665,0.5250193,6.11605,-10.1099,-34.3748,0.4708023,
2,59.152,2,9.792006,317.3911,-5.147447,0.5256785,6.11605,-10.1099,-34.3748,0.4708023,
2,59.162,2,9.794054,317.3806,-5.147201,0.5255434,6.11605,-10.1099,-34.3748,0.4708023,
2,59.172,2,9.793295,317.3875,-5.145624,0.5254232,6.1103,-10.1099,-34.3766,0.472599,
2,59.182,2,9.793186,317.3661,-5.149035,0.5257773,6.1103,-10.1099,-34.3766,0.472599,
2,59.192,2,9.793278,317.3661,-5.145143,0.5253749,6.1103,-10.1099,-34.3766,0.472599,
2,59.202,2,9.791428,317.322,-5.149803,0.5259502,6.1103,-10.1099,-34.3766,0.472599,
2,59.212,2,9.791142,317.3417,-5.141951,0.5251636,6.1103,-10.1099,-34.3766,0.472599,
2,59.222,2,9.791986,317.3397,-5.144875,0.5254169,6.1103,-10.1099,-34.3766,0.472599,
2,59.232,2,9.789574,317.3285,-5.144529,0.5255111,6.1103,-10.1099,-34.3766,0.472599,
2,59.242,2,9.792536,317.3178,-5.145187,0.5254193,6.1103,-10.1099,-34.3766,0.472599,
2,59.252,2,9.790873,317.3199,-5.143269,0.5253127,6.1103,-10.1099,-34.3766,0.472599,
2,59.262,2,9.789181,317.2975,-5.141325,0.5252048,6.1103,-10.1099,-34.3766,0.472599,
2,59.272,2,9.791649,317.2989,-5.14626,0.5255765,6.1103,-10.1099,-34.3766,0.472599,
2,59.282,2,9.787724,317.3012,-5.151347,0.5263069,6.1103,-10.1099,-34.3766,0.472599,
2,59.292,2,9.791893,317.2748,-5.151577,0.5261064,6.1103,-10.1099,-34.3766,0.472599,
2,59.302,2,9.802431,317.2559,-5.148967,0.5252745,6.1103,-10.1099,-34.3766,0.472599,
2,59.312,2,9.811314,317.2205,-5.151447,0.5250517,6.1103,-10.1099,-34.3766,0.472599,
2,59.322,2,9.820381,317.1847,-5.159714,0.5254087,6.1103,-10.1099,-34.3766,0.472599,
2,59.332,2,9.830439,317.1335,-5.158566,0.5247545,6.1103,-10.1099,-34.3766,0.472599,
2,59.342,2,9.834262,317.1532,-5.154739,0.5241613,6.1103,-10.1099,-34.3766,0.472599,
2,59.352,2,9.835067,317.1408,-5.157104,0.5243589,6.1103,-10.1099,-34.3766,0.472599,
2,59.362,2,9.8344,317.1334,-5.158172,0.5245029,6.1103,-10.1099,-34.3766,0.472599,
2,59.372,2,9.833593,317.1932,-5.165072,0.5252477,6.1103,-10.1099,-34.3766,0.472599,
2,59.382,2,9.833502,317.1147,-5.163175,0.5250596,6.1103,-10.1099,-34.3766,0.472599,
2,59.392,2,9.836023,317.1045,-5.156918,0.5242889,6.1103,-10.1099,-34.3766,0.472599,
2,59.402,2,9.834926,317.1041,-5.157254,0.5243816,6.1103,-10.1099,-34.3766,0.472599,
2,59.412,2,9.833367,317.1123,-5.157591,0.524499,6.1103,-10.1099,-34.3766,0.472599,
2,59.422,2,9.830723,317.0847,-5.1558,0.5244579,6.1103,-10.1099,-34.3766,0.472599,
2,59.432,2,9.834467,317.0711,-5.151151,0.5237855,6.1103,-10.1099,-34.3766,0.472599,
2,59.442,2,9.831656,317.069,-5.151855,0.5240068,6.10415,-10.1099,-34.3783,0.4743004,
2,59.452,2,9.830663,317.0716,-5.154356,0.5243142,6.10415,-10.1099,-34.3783,0.4743004,
2,59.462,2,9.831903,317.0551,-5.15486,0.5242993,6.10415,-10.1099,-34.3783,0.4743004,
2,59.472,2,9.829952,317.0466,-5.154175,0.5243337,6.10415,-10.1099,-34.3783,0.4743004,
2,59.482,2,9.829782,317.0414,-5.156219,0.5245508,6.10415,-10.1099,-34.3783,0.4743004,
2,59.492,2,9.830927,317.0182,-5.162449,0.5251233,6.10415,-10.1099,-34.3783,0.4743004,
2,59.502,2,9.831111,317.0333,-5.163796,0.5252506,6.10415,-10.1099,-34.3783,0.4743004,
2,59.512,2,9.830787,317.0257,-5.164531,0.5253426,6.10415,-10.1099,-34.3783,0.4743004,
2,59.522,2,9.82978,317.0057,-5.166923,0.5256398,6.10415,-10.1099,-34.3783,0.4743004,
2,59.532,2,9.829367,316.9975,-5.170147,0.5259898,6.10415,-10.1099,-34.3783,0.4743004,
2,59.542,2,9.829687,316.982,-5.175104,0.526477,6.10415,-10.1099,-34.3783,0.4743004,
2,59.552,2,9.835064,316.9877,-5.174118,0.5260889,6.10415,-10.1099,-34.3783,0.4743004,
2,59.562,2,9.842515,316.9527,-5.174481,0.5257276,6.10415,-10.1099,-34.3783,0.4743004,
2,59.572,2,9.853948,316.92,-5.175397,0.5252105,6.10415,-10.1099,-34.3783,0.4743004,
2,59.582,2,9.865708,316.8569,-5.179515,0.5250018,6.10415,-10.1099,-34.3783,0.4743004,
2,59.592,2,9.871723,316.8674,-5.179762,0.524707,6.10415,-10.1099,-34.3783,0.4743004,
2,59.602,2,9.874407,316.8683,-5.1803,0.5246188,6.10415,-10.1099,-34.3783,0.4743004,
2,59.612,2,9.87355,316.8549,-5.180927,0.5247279,6.10415,-10.1099,-34.3783,0.4743004,
2,59.622,2,9.874667,316.8355,-5.181463,0.5247228,6.10415,-10.1099,-34.3783,0.4743004,
2,59.632,2,9.873208,316.8464,-5.180735,0.5247266,6.10415,-10.1099,-34.3783,0.4743004,
2,59.642,2,9.87417,316.8303,-5.17569,0.5241645,6.10415,-10.1099,-34.3783,0.4743004,
2,59.652,2,9.872661,316.8129,-5.18125,0.5248079,6.10415,-10.1099,-34.3783,0.4743004,
2,59.662,2,9.869728,316.7876,-5.181782,0.5250177,6.10415,-10.1099,-34.3783,0.4743004,
2,59.672,2,9.870007,316.812,-5.1836,0.5251871,6.10415,-10.1099,-34.3783,0.4743004,
2,59.682,2,9.873968,316.7965,-5.180697,0.5246823,6.0988,-10.1099,-34.3801,0.4761009,
2,59.692,2,9.871693,316.7925,-5.178846,0.5246158,6.0988,-10.1099,-34.3801,0.4761009,
2,59.702,2,9.875387,316.7502,-5.182212,0.5247604,6.0988,-10.1099,-34.3801,0.4761009,
2,59.712,2,9.873547,316.7717,-5.185133,0.5251541,6.0988,-10.1099,-34.3801,0.4761009,
2,59.722,2,9.874029,316.7556,-5.182354,0.524847,6.0988,-10.1099,-34.3801,0.4761009,
2,59.732,2,9.871464,316.7535,-5.186356,0.5253888,6.0988,-10.1099,-34.3801,0.4761009,
2,59.742,2,9.872492,316.7596,-5.188949,0.5255967,6.0988,-10.1099,-34.3801,0.4761009,
2,59.752,2,9.869644,316.7477,-5.191797,0.5260369,6.0988,-10.1099,-34.3801,0.4761009,
2,59.762,2,9.870987,316.73,-5.192142,0.5260003,6.0988,-10.1099,-34.3801,0.4761009,
2,59.772,2,9.870934,316.7311,-5.191471,0.5259351,6.0988,-10.1099,-34.3801,0.4761009,
2,59.782,2,9.872141,316.7133,-5.193457,0.526072,6.0988,-10.1099,-34.3801,0.4761009,
2,59.792,2,9.874097,316.7104,-5.196272,0.5262529,6.0988,-10.1099,-34.3801,0.4761009,
2,59.802,2,9.881736,316.6758,-5.197501,0.5259705,6.0988,-10.1099,-34.3801,0.4761009,
2,59.812,2,9.895541,316.6763,-5.190542,0.5245334,6.0988,-10.1099,-34.3801,0.4761009,
2,59.822,2,9.90578,316.6217,-5.194121,0.5243526,6.0988,-10.1099,-34.3801,0.4761009,
2,59.832,2,9.912467,316.6035,-5.194981,0.5240856,6.0988,-10.1099,-34.3801,0.4761009,
2,59.842,2,9.910212,316.5891,-5.194981,0.5242049,6.0988,-10.1099,-34.3801,0.4761009,
2,59.852,2,9.913104,316.57,-5.191195,0.52367,6.0988,-10.1099,-34.3801,0.4761009,
2,59.862,2,9.913522,316.5732,-5.1922,0.5237493,6.0988,-10.1099,-34.3801,0.4761009,
2,59.872,2,9.914006,316.5305,-5.196345,0.5241418,6.0988,-10.1099,-34.3801,0.4761009,
2,59.882,2,9.91322,316.5436,-5.196714,0.5242206,6.0988,-10.1099,-34.3801,0.4761009,
2,59.892,2,9.913766,316.532,-5.199158,0.5244382,6.0988,-10.1099,-34.3801,0.4761009,
2,59.902,2,9.912411,316.5321,-5.201442,0.5247404,6.0988,-10.1099,-34.3801,0.4761009,
2,59.912,2,9.912998,316.5238,-5.203292,0.5248959,6.0988,-10.1099,-34.3801,0.4761009,
2,59.922,2,9.910221,316.5203,-5.206678,0.5253847,6.09228,-10.1099,-34.3818,0.4778023,
2,59.932,2,9.911861,316.5038,-5.207355,0.5253659,6.09228,-10.1099,-34.3818,0.4778023,
2,59.942,2,9.911386,316.5001,-5.208121,0.5254685,6.09228,-10.1099,-34.3818,0.4778023,
2,59.952,2,9.908949,316.4863,-5.212828,0.5260727,6.09228,-10.1099,-34.3818,0.4778023,
2,59.962,2,9.910385,316.4661,-5.212414,0.5259547,6.09228,-10.1099,-34.3818,0.4778023,
2,59.972,2,9.911251,316.479,-5.206964,0.5253589,6.09228,-10.1099,-34.3818,0.4778023,
2,59.982,2,9.91272,316.4699,-5.205727,0.5251563,6.09228,-10.1099,-34.3818,0.4778023,
2,59.992,2,9.912136,316.4609,-5.211823,0.5258022,6.09228,-10.1099,-34.3818,0.4778023,
2,60.002,2,9.907292,316.4641,-5.218204,0.5267034,6.09228,-10.1099,-34.3818,0.4778023,
2,60.012,2,9.908534,316.452,-5.214591,0.5262727,6.09228,-10.1099,-34.3818,0.4778023,
2,60.022,2,9.909849,316.4443,-5.208417,0.5255799,6.09228,-10.1099,-34.3818,0.4778023,
2,60.032,2,9.907928,316.4436,-5.209892,0.5258307,6.09228,-10.1099,-34.3818,0.4778023,
2,60.042,2,9.910913,316.4334,-5.209557,0.5256385,6.09228,-10.1099,-34.3818,0.4778023,
2,60.052,2,9.916513,316.4131,-5.203356,0.5247163,6.09228,-10.1099,-34.3818,0.4778023,
2,60.062,2,9.929811,316.3739,-5.20154,0.5238307,6.09228,-10.1099,-34.3818,0.4778023,
2,60.072,2,9.939849,316.3419,-5.206091,0.5237595,6.09228,-10.1099,-34.3818,0.4778023,
2,60.082,2,9.946055,316.3366,-5.214452,0.5242734,6.09228,-10.1099,-34.3818,0.4778023,
2,60.092,2,9.950945,316.293,-5.214993,0.5240701,6.09228,-10.1099,-34.3818,0.4778023,
2,60.102,2,9.953486,316.2881,-5.213349,0.5237712,6.09228,-10.1099,-34.3818,0.4778023,
2,60.112,2,9.954546,316.2868,-5.215928,0.5239745,6.09228,-10.1099,-34.3818,0.4778023,
2,60.122,2,9.952179,316.3161,-5.220965,0.5246053,6.09228,-10.1099,-34.3818,0.4778023,
2,60.132,2,9.955198,316.2498,-5.219921,0.5243412,6.09228,-10.1099,-34.3818,0.4778023,
2,60.142,2,9.953547,316.241,-5.219422,0.5243781,6.09228,-10.1099,-34.3818,0.4778023,
2,60.152,2,9.952517,316.2258,-5.224431,0.5249356,6.09228,-10.1099,-34.3818,0.4778023,
2,60.162,2,9.952776,316.2015,-5.227924,0.525273,6.09228,-10.1099,-34.3818,0.4778023,
2,60.172,2,9.950462,316.2225,-5.232123,0.525817,6.09228,-10.1099,-34.3818,0.4778023,
2,60.182,2,9.950526,316.2202,-5.227861,0.5253854,6.08612,-10.1099,-34.3836,0.479599,
2,60.192,2,9.950738,316.2129,-5.227889,0.525377,6.08612,-10.1099,-34.3836,0.479599,
2,60.202,2,9.948476,316.2193,-5.231899,0.5258996,6.08612,-10.1099,-34.3836,0.479599,
2,60.212,2,9.948207,316.2054,-5.231538,0.5258775,6.08612,-10.1099,-34.3836,0.479599,
2,60.222,2,9.950329,316.1926,-5.228539,0.5254639,6.08612,-10.1099,-34.3836,0.479599,
2,60.232,2,9.950124,316.1804,-5.227238,0.525344,6.08612,-10.1099,-34.3836,0.479599,
2,60.242,2,9.949868,316.1694,-5.229694,0.5256044,6.08612,-10.1099,-34.3836,0.479599,
2,60.252,2,9.948594,316.1749,-5.225917,0.525292,6.08612,-10.1099,-34.3836,0.479599,
2,60.262,2,9.950521,316.1595,-5.223055,0.5249027,6.08612,-10.1099,-34.3836,0.479599,
2,60.272,2,9.948365,316.163,-5.220644,0.5247741,6.08612,-10.1099,-34.3836,0.479599,
2,60.282,2,9.947659,316.1458,-5.223046,0.5250528,6.08612,-10.1099,-34.3836,0.479599,
2,60.292,2,9.94786,316.1449,-5.224408,0.5251791,6.08612,-10.1099,-34.3836,0.479599,
2,60.302,2,9.95124,316.1241,-5.224358,0.5249957,6.08612,-10.1099,-34.3836,0.479599,
2,60.312,2,9.959229,316.1032,-5.224576,0.5245965,6.08612,-10.1099,-34.3836,0.479599,
2,60.322,2,9.973173,316.0616,-5.228772,0.5242836,6.08612,-10.1099,-34.3836,0.479599,
2,60.332,2,9.983452,316.0368,-5.236456,0.5245135,6.08612,-10.1099,-34.3836,0.479599,
2,60.342,2,9.992252,316.0104,-5.236603,0.5240663,6.08612,-10.1099,-34.3836,0.479599,
2,60.352,2,9.99498,315.9903,-5.242783,0.5245416,6.08612,-10.1099,-34.3836,0.479599,
2,60.362,2,9.99546,315.9795,-5.239829,0.5242209,6.08612,-10.1099,-34.3836,0.479599,
2,60.372,2,9.992676,315.9512,-5.24349,0.5247334,6.08612,-10.1099,-34.3836,0.479599,
2,60.382,2,9.990131,315.9833,-5.247854,0.5253038,6.08612,-10.1099,-34.3836,0.479599,
2,60.392,2,9.991302,315.9709,-5.243054,0.5247619,6.08612,-10.1099,-34.3836,0.479599,
2,60.402,2,9.99123,315.9657,-5.246759,0.5251365,6.08612,-10.1099,-34.3836,0.479599,
2,60.412,2,9.992557,315.9409,-5.252532,0.5256444,6.08612,-10.1099,-34.3836,0.479599,
2,60.422,2,9.992922,315.9492,-5.247921,0.5251639,6.08612,-10.1099,-34.3836,0.479599,
2,60.432,2,9.993803,315.9409,-5.246638,0.5249891,6.08612,-10.1099,-34.3836,0.479599,
2,60.442,2,9.992663,315.9365,-5.244451,0.5248302,6.08612,-10.1099,-34.3836,0.479599,
2,60.452,2,9.99119,315.9038,-5.24519,0.5249815,6.08,-10.1099,-34.3854,0.4813995,
2,60.462,2,9.988823,315.9202,-5.244964,0.5250832,6.08,-10.1099,-34.3854,0.4813995,
2,60.472,2,9.991273,315.912,-5.241127,0.5245705,6.08,-10.1099,-34.3854,0.4813995,
2,60.482,2,9.990755,315.9076,-5.238625,0.5243472,6.08,-10.1099,-34.3854,0.4813995,
2,60.492,2,9.990148,315.9019,-5.247191,0.5252366,6.08,-10.1099,-34.3854,0.4813995,
2,60.502,2,9.989248,315.8985,-5.245189,0.5250835,6.08,-10.1099,-34.3854,0.4813995,
2,60.512,2,9.989679,315.88,-5.24353,0.5248948,6.08,-10.1099,-34.3854,0.4813995,
2,60.522,2,9.989614,315.8766,-5.242308,0.5247759,6.08,-10.1099,-34.3854,0.4813995,
2,60.532,2,9.986923,315.8469,-5.245805,0.5252674,6.08,-10.1099,-34.3854,0.4813995,
2,60.542,2,9.987596,315.8932,-5.246964,0.5253481,6.08,-10.1099,-34.3854,0.4813995,
2,60.552,2,9.99007,315.8459,-5.245394,0.5250607,6.08,-10.1099,-34.3854,0.4813995,
2,60.562,2,9.99312,315.8354,-5.244565,0.5248176,6.08,-10.1099,-34.3854,0.4813995,
2,60.572,2,10.00294,315.8108,-5.248754,0.5247208,6.08,-10.1099,-34.3854,0.4813995,
2,60.582,2,10.01379,315.78,-5.2563,0.5249059,6.08,-10.1099,-34.3854,0.4813995,
2,60.592,2,10.02615,315.744,-5.257197,0.5243484,6.08,-10.1099,-34.3854,0.4813995,
2,60.602,2,10.03364,315.709,-5.258565,0.5240933,6.08,-10.1099,-34.3854,0.4813995,
2,60.612,2,10.03436,315.691,-5.26282,0.5244799,6.08,-10.1099,-34.3854,0.4813995,
2,60.622,2,10.03514,315.6619,-5.272456,0.5253992,6.08,-10.1099,-34.3854,0.4813995,
2,60.632,2,10.0362,315.6875,-5.270458,0.5251447,6.08,-10.1099,-34.3854,0.4813995,
2,60.642,2,10.03382,315.6726,-5.26689,0.5249135,6.08,-10.1099,-34.3854,0.4813995,
2,60.652,2,10.03259,315.6674,-5.26104,0.5243951,6.08,-10.1099,-34.3854,0.4813995,
2,60.662,2,10.03413,315.6599,-5.267271,0.5249355,6.08,-10.1099,-34.3854,0.4813995,
2,60.672,2,10.03494,315.6573,-5.262903,0.5244578,6.08,-10.1099,-34.3854,0.4813995,
2,60.682,2,10.03411,315.6353,-5.259336,0.5241456,6.08,-10.1099,-34.3854,0.4813995,
2,60.692,2,10.03761,315.6328,-5.255779,0.5236088,6.07385,-10.1099,-34.3872,0.4832001,
2,60.702,2,10.03593,315.6178,-5.256722,0.52379,6.07385,-10.1099,-34.3872,0.4832001,
2,60.712,2,10.03538,315.6299,-5.258939,0.5240398,6.07385,-10.1099,-34.3872,0.4832001,
2,60.722,2,10.03272,315.6165,-5.25866,0.5241512,6.07385,-10.1099,-34.3872,0.4832001,
2,60.732,2,10.03217,315.5935,-5.261069,0.5244197,6.07385,-10.1099,-34.3872,0.4832001,
2,60.742,2,10.03146,315.5812,-5.264972,0.5248462,6.07385,-10.1099,-34.3872,0.4832001,
2,60.752,2,10.0328,315.5789,-5.267011,0.5249789,6.07385,-10.1099,-34.3872,0.4832001,
2,60.762,2,10.03395,315.5739,-5.266661,0.5248841,6.07385,-10.1099,-34.3872,0.4832001,
2,60.772,2,10.03127,315.5677,-5.26603,0.5249615,6.07385,-10.1099,-34.3872,0.4832001,
2,60.782,2,10.03243,315.5668,-5.268547,0.5251518,6.07385,-10.1099,-34.3872,0.4832001,
2,60.792,2,10.03147,315.5805,-5.269399,0.5252867,6.07385,-10.1099,-34.3872,0.4832001,
2,60.802,2,10.02951,315.5456,-5.270054,0.5254549,6.07385,-10.1099,-34.3872,0.4832001,
2,60.812,2,10.03068,315.5371,-5.272599,0.525647,6.07385,-10.1099,-34.3872,0.4832001,
2,60.822,2,10.03728,315.5077,-5.279334,0.5259724,6.07385,-10.1099,-34.3872,0.4832001,
2,60.832,2,10.05216,315.492,-5.279449,0.5252052,6.07385,-10.1099,-34.3872,0.4832001,
2,60.842,2,10.06045,315.448,-5.284325,0.5252571,6.07385,-10.1099,-34.3872,0.4832001,
2,60.852,2,10.07024,315.415,-5.275464,0.5238668,6.07385,-10.1099,-34.3872,0.4832001,
2,60.862,2,10.07583,315.3996,-5.276091,0.5236381,6.07385,-10.1099,-34.3872,0.4832001,
2,60.872,2,10.07782,315.3957,-5.277909,0.5237156,6.07385,-10.1099,-34.3872,0.4832001,
2,60.882,2,10.07689,315.385,-5.280661,0.5240366,6.07385,-10.1099,-34.3872,0.4832001,
2,60.892,2,10.07734,315.3678,-5.279142,0.5238629,6.07385,-10.1099,-34.3872,0.4832001,
2,60.902,2,10.07677,315.3772,-5.279925,0.5239701,6.07385,-10.1099,-34.3872,0.4832001,
2,60.912,2,10.07669,315.3746,-5.282806,0.5242602,6.07385,-10.1099,-34.3872,0.4832001,
2,60.922,2,10.07674,315.3415,-5.281635,0.5241415,6.07385,-10.1099,-34.3872,0.4832001,
2,60.932,2,10.07577,315.345,-5.279716,0.5240011,6.07385,-10.1099,-34.3872,0.4832001,
2,60.942,2,10.0756,315.33,-5.277705,0.5238105,6.07385,-10.1099,-34.3872,0.4832001,
2,60.952,2,10.07825,315.313,-5.280164,0.5239169,6.07385,-10.1099,-34.3872,0.4832001,
2,60.962,2,10.07622,315.3412,-5.281866,0.524191,6.07385,-10.1099,-34.3872,0.4832001,
2,60.972,2,10.07406,315.312,-5.285056,0.5246202,6.07385,-10.1099,-34.3872,0.4832001,
2,60.982,2,10.07347,315.3109,-5.287749,0.5249181,6.06773,-10.1099,-34.389,0.4850006,
2,60.992,2,10.07505,315.2922,-5.285457,0.5246083,6.06773,-10.1099,-34.389,0.4850006,
2,61.002,2,10.07603,315.3095,-5.29025,0.5250335,6.06773,-10.1099,-34.389,0.4850006,
2,61.012,2,10.07161,315.2861,-5.296241,0.5258583,6.06773,-10.1099,-34.389,0.4850006,
2,61.022,2,10.07163,315.2785,-5.293339,0.5255693,6.06773,-10.1099,-34.389,0.4850006,
2,61.032,2,10.07341,315.2568,-5.291536,0.5252974,6.06773,-10.1099,-34.389,0.4850006,
2,61.042,2,10.07101,315.2124,-5.293531,0.5256205,6.06773,-10.1099,-34.389,0.4850006,
2,61.052,2,10.07034,315.2637,-5.291797,0.5254834,6.06773,-10.1099,-34.389,0.4850006,
2,61.062,2,10.07154,315.2655,-5.288317,0.5250754,6.06773,-10.1099,-34.389,0.4850006,
2,61.072,2,10.07258,315.2496,-5.286415,0.5248321,6.06773,-10.1099,-34.389,0.4850006,
2,61.082,2,10.072,315.2248,-5.28968,0.5251865,6.06773,-10.1099,-34.389,0.4850006,
2,61.092,2,10.0713,315.2454,-5.287509,0.5250077,6.06773,-10.1099,-34.389,0.4850006,
2,61.102,2,10.0748,315.2224,-5.282805,0.5243585,6.06773,-10.1099,-34.389,0.4850006,
2,61.112,2,10.08512,315.2008,-5.281511,0.5236935,6.06773,-10.1099,-34.389,0.4850006,
2,61.122,2,10.09484,315.127,-5.284423,0.5234777,6.06773,-10.1099,-34.389,0.4850006,
2,61.132,2,10.10719,315.1273,-5.288385,0.5232301,6.06773,-10.1099,-34.389,0.4850006,
2,61.142,2,10.11525,315.0928,-5.291314,0.5231028,6.06773,-10.1099,-34.389,0.4850006,
2,61.152,2,10.11953,315.0778,-5.294668,0.5232129,6.06773,-10.1099,-34.389,0.4850006,
2,61.162,2,10.12104,315.0865,-5.29715,0.5233797,6.06773,-10.1099,-34.389,0.4850006,
2,61.172,2,10.11854,315.0633,-5.298837,0.523676,6.06773,-10.1099,-34.389,0.4850006,
2,61.182,2,10.11954,315.0443,-5.29928,0.5236681,6.06773,-10.1099,-34.389,0.4850006,
2,61.192,2,10.1212,315.0292,-5.299183,0.5235724,6.06773,-10.1099,-34.389,0.4850006,
2,61.202,2,10.11824,315.0333,-5.302556,0.5240589,6.06773,-10.1099,-34.389,0.4850006,
2,61.212,2,10.11932,315.0316,-5.305099,0.5242546,6.06773,-10.1099,-34.389,0.4850006,
2,61.222,2,10.11738,315.0203,-5.304056,0.524252,6.06773,-10.1099,-34.389,0.4850006,
2,61.232,2,10.11795,315.0143,-5.306521,0.5244659,6.06157,-10.1099,-34.3909,0.4869003,
2,61.242,2,10.11622,315.008,-5.308372,0.5247386,6.06157,-10.1099,-34.3909,0.4869003,
2,61.252,2,10.11699,315.0208,-5.312248,0.5250819,6.06157,-10.1099,-34.3909,0.4869003,
2,61.262,2,10.11794,314.9833,-5.310804,0.5248898,6.06157,-10.1099,-34.3909,0.4869003,
2,61.272,2,10.11788,314.9865,-5.305517,0.5243704,6.06157,-10.1099,-34.3909,0.4869003,
2,61.282,2,10.11733,314.9593,-5.305967,0.5244433,6.06157,-10.1099,-34.3909,0.4869003,
2,61.292,2,10.1151,314.9749,-5.307143,0.5246754,6.06157,-10.1099,-34.3909,0.4869003,
2,61.302,2,10.11579,314.9558,-5.304617,0.5243896,6.06157,-10.1099,-34.3909,0.4869003,
2,61.312,2,10.11536,314.9522,-5.302385,0.5241916,6.06157,-10.1099,-34.3909,0.4869003,
2,61.322,2,10.11436,314.945,-5.301927,0.5241981,6.06157,-10.1099,-34.3909,0.4869003,
2,61.332,2,10.11352,314.9679,-5.304463,0.5244923,6.06157,-10.1099,-34.3909,0.4869003,
2,61.342,2,10.11326,314.9178,-5.305037,0.5245625,6.06157,-10.1099,-34.3909,0.4869003,
2,61.352,2,10.11753,314.9088,-5.304349,0.5242729,6.06157,-10.1099,-34.3909,0.4869003,
2,61.362,2,10.12152,314.8909,-5.301041,0.5237394,6.06157,-10.1099,-34.3909,0.4869003,
2,61.372,2,10.13004,314.8846,-5.306067,0.5237953,6.06157,-10.1099,-34.3909,0.4869003,
2,61.382,2,10.14338,314.8321,-5.306197,0.5231194,6.06157,-10.1099,-34.3909,0.4869003,
2,61.392,2,10.1569,314.7903,-5.308477,0.5226475,6.06157,-10.1099,-34.3909,0.4869003,
2,61.402,2,10.1623,314.7769,-5.311137,0.5226315,6.06157,-10.1099,-34.3909,0.4869003,
2,61.412,2,10.16297,314.756,-5.318392,0.5233107,6.06157,-10.1099,-34.3909,0.4869003,
2,61.422,2,10.16479,314.7597,-5.324103,0.5237788,6.06157,-10.1099,-34.3909,0.4869003,
2,61.432,2,10.16345,314.7474,-5.32277,0.5237166,6.06157,-10.1099,-34.3909,0.4869003,
2,61.442,2,10.16183,314.7411,-5.322979,0.5238212,6.06157,-10.1099,-34.3909,0.4869003,
2,61.452,2,10.16371,314.7347,-5.327073,0.524127,6.06157,-10.1099,-34.3909,0.4869003,
2,61.462,2,10.16273,314.7461,-5.328711,0.5243382,6.06157,-10.1099,-34.3909,0.4869003,
2,61.472,2,10.16325,314.7202,-5.324503,0.5238976,6.06157,-10.1099,-34.3909,0.4869003,
2,61.482,2,10.1608,314.7169,-5.324448,0.5240185,6.06157,-10.1099,-34.3909,0.4869003,
2,61.492,2,10.15889,314.6959,-5.32467,0.5241388,6.05468,-10.1099,-34.3928,0.4888,
2,61.502,2,10.16131,314.6853,-5.325767,0.5241221,6.05468,-10.1099,-34.3928,0.4888,
2,61.512,2,10.15997,314.6902,-5.323373,0.5239554,6.05468,-10.1099,-34.3928,0.4888,
2,61.522,2,10.1606,314.6846,-5.317873,0.5233817,6.05468,-10.1099,-34.3928,0.4888,
2,61.532,2,10.16006,314.6647,-5.320044,0.5236231,6.05468,-10.1099,-34.3928,0.4888,
2,61.542,2,10.15866,314.689,-5.323614,0.5240468,6.05468,-10.1099,-34.3928,0.4888,
2,61.552,2,10.16067,314.6671,-5.321187,0.5237043,6.05468,-10.1099,-34.3928,0.4888,
2,61.562,2,10.15985,314.6527,-5.320148,0.5236442,6.05468,-10.1099,-34.3928,0.4888,
2,61.572,2,10.15962,314.642,-5.321244,0.5237643,6.05468,-10.1099,-34.3928,0.4888,
2,61.582,2,10.15936,314.6256,-5.325261,0.5241727,6.05468,-10.1099,-34.3928,0.4888,
2,61.592,2,10.16313,314.6329,-5.325621,0.524014,6.05468,-10.1099,-34.3928,0.4888,
2,61.602,2,10.1656,314.6024,-5.323444,0.5236727,6.05468,-10.1099,-34.3928,0.4888,
2,61.612,2,10.17809,314.5887,-5.328373,0.5235139,6.05468,-10.1099,-34.3928,0.4888,
2,61.622,2,10.18805,314.5627,-5.332251,0.5233828,6.05468,-10.1099,-34.3928,0.4888,
2,61.632,2,10.20175,314.5205,-5.33342,0.5227948,6.05468,-10.1099,-34.3928,0.4888,
2,61.642,2,10.20958,314.4699,-5.335062,0.5225546,6.05468,-10.1099,-34.3928,0.4888,
2,61.652,2,10.20663,314.4801,-5.336857,0.5228813,6.05468,-10.1099,-34.3928,0.4888,
2,61.662,2,10.20648,314.4719,-5.343085,0.5234993,6.05468,-10.1099,-34.3928,0.4888,
2,61.672,2,10.20607,314.4627,-5.343567,0.5235677,6.05468,-10.1099,-34.3928,0.4888,
2,61.682,2,10.20704,314.4607,-5.341139,0.5232801,6.05468,-10.1099,-34.3928,0.4888,
2,61.692,2,10.20835,314.4465,-5.340981,0.5231972,6.05468,-10.1099,-34.3928,0.4888,
2,61.702,2,10.20841,314.442,-5.342392,0.5233325,6.05468,-10.1099,-34.3928,0.4888,
2,61.712,2,10.20536,314.4402,-5.344301,0.5236759,6.04892,-10.1099,-34.3947,0.4906998,
2,61.722,2,10.2062,314.4279,-5.338871,0.5231008,6.04892,-10.1099,-34.3947,0.4906998,
2,61.732,2,10.20529,314.4201,-5.336711,0.5229357,6.04892,-10.1099,-34.3947,0.4906998,
2,61.742,2,10.20555,314.4079,-5.339281,0.5231742,6.04892,-10.1099,-34.3947,0.4906998,
2,61.752,2,10.20577,314.388,-5.338636,0.5231,6.04892,-10.1099,-34.3947,0.4906998,
2,61.762,2,10.20485,314.4013,-5.338976,0.5231802,6.04892,-10.1099,-34.3947,0.4906998,
2,61.772,2,10.20423,314.3779,-5.339449,0.5232582,6.04892,-10.1099,-34.3947,0.4906998,
2,61.782,2,10.20672,314.3629,-5.34027,0.5232109,6.04892,-10.1099,-34.3947,0.4906998,
2,61.792,2,10.20409,314.3299,-5.342872,0.5236011,6.04892,-10.1099,-34.3947,0.4906998,
2,61.802,2,10.20393,314.35,-5.342585,0.5235811,6.04892,-10.1099,-34.3947,0.4906998,
2,61.812,2,10.20439,314.3489,-5.342083,0.5235085,6.04892,-10.1099,-34.3947,0.4906998,
2,61.822,2,10.20295,314.3524,-5.346967,0.5240608,6.04892,-10.1099,-34.3947,0.4906998,
2,61.832,2,10.2025,314.3719,-5.351222,0.524501,6.04892,-10.1099,-34.3947,0.4906998,
2,61.842,2,10.20956,314.3098,-5.349354,0.5239555,6.04892,-10.1099,-34.3947,0.4906998,
2,61.852,2,10.2209,314.2858,-5.347836,0.5232257,6.04892,-10.1099,-34.3947,0.4906998,
2,61.862,2,10.23061,314.2426,-5.351933,0.5231296,6.04892,-10.1099,-34.3947,0.4906998,
2,61.872,2,10.24083,314.1512,-5.355983,0.5230027,6.04892,-10.1099,-34.3947,0.4906998,
2,61.882,2,10.24622,314.1972,-5.357588,0.5228845,6.04892,-10.1099,-34.3947,0.4906998,
2,61.892,2,10.24957,314.1812,-5.355493,0.5225093,6.04892,-10.1099,-34.3947,0.4906998,
2,61.902,2,10.24935,314.1769,-5.355948,0.5225646,6.04892,-10.1099,-34.3947,0.4906998,
2,61.912,2,10.24879,314.1725,-5.355932,0.5225919,6.04892,-10.1099,-34.3947,0.4906998,
2,61.922,2,10.24724,314.1604,-5.35553,0.5226314,6.04892,-10.1099,-34.3947,0.4906998,
2,61.932,2,10.248,314.148,-5.35371,0.522415,6.04892,-10.1099,-34.3947,0.4906998,
2,61.942,2,10.24741,314.1427,-5.350437,0.5221257,6.04892,-10.1099,-34.3947,0.4906998,
2,61.952,2,10.24913,314.1145,-5.351626,0.522154,6.04892,-10.1099,-34.3947,0.4906998,
2,61.962,2,10.24874,314.1205,-5.352177,0.5222279,6.04892,-10.1099,-34.3947,0.4906998,
2,61.972,2,10.24593,314.1048,-5.352319,0.522385,6.04892,-10.1099,-34.3947,0.4906998,
2,61.982,2,10.24665,314.0912,-5.353867,0.5224993,6.04892,-10.1099,-34.3947,0.4906998,
2,61.992,2,10.24529,314.0914,-5.356443,0.5228201,6.04892,-10.1099,-34.3947,0.4906998,
2,62.002,2,10.24519,314.0877,-5.358178,0.5229943,6.04318,-10.1099,-34.3965,0.4925003,
2,62.012,2,10.24481,314.0737,-5.360829,0.5232728,6.04318,-10.1099,-34.3965,0.4925003,
2,62.022,2,10.24312,314.0733,-5.359952,0.5232731,6.04318,-10.1099,-34.3965,0.4925003,
2,62.032,2,10.24471,314.0707,-5.361815,0.5233739,6.04318,-10.1099,-34.3965,0.4925003,
2,62.042,2,10.24409,314.0831,-5.366604,0.5238732,6.04318,-10.1099,-34.3965,0.4925003,
2,62.052,2,10.24437,314.035,-5.363764,0.5235817,6.04318,-10.1099,-34.3965,0.4925003,
2,62.062,2,10.24423,314.0418,-5.362803,0.5234951,6.04318,-10.1099,-34.3965,0.4925003,
2,62.072,2,10.24128,314.0287,-5.367289,0.524084,6.04318,-10.1099,-34.3965,0.4925003,
2,62.082,2,10.24157,314.0594,-5.36837,0.5241745,6.04318,-10.1099,-34.3965,0.4925003,
2,62.092,2,10.24355,314.024,-5.370257,0.5242576,6.04318,-10.1099,-34.3965,0.4925003,
2,62.102,2,10.24325,313.9916,-5.367483,0.5240019,6.04318,-10.1099,-34.3965,0.4925003,
2,62.112,2,10.24946,314.0051,-5.366545,0.5235929,6.04318,-10.1099,-34.3965,0.4925003,
2,62.122,2,10.25892,313.9905,-5.365947,0.5230516,6.04318,-10.1099,-34.3965,0.4925003,
2,62.132,2,10.27052,313.9323,-5.36721,0.522584,6.04318,-10.1099,-34.3965,0.4925003,
2,62.142,2,10.28004,313.8994,-5.365283,0.5219124,6.04318,-10.1099,-34.3965,0.4925003,
2,62.152,2,10.28625,313.8764,-5.36796,0.5218578,6.04318,-10.1099,-34.3965,0.4925003,
2,62.162,2,10.29304,313.8667,-5.370121,0.5217233,6.04318,-10.1099,-34.3965,0.4925003,
2,62.172,2,10.29263,313.8467,-5.371982,0.5219253,6.04318,-10.1099,-34.3965,0.4925003,
2,62.182,2,10.29161,313.84,-5.373232,0.5220984,6.04318,-10.1099,-34.3965,0.4925003,
2,62.192,2,10.29181,313.8281,-5.375363,0.5222951,6.04318,-10.1099,-34.3965,0.4925003,
2,62.202,2,10.29325,313.8467,-5.378194,0.522497,6.04318,-10.1099,-34.3965,0.4925003,
2,62.212,2,10.29348,313.8214,-5.3789,0.5225541,6.04318,-10.1099,-34.3965,0.4925003,
2,62.222,2,10.29028,313.8117,-5.380799,0.5229012,6.04318,-10.1099,-34.3965,0.4925003,
2,62.232,2,10.29007,313.8096,-5.382111,0.5230392,6.04318,-10.1099,-34.3965,0.4925003,
2,62.242,2,10.28811,313.7865,-5.387952,0.5237069,6.03665,-10.1099,-34.3984,0.4944,
2,62.252,2,10.2892,313.7828,-5.391473,0.5239932,6.03665,-10.1099,-34.3984,0.4944,
2,62.262,2,10.28788,313.774,-5.390318,0.5239486,6.03665,-10.1099,-34.3984,0.4944,
2,62.272,2,10.29063,313.7799,-5.389091,0.5236894,6.03665,-10.1099,-34.3984,0.4944,
2,62.282,2,10.28921,313.7673,-5.391873,0.5240318,6.03665,-10.1099,-34.3984,0.4944,
2,62.292,2,10.28853,313.765,-5.393057,0.5241815,6.03665,-10.1099,-34.3984,0.4944,
2,62.302,2,10.28637,313.7615,-5.393283,0.5243136,6.03665,-10.1099,-34.3984,0.4944,
2,62.312,2,10.28708,313.7456,-5.390704,0.5240269,6.03665,-10.1099,-34.3984,0.4944,
2,62.322,2,10.28962,313.7397,-5.388446,0.5236778,6.03665,-10.1099,-34.3984,0.4944,
2,62.332,2,10.28705,313.7242,-5.390771,0.5240347,6.03665,-10.1099,-34.3984,0.4944,
2,62.342,2,10.29021,313.7364,-5.38802,0.5236064,6.03665,-10.1099,-34.3984,0.4944,
2,62.352,2,10.2929,313.7188,-5.382997,0.5229813,6.03665,-10.1099,-34.3984,0.4944,
2,62.362,2,10.30357,313.6835,-5.384764,0.5226115,6.03665,-10.1099,-34.3984,0.4944,
2,62.372,2,10.31604,313.6465,-5.386465,0.5221444,6.03665,-10.1099,-34.3984,0.4944,
2,62.382,2,10.32586,313.6128,-5.388859,0.5218801,6.03665,-10.1099,-34.3984,0.4944,
2,62.392,2,10.33272,313.5902,-5.390623,0.5217041,6.03665,-10.1099,-34.3984,0.4944,
2,62.402,2,10.3355,313.5793,-5.397231,0.5222031,6.03665,-10.1099,-34.3984,0.4944,
2,62.412,2,10.33544,313.5818,-5.401037,0.5225745,6.03665,-10.1099,-34.3984,0.4944,
2,62.422,2,10.33397,313.5549,-5.402813,0.5228207,6.03665,-10.1099,-34.3984,0.4944,
2,62.432,2,10.33448,313.5432,-5.403297,0.5228415,6.03665,-10.1099,-34.3984,0.4944,
2,62.442,2,10.33436,313.5346,-5.406271,0.5231355,6.03665,-10.1099,-34.3984,0.4944,
2,62.452,2,10.33324,313.5278,-5.407495,0.5233106,6.03665,-10.1099,-34.3984,0.4944,
2,62.462,2,10.33418,313.5249,-5.410206,0.5235254,6.03665,-10.1099,-34.3984,0.4944,
2,62.472,2,10.33351,313.5087,-5.411512,0.523686,6.03665,-10.1099,-34.3984,0.4944,
2,62.482,2,10.33531,313.5041,-5.410751,0.5235211,6.03665,-10.1099,-34.3984,0.4944,
2,62.492,2,10.33151,313.5071,-5.414222,0.5240495,6.03665,-10.1099,-34.3984,0.4944,
2,62.502,2,10.33371,313.4975,-5.416518,0.5241602,6.0309,-10.1099,-34.4002,0.4962006,
2,62.512,2,10.33337,313.4946,-5.414973,0.5240276,6.0309,-10.1099,-34.4002,0.4962006,
2,62.522,2,10.32926,313.4774,-5.411552,0.523905,6.0309,-10.1099,-34.4002,0.4962006,
2,62.532,2,10.33192,313.4688,-5.412928,0.5239033,6.0309,-10.1099,-34.4002,0.4962006,
2,62.542,2,10.33399,313.4471,-5.414885,0.5239879,6.0309,-10.1099,-34.4002,0.4962006,
2,62.552,2,10.32898,313.4576,-5.411391,0.5239038,6.0309,-10.1099,-34.4002,0.4962006,
2,62.562,2,10.33031,313.4549,-5.4091,0.5236148,6.0309,-10.1099,-34.4002,0.4962006,
2,62.572,2,10.33158,313.4442,-5.406368,0.5232858,6.0309,-10.1099,-34.4002,0.4962006,
2,62.582,2,10.32873,313.4277,-5.409757,0.5237582,6.0309,-10.1099,-34.4002,0.4962006,
2,62.592,2,10.32957,313.427,-5.410863,0.5238229,6.0309,-10.1099,-34.4002,0.4962006,
2,62.602,2,10.32891,313.422,-5.409884,0.5237616,6.0309,-10.1099,-34.4002,0.4962006,
2,62.612,2,10.33005,313.4043,-5.409571,0.5236734,6.0309,-10.1099,-34.4002,0.4962006,
2,62.622,2,10.33301,313.3783,-5.415006,0.5240492,6.0309,-10.1099,-34.4002,0.4962006,
2,62.632,2,10.34108,313.3536,-5.414762,0.5236169,6.0309,-10.1099,-34.4002,0.4962006,
2,62.642,2,10.35346,313.3278,-5.416723,0.5231801,6.0309,-10.1099,-34.4002,0.4962006,
2,62.652,2,10.36363,313.295,-5.419333,0.5229183,6.0309,-10.1099,-34.4002,0.4962006,
2,62.662,2,10.37284,313.2777,-5.422867,0.522795,6.0309,-10.1099,-34.4002,0.4962006,
2,62.672,2,10.37499,313.2581,-5.428793,0.5232578,6.0309,-10.1099,-34.4002,0.4962006,
2,62.682,2,10.37701,313.2591,-5.427866,0.5230663,6.0309,-10.1099,-34.4002,0.4962006,
2,62.692,2,10.37897,313.2406,-5.42743,0.5229254,6.0309,-10.1099,-34.4002,0.4962006,
2,62.702,2,10.37901,313.2529,-5.430049,0.5231758,6.0309,-10.1099,-34.4002,0.4962006,
2,62.712,2,10.37494,313.2571,-5.433504,0.5237141,6.0309,-10.1099,-34.4002,0.4962006,
2,62.722,2,10.37668,313.2168,-5.430957,0.5233812,6.0309,-10.1099,-34.4002,0.4962006,
2,62.732,2,10.37678,313.202,-5.428356,0.5231255,6.0309,-10.1099,-34.4002,0.4962006,
2,62.742,2,10.37605,313.2107,-5.430216,0.5233415,6.02513,-10.1099,-34.402,0.4980011,
2,62.752,2,10.37511,313.2079,-5.430399,0.5234064,6.02513,-10.1099,-34.402,0.4980011,
2,62.762,2,10.37357,313.189,-5.430669,0.52351,6.02513,-10.1099,-34.402,0.4980011,
2,62.772,2,10.37677,313.1786,-5.424557,0.5227599,6.02513,-10.1099,-34.402,0.4980011,
2,62.782,2,10.37276,313.17,-5.424041,0.5229121,6.02513,-10.1099,-34.402,0.4980011,
2,62.792,2,10.37288,313.175,-5.428246,0.5233113,6.02513,-10.1099,-34.402,0.4980011,
2,62.802,2,10.37325,313.1566,-5.429172,0.5233818,6.02513,-10.1099,-34.402,0.4980011,
2,62.812,2,10.37241,313.1493,-5.427148,0.5232292,6.02513,-10.1099,-34.402,0.4980011,
2,62.822,2,10.37244,313.134,-5.428782,0.5233852,6.02513,-10.1099,-34.402,0.4980011,
2,62.832,2,10.37867,313.1074,-5.432813,0.5234593,6.02513,-10.1099,-34.402,0.4980011,
2,62.842,2,10.38578,313.097,-5.434901,0.5233023,6.02513,-10.1099,-34.402,0.4980011,
2,62.852,2,10.40114,313.0373,-5.437496,0.5227787,6.02513,-10.1099,-34.402,0.4980011,
2,62.862,2,10.40976,313.0265,-5.439475,0.5225359,6.02513,-10.1099,-34.402,0.4980011,
2,62.872,2,10.41555,313.0156,-5.44117,0.5224083,6.02513,-10.1099,-34.402,0.4980011,
2,62.882,2,10.41911,312.9827,-5.445632,0.5226582,6.02513,-10.1099,-34.402,0.4980011,
2,62.892,2,10.41871,312.9744,-5.444918,0.5226098,6.02513,-10.1099,-34.402,0.4980011,
2,62.902,2,10.41996,312.9642,-5.447595,0.522804,6.02513,-10.1099,-34.402,0.4980011,
2,62.912,2,10.41791,312.9628,-5.45186,0.5233158,6.02513,-10.1099,-34.402,0.4980011,
2,62.922,2,10.418,312.9502,-5.455456,0.5236566,6.02513,-10.1099,-34.402,0.4980011,
2,62.932,2,10.42008,312.9468,-5.452899,0.5233069,6.02513,-10.1099,-34.402,0.4980011,
2,62.942,2,10.41919,312.9433,-5.449209,0.5229976,6.02513,-10.1099,-34.402,0.4980011,
2,62.952,2,10.41819,312.9293,-5.451081,0.5232272,6.02513,-10.1099,-34.402,0.4980011,
2,62.962,2,10.41842,312.9241,-5.453422,0.5234405,6.02513,-10.1099,-34.402,0.4980011,
2,62.972,2,10.41777,312.9124,-5.4502,0.5231639,6.02513,-10.1099,-34.402,0.4980011,
2,62.982,2,10.41886,312.902,-5.445434,0.5226517,6.02513,-10.1099,-34.402,0.4980011,
2,62.992,2,10.41798,312.8946,-5.447307,0.5228753,6.0194,-10.1099,-34.4039,0.4999008,
2,63.002,2,10.41764,312.858,-5.450562,0.523205,6.0194,-10.1099,-34.4039,0.4999008,
2,63.012,2,10.4175,312.8916,-5.449977,0.5231559,6.0194,-10.1099,-34.4039,0.4999008,
2,63.022,2,10.41703,312.8574,-5.449006,0.5230864,6.0194,-10.1099,-34.4039,0.4999008,
2,63.032,2,10.41622,312.8823,-5.451398,0.5233565,6.0194,-10.1099,-34.4039,0.4999008,
2,63.042,2,10.41555,312.812,-5.453435,0.5235859,6.0194,-10.1099,-34.4039,0.4999008,
2,63.052,2,10.41713,312.8386,-5.452367,0.5234037,6.0194,-10.1099,-34.4039,0.4999008,
2,63.062,2,10.41545,312.8389,-5.45224,0.5234761,6.0194,-10.1099,-34.4039,0.4999008,
2,63.072,2,10.41402,312.828,-5.45487,0.5238007,6.0194,-10.1099,-34.4039,0.4999008,
2,63.082,2,10.41651,312.8187,-5.459587,0.5241281,6.0194,-10.1099,-34.4039,0.4999008,
2,63.092,2,10.42315,312.7857,-5.461201,0.5239494,6.0194,-10.1099,-34.4039,0.4999008,
2,63.102,2,10.43383,312.7637,-5.459941,0.5232921,6.0194,-10.1099,-34.4039,0.4999008,
2,63.112,2,10.44468,312.7326,-5.461582,0.5229055,6.0194,-10.1099,-34.4039,0.4999008,
2,63.122,2,10.4544,312.6913,-5.467577,0.522993,6.0194,-10.1099,-34.4039,0.4999008,
2,63.132,2,10.46066,312.6859,-5.469208,0.5228361,6.0194,-10.1099,-34.4039,0.4999008,
2,63.142,2,10.46362,312.6806,-5.470469,0.5228083,6.0194,-10.1099,-34.4039,0.4999008,
2,63.152,2,10.46093,312.6755,-5.469979,0.5228961,6.0194,-10.1099,-34.4039,0.4999008,
2,63.162,2,10.46034,312.6702,-5.470566,0.5229816,6.0194,-10.1099,-34.4039,0.4999008,
2,63.172,2,10.46112,312.655,-5.470157,0.5229034,6.0194,-10.1099,-34.4039,0.4999008,
2,63.182,2,10.46307,312.6428,-5.466494,0.5224558,6.0194,-10.1099,-34.4039,0.4999008,
2,63.192,2,10.46177,312.6318,-5.46387,0.5222704,6.0194,-10.1099,-34.4039,0.4999008,
2,63.202,2,10.45872,312.6307,-5.466169,0.5226423,6.0194,-10.1099,-34.4039,0.4999008,
2,63.212,2,10.46001,312.6027,-5.46745,0.5227004,6.0194,-10.1099,-34.4039,0.4999008,
2,63.222,2,10.46072,312.6046,-5.465351,0.5224644,6.0194,-10.1099,-34.4039,0.4999008,
2,63.232,2,10.4587,312.5934,-5.468427,0.522859,6.0194,-10.1099,-34.4039,0.4999008,
2,63.242,2,10.45837,312.5822,-5.471061,0.5231273,6.0194,-10.1099,-34.4039,0.4999008,
2,63.252,2,10.45862,312.5938,-5.476637,0.5236481,6.01325,-10.1099,-34.4057,0.5017014,
2,63.262,2,10.45849,312.5745,-5.475409,0.5235374,6.01325,-10.1099,-34.4057,0.5017014,
2,63.272,2,10.45928,312.5634,-5.476639,0.5236155,6.01325,-10.1099,-34.4057,0.5017014,
2,63.282,2,10.45783,312.5555,-5.478999,0.5239137,6.01325,-10.1099,-34.4057,0.5017014,
2,63.292,2,10.45796,312.5171,-5.481882,0.5241829,6.01325,-10.1099,-34.4057,0.5017014,
2,63.302,2,10.4585,312.5325,-5.481843,0.5241517,6.01325,-10.1099,-34.4057,0.5017014,
2,63.312,2,10.45621,312.5215,-5.481538,0.5242375,6.01325,-10.1099,-34.4057,0.5017014,
2,63.322,2,10.45661,312.5252,-5.485746,0.5246201,6.01325,-10.1099,-34.4057,0.5017014,
2,63.332,2,10.45618,312.5224,-5.487695,0.5248279,6.01325,-10.1099,-34.4057,0.5017014,
2,63.342,2,10.45446,312.5286,-5.486647,0.5248141,6.01325,-10.1099,-34.4057,0.5017014,
2,63.352,2,10.4586,312.5129,-5.483831,0.5243371,6.01325,-10.1099,-34.4057,0.5017014,
2,63.362,2,10.46075,312.4884,-5.482564,0.5241082,6.01325,-10.1099,-34.4057,0.5017014,
2,63.372,2,10.4741,312.4592,-5.482071,0.5233929,6.01325,-10.1099,-34.4057,0.5017014,
2,63.382,2,10.48541,312.41,-5.481011,0.5227273,6.01325,-10.1099,-34.4057,0.5017014,
2,63.392,2,10.49646,312.3929,-5.479324,0.5220165,6.01325,-10.1099,-34.4057,0.5017014,
2,63.402,2,10.50079,312.3628,-5.48074,0.521936,6.01325,-10.1099,-34.4057,0.5017014,
2,63.412,2,10.50488,312.3499,-5.4851,0.522148,6.01325,-10.1099,-34.4057,0.5017014,
2,63.422,2,10.50369,312.3421,-5.487636,0.5224485,6.01325,-10.1099,-34.4057,0.5017014,
2,63.432,2,10.50235,312.3228,-5.488593,0.5226064,6.01325,-10.1099,-34.4057,0.5017014,
2,63.442,2,10.50195,312.3125,-5.488936,0.5226588,6.01325,-10.1099,-34.4057,0.5017014,
2,63.452,2,10.50191,312.3362,-5.49135,0.5228906,6.01325,-10.1099,-34.4057,0.5017014,
2,63.462,2,10.50203,312.3055,-5.491315,0.5228811,6.01325,-10.1099,-34.4057,0.5017014,
2,63.472,2,10.5031,312.3016,-5.49324,0.5230113,6.01325,-10.1099,-34.4057,0.5017014,
2,63.482,2,10.50206,312.273,-5.491958,0.5229411,6.01325,-10.1099,-34.4057,0.5017014,
2,63.492,2,10.50344,312.2644,-5.497056,0.5233576,6.01325,-10.1099,-34.4057,0.5017014,
2,63.502,2,10.49933,312.2293,-5.501083,0.5239461,6.01325,-10.1099,-34.4057,0.5017014,
2,63.512,2,10.50046,312.2553,-5.502007,0.5239779,6.01325,-10.1099,-34.4057,0.5017014,
2,63.522,2,10.49997,312.2515,-5.50274,0.5240721,6.01325,-10.1099,-34.4057,0.5017014,
2,63.532,2,10.50075,312.2498,-5.503682,0.5241227,6.00672,-10.1099,-34.4075,0.5035019,
2,63.542,2,10.50112,312.3047,-5.507133,0.5244328,6.00672,-10.1099,-34.4075,0.5035019,
2,63.552,2,10.50028,312.229,-5.506893,0.5244518,6.00672,-10.1099,-34.4075,0.5035019,
2,63.562,2,10.50118,312.2176,-5.503661,0.5240992,6.00672,-10.1099,-34.4075,0.5035019,
2,63.572,2,10.49771,312.2117,-5.503873,0.5242929,6.00672,-10.1099,-34.4075,0.5035019,
2,63.582,2,10.49952,312.2177,-5.505557,0.5243627,6.00672,-10.1099,-34.4075,0.5035019,
2,63.592,2,10.49818,312.2013,-5.503824,0.5242647,6.00672,-10.1099,-34.4075,0.5035019,
2,63.602,2,10.4974,312.1918,-5.499398,0.5238819,6.00672,-10.1099,-34.4075,0.5035019,
2,63.612,2,10.49929,312.1832,-5.495983,0.5234622,6.00672,-10.1099,-34.4075,0.5035019,
2,63.622,2,10.49782,312.1837,-5.498172,0.523744,6.00672,-10.1099,-34.4075,0.5035019,
2,63.632,2,10.49712,312.167,-5.499604,0.5239156,6.00672,-10.1099,-34.4075,0.5035019,
2,63.642,2,10.49848,312.1595,-5.500809,0.5239626,6.00672,-10.1099,-34.4075,0.5035019,
2,63.652,2,10.50765,312.1391,-5.496703,0.5231146,6.00672,-10.1099,-34.4075,0.5035019,
2,63.662,2,10.51723,312.0901,-5.50197,0.5231386,6.00672,-10.1099,-34.4075,0.5035019,
2,63.672,2,10.52998,312.0618,-5.50376,0.5226754,6.00672,-10.1099,-34.4075,0.5035019,
2,63.682,2,10.54044,312.0345,-5.507381,0.5225001,6.00672,-10.1099,-34.4075,0.5035019,
2,63.692,2,10.54829,312.0125,-5.511961,0.5225453,6.00672,-10.1099,-34.4075,0.5035019,
2,63.702,2,10.54751,312.0031,-5.517102,0.5230716,6.00672,-10.1099,-34.4075,0.5035019,
2,63.712,2,10.54704,311.9666,-5.519145,0.5232885,6.00672,-10.1099,-34.4075,0.5035019,
2,63.722,2,10.54695,311.9952,-5.520699,0.5234405,6.00672,-10.1099,-34.4075,0.5035019,
2,63.732,2,10.5462,311.9777,-5.521163,0.5235217,6.00672,-10.1099,-34.4075,0.5035019,
2,63.742,2,10.54712,311.9702,-5.524602,0.5238017,6.00672,-10.1099,-34.4075,0.5035019,
2,63.752,2,10.5464,311.9283,-5.526163,0.5239859,6.00672,-10.1099,-34.4075,0.5035019,
2,63.762,2,10.54492,311.9607,-5.526497,0.5240911,6.00672,-10.1099,-34.4075,0.5035019,
2,63.772,2,10.5443,311.9579,-5.523418,0.5238298,6.00672,-10.1099,-34.4075,0.5035019,
2,63.782,2,10.5438,311.948,-5.522695,0.5237859,6.00672,-10.1099,-34.4075,0.5035019,
2,63.792,2,10.54472,311.9174,-5.52281,0.5237512,6.00672,-10.1099,-34.4075,0.5035019,
2,63.802,2,10.54342,311.9291,-5.523272,0.5238594,6.00672,-10.1099,-34.4075,0.5035019,
2,63.812,2,10.54401,311.9156,-5.520004,0.5235206,5.99983,-10.1099,-34.4094,0.5054016,
2,63.822,2,10.54399,311.9099,-5.519636,0.5234864,5.99983,-10.1099,-34.4094,0.5054016,
2,63.832,2,10.54333,311.8807,-5.522027,0.5237461,5.99983,-10.1099,-34.4094,0.5054016,
2,63.842,2,10.54381,311.9003,-5.522258,0.523744,5.99983,-10.1099,-34.4094,0.5054016,
2,63.852,2,10.54333,311.8891,-5.52356,0.5238916,5.99983,-10.1099,-34.4094,0.5054016,
2,63.862,2,10.5441,311.8755,-5.52208,0.5237128,5.99983,-10.1099,-34.4094,0.5054016,
2,63.872,2,10.54181,311.8584,-5.524488,0.5240552,5.99983,-10.1099,-34.4094,0.5054016,
2,63.882,2,10.54244,311.8347,-5.526725,0.5242357,5.99983,-10.1099,-34.4094,0.5054016,
2,63.892,2,10.54235,311.8439,-5.526416,0.524211,5.99983,-10.1099,-34.4094,0.5054016,
2,63.902,2,10.54562,311.8431,-5.525095,0.5239235,5.99983,-10.1099,-34.4094,0.5054016,
2,63.912,2,10.55397,311.8206,-5.530521,0.524023,5.99983,-10.1099,-34.4094,0.5054016,
2,63.922,2,10.56586,311.7599,-5.535595,0.5239133,5.99983,-10.1099,-34.4094,0.5054016,
2,63.932,2,10.57783,311.7408,-5.53751,0.5235015,5.99983,-10.1099,-34.4094,0.5054016,
2,63.942,2,10.58852,311.7184,-5.53748,0.5229703,5.99983,-10.1099,-34.4094,0.5054016,
2,63.952,2,10.59047,311.6817,-5.541746,0.5232765,5.99983,-10.1099,-34.4094,0.5054016,
2,63.962,2,10.59222,311.705,-5.545649,0.5235587,5.99983,-10.1099,-34.4094,0.5054016,
2,63.972,2,10.59032,311.6788,-5.544534,0.5235474,5.99983,-10.1099,-34.4094,0.5054016,
2,63.982,2,10.59258,311.6616,-5.543556,0.5233436,5.99983,-10.1099,-34.4094,0.5054016,
2,63.992,2,10.59145,311.6538,-5.541528,0.5232079,5.99983,-10.1099,-34.4094,0.5054016,
2,64.002,2,10.59042,311.6757,-5.54274,0.5233732,5.99983,-10.1099,-34.4094,0.5054016,
2,64.012,2,10.59198,311.6447,-5.541601,0.5231885,5.99983,-10.1099,-34.4094,0.5054016,
2,64.022,2,10.59145,311.6292,-5.536993,0.5227794,5.99983,-10.1099,-34.4094,0.5054016,
2,64.032,2,10.59061,311.6165,-5.536569,0.5227809,5.99983,-10.1099,-34.4094,0.5054016,
2,64.042,2,10.59038,311.5997,-5.538693,0.5229928,5.99983,-10.1099,-34.4094,0.5054016,
2,64.052,2,10.58986,311.6058,-5.538324,0.5229837,5.9937,-10.1099,-34.4113,0.5073013,
2,64.062,2,10.59057,311.5804,-5.53738,0.5228596,5.9937,-10.1099,-34.4113,0.5073013,
2,64.072,2,10.59007,311.5818,-5.539852,0.5231178,5.9937,-10.1099,-34.4113,0.5073013,
2,64.082,2,10.58747,311.5626,-5.544189,0.5236558,5.9937,-10.1099,-34.4113,0.5073013,
2,64.092,2,10.58688,311.5694,-5.548796,0.5241199,5.9937,-10.1099,-34.4113,0.5073013,
2,64.102,2,10.58653,311.5537,-5.5482,0.5240813,5.9937,-10.1099,-34.4113,0.5073013,
2,64.112,2,10.58779,311.5552,-5.548194,0.524018,5.9937,-10.1099,-34.4113,0.5073013,
2,64.122,2,10.58624,311.5209,-5.551258,0.524384,5.9937,-10.1099,-34.4113,0.5073013,
2,64.132,2,10.58594,311.5215,-5.553183,0.5245813,5.9937,-10.1099,-34.4113,0.5073013,
2,64.142,2,10.58655,311.5209,-5.551989,0.5244378,5.9937,-10.1099,-34.4113,0.5073013,
2,64.152,2,10.58791,311.5169,-5.552972,0.5244634,5.9937,-10.1099,-34.4113,0.5073013,
2,64.162,2,10.58587,311.5016,-5.554277,0.5246876,5.9937,-10.1099,-34.4113,0.5073013,
2,64.172,2,10.5888,311.4902,-5.557698,0.5248655,5.9937,-10.1099,-34.4113,0.5073013,
2,64.182,2,10.59547,311.4685,-5.554478,0.5242313,5.9937,-10.1099,-34.4113,0.5073013,
2,64.192,2,10.61057,311.4474,-5.551583,0.5232126,5.9937,-10.1099,-34.4113,0.5073013,
2,64.202,2,10.62097,311.4083,-5.553336,0.5228651,5.9937,-10.1099,-34.4113,0.5073013,
2,64.212,2,10.62884,311.3945,-5.555204,0.5226538,5.9937,-10.1099,-34.4113,0.5073013,
2,64.222,2,10.63105,311.3495,-5.555195,0.5225443,5.9937,-10.1099,-34.4113,0.5073013,
2,64.232,2,10.6362,311.3496,-5.551159,0.5219118,5.9937,-10.1099,-34.4113,0.5073013,
2,64.242,2,10.63605,311.3384,-5.551146,0.5219179,5.9937,-10.1099,-34.4113,0.5073013,
2,64.252,2,10.63209,311.333,-5.557482,0.5227084,5.9937,-10.1099,-34.4113,0.5073013,
2,64.262,2,10.63366,311.3197,-5.557993,0.5226794,5.9937,-10.1099,-34.4113,0.5073013,
2,64.272,2,10.63634,311.3198,-5.555754,0.5223371,5.9937,-10.1099,-34.4113,0.5073013,
2,64.282,2,10.63509,311.2818,-5.558948,0.5226988,5.9937,-10.1099,-34.4113,0.5073013,
2,64.292,2,10.63114,311.299,-5.563999,0.5233678,5.98755,-10.1099,-34.4132,0.509201,
2,64.302,2,10.63259,311.2776,-5.563993,0.5232961,5.98755,-10.1099,-34.4132,0.509201,
2,64.312,2,10.63124,311.2714,-5.565308,0.5234864,5.98755,-10.1099,-34.4132,0.509201,
2,64.322,2,10.6294,311.2646,-5.565302,0.5235761,5.98755,-10.1099,-34.4132,0.509201,
2,64.332,2,10.63178,311.2484,-5.572081,0.5240967,5.98755,-10.1099,-34.4132,0.509201,
2,64.342,2,10.62977,311.2483,-5.574813,0.5244527,5.98755,-10.1099,-34.4132,0.509201,
2,64.352,2,10.62925,311.2422,-5.572592,0.5242693,5.98755,-10.1099,-34.4132,0.509201,
2,64.362,2,10.63181,311.2268,-5.571198,0.524012,5.98755,-10.1099,-34.4132,0.509201,
2,64.372,2,10.63084,311.2219,-5.575197,0.5244361,5.98755,-10.1099,-34.4132,0.509201,
2,64.382,2,10.62648,311.166,-5.578459,0.5249581,5.98755,-10.1099,-34.4132,0.509201,
2,64.392,2,10.62846,311.2327,-5.572003,0.5242533,5.98755,-10.1099,-34.4132,0.509201,
2,64.402,2,10.63459,311.1818,-5.569827,0.523746,5.98755,-10.1099,-34.4132,0.509201,
2,64.412,2,10.64635,311.1502,-5.572177,0.5233885,5.98755,-10.1099,-34.4132,0.509201,
2,64.422,2,10.65774,311.1282,-5.572955,0.522902,5.98755,-10.1099,-34.4132,0.509201,
2,64.432,2,10.66981,311.1005,-5.570102,0.5220432,5.98755,-10.1099,-34.4132,0.509201,
2,64.442,2,10.67596,311.0736,-5.568152,0.5215601,5.98755,-10.1099,-34.4132,0.509201,
2,64.452,2,10.6762,311.0705,-5.56934,0.5216593,5.98755,-10.1099,-34.4132,0.509201,
2,64.462,2,10.68096,311.0306,-5.572832,0.5217537,5.98755,-10.1099,-34.4132,0.509201,
2,64.472,2,10.67972,311.0285,-5.574171,0.5219399,5.98755,-10.1099,-34.4132,0.509201,
2,64.482,2,10.67555,311.0256,-5.57501,0.522222,5.98755,-10.1099,-34.4132,0.509201,
2,64.492,2,10.67808,311.0128,-5.578219,0.5223992,5.98755,-10.1099,-34.4132,0.509201,
2,64.502,2,10.67595,311.0067,-5.583796,0.5230255,5.98755,-10.1099,-34.4132,0.509201,
2,64.512,2,10.67546,310.997,-5.580888,0.5227772,5.98755,-10.1099,-34.4132,0.509201,
2,64.522,2,10.67646,310.9849,-5.580588,0.5227003,5.98755,-10.1099,-34.4132,0.509201,
2,64.532,2,10.67641,310.9719,-5.583758,0.5229998,5.9818,-10.1099,-34.415,0.5110016,
2,64.542,2,10.67459,310.9159,-5.58674,0.5233679,5.9818,-10.1099,-34.415,0.5110016,
2,64.552,2,10.67636,310.9401,-5.587366,0.5233401,5.9818,-10.1099,-34.415,0.5110016,
2,64.562,2,10.67505,310.9314,-5.584553,0.5231409,5.9818,-10.1099,-34.415,0.5110016,
2,64.572,2,10.67414,310.9333,-5.587798,0.5234895,5.9818,-10.1099,-34.415,0.5110016,
2,64.582,2,10.6746,310.9401,-5.589168,0.5235949,5.9818,-10.1099,-34.415,0.5110016,
2,64.592,2,10.67516,310.9299,-5.588472,0.5235026,5.9818,-10.1099,-34.415,0.5110016,
2,64.602,2,10.67386,310.9153,-5.587379,0.5234638,5.9818,-10.1099,-34.415,0.5110016,
2,64.612,2,10.67164,310.9123,-5.58709,0.5235456,5.9818,-10.1099,-34.415,0.5110016,
2,64.622,2,10.67271,310.8858,-5.586583,0.5234454,5.9818,-10.1099,-34.415,0.5110016,
2,64.632,2,10.67612,310.8904,-5.586936,0.5233114,5.9818,-10.1099,-34.415,0.5110016,
2,64.642,2,10.67996,310.8739,-5.58269,0.5227257,5.9818,-10.1099,-34.415,0.5110016,
2,64.652,2,10.69191,310.846,-5.581754,0.5220539,5.9818,-10.1099,-34.415,0.5110016,
2,64.662,2,10.70437,310.7927,-5.584442,0.5216975,5.9818,-10.1099,-34.415,0.5110016,
2,64.672,2,10.71325,310.7992,-5.586569,0.5214635,5.9818,-10.1099,-34.415,0.5110016,
2,64.682,2,10.71932,310.7414,-5.589626,0.5214533,5.9818,-10.1099,-34.415,0.5110016,
2,64.692,2,10.72241,310.7304,-5.593619,0.5216758,5.9818,-10.1099,-34.415,0.5110016,
2,64.702,2,10.72377,310.6999,-5.597392,0.5219611,5.9818,-10.1099,-34.415,0.5110016,
2,64.712,2,10.72358,310.7472,-5.600558,0.5222659,5.9818,-10.1099,-34.415,0.5110016,
2,64.722,2,10.71971,310.6906,-5.601477,0.5225399,5.9818,-10.1099,-34.415,0.5110016,
2,64.732,2,10.7195,310.6702,-5.604033,0.5227888,5.9818,-10.1099,-34.415,0.5110016,
2,64.742,2,10.71806,310.6831,-5.608586,0.5232835,5.9818,-10.1099,-34.415,0.5110016,
2,64.752,2,10.71812,310.6617,-5.610918,0.5234983,5.9818,-10.1099,-34.415,0.5110016,
2,64.762,2,10.71716,310.6629,-5.612786,0.5237194,5.9818,-10.1099,-34.415,0.5110016,
2,64.772,2,10.71774,310.6555,-5.612303,0.5236459,5.97605,-10.1099,-34.4168,0.5128021,
2,64.782,2,10.71744,310.6497,-5.612695,0.5236973,5.97605,-10.1099,-34.4168,0.5128021,
2,64.792,2,10.71896,310.6519,-5.615484,0.5238832,5.97605,-10.1099,-34.4168,0.5128021,
2,64.802,2,10.71689,310.6335,-5.615862,0.5240197,5.97605,-10.1099,-34.4168,0.5128021,
2,64.812,2,10.71597,310.6149,-5.614885,0.5239735,5.97605,-10.1099,-34.4168,0.5128021,
2,64.822,2,10.71803,310.6146,-5.615028,0.5238861,5.97605,-10.1099,-34.4168,0.5128021,
2,64.832,2,10.71559,310.6088,-5.613403,0.523854,5.97605,-10.1099,-34.4168,0.5128021,
2,64.842,2,10.71612,310.6014,-5.613454,0.5238327,5.97605,-10.1099,-34.4168,0.5128021,
2,64.852,2,10.7163,310.5971,-5.609464,0.5234513,5.97605,-10.1099,-34.4168,0.5128021,
2,64.862,2,10.71674,310.5952,-5.606923,0.5231929,5.97605,-10.1099,-34.4168,0.5128021,
2,64.872,2,10.71776,310.5804,-5.608055,0.5232486,5.97605,-10.1099,-34.4168,0.5128021,
2,64.882,2,10.72349,310.5809,-5.608159,0.5229791,5.97605,-10.1099,-34.4168,0.5128021,
2,64.892,2,10.73137,310.5313,-5.609681,0.5227366,5.97605,-10.1099,-34.4168,0.5128021,
2,64.902,2,10.74356,310.4917,-5.610984,0.5222649,5.97605,-10.1099,-34.4168,0.5128021,
2,64.912,2,10.75314,310.4533,-5.616762,0.5223367,5.97605,-10.1099,-34.4168,0.5128021,
2,64.922,2,10.76101,310.426,-5.620769,0.5223274,5.97605,-10.1099,-34.4168,0.5128021,
2,64.932,2,10.7638,310.418,-5.622547,0.522357,5.97605,-10.1099,-34.4168,0.5128021,
2,64.942,2,10.76292,310.4034,-5.624159,0.5225497,5.97605,-10.1099,-34.4168,0.5128021,
2,64.952,2,10.76368,310.4031,-5.626952,0.522772,5.97605,-10.1099,-34.4168,0.5128021,
2,64.962,2,10.76105,310.3999,-5.632174,0.5233852,5.97605,-10.1099,-34.4168,0.5128021,
2,64.972,2,10.7616,310.3976,-5.634388,0.5235643,5.97605,-10.1099,-34.4168,0.5128021,
2,64.982,2,10.76058,310.3793,-5.635322,0.5237006,5.97605,-10.1099,-34.4168,0.5128021,
2,64.992,2,10.76059,310.3671,-5.634249,0.5236004,5.97605,-10.1099,-34.4168,0.5128021,
2,65.002,2,10.76102,310.3411,-5.63975,0.5240906,5.97605,-10.1099,-34.4168,0.5128021,
2,65.012,2,10.75989,310.3528,-5.639496,0.5241221,5.9703,-10.1099,-34.4186,0.5145988,
2,65.022,2,10.76045,310.3526,-5.63755,0.5239142,5.9703,-10.1099,-34.4186,0.5145988,
2,65.032,2,10.76297,310.3331,-5.635489,0.5235998,5.9703,-10.1099,-34.4186,0.5145988,
2,65.042,2,10.76021,310.3102,-5.634925,0.5236819,5.9703,-10.1099,-34.4186,0.5145988,
2,65.052,2,10.7588,310.3228,-5.634456,0.5237067,5.9703,-10.1099,-34.4186,0.5145988,
2,65.062,2,10.75746,310.3145,-5.630644,0.5234178,5.9703,-10.1099,-34.4186,0.5145988,
2,65.072,2,10.75866,310.2991,-5.628253,0.5231367,5.9703,-10.1099,-34.4186,0.5145988,
2,65.082,2,10.7581,310.2891,-5.630038,0.52333,5.9703,-10.1099,-34.4186,0.5145988,
2,65.092,2,10.7563,310.2874,-5.634384,0.5238215,5.9703,-10.1099,-34.4186,0.5145988,
2,65.102,2,10.75636,310.2795,-5.634646,0.5238429,5.9703,-10.1099,-34.4186,0.5145988,
2,65.112,2,10.76011,310.2643,-5.634083,0.5236082,5.9703,-10.1099,-34.4186,0.5145988,
2,65.122,2,10.76614,310.2201,-5.635217,0.5234203,5.9703,-10.1099,-34.4186,0.5145988,
2,65.132,2,10.77571,310.2253,-5.638506,0.5232607,5.9703,-10.1099,-34.4186,0.5145988,
2,65.142,2,10.78457,310.1694,-5.640043,0.5229736,5.9703,-10.1099,-34.4186,0.5145988,
2,65.152,2,10.79439,310.1409,-5.640345,0.5225257,5.9703,-10.1099,-34.4186,0.5145988,
2,65.162,2,10.80097,310.1358,-5.647215,0.5228434,5.9703,-10.1099,-34.4186,0.5145988,
2,65.172,2,10.80115,310.1414,-5.652838,0.5233552,5.9703,-10.1099,-34.4186,0.5145988,
2,65.182,2,10.80237,310.1101,-5.654859,0.5234833,5.9703,-10.1099,-34.4186,0.5145988,
2,65.192,2,10.80347,310.0859,-5.654969,0.5234399,5.9703,-10.1099,-34.4186,0.5145988,
2,65.202,2,10.80244,310.0688,-5.658371,0.5238047,5.9703,-10.1099,-34.4186,0.5145988,
2,65.212,2,10.80337,310.0029,-5.661387,0.5240391,5.9703,-10.1099,-34.4186,0.5145988,
2,65.222,2,10.80128,310.0591,-5.660879,0.5240932,5.9703,-10.1099,-34.4186,0.5145988,
2,65.232,2,10.80168,310.0516,-5.655444,0.523571,5.9703,-10.1099,-34.4186,0.5145988,
2,65.242,2,10.80063,310.0481,-5.655391,0.523617,5.9703,-10.1099,-34.4186,0.5145988,
2,65.252,2,10.79907,310.0317,-5.655811,0.5237315,5.9703,-10.1099,-34.4186,0.5145988,
2,65.262,2,10.80086,310.0295,-5.654057,0.5234823,5.96455,-10.1099,-34.4204,0.5163994,
2,65.272,2,10.80166,310.0161,-5.650486,0.5231125,5.96455,-10.1099,-34.4204,0.5163994,
2,65.282,2,10.79928,310.0106,-5.647285,0.5229316,5.96455,-10.1099,-34.4204,0.5163994,
2,65.292,2,10.80004,309.9544,-5.652528,0.5233805,5.96455,-10.1099,-34.4204,0.5163994,
2,65.302,2,10.79866,310.0151,-5.652206,0.5234174,5.96455,-10.1099,-34.4204,0.5163994,
2,65.312,2,10.79788,309.9215,-5.651783,0.523416,5.96455,-10.1099,-34.4204,0.5163994,
2,65.322,2,10.7982,310.0302,-5.653312,0.523542,5.96455,-10.1099,-34.4204,0.5163994,
2,65.332,2,10.79784,309.9697,-5.656353,0.5238409,5.96455,-10.1099,-34.4204,0.5163994,
2,65.342,2,10.79631,309.9528,-5.659901,0.524244,5.96455,-10.1099,-34.4204,0.5163994,
2,65.352,2,10.79772,309.9365,-5.65961,0.5241488,5.96455,-10.1099,-34.4204,0.5163994,
2,65.362,2,10.80602,309.9258,-5.6559,0.5234026,5.96455,-10.1099,-34.4204,0.5163994,
2,65.372,2,10.81688,309.9004,-5.661977,0.523439,5.96455,-10.1099,-34.4204,0.5163994,
2,65.382,2,10.82348,309.8523,-5.667692,0.5236479,5.96455,-10.1099,-34.4204,0.5163994,
2,65.392,2,10.83465,309.8243,-5.66917,0.5232446,5.96455,-10.1099,-34.4204,0.5163994,
2,65.402,2,10.84095,309.7963,-5.670193,0.5230347,5.96455,-10.1099,-34.4204,0.5163994,
2,65.412,2,10.8435,309.7847,-5.675343,0.5233868,5.96455,-10.1099,-34.4204,0.5163994,
2,65.422,2,10.84029,309.8016,-5.679561,0.5239308,5.96455,-10.1099,-34.4204,0.5163994,
2,65.432,2,10.84093,309.7633,-5.677239,0.5236858,5.96455,-10.1099,-34.4204,0.5163994,
2,65.442,2,10.84137,309.7634,-5.675611,0.5235144,5.96455,-10.1099,-34.4204,0.5163994,
2,65.452,2,10.84141,309.7506,-5.675069,0.5234622,5.96455,-10.1099,-34.4204,0.5163994,
2,65.462,2,10.83855,309.7295,-5.676694,0.5237505,5.96455,-10.1099,-34.4204,0.5163994,
2,65.472,2,10.84,309.7098,-5.674196,0.5234496,5.96455,-10.1099,-34.4204,0.5163994,
2,65.482,2,10.84228,309.7098,-5.669431,0.5229002,5.96455,-10.1099,-34.4204,0.5163994,
2,65.492,2,10.84068,309.717,-5.669384,0.5229732,5.95878,-10.1099,-34.4221,0.5181007,
2,65.502,2,10.83822,309.7359,-5.672935,0.5234193,5.95878,-10.1099,-34.4221,0.5181007,
2,65.512,2,10.83979,309.6899,-5.673627,0.5234075,5.95878,-10.1099,-34.4221,0.5181007,
2,65.522,2,10.8381,309.6927,-5.67331,0.5234596,5.95878,-10.1099,-34.4221,0.5181007,
2,65.532,2,10.84088,309.6659,-5.675604,0.523537,5.95878,-10.1099,-34.4221,0.5181007,
2,65.542,2,10.83904,309.6996,-5.678989,0.5239382,5.95878,-10.1099,-34.4221,0.5181007,
2,65.552,2,10.83695,309.6809,-5.678185,0.523965,5.95878,-10.1099,-34.4221,0.5181007,
2,65.562,2,10.83794,309.6531,-5.678082,0.5239081,5.95878,-10.1099,-34.4221,0.5181007,
2,65.572,2,10.83857,309.6463,-5.678611,0.5239261,5.95878,-10.1099,-34.4221,0.5181007,
2,65.582,2,10.83643,309.6244,-5.685143,0.5246323,5.95878,-10.1099,-34.4221,0.5181007,
2,65.592,2,10.8365,309.6242,-5.688522,0.5249408,5.95878,-10.1099,-34.4221,0.5181007,
2,65.602,2,10.83692,309.614,-5.684869,0.5245833,5.95878,-10.1099,-34.4221,0.5181007,
2,65.612,2,10.83942,309.6054,-5.687853,0.5247378,5.95878,-10.1099,-34.4221,0.5181007,
2,65.622,2,10.84307,309.5731,-5.690143,0.524772,5.95878,-10.1099,-34.4221,0.5181007,
2,65.632,2,10.85733,309.5565,-5.690312,0.5240989,5.95878,-10.1099,-34.4221,0.5181007,
2,65.642,2,10.86911,309.5171,-5.688618,0.5233746,5.95878,-10.1099,-34.4221,0.5181007,
2,65.652,2,10.87718,309.4868,-5.689886,0.5231032,5.95878,-10.1099,-34.4221,0.5181007,
2,65.662,2,10.87895,309.468,-5.691157,0.523135,5.95878,-10.1099,-34.4221,0.5181007,
2,65.672,2,10.88131,309.4327,-5.693279,0.5232165,5.95878,-10.1099,-34.4221,0.5181007,
2,65.682,2,10.88062,309.4542,-5.691503,0.5230862,5.95878,-10.1099,-34.4221,0.5181007,
2,65.692,2,10.88208,309.4433,-5.689474,0.5228294,5.95878,-10.1099,-34.4221,0.5181007,
2,65.702,2,10.87713,309.4229,-5.690088,0.5231239,5.95878,-10.1099,-34.4221,0.5181007,
2,65.712,2,10.87764,309.421,-5.69187,0.5232632,5.95878,-10.1099,-34.4221,0.5181007,
2,65.722,2,10.87917,309.402,-5.692439,0.5232421,5.95878,-10.1099,-34.4221,0.5181007,
2,65.732,2,10.87863,309.3904,-5.693639,0.5233784,5.95878,-10.1099,-34.4221,0.5181007,
2,65.742,2,10.87656,309.376,-5.695652,0.5236629,5.95878,-10.1099,-34.4221,0.5181007,
2,65.752,2,10.87741,309.3517,-5.698752,0.5239069,5.95878,-10.1099,-34.4221,0.5181007,
2,65.762,2,10.8766,309.3708,-5.699991,0.5240601,5.95878,-10.1099,-34.4221,0.5181007,
2,65.772,2,10.87743,309.4005,-5.700027,0.5240233,5.95878,-10.1099,-34.4221,0.5181007,
2,65.782,2,10.87606,309.3271,-5.70087,0.5241668,5.95265,-10.1099,-34.4239,0.5199013,
2,65.792,2,10.87806,309.3325,-5.705287,0.5244763,5.95265,-10.1099,-34.4239,0.5199013,
2,65.802,2,10.87506,309.3363,-5.705954,0.5246823,5.95265,-10.1099,-34.4239,0.5199013,
2,65.812,2,10.8733,309.3214,-5.704156,0.524602,5.95265,-10.1099,-34.4239,0.5199013,
2,65.822,2,10.87565,309.3181,-5.707458,0.5247921,5.95265,-10.1099,-34.4239,0.5199013,
2,65.832,2,10.87529,309.3087,-5.710215,0.5250632,5.95265,-10.1099,-34.4239,0.5199013,
2,65.842,2,10.87628,309.294,-5.710917,0.52508,5.95265,-10.1099,-34.4239,0.5199013,
2,65.852,2,10.87556,309.2891,-5.709076,0.5249455,5.95265,-10.1099,-34.4239,0.5199013,
2,65.862,2,10.87572,309.2866,-5.706462,0.5246974,5.95265,-10.1099,-34.4239,0.5199013,
2,65.872,2,10.87495,309.2647,-5.704783,0.52458,5.95265,-10.1099,-34.4239,0.5199013,
2,65.882,2,10.87521,309.2648,-5.705212,0.5246072,5.95265,-10.1099,-34.4239,0.5199013,
2,65.892,2,10.87109,309.2598,-5.700673,0.5243882,5.95265,-10.1099,-34.4239,0.5199013,
2,65.902,2,10.87781,309.2278,-5.698079,0.5238259,5.95265,-10.1099,-34.4239,0.5199013,
2,65.912,2,10.88755,309.2145,-5.69923,0.5234632,5.95265,-10.1099,-34.4239,0.5199013,
2,65.922,2,10.89785,309.1791,-5.702573,0.523275,5.95265,-10.1099,-34.4239,0.5199013,
2,65.932,2,10.91208,309.1406,-5.704739,0.522791,5.95265,-10.1099,-34.4239,0.5199013,
2,65.942,2,10.92025,309.114,-5.70347,0.5222836,5.95265,-10.1099,-34.4239,0.5199013,
2,65.952,2,10.92277,309.0719,-5.710563,0.5228125,5.95265,-10.1099,-34.4239,0.5199013,
2,65.962,2,10.92292,309.0612,-5.714908,0.5232032,5.95265,-10.1099,-34.4239,0.5199013,
2,65.972,2,10.92213,309.0511,-5.716273,0.523366,5.95265,-10.1099,-34.4239,0.5199013,
2,65.982,2,10.92138,309.0518,-5.717016,0.5234702,5.95265,-10.1099,-34.4239,0.5199013,
2,65.992,2,10.92101,309.0416,-5.721621,0.5239097,5.95265,-10.1099,-34.4239,0.5199013,
2,66.002,2,10.92219,309.0557,-5.725014,0.5241637,5.95265,-10.1099,-34.4239,0.5199013,
2,66.012,2,10.92109,309.0437,-5.728177,0.524506,5.95265,-10.1099,-34.4239,0.5199013,
2,66.022,2,10.91934,309.0194,-5.729459,0.5247073,5.95265,-10.1099,-34.4239,0.5199013,
2,66.032,2,10.9191,309.0079,-5.729817,0.5247518,5.9465,-10.1099,-34.4258,0.521801,
2,66.042,2,10.92062,308.9724,-5.731094,0.5247955,5.9465,-10.1099,-34.4258,0.521801,
2,66.052,2,10.91963,308.9984,-5.730317,0.524772,5.9465,-10.1099,-34.4258,0.521801,
2,66.062,2,10.91961,308.9733,-5.727294,0.5244963,5.9465,-10.1099,-34.4258,0.521801,
2,66.072,2,10.92125,308.9772,-5.726686,0.5243618,5.9465,-10.1099,-34.4258,0.521801,
2,66.082,2,10.91983,308.9698,-5.727407,0.5244961,5.9465,-10.1099,-34.4258,0.521801,
2,66.092,2,10.9172,308.9781,-5.727385,0.5246201,5.9465,-10.1099,-34.4258,0.521801,
2,66.102,2,10.92,308.962,-5.722557,0.5240434,5.9465,-10.1099,-34.4258,0.521801,
2,66.112,2,10.91992,308.9467,-5.721975,0.5239941,5.9465,-10.1099,-34.4258,0.521801,
2,66.122,2,10.91691,308.9324,-5.722613,0.524197,5.9465,-10.1099,-34.4258,0.521801,
2,66.132,2,10.91658,308.9356,-5.723598,0.5243033,5.9465,-10.1099,-34.4258,0.521801,
2,66.142,2,10.91767,308.9128,-5.724229,0.5243086,5.9465,-10.1099,-34.4258,0.521801,
2,66.152,2,10.91999,308.9106,-5.722551,0.5240438,5.9465,-10.1099,-34.4258,0.521801,
2,66.162,2,10.9227,308.878,-5.725225,0.5241582,5.9465,-10.1099,-34.4258,0.521801,
2,66.172,2,10.93805,308.8337,-5.72883,0.5237523,5.9465,-10.1099,-34.4258,0.521801,
2,66.182,2,10.94588,308.8107,-5.731574,0.5236285,5.9465,-10.1099,-34.4258,0.521801,
2,66.192,2,10.95625,308.7784,-5.734362,0.523387,5.9465,-10.1099,-34.4258,0.521801,
2,66.202,2,10.96249,308.7604,-5.736797,0.5233113,5.9465,-10.1099,-34.4258,0.521801,
2,66.212,2,10.96425,308.769,-5.741984,0.5237004,5.9465,-10.1099,-34.4258,0.521801,
2,66.222,2,10.96734,308.7503,-5.744856,0.5238147,5.9465,-10.1099,-34.4258,0.521801,
2,66.232,2,10.96648,308.721,-5.744897,0.5238597,5.9465,-10.1099,-34.4258,0.521801,
2,66.242,2,10.96346,308.6984,-5.747039,0.5241991,5.9465,-10.1099,-34.4258,0.521801,
2,66.252,2,10.96414,308.7225,-5.753233,0.5247321,5.9465,-10.1099,-34.4258,0.521801,
2,66.262,2,10.96243,308.6995,-5.75316,0.524807,5.9465,-10.1099,-34.4258,0.521801,
2,66.272,2,10.96385,308.6827,-5.750059,0.5244563,5.9465,-10.1099,-34.4258,0.521801,
2,66.282,2,10.96233,308.674,-5.749267,0.5244569,5.9465,-10.1099,-34.4258,0.521801,
2,66.292,2,10.96309,308.689,-5.74851,0.5243515,5.9396,-10.1099,-34.4276,0.5236015,
2,66.302,2,10.96191,308.6624,-5.747482,0.5243139,5.9396,-10.1099,-34.4276,0.5236015,
2,66.312,2,10.96139,308.6486,-5.744756,0.5240903,5.9396,-10.1099,-34.4276,0.5236015,
2,66.322,2,10.96184,308.6363,-5.743223,0.5239288,5.9396,-10.1099,-34.4276,0.5236015,
2,66.332,2,10.96055,308.622,-5.745605,0.5242079,5.9396,-10.1099,-34.4276,0.5236015,
2,66.342,2,10.96078,308.6055,-5.746053,0.5242376,5.9396,-10.1099,-34.4276,0.5236015,
2,66.352,2,10.96093,308.6071,-5.745646,0.5241935,5.9396,-10.1099,-34.4276,0.5236015,
2,66.362,2,10.95786,308.5925,-5.747232,0.524485,5.9396,-10.1099,-34.4276,0.5236015,
2,66.372,2,10.95807,308.5907,-5.749525,0.5246843,5.9396,-10.1099,-34.4276,0.5236015,
2,66.382,2,10.96175,308.5566,-5.752558,0.5247844,5.9396,-10.1099,-34.4276,0.5236015,
2,66.392,2,10.95874,308.578,-5.754331,0.5250905,5.9396,-10.1099,-34.4276,0.5236015,
2,66.402,2,10.95641,308.5653,-5.754195,0.5251897,5.9396,-10.1099,-34.4276,0.5236015,
2,66.412,2,10.96159,308.5404,-5.757976,0.5252863,5.9396,-10.1099,-34.4276,0.5236015,
2,66.422,2,10.96771,308.5424,-5.759927,0.5251713,5.9396,-10.1099,-34.4276,0.5236015,
2,66.432,2,10.98127,308.4897,-5.760491,0.5245742,5.9396,-10.1099,-34.4276,0.5236015,
2,66.442,2,10.99353,308.443,-5.7578,0.5237445,5.9396,-10.1099,-34.4276,0.5236015,
2,66.452,2,11.00257,308.4131,-5.762337,0.5237264,5.9396,-10.1099,-34.4276,0.5236015,
2,66.462,2,11.00559,308.3558,-5.769372,0.524222,5.9396,-10.1099,-34.4276,0.5236015,
2,66.472,2,11.00953,308.3905,-5.76662,0.5237846,5.9396,-10.1099,-34.4276,0.5236015,
2,66.482,2,11.00773,308.3859,-5.766491,0.5238585,5.9396,-10.1099,-34.4276,0.5236015,
2,66.492,2,11.0064,308.3771,-5.771114,0.5243415,5.9396,-10.1099,-34.4276,0.5236015,
2,66.502,2,11.0108,308.3459,-5.767653,0.5238178,5.9396,-10.1099,-34.4276,0.5236015,
2,66.512,2,11.00803,308.3471,-5.767132,0.5239025,5.9396,-10.1099,-34.4276,0.5236015,
2,66.522,2,11.00513,308.339,-5.76579,0.5239185,5.9396,-10.1099,-34.4276,0.5236015,
2,66.532,2,11.00574,308.3299,-5.761614,0.5235097,5.9396,-10.1099,-34.4276,0.5236015,
2,66.542,2,11.00624,308.3127,-5.764503,0.5237485,5.9396,-10.1099,-34.4276,0.5236015,
2,66.552,2,11.00401,308.2875,-5.767894,0.5241628,5.9396,-10.1099,-34.4276,0.5236015,
2,66.562,2,11.0061,308.2935,-5.765046,0.5238045,5.93348,-10.1099,-34.4295,0.5255013,
2,66.572,2,11.00888,308.2833,-5.767638,0.5239076,5.93348,-10.1099,-34.4295,0.5255013,
2,66.582,2,11.00355,308.28,-5.772841,0.5246344,5.93348,-10.1099,-34.4295,0.5255013,
2,66.592,2,11.00206,308.2764,-5.773458,0.5247615,5.93348,-10.1099,-34.4295,0.5255013,
2,66.602,2,11.00634,308.2589,-5.772286,0.524451,5.93348,-10.1099,-34.4295,0.5255013,
2,66.612,2,11.00416,308.2444,-5.773262,0.5246438,5.93348,-10.1099,-34.4295,0.5255013,
2,66.622,2,11.00288,308.2373,-5.776401,0.5249897,5.93348,-10.1099,-34.4295,0.5255013,
2,66.632,2,11.0054,308.2491,-5.777446,0.5249647,5.93348,-10.1099,-34.4295,0.5255013,
2,66.642,2,11.0046,308.2195,-5.777486,0.5250064,5.93348,-10.1099,-34.4295,0.5255013,
2,66.652,2,11.00152,308.2143,-5.779338,0.5253216,5.93348,-10.1099,-34.4295,0.5255013,
2,66.662,2,11.00341,308.2213,-5.778922,0.5251938,5.93348,-10.1099,-34.4295,0.5255013,
2,66.672,2,11.00308,308.2444,-5.783656,0.5256398,5.93348,-10.1099,-34.4295,0.5255013,
2,66.682,2,11.00488,308.1832,-5.780364,0.5252544,5.93348,-10.1099,-34.4295,0.5255013,
2,66.692,2,11.01135,308.1629,-5.777232,0.5246615,5.93348,-10.1099,-34.4295,0.5255013,
2,66.702,2,11.02245,308.13,-5.778737,0.5242699,5.93348,-10.1099,-34.4295,0.5255013,
2,66.712,2,11.03231,308.0699,-5.777822,0.5237181,5.93348,-10.1099,-34.4295,0.5255013,
2,66.722,2,11.04362,308.0485,-5.776823,0.5230915,5.93348,-10.1099,-34.4295,0.5255013,
2,66.732,2,11.05425,308.0292,-5.773713,0.5223069,5.93348,-10.1099,-34.4295,0.5255013,
2,66.742,2,11.05156,308.0217,-5.776661,0.5227008,5.93348,-10.1099,-34.4295,0.5255013,
2,66.752,2,11.05206,308.0073,-5.779589,0.5229421,5.93348,-10.1099,-34.4295,0.5255013,
2,66.762,2,11.05207,308.0018,-5.782296,0.5231868,5.93348,-10.1099,-34.4295,0.5255013,
2,66.772,2,11.05391,307.9783,-5.781331,0.5230122,5.93348,-10.1099,-34.4295,0.5255013,
2,66.782,2,11.0502,307.965,-5.785339,0.5235505,5.93348,-10.1099,-34.4295,0.5255013,
2,66.792,2,11.04879,307.9843,-5.785325,0.523616,5.93348,-10.1099,-34.4295,0.5255013,
2,66.802,2,11.04969,307.9396,-5.789661,0.5239658,5.93348,-10.1099,-34.4295,0.5255013,
2,66.812,2,11.0488,307.9296,-5.791178,0.5241455,5.93348,-10.1099,-34.4295,0.5255013,
2,66.822,2,11.04982,307.9322,-5.789697,0.5239629,5.93348,-10.1099,-34.4295,0.5255013,
2,66.832,2,11.0464,307.9049,-5.793965,0.5245116,5.92732,-10.1099,-34.4314,0.527401,
2,66.842,2,11.04797,307.9048,-5.79745,0.5247524,5.92732,-10.1099,-34.4314,0.527401,
2,66.852,2,11.04989,307.8911,-5.79718,0.5246367,5.92732,-10.1099,-34.4314,0.527401,
2,66.862,2,11.04872,307.9019,-5.797057,0.5246812,5.92732,-10.1099,-34.4314,0.527401,
2,66.872,2,11.04535,307.8721,-5.799789,0.5250887,5.92732,-10.1099,-34.4314,0.527401,
2,66.882,2,11.04688,307.9095,-5.8,0.5250351,5.92732,-10.1099,-34.4314,0.527401,
2,66.892,2,11.04799,307.8671,-5.798381,0.5248358,5.92732,-10.1099,-34.4314,0.527401,
2,66.902,2,11.04766,307.8541,-5.795472,0.5245884,5.92732,-10.1099,-34.4314,0.527401,
2,66.912,2,11.05066,307.8233,-5.793662,0.5242819,5.92732,-10.1099,-34.4314,0.527401,
2,66.922,2,11.06238,307.8029,-5.796503,0.5239834,5.92732,-10.1099,-34.4314,0.527401,
2,66.932,2,11.07325,307.7652,-5.792833,0.5231376,5.92732,-10.1099,-34.4314,0.527401,
2,66.942,2,11.08426,307.7237,-5.79099,0.5224516,5.92732,-10.1099,-34.4314,0.527401,
2,66.952,2,11.09534,307.6916,-5.792217,0.5220403,5.92732,-10.1099,-34.4314,0.527401,
2,66.962,2,11.09733,307.7032,-5.797374,0.5224115,5.92732,-10.1099,-34.4314,0.527401,
2,66.972,2,11.09737,307.6641,-5.79949,0.5226006,5.92732,-10.1099,-34.4314,0.527401,
2,66.982,2,11.09927,307.6719,-5.799078,0.5224738,5.92732,-10.1099,-34.4314,0.527401,
2,66.992,2,11.09916,307.6415,-5.803059,0.5228377,5.92732,-10.1099,-34.4314,0.527401,
2,67.002,2,11.09423,307.6332,-5.808561,0.5235658,5.92732,-10.1099,-34.4314,0.527401,
2,67.012,2,11.09663,307.6157,-5.808875,0.5234808,5.92732,-10.1099,-34.4314,0.527401,
2,67.022,2,11.09894,307.6107,-5.808113,0.5233036,5.92732,-10.1099,-34.4314,0.527401,
2,67.032,2,11.09456,307.6139,-5.809385,0.5236248,5.92732,-10.1099,-34.4314,0.527401,
2,67.042,2,11.09496,307.6027,-5.814466,0.5240638,5.92158,-10.1099,-34.4333,0.5293007,
2,67.052,2,11.0938,307.5767,-5.815414,0.5242039,5.92158,-10.1099,-34.4333,0.5293007,
2,67.062,2,11.0936,307.5809,-5.812312,0.523934,5.92158,-10.1099,-34.4333,0.5293007,
2,67.072,2,11.09589,307.5652,-5.814639,0.5240356,5.92158,-10.1099,-34.4333,0.5293007,
2,67.082,2,11.09289,307.5522,-5.818194,0.5244976,5.92158,-10.1099,-34.4333,0.5293007,
2,67.092,2,11.08996,307.5403,-5.819346,0.5247401,5.92158,-10.1099,-34.4333,0.5293007,
2,67.102,2,11.09344,307.5474,-5.817017,0.5243656,5.92158,-10.1099,-34.4333,0.5293007,
2,67.112,2,11.09233,307.5403,-5.812427,0.5240039,5.92158,-10.1099,-34.4333,0.5293007,
2,67.122,2,11.09038,307.5229,-5.812152,0.5240715,5.92158,-10.1099,-34.4333,0.5293007,
2,67.132,2,11.09455,307.5184,-5.815369,0.5241644,5.92158,-10.1099,-34.4333,0.5293007,
2,67.142,2,11.09136,307.5307,-5.808435,0.5236899,5.92158,-10.1099,-34.4333,0.5293007,
2,67.152,2,11.09751,307.4587,-5.805261,0.523114,5.92158,-10.1099,-34.4333,0.5293007,
2,67.162,2,11.10674,307.4508,-5.808589,0.5229786,5.92158,-10.1099,-34.4333,0.5293007,
2,67.172,2,11.11649,307.3913,-5.808641,0.5225246,5.92158,-10.1099,-34.4333,0.5293007,
2,67.182,2,11.12947,307.392,-5.810757,0.5221052,5.92158,-10.1099,-34.4333,0.5293007,
2,67.192,2,11.13622,307.3582,-5.812788,0.5219713,5.92158,-10.1099,-34.4333,0.5293007,
2,67.202,2,11.1432,307.3365,-5.816252,0.5219553,5.92158,-10.1099,-34.4333,0.5293007,
2,67.212,2,11.13812,307.2517,-5.82335,0.5228308,5.92158,-10.1099,-34.4333,0.5293007,
2,67.222,2,11.13328,307.3001,-5.827806,0.5234583,5.92158,-10.1099,-34.4333,0.5293007,
2,67.232,2,11.14343,307.2863,-5.823987,0.5226388,5.92158,-10.1099,-34.4333,0.5293007,
2,67.242,2,11.13835,307.2887,-5.829906,0.5234085,5.92158,-10.1099,-34.4333,0.5293007,
2,67.252,2,11.13376,307.2855,-5.835404,0.524118,5.92158,-10.1099,-34.4333,0.5293007,
2,67.262,2,11.14069,307.2641,-5.833877,0.5236549,5.92158,-10.1099,-34.4333,0.5293007,
2,67.272,2,11.1383,307.2732,-5.83529,0.523894,5.92158,-10.1099,-34.4333,0.5293007,
2,67.282,2,11.13334,307.2507,-5.837389,0.524316,5.92158,-10.1099,-34.4333,0.5293007,
2,67.292,2,11.13546,307.2531,-5.84177,0.5246097,5.92158,-10.1099,-34.4333,0.5293007,
2,67.302,2,11.13546,307.2255,-5.842416,0.5246677,5.92158,-10.1099,-34.4333,0.5293007,
2,67.312,2,11.13135,307.2029,-5.843206,0.5249324,5.91582,-10.1099,-34.4351,0.5311012,
2,67.322,2,11.13616,307.2072,-5.838111,0.5242479,5.91582,-10.1099,-34.4351,0.5311012,
2,67.332,2,11.13743,307.2144,-5.836261,0.5240224,5.91582,-10.1099,-34.4351,0.5311012,
2,67.342,2,11.13306,307.2075,-5.841532,0.5247012,5.91582,-10.1099,-34.4351,0.5311012,
2,67.352,2,11.13282,307.1851,-5.836339,0.5242464,5.91582,-10.1099,-34.4351,0.5311012,
2,67.362,2,11.13604,307.1696,-5.828588,0.5233986,5.91582,-10.1099,-34.4351,0.5311012,
2,67.372,2,11.13524,307.1594,-5.838122,0.5242926,5.91582,-10.1099,-34.4351,0.5311012,
2,67.382,2,11.13016,307.1523,-5.837594,0.5244844,5.91582,-10.1099,-34.4351,0.5311012,
2,67.392,2,11.13047,307.1303,-5.83603,0.5243291,5.91582,-10.1099,-34.4351,0.5311012,
2,67.402,2,11.13295,307.1242,-5.838546,0.5244384,5.91582,-10.1099,-34.4351,0.5311012,
2,67.412,2,11.13087,307.117,-5.839885,0.5246567,5.91582,-10.1099,-34.4351,0.5311012,
2,67.422,2,11.1317,307.105,-5.844312,0.5250152,5.91582,-10.1099,-34.4351,0.5311012,
2,67.432,2,11.1315,307.0981,-5.846131,0.5251883,5.91582,-10.1099,-34.4351,0.5311012,
2,67.442,2,11.13706,307.0823,-5.841717,0.5245298,5.91582,-10.1099,-34.4351,0.5311012,
2,67.452,2,11.14822,307.0463,-5.844908,0.5242907,5.91582,-10.1099,-34.4351,0.5311012,
2,67.462,2,11.16092,306.9847,-5.848874,0.5240495,5.91582,-10.1099,-34.4351,0.5311012,
2,67.472,2,11.16987,306.9513,-5.851859,0.5238969,5.91582,-10.1099,-34.4351,0.5311012,
2,67.482,2,11.17592,306.9446,-5.853752,0.5237828,5.91582,-10.1099,-34.4351,0.5311012,
2,67.492,2,11.17923,306.9316,-5.857103,0.5239273,5.91582,-10.1099,-34.4351,0.5311012,
2,67.502,2,11.1771,306.944,-5.861032,0.5243787,5.91582,-10.1099,-34.4351,0.5311012,
2,67.512,2,11.1785,306.9139,-5.864344,0.5246091,5.91582,-10.1099,-34.4351,0.5311012,
2,67.522,2,11.17916,306.8969,-5.860076,0.5241963,5.91582,-10.1099,-34.4351,0.5311012,
2,67.532,2,11.17483,306.8932,-5.861002,0.5244824,5.91582,-10.1099,-34.4351,0.5311012,
2,67.542,2,11.17748,306.8909,-5.862195,0.524465,5.91582,-10.1099,-34.4351,0.5311012,
2,67.552,2,11.1793,306.8738,-5.860037,0.5241863,5.91582,-10.1099,-34.4351,0.5311012,
2,67.562,2,11.17712,306.8542,-5.856932,0.5240107,5.91582,-10.1099,-34.4351,0.5311012,
2,67.572,2,11.1763,306.8484,-5.857023,0.5240575,5.91582,-10.1099,-34.4351,0.5311012,
2,67.582,2,11.17717,306.8247,-5.85787,0.5240924,5.9093,-10.1099,-34.4369,0.5329018,
2,67.592,2,11.18059,306.8241,-5.859163,0.5240476,5.9093,-10.1099,-34.4369,0.5329018,
2,67.602,2,11.17545,306.8115,-5.861965,0.5245394,5.9093,-10.1099,-34.4369,0.5329018,
2,67.612,2,11.17551,306.7708,-5.860574,0.5244121,5.9093,-10.1099,-34.4369,0.5329018,
2,67.622,2,11.1776,306.8314,-5.860958,0.5243484,5.9093,-10.1099,-34.4369,0.5329018,
2,67.632,2,11.17293,306.7853,-5.867663,0.5251677,5.9093,-10.1099,-34.4369,0.5329018,
2,67.642,2,11.17144,306.775,-5.866764,0.5251575,5.9093,-10.1099,-34.4369,0.5329018,
2,67.652,2,11.17262,306.7678,-5.864241,0.5248762,5.9093,-10.1099,-34.4369,0.5329018,
2,67.662,2,11.17812,306.7505,-5.868185,0.5249707,5.9093,-10.1099,-34.4369,0.5329018,
2,67.672,2,11.18674,306.6952,-5.872721,0.5249716,5.9093,-10.1099,-34.4369,0.5329018,
2,67.682,2,11.19828,306.6879,-5.873965,0.5245419,5.9093,-10.1099,-34.4369,0.5329018,
2,67.692,2,11.20857,306.6415,-5.87664,0.5242988,5.9093,-10.1099,-34.4369,0.5329018,
2,67.702,2,11.22017,306.6216,-5.878489,0.5239215,5.9093,-10.1099,-34.4369,0.5329018,
2,67.712,2,11.22467,306.6426,-5.879817,0.5238299,5.9093,-10.1099,-34.4369,0.5329018,
2,67.722,2,11.22307,306.5971,-5.882693,0.5241608,5.9093,-10.1099,-34.4369,0.5329018,
2,67.732,2,11.22515,306.5844,-5.881274,0.523937,5.9093,-10.1099,-34.4369,0.5329018,
2,67.742,2,11.22443,306.5767,-5.877661,0.5236492,5.9093,-10.1099,-34.4369,0.5329018,
2,67.752,2,11.22328,306.5667,-5.880541,0.5239592,5.9093,-10.1099,-34.4369,0.5329018,
2,67.762,2,11.22143,306.5468,-5.882325,0.5242048,5.9093,-10.1099,-34.4369,0.5329018,
2,67.772,2,11.22148,306.5456,-5.87907,0.5239121,5.9093,-10.1099,-34.4369,0.5329018,
2,67.782,2,11.22158,306.5166,-5.877404,0.5237589,5.9093,-10.1099,-34.4369,0.5329018,
2,67.792,2,11.21927,306.5224,-5.879122,0.5240199,5.9093,-10.1099,-34.4369,0.5329018,
2,67.802,2,11.21899,306.4965,-5.880152,0.5241247,5.9093,-10.1099,-34.4369,0.5329018,
2,67.812,2,11.22217,306.4957,-5.883213,0.524249,5.90355,-10.1099,-34.4388,0.5348015,
2,67.822,2,11.21835,306.4855,-5.882874,0.5243973,5.90355,-10.1099,-34.4388,0.5348015,
2,67.832,2,11.22025,306.4709,-5.8857,0.5245606,5.90355,-10.1099,-34.4388,0.5348015,
2,67.842,2,11.22217,306.4716,-5.890219,0.5248734,5.90355,-10.1099,-34.4388,0.5348015,
2,67.852,2,11.21598,306.4584,-5.892489,0.5253657,5.90355,-10.1099,-34.4388,0.5348015,
2,67.862,2,11.21665,306.4376,-5.888309,0.5249612,5.90355,-10.1099,-34.4388,0.5348015,
2,67.872,2,11.22001,306.4243,-5.891979,0.5251312,5.90355,-10.1099,-34.4388,0.5348015,
2,67.882,2,11.21667,306.3884,-5.89538,0.5255911,5.90355,-10.1099,-34.4388,0.5348015,
2,67.892,2,11.21471,306.4162,-5.896168,0.525753,5.90355,-10.1099,-34.4388,0.5348015,
2,67.902,2,11.21829,306.4109,-5.895067,0.5254869,5.90355,-10.1099,-34.4388,0.5348015,
2,67.912,2,11.21765,306.4079,-5.897775,0.5257584,5.90355,-10.1099,-34.4388,0.5348015,
2,67.922,2,11.21057,306.3728,-5.903079,0.5265638,5.90355,-10.1099,-34.4388,0.5348015,
2,67.932,2,11.21876,306.3775,-5.903122,0.5261833,5.90355,-10.1099,-34.4388,0.5348015,
2,67.942,2,11.22632,306.3523,-5.894794,0.5250869,5.90355,-10.1099,-34.4388,0.5348015,
2,67.952,2,11.23811,306.3066,-5.896793,0.5247141,5.90355,-10.1099,-34.4388,0.5348015,
2,67.962,2,11.25,306.2474,-5.896849,0.5241643,5.90355,-10.1099,-34.4388,0.5348015,
2,67.972,2,11.26119,306.2382,-5.89715,0.5236703,5.90355,-10.1099,-34.4388,0.5348015,
2,67.982,2,11.26293,306.2159,-5.896011,0.5234881,5.90355,-10.1099,-34.4388,0.5348015,
2,67.992,2,11.26531,306.2113,-5.89597,0.5233738,5.90355,-10.1099,-34.4388,0.5348015,
2,68.002,2,11.2683,306.1935,-5.899901,0.523584,5.90355,-10.1099,-34.4388,0.5348015,
2,68.012,2,11.26552,306.191,-5.904885,0.5241556,5.90355,-10.1099,-34.4388,0.5348015,
2,68.022,2,11.26302,306.1706,-5.904761,0.5242611,5.90355,-10.1099,-34.4388,0.5348015,
2,68.032,2,11.26338,306.1532,-5.902959,0.524084,5.90355,-10.1099,-34.4388,0.5348015,
2,68.042,2,11.2621,306.1464,-5.907446,0.5245422,5.90355,-10.1099,-34.4388,0.5348015,
2,68.052,2,11.26409,306.0984,-5.911886,0.5248438,5.89703,-10.1099,-34.4406,0.536602,
2,68.062,2,11.26109,306.1533,-5.908718,0.5247021,5.89703,-10.1099,-34.4406,0.536602,
2,68.072,2,11.26181,306.113,-5.909081,0.5247008,5.89703,-10.1099,-34.4406,0.536602,
2,68.082,2,11.26352,306.0854,-5.91518,0.5251628,5.89703,-10.1099,-34.4406,0.536602,
2,68.092,2,11.25911,306.0696,-5.919357,0.5257391,5.89703,-10.1099,-34.4406,0.536602,
2,68.102,2,11.25904,306.0894,-5.919821,0.5257838,5.89703,-10.1099,-34.4406,0.536602,
2,68.112,2,11.26036,306.0772,-5.918527,0.5256074,5.89703,-10.1099,-34.4406,0.536602,
2,68.122,2,11.25873,306.0635,-5.918271,0.5256608,5.89703,-10.1099,-34.4406,0.536602,
2,68.132,2,11.25625,306.0981,-5.921961,0.5261043,5.89703,-10.1099,-34.4406,0.536602,
2,68.142,2,11.25885,306.0458,-5.91912,0.5257306,5.89703,-10.1099,-34.4406,0.536602,
2,68.152,2,11.25952,306.0305,-5.913893,0.5252348,5.89703,-10.1099,-34.4406,0.536602,
2,68.162,2,11.25412,306.0251,-5.915667,0.5256446,5.89703,-10.1099,-34.4406,0.536602,
2,68.172,2,11.26323,306.0502,-5.916794,0.5253195,5.89703,-10.1099,-34.4406,0.536602,
2,68.182,2,11.26996,305.9896,-5.912388,0.5246147,5.89703,-10.1099,-34.4406,0.536602,
2,68.192,2,11.28117,305.9462,-5.910861,0.5239581,5.89703,-10.1099,-34.4406,0.536602,
2,68.202,2,11.29335,305.8981,-5.91258,0.523545,5.89703,-10.1099,-34.4406,0.536602,
2,68.212,2,11.30159,305.8923,-5.914326,0.5233182,5.89703,-10.1099,-34.4406,0.536602,
2,68.222,2,11.30324,305.8571,-5.918024,0.523569,5.89703,-10.1099,-34.4406,0.536602,
2,68.232,2,11.30415,305.8505,-5.920462,0.5237423,5.89703,-10.1099,-34.4406,0.536602,
2,68.242,2,11.30736,305.8424,-5.922479,0.5237719,5.89703,-10.1099,-34.4406,0.536602,
2,68.252,2,11.30413,305.8043,-5.930062,0.5245926,5.89703,-10.1099,-34.4406,0.536602,
2,68.262,2,11.30392,305.8038,-5.93222,0.5247931,5.89703,-10.1099,-34.4406,0.536602,
2,68.272,2,11.30651,305.8011,-5.926924,0.5242044,5.89703,-10.1099,-34.4406,0.536602,
2,68.282,2,11.30466,305.7883,-5.92879,0.5244552,5.89703,-10.1099,-34.4406,0.536602,
2,68.292,2,11.30245,305.7747,-5.936106,0.5252054,5.89202,-10.1099,-34.4424,0.5384026,
2,68.302,2,11.30015,305.7755,-5.937409,0.5254274,5.89202,-10.1099,-34.4424,0.5384026,
2,68.312,2,11.30308,305.761,-5.938244,0.5253652,5.89202,-10.1099,-34.4424,0.5384026,
2,68.322,2,11.30419,305.7492,-5.937409,0.5252396,5.89202,-10.1099,-34.4424,0.5384026,
2,68.332,2,11.29997,305.7412,-5.93794,0.525483,5.89202,-10.1099,-34.4424,0.5384026,
2,68.342,2,11.30227,305.7122,-5.942679,0.5257954,5.89202,-10.1099,-34.4424,0.5384026,
2,68.352,2,11.30208,305.7235,-5.939867,0.5255554,5.89202,-10.1099,-34.4424,0.5384026,
2,68.362,2,11.29998,305.6992,-5.935724,0.5252863,5.89202,-10.1099,-34.4424,0.5384026,
2,68.372,2,11.30038,305.7104,-5.937126,0.5253919,5.89202,-10.1099,-34.4424,0.5384026,
2,68.382,2,11.29926,305.6958,-5.936507,0.5253888,5.89202,-10.1099,-34.4424,0.5384026,
2,68.392,2,11.30207,305.6845,-5.932451,0.5248997,5.89202,-10.1099,-34.4424,0.5384026,
2,68.402,2,11.30098,305.6736,-5.931664,0.5248806,5.89202,-10.1099,-34.4424,0.5384026,
2,68.412,2,11.30191,305.6561,-5.930566,0.5247401,5.89202,-10.1099,-34.4424,0.5384026,
2,68.422,2,11.31181,305.6088,-5.932313,0.5244355,5.89202,-10.1099,-34.4424,0.5384026,
2,68.432,2,11.32431,305.6009,-5.934329,0.5240344,5.89202,-10.1099,-34.4424,0.5384026,
2,68.442,2,11.33253,305.5559,-5.934392,0.5236599,5.89202,-10.1099,-34.4424,0.5384026,
2,68.452,2,11.3436,305.5197,-5.938816,0.523539,5.89202,-10.1099,-34.4424,0.5384026,
2,68.462,2,11.34602,305.4855,-5.943034,0.5237989,5.89202,-10.1099,-34.4424,0.5384026,
2,68.472,2,11.35013,305.4887,-5.944332,0.5237239,5.89202,-10.1099,-34.4424,0.5384026,
2,68.482,2,11.34544,305.4797,-5.947284,0.5242002,5.89202,-10.1099,-34.4424,0.5384026,
2,68.492,2,11.34517,305.4624,-5.950429,0.5244903,5.89202,-10.1099,-34.4424,0.5384026,
2,68.502,2,11.34794,305.4537,-5.956655,0.5249105,5.89202,-10.1099,-34.4424,0.5384026,
2,68.512,2,11.34463,305.4636,-5.958572,0.5252327,5.89202,-10.1099,-34.4424,0.5384026,
2,68.522,2,11.34558,305.4289,-5.958933,0.5252205,5.89202,-10.1099,-34.4424,0.5384026,
2,68.532,2,11.34647,305.416,-5.958884,0.5251752,5.89202,-10.1099,-34.4424,0.5384026,
2,68.542,2,11.34405,305.4255,-5.960342,0.5254157,5.89202,-10.1099,-34.4424,0.5384026,
2,68.552,2,11.34432,305.3937,-5.962182,0.5255653,5.89202,-10.1099,-34.4424,0.5384026,
2,68.562,2,11.34544,305.3918,-5.959591,0.5252852,5.89202,-10.1099,-34.4424,0.5384026,
2,68.572,2,11.3444,305.3847,-5.955645,0.5249855,5.89202,-10.1099,-34.4424,0.5384026,
2,68.582,2,11.34247,305.3828,-5.957479,0.5252364,5.88553,-10.1099,-34.4442,0.5401993,
2,68.592,2,11.34462,305.3671,-5.956762,0.5250737,5.88553,-10.1099,-34.4442,0.5401993,
2,68.602,2,11.3445,305.3569,-5.951008,0.5245723,5.88553,-10.1099,-34.4442,0.5401993,
2,68.612,2,11.34055,305.3466,-5.951796,0.5248244,5.88553,-10.1099,-34.4442,0.5401993,
2,68.622,2,11.34321,305.3333,-5.952336,0.5247487,5.88553,-10.1099,-34.4442,0.5401993,
2,68.632,2,11.3422,305.2976,-5.952617,0.5248204,5.88553,-10.1099,-34.4442,0.5401993,
2,68.642,2,11.34233,305.3063,-5.955079,0.5250313,5.88553,-10.1099,-34.4442,0.5401993,
2,68.652,2,11.34466,305.2923,-5.953949,0.5248238,5.88553,-10.1099,-34.4442,0.5401993,
2,68.662,2,11.33993,305.2885,-5.955434,0.5251737,5.88553,-10.1099,-34.4442,0.5401993,
2,68.672,2,11.34015,305.2742,-5.96171,0.5257171,5.88553,-10.1099,-34.4442,0.5401993,
2,68.682,2,11.34198,305.278,-5.960316,0.5255091,5.88553,-10.1099,-34.4442,0.5401993,
2,68.692,2,11.34055,305.2721,-5.959791,0.5255293,5.88553,-10.1099,-34.4442,0.5401993,
2,68.702,2,11.34661,305.2397,-5.962501,0.5254876,5.88553,-10.1099,-34.4442,0.5401993,
2,68.712,2,11.35336,305.1885,-5.962767,0.5251985,5.88553,-10.1099,-34.4442,0.5401993,
2,68.722,2,11.36879,305.1655,-5.967888,0.5249362,5.88553,-10.1099,-34.4442,0.5401993,
2,68.732,2,11.3778,305.1371,-5.96944,0.5246568,5.88553,-10.1099,-34.4442,0.5401993,
2,68.742,2,11.38726,305.1064,-5.969013,0.5241835,5.88553,-10.1099,-34.4442,0.5401993,
2,68.752,2,11.39363,305.0916,-5.974287,0.5243531,5.88553,-10.1099,-34.4442,0.5401993,
2,68.762,2,11.3893,305.0749,-5.980334,0.5250837,5.88553,-10.1099,-34.4442,0.5401993,
2,68.772,2,11.39214,305.0682,-5.975688,0.524545,5.88553,-10.1099,-34.4442,0.5401993,
2,68.782,2,11.39122,305.0565,-5.976026,0.5246166,5.88553,-10.1099,-34.4442,0.5401993,
2,68.792,2,11.38568,305.0458,-5.978331,0.5250747,5.88553,-10.1099,-34.4442,0.5401993,
2,68.802,2,11.38869,305.0477,-5.979043,0.5249985,5.88553,-10.1099,-34.4442,0.5401993,
2,68.812,2,11.38887,305.0196,-5.973691,0.5245199,5.88553,-10.1099,-34.4442,0.5401993,
2,68.822,2,11.38814,305.0175,-5.973808,0.5245639,5.88553,-10.1099,-34.4442,0.5401993,
2,68.832,2,11.38714,305.0053,-5.973324,0.5245677,5.88553,-10.1099,-34.4442,0.5401993,
2,68.842,2,11.38666,305.0102,-5.976726,0.5248882,5.88553,-10.1099,-34.4442,0.5401993,
2,68.852,2,11.38611,304.965,-5.979501,0.5251573,5.87862,-10.1099,-34.4461,0.542099,
2,68.862,2,11.38416,304.9678,-5.979959,0.5252877,5.87862,-10.1099,-34.4461,0.542099,
2,68.872,2,11.38592,304.9625,-5.980857,0.5252852,5.87862,-10.1099,-34.4461,0.542099,
2,68.882,2,11.38428,304.9926,-5.986634,0.5258685,5.87862,-10.1099,-34.4461,0.542099,
2,68.892,2,11.38392,304.9386,-5.982874,0.5255549,5.87862,-10.1099,-34.4461,0.542099,
2,68.902,2,11.38471,304.9286,-5.984939,0.5256999,5.87862,-10.1099,-34.4461,0.542099,
2,68.912,2,11.38161,304.9208,-5.990576,0.5263381,5.87862,-10.1099,-34.4461,0.542099,
2,68.922,2,11.37994,304.8883,-5.994298,0.5267425,5.87862,-10.1099,-34.4461,0.542099,
2,68.932,2,11.38292,304.9028,-5.994562,0.5266278,5.87862,-10.1099,-34.4461,0.542099,
2,68.942,2,11.37987,304.8894,-5.993937,0.5267139,5.87862,-10.1099,-34.4461,0.542099,
2,68.952,2,11.38054,304.8842,-5.994462,0.5267293,5.87862,-10.1099,-34.4461,0.542099,
2,68.962,2,11.37829,304.8972,-5.997325,0.5270847,5.87862,-10.1099,-34.4461,0.542099,
2,68.972,2,11.38376,304.8799,-5.997823,0.5268756,5.87862,-10.1099,-34.4461,0.542099,
2,68.982,2,11.39226,304.8403,-5.993251,0.5260811,5.87862,-10.1099,-34.4461,0.542099,
2,68.992,2,11.40383,304.7997,-5.989199,0.5251917,5.87862,-10.1099,-34.4461,0.542099,
2,69.002,2,11.41431,304.7378,-5.993464,0.5250836,5.87862,-10.1099,-34.4461,0.542099,
2,69.012,2,11.42809,304.7241,-5.992981,0.524408,5.87862,-10.1099,-34.4461,0.542099,
2,69.022,2,11.43466,304.7083,-5.990596,0.5238982,5.87862,-10.1099,-34.4461,0.542099,
2,69.032,2,11.43437,304.6894,-5.991067,0.5239525,5.87862,-10.1099,-34.4461,0.542099,
2,69.042,2,11.4346,304.6761,-5.992352,0.5240545,5.87862,-10.1099,-34.4461,0.542099,
2,69.052,2,11.43489,304.6816,-5.995351,0.5243035,5.87862,-10.1099,-34.4461,0.542099,
2,69.062,2,11.43272,304.6488,-5.998422,0.5246716,5.87862,-10.1099,-34.4461,0.542099,
2,69.072,2,11.43114,304.6395,-5.998295,0.5247329,5.87862,-10.1099,-34.4461,0.542099,
2,69.082,2,11.42945,304.6242,-5.999392,0.5249066,5.87862,-10.1099,-34.4461,0.542099,
2,69.092,2,11.4312,304.608,-6.006128,0.5254152,5.87862,-10.1099,-34.4461,0.542099,
2,69.102,2,11.42861,304.5992,-6.005984,0.5255219,5.87862,-10.1099,-34.4461,0.542099,
2,69.112,2,11.42975,304.5961,-6.006194,0.525488,5.87862,-10.1099,-34.4461,0.542099,
2,69.122,2,11.42624,304.5809,-6.010722,0.5260454,5.87862,-10.1099,-34.4461,0.542099,
2,69.132,2,11.42729,304.5539,-6.013701,0.5262579,5.87862,-10.1099,-34.4461,0.542099,
2,69.142,2,11.43263,304.5703,-6.010335,0.5257177,5.8721,-10.1099,-34.448,0.5440025,
2,69.152,2,11.42194,304.5572,-6.012684,0.5264152,5.8721,-10.1099,-34.448,0.5440025,
2,69.162,2,11.42661,304.5349,-6.015158,0.5264167,5.8721,-10.1099,-34.448,0.5440025,
2,69.172,2,11.43264,304.5171,-6.015429,0.5261625,5.8721,-10.1099,-34.448,0.5440025,
2,69.182,2,11.42168,304.5369,-6.019398,0.5270153,5.8721,-10.1099,-34.448,0.5440025,
2,69.192,2,11.42638,304.5069,-6.015248,0.5264353,5.8721,-10.1099,-34.448,0.5440025,
2,69.202,2,11.43229,304.5099,-6.011033,0.5257941,5.8721,-10.1099,-34.448,0.5440025,
2,69.212,2,11.42166,304.4894,-6.015365,0.5266628,5.8721,-10.1099,-34.448,0.5440025,
2,69.222,2,11.42536,304.4771,-6.014895,0.5264515,5.8721,-10.1099,-34.448,0.5440025,
2,69.232,2,11.43039,304.4825,-6.004543,0.5253138,5.8721,-10.1099,-34.448,0.5440025,
2,69.242,2,11.42275,304.463,-6.00514,0.5257174,5.8721,-10.1099,-34.448,0.5440025,
2,69.252,2,11.4334,304.4449,-6.011121,0.5257509,5.8721,-10.1099,-34.448,0.5440025,
2,69.262,2,11.449,304.4028,-6.007009,0.5246755,5.8721,-10.1099,-34.448,0.5440025,
2,69.272,2,11.45947,304.3608,-6.010395,0.5244913,5.8721,-10.1099,-34.448,0.5440025,
2,69.282,2,11.46781,304.3318,-6.017792,0.5247549,5.8721,-10.1099,-34.448,0.5440025,
2,69.292,2,11.47662,304.2767,-6.013612,0.523988,5.8721,-10.1099,-34.448,0.5440025,
2,69.302,2,11.48122,304.2973,-6.020204,0.5243523,5.8721,-10.1099,-34.448,0.5440025,
2,69.312,2,11.47575,304.2644,-6.026911,0.5251868,5.8721,-10.1099,-34.448,0.5440025,
2,69.322,2,11.479,304.2481,-6.020423,0.524473,5.8721,-10.1099,-34.448,0.5440025,
2,69.332,2,11.47718,304.255,-6.036618,0.5259671,5.8721,-10.1099,-34.448,0.5440025,
2,69.342,2,11.47141,304.2598,-6.050185,0.5274143,5.8721,-10.1099,-34.448,0.5440025,
2,69.352,2,11.47678,304.2336,-6.031811,0.5255665,5.8721,-10.1099,-34.448,0.5440025,
2,69.362,2,11.47822,304.217,-6.03321,0.5256226,5.8721,-10.1099,-34.448,0.5440025,
2,69.372,2,11.4703,304.202,-6.03894,0.5264847,5.8721,-10.1099,-34.448,0.5440025,
2,69.382,2,11.47617,304.1457,-6.03587,0.5259479,5.86557,-10.1099,-34.45,0.5460014,
2,69.392,2,11.47844,304.1886,-6.03391,0.5256732,5.86557,-10.1099,-34.45,0.5460014,
2,69.402,2,11.4708,304.1738,-6.035585,0.5261696,5.86557,-10.1099,-34.45,0.5460014,
2,69.412,2,11.47624,304.1827,-6.031746,0.5255855,5.86557,-10.1099,-34.45,0.5460014,
2,69.422,2,11.47619,304.162,-6.031799,0.5255924,5.86557,-10.1099,-34.45,0.5460014,
2,69.432,2,11.47348,304.1576,-6.032792,0.5258031,5.86557,-10.1099,-34.45,0.5460014,
2,69.442,2,11.47421,304.1418,-6.026784,0.5252461,5.86557,-10.1099,-34.45,0.5460014,
2,69.452,2,11.4744,304.1287,-6.023972,0.5249925,5.86557,-10.1099,-34.45,0.5460014,
2,69.462,2,11.4709,304.1043,-6.029841,0.5256643,5.86557,-10.1099,-34.45,0.5460014,
2,69.472,2,11.47272,304.1205,-6.029763,0.5255741,5.86557,-10.1099,-34.45,0.5460014,
2,69.482,2,11.47532,304.0986,-6.027151,0.5252271,5.86557,-10.1099,-34.45,0.5460014,
2,69.492,2,11.47994,304.0692,-6.031699,0.525412,5.86557,-10.1099,-34.45,0.5460014,
2,69.502,2,11.49347,304.024,-6.032155,0.5248332,5.86557,-10.1099,-34.45,0.5460014,
2,69.512,2,11.50664,303.9873,-6.03518,0.5244956,5.86557,-10.1099,-34.45,0.5460014,
2,69.522,2,11.51495,303.9569,-6.042296,0.5247351,5.86557,-10.1099,-34.45,0.5460014,
2,69.532,2,11.52256,303.9289,-6.039801,0.5241719,5.86557,-10.1099,-34.45,0.5460014,
2,69.542,2,11.52259,303.9274,-6.045854,0.5246956,5.86557,-10.1099,-34.45,0.5460014,
2,69.552,2,11.51985,303.9232,-6.051277,0.5252914,5.86557,-10.1099,-34.45,0.5460014,
2,69.562,2,11.52245,303.8893,-6.049285,0.5249999,5.86557,-10.1099,-34.45,0.5460014,
2,69.572,2,11.52245,303.8792,-6.048612,0.5249415,5.86557,-10.1099,-34.45,0.5460014,
2,69.582,2,11.52053,303.8651,-6.054153,0.5255101,5.86557,-10.1099,-34.45,0.5460014,
2,69.592,2,11.52037,303.8821,-6.057174,0.5257793,5.86557,-10.1099,-34.45,0.5460014,
2,69.602,2,11.51845,303.847,-6.055703,0.5257392,5.86557,-10.1099,-34.45,0.5460014,
2,69.612,2,11.52131,303.8506,-6.058842,0.5258812,5.86557,-10.1099,-34.45,0.5460014,
2,69.622,2,11.51934,303.8329,-6.056412,0.5257604,5.86557,-10.1099,-34.45,0.5460014,
2,69.632,2,11.52141,303.8274,-6.055103,0.5255521,5.85983,-10.1099,-34.4519,0.5479012,
2,69.642,2,11.519,303.7994,-6.055242,0.5256741,5.85983,-10.1099,-34.4519,0.5479012,
2,69.652,2,11.5196,303.8024,-6.047714,0.5249933,5.85983,-10.1099,-34.4519,0.5479012,
2,69.662,2,11.51919,303.7849,-6.046453,0.5249027,5.85983,-10.1099,-34.4519,0.5479012,
2,69.672,2,11.51803,303.7865,-6.058947,0.5260402,5.85983,-10.1099,-34.4519,0.5479012,
2,69.682,2,11.51688,303.7665,-6.05321,0.5255945,5.85983,-10.1099,-34.4519,0.5479012,
2,69.692,2,11.51841,303.7479,-6.053663,0.5255641,5.85983,-10.1099,-34.4519,0.5479012,
2,69.702,2,11.5161,303.7406,-6.056662,0.5259297,5.85983,-10.1099,-34.4519,0.5479012,
2,69.712,2,11.51579,303.7304,-6.05421,0.5257314,5.85983,-10.1099,-34.4519,0.5479012,
2,69.722,2,11.51931,303.7248,-6.057002,0.525813,5.85983,-10.1099,-34.4519,0.5479012,
2,69.732,2,11.52331,303.7102,-6.061495,0.5260204,5.85983,-10.1099,-34.4519,0.5479012,
2,69.742,2,11.53395,303.6606,-6.062688,0.5256386,5.85983,-10.1099,-34.4519,0.5479012,
2,69.752,2,11.54851,303.6135,-6.066618,0.5253162,5.85983,-10.1099,-34.4519,0.5479012,
2,69.762,2,11.55685,303.6038,-6.076135,0.5257607,5.85983,-10.1099,-34.4519,0.5479012,
2,69.772,2,11.56217,303.5596,-6.076855,0.525581,5.85983,-10.1099,-34.4519,0.5479012,
2,69.782,2,11.56796,303.5482,-6.076768,0.5253103,5.85983,-10.1099,-34.4519,0.5479012,
2,69.792,2,11.5667,303.5241,-6.079852,0.5256341,5.85983,-10.1099,-34.4519,0.5479012,
2,69.802,2,11.5623,303.4892,-6.084276,0.5262167,5.85983,-10.1099,-34.4519,0.5479012,
2,69.812,2,11.56674,303.5178,-6.079407,0.5255939,5.85983,-10.1099,-34.4519,0.5479012,
2,69.822,2,11.56158,303.512,-6.083242,0.5261603,5.85983,-10.1099,-34.4519,0.5479012,
2,69.832,2,11.56198,303.4942,-6.077512,0.5256462,5.85983,-10.1099,-34.4519,0.5479012,
2,69.842,2,11.56619,303.4581,-6.077404,0.5254456,5.85983,-10.1099,-34.4519,0.5479012,
2,69.852,2,11.56175,303.4845,-6.075069,0.5254456,5.85983,-10.1099,-34.4519,0.5479012,
2,69.862,2,11.55997,303.467,-6.077077,0.5257,5.85445,-10.1099,-34.4538,0.5498009,
2,69.872,2,11.56443,303.4508,-6.072525,0.5251038,5.85445,-10.1099,-34.4538,0.5498009,
2,69.882,2,11.56074,303.4359,-6.077683,0.5257177,5.85445,-10.1099,-34.4538,0.5498009,
2,69.892,2,11.55989,303.4337,-6.080755,0.526022,5.85445,-10.1099,-34.4538,0.5498009,
2,69.902,2,11.56077,303.418,-6.079579,0.5258803,5.85445,-10.1099,-34.4538,0.5498009,
2,69.912,2,11.56159,303.4105,-6.079775,0.5258599,5.85445,-10.1099,-34.4538,0.5498009,
2,69.922,2,11.56094,303.4187,-6.09074,0.5268378,5.85445,-10.1099,-34.4538,0.5498009,
2,69.932,2,11.559,303.3958,-6.089219,0.5267949,5.85445,-10.1099,-34.4538,0.5498009,
2,69.942,2,11.55779,303.3828,-6.091724,0.5270666,5.85445,-10.1099,-34.4538,0.5498009,
2,69.952,2,11.56012,303.365,-6.094519,0.5272022,5.85445,-10.1099,-34.4538,0.5498009,
2,69.962,2,11.56189,303.3687,-6.09554,0.5272097,5.85445,-10.1099,-34.4538,0.5498009,
2,69.972,2,11.56739,303.3444,-6.09802,0.5271732,5.85445,-10.1099,-34.4538,0.5498009,
2,69.982,2,11.57856,303.3027,-6.098722,0.5267255,5.85445,-10.1099,-34.4538,0.5498009,
2,69.992,2,11.5936,303.2624,-6.093503,0.5255921,5.85445,-10.1099,-34.4538,0.5498009,
2,70.002,2,11.60238,303.2431,-6.101272,0.5258636,5.85445,-10.1099,-34.4538,0.5498009,
2,70.012,2,11.60638,303.2271,-6.105726,0.5260664,5.85445,-10.1099,-34.4538,0.5498009,
2,70.022,2,11.61199,303.2033,-6.106058,0.5258409,5.85445,-10.1099,-34.4538,0.5498009,
2,70.032,2,11.60858,303.1878,-6.100193,0.5254901,5.85445,-10.1099,-34.4538,0.5498009,
2,70.042,2,11.60949,303.1663,-6.102358,0.5256355,5.85445,-10.1099,-34.4538,0.5498009,
2,70.052,2,11.61248,303.1764,-6.099432,0.5252478,5.85445,-10.1099,-34.4538,0.5498009,
2,70.062,2,11.60575,303.1561,-6.102921,0.5258534,5.85445,-10.1099,-34.4538,0.5498009,
2,70.072,2,11.60728,303.1272,-6.099946,0.5255277,5.85445,-10.1099,-34.4538,0.5498009,
2,70.082,2,11.60698,303.1305,-6.095604,0.525167,5.85445,-10.1099,-34.4538,0.5498009,
2,70.092,2,11.60277,303.1385,-6.104422,0.5261178,5.85445,-10.1099,-34.4538,0.5498009,
2,70.102,2,11.60611,303.1019,-6.107556,0.5262364,5.85445,-10.1099,-34.4538,0.5498009,
2,70.112,2,11.60362,303.1004,-6.103696,0.5260165,5.84867,-10.1099,-34.4556,0.5516014,
2,70.122,2,11.60369,303.0834,-6.108347,0.5264142,5.84867,-10.1099,-34.4556,0.5516014,
2,70.132,2,11.60267,303.0747,-6.109459,0.5265562,5.84867,-10.1099,-34.4556,0.5516014,
2,70.142,2,11.60404,303.0711,-6.110031,0.5265437,5.84867,-10.1099,-34.4556,0.5516014,
2,70.152,2,11.60507,303.0497,-6.107522,0.5262806,5.84867,-10.1099,-34.4556,0.5516014,
2,70.162,2,11.60338,303.0446,-6.111367,0.5266886,5.84867,-10.1099,-34.4556,0.5516014,
2,70.172,2,11.60242,303.0289,-6.117456,0.5272568,5.84867,-10.1099,-34.4556,0.5516014,
2,70.182,2,11.6019,303.025,-6.125939,0.5280118,5.84867,-10.1099,-34.4556,0.5516014,
2,70.192,2,11.60089,303.0187,-6.119076,0.5274663,5.84867,-10.1099,-34.4556,0.5516014,
2,70.202,2,11.60458,302.9954,-6.118845,0.5272787,5.84867,-10.1099,-34.4556,0.5516014,
2,70.212,2,11.60482,302.9772,-6.121117,0.5274633,5.84867,-10.1099,-34.4556,0.5516014,
2,70.222,2,11.60553,302.9967,-6.121191,0.5274373,5.84867,-10.1099,-34.4556,0.5516014,
2,70.232,2,11.61956,302.9513,-6.114536,0.526228,5.84867,-10.1099,-34.4556,0.5516014,
2,70.242,2,11.6267,302.9128,-6.115871,0.5260197,5.84867,-10.1099,-34.4556,0.5516014,
2,70.252,2,11.63893,302.8696,-6.119121,0.5257461,5.84867,-10.1099,-34.4556,0.5516014,
2,70.262,2,11.65197,302.8376,-6.122458,0.5254439,5.84867,-10.1099,-34.4556,0.5516014,
2,70.272,2,11.6518,302.8374,-6.121591,0.5253773,5.84867,-10.1099,-34.4556,0.5516014,
2,70.282,2,11.6494,302.8113,-6.11889,0.5252537,5.84867,-10.1099,-34.4556,0.5516014,
2,70.292,2,11.65455,302.8011,-6.121298,0.5252283,5.84867,-10.1099,-34.4556,0.5516014,
2,70.302,2,11.65153,302.816,-6.120435,0.5252902,5.84867,-10.1099,-34.4556,0.5516014,
2,70.312,2,11.64838,302.7785,-6.12919,0.5261839,5.84867,-10.1099,-34.4556,0.5516014,
2,70.322,2,11.65108,302.7752,-6.129212,0.5260637,5.84867,-10.1099,-34.4556,0.5516014,
2,70.332,2,11.64992,302.7577,-6.12893,0.5260919,5.84867,-10.1099,-34.4556,0.5516014,
2,70.342,2,11.64608,302.731,-6.136949,0.5269541,5.84867,-10.1099,-34.4556,0.5516014,
2,70.352,2,11.64692,302.7463,-6.129814,0.5263036,5.84867,-10.1099,-34.4556,0.5516014,
2,70.362,2,11.64701,302.7213,-6.136494,0.526873,5.84867,-10.1099,-34.4556,0.5516014,
2,70.372,2,11.6507,302.7019,-6.139909,0.5269994,5.84218,-10.1099,-34.4574,0.5534019,
2,70.382,2,11.64343,302.727,-6.141108,0.527431,5.84218,-10.1099,-34.4574,0.5534019,
2,70.392,2,11.64473,302.6866,-6.137472,0.52706,5.84218,-10.1099,-34.4574,0.5534019,
2,70.402,2,11.6488,302.6889,-6.145748,0.5275866,5.84218,-10.1099,-34.4574,0.5534019,
2,70.412,2,11.64467,302.6777,-6.141265,0.5273885,5.84218,-10.1099,-34.4574,0.5534019,
2,70.422,2,11.64667,302.6756,-6.144612,0.5275851,5.84218,-10.1099,-34.4574,0.5534019,
2,70.432,2,11.64411,302.6603,-6.146205,0.5278381,5.84218,-10.1099,-34.4574,0.5534019,
2,70.442,2,11.6403,302.649,-6.143643,0.5277908,5.84218,-10.1099,-34.4574,0.5534019,
2,70.452,2,11.64415,302.632,-6.14124,0.5274098,5.84218,-10.1099,-34.4574,0.5534019,
2,70.462,2,11.64864,302.6389,-6.13639,0.5267901,5.84218,-10.1099,-34.4574,0.5534019,
2,70.472,2,11.64028,302.6245,-6.139799,0.5274615,5.84218,-10.1099,-34.4574,0.5534019,
2,70.482,2,11.6426,302.606,-6.138318,0.527229,5.84218,-10.1099,-34.4574,0.5534019,
2,70.492,2,11.64972,302.609,-6.128345,0.526051,5.84218,-10.1099,-34.4574,0.5534019,
2,70.502,2,11.65275,302.5678,-6.132169,0.5262423,5.84218,-10.1099,-34.4574,0.5534019,
2,70.512,2,11.66592,302.5246,-6.13599,0.5259759,5.84218,-10.1099,-34.4574,0.5534019,
2,70.522,2,11.67936,302.5064,-6.133194,0.5251312,5.84218,-10.1099,-34.4574,0.5534019,
2,70.532,2,11.69145,302.4741,-6.140679,0.5252283,5.84218,-10.1099,-34.4574,0.5534019,
2,70.542,2,11.68999,302.4377,-6.145655,0.5257196,5.84218,-10.1099,-34.4574,0.5534019,
2,70.552,2,11.69288,302.3946,-6.145045,0.5255372,5.84218,-10.1099,-34.4574,0.5534019,
2,70.562,2,11.69435,302.4204,-6.148816,0.5257939,5.84218,-10.1099,-34.4574,0.5534019,
2,70.572,2,11.69095,302.4063,-6.152785,0.5262859,5.84218,-10.1099,-34.4574,0.5534019,
2,70.582,2,11.69263,302.3999,-6.150137,0.5259841,5.84218,-10.1099,-34.4574,0.5534019,
2,70.592,2,11.69011,302.4106,-6.158504,0.5268129,5.84218,-10.1099,-34.4574,0.5534019,
2,70.602,2,11.68711,302.3734,-6.164358,0.5274491,5.84218,-10.1099,-34.4574,0.5534019,
2,70.612,2,11.68628,302.3643,-6.162874,0.5273595,5.84218,-10.1099,-34.4574,0.5534019,
2,70.622,2,11.6919,302.3632,-6.165822,0.5273584,5.83565,-10.1099,-34.4592,0.5552025,
2,70.632,2,11.69012,302.2846,-6.162671,0.5271691,5.83565,-10.1099,-34.4592,0.5552025,
2,70.642,2,11.68456,302.3439,-6.162831,0.5274339,5.83565,-10.1099,-34.4592,0.5552025,
2,70.652,2,11.69086,302.3269,-6.159746,0.5268854,5.83565,-10.1099,-34.4592,0.5552025,
2,70.662,2,11.68985,302.3173,-6.160263,0.5269753,5.83565,-10.1099,-34.4592,0.5552025,
2,70.672,2,11.68396,302.311,-6.158938,0.5271277,5.83565,-10.1099,-34.4592,0.5552025,
2,70.682,2,11.68877,302.2888,-6.158975,0.5269139,5.83565,-10.1099,-34.4592,0.5552025,
2,70.692,2,11.68996,302.2896,-6.149794,0.5260751,5.83565,-10.1099,-34.4592,0.5552025,
2,70.702,2,11.68653,302.2759,-6.152804,0.5264871,5.83565,-10.1099,-34.4592,0.5552025,
2,70.712,2,11.68969,302.2553,-6.154069,0.526453,5.83565,-10.1099,-34.4592,0.5552025,
2,70.722,2,11.68669,302.2583,-6.15887,0.5269989,5.83565,-10.1099,-34.4592,0.5552025,
2,70.732,2,11.68892,302.243,-6.161651,0.5271362,5.83565,-10.1099,-34.4592,0.5552025,
2,70.742,2,11.69713,302.2201,-6.156225,0.5263021,5.83565,-10.1099,-34.4592,0.5552025,
2,70.752,2,11.71224,302.1814,-6.157448,0.5257276,5.83565,-10.1099,-34.4592,0.5552025,
2,70.762,2,11.72044,302.1388,-6.167732,0.526237,5.83565,-10.1099,-34.4592,0.5552025,
2,70.772,2,11.72696,302.112,-6.166739,0.52586,5.83565,-10.1099,-34.4592,0.5552025,
2,70.782,2,11.73628,302.0793,-6.168589,0.5255998,5.83565,-10.1099,-34.4592,0.5552025,
2,70.792,2,11.73571,302.0799,-6.170755,0.52581,5.83565,-10.1099,-34.4592,0.5552025,
2,70.802,2,11.73409,302.0876,-6.174933,0.526239,5.83565,-10.1099,-34.4592,0.5552025,
2,70.812,2,11.73472,302.0485,-6.176608,0.5263531,5.83565,-10.1099,-34.4592,0.5552025,
2,70.822,2,11.73536,302.0411,-6.181079,0.5267056,5.83565,-10.1099,-34.4592,0.5552025,
2,70.832,2,11.73464,302.0363,-6.183805,0.5269703,5.83565,-10.1099,-34.4592,0.5552025,
2,70.842,2,11.72919,302.0526,-6.186896,0.5274783,5.83565,-10.1099,-34.4592,0.5552025,
2,70.852,2,11.7322,302.005,-6.191566,0.5277411,5.83565,-10.1099,-34.4592,0.5552025,
2,70.862,2,11.73228,301.997,-6.183965,0.52709,5.83068,-10.1099,-34.461,0.5569992,
2,70.872,2,11.7312,301.988,-6.182695,0.5270303,5.83068,-10.1099,-34.461,0.5569992,
2,70.882,2,11.73238,301.9853,-6.185743,0.5272367,5.83068,-10.1099,-34.461,0.5569992,
2,70.892,2,11.73416,301.9701,-6.182333,0.5268661,5.83068,-10.1099,-34.461,0.5569992,
2,70.902,2,11.73081,301.9613,-6.178342,0.5266765,5.83068,-10.1099,-34.461,0.5569992,
2,70.912,2,11.73091,301.9463,-6.180729,0.5268756,5.83068,-10.1099,-34.461,0.5569992,
2,70.922,2,11.73042,301.9521,-6.179473,0.5267904,5.83068,-10.1099,-34.461,0.5569992,
2,70.932,2,11.72918,301.9197,-6.180323,0.5269186,5.83068,-10.1099,-34.461,0.5569992,
2,70.942,2,11.73118,301.9053,-6.184231,0.5271619,5.83068,-10.1099,-34.461,0.5569992,
2,70.952,2,11.72866,301.9028,-6.18303,0.5271726,5.83068,-10.1099,-34.461,0.5569992,
2,70.962,2,11.72991,301.9112,-6.185435,0.5273219,5.83068,-10.1099,-34.461,0.5569992,
2,70.972,2,11.73426,301.8889,-6.191304,0.5276261,5.83068,-10.1099,-34.461,0.5569992,
2,70.982,2,11.73485,301.8524,-6.188022,0.5273199,5.83068,-10.1099,-34.461,0.5569992,
2,70.992,2,11.75506,301.8231,-6.18732,0.5263539,5.83068,-10.1099,-34.461,0.5569992,
2,71.002,2,11.7655,301.7724,-6.194971,0.5265369,5.83068,-10.1099,-34.461,0.5569992,
2,71.012,2,11.76752,301.7364,-6.197425,0.526655,5.83068,-10.1099,-34.461,0.5569992,
2,71.022,2,11.77812,301.7335,-6.198022,0.5262318,5.83068,-10.1099,-34.461,0.5569992,
2,71.032,2,11.77913,301.7306,-6.199878,0.5263443,5.83068,-10.1099,-34.461,0.5569992,
2,71.042,2,11.7744,301.7159,-6.208797,0.5273134,5.83068,-10.1099,-34.461,0.5569992,
2,71.052,2,11.77782,301.7212,-6.208476,0.527133,5.83068,-10.1099,-34.461,0.5569992,
2,71.062,2,11.77434,301.697,-6.203118,0.5268335,5.83068,-10.1099,-34.461,0.5569992,
2,71.072,2,11.77173,301.6837,-6.201543,0.5268168,5.83068,-10.1099,-34.461,0.5569992,
2,71.082,2,11.77774,301.6652,-6.198639,0.5263011,5.83068,-10.1099,-34.461,0.5569992,
2,71.092,2,11.77468,301.6635,-6.19551,0.5261722,5.83068,-10.1099,-34.461,0.5569992,
2,71.102,2,11.76916,301.6594,-6.200274,0.5268241,5.83068,-10.1099,-34.461,0.5569992,
2,71.112,2,11.77402,301.6395,-6.195724,0.5262201,5.83068,-10.1099,-34.461,0.5569992,
2,71.122,2,11.77914,301.635,-6.188669,0.5253924,5.83068,-10.1099,-34.461,0.5569992,
2,71.132,2,11.77064,301.6381,-6.198675,0.5266216,5.83068,-10.1099,-34.461,0.5569992,
2,71.142,2,11.76945,301.5958,-6.203477,0.5270829,5.82415,-10.1099,-34.4628,0.5587997,
2,71.152,2,11.7757,301.6088,-6.199196,0.5264397,5.82415,-10.1099,-34.4628,0.5587997,
2,71.162,2,11.76943,301.5999,-6.207283,0.5274074,5.82415,-10.1099,-34.4628,0.5587997,
2,71.172,2,11.77097,301.5757,-6.208873,0.5274732,5.82415,-10.1099,-34.4628,0.5587997,
2,71.182,2,11.77485,301.5687,-6.206803,0.527124,5.82415,-10.1099,-34.4628,0.5587997,
2,71.192,2,11.76603,301.5667,-6.213155,0.5280588,5.82415,-10.1099,-34.4628,0.5587997,
2,71.202,2,11.7643,301.5457,-6.212979,0.5281212,5.82415,-10.1099,-34.4628,0.5587997,
2,71.212,2,11.77418,301.5451,-6.210006,0.5274256,5.82415,-10.1099,-34.4628,0.5587997,
2,71.222,2,11.76948,301.5406,-6.217587,0.5282806,5.82415,-10.1099,-34.4628,0.5587997,
2,71.232,2,11.76338,301.5304,-6.219153,0.5286875,5.82415,-10.1099,-34.4628,0.5587997,
2,71.242,2,11.7698,301.5203,-6.214569,0.5280096,5.82415,-10.1099,-34.4628,0.5587997,
2,71.252,2,11.76954,301.5104,-6.218037,0.5283161,5.82415,-10.1099,-34.4628,0.5587997,
2,71.262,2,11.77044,301.4896,-6.224018,0.5287837,5.82415,-10.1099,-34.4628,0.5587997,
2,71.272,2,11.78521,301.4742,-6.215307,0.5273818,5.82415,-10.1099,-34.4628,0.5587997,
2,71.282,2,11.79244,301.4384,-6.21637,0.5271485,5.82415,-10.1099,-34.4628,0.5587997,
2,71.292,2,11.80152,301.3856,-6.220022,0.5270528,5.82415,-10.1099,-34.4628,0.5587997,
2,71.302,2,11.81643,301.3453,-6.21504,0.525966,5.82415,-10.1099,-34.4628,0.5587997,
2,71.312,2,11.81696,301.3489,-6.218182,0.5262084,5.82415,-10.1099,-34.4628,0.5587997,
2,71.322,2,11.8104,301.3308,-6.222921,0.526902,5.82415,-10.1099,-34.4628,0.5587997,
2,71.332,2,11.8197,301.3259,-6.216362,0.5259326,5.82415,-10.1099,-34.4628,0.5587997,
2,71.342,2,11.82212,301.2888,-6.21728,0.5259022,5.82415,-10.1099,-34.4628,0.5587997,
2,71.352,2,11.80899,301.2974,-6.226362,0.527256,5.82415,-10.1099,-34.4628,0.5587997,
2,71.362,2,11.81393,301.279,-6.222258,0.5266881,5.82415,-10.1099,-34.4628,0.5587997,
2,71.372,2,11.8223,301.2711,-6.222954,0.5263744,5.82415,-10.1099,-34.4628,0.5587997,
2,71.382,2,11.81432,301.2151,-6.226809,0.5270562,5.82415,-10.1099,-34.4628,0.5587997,
2,71.392,2,11.81145,301.2424,-6.221317,0.5267193,5.82415,-10.1099,-34.4628,0.5587997,
2,71.402,2,11.81817,301.2377,-6.220001,0.5263084,5.82415,-10.1099,-34.4628,0.5587997,
2,71.412,2,11.80986,301.2186,-6.227783,0.5273377,5.82415,-10.1099,-34.4628,0.5587997,
2,71.422,2,11.80875,301.2246,-6.229283,0.5275141,5.81725,-10.1099,-34.4647,0.5606995,
2,71.432,2,11.81353,301.1989,-6.230968,0.5274432,5.81725,-10.1099,-34.4647,0.5606995,
2,71.442,2,11.81115,301.1924,-6.237227,0.5280797,5.81725,-10.1099,-34.4647,0.5606995,
2,71.452,2,11.80925,301.1924,-6.242467,0.5286084,5.81725,-10.1099,-34.4647,0.5606995,
2,71.462,2,11.81428,301.2003,-6.239256,0.5281115,5.81725,-10.1099,-34.4647,0.5606995,
2,71.472,2,11.81069,301.1851,-6.242907,0.528581,5.81725,-10.1099,-34.4647,0.5606995,
2,71.482,2,11.80703,301.1574,-6.246084,0.529014,5.81725,-10.1099,-34.4647,0.5606995,
2,71.492,2,11.81109,301.1557,-6.235816,0.527963,5.81725,-10.1099,-34.4647,0.5606995,
2,71.502,2,11.81174,301.1527,-6.235945,0.5279444,5.81725,-10.1099,-34.4647,0.5606995,
2,71.512,2,11.80922,301.1626,-6.237942,0.5282264,5.81725,-10.1099,-34.4647,0.5606995,
2,71.522,2,11.81348,301.1168,-6.232569,0.527581,5.81725,-10.1099,-34.4647,0.5606995,
2,71.532,2,11.83247,301.0723,-6.227652,0.526319,5.81725,-10.1099,-34.4647,0.5606995,
2,71.542,2,11.83789,301.0443,-6.231369,0.5263916,5.81725,-10.1099,-34.4647,0.5606995,
2,71.552,2,11.85018,301.009,-6.236164,0.5262504,5.81725,-10.1099,-34.4647,0.5606995,
2,71.562,2,11.86604,300.976,-6.238144,0.5257141,5.81725,-10.1099,-34.4647,0.5606995,
2,71.572,2,11.85878,300.9689,-6.237184,0.5259547,5.81725,-10.1099,-34.4647,0.5606995,
2,71.582,2,11.86015,300.9391,-6.237041,0.5258821,5.81725,-10.1099,-34.4647,0.5606995,
2,71.592,2,11.86424,300.9263,-6.243243,0.5262237,5.81725,-10.1099,-34.4647,0.5606995,
2,71.602,2,11.86147,300.9354,-6.249231,0.5268512,5.81725,-10.1099,-34.4647,0.5606995,
2,71.612,2,11.86023,300.9126,-6.250339,0.527,5.81725,-10.1099,-34.4647,0.5606995,
2,71.622,2,11.86246,300.9132,-6.247649,0.526674,5.81725,-10.1099,-34.4647,0.5606995,
2,71.632,2,11.86171,300.908,-6.247454,0.5266908,5.81725,-10.1099,-34.4647,0.5606995,
2,71.642,2,11.85759,300.8789,-6.254835,0.5274962,5.81725,-10.1099,-34.4647,0.5606995,
2,71.652,2,11.85866,300.8821,-6.255991,0.527546,5.81725,-10.1099,-34.4647,0.5606995,
2,71.662,2,11.86096,300.8708,-6.255845,0.5274315,5.81725,-10.1099,-34.4647,0.5606995,
2,71.672,2,11.85816,300.8629,-6.259861,0.527895,5.81725,-10.1099,-34.4647,0.5606995,
2,71.682,2,11.85396,300.8545,-6.263323,0.5283739,5.8111,-10.1099,-34.4666,0.5625992,
2,71.692,2,11.861,300.837,-6.259061,0.527701,5.8111,-10.1099,-34.4666,0.5625992,
2,71.702,2,11.85888,300.8403,-6.25747,0.5276611,5.8111,-10.1099,-34.4666,0.5625992,
2,71.712,2,11.85215,300.8403,-6.257398,0.5279549,5.8111,-10.1099,-34.4666,0.5625992,
2,71.722,2,11.85787,300.824,-6.258285,0.5277748,5.8111,-10.1099,-34.4666,0.5625992,
2,71.732,2,11.85758,300.8118,-6.254619,0.5274785,5.8111,-10.1099,-34.4666,0.5625992,
2,71.742,2,11.8535,300.7813,-6.252549,0.5274855,5.8111,-10.1099,-34.4666,0.5625992,
2,71.752,2,11.85836,300.7849,-6.253935,0.5273862,5.8111,-10.1099,-34.4666,0.5625992,
2,71.762,2,11.8553,300.758,-6.255282,0.5276359,5.8111,-10.1099,-34.4666,0.5625992,
2,71.772,2,11.85483,300.7616,-6.25247,0.5274197,5.8111,-10.1099,-34.4666,0.5625992,
2,71.782,2,11.85744,300.7537,-6.254677,0.5274896,5.8111,-10.1099,-34.4666,0.5625992,
2,71.792,2,11.86059,300.7516,-6.254093,0.5273002,5.8111,-10.1099,-34.4666,0.5625992,
2,71.802,2,11.86811,300.6765,-6.262304,0.5276582,5.8111,-10.1099,-34.4666,0.5625992,
2,71.812,2,11.88234,300.6613,-6.259843,0.5268192,5.8111,-10.1099,-34.4666,0.5625992,
2,71.822,2,11.89882,300.6282,-6.252449,0.5254678,5.8111,-10.1099,-34.4666,0.5625992,
2,71.832,2,11.90293,300.5981,-6.262078,0.5260954,5.8111,-10.1099,-34.4666,0.5625992,
2,71.842,2,11.90394,300.5783,-6.268907,0.5266245,5.8111,-10.1099,-34.4666,0.5625992,
2,71.852,2,11.90981,300.5773,-6.272385,0.526657,5.8111,-10.1099,-34.4666,0.5625992,
2,71.862,2,11.90469,300.5638,-6.278981,0.5274376,5.8111,-10.1099,-34.4666,0.5625992,
2,71.872,2,11.90312,300.548,-6.28117,0.5276911,5.8111,-10.1099,-34.4666,0.5625992,
2,71.882,2,11.9073,300.5428,-6.282508,0.527618,5.8111,-10.1099,-34.4666,0.5625992,
2,71.892,2,11.90268,300.5339,-6.285396,0.5280658,5.8111,-10.1099,-34.4666,0.5625992,
2,71.902,2,11.90361,300.5341,-6.284888,0.5279815,5.8111,-10.1099,-34.4666,0.5625992,
2,71.912,2,11.90554,300.5077,-6.278831,0.5273875,5.8111,-10.1099,-34.4666,0.5625992,
2,71.922,2,11.9004,300.5099,-6.282616,0.5279332,5.8111,-10.1099,-34.4666,0.5625992,
2,71.932,2,11.90123,300.4904,-6.280825,0.5277457,5.8111,-10.1099,-34.4666,0.5625992,
2,71.942,2,11.90597,300.4876,-6.273907,0.5269548,5.8111,-10.1099,-34.4666,0.5625992,
2,71.952,2,11.90123,300.4738,-6.272027,0.5270066,5.80457,-10.1099,-34.4685,0.5644989,
2,71.962,2,11.90045,300.4641,-6.275318,0.5273176,5.80457,-10.1099,-34.4685,0.5644989,
2,71.972,2,11.90462,300.4386,-6.271215,0.5267882,5.80457,-10.1099,-34.4685,0.5644989,
2,71.982,2,11.89952,300.4362,-6.269119,0.5268381,5.80457,-10.1099,-34.4685,0.5644989,
2,71.992,2,11.90063,300.4323,-6.276924,0.5274444,5.80457,-10.1099,-34.4685,0.5644989,
2,72.002,2,11.90219,300.4254,-6.27909,0.5275575,5.80457,-10.1099,-34.4685,0.5644989,
2,72.012,2,11.89958,300.4221,-6.284544,0.5281313,5.80457,-10.1099,-34.4685,0.5644989,
2,72.022,2,11.89553,300.3994,-6.285127,0.5283604,5.80457,-10.1099,-34.4685,0.5644989,
2,72.032,2,11.90113,300.3914,-6.281899,0.5278407,5.80457,-10.1099,-34.4685,0.5644989,
2,72.042,2,11.90019,300.3802,-6.285689,0.5282009,5.80457,-10.1099,-34.4685,0.5644989,
2,72.052,2,11.89775,300.3406,-6.290544,0.5287173,5.80457,-10.1099,-34.4685,0.5644989,
2,72.062,2,11.89712,300.3604,-6.29132,0.5288104,5.80457,-10.1099,-34.4685,0.5644989,
2,72.072,2,11.90195,300.3543,-6.285663,0.5281203,5.80457,-10.1099,-34.4685,0.5644989,
2,72.082,2,11.9012,300.3435,-6.292722,0.528747,5.80457,-10.1099,-34.4685,0.5644989,
2,72.092,2,11.91912,300.3034,-6.29026,0.5277452,5.80457,-10.1099,-34.4685,0.5644989,
2,72.102,2,11.93219,300.2697,-6.289653,0.5271164,5.80457,-10.1099,-34.4685,0.5644989,
2,72.112,2,11.93877,300.2289,-6.29293,0.5271002,5.80457,-10.1099,-34.4685,0.5644989,
2,72.122,2,11.95189,300.1963,-6.293941,0.5266064,5.80457,-10.1099,-34.4685,0.5644989,
2,72.132,2,11.95341,300.1826,-6.295552,0.526674,5.80457,-10.1099,-34.4685,0.5644989,
2,72.142,2,11.94994,300.1711,-6.296866,0.526937,5.80457,-10.1099,-34.4685,0.5644989,
2,72.152,2,11.95302,300.168,-6.292496,0.5264357,5.80457,-10.1099,-34.4685,0.5644989,
2,72.162,2,11.95339,300.161,-6.290223,0.5262293,5.80457,-10.1099,-34.4685,0.5644989,
2,72.172,2,11.9491,300.1483,-6.297048,0.5269892,5.80457,-10.1099,-34.4685,0.5644989,
2,72.182,2,11.95162,300.1341,-6.297372,0.5269054,5.80457,-10.1099,-34.4685,0.5644989,
2,72.192,2,11.95071,300.1186,-6.296519,0.5268741,5.80457,-10.1099,-34.4685,0.5644989,
2,72.202,2,11.9496,300.1118,-6.299636,0.5271838,5.80457,-10.1099,-34.4685,0.5644989,
2,72.212,2,11.94765,300.1308,-6.295568,0.5269294,5.80457,-10.1099,-34.4685,0.5644989,
2,72.222,2,11.94663,300.0867,-6.295069,0.5269325,5.80457,-10.1099,-34.4685,0.5644989,
2,72.232,2,11.95065,300.0686,-6.299932,0.5271623,5.80457,-10.1099,-34.4685,0.5644989,
2,72.242,2,11.94726,300.0709,-6.303019,0.52757,5.79768,-10.1099,-34.4704,0.5664024,
2,72.252,2,11.9458,300.0695,-6.305825,0.5278698,5.79768,-10.1099,-34.4704,0.5664024,
2,72.262,2,11.94843,300.025,-6.310431,0.528139,5.79768,-10.1099,-34.4704,0.5664024,
2,72.272,2,11.94477,300.046,-6.308644,0.5281513,5.79768,-10.1099,-34.4704,0.5664024,
2,72.282,2,11.9474,300.0324,-6.30852,0.5280244,5.79768,-10.1099,-34.4704,0.5664024,
2,72.292,2,11.94672,300.0381,-6.311504,0.5283042,5.79768,-10.1099,-34.4704,0.5664024,
2,72.302,2,11.94521,300.0834,-6.314381,0.5286118,5.79768,-10.1099,-34.4704,0.5664024,
2,72.312,2,11.94515,300.004,-6.310763,0.5283118,5.79768,-10.1099,-34.4704,0.5664024,
2,72.322,2,11.9444,299.9959,-6.312183,0.528464,5.79768,-10.1099,-34.4704,0.5664024,
2,72.332,2,11.94341,299.9901,-6.307833,0.5281435,5.79768,-10.1099,-34.4704,0.5664024,
2,72.342,2,11.94319,300.0077,-6.309214,0.5282689,5.79768,-10.1099,-34.4704,0.5664024,
2,72.352,2,11.94469,299.9825,-6.307653,0.5280718,5.79768,-10.1099,-34.4704,0.5664024,
2,72.362,2,11.94679,299.9595,-6.300207,0.5273557,5.79768,-10.1099,-34.4704,0.5664024,
2,72.372,2,11.95257,299.9474,-6.295516,0.5267081,5.79768,-10.1099,-34.4704,0.5664024,
2,72.382,2,11.96811,299.9112,-6.298612,0.5262828,5.79768,-10.1099,-34.4704,0.5664024,
2,72.392,2,11.97849,299.8595,-6.300611,0.5259937,5.79768,-10.1099,-34.4704,0.5664024,
2,72.402,2,11.98804,299.8253,-6.303937,0.5258521,5.79768,-10.1099,-34.4704,0.5664024,
2,72.412,2,11.99436,299.8033,-6.305991,0.5257463,5.79768,-10.1099,-34.4704,0.5664024,
2,72.422,2,11.99716,299.7873,-6.31131,0.5260671,5.79768,-10.1099,-34.4704,0.5664024,
2,72.432,2,11.99626,299.7713,-6.31507,0.5264198,5.79768,-10.1099,-34.4704,0.5664024,
2,72.442,2,11.9942,299.7726,-6.315573,0.5265523,5.79768,-10.1099,-34.4704,0.5664024,
2,72.452,2,11.99419,299.7571,-6.319812,0.526906,5.79768,-10.1099,-34.4704,0.5664024,
2,72.462,2,11.99537,299.7504,-6.322701,0.5270949,5.79768,-10.1099,-34.4704,0.5664024,
2,72.472,2,11.99575,299.7286,-6.3256,0.5273203,5.79768,-10.1099,-34.4704,0.5664024,
2,72.482,2,11.99809,299.7323,-6.326183,0.5272657,5.79768,-10.1099,-34.4704,0.5664024,
2,72.492,2,11.993,299.7233,-6.326605,0.5275247,5.79768,-10.1099,-34.4704,0.5664024,
2,72.502,2,11.99349,299.7222,-6.332,0.5279531,5.79077,-10.1099,-34.4723,0.5683022,
2,72.512,2,11.99353,299.6809,-6.335112,0.5282109,5.79077,-10.1099,-34.4723,0.5683022,
2,72.522,2,11.99386,299.7009,-6.333267,0.5280426,5.79077,-10.1099,-34.4723,0.5683022,
2,72.532,2,11.99482,299.6948,-6.329639,0.5276977,5.79077,-10.1099,-34.4723,0.5683022,
2,72.542,2,11.99158,299.6789,-6.331872,0.5280263,5.79077,-10.1099,-34.4723,0.5683022,
2,72.552,2,11.98917,299.6539,-6.331229,0.5280792,5.79077,-10.1099,-34.4723,0.5683022,
2,72.562,2,11.99331,299.6669,-6.328766,0.5276912,5.79077,-10.1099,-34.4723,0.5683022,
2,72.572,2,11.99244,299.6559,-6.324302,0.5273573,5.79077,-10.1099,-34.4723,0.5683022,
2,72.582,2,11.99006,299.6523,-6.323114,0.5273631,5.79077,-10.1099,-34.4723,0.5683022,
2,72.592,2,11.99142,299.608,-6.328509,0.5277531,5.79077,-10.1099,-34.4723,0.5683022,
2,72.602,2,11.99161,299.6385,-6.329807,0.5278528,5.79077,-10.1099,-34.4723,0.5683022,
2,72.612,2,11.98888,299.6256,-6.330546,0.5280349,5.79077,-10.1099,-34.4723,0.5683022,
2,72.622,2,11.99359,299.6104,-6.329533,0.5277429,5.79077,-10.1099,-34.4723,0.5683022,
2,72.632,2,12.00348,299.5588,-6.332297,0.5275385,5.79077,-10.1099,-34.4723,0.5683022,
2,72.642,2,12.01578,299.5299,-6.335305,0.5272487,5.79077,-10.1099,-34.4723,0.5683022,
2,72.652,2,12.02886,299.472,-6.331863,0.5263895,5.79077,-10.1099,-34.4723,0.5683022,
2,72.662,2,12.03593,299.4781,-6.336501,0.5264652,5.79077,-10.1099,-34.4723,0.5683022,
2,72.672,2,12.04068,299.4645,-6.345075,0.5269698,5.79077,-10.1099,-34.4723,0.5683022,
2,72.682,2,12.04068,299.4421,-6.349575,0.5273436,5.79077,-10.1099,-34.4723,0.5683022,
2,72.692,2,12.04144,299.4256,-6.347945,0.5271748,5.79077,-10.1099,-34.4723,0.5683022,
2,72.702,2,12.04149,299.421,-6.349766,0.527324,5.79077,-10.1099,-34.4723,0.5683022,
2,72.712,2,12.03954,299.4014,-6.35469,0.5278181,5.79077,-10.1099,-34.4723,0.5683022,
2,72.722,2,12.04089,299.4119,-6.35668,0.5279245,5.79077,-10.1099,-34.4723,0.5683022,
2,72.732,2,12.04137,299.3955,-6.357193,0.5279458,5.79077,-10.1099,-34.4723,0.5683022,
2,72.742,2,12.03772,299.3905,-6.35544,0.5279606,5.79077,-10.1099,-34.4723,0.5683022,
2,72.752,2,12.04049,299.3782,-6.353658,0.5276912,5.79077,-10.1099,-34.4723,0.5683022,
2,72.762,2,12.04026,299.3923,-6.354868,0.5278014,5.79077,-10.1099,-34.4723,0.5683022,
2,72.772,2,12.03881,299.3657,-6.352854,0.5276979,5.78463,-10.1099,-34.4742,0.5702019,
2,72.782,2,12.0383,299.3531,-6.348178,0.5273317,5.78463,-10.1099,-34.4742,0.5702019,
2,72.792,2,12.0383,299.3428,-6.349314,0.5274259,5.78463,-10.1099,-34.4742,0.5702019,
2,72.802,2,12.03613,299.3151,-6.353056,0.5278323,5.78463,-10.1099,-34.4742,0.5702019,
2,72.812,2,12.03765,299.3191,-6.350729,0.5275724,5.78463,-10.1099,-34.4742,0.5702019,
2,72.822,2,12.0359,299.3037,-6.351008,0.5276722,5.78463,-10.1099,-34.4742,0.5702019,
2,72.832,2,12.03734,299.2926,-6.355186,0.5279562,5.78463,-10.1099,-34.4742,0.5702019,
2,72.842,2,12.03472,299.295,-6.35699,0.5282207,5.78463,-10.1099,-34.4742,0.5702019,
2,72.852,2,12.03326,299.2856,-6.360211,0.5285527,5.78463,-10.1099,-34.4742,0.5702019,
2,72.862,2,12.03439,299.2737,-6.358497,0.5283605,5.78463,-10.1099,-34.4742,0.5702019,
2,72.872,2,12.03721,299.2727,-6.359948,0.5283572,5.78463,-10.1099,-34.4742,0.5702019,
2,72.882,2,12.04261,299.2401,-6.363164,0.5283874,5.78463,-10.1099,-34.4742,0.5702019,
2,72.892,2,12.05143,299.2125,-6.36562,0.5282044,5.78463,-10.1099,-34.4742,0.5702019,
2,72.902,2,12.06417,299.1665,-6.366164,0.5276918,5.78463,-10.1099,-34.4742,0.5702019,
2,72.912,2,12.0767,299.1315,-6.369473,0.5274184,5.78463,-10.1099,-34.4742,0.5702019,
2,72.922,2,12.08658,299.1108,-6.373209,0.5272963,5.78463,-10.1099,-34.4742,0.5702019,
2,72.932,2,12.08708,299.0953,-6.376737,0.5275664,5.78463,-10.1099,-34.4742,0.5702019,
2,72.942,2,12.08797,299.094,-6.377836,0.5276183,5.78463,-10.1099,-34.4742,0.5702019,
2,72.952,2,12.08891,299.0814,-6.37489,0.5273336,5.78463,-10.1099,-34.4742,0.5702019,
2,72.962,2,12.08741,299.0694,-6.374635,0.527378,5.78463,-10.1099,-34.4742,0.5702019,
2,72.972,2,12.08728,299.0554,-6.375502,0.5274556,5.78463,-10.1099,-34.4742,0.5702019,
2,72.982,2,12.08674,299.0421,-6.373496,0.527313,5.78463,-10.1099,-34.4742,0.5702019,
2,72.992,2,12.08599,299.0282,-6.368832,0.5269601,5.78463,-10.1099,-34.4742,0.5702019,
2,73.002,2,12.08394,299.018,-6.371491,0.5272695,5.78463,-10.1099,-34.4742,0.5702019,
2,73.012,2,12.0839,299.0229,-6.373933,0.5274732,5.7785,-10.1099,-34.4761,0.5721016,
2,73.022,2,12.08778,298.9897,-6.372478,0.5271834,5.7785,-10.1099,-34.4761,0.5721016,
2,73.032,2,12.08571,298.984,-6.373295,0.5273415,5.7785,-10.1099,-34.4761,0.5721016,
2,73.042,2,12.08055,298.9861,-6.375256,0.5277289,5.7785,-10.1099,-34.4761,0.5721016,
2,73.052,2,12.08796,298.9908,-6.377447,0.5275869,5.7785,-10.1099,-34.4761,0.5721016,
2,73.062,2,12.08337,298.9563,-6.379493,0.5279565,5.7785,-10.1099,-34.4761,0.5721016,
2,73.072,2,12.08527,298.9452,-6.377714,0.5277262,5.7785,-10.1099,-34.4761,0.5721016,
2,73.082,2,12.08249,298.9388,-6.380176,0.5280513,5.7785,-10.1099,-34.4761,0.5721016,
2,73.092,2,12.08088,298.9189,-6.38594,0.5285988,5.7785,-10.1099,-34.4761,0.5721016,
2,73.102,2,12.08834,298.9127,-6.388596,0.5284923,5.7785,-10.1099,-34.4761,0.5721016,
2,73.112,2,12.09308,298.8688,-6.388382,0.5282676,5.7785,-10.1099,-34.4761,0.5721016,
2,73.122,2,12.10877,298.8456,-6.38821,0.5275687,5.7785,-10.1099,-34.4761,0.5721016,
2,73.132,2,12.12205,298.8159,-6.391725,0.5272809,5.7785,-10.1099,-34.4761,0.5721016,
2,73.142,2,12.12603,298.782,-6.395588,0.5274265,5.7785,-10.1099,-34.4761,0.5721016,
2,73.152,2,12.13525,298.7675,-6.393678,0.526868,5.7785,-10.1099,-34.4761,0.5721016,
2,73.162,2,12.13216,298.7641,-6.39222,0.5268824,5.7785,-10.1099,-34.4761,0.5721016,
2,73.172,2,12.13262,298.7465,-6.395918,0.5271673,5.7785,-10.1099,-34.4761,0.5721016,
2,73.182,2,12.1321,298.7289,-6.397709,0.5273375,5.7785,-10.1099,-34.4761,0.5721016,
2,73.192,2,12.13279,298.7226,-6.393882,0.5269918,5.7785,-10.1099,-34.4761,0.5721016,
2,73.202,2,12.13216,298.7145,-6.391772,0.5268452,5.7785,-10.1099,-34.4761,0.5721016,
2,73.212,2,12.13155,298.7082,-6.3952,0.5271544,5.7785,-10.1099,-34.4761,0.5721016,
2,73.222,2,12.13173,298.6742,-6.397491,0.5273356,5.7785,-10.1099,-34.4761,0.5721016,
2,73.232,2,12.13221,298.6778,-6.397114,0.5272837,5.7785,-10.1099,-34.4761,0.5721016,
2,73.242,2,12.13105,298.6733,-6.39722,0.5273428,5.7785,-10.1099,-34.4761,0.5721016,
2,73.252,2,12.12896,298.6609,-6.398106,0.5275064,5.77313,-10.1099,-34.478,0.5740013,
2,73.262,2,12.12974,298.6503,-6.402961,0.527873,5.77313,-10.1099,-34.478,0.5740013,
2,73.272,2,12.12745,298.6503,-6.40576,0.5282035,5.77313,-10.1099,-34.478,0.5740013,
2,73.282,2,12.1263,298.6341,-6.403499,0.5280669,5.77313,-10.1099,-34.478,0.5740013,
2,73.292,2,12.12695,298.6144,-6.406096,0.5282529,5.77313,-10.1099,-34.478,0.5740013,
2,73.302,2,12.12513,298.5903,-6.410254,0.5286752,5.77313,-10.1099,-34.478,0.5740013,
2,73.312,2,12.12492,298.6218,-6.412549,0.5288733,5.77313,-10.1099,-34.478,0.5740013,
2,73.322,2,12.12623,298.6019,-6.410468,0.5286449,5.77313,-10.1099,-34.478,0.5740013,
2,73.332,2,12.12414,298.6007,-6.41242,0.5288969,5.77313,-10.1099,-34.478,0.5740013,
2,73.342,2,12.12555,298.571,-6.417216,0.5292311,5.77313,-10.1099,-34.478,0.5740013,
2,73.352,2,12.12561,298.5764,-6.416963,0.5292075,5.77313,-10.1099,-34.478,0.5740013,
2,73.362,2,12.12411,298.5714,-6.414948,0.5291066,5.77313,-10.1099,-34.478,0.5740013,
2,73.372,2,12.1279,298.554,-6.412786,0.528763,5.77313,-10.1099,-34.478,0.5740013,
2,73.382,2,12.13706,298.5244,-6.412688,0.528356,5.77313,-10.1099,-34.478,0.5740013,
2,73.392,2,12.14702,298.481,-6.412801,0.5279321,5.77313,-10.1099,-34.478,0.5740013,
2,73.402,2,12.16044,298.4582,-6.409685,0.5270932,5.77313,-10.1099,-34.478,0.5740013,
2,73.412,2,12.16792,298.4345,-6.408242,0.5266505,5.77313,-10.1099,-34.478,0.5740013,
2,73.422,2,12.17482,298.4193,-6.412293,0.5266846,5.77313,-10.1099,-34.478,0.5740013,
2,73.432,2,12.17241,298.4102,-6.416876,0.5271655,5.77313,-10.1099,-34.478,0.5740013,
2,73.442,2,12.17281,298.388,-6.415126,0.5270044,5.77313,-10.1099,-34.478,0.5740013,
2,73.452,2,12.17373,298.3733,-6.418328,0.5272277,5.77313,-10.1099,-34.478,0.5740013,
2,73.462,2,12.17298,298.3392,-6.419893,0.5273888,5.77313,-10.1099,-34.478,0.5740013,
2,73.472,2,12.17175,298.3749,-6.42251,0.527657,5.77313,-10.1099,-34.478,0.5740013,
2,73.482,2,12.17346,298.3392,-6.42168,0.5275148,5.77313,-10.1099,-34.478,0.5740013,
2,73.492,2,12.17033,298.3302,-6.42439,0.5278732,5.77313,-10.1099,-34.478,0.5740013,
2,73.502,2,12.16828,298.3252,-6.427997,0.5282587,5.76737,-10.1099,-34.4798,0.5758018,
2,73.512,2,12.17127,298.3097,-6.431059,0.5283802,5.76737,-10.1099,-34.4798,0.5758018,
2,73.522,2,12.16972,298.3062,-6.430099,0.5283688,5.76737,-10.1099,-34.4798,0.5758018,
2,73.532,2,12.16853,298.2943,-6.431857,0.5285648,5.76737,-10.1099,-34.4798,0.5758018,
2,73.542,2,12.16869,298.2847,-6.433941,0.528729,5.76737,-10.1099,-34.4798,0.5758018,
2,73.552,2,12.16959,298.2657,-6.435463,0.5288151,5.76737,-10.1099,-34.4798,0.5758018,
2,73.562,2,12.17028,298.2603,-6.434968,0.5287443,5.76737,-10.1099,-34.4798,0.5758018,
2,73.572,2,12.16844,298.2516,-6.431427,0.5285333,5.76737,-10.1099,-34.4798,0.5758018,
2,73.582,2,12.16663,298.2422,-6.432895,0.5287327,5.76737,-10.1099,-34.4798,0.5758018,
2,73.592,2,12.17166,298.2453,-6.433334,0.5285501,5.76737,-10.1099,-34.4798,0.5758018,
2,73.602,2,12.17343,298.2281,-6.430411,0.5282332,5.76737,-10.1099,-34.4798,0.5758018,
2,73.612,2,12.1869,298.1913,-6.429208,0.5275509,5.76737,-10.1099,-34.4798,0.5758018,
2,73.622,2,12.19719,298.1408,-6.427871,0.5269961,5.76737,-10.1099,-34.4798,0.5758018,
2,73.632,2,12.20749,298.1273,-6.43009,0.5267331,5.76737,-10.1099,-34.4798,0.5758018,
2,73.642,2,12.21541,298.1082,-6.431808,0.5265324,5.76737,-10.1099,-34.4798,0.5758018,
2,73.652,2,12.21849,298.0736,-6.432711,0.5264736,5.76737,-10.1099,-34.4798,0.5758018,
2,73.662,2,12.21485,298.0583,-6.435286,0.526841,5.76737,-10.1099,-34.4798,0.5758018,
2,73.672,2,12.21195,298.0381,-6.440982,0.5274327,5.76737,-10.1099,-34.4798,0.5758018,
2,73.682,2,12.2162,298.0368,-6.441428,0.5272856,5.76737,-10.1099,-34.4798,0.5758018,
2,73.692,2,12.21687,298.0259,-6.442555,0.5273491,5.76737,-10.1099,-34.4798,0.5758018,
2,73.702,2,12.21279,298.0262,-6.447048,0.5278932,5.76737,-10.1099,-34.4798,0.5758018,
2,73.712,2,12.21536,298.0123,-6.449163,0.5279553,5.76737,-10.1099,-34.4798,0.5758018,
2,73.722,2,12.21376,298.0107,-6.45012,0.5281028,5.76737,-10.1099,-34.4798,0.5758018,
2,73.732,2,12.21189,297.9826,-6.452486,0.5283772,5.76737,-10.1099,-34.4798,0.5758018,
2,73.742,2,12.21529,297.9746,-6.452999,0.5282721,5.76737,-10.1099,-34.4798,0.5758018,
2,73.752,2,12.21117,297.9741,-6.454547,0.5285773,5.76737,-10.1099,-34.4798,0.5758018,
2,73.762,2,12.21193,297.9564,-6.460259,0.5290122,5.76123,-10.1099,-34.4816,0.5776024,
2,73.772,2,12.21054,297.9573,-6.458501,0.5289282,5.76123,-10.1099,-34.4816,0.5776024,
2,73.782,2,12.21114,297.9512,-6.454664,0.5285882,5.76123,-10.1099,-34.4816,0.5776024,
2,73.792,2,12.21307,297.9406,-6.455205,0.5285492,5.76123,-10.1099,-34.4816,0.5776024,
2,73.802,2,12.21041,297.931,-6.45575,0.5287087,5.76123,-10.1099,-34.4816,0.5776024,
2,73.812,2,12.20979,297.9213,-6.451741,0.5284072,5.76123,-10.1099,-34.4816,0.5776024,
2,73.822,2,12.21074,297.9112,-6.449337,0.5281694,5.76123,-10.1099,-34.4816,0.5776024,
2,73.832,2,12.20757,297.9095,-6.447982,0.5281953,5.76123,-10.1099,-34.4816,0.5776024,
2,73.842,2,12.2088,297.9021,-6.449411,0.5282592,5.76123,-10.1099,-34.4816,0.5776024,
2,73.852,2,12.20962,297.8898,-6.453165,0.5285312,5.76123,-10.1099,-34.4816,0.5776024,
2,73.862,2,12.21186,297.879,-6.451403,0.5282899,5.76123,-10.1099,-34.4816,0.5776024,
2,73.872,2,12.20829,297.8725,-6.452267,0.5285153,5.76123,-10.1099,-34.4816,0.5776024,
2,73.882,2,12.21198,297.8408,-6.455724,0.5286385,5.76123,-10.1099,-34.4816,0.5776024,
2,73.892,2,12.2172,297.8531,-6.455804,0.5284193,5.76123,-10.1099,-34.4816,0.5776024,
2,73.902,2,12.23018,297.7933,-6.455959,0.5278711,5.76123,-10.1099,-34.4816,0.5776024,
2,73.912,2,12.24033,297.767,-6.459673,0.5277368,5.76123,-10.1099,-34.4816,0.5776024,
2,73.922,2,12.25113,297.7319,-6.463579,0.5275905,5.76123,-10.1099,-34.4816,0.5776024,
2,73.932,2,12.25738,297.7289,-6.469399,0.5277961,5.76123,-10.1099,-34.4816,0.5776024,
2,73.942,2,12.25745,297.7126,-6.470338,0.5278698,5.76123,-10.1099,-34.4816,0.5776024,
2,73.952,2,12.25664,297.6862,-6.473289,0.5281454,5.76123,-10.1099,-34.4816,0.5776024,
2,73.962,2,12.25764,297.6691,-6.474544,0.5282046,5.76123,-10.1099,-34.4816,0.5776024,
2,73.972,2,12.25967,297.6122,-6.478491,0.5284395,5.76123,-10.1099,-34.4816,0.5776024,
2,73.982,2,12.2569,297.6608,-6.478008,0.5285193,5.76123,-10.1099,-34.4816,0.5776024,
2,73.992,2,12.25543,297.6537,-6.476069,0.5284244,5.76123,-10.1099,-34.4816,0.5776024,
2,74.002,2,12.25429,297.6449,-6.475103,0.5283946,5.76123,-10.1099,-34.4816,0.5776024,
2,74.012,2,12.25566,297.6176,-6.477975,0.5285699,5.76123,-10.1099,-34.4816,0.5776024,
2,74.022,2,12.25415,297.6266,-6.475859,0.5284624,5.75432,-10.1099,-34.4834,0.5793991,
2,74.032,2,12.25562,297.6145,-6.46961,0.5278893,5.75432,-10.1099,-34.4834,0.5793991,
2,74.042,2,12.25569,297.5999,-6.46825,0.5277752,5.75432,-10.1099,-34.4834,0.5793991,
2,74.052,2,12.25426,297.5681,-6.470541,0.5280238,5.75432,-10.1099,-34.4834,0.5793991,
2,74.062,2,12.25442,297.5787,-6.47205,0.5281401,5.75432,-10.1099,-34.4834,0.5793991,
2,74.072,2,12.25314,297.5788,-6.470873,0.5280992,5.75432,-10.1099,-34.4834,0.5793991,
2,74.082,2,12.25506,297.5862,-6.472371,0.5281388,5.75432,-10.1099,-34.4834,0.5793991,
2,74.092,2,12.25467,297.5742,-6.476129,0.5284622,5.75432,-10.1099,-34.4834,0.5793991,
2,74.102,2,12.25081,297.5468,-6.478086,0.5287884,5.75432,-10.1099,-34.4834,0.5793991,
2,74.112,2,12.2506,297.5299,-6.480185,0.5289688,5.75432,-10.1099,-34.4834,0.5793991,
2,74.122,2,12.25117,297.5181,-6.479434,0.5288829,5.75432,-10.1099,-34.4834,0.5793991,
2,74.132,2,12.2507,297.519,-6.482234,0.5291316,5.75432,-10.1099,-34.4834,0.5793991,
2,74.142,2,12.25521,297.5042,-6.484923,0.5291563,5.75432,-10.1099,-34.4834,0.5793991,
2,74.152,2,12.26307,297.4792,-6.484587,0.52879,5.75432,-10.1099,-34.4834,0.5793991,
2,74.162,2,12.27646,297.4362,-6.485584,0.5282942,5.75432,-10.1099,-34.4834,0.5793991,
2,74.172,2,12.29183,297.3985,-6.490247,0.528013,5.75432,-10.1099,-34.4834,0.5793991,
2,74.182,2,12.29757,297.3907,-6.493875,0.5280616,5.75432,-10.1099,-34.4834,0.5793991,
2,74.192,2,12.29917,297.3629,-6.49458,0.5280504,5.75432,-10.1099,-34.4834,0.5793991,
2,74.202,2,12.30279,297.344,-6.49455,0.5278926,5.75432,-10.1099,-34.4834,0.5793991,
2,74.212,2,12.30243,297.3328,-6.493935,0.5278578,5.75432,-10.1099,-34.4834,0.5793991,
2,74.222,2,12.30133,297.3134,-6.496928,0.5281484,5.75432,-10.1099,-34.4834,0.5793991,
2,74.232,2,12.30109,297.3052,-6.493701,0.5278963,5.75432,-10.1099,-34.4834,0.5793991,
2,74.242,2,12.30121,297.2979,-6.491196,0.5276875,5.75432,-10.1099,-34.4834,0.5793991,
2,74.252,2,12.29958,297.2977,-6.490141,0.5276716,5.75432,-10.1099,-34.4834,0.5793991,
2,74.262,2,12.30052,297.3189,-6.493748,0.5279248,5.75432,-10.1099,-34.4834,0.5793991,
2,74.272,2,12.30012,297.2677,-6.495219,0.5280616,5.75432,-10.1099,-34.4834,0.5793991,
2,74.282,2,12.29982,297.2578,-6.494252,0.5279959,5.75432,-10.1099,-34.4834,0.5793991,
2,74.292,2,12.29827,297.2482,-6.496046,0.528208,5.7482,-10.1099,-34.4852,0.5811996,
2,74.302,2,12.29559,297.2671,-6.499212,0.5285808,5.7482,-10.1099,-34.4852,0.5811996,
2,74.312,2,12.29608,297.2339,-6.501831,0.5287727,5.7482,-10.1099,-34.4852,0.5811996,
2,74.322,2,12.2959,297.2255,-6.500734,0.5286914,5.7482,-10.1099,-34.4852,0.5811996,
2,74.332,2,12.29699,297.2081,-6.50184,0.5287341,5.7482,-10.1099,-34.4852,0.5811996,
2,74.342,2,12.29443,297.1963,-6.507477,0.529303,5.7482,-10.1099,-34.4852,0.5811996,
2,74.352,2,12.29357,297.2105,-6.509523,0.5295062,5.7482,-10.1099,-34.4852,0.5811996,
2,74.362,2,12.29555,297.1988,-6.508635,0.529349,5.7482,-10.1099,-34.4852,0.5811996,
2,74.372,2,12.29587,297.1865,-6.508159,0.5292965,5.7482,-10.1099,-34.4852,0.5811996,
2,74.382,2,12.29463,297.1656,-6.509763,0.52948,5.7482,-10.1099,-34.4852,0.5811996,
2,74.392,2,12.29366,297.1776,-6.510909,0.5296152,5.7482,-10.1099,-34.4852,0.5811996,
2,74.402,2,12.29222,297.1631,-6.508756,0.529502,5.7482,-10.1099,-34.4852,0.5811996,
2,74.412,2,12.29984,297.1523,-6.505898,0.5289416,5.7482,-10.1099,-34.4852,0.5811996,
2,74.422,2,12.30617,297.1161,-6.504924,0.5285906,5.7482,-10.1099,-34.4852,0.5811996,
2,74.432,2,12.31727,297.0678,-6.504563,0.528085,5.7482,-10.1099,-34.4852,0.5811996,
2,74.442,2,12.33234,297.0541,-6.503054,0.5273172,5.7482,-10.1099,-34.4852,0.5811996,
2,74.452,2,12.33933,297.0297,-6.501269,0.5268739,5.7482,-10.1099,-34.4852,0.5811996,
2,74.462,2,12.34527,297.0044,-6.500924,0.5265925,5.7482,-10.1099,-34.4852,0.5811996,
2,74.472,2,12.34607,297.005,-6.505486,0.5269276,5.7482,-10.1099,-34.4852,0.5811996,
2,74.482,2,12.34458,296.9841,-6.507177,0.5271282,5.7482,-10.1099,-34.4852,0.5811996,
2,74.492,2,12.34559,296.9702,-6.506378,0.5270204,5.7482,-10.1099,-34.4852,0.5811996,
2,74.502,2,12.34257,296.9604,-6.509758,0.527423,5.7482,-10.1099,-34.4852,0.5811996,
2,74.512,2,12.34417,296.9225,-6.514,0.5276987,5.7482,-10.1099,-34.4852,0.5811996,
2,74.522,2,12.34442,296.9128,-6.51584,0.5278368,5.7482,-10.1099,-34.4852,0.5811996,
2,74.532,2,12.34512,296.9406,-6.516295,0.5278439,5.7482,-10.1099,-34.4852,0.5811996,
2,74.542,2,12.34169,296.8963,-6.517268,0.5280694,5.7482,-10.1099,-34.4852,0.5811996,
2,74.552,2,12.3435,296.925,-6.522019,0.5283769,5.7482,-10.1099,-34.4852,0.5811996,
2,74.562,2,12.34218,296.9132,-6.522577,0.5284784,5.7482,-10.1099,-34.4852,0.5811996,
2,74.572,2,12.34404,296.8939,-6.52368,0.528488,5.7482,-10.1099,-34.4852,0.5811996,
2,74.582,2,12.34241,296.8873,-6.523731,0.5285624,5.74167,-10.1099,-34.4871,0.5830994,
2,74.592,2,12.34011,296.8761,-6.528701,0.5290633,5.74167,-10.1099,-34.4871,0.5830994,
2,74.602,2,12.34241,296.8651,-6.530016,0.5290716,5.74167,-10.1099,-34.4871,0.5830994,
2,74.612,2,12.34081,296.8581,-6.526728,0.5288735,5.74167,-10.1099,-34.4871,0.5830994,
2,74.622,2,12.33923,296.8508,-6.524894,0.5287927,5.74167,-10.1099,-34.4871,0.5830994,
2,74.632,2,12.33836,296.8386,-6.525805,0.5289038,5.74167,-10.1099,-34.4871,0.5830994,
2,74.642,2,12.33931,296.8363,-6.524974,0.5287956,5.74167,-10.1099,-34.4871,0.5830994,
2,74.652,2,12.34,296.8269,-6.520357,0.528392,5.74167,-10.1099,-34.4871,0.5830994,
2,74.662,2,12.33926,296.8178,-6.515999,0.5280706,5.74167,-10.1099,-34.4871,0.5830994,
2,74.672,2,12.33837,296.8068,-6.518545,0.5283151,5.74167,-10.1099,-34.4871,0.5830994,
2,74.682,2,12.33964,296.7797,-6.520816,0.5284444,5.74167,-10.1099,-34.4871,0.5830994,
2,74.692,2,12.3469,296.7744,-6.518804,0.5279711,5.74167,-10.1099,-34.4871,0.5830994,
2,74.702,2,12.3589,296.7282,-6.520848,0.5276236,5.74167,-10.1099,-34.4871,0.5830994,
2,74.712,2,12.37166,296.6756,-6.522483,0.5272117,5.74167,-10.1099,-34.4871,0.5830994,
2,74.722,2,12.38434,296.6274,-6.52723,0.5270553,5.74167,-10.1099,-34.4871,0.5830994,
2,74.732,2,12.39069,296.6329,-6.529149,0.5269401,5.74167,-10.1099,-34.4871,0.5830994,
2,74.742,2,12.39234,296.6216,-6.53039,0.5269697,5.74167,-10.1099,-34.4871,0.5830994,
2,74.752,2,12.39244,296.618,-6.535034,0.5273406,5.74167,-10.1099,-34.4871,0.5830994,
2,74.762,2,12.39061,296.6267,-6.54249,0.5280201,5.74167,-10.1099,-34.4871,0.5830994,
2,74.772,2,12.38913,296.589,-6.544055,0.5282093,5.74167,-10.1099,-34.4871,0.5830994,
2,74.782,2,12.38974,296.5767,-6.541285,0.5279596,5.74167,-10.1099,-34.4871,0.5830994,
2,74.792,2,12.38921,296.5725,-6.543139,0.5281323,5.74167,-10.1099,-34.4871,0.5830994,
2,74.802,2,12.3878,296.5101,-6.546732,0.5284823,5.74167,-10.1099,-34.4871,0.5830994,
2,74.812,2,12.38945,296.5521,-6.548164,0.5285276,5.74167,-10.1099,-34.4871,0.5830994,
2,74.822,2,12.38815,296.5473,-6.544594,0.5282946,5.73515,-10.1099,-34.489,0.5849991,
2,74.832,2,12.3884,296.5337,-6.54265,0.528127,5.73515,-10.1099,-34.489,0.5849991,
2,74.842,2,12.38621,296.5178,-6.543501,0.528289,5.73515,-10.1099,-34.489,0.5849991,
2,74.852,2,12.38445,296.5169,-6.543816,0.5283898,5.73515,-10.1099,-34.489,0.5849991,
2,74.862,2,12.38747,296.5042,-6.539143,0.5278835,5.73515,-10.1099,-34.489,0.5849991,
2,74.872,2,12.38692,296.4881,-6.534409,0.5275251,5.73515,-10.1099,-34.489,0.5849991,
2,74.882,2,12.38542,296.4831,-6.536843,0.5277855,5.73515,-10.1099,-34.489,0.5849991,
2,74.892,2,12.38554,296.4849,-6.537862,0.5278627,5.73515,-10.1099,-34.489,0.5849991,
2,74.902,2,12.38596,296.4711,-6.536533,0.5277371,5.73515,-10.1099,-34.489,0.5849991,
2,74.912,2,12.3841,296.4515,-6.537114,0.5278635,5.73515,-10.1099,-34.489,0.5849991,
2,74.922,2,12.3853,296.4466,-6.542831,0.5282741,5.73515,-10.1099,-34.489,0.5849991,
2,74.932,2,12.39261,296.4214,-6.542664,0.5279488,5.73515,-10.1099,-34.489,0.5849991,
2,74.942,2,12.4041,296.3761,-6.544646,0.5276195,5.73515,-10.1099,-34.489,0.5849991,
2,74.952,2,12.41773,296.352,-6.545996,0.5271492,5.73515,-10.1099,-34.489,0.5849991,
2,74.962,2,12.42977,296.327,-6.549366,0.5269097,5.73515,-10.1099,-34.489,0.5849991,
2,74.972,2,12.43333,296.315,-6.556,0.5272922,5.73515,-10.1099,-34.489,0.5849991,
2,74.982,2,12.43568,296.2753,-6.559597,0.527482,5.73515,-10.1099,-34.489,0.5849991,
2,74.992,2,12.43638,296.2571,-6.560972,0.5275627,5.73515,-10.1099,-34.489,0.5849991,
2,75.002,2,12.4346,296.2437,-6.564823,0.5279478,5.73515,-10.1099,-34.489,0.5849991,
2,75.012,2,12.43286,296.295,-6.568559,0.5283223,5.73515,-10.1099,-34.489,0.5849991,
2,75.022,2,12.43513,296.2477,-6.570668,0.5283955,5.73515,-10.1099,-34.489,0.5849991,
2,75.032,2,12.43288,296.2379,-6.567775,0.5282584,5.73515,-10.1099,-34.489,0.5849991,
2,75.042,2,12.43514,296.2358,-6.5672,0.5281163,5.73515,-10.1099,-34.489,0.5849991,
2,75.052,2,12.43202,296.2542,-6.570529,0.5285168,5.73515,-10.1099,-34.489,0.5849991,
2,75.062,2,12.43276,296.2186,-6.566662,0.5281741,5.73515,-10.1099,-34.489,0.5849991,
2,75.072,2,12.43224,296.2037,-6.563466,0.5279391,5.73515,-10.1099,-34.489,0.5849991,
2,75.082,2,12.43419,296.2036,-6.563215,0.5278363,5.73515,-10.1099,-34.489,0.5849991,
2,75.092,2,12.43166,296.183,-6.564483,0.5280455,5.7294,-10.1099,-34.4908,0.5867996,
2,75.102,2,12.43309,296.1664,-6.567253,0.5282078,5.7294,-10.1099,-34.4908,0.5867996,
2,75.112,2,12.43073,296.1852,-6.56765,0.5283399,5.7294,-10.1099,-34.4908,0.5867996,
2,75.122,2,12.43314,296.1239,-6.568189,0.5282807,5.7294,-10.1099,-34.4908,0.5867996,
2,75.132,2,12.43178,296.1725,-6.571316,0.5285903,5.7294,-10.1099,-34.4908,0.5867996,
2,75.142,2,12.43065,296.129,-6.572356,0.5287219,5.7294,-10.1099,-34.4908,0.5867996,
2,75.152,2,12.43244,296.1301,-6.57318,0.528712,5.7294,-10.1099,-34.4908,0.5867996,
2,75.162,2,12.43188,296.1236,-6.575159,0.5288948,5.7294,-10.1099,-34.4908,0.5867996,
2,75.172,2,12.43344,296.1067,-6.577072,0.5289824,5.7294,-10.1099,-34.4908,0.5867996,
2,75.182,2,12.4317,296.1101,-6.582515,0.5294945,5.7294,-10.1099,-34.4908,0.5867996,
2,75.192,2,12.43125,296.1,-6.582979,0.529551,5.7294,-10.1099,-34.4908,0.5867996,
2,75.202,2,12.43764,296.0775,-6.581599,0.5291678,5.7294,-10.1099,-34.4908,0.5867996,
2,75.212,2,12.4471,296.0595,-6.58649,0.5291585,5.7294,-10.1099,-34.4908,0.5867996,
2,75.222,2,12.45763,295.9796,-6.588163,0.5288455,5.7294,-10.1099,-34.4908,0.5867996,
2,75.232,2,12.47121,295.9769,-6.587697,0.5282325,5.7294,-10.1099,-34.4908,0.5867996,
2,75.242,2,12.47875,295.9556,-6.586827,0.5278433,5.7294,-10.1099,-34.4908,0.5867996,
2,75.252,2,12.47825,295.9471,-6.587464,0.5279158,5.7294,-10.1099,-34.4908,0.5867996,
2,75.262,2,12.48155,295.925,-6.588769,0.5278805,5.7294,-10.1099,-34.4908,0.5867996,
2,75.272,2,12.48024,295.906,-6.589631,0.5280052,5.7294,-10.1099,-34.4908,0.5867996,
2,75.282,2,12.48082,295.9161,-6.585897,0.5276814,5.7294,-10.1099,-34.4908,0.5867996,
2,75.292,2,12.4817,295.8962,-6.586068,0.527658,5.7294,-10.1099,-34.4908,0.5867996,
2,75.302,2,12.47879,295.8897,-6.587104,0.5278642,5.7294,-10.1099,-34.4908,0.5867996,
2,75.312,2,12.4802,295.8626,-6.589319,0.5279817,5.7294,-10.1099,-34.4908,0.5867996,
2,75.322,2,12.47679,295.8677,-6.590834,0.5282476,5.7294,-10.1099,-34.4908,0.5867996,
2,75.332,2,12.47833,295.8542,-6.589938,0.5281107,5.72288,-10.1099,-34.4926,0.5886002,
2,75.342,2,12.47611,295.8585,-6.59419,0.5285453,5.72288,-10.1099,-34.4926,0.5886002,
2,75.352,2,12.47758,295.8397,-6.595918,0.5286216,5.72288,-10.1099,-34.4926,0.5886002,
2,75.362,2,12.47484,295.8321,-6.595032,0.5286667,5.72288,-10.1099,-34.4926,0.5886002,
2,75.372,2,12.47635,295.8107,-6.5978,0.5288244,5.72288,-10.1099,-34.4926,0.5886002,
2,75.382,2,12.47558,295.819,-6.601124,0.5291235,5.72288,-10.1099,-34.4926,0.5886002,
2,75.392,2,12.47582,295.8162,-6.605026,0.5294263,5.72288,-10.1099,-34.4926,0.5886002,
2,75.402,2,12.47613,295.7992,-6.605172,0.529425,5.72288,-10.1099,-34.4926,0.5886002,
2,75.412,2,12.47492,295.7905,-6.604948,0.5294579,5.72288,-10.1099,-34.4926,0.5886002,
2,75.422,2,12.47338,295.7937,-6.607677,0.5297421,5.72288,-10.1099,-34.4926,0.5886002,
2,75.432,2,12.47136,295.8096,-6.611206,0.5301111,5.72288,-10.1099,-34.4926,0.5886002,
2,75.442,2,12.47231,295.7573,-6.607671,0.5297871,5.72288,-10.1099,-34.4926,0.5886002,
2,75.452,2,12.4777,295.7529,-6.605089,0.5293515,5.72288,-10.1099,-34.4926,0.5886002,
2,75.462,2,12.48383,295.7411,-6.604943,0.52908,5.72288,-10.1099,-34.4926,0.5886002,
2,75.472,2,12.49758,295.6865,-6.604744,0.5284817,5.72288,-10.1099,-34.4926,0.5886002,
2,75.482,2,12.51187,295.6476,-6.601763,0.52764,5.72288,-10.1099,-34.4926,0.5886002,
2,75.492,2,12.5213,295.6364,-6.598736,0.527001,5.72288,-10.1099,-34.4926,0.5886002,
2,75.502,2,12.52614,295.6093,-6.602205,0.5270742,5.72288,-10.1099,-34.4926,0.5886002,
2,75.512,2,12.52399,295.5955,-6.607126,0.5275575,5.72288,-10.1099,-34.4926,0.5886002,
2,75.522,2,12.52466,295.5919,-6.608006,0.5275999,5.72288,-10.1099,-34.4926,0.5886002,
2,75.532,2,12.52687,295.5745,-6.609636,0.5276368,5.72288,-10.1099,-34.4926,0.5886002,
2,75.542,2,12.52286,295.5598,-6.611082,0.5279211,5.72288,-10.1099,-34.4926,0.5886002,
2,75.552,2,12.52173,295.5599,-6.61447,0.5282393,5.72288,-10.1099,-34.4926,0.5886002,
2,75.562,2,12.52346,295.534,-6.615221,0.5282261,5.72288,-10.1099,-34.4926,0.5886002,
2,75.572,2,12.52258,295.5001,-6.615161,0.5282584,5.72288,-10.1099,-34.4926,0.5886002,
2,75.582,2,12.52052,295.4827,-6.618829,0.5286385,5.72288,-10.1099,-34.4926,0.5886002,
2,75.592,2,12.52059,295.4819,-6.622101,0.5288969,5.72288,-10.1099,-34.4926,0.5886002,
2,75.602,2,12.51983,295.494,-6.625516,0.5292019,5.7171,-10.1099,-34.4944,0.5904007,
2,75.612,2,12.52047,295.4929,-6.625791,0.5291967,5.7171,-10.1099,-34.4944,0.5904007,
2,75.622,2,12.51792,295.4973,-6.625659,0.529294,5.7171,-10.1099,-34.4944,0.5904007,
2,75.632,2,12.52157,295.4968,-6.629277,0.5294285,5.7171,-10.1099,-34.4944,0.5904007,
2,75.642,2,12.51911,295.5027,-6.631079,0.5296764,5.7171,-10.1099,-34.4944,0.5904007,
2,75.652,2,12.52075,295.463,-6.627653,0.5293338,5.7171,-10.1099,-34.4944,0.5904007,
2,75.662,2,12.51972,295.4515,-6.626851,0.5293131,5.7171,-10.1099,-34.4944,0.5904007,
2,75.672,2,12.52087,295.4405,-6.627774,0.5293382,5.7171,-10.1099,-34.4944,0.5904007,
2,75.682,2,12.52568,295.4359,-6.627414,0.5291061,5.7171,-10.1099,-34.4944,0.5904007,
2,75.692,2,12.53902,295.397,-6.624511,0.5283117,5.7171,-10.1099,-34.4944,0.5904007,
2,75.702,2,12.55106,295.3537,-6.622,0.5276047,5.7171,-10.1099,-34.4944,0.5904007,
2,75.712,2,12.56266,295.308,-6.626283,0.5274587,5.7171,-10.1099,-34.4944,0.5904007,
2,75.722,2,12.56741,295.3116,-6.62785,0.5273839,5.7171,-10.1099,-34.4944,0.5904007,
2,75.732,2,12.57091,295.295,-6.627826,0.5272353,5.7171,-10.1099,-34.4944,0.5904007,
2,75.742,2,12.57104,295.2851,-6.629539,0.527366,5.7171,-10.1099,-34.4944,0.5904007,
2,75.752,2,12.56972,295.2573,-6.634505,0.5278165,5.7171,-10.1099,-34.4944,0.5904007,
2,75.762,2,12.57084,295.2288,-6.63915,0.5281391,5.7171,-10.1099,-34.4944,0.5904007,
2,75.772,2,12.56939,295.2437,-6.64014,0.5282785,5.7171,-10.1099,-34.4944,0.5904007,
2,75.782,2,12.5682,295.2255,-6.641877,0.5284669,5.7171,-10.1099,-34.4944,0.5904007,
2,75.792,2,12.56564,295.2264,-6.643443,0.5286992,5.7171,-10.1099,-34.4944,0.5904007,
2,75.802,2,12.56545,295.2274,-6.646602,0.5289586,5.7171,-10.1099,-34.4944,0.5904007,
2,75.812,2,12.56707,295.2047,-6.646765,0.5289035,5.7171,-10.1099,-34.4944,0.5904007,
2,75.822,2,12.56645,295.1966,-6.646401,0.5289005,5.71138,-10.1099,-34.4962,0.5922012,
2,75.832,2,12.56421,295.189,-6.648733,0.5291805,5.71138,-10.1099,-34.4962,0.5922012,
2,75.842,2,12.56423,295.1688,-6.652538,0.5294822,5.71138,-10.1099,-34.4962,0.5922012,
2,75.852,2,12.5653,295.1738,-6.654607,0.5296021,5.71138,-10.1099,-34.4962,0.5922012,
2,75.862,2,12.56626,295.1673,-6.65243,0.5293883,5.71138,-10.1099,-34.4962,0.5922012,
2,75.872,2,12.56548,295.1492,-6.651344,0.5293346,5.71138,-10.1099,-34.4962,0.5922012,
2,75.882,2,12.56424,295.151,-6.651793,0.5294226,5.71138,-10.1099,-34.4962,0.5922012,
2,75.892,2,12.56371,295.1426,-6.649413,0.5292554,5.71138,-10.1099,-34.4962,0.5922012,
2,75.902,2,12.5708,295.1126,-6.646527,0.5287275,5.71138,-10.1099,-34.4962,0.5922012,
2,75.912,2,12.57875,295.0802,-6.642447,0.5280687,5.71138,-10.1099,-34.4962,0.5922012,
2,75.922,2,12.58707,295.0481,-6.644725,0.5279008,5.71138,-10.1099,-34.4962,0.5922012,
2,75.932,2,12.59963,294.9899,-6.650607,0.5278416,5.71138,-10.1099,-34.4962,0.5922012,
2,75.942,2,12.6082,295.0019,-6.650744,0.5274935,5.71138,-10.1099,-34.4962,0.5922012,
2,75.952,2,12.61169,294.9772,-6.654129,0.5276157,5.71138,-10.1099,-34.4962,0.5922012,
2,75.962,2,12.61105,294.9773,-6.654363,0.5276613,5.71138,-10.1099,-34.4962,0.5922012,
2,75.972,2,12.61047,294.8945,-6.659321,0.5280788,5.71138,-10.1099,-34.4962,0.5922012,
2,75.982,2,12.61076,294.9402,-6.658966,0.5280384,5.71138,-10.1099,-34.4962,0.5922012,
2,75.992,2,12.61093,294.942,-6.660879,0.5281832,5.71138,-10.1099,-34.4962,0.5922012,
2,76.002,2,12.60947,294.9308,-6.664764,0.5285524,5.71138,-10.1099,-34.4962,0.5922012,
2,76.012,2,12.60884,294.9228,-6.670959,0.5290699,5.71138,-10.1099,-34.4962,0.5922012,
2,76.022,2,12.60864,294.8976,-6.670256,0.5290225,5.71138,-10.1099,-34.4962,0.5922012,
2,76.032,2,12.61017,294.9069,-6.668802,0.5288432,5.71138,-10.1099,-34.4962,0.5922012,
2,76.042,2,12.60958,294.903,-6.669663,0.5289363,5.71138,-10.1099,-34.4962,0.5922012,
2,76.052,2,12.60672,294.8793,-6.674818,0.529465,5.706,-10.1099,-34.498,0.5940018,
2,76.062,2,12.60671,294.8688,-6.674263,0.5294216,5.706,-10.1099,-34.498,0.5940018,
2,76.072,2,12.60542,294.8729,-6.669171,0.5290718,5.706,-10.1099,-34.498,0.5940018,
2,76.082,2,12.60675,294.8569,-6.670633,0.5291318,5.706,-10.1099,-34.498,0.5940018,
2,76.092,2,12.60753,294.8659,-6.672281,0.5292296,5.706,-10.1099,-34.498,0.5940018,
2,76.102,2,12.60476,294.8545,-6.6738,0.5294666,5.706,-10.1099,-34.498,0.5940018,
2,76.112,2,12.60366,294.8349,-6.670668,0.5292646,5.706,-10.1099,-34.498,0.5940018,
2,76.122,2,12.60708,294.8246,-6.660986,0.5283527,5.706,-10.1099,-34.498,0.5940018,
2,76.132,2,12.60689,294.8186,-6.66221,0.5284579,5.706,-10.1099,-34.498,0.5940018,
2,76.142,2,12.60525,294.8044,-6.664598,0.528716,5.706,-10.1099,-34.498,0.5940018,
2,76.152,2,12.60665,294.7895,-6.664645,0.5286611,5.706,-10.1099,-34.498,0.5940018,
2,76.162,2,12.60487,294.7846,-6.665451,0.5287995,5.706,-10.1099,-34.498,0.5940018,
2,76.172,2,12.6092,294.7771,-6.668272,0.5288417,5.706,-10.1099,-34.498,0.5940018,
2,76.182,2,12.61796,294.7619,-6.670092,0.5286189,5.706,-10.1099,-34.498,0.5940018,
2,76.192,2,12.6303,294.6975,-6.671556,0.5282182,5.706,-10.1099,-34.498,0.5940018,
2,76.202,2,12.63756,294.687,-6.671552,0.5279146,5.706,-10.1099,-34.498,0.5940018,
2,76.212,2,12.64607,294.6529,-6.67715,0.5280021,5.706,-10.1099,-34.498,0.5940018,
2,76.222,2,12.65153,294.6231,-6.682982,0.5282352,5.706,-10.1099,-34.498,0.5940018,
2,76.232,2,12.64965,294.6067,-6.685452,0.5285088,5.706,-10.1099,-34.498,0.5940018,
2,76.242,2,12.65103,294.6141,-6.685474,0.528453,5.706,-10.1099,-34.498,0.5940018,
2,76.252,2,12.64908,294.6025,-6.687487,0.5286935,5.706,-10.1099,-34.498,0.5940018,
2,76.262,2,12.64937,294.6072,-6.690768,0.5289409,5.706,-10.1099,-34.498,0.5940018,
2,76.272,2,12.64752,294.5907,-6.692209,0.5291319,5.706,-10.1099,-34.498,0.5940018,
2,76.282,2,12.64824,294.5757,-6.68961,0.5288963,5.706,-10.1099,-34.498,0.5940018,
2,76.292,2,12.64652,294.5697,-6.689243,0.5289394,5.706,-10.1099,-34.498,0.5940018,
2,76.302,2,12.64629,294.5683,-6.69029,0.5290318,5.69947,-10.1099,-34.4996,0.5956001,
2,76.312,2,12.64694,294.548,-6.686641,0.5287163,5.69947,-10.1099,-34.4996,0.5956001,
2,76.322,2,12.64816,294.539,-6.68454,0.528499,5.69947,-10.1099,-34.4996,0.5956001,
2,76.332,2,12.64638,294.5262,-6.683333,0.5284778,5.69947,-10.1099,-34.4996,0.5956001,
2,76.342,2,12.64478,294.5079,-6.68473,0.5286551,5.69947,-10.1099,-34.4996,0.5956001,
2,76.352,2,12.64707,294.4954,-6.687649,0.5287904,5.69947,-10.1099,-34.4996,0.5956001,
2,76.362,2,12.64684,294.5074,-6.687267,0.52877,5.69947,-10.1099,-34.4996,0.5956001,
2,76.372,2,12.64361,294.4949,-6.686697,0.5288598,5.69947,-10.1099,-34.4996,0.5956001,
2,76.382,2,12.64507,294.5034,-6.690456,0.5290962,5.69947,-10.1099,-34.4996,0.5956001,
2,76.392,2,12.64736,294.4659,-6.692048,0.5291262,5.69947,-10.1099,-34.4996,0.5956001,
2,76.402,2,12.65126,294.4504,-6.692482,0.5289974,5.69947,-10.1099,-34.4996,0.5956001,
2,76.412,2,12.66235,294.4153,-6.694966,0.5287303,5.69947,-10.1099,-34.4996,0.5956001,
2,76.422,2,12.67187,294.3674,-6.699267,0.5286723,5.69947,-10.1099,-34.4996,0.5956001,
2,76.432,2,12.68258,294.3257,-6.704607,0.5286471,5.69947,-10.1099,-34.4996,0.5956001,
2,76.442,2,12.68817,294.3328,-6.704897,0.528437,5.69947,-10.1099,-34.4996,0.5956001,
2,76.452,2,12.69035,294.3145,-6.704661,0.5283276,5.69947,-10.1099,-34.4996,0.5956001,
2,76.462,2,12.69184,294.3106,-6.707584,0.5284957,5.69947,-10.1099,-34.4996,0.5956001,
2,76.472,2,12.68995,294.3445,-6.710212,0.5287816,5.69947,-10.1099,-34.4996,0.5956001,
2,76.482,2,12.69003,294.2624,-6.711008,0.5288411,5.69947,-10.1099,-34.4996,0.5956001,
2,76.492,2,12.68887,294.2929,-6.708704,0.5287077,5.69947,-10.1099,-34.4996,0.5956001,
2,76.502,2,12.68856,294.2599,-6.708848,0.5287319,5.69947,-10.1099,-34.4996,0.5956001,
2,76.512,2,12.68906,294.2719,-6.711812,0.5289449,5.69947,-10.1099,-34.4996,0.5956001,
2,76.522,2,12.68744,294.2639,-6.709988,0.5288687,5.69947,-10.1099,-34.4996,0.5956001,
2,76.532,2,12.68452,294.2557,-6.709617,0.5289611,5.69947,-10.1099,-34.4996,0.5956001,
2,76.542,2,12.68779,294.2388,-6.7108,0.5289178,5.69413,-10.1099,-34.5013,0.5973015,
2,76.552,2,12.68536,294.2315,-6.707591,0.5287665,5.69413,-10.1099,-34.5013,0.5973015,
2,76.562,2,12.68581,294.2107,-6.707088,0.528708,5.69413,-10.1099,-34.5013,0.5973015,
2,76.572,2,12.68452,294.2151,-6.707323,0.5287803,5.69413,-10.1099,-34.5013,0.5973015,
2,76.582,2,12.68475,294.2034,-6.706426,0.5286999,5.69413,-10.1099,-34.5013,0.5973015,
2,76.592,2,12.68811,294.1891,-6.712863,0.5290671,5.69413,-10.1099,-34.5013,0.5973015,
2,76.602,2,12.68316,294.1821,-6.715135,0.5294529,5.69413,-10.1099,-34.5013,0.5973015,
2,76.612,2,12.68424,294.1728,-6.716527,0.5295174,5.69413,-10.1099,-34.5013,0.5973015,
2,76.622,2,12.68733,294.1598,-6.716709,0.5294027,5.69413,-10.1099,-34.5013,0.5973015,
2,76.632,2,12.69573,294.133,-6.718841,0.5292207,5.69413,-10.1099,-34.5013,0.5973015,
2,76.642,2,12.71143,294.0596,-6.721579,0.5287821,5.69413,-10.1099,-34.5013,0.5973015,
2,76.652,2,12.72261,294.0783,-6.721602,0.5283193,5.69413,-10.1099,-34.5013,0.5973015,
2,76.662,2,12.72867,294.0476,-6.725625,0.5283837,5.69413,-10.1099,-34.5013,0.5973015,
2,76.672,2,12.73202,294.0396,-6.727742,0.5284111,5.69413,-10.1099,-34.5013,0.5973015,
2,76.682,2,12.73211,293.9947,-6.734843,0.5289651,5.69413,-10.1099,-34.5013,0.5973015,
2,76.692,2,12.73143,294.0103,-6.739892,0.52939,5.69413,-10.1099,-34.5013,0.5973015,
2,76.702,2,12.73228,294.0059,-6.734009,0.5288926,5.69413,-10.1099,-34.5013,0.5973015,
2,76.712,2,12.73035,293.997,-6.727552,0.5284654,5.69413,-10.1099,-34.5013,0.5973015,
2,76.722,2,12.73064,293.9541,-6.72887,0.528557,5.69413,-10.1099,-34.5013,0.5973015,
2,76.732,2,12.7298,293.9728,-6.72828,0.5285457,5.69413,-10.1099,-34.5013,0.5973015,
2,76.742,2,12.73068,293.9582,-6.724905,0.5282441,5.69413,-10.1099,-34.5013,0.5973015,
2,76.752,2,12.7285,293.9524,-6.725924,0.5284146,5.68875,-10.1099,-34.503,0.598999,
2,76.762,2,12.72887,293.9322,-6.727055,0.5284878,5.68875,-10.1099,-34.503,0.598999,
2,76.772,2,12.72811,293.9345,-6.730372,0.5287804,5.68875,-10.1099,-34.503,0.598999,
2,76.782,2,12.72689,293.9177,-6.734461,0.5291521,5.68875,-10.1099,-34.503,0.598999,
2,76.792,2,12.72789,293.9142,-6.733326,0.5290213,5.68875,-10.1099,-34.503,0.598999,
2,76.802,2,12.72657,293.9067,-6.737416,0.5293978,5.68875,-10.1099,-34.503,0.598999,
2,76.812,2,12.72631,293.8661,-6.73517,0.529232,5.68875,-10.1099,-34.503,0.598999,
2,76.822,2,12.72501,293.8645,-6.73497,0.5292704,5.68875,-10.1099,-34.503,0.598999,
2,76.832,2,12.72618,293.8728,-6.737499,0.5294206,5.68875,-10.1099,-34.503,0.598999,
2,76.842,2,12.72411,293.864,-6.740676,0.5297562,5.68875,-10.1099,-34.503,0.598999,
2,76.852,2,12.72437,293.8487,-6.741986,0.5298484,5.68875,-10.1099,-34.503,0.598999,
2,76.862,2,12.72341,293.8438,-6.741118,0.52982,5.68875,-10.1099,-34.503,0.598999,
2,76.872,2,12.7259,293.8414,-6.739251,0.5295697,5.68875,-10.1099,-34.503,0.598999,
2,76.882,2,12.73244,293.8239,-6.741069,0.5294404,5.68875,-10.1099,-34.503,0.598999,
2,76.892,2,12.7431,293.8132,-6.744616,0.5292761,5.68875,-10.1099,-34.503,0.598999,
2,76.902,2,12.7544,293.7435,-6.743055,0.5286847,5.68875,-10.1099,-34.503,0.598999,
2,76.912,2,12.7652,293.7057,-6.742501,0.5281938,5.68875,-10.1099,-34.503,0.598999,
2,76.922,2,12.76861,293.7051,-6.742832,0.5280787,5.68875,-10.1099,-34.503,0.598999,
2,76.932,2,12.77134,293.7249,-6.745193,0.5281509,5.68875,-10.1099,-34.503,0.598999,
2,76.942,2,12.77056,293.6711,-6.743919,0.5280833,5.68875,-10.1099,-34.503,0.598999,
2,76.952,2,12.77065,293.6675,-6.739078,0.5277005,5.68875,-10.1099,-34.503,0.598999,
2,76.962,2,12.77115,293.6474,-6.739356,0.5277016,5.68875,-10.1099,-34.503,0.598999,
2,76.972,2,12.76989,293.6676,-6.742322,0.5279859,5.68875,-10.1099,-34.503,0.598999,
2,76.982,2,12.768,293.6326,-6.744397,0.5282265,5.68875,-10.1099,-34.503,0.598999,
2,76.992,2,12.76903,293.626,-6.744058,0.5281575,5.68875,-10.1099,-34.503,0.598999,
2,77.002,2,12.76985,293.6193,-6.744395,0.5281499,5.68875,-10.1099,-34.503,0.598999,
2,77.012,2,12.76789,293.6008,-6.750623,0.5287189,5.68875,-10.1099,-34.503,0.598999,
2,77.022,2,12.76768,293.593,-6.753382,0.5289437,5.6826,-10.1099,-34.5047,0.6007004,
2,77.032,2,12.76941,293.5885,-6.751469,0.5287223,5.6826,-10.1099,-34.5047,0.6007004,
2,77.042,2,12.76898,293.5839,-6.753567,0.5289043,5.6826,-10.1099,-34.5047,0.6007004,
2,77.052,2,12.76604,293.5633,-6.757,0.5292951,5.6826,-10.1099,-34.5047,0.6007004,
2,77.062,2,12.76567,293.5528,-6.76262,0.5297506,5.6826,-10.1099,-34.5047,0.6007004,
2,77.072,2,12.76627,293.5613,-6.758893,0.5294338,5.6826,-10.1099,-34.5047,0.6007004,
2,77.082,2,12.76509,293.5425,-6.758847,0.529479,5.6826,-10.1099,-34.5047,0.6007004,
2,77.092,2,12.76709,293.5275,-6.768877,0.5301818,5.6826,-10.1099,-34.5047,0.6007004,
2,77.102,2,12.76551,293.513,-6.770959,0.5304105,5.6826,-10.1099,-34.5047,0.6007004,
2,77.112,2,12.76511,293.5246,-6.760546,0.5296114,5.6826,-10.1099,-34.5047,0.6007004,
2,77.122,2,12.77232,293.4978,-6.757115,0.5290438,5.6826,-10.1099,-34.5047,0.6007004,
2,77.132,2,12.78174,293.491,-6.757213,0.5286615,5.6826,-10.1099,-34.5047,0.6007004,
2,77.142,2,12.79442,293.4336,-6.756932,0.5281156,5.6826,-10.1099,-34.5047,0.6007004,
2,77.152,2,12.80446,293.4022,-6.75673,0.5276856,5.6826,-10.1099,-34.5047,0.6007004,
2,77.162,2,12.81086,293.3786,-6.754275,0.5272306,5.6826,-10.1099,-34.5047,0.6007004,
2,77.172,2,12.81244,293.3661,-6.75767,0.5274302,5.6826,-10.1099,-34.5047,0.6007004,
2,77.182,2,12.81098,293.3534,-6.760137,0.5276832,5.6826,-10.1099,-34.5047,0.6007004,
2,77.192,2,12.81155,293.353,-6.762908,0.527876,5.6826,-10.1099,-34.5047,0.6007004,
2,77.202,2,12.81124,293.34,-6.764863,0.5280415,5.6826,-10.1099,-34.5047,0.6007004,
2,77.212,2,12.81192,293.3351,-6.765912,0.5280951,5.6826,-10.1099,-34.5047,0.6007004,
2,77.222,2,12.81255,293.3179,-6.767191,0.528169,5.6826,-10.1099,-34.5047,0.6007004,
2,77.232,2,12.81258,293.3089,-6.769554,0.528352,5.6826,-10.1099,-34.5047,0.6007004,
2,77.242,2,12.81024,293.3084,-6.768185,0.5283419,5.6826,-10.1099,-34.5047,0.6007004,
2,77.252,2,12.81018,293.2881,-6.771495,0.5286027,5.6826,-10.1099,-34.5047,0.6007004,
2,77.262,2,12.80824,293.2838,-6.776447,0.5290693,5.6826,-10.1099,-34.5047,0.6007004,
2,77.272,2,12.80922,293.274,-6.777647,0.5291224,5.6826,-10.1099,-34.5047,0.6007004,
2,77.282,2,12.80696,293.264,-6.776845,0.5291533,5.67685,-10.1099,-34.5064,0.6024017,
2,77.292,2,12.80637,293.2515,-6.779627,0.5293949,5.67685,-10.1099,-34.5064,0.6024017,
2,77.302,2,12.80858,293.2457,-6.782185,0.5295031,5.67685,-10.1099,-34.5064,0.6024017,
2,77.312,2,12.80729,293.2406,-6.781839,0.5295295,5.67685,-10.1099,-34.5064,0.6024017,
2,77.322,2,12.80614,293.2358,-6.781656,0.5295629,5.67685,-10.1099,-34.5064,0.6024017,
2,77.332,2,12.80758,293.2313,-6.77809,0.529225,5.67685,-10.1099,-34.5064,0.6024017,
2,77.342,2,12.8074,293.2239,-6.777927,0.5292195,5.67685,-10.1099,-34.5064,0.6024017,
2,77.352,2,12.80402,293.2096,-6.777697,0.5293413,5.67685,-10.1099,-34.5064,0.6024017,
2,77.362,2,12.80619,293.2095,-6.77532,0.5290658,5.67685,-10.1099,-34.5064,0.6024017,
2,77.372,2,12.80445,293.1963,-6.773596,0.5290033,5.67685,-10.1099,-34.5064,0.6024017,
2,77.382,2,12.80584,293.1861,-6.774612,0.5290253,5.67685,-10.1099,-34.5064,0.6024017,
2,77.392,2,12.81338,293.1328,-6.774081,0.5286726,5.67685,-10.1099,-34.5064,0.6024017,
2,77.402,2,12.82143,293.1617,-6.777681,0.5286212,5.67685,-10.1099,-34.5064,0.6024017,
2,77.412,2,12.8333,293.0897,-6.778919,0.5282288,5.67685,-10.1099,-34.5064,0.6024017,
2,77.422,2,12.84288,293.0681,-6.777544,0.5277278,5.67685,-10.1099,-34.5064,0.6024017,
2,77.432,2,12.85419,293.0629,-6.780164,0.5274672,5.67685,-10.1099,-34.5064,0.6024017,
2,77.442,2,12.85475,293.019,-6.783311,0.527689,5.67685,-10.1099,-34.5064,0.6024017,
2,77.452,2,12.8522,293.0098,-6.784244,0.5278662,5.67685,-10.1099,-34.5064,0.6024017,
2,77.462,2,12.85233,292.9896,-6.789792,0.5282926,5.67685,-10.1099,-34.5064,0.6024017,
2,77.472,2,12.85248,292.9521,-6.791633,0.5284297,5.67685,-10.1099,-34.5064,0.6024017,
2,77.482,2,12.85182,292.9732,-6.79096,0.5284044,5.67685,-10.1099,-34.5064,0.6024017,
2,77.492,2,12.852,292.9637,-6.793199,0.5285712,5.67685,-10.1099,-34.5064,0.6024017,
2,77.502,2,12.85151,292.9631,-6.799361,0.5290709,5.67685,-10.1099,-34.5064,0.6024017,
2,77.512,2,12.85254,292.9488,-6.801605,0.5292033,5.67685,-10.1099,-34.5064,0.6024017,
2,77.522,2,12.85103,292.9391,-6.799788,0.5291241,5.67685,-10.1099,-34.5064,0.6024017,
2,77.532,2,12.85011,292.9363,-6.798505,0.5290622,5.67685,-10.1099,-34.5064,0.6024017,
2,77.542,2,12.8493,292.9149,-6.797827,0.5290428,5.67032,-10.1099,-34.5081,0.6040993,
2,77.552,2,12.85119,292.9012,-6.798116,0.5289873,5.67032,-10.1099,-34.5081,0.6040993,
2,77.562,2,12.84865,292.9025,-6.79536,0.5288773,5.67032,-10.1099,-34.5081,0.6040993,
2,77.572,2,12.84943,292.903,-6.792568,0.5286282,5.67032,-10.1099,-34.5081,0.6040993,
2,77.582,2,12.85074,292.8891,-6.792127,0.5285399,5.67032,-10.1099,-34.5081,0.6040993,
2,77.592,2,12.84826,292.8801,-6.791325,0.5285794,5.67032,-10.1099,-34.5081,0.6040993,
2,77.602,2,12.84718,292.8964,-6.794264,0.5288526,5.67032,-10.1099,-34.5081,0.6040993,
2,77.612,2,12.84739,292.8517,-6.796643,0.5290291,5.67032,-10.1099,-34.5081,0.6040993,
2,77.622,2,12.84665,292.8487,-6.797733,0.5291444,5.67032,-10.1099,-34.5081,0.6040993,
2,77.632,2,12.84773,292.843,-6.797817,0.5291066,5.67032,-10.1099,-34.5081,0.6040993,
2,77.642,2,12.84702,292.8742,-6.801505,0.5294226,5.67032,-10.1099,-34.5081,0.6040993,
2,77.652,2,12.84466,292.817,-6.802574,0.5296033,5.67032,-10.1099,-34.5081,0.6040993,
2,77.662,2,12.84928,292.8018,-6.805014,0.5296026,5.67032,-10.1099,-34.5081,0.6040993,
2,77.672,2,12.85977,292.7817,-6.80572,0.5292257,5.67032,-10.1099,-34.5081,0.6040993,
2,77.682,2,12.87448,292.7277,-6.809222,0.5288931,5.67032,-10.1099,-34.5081,0.6040993,
2,77.692,2,12.88548,292.7021,-6.811628,0.5286282,5.67032,-10.1099,-34.5081,0.6040993,
2,77.702,2,12.89455,292.6815,-6.815682,0.5285709,5.67032,-10.1099,-34.5081,0.6040993,
2,77.712,2,12.89696,292.6712,-6.81567,0.5284712,5.67032,-10.1099,-34.5081,0.6040993,
2,77.722,2,12.89719,292.6944,-6.821447,0.5289094,5.67032,-10.1099,-34.5081,0.6040993,
2,77.732,2,12.89685,292.663,-6.823117,0.5290529,5.67032,-10.1099,-34.5081,0.6040993,
2,77.742,2,12.897,292.6506,-6.81988,0.528796,5.67032,-10.1099,-34.5081,0.6040993,
2,77.752,2,12.89408,292.6298,-6.817641,0.5287421,5.67032,-10.1099,-34.5081,0.6040993,
2,77.762,2,12.89586,292.6212,-6.818938,0.5287697,5.67032,-10.1099,-34.5081,0.6040993,
2,77.772,2,12.89706,292.6244,-6.81952,0.5287656,5.67032,-10.1099,-34.5081,0.6040993,
2,77.782,2,12.89553,292.6104,-6.815844,0.528543,5.66458,-10.1099,-34.5098,0.6058006,
2,77.792,2,12.89562,292.6087,-6.814141,0.5284076,5.66458,-10.1099,-34.5098,0.6058006,
2,77.802,2,12.89388,292.6044,-6.814773,0.5285276,5.66458,-10.1099,-34.5098,0.6058006,
2,77.812,2,12.89263,292.6048,-6.818581,0.5288743,5.66458,-10.1099,-34.5098,0.6058006,
2,77.822,2,12.89473,292.5732,-6.818229,0.5287609,5.66458,-10.1099,-34.5098,0.6058006,
2,77.832,2,12.8924,292.5694,-6.818644,0.5288885,5.66458,-10.1099,-34.5098,0.6058006,
2,77.842,2,12.89269,292.5541,-6.825676,0.5294221,5.66458,-10.1099,-34.5098,0.6058006,
2,77.852,2,12.89167,292.5204,-6.826789,0.5295502,5.66458,-10.1099,-34.5098,0.6058006,
2,77.862,2,12.89163,292.524,-6.826663,0.5295424,5.66458,-10.1099,-34.5098,0.6058006,
2,77.872,2,12.89901,292.549,-6.826404,0.5292193,5.66458,-10.1099,-34.5098,0.6058006,
2,77.882,2,12.90844,292.4993,-6.828629,0.5290049,5.66458,-10.1099,-34.5098,0.6058006,
2,77.892,2,12.919,292.4412,-6.832487,0.528871,5.66458,-10.1099,-34.5098,0.6058006,
2,77.902,2,12.93163,292.4305,-6.835388,0.5285788,5.66458,-10.1099,-34.5098,0.6058006,
2,77.912,2,12.93753,292.4062,-6.835446,0.5283426,5.66458,-10.1099,-34.5098,0.6058006,
2,77.922,2,12.93908,292.3979,-6.84121,0.5287245,5.66458,-10.1099,-34.5098,0.6058006,
2,77.932,2,12.93798,292.3588,-6.846891,0.5292087,5.66458,-10.1099,-34.5098,0.6058006,
2,77.942,2,12.93835,292.3725,-6.849679,0.5294092,5.66458,-10.1099,-34.5098,0.6058006,
2,77.952,2,12.93931,292.3614,-6.845679,0.5290605,5.66458,-10.1099,-34.5098,0.6058006,
2,77.962,2,12.93886,292.3558,-6.845158,0.5290389,5.66458,-10.1099,-34.5098,0.6058006,
2,77.972,2,12.9378,292.3426,-6.848115,0.5293106,5.66458,-10.1099,-34.5098,0.6058006,
2,77.982,2,12.93829,292.3439,-6.844769,0.5290321,5.66458,-10.1099,-34.5098,0.6058006,
2,77.992,2,12.93689,292.3292,-6.840782,0.5287809,5.66458,-10.1099,-34.5098,0.6058006,
2,78.002,2,12.93682,292.3213,-6.839865,0.5287129,5.66458,-10.1099,-34.5098,0.6058006,
2,78.012,2,12.9348,292.3117,-6.844048,0.5291188,5.66458,-10.1099,-34.5098,0.6058006,
2,78.022,2,12.93614,292.3039,-6.842515,0.5289456,5.6592,-10.1099,-34.5115,0.607502,
2,78.032,2,12.93482,292.2795,-6.843171,0.5290503,5.6592,-10.1099,-34.5115,0.607502,
2,78.042,2,12.93533,292.291,-6.843698,0.5290701,5.6592,-10.1099,-34.5115,0.607502,
2,78.052,2,12.93462,292.2513,-6.846133,0.5292876,5.6592,-10.1099,-34.5115,0.607502,
2,78.062,2,12.93207,292.2811,-6.849422,0.5296463,5.6592,-10.1099,-34.5115,0.607502,
2,78.072,2,12.93203,292.2489,-6.851714,0.5298252,5.6592,-10.1099,-34.5115,0.607502,
2,78.082,2,12.93543,292.2433,-6.851227,0.5296481,5.6592,-10.1099,-34.5115,0.607502,
2,78.092,2,12.93213,292.2445,-6.853804,0.5299826,5.6592,-10.1099,-34.5115,0.607502,
2,78.102,2,12.93276,292.2514,-6.85842,0.5303137,5.6592,-10.1099,-34.5115,0.607502,
2,78.112,2,12.93147,292.2243,-6.856374,0.5302082,5.6592,-10.1099,-34.5115,0.607502,
2,78.122,2,12.93371,292.2068,-6.855207,0.5300263,5.6592,-10.1099,-34.5115,0.607502,
2,78.132,2,12.94265,292.173,-6.855405,0.5296757,5.6592,-10.1099,-34.5115,0.607502,
2,78.142,2,12.95346,292.0987,-6.857901,0.5294263,5.6592,-10.1099,-34.5115,0.607502,
2,78.152,2,12.96622,292.1061,-6.85721,0.5288519,5.6592,-10.1099,-34.5115,0.607502,
2,78.162,2,12.97637,292.0761,-6.857924,0.5284933,5.6592,-10.1099,-34.5115,0.607502,
2,78.172,2,12.97989,292.0731,-6.858122,0.5283653,5.6592,-10.1099,-34.5115,0.607502,
2,78.182,2,12.98385,292.053,-6.858675,0.5282468,5.6592,-10.1099,-34.5115,0.607502,
2,78.192,2,12.98187,292.0468,-6.858436,0.5283086,5.6592,-10.1099,-34.5115,0.607502,
2,78.202,2,12.98105,292.044,-6.853386,0.5279532,5.6592,-10.1099,-34.5115,0.607502,
2,78.212,2,12.98124,292.0198,-6.853329,0.5279408,5.6592,-10.1099,-34.5115,0.607502,
2,78.222,2,12.98268,292.0025,-6.854555,0.5279769,5.6592,-10.1099,-34.5115,0.607502,
2,78.232,2,12.98006,292.0021,-6.857636,0.5283208,5.6592,-10.1099,-34.5115,0.607502,
2,78.242,2,12.98037,291.9931,-6.85803,0.5283386,5.6592,-10.1099,-34.5115,0.607502,
2,78.252,2,12.97892,291.9813,-6.86164,0.5286759,5.6592,-10.1099,-34.5115,0.607502,
2,78.262,2,12.97734,291.9746,-6.863403,0.528876,5.65268,-10.1099,-34.5132,0.6091995,
2,78.272,2,12.97732,291.9658,-6.867986,0.52923,5.65268,-10.1099,-34.5132,0.6091995,
2,78.282,2,12.97598,291.9546,-6.868642,0.529335,5.65268,-10.1099,-34.5132,0.6091995,
2,78.292,2,12.97743,291.9474,-6.868587,0.5292719,5.65268,-10.1099,-34.5132,0.6091995,
2,78.302,2,12.97517,291.9432,-6.873235,0.529722,5.65268,-10.1099,-34.5132,0.6091995,
2,78.312,2,12.97539,291.9144,-6.874894,0.5298408,5.65268,-10.1099,-34.5132,0.6091995,
2,78.322,2,12.97589,291.9115,-6.874731,0.5298082,5.65268,-10.1099,-34.5132,0.6091995,
2,78.332,2,12.9744,291.9135,-6.87608,0.5299727,5.65268,-10.1099,-34.5132,0.6091995,
2,78.342,2,12.97635,291.9026,-6.878414,0.530073,5.65268,-10.1099,-34.5132,0.6091995,
2,78.352,2,12.9734,291.9242,-6.880439,0.5303497,5.65268,-10.1099,-34.5132,0.6091995,
2,78.362,2,12.97237,291.8914,-6.881586,0.53048,5.65268,-10.1099,-34.5132,0.6091995,
2,78.372,2,12.97237,291.883,-6.876698,0.5301034,5.65268,-10.1099,-34.5132,0.6091995,
2,78.382,2,12.97373,291.878,-6.875031,0.5299192,5.65268,-10.1099,-34.5132,0.6091995,
2,78.392,2,12.97187,291.879,-6.875086,0.5299996,5.65268,-10.1099,-34.5132,0.6091995,
2,78.402,2,12.97966,291.8578,-6.873238,0.5295392,5.65268,-10.1099,-34.5132,0.6091995,
2,78.412,2,12.99006,291.8288,-6.868698,0.5287657,5.65268,-10.1099,-34.5132,0.6091995,
2,78.422,2,13.00504,291.787,-6.868174,0.5281162,5.65268,-10.1099,-34.5132,0.6091995,
2,78.432,2,13.01348,291.7746,-6.87504,0.5283015,5.65268,-10.1099,-34.5132,0.6091995,
2,78.442,2,13.01894,291.7254,-6.875677,0.5281289,5.65268,-10.1099,-34.5132,0.6091995,
2,78.452,2,13.02239,291.7202,-6.878401,0.5281981,5.65268,-10.1099,-34.5132,0.6091995,
2,78.462,2,13.01925,291.7055,-6.882712,0.5286565,5.65268,-10.1099,-34.5132,0.6091995,
2,78.472,2,13.02098,291.7156,-6.886406,0.5288701,5.65268,-10.1099,-34.5132,0.6091995,
2,78.482,2,13.02149,291.7121,-6.882926,0.5285822,5.65268,-10.1099,-34.5132,0.6091995,
2,78.492,2,13.021,291.6789,-6.884958,0.5287578,5.65268,-10.1099,-34.5132,0.6091995,
2,78.502,2,13.01993,291.6763,-6.885788,0.5288653,5.64615,-10.1099,-34.5148,0.6108017,
2,78.512,2,13.018,291.6534,-6.891937,0.5294158,5.64615,-10.1099,-34.5148,0.6108017,
2,78.522,2,13.01882,291.655,-6.896494,0.5297329,5.64615,-10.1099,-34.5148,0.6108017,
2,78.532,2,13.01801,291.6363,-6.895779,0.5297106,5.64615,-10.1099,-34.5148,0.6108017,
2,78.542,2,13.01971,291.6316,-6.896415,0.5296903,5.64615,-10.1099,-34.5148,0.6108017,
2,78.552,2,13.016,291.614,-6.899818,0.5301029,5.64615,-10.1099,-34.5148,0.6108017,
2,78.562,2,13.0162,291.6072,-6.90205,0.5302659,5.64615,-10.1099,-34.5148,0.6108017,
2,78.572,2,13.01567,291.6108,-6.898635,0.5300252,5.64615,-10.1099,-34.5148,0.6108017,
2,78.582,2,13.01686,291.6048,-6.89449,0.5296586,5.64615,-10.1099,-34.5148,0.6108017,
2,78.592,2,13.01416,291.5894,-6.8943,0.5297536,5.64615,-10.1099,-34.5148,0.6108017,
2,78.602,2,13.01372,291.5584,-6.894547,0.5297905,5.64615,-10.1099,-34.5148,0.6108017,
2,78.612,2,13.01519,291.5822,-6.890197,0.5293965,5.64615,-10.1099,-34.5148,0.6108017,
2,78.622,2,13.02229,291.557,-6.88683,0.5288494,5.64615,-10.1099,-34.5148,0.6108017,
2,78.632,2,13.03046,291.5328,-6.88909,0.5286912,5.64615,-10.1099,-34.5148,0.6108017,
2,78.642,2,13.04224,291.4874,-6.892591,0.5284822,5.64615,-10.1099,-34.5148,0.6108017,
2,78.652,2,13.05246,291.456,-6.893226,0.5281171,5.64615,-10.1099,-34.5148,0.6108017,
2,78.662,2,13.06054,291.4381,-6.894326,0.5278745,5.64615,-10.1099,-34.5148,0.6108017,
2,78.672,2,13.06389,291.4175,-6.898635,0.5280691,5.64615,-10.1099,-34.5148,0.6108017,
2,78.682,2,13.0628,291.4091,-6.904016,0.5285251,5.64615,-10.1099,-34.5148,0.6108017,
2,78.692,2,13.06117,291.4031,-6.905629,0.5287145,5.64615,-10.1099,-34.5148,0.6108017,
2,78.702,2,13.06234,291.3914,-6.907399,0.5288025,5.64615,-10.1099,-34.5148,0.6108017,
2,78.712,2,13.06246,291.3736,-6.909601,0.5289665,5.64615,-10.1099,-34.5148,0.6108017,
2,78.722,2,13.05964,291.3691,-6.914424,0.52945,5.64615,-10.1099,-34.5148,0.6108017,
2,78.732,2,13.05923,291.3698,-6.915476,0.5295469,5.64615,-10.1099,-34.5148,0.6108017,
2,78.742,2,13.05896,291.3529,-6.914962,0.5295187,5.64615,-10.1099,-34.5148,0.6108017,
2,78.752,2,13.05887,291.3516,-6.916282,0.5296233,5.64615,-10.1099,-34.5148,0.6108017,
2,78.762,2,13.06,291.3445,-6.922328,0.5300405,5.64615,-10.1099,-34.5148,0.6108017,
2,78.772,2,13.05945,291.3336,-6.923572,0.5301581,5.6408,-10.1099,-34.5165,0.6124992,
2,78.782,2,13.0601,291.3282,-6.922306,0.5300345,5.6408,-10.1099,-34.5165,0.6124992,
2,78.792,2,13.05907,291.3047,-6.917678,0.529722,5.6408,-10.1099,-34.5165,0.6124992,
2,78.802,2,13.0563,291.2885,-6.918685,0.5299115,5.6408,-10.1099,-34.5165,0.6124992,
2,78.812,2,13.0597,291.3053,-6.918231,0.529739,5.6408,-10.1099,-34.5165,0.6124992,
2,78.822,2,13.0601,291.2909,-6.914243,0.5294171,5.6408,-10.1099,-34.5165,0.6124992,
2,78.832,2,13.05662,291.2842,-6.912121,0.5293958,5.6408,-10.1099,-34.5165,0.6124992,
2,78.842,2,13.05664,291.2736,-6.911111,0.5293176,5.6408,-10.1099,-34.5165,0.6124992,
2,78.852,2,13.05587,291.2767,-6.914358,0.5295976,5.6408,-10.1099,-34.5165,0.6124992,
2,78.862,2,13.05834,291.2636,-6.915484,0.5295835,5.6408,-10.1099,-34.5165,0.6124992,
2,78.872,2,13.05693,291.2443,-6.914408,0.5295585,5.6408,-10.1099,-34.5165,0.6124992,
2,78.882,2,13.05585,291.2277,-6.915966,0.5297216,5.6408,-10.1099,-34.5165,0.6124992,
2,78.892,2,13.06015,291.2191,-6.920102,0.529864,5.6408,-10.1099,-34.5165,0.6124992,
2,78.902,2,13.06802,291.1938,-6.918411,0.5294155,5.6408,-10.1099,-34.5165,0.6124992,
2,78.912,2,13.07812,291.1648,-6.9188,0.5290362,5.6408,-10.1099,-34.5165,0.6124992,
2,78.922,2,13.09289,291.1281,-6.922827,0.5287471,5.6408,-10.1099,-34.5165,0.6124992,
2,78.932,2,13.10167,291.1056,-6.931083,0.5290227,5.6408,-10.1099,-34.5165,0.6124992,
2,78.942,2,13.10437,291.0923,-6.937072,0.5293707,5.6408,-10.1099,-34.5165,0.6124992,
2,78.952,2,13.10484,291.0796,-6.934629,0.5291656,5.6408,-10.1099,-34.5165,0.6124992,
2,78.962,2,13.10486,291.0553,-6.936548,0.5293113,5.6408,-10.1099,-34.5165,0.6124992,
2,78.972,2,13.10422,291.0344,-6.941168,0.5296893,5.6408,-10.1099,-34.5165,0.6124992,
2,78.982,2,13.10763,291.0479,-6.940964,0.5295363,5.6408,-10.1099,-34.5165,0.6124992,
2,78.992,2,13.10413,291.0296,-6.93975,0.5295851,5.6408,-10.1099,-34.5165,0.6124992,
2,79.002,2,13.10363,291.0259,-6.937145,0.5294062,5.6408,-10.1099,-34.5165,0.6124992,
2,79.012,2,13.10374,291.0146,-6.937799,0.529452,5.6408,-10.1099,-34.5165,0.6124992,
2,79.022,2,13.10169,291.0091,-6.937167,0.5294863,5.6408,-10.1099,-34.5165,0.6124992,
2,79.032,2,13.10006,290.9987,-6.936193,0.5294781,5.6408,-10.1099,-34.5165,0.6124992,
2,79.042,2,13.10253,290.9853,-6.931232,0.5289995,5.6408,-10.1099,-34.5165,0.6124992,
2,79.052,2,13.09998,290.9804,-6.933901,0.5293063,5.6408,-10.1099,-34.5165,0.6124992,
2,79.062,2,13.10115,290.9929,-6.935643,0.5293919,5.63427,-10.1099,-34.5182,0.6142006,
2,79.072,2,13.10047,290.9599,-6.936458,0.5294817,5.63427,-10.1099,-34.5182,0.6142006,
2,79.082,2,13.10058,290.9453,-6.936422,0.5294744,5.63427,-10.1099,-34.5182,0.6142006,
2,79.092,2,13.10085,290.9327,-6.940518,0.529776,5.63427,-10.1099,-34.5182,0.6142006,
2,79.102,2,13.09803,290.9234,-6.944497,0.5301941,5.63427,-10.1099,-34.5182,0.6142006,
2,79.112,2,13.09716,290.9225,-6.947192,0.530435,5.63427,-10.1099,-34.5182,0.6142006,
2,79.122,2,13.09762,290.9207,-6.944898,0.5302413,5.63427,-10.1099,-34.5182,0.6142006,
2,79.132,2,13.09604,290.9115,-6.948538,0.5305833,5.63427,-10.1099,-34.5182,0.6142006,
2,79.142,2,13.0979,290.9241,-6.950671,0.5306705,5.63427,-10.1099,-34.5182,0.6142006,
2,79.152,2,13.09624,290.901,-6.952708,0.5308934,5.63427,-10.1099,-34.5182,0.6142006,
2,79.162,2,13.09672,290.8851,-6.94975,0.530648,5.63427,-10.1099,-34.5182,0.6142006,
2,79.172,2,13.0972,290.8756,-6.950943,0.5307198,5.63427,-10.1099,-34.5182,0.6142006,
2,79.182,2,13.10285,290.8773,-6.951937,0.5305668,5.63427,-10.1099,-34.5182,0.6142006,
2,79.192,2,13.10994,290.8281,-6.955112,0.5305221,5.63427,-10.1099,-34.5182,0.6142006,
2,79.202,2,13.12239,290.7951,-6.951818,0.5297676,5.63427,-10.1099,-34.5182,0.6142006,
2,79.212,2,13.13661,290.762,-6.951883,0.5291991,5.63427,-10.1099,-34.5182,0.6142006,
2,79.222,2,13.1444,290.7595,-6.953241,0.5289889,5.63427,-10.1099,-34.5182,0.6142006,
2,79.232,2,13.14919,290.7397,-6.95359,0.5288228,5.63427,-10.1099,-34.5182,0.6142006,
2,79.242,2,13.1475,290.6935,-6.949785,0.5286014,5.63427,-10.1099,-34.5182,0.6142006,
2,79.252,2,13.14967,290.703,-6.949687,0.5285065,5.63427,-10.1099,-34.5182,0.6142006,
2,79.262,2,13.14823,290.6907,-6.951768,0.5287228,5.63427,-10.1099,-34.5182,0.6142006,
2,79.272,2,13.14727,290.6699,-6.954582,0.5289754,5.63427,-10.1099,-34.5182,0.6142006,
2,79.282,2,13.14786,290.6772,-6.957016,0.5291367,5.63427,-10.1099,-34.5182,0.6142006,
2,79.292,2,13.14776,290.6587,-6.958438,0.5292488,5.63427,-10.1099,-34.5182,0.6142006,
2,79.302,2,13.14685,290.6457,-6.962445,0.5295903,5.63427,-10.1099,-34.5182,0.6142006,
2,79.312,2,13.14357,290.621,-6.963271,0.5297854,5.63427,-10.1099,-34.5182,0.6142006,
2,79.322,2,13.14415,290.6364,-6.96363,0.5297893,5.63427,-10.1099,-34.5182,0.6142006,
2,79.332,2,13.14425,290.6279,-6.967277,0.5300626,5.63427,-10.1099,-34.5182,0.6142006,
2,79.342,2,13.14346,290.622,-6.969044,0.5302289,5.62738,-10.1099,-34.52,0.6160011,
2,79.352,2,13.14263,290.6353,-6.974132,0.5306498,5.62738,-10.1099,-34.52,0.6160011,
2,79.362,2,13.14142,290.5994,-6.97543,0.5307974,5.62738,-10.1099,-34.52,0.6160011,
2,79.372,2,13.14157,290.5904,-6.972956,0.5306031,5.62738,-10.1099,-34.52,0.6160011,
2,79.382,2,13.14192,290.5811,-6.973608,0.5306383,5.62738,-10.1099,-34.52,0.6160011,
2,79.392,2,13.13946,290.5128,-6.977057,0.5310001,5.62738,-10.1099,-34.52,0.6160011,
2,79.402,2,13.13967,290.5699,-6.975467,0.5308706,5.62738,-10.1099,-34.52,0.6160011,
2,79.412,2,13.1387,290.5825,-6.972569,0.5306894,5.62738,-10.1099,-34.52,0.6160011,
2,79.422,2,13.13779,290.5727,-6.970973,0.5306045,5.62738,-10.1099,-34.52,0.6160011,
2,79.432,2,13.13893,290.547,-6.969684,0.5304605,5.62738,-10.1099,-34.52,0.6160011,
2,79.442,2,13.14675,290.535,-6.968784,0.5300767,5.62738,-10.1099,-34.52,0.6160011,
2,79.452,2,13.15691,290.4976,-6.965305,0.5294027,5.62738,-10.1099,-34.52,0.6160011,
2,79.462,2,13.17062,290.4535,-6.962214,0.5286171,5.62738,-10.1099,-34.52,0.6160011,
2,79.472,2,13.18262,290.415,-6.969137,0.5286609,5.62738,-10.1099,-34.52,0.6160011,
2,79.482,2,13.18812,290.3914,-6.969385,0.5284593,5.62738,-10.1099,-34.52,0.6160011,
2,79.492,2,13.19285,290.3888,-6.971931,0.5284628,5.62738,-10.1099,-34.52,0.6160011,
2,79.502,2,13.19116,290.374,-6.974858,0.5287525,5.62738,-10.1099,-34.52,0.6160011,
2,79.512,2,13.19123,290.3746,-6.978194,0.5290026,5.62738,-10.1099,-34.52,0.6160011,
2,79.522,2,13.18813,290.3677,-6.982811,0.5294771,5.62738,-10.1099,-34.52,0.6160011,
2,79.532,2,13.18999,290.3378,-6.984045,0.5294958,5.62738,-10.1099,-34.52,0.6160011,
2,79.542,2,13.18966,290.339,-6.983416,0.5294614,5.62738,-10.1099,-34.52,0.6160011,
2,79.552,2,13.18935,290.3352,-6.987545,0.529787,5.62738,-10.1099,-34.52,0.6160011,
2,79.562,2,13.18867,290.321,-6.989482,0.5299613,5.62738,-10.1099,-34.52,0.6160011,
2,79.572,2,13.18706,290.2989,-6.990054,0.5300691,5.62738,-10.1099,-34.52,0.6160011,
2,79.582,2,13.18493,290.2923,-6.990072,0.5301563,5.62738,-10.1099,-34.52,0.6160011,
2,79.592,2,13.18641,290.2933,-6.991776,0.5302258,5.62738,-10.1099,-34.52,0.6160011,
2,79.602,2,13.18596,290.3137,-6.995106,0.5304965,5.62122,-10.1099,-34.5218,0.6178017,
2,79.612,2,13.18434,290.2791,-6.994142,0.5304884,5.62122,-10.1099,-34.5218,0.6178017,
2,79.622,2,13.18631,290.267,-6.990806,0.5301565,5.62122,-10.1099,-34.5218,0.6178017,
2,79.632,2,13.18584,290.2606,-6.989222,0.530055,5.62122,-10.1099,-34.5218,0.6178017,
2,79.642,2,13.18643,290.2548,-6.989717,0.5300691,5.62122,-10.1099,-34.5218,0.6178017,
2,79.652,2,13.18536,290.2356,-6.986371,0.529858,5.62122,-10.1099,-34.5218,0.6178017,
2,79.662,2,13.18729,290.2239,-6.982111,0.5294576,5.62122,-10.1099,-34.5218,0.6178017,
2,79.672,2,13.18521,290.2196,-6.98172,0.5295113,5.62122,-10.1099,-34.5218,0.6178017,
2,79.682,2,13.18415,290.217,-6.983407,0.529682,5.62122,-10.1099,-34.5218,0.6178017,
2,79.692,2,13.18143,290.2041,-6.986145,0.5299991,5.62122,-10.1099,-34.5218,0.6178017,
2,79.702,2,13.18136,290.1876,-6.986218,0.5300073,5.62122,-10.1099,-34.5218,0.6178017,
2,79.712,2,13.183,290.1788,-6.987131,0.5300106,5.62122,-10.1099,-34.5218,0.6178017,
2,79.722,2,13.18552,290.1833,-6.987479,0.5299356,5.62122,-10.1099,-34.5218,0.6178017,
2,79.732,2,13.19398,290.1564,-6.986893,0.5295514,5.62122,-10.1099,-34.5218,0.6178017,
2,79.742,2,13.20439,290.1104,-6.988517,0.5292571,5.62122,-10.1099,-34.5218,0.6178017,
2,79.752,2,13.2183,290.0638,-6.990373,0.5288407,5.62122,-10.1099,-34.5218,0.6178017,
2,79.762,2,13.22871,290.0317,-6.998208,0.5290164,5.62122,-10.1099,-34.5218,0.6178017,
2,79.772,2,13.23185,290.0058,-7.002293,0.5291998,5.62122,-10.1099,-34.5218,0.6178017,
2,79.782,2,13.23657,290.0143,-7.002735,0.5290446,5.62122,-10.1099,-34.5218,0.6178017,
2,79.792,2,13.23311,289.9996,-7.005688,0.529406,5.62122,-10.1099,-34.5218,0.6178017,
2,79.802,2,13.23521,289.9921,-7.006735,0.529401,5.62122,-10.1099,-34.5218,0.6178017,
2,79.812,2,13.23358,290.0116,-7.010938,0.529784,5.62122,-10.1099,-34.5218,0.6178017,
2,79.822,2,13.23367,289.9734,-7.008599,0.5296034,5.62122,-10.1099,-34.5218,0.6178017,
2,79.832,2,13.23437,289.97,-7.008035,0.5295331,5.62122,-10.1099,-34.5218,0.6178017,
2,79.842,2,13.23012,289.9518,-7.006484,0.5295857,5.62122,-10.1099,-34.5218,0.6178017,
2,79.852,2,13.23514,289.9376,-7.007711,0.5294776,5.62122,-10.1099,-34.5218,0.6178017,
2,79.862,2,13.23422,289.9342,-7.005682,0.5293611,5.61433,-10.1099,-34.5236,0.6196022,
2,79.872,2,13.2319,289.9281,-6.999437,0.5289818,5.61433,-10.1099,-34.5236,0.6196022,
2,79.882,2,13.23168,289.912,-6.998736,0.5289378,5.61433,-10.1099,-34.5236,0.6196022,
2,79.892,2,13.229,289.9279,-7.002685,0.5293434,5.61433,-10.1099,-34.5236,0.6196022,
2,79.902,2,13.23117,289.8959,-7.005283,0.529453,5.61433,-10.1099,-34.5236,0.6196022,
2,79.912,2,13.23071,289.8857,-7.00447,0.5294102,5.61433,-10.1099,-34.5236,0.6196022,
2,79.922,2,13.22878,289.8836,-7.007172,0.5296914,5.61433,-10.1099,-34.5236,0.6196022,
2,79.932,2,13.22694,289.8643,-7.011969,0.5301279,5.61433,-10.1099,-34.5236,0.6196022,
2,79.942,2,13.22757,289.8531,-7.011132,0.5300394,5.61433,-10.1099,-34.5236,0.6196022,
2,79.952,2,13.22815,289.855,-7.010167,0.5299432,5.61433,-10.1099,-34.5236,0.6196022,
2,79.962,2,13.22808,289.8423,-7.010386,0.5299625,5.61433,-10.1099,-34.5236,0.6196022,
2,79.972,2,13.22679,289.8422,-7.015046,0.5303666,5.61433,-10.1099,-34.5236,0.6196022,
2,79.982,2,13.23246,289.8344,-7.015683,0.5301873,5.61433,-10.1099,-34.5236,0.6196022,
2,79.992,2,13.24264,289.7937,-7.015663,0.5297782,5.61433,-10.1099,-34.5236,0.6196022,
2,80.002,2,13.25532,289.7599,-7.013591,0.529115,5.61433,-10.1099,-34.5236,0.6196022,
2,80.012,2,13.26624,289.7234,-7.02033,0.5291874,5.61433,-10.1099,-34.5236,0.6196022,
2,80.022,2,13.27371,289.6933,-7.022661,0.5290653,5.61433,-10.1099,-34.5236,0.6196022,
2,80.032,2,13.28053,289.6865,-7.019405,0.5285487,5.61433,-10.1099,-34.5236,0.6196022,
2,80.042,2,13.27796,289.6905,-7.019416,0.5286517,5.61433,-10.1099,-34.5236,0.6196022,
2,80.052,2,13.27912,289.6627,-7.023298,0.5288979,5.61433,-10.1099,-34.5236,0.6196022,
2,80.062,2,13.27729,289.644,-7.021332,0.5288225,5.61433,-10.1099,-34.5236,0.6196022,
2,80.072,2,13.2794,289.6443,-7.021501,0.5287515,5.61433,-10.1099,-34.5236,0.6196022,
2,80.082,2,13.27828,289.6368,-7.017549,0.5284982,5.61433,-10.1099,-34.5236,0.6196022,
2,80.092,2,13.27656,289.6273,-7.018047,0.5286043,5.61433,-10.1099,-34.5236,0.6196022,
2,80.102,2,13.27416,289.5847,-7.021883,0.5289888,5.61433,-10.1099,-34.5236,0.6196022,
2,80.112,2,13.27445,289.6043,-7.024664,0.5291868,5.61433,-10.1099,-34.5236,0.6196022,
2,80.122,2,13.27481,289.5939,-7.024727,0.5291771,5.61433,-10.1099,-34.5236,0.6196022,
2,80.132,2,13.27352,289.5764,-7.026103,0.5293321,5.6082,-10.1099,-34.5254,0.6213989,
2,80.142,2,13.27248,289.5233,-7.03085,0.5297313,5.6082,-10.1099,-34.5254,0.6213989,
2,80.152,2,13.27443,289.5491,-7.02975,0.5295706,5.6082,-10.1099,-34.5254,0.6213989,
2,80.162,2,13.2741,289.5261,-7.030212,0.5296186,5.6082,-10.1099,-34.5254,0.6213989,
2,80.172,2,13.27414,289.5525,-7.035415,0.5300091,5.6082,-10.1099,-34.5254,0.6213989,
2,80.182,2,13.27189,289.5394,-7.040456,0.5304787,5.6082,-10.1099,-34.5254,0.6213989,
2,80.192,2,13.27459,289.5368,-7.043114,0.5305712,5.6082,-10.1099,-34.5254,0.6213989,
2,80.202,2,13.27232,289.5198,-7.041016,0.5305036,5.6082,-10.1099,-34.5254,0.6213989,
2,80.212,2,13.27272,289.507,-7.042405,0.5305924,5.6082,-10.1099,-34.5254,0.6213989,
2,80.222,2,13.27102,289.5198,-7.044568,0.5308232,5.6082,-10.1099,-34.5254,0.6213989,
2,80.232,2,13.27138,289.4931,-7.045416,0.5308731,5.6082,-10.1099,-34.5254,0.6213989,
2,80.242,2,13.27072,289.4892,-7.042772,0.5307,5.6082,-10.1099,-34.5254,0.6213989,
2,80.252,2,13.27373,289.4716,-7.04208,0.5305275,5.6082,-10.1099,-34.5254,0.6213989,
2,80.262,2,13.28352,289.4549,-7.040421,0.5300119,5.6082,-10.1099,-34.5254,0.6213989,
2,80.272,2,13.29583,289.4278,-7.041381,0.5295933,5.6082,-10.1099,-34.5254,0.6213989,
2,80.282,2,13.31241,289.3687,-7.037193,0.5286189,5.6082,-10.1099,-34.5254,0.6213989,
2,80.292,2,13.31757,289.3461,-7.038876,0.5285407,5.6082,-10.1099,-34.5254,0.6213989,
2,80.302,2,13.32219,289.3226,-7.040689,0.5284933,5.6082,-10.1099,-34.5254,0.6213989,
2,80.312,2,13.32396,289.3124,-7.044622,0.5287185,5.6082,-10.1099,-34.5254,0.6213989,
2,80.322,2,13.32194,289.3025,-7.045889,0.5288937,5.6082,-10.1099,-34.5254,0.6213989,
2,80.332,2,13.32462,289.3053,-7.048294,0.5289677,5.6082,-10.1099,-34.5254,0.6213989,
2,80.342,2,13.3224,289.2733,-7.051477,0.5292946,5.6082,-10.1099,-34.5254,0.6213989,
2,80.352,2,13.32088,289.2672,-7.054903,0.5296123,5.6082,-10.1099,-34.5254,0.6213989,
2,80.362,2,13.32131,289.2593,-7.058362,0.5298547,5.6082,-10.1099,-34.5254,0.6213989,
2,80.372,2,13.31979,289.2507,-7.057452,0.5298469,5.60205,-10.1099,-34.5272,0.6231995,
2,80.382,2,13.32265,289.2544,-7.060167,0.5299371,5.60205,-10.1099,-34.5272,0.6231995,
2,80.392,2,13.32123,289.2404,-7.064775,0.5303398,5.60205,-10.1099,-34.5272,0.6231995,
2,80.402,2,13.31942,289.2164,-7.064747,0.5304096,5.60205,-10.1099,-34.5272,0.6231995,
2,80.412,2,13.32072,289.2062,-7.065162,0.530389,5.60205,-10.1099,-34.5272,0.6231995,
2,80.422,2,13.31747,289.2061,-7.067464,0.5306913,5.60205,-10.1099,-34.5272,0.6231995,
2,80.432,2,13.3202,289.2086,-7.068031,0.5306249,5.60205,-10.1099,-34.5272,0.6231995,
2,80.442,2,13.32126,289.1977,-7.071037,0.5308083,5.60205,-10.1099,-34.5272,0.6231995,
2,80.452,2,13.31917,289.1874,-7.067885,0.530655,5.60205,-10.1099,-34.5272,0.6231995,
2,80.462,2,13.31892,289.1757,-7.067556,0.5306402,5.60205,-10.1099,-34.5272,0.6231995,
2,80.472,2,13.32075,289.187,-7.068947,0.5306718,5.60205,-10.1099,-34.5272,0.6231995,
2,80.482,2,13.32751,289.1561,-7.066977,0.5302549,5.60205,-10.1099,-34.5272,0.6231995,
2,80.492,2,13.33705,289.1109,-7.063533,0.5296175,5.60205,-10.1099,-34.5272,0.6231995,
2,80.502,2,13.34986,289.0687,-7.062878,0.5290599,5.60205,-10.1099,-34.5272,0.6231995,
2,80.512,2,13.35986,289.0183,-7.065558,0.5288647,5.60205,-10.1099,-34.5272,0.6231995,
2,80.522,2,13.36836,288.9969,-7.069938,0.528856,5.60205,-10.1099,-34.5272,0.6231995,
2,80.532,2,13.37017,289.0127,-7.072314,0.5289623,5.60205,-10.1099,-34.5272,0.6231995,
2,80.542,2,13.37027,288.9927,-7.073125,0.5290188,5.60205,-10.1099,-34.5272,0.6231995,
2,80.552,2,13.36953,288.9998,-7.077042,0.5293412,5.60205,-10.1099,-34.5272,0.6231995,
2,80.562,2,13.36923,288.9671,-7.080054,0.5295781,5.60205,-10.1099,-34.5272,0.6231995,
2,80.572,2,13.36949,288.9617,-7.082902,0.5297811,5.60205,-10.1099,-34.5272,0.6231995,
2,80.582,2,13.36738,288.957,-7.081693,0.5297742,5.60205,-10.1099,-34.5272,0.6231995,
2,80.592,2,13.36733,288.9431,-7.086321,0.5301225,5.60205,-10.1099,-34.5272,0.6231995,
2,80.602,2,13.3686,288.9175,-7.091399,0.5304521,5.60205,-10.1099,-34.5272,0.6231995,
2,80.612,2,13.36644,288.9263,-7.091412,0.5305385,5.60205,-10.1099,-34.5272,0.6231995,
2,80.622,2,13.36845,288.921,-7.08985,0.530342,5.5963,-10.1099,-34.529,0.625,
2,80.632,2,13.36523,288.9087,-7.091457,0.5305901,5.5963,-10.1099,-34.529,0.625,
2,80.642,2,13.36672,288.9195,-7.094474,0.5307564,5.5963,-10.1099,-34.529,0.625,
2,80.652,2,13.3642,288.899,-7.093886,0.5308126,5.5963,-10.1099,-34.529,0.625,
2,80.662,2,13.36274,288.8997,-7.09091,0.5306479,5.5963,-10.1099,-34.529,0.625,
2,80.672,2,13.36622,288.8895,-7.090232,0.5304591,5.5963,-10.1099,-34.529,0.625,
2,80.682,2,13.36422,288.8728,-7.089708,0.5304993,5.5963,-10.1099,-34.529,0.625,
2,80.692,2,13.36271,288.8681,-7.089257,0.5305255,5.5963,-10.1099,-34.529,0.625,
2,80.702,2,13.36317,288.8605,-7.084976,0.5301867,5.5963,-10.1099,-34.529,0.625,
2,80.712,2,13.36336,288.8442,-7.085629,0.5302281,5.5963,-10.1099,-34.529,0.625,
2,80.722,2,13.36176,288.8414,-7.08369,0.5301466,5.5963,-10.1099,-34.529,0.625,
2,80.732,2,13.36789,288.8172,-7.085497,0.5300385,5.5963,-10.1099,-34.529,0.625,
2,80.742,2,13.37414,288.797,-7.084794,0.5297383,5.5963,-10.1099,-34.529,0.625,
2,80.752,2,13.38721,288.7525,-7.085908,0.5293045,5.5963,-10.1099,-34.529,0.625,
2,80.762,2,13.39751,288.7356,-7.091543,0.529318,5.5963,-10.1099,-34.529,0.625,
2,80.772,2,13.40777,288.7078,-7.093407,0.529052,5.5963,-10.1099,-34.529,0.625,
2,80.782,2,13.41028,288.6841,-7.096592,0.5291904,5.5963,-10.1099,-34.529,0.625,
2,80.792,2,13.41004,288.6476,-7.097283,0.5292513,5.5963,-10.1099,-34.529,0.625,
2,80.802,2,13.4114,288.6555,-7.099494,0.5293627,5.5963,-10.1099,-34.529,0.625,
2,80.812,2,13.41124,288.6036,-7.104653,0.5297537,5.5963,-10.1099,-34.529,0.625,
2,80.822,2,13.40856,288.6283,-7.105405,0.5299156,5.5963,-10.1099,-34.529,0.625,
2,80.832,2,13.40952,288.6184,-7.102927,0.5296929,5.5963,-10.1099,-34.529,0.625,
2,80.842,2,13.40956,288.6203,-7.106962,0.5299922,5.5963,-10.1099,-34.529,0.625,
2,80.852,2,13.4065,288.5941,-7.110982,0.5304129,5.59018,-10.1099,-34.5307,0.6267014,
2,80.862,2,13.40936,288.5996,-7.111525,0.5303402,5.59018,-10.1099,-34.5307,0.6267014,
2,80.872,2,13.40894,288.5866,-7.107126,0.530029,5.59018,-10.1099,-34.5307,0.6267014,
2,80.882,2,13.40673,288.5781,-7.10556,0.5299994,5.59018,-10.1099,-34.5307,0.6267014,
2,80.892,2,13.40941,288.5528,-7.108241,0.5300934,5.59018,-10.1099,-34.5307,0.6267014,
2,80.902,2,13.40807,288.5605,-7.106594,0.5300235,5.59018,-10.1099,-34.5307,0.6267014,
2,80.912,2,13.40841,288.549,-7.103316,0.5297657,5.59018,-10.1099,-34.5307,0.6267014,
2,80.922,2,13.40691,288.5481,-7.103176,0.5298147,5.59018,-10.1099,-34.5307,0.6267014,
2,80.932,2,13.40623,288.5318,-7.105001,0.5299777,5.59018,-10.1099,-34.5307,0.6267014,
2,80.942,2,13.40718,288.5334,-7.106582,0.5300578,5.59018,-10.1099,-34.5307,0.6267014,
2,80.952,2,13.40749,288.5156,-7.104963,0.529925,5.59018,-10.1099,-34.5307,0.6267014,
2,80.962,2,13.4131,288.479,-7.103673,0.529607,5.59018,-10.1099,-34.5307,0.6267014,
2,80.972,2,13.42582,288.4667,-7.107155,0.5293648,5.59018,-10.1099,-34.5307,0.6267014,
2,80.982,2,13.43626,288.3959,-7.111635,0.529287,5.59018,-10.1099,-34.5307,0.6267014,
2,80.992,2,13.44746,288.3788,-7.111241,0.5288168,5.59018,-10.1099,-34.5307,0.6267014,
2,81.002,2,13.45302,288.3577,-7.115642,0.5289252,5.59018,-10.1099,-34.5307,0.6267014,
2,81.012,2,13.45113,288.3453,-7.120151,0.5293348,5.59018,-10.1099,-34.5307,0.6267014,
2,81.022,2,13.45175,288.312,-7.12688,0.5298107,5.59018,-10.1099,-34.5307,0.6267014,
2,81.032,2,13.45242,288.33,-7.128696,0.5299192,5.59018,-10.1099,-34.5307,0.6267014,
2,81.042,2,13.45154,288.3235,-7.126959,0.5298246,5.59018,-10.1099,-34.5307,0.6267014,
2,81.052,2,13.45187,288.3095,-7.130747,0.5300936,5.59018,-10.1099,-34.5307,0.6267014,
2,81.062,2,13.45037,288.3496,-7.133204,0.5303354,5.59018,-10.1099,-34.5307,0.6267014,
2,81.072,2,13.45123,288.2955,-7.131095,0.5301443,5.59018,-10.1099,-34.5307,0.6267014,
2,81.082,2,13.45055,288.2842,-7.128406,0.5299714,5.59018,-10.1099,-34.5307,0.6267014,
2,81.092,2,13.45184,288.2621,-7.127135,0.529826,5.59018,-10.1099,-34.5307,0.6267014,
2,81.102,2,13.45115,288.2899,-7.131283,0.5301616,5.59018,-10.1099,-34.5307,0.6267014,
2,81.112,2,13.45135,288.2617,-7.127887,0.5299013,5.59018,-10.1099,-34.5307,0.6267014,
2,81.122,2,13.451,288.2498,-7.123053,0.5295556,5.5848,-10.1099,-34.5324,0.6283989,
2,81.132,2,13.45034,288.2417,-7.123518,0.5296164,5.5848,-10.1099,-34.5324,0.6283989,
2,81.142,2,13.44882,288.2522,-7.12556,0.5298278,5.5848,-10.1099,-34.5324,0.6283989,
2,81.152,2,13.4483,288.2267,-7.126125,0.5298905,5.5848,-10.1099,-34.5324,0.6283989,
2,81.162,2,13.44952,288.2129,-7.124169,0.5296969,5.5848,-10.1099,-34.5324,0.6283989,
2,81.172,2,13.44824,288.2019,-7.127159,0.5299695,5.5848,-10.1099,-34.5324,0.6283989,
2,81.182,2,13.44621,288.1754,-7.130618,0.5303069,5.5848,-10.1099,-34.5324,0.6283989,
2,81.192,2,13.4458,288.1821,-7.134336,0.5305998,5.5848,-10.1099,-34.5324,0.6283989,
2,81.202,2,13.44627,288.171,-7.132963,0.5304788,5.5848,-10.1099,-34.5324,0.6283989,
2,81.212,2,13.44676,288.1689,-7.133285,0.5304835,5.5848,-10.1099,-34.5324,0.6283989,
2,81.222,2,13.44466,288.1585,-7.136646,0.5308164,5.5848,-10.1099,-34.5324,0.6283989,
2,81.232,2,13.44552,288.1481,-7.137859,0.5308726,5.5848,-10.1099,-34.5324,0.6283989,
2,81.242,2,13.44639,288.1577,-7.138156,0.5308603,5.5848,-10.1099,-34.5324,0.6283989,
2,81.252,2,13.45599,288.1265,-7.136866,0.5303858,5.5848,-10.1099,-34.5324,0.6283989,
2,81.262,2,13.46713,288.0801,-7.139325,0.5301296,5.5848,-10.1099,-34.5324,0.6283989,
2,81.272,2,13.4787,288.0145,-7.143695,0.5299987,5.5848,-10.1099,-34.5324,0.6283989,
2,81.282,2,13.48726,288.0182,-7.144258,0.5297044,5.5848,-10.1099,-34.5324,0.6283989,
2,81.292,2,13.49577,287.9999,-7.144182,0.5293646,5.5848,-10.1099,-34.5324,0.6283989,
2,81.302,2,13.494,287.9974,-7.144562,0.5294623,5.5848,-10.1099,-34.5324,0.6283989,
2,81.312,2,13.49387,287.9665,-7.14481,0.5294854,5.5848,-10.1099,-34.5324,0.6283989,
2,81.322,2,13.49249,287.977,-7.145934,0.529623,5.5848,-10.1099,-34.5324,0.6283989,
2,81.332,2,13.49323,287.9657,-7.141023,0.5292301,5.5848,-10.1099,-34.5324,0.6283989,
2,81.342,2,13.49278,287.9517,-7.140511,0.5292099,5.5848,-10.1099,-34.5324,0.6283989,
2,81.352,2,13.48967,287.9161,-7.145516,0.5297027,5.5848,-10.1099,-34.5324,0.6283989,
2,81.362,2,13.49184,287.9351,-7.147303,0.5297499,5.5848,-10.1099,-34.5324,0.6283989,
2,81.372,2,13.49234,287.92,-7.146406,0.5296637,5.5848,-10.1099,-34.5324,0.6283989,
2,81.382,2,13.49021,287.9016,-7.147674,0.5298414,5.5848,-10.1099,-34.5324,0.6283989,
2,81.392,2,13.49147,287.8689,-7.152129,0.5301222,5.5779,-10.1099,-34.5341,0.6301003,
2,81.402,2,13.48967,287.8718,-7.150337,0.5300601,5.5779,-10.1099,-34.5341,0.6301003,
2,81.412,2,13.48972,287.8688,-7.150805,0.5300929,5.5779,-10.1099,-34.5341,0.6301003,
2,81.422,2,13.49159,287.8582,-7.153075,0.5301875,5.5779,-10.1099,-34.5341,0.6301003,
2,81.432,2,13.488,287.8706,-7.159029,0.5307704,5.5779,-10.1099,-34.5341,0.6301003,
2,81.442,2,13.48803,287.8512,-7.159966,0.5308387,5.5779,-10.1099,-34.5341,0.6301003,
2,81.452,2,13.48823,287.8438,-7.161457,0.5309412,5.5779,-10.1099,-34.5341,0.6301003,
2,81.462,2,13.48853,287.8328,-7.160793,0.5308802,5.5779,-10.1099,-34.5341,0.6301003,
2,81.472,2,13.48596,287.8302,-7.164674,0.5312692,5.5779,-10.1099,-34.5341,0.6301003,
2,81.482,2,13.48813,287.8084,-7.163753,0.5311154,5.5779,-10.1099,-34.5341,0.6301003,
2,81.492,2,13.4877,287.805,-7.161345,0.5309536,5.5779,-10.1099,-34.5341,0.6301003,
2,81.502,2,13.49134,287.7945,-7.15879,0.5306212,5.5779,-10.1099,-34.5341,0.6301003,
2,81.512,2,13.5007,287.7756,-7.157459,0.5301546,5.5779,-10.1099,-34.5341,0.6301003,
2,81.522,2,13.51242,287.7414,-7.15947,0.5298435,5.5779,-10.1099,-34.5341,0.6301003,
2,81.532,2,13.52499,287.7071,-7.159602,0.529361,5.5779,-10.1099,-34.5341,0.6301003,
2,81.542,2,13.53697,287.6628,-7.154464,0.528513,5.5779,-10.1099,-34.5341,0.6301003,
2,81.552,2,13.53777,287.6578,-7.15833,0.5287675,5.5779,-10.1099,-34.5341,0.6301003,
2,81.562,2,13.53945,287.6122,-7.161492,0.5289353,5.5779,-10.1099,-34.5341,0.6301003,
2,81.572,2,13.53868,287.6226,-7.163374,0.5291042,5.5779,-10.1099,-34.5341,0.6301003,
2,81.582,2,13.53638,287.6106,-7.165437,0.5293467,5.5779,-10.1099,-34.5341,0.6301003,
2,81.592,2,13.53746,287.6044,-7.168989,0.5295669,5.5779,-10.1099,-34.5341,0.6301003,
2,81.602,2,13.53698,287.5993,-7.172142,0.5298184,5.5779,-10.1099,-34.5341,0.6301003,
2,81.612,2,13.53709,287.5847,-7.175735,0.5300794,5.5779,-10.1099,-34.5341,0.6301003,
2,81.622,2,13.5371,287.572,-7.176316,0.5301222,5.5779,-10.1099,-34.5341,0.6301003,
2,81.632,2,13.5363,287.5611,-7.176403,0.5301597,5.5725,-10.1099,-34.5358,0.6318016,
2,81.642,2,13.53574,287.5469,-7.179132,0.5303835,5.5725,-10.1099,-34.5358,0.6318016,
2,81.652,2,13.53803,287.5342,-7.179623,0.5303301,5.5725,-10.1099,-34.5358,0.6318016,
2,81.662,2,13.5338,287.5384,-7.180931,0.5305923,5.5725,-10.1099,-34.5358,0.6318016,
2,81.672,2,13.53388,287.5358,-7.181917,0.5306619,5.5725,-10.1099,-34.5358,0.6318016,
2,81.682,2,13.53497,287.5283,-7.186004,0.5309215,5.5725,-10.1099,-34.5358,0.6318016,
2,81.692,2,13.53394,287.5225,-7.186414,0.5309922,5.5725,-10.1099,-34.5358,0.6318016,
2,81.702,2,13.53312,287.5082,-7.185286,0.5309408,5.5725,-10.1099,-34.5358,0.6318016,
2,81.712,2,13.53392,287.4945,-7.181611,0.5306378,5.5725,-10.1099,-34.5358,0.6318016,
2,81.722,2,13.53327,287.4959,-7.183687,0.5308168,5.5725,-10.1099,-34.5358,0.6318016,
2,81.732,2,13.53334,287.4858,-7.182427,0.5307209,5.5725,-10.1099,-34.5358,0.6318016,
2,81.742,2,13.53647,287.4708,-7.178425,0.5303028,5.5725,-10.1099,-34.5358,0.6318016,
2,81.752,2,13.54616,287.4392,-7.174529,0.5296357,5.5725,-10.1099,-34.5358,0.6318016,
2,81.762,2,13.55721,287.3966,-7.176062,0.529317,5.5725,-10.1099,-34.5358,0.6318016,
2,81.772,2,13.57245,287.3807,-7.180206,0.5290279,5.5725,-10.1099,-34.5358,0.6318016,
2,81.782,2,13.57801,287.334,-7.180325,0.5288199,5.5725,-10.1099,-34.5358,0.6318016,
2,81.792,2,13.58117,287.311,-7.18313,0.5289037,5.5725,-10.1099,-34.5358,0.6318016,
2,81.802,2,13.57918,287.3168,-7.18698,0.5292645,5.5725,-10.1099,-34.5358,0.6318016,
2,81.812,2,13.58013,287.3329,-7.19062,0.5294957,5.5725,-10.1099,-34.5358,0.6318016,
2,81.822,2,13.57881,287.2889,-7.192925,0.529717,5.5725,-10.1099,-34.5358,0.6318016,
2,81.832,2,13.57878,287.2842,-7.189821,0.5294896,5.5725,-10.1099,-34.5358,0.6318016,
2,81.842,2,13.57933,287.2718,-7.192866,0.5296923,5.5725,-10.1099,-34.5358,0.6318016,
2,81.852,2,13.57807,287.2443,-7.200346,0.5302922,5.5725,-10.1099,-34.5358,0.6318016,
2,81.862,2,13.5754,287.2516,-7.201538,0.5304843,5.5725,-10.1099,-34.5358,0.6318016,
2,81.872,2,13.57718,287.2354,-7.200666,0.5303507,5.5725,-10.1099,-34.5358,0.6318016,
2,81.882,2,13.57722,287.2258,-7.201716,0.5304263,5.5725,-10.1099,-34.5358,0.6318016,
2,81.892,2,13.57728,287.2412,-7.204657,0.5306406,5.566,-10.1099,-34.5375,0.6334991,
2,81.902,2,13.57631,287.2283,-7.205594,0.5307478,5.566,-10.1099,-34.5375,0.6334991,
2,81.912,2,13.57673,287.2107,-7.205007,0.5306879,5.566,-10.1099,-34.5375,0.6334991,
2,81.922,2,13.57409,287.1997,-7.203341,0.5306686,5.566,-10.1099,-34.5375,0.6334991,
2,81.932,2,13.57372,287.1888,-7.202916,0.5306514,5.566,-10.1099,-34.5375,0.6334991,
2,81.942,2,13.57473,287.1835,-7.203495,0.5306548,5.566,-10.1099,-34.5375,0.6334991,
2,81.952,2,13.57453,287.1697,-7.1997,0.530383,5.566,-10.1099,-34.5375,0.6334991,
2,81.962,2,13.57302,287.166,-7.195477,0.5301307,5.566,-10.1099,-34.5375,0.6334991,
2,81.972,2,13.57439,287.1596,-7.196734,0.53017,5.566,-10.1099,-34.5375,0.6334991,
2,81.982,2,13.57435,287.1379,-7.200113,0.5304205,5.566,-10.1099,-34.5375,0.6334991,
2,81.992,2,13.576,287.135,-7.198533,0.5302395,5.566,-10.1099,-34.5375,0.6334991,
2,82.002,2,13.57868,287.1045,-7.200511,0.5302805,5.566,-10.1099,-34.5375,0.6334991,
2,82.012,2,13.59091,287.0743,-7.204742,0.5301148,5.566,-10.1099,-34.5375,0.6334991,
2,82.022,2,13.60387,287.0438,-7.206301,0.5297242,5.566,-10.1099,-34.5375,0.6334991,
2,82.032,2,13.61597,287.0094,-7.209726,0.5295053,5.566,-10.1099,-34.5375,0.6334991,
2,82.042,2,13.62208,286.9904,-7.210389,0.5293162,5.566,-10.1099,-34.5375,0.6334991,
2,82.052,2,13.62148,286.9552,-7.215075,0.5296835,5.566,-10.1099,-34.5375,0.6334991,
2,82.062,2,13.62428,286.9314,-7.217791,0.5297743,5.566,-10.1099,-34.5375,0.6334991,
2,82.072,2,13.62313,286.972,-7.22071,0.5300333,5.566,-10.1099,-34.5375,0.6334991,
2,82.082,2,13.62127,286.9488,-7.220189,0.5300673,5.566,-10.1099,-34.5375,0.6334991,
2,82.092,2,13.62086,286.9424,-7.222691,0.530267,5.566,-10.1099,-34.5375,0.6334991,
2,82.102,2,13.62073,286.9074,-7.224965,0.5304389,5.566,-10.1099,-34.5375,0.6334991,
2,82.112,2,13.61925,286.9259,-7.228542,0.5307591,5.566,-10.1099,-34.5375,0.6334991,
2,82.122,2,13.61794,286.9108,-7.225661,0.5305985,5.566,-10.1099,-34.5375,0.6334991,
2,82.132,2,13.62004,286.9027,-7.223075,0.530327,5.566,-10.1099,-34.5375,0.6334991,
2,82.142,2,13.61885,286.8727,-7.224514,0.530479,5.566,-10.1099,-34.5375,0.6334991,
2,82.152,2,13.61961,286.8795,-7.222516,0.5303029,5.566,-10.1099,-34.5375,0.6334991,
2,82.162,2,13.61716,286.8941,-7.219759,0.5301957,5.55985,-10.1099,-34.5392,0.6352005,
2,82.172,2,13.61683,286.8696,-7.216953,0.5300025,5.55985,-10.1099,-34.5392,0.6352005,
2,82.182,2,13.61875,286.8647,-7.217916,0.5299982,5.55985,-10.1099,-34.5392,0.6352005,
2,82.192,2,13.61872,286.8582,-7.222372,0.5303268,5.55985,-10.1099,-34.5392,0.6352005,
2,82.202,2,13.61506,286.8412,-7.219798,0.5302801,5.55985,-10.1099,-34.5392,0.6352005,
2,82.212,2,13.61643,286.8313,-7.222053,0.5303926,5.55985,-10.1099,-34.5392,0.6352005,
2,82.222,2,13.61704,286.804,-7.223565,0.5304798,5.55985,-10.1099,-34.5392,0.6352005,
2,82.232,2,13.61549,286.8221,-7.225464,0.5306796,5.55985,-10.1099,-34.5392,0.6352005,
2,82.242,2,13.61701,286.7959,-7.22529,0.5306078,5.55985,-10.1099,-34.5392,0.6352005,
2,82.252,2,13.61406,286.792,-7.226231,0.5307917,5.55985,-10.1099,-34.5392,0.6352005,
2,82.262,2,13.61445,286.7856,-7.228582,0.5309492,5.55985,-10.1099,-34.5392,0.6352005,
2,82.272,2,13.62017,286.7804,-7.23322,0.5310668,5.55985,-10.1099,-34.5392,0.6352005,
2,82.282,2,13.6311,286.7404,-7.23268,0.5306015,5.55985,-10.1099,-34.5392,0.6352005,
2,82.292,2,13.64369,286.6885,-7.231966,0.5300594,5.55985,-10.1099,-34.5392,0.6352005,
2,82.302,2,13.6569,286.67,-7.235741,0.5298232,5.55985,-10.1099,-34.5392,0.6352005,
2,82.312,2,13.6647,286.6292,-7.239068,0.5297643,5.55985,-10.1099,-34.5392,0.6352005,
2,82.322,2,13.66678,286.6172,-7.239971,0.5297495,5.55985,-10.1099,-34.5392,0.6352005,
2,82.332,2,13.66531,286.6181,-7.238786,0.5297199,5.55985,-10.1099,-34.5392,0.6352005,
2,82.342,2,13.66605,286.582,-7.238595,0.5296774,5.55985,-10.1099,-34.5392,0.6352005,
2,82.352,2,13.66381,286.6076,-7.241946,0.5300091,5.55985,-10.1099,-34.5392,0.6352005,
2,82.362,2,13.66516,286.5878,-7.240236,0.5298319,5.55985,-10.1099,-34.5392,0.6352005,
2,82.372,2,13.66662,286.5741,-7.236104,0.5294729,5.55985,-10.1099,-34.5392,0.6352005,
2,82.382,2,13.66405,286.5615,-7.236317,0.529588,5.55985,-10.1099,-34.5392,0.6352005,
2,82.392,2,13.66207,286.5511,-7.236742,0.5296958,5.55985,-10.1099,-34.5392,0.6352005,
2,82.402,2,13.66052,286.5599,-7.23755,0.5298151,5.55985,-10.1099,-34.5392,0.6352005,
2,82.412,2,13.66075,286.5386,-7.237955,0.5298356,5.55985,-10.1099,-34.5392,0.6352005,
2,82.422,2,13.66316,286.5296,-7.238408,0.5297754,5.55333,-10.1099,-34.541,0.637001,
2,82.432,2,13.65909,286.5136,-7.242111,0.5302044,5.55333,-10.1099,-34.541,0.637001,
2,82.442,2,13.65917,286.5054,-7.245108,0.530421,5.55333,-10.1099,-34.541,0.637001,
2,82.452,2,13.66074,286.5033,-7.244979,0.5303504,5.55333,-10.1099,-34.541,0.637001,
2,82.462,2,13.65846,286.4863,-7.24402,0.5303689,5.55333,-10.1099,-34.541,0.637001,
2,82.472,2,13.65788,286.4952,-7.24675,0.5305912,5.55333,-10.1099,-34.541,0.637001,
2,82.482,2,13.65851,286.4956,-7.251138,0.5308877,5.55333,-10.1099,-34.541,0.637001,
2,82.492,2,13.65862,286.4618,-7.252426,0.5309779,5.55333,-10.1099,-34.541,0.637001,
2,82.502,2,13.65789,286.4477,-7.2486,0.5307263,5.55333,-10.1099,-34.541,0.637001,
2,82.512,2,13.65458,286.4446,-7.251883,0.5310953,5.55333,-10.1099,-34.541,0.637001,
2,82.522,2,13.65885,286.4304,-7.255064,0.5311623,5.55333,-10.1099,-34.541,0.637001,
2,82.532,2,13.65934,286.4299,-7.253363,0.5310184,5.55333,-10.1099,-34.541,0.637001,
2,82.542,2,13.66538,286.4153,-7.24946,0.5304983,5.55333,-10.1099,-34.541,0.637001,
2,82.552,2,13.6709,286.3712,-7.248055,0.5301814,5.55333,-10.1099,-34.541,0.637001,
2,82.562,2,13.6833,286.3508,-7.2481,0.5297042,5.55333,-10.1099,-34.541,0.637001,
2,82.572,2,13.69732,286.3046,-7.245473,0.5289704,5.55333,-10.1099,-34.541,0.637001,
2,82.582,2,13.70774,286.2797,-7.241961,0.5283119,5.55333,-10.1099,-34.541,0.637001,
2,82.592,2,13.70783,286.2672,-7.242817,0.5283709,5.55333,-10.1099,-34.541,0.637001,
2,82.602,2,13.70811,286.2629,-7.24544,0.5285513,5.55333,-10.1099,-34.541,0.637001,
2,82.612,2,13.70765,286.2448,-7.249079,0.5288347,5.55333,-10.1099,-34.541,0.637001,
2,82.622,2,13.70653,286.2379,-7.248035,0.5288014,5.55333,-10.1099,-34.541,0.637001,
2,82.632,2,13.70632,286.1947,-7.249253,0.5288984,5.55333,-10.1099,-34.541,0.637001,
2,82.642,2,13.70544,286.2095,-7.253571,0.5292478,5.55333,-10.1099,-34.541,0.637001,
2,82.652,2,13.70555,286.2215,-7.254183,0.5292879,5.55333,-10.1099,-34.541,0.637001,
2,82.662,2,13.70687,286.187,-7.25551,0.5293337,5.55333,-10.1099,-34.541,0.637001,
2,82.672,2,13.70509,286.1786,-7.257038,0.5295143,5.55333,-10.1099,-34.541,0.637001,
2,82.682,2,13.70242,286.1728,-7.263808,0.5301114,5.55333,-10.1099,-34.541,0.637001,
2,82.692,2,13.70378,286.1682,-7.267611,0.5303363,5.54682,-10.1099,-34.5428,0.6388016,
2,82.702,2,13.70448,286.1514,-7.266263,0.5302108,5.54682,-10.1099,-34.5428,0.6388016,
2,82.712,2,13.70535,286.144,-7.265879,0.5301491,5.54682,-10.1099,-34.5428,0.6388016,
2,82.722,2,13.70307,286.1221,-7.270844,0.5305997,5.54682,-10.1099,-34.5428,0.6388016,
2,82.732,2,13.70339,286.0857,-7.273278,0.5307649,5.54682,-10.1099,-34.5428,0.6388016,
2,82.742,2,13.70493,286.1259,-7.268869,0.5303836,5.54682,-10.1099,-34.5428,0.6388016,
2,82.752,2,13.70376,286.1185,-7.269303,0.5304606,5.54682,-10.1099,-34.5428,0.6388016,
2,82.762,2,13.70171,286.1132,-7.270022,0.5305923,5.54682,-10.1099,-34.5428,0.6388016,
2,82.772,2,13.70017,286.0795,-7.269694,0.530628,5.54682,-10.1099,-34.5428,0.6388016,
2,82.782,2,13.69964,286.0941,-7.269811,0.5306571,5.54682,-10.1099,-34.5428,0.6388016,
2,82.792,2,13.70295,286.0811,-7.263006,0.5300323,5.54682,-10.1099,-34.5428,0.6388016,
2,82.802,2,13.71026,286.0576,-7.263201,0.5297639,5.54682,-10.1099,-34.5428,0.6388016,
2,82.812,2,13.71779,286.0109,-7.265835,0.5296652,5.54682,-10.1099,-34.5428,0.6388016,
2,82.822,2,13.73441,285.9777,-7.263811,0.528877,5.54682,-10.1099,-34.5428,0.6388016,
2,82.832,2,13.74701,285.9503,-7.265402,0.5285078,5.54682,-10.1099,-34.5428,0.6388016,
2,82.842,2,13.7517,285.935,-7.268099,0.5285236,5.54682,-10.1099,-34.5428,0.6388016,
2,82.852,2,13.75353,285.9263,-7.27469,0.5289325,5.54682,-10.1099,-34.5428,0.6388016,
2,82.862,2,13.75333,285.9141,-7.278462,0.5292147,5.54682,-10.1099,-34.5428,0.6388016,
2,82.872,2,13.75151,285.9051,-7.280138,0.5294062,5.54682,-10.1099,-34.5428,0.6388016,
2,82.882,2,13.75179,285.8816,-7.283445,0.529636,5.54682,-10.1099,-34.5428,0.6388016,
2,82.892,2,13.75161,285.8813,-7.287552,0.5299417,5.54682,-10.1099,-34.5428,0.6388016,
2,82.902,2,13.75095,285.8771,-7.289504,0.5301093,5.54682,-10.1099,-34.5428,0.6388016,
2,82.912,2,13.75254,285.8557,-7.289468,0.5300453,5.54682,-10.1099,-34.5428,0.6388016,
2,82.922,2,13.7523,285.8407,-7.29337,0.5303381,5.54682,-10.1099,-34.5428,0.6388016,
2,82.932,2,13.75042,285.8403,-7.295505,0.5305662,5.54068,-10.1099,-34.5446,0.6406021,
2,82.942,2,13.7492,285.8439,-7.297924,0.5307888,5.54068,-10.1099,-34.5446,0.6406021,
2,82.952,2,13.7499,285.8175,-7.295964,0.5306194,5.54068,-10.1099,-34.5446,0.6406021,
2,82.962,2,13.75038,285.8139,-7.296049,0.530607,5.54068,-10.1099,-34.5446,0.6406021,
2,82.972,2,13.74824,285.8073,-7.294748,0.5305952,5.54068,-10.1099,-34.5446,0.6406021,
2,82.982,2,13.74901,285.7991,-7.295015,0.5305849,5.54068,-10.1099,-34.5446,0.6406021,
2,82.992,2,13.74808,285.7895,-7.290179,0.5302688,5.54068,-10.1099,-34.5446,0.6406021,
2,83.002,2,13.74508,285.7815,-7.286087,0.5300869,5.54068,-10.1099,-34.5446,0.6406021,
2,83.012,2,13.74797,285.7707,-7.285703,0.5299475,5.54068,-10.1099,-34.5446,0.6406021,
2,83.022,2,13.74701,285.7967,-7.290009,0.5302978,5.54068,-10.1099,-34.5446,0.6406021,
2,83.032,2,13.74585,285.7431,-7.290608,0.530386,5.54068,-10.1099,-34.5446,0.6406021,
2,83.042,2,13.74501,285.7364,-7.291252,0.5304654,5.54068,-10.1099,-34.5446,0.6406021,
2,83.052,2,13.74981,285.7272,-7.292829,0.5303949,5.54068,-10.1099,-34.5446,0.6406021,
2,83.062,2,13.75817,285.7164,-7.293398,0.5301138,5.54068,-10.1099,-34.5446,0.6406021,
2,83.072,2,13.7723,285.667,-7.294388,0.5296419,5.54068,-10.1099,-34.5446,0.6406021,
2,83.082,2,13.78379,285.6193,-7.294315,0.5291953,5.54068,-10.1099,-34.5446,0.6406021,
2,83.092,2,13.79117,285.6029,-7.299413,0.5292814,5.54068,-10.1099,-34.5446,0.6406021,
2,83.102,2,13.79614,285.578,-7.305956,0.5295653,5.54068,-10.1099,-34.5446,0.6406021,
2,83.112,2,13.79572,285.5695,-7.30967,0.5298505,5.54068,-10.1099,-34.5446,0.6406021,
2,83.122,2,13.79835,285.5533,-7.310932,0.5298411,5.54068,-10.1099,-34.5446,0.6406021,
2,83.132,2,13.79612,285.5508,-7.312188,0.5300178,5.54068,-10.1099,-34.5446,0.6406021,
2,83.142,2,13.79451,285.5313,-7.315757,0.5303383,5.54068,-10.1099,-34.5446,0.6406021,
2,83.152,2,13.79533,285.5476,-7.316566,0.5303655,5.54068,-10.1099,-34.5446,0.6406021,
2,83.162,2,13.79605,285.5282,-7.313133,0.5300887,5.54068,-10.1099,-34.5446,0.6406021,
2,83.172,2,13.79401,285.5146,-7.313479,0.5301924,5.54068,-10.1099,-34.5446,0.6406021,
2,83.182,2,13.79277,285.5015,-7.314155,0.5302889,5.54068,-10.1099,-34.5446,0.6406021,
2,83.192,2,13.7941,285.4846,-7.315056,0.5303032,5.54068,-10.1099,-34.5446,0.6406021,
2,83.202,2,13.79441,285.4819,-7.310472,0.5299589,5.53455,-10.1099,-34.5463,0.6422997,
2,83.212,2,13.79317,285.48,-7.306655,0.5297298,5.53455,-10.1099,-34.5463,0.6422997,
2,83.222,2,13.79475,285.4647,-7.30693,0.5296892,5.53455,-10.1099,-34.5463,0.6422997,
2,83.232,2,13.79058,285.4778,-7.3091,0.5300065,5.53455,-10.1099,-34.5463,0.6422997,
2,83.242,2,13.78965,285.4498,-7.31065,0.5301547,5.53455,-10.1099,-34.5463,0.6422997,
2,83.252,2,13.79225,285.4384,-7.308396,0.5298916,5.53455,-10.1099,-34.5463,0.6422997,
2,83.262,2,13.7896,285.4374,-7.310058,0.5301138,5.53455,-10.1099,-34.5463,0.6422997,
2,83.272,2,13.79145,285.4117,-7.314263,0.5303476,5.53455,-10.1099,-34.5463,0.6422997,
2,83.282,2,13.79044,285.4185,-7.31509,0.5304463,5.53455,-10.1099,-34.5463,0.6422997,
2,83.292,2,13.79028,285.398,-7.316229,0.5305351,5.53455,-10.1099,-34.5463,0.6422997,
2,83.302,2,13.78992,285.3978,-7.319206,0.5307651,5.53455,-10.1099,-34.5463,0.6422997,
2,83.312,2,13.78829,285.4149,-7.322972,0.5311007,5.53455,-10.1099,-34.5463,0.6422997,
2,83.322,2,13.79175,285.3881,-7.323449,0.5310022,5.53455,-10.1099,-34.5463,0.6422997,
2,83.332,2,13.79934,285.3607,-7.320405,0.5304897,5.53455,-10.1099,-34.5463,0.6422997,
2,83.342,2,13.81079,285.3181,-7.321315,0.5301154,5.53455,-10.1099,-34.5463,0.6422997,
2,83.352,2,13.82443,285.2838,-7.325649,0.5299059,5.53455,-10.1099,-34.5463,0.6422997,
2,83.362,2,13.83576,285.2409,-7.329088,0.5297206,5.53455,-10.1099,-34.5463,0.6422997,
2,83.372,2,13.8398,285.2441,-7.326967,0.5294127,5.53455,-10.1099,-34.5463,0.6422997,
2,83.382,2,13.84126,285.2305,-7.325918,0.5292811,5.53455,-10.1099,-34.5463,0.6422997,
2,83.392,2,13.83896,285.2336,-7.327376,0.5294746,5.53455,-10.1099,-34.5463,0.6422997,
2,83.402,2,13.84208,285.2112,-7.328371,0.529427,5.53455,-10.1099,-34.5463,0.6422997,
2,83.412,2,13.84193,285.2021,-7.325021,0.5291907,5.53455,-10.1099,-34.5463,0.6422997,
2,83.422,2,13.84097,285.188,-7.323257,0.5290998,5.53455,-10.1099,-34.5463,0.6422997,
2,83.432,2,13.83908,285.1749,-7.327404,0.5294719,5.53455,-10.1099,-34.5463,0.6422997,
2,83.442,2,13.83865,285.1573,-7.333113,0.529901,5.53455,-10.1099,-34.5463,0.6422997,
2,83.452,2,13.84014,285.1652,-7.329719,0.5295985,5.53455,-10.1099,-34.5463,0.6422997,
2,83.462,2,13.8383,285.1534,-7.329092,0.5296237,5.53455,-10.1099,-34.5463,0.6422997,
2,83.472,2,13.83774,285.1238,-7.329858,0.5297003,5.53455,-10.1099,-34.5463,0.6422997,
2,83.482,2,13.83707,285.1033,-7.332952,0.5299498,5.53455,-10.1099,-34.5463,0.6422997,
2,83.492,2,13.83561,285.1124,-7.333184,0.5300226,5.52803,-10.1099,-34.548,0.644001,
2,83.502,2,13.83708,285.1019,-7.334425,0.5300559,5.52803,-10.1099,-34.548,0.644001,
2,83.512,2,13.83603,285.093,-7.338758,0.5304092,5.52803,-10.1099,-34.548,0.644001,
2,83.522,2,13.83452,285.117,-7.342298,0.530723,5.52803,-10.1099,-34.548,0.644001,
2,83.532,2,13.8347,285.082,-7.344234,0.530856,5.52803,-10.1099,-34.548,0.644001,
2,83.542,2,13.83448,285.063,-7.344027,0.5308494,5.52803,-10.1099,-34.548,0.644001,
2,83.552,2,13.83511,285.0497,-7.344919,0.5308897,5.52803,-10.1099,-34.548,0.644001,
2,83.562,2,13.83738,285.0057,-7.346878,0.5309442,5.52803,-10.1099,-34.548,0.644001,
2,83.572,2,13.83416,285.0493,-7.34859,0.5311915,5.52803,-10.1099,-34.548,0.644001,
2,83.582,2,13.83245,285.0359,-7.343858,0.5309152,5.52803,-10.1099,-34.548,0.644001,
2,83.592,2,13.83523,285.0317,-7.343878,0.5308101,5.52803,-10.1099,-34.548,0.644001,
2,83.602,2,13.83861,285.0154,-7.343871,0.5306798,5.52803,-10.1099,-34.548,0.644001,
2,83.612,2,13.85322,284.9691,-7.342838,0.5300455,5.52803,-10.1099,-34.548,0.644001,
2,83.622,2,13.86714,284.9319,-7.338805,0.5292225,5.52803,-10.1099,-34.548,0.644001,
2,83.632,2,13.87652,284.8991,-7.335483,0.5286255,5.52803,-10.1099,-34.548,0.644001,
2,83.642,2,13.8817,284.8837,-7.332778,0.5282333,5.52803,-10.1099,-34.548,0.644001,
2,83.652,2,13.88249,284.8829,-7.325633,0.5276888,5.52803,-10.1099,-34.548,0.644001,
2,83.662,2,13.88404,284.8586,-7.316525,0.5269737,5.52803,-10.1099,-34.548,0.644001,
2,83.672,2,13.88327,284.8589,-7.305005,0.5261731,5.52803,-10.1099,-34.548,0.644001,
2,83.682,2,13.88283,284.8349,-7.289731,0.5250898,5.52803,-10.1099,-34.548,0.644001,
2,83.692,2,13.88121,284.8081,-7.274548,0.5240571,5.52803,-10.1099,-34.548,0.644001,
2,83.702,2,13.8852,284.8007,-7.255261,0.5225177,5.52803,-10.1099,-34.548,0.644001,

TotalTime
00:07:01.7438599
