Recipe, UpperSample, LowerSample, OtherInfo, Averaging, LogFrequency, Type, Radius,TestDate, Operator, Customer, RefStd, Temperature, RH, Liquid, LastCalibDate, LCFz, LCFx, Tip, OtherData, samplevsscratch only.Rx,,,,10,1000,Scratch,1,9/4/2026 2:18:25 PM,,,ASTM/ISO,,,N/A,N/A,,,,Linear: 0.1 to 20;25;2;2.512563,0.3,
Step, Timestamp, RecipeStep, DAQ.Fz (N),DAQ.CAP (um),DAQ.Fx (N),DAQ.COF (),XYZ.X Position (mm),XYZ.Y Position (mm),XYZ.Z Position (mm),XYZ.Z Depth (mm),
2,0.01,2,0.09914916,391.0414,-0.04452768,0.4490979,-4.33315,-8.272,-33.9797,-0.01560211,
2,0.02,2,0.09876343,391.0392,-0.04374847,0.4429623,-4.33315,-8.272,-33.9797,-0.01560211,
2,0.03,2,0.1002539,391.0408,-0.04382175,0.4371076,-4.33315,-8.272,-33.9797,-0.01560211,
2,0.04,2,0.09866368,391.0397,-0.04478483,0.453914,-4.33315,-8.272,-33.9797,-0.01560211,
2,0.05,2,0.09938723,391.0329,-0.0440346,0.443061,-4.33315,-8.272,-33.9797,-0.01560211,
2,0.06,2,0.09954701,391.0403,-0.04304202,0.4323788,-4.33315,-8.272,-33.9797,-0.01560211,
2,0.07,2,0.1002592,391.0355,-0.04297374,0.4286263,-4.33315,-8.272,-33.9797,-0.01560211,
2,0.08,2,0.09802998,391.0375,-0.044663,0.4556055,-4.33315,-8.272,-33.9797,-0.01560211,
2,0.09,2,0.09858555,391.0326,-0.04399657,0.4462781,-4.33315,-8.272,-33.9797,-0.01560211,
2,0.1,2,0.0991218,391.0419,-0.0428446,0.4322419,-4.33315,-8.272,-33.9797,-0.01560211,
2,0.11,2,0.1009958,391.0345,-0.04162595,0.4121553,-4.33315,-8.272,-33.9797,-0.01560211,
2,0.12,2,0.09998341,391.0362,-0.04341366,0.4342087,-4.33315,-8.272,-33.9797,-0.01560211,
2,0.13,2,0.09999988,391.0378,-0.04264972,0.4264977,-4.33315,-8.272,-33.9797,-0.01560211,
2,0.14,2,0.09979854,391.0352,-0.04341789,0.4350554,-4.33315,-8.272,-33.9797,-0.01560211,
2,0.15,2,0.09824251,391.0359,-0.04204731,0.4279951,-4.33315,-8.272,-33.9797,-0.01560211,
2,0.16,2,0.1003636,391.0289,-0.04263136,0.4247693,-4.33315,-8.272,-33.9797,-0.01560211,
2,0.17,2,0.09708823,391.0329,-0.04264843,0.4392751,-4.33315,-8.272,-33.9797,-0.01560211,
2,0.18,2,0.0972284,391.019,-0.04082257,0.4198626,-4.33315,-8.272,-33.9797,-0.01560211,
2,0.19,2,0.09823939,391.0328,-0.04211917,0.4287401,-4.33315,-8.272,-33.9797,-0.01560211,
2,0.2,2,0.09740941,391.0453,-0.04327746,0.4442842,-4.33315,-8.272,-33.9797,-0.01560211,
2,0.21,2,0.09746626,391.0318,-0.04612793,0.4732708,-4.33315,-8.272,-33.9797,-0.01560211,
2,0.22,2,0.09721491,391.0397,-0.04871095,0.5010647,-4.33315,-8.272,-33.9797,-0.01560211,
2,0.23,2,0.09876711,391.0392,-0.05103244,0.5166947,-4.33315,-8.272,-33.9797,-0.01560211,
2,0.24,2,0.09785312,391.0476,-0.05207692,0.5321948,-4.33315,-8.272,-33.9797,-0.01560211,
2,0.25,2,0.09711529,391.0645,-0.04896558,0.5042005,-4.33315,-8.272,-33.9797,-0.01560211,
2,0.26,2,0.09638566,391.0415,-0.04785504,0.4964955,-4.33315,-8.272,-33.9797,-0.01560211,
2,0.27,2,0.09701382,391.0291,-0.04696626,0.4841193,-4.33315,-8.272,-33.9797,-0.01560211,
2,0.28,2,0.09696282,391.0454,-0.04897089,0.5050482,-4.33315,-8.272,-33.9797,-0.01560211,
2,0.29,2,0.09698661,391.0412,-0.04826778,0.4976747,-4.33315,-8.272,-33.9797,-0.01560211,
2,0.3,2,0.09654257,391.0516,-0.04906098,0.5081797,-4.33315,-8.272,-33.9797,-0.01560211,
2,0.31,2,0.0940315,391.0462,-0.05504582,0.5853977,-4.33315,-8.272,-33.9797,-0.01560211,
2,0.32,2,0.09886929,391.0314,-0.05255882,0.531599,-4.33315,-8.272,-33.9797,-0.01560211,
2,0.33,2,0.1039555,391.028,-0.05486246,0.5277497,-4.33315,-8.272,-33.9797,-0.01560211,
2,0.34,2,0.1048307,390.9655,-0.05480705,0.5228149,-4.33315,-8.272,-33.9797,-0.01560211,
2,0.35,2,0.1095755,390.9085,-0.05649266,0.5155593,-4.33315,-8.272,-33.9797,-0.01560211,
2,0.36,2,0.1119462,390.8683,-0.05542621,0.495115,-4.33315,-8.272,-33.9797,-0.01560211,
2,0.37,2,0.112571,390.8872,-0.05581189,0.4957928,-4.33315,-8.272,-33.9797,-0.01560211,
2,0.38,2,0.1120454,390.8966,-0.05557475,0.4960022,-4.33315,-8.272,-33.9797,-0.01560211,
2,0.39,2,0.1123941,390.8741,-0.05442395,0.4842244,-4.33315,-8.272,-33.9797,-0.01560211,
2,0.4,2,0.1119709,390.9031,-0.05295497,0.4729351,-4.33315,-8.272,-33.9797,-0.01560211,
2,0.41,2,0.1124327,390.9046,-0.0549034,0.4883223,-4.33315,-8.272,-33.9797,-0.01560211,
2,0.42,2,0.1128581,390.8802,-0.05231971,0.4635884,-4.33315,-8.272,-33.9797,-0.01560211,
2,0.43,2,0.1115328,390.8803,-0.05223757,0.4683605,-4.33315,-8.272,-33.9797,-0.01560211,
2,0.44,2,0.1121268,390.8908,-0.05531053,0.4932855,-4.33315,-8.272,-33.9797,-0.01560211,
2,0.45,2,0.1100498,390.8832,-0.05653032,0.5136794,-4.33785,-8.272,-33.9808,-0.01449966,
2,0.46,2,0.1105603,390.8806,-0.05375203,0.4861785,-4.33785,-8.272,-33.9808,-0.01449966,
2,0.47,2,0.1122743,390.903,-0.05223372,0.4652331,-4.33785,-8.272,-33.9808,-0.01449966,
2,0.48,2,0.1120039,390.8576,-0.05727156,0.5113355,-4.33785,-8.272,-33.9808,-0.01449966,
2,0.49,2,0.1096785,390.8994,-0.05291943,0.4824961,-4.33785,-8.272,-33.9808,-0.01449966,
2,0.5,2,0.1116602,390.8757,-0.05542051,0.4963319,-4.33785,-8.272,-33.9808,-0.01449966,
2,0.51,2,0.1148961,390.8449,-0.05464083,0.4755675,-4.33785,-8.272,-33.9808,-0.01449966,
2,0.52,2,0.1172937,390.8275,-0.05674692,0.4838018,-4.33785,-8.272,-33.9808,-0.01449966,
2,0.53,2,0.1244403,390.7456,-0.05714088,0.4591832,-4.33785,-8.272,-33.9808,-0.01449966,
2,0.54,2,0.1304569,390.646,-0.05699358,0.4368767,-4.33785,-8.272,-33.9808,-0.01449966,
2,0.55,2,0.1379568,390.5706,-0.05753957,0.4170841,-4.33785,-8.272,-33.9808,-0.01449966,
2,0.56,2,0.1405648,390.536,-0.06192635,0.4405538,-4.33785,-8.272,-33.9808,-0.01449966,
2,0.57,2,0.1426358,390.5259,-0.06113383,0.4286008,-4.33785,-8.272,-33.9808,-0.01449966,
2,0.58,2,0.1429456,390.5073,-0.06355975,0.444643,-4.33785,-8.272,-33.9808,-0.01449966,
2,0.59,2,0.1394489,390.5258,-0.0659807,0.4731533,-4.33785,-8.272,-33.9808,-0.01449966,
2,0.6,2,0.141302,390.546,-0.06207992,0.439342,-4.33785,-8.272,-33.9808,-0.01449966,
2,0.61,2,0.1412521,390.5213,-0.06184683,0.437847,-4.33785,-8.272,-33.9808,-0.01449966,
2,0.62,2,0.1409888,390.5118,-0.06655788,0.472079,-4.33785,-8.272,-33.9808,-0.01449966,
2,0.63,2,0.1415394,390.5155,-0.06085181,0.4299283,-4.33785,-8.272,-33.9808,-0.01449966,
2,0.64,2,0.1418916,390.514,-0.06289183,0.4432387,-4.33785,-8.272,-33.9808,-0.01449966,
2,0.65,2,0.1426431,390.4998,-0.06237178,0.4372576,-4.34587,-8.272,-33.9825,-0.01280212,
2,0.66,2,0.1431936,390.5194,-0.05905034,0.4123813,-4.34587,-8.272,-33.9825,-0.01280212,
2,0.67,2,0.140569,390.5065,-0.06461734,0.4596842,-4.34587,-8.272,-33.9825,-0.01280212,
2,0.68,2,0.1401589,390.5116,-0.06185869,0.4413468,-4.34587,-8.272,-33.9825,-0.01280212,
2,0.69,2,0.1413719,390.5125,-0.06164943,0.4360799,-4.34587,-8.272,-33.9825,-0.01280212,
2,0.7,2,0.1422386,390.5133,-0.0605899,0.4259735,-4.34587,-8.272,-33.9825,-0.01280212,
2,0.71,2,0.1414334,390.4948,-0.0642021,0.4539388,-4.34587,-8.272,-33.9825,-0.01280212,
2,0.72,2,0.1429641,390.5209,-0.06399211,0.4476096,-4.34587,-8.272,-33.9825,-0.01280212,
2,0.73,2,0.14909,390.4162,-0.06165872,0.413567,-4.34587,-8.272,-33.9825,-0.01280212,
2,0.74,2,0.1579022,390.381,-0.06697048,0.4241263,-4.34587,-8.272,-33.9825,-0.01280212,
2,0.75,2,0.1629158,390.228,-0.06852958,0.4206441,-4.34587,-8.272,-33.9825,-0.01280212,
2,0.76,2,0.1731767,390.1267,-0.07523541,0.434443,-4.34587,-8.272,-33.9825,-0.01280212,
2,0.77,2,0.1803316,390.0869,-0.07092016,0.3932764,-4.34587,-8.272,-33.9825,-0.01280212,
2,0.78,2,0.1823537,390.0665,-0.07123289,0.3906302,-4.34587,-8.272,-33.9825,-0.01280212,
2,0.79,2,0.1822992,390.0512,-0.07218543,0.3959724,-4.34587,-8.272,-33.9825,-0.01280212,
2,0.8,2,0.1818714,390.0519,-0.07427283,0.408381,-4.34587,-8.272,-33.9825,-0.01280212,
2,0.81,2,0.1834562,390.0612,-0.07233818,0.3943076,-4.34587,-8.272,-33.9825,-0.01280212,
2,0.82,2,0.1824683,390.0562,-0.07326096,0.4014997,-4.34587,-8.272,-33.9825,-0.01280212,
2,0.83,2,0.1834514,390.0463,-0.07521912,0.4100221,-4.3546,-8.272,-33.9848,-0.01050186,
2,0.84,2,0.1794162,390.0059,-0.07514019,0.4188038,-4.3546,-8.272,-33.9848,-0.01050186,
2,0.85,2,0.1825651,390.0361,-0.07284363,0.3990008,-4.3546,-8.272,-33.9848,-0.01050186,
2,0.86,2,0.181613,390.0448,-0.07266816,0.4001265,-4.3546,-8.272,-33.9848,-0.01050186,
2,0.87,2,0.1819576,390.0262,-0.07256276,0.3987893,-4.3546,-8.272,-33.9848,-0.01050186,
2,0.88,2,0.1825456,390.0166,-0.07368045,0.4036275,-4.3546,-8.272,-33.9848,-0.01050186,
2,0.89,2,0.1786324,390.0236,-0.07336505,0.410704,-4.3546,-8.272,-33.9848,-0.01050186,
2,0.9,2,0.1803468,390.0264,-0.08186855,0.4539507,-4.3546,-8.272,-33.9848,-0.01050186,
2,0.91,2,0.1851302,390.0329,-0.07789952,0.4207823,-4.3546,-8.272,-33.9848,-0.01050186,
2,0.92,2,0.1866269,389.9709,-0.07861366,0.4212343,-4.3546,-8.272,-33.9848,-0.01050186,
2,0.93,2,0.1983077,389.9005,-0.0778144,0.3923923,-4.3546,-8.272,-33.9848,-0.01050186,
2,0.94,2,0.2068082,389.7697,-0.07856534,0.3798946,-4.3546,-8.272,-33.9848,-0.01050186,
2,0.95,2,0.2208346,389.6518,-0.07906687,0.3580365,-4.3546,-8.272,-33.9848,-0.01050186,
2,0.96,2,0.2265141,389.5524,-0.08492977,0.3749426,-4.3546,-8.272,-33.9848,-0.01050186,
2,0.97,2,0.2282858,389.5338,-0.08494285,0.3720899,-4.3546,-8.272,-33.9848,-0.01050186,
2,0.98,2,0.231789,389.4505,-0.08544092,0.3686151,-4.3546,-8.272,-33.9848,-0.01050186,
2,0.99,2,0.2321635,389.4764,-0.08553081,0.3684076,-4.3546,-8.272,-33.9848,-0.01050186,
2,1,2,0.2313824,389.4901,-0.08544383,0.3692754,-4.3546,-8.272,-33.9848,-0.01050186,
2,1.01,2,0.2311729,389.4759,-0.08770237,0.37938,-4.3546,-8.272,-33.9848,-0.01050186,
2,1.02,2,0.233989,389.4852,-0.08733218,0.373232,-4.3546,-8.272,-33.9848,-0.01050186,
2,1.03,2,0.232364,389.4536,-0.08735157,0.3759256,-4.36263,-8.272,-33.9875,-0.007801056,
2,1.04,2,0.2311941,389.4581,-0.08835672,0.3821754,-4.36263,-8.272,-33.9875,-0.007801056,
2,1.05,2,0.2302855,389.455,-0.0888528,0.3858375,-4.36263,-8.272,-33.9875,-0.007801056,
2,1.06,2,0.2310841,389.4587,-0.08934537,0.3866357,-4.36263,-8.272,-33.9875,-0.007801056,
2,1.07,2,0.2293597,389.4442,-0.09397461,0.4097259,-4.36263,-8.272,-33.9875,-0.007801056,
2,1.08,2,0.2301222,389.4756,-0.09166542,0.3983337,-4.36263,-8.272,-33.9875,-0.007801056,
2,1.09,2,0.2333243,389.4467,-0.08019108,0.3436893,-4.36263,-8.272,-33.9875,-0.007801056,
2,1.1,2,0.2353791,389.4409,-0.07780763,0.330563,-4.36263,-8.272,-33.9875,-0.007801056,
2,1.11,2,0.2376319,389.4048,-0.07751343,0.3261911,-4.36263,-8.272,-33.9875,-0.007801056,
2,1.12,2,0.2473961,389.3372,-0.07924851,0.3203305,-4.36263,-8.272,-33.9875,-0.007801056,
2,1.13,2,0.2560554,389.2145,-0.08059034,0.3147379,-4.36263,-8.272,-33.9875,-0.007801056,
2,1.14,2,0.2670991,389.0998,-0.08372294,0.3134528,-4.36263,-8.272,-33.9875,-0.007801056,
2,1.15,2,0.2754111,388.9822,-0.0869036,0.3155414,-4.36263,-8.272,-33.9875,-0.007801056,
2,1.16,2,0.284065,388.9427,-0.08928876,0.3143251,-4.36263,-8.272,-33.9875,-0.007801056,
2,1.17,2,0.2876015,388.8728,-0.09113829,0.3168909,-4.36263,-8.272,-33.9875,-0.007801056,
2,1.18,2,0.2872123,388.8812,-0.09125002,0.3177092,-4.36263,-8.272,-33.9875,-0.007801056,
2,1.19,2,0.2886787,388.8691,-0.09196895,0.3185859,-4.36263,-8.272,-33.9875,-0.007801056,
2,1.2,2,0.2873587,388.8895,-0.09362645,0.3258174,-4.36263,-8.272,-33.9875,-0.007801056,
2,1.21,2,0.2858949,388.8315,-0.09299463,0.3252756,-4.36263,-8.272,-33.9875,-0.007801056,
2,1.22,2,0.2872729,388.8881,-0.09644215,0.3357161,-4.36263,-8.272,-33.9875,-0.007801056,
2,1.23,2,0.289248,388.8405,-0.09643264,0.3333908,-4.36263,-8.272,-33.9875,-0.007801056,
2,1.24,2,0.2887723,388.8186,-0.09742758,0.3373854,-4.36263,-8.272,-33.9875,-0.007801056,
2,1.25,2,0.2889365,388.8297,-0.09720187,0.3364126,-4.36263,-8.272,-33.9875,-0.007801056,
2,1.26,2,0.2870564,388.8266,-0.09721301,0.3386548,-4.36263,-8.272,-33.9875,-0.007801056,
2,1.27,2,0.2870364,388.8525,-0.09783595,0.3408486,-4.36263,-8.272,-33.9875,-0.007801056,
2,1.28,2,0.2886847,388.8242,-0.09543679,0.3305918,-4.372,-8.272,-33.9905,-0.004798889,
2,1.29,2,0.2864684,388.8196,-0.09484103,0.3310698,-4.372,-8.272,-33.9905,-0.004798889,
2,1.3,2,0.2880951,388.8287,-0.09582262,0.3326076,-4.372,-8.272,-33.9905,-0.004798889,
2,1.31,2,0.2879038,388.8188,-0.09718022,0.3375441,-4.372,-8.272,-33.9905,-0.004798889,
2,1.32,2,0.2866726,388.7887,-0.09602782,0.3349739,-4.372,-8.272,-33.9905,-0.004798889,
2,1.33,2,0.2877065,388.807,-0.09982257,0.3469598,-4.372,-8.272,-33.9905,-0.004798889,
2,1.34,2,0.2873448,388.83,-0.1000433,0.3481646,-4.372,-8.272,-33.9905,-0.004798889,
2,1.35,2,0.2922044,388.7776,-0.09935826,0.34003,-4.372,-8.272,-33.9905,-0.004798889,
2,1.36,2,0.2984419,388.6968,-0.1010552,0.3386094,-4.372,-8.272,-33.9905,-0.004798889,
2,1.37,2,0.3073843,388.5875,-0.1027168,0.334164,-4.372,-8.272,-33.9905,-0.004798889,
2,1.38,2,0.3229193,388.4699,-0.1045342,0.3237161,-4.372,-8.272,-33.9905,-0.004798889,
2,1.39,2,0.3325898,388.3784,-0.1081584,0.3252005,-4.372,-8.272,-33.9905,-0.004798889,
2,1.4,2,0.3417943,388.2661,-0.1102202,0.3224752,-4.372,-8.272,-33.9905,-0.004798889,
2,1.41,2,0.3469178,388.2569,-0.1150676,0.3316854,-4.372,-8.272,-33.9905,-0.004798889,
2,1.42,2,0.3496143,388.2051,-0.1154153,0.3301218,-4.372,-8.272,-33.9905,-0.004798889,
2,1.43,2,0.3499035,388.1792,-0.1161136,0.3318447,-4.372,-8.272,-33.9905,-0.004798889,
2,1.44,2,0.3517733,388.1518,-0.1143871,0.3251728,-4.372,-8.272,-33.9905,-0.004798889,
2,1.45,2,0.3478745,388.1705,-0.1155552,0.332175,-4.372,-8.272,-33.9905,-0.004798889,
2,1.46,2,0.351384,388.0998,-0.1165382,0.3316548,-4.372,-8.272,-33.9905,-0.004798889,
2,1.47,2,0.3491927,388.1537,-0.1158693,0.3318205,-4.372,-8.272,-33.9905,-0.004798889,
2,1.48,2,0.3492549,388.1565,-0.1148992,0.3289838,-4.372,-8.272,-33.9905,-0.004798889,
2,1.49,2,0.3508818,388.1458,-0.1155457,0.3293009,-4.372,-8.272,-33.9905,-0.004798889,
2,1.5,2,0.3509668,388.1403,-0.1150753,0.3278808,-4.38205,-8.272,-33.994,-0.001300812,
2,1.51,2,0.3509429,388.0888,-0.1153147,0.3285854,-4.38205,-8.272,-33.994,-0.001300812,
2,1.52,2,0.3508695,388.1245,-0.1145618,0.3265082,-4.38205,-8.272,-33.994,-0.001300812,
2,1.53,2,0.349574,388.1313,-0.1163866,0.3329385,-4.38205,-8.272,-33.994,-0.001300812,
2,1.54,2,0.3495515,388.1222,-0.1164547,0.3331546,-4.38205,-8.272,-33.994,-0.001300812,
2,1.55,2,0.3506909,388.115,-0.1163331,0.3317254,-4.38205,-8.272,-33.994,-0.001300812,
2,1.56,2,0.3491742,388.1293,-0.1170291,0.3351595,-4.38205,-8.272,-33.994,-0.001300812,
2,1.57,2,0.3481251,388.1087,-0.1174541,0.3373905,-4.38205,-8.272,-33.994,-0.001300812,
2,1.58,2,0.3514498,388.08,-0.1169126,0.332658,-4.38205,-8.272,-33.994,-0.001300812,
2,1.59,2,0.3532837,388.0562,-0.1172771,0.3319629,-4.38205,-8.272,-33.994,-0.001300812,
2,1.6,2,0.3603563,388.0195,-0.119052,0.3303731,-4.38205,-8.272,-33.994,-0.001300812,
2,1.61,2,0.3713238,387.915,-0.1219491,0.3284172,-4.38205,-8.272,-33.994,-0.001300812,
2,1.62,2,0.3842953,387.7784,-0.1268059,0.3299699,-4.38205,-8.272,-33.994,-0.001300812,
2,1.63,2,0.3980226,387.6372,-0.1290537,0.3242373,-4.38205,-8.272,-33.994,-0.001300812,
2,1.64,2,0.4061982,387.5731,-0.1336905,0.3291262,-4.38205,-8.272,-33.994,-0.001300812,
2,1.65,2,0.4150877,387.4708,-0.1325928,0.3194332,-4.38205,-8.272,-33.994,-0.001300812,
2,1.66,2,0.4188476,387.453,-0.1338234,0.3195038,-4.38205,-8.272,-33.994,-0.001300812,
2,1.67,2,0.4199945,387.4445,-0.1353353,0.3222311,-4.38205,-8.272,-33.994,-0.001300812,
2,1.68,2,0.4219504,387.4359,-0.1350591,0.320083,-4.38205,-8.272,-33.994,-0.001300812,
2,1.69,2,0.4206104,387.4056,-0.1353884,0.3218856,-4.38205,-8.272,-33.994,-0.001300812,
2,1.7,2,0.420877,387.455,-0.138575,0.329253,-4.38205,-8.272,-33.994,-0.001300812,
2,1.71,2,0.420883,387.3726,-0.1393207,0.3310201,-4.38205,-8.272,-33.994,-0.001300812,
2,1.72,2,0.4184927,387.3593,-0.1378289,0.3293461,-4.38205,-8.272,-33.994,-0.001300812,
2,1.73,2,0.4184023,387.3635,-0.1388276,0.3318041,-4.3921,-8.272,-33.9978,0.002498627,
2,1.74,2,0.4165827,387.3514,-0.1397258,0.3354094,-4.3921,-8.272,-33.9978,0.002498627,
2,1.75,2,0.4183027,387.362,-0.1371977,0.3279866,-4.3921,-8.272,-33.9978,0.002498627,
2,1.76,2,0.4191114,387.3454,-0.1397866,0.3335308,-4.3921,-8.272,-33.9978,0.002498627,
2,1.77,2,0.4184771,387.3257,-0.138385,0.3306873,-4.3921,-8.272,-33.9978,0.002498627,
2,1.78,2,0.4184625,387.3354,-0.1366124,0.3264628,-4.3921,-8.272,-33.9978,0.002498627,
2,1.79,2,0.4213277,387.3264,-0.1379185,0.3273425,-4.3921,-8.272,-33.9978,0.002498627,
2,1.8,2,0.4223818,387.2788,-0.1407522,0.3332344,-4.3921,-8.272,-33.9978,0.002498627,
2,1.81,2,0.4308777,387.2168,-0.1424874,0.330691,-4.3921,-8.272,-33.9978,0.002498627,
2,1.82,2,0.4459549,387.1282,-0.1440136,0.3229331,-4.3921,-8.272,-33.9978,0.002498627,
2,1.83,2,0.4581119,386.9711,-0.1499582,0.3273396,-4.3921,-8.272,-33.9978,0.002498627,
2,1.84,2,0.4720322,386.8379,-0.1507737,0.319414,-4.3921,-8.272,-33.9978,0.002498627,
2,1.85,2,0.4827249,386.7286,-0.1535699,0.3181313,-4.3921,-8.272,-33.9978,0.002498627,
2,1.86,2,0.4881893,386.6672,-0.1560031,0.3195545,-4.3921,-8.272,-33.9978,0.002498627,
2,1.87,2,0.4915291,386.6371,-0.1563402,0.318069,-4.3921,-8.272,-33.9978,0.002498627,
2,1.88,2,0.4938338,386.5934,-0.1567903,0.3174962,-4.3921,-8.272,-33.9978,0.002498627,
2,1.89,2,0.4927828,386.5843,-0.1575139,0.3196415,-4.3921,-8.272,-33.9978,0.002498627,
2,1.9,2,0.4895395,386.5415,-0.1575007,0.3217324,-4.3921,-8.272,-33.9978,0.002498627,
2,1.91,2,0.490072,386.5207,-0.1599323,0.3263445,-4.3921,-8.272,-33.9978,0.002498627,
2,1.92,2,0.4914251,386.5019,-0.1587766,0.3230942,-4.3921,-8.272,-33.9978,0.002498627,
2,1.93,2,0.4896751,386.5098,-0.1587951,0.3242867,-4.3921,-8.272,-33.9978,0.002498627,
2,1.94,2,0.4899328,386.4725,-0.160151,0.3268836,-4.3921,-8.272,-33.9978,0.002498627,
2,1.95,2,0.487478,386.4849,-0.1592859,0.326755,-4.3921,-8.272,-33.9978,0.002498627,
2,1.96,2,0.4888294,386.4715,-0.1606034,0.3285469,-4.4008,-8.272,-34.0018,0.006500244,
2,1.97,2,0.4874171,386.4713,-0.1592165,0.3266534,-4.4008,-8.272,-34.0018,0.006500244,
2,1.98,2,0.4897112,386.4515,-0.1601634,0.3270569,-4.4008,-8.272,-34.0018,0.006500244,
2,1.99,2,0.4896582,386.4329,-0.1605533,0.3278885,-4.4008,-8.272,-34.0018,0.006500244,
2,2,2,0.488653,386.4537,-0.1602525,0.3279475,-4.4008,-8.272,-34.0018,0.006500244,
2,2.01,2,0.4881778,386.4601,-0.1604145,0.3285985,-4.4008,-8.272,-34.0018,0.006500244,
2,2.02,2,0.4879727,386.4448,-0.1623657,0.3327353,-4.4008,-8.272,-34.0018,0.006500244,
2,2.03,2,0.4908339,386.4077,-0.1605348,0.3270655,-4.4008,-8.272,-34.0018,0.006500244,
2,2.04,2,0.4943928,386.3945,-0.1605973,0.3248374,-4.4008,-8.272,-34.0018,0.006500244,
2,2.05,2,0.5005922,386.3251,-0.1642905,0.3281924,-4.4008,-8.272,-34.0018,0.006500244,
2,2.06,2,0.5163984,386.2029,-0.1684758,0.3262517,-4.4008,-8.272,-34.0018,0.006500244,
2,2.07,2,0.5290941,386.0906,-0.1679973,0.3175188,-4.4008,-8.272,-34.0018,0.006500244,
2,2.08,2,0.544089,385.9718,-0.1735059,0.3188925,-4.4008,-8.272,-34.0018,0.006500244,
2,2.09,2,0.5551129,385.8416,-0.1782591,0.3211223,-4.4008,-8.272,-34.0018,0.006500244,
2,2.1,2,0.5627626,385.7538,-0.1827346,0.32471,-4.4008,-8.272,-34.0018,0.006500244,
2,2.11,2,0.5694233,385.6968,-0.1847567,0.3244628,-4.4008,-8.272,-34.0018,0.006500244,
2,2.12,2,0.5689547,385.6747,-0.1838184,0.3230808,-4.4008,-8.272,-34.0018,0.006500244,
2,2.13,2,0.5691518,385.6486,-0.1832439,0.3219597,-4.4008,-8.272,-34.0018,0.006500244,
2,2.14,2,0.5691358,385.6445,-0.1834734,0.3223719,-4.4008,-8.272,-34.0018,0.006500244,
2,2.15,2,0.5676603,385.6233,-0.1852052,0.3262606,-4.4008,-8.272,-34.0018,0.006500244,
2,2.16,2,0.5659605,385.6223,-0.1875653,0.3314106,-4.41085,-8.272,-34.0061,0.01079941,
2,2.17,2,0.5678883,385.6036,-0.1848492,0.3255027,-4.41085,-8.272,-34.0061,0.01079941,
2,2.18,2,0.5642121,385.5856,-0.1858048,0.3293173,-4.41085,-8.272,-34.0061,0.01079941,
2,2.19,2,0.5647961,385.5717,-0.1857956,0.3289605,-4.41085,-8.272,-34.0061,0.01079941,
2,2.2,2,0.5668977,385.5755,-0.1861204,0.3283138,-4.41085,-8.272,-34.0061,0.01079941,
2,2.21,2,0.5653574,385.5557,-0.1845236,0.326384,-4.41085,-8.272,-34.0061,0.01079941,
2,2.22,2,0.5677784,385.5734,-0.1861644,0.3278822,-4.41085,-8.272,-34.0061,0.01079941,
2,2.23,2,0.5669142,385.5573,-0.1873594,0.3304899,-4.41085,-8.272,-34.0061,0.01079941,
2,2.24,2,0.5708407,385.5243,-0.1873482,0.3281971,-4.41085,-8.272,-34.0061,0.01079941,
2,2.25,2,0.5713787,385.4756,-0.1905648,0.3335174,-4.41085,-8.272,-34.0061,0.01079941,
2,2.26,2,0.5819631,385.4282,-0.189255,0.325201,-4.41085,-8.272,-34.0061,0.01079941,
2,2.27,2,0.5931846,385.342,-0.1931265,0.3255758,-4.41085,-8.272,-34.0061,0.01079941,
2,2.28,2,0.6096631,385.2035,-0.1972039,0.3234637,-4.41085,-8.272,-34.0061,0.01079941,
2,2.29,2,0.6259217,385.0765,-0.2031087,0.3244954,-4.41085,-8.272,-34.0061,0.01079941,
2,2.3,2,0.6365753,385.0008,-0.2050456,0.3221073,-4.41085,-8.272,-34.0061,0.01079941,
2,2.31,2,0.6448665,384.9331,-0.2057314,0.3190294,-4.41085,-8.272,-34.0061,0.01079941,
2,2.32,2,0.6497952,384.8529,-0.2102934,0.3236302,-4.41085,-8.272,-34.0061,0.01079941,
2,2.33,2,0.6495884,384.8561,-0.2112053,0.3251372,-4.41085,-8.272,-34.0061,0.01079941,
2,2.34,2,0.6502945,384.865,-0.2106656,0.3239541,-4.41085,-8.272,-34.0061,0.01079941,
2,2.35,2,0.6493896,384.8514,-0.2101071,0.3235456,-4.41085,-8.272,-34.0061,0.01079941,
2,2.36,2,0.6501285,384.8245,-0.2091511,0.3217074,-4.41085,-8.272,-34.0061,0.01079941,
2,2.37,2,0.6503575,384.8191,-0.2123151,0.3264591,-4.41085,-8.272,-34.0061,0.01079941,
2,2.38,2,0.6520734,384.8064,-0.2124296,0.3257756,-4.41085,-8.272,-34.0061,0.01079941,
2,2.39,2,0.6505806,384.8065,-0.2116036,0.3252535,-4.41085,-8.272,-34.0061,0.01079941,
2,2.4,2,0.6496032,384.773,-0.2119368,0.3262558,-4.41085,-8.272,-34.0061,0.01079941,
2,2.41,2,0.6479677,384.7957,-0.2106182,0.3250442,-4.41958,-8.272,-34.0105,0.01520157,
2,2.42,2,0.6469952,384.7853,-0.2122371,0.3280351,-4.41958,-8.272,-34.0105,0.01520157,
2,2.43,2,0.6474641,384.7727,-0.2138683,0.3303169,-4.41958,-8.272,-34.0105,0.01520157,
2,2.44,2,0.6500181,384.7507,-0.2132865,0.328124,-4.41958,-8.272,-34.0105,0.01520157,
2,2.45,2,0.6480111,384.759,-0.2152933,0.3322371,-4.41958,-8.272,-34.0105,0.01520157,
2,2.46,2,0.6480311,384.7586,-0.2145469,0.331075,-4.41958,-8.272,-34.0105,0.01520157,
2,2.47,2,0.6470653,384.7492,-0.2123364,0.328153,-4.41958,-8.272,-34.0105,0.01520157,
2,2.48,2,0.6504814,384.7627,-0.213043,0.3275158,-4.41958,-8.272,-34.0105,0.01520157,
2,2.49,2,0.6555428,384.7271,-0.2138241,0.3261787,-4.41958,-8.272,-34.0105,0.01520157,
2,2.5,2,0.6658929,384.6505,-0.2157652,0.3240239,-4.41958,-8.272,-34.0105,0.01520157,
2,2.51,2,0.6765592,384.5375,-0.2204764,0.325879,-4.41958,-8.272,-34.0105,0.01520157,
2,2.52,2,0.6934694,384.4516,-0.2217721,0.3198009,-4.41958,-8.272,-34.0105,0.01520157,
2,2.53,2,0.7076423,384.3559,-0.2279288,0.322096,-4.41958,-8.272,-34.0105,0.01520157,
2,2.54,2,0.7213407,384.2671,-0.2310196,0.3202642,-4.41958,-8.272,-34.0105,0.01520157,
2,2.55,2,0.7284704,384.2065,-0.2316564,0.3180038,-4.41958,-8.272,-34.0105,0.01520157,
2,2.56,2,0.7347546,384.1801,-0.2346273,0.3193274,-4.41958,-8.272,-34.0105,0.01520157,
2,2.57,2,0.7356636,384.1343,-0.2361272,0.3209717,-4.41958,-8.272,-34.0105,0.01520157,
2,2.58,2,0.735978,384.1395,-0.237405,0.3225708,-4.41958,-8.272,-34.0105,0.01520157,
2,2.59,2,0.7370812,384.1121,-0.2385027,0.3235772,-4.41958,-8.272,-34.0105,0.01520157,
2,2.6,2,0.7385386,384.1055,-0.2374754,0.3215476,-4.41958,-8.272,-34.0105,0.01520157,
2,2.61,2,0.7356624,384.1082,-0.2375256,0.3228731,-4.42828,-8.272,-34.015,0.0196991,
2,2.62,2,0.7340596,384.1047,-0.2369347,0.3227731,-4.42828,-8.272,-34.015,0.0196991,
2,2.63,2,0.7342331,384.0758,-0.2384222,0.3247228,-4.42828,-8.272,-34.015,0.0196991,
2,2.64,2,0.7377959,384.0982,-0.2361451,0.3200683,-4.42828,-8.272,-34.015,0.0196991,
2,2.65,2,0.7357109,384.0527,-0.2371643,0.3223607,-4.42828,-8.272,-34.015,0.0196991,
2,2.66,2,0.7321725,384.0474,-0.2398526,0.3275903,-4.42828,-8.272,-34.015,0.0196991,
2,2.67,2,0.7314513,384.0573,-0.2393011,0.3271593,-4.42828,-8.272,-34.015,0.0196991,
2,2.68,2,0.7337296,384.0685,-0.2400237,0.3271282,-4.42828,-8.272,-34.015,0.0196991,
2,2.69,2,0.7383547,384.044,-0.2389312,0.3235995,-4.42828,-8.272,-34.015,0.0196991,
2,2.7,2,0.7403331,383.9775,-0.240386,0.3246998,-4.42828,-8.272,-34.015,0.0196991,
2,2.71,2,0.7527591,383.934,-0.2416389,0.3210042,-4.42828,-8.272,-34.015,0.0196991,
2,2.72,2,0.7687118,383.8389,-0.2449398,0.3186367,-4.42828,-8.272,-34.015,0.0196991,
2,2.73,2,0.784398,383.7384,-0.2490308,0.3174802,-4.42828,-8.272,-34.015,0.0196991,
2,2.74,2,0.7968892,383.6511,-0.2525976,0.3169796,-4.42828,-8.272,-34.015,0.0196991,
2,2.75,2,0.8096994,383.5969,-0.2570704,0.3174887,-4.42828,-8.272,-34.015,0.0196991,
2,2.76,2,0.8206111,383.5223,-0.2583949,0.314881,-4.42828,-8.272,-34.015,0.0196991,
2,2.77,2,0.8237365,383.4775,-0.2618675,0.317902,-4.42828,-8.272,-34.015,0.0196991,
2,2.78,2,0.8260624,383.464,-0.264402,0.3200751,-4.42828,-8.272,-34.015,0.0196991,
2,2.79,2,0.8236818,383.4554,-0.2648011,0.3214846,-4.42828,-8.272,-34.015,0.0196991,
2,2.8,2,0.82196,383.423,-0.2654171,0.3229075,-4.42828,-8.272,-34.015,0.0196991,
2,2.81,2,0.8237715,383.442,-0.266373,0.3233579,-4.42828,-8.272,-34.015,0.0196991,
2,2.82,2,0.8214546,383.4277,-0.2675973,0.3257603,-4.42828,-8.272,-34.015,0.0196991,
2,2.83,2,0.8215543,383.4287,-0.2641417,0.3215146,-4.42828,-8.272,-34.015,0.0196991,
2,2.84,2,0.821928,383.4256,-0.2700381,0.3285422,-4.42828,-8.272,-34.015,0.0196991,
2,2.85,2,0.8247501,383.3929,-0.2642224,0.3203666,-4.43832,-8.272,-34.0196,0.02429962,
2,2.86,2,0.8216015,383.3957,-0.2665762,0.3244592,-4.43832,-8.272,-34.0196,0.02429962,
2,2.87,2,0.8224882,383.4145,-0.2633322,0.3201653,-4.43832,-8.272,-34.0196,0.02429962,
2,2.88,2,0.8234901,383.3741,-0.2680797,0.3255409,-4.43832,-8.272,-34.0196,0.02429962,
2,2.89,2,0.8222482,383.4103,-0.2661317,0.3236634,-4.43832,-8.272,-34.0196,0.02429962,
2,2.9,2,0.8304073,383.3687,-0.2653832,0.319582,-4.43832,-8.272,-34.0196,0.02429962,
2,2.91,2,0.834598,383.3143,-0.2734015,0.3275847,-4.43832,-8.272,-34.0196,0.02429962,
2,2.92,2,0.8443765,383.2481,-0.2773083,0.3284178,-4.43832,-8.272,-34.0196,0.02429962,
2,2.93,2,0.8616153,383.1647,-0.2742555,0.3183038,-4.43832,-8.272,-34.0196,0.02429962,
2,2.94,2,0.8765458,383.0882,-0.2789065,0.3181881,-4.43832,-8.272,-34.0196,0.02429962,
2,2.95,2,0.8905666,382.9949,-0.2809621,0.3154869,-4.43832,-8.272,-34.0196,0.02429962,
2,2.96,2,0.9035468,382.9275,-0.2855089,0.3159869,-4.43832,-8.272,-34.0196,0.02429962,
2,2.97,2,0.9098744,382.8729,-0.2878863,0.3164022,-4.43832,-8.272,-34.0196,0.02429962,
2,2.98,2,0.9137071,382.8392,-0.2873465,0.3144842,-4.43832,-8.272,-34.0196,0.02429962,
2,2.99,2,0.9158376,382.7854,-0.2901266,0.3167882,-4.43832,-8.272,-34.0196,0.02429962,
2,3,2,0.91721,382.8044,-0.2889895,0.3150745,-4.43832,-8.272,-34.0196,0.02429962,
2,3.01,2,0.9171965,382.8103,-0.2899282,0.3161026,-4.43832,-8.272,-34.0196,0.02429962,
2,3.02,2,0.9166477,382.7869,-0.2901897,0.3165771,-4.43832,-8.272,-34.0196,0.02429962,
2,3.03,2,0.9152888,382.7732,-0.2930348,0.3201556,-4.43832,-8.272,-34.0196,0.02429962,
2,3.04,2,0.9156643,382.7711,-0.2921568,0.3190654,-4.43832,-8.272,-34.0196,0.02429962,
2,3.05,2,0.9161302,382.7634,-0.2924548,0.3192284,-4.43832,-8.272,-34.0196,0.02429962,
2,3.06,2,0.9146594,382.7816,-0.2932931,0.3206583,-4.43832,-8.272,-34.0196,0.02429962,
2,3.07,2,0.9165741,382.7423,-0.2920981,0.3186846,-4.44705,-8.272,-34.0242,0.02890015,
2,3.08,2,0.9158663,382.7513,-0.293155,0.3200849,-4.44705,-8.272,-34.0242,0.02890015,
2,3.09,2,0.914254,382.7301,-0.293668,0.3212106,-4.44705,-8.272,-34.0242,0.02890015,
2,3.1,2,0.9155152,382.7435,-0.2925033,0.3194958,-4.44705,-8.272,-34.0242,0.02890015,
2,3.11,2,0.9118575,382.713,-0.2944538,0.3229164,-4.44705,-8.272,-34.0242,0.02890015,
2,3.12,2,0.9132156,382.74,-0.2938009,0.3217213,-4.44705,-8.272,-34.0242,0.02890015,
2,3.13,2,0.913354,382.6631,-0.2962353,0.3243379,-4.44705,-8.272,-34.0242,0.02890015,
2,3.14,2,0.9189082,382.6962,-0.2971786,0.323404,-4.44705,-8.272,-34.0242,0.02890015,
2,3.15,2,0.9261055,382.6663,-0.2978742,0.3216417,-4.44705,-8.272,-34.0242,0.02890015,
2,3.16,2,0.9360081,382.6155,-0.3009115,0.3214839,-4.44705,-8.272,-34.0242,0.02890015,
2,3.17,2,0.9504953,382.5215,-0.3020393,0.3177704,-4.44705,-8.272,-34.0242,0.02890015,
2,3.18,2,0.96733,382.3933,-0.3080269,0.31843,-4.44705,-8.272,-34.0242,0.02890015,
2,3.19,2,0.9810692,382.3351,-0.3121963,0.3182204,-4.44705,-8.272,-34.0242,0.02890015,
2,3.2,2,0.9934504,382.2752,-0.3156669,0.317748,-4.44705,-8.272,-34.0242,0.02890015,
2,3.21,2,1.003732,382.2228,-0.3161193,0.3149439,-4.44705,-8.272,-34.0242,0.02890015,
2,3.22,2,1.006403,382.1933,-0.3176236,0.3156029,-4.44705,-8.272,-34.0242,0.02890015,
2,3.23,2,1.008791,382.2071,-0.3186826,0.3159054,-4.44705,-8.272,-34.0242,0.02890015,
2,3.24,2,1.007888,382.1722,-0.3196861,0.3171841,-4.44705,-8.272,-34.0242,0.02890015,
2,3.25,2,1.010331,382.1344,-0.3224844,0.3191869,-4.44705,-8.272,-34.0242,0.02890015,
2,3.26,2,1.009268,382.151,-0.3218077,0.3188527,-4.44705,-8.272,-34.0242,0.02890015,
2,3.27,2,1.007253,382.1508,-0.3237959,0.3214644,-4.44705,-8.272,-34.0242,0.02890015,
2,3.28,2,1.006948,382.1382,-0.3237852,0.321551,-4.4571,-8.272,-34.0289,0.03359985,
2,3.29,2,1.006445,382.1422,-0.3219374,0.3198758,-4.4571,-8.272,-34.0289,0.03359985,
2,3.3,2,1.007072,382.1083,-0.3247497,0.3224693,-4.4571,-8.272,-34.0289,0.03359985,
2,3.31,2,1.006145,382.1306,-0.3230046,0.3210319,-4.4571,-8.272,-34.0289,0.03359985,
2,3.32,2,1.007495,382.0917,-0.3246851,0.3222697,-4.4571,-8.272,-34.0289,0.03359985,
2,3.33,2,1.005422,382.1125,-0.325554,0.3237984,-4.4571,-8.272,-34.0289,0.03359985,
2,3.34,2,1.009973,382.098,-0.3271314,0.3239013,-4.4571,-8.272,-34.0289,0.03359985,
2,3.35,2,1.011795,382.0993,-0.327819,0.3239973,-4.4571,-8.272,-34.0289,0.03359985,
2,3.36,2,1.020472,382.0322,-0.3310283,0.3243874,-4.4571,-8.272,-34.0289,0.03359985,
2,3.37,2,1.033497,382.0152,-0.3315712,0.3208247,-4.4571,-8.272,-34.0289,0.03359985,
2,3.38,2,1.049982,381.8744,-0.3382945,0.3221906,-4.4571,-8.272,-34.0289,0.03359985,
2,3.39,2,1.063506,381.7906,-0.3420121,0.3215893,-4.4571,-8.272,-34.0289,0.03359985,
2,3.4,2,1.077931,381.7373,-0.346182,0.3211541,-4.4571,-8.272,-34.0289,0.03359985,
2,3.41,2,1.090661,381.6627,-0.3477774,0.3188683,-4.4571,-8.272,-34.0289,0.03359985,
2,3.42,2,1.097611,381.6715,-0.3495917,0.3185024,-4.4571,-8.272,-34.0289,0.03359985,
2,3.43,2,1.10031,381.6088,-0.3501214,0.3182026,-4.4571,-8.272,-34.0289,0.03359985,
2,3.44,2,1.103788,381.595,-0.350625,0.317656,-4.4571,-8.272,-34.0289,0.03359985,
2,3.45,2,1.100992,381.588,-0.3493637,0.3173173,-4.4571,-8.272,-34.0289,0.03359985,
2,3.46,2,1.098413,381.5782,-0.3509431,0.3195002,-4.4571,-8.272,-34.0289,0.03359985,
2,3.47,2,1.101452,381.5495,-0.3543802,0.321739,-4.4571,-8.272,-34.0289,0.03359985,
2,3.48,2,1.098582,381.5563,-0.3508969,0.3194088,-4.4658,-8.272,-34.0335,0.03820038,
2,3.49,2,1.098931,381.5668,-0.354993,0.3230349,-4.4658,-8.272,-34.0335,0.03820038,
2,3.5,2,1.10008,381.5444,-0.3524023,0.3203425,-4.4658,-8.272,-34.0335,0.03820038,
2,3.51,2,1.098288,381.5386,-0.3537763,0.322116,-4.4658,-8.272,-34.0335,0.03820038,
2,3.52,2,1.100873,381.5174,-0.3526196,0.320309,-4.4658,-8.272,-34.0335,0.03820038,
2,3.53,2,1.099775,381.5202,-0.3533174,0.3212635,-4.4658,-8.272,-34.0335,0.03820038,
2,3.54,2,1.103756,381.5395,-0.3583677,0.3246802,-4.4658,-8.272,-34.0335,0.03820038,
2,3.55,2,1.112252,381.4622,-0.3554101,0.3195409,-4.4658,-8.272,-34.0335,0.03820038,
2,3.56,2,1.121146,381.4409,-0.3594007,0.3205654,-4.4658,-8.272,-34.0335,0.03820038,
2,3.57,2,1.138093,381.3408,-0.3621967,0.3182487,-4.4658,-8.272,-34.0335,0.03820038,
2,3.58,2,1.155431,381.2523,-0.3644018,0.3153817,-4.4658,-8.272,-34.0335,0.03820038,
2,3.59,2,1.168432,381.1721,-0.3685665,0.3154368,-4.4658,-8.272,-34.0335,0.03820038,
2,3.6,2,1.180396,381.1346,-0.3750226,0.3177091,-4.4658,-8.272,-34.0335,0.03820038,
2,3.61,2,1.19035,381.0474,-0.3722406,0.3127151,-4.4658,-8.272,-34.0335,0.03820038,
2,3.62,2,1.190266,381.0866,-0.3737712,0.3140231,-4.4658,-8.272,-34.0335,0.03820038,
2,3.63,2,1.193867,381.0546,-0.3772448,0.3159857,-4.4658,-8.272,-34.0335,0.03820038,
2,3.64,2,1.193416,381.0438,-0.3760585,0.315111,-4.4658,-8.272,-34.0335,0.03820038,
2,3.65,2,1.18932,381.0673,-0.377599,0.3174915,-4.4658,-8.272,-34.0335,0.03820038,
2,3.66,2,1.19064,381.0093,-0.3788953,0.3182281,-4.4658,-8.272,-34.0335,0.03820038,
2,3.67,2,1.189968,381.0162,-0.3775313,0.3172618,-4.47382,-8.272,-34.0379,0.04259872,
2,3.68,2,1.190816,381.0287,-0.3769197,0.3165222,-4.47382,-8.272,-34.0379,0.04259872,
2,3.69,2,1.191375,381.0011,-0.3776014,0.3169459,-4.47382,-8.272,-34.0379,0.04259872,
2,3.7,2,1.191123,381.0011,-0.3800677,0.3190834,-4.47382,-8.272,-34.0379,0.04259872,
2,3.71,2,1.189297,381.0047,-0.3805365,0.3199676,-4.47382,-8.272,-34.0379,0.04259872,
2,3.72,2,1.187406,380.9884,-0.3808143,0.3207112,-4.47382,-8.272,-34.0379,0.04259872,
2,3.73,2,1.187066,380.9651,-0.38219,0.3219618,-4.47382,-8.272,-34.0379,0.04259872,
2,3.74,2,1.190153,380.9721,-0.3815481,0.3205875,-4.47382,-8.272,-34.0379,0.04259872,
2,3.75,2,1.193433,380.9823,-0.3854807,0.3230015,-4.47382,-8.272,-34.0379,0.04259872,
2,3.76,2,1.199754,380.93,-0.3834108,0.3195747,-4.47382,-8.272,-34.0379,0.04259872,
2,3.77,2,1.214528,380.8647,-0.3878379,0.3193323,-4.47382,-8.272,-34.0379,0.04259872,
2,3.78,2,1.229662,380.7657,-0.3933444,0.31988,-4.47382,-8.272,-34.0379,0.04259872,
2,3.79,2,1.245467,380.7349,-0.3966624,0.318485,-4.47382,-8.272,-34.0379,0.04259872,
2,3.8,2,1.260282,380.6363,-0.3983967,0.3161172,-4.47382,-8.272,-34.0379,0.04259872,
2,3.81,2,1.269532,380.6128,-0.3983943,0.3138119,-4.47382,-8.272,-34.0379,0.04259872,
2,3.82,2,1.280137,380.5783,-0.4023031,0.3142657,-4.47382,-8.272,-34.0379,0.04259872,
2,3.83,2,1.279074,380.578,-0.4025306,0.3147048,-4.47382,-8.272,-34.0379,0.04259872,
2,3.84,2,1.280392,380.5362,-0.4064085,0.3174095,-4.47382,-8.272,-34.0379,0.04259872,
2,3.85,2,1.280355,380.5792,-0.407716,0.3184398,-4.47382,-8.272,-34.0379,0.04259872,
2,3.86,2,1.280373,380.5077,-0.4105611,0.3206575,-4.47382,-8.272,-34.0379,0.04259872,
2,3.87,2,1.282421,380.4993,-0.4083413,0.3184143,-4.47382,-8.272,-34.0379,0.04259872,
2,3.88,2,1.279206,380.4902,-0.4071235,0.3182626,-4.47382,-8.272,-34.0379,0.04259872,
2,3.89,2,1.279142,380.4922,-0.4074824,0.3185592,-4.47382,-8.272,-34.0379,0.04259872,
2,3.9,2,1.281792,380.4967,-0.4086116,0.3187815,-4.47382,-8.272,-34.0379,0.04259872,
2,3.91,2,1.280112,380.4679,-0.4175036,0.3261461,-4.48255,-8.272,-34.0424,0.04710007,
2,3.92,2,1.279087,380.459,-0.4125377,0.3225251,-4.48255,-8.272,-34.0424,0.04710007,
2,3.93,2,1.281269,380.4723,-0.4105107,0.3203939,-4.48255,-8.272,-34.0424,0.04710007,
2,3.94,2,1.279894,380.4671,-0.4092128,0.319724,-4.48255,-8.272,-34.0424,0.04710007,
2,3.95,2,1.277377,380.4422,-0.4092809,0.3204073,-4.48255,-8.272,-34.0424,0.04710007,
2,3.96,2,1.280375,380.4503,-0.4114393,0.3213427,-4.48255,-8.272,-34.0424,0.04710007,
2,3.97,2,1.277222,380.459,-0.4147519,0.3247298,-4.48255,-8.272,-34.0424,0.04710007,
2,3.98,2,1.279504,380.4439,-0.4125801,0.3224533,-4.48255,-8.272,-34.0424,0.04710007,
2,3.99,2,1.284273,380.4196,-0.4155287,0.3235516,-4.48255,-8.272,-34.0424,0.04710007,
2,4,2,1.291726,380.3768,-0.4147607,0.3210902,-4.48255,-8.272,-34.0424,0.04710007,
2,4.01,2,1.306663,380.3401,-0.4162294,0.3185437,-4.48255,-8.272,-34.0424,0.04710007,
2,4.02,2,1.3231,380.2836,-0.4236759,0.3202146,-4.48255,-8.272,-34.0424,0.04710007,
2,4.03,2,1.3355,380.1945,-0.4267834,0.3195682,-4.48255,-8.272,-34.0424,0.04710007,
2,4.04,2,1.352814,380.1485,-0.4302435,0.318036,-4.48255,-8.272,-34.0424,0.04710007,
2,4.05,2,1.362942,380.0811,-0.4280913,0.3140937,-4.48255,-8.272,-34.0424,0.04710007,
2,4.06,2,1.368718,380.0479,-0.4305098,0.3145351,-4.48255,-8.272,-34.0424,0.04710007,
2,4.07,2,1.371657,380.0181,-0.4331982,0.3158212,-4.48255,-8.272,-34.0424,0.04710007,
2,4.08,2,1.376444,380.0121,-0.4325124,0.3142245,-4.48255,-8.272,-34.0424,0.04710007,
2,4.09,2,1.373927,379.9996,-0.4356562,0.3170884,-4.48255,-8.272,-34.0424,0.04710007,
2,4.1,2,1.375139,379.9993,-0.4357898,0.316906,-4.48255,-8.272,-34.0424,0.04710007,
2,4.11,2,1.372384,379.9709,-0.4420334,0.3220915,-4.48255,-8.272,-34.0424,0.04710007,
2,4.12,2,1.373192,379.9848,-0.4392416,0.319869,-4.4926,-8.272,-34.0469,0.05160141,
2,4.13,2,1.37551,379.9711,-0.4372708,0.3178972,-4.4926,-8.272,-34.0469,0.05160141,
2,4.14,2,1.374239,379.9678,-0.43534,0.3167862,-4.4926,-8.272,-34.0469,0.05160141,
2,4.15,2,1.374089,379.9836,-0.4373919,0.3183141,-4.4926,-8.272,-34.0469,0.05160141,
2,4.16,2,1.374079,379.9696,-0.4399107,0.3201496,-4.4926,-8.272,-34.0469,0.05160141,
2,4.17,2,1.372908,379.952,-0.4363241,0.31781,-4.4926,-8.272,-34.0469,0.05160141,
2,4.18,2,1.372859,379.9382,-0.4363437,0.3178358,-4.4926,-8.272,-34.0469,0.05160141,
2,4.19,2,1.375024,379.9449,-0.4380425,0.3185707,-4.4926,-8.272,-34.0469,0.05160141,
2,4.2,2,1.379644,379.9147,-0.4401964,0.3190653,-4.4926,-8.272,-34.0469,0.05160141,
2,4.21,2,1.386109,379.8676,-0.4430151,0.3196105,-4.4926,-8.272,-34.0469,0.05160141,
2,4.22,2,1.403345,379.8282,-0.4442753,0.316583,-4.4926,-8.272,-34.0469,0.05160141,
2,4.23,2,1.419187,379.7782,-0.4506554,0.3175448,-4.4926,-8.272,-34.0469,0.05160141,
2,4.24,2,1.434991,379.6861,-0.452745,0.3155038,-4.4926,-8.272,-34.0469,0.05160141,
2,4.25,2,1.447625,379.6323,-0.4567567,0.3155214,-4.4926,-8.272,-34.0469,0.05160141,
2,4.26,2,1.458713,379.5873,-0.4592331,0.3148207,-4.4926,-8.272,-34.0469,0.05160141,
2,4.27,2,1.463748,379.5637,-0.4605302,0.3146241,-4.4926,-8.272,-34.0469,0.05160141,
2,4.28,2,1.466258,379.5372,-0.4621705,0.3152041,-4.4926,-8.272,-34.0469,0.05160141,
2,4.29,2,1.467309,379.5421,-0.4608817,0.3140999,-4.4926,-8.272,-34.0469,0.05160141,
2,4.3,2,1.465894,379.5196,-0.4620806,0.315221,-4.4926,-8.272,-34.0469,0.05160141,
2,4.31,2,1.465302,379.5392,-0.4633255,0.316198,-4.4926,-8.272,-34.0469,0.05160141,
2,4.32,2,1.465849,379.5076,-0.4677914,0.3191267,-4.4926,-8.272,-34.0469,0.05160141,
2,4.33,2,1.465933,379.4869,-0.4678099,0.3191209,-4.4926,-8.272,-34.0469,0.05160141,
2,4.34,2,1.467175,379.481,-0.4673454,0.3185342,-4.5013,-8.272,-34.0514,0.05609894,
2,4.35,2,1.46439,379.4921,-0.4674457,0.3192085,-4.5013,-8.272,-34.0514,0.05609894,
2,4.36,2,1.463928,379.4731,-0.4681189,0.3197692,-4.5013,-8.272,-34.0514,0.05609894,
2,4.37,2,1.463879,379.4706,-0.4702109,0.3212088,-4.5013,-8.272,-34.0514,0.05609894,
2,4.38,2,1.464711,379.4615,-0.4678708,0.3194289,-4.5013,-8.272,-34.0514,0.05609894,
2,4.39,2,1.464408,379.4462,-0.4702199,0.3210989,-4.5013,-8.272,-34.0514,0.05609894,
2,4.4,2,1.463556,379.4377,-0.4675845,0.3194853,-4.5013,-8.272,-34.0514,0.05609894,
2,4.41,2,1.466061,379.4502,-0.4664707,0.3181796,-4.5013,-8.272,-34.0514,0.05609894,
2,4.42,2,1.470584,379.4564,-0.4662839,0.3170739,-4.5013,-8.272,-34.0514,0.05609894,
2,4.43,2,1.477505,379.3976,-0.4682812,0.3169406,-4.5013,-8.272,-34.0514,0.05609894,
2,4.44,2,1.487724,379.3544,-0.4720949,0.3173269,-4.5013,-8.272,-34.0514,0.05609894,
2,4.45,2,1.50299,379.3011,-0.4762376,0.31686,-4.5013,-8.272,-34.0514,0.05609894,
2,4.46,2,1.519076,379.2171,-0.478596,0.3150574,-4.5013,-8.272,-34.0514,0.05609894,
2,4.47,2,1.533653,379.1505,-0.4821354,0.3143706,-4.5013,-8.272,-34.0514,0.05609894,
2,4.48,2,1.548332,379.1237,-0.4861389,0.3139759,-4.5013,-8.272,-34.0514,0.05609894,
2,4.49,2,1.555443,379.0985,-0.4883127,0.3139379,-4.5013,-8.272,-34.0514,0.05609894,
2,4.5,2,1.560143,379.0802,-0.4880648,0.3128334,-4.5013,-8.272,-34.0514,0.05609894,
2,4.51,2,1.562036,379.0679,-0.4899606,0.3136678,-4.5013,-8.272,-34.0514,0.05609894,
2,4.52,2,1.558893,379.0549,-0.4906464,0.3147403,-4.5013,-8.272,-34.0514,0.05609894,
2,4.53,2,1.55889,379.0285,-0.4896604,0.3141083,-4.5013,-8.272,-34.0514,0.05609894,
2,4.54,2,1.557858,379.0508,-0.4925393,0.3161644,-4.5013,-8.272,-34.0514,0.05609894,
2,4.55,2,1.556386,379.0071,-0.4932824,0.316941,-4.5013,-8.272,-34.0514,0.05609894,
2,4.56,2,1.557354,379.0211,-0.4922118,0.3160564,-4.5013,-8.272,-34.0514,0.05609894,
2,4.57,2,1.557853,379.0091,-0.4938117,0.3169822,-4.5013,-8.272,-34.0514,0.05609894,
2,4.58,2,1.558295,379.0057,-0.4932771,0.3165491,-4.5013,-8.272,-34.0514,0.05609894,
2,4.59,2,1.557057,378.9741,-0.4952652,0.3180777,-4.51067,-8.272,-34.0558,0.0605011,
2,4.6,2,1.554648,378.9957,-0.4961026,0.3191093,-4.51067,-8.272,-34.0558,0.0605011,
2,4.61,2,1.554401,378.989,-0.4942389,0.3179611,-4.51067,-8.272,-34.0558,0.0605011,
2,4.62,2,1.556839,378.9934,-0.4950928,0.3180117,-4.51067,-8.272,-34.0558,0.0605011,
2,4.63,2,1.556897,378.9957,-0.4939608,0.3172726,-4.51067,-8.272,-34.0558,0.0605011,
2,4.64,2,1.554792,378.9813,-0.4958579,0.3189223,-4.51067,-8.272,-34.0558,0.0605011,
2,4.65,2,1.556534,378.9695,-0.4958507,0.3185609,-4.51067,-8.272,-34.0558,0.0605011,
2,4.66,2,1.561098,378.9267,-0.4976107,0.3187569,-4.51067,-8.272,-34.0558,0.0605011,
2,4.67,2,1.569103,378.912,-0.4986595,0.317799,-4.51067,-8.272,-34.0558,0.0605011,
2,4.68,2,1.578491,378.8925,-0.5011525,0.3174884,-4.51067,-8.272,-34.0558,0.0605011,
2,4.69,2,1.593792,378.8193,-0.5045521,0.3165733,-4.51067,-8.272,-34.0558,0.0605011,
2,4.7,2,1.61394,378.7448,-0.5074704,0.3144295,-4.51067,-8.272,-34.0558,0.0605011,
2,4.71,2,1.625086,378.6969,-0.5134104,0.315928,-4.51067,-8.272,-34.0558,0.0605011,
2,4.72,2,1.639472,378.6423,-0.5141054,0.3135798,-4.51067,-8.272,-34.0558,0.0605011,
2,4.73,2,1.646616,378.6282,-0.5175914,0.3143365,-4.51067,-8.272,-34.0558,0.0605011,
2,4.74,2,1.650084,378.5873,-0.5193568,0.3147457,-4.51067,-8.272,-34.0558,0.0605011,
2,4.75,2,1.654256,378.5772,-0.5196547,0.314132,-4.51067,-8.272,-34.0558,0.0605011,
2,4.76,2,1.652323,378.586,-0.5192353,0.3142456,-4.51067,-8.272,-34.0558,0.0605011,
2,4.77,2,1.651977,378.5669,-0.5189198,0.3141204,-4.51067,-8.272,-34.0558,0.0605011,
2,4.78,2,1.652472,378.531,-0.5198303,0.3145773,-4.51067,-8.272,-34.0558,0.0605011,
2,4.79,2,1.650348,378.5706,-0.5199187,0.3150359,-4.51067,-8.272,-34.0558,0.0605011,
2,4.8,2,1.65184,378.5163,-0.521934,0.3159713,-4.51067,-8.272,-34.0558,0.0605011,
2,4.81,2,1.652565,378.5191,-0.5219743,0.315857,-4.51067,-8.272,-34.0558,0.0605011,
2,4.82,2,1.651268,378.5192,-0.5246535,0.3177277,-4.52072,-8.272,-34.0604,0.06509781,
2,4.83,2,1.652261,378.5192,-0.5264658,0.3186336,-4.52072,-8.272,-34.0604,0.06509781,
2,4.84,2,1.649966,378.5169,-0.5285134,0.3203178,-4.52072,-8.272,-34.0604,0.06509781,
2,4.85,2,1.6467,378.4966,-0.5347978,0.3247694,-4.52072,-8.272,-34.0604,0.06509781,
2,4.86,2,1.648512,378.4968,-0.5365657,0.3254849,-4.52072,-8.272,-34.0604,0.06509781,
2,4.87,2,1.649184,378.4926,-0.5292059,0.3208895,-4.52072,-8.272,-34.0604,0.06509781,
2,4.88,2,1.647753,378.4804,-0.5264255,0.3194809,-4.52072,-8.272,-34.0604,0.06509781,
2,4.89,2,1.650965,378.4798,-0.5258597,0.3185166,-4.52072,-8.272,-34.0604,0.06509781,
2,4.9,2,1.652583,378.4969,-0.5280409,0.3195246,-4.52072,-8.272,-34.0604,0.06509781,
2,4.91,2,1.662369,378.4441,-0.5290674,0.318261,-4.52072,-8.272,-34.0604,0.06509781,
2,4.92,2,1.671345,378.3895,-0.5342129,0.3196304,-4.52072,-8.272,-34.0604,0.06509781,
2,4.93,2,1.688456,378.3408,-0.5361534,0.3175406,-4.52072,-8.272,-34.0604,0.06509781,
2,4.94,2,1.703738,378.2782,-0.5390016,0.3163641,-4.52072,-8.272,-34.0604,0.06509781,
2,4.95,2,1.719981,378.2154,-0.5437205,0.3161201,-4.52072,-8.272,-34.0604,0.06509781,
2,4.96,2,1.7323,378.1926,-0.5466981,0.3155908,-4.52072,-8.272,-34.0604,0.06509781,
2,4.97,2,1.740662,378.1317,-0.5486434,0.3151923,-4.52072,-8.272,-34.0604,0.06509781,
2,4.98,2,1.744902,378.1295,-0.5502953,0.3153732,-4.52072,-8.272,-34.0604,0.06509781,
2,4.99,2,1.745373,378.103,-0.5510769,0.3157359,-4.52072,-8.272,-34.0604,0.06509781,
2,5,2,1.748532,378.0911,-0.5484832,0.3136821,-4.52072,-8.272,-34.0604,0.06509781,
2,5.01,2,1.744281,378.0844,-0.5522412,0.3166011,-4.52072,-8.272,-34.0604,0.06509781,
2,5.02,2,1.747824,378.104,-0.5541325,0.3170414,-4.52072,-8.272,-34.0604,0.06509781,
2,5.03,2,1.746033,378.0517,-0.5542475,0.3174324,-4.53078,-8.272,-34.065,0.06969833,
2,5.04,2,1.743453,378.0861,-0.5548894,0.3182704,-4.53078,-8.272,-34.065,0.06969833,
2,5.05,2,1.745861,378.0498,-0.5565004,0.3187541,-4.53078,-8.272,-34.065,0.06969833,
2,5.06,2,1.744593,378.0386,-0.5568225,0.3191705,-4.53078,-8.272,-34.065,0.06969833,
2,5.07,2,1.745276,378.0342,-0.5582029,0.3198364,-4.53078,-8.272,-34.065,0.06969833,
2,5.08,2,1.74565,378.0293,-0.5555056,0.3182227,-4.53078,-8.272,-34.065,0.06969833,
2,5.09,2,1.743326,378.0507,-0.553476,0.3174828,-4.53078,-8.272,-34.065,0.06969833,
2,5.1,2,1.747247,378.0356,-0.5526718,0.31631,-4.53078,-8.272,-34.065,0.06969833,
2,5.11,2,1.748942,378.0016,-0.5530512,0.3162204,-4.53078,-8.272,-34.065,0.06969833,
2,5.12,2,1.759452,377.9839,-0.5558547,0.3159249,-4.53078,-8.272,-34.065,0.06969833,
2,5.13,2,1.772224,377.9295,-0.5573617,0.3144984,-4.53078,-8.272,-34.065,0.06969833,
2,5.14,2,1.787425,377.8338,-0.560465,0.31356,-4.53078,-8.272,-34.065,0.06969833,
2,5.15,2,1.803528,377.7875,-0.562655,0.3119747,-4.53078,-8.272,-34.065,0.06969833,
2,5.16,2,1.81935,377.7741,-0.568052,0.312228,-4.53078,-8.272,-34.065,0.06969833,
2,5.17,2,1.831215,377.7041,-0.571878,0.3122943,-4.53078,-8.272,-34.065,0.06969833,
2,5.18,2,1.836063,377.6826,-0.577082,0.3143041,-4.53078,-8.272,-34.065,0.06969833,
2,5.19,2,1.84039,377.6594,-0.5777563,0.3139314,-4.53078,-8.272,-34.065,0.06969833,
2,5.2,2,1.843302,377.6429,-0.577563,0.3133306,-4.53078,-8.272,-34.065,0.06969833,
2,5.21,2,1.841844,377.6612,-0.5783751,0.3140196,-4.53078,-8.272,-34.065,0.06969833,
2,5.22,2,1.840967,377.62,-0.5775968,0.3137465,-4.53885,-8.272,-34.0695,0.07419968,
2,5.23,2,1.840164,377.6302,-0.5786386,0.3144494,-4.53885,-8.272,-34.0695,0.07419968,
2,5.24,2,1.839472,377.6033,-0.5774802,0.3139381,-4.53885,-8.272,-34.0695,0.07419968,
2,5.25,2,1.838202,377.6033,-0.577428,0.3141265,-4.53885,-8.272,-34.0695,0.07419968,
2,5.26,2,1.839228,377.588,-0.5796485,0.3151585,-4.53885,-8.272,-34.0695,0.07419968,
2,5.27,2,1.839252,377.6052,-0.5799064,0.3152947,-4.53885,-8.272,-34.0695,0.07419968,
2,5.28,2,1.84011,377.532,-0.5812205,0.3158619,-4.53885,-8.272,-34.0695,0.07419968,
2,5.29,2,1.840577,377.5772,-0.5804478,0.3153619,-4.53885,-8.272,-34.0695,0.07419968,
2,5.3,2,1.843808,377.5735,-0.5841597,0.3168224,-4.53885,-8.272,-34.0695,0.07419968,
2,5.31,2,1.850945,377.542,-0.5868105,0.317033,-4.53885,-8.272,-34.0695,0.07419968,
2,5.32,2,1.863904,377.4962,-0.5863572,0.3145856,-4.53885,-8.272,-34.0695,0.07419968,
2,5.33,2,1.876425,377.3981,-0.5915308,0.3152435,-4.53885,-8.272,-34.0695,0.07419968,
2,5.34,2,1.894714,377.3727,-0.5930259,0.3129897,-4.53885,-8.272,-34.0695,0.07419968,
2,5.35,2,1.908918,377.3257,-0.5964556,0.3124574,-4.53885,-8.272,-34.0695,0.07419968,
2,5.36,2,1.918495,377.2748,-0.5982999,0.311859,-4.53885,-8.272,-34.0695,0.07419968,
2,5.37,2,1.928054,377.2462,-0.6004015,0.3114029,-4.53885,-8.272,-34.0695,0.07419968,
2,5.38,2,1.93024,377.2497,-0.6028547,0.3123212,-4.53885,-8.272,-34.0695,0.07419968,
2,5.39,2,1.935443,377.2148,-0.6013374,0.3106975,-4.53885,-8.272,-34.0695,0.07419968,
2,5.4,2,1.934788,377.1923,-0.6147078,0.3177134,-4.53885,-8.272,-34.0695,0.07419968,
2,5.41,2,1.929102,377.1938,-0.618279,0.3205009,-4.53885,-8.272,-34.0695,0.07419968,
2,5.42,2,1.930768,377.1906,-0.6180544,0.3201081,-4.53885,-8.272,-34.0695,0.07419968,
2,5.43,2,1.931686,377.185,-0.6178071,0.3198279,-4.53885,-8.272,-34.0695,0.07419968,
2,5.44,2,1.928863,377.1792,-0.6177503,0.3202666,-4.54688,-8.272,-34.0739,0.07859802,
2,5.45,2,1.928593,377.1399,-0.6204067,0.3216887,-4.54688,-8.272,-34.0739,0.07859802,
2,5.46,2,1.928795,377.152,-0.6176847,0.3202438,-4.54688,-8.272,-34.0739,0.07859802,
2,5.47,2,1.928269,377.127,-0.6176198,0.3202974,-4.54688,-8.272,-34.0739,0.07859802,
2,5.48,2,1.92756,377.1483,-0.6177171,0.3204658,-4.54688,-8.272,-34.0739,0.07859802,
2,5.49,2,1.927271,377.1483,-0.619035,0.3211977,-4.54688,-8.272,-34.0739,0.07859802,
2,5.5,2,1.927986,377.1595,-0.620234,0.3217005,-4.54688,-8.272,-34.0739,0.07859802,
2,5.51,2,1.930385,377.1191,-0.620784,0.3215856,-4.54688,-8.272,-34.0739,0.07859802,
2,5.52,2,1.939679,377.121,-0.6236501,0.3215223,-4.54688,-8.272,-34.0739,0.07859802,
2,5.53,2,1.953372,377.037,-0.6285758,0.32179,-4.54688,-8.272,-34.0739,0.07859802,
2,5.54,2,1.967382,376.9533,-0.6317539,0.321114,-4.54688,-8.272,-34.0739,0.07859802,
2,5.55,2,1.984372,376.9084,-0.6362479,0.3206293,-4.54688,-8.272,-34.0739,0.07859802,
2,5.56,2,2.0001,376.8685,-0.6368175,0.3183928,-4.54688,-8.272,-34.0739,0.07859802,
2,5.57,2,2.010411,376.87,-0.6412186,0.318949,-4.54688,-8.272,-34.0739,0.07859802,
2,5.58,2,2.014711,376.7962,-0.6406355,0.3179789,-4.54688,-8.272,-34.0739,0.07859802,
2,5.59,2,2.021883,376.7814,-0.6412919,0.3171756,-4.54688,-8.272,-34.0739,0.07859802,
2,5.6,2,2.022077,376.7769,-0.6410096,0.3170055,-4.54688,-8.272,-34.0739,0.07859802,
2,5.61,2,2.020655,376.756,-0.6443421,0.3188779,-4.54688,-8.272,-34.0739,0.07859802,
2,5.62,2,2.021519,376.7338,-0.6429651,0.3180603,-4.54688,-8.272,-34.0739,0.07859802,
2,5.63,2,2.020946,376.7496,-0.6409632,0.31716,-4.54688,-8.272,-34.0739,0.07859802,
2,5.64,2,2.019886,376.7519,-0.6451898,0.3194189,-4.54688,-8.272,-34.0739,0.07859802,
2,5.65,2,2.019677,376.725,-0.6451024,0.3194087,-4.55625,-8.272,-34.0783,0.08300018,
2,5.66,2,2.020711,376.7209,-0.6459765,0.3196778,-4.55625,-8.272,-34.0783,0.08300018,
2,5.67,2,2.019146,376.7104,-0.6473057,0.320584,-4.55625,-8.272,-34.0783,0.08300018,
2,5.68,2,2.019484,376.7084,-0.647745,0.3207478,-4.55625,-8.272,-34.0783,0.08300018,
2,5.69,2,2.018943,376.7277,-0.6487638,0.3213384,-4.55625,-8.272,-34.0783,0.08300018,
2,5.7,2,2.017882,376.6928,-0.6454223,0.3198513,-4.55625,-8.272,-34.0783,0.08300018,
2,5.71,2,2.021021,376.696,-0.6461582,0.3197187,-4.55625,-8.272,-34.0783,0.08300018,
2,5.72,2,2.026408,376.6638,-0.6440945,0.3178504,-4.55625,-8.272,-34.0783,0.08300018,
2,5.73,2,2.032888,376.6188,-0.6472015,0.3183655,-4.55625,-8.272,-34.0783,0.08300018,
2,5.74,2,2.047891,376.5719,-0.6512341,0.3180024,-4.55625,-8.272,-34.0783,0.08300018,
2,5.75,2,2.065089,376.5188,-0.6551051,0.3172285,-4.55625,-8.272,-34.0783,0.08300018,
2,5.76,2,2.078807,376.4475,-0.6600432,0.3175106,-4.55625,-8.272,-34.0783,0.08300018,
2,5.77,2,2.093926,376.409,-0.664729,0.3174559,-4.55625,-8.272,-34.0783,0.08300018,
2,5.78,2,2.102519,376.3767,-0.669314,0.3183391,-4.55625,-8.272,-34.0783,0.08300018,
2,5.79,2,2.106554,376.3633,-0.6710008,0.3185301,-4.55625,-8.272,-34.0783,0.08300018,
2,5.8,2,2.109613,376.3424,-0.6716216,0.3183625,-4.55625,-8.272,-34.0783,0.08300018,
2,5.81,2,2.110671,376.3178,-0.6694912,0.3171936,-4.55625,-8.272,-34.0783,0.08300018,
2,5.82,2,2.107606,376.3235,-0.6698042,0.3178033,-4.55625,-8.272,-34.0783,0.08300018,
2,5.83,2,2.107863,376.3306,-0.6719716,0.3187928,-4.55625,-8.272,-34.0783,0.08300018,
2,5.84,2,2.109825,376.3036,-0.6697541,0.3174454,-4.55625,-8.272,-34.0783,0.08300018,
2,5.85,2,2.107711,376.2876,-0.6690567,0.3174328,-4.55625,-8.272,-34.0783,0.08300018,
2,5.86,2,2.108421,376.2961,-0.6722165,0.3188246,-4.56495,-8.272,-34.0826,0.08729935,
2,5.87,2,2.107549,376.274,-0.6719946,0.3188513,-4.56495,-8.272,-34.0826,0.08729935,
2,5.88,2,2.108093,376.2517,-0.674509,0.3199617,-4.56495,-8.272,-34.0826,0.08729935,
2,5.89,2,2.105921,376.2672,-0.6724127,0.3192963,-4.56495,-8.272,-34.0826,0.08729935,
2,5.9,2,2.106319,376.2815,-0.6732057,0.3196123,-4.56495,-8.272,-34.0826,0.08729935,
2,5.91,2,2.10469,376.2549,-0.6771701,0.3217434,-4.56495,-8.272,-34.0826,0.08729935,
2,5.92,2,2.106719,376.2429,-0.6765016,0.3211162,-4.56495,-8.272,-34.0826,0.08729935,
2,5.93,2,2.104756,376.2273,-0.6738269,0.3201448,-4.56495,-8.272,-34.0826,0.08729935,
2,5.94,2,2.111609,376.2283,-0.6732988,0.3188557,-4.56495,-8.272,-34.0826,0.08729935,
2,5.95,2,2.117039,376.1913,-0.6780446,0.3202797,-4.56495,-8.272,-34.0826,0.08729935,
2,5.96,2,2.130319,376.1573,-0.6784567,0.3184766,-4.56495,-8.272,-34.0826,0.08729935,
2,5.97,2,2.147532,376.1076,-0.6803133,0.3167885,-4.56495,-8.272,-34.0826,0.08729935,
2,5.98,2,2.162874,376.0617,-0.6864063,0.3173585,-4.56495,-8.272,-34.0826,0.08729935,
2,5.99,2,2.178026,375.9976,-0.6930487,0.3182004,-4.56495,-8.272,-34.0826,0.08729935,
2,6,2,2.190857,375.9735,-0.6947187,0.3170991,-4.56495,-8.272,-34.0826,0.08729935,
2,6.01,2,2.198632,375.914,-0.6936308,0.3154829,-4.56495,-8.272,-34.0826,0.08729935,
2,6.02,2,2.200915,375.904,-0.6982769,0.3172667,-4.56495,-8.272,-34.0826,0.08729935,
2,6.03,2,2.200453,375.8839,-0.701108,0.3186199,-4.56495,-8.272,-34.0826,0.08729935,
2,6.04,2,2.203202,375.8946,-0.6956645,0.3157516,-4.56495,-8.272,-34.0826,0.08729935,
2,6.05,2,2.201184,375.9007,-0.6969159,0.3166095,-4.56495,-8.272,-34.0826,0.08729935,
2,6.06,2,2.199977,375.8577,-0.6967936,0.3167276,-4.56495,-8.272,-34.0826,0.08729935,
2,6.07,2,2.199931,375.8481,-0.6967211,0.3167014,-4.56495,-8.272,-34.0826,0.08729935,
2,6.08,2,2.202688,375.843,-0.6939713,0.3150566,-4.56495,-8.272,-34.0826,0.08729935,
2,6.09,2,2.200995,375.8453,-0.6958044,0.3161317,-4.56495,-8.272,-34.0826,0.08729935,
2,6.1,2,2.199512,375.8372,-0.6982469,0.3174553,-4.56495,-8.272,-34.0826,0.08729935,
2,6.11,2,2.198632,375.8285,-0.7014652,0.3190463,-4.57433,-8.272,-34.087,0.09170151,
2,6.12,2,2.198352,375.834,-0.7042382,0.3203483,-4.57433,-8.272,-34.087,0.09170151,
2,6.13,2,2.19824,375.815,-0.7045432,0.3205034,-4.57433,-8.272,-34.087,0.09170151,
2,6.14,2,2.20101,375.797,-0.704028,0.3198659,-4.57433,-8.272,-34.087,0.09170151,
2,6.15,2,2.198094,375.7984,-0.7011523,0.3189819,-4.57433,-8.272,-34.087,0.09170151,
2,6.16,2,2.201362,375.8071,-0.6999205,0.3179489,-4.57433,-8.272,-34.087,0.09170151,
2,6.17,2,2.200149,375.8088,-0.701921,0.3190334,-4.57433,-8.272,-34.087,0.09170151,
2,6.18,2,2.204176,375.7759,-0.7039187,0.3193569,-4.57433,-8.272,-34.087,0.09170151,
2,6.19,2,2.211464,375.7551,-0.7036415,0.3181791,-4.57433,-8.272,-34.087,0.09170151,
2,6.2,2,2.222651,375.6934,-0.7058423,0.3175677,-4.57433,-8.272,-34.087,0.09170151,
2,6.21,2,2.242438,375.6586,-0.7080323,0.3157422,-4.57433,-8.272,-34.087,0.09170151,
2,6.22,2,2.255227,375.5812,-0.7135702,0.3164073,-4.57433,-8.272,-34.087,0.09170151,
2,6.23,2,2.271293,375.5431,-0.7159374,0.3152114,-4.57433,-8.272,-34.087,0.09170151,
2,6.24,2,2.285209,375.5107,-0.7213809,0.315674,-4.57433,-8.272,-34.087,0.09170151,
2,6.25,2,2.289643,375.4557,-0.7255663,0.3168906,-4.57433,-8.272,-34.087,0.09170151,
2,6.26,2,2.293166,375.4305,-0.7229388,0.3152579,-4.57433,-8.272,-34.087,0.09170151,
2,6.27,2,2.29458,375.454,-0.723668,0.3153815,-4.57433,-8.272,-34.087,0.09170151,
2,6.28,2,2.295091,375.4195,-0.7226197,0.3148545,-4.57433,-8.272,-34.087,0.09170151,
2,6.29,2,2.295613,375.4079,-0.7237708,0.3152843,-4.57433,-8.272,-34.087,0.09170151,
2,6.3,2,2.295382,375.4283,-0.7227294,0.3148624,-4.57433,-8.272,-34.087,0.09170151,
2,6.31,2,2.293024,375.4117,-0.72449,0.315954,-4.57433,-8.272,-34.087,0.09170151,
2,6.32,2,2.294066,375.4039,-0.7228318,0.3150876,-4.57433,-8.272,-34.087,0.09170151,
2,6.33,2,2.294984,375.3709,-0.7227795,0.3149387,-4.57433,-8.272,-34.087,0.09170151,
2,6.34,2,2.293578,375.3813,-0.72494,0.3160739,-4.58437,-8.272,-34.0914,0.09609985,
2,6.35,2,2.293781,375.3714,-0.7269636,0.3169281,-4.58437,-8.272,-34.0914,0.09609985,
2,6.36,2,2.292522,375.3573,-0.7275609,0.3173627,-4.58437,-8.272,-34.0914,0.09609985,
2,6.37,2,2.294019,375.3577,-0.7274889,0.3171242,-4.58437,-8.272,-34.0914,0.09609985,
2,6.38,2,2.293715,375.3778,-0.7281297,0.3174456,-4.58437,-8.272,-34.0914,0.09609985,
2,6.39,2,2.291526,375.3394,-0.728817,0.3180488,-4.58437,-8.272,-34.0914,0.09609985,
2,6.4,2,2.292098,375.3408,-0.7289176,0.3180133,-4.58437,-8.272,-34.0914,0.09609985,
2,6.41,2,2.293185,375.3417,-0.7286168,0.3177313,-4.58437,-8.272,-34.0914,0.09609985,
2,6.42,2,2.298486,375.3274,-0.7264701,0.3160645,-4.58437,-8.272,-34.0914,0.09609985,
2,6.43,2,2.304227,375.287,-0.7284455,0.3161344,-4.58437,-8.272,-34.0914,0.09609985,
2,6.44,2,2.316094,375.2593,-0.7298687,0.3151292,-4.58437,-8.272,-34.0914,0.09609985,
2,6.45,2,2.332602,375.1871,-0.7360442,0.3155465,-4.58437,-8.272,-34.0914,0.09609985,
2,6.46,2,2.346904,375.1554,-0.7402515,0.3154162,-4.58437,-8.272,-34.0914,0.09609985,
2,6.47,2,2.361999,375.0838,-0.7451679,0.3154818,-4.58437,-8.272,-34.0914,0.09609985,
2,6.48,2,2.377235,375.0347,-0.7481361,0.3147085,-4.58437,-8.272,-34.0914,0.09609985,
2,6.49,2,2.38307,375.0229,-0.7496896,0.3145899,-4.58437,-8.272,-34.0914,0.09609985,
2,6.5,2,2.385029,375.0274,-0.7526641,0.3155786,-4.58437,-8.272,-34.0914,0.09609985,
2,6.51,2,2.388805,374.9943,-0.7537036,0.315515,-4.58437,-8.272,-34.0914,0.09609985,
2,6.52,2,2.390371,374.9724,-0.7526468,0.3148661,-4.58437,-8.272,-34.0914,0.09609985,
2,6.53,2,2.389882,374.9673,-0.7525259,0.31488,-4.58437,-8.272,-34.0914,0.09609985,
2,6.54,2,2.390862,374.9506,-0.7514541,0.3143026,-4.58437,-8.272,-34.0914,0.09609985,
2,6.55,2,2.388547,374.947,-0.7532366,0.3153535,-4.59443,-8.272,-34.0959,0.1006012,
2,6.56,2,2.388838,374.9446,-0.7511812,0.3144547,-4.59443,-8.272,-34.0959,0.1006012,
2,6.57,2,2.388282,374.9562,-0.753301,0.3154154,-4.59443,-8.272,-34.0959,0.1006012,
2,6.58,2,2.387527,374.9385,-0.7517719,0.3148748,-4.59443,-8.272,-34.0959,0.1006012,
2,6.59,2,2.387154,374.9117,-0.7533196,0.3155722,-4.59443,-8.272,-34.0959,0.1006012,
2,6.6,2,2.387655,374.9221,-0.7568001,0.3169638,-4.59443,-8.272,-34.0959,0.1006012,
2,6.61,2,2.385153,374.9177,-0.7571397,0.3174386,-4.59443,-8.272,-34.0959,0.1006012,
2,6.62,2,2.386158,374.8833,-0.7573351,0.3173868,-4.59443,-8.272,-34.0959,0.1006012,
2,6.63,2,2.390393,374.8807,-0.7562842,0.3163849,-4.59443,-8.272,-34.0959,0.1006012,
2,6.64,2,2.39948,374.8558,-0.7605503,0.3169646,-4.59443,-8.272,-34.0959,0.1006012,
2,6.65,2,2.41221,374.8242,-0.7605705,0.3153003,-4.59443,-8.272,-34.0959,0.1006012,
2,6.66,2,2.431607,374.7587,-0.7604288,0.3127269,-4.59443,-8.272,-34.0959,0.1006012,
2,6.67,2,2.444981,374.7026,-0.7656924,0.313169,-4.59443,-8.272,-34.0959,0.1006012,
2,6.68,2,2.461584,374.6515,-0.7706757,0.3130813,-4.59443,-8.272,-34.0959,0.1006012,
2,6.69,2,2.47195,374.644,-0.7732508,0.3128101,-4.59443,-8.272,-34.0959,0.1006012,
2,6.7,2,2.477887,374.5723,-0.7753905,0.3129241,-4.59443,-8.272,-34.0959,0.1006012,
2,6.71,2,2.483983,374.5845,-0.7761448,0.3124598,-4.59443,-8.272,-34.0959,0.1006012,
2,6.72,2,2.483452,374.5725,-0.7769057,0.312833,-4.59443,-8.272,-34.0959,0.1006012,
2,6.73,2,2.481734,374.5421,-0.7807424,0.3145956,-4.59443,-8.272,-34.0959,0.1006012,
2,6.74,2,2.482462,374.5254,-0.7794504,0.3139828,-4.59443,-8.272,-34.0959,0.1006012,
2,6.75,2,2.480081,374.5298,-0.7825335,0.3155274,-4.59443,-8.272,-34.0959,0.1006012,
2,6.76,2,2.482416,374.5356,-0.782778,0.315329,-4.59443,-8.272,-34.0959,0.1006012,
2,6.77,2,2.482357,374.5445,-0.7805106,0.3144231,-4.59443,-8.272,-34.0959,0.1006012,
2,6.78,2,2.481119,374.5075,-0.7815033,0.3149802,-4.59443,-8.272,-34.0959,0.1006012,
2,6.79,2,2.48091,374.5125,-0.7813308,0.3149372,-4.60315,-8.272,-34.1004,0.1050987,
2,6.8,2,2.480567,374.5012,-0.7790799,0.3140733,-4.60315,-8.272,-34.1004,0.1050987,
2,6.81,2,2.479112,374.4642,-0.7812709,0.3151414,-4.60315,-8.272,-34.1004,0.1050987,
2,6.82,2,2.48029,374.47,-0.7805189,0.3146885,-4.60315,-8.272,-34.1004,0.1050987,
2,6.83,2,2.478135,374.4801,-0.78334,0.3161006,-4.60315,-8.272,-34.1004,0.1050987,
2,6.84,2,2.480146,374.4849,-0.7857519,0.3168167,-4.60315,-8.272,-34.1004,0.1050987,
2,6.85,2,2.479093,374.4445,-0.7848581,0.3165908,-4.60315,-8.272,-34.1004,0.1050987,
2,6.86,2,2.47803,374.4602,-0.7867538,0.3174916,-4.60315,-8.272,-34.1004,0.1050987,
2,6.87,2,2.483673,374.4336,-0.7849947,0.3160621,-4.60315,-8.272,-34.1004,0.1050987,
2,6.88,2,2.492194,374.4392,-0.7890927,0.3166257,-4.60315,-8.272,-34.1004,0.1050987,
2,6.89,2,2.505508,374.3538,-0.790982,0.3156973,-4.60315,-8.272,-34.1004,0.1050987,
2,6.9,2,2.522575,374.3172,-0.7939813,0.3147503,-4.60315,-8.272,-34.1004,0.1050987,
2,6.91,2,2.535466,374.2611,-0.7961976,0.3140242,-4.60315,-8.272,-34.1004,0.1050987,
2,6.92,2,2.554233,374.2063,-0.798796,0.3127342,-4.60315,-8.272,-34.1004,0.1050987,
2,6.93,2,2.564355,374.1505,-0.803467,0.3133213,-4.60315,-8.272,-34.1004,0.1050987,
2,6.94,2,2.570038,374.1578,-0.8072636,0.3141057,-4.60315,-8.272,-34.1004,0.1050987,
2,6.95,2,2.575397,374.0912,-0.8089635,0.3141122,-4.60315,-8.272,-34.1004,0.1050987,
2,6.96,2,2.575391,374.1013,-0.812307,0.3154112,-4.60315,-8.272,-34.1004,0.1050987,
2,6.97,2,2.573733,374.1039,-0.8106534,0.3149718,-4.60315,-8.272,-34.1004,0.1050987,
2,6.98,2,2.574224,374.1223,-0.8123436,0.3155683,-4.60315,-8.272,-34.1004,0.1050987,
2,6.99,2,2.574054,374.0834,-0.8108234,0.3149986,-4.60315,-8.272,-34.1004,0.1050987,
2,7,2,2.576898,374.0411,-0.8125883,0.3153359,-4.6132,-8.272,-34.1049,0.1096001,
2,7.01,2,2.574869,374.0662,-0.8091282,0.3142405,-4.6132,-8.272,-34.1049,0.1096001,
2,7.02,2,2.574349,374.0582,-0.8103865,0.3147928,-4.6132,-8.272,-34.1049,0.1096001,
2,7.03,2,2.575541,374.0444,-0.8080468,0.3137386,-4.6132,-8.272,-34.1049,0.1096001,
2,7.04,2,2.574976,374.0446,-0.7952983,0.3088565,-4.6132,-8.272,-34.1049,0.1096001,
2,7.05,2,2.574932,374.0602,-0.7977614,0.3098184,-4.6132,-8.272,-34.1049,0.1096001,
2,7.06,2,2.575854,374.0275,-0.8004543,0.3107529,-4.6132,-8.272,-34.1049,0.1096001,
2,7.07,2,2.578106,374.0038,-0.8040286,0.3118679,-4.6132,-8.272,-34.1049,0.1096001,
2,7.08,2,2.583496,373.9958,-0.8059137,0.311947,-4.6132,-8.272,-34.1049,0.1096001,
2,7.09,2,2.590786,373.9593,-0.806146,0.3111589,-4.6132,-8.272,-34.1049,0.1096001,
2,7.1,2,2.603845,373.9346,-0.8088612,0.3106411,-4.6132,-8.272,-34.1049,0.1096001,
2,7.11,2,2.621473,373.8824,-0.8122801,0.3098564,-4.6132,-8.272,-34.1049,0.1096001,
2,7.12,2,2.6387,373.7987,-0.8171532,0.3096803,-4.6132,-8.272,-34.1049,0.1096001,
2,7.13,2,2.65343,373.7816,-0.8184643,0.3084553,-4.6132,-8.272,-34.1049,0.1096001,
2,7.14,2,2.663806,373.7352,-0.823149,0.3090123,-4.6132,-8.272,-34.1049,0.1096001,
2,7.15,2,2.66839,373.7296,-0.8243332,0.3089254,-4.6132,-8.272,-34.1049,0.1096001,
2,7.16,2,2.67273,373.6928,-0.8217333,0.3074509,-4.6132,-8.272,-34.1049,0.1096001,
2,7.17,2,2.67591,373.7101,-0.8249172,0.3082754,-4.6132,-8.272,-34.1049,0.1096001,
2,7.18,2,2.671962,373.677,-0.8259141,0.309104,-4.6132,-8.272,-34.1049,0.1096001,
2,7.19,2,2.671933,373.6924,-0.8282758,0.3099912,-4.6132,-8.272,-34.1049,0.1096001,
2,7.2,2,2.671016,373.6526,-0.8262196,0.3093278,-4.6132,-8.272,-34.1049,0.1096001,
2,7.21,2,2.670921,373.6271,-0.8266357,0.3094946,-4.6132,-8.272,-34.1049,0.1096001,
2,7.22,2,2.672139,373.6245,-0.8299162,0.3105812,-4.6132,-8.272,-34.1049,0.1096001,
2,7.23,2,2.669,373.6219,-0.8274077,0.3100066,-4.6132,-8.272,-34.1049,0.1096001,
2,7.24,2,2.67038,373.6537,-0.8281577,0.3101273,-4.6219,-8.272,-34.1094,0.1141014,
2,7.25,2,2.671916,373.6166,-0.824869,0.3087182,-4.6219,-8.272,-34.1094,0.1141014,
2,7.26,2,2.670141,373.6043,-0.8266701,0.3095979,-4.6219,-8.272,-34.1094,0.1141014,
2,7.27,2,2.670063,373.604,-0.8284596,0.3102772,-4.6219,-8.272,-34.1094,0.1141014,
2,7.28,2,2.67149,373.6017,-0.8264468,0.309358,-4.6219,-8.272,-34.1094,0.1141014,
2,7.29,2,2.670568,373.5557,-0.8286012,0.3102715,-4.6219,-8.272,-34.1094,0.1141014,
2,7.3,2,2.67143,373.5757,-0.8323263,0.3115658,-4.6219,-8.272,-34.1094,0.1141014,
2,7.31,2,2.672596,373.5967,-0.8329669,0.3116696,-4.6219,-8.272,-34.1094,0.1141014,
2,7.32,2,2.675321,373.5466,-0.8312041,0.3106932,-4.6219,-8.272,-34.1094,0.1141014,
2,7.33,2,2.684919,373.512,-0.8304772,0.3093119,-4.6219,-8.272,-34.1094,0.1141014,
2,7.34,2,2.700318,373.4738,-0.8362711,0.3096936,-4.6219,-8.272,-34.1094,0.1141014,
2,7.35,2,2.716375,373.4156,-0.840191,0.309306,-4.6219,-8.272,-34.1094,0.1141014,
2,7.36,2,2.733438,373.3946,-0.8451603,0.3091931,-4.6219,-8.272,-34.1094,0.1141014,
2,7.37,2,2.748038,373.3166,-0.8452143,0.3075701,-4.6219,-8.272,-34.1094,0.1141014,
2,7.38,2,2.758788,373.3074,-0.8482508,0.3074722,-4.6219,-8.272,-34.1094,0.1141014,
2,7.39,2,2.763122,373.2546,-0.850091,0.307656,-4.6219,-8.272,-34.1094,0.1141014,
2,7.4,2,2.766664,373.2416,-0.8495058,0.3070506,-4.6219,-8.272,-34.1094,0.1141014,
2,7.41,2,2.769805,373.2162,-0.8523697,0.3077363,-4.6219,-8.272,-34.1094,0.1141014,
2,7.42,2,2.766624,373.2213,-0.8545151,0.3088656,-4.6219,-8.272,-34.1094,0.1141014,
2,7.43,2,2.765272,373.1793,-0.8589641,0.3106256,-4.6219,-8.272,-34.1094,0.1141014,
2,7.44,2,2.765894,373.2081,-0.8603405,0.3110533,-4.63195,-8.272,-34.1139,0.1185989,
2,7.45,2,2.765303,373.204,-0.8586152,0.3104958,-4.63195,-8.272,-34.1139,0.1185989,
2,7.46,2,2.766018,373.2,-0.8581487,0.3102469,-4.63195,-8.272,-34.1139,0.1185989,
2,7.47,2,2.764661,373.1903,-0.8549824,0.309254,-4.63195,-8.272,-34.1139,0.1185989,
2,7.48,2,2.764376,373.1369,-0.8566648,0.3098945,-4.63195,-8.272,-34.1139,0.1185989,
2,7.49,2,2.766733,373.1661,-0.854094,0.3087013,-4.63195,-8.272,-34.1139,0.1185989,
2,7.5,2,2.763461,373.1602,-0.8526452,0.3085425,-4.63195,-8.272,-34.1139,0.1185989,
2,7.51,2,2.765479,373.1501,-0.8530189,0.3084525,-4.63195,-8.272,-34.1139,0.1185989,
2,7.52,2,2.767187,373.1488,-0.8592994,0.3105317,-4.63195,-8.272,-34.1139,0.1185989,
2,7.53,2,2.77015,373.1272,-0.8645887,0.312109,-4.63195,-8.272,-34.1139,0.1185989,
2,7.54,2,2.782205,373.0818,-0.8632399,0.3102719,-4.63195,-8.272,-34.1139,0.1185989,
2,7.55,2,2.796591,373.0212,-0.8679413,0.3103569,-4.63195,-8.272,-34.1139,0.1185989,
2,7.56,2,2.813448,372.9769,-0.8735222,0.310481,-4.63195,-8.272,-34.1139,0.1185989,
2,7.57,2,2.829093,372.9369,-0.8772568,0.3100841,-4.63195,-8.272,-34.1139,0.1185989,
2,7.58,2,2.844004,372.8948,-0.8811049,0.3098114,-4.63195,-8.272,-34.1139,0.1185989,
2,7.59,2,2.853749,372.8668,-0.878076,0.3076921,-4.63195,-8.272,-34.1139,0.1185989,
2,7.6,2,2.855607,372.8041,-0.8812625,0.3086078,-4.63195,-8.272,-34.1139,0.1185989,
2,7.61,2,2.859321,372.8199,-0.8782825,0.3071647,-4.63195,-8.272,-34.1139,0.1185989,
2,7.62,2,2.857639,372.7914,-0.8791061,0.3076337,-4.63195,-8.272,-34.1139,0.1185989,
2,7.63,2,2.85999,372.8062,-0.8785302,0.3071795,-4.63195,-8.272,-34.1139,0.1185989,
2,7.64,2,2.859686,372.7949,-0.8778178,0.306963,-4.63195,-8.272,-34.1139,0.1185989,
2,7.65,2,2.856173,372.7975,-0.8807697,0.3083741,-4.63195,-8.272,-34.1139,0.1185989,
2,7.66,2,2.858488,372.7715,-0.880545,0.3080457,-4.63195,-8.272,-34.1139,0.1185989,
2,7.67,2,2.857038,372.7971,-0.8815777,0.3085636,-4.64068,-8.272,-34.1182,0.1228981,
2,7.68,2,2.858103,372.747,-0.8818808,0.3085546,-4.64068,-8.272,-34.1182,0.1228981,
2,7.69,2,2.857944,372.7404,-0.8823888,0.3087495,-4.64068,-8.272,-34.1182,0.1228981,
2,7.7,2,2.855982,372.7305,-0.8855389,0.3100646,-4.64068,-8.272,-34.1182,0.1228981,
2,7.71,2,2.858527,372.7237,-0.8860602,0.3099709,-4.64068,-8.272,-34.1182,0.1228981,
2,7.72,2,2.856919,372.7532,-0.8866045,0.3103359,-4.64068,-8.272,-34.1182,0.1228981,
2,7.73,2,2.856344,372.7152,-0.8837092,0.3093847,-4.64068,-8.272,-34.1182,0.1228981,
2,7.74,2,2.857286,372.7077,-0.8850085,0.3097375,-4.64068,-8.272,-34.1182,0.1228981,
2,7.75,2,2.855919,372.7112,-0.8840585,0.3095531,-4.64068,-8.272,-34.1182,0.1228981,
2,7.76,2,2.858583,372.7008,-0.884478,0.3094113,-4.64068,-8.272,-34.1182,0.1228981,
2,7.77,2,2.863461,372.6615,-0.8866469,0.3096417,-4.64068,-8.272,-34.1182,0.1228981,
2,7.78,2,2.874125,372.6424,-0.8898507,0.3096075,-4.64068,-8.272,-34.1182,0.1228981,
2,7.79,2,2.889566,372.6111,-0.8938696,0.3093439,-4.64068,-8.272,-34.1182,0.1228981,
2,7.8,2,2.907407,372.5463,-0.8965731,0.3083755,-4.64068,-8.272,-34.1182,0.1228981,
2,7.81,2,2.922014,372.4741,-0.9009989,0.3083486,-4.64068,-8.272,-34.1182,0.1228981,
2,7.82,2,2.935038,372.4365,-0.9037775,0.307927,-4.64068,-8.272,-34.1182,0.1228981,
2,7.83,2,2.944993,372.4262,-0.9060882,0.3076707,-4.64068,-8.272,-34.1182,0.1228981,
2,7.84,2,2.949003,372.4147,-0.9090298,0.3082498,-4.64068,-8.272,-34.1182,0.1228981,
2,7.85,2,2.949421,372.3828,-0.9091439,0.3082449,-4.64068,-8.272,-34.1182,0.1228981,
2,7.86,2,2.952508,372.3859,-0.9111972,0.308618,-4.64068,-8.272,-34.1182,0.1228981,
2,7.87,2,2.950678,372.3546,-0.908565,0.3079174,-4.64068,-8.272,-34.1182,0.1228981,
2,7.88,2,2.951272,372.3503,-0.9092717,0.3080948,-4.64068,-8.272,-34.1182,0.1228981,
2,7.89,2,2.951257,372.3271,-0.910127,0.3083863,-4.64937,-8.272,-34.1227,0.1273994,
2,7.9,2,2.951452,372.3286,-0.909163,0.3080392,-4.64937,-8.272,-34.1227,0.1273994,
2,7.91,2,2.951373,372.2936,-0.9111114,0.3087077,-4.64937,-8.272,-34.1227,0.1273994,
2,7.92,2,2.949696,372.3179,-0.9116823,0.3090767,-4.64937,-8.272,-34.1227,0.1273994,
2,7.93,2,2.949668,372.2942,-0.9140337,0.3098768,-4.64937,-8.272,-34.1227,0.1273994,
2,7.94,2,2.949315,372.3112,-0.9142528,0.3099882,-4.64937,-8.272,-34.1227,0.1273994,
2,7.95,2,2.949853,372.3016,-0.9146873,0.3100789,-4.64937,-8.272,-34.1227,0.1273994,
2,7.96,2,2.950148,372.2795,-0.912295,0.309237,-4.64937,-8.272,-34.1227,0.1273994,
2,7.97,2,2.952931,372.2825,-0.9113553,0.3086274,-4.64937,-8.272,-34.1227,0.1273994,
2,7.98,2,2.957954,372.2701,-0.9151085,0.3093722,-4.64937,-8.272,-34.1227,0.1273994,
2,7.99,2,2.970864,372.2212,-0.9168534,0.308615,-4.64937,-8.272,-34.1227,0.1273994,
2,8,2,2.986323,372.173,-0.9179748,0.307393,-4.64937,-8.272,-34.1227,0.1273994,
2,8.01,2,3.003369,372.1166,-0.9246958,0.3078862,-4.64937,-8.272,-34.1227,0.1273994,
2,8.02,2,3.019727,372.0786,-0.9279813,0.3073064,-4.64937,-8.272,-34.1227,0.1273994,
2,8.03,2,3.032934,372.0217,-0.9319149,0.3072651,-4.64937,-8.272,-34.1227,0.1273994,
2,8.04,2,3.041041,371.9961,-0.9337797,0.3070593,-4.64937,-8.272,-34.1227,0.1273994,
2,8.05,2,3.044527,372.0032,-0.9375265,0.3079384,-4.64937,-8.272,-34.1227,0.1273994,
2,8.06,2,3.048256,371.974,-0.9383038,0.3078167,-4.64937,-8.272,-34.1227,0.1273994,
2,8.07,2,3.047111,371.9541,-0.9381036,0.3078666,-4.64937,-8.272,-34.1227,0.1273994,
2,8.08,2,3.044062,371.9491,-0.9410402,0.3091396,-4.64937,-8.272,-34.1227,0.1273994,
2,8.09,2,3.046941,371.9477,-0.938226,0.3079239,-4.64937,-8.272,-34.1227,0.1273994,
2,8.1,2,3.0459,371.9129,-0.9369566,0.3076124,-4.64937,-8.272,-34.1227,0.1273994,
2,8.11,2,3.047159,371.9204,-0.9368703,0.307457,-4.64937,-8.272,-34.1227,0.1273994,
2,8.12,2,3.047626,371.9132,-0.939283,0.3082016,-4.64937,-8.272,-34.1227,0.1273994,
2,8.13,2,3.04375,371.916,-0.9397203,0.3087376,-4.65942,-8.272,-34.1271,0.1318016,
2,8.14,2,3.046396,371.8986,-0.9387415,0.3081482,-4.65942,-8.272,-34.1271,0.1318016,
2,8.15,2,3.045369,371.8974,-0.9393547,0.3084535,-4.65942,-8.272,-34.1271,0.1318016,
2,8.16,2,3.045542,371.8747,-0.9406791,0.3088709,-4.65942,-8.272,-34.1271,0.1318016,
2,8.17,2,3.045017,371.8807,-0.9430813,0.309713,-4.65942,-8.272,-34.1271,0.1318016,
2,8.18,2,3.049767,371.8579,-0.9436778,0.3094262,-4.65942,-8.272,-34.1271,0.1318016,
2,8.19,2,3.053794,371.8432,-0.9438485,0.3090741,-4.65942,-8.272,-34.1271,0.1318016,
2,8.2,2,3.068193,371.8114,-0.9482099,0.3090451,-4.65942,-8.272,-34.1271,0.1318016,
2,8.21,2,3.085608,371.7336,-0.9486391,0.30744,-4.65942,-8.272,-34.1271,0.1318016,
2,8.22,2,3.099255,371.6782,-0.9519269,0.307147,-4.65942,-8.272,-34.1271,0.1318016,
2,8.23,2,3.117568,371.6346,-0.954356,0.3061219,-4.65942,-8.272,-34.1271,0.1318016,
2,8.24,2,3.131087,371.6103,-0.9565578,0.3055034,-4.65942,-8.272,-34.1271,0.1318016,
2,8.25,2,3.137662,371.5673,-0.9619416,0.3065791,-4.65942,-8.272,-34.1271,0.1318016,
2,8.26,2,3.142646,371.5576,-0.9652346,0.3071407,-4.65942,-8.272,-34.1271,0.1318016,
2,8.27,2,3.142626,371.5467,-0.9674299,0.3078413,-4.65942,-8.272,-34.1271,0.1318016,
2,8.28,2,3.142748,371.5306,-0.9653292,0.3071609,-4.65942,-8.272,-34.1271,0.1318016,
2,8.29,2,3.140665,371.5174,-0.9673246,0.308,-4.65942,-8.272,-34.1271,0.1318016,
2,8.3,2,3.143551,371.5059,-0.9663076,0.3073936,-4.65942,-8.272,-34.1271,0.1318016,
2,8.31,2,3.143788,371.509,-0.9674345,0.3077289,-4.65942,-8.272,-34.1271,0.1318016,
2,8.32,2,3.141819,371.5085,-0.967921,0.3080766,-4.65942,-8.272,-34.1271,0.1318016,
2,8.33,2,3.141742,371.4957,-0.9674607,0.3079377,-4.65942,-8.272,-34.1271,0.1318016,
2,8.34,2,3.144079,371.4805,-0.9679838,0.3078752,-4.65942,-8.272,-34.1271,0.1318016,
2,8.35,2,3.13958,371.4646,-0.9667007,0.3079077,-4.66813,-8.272,-34.1316,0.1362991,
2,8.36,2,3.138759,371.4645,-0.9669725,0.3080748,-4.66813,-8.272,-34.1316,0.1362991,
2,8.37,2,3.140914,371.4367,-0.9679607,0.308178,-4.66813,-8.272,-34.1316,0.1362991,
2,8.38,2,3.139721,371.4503,-0.9685236,0.3084745,-4.66813,-8.272,-34.1316,0.1362991,
2,8.39,2,3.142607,371.4496,-0.9692613,0.3084259,-4.66813,-8.272,-34.1316,0.1362991,
2,8.4,2,3.138186,371.4174,-0.9699349,0.3090751,-4.66813,-8.272,-34.1316,0.1362991,
2,8.41,2,3.137957,371.4052,-0.9711981,0.3095001,-4.66813,-8.272,-34.1316,0.1362991,
2,8.42,2,3.145827,371.4077,-0.9711681,0.3087163,-4.66813,-8.272,-34.1316,0.1362991,
2,8.43,2,3.149911,371.3932,-0.9730558,0.3089153,-4.66813,-8.272,-34.1316,0.1362991,
2,8.44,2,3.163386,371.352,-0.9758753,0.3084907,-4.66813,-8.272,-34.1316,0.1362991,
2,8.45,2,3.180566,371.3195,-0.9780709,0.3075147,-4.66813,-8.272,-34.1316,0.1362991,
2,8.46,2,3.193749,371.2638,-0.9813841,0.3072828,-4.66813,-8.272,-34.1316,0.1362991,
2,8.47,2,3.211504,371.2047,-0.9837584,0.3063233,-4.66813,-8.272,-34.1316,0.1362991,
2,8.48,2,3.222788,371.149,-0.9856206,0.3058285,-4.66813,-8.272,-34.1316,0.1362991,
2,8.49,2,3.230425,371.1309,-0.9898428,0.3064126,-4.66813,-8.272,-34.1316,0.1362991,
2,8.5,2,3.235902,371.1194,-0.9918751,0.306522,-4.66813,-8.272,-34.1316,0.1362991,
2,8.51,2,3.233187,371.1078,-0.9946457,0.3076363,-4.66813,-8.272,-34.1316,0.1362991,
2,8.52,2,3.233762,371.082,-0.9962989,0.3080929,-4.66813,-8.272,-34.1316,0.1362991,
2,8.53,2,3.234543,371.1042,-0.9962215,0.3079945,-4.66813,-8.272,-34.1316,0.1362991,
2,8.54,2,3.229804,371.0765,-0.9948572,0.308024,-4.66813,-8.272,-34.1316,0.1362991,
2,8.55,2,3.233976,371.0773,-0.9972389,0.3083631,-4.66813,-8.272,-34.1316,0.1362991,
2,8.56,2,3.231161,371.0611,-0.9957164,0.3081605,-4.67817,-8.272,-34.1359,0.1405983,
2,8.57,2,3.232371,371.0507,-0.9949951,0.3078221,-4.67817,-8.272,-34.1359,0.1405983,
2,8.58,2,3.233557,371.0458,-0.9976535,0.3085313,-4.67817,-8.272,-34.1359,0.1405983,
2,8.59,2,3.231745,371.0367,-0.9952519,0.3079612,-4.67817,-8.272,-34.1359,0.1405983,
2,8.6,2,3.230253,371.0229,-0.9956536,0.3082278,-4.67817,-8.272,-34.1359,0.1405983,
2,8.61,2,3.233219,371.0399,-0.998622,0.3088631,-4.67817,-8.272,-34.1359,0.1405983,
2,8.62,2,3.233535,371.0145,-0.9998676,0.3092181,-4.67817,-8.272,-34.1359,0.1405983,
2,8.63,2,3.239019,370.9706,-1.000685,0.3089471,-4.67817,-8.272,-34.1359,0.1405983,
2,8.64,2,3.246749,370.9633,-1.00185,0.3085704,-4.67817,-8.272,-34.1359,0.1405983,
2,8.65,2,3.256744,370.9446,-1.011919,0.3107149,-4.67817,-8.272,-34.1359,0.1405983,
2,8.66,2,3.276284,370.878,-1.018635,0.3109117,-4.67817,-8.272,-34.1359,0.1405983,
2,8.67,2,3.289166,370.8144,-1.022772,0.3109518,-4.67817,-8.272,-34.1359,0.1405983,
2,8.68,2,3.308248,370.7715,-1.017676,0.3076178,-4.67817,-8.272,-34.1359,0.1405983,
2,8.69,2,3.318798,370.7453,-1.0187,0.3069483,-4.67817,-8.272,-34.1359,0.1405983,
2,8.7,2,3.322782,370.7207,-1.020263,0.3070508,-4.67817,-8.272,-34.1359,0.1405983,
2,8.71,2,3.327868,370.6984,-1.018492,0.3060496,-4.67817,-8.272,-34.1359,0.1405983,
2,8.72,2,3.329003,370.7168,-1.019547,0.306262,-4.67817,-8.272,-34.1359,0.1405983,
2,8.73,2,3.325385,370.6816,-1.022701,0.3075436,-4.67817,-8.272,-34.1359,0.1405983,
2,8.74,2,3.326379,370.6605,-1.025462,0.3082818,-4.67817,-8.272,-34.1359,0.1405983,
2,8.75,2,3.325317,370.6614,-1.024167,0.3079907,-4.67817,-8.272,-34.1359,0.1405983,
2,8.76,2,3.325448,370.6628,-1.026151,0.3085753,-4.67817,-8.272,-34.1359,0.1405983,
2,8.77,2,3.32646,370.6354,-1.030149,0.3096832,-4.67817,-8.272,-34.1359,0.1405983,
2,8.78,2,3.32617,370.6479,-1.025756,0.3083896,-4.6869,-8.272,-34.1403,0.1450005,
2,8.79,2,3.324406,370.627,-1.028587,0.3094049,-4.6869,-8.272,-34.1403,0.1450005,
2,8.8,2,3.324766,370.6371,-1.027194,0.3089522,-4.6869,-8.272,-34.1403,0.1450005,
2,8.81,2,3.324056,370.6222,-1.027533,0.3091201,-4.6869,-8.272,-34.1403,0.1450005,
2,8.82,2,3.324268,370.6117,-1.029198,0.3096013,-4.6869,-8.272,-34.1403,0.1450005,
2,8.83,2,3.323206,370.6112,-1.026685,0.3089441,-4.6869,-8.272,-34.1403,0.1450005,
2,8.84,2,3.322408,370.6129,-1.02999,0.3100131,-4.6869,-8.272,-34.1403,0.1450005,
2,8.85,2,3.322688,370.5747,-1.03205,0.310607,-4.6869,-8.272,-34.1403,0.1450005,
2,8.86,2,3.325048,370.6089,-1.031194,0.3101291,-4.6869,-8.272,-34.1403,0.1450005,
2,8.87,2,3.329234,370.5563,-1.030585,0.3095563,-4.6869,-8.272,-34.1403,0.1450005,
2,8.88,2,3.337514,370.5277,-1.033855,0.3097679,-4.6869,-8.272,-34.1403,0.1450005,
2,8.89,2,3.347982,370.4843,-1.038523,0.3101939,-4.6869,-8.272,-34.1403,0.1450005,
2,8.9,2,3.367986,370.4449,-1.040224,0.3088564,-4.6869,-8.272,-34.1403,0.1450005,
2,8.91,2,3.383466,370.425,-1.045387,0.3089693,-4.6869,-8.272,-34.1403,0.1450005,
2,8.92,2,3.397488,370.3554,-1.045984,0.3078699,-4.6869,-8.272,-34.1403,0.1450005,
2,8.93,2,3.41174,370.3238,-1.049413,0.3075887,-4.6869,-8.272,-34.1403,0.1450005,
2,8.94,2,3.416413,370.3105,-1.050249,0.3074129,-4.6869,-8.272,-34.1403,0.1450005,
2,8.95,2,3.419706,370.279,-1.050405,0.3071624,-4.6869,-8.272,-34.1403,0.1450005,
2,8.96,2,3.42024,370.2423,-1.052536,0.3077375,-4.6869,-8.272,-34.1403,0.1450005,
2,8.97,2,3.418661,370.2554,-1.053833,0.308259,-4.6869,-8.272,-34.1403,0.1450005,
2,8.98,2,3.41904,370.2628,-1.055436,0.3086938,-4.6869,-8.272,-34.1403,0.1450005,
2,8.99,2,3.419985,370.2464,-1.056655,0.3089648,-4.6869,-8.272,-34.1403,0.1450005,
2,9,2,3.418941,370.2263,-1.057556,0.3093228,-4.69693,-8.272,-34.1447,0.1493988,
2,9.01,2,3.419159,370.2182,-1.058446,0.3095633,-4.69693,-8.272,-34.1447,0.1493988,
2,9.02,2,3.417587,370.2138,-1.057509,0.3094314,-4.69693,-8.272,-34.1447,0.1493988,
2,9.03,2,3.419158,370.2327,-1.058817,0.3096718,-4.69693,-8.272,-34.1447,0.1493988,
2,9.04,2,3.419263,370.194,-1.058802,0.309658,-4.69693,-8.272,-34.1447,0.1493988,
2,9.05,2,3.41664,370.1933,-1.058905,0.3099259,-4.69693,-8.272,-34.1447,0.1493988,
2,9.06,2,3.416885,370.1782,-1.05961,0.3101099,-4.69693,-8.272,-34.1447,0.1493988,
2,9.07,2,3.418102,370.1784,-1.057535,0.3093926,-4.69693,-8.272,-34.1447,0.1493988,
2,9.08,2,3.422487,370.1223,-1.060159,0.3097627,-4.69693,-8.272,-34.1447,0.1493988,
2,9.09,2,3.432704,370.1279,-1.060911,0.3090597,-4.69693,-8.272,-34.1447,0.1493988,
2,9.1,2,3.446556,370.0426,-1.064584,0.3088834,-4.69693,-8.272,-34.1447,0.1493988,
2,9.11,2,3.463998,370.0324,-1.070058,0.3089085,-4.69693,-8.272,-34.1447,0.1493988,
2,9.12,2,3.479066,369.9907,-1.075578,0.3091571,-4.69693,-8.272,-34.1447,0.1493988,
2,9.13,2,3.495187,369.9572,-1.080879,0.3092479,-4.69693,-8.272,-34.1447,0.1493988,
2,9.14,2,3.504672,369.9142,-1.082706,0.3089322,-4.69693,-8.272,-34.1447,0.1493988,
2,9.15,2,3.511984,369.8602,-1.086004,0.309228,-4.69693,-8.272,-34.1447,0.1493988,
2,9.16,2,3.511215,369.8802,-1.084785,0.3089486,-4.69693,-8.272,-34.1447,0.1493988,
2,9.17,2,3.513334,369.8666,-1.084516,0.3086858,-4.69693,-8.272,-34.1447,0.1493988,
2,9.18,2,3.511548,369.8514,-1.084004,0.3086969,-4.69693,-8.272,-34.1447,0.1493988,
2,9.19,2,3.510824,369.8439,-1.081909,0.3081638,-4.69693,-8.272,-34.1447,0.1493988,
2,9.2,2,3.511355,369.8542,-1.08616,0.309328,-4.69693,-8.272,-34.1447,0.1493988,
2,9.21,2,3.508417,369.832,-1.085945,0.3095256,-4.69693,-8.272,-34.1447,0.1493988,
2,9.22,2,3.511169,369.8156,-1.090306,0.3105249,-4.69693,-8.272,-34.1447,0.1493988,
2,9.23,2,3.511853,369.8049,-1.090254,0.3104498,-4.69693,-8.272,-34.1447,0.1493988,
2,9.24,2,3.509364,369.8,-1.089618,0.3104887,-4.69693,-8.272,-34.1447,0.1493988,
2,9.25,2,3.509875,369.7952,-1.091225,0.3109013,-4.70565,-8.272,-34.149,0.153698,
2,9.26,2,3.509541,369.7946,-1.091543,0.3110216,-4.70565,-8.272,-34.149,0.153698,
2,9.27,2,3.508533,369.7625,-1.093882,0.3117776,-4.70565,-8.272,-34.149,0.153698,
2,9.28,2,3.510217,369.7819,-1.093257,0.3114501,-4.70565,-8.272,-34.149,0.153698,
2,9.29,2,3.508566,369.7701,-1.092551,0.3113953,-4.70565,-8.272,-34.149,0.153698,
2,9.3,2,3.507575,369.7593,-1.093544,0.3117663,-4.70565,-8.272,-34.149,0.153698,
2,9.31,2,3.513545,369.7528,-1.090596,0.3103977,-4.70565,-8.272,-34.149,0.153698,
2,9.32,2,3.515579,369.7483,-1.093211,0.3109618,-4.70565,-8.272,-34.149,0.153698,
2,9.33,2,3.524507,369.7119,-1.093716,0.3103175,-4.70565,-8.272,-34.149,0.153698,
2,9.34,2,3.54105,369.6848,-1.09849,0.3102158,-4.70565,-8.272,-34.149,0.153698,
2,9.35,2,3.555322,369.6073,-1.103375,0.3103445,-4.70565,-8.272,-34.149,0.153698,
2,9.36,2,3.572853,369.5497,-1.110235,0.3107419,-4.70565,-8.272,-34.149,0.153698,
2,9.37,2,3.587057,369.5178,-1.117098,0.3114248,-4.70565,-8.272,-34.149,0.153698,
2,9.38,2,3.598188,369.4868,-1.115158,0.3099222,-4.70565,-8.272,-34.149,0.153698,
2,9.39,2,3.606215,369.5049,-1.11913,0.3103335,-4.70565,-8.272,-34.149,0.153698,
2,9.4,2,3.606925,369.4728,-1.117988,0.3099558,-4.70565,-8.272,-34.149,0.153698,
2,9.41,2,3.606354,369.4392,-1.118262,0.310081,-4.70565,-8.272,-34.149,0.153698,
2,9.42,2,3.608131,369.4373,-1.118403,0.3099674,-4.70565,-8.272,-34.149,0.153698,
2,9.43,2,3.607238,369.4232,-1.116121,0.3094115,-4.70565,-8.272,-34.149,0.153698,
2,9.44,2,3.60619,369.3875,-1.118734,0.3102261,-4.70565,-8.272,-34.149,0.153698,
2,9.45,2,3.606215,369.4012,-1.118517,0.3101638,-4.7157,-8.272,-34.1535,0.1581993,
2,9.46,2,3.604194,369.413,-1.122123,0.311338,-4.7157,-8.272,-34.1535,0.1581993,
2,9.47,2,3.604188,369.3874,-1.122999,0.3115817,-4.7157,-8.272,-34.1535,0.1581993,
2,9.48,2,3.605104,369.371,-1.121903,0.3111984,-4.7157,-8.272,-34.1535,0.1581993,
2,9.49,2,3.607325,369.3679,-1.124685,0.3117781,-4.7157,-8.272,-34.1535,0.1581993,
2,9.5,2,3.605626,369.3624,-1.12436,0.3118349,-4.7157,-8.272,-34.1535,0.1581993,
2,9.51,2,3.603128,369.3867,-1.126518,0.3126498,-4.7157,-8.272,-34.1535,0.1581993,
2,9.52,2,3.607873,369.3381,-1.124137,0.311579,-4.7157,-8.272,-34.1535,0.1581993,
2,9.53,2,3.610468,369.3402,-1.126799,0.3120924,-4.7157,-8.272,-34.1535,0.1581993,
2,9.54,2,3.623708,369.2822,-1.128079,0.311305,-4.7157,-8.272,-34.1535,0.1581993,
2,9.55,2,3.639149,369.2403,-1.128448,0.3100856,-4.7157,-8.272,-34.1535,0.1581993,
2,9.56,2,3.654432,369.1866,-1.135253,0.3106509,-4.7157,-8.272,-34.1535,0.1581993,
2,9.57,2,3.670081,369.1439,-1.138477,0.3102048,-4.7157,-8.272,-34.1535,0.1581993,
2,9.58,2,3.684627,369.0847,-1.14385,0.3104385,-4.7157,-8.272,-34.1535,0.1581993,
2,9.59,2,3.695946,369.0793,-1.145797,0.3100145,-4.7157,-8.272,-34.1535,0.1581993,
2,9.6,2,3.69875,369.0596,-1.149955,0.3109037,-4.7157,-8.272,-34.1535,0.1581993,
2,9.61,2,3.700149,369.0466,-1.151521,0.3112095,-4.7157,-8.272,-34.1535,0.1581993,
2,9.62,2,3.700793,369.0373,-1.151231,0.3110769,-4.7157,-8.272,-34.1535,0.1581993,
2,9.63,2,3.698804,368.9884,-1.15545,0.3123847,-4.7157,-8.272,-34.1535,0.1581993,
2,9.64,2,3.70089,369.0197,-1.153681,0.3117307,-4.7157,-8.272,-34.1535,0.1581993,
2,9.65,2,3.697147,369.0183,-1.156012,0.3126767,-4.7157,-8.272,-34.1535,0.1581993,
2,9.66,2,3.696866,369.0074,-1.155341,0.3125191,-4.7157,-8.272,-34.1535,0.1581993,
2,9.67,2,3.696805,368.9951,-1.15101,0.3113528,-4.7157,-8.272,-34.1535,0.1581993,
2,9.68,2,3.699605,368.9924,-1.152022,0.3113906,-4.7157,-8.272,-34.1535,0.1581993,
2,9.69,2,3.696392,368.9652,-1.153509,0.3120635,-4.7244,-8.272,-34.1578,0.1624985,
2,9.7,2,3.697495,368.9504,-1.157136,0.3129514,-4.7244,-8.272,-34.1578,0.1624985,
2,9.71,2,3.698056,368.9459,-1.155303,0.3124082,-4.7244,-8.272,-34.1578,0.1624985,
2,9.72,2,3.697989,368.9632,-1.15976,0.313619,-4.7244,-8.272,-34.1578,0.1624985,
2,9.73,2,3.695061,368.9468,-1.158729,0.3135887,-4.7244,-8.272,-34.1578,0.1624985,
2,9.74,2,3.696958,368.9382,-1.158591,0.3133905,-4.7244,-8.272,-34.1578,0.1624985,
2,9.75,2,3.696943,368.9123,-1.161444,0.3141632,-4.7244,-8.272,-34.1578,0.1624985,
2,9.76,2,3.700356,368.9277,-1.159042,0.3132244,-4.7244,-8.272,-34.1578,0.1624985,
2,9.77,2,3.705067,368.8978,-1.160704,0.3132747,-4.7244,-8.272,-34.1578,0.1624985,
2,9.78,2,3.71409,368.873,-1.162421,0.312976,-4.7244,-8.272,-34.1578,0.1624985,
2,9.79,2,3.73157,368.8421,-1.164067,0.3119511,-4.7244,-8.272,-34.1578,0.1624985,
2,9.8,2,3.747266,368.792,-1.169341,0.3120518,-4.7244,-8.272,-34.1578,0.1624985,
2,9.81,2,3.764558,368.7298,-1.174621,0.312021,-4.7244,-8.272,-34.1578,0.1624985,
2,9.82,2,3.779057,368.7059,-1.182541,0.3129196,-4.7244,-8.272,-34.1578,0.1624985,
2,9.83,2,3.788266,368.6547,-1.184865,0.3127723,-4.7244,-8.272,-34.1578,0.1624985,
2,9.84,2,3.792762,368.6377,-1.188486,0.3133563,-4.7244,-8.272,-34.1578,0.1624985,
2,9.85,2,3.794127,368.6238,-1.188138,0.313152,-4.7244,-8.272,-34.1578,0.1624985,
2,9.86,2,3.794904,368.6159,-1.187626,0.3129529,-4.7244,-8.272,-34.1578,0.1624985,
2,9.87,2,3.796409,368.6281,-1.189512,0.3133256,-4.7244,-8.272,-34.1578,0.1624985,
2,9.88,2,3.794759,368.5894,-1.183996,0.3120082,-4.73313,-8.272,-34.1622,0.1669006,
2,9.89,2,3.794702,368.5784,-1.186039,0.3125512,-4.73313,-8.272,-34.1622,0.1669006,
2,9.9,2,3.794601,368.5804,-1.188559,0.3132238,-4.73313,-8.272,-34.1622,0.1669006,
2,9.91,2,3.792873,368.5737,-1.187485,0.3130832,-4.73313,-8.272,-34.1622,0.1669006,
2,9.92,2,3.793493,368.5587,-1.191747,0.3141557,-4.73313,-8.272,-34.1622,0.1669006,
2,9.93,2,3.793344,368.5563,-1.19006,0.3137231,-4.73313,-8.272,-34.1622,0.1669006,
2,9.94,2,3.791669,368.5527,-1.193559,0.3147846,-4.73313,-8.272,-34.1622,0.1669006,
2,9.95,2,3.795782,368.5387,-1.193807,0.3145089,-4.73313,-8.272,-34.1622,0.1669006,
2,9.96,2,3.798377,368.4974,-1.196827,0.3150892,-4.73313,-8.272,-34.1622,0.1669006,
2,9.97,2,3.806812,368.4852,-1.197163,0.3144791,-4.73313,-8.272,-34.1622,0.1669006,
2,9.98,2,3.821918,368.4593,-1.201903,0.3144763,-4.73313,-8.272,-34.1622,0.1669006,
2,9.99,2,3.841648,368.4211,-1.20453,0.3135452,-4.73313,-8.272,-34.1622,0.1669006,
2,10,2,3.8562,368.3467,-1.206801,0.3129508,-4.73313,-8.272,-34.1622,0.1669006,
2,10.01,2,3.869303,368.3227,-1.210361,0.312811,-4.73313,-8.272,-34.1622,0.1669006,
2,10.02,2,3.880348,368.2714,-1.212389,0.3124434,-4.73313,-8.272,-34.1622,0.1669006,
2,10.03,2,3.883215,368.2622,-1.212637,0.3122767,-4.73313,-8.272,-34.1622,0.1669006,
2,10.04,2,3.887583,368.2412,-1.215787,0.3127359,-4.73313,-8.272,-34.1622,0.1669006,
2,10.05,2,3.88749,368.2289,-1.216093,0.312822,-4.73313,-8.272,-34.1622,0.1669006,
2,10.06,2,3.885552,368.1977,-1.216808,0.3131623,-4.73313,-8.272,-34.1622,0.1669006,
2,10.07,2,3.887604,368.224,-1.218245,0.3133666,-4.73313,-8.272,-34.1622,0.1669006,
2,10.08,2,3.886093,368.1868,-1.218743,0.3136165,-4.73313,-8.272,-34.1622,0.1669006,
2,10.09,2,3.883341,368.1914,-1.221153,0.3144592,-4.7412,-8.272,-34.1665,0.1711998,
2,10.1,2,3.88485,368.1725,-1.221978,0.3145495,-4.7412,-8.272,-34.1665,0.1711998,
2,10.11,2,3.883457,368.1818,-1.22383,0.3151392,-4.7412,-8.272,-34.1665,0.1711998,
2,10.12,2,3.883661,368.1815,-1.220746,0.3143287,-4.7412,-8.272,-34.1665,0.1711998,
2,10.13,2,3.884431,368.176,-1.222246,0.3146524,-4.7412,-8.272,-34.1665,0.1711998,
2,10.14,2,3.883975,368.1552,-1.221393,0.31447,-4.7412,-8.272,-34.1665,0.1711998,
2,10.15,2,3.882837,368.1355,-1.218758,0.3138835,-4.7412,-8.272,-34.1665,0.1711998,
2,10.16,2,3.886643,368.1306,-1.221656,0.3143216,-4.7412,-8.272,-34.1665,0.1711998,
2,10.17,2,3.892494,368.1058,-1.223812,0.314403,-4.7412,-8.272,-34.1665,0.1711998,
2,10.18,2,3.904461,368.0746,-1.2278,0.3144609,-4.7412,-8.272,-34.1665,0.1711998,
2,10.19,2,3.919229,368.0416,-1.231112,0.3141209,-4.7412,-8.272,-34.1665,0.1711998,
2,10.2,2,3.938252,368.0083,-1.235839,0.313804,-4.7412,-8.272,-34.1665,0.1711998,
2,10.21,2,3.952401,367.9507,-1.24126,0.3140521,-4.7412,-8.272,-34.1665,0.1711998,
2,10.22,2,3.96461,367.9003,-1.244982,0.3140238,-4.7412,-8.272,-34.1665,0.1711998,
2,10.23,2,3.970108,367.8816,-1.249561,0.3147424,-4.7412,-8.272,-34.1665,0.1711998,
2,10.24,2,3.976194,367.8603,-1.24775,0.313805,-4.7412,-8.272,-34.1665,0.1711998,
2,10.25,2,3.979183,367.8447,-1.247603,0.3135324,-4.7412,-8.272,-34.1665,0.1711998,
2,10.26,2,3.980619,367.8365,-1.246341,0.3131022,-4.7412,-8.272,-34.1665,0.1711998,
2,10.27,2,3.976794,367.8285,-1.247878,0.3137899,-4.7412,-8.272,-34.1665,0.1711998,
2,10.28,2,3.977013,367.824,-1.249088,0.3140768,-4.7412,-8.272,-34.1665,0.1711998,
2,10.29,2,3.979737,367.8018,-1.24881,0.3137921,-4.74993,-8.272,-34.1707,0.1753998,
2,10.3,2,3.977586,367.7967,-1.252058,0.3147784,-4.74993,-8.272,-34.1707,0.1753998,
2,10.31,2,3.979158,367.7772,-1.251902,0.3146147,-4.74993,-8.272,-34.1707,0.1753998,
2,10.32,2,3.977401,367.7787,-1.255987,0.3157808,-4.74993,-8.272,-34.1707,0.1753998,
2,10.33,2,3.977301,367.7696,-1.256108,0.3158191,-4.74993,-8.272,-34.1707,0.1753998,
2,10.34,2,3.977364,367.7526,-1.256377,0.3158819,-4.74993,-8.272,-34.1707,0.1753998,
2,10.35,2,3.979428,367.7471,-1.257797,0.3160749,-4.74993,-8.272,-34.1707,0.1753998,
2,10.36,2,3.975232,367.7311,-1.257541,0.316344,-4.74993,-8.272,-34.1707,0.1753998,
2,10.37,2,3.979928,367.7273,-1.258863,0.316303,-4.74993,-8.272,-34.1707,0.1753998,
2,10.38,2,3.987467,367.7035,-1.256104,0.3150131,-4.74993,-8.272,-34.1707,0.1753998,
2,10.39,2,3.995622,367.6864,-1.260407,0.3154471,-4.74993,-8.272,-34.1707,0.1753998,
2,10.4,2,4.014881,367.6303,-1.262116,0.3143596,-4.74993,-8.272,-34.1707,0.1753998,
2,10.41,2,4.029749,367.5702,-1.266056,0.3141773,-4.74993,-8.272,-34.1707,0.1753998,
2,10.42,2,4.044029,367.5252,-1.272793,0.3147339,-4.74993,-8.272,-34.1707,0.1753998,
2,10.43,2,4.055164,367.4982,-1.273423,0.3140251,-4.74993,-8.272,-34.1707,0.1753998,
2,10.44,2,4.05985,367.4615,-1.281891,0.3157483,-4.74993,-8.272,-34.1707,0.1753998,
2,10.45,2,4.063242,367.4698,-1.281256,0.3153284,-4.74993,-8.272,-34.1707,0.1753998,
2,10.46,2,4.067879,367.4514,-1.282639,0.315309,-4.74993,-8.272,-34.1707,0.1753998,
2,10.47,2,4.065741,367.4387,-1.284509,0.3159348,-4.74993,-8.272,-34.1707,0.1753998,
2,10.48,2,4.068414,367.4229,-1.282299,0.315184,-4.74993,-8.272,-34.1707,0.1753998,
2,10.49,2,4.066572,367.4167,-1.283366,0.3155891,-4.74993,-8.272,-34.1707,0.1753998,
2,10.5,2,4.068446,367.4015,-1.282471,0.3152238,-4.74993,-8.272,-34.1707,0.1753998,
2,10.51,2,4.066348,367.4012,-1.283692,0.3156868,-4.74993,-8.272,-34.1707,0.1753998,
2,10.52,2,4.064643,367.374,-1.283917,0.3158745,-4.74993,-8.272,-34.1707,0.1753998,
2,10.53,2,4.064808,367.3879,-1.285944,0.3163602,-4.75992,-8.272,-34.1748,0.1795006,
2,10.54,2,4.065034,367.3769,-1.287228,0.3166586,-4.75992,-8.272,-34.1748,0.1795006,
2,10.55,2,4.062038,367.3486,-1.289425,0.3174329,-4.75992,-8.272,-34.1748,0.1795006,
2,10.56,2,4.064801,367.3191,-1.292155,0.3178888,-4.75992,-8.272,-34.1748,0.1795006,
2,10.57,2,4.063291,367.3453,-1.291657,0.3178844,-4.75992,-8.272,-34.1748,0.1795006,
2,10.58,2,4.063176,367.3456,-1.293728,0.3184032,-4.75992,-8.272,-34.1748,0.1795006,
2,10.59,2,4.06636,367.3365,-1.294561,0.3183586,-4.75992,-8.272,-34.1748,0.1795006,
2,10.6,2,4.06846,367.3236,-1.292163,0.317605,-4.75992,-8.272,-34.1748,0.1795006,
2,10.61,2,4.079396,367.2864,-1.295888,0.3176666,-4.75992,-8.272,-34.1748,0.1795006,
2,10.62,2,4.098408,367.2492,-1.294286,0.3158022,-4.75992,-8.272,-34.1748,0.1795006,
2,10.63,2,4.112966,367.173,-1.298708,0.3157595,-4.75992,-8.272,-34.1748,0.1795006,
2,10.64,2,4.128663,367.1344,-1.305045,0.316094,-4.75992,-8.272,-34.1748,0.1795006,
2,10.65,2,4.142451,367.1109,-1.308803,0.3159489,-4.75992,-8.272,-34.1748,0.1795006,
2,10.66,2,4.15084,367.0736,-1.315338,0.3168847,-4.75992,-8.272,-34.1748,0.1795006,
2,10.67,2,4.156507,367.0475,-1.314027,0.3161373,-4.75992,-8.272,-34.1748,0.1795006,
2,10.68,2,4.157871,367.0627,-1.317219,0.3168012,-4.75992,-8.272,-34.1748,0.1795006,
2,10.69,2,4.157712,367.0273,-1.317939,0.3169867,-4.75992,-8.272,-34.1748,0.1795006,
2,10.7,2,4.16107,367.0302,-1.322107,0.3177324,-4.75992,-8.272,-34.1748,0.1795006,
2,10.71,2,4.158456,367.0013,-1.320817,0.3176221,-4.75992,-8.272,-34.1748,0.1795006,
2,10.72,2,4.156808,367.0074,-1.321603,0.317937,-4.75992,-8.272,-34.1748,0.1795006,
2,10.73,2,4.15727,367.0025,-1.32071,0.3176868,-4.75992,-8.272,-34.1748,0.1795006,
2,10.74,2,4.154488,366.9888,-1.318367,0.3173356,-4.75992,-8.272,-34.1748,0.1795006,
2,10.75,2,4.155833,366.966,-1.319806,0.3175792,-4.75992,-8.272,-34.1748,0.1795006,
2,10.76,2,4.156386,366.9847,-1.319502,0.3174638,-4.7693,-8.272,-34.179,0.1837006,
2,10.77,2,4.155359,366.9463,-1.321481,0.3180185,-4.7693,-8.272,-34.179,0.1837006,
2,10.78,2,4.158318,366.9391,-1.323145,0.3181922,-4.7693,-8.272,-34.179,0.1837006,
2,10.79,2,4.153568,366.9575,-1.325354,0.319088,-4.7693,-8.272,-34.179,0.1837006,
2,10.8,2,4.154051,366.9666,-1.329161,0.3199673,-4.7693,-8.272,-34.179,0.1837006,
2,10.81,2,4.155614,366.936,-1.327192,0.3193732,-4.7693,-8.272,-34.179,0.1837006,
2,10.82,2,4.15409,366.9108,-1.328505,0.3198065,-4.7693,-8.272,-34.179,0.1837006,
2,10.83,2,4.157451,366.9055,-1.329654,0.3198245,-4.7693,-8.272,-34.179,0.1837006,
2,10.84,2,4.161598,366.9039,-1.328123,0.3191377,-4.7693,-8.272,-34.179,0.1837006,
2,10.85,2,4.170289,366.8704,-1.329882,0.3188944,-4.7693,-8.272,-34.179,0.1837006,
2,10.86,2,4.184527,366.8201,-1.33166,0.3182343,-4.7693,-8.272,-34.179,0.1837006,
2,10.87,2,4.201032,366.8093,-1.335069,0.3177955,-4.7693,-8.272,-34.179,0.1837006,
2,10.88,2,4.219349,366.743,-1.340363,0.3176706,-4.7693,-8.272,-34.179,0.1837006,
2,10.89,2,4.234277,366.6893,-1.34548,0.3177592,-4.7693,-8.272,-34.179,0.1837006,
2,10.9,2,4.24463,366.6608,-1.350706,0.3182152,-4.7693,-8.272,-34.179,0.1837006,
2,10.91,2,4.249991,366.6513,-1.353822,0.318547,-4.7693,-8.272,-34.179,0.1837006,
2,10.92,2,4.250886,366.6259,-1.355394,0.3188498,-4.7693,-8.272,-34.179,0.1837006,
2,10.93,2,4.252847,366.6302,-1.354343,0.3184556,-4.7693,-8.272,-34.179,0.1837006,
2,10.94,2,4.253156,366.5976,-1.359252,0.3195868,-4.7693,-8.272,-34.179,0.1837006,
2,10.95,2,4.250306,366.6147,-1.358442,0.3196104,-4.7693,-8.272,-34.179,0.1837006,
2,10.96,2,4.252209,366.594,-1.356804,0.3190821,-4.7693,-8.272,-34.179,0.1837006,
2,10.97,2,4.252159,366.5833,-1.357076,0.3191499,-4.7693,-8.272,-34.179,0.1837006,
2,10.98,2,4.251682,366.5794,-1.355954,0.3189219,-4.77935,-8.272,-34.1833,0.1879997,
2,10.99,2,4.25133,366.586,-1.358373,0.3195171,-4.77935,-8.272,-34.1833,0.1879997,
2,11,2,4.250205,366.5525,-1.357578,0.3194146,-4.77935,-8.272,-34.1833,0.1879997,
2,11.01,2,4.25064,366.5619,-1.359558,0.3198478,-4.77935,-8.272,-34.1833,0.1879997,
2,11.02,2,4.249134,366.5434,-1.361557,0.3204316,-4.77935,-8.272,-34.1833,0.1879997,
2,11.03,2,4.247649,366.5229,-1.369669,0.3224533,-4.77935,-8.272,-34.1833,0.1879997,
2,11.04,2,4.250486,366.5123,-1.368522,0.3219682,-4.77935,-8.272,-34.1833,0.1879997,
2,11.05,2,4.247556,366.5104,-1.367415,0.3219298,-4.77935,-8.272,-34.1833,0.1879997,
2,11.06,2,4.253712,366.5397,-1.372419,0.3226402,-4.77935,-8.272,-34.1833,0.1879997,
2,11.07,2,4.260583,366.4956,-1.369839,0.3215145,-4.77935,-8.272,-34.1833,0.1879997,
2,11.08,2,4.27261,366.4488,-1.37234,0.3211949,-4.77935,-8.272,-34.1833,0.1879997,
2,11.09,2,4.291279,366.4055,-1.374341,0.3202637,-4.77935,-8.272,-34.1833,0.1879997,
2,11.1,2,4.309428,366.3607,-1.377115,0.3195587,-4.77935,-8.272,-34.1833,0.1879997,
2,11.11,2,4.321529,366.2856,-1.383243,0.3200819,-4.77935,-8.272,-34.1833,0.1879997,
2,11.12,2,4.334492,366.2695,-1.385168,0.3195687,-4.77935,-8.272,-34.1833,0.1879997,
2,11.13,2,4.341255,366.2757,-1.39231,0.3207159,-4.77935,-8.272,-34.1833,0.1879997,
2,11.14,2,4.342332,366.2551,-1.395419,0.3213523,-4.77935,-8.272,-34.1833,0.1879997,
2,11.15,2,4.346498,366.2145,-1.396263,0.3212387,-4.77935,-8.272,-34.1833,0.1879997,
2,11.16,2,4.345634,366.2174,-1.399828,0.3221229,-4.77935,-8.272,-34.1833,0.1879997,
2,11.17,2,4.34353,366.2043,-1.397587,0.3217629,-4.77935,-8.272,-34.1833,0.1879997,
2,11.18,2,4.344525,366.2368,-1.39904,0.3220236,-4.77935,-8.272,-34.1833,0.1879997,
2,11.19,2,4.344882,366.1866,-1.397206,0.321575,-4.77935,-8.272,-34.1833,0.1879997,
2,11.2,2,4.344982,366.1762,-1.396261,0.3213503,-4.78872,-8.272,-34.1876,0.1922989,
2,11.21,2,4.344808,366.1628,-1.401619,0.3225963,-4.78872,-8.272,-34.1876,0.1922989,
2,11.22,2,4.343645,366.1493,-1.397233,0.321673,-4.78872,-8.272,-34.1876,0.1922989,
2,11.23,2,4.34293,366.1274,-1.398793,0.3220852,-4.78872,-8.272,-34.1876,0.1922989,
2,11.24,2,4.341384,366.1424,-1.399868,0.3224475,-4.78872,-8.272,-34.1876,0.1922989,
2,11.25,2,4.342781,366.1031,-1.403175,0.3231052,-4.78872,-8.272,-34.1876,0.1922989,
2,11.26,2,4.343918,366.1282,-1.402677,0.3229059,-4.78872,-8.272,-34.1876,0.1922989,
2,11.27,2,4.339298,366.1237,-1.40397,0.3235477,-4.78872,-8.272,-34.1876,0.1922989,
2,11.28,2,4.343894,366.1199,-1.40959,0.324499,-4.78872,-8.272,-34.1876,0.1922989,
2,11.29,2,4.351308,366.0906,-1.408694,0.3237404,-4.78872,-8.272,-34.1876,0.1922989,
2,11.3,2,4.359902,366.0232,-1.413604,0.3242284,-4.78872,-8.272,-34.1876,0.1922989,
2,11.31,2,4.37791,366.0191,-1.41227,0.32259,-4.78872,-8.272,-34.1876,0.1922989,
2,11.32,2,4.392839,365.9797,-1.415152,0.3221497,-4.78872,-8.272,-34.1876,0.1922989,
2,11.33,2,4.410157,365.9307,-1.418419,0.3216255,-4.78872,-8.272,-34.1876,0.1922989,
2,11.34,2,4.424345,365.8849,-1.422422,0.3214988,-4.78872,-8.272,-34.1876,0.1922989,
2,11.35,2,4.432028,365.8745,-1.42634,0.3218255,-4.78872,-8.272,-34.1876,0.1922989,
2,11.36,2,4.436237,365.8328,-1.435405,0.3235637,-4.78872,-8.272,-34.1876,0.1922989,
2,11.37,2,4.438459,365.7994,-1.441875,0.3248594,-4.78872,-8.272,-34.1876,0.1922989,
2,11.38,2,4.437654,365.8096,-1.434434,0.3232414,-4.78872,-8.272,-34.1876,0.1922989,
2,11.39,2,4.438107,365.8111,-1.438944,0.3242248,-4.78872,-8.272,-34.1876,0.1922989,
2,11.4,2,4.440258,365.7867,-1.441071,0.3245466,-4.78872,-8.272,-34.1876,0.1922989,
2,11.41,2,4.437781,365.788,-1.439988,0.3244838,-4.78872,-8.272,-34.1876,0.1922989,
2,11.42,2,4.436434,365.7583,-1.441267,0.3248706,-4.79677,-8.272,-34.1919,0.1965981,
2,11.43,2,4.436714,365.7813,-1.437377,0.3239733,-4.79677,-8.272,-34.1919,0.1965981,
2,11.44,2,4.436391,365.7549,-1.437966,0.3241297,-4.79677,-8.272,-34.1919,0.1965981,
2,11.45,2,4.436664,365.7529,-1.440441,0.3246675,-4.79677,-8.272,-34.1919,0.1965981,
2,11.46,2,4.435799,365.7538,-1.437889,0.3241556,-4.79677,-8.272,-34.1919,0.1965981,
2,11.47,2,4.436815,365.7472,-1.437995,0.3241053,-4.79677,-8.272,-34.1919,0.1965981,
2,11.48,2,4.436619,365.7252,-1.438461,0.3242245,-4.79677,-8.272,-34.1919,0.1965981,
2,11.49,2,4.440144,365.7237,-1.441468,0.3246445,-4.79677,-8.272,-34.1919,0.1965981,
2,11.5,2,4.444456,365.6895,-1.451218,0.3265232,-4.79677,-8.272,-34.1919,0.1965981,
2,11.51,2,4.453982,365.6584,-1.459105,0.3275957,-4.79677,-8.272,-34.1919,0.1965981,
2,11.52,2,4.469623,365.6166,-1.465316,0.3278388,-4.79677,-8.272,-34.1919,0.1965981,
2,11.53,2,4.488006,365.5619,-1.467257,0.3269286,-4.79677,-8.272,-34.1919,0.1965981,
2,11.54,2,4.503366,365.5694,-1.475074,0.3275493,-4.79677,-8.272,-34.1919,0.1965981,
2,11.55,2,4.518402,365.4894,-1.472001,0.3257791,-4.79677,-8.272,-34.1919,0.1965981,
2,11.56,2,4.526216,365.4764,-1.476637,0.3262409,-4.79677,-8.272,-34.1919,0.1965981,
2,11.57,2,4.52665,365.4526,-1.476806,0.3262469,-4.79677,-8.272,-34.1919,0.1965981,
2,11.58,2,4.529013,365.4344,-1.479375,0.326644,-4.79677,-8.272,-34.1919,0.1965981,
2,11.59,2,4.52721,365.4033,-1.484611,0.3279306,-4.79677,-8.272,-34.1919,0.1965981,
2,11.6,2,4.525126,365.4244,-1.48581,0.3283466,-4.79677,-8.272,-34.1919,0.1965981,
2,11.61,2,4.527063,365.4114,-1.485669,0.328175,-4.79677,-8.272,-34.1919,0.1965981,
2,11.62,2,4.527751,365.3977,-1.486079,0.3282156,-4.79677,-8.272,-34.1919,0.1965981,
2,11.63,2,4.525688,365.3793,-1.491285,0.3295156,-4.79677,-8.272,-34.1919,0.1965981,
2,11.64,2,4.526248,365.3584,-1.490602,0.329324,-4.80683,-8.272,-34.1961,0.200798,
2,11.65,2,4.525178,365.3665,-1.491951,0.3296998,-4.80683,-8.272,-34.1961,0.200798,
2,11.66,2,4.525852,365.3947,-1.494824,0.3302856,-4.80683,-8.272,-34.1961,0.200798,
2,11.67,2,4.524503,365.3553,-1.490098,0.3293397,-4.80683,-8.272,-34.1961,0.200798,
2,11.68,2,4.522973,365.3569,-1.493178,0.3301319,-4.80683,-8.272,-34.1961,0.200798,
2,11.69,2,4.522093,365.3284,-1.490952,0.329704,-4.80683,-8.272,-34.1961,0.200798,
2,11.7,2,4.52284,365.3258,-1.48916,0.3292533,-4.80683,-8.272,-34.1961,0.200798,
2,11.71,2,4.523483,365.3099,-1.494847,0.3304637,-4.80683,-8.272,-34.1961,0.200798,
2,11.72,2,4.529298,365.2917,-1.494881,0.330047,-4.80683,-8.272,-34.1961,0.200798,
2,11.73,2,4.540447,365.2596,-1.49542,0.3293552,-4.80683,-8.272,-34.1961,0.200798,
2,11.74,2,4.55587,365.2343,-1.499208,0.3290717,-4.80683,-8.272,-34.1961,0.200798,
2,11.75,2,4.572062,365.1862,-1.504824,0.3291346,-4.80683,-8.272,-34.1961,0.200798,
2,11.76,2,4.586467,365.1363,-1.514841,0.330285,-4.80683,-8.272,-34.1961,0.200798,
2,11.77,2,4.604282,365.1073,-1.51495,0.3290306,-4.80683,-8.272,-34.1961,0.200798,
2,11.78,2,4.614464,365.0365,-1.520693,0.3295492,-4.80683,-8.272,-34.1961,0.200798,
2,11.79,2,4.618014,365.0551,-1.518862,0.3288994,-4.80683,-8.272,-34.1961,0.200798,
2,11.8,2,4.620607,365.0436,-1.519859,0.3289306,-4.80683,-8.272,-34.1961,0.200798,
2,11.81,2,4.620548,365.0236,-1.519927,0.3289495,-4.80683,-8.272,-34.1961,0.200798,
2,11.82,2,4.621191,365.0121,-1.516919,0.3282528,-4.80683,-8.272,-34.1961,0.200798,
2,11.83,2,4.621448,365.0115,-1.519224,0.3287333,-4.80683,-8.272,-34.1961,0.200798,
2,11.84,2,4.619686,364.9969,-1.52384,0.3298578,-4.80683,-8.272,-34.1961,0.200798,
2,11.85,2,4.618818,364.9745,-1.523766,0.3299039,-4.80683,-8.272,-34.1961,0.200798,
2,11.86,2,4.617216,364.9796,-1.52341,0.3299413,-4.80683,-8.272,-34.1961,0.200798,
2,11.87,2,4.618555,364.9838,-1.523403,0.3298441,-4.80683,-8.272,-34.1961,0.200798,
2,11.88,2,4.617516,364.9576,-1.528596,0.331043,-4.80683,-8.272,-34.1961,0.200798,
2,11.89,2,4.617597,364.9469,-1.528609,0.3310399,-4.8162,-8.272,-34.2004,0.205101,
2,11.9,2,4.618238,364.9253,-1.531695,0.3316622,-4.8162,-8.272,-34.2004,0.205101,
2,11.91,2,4.616471,364.9355,-1.528199,0.3310318,-4.8162,-8.272,-34.2004,0.205101,
2,11.92,2,4.616859,364.9138,-1.527949,0.3309499,-4.8162,-8.272,-34.2004,0.205101,
2,11.93,2,4.617207,364.9218,-1.525653,0.3304277,-4.8162,-8.272,-34.2004,0.205101,
2,11.94,2,4.616643,364.9172,-1.523913,0.3300911,-4.8162,-8.272,-34.2004,0.205101,
2,11.95,2,4.619052,364.9093,-1.529155,0.331054,-4.8162,-8.272,-34.2004,0.205101,
2,11.96,2,4.622597,364.8888,-1.53271,0.3315691,-4.8162,-8.272,-34.2004,0.205101,
2,11.97,2,4.633195,364.8646,-1.534542,0.3312059,-4.8162,-8.272,-34.2004,0.205101,
2,11.98,2,4.648925,364.8056,-1.536943,0.3306019,-4.8162,-8.272,-34.2004,0.205101,
2,11.99,2,4.664564,364.7693,-1.546289,0.3314969,-4.8162,-8.272,-34.2004,0.205101,
2,12,2,4.682614,364.7238,-1.553223,0.3316999,-4.8162,-8.272,-34.2004,0.205101,
2,12.01,2,4.696077,364.6891,-1.556145,0.3313713,-4.8162,-8.272,-34.2004,0.205101,
2,12.02,2,4.70638,364.6485,-1.56018,0.3315032,-4.8162,-8.272,-34.2004,0.205101,
2,12.03,2,4.713038,364.6328,-1.558653,0.3307108,-4.8162,-8.272,-34.2004,0.205101,
2,12.04,2,4.714838,364.6303,-1.56238,0.3313752,-4.8162,-8.272,-34.2004,0.205101,
2,12.05,2,4.713737,364.6149,-1.563729,0.3317388,-4.8162,-8.272,-34.2004,0.205101,
2,12.06,2,4.715693,364.6127,-1.561533,0.3311354,-4.8162,-8.272,-34.2004,0.205101,
2,12.07,2,4.715761,364.5824,-1.562941,0.3314292,-4.8162,-8.272,-34.2004,0.205101,
2,12.08,2,4.713591,364.5776,-1.567328,0.3325126,-4.8162,-8.272,-34.2004,0.205101,
2,12.09,2,4.715852,364.5686,-1.570487,0.3330231,-4.8162,-8.272,-34.2004,0.205101,
2,12.1,2,4.714975,364.5629,-1.569351,0.3328439,-4.8162,-8.272,-34.2004,0.205101,
2,12.11,2,4.714702,364.5325,-1.572325,0.333494,-4.8162,-8.272,-34.2004,0.205101,
2,12.12,2,4.713488,364.5494,-1.574038,0.3339434,-4.82625,-8.272,-34.2047,0.2094002,
2,12.13,2,4.71002,364.541,-1.576443,0.3346999,-4.82625,-8.272,-34.2047,0.2094002,
2,12.14,2,4.711033,364.5245,-1.57694,0.3347333,-4.82625,-8.272,-34.2047,0.2094002,
2,12.15,2,4.714172,364.5251,-1.573261,0.3337301,-4.82625,-8.272,-34.2047,0.2094002,
2,12.16,2,4.713172,364.5235,-1.570298,0.3331722,-4.82625,-8.272,-34.2047,0.2094002,
2,12.17,2,4.712424,364.5064,-1.573047,0.3338084,-4.82625,-8.272,-34.2047,0.2094002,
2,12.18,2,4.710258,364.5016,-1.574367,0.3342423,-4.82625,-8.272,-34.2047,0.2094002,
2,12.19,2,4.712362,364.4738,-1.573247,0.3338554,-4.82625,-8.272,-34.2047,0.2094002,
2,12.2,2,4.717803,364.4655,-1.577515,0.3343749,-4.82625,-8.272,-34.2047,0.2094002,
2,12.21,2,4.726984,364.4294,-1.583114,0.33491,-4.82625,-8.272,-34.2047,0.2094002,
2,12.22,2,4.744856,364.4014,-1.586202,0.3342994,-4.82625,-8.272,-34.2047,0.2094002,
2,12.23,2,4.75868,364.3364,-1.594949,0.3351662,-4.82625,-8.272,-34.2047,0.2094002,
2,12.24,2,4.778301,364.2991,-1.600415,0.3349339,-4.82625,-8.272,-34.2047,0.2094002,
2,12.25,2,4.793606,364.2751,-1.603788,0.3345682,-4.82625,-8.272,-34.2047,0.2094002,
2,12.26,2,4.80361,364.2472,-1.607426,0.3346287,-4.82625,-8.272,-34.2047,0.2094002,
2,12.27,2,4.809381,364.2354,-1.609411,0.3346399,-4.82625,-8.272,-34.2047,0.2094002,
2,12.28,2,4.812689,364.2142,-1.607481,0.3340088,-4.82625,-8.272,-34.2047,0.2094002,
2,12.29,2,4.812279,364.2051,-1.609008,0.3343547,-4.82625,-8.272,-34.2047,0.2094002,
2,12.3,2,4.812171,364.1786,-1.610625,0.3346982,-4.82625,-8.272,-34.2047,0.2094002,
2,12.31,2,4.811183,364.1682,-1.612142,0.3350821,-4.82625,-8.272,-34.2047,0.2094002,
2,12.32,2,4.810076,364.1543,-1.613983,0.3355421,-4.8363,-8.272,-34.2091,0.2137985,
2,12.33,2,4.810386,364.1488,-1.618354,0.3364291,-4.8363,-8.272,-34.2091,0.2137985,
2,12.34,2,4.809929,364.1411,-1.617537,0.3362913,-4.8363,-8.272,-34.2091,0.2137985,
2,12.35,2,4.812508,364.1503,-1.618943,0.3364031,-4.8363,-8.272,-34.2091,0.2137985,
2,12.36,2,4.810501,364.134,-1.620178,0.3368002,-4.8363,-8.272,-34.2091,0.2137985,
2,12.37,2,4.808751,364.1212,-1.622173,0.3373376,-4.8363,-8.272,-34.2091,0.2137985,
2,12.38,2,4.809567,364.1124,-1.624312,0.3377251,-4.8363,-8.272,-34.2091,0.2137985,
2,12.39,2,4.80858,364.1049,-1.622401,0.3373972,-4.8363,-8.272,-34.2091,0.2137985,
2,12.4,2,4.812849,364.1018,-1.622556,0.33713,-4.8363,-8.272,-34.2091,0.2137985,
2,12.41,2,4.816697,364.0779,-1.621452,0.3366316,-4.8363,-8.272,-34.2091,0.2137985,
2,12.42,2,4.826944,364.0264,-1.624741,0.3365982,-4.8363,-8.272,-34.2091,0.2137985,
2,12.43,2,4.843477,364.0178,-1.626856,0.335886,-4.8363,-8.272,-34.2091,0.2137985,
2,12.44,2,4.859038,363.9579,-1.634694,0.3364233,-4.8363,-8.272,-34.2091,0.2137985,
2,12.45,2,4.876655,363.8981,-1.642206,0.3367485,-4.8363,-8.272,-34.2091,0.2137985,
2,12.46,2,4.89157,363.8729,-1.646465,0.3365923,-4.8363,-8.272,-34.2091,0.2137985,
2,12.47,2,4.899415,363.8712,-1.653073,0.3374022,-4.8363,-8.272,-34.2091,0.2137985,
2,12.48,2,4.904759,363.825,-1.656362,0.337705,-4.8363,-8.272,-34.2091,0.2137985,
2,12.49,2,4.906242,363.8134,-1.65829,0.337996,-4.8363,-8.272,-34.2091,0.2137985,
2,12.5,2,4.906457,363.7995,-1.655176,0.3373465,-4.8363,-8.272,-34.2091,0.2137985,
2,12.51,2,4.906159,363.7762,-1.655311,0.3373945,-4.8363,-8.272,-34.2091,0.2137985,
2,12.52,2,4.90493,363.782,-1.656375,0.337696,-4.8363,-8.272,-34.2091,0.2137985,
2,12.53,2,4.902771,363.7769,-1.655491,0.3376643,-4.8363,-8.272,-34.2091,0.2137985,
2,12.54,2,4.903873,363.7863,-1.657689,0.3380367,-4.8363,-8.272,-34.2091,0.2137985,
2,12.55,2,4.901708,363.7562,-1.659271,0.3385088,-4.8363,-8.272,-34.2091,0.2137985,
2,12.56,2,4.904092,363.7346,-1.658933,0.3382753,-4.845,-8.272,-34.2134,0.2181015,
2,12.57,2,4.902097,363.7313,-1.661195,0.3388744,-4.845,-8.272,-34.2134,0.2181015,
2,12.58,2,4.901602,363.7253,-1.659113,0.3384838,-4.845,-8.272,-34.2134,0.2181015,
2,12.59,2,4.903784,363.7015,-1.66522,0.3395787,-4.845,-8.272,-34.2134,0.2181015,
2,12.6,2,4.901587,363.7184,-1.66614,0.3399184,-4.845,-8.272,-34.2134,0.2181015,
2,12.61,2,4.899551,363.7024,-1.670888,0.3410288,-4.845,-8.272,-34.2134,0.2181015,
2,12.62,2,4.901709,363.7028,-1.673097,0.3413292,-4.845,-8.272,-34.2134,0.2181015,
2,12.63,2,4.906819,363.689,-1.670822,0.3405102,-4.845,-8.272,-34.2134,0.2181015,
2,12.64,2,4.913905,363.6525,-1.671187,0.3400934,-4.845,-8.272,-34.2134,0.2181015,
2,12.65,2,4.930917,363.6242,-1.673007,0.3392893,-4.845,-8.272,-34.2134,0.2181015,
2,12.66,2,4.94711,363.5817,-1.675963,0.3387761,-4.845,-8.272,-34.2134,0.2181015,
2,12.67,2,4.964109,363.5089,-1.683259,0.3390857,-4.845,-8.272,-34.2134,0.2181015,
2,12.68,2,4.979599,363.4834,-1.689716,0.3393277,-4.845,-8.272,-34.2134,0.2181015,
2,12.69,2,4.98865,363.4617,-1.696685,0.3401091,-4.845,-8.272,-34.2134,0.2181015,
2,12.7,2,4.996769,363.4274,-1.698009,0.3398214,-4.845,-8.272,-34.2134,0.2181015,
2,12.71,2,4.998594,363.3798,-1.704194,0.3409347,-4.845,-8.272,-34.2134,0.2181015,
2,12.72,2,5.000079,363.4019,-1.706102,0.341215,-4.845,-8.272,-34.2134,0.2181015,
2,12.73,2,4.99822,363.4252,-1.703378,0.3407969,-4.845,-8.272,-34.2134,0.2181015,
2,12.74,2,4.998479,363.3878,-1.70337,0.3407776,-4.845,-8.272,-34.2134,0.2181015,
2,12.75,2,4.999865,363.3806,-1.701101,0.3402295,-4.845,-8.272,-34.2134,0.2181015,
2,12.76,2,4.99794,363.3699,-1.703763,0.3408931,-4.845,-8.272,-34.2134,0.2181015,
2,12.77,2,4.996853,363.3703,-1.702757,0.3407658,-4.845,-8.272,-34.2134,0.2181015,
2,12.78,2,4.998307,363.3149,-1.7047,0.3410555,-4.845,-8.272,-34.2134,0.2181015,
2,12.79,2,4.996563,363.3303,-1.706346,0.3415039,-4.8544,-8.272,-34.2177,0.2224007,
2,12.8,2,4.998769,363.3357,-1.707014,0.3414868,-4.8544,-8.272,-34.2177,0.2224007,
2,12.81,2,4.997339,363.325,-1.708078,0.3417975,-4.8544,-8.272,-34.2177,0.2224007,
2,12.82,2,4.995422,363.3031,-1.710043,0.3423221,-4.8544,-8.272,-34.2177,0.2224007,
2,12.83,2,4.996071,363.3069,-1.713848,0.3430391,-4.8544,-8.272,-34.2177,0.2224007,
2,12.84,2,4.995709,363.2989,-1.714309,0.3431562,-4.8544,-8.272,-34.2177,0.2224007,
2,12.85,2,4.994341,363.3255,-1.717753,0.3439399,-4.8544,-8.272,-34.2177,0.2224007,
2,12.86,2,4.995866,363.2798,-1.718617,0.3440078,-4.8544,-8.272,-34.2177,0.2224007,
2,12.87,2,5.001992,363.2659,-1.714812,0.3428258,-4.8544,-8.272,-34.2177,0.2224007,
2,12.88,2,5.008106,363.2433,-1.718931,0.3432298,-4.8544,-8.272,-34.2177,0.2224007,
2,12.89,2,5.024879,363.1978,-1.719042,0.3421062,-4.8544,-8.272,-34.2177,0.2224007,
2,12.9,2,5.042683,363.1375,-1.726445,0.3423663,-4.8544,-8.272,-34.2177,0.2224007,
2,12.91,2,5.059465,363.1157,-1.731728,0.3422749,-4.8544,-8.272,-34.2177,0.2224007,
2,12.92,2,5.075675,363.0555,-1.736373,0.3420969,-4.8544,-8.272,-34.2177,0.2224007,
2,12.93,2,5.08572,363.0331,-1.742025,0.3425326,-4.8544,-8.272,-34.2177,0.2224007,
2,12.94,2,5.090894,363.0168,-1.747567,0.3432732,-4.8544,-8.272,-34.2177,0.2224007,
2,12.95,2,5.096241,362.9863,-1.750755,0.3435385,-4.8544,-8.272,-34.2177,0.2224007,
2,12.96,2,5.097604,363.0378,-1.749721,0.3432437,-4.8544,-8.272,-34.2177,0.2224007,
2,12.97,2,5.098205,362.9066,-1.753186,0.3438831,-4.8544,-8.272,-34.2177,0.2224007,
2,12.98,2,5.095747,362.966,-1.752379,0.3438905,-4.8544,-8.272,-34.2177,0.2224007,
2,12.99,2,5.093753,362.9626,-1.750321,0.343621,-4.8544,-8.272,-34.2177,0.2224007,
2,13,2,5.095672,362.9502,-1.752584,0.3439357,-4.8544,-8.272,-34.2177,0.2224007,
2,13.01,2,5.091764,362.9357,-1.751663,0.3440189,-4.8544,-8.272,-34.2177,0.2224007,
2,13.02,2,5.092424,362.953,-1.756924,0.3450074,-4.8544,-8.272,-34.2177,0.2224007,
2,13.03,2,5.094031,362.9129,-1.75637,0.3447898,-4.8544,-8.272,-34.2177,0.2224007,
2,13.04,2,5.090447,362.8979,-1.761741,0.3460877,-4.86445,-8.272,-34.222,0.2266998,
2,13.05,2,5.092155,362.8986,-1.765087,0.3466287,-4.86445,-8.272,-34.222,0.2266998,
2,13.06,2,5.091358,362.9073,-1.762388,0.3461529,-4.86445,-8.272,-34.222,0.2266998,
2,13.07,2,5.091698,362.8761,-1.763008,0.3462516,-4.86445,-8.272,-34.222,0.2266998,
2,13.08,2,5.093021,362.8908,-1.75518,0.3446246,-4.86445,-8.272,-34.222,0.2266998,
2,13.09,2,5.09174,362.8647,-1.757455,0.3451581,-4.86445,-8.272,-34.222,0.2266998,
2,13.1,2,5.095958,362.8805,-1.757367,0.3448551,-4.86445,-8.272,-34.222,0.2266998,
2,13.11,2,5.100363,362.8519,-1.755082,0.3441091,-4.86445,-8.272,-34.222,0.2266998,
2,13.12,2,5.106347,362.8329,-1.75685,0.3440522,-4.86445,-8.272,-34.222,0.2266998,
2,13.13,2,5.122881,362.7988,-1.757905,0.3431478,-4.86445,-8.272,-34.222,0.2266998,
2,13.14,2,5.14029,362.7687,-1.76723,0.3437997,-4.86445,-8.272,-34.222,0.2266998,
2,13.15,2,5.156028,362.6845,-1.768287,0.3429552,-4.86445,-8.272,-34.222,0.2266998,
2,13.16,2,5.173975,362.6704,-1.773367,0.3427474,-4.86445,-8.272,-34.222,0.2266998,
2,13.17,2,5.182853,362.6267,-1.779703,0.343383,-4.86445,-8.272,-34.222,0.2266998,
2,13.18,2,5.188703,362.5894,-1.786564,0.3443181,-4.86445,-8.272,-34.222,0.2266998,
2,13.19,2,5.194858,362.5688,-1.7919,0.3449373,-4.86445,-8.272,-34.222,0.2266998,
2,13.2,2,5.194009,362.5754,-1.78939,0.3445104,-4.86445,-8.272,-34.222,0.2266998,
2,13.21,2,5.194616,362.6138,-1.792644,0.3450965,-4.86445,-8.272,-34.222,0.2266998,
2,13.22,2,5.194425,362.5529,-1.793927,0.3453562,-4.86445,-8.272,-34.222,0.2266998,
2,13.23,2,5.192447,362.5453,-1.790121,0.3447549,-4.86445,-8.272,-34.222,0.2266998,
2,13.24,2,5.192134,362.5338,-1.79115,0.3449737,-4.86445,-8.272,-34.222,0.2266998,
2,13.25,2,5.192181,362.5249,-1.788522,0.3444645,-4.8745,-8.272,-34.2264,0.2310982,
2,13.26,2,5.19339,362.4895,-1.791829,0.3450211,-4.8745,-8.272,-34.2264,0.2310982,
2,13.27,2,5.192534,362.504,-1.792427,0.345193,-4.8745,-8.272,-34.2264,0.2310982,
2,13.28,2,5.192465,362.5247,-1.795126,0.3457175,-4.8745,-8.272,-34.2264,0.2310982,
2,13.29,2,5.190184,362.4995,-1.798523,0.3465239,-4.8745,-8.272,-34.2264,0.2310982,
2,13.3,2,5.190938,362.4785,-1.799448,0.3466519,-4.8745,-8.272,-34.2264,0.2310982,
2,13.31,2,5.191813,362.4685,-1.802775,0.3472341,-4.8745,-8.272,-34.2264,0.2310982,
2,13.32,2,5.198186,362.4548,-1.802441,0.3467442,-4.8745,-8.272,-34.2264,0.2310982,
2,13.33,2,5.20694,362.4655,-1.808126,0.3472531,-4.8745,-8.272,-34.2264,0.2310982,
2,13.34,2,5.223388,362.377,-1.808117,0.3461579,-4.8745,-8.272,-34.2264,0.2310982,
2,13.35,2,5.241175,362.3512,-1.811821,0.3456898,-4.8745,-8.272,-34.2264,0.2310982,
2,13.36,2,5.258512,362.2872,-1.815369,0.3452247,-4.8745,-8.272,-34.2264,0.2310982,
2,13.37,2,5.276416,362.243,-1.816884,0.3443407,-4.8745,-8.272,-34.2264,0.2310982,
2,13.38,2,5.285004,362.2229,-1.825964,0.345499,-4.8745,-8.272,-34.2264,0.2310982,
2,13.39,2,5.288015,362.1999,-1.825478,0.3452103,-4.8745,-8.272,-34.2264,0.2310982,
2,13.4,2,5.290166,362.1697,-1.830508,0.3460209,-4.8745,-8.272,-34.2264,0.2310982,
2,13.41,2,5.28948,362.1804,-1.834096,0.3467441,-4.8745,-8.272,-34.2264,0.2310982,
2,13.42,2,5.288629,362.1713,-1.835481,0.3470618,-4.8745,-8.272,-34.2264,0.2310982,
2,13.43,2,5.290035,362.1644,-1.83879,0.347595,-4.8745,-8.272,-34.2264,0.2310982,
2,13.44,2,5.2915,362.1541,-1.839593,0.3476506,-4.8745,-8.272,-34.2264,0.2310982,
2,13.45,2,5.290375,362.087,-1.841826,0.3481466,-4.8745,-8.272,-34.2264,0.2310982,
2,13.46,2,5.290642,362.148,-1.840261,0.3478333,-4.8745,-8.272,-34.2264,0.2310982,
2,13.47,2,5.289837,362.1152,-1.840987,0.3480233,-4.8745,-8.272,-34.2264,0.2310982,
2,13.48,2,5.28874,362.1188,-1.839465,0.3478078,-4.8745,-8.272,-34.2264,0.2310982,
2,13.49,2,5.284285,362.1062,-1.840432,0.3482841,-4.8832,-8.272,-34.2307,0.2354012,
2,13.5,2,5.287675,362.1079,-1.842592,0.3484692,-4.8832,-8.272,-34.2307,0.2354012,
2,13.51,2,5.285869,362.0724,-1.843563,0.3487719,-4.8832,-8.272,-34.2307,0.2354012,
2,13.52,2,5.285247,362.0583,-1.847845,0.3496232,-4.8832,-8.272,-34.2307,0.2354012,
2,13.53,2,5.28347,362.067,-1.848759,0.3499137,-4.8832,-8.272,-34.2307,0.2354012,
2,13.54,2,5.284642,362.0717,-1.851694,0.3503915,-4.8832,-8.272,-34.2307,0.2354012,
2,13.55,2,5.287614,362.0467,-1.85551,0.3509162,-4.8832,-8.272,-34.2307,0.2354012,
2,13.56,2,5.292933,362.0407,-1.853273,0.350141,-4.8832,-8.272,-34.2307,0.2354012,
2,13.57,2,5.298874,361.9955,-1.860597,0.3511307,-4.8832,-8.272,-34.2307,0.2354012,
2,13.58,2,5.318971,361.9799,-1.860739,0.3498307,-4.8832,-8.272,-34.2307,0.2354012,
2,13.59,2,5.335453,361.9229,-1.864663,0.3494854,-4.8832,-8.272,-34.2307,0.2354012,
2,13.6,2,5.352705,361.8896,-1.866987,0.3487931,-4.8832,-8.272,-34.2307,0.2354012,
2,13.61,2,5.370532,361.848,-1.870307,0.3482536,-4.8832,-8.272,-34.2307,0.2354012,
2,13.62,2,5.377523,361.8259,-1.876899,0.3490267,-4.8832,-8.272,-34.2307,0.2354012,
2,13.63,2,5.385543,361.8008,-1.879283,0.3489495,-4.8832,-8.272,-34.2307,0.2354012,
2,13.64,2,5.386378,361.7844,-1.882872,0.3495618,-4.8832,-8.272,-34.2307,0.2354012,
2,13.65,2,5.383388,361.7422,-1.886893,0.3505029,-4.8832,-8.272,-34.2307,0.2354012,
2,13.66,2,5.38463,361.7424,-1.890433,0.3510795,-4.8832,-8.272,-34.2307,0.2354012,
2,13.67,2,5.385102,361.7531,-1.892467,0.3514263,-4.8832,-8.272,-34.2307,0.2354012,
2,13.68,2,5.384144,361.7397,-1.891577,0.3513236,-4.89325,-8.272,-34.235,0.2397003,
2,13.69,2,5.384209,361.7772,-1.894127,0.351793,-4.89325,-8.272,-34.235,0.2397003,
2,13.7,2,5.382444,361.7192,-1.893298,0.3517543,-4.89325,-8.272,-34.235,0.2397003,
2,13.71,2,5.384618,361.7074,-1.893138,0.3515827,-4.89325,-8.272,-34.235,0.2397003,
2,13.72,2,5.383018,361.7003,-1.893508,0.3517558,-4.89325,-8.272,-34.235,0.2397003,
2,13.73,2,5.382149,361.6917,-1.893247,0.3517642,-4.89325,-8.272,-34.235,0.2397003,
2,13.74,2,5.38152,361.6741,-1.895614,0.3522452,-4.89325,-8.272,-34.235,0.2397003,
2,13.75,2,5.380815,361.6759,-1.896935,0.3525368,-4.89325,-8.272,-34.235,0.2397003,
2,13.76,2,5.385109,361.6832,-1.900711,0.3529568,-4.89325,-8.272,-34.235,0.2397003,
2,13.77,2,5.38851,361.6528,-1.901863,0.3529478,-4.89325,-8.272,-34.235,0.2397003,
2,13.78,2,5.401402,361.5847,-1.906366,0.3529392,-4.89325,-8.272,-34.235,0.2397003,
2,13.79,2,5.415809,361.5846,-1.911653,0.3529765,-4.89325,-8.272,-34.235,0.2397003,
2,13.8,2,5.434824,361.5476,-1.914686,0.3522996,-4.89325,-8.272,-34.235,0.2397003,
2,13.81,2,5.448378,361.5238,-1.92448,0.3532208,-4.89325,-8.272,-34.235,0.2397003,
2,13.82,2,5.464652,361.4482,-1.924068,0.3520934,-4.89325,-8.272,-34.235,0.2397003,
2,13.83,2,5.470771,361.4327,-1.928234,0.352461,-4.89325,-8.272,-34.235,0.2397003,
2,13.84,2,5.476789,361.4,-1.929206,0.3522513,-4.89325,-8.272,-34.235,0.2397003,
2,13.85,2,5.481791,361.3871,-1.929549,0.3519925,-4.89325,-8.272,-34.235,0.2397003,
2,13.86,2,5.479918,361.3728,-1.933949,0.3529158,-4.89325,-8.272,-34.235,0.2397003,
2,13.87,2,5.479389,361.3559,-1.935144,0.3531679,-4.89325,-8.272,-34.235,0.2397003,
2,13.88,2,5.477176,361.3453,-1.937852,0.353805,-4.89325,-8.272,-34.235,0.2397003,
2,13.89,2,5.475591,361.3446,-1.940445,0.3543809,-4.89325,-8.272,-34.235,0.2397003,
2,13.9,2,5.477734,361.3323,-1.943436,0.3547884,-4.89325,-8.272,-34.235,0.2397003,
2,13.91,2,5.478401,361.3344,-1.946587,0.3553203,-4.89325,-8.272,-34.235,0.2397003,
2,13.92,2,5.478596,361.3233,-1.943709,0.3547823,-4.90195,-8.272,-34.2392,0.2439003,
2,13.93,2,5.478231,361.2943,-1.946225,0.3552652,-4.90195,-8.272,-34.2392,0.2439003,
2,13.94,2,5.478078,361.3284,-1.945862,0.3552089,-4.90195,-8.272,-34.2392,0.2439003,
2,13.95,2,5.475689,361.3077,-1.948823,0.3559047,-4.90195,-8.272,-34.2392,0.2439003,
2,13.96,2,5.475606,361.2944,-1.947937,0.3557481,-4.90195,-8.272,-34.2392,0.2439003,
2,13.97,2,5.473699,361.2847,-1.9463,0.355573,-4.90195,-8.272,-34.2392,0.2439003,
2,13.98,2,5.474204,361.2732,-1.947869,0.3558269,-4.90195,-8.272,-34.2392,0.2439003,
2,13.99,2,5.474236,361.2649,-1.950913,0.3563809,-4.90195,-8.272,-34.2392,0.2439003,
2,14,2,5.477574,361.252,-1.953759,0.3566833,-4.90195,-8.272,-34.2392,0.2439003,
2,14.01,2,5.481214,361.2348,-1.955006,0.3566739,-4.90195,-8.272,-34.2392,0.2439003,
2,14.02,2,5.491697,361.2324,-1.959643,0.3568374,-4.90195,-8.272,-34.2392,0.2439003,
2,14.03,2,5.508038,361.1723,-1.963558,0.3564896,-4.90195,-8.272,-34.2392,0.2439003,
2,14.04,2,5.527319,361.1163,-1.966603,0.3557968,-4.90195,-8.272,-34.2392,0.2439003,
2,14.05,2,5.542154,361.0727,-1.975046,0.3563678,-4.90195,-8.272,-34.2392,0.2439003,
2,14.06,2,5.556865,361.0547,-1.976676,0.3557179,-4.90195,-8.272,-34.2392,0.2439003,
2,14.07,2,5.567687,361.0094,-1.979652,0.355561,-4.90195,-8.272,-34.2392,0.2439003,
2,14.08,2,5.570102,361.0117,-1.97794,0.3550995,-4.90195,-8.272,-34.2392,0.2439003,
2,14.09,2,5.572134,360.9956,-1.98029,0.3553917,-4.90195,-8.272,-34.2392,0.2439003,
2,14.1,2,5.571667,360.9897,-1.98436,0.3561518,-4.90195,-8.272,-34.2392,0.2439003,
2,14.11,2,5.570366,360.9656,-1.98647,0.356614,-4.90195,-8.272,-34.2392,0.2439003,
2,14.12,2,5.571943,360.9811,-1.9897,0.3570926,-4.90195,-8.272,-34.2392,0.2439003,
2,14.13,2,5.570931,360.9425,-1.989708,0.357159,-4.90195,-8.272,-34.2392,0.2439003,
2,14.14,2,5.570063,360.958,-1.995103,0.3581832,-4.91068,-8.272,-34.2435,0.2481995,
2,14.15,2,5.570902,360.9331,-1.995083,0.3581257,-4.91068,-8.272,-34.2435,0.2481995,
2,14.16,2,5.569386,360.9167,-1.997142,0.3585928,-4.91068,-8.272,-34.2435,0.2481995,
2,14.17,2,5.570953,360.9065,-1.997893,0.3586269,-4.91068,-8.272,-34.2435,0.2481995,
2,14.18,2,5.568455,360.8965,-1.997447,0.3587075,-4.91068,-8.272,-34.2435,0.2481995,
2,14.19,2,5.568139,360.8902,-1.998115,0.3588479,-4.91068,-8.272,-34.2435,0.2481995,
2,14.2,2,5.570743,360.8768,-1.998717,0.3587882,-4.91068,-8.272,-34.2435,0.2481995,
2,14.21,2,5.571662,360.8881,-1.997783,0.3585615,-4.91068,-8.272,-34.2435,0.2481995,
2,14.22,2,5.577202,360.8536,-2.000668,0.3587225,-4.91068,-8.272,-34.2435,0.2481995,
2,14.23,2,5.592155,360.817,-2.004072,0.3583721,-4.91068,-8.272,-34.2435,0.2481995,
2,14.24,2,5.607912,360.7762,-2.009489,0.358331,-4.91068,-8.272,-34.2435,0.2481995,
2,14.25,2,5.627094,360.7361,-2.015325,0.3581467,-4.91068,-8.272,-34.2435,0.2481995,
2,14.26,2,5.643586,360.665,-2.023638,0.358573,-4.91068,-8.272,-34.2435,0.2481995,
2,14.27,2,5.65424,360.6506,-2.028018,0.3586721,-4.91068,-8.272,-34.2435,0.2481995,
2,14.28,2,5.662901,360.6229,-2.033279,0.3590526,-4.91068,-8.272,-34.2435,0.2481995,
2,14.29,2,5.66509,360.6279,-2.035118,0.3592384,-4.91068,-8.272,-34.2435,0.2481995,
2,14.3,2,5.666329,360.6057,-2.034074,0.3589755,-4.91068,-8.272,-34.2435,0.2481995,
2,14.31,2,5.665036,360.5974,-2.037391,0.359643,-4.91068,-8.272,-34.2435,0.2481995,
2,14.32,2,5.661979,360.5858,-2.03341,0.3591341,-4.91068,-8.272,-34.2435,0.2481995,
2,14.33,2,5.667387,360.5752,-2.036593,0.3593531,-4.91068,-8.272,-34.2435,0.2481995,
2,14.34,2,5.665121,360.5461,-2.040374,0.3601642,-4.91068,-8.272,-34.2435,0.2481995,
2,14.35,2,5.662908,360.5492,-2.041514,0.3605064,-4.91068,-8.272,-34.2435,0.2481995,
2,14.36,2,5.663668,360.5335,-2.044444,0.3609752,-4.91068,-8.272,-34.2435,0.2481995,
2,14.37,2,5.662737,360.5258,-2.043485,0.3608652,-4.91068,-8.272,-34.2435,0.2481995,
2,14.38,2,5.66128,360.4838,-2.048232,0.3617966,-4.9207,-8.272,-34.2477,0.2523994,
2,14.39,2,5.662948,360.5175,-2.049779,0.3619632,-4.9207,-8.272,-34.2477,0.2523994,
2,14.4,2,5.659557,360.5101,-2.050326,0.3622768,-4.9207,-8.272,-34.2477,0.2523994,
2,14.41,2,5.661948,360.5144,-2.050997,0.3622422,-4.9207,-8.272,-34.2477,0.2523994,
2,14.42,2,5.667164,360.5007,-2.05216,0.3621141,-4.9207,-8.272,-34.2477,0.2523994,
2,14.43,2,5.676379,360.4713,-2.051814,0.3614652,-4.9207,-8.272,-34.2477,0.2523994,
2,14.44,2,5.691236,360.4338,-2.05301,0.3607318,-4.9207,-8.272,-34.2477,0.2523994,
2,14.45,2,5.708025,360.371,-2.05602,0.3601983,-4.9207,-8.272,-34.2477,0.2523994,
2,14.46,2,5.724718,360.3328,-2.064377,0.3606076,-4.9207,-8.272,-34.2477,0.2523994,
2,14.47,2,5.740201,360.2893,-2.070793,0.3607528,-4.9207,-8.272,-34.2477,0.2523994,
2,14.48,2,5.753084,360.2532,-2.077172,0.3610536,-4.9207,-8.272,-34.2477,0.2523994,
2,14.49,2,5.760495,360.2303,-2.084553,0.3618704,-4.9207,-8.272,-34.2477,0.2523994,
2,14.5,2,5.760997,360.2385,-2.101816,0.3648354,-4.9207,-8.272,-34.2477,0.2523994,
2,14.51,2,5.763298,360.2068,-2.100114,0.3643945,-4.9207,-8.272,-34.2477,0.2523994,
2,14.52,2,5.764307,360.2017,-2.09481,0.3634106,-4.9207,-8.272,-34.2477,0.2523994,
2,14.53,2,5.761998,360.1852,-2.09268,0.3631865,-4.9207,-8.272,-34.2477,0.2523994,
2,14.54,2,5.761547,360.1734,-2.090218,0.3627876,-4.9207,-8.272,-34.2477,0.2523994,
2,14.55,2,5.760976,360.1733,-2.092511,0.3632216,-4.9207,-8.272,-34.2477,0.2523994,
2,14.56,2,5.759143,360.1656,-2.089675,0.3628448,-4.9207,-8.272,-34.2477,0.2523994,
2,14.57,2,5.759336,360.1396,-2.098416,0.3643504,-4.9207,-8.272,-34.2477,0.2523994,
2,14.58,2,5.758385,360.1524,-2.102267,0.3650793,-4.92942,-8.272,-34.252,0.2566986,
2,14.59,2,5.757285,360.1342,-2.099821,0.3647241,-4.92942,-8.272,-34.252,0.2566986,
2,14.6,2,5.757893,360.1058,-2.100104,0.3647347,-4.92942,-8.272,-34.252,0.2566986,
2,14.61,2,5.759255,360.114,-2.098635,0.3643935,-4.92942,-8.272,-34.252,0.2566986,
2,14.62,2,5.758509,360.1364,-2.105876,0.3656982,-4.92942,-8.272,-34.252,0.2566986,
2,14.63,2,5.759521,360.1043,-2.106169,0.3656847,-4.92942,-8.272,-34.252,0.2566986,
2,14.64,2,5.757416,360.0768,-2.105673,0.3657323,-4.92942,-8.272,-34.252,0.2566986,
2,14.65,2,5.758166,360.0703,-2.106607,0.3658468,-4.92942,-8.272,-34.252,0.2566986,
2,14.66,2,5.763235,360.07,-2.10873,0.3658934,-4.92942,-8.272,-34.252,0.2566986,
2,14.67,2,5.769432,360.0369,-2.111608,0.3659993,-4.92942,-8.272,-34.252,0.2566986,
2,14.68,2,5.784488,359.9997,-2.108839,0.364568,-4.92942,-8.272,-34.252,0.2566986,
2,14.69,2,5.801407,359.994,-2.115084,0.3645813,-4.92942,-8.272,-34.252,0.2566986,
2,14.7,2,5.815011,359.929,-2.119016,0.3644045,-4.92942,-8.272,-34.252,0.2566986,
2,14.71,2,5.834311,359.8717,-2.12802,0.3647423,-4.92942,-8.272,-34.252,0.2566986,
2,14.72,2,5.84741,359.8355,-2.130156,0.3642906,-4.92942,-8.272,-34.252,0.2566986,
2,14.73,2,5.853577,359.834,-2.135353,0.3647946,-4.92942,-8.272,-34.252,0.2566986,
2,14.74,2,5.858904,359.7981,-2.139965,0.36525,-4.92942,-8.272,-34.252,0.2566986,
2,14.75,2,5.85888,359.8013,-2.141199,0.3654621,-4.92942,-8.272,-34.252,0.2566986,
2,14.76,2,5.8558,359.7816,-2.143567,0.3660587,-4.92942,-8.272,-34.252,0.2566986,
2,14.77,2,5.854717,359.7732,-2.143836,0.3661726,-4.92942,-8.272,-34.252,0.2566986,
2,14.78,2,5.856626,359.7632,-2.141112,0.365588,-4.92942,-8.272,-34.252,0.2566986,
2,14.79,2,5.855322,359.7581,-2.143104,0.3660096,-4.93948,-8.272,-34.2562,0.2608986,
2,14.8,2,5.854933,359.7443,-2.138722,0.3652855,-4.93948,-8.272,-34.2562,0.2608986,
2,14.81,2,5.852878,359.749,-2.144762,0.3664457,-4.93948,-8.272,-34.2562,0.2608986,
2,14.82,2,5.853926,359.72,-2.143568,0.366176,-4.93948,-8.272,-34.2562,0.2608986,
2,14.83,2,5.852313,359.7261,-2.148059,0.3670444,-4.93948,-8.272,-34.2562,0.2608986,
2,14.84,2,5.851632,359.7018,-2.150145,0.3674437,-4.93948,-8.272,-34.2562,0.2608986,
2,14.85,2,5.851786,359.6902,-2.148188,0.3670995,-4.93948,-8.272,-34.2562,0.2608986,
2,14.86,2,5.852482,359.6672,-2.154471,0.3681294,-4.93948,-8.272,-34.2562,0.2608986,
2,14.87,2,5.857583,359.6707,-2.15574,0.3680255,-4.93948,-8.272,-34.2562,0.2608986,
2,14.88,2,5.867874,359.6837,-2.157032,0.3676002,-4.93948,-8.272,-34.2562,0.2608986,
2,14.89,2,5.882254,359.6103,-2.164611,0.3679901,-4.93948,-8.272,-34.2562,0.2608986,
2,14.9,2,5.900566,359.5586,-2.165992,0.367082,-4.93948,-8.272,-34.2562,0.2608986,
2,14.91,2,5.914974,359.5299,-2.170731,0.3669891,-4.93948,-8.272,-34.2562,0.2608986,
2,14.92,2,5.930385,359.5003,-2.171028,0.3660856,-4.93948,-8.272,-34.2562,0.2608986,
2,14.93,2,5.941978,359.4319,-2.177304,0.3664275,-4.93948,-8.272,-34.2562,0.2608986,
2,14.94,2,5.946685,359.4332,-2.180793,0.3667242,-4.93948,-8.272,-34.2562,0.2608986,
2,14.95,2,5.947404,359.4358,-2.186132,0.3675776,-4.93948,-8.272,-34.2562,0.2608986,
2,14.96,2,5.949097,359.4095,-2.188139,0.3678102,-4.93948,-8.272,-34.2562,0.2608986,
2,14.97,2,5.947842,359.3904,-2.18885,0.3680074,-4.93948,-8.272,-34.2562,0.2608986,
2,14.98,2,5.949275,359.3971,-2.193273,0.3686622,-4.93948,-8.272,-34.2562,0.2608986,
2,14.99,2,5.946724,359.3818,-2.19589,0.3692605,-4.93948,-8.272,-34.2562,0.2608986,
2,15,2,5.946588,359.3966,-2.200953,0.3701203,-4.93948,-8.272,-34.2562,0.2608986,
2,15.01,2,5.947466,359.3613,-2.202401,0.3703091,-4.93948,-8.272,-34.2562,0.2608986,
2,15.02,2,5.944039,359.3687,-2.204334,0.3708478,-4.93948,-8.272,-34.2562,0.2608986,
2,15.03,2,5.94414,359.3573,-2.203415,0.3706869,-4.94817,-8.272,-34.2603,0.2649994,
2,15.04,2,5.947027,359.3338,-2.195873,0.3692388,-4.94817,-8.272,-34.2603,0.2649994,
2,15.05,2,5.941797,359.3181,-2.206376,0.3713315,-4.94817,-8.272,-34.2603,0.2649994,
2,15.06,2,5.941928,359.3329,-2.206481,0.3713408,-4.94817,-8.272,-34.2603,0.2649994,
2,15.07,2,5.942624,359.2939,-2.211222,0.3720953,-4.94817,-8.272,-34.2603,0.2649994,
2,15.08,2,5.944104,359.3136,-2.207608,0.3713947,-4.94817,-8.272,-34.2603,0.2649994,
2,15.09,2,5.945212,359.2999,-2.206529,0.3711438,-4.94817,-8.272,-34.2603,0.2649994,
2,15.1,2,5.943528,359.3182,-2.210896,0.3719839,-4.94817,-8.272,-34.2603,0.2649994,
2,15.11,2,5.949384,359.2777,-2.210321,0.3715209,-4.94817,-8.272,-34.2603,0.2649994,
2,15.12,2,5.95806,359.1966,-2.212631,0.3713678,-4.94817,-8.272,-34.2603,0.2649994,
2,15.13,2,5.97344,359.2195,-2.21493,0.3707963,-4.94817,-8.272,-34.2603,0.2649994,
2,15.14,2,5.992565,359.1821,-2.220272,0.3705044,-4.94817,-8.272,-34.2603,0.2649994,
2,15.15,2,6.008529,359.1401,-2.224011,0.3701424,-4.94817,-8.272,-34.2603,0.2649994,
2,15.16,2,6.024215,359.0974,-2.22632,0.3695618,-4.94817,-8.272,-34.2603,0.2649994,
2,15.17,2,6.03546,359.0853,-2.230004,0.3694836,-4.94817,-8.272,-34.2603,0.2649994,
2,15.18,2,6.040305,359.0431,-2.232017,0.3695205,-4.94817,-8.272,-34.2603,0.2649994,
2,15.19,2,6.040389,359.0085,-2.239066,0.3706824,-4.94817,-8.272,-34.2603,0.2649994,
2,15.2,2,6.042898,359.0193,-2.241564,0.3709419,-4.94817,-8.272,-34.2603,0.2649994,
2,15.21,2,6.040252,359.0225,-2.243857,0.3714839,-4.94817,-8.272,-34.2603,0.2649994,
2,15.22,2,6.04209,359.0027,-2.246809,0.3718596,-4.94817,-8.272,-34.2603,0.2649994,
2,15.23,2,6.040659,358.9943,-2.247141,0.3720026,-4.94817,-8.272,-34.2603,0.2649994,
2,15.24,2,6.03999,358.9593,-2.248777,0.3723147,-4.95822,-8.272,-34.2645,0.2691994,
2,15.25,2,6.040952,358.9906,-2.250966,0.3726178,-4.95822,-8.272,-34.2645,0.2691994,
2,15.26,2,6.041556,358.9622,-2.249184,0.3722855,-4.95822,-8.272,-34.2645,0.2691994,
2,15.27,2,6.039987,358.9737,-2.2464,0.3719213,-4.95822,-8.272,-34.2645,0.2691994,
2,15.28,2,6.039277,358.9583,-2.247115,0.3720835,-4.95822,-8.272,-34.2645,0.2691994,
2,15.29,2,6.0387,358.9561,-2.249917,0.372583,-4.95822,-8.272,-34.2645,0.2691994,
2,15.3,2,6.036971,358.9409,-2.251021,0.3728727,-4.95822,-8.272,-34.2645,0.2691994,
2,15.31,2,6.041296,358.9399,-2.254248,0.3731398,-4.95822,-8.272,-34.2645,0.2691994,
2,15.32,2,6.045007,358.9013,-2.255938,0.3731903,-4.95822,-8.272,-34.2645,0.2691994,
2,15.33,2,6.052489,358.8632,-2.261624,0.3736685,-4.95822,-8.272,-34.2645,0.2691994,
2,15.34,2,6.071057,358.8253,-2.266734,0.3733673,-4.95822,-8.272,-34.2645,0.2691994,
2,15.35,2,6.089039,358.7776,-2.269955,0.3727937,-4.95822,-8.272,-34.2645,0.2691994,
2,15.36,2,6.105354,358.8164,-2.277469,0.3730281,-4.95822,-8.272,-34.2645,0.2691994,
2,15.37,2,6.121057,358.7247,-2.281898,0.3727947,-4.95822,-8.272,-34.2645,0.2691994,
2,15.38,2,6.12944,358.6911,-2.284979,0.3727875,-4.95822,-8.272,-34.2645,0.2691994,
2,15.39,2,6.133159,358.6758,-2.284837,0.3725383,-4.95822,-8.272,-34.2645,0.2691994,
2,15.4,2,6.135837,358.6533,-2.284538,0.3723271,-4.95822,-8.272,-34.2645,0.2691994,
2,15.41,2,6.136496,358.6285,-2.288672,0.3729607,-4.95822,-8.272,-34.2645,0.2691994,
2,15.42,2,6.136078,358.6418,-2.290956,0.3733582,-4.95822,-8.272,-34.2645,0.2691994,
2,15.43,2,6.134413,358.6463,-2.293875,0.3739356,-4.96695,-8.272,-34.2686,0.2733002,
2,15.44,2,6.134168,358.6265,-2.293452,0.3738815,-4.96695,-8.272,-34.2686,0.2733002,
2,15.45,2,6.133858,358.5981,-2.299745,0.3749263,-4.96695,-8.272,-34.2686,0.2733002,
2,15.46,2,6.131262,358.5957,-2.30153,0.3753762,-4.96695,-8.272,-34.2686,0.2733002,
2,15.47,2,6.131119,358.5885,-2.299211,0.3750068,-4.96695,-8.272,-34.2686,0.2733002,
2,15.48,2,6.13173,358.6108,-2.306227,0.3761136,-4.96695,-8.272,-34.2686,0.2733002,
2,15.49,2,6.130628,358.5722,-2.305408,0.3760476,-4.96695,-8.272,-34.2686,0.2733002,
2,15.5,2,6.13383,358.5644,-2.301198,0.3751649,-4.96695,-8.272,-34.2686,0.2733002,
2,15.51,2,6.138711,358.5392,-2.299456,0.3745829,-4.96695,-8.272,-34.2686,0.2733002,
2,15.52,2,6.146573,358.5187,-2.298331,0.3739208,-4.96695,-8.272,-34.2686,0.2733002,
2,15.53,2,6.162694,358.4803,-2.303858,0.3738394,-4.96695,-8.272,-34.2686,0.2733002,
2,15.54,2,6.179097,358.4398,-2.31218,0.3741938,-4.96695,-8.272,-34.2686,0.2733002,
2,15.55,2,6.194051,358.3885,-2.324466,0.3752739,-4.96695,-8.272,-34.2686,0.2733002,
2,15.56,2,6.208775,358.3644,-2.326405,0.3746963,-4.96695,-8.272,-34.2686,0.2733002,
2,15.57,2,6.217034,358.3311,-2.334413,0.3754866,-4.96695,-8.272,-34.2686,0.2733002,
2,15.58,2,6.222092,358.3058,-2.339518,0.3760018,-4.96695,-8.272,-34.2686,0.2733002,
2,15.59,2,6.224915,358.3142,-2.341391,0.3761322,-4.96695,-8.272,-34.2686,0.2733002,
2,15.6,2,6.224442,358.2465,-2.340876,0.376078,-4.96695,-8.272,-34.2686,0.2733002,
2,15.61,2,6.223059,358.2888,-2.342766,0.3764653,-4.96695,-8.272,-34.2686,0.2733002,
2,15.62,2,6.225674,358.2941,-2.341833,0.3761573,-4.96695,-8.272,-34.2686,0.2733002,
2,15.63,2,6.222579,358.271,-2.342171,0.3763988,-4.96695,-8.272,-34.2686,0.2733002,
2,15.64,2,6.224243,358.2624,-2.342249,0.3763107,-4.96695,-8.272,-34.2686,0.2733002,
2,15.65,2,6.224107,358.2456,-2.34024,0.3759961,-4.97498,-8.272,-34.2726,0.277298,
2,15.66,2,6.223271,358.229,-2.339516,0.3759302,-4.97498,-8.272,-34.2726,0.277298,
2,15.67,2,6.223279,358.2033,-2.34421,0.376684,-4.97498,-8.272,-34.2726,0.277298,
2,15.68,2,6.222659,358.2075,-2.346035,0.3770149,-4.97498,-8.272,-34.2726,0.277298,
2,15.69,2,6.22082,358.226,-2.349761,0.3777252,-4.97498,-8.272,-34.2726,0.277298,
2,15.7,2,6.222678,358.2007,-2.35122,0.377847,-4.97498,-8.272,-34.2726,0.277298,
2,15.71,2,6.224808,358.1851,-2.351832,0.377816,-4.97498,-8.272,-34.2726,0.277298,
2,15.72,2,6.228001,358.154,-2.357507,0.3785335,-4.97498,-8.272,-34.2726,0.277298,
2,15.73,2,6.238832,358.1665,-2.355467,0.3775493,-4.97498,-8.272,-34.2726,0.277298,
2,15.74,2,6.2546,358.1065,-2.35715,0.3768667,-4.97498,-8.272,-34.2726,0.277298,
2,15.75,2,6.272858,358.075,-2.35998,0.3762208,-4.97498,-8.272,-34.2726,0.277298,
2,15.76,2,6.28723,358.0368,-2.364869,0.3761385,-4.97498,-8.272,-34.2726,0.277298,
2,15.77,2,6.302788,358.0029,-2.372878,0.3764806,-4.97498,-8.272,-34.2726,0.277298,
2,15.78,2,6.310313,357.9645,-2.374657,0.3763137,-4.97498,-8.272,-34.2726,0.277298,
2,15.79,2,6.313719,357.9459,-2.380156,0.3769816,-4.97498,-8.272,-34.2726,0.277298,
2,15.8,2,6.315579,357.9302,-2.383056,0.3773299,-4.97498,-8.272,-34.2726,0.277298,
2,15.81,2,6.313818,357.9349,-2.391032,0.3786983,-4.97498,-8.272,-34.2726,0.277298,
2,15.82,2,6.312561,357.9106,-2.393888,0.379226,-4.97498,-8.272,-34.2726,0.277298,
2,15.83,2,6.316301,357.9026,-2.393294,0.3789076,-4.97498,-8.272,-34.2726,0.277298,
2,15.84,2,6.313113,357.9241,-2.39231,0.378943,-4.97498,-8.272,-34.2726,0.277298,
2,15.85,2,6.311473,357.8761,-2.395278,0.3795118,-4.97498,-8.272,-34.2726,0.277298,
2,15.86,2,6.314131,357.888,-2.393628,0.3790907,-4.9837,-8.272,-34.2766,0.2812996,
2,15.87,2,6.310334,357.8704,-2.394453,0.3794495,-4.9837,-8.272,-34.2766,0.2812996,
2,15.88,2,6.310991,357.8613,-2.393281,0.3792242,-4.9837,-8.272,-34.2766,0.2812996,
2,15.89,2,6.312542,357.8308,-2.392314,0.378978,-4.9837,-8.272,-34.2766,0.2812996,
2,15.9,2,6.3117,357.8467,-2.391552,0.3789078,-4.9837,-8.272,-34.2766,0.2812996,
2,15.91,2,6.312349,357.8339,-2.396267,0.3796157,-4.9837,-8.272,-34.2766,0.2812996,
2,15.92,2,6.311022,357.827,-2.39524,0.3795328,-4.9837,-8.272,-34.2766,0.2812996,
2,15.93,2,6.311664,357.8016,-2.399136,0.3801115,-4.9837,-8.272,-34.2766,0.2812996,
2,15.94,2,6.318012,357.8036,-2.404664,0.3806046,-4.9837,-8.272,-34.2766,0.2812996,
2,15.95,2,6.323203,357.7793,-2.406398,0.3805663,-4.9837,-8.272,-34.2766,0.2812996,
2,15.96,2,6.334751,357.7595,-2.411853,0.3807337,-4.9837,-8.272,-34.2766,0.2812996,
2,15.97,2,6.354018,357.7146,-2.412535,0.3796865,-4.9837,-8.272,-34.2766,0.2812996,
2,15.98,2,6.372017,357.667,-2.41518,0.3790291,-4.9837,-8.272,-34.2766,0.2812996,
2,15.99,2,6.388222,357.6157,-2.419095,0.3786804,-4.9837,-8.272,-34.2766,0.2812996,
2,16,2,6.397339,357.592,-2.421113,0.3784562,-4.9837,-8.272,-34.2766,0.2812996,
2,16.01,2,6.402574,357.5576,-2.429231,0.3794147,-4.9837,-8.272,-34.2766,0.2812996,
2,16.02,2,6.406402,357.5562,-2.432977,0.3797728,-4.9837,-8.272,-34.2766,0.2812996,
2,16.03,2,6.403545,357.5352,-2.436799,0.3805391,-4.9837,-8.272,-34.2766,0.2812996,
2,16.04,2,6.404135,357.534,-2.436381,0.3804388,-4.9837,-8.272,-34.2766,0.2812996,
2,16.05,2,6.403897,357.4986,-2.441306,0.381222,-4.9837,-8.272,-34.2766,0.2812996,
2,16.06,2,6.405659,357.518,-2.446354,0.3819052,-4.9837,-8.272,-34.2766,0.2812996,
2,16.07,2,6.40627,357.5001,-2.446505,0.3818923,-4.9837,-8.272,-34.2766,0.2812996,
2,16.08,2,6.405218,357.507,-2.451014,0.382659,-4.9837,-8.272,-34.2766,0.2812996,
2,16.09,2,6.403702,357.5116,-2.449229,0.3824708,-4.99307,-8.272,-34.2806,0.2853012,
2,16.1,2,6.403306,357.4882,-2.449274,0.3825014,-4.99307,-8.272,-34.2806,0.2853012,
2,16.11,2,6.402544,357.4782,-2.446359,0.3820917,-4.99307,-8.272,-34.2806,0.2853012,
2,16.12,2,6.40235,357.4587,-2.446402,0.3821099,-4.99307,-8.272,-34.2806,0.2853012,
2,16.13,2,6.40203,357.4633,-2.449844,0.3826667,-4.99307,-8.272,-34.2806,0.2853012,
2,16.14,2,6.40211,357.4432,-2.450278,0.3827298,-4.99307,-8.272,-34.2806,0.2853012,
2,16.15,2,6.401144,357.4445,-2.45204,0.3830628,-4.99307,-8.272,-34.2806,0.2853012,
2,16.16,2,6.403836,357.4265,-2.453655,0.383154,-4.99307,-8.272,-34.2806,0.2853012,
2,16.17,2,6.408418,357.425,-2.455935,0.3832358,-4.99307,-8.272,-34.2806,0.2853012,
2,16.18,2,6.42166,357.3804,-2.459205,0.3829547,-4.99307,-8.272,-34.2806,0.2853012,
2,16.19,2,6.436292,357.3331,-2.461155,0.3823871,-4.99307,-8.272,-34.2806,0.2853012,
2,16.2,2,6.455779,357.2986,-2.471245,0.3827958,-4.99307,-8.272,-34.2806,0.2853012,
2,16.21,2,6.473105,357.2684,-2.473165,0.3820678,-4.99307,-8.272,-34.2806,0.2853012,
2,16.22,2,6.483147,357.2289,-2.476941,0.3820584,-4.99307,-8.272,-34.2806,0.2853012,
2,16.23,2,6.490327,357.2018,-2.476106,0.3815071,-4.99307,-8.272,-34.2806,0.2853012,
2,16.24,2,6.493108,357.1891,-2.480616,0.3820383,-4.99307,-8.272,-34.2806,0.2853012,
2,16.25,2,6.493139,357.1982,-2.484825,0.3826847,-4.99307,-8.272,-34.2806,0.2853012,
2,16.26,2,6.495753,357.1756,-2.486192,0.3827412,-4.99307,-8.272,-34.2806,0.2853012,
2,16.27,2,6.492033,357.1727,-2.486956,0.3830781,-4.99307,-8.272,-34.2806,0.2853012,
2,16.28,2,6.492921,357.1433,-2.488241,0.3832236,-4.99307,-8.272,-34.2806,0.2853012,
2,16.29,2,6.491393,357.1451,-2.494509,0.3842795,-4.99307,-8.272,-34.2806,0.2853012,
2,16.3,2,6.492195,357.1299,-2.494836,0.3842823,-5.00112,-8.272,-34.2846,0.289299,
2,16.31,2,6.494334,357.1234,-2.496669,0.3844381,-5.00112,-8.272,-34.2846,0.289299,
2,16.32,2,6.495031,357.1137,-2.498022,0.3846051,-5.00112,-8.272,-34.2846,0.289299,
2,16.33,2,6.493158,357.1015,-2.493783,0.3840631,-5.00112,-8.272,-34.2846,0.289299,
2,16.34,2,6.492023,357.1007,-2.498523,0.3848604,-5.00112,-8.272,-34.2846,0.289299,
2,16.35,2,6.491528,357.0854,-2.495771,0.3844658,-5.00112,-8.272,-34.2846,0.289299,
2,16.36,2,6.491436,357.0966,-2.495258,0.3843923,-5.00112,-8.272,-34.2846,0.289299,
2,16.37,2,6.49696,357.0545,-2.495718,0.3841363,-5.00112,-8.272,-34.2846,0.289299,
2,16.38,2,6.502569,357.0332,-2.499372,0.3843668,-5.00112,-8.272,-34.2846,0.289299,
2,16.39,2,6.514115,357.0117,-2.505957,0.3846965,-5.00112,-8.272,-34.2846,0.289299,
2,16.4,2,6.531265,356.9794,-2.511298,0.3845041,-5.00112,-8.272,-34.2846,0.289299,
2,16.41,2,6.54739,356.8981,-2.520172,0.3849125,-5.00112,-8.272,-34.2846,0.289299,
2,16.42,2,6.566229,356.8975,-2.524922,0.3845315,-5.00112,-8.272,-34.2846,0.289299,
2,16.43,2,6.578691,356.8633,-2.528457,0.3843405,-5.00112,-8.272,-34.2846,0.289299,
2,16.44,2,6.584267,356.846,-2.535533,0.3850896,-5.00112,-8.272,-34.2846,0.289299,
2,16.45,2,6.585729,356.8292,-2.535908,0.385061,-5.00112,-8.272,-34.2846,0.289299,
2,16.46,2,6.587645,356.8085,-2.534527,0.3847395,-5.00112,-8.272,-34.2846,0.289299,
2,16.47,2,6.588987,356.7966,-2.53396,0.3845751,-5.00112,-8.272,-34.2846,0.289299,
2,16.48,2,6.587991,356.7909,-2.532665,0.3844366,-5.00112,-8.272,-34.2846,0.289299,
2,16.49,2,6.58682,356.7608,-2.537394,0.3852229,-5.00112,-8.272,-34.2846,0.289299,
2,16.5,2,6.589327,356.7678,-2.539785,0.3854392,-5.00112,-8.272,-34.2846,0.289299,
2,16.51,2,6.586636,356.7686,-2.543936,0.3862269,-5.00112,-8.272,-34.2846,0.289299,
2,16.52,2,6.585174,356.75,-2.543952,0.3863151,-5.01118,-8.272,-34.2886,0.2933006,
2,16.53,2,6.582931,356.7093,-2.552051,0.387677,-5.01118,-8.272,-34.2886,0.2933006,
2,16.54,2,6.584437,356.7354,-2.551469,0.3874999,-5.01118,-8.272,-34.2886,0.2933006,
2,16.55,2,6.584469,356.7354,-2.551223,0.3874607,-5.01118,-8.272,-34.2886,0.2933006,
2,16.56,2,6.583202,356.7285,-2.555116,0.3881266,-5.01118,-8.272,-34.2886,0.2933006,
2,16.57,2,6.582565,356.7272,-2.55301,0.3878441,-5.01118,-8.272,-34.2886,0.2933006,
2,16.58,2,6.582865,356.715,-2.555441,0.3881958,-5.01118,-8.272,-34.2886,0.2933006,
2,16.59,2,6.584788,356.6911,-2.55079,0.3873761,-5.01118,-8.272,-34.2886,0.2933006,
2,16.6,2,6.59126,356.6693,-2.551936,0.3871696,-5.01118,-8.272,-34.2886,0.2933006,
2,16.61,2,6.60058,356.6444,-2.55511,0.3871038,-5.01118,-8.272,-34.2886,0.2933006,
2,16.62,2,6.616272,356.62,-2.560071,0.3869355,-5.01118,-8.272,-34.2886,0.2933006,
2,16.63,2,6.635284,356.5737,-2.566425,0.3867845,-5.01118,-8.272,-34.2886,0.2933006,
2,16.64,2,6.654529,356.5255,-2.574862,0.3869339,-5.01118,-8.272,-34.2886,0.2933006,
2,16.65,2,6.664404,356.5132,-2.582483,0.387504,-5.01118,-8.272,-34.2886,0.2933006,
2,16.66,2,6.674686,356.4723,-2.586271,0.3874745,-5.01118,-8.272,-34.2886,0.2933006,
2,16.67,2,6.678914,356.4735,-2.589991,0.3877862,-5.01118,-8.272,-34.2886,0.2933006,
2,16.68,2,6.680271,356.4417,-2.590414,0.3877709,-5.01118,-8.272,-34.2886,0.2933006,
2,16.69,2,6.68328,356.4341,-2.589989,0.3875326,-5.01118,-8.272,-34.2886,0.2933006,
2,16.7,2,6.679376,356.4315,-2.59065,0.3878581,-5.01118,-8.272,-34.2886,0.2933006,
2,16.71,2,6.67806,356.4189,-2.588171,0.3875633,-5.0199,-8.272,-34.2926,0.2972984,
2,16.72,2,6.678452,356.3975,-2.589576,0.387751,-5.0199,-8.272,-34.2926,0.2972984,
2,16.73,2,6.679188,356.407,-2.592371,0.3881266,-5.0199,-8.272,-34.2926,0.2972984,
2,16.74,2,6.679637,356.374,-2.595929,0.3886332,-5.0199,-8.272,-34.2926,0.2972984,
2,16.75,2,6.677888,356.3816,-2.595634,0.3886908,-5.0199,-8.272,-34.2926,0.2972984,
2,16.76,2,6.675894,356.3771,-2.600075,0.3894722,-5.0199,-8.272,-34.2926,0.2972984,
2,16.77,2,6.675285,356.3902,-2.60757,0.3906305,-5.0199,-8.272,-34.2926,0.2972984,
2,16.78,2,6.679087,356.3579,-2.606431,0.3902377,-5.0199,-8.272,-34.2926,0.2972984,
2,16.79,2,6.682939,356.3057,-2.61002,0.3905498,-5.0199,-8.272,-34.2926,0.2972984,
2,16.8,2,6.693486,356.3231,-2.610477,0.3900026,-5.0199,-8.272,-34.2926,0.2972984,
2,16.81,2,6.704857,356.2791,-2.612616,0.3896603,-5.0199,-8.272,-34.2926,0.2972984,
2,16.82,2,6.723473,356.2454,-2.61693,0.3892229,-5.0199,-8.272,-34.2926,0.2972984,
2,16.83,2,6.742095,356.1911,-2.616715,0.388116,-5.0199,-8.272,-34.2926,0.2972984,
2,16.84,2,6.756565,356.1759,-2.620528,0.3878491,-5.0199,-8.272,-34.2926,0.2972984,
2,16.85,2,6.763284,356.134,-2.626415,0.3883342,-5.0199,-8.272,-34.2926,0.2972984,
2,16.86,2,6.769678,356.0997,-2.631106,0.3886604,-5.0199,-8.272,-34.2926,0.2972984,
2,16.87,2,6.769639,356.0988,-2.635362,0.3892914,-5.0199,-8.272,-34.2926,0.2972984,
2,16.88,2,6.771911,356.1026,-2.635465,0.389176,-5.0199,-8.272,-34.2926,0.2972984,
2,16.89,2,6.768503,356.0644,-2.641243,0.3902256,-5.0199,-8.272,-34.2926,0.2972984,
2,16.9,2,6.768697,356.0789,-2.644967,0.3907646,-5.0199,-8.272,-34.2926,0.2972984,
2,16.91,2,6.767429,356.0558,-2.657043,0.3926222,-5.0199,-8.272,-34.2926,0.2972984,
2,16.92,2,6.766077,356.0766,-2.658281,0.3928836,-5.0199,-8.272,-34.2926,0.2972984,
2,16.93,2,6.766452,356.0518,-2.656004,0.3925254,-5.0199,-8.272,-34.2926,0.2972984,
2,16.94,2,6.766687,356.0419,-2.657514,0.3927349,-5.0199,-8.272,-34.2926,0.2972984,
2,16.95,2,6.765348,356.0365,-2.654746,0.3924035,-5.0199,-8.272,-34.2926,0.2972984,
2,16.96,2,6.764126,356.0362,-2.654059,0.3923728,-5.02857,-8.272,-34.2964,0.3010979,
2,16.97,2,6.764909,356.0084,-2.655829,0.3925891,-5.02857,-8.272,-34.2964,0.3010979,
2,16.98,2,6.763565,356.017,-2.656583,0.3927785,-5.02857,-8.272,-34.2964,0.3010979,
2,16.99,2,6.762002,355.9925,-2.663063,0.3938276,-5.02857,-8.272,-34.2964,0.3010979,
2,17,2,6.764685,355.9843,-2.664051,0.3938174,-5.02857,-8.272,-34.2964,0.3010979,
2,17.01,2,6.762403,355.9625,-2.670663,0.3949281,-5.02857,-8.272,-34.2964,0.3010979,
2,17.02,2,6.763835,355.9785,-2.67064,0.3948411,-5.02857,-8.272,-34.2964,0.3010979,
2,17.03,2,6.767653,355.9942,-2.67786,0.3956853,-5.02857,-8.272,-34.2964,0.3010979,
2,17.04,2,6.780436,355.9465,-2.671816,0.3940478,-5.02857,-8.272,-34.2964,0.3010979,
2,17.05,2,6.795427,355.9017,-2.675369,0.3937013,-5.02857,-8.272,-34.2964,0.3010979,
2,17.06,2,6.809732,355.8683,-2.678953,0.3934006,-5.02857,-8.272,-34.2964,0.3010979,
2,17.07,2,6.829423,355.8219,-2.677963,0.3921215,-5.02857,-8.272,-34.2964,0.3010979,
2,17.08,2,6.847064,355.7567,-2.684599,0.3920803,-5.02857,-8.272,-34.2964,0.3010979,
2,17.09,2,6.852952,355.755,-2.69118,0.3927037,-5.02857,-8.272,-34.2964,0.3010979,
2,17.1,2,6.860376,355.757,-2.695286,0.3928773,-5.02857,-8.272,-34.2964,0.3010979,
2,17.11,2,6.861726,355.7296,-2.699667,0.3934384,-5.02857,-8.272,-34.2964,0.3010979,
2,17.12,2,6.861495,355.7088,-2.699127,0.393373,-5.02857,-8.272,-34.2964,0.3010979,
2,17.13,2,6.861221,355.7046,-2.704539,0.3941776,-5.02857,-8.272,-34.2964,0.3010979,
2,17.14,2,6.860356,355.6905,-2.702271,0.3938966,-5.02857,-8.272,-34.2964,0.3010979,
2,17.15,2,6.860896,355.7157,-2.708495,0.3947728,-5.02857,-8.272,-34.2964,0.3010979,
2,17.16,2,6.859799,355.6778,-2.707378,0.394673,-5.03862,-8.272,-34.3004,0.3050995,
2,17.17,2,6.860354,355.6748,-2.705321,0.3943413,-5.03862,-8.272,-34.3004,0.3050995,
2,17.18,2,6.859383,355.6609,-2.705437,0.3944141,-5.03862,-8.272,-34.3004,0.3050995,
2,17.19,2,6.859996,355.6476,-2.703297,0.3940668,-5.03862,-8.272,-34.3004,0.3050995,
2,17.2,2,6.858702,355.6506,-2.7046,0.3943311,-5.03862,-8.272,-34.3004,0.3050995,
2,17.21,2,6.86026,355.6067,-2.709081,0.3948948,-5.03862,-8.272,-34.3004,0.3050995,
2,17.22,2,6.857342,355.6191,-2.714044,0.3957866,-5.03862,-8.272,-34.3004,0.3050995,
2,17.23,2,6.856749,355.6143,-2.717028,0.396256,-5.03862,-8.272,-34.3004,0.3050995,
2,17.24,2,6.865133,355.6028,-2.716528,0.3956993,-5.03862,-8.272,-34.3004,0.3050995,
2,17.25,2,6.876705,355.5796,-2.721782,0.3957974,-5.03862,-8.272,-34.3004,0.3050995,
2,17.26,2,6.891774,355.5439,-2.724732,0.3953601,-5.03862,-8.272,-34.3004,0.3050995,
2,17.27,2,6.910085,355.4417,-2.729207,0.39496,-5.03862,-8.272,-34.3004,0.3050995,
2,17.28,2,6.924238,355.4574,-2.738049,0.3954296,-5.03862,-8.272,-34.3004,0.3050995,
2,17.29,2,6.939692,355.4309,-2.741187,0.3950013,-5.03862,-8.272,-34.3004,0.3050995,
2,17.3,2,6.946131,355.4025,-2.745483,0.3952536,-5.03862,-8.272,-34.3004,0.3050995,
2,17.31,2,6.950121,355.3843,-2.742031,0.39453,-5.03862,-8.272,-34.3004,0.3050995,
2,17.32,2,6.951905,355.3863,-2.745784,0.3949686,-5.03862,-8.272,-34.3004,0.3050995,
2,17.33,2,6.950222,355.361,-2.748217,0.3954142,-5.03862,-8.272,-34.3004,0.3050995,
2,17.34,2,6.950452,355.3251,-2.747034,0.395231,-5.03862,-8.272,-34.3004,0.3050995,
2,17.35,2,6.95164,355.3322,-2.749153,0.3954683,-5.03862,-8.272,-34.3004,0.3050995,
2,17.36,2,6.948799,355.3439,-2.75055,0.3958309,-5.03862,-8.272,-34.3004,0.3050995,
2,17.37,2,6.9505,355.325,-2.753403,0.3961447,-5.03862,-8.272,-34.3004,0.3050995,
2,17.38,2,6.950926,355.3204,-2.754934,0.3963405,-5.03862,-8.272,-34.3004,0.3050995,
2,17.39,2,6.948603,355.2887,-2.760727,0.3973067,-5.03862,-8.272,-34.3004,0.3050995,
2,17.4,2,6.951016,355.2961,-2.760429,0.3971259,-5.04735,-8.272,-34.3044,0.3091011,
2,17.41,2,6.949138,355.2976,-2.757428,0.3968015,-5.04735,-8.272,-34.3044,0.3091011,
2,17.42,2,6.946912,355.2918,-2.757825,0.3969858,-5.04735,-8.272,-34.3044,0.3091011,
2,17.43,2,6.949168,355.2876,-2.759027,0.3970298,-5.04735,-8.272,-34.3044,0.3091011,
2,17.44,2,6.944588,355.283,-2.762447,0.3977841,-5.04735,-8.272,-34.3044,0.3091011,
2,17.45,2,6.945896,355.2665,-2.762314,0.3976901,-5.04735,-8.272,-34.3044,0.3091011,
2,17.46,2,6.944792,355.2624,-2.765533,0.3982168,-5.04735,-8.272,-34.3044,0.3091011,
2,17.47,2,6.946032,355.2231,-2.768901,0.3986307,-5.04735,-8.272,-34.3044,0.3091011,
2,17.48,2,6.952749,355.241,-2.772717,0.3987944,-5.04735,-8.272,-34.3044,0.3091011,
2,17.49,2,6.963435,355.2114,-2.778676,0.3990381,-5.04735,-8.272,-34.3044,0.3091011,
2,17.5,2,6.978548,355.1602,-2.780161,0.3983867,-5.04735,-8.272,-34.3044,0.3091011,
2,17.51,2,7.000363,355.1853,-2.786375,0.3980329,-5.04735,-8.272,-34.3044,0.3091011,
2,17.52,2,7.015772,355.0834,-2.787194,0.3972754,-5.04735,-8.272,-34.3044,0.3091011,
2,17.53,2,7.029941,355.0522,-2.794893,0.3975699,-5.04735,-8.272,-34.3044,0.3091011,
2,17.54,2,7.039789,355.0302,-2.794848,0.3970073,-5.04735,-8.272,-34.3044,0.3091011,
2,17.55,2,7.042193,355,-2.795627,0.3969824,-5.04735,-8.272,-34.3044,0.3091011,
2,17.56,2,7.046742,354.9775,-2.794289,0.3965363,-5.04735,-8.272,-34.3044,0.3091011,
2,17.57,2,7.046361,354.9904,-2.7984,0.3971411,-5.04735,-8.272,-34.3044,0.3091011,
2,17.58,2,7.045787,354.9843,-2.802296,0.3977265,-5.04735,-8.272,-34.3044,0.3091011,
2,17.59,2,7.044715,354.9657,-2.807011,0.3984563,-5.04735,-8.272,-34.3044,0.3091011,
2,17.6,2,7.043561,354.9431,-2.807015,0.3985221,-5.04735,-8.272,-34.3044,0.3091011,
2,17.61,2,7.04366,354.9463,-2.810633,0.3990302,-5.05737,-8.272,-34.3084,0.3130989,
2,17.62,2,7.041938,354.9453,-2.808864,0.3988765,-5.05737,-8.272,-34.3084,0.3130989,
2,17.63,2,7.040805,354.9641,-2.813265,0.3995658,-5.05737,-8.272,-34.3084,0.3130989,
2,17.64,2,7.041429,354.9185,-2.808132,0.3988014,-5.05737,-8.272,-34.3084,0.3130989,
2,17.65,2,7.040405,354.9204,-2.808815,0.3989564,-5.05737,-8.272,-34.3084,0.3130989,
2,17.66,2,7.039046,354.8882,-2.80813,0.3989362,-5.05737,-8.272,-34.3084,0.3130989,
2,17.67,2,7.043075,354.8874,-2.806339,0.3984536,-5.05737,-8.272,-34.3084,0.3130989,
2,17.68,2,7.042762,354.8794,-2.812919,0.3994056,-5.05737,-8.272,-34.3084,0.3130989,
2,17.69,2,7.050004,354.8473,-2.813755,0.3991139,-5.05737,-8.272,-34.3084,0.3130989,
2,17.7,2,7.061039,354.8297,-2.82296,0.3997938,-5.05737,-8.272,-34.3084,0.3130989,
2,17.71,2,7.076343,354.7954,-2.823965,0.3990712,-5.05737,-8.272,-34.3084,0.3130989,
2,17.72,2,7.095049,354.7499,-2.830308,0.3989131,-5.05737,-8.272,-34.3084,0.3130989,
2,17.73,2,7.112185,354.7105,-2.838357,0.3990837,-5.05737,-8.272,-34.3084,0.3130989,
2,17.74,2,7.124516,354.6882,-2.84112,0.3987809,-5.05737,-8.272,-34.3084,0.3130989,
2,17.75,2,7.130198,354.6244,-2.848421,0.3994869,-5.05737,-8.272,-34.3084,0.3130989,
2,17.76,2,7.134376,354.662,-2.850679,0.3995695,-5.05737,-8.272,-34.3084,0.3130989,
2,17.77,2,7.136391,354.6444,-2.850417,0.39942,-5.05737,-8.272,-34.3084,0.3130989,
2,17.78,2,7.134828,354.6389,-2.847747,0.3991332,-5.05737,-8.272,-34.3084,0.3130989,
2,17.79,2,7.134224,354.6196,-2.847702,0.3991607,-5.05737,-8.272,-34.3084,0.3130989,
2,17.8,2,7.134919,354.6078,-2.849689,0.3994003,-5.05737,-8.272,-34.3084,0.3130989,
2,17.81,2,7.133642,354.5932,-2.850445,0.3995778,-5.05737,-8.272,-34.3084,0.3130989,
2,17.82,2,7.132366,354.5851,-2.85625,0.4004631,-5.05737,-8.272,-34.3084,0.3130989,
2,17.83,2,7.131759,354.5741,-2.856006,0.4004631,-5.05737,-8.272,-34.3084,0.3130989,
2,17.84,2,7.13159,354.5913,-2.857374,0.4006643,-5.05737,-8.272,-34.3084,0.3130989,
2,17.85,2,7.13318,354.5623,-2.85977,0.4009109,-5.0661,-8.272,-34.3123,0.3170013,
2,17.86,2,7.129574,354.5525,-2.864153,0.4017285,-5.0661,-8.272,-34.3123,0.3170013,
2,17.87,2,7.13182,354.5293,-2.86118,0.401185,-5.0661,-8.272,-34.3123,0.3170013,
2,17.88,2,7.132917,354.541,-2.86046,0.4010224,-5.0661,-8.272,-34.3123,0.3170013,
2,17.89,2,7.13244,354.5304,-2.858361,0.400755,-5.0661,-8.272,-34.3123,0.3170013,
2,17.9,2,7.131727,354.5334,-2.859295,0.400926,-5.0661,-8.272,-34.3123,0.3170013,
2,17.91,2,7.13021,354.537,-2.861882,0.4013742,-5.0661,-8.272,-34.3123,0.3170013,
2,17.92,2,7.13375,354.5104,-2.866309,0.4017955,-5.0661,-8.272,-34.3123,0.3170013,
2,17.93,2,7.13983,354.4978,-2.865155,0.4012917,-5.0661,-8.272,-34.3123,0.3170013,
2,17.94,2,7.150267,354.4532,-2.87259,0.4017459,-5.0661,-8.272,-34.3123,0.3170013,
2,17.95,2,7.167185,354.4072,-2.875816,0.4012477,-5.0661,-8.272,-34.3123,0.3170013,
2,17.96,2,7.18727,354.3955,-2.884835,0.4013813,-5.0661,-8.272,-34.3123,0.3170013,
2,17.97,2,7.204427,354.3424,-2.894399,0.4017529,-5.0661,-8.272,-34.3123,0.3170013,
2,17.98,2,7.21699,354.3141,-2.898223,0.4015834,-5.0661,-8.272,-34.3123,0.3170013,
2,17.99,2,7.224995,354.2946,-2.902628,0.4017481,-5.0661,-8.272,-34.3123,0.3170013,
2,18,2,7.228302,354.2588,-2.900293,0.4012412,-5.0661,-8.272,-34.3123,0.3170013,
2,18.01,2,7.227514,354.2656,-2.898009,0.4009689,-5.0661,-8.272,-34.3123,0.3170013,
2,18.02,2,7.232198,354.2462,-2.898022,0.4007111,-5.0661,-8.272,-34.3123,0.3170013,
2,18.03,2,7.231914,354.2469,-2.898604,0.4008074,-5.0661,-8.272,-34.3123,0.3170013,
2,18.04,2,7.228676,354.2248,-2.902224,0.4014876,-5.0661,-8.272,-34.3123,0.3170013,
2,18.05,2,7.230594,354.2173,-2.903517,0.4015599,-5.07482,-8.272,-34.3164,0.3210983,
2,18.06,2,7.226716,354.209,-2.911611,0.4028954,-5.07482,-8.272,-34.3164,0.3210983,
2,18.07,2,7.225706,354.2065,-2.910459,0.4027923,-5.07482,-8.272,-34.3164,0.3210983,
2,18.08,2,7.226927,354.1841,-2.910946,0.4027917,-5.07482,-8.272,-34.3164,0.3210983,
2,18.09,2,7.226573,354.1916,-2.912054,0.4029647,-5.07482,-8.272,-34.3164,0.3210983,
2,18.1,2,7.227488,354.1926,-2.91462,0.4032688,-5.07482,-8.272,-34.3164,0.3210983,
2,18.11,2,7.22553,354.198,-2.916181,0.4035941,-5.07482,-8.272,-34.3164,0.3210983,
2,18.12,2,7.2255,354.1743,-2.914878,0.4034154,-5.07482,-8.272,-34.3164,0.3210983,
2,18.13,2,7.230016,354.1532,-2.913348,0.4029518,-5.07482,-8.272,-34.3164,0.3210983,
2,18.14,2,7.239263,354.1324,-2.913007,0.4023899,-5.07482,-8.272,-34.3164,0.3210983,
2,18.15,2,7.25055,354.1068,-2.914426,0.4019594,-5.07482,-8.272,-34.3164,0.3210983,
2,18.16,2,7.266963,354.0491,-2.923223,0.4022619,-5.07482,-8.272,-34.3164,0.3210983,
2,18.17,2,7.28572,354.0081,-2.926256,0.4016427,-5.07482,-8.272,-34.3164,0.3210983,
2,18.18,2,7.304334,353.9716,-2.931649,0.4013575,-5.07482,-8.272,-34.3164,0.3210983,
2,18.19,2,7.316608,353.9475,-2.938663,0.4016428,-5.07482,-8.272,-34.3164,0.3210983,
2,18.2,2,7.319914,353.8991,-2.942691,0.4020117,-5.07482,-8.272,-34.3164,0.3210983,
2,18.21,2,7.327969,353.9169,-2.936442,0.4007171,-5.07482,-8.272,-34.3164,0.3210983,
2,18.22,2,7.326942,353.909,-2.939297,0.4011629,-5.07482,-8.272,-34.3164,0.3210983,
2,18.23,2,7.325417,353.9085,-2.941852,0.4015952,-5.07482,-8.272,-34.3164,0.3210983,
2,18.24,2,7.325515,353.9016,-2.937524,0.400999,-5.07482,-8.272,-34.3164,0.3210983,
2,18.25,2,7.323943,353.8824,-2.940163,0.4014454,-5.07482,-8.272,-34.3164,0.3210983,
2,18.26,2,7.322451,353.88,-2.937499,0.4011633,-5.07482,-8.272,-34.3164,0.3210983,
2,18.27,2,7.324119,353.8447,-2.93637,0.4009178,-5.07482,-8.272,-34.3164,0.3210983,
2,18.28,2,7.324682,353.845,-2.937035,0.4009778,-5.07482,-8.272,-34.3164,0.3210983,
2,18.29,2,7.323554,353.8489,-2.939261,0.4013436,-5.08485,-8.272,-34.3203,0.3250008,
2,18.3,2,7.32167,353.841,-2.945461,0.4022936,-5.08485,-8.272,-34.3203,0.3250008,
2,18.31,2,7.319745,353.8199,-2.945777,0.4024426,-5.08485,-8.272,-34.3203,0.3250008,
2,18.32,2,7.319826,353.8497,-2.948016,0.402744,-5.08485,-8.272,-34.3203,0.3250008,
2,18.33,2,7.320992,353.8208,-2.950324,0.4029951,-5.08485,-8.272,-34.3203,0.3250008,
2,18.34,2,7.325195,353.8025,-2.952056,0.4030003,-5.08485,-8.272,-34.3203,0.3250008,
2,18.35,2,7.334477,353.7791,-2.956135,0.4030465,-5.08485,-8.272,-34.3203,0.3250008,
2,18.36,2,7.348032,353.748,-2.954892,0.4021338,-5.08485,-8.272,-34.3203,0.3250008,
2,18.37,2,7.366958,353.7173,-2.958079,0.4015333,-5.08485,-8.272,-34.3203,0.3250008,
2,18.38,2,7.38223,353.6715,-2.959602,0.400909,-5.08485,-8.272,-34.3203,0.3250008,
2,18.39,2,7.399771,353.6234,-2.966061,0.4008314,-5.08485,-8.272,-34.3203,0.3250008,
2,18.4,2,7.412083,353.6263,-2.970979,0.4008292,-5.08485,-8.272,-34.3203,0.3250008,
2,18.41,2,7.417896,353.5914,-2.97445,0.400983,-5.08485,-8.272,-34.3203,0.3250008,
2,18.42,2,7.420081,353.5815,-2.979922,0.4016024,-5.08485,-8.272,-34.3203,0.3250008,
2,18.43,2,7.420728,353.5573,-2.980919,0.4017016,-5.08485,-8.272,-34.3203,0.3250008,
2,18.44,2,7.418309,353.5856,-2.987723,0.4027498,-5.08485,-8.272,-34.3203,0.3250008,
2,18.45,2,7.416989,353.5451,-2.989976,0.4031254,-5.08485,-8.272,-34.3203,0.3250008,
2,18.46,2,7.417913,353.5236,-2.990349,0.4031254,-5.08485,-8.272,-34.3203,0.3250008,
2,18.47,2,7.416692,353.517,-2.990116,0.4031603,-5.08485,-8.272,-34.3203,0.3250008,
2,18.48,2,7.415473,353.5148,-2.987757,0.4029085,-5.08485,-8.272,-34.3203,0.3250008,
2,18.49,2,7.417326,353.5131,-2.988168,0.4028632,-5.08485,-8.272,-34.3203,0.3250008,
2,18.5,2,7.417401,353.4878,-2.988495,0.4029032,-5.08485,-8.272,-34.3203,0.3250008,
2,18.51,2,7.415983,353.4935,-2.988322,0.4029571,-5.09358,-8.272,-34.3243,0.3289986,
2,18.52,2,7.415989,353.4638,-2.989673,0.4031388,-5.09358,-8.272,-34.3243,0.3289986,
2,18.53,2,7.415744,353.5035,-2.991456,0.4033925,-5.09358,-8.272,-34.3243,0.3289986,
2,18.54,2,7.416498,353.4487,-2.997643,0.4041858,-5.09358,-8.272,-34.3243,0.3289986,
2,18.55,2,7.414639,353.463,-2.996915,0.404189,-5.09358,-8.272,-34.3243,0.3289986,
2,18.56,2,7.413295,353.4408,-2.999139,0.4045622,-5.09358,-8.272,-34.3243,0.3289986,
2,18.57,2,7.415324,353.4422,-2.999725,0.4045305,-5.09358,-8.272,-34.3243,0.3289986,
2,18.58,2,7.419308,353.4285,-3.004003,0.4048899,-5.09358,-8.272,-34.3243,0.3289986,
2,18.59,2,7.426341,353.4236,-3.008798,0.4051521,-5.09358,-8.272,-34.3243,0.3289986,
2,18.6,2,7.442197,353.394,-3.007211,0.4040757,-5.09358,-8.272,-34.3243,0.3289986,
2,18.61,2,7.460286,353.3348,-3.009467,0.4033983,-5.09358,-8.272,-34.3243,0.3289986,
2,18.62,2,7.477676,353.2997,-3.011299,0.4027052,-5.09358,-8.272,-34.3243,0.3289986,
2,18.63,2,7.491363,353.269,-3.017083,0.4027415,-5.09358,-8.272,-34.3243,0.3289986,
2,18.64,2,7.504078,353.2112,-3.023431,0.4029051,-5.09358,-8.272,-34.3243,0.3289986,
2,18.65,2,7.511058,353.2061,-3.027277,0.4030427,-5.09358,-8.272,-34.3243,0.3289986,
2,18.66,2,7.510602,353.193,-3.031684,0.4036539,-5.09358,-8.272,-34.3243,0.3289986,
2,18.67,2,7.510464,353.1816,-3.033392,0.4038888,-5.09358,-8.272,-34.3243,0.3289986,
2,18.68,2,7.511441,353.1394,-3.040896,0.4048353,-5.09358,-8.272,-34.3243,0.3289986,
2,18.69,2,7.510251,353.1613,-3.039928,0.4047705,-5.09358,-8.272,-34.3243,0.3289986,
2,18.7,2,7.509618,353.1846,-3.039337,0.404726,-5.09358,-8.272,-34.3243,0.3289986,
2,18.71,2,7.510518,353.155,-3.041129,0.404916,-5.10362,-8.272,-34.3283,0.3330002,
2,18.72,2,7.509885,353.1397,-3.039299,0.4047065,-5.10362,-8.272,-34.3283,0.3330002,
2,18.73,2,7.509204,353.128,-3.0395,0.4047699,-5.10362,-8.272,-34.3283,0.3330002,
2,18.74,2,7.508373,353.13,-3.036861,0.4044632,-5.10362,-8.272,-34.3283,0.3330002,
2,18.75,2,7.507239,353.1017,-3.040087,0.4049541,-5.10362,-8.272,-34.3283,0.3330002,
2,18.76,2,7.508366,353.1037,-3.040493,0.4049474,-5.10362,-8.272,-34.3283,0.3330002,
2,18.77,2,7.508604,353.1057,-3.043307,0.4053093,-5.10362,-8.272,-34.3283,0.3330002,
2,18.78,2,7.508569,353.1045,-3.048349,0.4059827,-5.10362,-8.272,-34.3283,0.3330002,
2,18.79,2,7.509463,353.077,-3.049623,0.4061041,-5.10362,-8.272,-34.3283,0.3330002,
2,18.8,2,7.506062,353.0829,-3.052493,0.4066703,-5.10362,-8.272,-34.3283,0.3330002,
2,18.81,2,7.507773,353.0753,-3.053953,0.4067722,-5.10362,-8.272,-34.3283,0.3330002,
2,18.82,2,7.507978,353.093,-3.05658,0.4071109,-5.10362,-8.272,-34.3283,0.3330002,
2,18.83,2,7.509623,353.0577,-3.05581,0.4069192,-5.10362,-8.272,-34.3283,0.3330002,
2,18.84,2,7.514418,353.0499,-3.052608,0.4062334,-5.10362,-8.272,-34.3283,0.3330002,
2,18.85,2,7.524584,353.0279,-3.0553,0.4060423,-5.10362,-8.272,-34.3283,0.3330002,
2,18.86,2,7.542054,352.9784,-3.055443,0.4051207,-5.10362,-8.272,-34.3283,0.3330002,
2,18.87,2,7.559483,352.9359,-3.060307,0.4048302,-5.10362,-8.272,-34.3283,0.3330002,
2,18.88,2,7.576908,352.9145,-3.066592,0.4047286,-5.10362,-8.272,-34.3283,0.3330002,
2,18.89,2,7.593431,352.8671,-3.072124,0.4045766,-5.10362,-8.272,-34.3283,0.3330002,
2,18.9,2,7.599902,352.8463,-3.079183,0.4051609,-5.10362,-8.272,-34.3283,0.3330002,
2,18.91,2,7.600022,352.8422,-3.083957,0.4057826,-5.10362,-8.272,-34.3283,0.3330002,
2,18.92,2,7.60377,352.8535,-3.089991,0.4063762,-5.10362,-8.272,-34.3283,0.3330002,
2,18.93,2,7.601577,352.8192,-3.090394,0.4065465,-5.10362,-8.272,-34.3283,0.3330002,
2,18.94,2,7.601174,352.7647,-3.092155,0.4067997,-5.10362,-8.272,-34.3283,0.3330002,
2,18.95,2,7.603139,352.7942,-3.092828,0.406783,-5.10362,-8.272,-34.3283,0.3330002,
2,18.96,2,7.601259,352.8002,-3.088883,0.4063646,-5.10362,-8.272,-34.3283,0.3330002,
2,18.97,2,7.602064,352.7859,-3.09186,0.4067132,-5.10362,-8.272,-34.3283,0.3330002,
2,18.98,2,7.60212,352.7786,-3.089398,0.4063864,-5.10362,-8.272,-34.3283,0.3330002,
2,18.99,2,7.599377,352.7818,-3.090831,0.4067217,-5.10362,-8.272,-34.3283,0.3330002,
2,19,2,7.60362,352.7496,-3.092748,0.4067468,-5.10362,-8.272,-34.3283,0.3330002,
2,19.01,2,7.600318,352.7323,-3.094717,0.4071826,-5.11435,-8.272,-34.3322,0.3368988,
2,19.02,2,7.599833,352.7368,-3.099591,0.4078499,-5.11435,-8.272,-34.3322,0.3368988,
2,19.03,2,7.600772,352.7478,-3.100864,0.4079669,-5.11435,-8.272,-34.3322,0.3368988,
2,19.04,2,7.598915,352.7205,-3.104585,0.4085563,-5.11435,-8.272,-34.3322,0.3368988,
2,19.05,2,7.600466,352.7251,-3.102875,0.408248,-5.11435,-8.272,-34.3322,0.3368988,
2,19.06,2,7.597977,352.6995,-3.106366,0.4088411,-5.11435,-8.272,-34.3322,0.3368988,
2,19.07,2,7.598826,352.7246,-3.106901,0.4088659,-5.11435,-8.272,-34.3322,0.3368988,
2,19.08,2,7.607293,352.6892,-3.104575,0.4081051,-5.11435,-8.272,-34.3322,0.3368988,
2,19.09,2,7.617851,352.6594,-3.105697,0.4076868,-5.11435,-8.272,-34.3322,0.3368988,
2,19.1,2,7.632877,352.6299,-3.107232,0.4070853,-5.11435,-8.272,-34.3322,0.3368988,
2,19.11,2,7.654744,352.5923,-3.112119,0.4065608,-5.11435,-8.272,-34.3322,0.3368988,
2,19.12,2,7.671315,352.5448,-3.118085,0.4064603,-5.11435,-8.272,-34.3322,0.3368988,
2,19.13,2,7.685921,352.5088,-3.12456,0.4065304,-5.11435,-8.272,-34.3322,0.3368988,
2,19.14,2,7.698879,352.4769,-3.130337,0.4065965,-5.11435,-8.272,-34.3322,0.3368988,
2,19.15,2,7.700532,352.4556,-3.134714,0.4070776,-5.11435,-8.272,-34.3322,0.3368988,
2,19.16,2,7.703666,352.4416,-3.141298,0.4077666,-5.11435,-8.272,-34.3322,0.3368988,
2,19.17,2,7.704626,352.4469,-3.141789,0.4077795,-5.11435,-8.272,-34.3322,0.3368988,
2,19.18,2,7.702508,352.49,-3.144079,0.408189,-5.11435,-8.272,-34.3322,0.3368988,
2,19.19,2,7.703294,352.4236,-3.142673,0.4079649,-5.11435,-8.272,-34.3322,0.3368988,
2,19.2,2,7.702645,352.4171,-3.140027,0.4076556,-5.11435,-8.272,-34.3322,0.3368988,
2,19.21,2,7.702354,352.4113,-3.141183,0.4078211,-5.12437,-8.272,-34.3364,0.3410988,
2,19.22,2,7.701581,352.3947,-3.138999,0.4075786,-5.12437,-8.272,-34.3364,0.3410988,
2,19.23,2,7.702154,352.3711,-3.141658,0.4078934,-5.12437,-8.272,-34.3364,0.3410988,
2,19.24,2,7.701467,352.3714,-3.141671,0.4079315,-5.12437,-8.272,-34.3364,0.3410988,
2,19.25,2,7.701005,352.385,-3.145445,0.4084461,-5.12437,-8.272,-34.3364,0.3410988,
2,19.26,2,7.701829,352.3629,-3.147522,0.408672,-5.12437,-8.272,-34.3364,0.3410988,
2,19.27,2,7.702091,352.339,-3.148134,0.4087376,-5.12437,-8.272,-34.3364,0.3410988,
2,19.28,2,7.703182,352.3376,-3.153185,0.4093354,-5.12437,-8.272,-34.3364,0.3410988,
2,19.29,2,7.711066,352.3239,-3.153128,0.4089095,-5.12437,-8.272,-34.3364,0.3410988,
2,19.3,2,7.723607,352.33,-3.159227,0.4090352,-5.12437,-8.272,-34.3364,0.3410988,
2,19.31,2,7.738772,352.2608,-3.160327,0.4083758,-5.12437,-8.272,-34.3364,0.3410988,
2,19.32,2,7.757382,352.2134,-3.162601,0.4076892,-5.12437,-8.272,-34.3364,0.3410988,
2,19.33,2,7.774912,352.175,-3.166404,0.4072591,-5.12437,-8.272,-34.3364,0.3410988,
2,19.34,2,7.790329,352.1359,-3.168107,0.4066717,-5.12437,-8.272,-34.3364,0.3410988,
2,19.35,2,7.79669,352.1251,-3.175204,0.4072502,-5.12437,-8.272,-34.3364,0.3410988,
2,19.36,2,7.800015,352.0961,-3.179943,0.4076842,-5.12437,-8.272,-34.3364,0.3410988,
2,19.37,2,7.804297,352.0897,-3.183526,0.4079196,-5.12437,-8.272,-34.3364,0.3410988,
2,19.38,2,7.8013,352.0917,-3.185153,0.4082849,-5.12437,-8.272,-34.3364,0.3410988,
2,19.39,2,7.799566,352.0837,-3.189512,0.4089345,-5.12437,-8.272,-34.3364,0.3410988,
2,19.4,2,7.799342,352.0741,-3.194845,0.4096301,-5.12437,-8.272,-34.3364,0.3410988,
2,19.41,2,7.800558,352.0646,-3.19455,0.4095284,-5.12437,-8.272,-34.3364,0.3410988,
2,19.42,2,7.800375,352.0051,-3.19593,0.4097149,-5.12437,-8.272,-34.3364,0.3410988,
2,19.43,2,7.800295,352.0602,-3.195132,0.4096168,-5.12437,-8.272,-34.3364,0.3410988,
2,19.44,2,7.799068,352.0508,-3.194523,0.4096032,-5.12437,-8.272,-34.3364,0.3410988,
2,19.45,2,7.797632,352.0471,-3.192842,0.409463,-5.1331,-8.272,-34.3404,0.3451004,
2,19.46,2,7.799889,352.0309,-3.193019,0.4093672,-5.1331,-8.272,-34.3404,0.3451004,
2,19.47,2,7.799092,352.0252,-3.196974,0.4099162,-5.1331,-8.272,-34.3404,0.3451004,
2,19.48,2,7.797456,352.0061,-3.196638,0.4099591,-5.1331,-8.272,-34.3404,0.3451004,
2,19.49,2,7.797126,351.9864,-3.199892,0.4103938,-5.1331,-8.272,-34.3404,0.3451004,
2,19.5,2,7.795412,351.9888,-3.201615,0.410705,-5.1331,-8.272,-34.3404,0.3451004,
2,19.51,2,7.797194,352.0006,-3.201448,0.4105898,-5.1331,-8.272,-34.3404,0.3451004,
2,19.52,2,7.795864,351.9719,-3.206715,0.4113354,-5.1331,-8.272,-34.3404,0.3451004,
2,19.53,2,7.795024,351.9631,-3.204645,0.4111142,-5.1331,-8.272,-34.3404,0.3451004,
2,19.54,2,7.799932,351.9532,-3.211882,0.4117833,-5.1331,-8.272,-34.3404,0.3451004,
2,19.55,2,7.809721,351.9538,-3.210962,0.4111494,-5.1331,-8.272,-34.3404,0.3451004,
2,19.56,2,7.823066,351.9085,-3.210702,0.4104148,-5.1331,-8.272,-34.3404,0.3451004,
2,19.57,2,7.842608,351.8846,-3.214988,0.4099386,-5.1331,-8.272,-34.3404,0.3451004,
2,19.58,2,7.857642,351.8404,-3.217622,0.4094895,-5.1331,-8.272,-34.3404,0.3451004,
2,19.59,2,7.876569,351.8027,-3.225976,0.4095662,-5.1331,-8.272,-34.3404,0.3451004,
2,19.6,2,7.890174,351.7857,-3.229986,0.4093681,-5.1331,-8.272,-34.3404,0.3451004,
2,19.61,2,7.893939,351.7507,-3.23442,0.4097346,-5.1331,-8.272,-34.3404,0.3451004,
2,19.62,2,7.896791,351.7298,-3.238125,0.4100558,-5.1331,-8.272,-34.3404,0.3451004,
2,19.63,2,7.897051,351.7308,-3.243613,0.4107372,-5.1331,-8.272,-34.3404,0.3451004,
2,19.64,2,7.895364,351.7187,-3.246538,0.4111955,-5.1331,-8.272,-34.3404,0.3451004,
2,19.65,2,7.894775,351.7158,-3.247656,0.4113678,-5.1331,-8.272,-34.3404,0.3451004,
2,19.66,2,7.896379,351.7516,-3.248327,0.4113691,-5.1331,-8.272,-34.3404,0.3451004,
2,19.67,2,7.892275,351.693,-3.247175,0.4114371,-5.1331,-8.272,-34.3404,0.3451004,
2,19.68,2,7.895659,351.6879,-3.247979,0.4113626,-5.1331,-8.272,-34.3404,0.3451004,
2,19.69,2,7.89451,351.6798,-3.244814,0.4110216,-5.1331,-8.272,-34.3404,0.3451004,
2,19.7,2,7.893091,351.6728,-3.242961,0.4108607,-5.14383,-8.272,-34.3444,0.3490982,
2,19.71,2,7.892041,351.6514,-3.245696,0.4112619,-5.14383,-8.272,-34.3444,0.3490982,
2,19.72,2,7.893909,351.6562,-3.246472,0.4112629,-5.14383,-8.272,-34.3444,0.3490982,
2,19.73,2,7.892486,351.6556,-3.251947,0.4120308,-5.14383,-8.272,-34.3444,0.3490982,
2,19.74,2,7.890387,351.6418,-3.253233,0.4123033,-5.14383,-8.272,-34.3444,0.3490982,
2,19.75,2,7.891135,351.6253,-3.252955,0.412229,-5.14383,-8.272,-34.3444,0.3490982,
2,19.76,2,7.891202,351.636,-3.256335,0.4126539,-5.14383,-8.272,-34.3444,0.3490982,
2,19.77,2,7.892931,351.634,-3.256012,0.4125225,-5.14383,-8.272,-34.3444,0.3490982,
2,19.78,2,7.896418,351.6363,-3.260124,0.4128612,-5.14383,-8.272,-34.3444,0.3490982,
2,19.79,2,7.906549,351.5889,-3.259483,0.412251,-5.14383,-8.272,-34.3444,0.3490982,
2,19.8,2,7.922288,351.5612,-3.261634,0.4117035,-5.14383,-8.272,-34.3444,0.3490982,
2,19.81,2,7.94017,351.5092,-3.262653,0.4109047,-5.14383,-8.272,-34.3444,0.3490982,
2,19.82,2,7.956787,351.4647,-3.267061,0.4106006,-5.14383,-8.272,-34.3444,0.3490982,
2,19.83,2,7.975211,351.4283,-3.273939,0.4105144,-5.14383,-8.272,-34.3444,0.3490982,
2,19.84,2,7.986067,351.3849,-3.280006,0.4107161,-5.14383,-8.272,-34.3444,0.3490982,
2,19.85,2,7.994149,351.4109,-3.285639,0.4110055,-5.14383,-8.272,-34.3444,0.3490982,
2,19.86,2,7.998194,351.368,-3.289639,0.4112977,-5.14383,-8.272,-34.3444,0.3490982,
2,19.87,2,7.995396,351.3448,-3.294946,0.4121054,-5.14383,-8.272,-34.3444,0.3490982,
2,19.88,2,7.998042,351.352,-3.298429,0.4124046,-5.14383,-8.272,-34.3444,0.3490982,
2,19.89,2,7.998125,351.3513,-3.295891,0.4120829,-5.14383,-8.272,-34.3444,0.3490982,
2,19.9,2,7.996735,351.3145,-3.300735,0.4127603,-5.14383,-8.272,-34.3444,0.3490982,
2,19.91,2,7.997316,351.3355,-3.298729,0.4124795,-5.14383,-8.272,-34.3444,0.3490982,
2,19.92,2,7.994086,351.3253,-3.297238,0.4124597,-5.15387,-8.272,-34.3486,0.3532982,
2,19.93,2,7.995804,351.3203,-3.296599,0.4122911,-5.15387,-8.272,-34.3486,0.3532982,
2,19.94,2,7.998345,351.3044,-3.293479,0.41177,-5.15387,-8.272,-34.3486,0.3532982,
2,19.95,2,7.994884,351.2911,-3.296747,0.4123571,-5.15387,-8.272,-34.3486,0.3532982,
2,19.96,2,7.994241,351.2828,-3.297694,0.4125088,-5.15387,-8.272,-34.3486,0.3532982,
2,19.97,2,7.992919,351.2783,-3.30268,0.4132007,-5.15387,-8.272,-34.3486,0.3532982,
2,19.98,2,7.993876,351.2684,-3.30243,0.41312,-5.15387,-8.272,-34.3486,0.3532982,
2,19.99,2,7.995203,351.2842,-3.304873,0.4133571,-5.15387,-8.272,-34.3486,0.3532982,
2,20,2,7.993381,351.2624,-3.307706,0.4138056,-5.15387,-8.272,-34.3486,0.3532982,
2,20.01,2,7.993123,351.2512,-3.309831,0.4140848,-5.15387,-8.272,-34.3486,0.3532982,
2,20.02,2,8.000421,351.2365,-3.31281,0.4140795,-5.15387,-8.272,-34.3486,0.3532982,
2,20.03,2,8.005441,351.2339,-3.310352,0.4135128,-5.15387,-8.272,-34.3486,0.3532982,
2,20.04,2,8.019406,351.1867,-3.314661,0.41333,-5.15387,-8.272,-34.3486,0.3532982,
2,20.05,2,8.040785,351.1613,-3.31672,0.4124871,-5.15387,-8.272,-34.3486,0.3532982,
2,20.06,2,8.05576,351.1155,-3.318076,0.4118886,-5.15387,-8.272,-34.3486,0.3532982,
2,20.07,2,8.072622,351.09,-3.3267,0.4120965,-5.15387,-8.272,-34.3486,0.3532982,
2,20.08,2,8.083062,351.0576,-3.331555,0.412165,-5.15387,-8.272,-34.3486,0.3532982,
2,20.09,2,8.089608,351.0259,-3.337409,0.4125552,-5.15387,-8.272,-34.3486,0.3532982,
2,20.1,2,8.095018,351.0081,-3.33879,0.41245,-5.15387,-8.272,-34.3486,0.3532982,
2,20.11,2,8.094767,351.0374,-3.344369,0.413152,-5.15387,-8.272,-34.3486,0.3532982,
2,20.12,2,8.093678,350.9986,-3.348517,0.4137201,-5.15387,-8.272,-34.3486,0.3532982,
2,20.13,2,8.093536,350.9949,-3.348518,0.4137275,-5.15387,-8.272,-34.3486,0.3532982,
2,20.14,2,8.093181,350.9973,-3.349187,0.4138283,-5.15387,-8.272,-34.3486,0.3532982,
2,20.15,2,8.096004,350.9544,-3.346282,0.4133251,-5.15387,-8.272,-34.3486,0.3532982,
2,20.16,2,8.09151,350.9694,-3.346884,0.4136291,-5.16393,-8.272,-34.3527,0.357399,
2,20.17,2,8.093296,350.9452,-3.346029,0.4134322,-5.16393,-8.272,-34.3527,0.357399,
2,20.18,2,8.094742,350.9507,-3.344429,0.4131606,-5.16393,-8.272,-34.3527,0.357399,
2,20.19,2,8.092741,350.9405,-3.345811,0.4134336,-5.16393,-8.272,-34.3527,0.357399,
2,20.2,2,8.090801,350.9286,-3.346514,0.4136196,-5.16393,-8.272,-34.3527,0.357399,
2,20.21,2,8.091921,350.9179,-3.351336,0.4141582,-5.16393,-8.272,-34.3527,0.357399,
2,20.22,2,8.090278,350.9141,-3.349573,0.4140245,-5.16393,-8.272,-34.3527,0.357399,
2,20.23,2,8.092934,350.8907,-3.353092,0.4143234,-5.16393,-8.272,-34.3527,0.357399,
2,20.24,2,8.090854,350.9102,-3.355797,0.4147642,-5.16393,-8.272,-34.3527,0.357399,
2,20.25,2,8.089411,350.9066,-3.358316,0.4151496,-5.16393,-8.272,-34.3527,0.357399,
2,20.26,2,8.091211,350.8935,-3.362521,0.415577,-5.16393,-8.272,-34.3527,0.357399,
2,20.27,2,8.092851,350.8849,-3.358227,0.4149621,-5.16393,-8.272,-34.3527,0.357399,
2,20.28,2,8.097091,350.8735,-3.35911,0.414854,-5.16393,-8.272,-34.3527,0.357399,
2,20.29,2,8.109163,350.8434,-3.358494,0.4141603,-5.16393,-8.272,-34.3527,0.357399,
2,20.3,2,8.125341,350.8154,-3.359039,0.4134028,-5.16393,-8.272,-34.3527,0.357399,
2,20.31,2,8.145728,350.7601,-3.365279,0.4131342,-5.16393,-8.272,-34.3527,0.357399,
2,20.32,2,8.163078,350.7168,-3.372717,0.4131673,-5.16393,-8.272,-34.3527,0.357399,
2,20.33,2,8.176299,350.6777,-3.380371,0.4134353,-5.16393,-8.272,-34.3527,0.357399,
2,20.34,2,8.189084,350.6508,-3.385257,0.4133865,-5.16393,-8.272,-34.3527,0.357399,
2,20.35,2,8.191134,350.6197,-3.39218,0.4141283,-5.16393,-8.272,-34.3527,0.357399,
2,20.36,2,8.193389,350.6449,-3.394783,0.414332,-5.16393,-8.272,-34.3527,0.357399,
2,20.37,2,8.194728,350.6501,-3.395498,0.4143515,-5.16393,-8.272,-34.3527,0.357399,
2,20.38,2,8.19294,350.6475,-3.397245,0.4146551,-5.16393,-8.272,-34.3527,0.357399,
2,20.39,2,8.193552,350.6321,-3.394145,0.4142459,-5.16393,-8.272,-34.3527,0.357399,
2,20.4,2,8.192666,350.6108,-3.395971,0.4145136,-5.16393,-8.272,-34.3527,0.357399,
2,20.41,2,8.190185,350.6127,-3.394206,0.4144236,-5.17465,-8.272,-34.3567,0.3614006,
2,20.42,2,8.190126,350.5855,-3.395133,0.4145398,-5.17465,-8.272,-34.3567,0.3614006,
2,20.43,2,8.191332,350.591,-3.395302,0.4144994,-5.17465,-8.272,-34.3567,0.3614006,
2,20.44,2,8.190572,350.5805,-3.398552,0.4149346,-5.17465,-8.272,-34.3567,0.3614006,
2,20.45,2,8.19037,350.5781,-3.404207,0.4156353,-5.17465,-8.272,-34.3567,0.3614006,
2,20.46,2,8.189946,350.565,-3.40262,0.415463,-5.17465,-8.272,-34.3567,0.3614006,
2,20.47,2,8.190849,350.5758,-3.406806,0.4159284,-5.17465,-8.272,-34.3567,0.3614006,
2,20.48,2,8.188255,350.5531,-3.407053,0.4160903,-5.17465,-8.272,-34.3567,0.3614006,
2,20.49,2,8.188755,350.5533,-3.40638,0.4159826,-5.17465,-8.272,-34.3567,0.3614006,
2,20.5,2,8.188898,350.5294,-3.409932,0.4164092,-5.17465,-8.272,-34.3567,0.3614006,
2,20.51,2,8.188813,350.5277,-3.405801,0.415909,-5.17465,-8.272,-34.3567,0.3614006,
2,20.52,2,8.188258,350.5312,-3.405354,0.4158826,-5.17465,-8.272,-34.3567,0.3614006,
2,20.53,2,8.193686,350.5106,-3.403283,0.4153543,-5.17465,-8.272,-34.3567,0.3614006,
2,20.54,2,8.200091,350.4965,-3.404529,0.4151819,-5.17465,-8.272,-34.3567,0.3614006,
2,20.55,2,8.212003,350.4654,-3.409064,0.4151319,-5.17465,-8.272,-34.3567,0.3614006,
2,20.56,2,8.231221,350.4328,-3.41494,0.4148765,-5.17465,-8.272,-34.3567,0.3614006,
2,20.57,2,8.248497,350.3858,-3.424016,0.4151078,-5.17465,-8.272,-34.3567,0.3614006,
2,20.58,2,8.265833,350.3535,-3.433735,0.415413,-5.17465,-8.272,-34.3567,0.3614006,
2,20.59,2,8.280413,350.3536,-3.441833,0.4156596,-5.17465,-8.272,-34.3567,0.3614006,
2,20.6,2,8.289935,350.3026,-3.440471,0.4150178,-5.17465,-8.272,-34.3567,0.3614006,
2,20.61,2,8.291509,350.2703,-3.443799,0.4153404,-5.17465,-8.272,-34.3567,0.3614006,
2,20.62,2,8.29353,350.2677,-3.445181,0.4154059,-5.17465,-8.272,-34.3567,0.3614006,
2,20.63,2,8.290159,350.265,-3.441513,0.4151323,-5.17465,-8.272,-34.3567,0.3614006,
2,20.64,2,8.293352,350.2729,-3.442509,0.4150926,-5.17465,-8.272,-34.3567,0.3614006,
2,20.65,2,8.288628,350.2455,-3.440536,0.4150912,-5.17465,-8.272,-34.3567,0.3614006,
2,20.66,2,8.292504,350.2645,-3.441092,0.4149641,-5.17465,-8.272,-34.3567,0.3614006,
2,20.67,2,8.292284,350.2217,-3.442807,0.4151821,-5.17465,-8.272,-34.3567,0.3614006,
2,20.68,2,8.291195,350.2111,-3.442707,0.4152244,-5.17465,-8.272,-34.3567,0.3614006,
2,20.69,2,8.291778,350.215,-3.447857,0.4158163,-5.18535,-8.272,-34.3608,0.3655014,
2,20.7,2,8.292333,350.2133,-3.447683,0.4157676,-5.18535,-8.272,-34.3608,0.3655014,
2,20.71,2,8.288564,350.194,-3.452944,0.4165914,-5.18535,-8.272,-34.3608,0.3655014,
2,20.72,2,8.28846,350.1962,-3.453961,0.4167193,-5.18535,-8.272,-34.3608,0.3655014,
2,20.73,2,8.290325,350.1701,-3.454813,0.4167283,-5.18535,-8.272,-34.3608,0.3655014,
2,20.74,2,8.289474,350.1913,-3.456381,0.4169602,-5.18535,-8.272,-34.3608,0.3655014,
2,20.75,2,8.290712,350.1762,-3.45458,0.4166807,-5.18535,-8.272,-34.3608,0.3655014,
2,20.76,2,8.290339,350.1591,-3.454075,0.4166386,-5.18535,-8.272,-34.3608,0.3655014,
2,20.77,2,8.287964,350.1658,-3.453425,0.4166795,-5.18535,-8.272,-34.3608,0.3655014,
2,20.78,2,8.291459,350.1511,-3.45487,0.4166782,-5.18535,-8.272,-34.3608,0.3655014,
2,20.79,2,8.295694,350.1184,-3.453962,0.416356,-5.18535,-8.272,-34.3608,0.3655014,
2,20.8,2,8.303936,350.1018,-3.45833,0.4164688,-5.18535,-8.272,-34.3608,0.3655014,
2,20.81,2,8.319704,350.0596,-3.463042,0.4162458,-5.18535,-8.272,-34.3608,0.3655014,
2,20.82,2,8.340796,350.0276,-3.467153,0.4156861,-5.18535,-8.272,-34.3608,0.3655014,
2,20.83,2,8.35957,349.9588,-3.47622,0.4158372,-5.18535,-8.272,-34.3608,0.3655014,
2,20.84,2,8.376942,349.9587,-3.482445,0.4157179,-5.18535,-8.272,-34.3608,0.3655014,
2,20.85,2,8.388243,349.9686,-3.490557,0.416125,-5.18535,-8.272,-34.3608,0.3655014,
2,20.86,2,8.394614,349.919,-3.493954,0.4162138,-5.18535,-8.272,-34.3608,0.3655014,
2,20.87,2,8.398512,349.9071,-3.491938,0.4157806,-5.18535,-8.272,-34.3608,0.3655014,
2,20.88,2,8.397333,349.8883,-3.495238,0.4162319,-5.18535,-8.272,-34.3608,0.3655014,
2,20.89,2,8.398714,349.8918,-3.492525,0.4158404,-5.18535,-8.272,-34.3608,0.3655014,
2,20.9,2,8.397497,349.861,-3.493969,0.4160727,-5.18535,-8.272,-34.3608,0.3655014,
2,20.91,2,8.39765,349.8665,-3.494456,0.4161231,-5.18535,-8.272,-34.3608,0.3655014,
2,20.92,2,8.398098,349.8609,-3.496977,0.4164011,-5.18535,-8.272,-34.3608,0.3655014,
2,20.93,2,8.394725,349.8515,-3.499804,0.4169052,-5.18535,-8.272,-34.3608,0.3655014,
2,20.94,2,8.397741,349.8257,-3.501994,0.4170162,-5.18535,-8.272,-34.3608,0.3655014,
2,20.95,2,8.399131,349.8323,-3.505668,0.4173847,-5.19607,-8.272,-34.3652,0.3698997,
2,20.96,2,8.397079,349.832,-3.504334,0.4173277,-5.19607,-8.272,-34.3652,0.3698997,
2,20.97,2,8.397469,349.8475,-3.508748,0.417834,-5.19607,-8.272,-34.3652,0.3698997,
2,20.98,2,8.397024,349.8127,-3.51189,0.4182304,-5.19607,-8.272,-34.3652,0.3698997,
2,20.99,2,8.3976,349.8041,-3.507068,0.4176274,-5.19607,-8.272,-34.3652,0.3698997,
2,21,2,8.398539,349.8033,-3.507415,0.417622,-5.19607,-8.272,-34.3652,0.3698997,
2,21.01,2,8.398064,349.7949,-3.507633,0.4176717,-5.19607,-8.272,-34.3652,0.3698997,
2,21.02,2,8.392702,349.7818,-3.509541,0.4181658,-5.19607,-8.272,-34.3652,0.3698997,
2,21.03,2,8.393903,349.7819,-3.509608,0.4181139,-5.19607,-8.272,-34.3652,0.3698997,
2,21.04,2,8.395448,349.7792,-3.511124,0.4182177,-5.19607,-8.272,-34.3652,0.3698997,
2,21.05,2,8.394648,349.7758,-3.514412,0.4186491,-5.19607,-8.272,-34.3652,0.3698997,
2,21.06,2,8.396142,349.7747,-3.517405,0.418931,-5.19607,-8.272,-34.3652,0.3698997,
2,21.07,2,8.398775,349.7728,-3.523152,0.419484,-5.19607,-8.272,-34.3652,0.3698997,
2,21.08,2,8.40328,349.7447,-3.521175,0.4190238,-5.19607,-8.272,-34.3652,0.3698997,
2,21.09,2,8.413721,349.6794,-3.529009,0.4194349,-5.19607,-8.272,-34.3652,0.3698997,
2,21.1,2,8.430682,349.6883,-3.530901,0.4188156,-5.19607,-8.272,-34.3652,0.3698997,
2,21.11,2,8.452367,349.6581,-3.531987,0.4178695,-5.19607,-8.272,-34.3652,0.3698997,
2,21.12,2,8.468827,349.6143,-3.53726,0.4176801,-5.19607,-8.272,-34.3652,0.3698997,
2,21.13,2,8.487952,349.5719,-3.540347,0.4171026,-5.19607,-8.272,-34.3652,0.3698997,
2,21.14,2,8.498864,349.5646,-3.546342,0.4172725,-5.19607,-8.272,-34.3652,0.3698997,
2,21.15,2,8.503926,349.5152,-3.547641,0.4171768,-5.19607,-8.272,-34.3652,0.3698997,
2,21.16,2,8.508852,349.5086,-3.551178,0.4173511,-5.19607,-8.272,-34.3652,0.3698997,
2,21.17,2,8.507726,349.5042,-3.555845,0.4179548,-5.19607,-8.272,-34.3652,0.3698997,
2,21.18,2,8.506601,349.5189,-3.557034,0.4181499,-5.19607,-8.272,-34.3652,0.3698997,
2,21.19,2,8.507963,349.4869,-3.559594,0.4183838,-5.19607,-8.272,-34.3652,0.3698997,
2,21.2,2,8.506993,349.491,-3.560125,0.4184939,-5.20815,-8.272,-34.3695,0.3741989,
2,21.21,2,8.504835,349.4606,-3.565286,0.4192069,-5.20815,-8.272,-34.3695,0.3741989,
2,21.22,2,8.509173,349.4865,-3.561819,0.4185857,-5.20815,-8.272,-34.3695,0.3741989,
2,21.23,2,8.505692,349.471,-3.560738,0.41863,-5.20815,-8.272,-34.3695,0.3741989,
2,21.24,2,8.507735,349.459,-3.560296,0.4184775,-5.20815,-8.272,-34.3695,0.3741989,
2,21.25,2,8.507941,349.4547,-3.560105,0.4184449,-5.20815,-8.272,-34.3695,0.3741989,
2,21.26,2,8.507097,349.4505,-3.56189,0.4186963,-5.20815,-8.272,-34.3695,0.3741989,
2,21.27,2,8.50573,349.4387,-3.561335,0.4186984,-5.20815,-8.272,-34.3695,0.3741989,
2,21.28,2,8.506423,349.4183,-3.56405,0.4189834,-5.20815,-8.272,-34.3695,0.3741989,
2,21.29,2,8.503398,349.4157,-3.565989,0.4193605,-5.20815,-8.272,-34.3695,0.3741989,
2,21.3,2,8.509565,349.4055,-3.57048,0.4195843,-5.20815,-8.272,-34.3695,0.3741989,
2,21.31,2,8.505939,349.4051,-3.57527,0.4203264,-5.20815,-8.272,-34.3695,0.3741989,
2,21.32,2,8.505107,349.4036,-3.572044,0.4199882,-5.20815,-8.272,-34.3695,0.3741989,
2,21.33,2,8.510018,349.4509,-3.575947,0.4202043,-5.20815,-8.272,-34.3695,0.3741989,
2,21.34,2,8.517374,349.3699,-3.576029,0.4198511,-5.20815,-8.272,-34.3695,0.3741989,
2,21.35,2,8.530136,349.3298,-3.577018,0.4193389,-5.20815,-8.272,-34.3695,0.3741989,
2,21.36,2,8.551023,349.3052,-3.580046,0.4186687,-5.20815,-8.272,-34.3695,0.3741989,
2,21.37,2,8.568247,349.2715,-3.579612,0.4177765,-5.20815,-8.272,-34.3695,0.3741989,
2,21.38,2,8.588476,349.2216,-3.587629,0.4177259,-5.20815,-8.272,-34.3695,0.3741989,
2,21.39,2,8.60134,349.2004,-3.590549,0.4174407,-5.20815,-8.272,-34.3695,0.3741989,
2,21.4,2,8.611687,349.1942,-3.59814,0.4178206,-5.20815,-8.272,-34.3695,0.3741989,
2,21.41,2,8.614904,349.1617,-3.60809,0.4188195,-5.20815,-8.272,-34.3695,0.3741989,
2,21.42,2,8.617625,349.1356,-3.609607,0.4188633,-5.20815,-8.272,-34.3695,0.3741989,
2,21.43,2,8.617312,349.1431,-3.613544,0.4193353,-5.20815,-8.272,-34.3695,0.3741989,
2,21.44,2,8.616338,349.138,-3.613086,0.4193297,-5.20815,-8.272,-34.3695,0.3741989,
2,21.45,2,8.614905,349.159,-3.614538,0.4195679,-5.20815,-8.272,-34.3695,0.3741989,
2,21.46,2,8.619642,349.1139,-3.613519,0.4192191,-5.20815,-8.272,-34.3695,0.3741989,
2,21.47,2,8.615985,349.1237,-3.612184,0.4192421,-5.20815,-8.272,-34.3695,0.3741989,
2,21.48,2,8.614443,349.1017,-3.610916,0.41917,-5.20815,-8.272,-34.3695,0.3741989,
2,21.49,2,8.617868,349.0842,-3.607921,0.4186559,-5.20815,-8.272,-34.3695,0.3741989,
2,21.5,2,8.616031,349.0853,-3.611575,0.4191692,-5.21885,-8.272,-34.3738,0.3784981,
2,21.51,2,8.616283,349.0677,-3.613194,0.4193448,-5.21885,-8.272,-34.3738,0.3784981,
2,21.52,2,8.61534,349.0642,-3.613702,0.4194497,-5.21885,-8.272,-34.3738,0.3784981,
2,21.53,2,8.614024,349.0578,-3.613086,0.4194424,-5.21885,-8.272,-34.3738,0.3784981,
2,21.54,2,8.61541,349.0443,-3.619045,0.4200665,-5.21885,-8.272,-34.3738,0.3784981,
2,21.55,2,8.614352,349.0455,-3.622323,0.4204986,-5.21885,-8.272,-34.3738,0.3784981,
2,21.56,2,8.612707,349.0479,-3.621577,0.4204923,-5.21885,-8.272,-34.3738,0.3784981,
2,21.57,2,8.615457,348.9769,-3.62708,0.4209969,-5.21885,-8.272,-34.3738,0.3784981,
2,21.58,2,8.615568,349.0399,-3.622276,0.4204338,-5.21885,-8.272,-34.3738,0.3784981,
2,21.59,2,8.618408,349.0257,-3.62415,0.4205127,-5.21885,-8.272,-34.3738,0.3784981,
2,21.6,2,8.63011,349.0008,-3.624003,0.4199255,-5.21885,-8.272,-34.3738,0.3784981,
2,21.61,2,8.647095,348.9636,-3.624159,0.4191186,-5.21885,-8.272,-34.3738,0.3784981,
2,21.62,2,8.666883,348.9326,-3.631239,0.4189786,-5.21885,-8.272,-34.3738,0.3784981,
2,21.63,2,8.686146,348.8687,-3.634059,0.4183742,-5.21885,-8.272,-34.3738,0.3784981,
2,21.64,2,8.703647,348.835,-3.641971,0.418442,-5.21885,-8.272,-34.3738,0.3784981,
2,21.65,2,8.718243,348.8188,-3.647032,0.418322,-5.21885,-8.272,-34.3738,0.3784981,
2,21.66,2,8.722986,348.8068,-3.65468,0.4189712,-5.21885,-8.272,-34.3738,0.3784981,
2,21.67,2,8.728988,348.7821,-3.658123,0.4190776,-5.21885,-8.272,-34.3738,0.3784981,
2,21.68,2,8.729836,348.7685,-3.658867,0.419122,-5.21885,-8.272,-34.3738,0.3784981,
2,21.69,2,8.727216,348.7548,-3.664286,0.4198688,-5.21885,-8.272,-34.3738,0.3784981,
2,21.7,2,8.727071,348.7562,-3.664366,0.419885,-5.21885,-8.272,-34.3738,0.3784981,
2,21.71,2,8.728931,348.7466,-3.662872,0.4196244,-5.21885,-8.272,-34.3738,0.3784981,
2,21.72,2,8.729092,348.7542,-3.659207,0.4191968,-5.21885,-8.272,-34.3738,0.3784981,
2,21.73,2,8.726828,348.723,-3.660188,0.419418,-5.21885,-8.272,-34.3738,0.3784981,
2,21.74,2,8.72752,348.7262,-3.664145,0.419838,-5.21885,-8.272,-34.3738,0.3784981,
2,21.75,2,8.724962,348.7189,-3.66403,0.4199479,-5.21885,-8.272,-34.3738,0.3784981,
2,21.76,2,8.726672,348.6823,-3.666525,0.4201516,-5.22958,-8.272,-34.3782,0.3829002,
2,21.77,2,8.726267,348.6886,-3.666074,0.4201194,-5.22958,-8.272,-34.3782,0.3829002,
2,21.78,2,8.725937,348.7064,-3.671367,0.4207419,-5.22958,-8.272,-34.3782,0.3829002,
2,21.79,2,8.724289,348.6922,-3.676675,0.4214298,-5.22958,-8.272,-34.3782,0.3829002,
2,21.8,2,8.724614,348.6785,-3.676046,0.4213419,-5.22958,-8.272,-34.3782,0.3829002,
2,21.81,2,8.72504,348.7061,-3.679254,0.4216891,-5.22958,-8.272,-34.3782,0.3829002,
2,21.82,2,8.723238,348.6616,-3.677271,0.4215488,-5.22958,-8.272,-34.3782,0.3829002,
2,21.83,2,8.722258,348.6516,-3.676055,0.4214568,-5.22958,-8.272,-34.3782,0.3829002,
2,21.84,2,8.724621,348.6425,-3.67406,0.421114,-5.22958,-8.272,-34.3782,0.3829002,
2,21.85,2,8.721746,348.6353,-3.670307,0.4208224,-5.22958,-8.272,-34.3782,0.3829002,
2,21.86,2,8.729707,348.6235,-3.674252,0.4208907,-5.22958,-8.272,-34.3782,0.3829002,
2,21.87,2,8.734935,348.604,-3.676424,0.4208874,-5.22958,-8.272,-34.3782,0.3829002,
2,21.88,2,8.749506,348.5856,-3.682188,0.4208452,-5.22958,-8.272,-34.3782,0.3829002,
2,21.89,2,8.770185,348.5311,-3.690234,0.4207703,-5.22958,-8.272,-34.3782,0.3829002,
2,21.9,2,8.789992,348.4834,-3.694197,0.4202731,-5.22958,-8.272,-34.3782,0.3829002,
2,21.91,2,8.807304,348.4586,-3.70191,0.4203227,-5.22958,-8.272,-34.3782,0.3829002,
2,21.92,2,8.82198,348.4376,-3.705122,0.4199876,-5.22958,-8.272,-34.3782,0.3829002,
2,21.93,2,8.829147,348.4349,-3.713825,0.4206324,-5.22958,-8.272,-34.3782,0.3829002,
2,21.94,2,8.833732,348.3989,-3.712268,0.4202378,-5.22958,-8.272,-34.3782,0.3829002,
2,21.95,2,8.837317,348.3971,-3.715211,0.4204003,-5.22958,-8.272,-34.3782,0.3829002,
2,21.96,2,8.835453,348.3786,-3.711872,0.4201111,-5.22958,-8.272,-34.3782,0.3829002,
2,21.97,2,8.834447,348.3658,-3.71242,0.420221,-5.22958,-8.272,-34.3782,0.3829002,
2,21.98,2,8.835855,348.3593,-3.714217,0.4203574,-5.22958,-8.272,-34.3782,0.3829002,
2,21.99,2,8.833561,348.3314,-3.713284,0.420361,-5.24097,-8.272,-34.3826,0.3872986,
2,22,2,8.835151,348.3411,-3.716671,0.4206687,-5.24097,-8.272,-34.3826,0.3872986,
2,22.01,2,8.834854,348.3284,-3.718413,0.4208799,-5.24097,-8.272,-34.3826,0.3872986,
2,22.02,2,8.833608,348.2984,-3.725256,0.421714,-5.24097,-8.272,-34.3826,0.3872986,
2,22.03,2,8.833253,348.312,-3.729198,0.4221772,-5.24097,-8.272,-34.3826,0.3872986,
2,22.04,2,8.832477,348.3161,-3.725823,0.4218322,-5.24097,-8.272,-34.3826,0.3872986,
2,22.05,2,8.831753,348.2972,-3.727441,0.42205,-5.24097,-8.272,-34.3826,0.3872986,
2,22.06,2,8.83267,348.3113,-3.728333,0.4221071,-5.24097,-8.272,-34.3826,0.3872986,
2,22.07,2,8.833084,348.2917,-3.728805,0.4221407,-5.24097,-8.272,-34.3826,0.3872986,
2,22.08,2,8.832778,348.2916,-3.72433,0.4216487,-5.24097,-8.272,-34.3826,0.3872986,
2,22.09,2,8.832721,348.2812,-3.724471,0.4216675,-5.24097,-8.272,-34.3826,0.3872986,
2,22.1,2,8.837603,348.2562,-3.726063,0.4216146,-5.24097,-8.272,-34.3826,0.3872986,
2,22.11,2,8.844811,348.2333,-3.726916,0.4213675,-5.24097,-8.272,-34.3826,0.3872986,
2,22.12,2,8.860332,348.2118,-3.732035,0.4212071,-5.24097,-8.272,-34.3826,0.3872986,
2,22.13,2,8.881246,348.1746,-3.737088,0.4207842,-5.24097,-8.272,-34.3826,0.3872986,
2,22.14,2,8.897793,348.1457,-3.744251,0.4208068,-5.24097,-8.272,-34.3826,0.3872986,
2,22.15,2,8.916302,348.0913,-3.752291,0.4208349,-5.24097,-8.272,-34.3826,0.3872986,
2,22.16,2,8.930097,348.0258,-3.754978,0.4204857,-5.24097,-8.272,-34.3826,0.3872986,
2,22.17,2,8.940661,348.046,-3.760423,0.4205978,-5.24097,-8.272,-34.3826,0.3872986,
2,22.18,2,8.942102,348.0315,-3.761105,0.4206063,-5.24097,-8.272,-34.3826,0.3872986,
2,22.19,2,8.944258,348.0286,-3.764076,0.4208371,-5.24097,-8.272,-34.3826,0.3872986,
2,22.2,2,8.943721,348.0072,-3.759214,0.4203188,-5.24097,-8.272,-34.3826,0.3872986,
2,22.21,2,8.943554,348.0005,-3.761039,0.4205308,-5.24097,-8.272,-34.3826,0.3872986,
2,22.22,2,8.944962,348.0001,-3.762472,0.4206247,-5.24097,-8.272,-34.3826,0.3872986,
2,22.23,2,8.94138,347.9929,-3.764974,0.4210731,-5.24097,-8.272,-34.3826,0.3872986,
2,22.24,2,8.942945,347.9729,-3.765327,0.4210388,-5.24097,-8.272,-34.3826,0.3872986,
2,22.25,2,8.941843,347.9572,-3.765327,0.4210908,-5.24097,-8.272,-34.3826,0.3872986,
2,22.26,2,8.942116,347.9977,-3.769654,0.4215617,-5.251,-8.272,-34.387,0.3917007,
2,22.27,2,8.94072,347.9254,-3.774914,0.4222159,-5.251,-8.272,-34.387,0.3917007,
2,22.28,2,8.94143,347.9582,-3.772305,0.4218905,-5.251,-8.272,-34.387,0.3917007,
2,22.29,2,8.939882,347.9224,-3.776039,0.4223813,-5.251,-8.272,-34.387,0.3917007,
2,22.3,2,8.939402,347.9234,-3.773702,0.4221426,-5.251,-8.272,-34.387,0.3917007,
2,22.31,2,8.937864,347.9225,-3.774935,0.4223531,-5.251,-8.272,-34.387,0.3917007,
2,22.32,2,8.940067,347.9045,-3.772271,0.4219511,-5.251,-8.272,-34.387,0.3917007,
2,22.33,2,8.939843,347.9069,-3.771258,0.4218483,-5.251,-8.272,-34.387,0.3917007,
2,22.34,2,8.937644,347.886,-3.775511,0.422428,-5.251,-8.272,-34.387,0.3917007,
2,22.35,2,8.939659,347.8868,-3.773624,0.4221217,-5.251,-8.272,-34.387,0.3917007,
2,22.36,2,8.939909,347.8708,-3.775847,0.4223586,-5.251,-8.272,-34.387,0.3917007,
2,22.37,2,8.943916,347.8679,-3.777367,0.4223392,-5.251,-8.272,-34.387,0.3917007,
2,22.38,2,8.950718,347.8403,-3.782792,0.4226245,-5.251,-8.272,-34.387,0.3917007,
2,22.39,2,8.963127,347.8249,-3.785797,0.4223746,-5.251,-8.272,-34.387,0.3917007,
2,22.4,2,8.982736,347.8065,-3.791869,0.4221286,-5.251,-8.272,-34.387,0.3917007,
2,22.41,2,9.001423,347.7555,-3.798652,0.4220057,-5.251,-8.272,-34.387,0.3917007,
2,22.42,2,9.022874,347.7242,-3.80329,0.4215164,-5.251,-8.272,-34.387,0.3917007,
2,22.43,2,9.035883,347.6812,-3.808199,0.4214529,-5.251,-8.272,-34.387,0.3917007,
2,22.44,2,9.047911,347.6595,-3.808154,0.4208876,-5.251,-8.272,-34.387,0.3917007,
2,22.45,2,9.048813,347.6394,-3.812212,0.4212941,-5.251,-8.272,-34.387,0.3917007,
2,22.46,2,9.051346,347.6275,-3.816473,0.421647,-5.251,-8.272,-34.387,0.3917007,
2,22.47,2,9.04987,347.6093,-3.816176,0.421683,-5.251,-8.272,-34.387,0.3917007,
2,22.48,2,9.049468,347.5887,-3.819152,0.4220306,-5.251,-8.272,-34.387,0.3917007,
2,22.49,2,9.052299,347.5937,-3.819193,0.4219031,-5.251,-8.272,-34.387,0.3917007,
2,22.5,2,9.051508,347.5537,-3.827196,0.4228242,-5.251,-8.272,-34.387,0.3917007,
2,22.51,2,9.050943,347.586,-3.829657,0.4231224,-5.251,-8.272,-34.387,0.3917007,
2,22.52,2,9.050902,347.6079,-3.83033,0.4231987,-5.2624,-8.272,-34.3914,0.3960991,
2,22.53,2,9.05071,347.577,-3.83078,0.4232574,-5.2624,-8.272,-34.3914,0.3960991,
2,22.54,2,9.050091,347.5705,-3.82929,0.4231218,-5.2624,-8.272,-34.3914,0.3960991,
2,22.55,2,9.047074,347.5475,-3.830751,0.4234242,-5.2624,-8.272,-34.3914,0.3960991,
2,22.56,2,9.048463,347.5549,-3.826778,0.4229202,-5.2624,-8.272,-34.3914,0.3960991,
2,22.57,2,9.047178,347.5255,-3.823946,0.4226672,-5.2624,-8.272,-34.3914,0.3960991,
2,22.58,2,9.04798,347.5216,-3.825078,0.4227549,-5.2624,-8.272,-34.3914,0.3960991,
2,22.59,2,9.046747,347.533,-3.828331,0.4231721,-5.2624,-8.272,-34.3914,0.3960991,
2,22.6,2,9.048508,347.5275,-3.833934,0.423709,-5.2624,-8.272,-34.3914,0.3960991,
2,22.61,2,9.045081,347.5052,-3.836016,0.4240997,-5.2624,-8.272,-34.3914,0.3960991,
2,22.62,2,9.047289,347.5161,-3.837915,0.4242061,-5.2624,-8.272,-34.3914,0.3960991,
2,22.63,2,9.048244,347.4977,-3.838156,0.424188,-5.2624,-8.272,-34.3914,0.3960991,
2,22.64,2,9.05168,347.5058,-3.837159,0.4239168,-5.2624,-8.272,-34.3914,0.3960991,
2,22.65,2,9.056086,347.478,-3.840613,0.4240919,-5.2624,-8.272,-34.3914,0.3960991,
2,22.66,2,9.068294,347.4481,-3.840833,0.4235452,-5.2624,-8.272,-34.3914,0.3960991,
2,22.67,2,9.085362,347.4277,-3.843383,0.4230302,-5.2624,-8.272,-34.3914,0.3960991,
2,22.68,2,9.10692,347.3839,-3.845491,0.4222603,-5.2624,-8.272,-34.3914,0.3960991,
2,22.69,2,9.126886,347.3375,-3.850605,0.4218969,-5.2624,-8.272,-34.3914,0.3960991,
2,22.7,2,9.143357,347.3084,-3.854253,0.4215358,-5.2624,-8.272,-34.3914,0.3960991,
2,22.71,2,9.15422,347.2771,-3.859358,0.4215933,-5.2624,-8.272,-34.3914,0.3960991,
2,22.72,2,9.156824,347.2689,-3.869132,0.4225408,-5.2624,-8.272,-34.3914,0.3960991,
2,22.73,2,9.161218,347.2547,-3.86964,0.4223936,-5.2624,-8.272,-34.3914,0.3960991,
2,22.74,2,9.161803,347.2654,-3.87761,0.4232366,-5.2624,-8.272,-34.3914,0.3960991,
2,22.75,2,9.160665,347.2349,-3.877843,0.4233146,-5.2624,-8.272,-34.3914,0.3960991,
2,22.76,2,9.160778,347.2049,-3.878885,0.4234231,-5.2624,-8.272,-34.3914,0.3960991,
2,22.77,2,9.162137,347.2273,-3.877179,0.4231741,-5.2624,-8.272,-34.3914,0.3960991,
2,22.78,2,9.159208,347.2149,-3.877871,0.423385,-5.2725,-8.272,-34.3957,0.4003983,
2,22.79,2,9.159395,347.2125,-3.877475,0.4233331,-5.2725,-8.272,-34.3957,0.4003983,
2,22.8,2,9.157603,347.1927,-3.874243,0.423063,-5.2725,-8.272,-34.3957,0.4003983,
2,22.81,2,9.154952,347.194,-3.871413,0.4228764,-5.2725,-8.272,-34.3957,0.4003983,
2,22.82,2,9.157972,347.1708,-3.875351,0.4231669,-5.2725,-8.272,-34.3957,0.4003983,
2,22.83,2,9.155213,347.1502,-3.881599,0.4239769,-5.2725,-8.272,-34.3957,0.4003983,
2,22.84,2,9.153811,347.1478,-3.894268,0.4254259,-5.2725,-8.272,-34.3957,0.4003983,
2,22.85,2,9.15563,347.1592,-3.893667,0.4252757,-5.2725,-8.272,-34.3957,0.4003983,
2,22.86,2,9.153381,347.1475,-3.896075,0.4256433,-5.2725,-8.272,-34.3957,0.4003983,
2,22.87,2,9.152987,347.136,-3.897301,0.4257956,-5.2725,-8.272,-34.3957,0.4003983,
2,22.88,2,9.153181,347.1162,-3.900408,0.426126,-5.2725,-8.272,-34.3957,0.4003983,
2,22.89,2,9.151144,347.1447,-3.901562,0.4263469,-5.2725,-8.272,-34.3957,0.4003983,
2,22.9,2,9.16061,347.124,-3.897977,0.425515,-5.2725,-8.272,-34.3957,0.4003983,
2,22.91,2,9.165199,347.0953,-3.901035,0.4256356,-5.2725,-8.272,-34.3957,0.4003983,
2,22.92,2,9.180431,347.0723,-3.900775,0.4249011,-5.2725,-8.272,-34.3957,0.4003983,
2,22.93,2,9.204659,347.0249,-3.904467,0.4241838,-5.2725,-8.272,-34.3957,0.4003983,
2,22.94,2,9.220344,346.9811,-3.912704,0.4243555,-5.2725,-8.272,-34.3957,0.4003983,
2,22.95,2,9.239415,346.9484,-3.918668,0.4241251,-5.2725,-8.272,-34.3957,0.4003983,
2,22.96,2,9.253912,346.9236,-3.926872,0.4243473,-5.2725,-8.272,-34.3957,0.4003983,
2,22.97,2,9.25961,346.8903,-3.933634,0.4248164,-5.2725,-8.272,-34.3957,0.4003983,
2,22.98,2,9.264083,346.855,-3.938716,0.4251598,-5.2725,-8.272,-34.3957,0.4003983,
2,22.99,2,9.266074,346.8716,-3.939052,0.4251047,-5.2725,-8.272,-34.3957,0.4003983,
2,23,2,9.265512,346.9109,-3.941177,0.4253598,-5.2725,-8.272,-34.3957,0.4003983,
2,23.01,2,9.266022,346.8634,-3.939126,0.4251151,-5.2725,-8.272,-34.3957,0.4003983,
2,23.02,2,9.264849,346.8463,-3.938349,0.4250851,-5.2725,-8.272,-34.3957,0.4003983,
2,23.03,2,9.26387,346.8464,-3.940749,0.4253891,-5.2725,-8.272,-34.3957,0.4003983,
2,23.04,2,9.264496,346.8323,-3.935133,0.4247541,-5.2845,-8.272,-34.4,0.4047012,
2,23.05,2,9.263862,346.8017,-3.936521,0.424933,-5.2845,-8.272,-34.4,0.4047012,
2,23.06,2,9.264281,346.8163,-3.934651,0.424712,-5.2845,-8.272,-34.4,0.4047012,
2,23.07,2,9.264048,346.8127,-3.939193,0.4252129,-5.2845,-8.272,-34.4,0.4047012,
2,23.08,2,9.260318,346.8034,-3.942893,0.4257837,-5.2845,-8.272,-34.4,0.4047012,
2,23.09,2,9.262332,346.7798,-3.943552,0.4257624,-5.2845,-8.272,-34.4,0.4047012,
2,23.1,2,9.261838,346.7856,-3.947283,0.4261879,-5.2845,-8.272,-34.4,0.4047012,
2,23.11,2,9.262412,346.7812,-3.946125,0.4260364,-5.2845,-8.272,-34.4,0.4047012,
2,23.12,2,9.262203,346.7927,-3.952278,0.4267104,-5.2845,-8.272,-34.4,0.4047012,
2,23.13,2,9.257873,346.7679,-3.952226,0.4269043,-5.2845,-8.272,-34.4,0.4047012,
2,23.14,2,9.258519,346.7569,-3.949768,0.426609,-5.2845,-8.272,-34.4,0.4047012,
2,23.15,2,9.260954,346.7468,-3.949493,0.4264672,-5.2845,-8.272,-34.4,0.4047012,
2,23.16,2,9.266421,346.7205,-3.946768,0.4259215,-5.2845,-8.272,-34.4,0.4047012,
2,23.17,2,9.279602,346.7067,-3.950366,0.4257042,-5.2845,-8.272,-34.4,0.4047012,
2,23.18,2,9.295291,346.6655,-3.953672,0.4253414,-5.2845,-8.272,-34.4,0.4047012,
2,23.19,2,9.31663,346.6445,-3.961428,0.4251997,-5.2845,-8.272,-34.4,0.4047012,
2,23.2,2,9.337495,346.6039,-3.968174,0.424972,-5.2845,-8.272,-34.4,0.4047012,
2,23.21,2,9.353462,346.5637,-3.975826,0.4250646,-5.2845,-8.272,-34.4,0.4047012,
2,23.22,2,9.364455,346.5498,-3.986592,0.4257153,-5.2845,-8.272,-34.4,0.4047012,
2,23.23,2,9.372768,346.5215,-3.987664,0.4254521,-5.2845,-8.272,-34.4,0.4047012,
2,23.24,2,9.372288,346.4629,-3.992843,0.4260266,-5.2845,-8.272,-34.4,0.4047012,
2,23.25,2,9.371531,346.4995,-3.990059,0.4257638,-5.2845,-8.272,-34.4,0.4047012,
2,23.26,2,9.373896,346.5011,-3.988692,0.4255106,-5.2845,-8.272,-34.4,0.4047012,
2,23.27,2,9.371425,346.4867,-3.990552,0.4258213,-5.2845,-8.272,-34.4,0.4047012,
2,23.28,2,9.372176,346.4713,-3.987822,0.4254958,-5.2845,-8.272,-34.4,0.4047012,
2,23.29,2,9.369361,346.4661,-3.988763,0.4257241,-5.2845,-8.272,-34.4,0.4047012,
2,23.3,2,9.371445,346.4516,-3.988813,0.4256348,-5.2845,-8.272,-34.4,0.4047012,
2,23.31,2,9.369165,346.433,-3.993629,0.4262523,-5.2845,-8.272,-34.4,0.4047012,
2,23.32,2,9.367575,346.435,-3.996293,0.4266092,-5.29525,-8.272,-34.4044,0.4090996,
2,23.33,2,9.367987,346.4363,-3.997167,0.4266837,-5.29525,-8.272,-34.4044,0.4090996,
2,23.34,2,9.367982,346.4151,-4.004854,0.4275045,-5.29525,-8.272,-34.4044,0.4090996,
2,23.35,2,9.367099,346.418,-4.001107,0.4271448,-5.29525,-8.272,-34.4044,0.4090996,
2,23.36,2,9.369544,346.3863,-4.004342,0.4273785,-5.29525,-8.272,-34.4044,0.4090996,
2,23.37,2,9.36785,346.4148,-4.002735,0.4272843,-5.29525,-8.272,-34.4044,0.4090996,
2,23.38,2,9.366325,346.3945,-4.000063,0.4270686,-5.29525,-8.272,-34.4044,0.4090996,
2,23.39,2,9.367266,346.3931,-3.999266,0.4269406,-5.29525,-8.272,-34.4044,0.4090996,
2,23.4,2,9.364964,346.3898,-3.998749,0.4269903,-5.29525,-8.272,-34.4044,0.4090996,
2,23.41,2,9.36545,346.3708,-4.001313,0.4272419,-5.29525,-8.272,-34.4044,0.4090996,
2,23.42,2,9.366165,346.3761,-4.002514,0.4273375,-5.29525,-8.272,-34.4044,0.4090996,
2,23.43,2,9.364789,346.3432,-4.005289,0.4276966,-5.29525,-8.272,-34.4044,0.4090996,
2,23.44,2,9.366916,346.3427,-4.011066,0.4282163,-5.29525,-8.272,-34.4044,0.4090996,
2,23.45,2,9.374399,346.3388,-4.010716,0.4278371,-5.29525,-8.272,-34.4044,0.4090996,
2,23.46,2,9.386863,346.3083,-4.019732,0.4282296,-5.29525,-8.272,-34.4044,0.4090996,
2,23.47,2,9.406722,346.2803,-4.022148,0.4275823,-5.29525,-8.272,-34.4044,0.4090996,
2,23.48,2,9.425118,346.2892,-4.029113,0.4274867,-5.29525,-8.272,-34.4044,0.4090996,
2,23.49,2,9.448419,346.1823,-4.030342,0.4265626,-5.29525,-8.272,-34.4044,0.4090996,
2,23.5,2,9.465894,346.1658,-4.03349,0.4261077,-5.29525,-8.272,-34.4044,0.4090996,
2,23.51,2,9.476049,346.1389,-4.036662,0.4259858,-5.29525,-8.272,-34.4044,0.4090996,
2,23.52,2,9.486246,346.1193,-4.035336,0.4253881,-5.29525,-8.272,-34.4044,0.4090996,
2,23.53,2,9.486755,346.0997,-4.039689,0.4258241,-5.29525,-8.272,-34.4044,0.4090996,
2,23.54,2,9.486226,346.0945,-4.038301,0.4257016,-5.29525,-8.272,-34.4044,0.4090996,
2,23.55,2,9.48353,346.0916,-4.045081,0.4265375,-5.29525,-8.272,-34.4044,0.4090996,
2,23.56,2,9.483118,346.0806,-4.050151,0.4270907,-5.29525,-8.272,-34.4044,0.4090996,
2,23.57,2,9.484894,346.0508,-4.049776,0.4269712,-5.30597,-8.272,-34.4089,0.4136009,
2,23.58,2,9.485147,346.0561,-4.053442,0.4273463,-5.30597,-8.272,-34.4089,0.4136009,
2,23.59,2,9.48298,346.064,-4.051567,0.4272462,-5.30597,-8.272,-34.4089,0.4136009,
2,23.6,2,9.484326,346.0566,-4.056283,0.4276828,-5.30597,-8.272,-34.4089,0.4136009,
2,23.61,2,9.483081,346.0357,-4.055784,0.4276863,-5.30597,-8.272,-34.4089,0.4136009,
2,23.62,2,9.482365,346.0254,-4.053385,0.4274656,-5.30597,-8.272,-34.4089,0.4136009,
2,23.63,2,9.483874,346.0131,-4.049967,0.4270372,-5.30597,-8.272,-34.4089,0.4136009,
2,23.64,2,9.481757,346.0081,-4.046921,0.4268113,-5.30597,-8.272,-34.4089,0.4136009,
2,23.65,2,9.479818,346.0011,-4.050769,0.4273045,-5.30597,-8.272,-34.4089,0.4136009,
2,23.66,2,9.482057,345.9706,-4.049481,0.4270678,-5.30597,-8.272,-34.4089,0.4136009,
2,23.67,2,9.479138,345.998,-4.053845,0.4276597,-5.30597,-8.272,-34.4089,0.4136009,
2,23.68,2,9.479787,345.9745,-4.056014,0.4278592,-5.30597,-8.272,-34.4089,0.4136009,
2,23.69,2,9.480722,345.9558,-4.06103,0.428346,-5.30597,-8.272,-34.4089,0.4136009,
2,23.7,2,9.485868,345.9561,-4.061608,0.4281747,-5.30597,-8.272,-34.4089,0.4136009,
2,23.71,2,9.494861,345.9403,-4.061944,0.4278044,-5.30597,-8.272,-34.4089,0.4136009,
2,23.72,2,9.510109,345.8687,-4.06801,0.4277564,-5.30597,-8.272,-34.4089,0.4136009,
2,23.73,2,9.529366,345.8838,-4.069404,0.4270383,-5.30597,-8.272,-34.4089,0.4136009,
2,23.74,2,9.552207,345.8382,-4.073266,0.4264214,-5.30597,-8.272,-34.4089,0.4136009,
2,23.75,2,9.5721,345.7958,-4.074559,0.4256704,-5.30597,-8.272,-34.4089,0.4136009,
2,23.76,2,9.585124,345.7662,-4.079173,0.4255733,-5.30597,-8.272,-34.4089,0.4136009,
2,23.77,2,9.59263,345.7449,-4.085894,0.4259409,-5.30597,-8.272,-34.4089,0.4136009,
2,23.78,2,9.596065,345.7271,-4.087946,0.4260024,-5.30597,-8.272,-34.4089,0.4136009,
2,23.79,2,9.599717,345.7046,-4.094174,0.4264891,-5.30597,-8.272,-34.4089,0.4136009,
2,23.8,2,9.595732,345.7072,-4.097027,0.4269634,-5.30597,-8.272,-34.4089,0.4136009,
2,23.81,2,9.597039,345.7006,-4.101001,0.4273194,-5.30597,-8.272,-34.4089,0.4136009,
2,23.82,2,9.598264,345.682,-4.103445,0.4275195,-5.30597,-8.272,-34.4089,0.4136009,
2,23.83,2,9.595274,345.6735,-4.103257,0.4276331,-5.318,-8.272,-34.4133,0.4179993,
2,23.84,2,9.595181,345.6642,-4.106974,0.4280246,-5.318,-8.272,-34.4133,0.4179993,
2,23.85,2,9.594554,345.6611,-4.104198,0.4277633,-5.318,-8.272,-34.4133,0.4179993,
2,23.86,2,9.594543,345.6692,-4.103422,0.4276829,-5.318,-8.272,-34.4133,0.4179993,
2,23.87,2,9.593074,345.6541,-4.100023,0.4273941,-5.318,-8.272,-34.4133,0.4179993,
2,23.88,2,9.592102,345.6429,-4.100682,0.4275061,-5.318,-8.272,-34.4133,0.4179993,
2,23.89,2,9.593712,345.6483,-4.103369,0.4277144,-5.318,-8.272,-34.4133,0.4179993,
2,23.9,2,9.596227,345.6343,-4.103387,0.4276042,-5.318,-8.272,-34.4133,0.4179993,
2,23.91,2,9.590078,345.6155,-4.108269,0.4283874,-5.318,-8.272,-34.4133,0.4179993,
2,23.92,2,9.590228,345.6084,-4.110493,0.4286126,-5.318,-8.272,-34.4133,0.4179993,
2,23.93,2,9.591199,345.6342,-4.115352,0.4290759,-5.318,-8.272,-34.4133,0.4179993,
2,23.94,2,9.588969,345.6054,-4.116733,0.4293196,-5.318,-8.272,-34.4133,0.4179993,
2,23.95,2,9.592621,345.5954,-4.118186,0.4293076,-5.318,-8.272,-34.4133,0.4179993,
2,23.96,2,9.599971,345.609,-4.121356,0.4293092,-5.318,-8.272,-34.4133,0.4179993,
2,23.97,2,9.612627,345.5553,-4.120533,0.4286583,-5.318,-8.272,-34.4133,0.4179993,
2,23.98,2,9.630311,345.5324,-4.12294,0.4281211,-5.318,-8.272,-34.4133,0.4179993,
2,23.99,2,9.648301,345.4742,-4.124865,0.4275224,-5.318,-8.272,-34.4133,0.4179993,
2,24,2,9.668759,345.4395,-4.129484,0.4270955,-5.318,-8.272,-34.4133,0.4179993,
2,24.01,2,9.688167,345.4086,-4.136672,0.426982,-5.318,-8.272,-34.4133,0.4179993,
2,24.02,2,9.698783,345.383,-4.143187,0.4271863,-5.318,-8.272,-34.4133,0.4179993,
2,24.03,2,9.701298,345.3507,-4.150292,0.4278079,-5.318,-8.272,-34.4133,0.4179993,
2,24.04,2,9.704876,345.3555,-4.156693,0.4283097,-5.318,-8.272,-34.4133,0.4179993,
2,24.05,2,9.706654,345.3338,-4.156054,0.4281654,-5.318,-8.272,-34.4133,0.4179993,
2,24.06,2,9.708363,345.3443,-4.152946,0.4277699,-5.318,-8.272,-34.4133,0.4179993,
2,24.07,2,9.705921,345.3436,-4.159516,0.4285545,-5.318,-8.272,-34.4133,0.4179993,
2,24.08,2,9.706023,345.3373,-4.162868,0.4288954,-5.318,-8.272,-34.4133,0.4179993,
2,24.09,2,9.704527,345.3255,-4.1606,0.4287278,-5.318,-8.272,-34.4133,0.4179993,
2,24.1,2,9.706781,345.2885,-4.159472,0.428512,-5.318,-8.272,-34.4133,0.4179993,
2,24.11,2,9.704944,345.2904,-4.160423,0.4286911,-5.318,-8.272,-34.4133,0.4179993,
2,24.12,2,9.703169,345.2777,-4.156347,0.4283495,-5.318,-8.272,-34.4133,0.4179993,
2,24.13,2,9.70414,345.2649,-4.155384,0.4282074,-5.32872,-8.272,-34.4177,0.4224014,
2,24.14,2,9.706146,345.2508,-4.153419,0.4279163,-5.32872,-8.272,-34.4177,0.4224014,
2,24.15,2,9.706039,345.2618,-4.153751,0.4279553,-5.32872,-8.272,-34.4177,0.4224014,
2,24.16,2,9.70406,345.2417,-4.155808,0.4282546,-5.32872,-8.272,-34.4177,0.4224014,
2,24.17,2,9.705552,345.2136,-4.159191,0.4285373,-5.32872,-8.272,-34.4177,0.4224014,
2,24.18,2,9.704068,345.2313,-4.170594,0.4297779,-5.32872,-8.272,-34.4177,0.4224014,
2,24.19,2,9.704163,345.2344,-4.171788,0.4298967,-5.32872,-8.272,-34.4177,0.4224014,
2,24.2,2,9.704055,345.2412,-4.167789,0.4294894,-5.32872,-8.272,-34.4177,0.4224014,
2,24.21,2,9.703317,345.2255,-4.163045,0.4290332,-5.32872,-8.272,-34.4177,0.4224014,
2,24.22,2,9.702803,345.1988,-4.161063,0.4288516,-5.32872,-8.272,-34.4177,0.4224014,
2,24.23,2,9.699981,345.2136,-4.159217,0.4287862,-5.32872,-8.272,-34.4177,0.4224014,
2,24.24,2,9.706079,345.196,-4.157611,0.4283513,-5.32872,-8.272,-34.4177,0.4224014,
2,24.25,2,9.714152,345.1717,-4.161343,0.4283794,-5.32872,-8.272,-34.4177,0.4224014,
2,24.26,2,9.720629,345.1602,-4.173542,0.429349,-5.32872,-8.272,-34.4177,0.4224014,
2,24.27,2,9.741066,345.1281,-4.177189,0.4288226,-5.32872,-8.272,-34.4177,0.4224014,
2,24.28,2,9.762557,345.0879,-4.178516,0.4280145,-5.32872,-8.272,-34.4177,0.4224014,
2,24.29,2,9.781318,345.0642,-4.18838,0.428202,-5.32872,-8.272,-34.4177,0.4224014,
2,24.3,2,9.799386,345.0107,-4.1945,0.428037,-5.32872,-8.272,-34.4177,0.4224014,
2,24.31,2,9.809783,344.9974,-4.201173,0.4282636,-5.32872,-8.272,-34.4177,0.4224014,
2,24.32,2,9.816706,344.97,-4.20049,0.427892,-5.32872,-8.272,-34.4177,0.4224014,
2,24.33,2,9.818505,344.9583,-4.200914,0.4278568,-5.32872,-8.272,-34.4177,0.4224014,
2,24.34,2,9.821567,344.9599,-4.200493,0.4276806,-5.32872,-8.272,-34.4177,0.4224014,
2,24.35,2,9.820232,344.9399,-4.19753,0.4274369,-5.32872,-8.272,-34.4177,0.4224014,
2,24.36,2,9.81951,344.9381,-4.197549,0.4274703,-5.32872,-8.272,-34.4177,0.4224014,
2,24.37,2,9.818242,344.9319,-4.200765,0.427853,-5.32872,-8.272,-34.4177,0.4224014,
2,24.38,2,9.817382,344.9272,-4.201621,0.4279778,-5.33948,-8.272,-34.4222,0.426899,
2,24.39,2,9.817542,344.9083,-4.205133,0.4283285,-5.33948,-8.272,-34.4222,0.426899,
2,24.4,2,9.81769,344.9023,-4.205686,0.4283783,-5.33948,-8.272,-34.4222,0.426899,
2,24.41,2,9.819853,344.935,-4.209057,0.4286273,-5.33948,-8.272,-34.4222,0.426899,
2,24.42,2,9.816236,344.8929,-4.21387,0.4292755,-5.33948,-8.272,-34.4222,0.426899,
2,24.43,2,9.818558,344.8651,-4.212096,0.4289934,-5.33948,-8.272,-34.4222,0.426899,
2,24.44,2,9.817734,344.8685,-4.212006,0.4290201,-5.33948,-8.272,-34.4222,0.426899,
2,24.45,2,9.817711,344.8665,-4.211213,0.4289404,-5.33948,-8.272,-34.4222,0.426899,
2,24.46,2,9.816209,344.8727,-4.212516,0.4291388,-5.33948,-8.272,-34.4222,0.426899,
2,24.47,2,9.816826,344.8452,-4.209846,0.4288398,-5.33948,-8.272,-34.4222,0.426899,
2,24.48,2,9.818382,344.8454,-4.20871,0.4286562,-5.33948,-8.272,-34.4222,0.426899,
2,24.49,2,9.822869,344.8152,-4.212041,0.4287995,-5.33948,-8.272,-34.4222,0.426899,
2,24.5,2,9.836368,344.7833,-4.215678,0.4285808,-5.33948,-8.272,-34.4222,0.426899,
2,24.51,2,9.852624,344.7591,-4.22261,0.4285772,-5.33948,-8.272,-34.4222,0.426899,
2,24.52,2,9.875648,344.7261,-4.227499,0.428073,-5.33948,-8.272,-34.4222,0.426899,
2,24.53,2,9.895528,344.6775,-4.235672,0.4280391,-5.33948,-8.272,-34.4222,0.426899,
2,24.54,2,9.912692,344.647,-4.241098,0.4278452,-5.33948,-8.272,-34.4222,0.426899,
2,24.55,2,9.922738,344.6254,-4.247739,0.4280814,-5.33948,-8.272,-34.4222,0.426899,
2,24.56,2,9.929239,344.6158,-4.251356,0.4281653,-5.33948,-8.272,-34.4222,0.426899,
2,24.57,2,9.933602,344.6032,-4.251904,0.4280324,-5.33948,-8.272,-34.4222,0.426899,
2,24.58,2,9.931911,344.5901,-4.250762,0.4279903,-5.33948,-8.272,-34.4222,0.426899,
2,24.59,2,9.932209,344.574,-4.247935,0.4276929,-5.33948,-8.272,-34.4222,0.426899,
2,24.6,2,9.930601,344.5692,-4.251189,0.4280898,-5.33948,-8.272,-34.4222,0.426899,
2,24.61,2,9.930708,344.5482,-4.252629,0.4282302,-5.33948,-8.272,-34.4222,0.426899,
2,24.62,2,9.927691,344.5248,-4.254785,0.4285775,-5.33948,-8.272,-34.4222,0.426899,
2,24.63,2,9.928924,344.5158,-4.257698,0.4288177,-5.33948,-8.272,-34.4222,0.426899,
2,24.64,2,9.927726,344.515,-4.258514,0.4289516,-5.35085,-8.272,-34.4266,0.4313011,
2,24.65,2,9.928752,344.4765,-4.263651,0.4294246,-5.35085,-8.272,-34.4266,0.4313011,
2,24.66,2,9.927297,344.5092,-4.265633,0.4296873,-5.35085,-8.272,-34.4266,0.4313011,
2,24.67,2,9.929658,344.5343,-4.264454,0.4294664,-5.35085,-8.272,-34.4266,0.4313011,
2,24.68,2,9.928659,344.5083,-4.264593,0.4295235,-5.35085,-8.272,-34.4266,0.4313011,
2,24.69,2,9.928579,344.4954,-4.263153,0.429382,-5.35085,-8.272,-34.4266,0.4313011,
2,24.7,2,9.930292,344.478,-4.261967,0.4291885,-5.35085,-8.272,-34.4266,0.4313011,
2,24.71,2,9.929761,344.481,-4.258909,0.4289035,-5.35085,-8.272,-34.4266,0.4313011,
2,24.72,2,9.928273,344.4496,-4.262072,0.4292863,-5.35085,-8.272,-34.4266,0.4313011,
2,24.73,2,9.926589,344.4528,-4.264197,0.4295733,-5.35085,-8.272,-34.4266,0.4313011,
2,24.74,2,9.923965,344.4501,-4.266232,0.4298919,-5.35085,-8.272,-34.4266,0.4313011,
2,24.75,2,9.928096,344.4382,-4.268771,0.4299688,-5.35085,-8.272,-34.4266,0.4313011,
2,24.76,2,9.934217,344.422,-4.270197,0.4298474,-5.35085,-8.272,-34.4266,0.4313011,
2,24.77,2,9.944887,344.4119,-4.275215,0.4298908,-5.35085,-8.272,-34.4266,0.4313011,
2,24.78,2,9.962597,344.3651,-4.277472,0.4293531,-5.35085,-8.272,-34.4266,0.4313011,
2,24.79,2,9.983658,344.3536,-4.283916,0.4290928,-5.35085,-8.272,-34.4266,0.4313011,
2,24.8,2,10.00509,344.2838,-4.291424,0.4289239,-5.35085,-8.272,-34.4266,0.4313011,
2,24.81,2,10.02542,344.2684,-4.294442,0.4283555,-5.35085,-8.272,-34.4266,0.4313011,
2,24.82,2,10.03647,344.244,-4.297669,0.4282054,-5.35085,-8.272,-34.4266,0.4313011,
2,24.83,2,10.04412,344.205,-4.29671,0.4277838,-5.35085,-8.272,-34.4266,0.4313011,
2,24.84,2,10.04369,344.1922,-4.301496,0.4282786,-5.35085,-8.272,-34.4266,0.4313011,
2,24.85,2,10.04663,344.1842,-4.303778,0.4283802,-5.35085,-8.272,-34.4266,0.4313011,
2,24.86,2,10.04488,344.1866,-4.305624,0.4286388,-5.35085,-8.272,-34.4266,0.4313011,
2,24.87,2,10.0432,344.1753,-4.308975,0.4290442,-5.35085,-8.272,-34.4266,0.4313011,
2,24.88,2,10.04348,344.1616,-4.309475,0.4290819,-5.35085,-8.272,-34.4266,0.4313011,
2,24.89,2,10.04348,344.1576,-4.31528,0.4296601,-5.35085,-8.272,-34.4266,0.4313011,
2,24.9,2,10.04368,344.1486,-4.316442,0.429767,-5.36228,-8.272,-34.431,0.4356995,
2,24.91,2,10.04371,344.0729,-4.315701,0.4296921,-5.36228,-8.272,-34.431,0.4356995,
2,24.92,2,10.03856,344.1281,-4.317239,0.4300658,-5.36228,-8.272,-34.431,0.4356995,
2,24.93,2,10.04092,344.1183,-4.314064,0.4296483,-5.36228,-8.272,-34.431,0.4356995,
2,24.94,2,10.04101,344.1162,-4.314892,0.4297269,-5.36228,-8.272,-34.431,0.4356995,
2,24.95,2,10.04453,344.0987,-4.309822,0.4290716,-5.36228,-8.272,-34.431,0.4356995,
2,24.96,2,10.04388,344.0942,-4.313393,0.4294547,-5.36228,-8.272,-34.431,0.4356995,
2,24.97,2,10.04141,344.0862,-4.312551,0.4294767,-5.36228,-8.272,-34.431,0.4356995,
2,24.98,2,10.03924,344.0652,-4.315861,0.4298992,-5.36228,-8.272,-34.431,0.4356995,
2,24.99,2,10.04161,344.0631,-4.319613,0.4301714,-5.36228,-8.272,-34.431,0.4356995,
2,25,2,10.03781,344.064,-4.319013,0.4302745,-5.36228,-8.272,-34.431,0.4356995,
2,25.01,2,10.03672,344.0535,-4.324635,0.4308811,-5.36228,-8.272,-34.431,0.4356995,
2,25.02,2,10.03682,344.0444,-4.323852,0.430799,-5.36228,-8.272,-34.431,0.4356995,
2,25.03,2,10.04393,344.0109,-4.327227,0.4308298,-5.36228,-8.272,-34.431,0.4356995,
2,25.04,2,10.05529,344.022,-4.329715,0.4305908,-5.36228,-8.272,-34.431,0.4356995,
2,25.05,2,10.07312,343.9904,-4.330546,0.4299113,-5.36228,-8.272,-34.431,0.4356995,
2,25.06,2,10.09147,343.9414,-4.334887,0.4295596,-5.36228,-8.272,-34.431,0.4356995,
2,25.07,2,10.11584,343.9041,-4.334586,0.4284948,-5.36228,-8.272,-34.431,0.4356995,
2,25.08,2,10.13462,343.8734,-4.341102,0.4283437,-5.36228,-8.272,-34.431,0.4356995,
2,25.09,2,10.14476,343.8208,-4.346914,0.4284888,-5.36228,-8.272,-34.431,0.4356995,
2,25.1,2,10.15354,343.7968,-4.353265,0.4287438,-5.36228,-8.272,-34.431,0.4356995,
2,25.11,2,10.15665,343.7956,-4.356262,0.4289072,-5.36228,-8.272,-34.431,0.4356995,
2,25.12,2,10.15694,343.7784,-4.360782,0.4293401,-5.36228,-8.272,-34.431,0.4356995,
2,25.13,2,10.15573,343.7656,-4.365074,0.4298137,-5.36228,-8.272,-34.431,0.4356995,
2,25.14,2,10.15229,343.7623,-4.366015,0.4300523,-5.36228,-8.272,-34.431,0.4356995,
2,25.15,2,10.15546,343.805,-4.36748,0.4300621,-5.36228,-8.272,-34.431,0.4356995,
2,25.16,2,10.15701,343.7476,-4.365985,0.4298495,-5.36228,-8.272,-34.431,0.4356995,
2,25.17,2,10.15646,343.7401,-4.364902,0.429766,-5.36228,-8.272,-34.431,0.4356995,
2,25.18,2,10.15498,343.7408,-4.363573,0.4296978,-5.36228,-8.272,-34.431,0.4356995,
2,25.19,2,10.15281,343.7282,-4.360023,0.42944,-5.37362,-8.272,-34.4353,0.4399986,
2,25.2,2,10.15254,343.706,-4.363543,0.4297983,-5.37362,-8.272,-34.4353,0.4399986,
2,25.21,2,10.15369,343.7046,-4.363025,0.4296983,-5.37362,-8.272,-34.4353,0.4399986,
2,25.22,2,10.15152,343.7113,-4.366918,0.4301738,-5.37362,-8.272,-34.4353,0.4399986,
2,25.23,2,10.15306,343.6878,-4.371339,0.4305438,-5.37362,-8.272,-34.4353,0.4399986,
2,25.24,2,10.14941,343.6764,-4.371526,0.4307171,-5.37362,-8.272,-34.4353,0.4399986,
2,25.25,2,10.15045,343.6771,-4.377654,0.431277,-5.37362,-8.272,-34.4353,0.4399986,
2,25.26,2,10.15313,343.6794,-4.377325,0.4311307,-5.37362,-8.272,-34.4353,0.4399986,
2,25.27,2,10.14897,343.6967,-4.38096,0.4316656,-5.37362,-8.272,-34.4353,0.4399986,
2,25.28,2,10.15102,343.6646,-4.380839,0.4315663,-5.37362,-8.272,-34.4353,0.4399986,
2,25.29,2,10.15079,343.653,-4.379472,0.4314416,-5.37362,-8.272,-34.4353,0.4399986,
2,25.3,2,10.14739,343.6439,-4.379945,0.4316327,-5.37362,-8.272,-34.4353,0.4399986,
2,25.31,2,10.15138,343.6288,-4.378385,0.4313092,-5.37362,-8.272,-34.4353,0.4399986,
2,25.32,2,10.15669,343.6245,-4.382386,0.4314776,-5.37362,-8.272,-34.4353,0.4399986,
2,25.33,2,10.16604,343.5953,-4.384729,0.4313112,-5.37362,-8.272,-34.4353,0.4399986,
2,25.34,2,10.18682,343.5825,-4.389434,0.4308935,-5.37362,-8.272,-34.4353,0.4399986,
2,25.35,2,10.20643,343.5298,-4.396215,0.43073,-5.37362,-8.272,-34.4353,0.4399986,
2,25.36,2,10.22711,343.4874,-4.401075,0.430334,-5.37362,-8.272,-34.4353,0.4399986,
2,25.37,2,10.24617,343.4618,-4.412599,0.4306582,-5.37362,-8.272,-34.4353,0.4399986,
2,25.38,2,10.25731,343.4351,-4.417979,0.430715,-5.37362,-8.272,-34.4353,0.4399986,
2,25.39,2,10.26674,343.3686,-4.422494,0.4307593,-5.37362,-8.272,-34.4353,0.4399986,
2,25.4,2,10.26614,343.397,-4.423512,0.4308835,-5.37362,-8.272,-34.4353,0.4399986,
2,25.41,2,10.26798,343.4018,-4.424077,0.4308613,-5.37362,-8.272,-34.4353,0.4399986,
2,25.42,2,10.26745,343.3872,-4.421666,0.430649,-5.37362,-8.272,-34.4353,0.4399986,
2,25.43,2,10.26527,343.3753,-4.418756,0.4304568,-5.37362,-8.272,-34.4353,0.4399986,
2,25.44,2,10.26357,343.357,-4.42261,0.4309036,-5.37362,-8.272,-34.4353,0.4399986,
2,25.45,2,10.26745,343.3431,-4.421457,0.4306285,-5.37362,-8.272,-34.4353,0.4399986,
2,25.46,2,10.26406,343.3335,-4.427319,0.4313417,-5.37362,-8.272,-34.4353,0.4399986,
2,25.47,2,10.2645,343.3376,-4.429165,0.4315033,-5.38567,-8.272,-34.4398,0.4445,
2,25.48,2,10.26254,343.3536,-4.431388,0.4318022,-5.38567,-8.272,-34.4398,0.4445,
2,25.49,2,10.26308,343.3243,-4.433841,0.4320186,-5.38567,-8.272,-34.4398,0.4445,
2,25.5,2,10.26457,343.3161,-4.436002,0.4321665,-5.38567,-8.272,-34.4398,0.4445,
2,25.51,2,10.26193,343.2902,-4.440133,0.43268,-5.38567,-8.272,-34.4398,0.4445,
2,25.52,2,10.26285,343.3122,-4.43875,0.4325067,-5.38567,-8.272,-34.4398,0.4445,
2,25.53,2,10.26437,343.3008,-4.436194,0.4321935,-5.38567,-8.272,-34.4398,0.4445,
2,25.54,2,10.2613,343.3005,-4.438301,0.4325281,-5.38567,-8.272,-34.4398,0.4445,
2,25.55,2,10.26239,343.2901,-4.434179,0.4320804,-5.38567,-8.272,-34.4398,0.4445,
2,25.56,2,10.26085,343.2906,-4.436606,0.4323822,-5.38567,-8.272,-34.4398,0.4445,
2,25.57,2,10.25969,343.2848,-4.43923,0.4326865,-5.38567,-8.272,-34.4398,0.4445,
2,25.58,2,10.26164,343.2367,-4.43996,0.4326754,-5.38567,-8.272,-34.4398,0.4445,
2,25.59,2,10.26744,343.2345,-4.441503,0.4325813,-5.38567,-8.272,-34.4398,0.4445,
2,25.6,2,10.27767,343.2333,-4.447977,0.4327808,-5.38567,-8.272,-34.4398,0.4445,
2,25.61,2,10.29408,343.2044,-4.454251,0.4327003,-5.38567,-8.272,-34.4398,0.4445,
2,25.62,2,10.31835,343.1535,-4.456475,0.431898,-5.38567,-8.272,-34.4398,0.4445,
2,25.63,2,10.33776,343.1555,-4.464275,0.4318415,-5.38567,-8.272,-34.4398,0.4445,
2,25.64,2,10.35631,343.0707,-4.467678,0.4313965,-5.38567,-8.272,-34.4398,0.4445,
2,25.65,2,10.37021,343.062,-4.468383,0.4308864,-5.38567,-8.272,-34.4398,0.4445,
2,25.66,2,10.37766,343.0422,-4.473767,0.4310959,-5.38567,-8.272,-34.4398,0.4445,
2,25.67,2,10.38363,343.0153,-4.471803,0.4306591,-5.38567,-8.272,-34.4398,0.4445,
2,25.68,2,10.38352,343.0023,-4.472433,0.4307243,-5.38567,-8.272,-34.4398,0.4445,
2,25.69,2,10.38208,342.997,-4.476581,0.4311835,-5.38567,-8.272,-34.4398,0.4445,
2,25.7,2,10.38206,342.9976,-4.483078,0.4318099,-5.38567,-8.272,-34.4398,0.4445,
2,25.71,2,10.38095,342.9888,-4.484327,0.4319766,-5.38567,-8.272,-34.4398,0.4445,
2,25.72,2,10.38157,342.9481,-4.485373,0.4320517,-5.38567,-8.272,-34.4398,0.4445,
2,25.73,2,10.37851,342.9612,-4.488582,0.4324882,-5.38567,-8.272,-34.4398,0.4445,
2,25.74,2,10.37666,342.9662,-4.489935,0.4326955,-5.38567,-8.272,-34.4398,0.4445,
2,25.75,2,10.38125,342.9705,-4.491868,0.4326906,-5.39708,-8.272,-34.4442,0.4488983,
2,25.76,2,10.3763,342.9507,-4.492014,0.432911,-5.39708,-8.272,-34.4442,0.4488983,
2,25.77,2,10.37831,342.9294,-4.490945,0.4327239,-5.39708,-8.272,-34.4442,0.4488983,
2,25.78,2,10.38035,342.9384,-4.489052,0.4324567,-5.39708,-8.272,-34.4442,0.4488983,
2,25.79,2,10.37512,342.9127,-4.48696,0.4324729,-5.39708,-8.272,-34.4442,0.4488983,
2,25.8,2,10.3768,342.9023,-4.492428,0.4329301,-5.39708,-8.272,-34.4442,0.4488983,
2,25.81,2,10.37768,342.8876,-4.492258,0.4328768,-5.39708,-8.272,-34.4442,0.4488983,
2,25.82,2,10.37594,342.8969,-4.493576,0.4330764,-5.39708,-8.272,-34.4442,0.4488983,
2,25.83,2,10.37746,342.8806,-4.494775,0.4331288,-5.39708,-8.272,-34.4442,0.4488983,
2,25.84,2,10.37632,342.8727,-4.498579,0.4335429,-5.39708,-8.272,-34.4442,0.4488983,
2,25.85,2,10.37625,342.8683,-4.501,0.433779,-5.39708,-8.272,-34.4442,0.4488983,
2,25.86,2,10.37526,342.875,-4.503117,0.4340246,-5.39708,-8.272,-34.4442,0.4488983,
2,25.87,2,10.3775,342.8393,-4.505573,0.4341674,-5.39708,-8.272,-34.4442,0.4488983,
2,25.88,2,10.38451,342.8732,-4.500808,0.4334155,-5.39708,-8.272,-34.4442,0.4488983,
2,25.89,2,10.3949,342.8279,-4.504114,0.4333002,-5.39708,-8.272,-34.4442,0.4488983,
2,25.9,2,10.41344,342.8124,-4.504842,0.432599,-5.39708,-8.272,-34.4442,0.4488983,
2,25.91,2,10.43595,342.757,-4.509474,0.4321097,-5.39708,-8.272,-34.4442,0.4488983,
2,25.92,2,10.45557,342.7154,-4.517561,0.4320721,-5.39708,-8.272,-34.4442,0.4488983,
2,25.93,2,10.47658,342.6692,-4.521848,0.4316149,-5.39708,-8.272,-34.4442,0.4488983,
2,25.94,2,10.48669,342.6475,-4.531541,0.432123,-5.39708,-8.272,-34.4442,0.4488983,
2,25.95,2,10.49412,342.6239,-4.536396,0.4322797,-5.39708,-8.272,-34.4442,0.4488983,
2,25.96,2,10.49635,342.6241,-4.540007,0.4325321,-5.39708,-8.272,-34.4442,0.4488983,
2,25.97,2,10.49851,342.6062,-4.542611,0.4326909,-5.39708,-8.272,-34.4442,0.4488983,
2,25.98,2,10.49821,342.5913,-4.544147,0.4328499,-5.39708,-8.272,-34.4442,0.4488983,
2,25.99,2,10.49678,342.5956,-4.547602,0.4332379,-5.39708,-8.272,-34.4442,0.4488983,
2,26,2,10.49752,342.5771,-4.546488,0.433101,-5.39708,-8.272,-34.4442,0.4488983,
2,26.01,2,10.49657,342.5786,-4.544339,0.4329355,-5.39708,-8.272,-34.4442,0.4488983,
2,26.02,2,10.49557,342.5668,-4.54364,0.4329103,-5.39708,-8.272,-34.4442,0.4488983,
2,26.03,2,10.49505,342.5532,-4.541131,0.4326926,-5.39708,-8.272,-34.4442,0.4488983,
2,26.04,2,10.49415,342.5508,-4.543859,0.4329897,-5.40912,-8.272,-34.4488,0.4534988,
2,26.05,2,10.49483,342.5531,-4.543419,0.4329197,-5.40912,-8.272,-34.4488,0.4534988,
2,26.06,2,10.4954,342.5196,-4.54775,0.4333089,-5.40912,-8.272,-34.4488,0.4534988,
2,26.07,2,10.49458,342.5219,-4.546987,0.4332702,-5.40912,-8.272,-34.4488,0.4534988,
2,26.08,2,10.49387,342.5458,-4.55076,0.4336589,-5.40912,-8.272,-34.4488,0.4534988,
2,26.09,2,10.49406,342.513,-4.556273,0.4341763,-5.40912,-8.272,-34.4488,0.4534988,
2,26.1,2,10.49302,342.5036,-4.556976,0.4342866,-5.40912,-8.272,-34.4488,0.4534988,
2,26.11,2,10.49368,342.5036,-4.557875,0.4343449,-5.40912,-8.272,-34.4488,0.4534988,
2,26.12,2,10.49191,342.4899,-4.556749,0.4343106,-5.40912,-8.272,-34.4488,0.4534988,
2,26.13,2,10.49276,342.5031,-4.556459,0.4342481,-5.40912,-8.272,-34.4488,0.4534988,
2,26.14,2,10.49281,342.4706,-4.554306,0.4340405,-5.40912,-8.272,-34.4488,0.4534988,
2,26.15,2,10.49183,342.4713,-4.553282,0.4339837,-5.40912,-8.272,-34.4488,0.4534988,
2,26.16,2,10.49687,342.4608,-4.55626,0.4340589,-5.40912,-8.272,-34.4488,0.4534988,
2,26.17,2,10.50227,342.4299,-4.555906,0.4338022,-5.40912,-8.272,-34.4488,0.4534988,
2,26.18,2,10.5167,342.4024,-4.564306,0.4340055,-5.40912,-8.272,-34.4488,0.4534988,
2,26.19,2,10.53573,342.3872,-4.568543,0.4336238,-5.40912,-8.272,-34.4488,0.4534988,
2,26.2,2,10.55916,342.3268,-4.573616,0.4331421,-5.40912,-8.272,-34.4488,0.4534988,
2,26.21,2,10.57814,342.3281,-4.580729,0.4330372,-5.40912,-8.272,-34.4488,0.4534988,
2,26.22,2,10.5971,342.2851,-4.588126,0.4329606,-5.40912,-8.272,-34.4488,0.4534988,
2,26.23,2,10.6106,342.256,-4.594761,0.4330348,-5.40912,-8.272,-34.4488,0.4534988,
2,26.24,2,10.61786,342.2454,-4.595607,0.4328187,-5.40912,-8.272,-34.4488,0.4534988,
2,26.25,2,10.62053,342.2077,-4.597202,0.4328602,-5.40912,-8.272,-34.4488,0.4534988,
2,26.26,2,10.61821,342.2075,-4.595643,0.4328075,-5.40912,-8.272,-34.4488,0.4534988,
2,26.27,2,10.62087,342.1945,-4.595189,0.4326564,-5.40912,-8.272,-34.4488,0.4534988,
2,26.28,2,10.6193,342.1684,-4.596979,0.4328892,-5.40912,-8.272,-34.4488,0.4534988,
2,26.29,2,10.61896,342.1526,-4.597214,0.4329252,-5.41988,-8.272,-34.4534,0.4580994,
2,26.3,2,10.61798,342.1575,-4.601979,0.4334138,-5.41988,-8.272,-34.4534,0.4580994,
2,26.31,2,10.61732,342.1486,-4.603568,0.4335903,-5.41988,-8.272,-34.4534,0.4580994,
2,26.32,2,10.61585,342.1092,-4.606972,0.4339711,-5.41988,-8.272,-34.4534,0.4580994,
2,26.33,2,10.61603,342.1414,-4.609534,0.4342051,-5.41988,-8.272,-34.4534,0.4580994,
2,26.34,2,10.61658,342.1395,-4.612543,0.4344659,-5.41988,-8.272,-34.4534,0.4580994,
2,26.35,2,10.61668,342.1387,-4.61286,0.4344917,-5.41988,-8.272,-34.4534,0.4580994,
2,26.36,2,10.61581,342.1257,-4.610275,0.4342837,-5.41988,-8.272,-34.4534,0.4580994,
2,26.37,2,10.6123,342.1028,-4.610472,0.4344462,-5.41988,-8.272,-34.4534,0.4580994,
2,26.38,2,10.6151,342.1135,-4.607592,0.4340602,-5.41988,-8.272,-34.4534,0.4580994,
2,26.39,2,10.61513,342.0941,-4.606705,0.4339753,-5.41988,-8.272,-34.4534,0.4580994,
2,26.4,2,10.61414,342.081,-4.608449,0.4341803,-5.41988,-8.272,-34.4534,0.4580994,
2,26.41,2,10.61345,342.0857,-4.608631,0.4342253,-5.41988,-8.272,-34.4534,0.4580994,
2,26.42,2,10.61803,342.0679,-4.614784,0.4346176,-5.41988,-8.272,-34.4534,0.4580994,
2,26.43,2,10.62936,342.0467,-4.616861,0.43435,-5.41988,-8.272,-34.4534,0.4580994,
2,26.44,2,10.64324,342.0368,-4.622727,0.4343345,-5.41988,-8.272,-34.4534,0.4580994,
2,26.45,2,10.66433,341.9831,-4.628825,0.4340475,-5.41988,-8.272,-34.4534,0.4580994,
2,26.46,2,10.68616,341.9463,-4.63283,0.4335353,-5.41988,-8.272,-34.4534,0.4580994,
2,26.47,2,10.7051,341.9064,-4.640976,0.4335295,-5.41988,-8.272,-34.4534,0.4580994,
2,26.48,2,10.7225,341.8709,-4.642612,0.4329785,-5.41988,-8.272,-34.4534,0.4580994,
2,26.49,2,10.73101,341.8622,-4.646655,0.4330117,-5.41988,-8.272,-34.4534,0.4580994,
2,26.5,2,10.73344,341.8409,-4.645264,0.4327841,-5.41988,-8.272,-34.4534,0.4580994,
2,26.51,2,10.73464,341.828,-4.646173,0.4328206,-5.41988,-8.272,-34.4534,0.4580994,
2,26.52,2,10.73385,341.8232,-4.646636,0.4328956,-5.41988,-8.272,-34.4534,0.4580994,
2,26.53,2,10.73213,341.8262,-4.6503,0.4333065,-5.41988,-8.272,-34.4534,0.4580994,
2,26.54,2,10.73118,341.8127,-4.65419,0.4337073,-5.41988,-8.272,-34.4534,0.4580994,
2,26.55,2,10.73026,341.8003,-4.654576,0.4337803,-5.41988,-8.272,-34.4534,0.4580994,
2,26.56,2,10.73382,341.8107,-4.65892,0.4340413,-5.43192,-8.272,-34.4578,0.4625015,
2,26.57,2,10.73038,341.7759,-4.659107,0.4341976,-5.43192,-8.272,-34.4578,0.4625015,
2,26.58,2,10.72986,341.7329,-4.660912,0.4343869,-5.43192,-8.272,-34.4578,0.4625015,
2,26.59,2,10.73311,341.7466,-4.661633,0.4343228,-5.43192,-8.272,-34.4578,0.4625015,
2,26.6,2,10.73265,341.7535,-4.659406,0.4341337,-5.43192,-8.272,-34.4578,0.4625015,
2,26.61,2,10.73072,341.7564,-4.660399,0.4343045,-5.43192,-8.272,-34.4578,0.4625015,
2,26.62,2,10.73198,341.725,-4.658723,0.4340973,-5.43192,-8.272,-34.4578,0.4625015,
2,26.63,2,10.72878,341.7342,-4.658456,0.4342017,-5.43192,-8.272,-34.4578,0.4625015,
2,26.64,2,10.73002,341.7101,-4.658926,0.4341954,-5.43192,-8.272,-34.4578,0.4625015,
2,26.65,2,10.73196,341.7009,-4.662172,0.4344194,-5.43192,-8.272,-34.4578,0.4625015,
2,26.66,2,10.72659,341.6959,-4.663549,0.4347651,-5.43192,-8.272,-34.4578,0.4625015,
2,26.67,2,10.72962,341.6985,-4.664497,0.434731,-5.43192,-8.272,-34.4578,0.4625015,
2,26.68,2,10.73612,341.6628,-4.667471,0.4347448,-5.43192,-8.272,-34.4578,0.4625015,
2,26.69,2,10.74679,341.663,-4.667955,0.4343582,-5.43192,-8.272,-34.4578,0.4625015,
2,26.7,2,10.7644,341.6085,-4.675117,0.4343127,-5.43192,-8.272,-34.4578,0.4625015,
2,26.71,2,10.78533,341.5948,-4.681784,0.4340881,-5.43192,-8.272,-34.4578,0.4625015,
2,26.72,2,10.8071,341.5345,-4.683963,0.4334152,-5.43192,-8.272,-34.4578,0.4625015,
2,26.73,2,10.82689,341.5139,-4.689538,0.4331381,-5.43192,-8.272,-34.4578,0.4625015,
2,26.74,2,10.83696,341.4884,-4.689632,0.4327444,-5.43192,-8.272,-34.4578,0.4625015,
2,26.75,2,10.84524,341.459,-4.694054,0.4328217,-5.43192,-8.272,-34.4578,0.4625015,
2,26.76,2,10.84563,341.455,-4.699438,0.4333023,-5.43192,-8.272,-34.4578,0.4625015,
2,26.77,2,10.84426,341.4264,-4.701625,0.4335588,-5.43192,-8.272,-34.4578,0.4625015,
2,26.78,2,10.84656,341.414,-4.703961,0.4336824,-5.43192,-8.272,-34.4578,0.4625015,
2,26.79,2,10.84381,341.4156,-4.706809,0.434055,-5.43192,-8.272,-34.4578,0.4625015,
2,26.8,2,10.84245,341.3767,-4.712097,0.434597,-5.43192,-8.272,-34.4578,0.4625015,
2,26.81,2,10.84222,341.3893,-4.713314,0.4347185,-5.43192,-8.272,-34.4578,0.4625015,
2,26.82,2,10.84209,341.4246,-4.716896,0.4350542,-5.44263,-8.272,-34.4622,0.4668999,
2,26.83,2,10.84307,341.3939,-4.717653,0.4350846,-5.44263,-8.272,-34.4622,0.4668999,
2,26.84,2,10.84137,341.3821,-4.716012,0.4350015,-5.44263,-8.272,-34.4622,0.4668999,
2,26.85,2,10.83969,341.3756,-4.716681,0.4351304,-5.44263,-8.272,-34.4622,0.4668999,
2,26.86,2,10.84357,341.3704,-4.716114,0.4349226,-5.44263,-8.272,-34.4622,0.4668999,
2,26.87,2,10.84129,341.3533,-4.716086,0.4350114,-5.44263,-8.272,-34.4622,0.4668999,
2,26.88,2,10.84105,341.3483,-4.715907,0.4350046,-5.44263,-8.272,-34.4622,0.4668999,
2,26.89,2,10.84278,341.3377,-4.716639,0.4350027,-5.44263,-8.272,-34.4622,0.4668999,
2,26.9,2,10.84011,341.3335,-4.721385,0.4355476,-5.44263,-8.272,-34.4622,0.4668999,
2,26.91,2,10.83847,341.3085,-4.727375,0.4361661,-5.44263,-8.272,-34.4622,0.4668999,
2,26.92,2,10.83976,341.328,-4.726913,0.4360718,-5.44263,-8.272,-34.4622,0.4668999,
2,26.93,2,10.8371,341.3198,-4.728238,0.4363012,-5.44263,-8.272,-34.4622,0.4668999,
2,26.94,2,10.84006,341.3391,-4.733485,0.436666,-5.44263,-8.272,-34.4622,0.4668999,
2,26.95,2,10.84276,341.3027,-4.736963,0.4368779,-5.44263,-8.272,-34.4622,0.4668999,
2,26.96,2,10.8565,341.277,-4.733936,0.4360463,-5.44263,-8.272,-34.4622,0.4668999,
2,26.97,2,10.87412,341.2492,-4.7388,0.4357871,-5.44263,-8.272,-34.4622,0.4668999,
2,26.98,2,10.89457,341.2016,-4.736454,0.4347536,-5.44263,-8.272,-34.4622,0.4668999,
2,26.99,2,10.91533,341.1722,-4.743382,0.4345613,-5.44263,-8.272,-34.4622,0.4668999,
2,27,2,10.93624,341.1327,-4.747277,0.4340867,-5.44263,-8.272,-34.4622,0.4668999,
2,27.01,2,10.94495,341.1331,-4.752793,0.4342453,-5.44263,-8.272,-34.4622,0.4668999,
2,27.02,2,10.95413,341.1139,-4.759531,0.4344963,-5.44263,-8.272,-34.4622,0.4668999,
2,27.03,2,10.95927,341.0446,-4.762793,0.4345902,-5.44263,-8.272,-34.4622,0.4668999,
2,27.04,2,10.95886,341.0882,-4.768797,0.4351543,-5.44263,-8.272,-34.4622,0.4668999,
2,27.05,2,10.95731,341.0573,-4.769175,0.4352504,-5.44263,-8.272,-34.4622,0.4668999,
2,27.06,2,10.95817,341.0009,-4.773378,0.4355998,-5.44263,-8.272,-34.4622,0.4668999,
2,27.07,2,10.95798,341.0454,-4.772484,0.4355257,-5.44263,-8.272,-34.4622,0.4668999,
2,27.08,2,10.95756,341.0434,-4.77197,0.4354957,-5.44263,-8.272,-34.4622,0.4668999,
2,27.09,2,10.95538,341.0297,-4.771067,0.4354999,-5.44263,-8.272,-34.4622,0.4668999,
2,27.1,2,10.95654,341.0137,-4.770285,0.4353824,-5.45402,-8.272,-34.4665,0.471199,
2,27.11,2,10.95622,341.0098,-4.771355,0.4354926,-5.45402,-8.272,-34.4665,0.471199,
2,27.12,2,10.95552,340.9979,-4.770156,0.435411,-5.45402,-8.272,-34.4665,0.471199,
2,27.13,2,10.95542,340.9777,-4.771823,0.4355674,-5.45402,-8.272,-34.4665,0.471199,
2,27.14,2,10.95569,340.9806,-4.777539,0.4360783,-5.45402,-8.272,-34.4665,0.471199,
2,27.15,2,10.95535,340.9888,-4.776348,0.435983,-5.45402,-8.272,-34.4665,0.471199,
2,27.16,2,10.95453,340.9646,-4.781111,0.4364505,-5.45402,-8.272,-34.4665,0.471199,
2,27.17,2,10.95403,340.9614,-4.780438,0.4364091,-5.45402,-8.272,-34.4665,0.471199,
2,27.18,2,10.95531,340.94,-4.784509,0.4367298,-5.45402,-8.272,-34.4665,0.471199,
2,27.19,2,10.96104,340.9544,-4.787795,0.4368012,-5.45402,-8.272,-34.4665,0.471199,
2,27.2,2,10.97046,340.9326,-4.785738,0.4362386,-5.45402,-8.272,-34.4665,0.471199,
2,27.21,2,10.98827,340.8943,-4.787878,0.4357264,-5.45402,-8.272,-34.4665,0.471199,
2,27.22,2,11.00709,340.8561,-4.792487,0.4353998,-5.45402,-8.272,-34.4665,0.471199,
2,27.23,2,11.03065,340.8091,-4.798728,0.4350358,-5.45402,-8.272,-34.4665,0.471199,
2,27.24,2,11.05101,340.7798,-4.803226,0.4346415,-5.45402,-8.272,-34.4665,0.471199,
2,27.25,2,11.0654,340.7204,-4.807595,0.434471,-5.45402,-8.272,-34.4665,0.471199,
2,27.26,2,11.07085,340.7233,-4.812989,0.4347444,-5.45402,-8.272,-34.4665,0.471199,
2,27.27,2,11.07563,340.7223,-4.81712,0.4349295,-5.45402,-8.272,-34.4665,0.471199,
2,27.28,2,11.07322,340.686,-4.823298,0.4355822,-5.45402,-8.272,-34.4665,0.471199,
2,27.29,2,11.07636,340.7028,-4.823149,0.4354452,-5.45402,-8.272,-34.4665,0.471199,
2,27.3,2,11.07312,340.7358,-4.826835,0.4359057,-5.45402,-8.272,-34.4665,0.471199,
2,27.31,2,11.07246,340.6646,-4.825845,0.4358421,-5.45402,-8.272,-34.4665,0.471199,
2,27.32,2,11.07248,340.6621,-4.828282,0.4360615,-5.45402,-8.272,-34.4665,0.471199,
2,27.33,2,11.07499,340.6554,-4.827851,0.4359235,-5.45402,-8.272,-34.4665,0.471199,
2,27.34,2,11.07037,340.6534,-4.823652,0.4357263,-5.45402,-8.272,-34.4665,0.471199,
2,27.35,2,11.06916,340.633,-4.827628,0.436133,-5.45402,-8.272,-34.4665,0.471199,
2,27.36,2,11.07048,340.6309,-4.826995,0.4360241,-5.46408,-8.272,-34.4709,0.4756012,
2,27.37,2,11.07077,340.6265,-4.831476,0.4364173,-5.46408,-8.272,-34.4709,0.4756012,
2,27.38,2,11.07012,340.6143,-4.837723,0.4370074,-5.46408,-8.272,-34.4709,0.4756012,
2,27.39,2,11.06854,340.5925,-4.84022,0.4372952,-5.46408,-8.272,-34.4709,0.4756012,
2,27.4,2,11.06773,340.6069,-4.842396,0.4375238,-5.46408,-8.272,-34.4709,0.4756012,
2,27.41,2,11.06884,340.603,-4.840693,0.4373262,-5.46408,-8.272,-34.4709,0.4756012,
2,27.42,2,11.06864,340.6159,-4.845451,0.437764,-5.46408,-8.272,-34.4709,0.4756012,
2,27.43,2,11.06695,340.5914,-4.849182,0.438168,-5.46408,-8.272,-34.4709,0.4756012,
2,27.44,2,11.06271,340.5826,-4.845599,0.4380118,-5.46408,-8.272,-34.4709,0.4756012,
2,27.45,2,11.06685,340.5689,-4.843886,0.4376935,-5.46408,-8.272,-34.4709,0.4756012,
2,27.46,2,11.06599,340.5577,-4.840877,0.4374552,-5.46408,-8.272,-34.4709,0.4756012,
2,27.47,2,11.06665,340.5511,-4.843247,0.4376436,-5.46408,-8.272,-34.4709,0.4756012,
2,27.48,2,11.07647,340.5307,-4.842855,0.43722,-5.46408,-8.272,-34.4709,0.4756012,
2,27.49,2,11.08702,340.5313,-4.848823,0.4373425,-5.46408,-8.272,-34.4709,0.4756012,
2,27.5,2,11.10344,340.4853,-4.849227,0.436732,-5.46408,-8.272,-34.4709,0.4756012,
2,27.51,2,11.12742,340.4322,-4.856279,0.4364245,-5.46408,-8.272,-34.4709,0.4756012,
2,27.52,2,11.14685,340.4178,-4.864728,0.4364218,-5.46408,-8.272,-34.4709,0.4756012,
2,27.53,2,11.16445,340.3854,-4.870596,0.4362594,-5.46408,-8.272,-34.4709,0.4756012,
2,27.54,2,11.17737,340.3162,-4.878309,0.4364451,-5.46408,-8.272,-34.4709,0.4756012,
2,27.55,2,11.18188,340.3538,-4.879797,0.4364022,-5.46408,-8.272,-34.4709,0.4756012,
2,27.56,2,11.18322,340.3317,-4.882297,0.4365734,-5.46408,-8.272,-34.4709,0.4756012,
2,27.57,2,11.18497,340.3346,-4.880405,0.4363358,-5.46408,-8.272,-34.4709,0.4756012,
2,27.58,2,11.1855,340.3065,-4.878325,0.4361294,-5.46408,-8.272,-34.4709,0.4756012,
2,27.59,2,11.18376,340.3075,-4.878505,0.4362135,-5.46408,-8.272,-34.4709,0.4756012,
2,27.6,2,11.18332,340.2838,-4.881114,0.4364637,-5.46408,-8.272,-34.4709,0.4756012,
2,27.61,2,11.18237,340.2772,-4.884137,0.4367712,-5.47615,-8.272,-34.4752,0.4799004,
2,27.62,2,11.18213,340.2642,-4.887836,0.4371115,-5.47615,-8.272,-34.4752,0.4799004,
2,27.63,2,11.184,340.2736,-4.887519,0.4370098,-5.47615,-8.272,-34.4752,0.4799004,
2,27.64,2,11.17964,340.2556,-4.89137,0.4375248,-5.47615,-8.272,-34.4752,0.4799004,
2,27.65,2,11.18081,340.2425,-4.892321,0.4375643,-5.47615,-8.272,-34.4752,0.4799004,
2,27.66,2,11.18032,340.2327,-4.894534,0.4377813,-5.47615,-8.272,-34.4752,0.4799004,
2,27.67,2,11.1812,340.2461,-4.89301,0.4376103,-5.47615,-8.272,-34.4752,0.4799004,
2,27.68,2,11.18084,340.2366,-4.892351,0.4375656,-5.47615,-8.272,-34.4752,0.4799004,
2,27.69,2,11.18146,340.2295,-4.890219,0.4373506,-5.47615,-8.272,-34.4752,0.4799004,
2,27.7,2,11.18013,340.2199,-4.890434,0.4374221,-5.47615,-8.272,-34.4752,0.4799004,
2,27.71,2,11.17942,340.2147,-4.889439,0.4373606,-5.47615,-8.272,-34.4752,0.4799004,
2,27.72,2,11.17905,340.206,-4.890711,0.4374889,-5.47615,-8.272,-34.4752,0.4799004,
2,27.73,2,11.18341,340.1828,-4.894449,0.4376525,-5.47615,-8.272,-34.4752,0.4799004,
2,27.74,2,11.18879,340.1677,-4.896601,0.4376344,-5.47615,-8.272,-34.4752,0.4799004,
2,27.75,2,11.20408,340.1694,-4.899937,0.437335,-5.47615,-8.272,-34.4752,0.4799004,
2,27.76,2,11.22329,340.1185,-4.90727,0.4372401,-5.47615,-8.272,-34.4752,0.4799004,
2,27.77,2,11.24506,340.0784,-4.91345,0.4369431,-5.47615,-8.272,-34.4752,0.4799004,
2,27.78,2,11.26211,340.068,-4.922957,0.4371257,-5.47615,-8.272,-34.4752,0.4799004,
2,27.79,2,11.28099,339.991,-4.92395,0.4364822,-5.47615,-8.272,-34.4752,0.4799004,
2,27.8,2,11.28978,339.9996,-4.927915,0.4364934,-5.47615,-8.272,-34.4752,0.4799004,
2,27.81,2,11.2948,339.9645,-4.929513,0.4364412,-5.47615,-8.272,-34.4752,0.4799004,
2,27.82,2,11.29835,339.9537,-4.928754,0.4362366,-5.47615,-8.272,-34.4752,0.4799004,
2,27.83,2,11.2953,339.9546,-4.930973,0.4365507,-5.47615,-8.272,-34.4752,0.4799004,
2,27.84,2,11.29635,339.9259,-4.931048,0.4365171,-5.47615,-8.272,-34.4752,0.4799004,
2,27.85,2,11.29679,339.9352,-4.934832,0.4368348,-5.47615,-8.272,-34.4752,0.4799004,
2,27.86,2,11.29482,339.9194,-4.939055,0.4372851,-5.47615,-8.272,-34.4752,0.4799004,
2,27.87,2,11.2943,339.903,-4.940279,0.4374136,-5.47615,-8.272,-34.4752,0.4799004,
2,27.88,2,11.29468,339.9081,-4.941817,0.437535,-5.47615,-8.272,-34.4752,0.4799004,
2,27.89,2,11.29214,339.9078,-4.944508,0.4378718,-5.48685,-8.272,-34.4794,0.4841003,
2,27.9,2,11.29062,339.901,-4.948852,0.4383155,-5.48685,-8.272,-34.4794,0.4841003,
2,27.91,2,11.29258,339.8804,-4.94705,0.4380797,-5.48685,-8.272,-34.4794,0.4841003,
2,27.92,2,11.29153,339.8611,-4.946452,0.4380673,-5.48685,-8.272,-34.4794,0.4841003,
2,27.93,2,11.29351,339.865,-4.943104,0.4376944,-5.48685,-8.272,-34.4794,0.4841003,
2,27.94,2,11.29067,339.8564,-4.943753,0.4378618,-5.48685,-8.272,-34.4794,0.4841003,
2,27.95,2,11.29205,339.8489,-4.945051,0.4379232,-5.48685,-8.272,-34.4794,0.4841003,
2,27.96,2,11.29045,339.8274,-4.945433,0.4380192,-5.48685,-8.272,-34.4794,0.4841003,
2,27.97,2,11.29189,339.8355,-4.949745,0.438345,-5.48685,-8.272,-34.4794,0.4841003,
2,27.98,2,11.29052,339.8131,-4.948818,0.4383162,-5.48685,-8.272,-34.4794,0.4841003,
2,27.99,2,11.29077,339.7845,-4.954036,0.4387688,-5.48685,-8.272,-34.4794,0.4841003,
2,28,2,11.29236,339.7978,-4.959204,0.4391645,-5.48685,-8.272,-34.4794,0.4841003,
2,28.01,2,11.30267,339.7894,-4.955976,0.4384784,-5.48685,-8.272,-34.4794,0.4841003,
2,28.02,2,11.31199,339.764,-4.9647,0.4388881,-5.48685,-8.272,-34.4794,0.4841003,
2,28.03,2,11.33308,339.756,-4.963387,0.4379559,-5.48685,-8.272,-34.4794,0.4841003,
2,28.04,2,11.35683,339.6814,-4.968315,0.4374736,-5.48685,-8.272,-34.4794,0.4841003,
2,28.05,2,11.37802,339.6674,-4.971056,0.4368998,-5.48685,-8.272,-34.4794,0.4841003,
2,28.06,2,11.39345,339.6307,-4.972527,0.4364375,-5.48685,-8.272,-34.4794,0.4841003,
2,28.07,2,11.39863,339.6061,-4.982485,0.4371127,-5.48685,-8.272,-34.4794,0.4841003,
2,28.08,2,11.40476,339.5881,-4.984357,0.4370416,-5.48685,-8.272,-34.4794,0.4841003,
2,28.09,2,11.40738,339.5817,-4.99103,0.4375264,-5.48685,-8.272,-34.4794,0.4841003,
2,28.1,2,11.40485,339.5792,-4.990583,0.4375844,-5.48685,-8.272,-34.4794,0.4841003,
2,28.11,2,11.40768,339.5557,-4.99551,0.4379076,-5.48685,-8.272,-34.4794,0.4841003,
2,28.12,2,11.40359,339.5443,-4.99659,0.4381595,-5.48685,-8.272,-34.4794,0.4841003,
2,28.13,2,11.40494,339.5411,-4.995134,0.4379797,-5.48685,-8.272,-34.4794,0.4841003,
2,28.14,2,11.40719,339.5306,-5.001388,0.4384416,-5.48685,-8.272,-34.4794,0.4841003,
2,28.15,2,11.40365,339.5147,-4.998873,0.4383571,-5.48685,-8.272,-34.4794,0.4841003,
2,28.16,2,11.40381,339.5247,-4.998027,0.4382769,-5.48685,-8.272,-34.4794,0.4841003,
2,28.17,2,11.40216,339.5052,-4.996098,0.438171,-5.49825,-8.272,-34.4836,0.4883003,
2,28.18,2,11.40306,339.5078,-4.996725,0.4381914,-5.49825,-8.272,-34.4836,0.4883003,
2,28.19,2,11.40349,339.492,-4.998855,0.4383618,-5.49825,-8.272,-34.4836,0.4883003,
2,28.2,2,11.40083,339.4945,-5.000237,0.4385855,-5.49825,-8.272,-34.4836,0.4883003,
2,28.21,2,11.40008,339.4745,-5.003206,0.4388745,-5.49825,-8.272,-34.4836,0.4883003,
2,28.22,2,11.40058,339.47,-5.004187,0.4389414,-5.49825,-8.272,-34.4836,0.4883003,
2,28.23,2,11.40017,339.4953,-5.008602,0.4393447,-5.49825,-8.272,-34.4836,0.4883003,
2,28.24,2,11.39744,339.4564,-5.013369,0.4398679,-5.49825,-8.272,-34.4836,0.4883003,
2,28.25,2,11.3985,339.4413,-5.013124,0.4398057,-5.49825,-8.272,-34.4836,0.4883003,
2,28.26,2,11.39857,339.445,-5.016276,0.4400793,-5.49825,-8.272,-34.4836,0.4883003,
2,28.27,2,11.39801,339.4332,-5.012021,0.4397276,-5.49825,-8.272,-34.4836,0.4883003,
2,28.28,2,11.39767,339.454,-5.013324,0.4398552,-5.49825,-8.272,-34.4836,0.4883003,
2,28.29,2,11.40392,339.4214,-5.008904,0.4392267,-5.49825,-8.272,-34.4836,0.4883003,
2,28.3,2,11.41145,339.3994,-5.008092,0.4388657,-5.49825,-8.272,-34.4836,0.4883003,
2,28.31,2,11.42443,339.3773,-5.012619,0.4387633,-5.49825,-8.272,-34.4836,0.4883003,
2,28.32,2,11.44786,339.3302,-5.016336,0.4381899,-5.49825,-8.272,-34.4836,0.4883003,
2,28.33,2,11.47024,339.2888,-5.025315,0.4381177,-5.49825,-8.272,-34.4836,0.4883003,
2,28.34,2,11.48841,339.2841,-5.031449,0.4379586,-5.49825,-8.272,-34.4836,0.4883003,
2,28.35,2,11.50429,339.227,-5.039881,0.4380872,-5.49825,-8.272,-34.4836,0.4883003,
2,28.36,2,11.5149,339.2154,-5.044497,0.4380845,-5.49825,-8.272,-34.4836,0.4883003,
2,28.37,2,11.51784,339.2075,-5.052182,0.4386398,-5.49825,-8.272,-34.4836,0.4883003,
2,28.38,2,11.52343,339.1957,-5.054119,0.4385949,-5.49825,-8.272,-34.4836,0.4883003,
2,28.39,2,11.51993,339.1929,-5.055836,0.4388772,-5.49825,-8.272,-34.4836,0.4883003,
2,28.4,2,11.51976,339.1707,-5.0548,0.4387937,-5.49825,-8.272,-34.4836,0.4883003,
2,28.41,2,11.52024,339.1659,-5.055482,0.4388347,-5.49825,-8.272,-34.4836,0.4883003,
2,28.42,2,11.5168,339.1517,-5.053872,0.438826,-5.49825,-8.272,-34.4836,0.4883003,
2,28.43,2,11.51763,339.1357,-5.055008,0.4388929,-5.49825,-8.272,-34.4836,0.4883003,
2,28.44,2,11.52003,339.1127,-5.056885,0.4389647,-5.49825,-8.272,-34.4836,0.4883003,
2,28.45,2,11.51719,339.133,-5.059516,0.4393011,-5.5103,-8.272,-34.4879,0.4925995,
2,28.46,2,11.51692,339.1047,-5.062652,0.439584,-5.5103,-8.272,-34.4879,0.4925995,
2,28.47,2,11.51625,339.0776,-5.066888,0.4399773,-5.5103,-8.272,-34.4879,0.4925995,
2,28.48,2,11.51668,339.1023,-5.068209,0.4400755,-5.5103,-8.272,-34.4879,0.4925995,
2,28.49,2,11.51761,339.1176,-5.071731,0.4403457,-5.5103,-8.272,-34.4879,0.4925995,
2,28.5,2,11.51866,339.1048,-5.072643,0.4403847,-5.5103,-8.272,-34.4879,0.4925995,
2,28.51,2,11.5154,339.0882,-5.068248,0.4401277,-5.5103,-8.272,-34.4879,0.4925995,
2,28.52,2,11.51608,339.0703,-5.067852,0.4400674,-5.5103,-8.272,-34.4879,0.4925995,
2,28.53,2,11.51407,339.088,-5.064482,0.4398516,-5.5103,-8.272,-34.4879,0.4925995,
2,28.54,2,11.51637,339.071,-5.063437,0.4396732,-5.5103,-8.272,-34.4879,0.4925995,
2,28.55,2,11.52211,339.0456,-5.063843,0.4394891,-5.5103,-8.272,-34.4879,0.4925995,
2,28.56,2,11.53201,339.0357,-5.068512,0.439517,-5.5103,-8.272,-34.4879,0.4925995,
2,28.57,2,11.55093,339.0004,-5.076585,0.4394959,-5.5103,-8.272,-34.4879,0.4925995,
2,28.58,2,11.57294,338.9476,-5.081778,0.4391087,-5.5103,-8.272,-34.4879,0.4925995,
2,28.59,2,11.59291,338.9311,-5.092588,0.4392849,-5.5103,-8.272,-34.4879,0.4925995,
2,28.6,2,11.61312,338.873,-5.099132,0.4390839,-5.5103,-8.272,-34.4879,0.4925995,
2,28.61,2,11.62554,338.8619,-5.106436,0.439243,-5.5103,-8.272,-34.4879,0.4925995,
2,28.62,2,11.63515,338.8394,-5.10883,0.4390859,-5.5103,-8.272,-34.4879,0.4925995,
2,28.63,2,11.63893,338.8228,-5.109607,0.4390099,-5.5103,-8.272,-34.4879,0.4925995,
2,28.64,2,11.63871,338.8171,-5.110343,0.4390816,-5.5103,-8.272,-34.4879,0.4925995,
2,28.65,2,11.63984,338.8056,-5.107776,0.4388182,-5.5103,-8.272,-34.4879,0.4925995,
2,28.66,2,11.6386,338.8035,-5.109038,0.4389737,-5.5103,-8.272,-34.4879,0.4925995,
2,28.67,2,11.63743,338.7861,-5.110919,0.4391795,-5.5103,-8.272,-34.4879,0.4925995,
2,28.68,2,11.63907,338.7983,-5.11188,0.4392,-5.5103,-8.272,-34.4879,0.4925995,
2,28.69,2,11.63615,338.7879,-5.117393,0.4397841,-5.5103,-8.272,-34.4879,0.4925995,
2,28.7,2,11.63764,338.763,-5.115138,0.4395338,-5.5103,-8.272,-34.4879,0.4925995,
2,28.71,2,11.63843,338.7847,-5.121942,0.4400889,-5.5103,-8.272,-34.4879,0.4925995,
2,28.72,2,11.63379,338.7592,-5.122825,0.44034,-5.52103,-8.272,-34.4923,0.4969978,
2,28.73,2,11.63736,338.7133,-5.123696,0.4402799,-5.52103,-8.272,-34.4923,0.4969978,
2,28.74,2,11.63485,338.7423,-5.124963,0.4404837,-5.52103,-8.272,-34.4923,0.4969978,
2,28.75,2,11.63221,338.739,-5.123275,0.4404386,-5.52103,-8.272,-34.4923,0.4969978,
2,28.76,2,11.63208,338.7339,-5.122783,0.4404012,-5.52103,-8.272,-34.4923,0.4969978,
2,28.77,2,11.63434,338.7129,-5.11881,0.4399742,-5.52103,-8.272,-34.4923,0.4969978,
2,28.78,2,11.63472,338.7104,-5.117617,0.4398574,-5.52103,-8.272,-34.4923,0.4969978,
2,28.79,2,11.63513,338.7001,-5.12111,0.4401419,-5.52103,-8.272,-34.4923,0.4969978,
2,28.8,2,11.63339,338.6779,-5.122408,0.4403196,-5.52103,-8.272,-34.4923,0.4969978,
2,28.81,2,11.63499,338.6861,-5.124996,0.4404812,-5.52103,-8.272,-34.4923,0.4969978,
2,28.82,2,11.63249,338.6942,-5.128688,0.4408934,-5.52103,-8.272,-34.4923,0.4969978,
2,28.83,2,11.63161,338.6793,-5.131493,0.4411679,-5.52103,-8.272,-34.4923,0.4969978,
2,28.84,2,11.64124,338.6517,-5.134589,0.441069,-5.52103,-8.272,-34.4923,0.4969978,
2,28.85,2,11.65308,338.6245,-5.13805,0.4409178,-5.52103,-8.272,-34.4923,0.4969978,
2,28.86,2,11.67048,338.6172,-5.141991,0.4405982,-5.52103,-8.272,-34.4923,0.4969978,
2,28.87,2,11.69406,338.5829,-5.14272,0.4397719,-5.52103,-8.272,-34.4923,0.4969978,
2,28.88,2,11.7155,338.5249,-5.146682,0.4393054,-5.52103,-8.272,-34.4923,0.4969978,
2,28.89,2,11.73274,338.5043,-5.149889,0.4389331,-5.52103,-8.272,-34.4923,0.4969978,
2,28.9,2,11.74438,338.4724,-5.156523,0.4390629,-5.52103,-8.272,-34.4923,0.4969978,
2,28.91,2,11.75041,338.4468,-5.16138,0.4392512,-5.52103,-8.272,-34.4923,0.4969978,
2,28.92,2,11.75276,338.4365,-5.164239,0.4394066,-5.52103,-8.272,-34.4923,0.4969978,
2,28.93,2,11.75181,338.4262,-5.166487,0.4396332,-5.52103,-8.272,-34.4923,0.4969978,
2,28.94,2,11.75361,338.4201,-5.167457,0.4396484,-5.52103,-8.272,-34.4923,0.4969978,
2,28.95,2,11.75315,338.3942,-5.175016,0.440309,-5.52103,-8.272,-34.4923,0.4969978,
2,28.96,2,11.75185,338.4114,-5.173575,0.440235,-5.52103,-8.272,-34.4923,0.4969978,
2,28.97,2,11.7514,338.4371,-5.173406,0.4402372,-5.53307,-8.272,-34.4966,0.5013008,
2,28.98,2,11.7517,338.3957,-5.177081,0.4405389,-5.53307,-8.272,-34.4966,0.5013008,
2,28.99,2,11.75053,338.3916,-5.173781,0.440302,-5.53307,-8.272,-34.4966,0.5013008,
2,29,2,11.752,338.3769,-5.175589,0.4404006,-5.53307,-8.272,-34.4966,0.5013008,
2,29.01,2,11.75083,338.3787,-5.171875,0.4401285,-5.53307,-8.272,-34.4966,0.5013008,
2,29.02,2,11.75102,338.3642,-5.172778,0.4401984,-5.53307,-8.272,-34.4966,0.5013008,
2,29.03,2,11.75108,338.3498,-5.174291,0.4403246,-5.53307,-8.272,-34.4966,0.5013008,
2,29.04,2,11.74954,338.363,-5.177514,0.4406566,-5.53307,-8.272,-34.4966,0.5013008,
2,29.05,2,11.74716,338.3528,-5.180206,0.4409752,-5.53307,-8.272,-34.4966,0.5013008,
2,29.06,2,11.748,338.3232,-5.182832,0.4411673,-5.53307,-8.272,-34.4966,0.5013008,
2,29.07,2,11.74588,338.3352,-5.18703,0.4416043,-5.53307,-8.272,-34.4966,0.5013008,
2,29.08,2,11.74757,338.3378,-5.185076,0.4413745,-5.53307,-8.272,-34.4966,0.5013008,
2,29.09,2,11.7504,338.3495,-5.189583,0.4416517,-5.53307,-8.272,-34.4966,0.5013008,
2,29.1,2,11.75764,338.2936,-5.191101,0.4415088,-5.53307,-8.272,-34.4966,0.5013008,
2,29.11,2,11.77496,338.2616,-5.191059,0.4408556,-5.53307,-8.272,-34.4966,0.5013008,
2,29.12,2,11.79527,338.2347,-5.19399,0.4403451,-5.53307,-8.272,-34.4966,0.5013008,
2,29.13,2,11.81832,338.1922,-5.194376,0.4395188,-5.53307,-8.272,-34.4966,0.5013008,
2,29.14,2,11.83796,338.1751,-5.203748,0.4395815,-5.53307,-8.272,-34.4966,0.5013008,
2,29.15,2,11.85084,338.1129,-5.204443,0.4391623,-5.53307,-8.272,-34.4966,0.5013008,
2,29.16,2,11.85993,338.1496,-5.211493,0.4394202,-5.53307,-8.272,-34.4966,0.5013008,
2,29.17,2,11.86369,338.0931,-5.216735,0.4397228,-5.53307,-8.272,-34.4966,0.5013008,
2,29.18,2,11.86547,338.0762,-5.220806,0.4399997,-5.53307,-8.272,-34.4966,0.5013008,
2,29.19,2,11.86528,338.08,-5.22854,0.440659,-5.53307,-8.272,-34.4966,0.5013008,
2,29.2,2,11.86298,338.0751,-5.228706,0.4407583,-5.53307,-8.272,-34.4966,0.5013008,
2,29.21,2,11.86256,338.0122,-5.230584,0.4409322,-5.53307,-8.272,-34.4966,0.5013008,
2,29.22,2,11.86323,338.0573,-5.230956,0.4409385,-5.53307,-8.272,-34.4966,0.5013008,
2,29.23,2,11.86046,338.0555,-5.227684,0.4407657,-5.53307,-8.272,-34.4966,0.5013008,
2,29.24,2,11.8613,338.0403,-5.227168,0.4406909,-5.53307,-8.272,-34.4966,0.5013008,
2,29.25,2,11.8613,338.0322,-5.224807,0.4404918,-5.53307,-8.272,-34.4966,0.5013008,
2,29.26,2,11.86164,338.0194,-5.226207,0.4405972,-5.5438,-8.272,-34.5008,0.5055008,
2,29.27,2,11.85969,337.9989,-5.226848,0.440724,-5.5438,-8.272,-34.5008,0.5055008,
2,29.28,2,11.85998,337.9936,-5.230428,0.4410151,-5.5438,-8.272,-34.5008,0.5055008,
2,29.29,2,11.86028,337.9851,-5.233363,0.4412513,-5.5438,-8.272,-34.5008,0.5055008,
2,29.3,2,11.85781,337.9991,-5.236042,0.4415689,-5.5438,-8.272,-34.5008,0.5055008,
2,29.31,2,11.85596,337.9753,-5.237678,0.441776,-5.5438,-8.272,-34.5008,0.5055008,
2,29.32,2,11.85853,337.9764,-5.237079,0.4416298,-5.5438,-8.272,-34.5008,0.5055008,
2,29.33,2,11.85885,337.948,-5.243341,0.4421459,-5.5438,-8.272,-34.5008,0.5055008,
2,29.34,2,11.85854,337.9829,-5.242251,0.4420654,-5.5438,-8.272,-34.5008,0.5055008,
2,29.35,2,11.86565,337.9544,-5.239425,0.4415623,-5.5438,-8.272,-34.5008,0.5055008,
2,29.36,2,11.87551,337.9313,-5.240091,0.4412518,-5.5438,-8.272,-34.5008,0.5055008,
2,29.37,2,11.8924,337.9,-5.2384,0.4404831,-5.5438,-8.272,-34.5008,0.5055008,
2,29.38,2,11.91628,337.8557,-5.247122,0.4403322,-5.5438,-8.272,-34.5008,0.5055008,
2,29.39,2,11.93557,337.8335,-5.250121,0.4398718,-5.5438,-8.272,-34.5008,0.5055008,
2,29.4,2,11.95475,337.7637,-5.257923,0.4398188,-5.5438,-8.272,-34.5008,0.5055008,
2,29.41,2,11.96833,337.7577,-5.264038,0.4398307,-5.5438,-8.272,-34.5008,0.5055008,
2,29.42,2,11.97298,337.7458,-5.269949,0.4401534,-5.5438,-8.272,-34.5008,0.5055008,
2,29.43,2,11.97853,337.7226,-5.277914,0.4406147,-5.5438,-8.272,-34.5008,0.5055008,
2,29.44,2,11.98063,337.7122,-5.278871,0.4406173,-5.5438,-8.272,-34.5008,0.5055008,
2,29.45,2,11.97532,337.7506,-5.284735,0.441302,-5.5438,-8.272,-34.5008,0.5055008,
2,29.46,2,11.97464,337.6792,-5.28549,0.4413903,-5.5438,-8.272,-34.5008,0.5055008,
2,29.47,2,11.97634,337.6951,-5.283519,0.4411631,-5.5438,-8.272,-34.5008,0.5055008,
2,29.48,2,11.97835,337.6731,-5.280529,0.4408393,-5.5438,-8.272,-34.5008,0.5055008,
2,29.49,2,11.97402,337.6632,-5.279002,0.4408713,-5.5438,-8.272,-34.5008,0.5055008,
2,29.5,2,11.97604,337.6617,-5.281055,0.4409682,-5.5438,-8.272,-34.5008,0.5055008,
2,29.51,2,11.97424,337.6522,-5.279895,0.4409378,-5.5438,-8.272,-34.5008,0.5055008,
2,29.52,2,11.97561,337.6428,-5.283937,0.441225,-5.55452,-8.272,-34.5051,0.5098,
2,29.53,2,11.97626,337.64,-5.286514,0.4414163,-5.55452,-8.272,-34.5051,0.5098,
2,29.54,2,11.97413,337.6085,-5.288793,0.441685,-5.55452,-8.272,-34.5051,0.5098,
2,29.55,2,11.97508,337.6325,-5.289557,0.4417135,-5.55452,-8.272,-34.5051,0.5098,
2,29.56,2,11.97326,337.6259,-5.29103,0.4419039,-5.55452,-8.272,-34.5051,0.5098,
2,29.57,2,11.97211,337.6359,-5.296327,0.4423887,-5.55452,-8.272,-34.5051,0.5098,
2,29.58,2,11.97157,337.6081,-5.295115,0.4423074,-5.55452,-8.272,-34.5051,0.5098,
2,29.59,2,11.9712,337.5912,-5.291241,0.4419977,-5.55452,-8.272,-34.5051,0.5098,
2,29.6,2,11.97418,337.5833,-5.289418,0.4417354,-5.55452,-8.272,-34.5051,0.5098,
2,29.61,2,11.97339,337.577,-5.286319,0.4415058,-5.55452,-8.272,-34.5051,0.5098,
2,29.62,2,11.96882,337.5667,-5.288634,0.4418676,-5.55452,-8.272,-34.5051,0.5098,
2,29.63,2,11.97123,337.5396,-5.290542,0.441938,-5.55452,-8.272,-34.5051,0.5098,
2,29.64,2,11.97789,337.5627,-5.291631,0.4417833,-5.55452,-8.272,-34.5051,0.5098,
2,29.65,2,11.99079,337.5239,-5.294613,0.4415567,-5.55452,-8.272,-34.5051,0.5098,
2,29.66,2,12.0115,337.4687,-5.301985,0.4414091,-5.55452,-8.272,-34.5051,0.5098,
2,29.67,2,12.03176,337.4519,-5.314104,0.4416731,-5.55452,-8.272,-34.5051,0.5098,
2,29.68,2,12.05323,337.4149,-5.318997,0.4412922,-5.55452,-8.272,-34.5051,0.5098,
2,29.69,2,12.07339,337.349,-5.325445,0.4410893,-5.55452,-8.272,-34.5051,0.5098,
2,29.7,2,12.08386,337.3656,-5.328978,0.4409995,-5.55452,-8.272,-34.5051,0.5098,
2,29.71,2,12.08729,337.3393,-5.331298,0.4410665,-5.55452,-8.272,-34.5051,0.5098,
2,29.72,2,12.09109,337.3323,-5.333497,0.4411096,-5.55452,-8.272,-34.5051,0.5098,
2,29.73,2,12.09297,337.3275,-5.329864,0.4407407,-5.55452,-8.272,-34.5051,0.5098,
2,29.74,2,12.09194,337.3074,-5.331388,0.4409044,-5.55452,-8.272,-34.5051,0.5098,
2,29.75,2,12.08856,337.3029,-5.334523,0.4412868,-5.55452,-8.272,-34.5051,0.5098,
2,29.76,2,12.0937,337.2934,-5.339252,0.4414906,-5.56658,-8.272,-34.5094,0.5140991,
2,29.77,2,12.08983,337.2926,-5.34112,0.4417861,-5.56658,-8.272,-34.5094,0.5140991,
2,29.78,2,12.08902,337.2885,-5.345865,0.4422084,-5.56658,-8.272,-34.5094,0.5140991,
2,29.79,2,12.08947,337.2672,-5.349244,0.4424713,-5.56658,-8.272,-34.5094,0.5140991,
2,29.8,2,12.08732,337.2623,-5.352064,0.4427834,-5.56658,-8.272,-34.5094,0.5140991,
2,29.81,2,12.08803,337.2518,-5.353042,0.4428383,-5.56658,-8.272,-34.5094,0.5140991,
2,29.82,2,12.08887,337.2525,-5.352495,0.4427623,-5.56658,-8.272,-34.5094,0.5140991,
2,29.83,2,12.08971,337.2694,-5.351899,0.4426823,-5.56658,-8.272,-34.5094,0.5140991,
2,29.84,2,12.08601,337.2496,-5.349594,0.442627,-5.56658,-8.272,-34.5094,0.5140991,
2,29.85,2,12.08633,337.2273,-5.352144,0.4428264,-5.56658,-8.272,-34.5094,0.5140991,
2,29.86,2,12.08919,337.2343,-5.349966,0.4425412,-5.56658,-8.272,-34.5094,0.5140991,
2,29.87,2,12.08499,337.2363,-5.350674,0.4427536,-5.56658,-8.272,-34.5094,0.5140991,
2,29.88,2,12.08444,337.2031,-5.35623,0.4432336,-5.56658,-8.272,-34.5094,0.5140991,
2,29.89,2,12.08953,337.2035,-5.356286,0.4430515,-5.56658,-8.272,-34.5094,0.5140991,
2,29.9,2,12.09931,337.2069,-5.361696,0.4431408,-5.56658,-8.272,-34.5094,0.5140991,
2,29.91,2,12.11426,337.1623,-5.367899,0.4431057,-5.56658,-8.272,-34.5094,0.5140991,
2,29.92,2,12.13516,337.1273,-5.373102,0.4427715,-5.56658,-8.272,-34.5094,0.5140991,
2,29.93,2,12.15625,337.1129,-5.378786,0.4424708,-5.56658,-8.272,-34.5094,0.5140991,
2,29.94,2,12.17648,337.0475,-5.382322,0.4420261,-5.56658,-8.272,-34.5094,0.5140991,
2,29.95,2,12.19347,337.0412,-5.385364,0.4416598,-5.56658,-8.272,-34.5094,0.5140991,
2,29.96,2,12.20175,337.0109,-5.384266,0.4412699,-5.56658,-8.272,-34.5094,0.5140991,
2,29.97,2,12.204,336.9819,-5.384855,0.4412368,-5.56658,-8.272,-34.5094,0.5140991,
2,29.98,2,12.20223,336.9776,-5.389543,0.441685,-5.56658,-8.272,-34.5094,0.5140991,
2,29.99,2,12.20427,336.9671,-5.389697,0.4416239,-5.56658,-8.272,-34.5094,0.5140991,
2,30,2,12.20306,336.9559,-5.393877,0.4420103,-5.56658,-8.272,-34.5094,0.5140991,
2,30.01,2,12.20158,336.9564,-5.397048,0.4423236,-5.56658,-8.272,-34.5094,0.5140991,
2,30.02,2,12.20004,336.9393,-5.399504,0.4425808,-5.56658,-8.272,-34.5094,0.5140991,
2,30.03,2,12.19992,336.9448,-5.40296,0.4428685,-5.56658,-8.272,-34.5094,0.5140991,
2,30.04,2,12.19964,336.9424,-5.406488,0.443168,-5.56658,-8.272,-34.5094,0.5140991,
2,30.05,2,12.20032,336.9445,-5.408888,0.4433398,-5.5773,-8.272,-34.5135,0.5181999,
2,30.06,2,12.20129,336.9278,-5.408175,0.4432462,-5.5773,-8.272,-34.5135,0.5181999,
2,30.07,2,12.20078,336.9055,-5.407568,0.4432151,-5.5773,-8.272,-34.5135,0.5181999,
2,30.08,2,12.19737,336.9086,-5.405687,0.4431848,-5.5773,-8.272,-34.5135,0.5181999,
2,30.09,2,12.19831,336.905,-5.405158,0.4431071,-5.5773,-8.272,-34.5135,0.5181999,
2,30.1,2,12.19739,336.8851,-5.407698,0.4433486,-5.5773,-8.272,-34.5135,0.5181999,
2,30.11,2,12.19723,336.8636,-5.407109,0.4433064,-5.5773,-8.272,-34.5135,0.5181999,
2,30.12,2,12.19747,336.8755,-5.41114,0.4436282,-5.5773,-8.272,-34.5135,0.5181999,
2,30.13,2,12.19797,336.8641,-5.411836,0.4436668,-5.5773,-8.272,-34.5135,0.5181999,
2,30.14,2,12.19931,336.8325,-5.41609,0.4439669,-5.5773,-8.272,-34.5135,0.5181999,
2,30.15,2,12.20106,336.8505,-5.422327,0.4444143,-5.5773,-8.272,-34.5135,0.5181999,
2,30.16,2,12.21318,336.8374,-5.421639,0.4439169,-5.5773,-8.272,-34.5135,0.5181999,
2,30.17,2,12.23288,336.7994,-5.428433,0.4437576,-5.5773,-8.272,-34.5135,0.5181999,
2,30.18,2,12.25394,336.7712,-5.429473,0.4430797,-5.5773,-8.272,-34.5135,0.5181999,
2,30.19,2,12.27769,336.7079,-5.432114,0.4424379,-5.5773,-8.272,-34.5135,0.5181999,
2,30.2,2,12.29721,336.7063,-5.433541,0.4418516,-5.5773,-8.272,-34.5135,0.5181999,
2,30.21,2,12.309,336.6701,-5.438331,0.4418173,-5.5773,-8.272,-34.5135,0.5181999,
2,30.22,2,12.31499,336.6427,-5.443309,0.442007,-5.5773,-8.272,-34.5135,0.5181999,
2,30.23,2,12.31942,336.6344,-5.444763,0.4419659,-5.5773,-8.272,-34.5135,0.5181999,
2,30.24,2,12.31807,336.6286,-5.451325,0.4425469,-5.5773,-8.272,-34.5135,0.5181999,
2,30.25,2,12.31885,336.6082,-5.452497,0.4426141,-5.5773,-8.272,-34.5135,0.5181999,
2,30.26,2,12.31998,336.6064,-5.458055,0.4430246,-5.5773,-8.272,-34.5135,0.5181999,
2,30.27,2,12.31522,336.5836,-5.459163,0.4432859,-5.5773,-8.272,-34.5135,0.5181999,
2,30.28,2,12.31698,336.5788,-5.45929,0.4432329,-5.5773,-8.272,-34.5135,0.5181999,
2,30.29,2,12.3161,336.5838,-5.462348,0.443513,-5.5773,-8.272,-34.5135,0.5181999,
2,30.3,2,12.31423,336.5688,-5.459466,0.4433463,-5.5773,-8.272,-34.5135,0.5181999,
2,30.31,2,12.31511,336.5696,-5.4606,0.4434065,-5.5773,-8.272,-34.5135,0.5181999,
2,30.32,2,12.31293,336.5621,-5.457431,0.4432276,-5.58803,-8.272,-34.5177,0.5223999,
2,30.33,2,12.3131,336.5542,-5.458574,0.4433143,-5.58803,-8.272,-34.5177,0.5223999,
2,30.34,2,12.31501,336.5479,-5.46243,0.4435586,-5.58803,-8.272,-34.5177,0.5223999,
2,30.35,2,12.31172,336.5409,-5.463904,0.4437971,-5.58803,-8.272,-34.5177,0.5223999,
2,30.36,2,12.31212,336.5186,-5.465648,0.4439243,-5.58803,-8.272,-34.5177,0.5223999,
2,30.37,2,12.31247,336.5264,-5.465806,0.4439245,-5.58803,-8.272,-34.5177,0.5223999,
2,30.38,2,12.31199,336.5395,-5.473066,0.4445314,-5.58803,-8.272,-34.5177,0.5223999,
2,30.39,2,12.3123,336.5091,-5.47484,0.4446642,-5.58803,-8.272,-34.5177,0.5223999,
2,30.4,2,12.31118,336.4909,-5.476223,0.4448172,-5.58803,-8.272,-34.5177,0.5223999,
2,30.41,2,12.30949,336.4917,-5.475759,0.4448403,-5.58803,-8.272,-34.5177,0.5223999,
2,30.42,2,12.30926,336.4891,-5.476919,0.444943,-5.58803,-8.272,-34.5177,0.5223999,
2,30.43,2,12.31153,336.5063,-5.47591,0.4447789,-5.58803,-8.272,-34.5177,0.5223999,
2,30.44,2,12.31859,336.4543,-5.47262,0.4442571,-5.58803,-8.272,-34.5177,0.5223999,
2,30.45,2,12.33064,336.4394,-5.471815,0.4437576,-5.58803,-8.272,-34.5177,0.5223999,
2,30.46,2,12.34951,336.4109,-5.476663,0.4434721,-5.58803,-8.272,-34.5177,0.5223999,
2,30.47,2,12.37089,336.3532,-5.482771,0.4431994,-5.58803,-8.272,-34.5177,0.5223999,
2,30.48,2,12.39448,336.3253,-5.495327,0.4433688,-5.58803,-8.272,-34.5177,0.5223999,
2,30.49,2,12.40981,336.3171,-5.498675,0.4430909,-5.58803,-8.272,-34.5177,0.5223999,
2,30.5,2,12.42296,336.2777,-5.504794,0.4431146,-5.58803,-8.272,-34.5177,0.5223999,
2,30.51,2,12.42834,336.2679,-5.510489,0.443381,-5.58803,-8.272,-34.5177,0.5223999,
2,30.52,2,12.42906,336.2526,-5.515255,0.4437388,-5.58803,-8.272,-34.5177,0.5223999,
2,30.53,2,12.42675,336.2625,-5.517007,0.4439621,-5.58803,-8.272,-34.5177,0.5223999,
2,30.54,2,12.42682,336.2407,-5.513471,0.4436753,-5.58803,-8.272,-34.5177,0.5223999,
2,30.55,2,12.42605,336.2299,-5.512672,0.4436384,-5.58803,-8.272,-34.5177,0.5223999,
2,30.56,2,12.42626,336.2265,-5.507781,0.4432372,-5.58803,-8.272,-34.5177,0.5223999,
2,30.57,2,12.4272,336.2069,-5.508842,0.443289,-5.60007,-8.272,-34.5219,0.5265999,
2,30.58,2,12.42705,336.1936,-5.510458,0.4434245,-5.60007,-8.272,-34.5219,0.5265999,
2,30.59,2,12.42779,336.1567,-5.509809,0.4433458,-5.60007,-8.272,-34.5219,0.5265999,
2,30.6,2,12.42507,336.1651,-5.515054,0.4438649,-5.60007,-8.272,-34.5219,0.5265999,
2,30.61,2,12.42682,336.1652,-5.516704,0.4439355,-5.60007,-8.272,-34.5219,0.5265999,
2,30.62,2,12.42479,336.1474,-5.520417,0.4443066,-5.60007,-8.272,-34.5219,0.5265999,
2,30.63,2,12.42553,336.1562,-5.525342,0.4446766,-5.60007,-8.272,-34.5219,0.5265999,
2,30.64,2,12.42372,336.1901,-5.525127,0.444724,-5.60007,-8.272,-34.5219,0.5265999,
2,30.65,2,12.42352,336.1489,-5.524863,0.4447099,-5.60007,-8.272,-34.5219,0.5265999,
2,30.66,2,12.4242,336.1129,-5.523186,0.4445506,-5.60007,-8.272,-34.5219,0.5265999,
2,30.67,2,12.42153,336.1193,-5.522368,0.4445804,-5.60007,-8.272,-34.5219,0.5265999,
2,30.68,2,12.42087,336.1294,-5.519268,0.4443544,-5.60007,-8.272,-34.5219,0.5265999,
2,30.69,2,12.42868,336.11,-5.519558,0.4440985,-5.60007,-8.272,-34.5219,0.5265999,
2,30.7,2,12.436,336.0916,-5.519791,0.4438557,-5.60007,-8.272,-34.5219,0.5265999,
2,30.71,2,12.44977,336.0609,-5.524758,0.4437637,-5.60007,-8.272,-34.5219,0.5265999,
2,30.72,2,12.47363,336.0268,-5.531852,0.4434836,-5.60007,-8.272,-34.5219,0.5265999,
2,30.73,2,12.49439,335.9836,-5.53737,0.4431883,-5.60007,-8.272,-34.5219,0.5265999,
2,30.74,2,12.51419,335.9638,-5.54872,0.4433944,-5.60007,-8.272,-34.5219,0.5265999,
2,30.75,2,12.53081,335.9235,-5.554308,0.4432521,-5.60007,-8.272,-34.5219,0.5265999,
2,30.76,2,12.53677,335.9179,-5.560299,0.4435192,-5.60007,-8.272,-34.5219,0.5265999,
2,30.77,2,12.54272,335.8894,-5.564503,0.443644,-5.60007,-8.272,-34.5219,0.5265999,
2,30.78,2,12.54191,335.8712,-5.564045,0.4436363,-5.60007,-8.272,-34.5219,0.5265999,
2,30.79,2,12.53953,335.8726,-5.564057,0.4437215,-5.60007,-8.272,-34.5219,0.5265999,
2,30.8,2,12.5421,335.8635,-5.560318,0.4433321,-5.60007,-8.272,-34.5219,0.5265999,
2,30.81,2,12.54174,335.8625,-5.56081,0.4433844,-5.60007,-8.272,-34.5219,0.5265999,
2,30.82,2,12.54028,335.848,-5.56531,0.4437947,-5.60007,-8.272,-34.5219,0.5265999,
2,30.83,2,12.53878,335.8642,-5.567003,0.4439826,-5.60007,-8.272,-34.5219,0.5265999,
2,30.84,2,12.53873,335.8349,-5.568863,0.4441331,-5.60007,-8.272,-34.5219,0.5265999,
2,30.85,2,12.53695,335.8225,-5.570172,0.4443004,-5.6108,-8.272,-34.526,0.5307007,
2,30.86,2,12.53816,335.847,-5.576676,0.4447764,-5.6108,-8.272,-34.526,0.5307007,
2,30.87,2,12.53873,335.8214,-5.578529,0.4449039,-5.6108,-8.272,-34.526,0.5307007,
2,30.88,2,12.53924,335.7797,-5.579742,0.4449825,-5.6108,-8.272,-34.526,0.5307007,
2,30.89,2,12.53826,335.7975,-5.579645,0.4450096,-5.6108,-8.272,-34.526,0.5307007,
2,30.9,2,12.5369,335.8081,-5.57892,0.4450001,-5.6108,-8.272,-34.526,0.5307007,
2,30.91,2,12.53613,335.7953,-5.579552,0.4450778,-5.6108,-8.272,-34.526,0.5307007,
2,30.92,2,12.53747,335.7801,-5.576161,0.4447597,-5.6108,-8.272,-34.526,0.5307007,
2,30.93,2,12.53557,335.772,-5.576659,0.4448668,-5.6108,-8.272,-34.526,0.5307007,
2,30.94,2,12.53664,335.764,-5.579672,0.4450693,-5.6108,-8.272,-34.526,0.5307007,
2,30.95,2,12.54147,335.7328,-5.582836,0.44515,-5.6108,-8.272,-34.526,0.5307007,
2,30.96,2,12.55392,335.7292,-5.587873,0.4451098,-5.6108,-8.272,-34.526,0.5307007,
2,30.97,2,12.57248,335.706,-5.592622,0.4448306,-5.6108,-8.272,-34.526,0.5307007,
2,30.98,2,12.59496,335.6562,-5.600062,0.4446273,-5.6108,-8.272,-34.526,0.5307007,
2,30.99,2,12.61754,335.6255,-5.605255,0.444243,-5.6108,-8.272,-34.526,0.5307007,
2,31,2,12.63873,335.5711,-5.611565,0.4439974,-5.6108,-8.272,-34.526,0.5307007,
2,31.01,2,12.65041,335.5722,-5.618749,0.4441555,-5.6108,-8.272,-34.526,0.5307007,
2,31.02,2,12.65575,335.5613,-5.619967,0.4440644,-5.6108,-8.272,-34.526,0.5307007,
2,31.03,2,12.65911,335.5341,-5.620683,0.4440029,-5.6108,-8.272,-34.526,0.5307007,
2,31.04,2,12.65789,335.5502,-5.619236,0.4439315,-5.6108,-8.272,-34.526,0.5307007,
2,31.05,2,12.65859,335.504,-5.621356,0.4440744,-5.6108,-8.272,-34.526,0.5307007,
2,31.06,2,12.65858,335.5074,-5.623144,0.4442159,-5.6108,-8.272,-34.526,0.5307007,
2,31.07,2,12.65492,335.4774,-5.626549,0.4446136,-5.6108,-8.272,-34.526,0.5307007,
2,31.08,2,12.65501,335.4802,-5.627098,0.4446539,-5.6108,-8.272,-34.526,0.5307007,
2,31.09,2,12.65521,335.4771,-5.628374,0.4447475,-5.6108,-8.272,-34.526,0.5307007,
2,31.1,2,12.65446,335.4616,-5.633849,0.4452066,-5.6108,-8.272,-34.526,0.5307007,
2,31.11,2,12.65412,335.459,-5.635551,0.4453531,-5.6108,-8.272,-34.526,0.5307007,
2,31.12,2,12.65232,335.4931,-5.637498,0.4455703,-5.62152,-8.272,-34.5302,0.5349007,
2,31.13,2,12.65367,335.4461,-5.636804,0.445468,-5.62152,-8.272,-34.5302,0.5349007,
2,31.14,2,12.65328,335.4331,-5.636091,0.4454254,-5.62152,-8.272,-34.5302,0.5349007,
2,31.15,2,12.65228,335.4257,-5.635123,0.445384,-5.62152,-8.272,-34.5302,0.5349007,
2,31.16,2,12.65075,335.4238,-5.631824,0.445177,-5.62152,-8.272,-34.5302,0.5349007,
2,31.17,2,12.65142,335.4107,-5.632067,0.4451728,-5.62152,-8.272,-34.5302,0.5349007,
2,31.18,2,12.65194,335.413,-5.630882,0.4450606,-5.62152,-8.272,-34.5302,0.5349007,
2,31.19,2,12.64946,335.4007,-5.634177,0.4454086,-5.62152,-8.272,-34.5302,0.5349007,
2,31.2,2,12.64929,335.3986,-5.638163,0.4457296,-5.62152,-8.272,-34.5302,0.5349007,
2,31.21,2,12.65012,335.3732,-5.640295,0.4458688,-5.62152,-8.272,-34.5302,0.5349007,
2,31.22,2,12.64988,335.3905,-5.643957,0.446167,-5.62152,-8.272,-34.5302,0.5349007,
2,31.23,2,12.65088,335.3817,-5.643544,0.4460989,-5.62152,-8.272,-34.5302,0.5349007,
2,31.24,2,12.65703,335.3813,-5.650722,0.4464494,-5.62152,-8.272,-34.5302,0.5349007,
2,31.25,2,12.67182,335.3445,-5.651176,0.4459642,-5.62152,-8.272,-34.5302,0.5349007,
2,31.26,2,12.69015,335.2929,-5.652111,0.4453935,-5.62152,-8.272,-34.5302,0.5349007,
2,31.27,2,12.71614,335.2838,-5.655611,0.4447584,-5.62152,-8.272,-34.5302,0.5349007,
2,31.28,2,12.73523,335.2206,-5.658557,0.444323,-5.62152,-8.272,-34.5302,0.5349007,
2,31.29,2,12.7529,335.2097,-5.664345,0.4441614,-5.62152,-8.272,-34.5302,0.5349007,
2,31.3,2,12.7638,335.174,-5.668772,0.4441289,-5.62152,-8.272,-34.5302,0.5349007,
2,31.31,2,12.76717,335.1852,-5.672423,0.4442976,-5.62152,-8.272,-34.5302,0.5349007,
2,31.32,2,12.7698,335.1501,-5.676246,0.4445056,-5.62152,-8.272,-34.5302,0.5349007,
2,31.33,2,12.77031,335.1402,-5.681151,0.444872,-5.62152,-8.272,-34.5302,0.5349007,
2,31.34,2,12.76851,335.1415,-5.686525,0.4453554,-5.62152,-8.272,-34.5302,0.5349007,
2,31.35,2,12.76848,335.1339,-5.688015,0.4454733,-5.62152,-8.272,-34.5302,0.5349007,
2,31.36,2,12.76687,335.0745,-5.690111,0.4456934,-5.6336,-8.272,-34.5344,0.5391006,
2,31.37,2,12.76566,335.1219,-5.690109,0.4457357,-5.6336,-8.272,-34.5344,0.5391006,
2,31.38,2,12.76734,335.1172,-5.692473,0.4458622,-5.6336,-8.272,-34.5344,0.5391006,
2,31.39,2,12.76435,335.1024,-5.69078,0.4458337,-5.6336,-8.272,-34.5344,0.5391006,
2,31.4,2,12.76659,335.0882,-5.687665,0.4455115,-5.6336,-8.272,-34.5344,0.5391006,
2,31.41,2,12.76674,335.0845,-5.690433,0.4457234,-5.6336,-8.272,-34.5344,0.5391006,
2,31.42,2,12.76352,335.0786,-5.689767,0.4457837,-5.6336,-8.272,-34.5344,0.5391006,
2,31.43,2,12.76433,335.0576,-5.695247,0.4461848,-5.6336,-8.272,-34.5344,0.5391006,
2,31.44,2,12.76393,335.058,-5.698879,0.4464832,-5.6336,-8.272,-34.5344,0.5391006,
2,31.45,2,12.76136,335.0617,-5.699168,0.4465955,-5.6336,-8.272,-34.5344,0.5391006,
2,31.46,2,12.76391,335.0421,-5.705389,0.4469938,-5.6336,-8.272,-34.5344,0.5391006,
2,31.47,2,12.76281,335.0596,-5.704004,0.4469238,-5.6336,-8.272,-34.5344,0.5391006,
2,31.48,2,12.76113,335.0358,-5.708364,0.4473243,-5.6336,-8.272,-34.5344,0.5391006,
2,31.49,2,12.76845,335.0325,-5.707302,0.4469845,-5.6336,-8.272,-34.5344,0.5391006,
2,31.5,2,12.77626,335.016,-5.705994,0.446609,-5.6336,-8.272,-34.5344,0.5391006,
2,31.51,2,12.79311,335.0015,-5.709037,0.4462588,-5.6336,-8.272,-34.5344,0.5391006,
2,31.52,2,12.81342,334.9595,-5.709989,0.4456255,-5.6336,-8.272,-34.5344,0.5391006,
2,31.53,2,12.83333,334.9252,-5.715424,0.4453578,-5.6336,-8.272,-34.5344,0.5391006,
2,31.54,2,12.85432,334.8799,-5.722322,0.4451673,-5.6336,-8.272,-34.5344,0.5391006,
2,31.55,2,12.87119,334.8405,-5.729909,0.4451732,-5.6336,-8.272,-34.5344,0.5391006,
2,31.56,2,12.87465,334.8254,-5.734487,0.4454091,-5.6336,-8.272,-34.5344,0.5391006,
2,31.57,2,12.88119,334.8311,-5.74205,0.4457701,-5.6336,-8.272,-34.5344,0.5391006,
2,31.58,2,12.88092,334.8164,-5.746579,0.446131,-5.6336,-8.272,-34.5344,0.5391006,
2,31.59,2,12.87743,334.8086,-5.747981,0.4463608,-5.6336,-8.272,-34.5344,0.5391006,
2,31.6,2,12.87961,334.8269,-5.752287,0.4466196,-5.6336,-8.272,-34.5344,0.5391006,
2,31.61,2,12.88031,334.7853,-5.748185,0.4462768,-5.6336,-8.272,-34.5344,0.5391006,
2,31.62,2,12.87984,334.786,-5.748515,0.4463188,-5.6336,-8.272,-34.5344,0.5391006,
2,31.63,2,12.87677,334.7745,-5.748462,0.4464211,-5.6336,-8.272,-34.5344,0.5391006,
2,31.64,2,12.87408,334.7622,-5.745573,0.44629,-5.6336,-8.272,-34.5344,0.5391006,
2,31.65,2,12.87827,334.7451,-5.747231,0.4462734,-5.6443,-8.272,-34.5384,0.5430984,
2,31.66,2,12.87645,334.7539,-5.747021,0.4463205,-5.6443,-8.272,-34.5384,0.5430984,
2,31.67,2,12.87444,334.7378,-5.752644,0.4468267,-5.6443,-8.272,-34.5384,0.5430984,
2,31.68,2,12.87612,334.7359,-5.755047,0.4469551,-5.6443,-8.272,-34.5384,0.5430984,
2,31.69,2,12.87444,334.7149,-5.756262,0.4471077,-5.6443,-8.272,-34.5384,0.5430984,
2,31.7,2,12.87439,334.7224,-5.759031,0.4473248,-5.6443,-8.272,-34.5384,0.5430984,
2,31.71,2,12.87715,334.7327,-5.758918,0.4472198,-5.6443,-8.272,-34.5384,0.5430984,
2,31.72,2,12.8741,334.7333,-5.763421,0.4476758,-5.6443,-8.272,-34.5384,0.5430984,
2,31.73,2,12.87998,334.7057,-5.760423,0.4472385,-5.6443,-8.272,-34.5384,0.5430984,
2,31.74,2,12.88831,334.6861,-5.762795,0.4471336,-5.6443,-8.272,-34.5384,0.5430984,
2,31.75,2,12.90072,334.6558,-5.762167,0.4466547,-5.6443,-8.272,-34.5384,0.5430984,
2,31.76,2,12.92529,334.6205,-5.762589,0.4458381,-5.6443,-8.272,-34.5384,0.5430984,
2,31.77,2,12.94795,334.5865,-5.770967,0.4457049,-5.6443,-8.272,-34.5384,0.5430984,
2,31.78,2,12.96495,334.5251,-5.775393,0.4454619,-5.6443,-8.272,-34.5384,0.5430984,
2,31.79,2,12.98009,334.535,-5.782131,0.4454616,-5.6443,-8.272,-34.5384,0.5430984,
2,31.8,2,12.98783,334.5044,-5.789812,0.4457875,-5.6443,-8.272,-34.5384,0.5430984,
2,31.81,2,12.99329,334.4684,-5.794303,0.4459457,-5.6443,-8.272,-34.5384,0.5430984,
2,31.82,2,12.99498,334.481,-5.799072,0.4462549,-5.6443,-8.272,-34.5384,0.5430984,
2,31.83,2,12.9903,334.4778,-5.799755,0.4464681,-5.6443,-8.272,-34.5384,0.5430984,
2,31.84,2,12.99034,334.4344,-5.805197,0.4468857,-5.6443,-8.272,-34.5384,0.5430984,
2,31.85,2,12.99025,334.4695,-5.800191,0.4465035,-5.65435,-8.272,-34.5425,0.5471992,
2,31.86,2,12.99208,334.4378,-5.800171,0.4464389,-5.65435,-8.272,-34.5425,0.5471992,
2,31.87,2,12.99009,334.448,-5.799649,0.4464673,-5.65435,-8.272,-34.5425,0.5471992,
2,31.88,2,12.98959,334.4445,-5.794707,0.446104,-5.65435,-8.272,-34.5425,0.5471992,
2,31.89,2,12.99099,334.4252,-5.797335,0.4462582,-5.65435,-8.272,-34.5425,0.5471992,
2,31.9,2,12.99089,334.4109,-5.798232,0.4463305,-5.65435,-8.272,-34.5425,0.5471992,
2,31.91,2,12.98869,334.4139,-5.801074,0.4466249,-5.65435,-8.272,-34.5425,0.5471992,
2,31.92,2,12.9888,334.3996,-5.803497,0.4468079,-5.65435,-8.272,-34.5425,0.5471992,
2,31.93,2,12.98845,334.3943,-5.806798,0.447074,-5.65435,-8.272,-34.5425,0.5471992,
2,31.94,2,12.98737,334.3767,-5.808673,0.4472556,-5.65435,-8.272,-34.5425,0.5471992,
2,31.95,2,12.98908,334.3744,-5.812157,0.4474647,-5.65435,-8.272,-34.5425,0.5471992,
2,31.96,2,12.98755,334.3707,-5.815183,0.4477506,-5.65435,-8.272,-34.5425,0.5471992,
2,31.97,2,12.99243,334.3643,-5.811709,0.4473151,-5.65435,-8.272,-34.5425,0.5471992,
2,31.98,2,13.00015,334.3549,-5.812577,0.4471162,-5.65435,-8.272,-34.5425,0.5471992,
2,31.99,2,13.01551,334.3304,-5.812552,0.4465865,-5.65435,-8.272,-34.5425,0.5471992,
2,32,2,13.03851,334.2819,-5.8151,0.4459941,-5.65435,-8.272,-34.5425,0.5471992,
2,32.01,2,13.0583,334.2437,-5.822741,0.4459035,-5.65435,-8.272,-34.5425,0.5471992,
2,32.02,2,13.07785,334.2231,-5.82714,0.4455733,-5.65435,-8.272,-34.5425,0.5471992,
2,32.03,2,13.09211,334.1729,-5.834407,0.4456431,-5.65435,-8.272,-34.5425,0.5471992,
2,32.04,2,13.09884,334.1675,-5.840689,0.4458937,-5.65435,-8.272,-34.5425,0.5471992,
2,32.05,2,13.10091,334.1875,-5.845948,0.4462246,-5.65435,-8.272,-34.5425,0.5471992,
2,32.06,2,13.10228,334.1505,-5.850804,0.4465486,-5.65435,-8.272,-34.5425,0.5471992,
2,32.07,2,13.10134,334.1347,-5.853025,0.4467501,-5.65435,-8.272,-34.5425,0.5471992,
2,32.08,2,13.09832,334.121,-5.857068,0.4471616,-5.65435,-8.272,-34.5425,0.5471992,
2,32.09,2,13.09898,334.1317,-5.854231,0.4469227,-5.65435,-8.272,-34.5425,0.5471992,
2,32.1,2,13.09971,334.1371,-5.852479,0.4467639,-5.65435,-8.272,-34.5425,0.5471992,
2,32.11,2,13.09989,334.1034,-5.850965,0.4466425,-5.6644,-8.272,-34.5464,0.5510979,
2,32.12,2,13.09911,334.0955,-5.849099,0.4465265,-5.6644,-8.272,-34.5464,0.5510979,
2,32.13,2,13.09799,334.0911,-5.850601,0.4466792,-5.6644,-8.272,-34.5464,0.5510979,
2,32.14,2,13.0967,334.0875,-5.852365,0.4468578,-5.6644,-8.272,-34.5464,0.5510979,
2,32.15,2,13.09729,334.0663,-5.854451,0.4469971,-5.6644,-8.272,-34.5464,0.5510979,
2,32.16,2,13.09812,334.0648,-5.857269,0.4471839,-5.6644,-8.272,-34.5464,0.5510979,
2,32.17,2,13.09619,334.0528,-5.86131,0.4475583,-5.6644,-8.272,-34.5464,0.5510979,
2,32.18,2,13.09562,334.0637,-5.862681,0.4476827,-5.6644,-8.272,-34.5464,0.5510979,
2,32.19,2,13.09461,334.061,-5.864784,0.4478776,-5.6644,-8.272,-34.5464,0.5510979,
2,32.2,2,13.09383,334.0609,-5.868807,0.4482117,-5.6644,-8.272,-34.5464,0.5510979,
2,32.21,2,13.09632,334.0491,-5.865747,0.4478928,-5.6644,-8.272,-34.5464,0.5510979,
2,32.22,2,13.09432,334.0296,-5.866196,0.4479956,-5.6644,-8.272,-34.5464,0.5510979,
2,32.23,2,13.10268,334.0183,-5.866284,0.4477163,-5.6644,-8.272,-34.5464,0.5510979,
2,32.24,2,13.11596,333.9964,-5.865144,0.4471761,-5.6644,-8.272,-34.5464,0.5510979,
2,32.25,2,13.1309,333.961,-5.871031,0.4471158,-5.6644,-8.272,-34.5464,0.5510979,
2,32.26,2,13.15516,333.9091,-5.875016,0.4465939,-5.6644,-8.272,-34.5464,0.5510979,
2,32.27,2,13.17633,333.8889,-5.882999,0.4464822,-5.6644,-8.272,-34.5464,0.5510979,
2,32.28,2,13.19428,333.8502,-5.890293,0.4464277,-5.6644,-8.272,-34.5464,0.5510979,
2,32.29,2,13.20265,333.8098,-5.898893,0.4467961,-5.6644,-8.272,-34.5464,0.5510979,
2,32.3,2,13.20564,333.8221,-5.906028,0.4472353,-5.6644,-8.272,-34.5464,0.5510979,
2,32.31,2,13.21117,333.8211,-5.907519,0.4471608,-5.6644,-8.272,-34.5464,0.5510979,
2,32.32,2,13.2133,333.8051,-5.912032,0.4474303,-5.6644,-8.272,-34.5464,0.5510979,
2,32.33,2,13.21084,333.7973,-5.910793,0.44742,-5.6644,-8.272,-34.5464,0.5510979,
2,32.34,2,13.21016,333.7626,-5.90981,0.4473685,-5.6644,-8.272,-34.5464,0.5510979,
2,32.35,2,13.20931,333.7971,-5.907032,0.4471871,-5.6644,-8.272,-34.5464,0.5510979,
2,32.36,2,13.21067,333.774,-5.904943,0.4469829,-5.6644,-8.272,-34.5464,0.5510979,
2,32.37,2,13.20841,333.7591,-5.907856,0.4472799,-5.67513,-8.272,-34.5502,0.5549011,
2,32.38,2,13.20877,333.7595,-5.909032,0.4473569,-5.67513,-8.272,-34.5502,0.5549011,
2,32.39,2,13.20672,333.7442,-5.912924,0.4477209,-5.67513,-8.272,-34.5502,0.5549011,
2,32.4,2,13.20406,333.7354,-5.914127,0.4479022,-5.67513,-8.272,-34.5502,0.5549011,
2,32.41,2,13.20569,333.7312,-5.917327,0.448089,-5.67513,-8.272,-34.5502,0.5549011,
2,32.42,2,13.20722,333.7253,-5.91714,0.4480231,-5.67513,-8.272,-34.5502,0.5549011,
2,32.43,2,13.20284,333.7242,-5.91831,0.4482605,-5.67513,-8.272,-34.5502,0.5549011,
2,32.44,2,13.20356,333.7149,-5.921798,0.4485,-5.67513,-8.272,-34.5502,0.5549011,
2,32.45,2,13.20537,333.7024,-5.918272,0.4481715,-5.67513,-8.272,-34.5502,0.5549011,
2,32.46,2,13.20482,333.7146,-5.918391,0.4481992,-5.67513,-8.272,-34.5502,0.5549011,
2,32.47,2,13.2102,333.6818,-5.916093,0.4478429,-5.67513,-8.272,-34.5502,0.5549011,
2,32.48,2,13.22575,333.6637,-5.91715,0.4473961,-5.67513,-8.272,-34.5502,0.5549011,
2,32.49,2,13.24175,333.6294,-5.920393,0.4471004,-5.67513,-8.272,-34.5502,0.5549011,
2,32.5,2,13.2653,333.6015,-5.925204,0.4466693,-5.67513,-8.272,-34.5502,0.5549011,
2,32.51,2,13.2844,333.565,-5.933275,0.4466346,-5.67513,-8.272,-34.5502,0.5549011,
2,32.52,2,13.30159,333.5237,-5.93814,0.4464234,-5.67513,-8.272,-34.5502,0.5549011,
2,32.53,2,13.31299,333.5209,-5.94909,0.4468635,-5.67513,-8.272,-34.5502,0.5549011,
2,32.54,2,13.31821,333.4946,-5.953408,0.4470127,-5.67513,-8.272,-34.5502,0.5549011,
2,32.55,2,13.32042,333.4483,-5.95617,0.4471459,-5.67513,-8.272,-34.5502,0.5549011,
2,32.56,2,13.31796,333.4605,-5.957986,0.4473647,-5.67513,-8.272,-34.5502,0.5549011,
2,32.57,2,13.3154,333.4607,-5.956461,0.4473362,-5.67513,-8.272,-34.5502,0.5549011,
2,32.58,2,13.31622,333.4569,-5.956109,0.4472823,-5.67513,-8.272,-34.5502,0.5549011,
2,32.59,2,13.31669,333.4274,-5.950601,0.446853,-5.67513,-8.272,-34.5502,0.5549011,
2,32.6,2,13.31487,333.4243,-5.950745,0.4469248,-5.67513,-8.272,-34.5502,0.5549011,
2,32.61,2,13.31546,333.4116,-5.952512,0.4470375,-5.67513,-8.272,-34.5502,0.5549011,
2,32.62,2,13.31618,333.3927,-5.955532,0.4472402,-5.67513,-8.272,-34.5502,0.5549011,
2,32.63,2,13.31478,333.3869,-5.960128,0.4476326,-5.67513,-8.272,-34.5502,0.5549011,
2,32.64,2,13.31235,333.3889,-5.961761,0.4478368,-5.68517,-8.272,-34.5541,0.5587997,
2,32.65,2,13.31135,333.3823,-5.965166,0.4481263,-5.68517,-8.272,-34.5541,0.5587997,
2,32.66,2,13.31273,333.3735,-5.968493,0.4483297,-5.68517,-8.272,-34.5541,0.5587997,
2,32.67,2,13.31432,333.3674,-5.972479,0.4485755,-5.68517,-8.272,-34.5541,0.5587997,
2,32.68,2,13.31126,333.379,-5.972624,0.4486895,-5.68517,-8.272,-34.5541,0.5587997,
2,32.69,2,13.31093,333.37,-5.969117,0.4484371,-5.68517,-8.272,-34.5541,0.5587997,
2,32.7,2,13.31046,333.3577,-5.969969,0.4485172,-5.68517,-8.272,-34.5541,0.5587997,
2,32.71,2,13.3097,333.3557,-5.967066,0.4483246,-5.68517,-8.272,-34.5541,0.5587997,
2,32.72,2,13.31043,333.3342,-5.966708,0.4482732,-5.68517,-8.272,-34.5541,0.5587997,
2,32.73,2,13.30816,333.3367,-5.971925,0.4487417,-5.68517,-8.272,-34.5541,0.5587997,
2,32.74,2,13.31079,333.2913,-5.970987,0.4485826,-5.68517,-8.272,-34.5541,0.5587997,
2,32.75,2,13.31228,333.3103,-5.972443,0.4486415,-5.68517,-8.272,-34.5541,0.5587997,
2,32.76,2,13.31729,333.2959,-5.973093,0.4485216,-5.68517,-8.272,-34.5541,0.5587997,
2,32.77,2,13.3322,333.2516,-5.982921,0.4487571,-5.68517,-8.272,-34.5541,0.5587997,
2,32.78,2,13.35167,333.2471,-5.985135,0.4482687,-5.68517,-8.272,-34.5541,0.5587997,
2,32.79,2,13.37473,333.2451,-5.993226,0.4481006,-5.68517,-8.272,-34.5541,0.5587997,
2,32.8,2,13.39647,333.1896,-5.997577,0.4476982,-5.68517,-8.272,-34.5541,0.5587997,
2,32.81,2,13.41066,333.1503,-5.999673,0.4473809,-5.68517,-8.272,-34.5541,0.5587997,
2,32.82,2,13.42128,333.1278,-6.006072,0.4475037,-5.68517,-8.272,-34.5541,0.5587997,
2,32.83,2,13.42493,333.1199,-6.006516,0.447415,-5.68517,-8.272,-34.5541,0.5587997,
2,32.84,2,13.42449,333.1069,-6.007484,0.447502,-5.68517,-8.272,-34.5541,0.5587997,
2,32.85,2,13.42538,333.0953,-6.009545,0.4476256,-5.68517,-8.272,-34.5541,0.5587997,
2,32.86,2,13.42106,333.0948,-6.013776,0.448085,-5.68517,-8.272,-34.5541,0.5587997,
2,32.87,2,13.422,333.0836,-6.018943,0.4484387,-5.68517,-8.272,-34.5541,0.5587997,
2,32.88,2,13.42201,333.0674,-6.01942,0.4484738,-5.68517,-8.272,-34.5541,0.5587997,
2,32.89,2,13.42059,333.0907,-6.024102,0.4488703,-5.69725,-8.272,-34.5579,0.5625992,
2,32.9,2,13.4218,333.0583,-6.026996,0.4490454,-5.69725,-8.272,-34.5579,0.5625992,
2,32.91,2,13.42102,333.063,-6.029401,0.4492507,-5.69725,-8.272,-34.5579,0.5625992,
2,32.92,2,13.41994,333.0544,-6.029325,0.449281,-5.69725,-8.272,-34.5579,0.5625992,
2,32.93,2,13.41962,333.0373,-6.028752,0.449249,-5.69725,-8.272,-34.5579,0.5625992,
2,32.94,2,13.4211,333.0412,-6.027329,0.4490935,-5.69725,-8.272,-34.5579,0.5625992,
2,32.95,2,13.42138,333.0312,-6.022357,0.4487139,-5.69725,-8.272,-34.5579,0.5625992,
2,32.96,2,13.41794,333.032,-6.024521,0.4489901,-5.69725,-8.272,-34.5579,0.5625992,
2,32.97,2,13.41894,333.0039,-6.027386,0.4491701,-5.69725,-8.272,-34.5579,0.5625992,
2,32.98,2,13.41544,333.0335,-6.02929,0.4494292,-5.69725,-8.272,-34.5579,0.5625992,
2,32.99,2,13.41842,332.9964,-6.031375,0.4494849,-5.69725,-8.272,-34.5579,0.5625992,
2,33,2,13.41782,332.993,-6.031853,0.4495406,-5.69725,-8.272,-34.5579,0.5625992,
2,33.01,2,13.42157,332.9965,-6.038691,0.4499245,-5.69725,-8.272,-34.5579,0.5625992,
2,33.02,2,13.43202,332.9878,-6.03941,0.449628,-5.69725,-8.272,-34.5579,0.5625992,
2,33.03,2,13.44819,332.9051,-6.042633,0.4493269,-5.69725,-8.272,-34.5579,0.5625992,
2,33.04,2,13.473,332.9071,-6.046042,0.4487526,-5.69725,-8.272,-34.5579,0.5625992,
2,33.05,2,13.49098,332.8942,-6.047621,0.4482714,-5.69725,-8.272,-34.5579,0.5625992,
2,33.06,2,13.5083,332.8481,-6.054257,0.4481881,-5.69725,-8.272,-34.5579,0.5625992,
2,33.07,2,13.52233,332.8211,-6.05377,0.4476868,-5.69725,-8.272,-34.5579,0.5625992,
2,33.08,2,13.52958,332.7951,-6.055551,0.4475785,-5.69725,-8.272,-34.5579,0.5625992,
2,33.09,2,13.53063,332.78,-6.058144,0.4477355,-5.69725,-8.272,-34.5579,0.5625992,
2,33.1,2,13.53074,332.7825,-6.064153,0.4481759,-5.69725,-8.272,-34.5579,0.5625992,
2,33.11,2,13.52954,332.7666,-6.068872,0.4485644,-5.69725,-8.272,-34.5579,0.5625992,
2,33.12,2,13.52972,332.7737,-6.069154,0.4485794,-5.69725,-8.272,-34.5579,0.5625992,
2,33.13,2,13.53051,332.7575,-6.073153,0.4488486,-5.69725,-8.272,-34.5579,0.5625992,
2,33.14,2,13.52995,332.744,-6.074184,0.4489435,-5.69725,-8.272,-34.5579,0.5625992,
2,33.15,2,13.53082,332.7278,-6.078002,0.4491969,-5.69725,-8.272,-34.5579,0.5625992,
2,33.16,2,13.53099,332.7387,-6.077563,0.4491586,-5.69725,-8.272,-34.5579,0.5625992,
2,33.17,2,13.52808,332.7389,-6.076234,0.449157,-5.70795,-8.272,-34.5618,0.5664978,
2,33.18,2,13.52756,332.7267,-6.077206,0.4492462,-5.70795,-8.272,-34.5618,0.5664978,
2,33.19,2,13.52791,332.7201,-6.074621,0.4490437,-5.70795,-8.272,-34.5618,0.5664978,
2,33.2,2,13.526,332.7023,-6.074872,0.4491257,-5.70795,-8.272,-34.5618,0.5664978,
2,33.21,2,13.52619,332.7166,-6.07548,0.4491642,-5.70795,-8.272,-34.5618,0.5664978,
2,33.22,2,13.52587,332.6704,-6.078591,0.449405,-5.70795,-8.272,-34.5618,0.5664978,
2,33.23,2,13.52381,332.6791,-6.082039,0.4497284,-5.70795,-8.272,-34.5618,0.5664978,
2,33.24,2,13.52516,332.6785,-6.080419,0.4495637,-5.70795,-8.272,-34.5618,0.5664978,
2,33.25,2,13.52596,332.6621,-6.086082,0.4499557,-5.70795,-8.272,-34.5618,0.5664978,
2,33.26,2,13.52757,332.6718,-6.086513,0.4499339,-5.70795,-8.272,-34.5618,0.5664978,
2,33.27,2,13.53024,332.6878,-6.090963,0.4501742,-5.70795,-8.272,-34.5618,0.5664978,
2,33.28,2,13.54277,332.6222,-6.090804,0.4497457,-5.70795,-8.272,-34.5618,0.5664978,
2,33.29,2,13.56381,332.5944,-6.091705,0.4491147,-5.70795,-8.272,-34.5618,0.5664978,
2,33.3,2,13.58503,332.562,-6.095557,0.4486965,-5.70795,-8.272,-34.5618,0.5664978,
2,33.31,2,13.60468,332.5192,-6.098297,0.4482499,-5.70795,-8.272,-34.5618,0.5664978,
2,33.32,2,13.62245,332.4986,-6.102499,0.4479738,-5.70795,-8.272,-34.5618,0.5664978,
2,33.33,2,13.63531,332.4722,-6.10569,0.4477852,-5.70795,-8.272,-34.5618,0.5664978,
2,33.34,2,13.64056,332.4504,-6.112793,0.4481335,-5.70795,-8.272,-34.5618,0.5664978,
2,33.35,2,13.64214,332.4456,-6.118159,0.4484749,-5.70795,-8.272,-34.5618,0.5664978,
2,33.36,2,13.64171,332.4261,-6.119445,0.4485835,-5.70795,-8.272,-34.5618,0.5664978,
2,33.37,2,13.64041,332.4293,-6.123891,0.448952,-5.70795,-8.272,-34.5618,0.5664978,
2,33.38,2,13.64124,332.4203,-6.12623,0.4490962,-5.70795,-8.272,-34.5618,0.5664978,
2,33.39,2,13.64089,332.4456,-6.130367,0.4494111,-5.70795,-8.272,-34.5618,0.5664978,
2,33.4,2,13.63918,332.4029,-6.127799,0.4492791,-5.71868,-8.272,-34.5657,0.5704002,
2,33.41,2,13.64019,332.3802,-6.126346,0.4491393,-5.71868,-8.272,-34.5657,0.5704002,
2,33.42,2,13.64014,332.3892,-6.126736,0.4491694,-5.71868,-8.272,-34.5657,0.5704002,
2,33.43,2,13.64085,332.3759,-6.1219,0.4487917,-5.71868,-8.272,-34.5657,0.5704002,
2,33.44,2,13.63925,332.3825,-6.124937,0.449067,-5.71868,-8.272,-34.5657,0.5704002,
2,33.45,2,13.63749,332.3488,-6.127126,0.4492855,-5.71868,-8.272,-34.5657,0.5704002,
2,33.46,2,13.63764,332.372,-6.127536,0.4493107,-5.71868,-8.272,-34.5657,0.5704002,
2,33.47,2,13.63732,332.3422,-6.129687,0.449479,-5.71868,-8.272,-34.5657,0.5704002,
2,33.48,2,13.63694,332.3265,-6.133031,0.4497368,-5.71868,-8.272,-34.5657,0.5704002,
2,33.49,2,13.63741,332.3337,-6.137381,0.45004,-5.71868,-8.272,-34.5657,0.5704002,
2,33.5,2,13.63553,332.3353,-6.137865,0.4501376,-5.71868,-8.272,-34.5657,0.5704002,
2,33.51,2,13.63584,332.2784,-6.141615,0.4504024,-5.71868,-8.272,-34.5657,0.5704002,
2,33.52,2,13.63758,332.3282,-6.140613,0.4502713,-5.71868,-8.272,-34.5657,0.5704002,
2,33.53,2,13.64586,332.304,-6.138643,0.4498539,-5.71868,-8.272,-34.5657,0.5704002,
2,33.54,2,13.66229,332.2733,-6.142895,0.4496242,-5.71868,-8.272,-34.5657,0.5704002,
2,33.55,2,13.68156,332.2506,-6.141448,0.448885,-5.71868,-8.272,-34.5657,0.5704002,
2,33.56,2,13.70439,332.1985,-6.147873,0.4486061,-5.71868,-8.272,-34.5657,0.5704002,
2,33.57,2,13.72329,332.1592,-6.152034,0.4482915,-5.71868,-8.272,-34.5657,0.5704002,
2,33.58,2,13.73787,332.1394,-6.161222,0.4484846,-5.71868,-8.272,-34.5657,0.5704002,
2,33.59,2,13.74535,332.1146,-6.168853,0.4487955,-5.71868,-8.272,-34.5657,0.5704002,
2,33.6,2,13.74935,332.1313,-6.173212,0.4489822,-5.71868,-8.272,-34.5657,0.5704002,
2,33.61,2,13.75018,332.0905,-6.179399,0.4494049,-5.71868,-8.272,-34.5657,0.5704002,
2,33.62,2,13.75061,332.0866,-6.18085,0.4494965,-5.71868,-8.272,-34.5657,0.5704002,
2,33.63,2,13.74963,332.0774,-6.185417,0.4498605,-5.71868,-8.272,-34.5657,0.5704002,
2,33.64,2,13.74677,332.0795,-6.185239,0.4499411,-5.71868,-8.272,-34.5657,0.5704002,
2,33.65,2,13.74911,332.0744,-6.183661,0.4497501,-5.71868,-8.272,-34.5657,0.5704002,
2,33.66,2,13.7489,332.0721,-6.181324,0.4495867,-5.71868,-8.272,-34.5657,0.5704002,
2,33.67,2,13.74921,332.063,-6.179245,0.4494253,-5.71868,-8.272,-34.5657,0.5704002,
2,33.68,2,13.74717,332.0506,-6.18215,0.4497033,-5.71868,-8.272,-34.5657,0.5704002,
2,33.69,2,13.74648,332.0587,-6.182685,0.4497649,-5.72937,-8.272,-34.5695,0.5741997,
2,33.7,2,13.74759,332.0199,-6.184887,0.4498887,-5.72937,-8.272,-34.5695,0.5741997,
2,33.71,2,13.74858,332.0265,-6.185759,0.4499199,-5.72937,-8.272,-34.5695,0.5741997,
2,33.72,2,13.74422,332.0338,-6.189775,0.4503548,-5.72937,-8.272,-34.5695,0.5741997,
2,33.73,2,13.74518,332.0164,-6.194478,0.4506654,-5.72937,-8.272,-34.5695,0.5741997,
2,33.74,2,13.74471,331.9994,-6.193163,0.4505853,-5.72937,-8.272,-34.5695,0.5741997,
2,33.75,2,13.74376,332.0255,-6.198339,0.450993,-5.72937,-8.272,-34.5695,0.5741997,
2,33.76,2,13.74312,331.9867,-6.197767,0.4509723,-5.72937,-8.272,-34.5695,0.5741997,
2,33.77,2,13.74312,332.0107,-6.19644,0.4508759,-5.72937,-8.272,-34.5695,0.5741997,
2,33.78,2,13.74851,331.9734,-6.194762,0.4505768,-5.72937,-8.272,-34.5695,0.5741997,
2,33.79,2,13.75882,331.9439,-6.191696,0.4500163,-5.72937,-8.272,-34.5695,0.5741997,
2,33.8,2,13.77776,331.9232,-6.194183,0.4495785,-5.72937,-8.272,-34.5695,0.5741997,
2,33.81,2,13.80087,331.8876,-6.197386,0.4490576,-5.72937,-8.272,-34.5695,0.5741997,
2,33.82,2,13.82243,331.8503,-6.207639,0.4490989,-5.72937,-8.272,-34.5695,0.5741997,
2,33.83,2,13.83845,331.8269,-6.21542,0.4491415,-5.72937,-8.272,-34.5695,0.5741997,
2,33.84,2,13.85442,331.7864,-6.219727,0.4489345,-5.72937,-8.272,-34.5695,0.5741997,
2,33.85,2,13.85678,331.793,-6.226265,0.4493298,-5.72937,-8.272,-34.5695,0.5741997,
2,33.86,2,13.86042,331.7778,-6.231458,0.4495866,-5.72937,-8.272,-34.5695,0.5741997,
2,33.87,2,13.86193,331.7847,-6.234224,0.4497372,-5.72937,-8.272,-34.5695,0.5741997,
2,33.88,2,13.85628,331.7663,-6.232465,0.4497937,-5.72937,-8.272,-34.5695,0.5741997,
2,33.89,2,13.85829,331.7334,-6.233197,0.4497812,-5.72937,-8.272,-34.5695,0.5741997,
2,33.9,2,13.86071,331.7477,-6.230316,0.4494947,-5.72937,-8.272,-34.5695,0.5741997,
2,33.91,2,13.85674,331.7322,-6.229148,0.4495392,-5.72937,-8.272,-34.5695,0.5741997,
2,33.92,2,13.85707,331.7122,-6.233227,0.4498228,-5.72937,-8.272,-34.5695,0.5741997,
2,33.93,2,13.85747,331.6963,-6.23058,0.4496188,-5.72937,-8.272,-34.5695,0.5741997,
2,33.94,2,13.85419,331.7072,-6.233708,0.449951,-5.72937,-8.272,-34.5695,0.5741997,
2,33.95,2,13.85673,331.6879,-6.238363,0.4502046,-5.7401,-8.272,-34.5734,0.5780983,
2,33.96,2,13.85427,331.657,-6.240828,0.4504625,-5.7401,-8.272,-34.5734,0.5780983,
2,33.97,2,13.85612,331.6852,-6.243875,0.4506222,-5.7401,-8.272,-34.5734,0.5780983,
2,33.98,2,13.85364,331.6735,-6.244936,0.4507796,-5.7401,-8.272,-34.5734,0.5780983,
2,33.99,2,13.85218,331.6499,-6.248549,0.4510879,-5.7401,-8.272,-34.5734,0.5780983,
2,34,2,13.85154,331.666,-6.247247,0.4510147,-5.7401,-8.272,-34.5734,0.5780983,
2,34.01,2,13.85443,331.645,-6.246245,0.4508482,-5.7401,-8.272,-34.5734,0.5780983,
2,34.02,2,13.85305,331.6573,-6.243448,0.4506912,-5.7401,-8.272,-34.5734,0.5780983,
2,34.03,2,13.85186,331.6489,-6.240948,0.4505496,-5.7401,-8.272,-34.5734,0.5780983,
2,34.04,2,13.84949,331.6303,-6.244954,0.4509158,-5.7401,-8.272,-34.5734,0.5780983,
2,34.05,2,13.85054,331.6165,-6.24101,0.4505969,-5.7401,-8.272,-34.5734,0.5780983,
2,34.06,2,13.85469,331.6245,-6.245104,0.4507574,-5.7401,-8.272,-34.5734,0.5780983,
2,34.07,2,13.8589,331.5892,-6.246852,0.4507467,-5.7401,-8.272,-34.5734,0.5780983,
2,34.08,2,13.87178,331.5727,-6.250724,0.4506072,-5.7401,-8.272,-34.5734,0.5780983,
2,34.09,2,13.8931,331.5508,-6.260155,0.4505947,-5.7401,-8.272,-34.5734,0.5780983,
2,34.1,2,13.91275,331.5124,-6.265574,0.4503475,-5.7401,-8.272,-34.5734,0.5780983,
2,34.11,2,13.93041,331.4763,-6.273889,0.4503735,-5.7401,-8.272,-34.5734,0.5780983,
2,34.12,2,13.95339,331.443,-6.276081,0.4497889,-5.7401,-8.272,-34.5734,0.5780983,
2,34.13,2,13.96313,331.4496,-6.277641,0.4495869,-5.7401,-8.272,-34.5734,0.5780983,
2,34.14,2,13.96773,331.4096,-6.278316,0.4494872,-5.7401,-8.272,-34.5734,0.5780983,
2,34.15,2,13.96962,331.3952,-6.281224,0.4496346,-5.7401,-8.272,-34.5734,0.5780983,
2,34.16,2,13.9673,331.3971,-6.286531,0.4500892,-5.7401,-8.272,-34.5734,0.5780983,
2,34.17,2,13.96958,331.3983,-6.288539,0.4501594,-5.7401,-8.272,-34.5734,0.5780983,
2,34.18,2,13.96804,331.3533,-6.290691,0.4503633,-5.7401,-8.272,-34.5734,0.5780983,
2,34.19,2,13.9676,331.3692,-6.289317,0.4502791,-5.7401,-8.272,-34.5734,0.5780983,
2,34.2,2,13.96707,331.3729,-6.293235,0.4505768,-5.7401,-8.272,-34.5734,0.5780983,
2,34.21,2,13.96464,331.3921,-6.300757,0.4511935,-5.75217,-8.272,-34.5772,0.5819016,
2,34.22,2,13.96528,331.3104,-6.301277,0.4512101,-5.75217,-8.272,-34.5772,0.5819016,
2,34.23,2,13.96472,331.3444,-6.302897,0.4513443,-5.75217,-8.272,-34.5772,0.5819016,
2,34.24,2,13.96376,331.3305,-6.302166,0.451323,-5.75217,-8.272,-34.5772,0.5819016,
2,34.25,2,13.96499,331.3494,-6.302763,0.4513259,-5.75217,-8.272,-34.5772,0.5819016,
2,34.26,2,13.96404,331.3126,-6.298925,0.4510819,-5.75217,-8.272,-34.5772,0.5819016,
2,34.27,2,13.9633,331.3083,-6.298044,0.4510427,-5.75217,-8.272,-34.5772,0.5819016,
2,34.28,2,13.96123,331.303,-6.297297,0.4510559,-5.75217,-8.272,-34.5772,0.5819016,
2,34.29,2,13.96334,331.2875,-6.298453,0.4510705,-5.75217,-8.272,-34.5772,0.5819016,
2,34.3,2,13.96373,331.2832,-6.30508,0.4515327,-5.75217,-8.272,-34.5772,0.5819016,
2,34.31,2,13.96331,331.2912,-6.305545,0.4515796,-5.75217,-8.272,-34.5772,0.5819016,
2,34.32,2,13.96412,331.2705,-6.31148,0.4519783,-5.75217,-8.272,-34.5772,0.5819016,
2,34.33,2,13.97216,331.266,-6.312896,0.4518195,-5.75217,-8.272,-34.5772,0.5819016,
2,34.34,2,13.98639,331.2485,-6.317677,0.4517017,-5.75217,-8.272,-34.5772,0.5819016,
2,34.35,2,14.00984,331.2122,-6.326179,0.4515524,-5.75217,-8.272,-34.5772,0.5819016,
2,34.36,2,14.03173,331.184,-6.328157,0.4509892,-5.75217,-8.272,-34.5772,0.5819016,
2,34.37,2,14.05217,331.1322,-6.33157,0.4505759,-5.75217,-8.272,-34.5772,0.5819016,
2,34.38,2,14.06714,331.1075,-6.331513,0.4500923,-5.75217,-8.272,-34.5772,0.5819016,
2,34.39,2,14.07445,331.0862,-6.336911,0.4502421,-5.75217,-8.272,-34.5772,0.5819016,
2,34.4,2,14.07598,331.0731,-6.341623,0.4505281,-5.75217,-8.272,-34.5772,0.5819016,
2,34.41,2,14.07776,331.0447,-6.344458,0.4506723,-5.75217,-8.272,-34.5772,0.5819016,
2,34.42,2,14.0783,331.0566,-6.345598,0.4507361,-5.75217,-8.272,-34.5772,0.5819016,
2,34.43,2,14.07823,331.0482,-6.346875,0.4508291,-5.75217,-8.272,-34.5772,0.5819016,
2,34.44,2,14.07793,331.015,-6.354029,0.4513467,-5.75217,-8.272,-34.5772,0.5819016,
2,34.45,2,14.07564,331.0374,-6.355809,0.4515467,-5.75217,-8.272,-34.5772,0.5819016,
2,34.46,2,14.07524,331.0433,-6.358846,0.4517753,-5.75217,-8.272,-34.5772,0.5819016,
2,34.47,2,14.07655,331.045,-6.361646,0.4519323,-5.75217,-8.272,-34.5772,0.5819016,
2,34.48,2,14.07644,331.0199,-6.357142,0.4516159,-5.75217,-8.272,-34.5772,0.5819016,
2,34.49,2,14.07394,330.9974,-6.360165,0.4519106,-5.7629,-8.272,-34.5811,0.5858002,
2,34.5,2,14.07431,331.0182,-6.357706,0.4517242,-5.7629,-8.272,-34.5811,0.5858002,
2,34.51,2,14.07346,331.0035,-6.356912,0.4516949,-5.7629,-8.272,-34.5811,0.5858002,
2,34.52,2,14.07393,330.9988,-6.3593,0.4518495,-5.7629,-8.272,-34.5811,0.5858002,
2,34.53,2,14.07172,330.9969,-6.360139,0.4519803,-5.7629,-8.272,-34.5811,0.5858002,
2,34.54,2,14.07234,330.9943,-6.362689,0.4521416,-5.7629,-8.272,-34.5811,0.5858002,
2,34.55,2,14.07216,330.9709,-6.365416,0.452341,-5.7629,-8.272,-34.5811,0.5858002,
2,34.56,2,14.07207,330.9782,-6.371221,0.4527565,-5.7629,-8.272,-34.5811,0.5858002,
2,34.57,2,14.07254,330.9682,-6.372025,0.4527984,-5.7629,-8.272,-34.5811,0.5858002,
2,34.58,2,14.07969,330.9555,-6.374144,0.4527189,-5.7629,-8.272,-34.5811,0.5858002,
2,34.59,2,14.08775,330.9334,-6.378401,0.4527623,-5.7629,-8.272,-34.5811,0.5858002,
2,34.6,2,14.10477,330.9224,-6.378801,0.4522443,-5.7629,-8.272,-34.5811,0.5858002,
2,34.61,2,14.12911,330.88,-6.382011,0.4516923,-5.7629,-8.272,-34.5811,0.5858002,
2,34.62,2,14.15147,330.8444,-6.382827,0.4510363,-5.7629,-8.272,-34.5811,0.5858002,
2,34.63,2,14.16784,330.8234,-6.387322,0.4508326,-5.7629,-8.272,-34.5811,0.5858002,
2,34.64,2,14.18487,330.7818,-6.394776,0.4508167,-5.7629,-8.272,-34.5811,0.5858002,
2,34.65,2,14.18676,330.8002,-6.400053,0.4511285,-5.7629,-8.272,-34.5811,0.5858002,
2,34.66,2,14.19192,330.7663,-6.404872,0.4513042,-5.7629,-8.272,-34.5811,0.5858002,
2,34.67,2,14.18991,330.7497,-6.406732,0.4514993,-5.7629,-8.272,-34.5811,0.5858002,
2,34.68,2,14.19097,330.767,-6.413345,0.4519314,-5.7629,-8.272,-34.5811,0.5858002,
2,34.69,2,14.18836,330.7462,-6.415249,0.4521488,-5.7629,-8.272,-34.5811,0.5858002,
2,34.7,2,14.19063,330.6958,-6.419878,0.4524026,-5.7629,-8.272,-34.5811,0.5858002,
2,34.71,2,14.18752,330.7095,-6.420932,0.4525762,-5.7629,-8.272,-34.5811,0.5858002,
2,34.72,2,14.18894,330.7249,-6.419501,0.4524298,-5.7629,-8.272,-34.5811,0.5858002,
2,34.73,2,14.18762,330.7331,-6.420841,0.4525665,-5.7629,-8.272,-34.5811,0.5858002,
2,34.74,2,14.18868,330.701,-6.416214,0.4522065,-5.7629,-8.272,-34.5811,0.5858002,
2,34.75,2,14.18963,330.6962,-6.417345,0.4522559,-5.7736,-8.272,-34.5851,0.589798,
2,34.76,2,14.18637,330.6897,-6.417149,0.4523461,-5.7736,-8.272,-34.5851,0.589798,
2,34.77,2,14.18523,330.6696,-6.421536,0.4526918,-5.7736,-8.272,-34.5851,0.589798,
2,34.78,2,14.18663,330.6757,-6.421721,0.45266,-5.7736,-8.272,-34.5851,0.589798,
2,34.79,2,14.18449,330.6867,-6.424028,0.4528911,-5.7736,-8.272,-34.5851,0.589798,
2,34.8,2,14.18503,330.6616,-6.430252,0.4533126,-5.7736,-8.272,-34.5851,0.589798,
2,34.81,2,14.18777,330.6649,-6.428712,0.4531166,-5.7736,-8.272,-34.5851,0.589798,
2,34.82,2,14.18515,330.6521,-6.433352,0.4535274,-5.7736,-8.272,-34.5851,0.589798,
2,34.83,2,14.18428,330.6628,-6.435327,0.4536942,-5.7736,-8.272,-34.5851,0.589798,
2,34.84,2,14.18275,330.6669,-6.429944,0.4533636,-5.7736,-8.272,-34.5851,0.589798,
2,34.85,2,14.18328,330.6447,-6.430583,0.4533919,-5.7736,-8.272,-34.5851,0.589798,
2,34.86,2,14.18647,330.6433,-6.426396,0.4529949,-5.7736,-8.272,-34.5851,0.589798,
2,34.87,2,14.19192,330.6116,-6.426678,0.4528405,-5.7736,-8.272,-34.5851,0.589798,
2,34.88,2,14.20227,330.5951,-6.429618,0.4527177,-5.7736,-8.272,-34.5851,0.589798,
2,34.89,2,14.22398,330.5338,-6.430032,0.4520558,-5.7736,-8.272,-34.5851,0.589798,
2,34.9,2,14.24486,330.5257,-6.436865,0.4518728,-5.7736,-8.272,-34.5851,0.589798,
2,34.91,2,14.26757,330.5005,-6.443517,0.4516197,-5.7736,-8.272,-34.5851,0.589798,
2,34.92,2,14.28374,330.4526,-6.457179,0.4520649,-5.7736,-8.272,-34.5851,0.589798,
2,34.93,2,14.29752,330.4373,-6.460094,0.4518331,-5.7736,-8.272,-34.5851,0.589798,
2,34.94,2,14.30482,330.4656,-6.467234,0.4521017,-5.7736,-8.272,-34.5851,0.589798,
2,34.95,2,14.30373,330.4172,-6.466889,0.452112,-5.7736,-8.272,-34.5851,0.589798,
2,34.96,2,14.30512,330.4037,-6.464746,0.4519185,-5.7736,-8.272,-34.5851,0.589798,
2,34.97,2,14.30358,330.4012,-6.466766,0.4521082,-5.7736,-8.272,-34.5851,0.589798,
2,34.98,2,14.30383,330.392,-6.464279,0.4519265,-5.7736,-8.272,-34.5851,0.589798,
2,34.99,2,14.30355,330.3871,-6.464709,0.4519652,-5.7736,-8.272,-34.5851,0.589798,
2,35,2,14.30124,330.3715,-6.465418,0.4520879,-5.7736,-8.272,-34.5851,0.589798,
2,35.01,2,14.30199,330.3614,-6.469432,0.4523448,-5.78565,-8.272,-34.589,0.5937004,
2,35.02,2,14.30098,330.3622,-6.470862,0.4524767,-5.78565,-8.272,-34.589,0.5937004,
2,35.03,2,14.30039,330.3263,-6.473521,0.4526815,-5.78565,-8.272,-34.589,0.5937004,
2,35.04,2,14.29848,330.3397,-6.480651,0.4532406,-5.78565,-8.272,-34.589,0.5937004,
2,35.05,2,14.29875,330.3423,-6.480696,0.4532352,-5.78565,-8.272,-34.589,0.5937004,
2,35.06,2,14.3002,330.3581,-6.486292,0.4535805,-5.78565,-8.272,-34.589,0.5937004,
2,35.07,2,14.29841,330.3341,-6.484631,0.453521,-5.78565,-8.272,-34.589,0.5937004,
2,35.08,2,14.29743,330.3229,-6.48346,0.4534702,-5.78565,-8.272,-34.589,0.5937004,
2,35.09,2,14.29927,330.311,-6.481088,0.453246,-5.78565,-8.272,-34.589,0.5937004,
2,35.1,2,14.29876,330.3069,-6.476981,0.4529751,-5.78565,-8.272,-34.589,0.5937004,
2,35.11,2,14.29807,330.311,-6.47908,0.4531438,-5.78565,-8.272,-34.589,0.5937004,
2,35.12,2,14.30233,330.2894,-6.479012,0.453004,-5.78565,-8.272,-34.589,0.5937004,
2,35.13,2,14.30837,330.3019,-6.481544,0.4529895,-5.78565,-8.272,-34.589,0.5937004,
2,35.14,2,14.32622,330.2543,-6.484109,0.4526044,-5.78565,-8.272,-34.589,0.5937004,
2,35.15,2,14.3487,330.1944,-6.487771,0.4521503,-5.78565,-8.272,-34.589,0.5937004,
2,35.16,2,14.36641,330.1944,-6.498762,0.4523582,-5.78565,-8.272,-34.589,0.5937004,
2,35.17,2,14.38925,330.1531,-6.505437,0.4521041,-5.78565,-8.272,-34.589,0.5937004,
2,35.18,2,14.40507,330.097,-6.511856,0.4520531,-5.78565,-8.272,-34.589,0.5937004,
2,35.19,2,14.40968,330.1123,-6.51438,0.4520834,-5.78565,-8.272,-34.589,0.5937004,
2,35.2,2,14.41473,330.1017,-6.516491,0.4520718,-5.78565,-8.272,-34.589,0.5937004,
2,35.21,2,14.41551,330.0999,-6.516182,0.4520258,-5.78565,-8.272,-34.589,0.5937004,
2,35.22,2,14.41464,330.0712,-6.513797,0.4518877,-5.78565,-8.272,-34.589,0.5937004,
2,35.23,2,14.41454,330.0587,-6.516259,0.4520615,-5.78565,-8.272,-34.589,0.5937004,
2,35.24,2,14.41402,330.0539,-6.517277,0.4521485,-5.78565,-8.272,-34.589,0.5937004,
2,35.25,2,14.41146,330.0502,-6.520468,0.4524501,-5.78565,-8.272,-34.589,0.5937004,
2,35.26,2,14.4109,330.0394,-6.524687,0.4527607,-5.78565,-8.272,-34.589,0.5937004,
2,35.27,2,14.40996,330.0563,-6.524627,0.4527858,-5.78565,-8.272,-34.589,0.5937004,
2,35.28,2,14.40945,330.0227,-6.528356,0.4530607,-5.78565,-8.272,-34.589,0.5937004,
2,35.29,2,14.4119,330.0187,-6.531728,0.4532177,-5.79637,-8.272,-34.5928,0.5974998,
2,35.3,2,14.40921,330.0114,-6.533024,0.4533921,-5.79637,-8.272,-34.5928,0.5974998,
2,35.31,2,14.41022,330.0102,-6.532803,0.4533453,-5.79637,-8.272,-34.5928,0.5974998,
2,35.32,2,14.41106,330.0229,-6.530868,0.4531843,-5.79637,-8.272,-34.5928,0.5974998,
2,35.33,2,14.40805,330.0035,-6.52729,0.4530306,-5.79637,-8.272,-34.5928,0.5974998,
2,35.34,2,14.40986,329.9901,-6.525899,0.4528772,-5.79637,-8.272,-34.5928,0.5974998,
2,35.35,2,14.40876,329.9793,-6.527722,0.4530385,-5.79637,-8.272,-34.5928,0.5974998,
2,35.36,2,14.40515,329.9872,-6.527455,0.4531335,-5.79637,-8.272,-34.5928,0.5974998,
2,35.37,2,14.40763,329.9315,-6.533813,0.4534968,-5.79637,-8.272,-34.5928,0.5974998,
2,35.38,2,14.41372,329.953,-6.533937,0.4533137,-5.79637,-8.272,-34.5928,0.5974998,
2,35.39,2,14.42497,329.9449,-6.537111,0.4531802,-5.79637,-8.272,-34.5928,0.5974998,
2,35.4,2,14.4415,329.9142,-6.547658,0.4533918,-5.79637,-8.272,-34.5928,0.5974998,
2,35.41,2,14.46522,329.8699,-6.550875,0.4528707,-5.79637,-8.272,-34.5928,0.5974998,
2,35.42,2,14.48707,329.8854,-6.555707,0.4525214,-5.79637,-8.272,-34.5928,0.5974998,
2,35.43,2,14.50854,329.7948,-6.558982,0.4520773,-5.79637,-8.272,-34.5928,0.5974998,
2,35.44,2,14.51977,329.7838,-6.560339,0.4518211,-5.79637,-8.272,-34.5928,0.5974998,
2,35.45,2,14.52976,329.7573,-6.564054,0.4517661,-5.79637,-8.272,-34.5928,0.5974998,
2,35.46,2,14.53082,329.7406,-6.562603,0.4516333,-5.79637,-8.272,-34.5928,0.5974998,
2,35.47,2,14.52963,329.738,-6.564494,0.4518004,-5.79637,-8.272,-34.5928,0.5974998,
2,35.48,2,14.52979,329.7257,-6.565962,0.4518965,-5.79637,-8.272,-34.5928,0.5974998,
2,35.49,2,14.52712,329.7107,-6.572751,0.452447,-5.79637,-8.272,-34.5928,0.5974998,
2,35.5,2,14.52618,329.7172,-6.575669,0.4526772,-5.79637,-8.272,-34.5928,0.5974998,
2,35.51,2,14.52715,329.6895,-6.576677,0.4527162,-5.79637,-8.272,-34.5928,0.5974998,
2,35.52,2,14.52508,329.6844,-6.580043,0.4530126,-5.79637,-8.272,-34.5928,0.5974998,
2,35.53,2,14.52548,329.6989,-6.581094,0.4530725,-5.79637,-8.272,-34.5928,0.5974998,
2,35.54,2,14.52327,329.7098,-6.584577,0.4533813,-5.79637,-8.272,-34.5928,0.5974998,
2,35.55,2,14.52564,329.6774,-6.582087,0.4531357,-5.79637,-8.272,-34.5928,0.5974998,
2,35.56,2,14.52445,329.6633,-6.581026,0.4530998,-5.8071,-8.272,-34.5968,0.6015015,
2,35.57,2,14.52309,329.6611,-6.579887,0.4530637,-5.8071,-8.272,-34.5968,0.6015015,
2,35.58,2,14.52287,329.6531,-6.576488,0.4528366,-5.8071,-8.272,-34.5968,0.6015015,
2,35.59,2,14.52297,329.6486,-6.578629,0.4529809,-5.8071,-8.272,-34.5968,0.6015015,
2,35.6,2,14.52264,329.6218,-6.580777,0.4531392,-5.8071,-8.272,-34.5968,0.6015015,
2,35.61,2,14.52334,329.6617,-6.583633,0.453314,-5.8071,-8.272,-34.5968,0.6015015,
2,35.62,2,14.52348,329.6264,-6.588276,0.4536293,-5.8071,-8.272,-34.5968,0.6015015,
2,35.63,2,14.52232,329.6075,-6.590686,0.4538316,-5.8071,-8.272,-34.5968,0.6015015,
2,35.64,2,14.52027,329.6177,-6.595881,0.4542534,-5.8071,-8.272,-34.5968,0.6015015,
2,35.65,2,14.5247,329.6117,-6.596728,0.4541732,-5.8071,-8.272,-34.5968,0.6015015,
2,35.66,2,14.53455,329.5544,-6.600515,0.4541259,-5.8071,-8.272,-34.5968,0.6015015,
2,35.67,2,14.55218,329.5858,-6.599844,0.4535297,-5.8071,-8.272,-34.5968,0.6015015,
2,35.68,2,14.57585,329.5278,-6.600485,0.452837,-5.8071,-8.272,-34.5968,0.6015015,
2,35.69,2,14.59738,329.5093,-6.605965,0.4525445,-5.8071,-8.272,-34.5968,0.6015015,
2,35.7,2,14.61652,329.4648,-6.608586,0.4521312,-5.8071,-8.272,-34.5968,0.6015015,
2,35.71,2,14.63203,329.4273,-6.613465,0.4519854,-5.8071,-8.272,-34.5968,0.6015015,
2,35.72,2,14.63778,329.4208,-6.617239,0.4520659,-5.8071,-8.272,-34.5968,0.6015015,
2,35.73,2,14.64006,329.4142,-6.626022,0.4525954,-5.8071,-8.272,-34.5968,0.6015015,
2,35.74,2,14.63833,329.3972,-6.628818,0.4528397,-5.8071,-8.272,-34.5968,0.6015015,
2,35.75,2,14.63967,329.4012,-6.63316,0.453095,-5.8071,-8.272,-34.5968,0.6015015,
2,35.76,2,14.63897,329.3755,-6.636014,0.4533114,-5.8071,-8.272,-34.5968,0.6015015,
2,35.77,2,14.63798,329.3745,-6.637907,0.4534715,-5.8071,-8.272,-34.5968,0.6015015,
2,35.78,2,14.63629,329.3695,-6.64264,0.4538473,-5.8071,-8.272,-34.5968,0.6015015,
2,35.79,2,14.63874,329.3653,-6.640523,0.4536268,-5.8071,-8.272,-34.5968,0.6015015,
2,35.8,2,14.63805,329.3691,-6.638155,0.4534863,-5.8185,-8.272,-34.6006,0.6053009,
2,35.81,2,14.63722,329.3578,-6.637625,0.4534757,-5.8185,-8.272,-34.6006,0.6053009,
2,35.82,2,14.64025,329.3427,-6.635129,0.4532115,-5.8185,-8.272,-34.6006,0.6053009,
2,35.83,2,14.63734,329.3467,-6.637675,0.4534754,-5.8185,-8.272,-34.6006,0.6053009,
2,35.84,2,14.63497,329.3426,-6.638988,0.4536386,-5.8185,-8.272,-34.6006,0.6053009,
2,35.85,2,14.63391,329.3039,-6.643434,0.4539753,-5.8185,-8.272,-34.6006,0.6053009,
2,35.86,2,14.63227,329.3206,-6.646127,0.4542103,-5.8185,-8.272,-34.6006,0.6053009,
2,35.87,2,14.63401,329.3414,-6.649309,0.4543736,-5.8185,-8.272,-34.6006,0.6053009,
2,35.88,2,14.63399,329.3155,-6.656867,0.4548908,-5.8185,-8.272,-34.6006,0.6053009,
2,35.89,2,14.63244,329.3029,-6.655122,0.4548197,-5.8185,-8.272,-34.6006,0.6053009,
2,35.9,2,14.63287,329.3126,-6.657767,0.4549871,-5.8185,-8.272,-34.6006,0.6053009,
2,35.91,2,14.63139,329.2993,-6.653013,0.4547081,-5.8185,-8.272,-34.6006,0.6053009,
2,35.92,2,14.63205,329.3177,-6.653812,0.4547423,-5.8185,-8.272,-34.6006,0.6053009,
2,35.93,2,14.63383,329.279,-6.654304,0.4547207,-5.8185,-8.272,-34.6006,0.6053009,
2,35.94,2,14.63788,329.2675,-6.6506,0.4543418,-5.8185,-8.272,-34.6006,0.6053009,
2,35.95,2,14.64895,329.257,-6.650604,0.4539988,-5.8185,-8.272,-34.6006,0.6053009,
2,35.96,2,14.66646,329.2192,-6.655035,0.4537588,-5.8185,-8.272,-34.6006,0.6053009,
2,35.97,2,14.68945,329.1919,-6.66126,0.4534723,-5.8185,-8.272,-34.6006,0.6053009,
2,35.98,2,14.71085,329.1582,-6.667928,0.453266,-5.8185,-8.272,-34.6006,0.6053009,
2,35.99,2,14.73109,329.1219,-6.677876,0.4533186,-5.8185,-8.272,-34.6006,0.6053009,
2,36,2,14.7442,329.1148,-6.683535,0.4532991,-5.8185,-8.272,-34.6006,0.6053009,
2,36.01,2,14.75001,329.0938,-6.688858,0.4534817,-5.8185,-8.272,-34.6006,0.6053009,
2,36.02,2,14.75004,329.0887,-6.695442,0.453927,-5.8185,-8.272,-34.6006,0.6053009,
2,36.03,2,14.74979,329.0594,-6.693171,0.4537808,-5.8185,-8.272,-34.6006,0.6053009,
2,36.04,2,14.7483,329.0503,-6.692898,0.4538082,-5.8185,-8.272,-34.6006,0.6053009,
2,36.05,2,14.75119,329.0502,-6.689636,0.4534982,-5.8185,-8.272,-34.6006,0.6053009,
2,36.06,2,14.75092,329.0444,-6.688021,0.453397,-5.8185,-8.272,-34.6006,0.6053009,
2,36.07,2,14.74835,329.0354,-6.691854,0.4537359,-5.8185,-8.272,-34.6006,0.6053009,
2,36.08,2,14.74885,329.0072,-6.691576,0.4537016,-5.8185,-8.272,-34.6006,0.6053009,
2,36.09,2,14.74796,329.0187,-6.697194,0.4541097,-5.8185,-8.272,-34.6006,0.6053009,
2,36.1,2,14.74581,329.0072,-6.698662,0.4542757,-5.83055,-8.272,-34.6045,0.6091995,
2,36.11,2,14.74831,328.9717,-6.704568,0.454599,-5.83055,-8.272,-34.6045,0.6091995,
2,36.12,2,14.74647,328.9939,-6.7064,0.4547802,-5.83055,-8.272,-34.6045,0.6091995,
2,36.13,2,14.74635,328.9947,-6.706425,0.4547855,-5.83055,-8.272,-34.6045,0.6091995,
2,36.14,2,14.74652,328.9871,-6.708436,0.4549164,-5.83055,-8.272,-34.6045,0.6091995,
2,36.15,2,14.74574,328.9893,-6.706015,0.4547765,-5.83055,-8.272,-34.6045,0.6091995,
2,36.16,2,14.74536,328.956,-6.704889,0.4547118,-5.83055,-8.272,-34.6045,0.6091995,
2,36.17,2,14.74534,328.9824,-6.702637,0.4545596,-5.83055,-8.272,-34.6045,0.6091995,
2,36.18,2,14.74291,328.976,-6.700674,0.4545015,-5.83055,-8.272,-34.6045,0.6091995,
2,36.19,2,14.74369,328.9507,-6.703496,0.4546689,-5.83055,-8.272,-34.6045,0.6091995,
2,36.2,2,14.74443,328.9506,-6.703445,0.4546426,-5.83055,-8.272,-34.6045,0.6091995,
2,36.21,2,14.74653,328.9509,-6.708922,0.4549493,-5.83055,-8.272,-34.6045,0.6091995,
2,36.22,2,14.75687,328.9229,-6.712218,0.4548539,-5.83055,-8.272,-34.6045,0.6091995,
2,36.23,2,14.7709,328.9023,-6.717688,0.4547922,-5.83055,-8.272,-34.6045,0.6091995,
2,36.24,2,14.79588,328.8568,-6.722952,0.4543801,-5.83055,-8.272,-34.6045,0.6091995,
2,36.25,2,14.81905,328.8301,-6.7278,0.4539969,-5.83055,-8.272,-34.6045,0.6091995,
2,36.26,2,14.83748,328.8052,-6.737385,0.4540787,-5.83055,-8.272,-34.6045,0.6091995,
2,36.27,2,14.85558,328.7675,-6.738698,0.453614,-5.83055,-8.272,-34.6045,0.6091995,
2,36.28,2,14.86481,328.7657,-6.741111,0.4534947,-5.83055,-8.272,-34.6045,0.6091995,
2,36.29,2,14.86997,328.737,-6.739182,0.4532075,-5.83055,-8.272,-34.6045,0.6091995,
2,36.3,2,14.87265,328.7234,-6.740697,0.4532278,-5.83055,-8.272,-34.6045,0.6091995,
2,36.31,2,14.8696,328.7146,-6.745421,0.4536384,-5.83055,-8.272,-34.6045,0.6091995,
2,36.32,2,14.86704,328.7225,-6.745442,0.453718,-5.83055,-8.272,-34.6045,0.6091995,
2,36.33,2,14.86831,328.701,-6.750405,0.4540128,-5.83055,-8.272,-34.6045,0.6091995,
2,36.34,2,14.86874,328.6925,-6.750588,0.4540122,-5.83055,-8.272,-34.6045,0.6091995,
2,36.35,2,14.86693,328.7118,-6.75747,0.4545303,-5.83055,-8.272,-34.6045,0.6091995,
2,36.36,2,14.86652,328.6878,-6.760238,0.454729,-5.83055,-8.272,-34.6045,0.6091995,
2,36.37,2,14.86716,328.6736,-6.759479,0.4546583,-5.84195,-8.272,-34.6085,0.6132011,
2,36.38,2,14.86655,328.6752,-6.761082,0.4547849,-5.84195,-8.272,-34.6085,0.6132011,
2,36.39,2,14.86677,328.6687,-6.759285,0.4546572,-5.84195,-8.272,-34.6085,0.6132011,
2,36.4,2,14.86643,328.6819,-6.760397,0.4547424,-5.84195,-8.272,-34.6085,0.6132011,
2,36.41,2,14.86843,328.6483,-6.758908,0.4545811,-5.84195,-8.272,-34.6085,0.6132011,
2,36.42,2,14.8672,328.6432,-6.755877,0.4544149,-5.84195,-8.272,-34.6085,0.6132011,
2,36.43,2,14.86277,328.6365,-6.75947,0.4547921,-5.84195,-8.272,-34.6085,0.6132011,
2,36.44,2,14.86491,328.6254,-6.761283,0.4548487,-5.84195,-8.272,-34.6085,0.6132011,
2,36.45,2,14.86212,328.6194,-6.765501,0.4552178,-5.84195,-8.272,-34.6085,0.6132011,
2,36.46,2,14.86433,328.6212,-6.766784,0.4552364,-5.84195,-8.272,-34.6085,0.6132011,
2,36.47,2,14.86402,328.6082,-6.770311,0.4554833,-5.84195,-8.272,-34.6085,0.6132011,
2,36.48,2,14.86215,328.6103,-6.771917,0.4556485,-5.84195,-8.272,-34.6085,0.6132011,
2,36.49,2,14.86339,328.6108,-6.775361,0.4558423,-5.84195,-8.272,-34.6085,0.6132011,
2,36.5,2,14.86805,328.6038,-6.777288,0.4558291,-5.84195,-8.272,-34.6085,0.6132011,
2,36.51,2,14.87987,328.5778,-6.774334,0.4552685,-5.84195,-8.272,-34.6085,0.6132011,
2,36.52,2,14.89861,328.5504,-6.774834,0.4547293,-5.84195,-8.272,-34.6085,0.6132011,
2,36.53,2,14.92427,328.5217,-6.774803,0.4539455,-5.84195,-8.272,-34.6085,0.6132011,
2,36.54,2,14.94802,328.4628,-6.780478,0.4536037,-5.84195,-8.272,-34.6085,0.6132011,
2,36.55,2,14.96795,328.4377,-6.788832,0.453558,-5.84195,-8.272,-34.6085,0.6132011,
2,36.56,2,14.97771,328.3898,-6.792994,0.4535403,-5.84195,-8.272,-34.6085,0.6132011,
2,36.57,2,14.98612,328.3916,-6.800076,0.4537583,-5.84195,-8.272,-34.6085,0.6132011,
2,36.58,2,14.98634,328.3902,-6.809868,0.4544051,-5.84195,-8.272,-34.6085,0.6132011,
2,36.59,2,14.98793,328.3539,-6.812442,0.4545285,-5.84195,-8.272,-34.6085,0.6132011,
2,36.6,2,14.98639,328.3675,-6.817556,0.4549167,-5.84195,-8.272,-34.6085,0.6132011,
2,36.61,2,14.98649,328.3893,-6.81516,0.4547537,-5.84195,-8.272,-34.6085,0.6132011,
2,36.62,2,14.98514,328.3596,-6.813447,0.4546802,-5.84195,-8.272,-34.6085,0.6132011,
2,36.63,2,14.98715,328.3514,-6.812337,0.4545452,-5.84195,-8.272,-34.6085,0.6132011,
2,36.64,2,14.98508,328.3301,-6.810008,0.4544526,-5.84195,-8.272,-34.6085,0.6132011,
2,36.65,2,14.98497,328.3392,-6.807635,0.4542975,-5.84195,-8.272,-34.6085,0.6132011,
2,36.66,2,14.98288,328.331,-6.810283,0.4545377,-5.854,-8.272,-34.6124,0.6170998,
2,36.67,2,14.98547,328.3194,-6.81166,0.454551,-5.854,-8.272,-34.6124,0.6170998,
2,36.68,2,14.98215,328.3177,-6.813481,0.4547734,-5.854,-8.272,-34.6124,0.6170998,
2,36.69,2,14.98256,328.3153,-6.81693,0.4549911,-5.854,-8.272,-34.6124,0.6170998,
2,36.7,2,14.98169,328.2919,-6.817153,0.4550323,-5.854,-8.272,-34.6124,0.6170998,
2,36.71,2,14.9809,328.2848,-6.821013,0.455314,-5.854,-8.272,-34.6124,0.6170998,
2,36.72,2,14.98088,328.2803,-6.821805,0.4553674,-5.854,-8.272,-34.6124,0.6170998,
2,36.73,2,14.97882,328.2901,-6.826378,0.4557355,-5.854,-8.272,-34.6124,0.6170998,
2,36.74,2,14.98038,328.2798,-6.829302,0.4558832,-5.854,-8.272,-34.6124,0.6170998,
2,36.75,2,14.97722,328.2651,-6.824534,0.4556609,-5.854,-8.272,-34.6124,0.6170998,
2,36.76,2,14.97842,328.2672,-6.8249,0.455649,-5.854,-8.272,-34.6124,0.6170998,
2,36.77,2,14.98134,328.2463,-6.821135,0.4553087,-5.854,-8.272,-34.6124,0.6170998,
2,36.78,2,14.98019,328.2697,-6.823006,0.4554686,-5.854,-8.272,-34.6124,0.6170998,
2,36.79,2,14.98823,328.2366,-6.825673,0.4554023,-5.854,-8.272,-34.6124,0.6170998,
2,36.8,2,15.00056,328.2563,-6.826201,0.4550632,-5.854,-8.272,-34.6124,0.6170998,
2,36.81,2,15.01836,328.1762,-6.828203,0.4546569,-5.854,-8.272,-34.6124,0.6170998,
2,36.82,2,15.04162,328.147,-6.836305,0.4544925,-5.854,-8.272,-34.6124,0.6170998,
2,36.83,2,15.06742,328.1177,-6.844949,0.454288,-5.854,-8.272,-34.6124,0.6170998,
2,36.84,2,15.08457,328.0968,-6.849429,0.4540687,-5.854,-8.272,-34.6124,0.6170998,
2,36.85,2,15.09352,328.0296,-6.855752,0.4542181,-5.854,-8.272,-34.6124,0.6170998,
2,36.86,2,15.1004,328.0454,-6.859344,0.4542491,-5.854,-8.272,-34.6124,0.6170998,
2,36.87,2,15.10151,328.0446,-6.857712,0.4541077,-5.854,-8.272,-34.6124,0.6170998,
2,36.88,2,15.10202,328.0388,-6.859774,0.4542288,-5.854,-8.272,-34.6124,0.6170998,
2,36.89,2,15.10289,328.0206,-6.854752,0.4538703,-5.854,-8.272,-34.6124,0.6170998,
2,36.9,2,15.1006,328.0116,-6.856963,0.4540854,-5.854,-8.272,-34.6124,0.6170998,
2,36.91,2,15.09909,328.0034,-6.857416,0.4541609,-5.854,-8.272,-34.6124,0.6170998,
2,36.92,2,15.0985,327.9835,-6.861572,0.4544539,-5.86608,-8.272,-34.6164,0.6211014,
2,36.93,2,15.09819,327.9743,-6.864863,0.4546812,-5.86608,-8.272,-34.6164,0.6211014,
2,36.94,2,15.09729,327.9821,-6.866902,0.4548434,-5.86608,-8.272,-34.6164,0.6211014,
2,36.95,2,15.09656,327.953,-6.870898,0.4551302,-5.86608,-8.272,-34.6164,0.6211014,
2,36.96,2,15.0988,327.9563,-6.86985,0.454993,-5.86608,-8.272,-34.6164,0.6211014,
2,36.97,2,15.0973,327.9309,-6.871841,0.4551701,-5.86608,-8.272,-34.6164,0.6211014,
2,36.98,2,15.09546,327.9609,-6.874906,0.4554286,-5.86608,-8.272,-34.6164,0.6211014,
2,36.99,2,15.09674,327.9479,-6.870818,0.4551194,-5.86608,-8.272,-34.6164,0.6211014,
2,37,2,15.09818,327.9356,-6.870673,0.4550664,-5.86608,-8.272,-34.6164,0.6211014,
2,37.01,2,15.09569,327.9339,-6.867186,0.4549103,-5.86608,-8.272,-34.6164,0.6211014,
2,37.02,2,15.0967,327.898,-6.870153,0.4550766,-5.86608,-8.272,-34.6164,0.6211014,
2,37.03,2,15.09527,327.902,-6.871161,0.4551864,-5.86608,-8.272,-34.6164,0.6211014,
2,37.04,2,15.10118,327.8648,-6.871355,0.455021,-5.86608,-8.272,-34.6164,0.6211014,
2,37.05,2,15.10882,327.8789,-6.872927,0.4548949,-5.86608,-8.272,-34.6164,0.6211014,
2,37.06,2,15.12416,327.8676,-6.877612,0.4547433,-5.86608,-8.272,-34.6164,0.6211014,
2,37.07,2,15.1462,327.8027,-6.886848,0.4546916,-5.86608,-8.272,-34.6164,0.6211014,
2,37.08,2,15.16732,327.7858,-6.892954,0.454461,-5.86608,-8.272,-34.6164,0.6211014,
2,37.09,2,15.19054,327.7787,-6.899024,0.454166,-5.86608,-8.272,-34.6164,0.6211014,
2,37.1,2,15.20184,327.7244,-6.904893,0.4542142,-5.86608,-8.272,-34.6164,0.6211014,
2,37.11,2,15.21073,327.7046,-6.909323,0.4542399,-5.86608,-8.272,-34.6164,0.6211014,
2,37.12,2,15.21564,327.6938,-6.910223,0.4541527,-5.86608,-8.272,-34.6164,0.6211014,
2,37.13,2,15.21739,327.6872,-6.908897,0.4540132,-5.86608,-8.272,-34.6164,0.6211014,
2,37.14,2,15.21293,327.6863,-6.914125,0.4544899,-5.86608,-8.272,-34.6164,0.6211014,
2,37.15,2,15.21549,327.6715,-6.913995,0.454405,-5.86608,-8.272,-34.6164,0.6211014,
2,37.16,2,15.21568,327.6532,-6.919479,0.4547599,-5.86608,-8.272,-34.6164,0.6211014,
2,37.17,2,15.21325,327.6595,-6.922245,0.4550143,-5.86608,-8.272,-34.6164,0.6211014,
2,37.18,2,15.21374,327.6417,-6.924185,0.4551271,-5.86608,-8.272,-34.6164,0.6211014,
2,37.19,2,15.21164,327.6485,-6.929618,0.455547,-5.86608,-8.272,-34.6164,0.6211014,
2,37.2,2,15.2114,327.6514,-6.930585,0.4556179,-5.87677,-8.272,-34.6203,0.625,
2,37.21,2,15.21349,327.653,-6.933284,0.4557327,-5.87677,-8.272,-34.6203,0.625,
2,37.22,2,15.20997,327.6429,-6.936944,0.4560786,-5.87677,-8.272,-34.6203,0.625,
2,37.23,2,15.2107,327.6094,-6.932247,0.4557481,-5.87677,-8.272,-34.6203,0.625,
2,37.24,2,15.21212,327.618,-6.930698,0.4556036,-5.87677,-8.272,-34.6203,0.625,
2,37.25,2,15.20964,327.6169,-6.928058,0.4555044,-5.87677,-8.272,-34.6203,0.625,
2,37.26,2,15.21144,327.6059,-6.929823,0.4555667,-5.87677,-8.272,-34.6203,0.625,
2,37.27,2,15.2101,327.6014,-6.933579,0.4558537,-5.87677,-8.272,-34.6203,0.625,
2,37.28,2,15.20977,327.6383,-6.935549,0.4559931,-5.87677,-8.272,-34.6203,0.625,
2,37.29,2,15.20891,327.5878,-6.937041,0.4561169,-5.87677,-8.272,-34.6203,0.625,
2,37.3,2,15.21261,327.5659,-6.938832,0.4561238,-5.87677,-8.272,-34.6203,0.625,
2,37.31,2,15.22554,327.5667,-6.947644,0.4563151,-5.87677,-8.272,-34.6203,0.625,
2,37.32,2,15.24431,327.5361,-6.949724,0.4558897,-5.87677,-8.272,-34.6203,0.625,
2,37.33,2,15.2687,327.4698,-6.955016,0.4555079,-5.87677,-8.272,-34.6203,0.625,
2,37.34,2,15.29205,327.4765,-6.958269,0.4550254,-5.87677,-8.272,-34.6203,0.625,
2,37.35,2,15.31063,327.445,-6.961665,0.4546949,-5.87677,-8.272,-34.6203,0.625,
2,37.36,2,15.32423,327.4221,-6.967185,0.4546516,-5.87677,-8.272,-34.6203,0.625,
2,37.37,2,15.32984,327.3994,-6.965062,0.4543466,-5.87677,-8.272,-34.6203,0.625,
2,37.38,2,15.33088,327.3777,-6.971406,0.4547298,-5.87677,-8.272,-34.6203,0.625,
2,37.39,2,15.33091,327.3749,-6.974684,0.4549425,-5.87677,-8.272,-34.6203,0.625,
2,37.4,2,15.33152,327.3634,-6.978174,0.455152,-5.87677,-8.272,-34.6203,0.625,
2,37.41,2,15.32857,327.3535,-6.982309,0.4555094,-5.87677,-8.272,-34.6203,0.625,
2,37.42,2,15.32732,327.3599,-6.981748,0.4555101,-5.87677,-8.272,-34.6203,0.625,
2,37.43,2,15.33101,327.3347,-6.986719,0.4557247,-5.87677,-8.272,-34.6203,0.625,
2,37.44,2,15.33031,327.3325,-6.984753,0.4556171,-5.87677,-8.272,-34.6203,0.625,
2,37.45,2,15.32899,327.3213,-6.993371,0.4562186,-5.87677,-8.272,-34.6203,0.625,
2,37.46,2,15.32565,327.3336,-6.996399,0.4565156,-5.8875,-8.272,-34.6242,0.6288986,
2,37.47,2,15.32502,327.3319,-6.994971,0.4564414,-5.8875,-8.272,-34.6242,0.6288986,
2,37.48,2,15.32579,327.3135,-6.992582,0.4562625,-5.8875,-8.272,-34.6242,0.6288986,
2,37.49,2,15.32503,327.3087,-6.985091,0.4557962,-5.8875,-8.272,-34.6242,0.6288986,
2,37.5,2,15.32522,327.2965,-6.986932,0.4559106,-5.8875,-8.272,-34.6242,0.6288986,
2,37.51,2,15.32241,327.3076,-6.991851,0.4563154,-5.8875,-8.272,-34.6242,0.6288986,
2,37.52,2,15.32234,327.2623,-6.991181,0.4562737,-5.8875,-8.272,-34.6242,0.6288986,
2,37.53,2,15.32771,327.2717,-6.994339,0.4563199,-5.8875,-8.272,-34.6242,0.6288986,
2,37.54,2,15.32462,327.2958,-6.998303,0.4566706,-5.8875,-8.272,-34.6242,0.6288986,
2,37.55,2,15.32009,327.2736,-7.002303,0.4570666,-5.8875,-8.272,-34.6242,0.6288986,
2,37.56,2,15.32379,327.2601,-7.002512,0.4569699,-5.8875,-8.272,-34.6242,0.6288986,
2,37.57,2,15.32505,327.2871,-7.005169,0.4571058,-5.8875,-8.272,-34.6242,0.6288986,
2,37.58,2,15.33487,327.2373,-7.002316,0.4566272,-5.8875,-8.272,-34.6242,0.6288986,
2,37.59,2,15.35387,327.23,-7.002789,0.4560928,-5.8875,-8.272,-34.6242,0.6288986,
2,37.6,2,15.37586,327.1848,-7.005854,0.4556399,-5.8875,-8.272,-34.6242,0.6288986,
2,37.61,2,15.39624,327.1459,-7.005056,0.4549847,-5.8875,-8.272,-34.6242,0.6288986,
2,37.62,2,15.41957,327.1193,-7.013443,0.4548402,-5.8875,-8.272,-34.6242,0.6288986,
2,37.63,2,15.43212,327.0941,-7.01943,0.4548583,-5.8875,-8.272,-34.6242,0.6288986,
2,37.64,2,15.44131,327.0568,-7.027958,0.4551399,-5.8875,-8.272,-34.6242,0.6288986,
2,37.65,2,15.44201,327.0518,-7.032249,0.4553973,-5.8875,-8.272,-34.6242,0.6288986,
2,37.66,2,15.44376,327.0412,-7.035642,0.4555655,-5.8875,-8.272,-34.6242,0.6288986,
2,37.67,2,15.44187,327.053,-7.041496,0.4560001,-5.8875,-8.272,-34.6242,0.6288986,
2,37.68,2,15.44116,327.0439,-7.043231,0.4561337,-5.8875,-8.272,-34.6242,0.6288986,
2,37.69,2,15.44128,327.0421,-7.048278,0.4564569,-5.8875,-8.272,-34.6242,0.6288986,
2,37.7,2,15.44359,327.0276,-7.045989,0.4562402,-5.8875,-8.272,-34.6242,0.6288986,
2,37.71,2,15.44015,327.0059,-7.043718,0.4561951,-5.8875,-8.272,-34.6242,0.6288986,
2,37.72,2,15.43992,327.0172,-7.042521,0.4561241,-5.8875,-8.272,-34.6242,0.6288986,
2,37.73,2,15.44217,327.0118,-7.039886,0.455887,-5.8989,-8.272,-34.628,0.6326981,
2,37.74,2,15.44083,326.997,-7.043154,0.4561383,-5.8989,-8.272,-34.628,0.6326981,
2,37.75,2,15.44092,326.9719,-7.043948,0.4561871,-5.8989,-8.272,-34.628,0.6326981,
2,37.76,2,15.44012,327.0023,-7.046233,0.4563588,-5.8989,-8.272,-34.628,0.6326981,
2,37.77,2,15.43958,326.9777,-7.04879,0.4565402,-5.8989,-8.272,-34.628,0.6326981,
2,37.78,2,15.43974,326.9413,-7.051895,0.4567367,-5.8989,-8.272,-34.628,0.6326981,
2,37.79,2,15.43702,326.9659,-7.058383,0.4572373,-5.8989,-8.272,-34.628,0.6326981,
2,37.8,2,15.43909,326.964,-7.058307,0.4571711,-5.8989,-8.272,-34.628,0.6326981,
2,37.81,2,15.43821,326.9364,-7.062,0.4574366,-5.8989,-8.272,-34.628,0.6326981,
2,37.82,2,15.43815,326.9622,-7.057919,0.4571737,-5.8989,-8.272,-34.628,0.6326981,
2,37.83,2,15.43814,326.9296,-7.057076,0.4571195,-5.8989,-8.272,-34.628,0.6326981,
2,37.84,2,15.43914,326.9501,-7.050927,0.4566917,-5.8989,-8.272,-34.628,0.6326981,
2,37.85,2,15.44966,326.9203,-7.049048,0.456259,-5.8989,-8.272,-34.628,0.6326981,
2,37.86,2,15.46555,326.8973,-7.051645,0.4559582,-5.8989,-8.272,-34.628,0.6326981,
2,37.87,2,15.48775,326.8562,-7.055466,0.4555513,-5.8989,-8.272,-34.628,0.6326981,
2,37.88,2,15.5103,326.8342,-7.067884,0.4556898,-5.8989,-8.272,-34.628,0.6326981,
2,37.89,2,15.53035,326.7935,-7.075461,0.4555894,-5.8989,-8.272,-34.628,0.6326981,
2,37.9,2,15.54506,326.7656,-7.086126,0.4558443,-5.8989,-8.272,-34.628,0.6326981,
2,37.91,2,15.55336,326.7414,-7.093032,0.4560449,-5.8989,-8.272,-34.628,0.6326981,
2,37.92,2,15.55601,326.7382,-7.097362,0.4562456,-5.8989,-8.272,-34.628,0.6326981,
2,37.93,2,15.55663,326.7311,-7.101701,0.4565065,-5.8989,-8.272,-34.628,0.6326981,
2,37.94,2,15.55621,326.7228,-7.095113,0.4560952,-5.8989,-8.272,-34.628,0.6326981,
2,37.95,2,15.55667,326.7373,-7.093063,0.45595,-5.8989,-8.272,-34.628,0.6326981,
2,37.96,2,15.55719,326.7091,-7.088551,0.4556446,-5.8989,-8.272,-34.628,0.6326981,
2,37.97,2,15.5579,326.7081,-7.084388,0.4553564,-5.90895,-8.272,-34.6318,0.6365013,
2,37.98,2,15.55518,326.6924,-7.088403,0.4556941,-5.90895,-8.272,-34.6318,0.6365013,
2,37.99,2,15.55532,326.6918,-7.089614,0.4557678,-5.90895,-8.272,-34.6318,0.6365013,
2,38,2,15.55609,326.6611,-7.092634,0.4559395,-5.90895,-8.272,-34.6318,0.6365013,
2,38.01,2,15.55157,326.6639,-7.093353,0.4561181,-5.90895,-8.272,-34.6318,0.6365013,
2,38.02,2,15.55132,326.6838,-7.09658,0.4563328,-5.90895,-8.272,-34.6318,0.6365013,
2,38.03,2,15.55415,326.6677,-7.102166,0.456609,-5.90895,-8.272,-34.6318,0.6365013,
2,38.04,2,15.55441,326.6478,-7.102141,0.4565999,-5.90895,-8.272,-34.6318,0.6365013,
2,38.05,2,15.55418,326.6487,-7.103283,0.45668,-5.90895,-8.272,-34.6318,0.6365013,
2,38.06,2,15.55389,326.6384,-7.100353,0.4565002,-5.90895,-8.272,-34.6318,0.6365013,
2,38.07,2,15.55344,326.6548,-7.10336,0.4567068,-5.90895,-8.272,-34.6318,0.6365013,
2,38.08,2,15.5513,326.6223,-7.101431,0.4566456,-5.90895,-8.272,-34.6318,0.6365013,
2,38.09,2,15.5539,326.6089,-7.099574,0.4564497,-5.90895,-8.272,-34.6318,0.6365013,
2,38.1,2,15.55952,326.604,-7.103183,0.4565168,-5.90895,-8.272,-34.6318,0.6365013,
2,38.11,2,15.57036,326.5729,-7.102876,0.4561794,-5.90895,-8.272,-34.6318,0.6365013,
2,38.12,2,15.58663,326.5569,-7.109808,0.456148,-5.90895,-8.272,-34.6318,0.6365013,
2,38.13,2,15.61186,326.5225,-7.116678,0.4558507,-5.90895,-8.272,-34.6318,0.6365013,
2,38.14,2,15.63256,326.485,-7.122106,0.4555943,-5.90895,-8.272,-34.6318,0.6365013,
2,38.15,2,15.65073,326.4785,-7.127475,0.4554085,-5.90895,-8.272,-34.6318,0.6365013,
2,38.16,2,15.66078,326.4454,-7.133447,0.4554975,-5.90895,-8.272,-34.6318,0.6365013,
2,38.17,2,15.66704,326.4323,-7.140013,0.4557346,-5.90895,-8.272,-34.6318,0.6365013,
2,38.18,2,15.66813,326.426,-7.141342,0.4557876,-5.90895,-8.272,-34.6318,0.6365013,
2,38.19,2,15.66887,326.3968,-7.140386,0.4557051,-5.90895,-8.272,-34.6318,0.6365013,
2,38.2,2,15.66965,326.4033,-7.138305,0.4555498,-5.90895,-8.272,-34.6318,0.6365013,
2,38.21,2,15.66658,326.3996,-7.141379,0.4558353,-5.90895,-8.272,-34.6318,0.6365013,
2,38.22,2,15.66706,326.3776,-7.141232,0.4558117,-5.90895,-8.272,-34.6318,0.6365013,
2,38.23,2,15.66614,326.3634,-7.14288,0.4559437,-5.90895,-8.272,-34.6318,0.6365013,
2,38.24,2,15.66519,326.3763,-7.148463,0.456328,-5.90895,-8.272,-34.6318,0.6365013,
2,38.25,2,15.66317,326.352,-7.151172,0.4565598,-5.92035,-8.272,-34.6355,0.6402016,
2,38.26,2,15.66397,326.325,-7.156521,0.456878,-5.92035,-8.272,-34.6355,0.6402016,
2,38.27,2,15.6613,326.3439,-7.154589,0.4568323,-5.92035,-8.272,-34.6355,0.6402016,
2,38.28,2,15.66584,326.3288,-7.156541,0.4568245,-5.92035,-8.272,-34.6355,0.6402016,
2,38.29,2,15.66024,326.3419,-7.159186,0.4571569,-5.92035,-8.272,-34.6355,0.6402016,
2,38.3,2,15.66151,326.325,-7.154292,0.4568073,-5.92035,-8.272,-34.6355,0.6402016,
2,38.31,2,15.6618,326.3048,-7.154162,0.4567905,-5.92035,-8.272,-34.6355,0.6402016,
2,38.32,2,15.66006,326.3351,-7.152858,0.456758,-5.92035,-8.272,-34.6355,0.6402016,
2,38.33,2,15.6618,326.3224,-7.15062,0.4565644,-5.92035,-8.272,-34.6355,0.6402016,
2,38.34,2,15.66075,326.3137,-7.153308,0.4567665,-5.92035,-8.272,-34.6355,0.6402016,
2,38.35,2,15.66532,326.3011,-7.154106,0.4566843,-5.92035,-8.272,-34.6355,0.6402016,
2,38.36,2,15.67164,326.2926,-7.156966,0.4566827,-5.92035,-8.272,-34.6355,0.6402016,
2,38.37,2,15.68342,326.2724,-7.160488,0.4565641,-5.92035,-8.272,-34.6355,0.6402016,
2,38.38,2,15.70718,326.2245,-7.165797,0.4562114,-5.92035,-8.272,-34.6355,0.6402016,
2,38.39,2,15.72977,326.1937,-7.168388,0.4557211,-5.92035,-8.272,-34.6355,0.6402016,
2,38.4,2,15.75188,326.1711,-7.177722,0.4556739,-5.92035,-8.272,-34.6355,0.6402016,
2,38.41,2,15.76933,326.1346,-7.182771,0.4554898,-5.92035,-8.272,-34.6355,0.6402016,
2,38.42,2,15.77628,326.1117,-7.182479,0.4552707,-5.92035,-8.272,-34.6355,0.6402016,
2,38.43,2,15.78295,326.1053,-7.193295,0.4557636,-5.92035,-8.272,-34.6355,0.6402016,
2,38.44,2,15.78328,326.0855,-7.190292,0.455564,-5.92035,-8.272,-34.6355,0.6402016,
2,38.45,2,15.77919,326.0727,-7.191432,0.4557543,-5.92035,-8.272,-34.6355,0.6402016,
2,38.46,2,15.7796,326.0786,-7.193395,0.4558667,-5.92035,-8.272,-34.6355,0.6402016,
2,38.47,2,15.77712,326.0789,-7.189096,0.4556659,-5.92035,-8.272,-34.6355,0.6402016,
2,38.48,2,15.77827,326.0418,-7.19101,0.455754,-5.92035,-8.272,-34.6355,0.6402016,
2,38.49,2,15.78016,326.0435,-7.193201,0.4558382,-5.93195,-8.272,-34.6392,0.643898,
2,38.5,2,15.77782,326.0559,-7.199084,0.4562787,-5.93195,-8.272,-34.6392,0.643898,
2,38.51,2,15.77564,326.0408,-7.200293,0.4564183,-5.93195,-8.272,-34.6392,0.643898,
2,38.52,2,15.77703,326.0088,-7.204074,0.4566178,-5.93195,-8.272,-34.6392,0.643898,
2,38.53,2,15.77637,326.0177,-7.208043,0.4568886,-5.93195,-8.272,-34.6392,0.643898,
2,38.54,2,15.77639,326.0221,-7.202032,0.456507,-5.93195,-8.272,-34.6392,0.643898,
2,38.55,2,15.77696,326.0232,-7.202472,0.4565184,-5.93195,-8.272,-34.6392,0.643898,
2,38.56,2,15.77415,325.9974,-7.199786,0.4564293,-5.93195,-8.272,-34.6392,0.643898,
2,38.57,2,15.77697,325.981,-7.198148,0.4562438,-5.93195,-8.272,-34.6392,0.643898,
2,38.58,2,15.77319,325.9922,-7.201648,0.4565753,-5.93195,-8.272,-34.6392,0.643898,
2,38.59,2,15.77237,325.9645,-7.205767,0.45686,-5.93195,-8.272,-34.6392,0.643898,
2,38.6,2,15.7734,325.963,-7.208354,0.4569941,-5.93195,-8.272,-34.6392,0.643898,
2,38.61,2,15.77834,325.9644,-7.209159,0.4569022,-5.93195,-8.272,-34.6392,0.643898,
2,38.62,2,15.7895,325.9443,-7.212504,0.4567911,-5.93195,-8.272,-34.6392,0.643898,
2,38.63,2,15.80747,325.9243,-7.21665,0.4565341,-5.93195,-8.272,-34.6392,0.643898,
2,38.64,2,15.82715,325.8885,-7.221861,0.4562957,-5.93195,-8.272,-34.6392,0.643898,
2,38.65,2,15.84995,325.8578,-7.228861,0.4560811,-5.93195,-8.272,-34.6392,0.643898,
2,38.66,2,15.87195,325.8487,-7.230172,0.4555314,-5.93195,-8.272,-34.6392,0.643898,
2,38.67,2,15.88101,325.8107,-7.236186,0.4556503,-5.93195,-8.272,-34.6392,0.643898,
2,38.68,2,15.88764,325.7967,-7.235931,0.4554441,-5.93195,-8.272,-34.6392,0.643898,
2,38.69,2,15.88948,325.7733,-7.239801,0.4556347,-5.93195,-8.272,-34.6392,0.643898,
2,38.7,2,15.88746,325.7688,-7.242093,0.4558369,-5.93195,-8.272,-34.6392,0.643898,
2,38.71,2,15.88953,325.7235,-7.244204,0.4559105,-5.93195,-8.272,-34.6392,0.643898,
2,38.72,2,15.88699,325.7493,-7.247161,0.4561695,-5.93195,-8.272,-34.6392,0.643898,
2,38.73,2,15.88615,325.7443,-7.250994,0.456435,-5.93195,-8.272,-34.6392,0.643898,
2,38.74,2,15.88584,325.7076,-7.259177,0.456959,-5.93195,-8.272,-34.6392,0.643898,
2,38.75,2,15.88311,325.7234,-7.259499,0.4570579,-5.93195,-8.272,-34.6392,0.643898,
2,38.76,2,15.88433,325.7703,-7.261981,0.4571789,-5.94245,-8.272,-34.6428,0.6474991,
2,38.77,2,15.8847,325.7322,-7.261846,0.4571598,-5.94245,-8.272,-34.6428,0.6474991,
2,38.78,2,15.88292,325.715,-7.260982,0.4571567,-5.94245,-8.272,-34.6428,0.6474991,
2,38.79,2,15.88222,325.6972,-7.263287,0.4573218,-5.94245,-8.272,-34.6428,0.6474991,
2,38.8,2,15.88303,325.7047,-7.258104,0.4569723,-5.94245,-8.272,-34.6428,0.6474991,
2,38.81,2,15.88261,325.6993,-7.256676,0.4568944,-5.94245,-8.272,-34.6428,0.6474991,
2,38.82,2,15.8802,325.6824,-7.259599,0.4571478,-5.94245,-8.272,-34.6428,0.6474991,
2,38.83,2,15.88214,325.6838,-7.259931,0.4571128,-5.94245,-8.272,-34.6428,0.6474991,
2,38.84,2,15.88212,325.6759,-7.264067,0.457374,-5.94245,-8.272,-34.6428,0.6474991,
2,38.85,2,15.88212,325.6622,-7.268823,0.4576734,-5.94245,-8.272,-34.6428,0.6474991,
2,38.86,2,15.88057,325.677,-7.273027,0.4579827,-5.94245,-8.272,-34.6428,0.6474991,
2,38.87,2,15.88044,325.6639,-7.273185,0.4579964,-5.94245,-8.272,-34.6428,0.6474991,
2,38.88,2,15.88391,325.6638,-7.274962,0.4580083,-5.94245,-8.272,-34.6428,0.6474991,
2,38.89,2,15.89087,325.6402,-7.276372,0.4578965,-5.94245,-8.272,-34.6428,0.6474991,
2,38.9,2,15.91005,325.6068,-7.276116,0.4573282,-5.94245,-8.272,-34.6428,0.6474991,
2,38.91,2,15.93052,325.5814,-7.277335,0.456817,-5.94245,-8.272,-34.6428,0.6474991,
2,38.92,2,15.95555,325.5401,-7.278603,0.45618,-5.94245,-8.272,-34.6428,0.6474991,
2,38.93,2,15.97572,325.539,-7.283385,0.4559035,-5.94245,-8.272,-34.6428,0.6474991,
2,38.94,2,15.98992,325.4822,-7.290307,0.4559314,-5.94245,-8.272,-34.6428,0.6474991,
2,38.95,2,15.99674,325.5244,-7.29459,0.4560048,-5.94245,-8.272,-34.6428,0.6474991,
2,38.96,2,16.00047,325.4533,-7.298982,0.4561728,-5.94245,-8.272,-34.6428,0.6474991,
2,38.97,2,15.99941,325.4447,-7.304403,0.4565421,-5.94245,-8.272,-34.6428,0.6474991,
2,38.98,2,15.99817,325.4523,-7.311343,0.4570112,-5.94245,-8.272,-34.6428,0.6474991,
2,38.99,2,15.99844,325.4415,-7.311632,0.4570215,-5.94245,-8.272,-34.6428,0.6474991,
2,39,2,15.99717,325.4042,-7.316226,0.457345,-5.94245,-8.272,-34.6428,0.6474991,
2,39.01,2,15.99693,325.4282,-7.314159,0.4572226,-5.94245,-8.272,-34.6428,0.6474991,
2,39.02,2,15.99835,325.4316,-7.314299,0.4571909,-5.94245,-8.272,-34.6428,0.6474991,
2,39.03,2,15.99833,325.428,-7.313921,0.4571677,-5.94245,-8.272,-34.6428,0.6474991,
2,39.04,2,15.99634,325.4231,-7.309185,0.4569285,-5.95382,-8.272,-34.6465,0.6511993,
2,39.05,2,15.99565,325.3883,-7.311768,0.4571098,-5.95382,-8.272,-34.6465,0.6511993,
2,39.06,2,15.99565,325.3881,-7.312508,0.4571562,-5.95382,-8.272,-34.6465,0.6511993,
2,39.07,2,15.99421,325.3889,-7.315959,0.457413,-5.95382,-8.272,-34.6465,0.6511993,
2,39.08,2,15.99507,325.3846,-7.32023,0.4576555,-5.95382,-8.272,-34.6465,0.6511993,
2,39.09,2,15.99457,325.3876,-7.321761,0.4577653,-5.95382,-8.272,-34.6465,0.6511993,
2,39.1,2,15.99269,325.3701,-7.325891,0.4580775,-5.95382,-8.272,-34.6465,0.6511993,
2,39.11,2,15.99312,325.3692,-7.326785,0.458121,-5.95382,-8.272,-34.6465,0.6511993,
2,39.12,2,15.99277,325.3549,-7.331883,0.45845,-5.95382,-8.272,-34.6465,0.6511993,
2,39.13,2,15.99307,325.3653,-7.330337,0.4583447,-5.95382,-8.272,-34.6465,0.6511993,
2,39.14,2,15.99212,325.3624,-7.327893,0.4582191,-5.95382,-8.272,-34.6465,0.6511993,
2,39.15,2,15.99336,325.3533,-7.325433,0.4580297,-5.95382,-8.272,-34.6465,0.6511993,
2,39.16,2,15.99191,325.3423,-7.320642,0.4577714,-5.95382,-8.272,-34.6465,0.6511993,
2,39.17,2,15.99775,325.3199,-7.322876,0.4577442,-5.95382,-8.272,-34.6465,0.6511993,
2,39.18,2,16.0085,325.3146,-7.323102,0.4574509,-5.95382,-8.272,-34.6465,0.6511993,
2,39.19,2,16.02234,325.2566,-7.32641,0.4572623,-5.95382,-8.272,-34.6465,0.6511993,
2,39.2,2,16.04777,325.2526,-7.330908,0.4568178,-5.95382,-8.272,-34.6465,0.6511993,
2,39.21,2,16.07166,325.2171,-7.338923,0.4566374,-5.95382,-8.272,-34.6465,0.6511993,
2,39.22,2,16.08909,325.1772,-7.350228,0.4568455,-5.95382,-8.272,-34.6465,0.6511993,
2,39.23,2,16.10525,325.1596,-7.355421,0.4567095,-5.95382,-8.272,-34.6465,0.6511993,
2,39.24,2,16.10967,325.177,-7.361394,0.4569551,-5.95382,-8.272,-34.6465,0.6511993,
2,39.25,2,16.11076,325.1368,-7.365519,0.4571802,-5.95382,-8.272,-34.6465,0.6511993,
2,39.26,2,16.11102,325.1297,-7.363914,0.4570729,-5.95382,-8.272,-34.6465,0.6511993,
2,39.27,2,16.10912,325.1175,-7.363866,0.4571241,-5.95382,-8.272,-34.6465,0.6511993,
2,39.28,2,16.11129,325.1141,-7.362925,0.4570041,-5.95382,-8.272,-34.6465,0.6511993,
2,39.29,2,16.11152,325.1139,-7.365571,0.4571619,-5.95382,-8.272,-34.6465,0.6511993,
2,39.3,2,16.11024,325.1018,-7.367112,0.4572937,-5.95382,-8.272,-34.6465,0.6511993,
2,39.31,2,16.10928,325.0854,-7.365367,0.4572127,-5.95382,-8.272,-34.6465,0.6511993,
2,39.32,2,16.10898,325.0944,-7.371377,0.4575943,-5.95382,-8.272,-34.6465,0.6511993,
2,39.33,2,16.10809,325.0705,-7.373217,0.4577339,-5.96588,-8.272,-34.6502,0.6548996,
2,39.34,2,16.11,325.0816,-7.376473,0.4578817,-5.96588,-8.272,-34.6502,0.6548996,
2,39.35,2,16.10743,325.08,-7.379221,0.4581253,-5.96588,-8.272,-34.6502,0.6548996,
2,39.36,2,16.10636,325.0836,-7.381661,0.4583074,-5.96588,-8.272,-34.6502,0.6548996,
2,39.37,2,16.10987,325.0599,-7.383177,0.4583016,-5.96588,-8.272,-34.6502,0.6548996,
2,39.38,2,16.10546,325.0452,-7.380266,0.4582463,-5.96588,-8.272,-34.6502,0.6548996,
2,39.39,2,16.10701,325.0539,-7.380276,0.4582028,-5.96588,-8.272,-34.6502,0.6548996,
2,39.4,2,16.10773,325.0486,-7.375425,0.4578812,-5.96588,-8.272,-34.6502,0.6548996,
2,39.41,2,16.10511,325.0492,-7.379349,0.4581993,-5.96588,-8.272,-34.6502,0.6548996,
2,39.42,2,16.10857,325.0197,-7.382267,0.4582818,-5.96588,-8.272,-34.6502,0.6548996,
2,39.43,2,16.11431,325.0424,-7.381674,0.4580819,-5.96588,-8.272,-34.6502,0.6548996,
2,39.44,2,16.12623,324.9946,-7.385259,0.4579656,-5.96588,-8.272,-34.6502,0.6548996,
2,39.45,2,16.14826,324.9575,-7.391012,0.457697,-5.96588,-8.272,-34.6502,0.6548996,
2,39.46,2,16.17115,324.9273,-7.39849,0.4575117,-5.96588,-8.272,-34.6502,0.6548996,
2,39.47,2,16.19395,324.9212,-7.403064,0.4571499,-5.96588,-8.272,-34.6502,0.6548996,
2,39.48,2,16.21165,324.8437,-7.41444,0.4573525,-5.96588,-8.272,-34.6502,0.6548996,
2,39.49,2,16.2229,324.8653,-7.415074,0.4570745,-5.96588,-8.272,-34.6502,0.6548996,
2,39.5,2,16.22786,324.8407,-7.41828,0.4571324,-5.96588,-8.272,-34.6502,0.6548996,
2,39.51,2,16.22965,324.8378,-7.418621,0.457103,-5.96588,-8.272,-34.6502,0.6548996,
2,39.52,2,16.22825,324.8307,-7.417135,0.4570508,-5.96588,-8.272,-34.6502,0.6548996,
2,39.53,2,16.22968,324.8148,-7.421101,0.4572548,-5.96588,-8.272,-34.6502,0.6548996,
2,39.54,2,16.22881,324.8085,-7.425049,0.4575227,-5.96588,-8.272,-34.6502,0.6548996,
2,39.55,2,16.22816,324.8016,-7.429631,0.4578233,-5.96588,-8.272,-34.6502,0.6548996,
2,39.56,2,16.22804,324.7864,-7.430714,0.4578936,-5.96588,-8.272,-34.6502,0.6548996,
2,39.57,2,16.22603,324.7885,-7.433615,0.4581289,-5.96588,-8.272,-34.6502,0.6548996,
2,39.58,2,16.22443,324.7784,-7.436165,0.4583312,-5.96588,-8.272,-34.6502,0.6548996,
2,39.59,2,16.22474,324.7563,-7.434669,0.4582304,-5.96588,-8.272,-34.6502,0.6548996,
2,39.6,2,16.22204,324.7714,-7.438941,0.45857,-5.9766,-8.272,-34.6541,0.6587982,
2,39.61,2,16.22377,324.7714,-7.437671,0.4584428,-5.9766,-8.272,-34.6541,0.6587982,
2,39.62,2,16.22536,324.7764,-7.434782,0.4582198,-5.9766,-8.272,-34.6541,0.6587982,
2,39.63,2,16.22263,324.76,-7.43229,0.4581435,-5.9766,-8.272,-34.6541,0.6587982,
2,39.64,2,16.22269,324.7455,-7.428514,0.4579089,-5.9766,-8.272,-34.6541,0.6587982,
2,39.65,2,16.22346,324.7339,-7.430818,0.4580292,-5.9766,-8.272,-34.6541,0.6587982,
2,39.66,2,16.2232,324.7523,-7.430925,0.4580431,-5.9766,-8.272,-34.6541,0.6587982,
2,39.67,2,16.22338,324.6998,-7.432671,0.4581457,-5.9766,-8.272,-34.6541,0.6587982,
2,39.68,2,16.22273,324.7184,-7.434106,0.4582525,-5.9766,-8.272,-34.6541,0.6587982,
2,39.69,2,16.22261,324.7286,-7.437014,0.4584351,-5.9766,-8.272,-34.6541,0.6587982,
2,39.7,2,16.2201,324.7176,-7.441669,0.4587932,-5.9766,-8.272,-34.6541,0.6587982,
2,39.71,2,16.22399,324.6953,-7.441686,0.458684,-5.9766,-8.272,-34.6541,0.6587982,
2,39.72,2,16.23303,324.7103,-7.445961,0.4586919,-5.9766,-8.272,-34.6541,0.6587982,
2,39.73,2,16.24626,324.6614,-7.444366,0.4582202,-5.9766,-8.272,-34.6541,0.6587982,
2,39.74,2,16.26838,324.646,-7.447589,0.4577955,-5.9766,-8.272,-34.6541,0.6587982,
2,39.75,2,16.29183,324.5917,-7.449185,0.4572344,-5.9766,-8.272,-34.6541,0.6587982,
2,39.76,2,16.31225,324.5569,-7.450459,0.4567401,-5.9766,-8.272,-34.6541,0.6587982,
2,39.77,2,16.32847,324.5382,-7.457294,0.4567049,-5.9766,-8.272,-34.6541,0.6587982,
2,39.78,2,16.33951,324.5374,-7.460199,0.4565744,-5.9766,-8.272,-34.6541,0.6587982,
2,39.79,2,16.34183,324.4706,-7.466313,0.4568835,-5.9766,-8.272,-34.6541,0.6587982,
2,39.8,2,16.34315,324.4954,-7.469489,0.4570409,-5.9766,-8.272,-34.6541,0.6587982,
2,39.81,2,16.34353,324.4774,-7.474242,0.4573212,-5.9766,-8.272,-34.6541,0.6587982,
2,39.82,2,16.34261,324.4974,-7.477035,0.4575177,-5.9766,-8.272,-34.6541,0.6587982,
2,39.83,2,16.3424,324.4778,-7.476681,0.4575019,-5.9766,-8.272,-34.6541,0.6587982,
2,39.84,2,16.34069,324.4812,-7.480795,0.4578016,-5.98868,-8.272,-34.6578,0.6624985,
2,39.85,2,16.33938,324.4586,-7.477471,0.457635,-5.98868,-8.272,-34.6578,0.6624985,
2,39.86,2,16.33913,324.4457,-7.476869,0.457605,-5.98868,-8.272,-34.6578,0.6624985,
2,39.87,2,16.33637,324.4548,-7.473032,0.4574476,-5.98868,-8.272,-34.6578,0.6624985,
2,39.88,2,16.33798,324.4383,-7.472967,0.4573985,-5.98868,-8.272,-34.6578,0.6624985,
2,39.89,2,16.33795,324.4293,-7.476451,0.4576125,-5.98868,-8.272,-34.6578,0.6624985,
2,39.9,2,16.3374,324.3983,-7.477294,0.4576795,-5.98868,-8.272,-34.6578,0.6624985,
2,39.91,2,16.33606,324.4258,-7.478715,0.457804,-5.98868,-8.272,-34.6578,0.6624985,
2,39.92,2,16.33596,324.404,-7.478358,0.457785,-5.98868,-8.272,-34.6578,0.6624985,
2,39.93,2,16.33519,324.3794,-7.48226,0.4580456,-5.98868,-8.272,-34.6578,0.6624985,
2,39.94,2,16.33532,324.3833,-7.488388,0.4584169,-5.98868,-8.272,-34.6578,0.6624985,
2,39.95,2,16.33398,324.3912,-7.484135,0.4581942,-5.98868,-8.272,-34.6578,0.6624985,
2,39.96,2,16.3353,324.3708,-7.488853,0.458446,-5.98868,-8.272,-34.6578,0.6624985,
2,39.97,2,16.34064,324.3553,-7.487223,0.4581965,-5.98868,-8.272,-34.6578,0.6624985,
2,39.98,2,16.35037,324.3321,-7.486081,0.4578538,-5.98868,-8.272,-34.6578,0.6624985,
2,39.99,2,16.36755,324.3263,-7.485847,0.457359,-5.98868,-8.272,-34.6578,0.6624985,
2,40,2,16.39235,324.2882,-7.488063,0.4568024,-5.98868,-8.272,-34.6578,0.6624985,
2,40.01,2,16.41368,324.2424,-7.492529,0.4564809,-5.98868,-8.272,-34.6578,0.6624985,
2,40.02,2,16.43209,324.2183,-7.498599,0.4563389,-5.98868,-8.272,-34.6578,0.6624985,
2,40.03,2,16.44415,324.2056,-7.506402,0.4564786,-5.98868,-8.272,-34.6578,0.6624985,
2,40.04,2,16.451,324.172,-7.510836,0.456558,-5.98868,-8.272,-34.6578,0.6624985,
2,40.05,2,16.45462,324.1645,-7.51698,0.4568309,-5.98868,-8.272,-34.6578,0.6624985,
2,40.06,2,16.45496,324.1537,-7.523374,0.4572101,-5.98868,-8.272,-34.6578,0.6624985,
2,40.07,2,16.44968,324.1581,-7.526291,0.4575341,-5.98868,-8.272,-34.6578,0.6624985,
2,40.08,2,16.45414,324.1413,-7.530045,0.4576383,-5.98868,-8.272,-34.6578,0.6624985,
2,40.09,2,16.45201,324.1512,-7.52784,0.4575634,-5.98868,-8.272,-34.6578,0.6624985,
2,40.1,2,16.44955,324.1442,-7.528824,0.4576917,-5.98868,-8.272,-34.6578,0.6624985,
2,40.11,2,16.45217,324.1245,-7.525373,0.4574092,-5.98868,-8.272,-34.6578,0.6624985,
2,40.12,2,16.45271,324.1264,-7.525611,0.4574085,-5.98868,-8.272,-34.6578,0.6624985,
2,40.13,2,16.44908,324.1082,-7.52793,0.4576506,-5.98868,-8.272,-34.6578,0.6624985,
2,40.14,2,16.4498,324.1141,-7.528926,0.4576911,-5.9994,-8.272,-34.6615,0.6661987,
2,40.15,2,16.44847,324.0808,-7.532176,0.4579256,-5.9994,-8.272,-34.6615,0.6661987,
2,40.16,2,16.4477,324.0933,-7.534729,0.4581022,-5.9994,-8.272,-34.6615,0.6661987,
2,40.17,2,16.44561,324.1214,-7.53937,0.4584427,-5.9994,-8.272,-34.6615,0.6661987,
2,40.18,2,16.44446,324.0933,-7.544639,0.4587951,-5.9994,-8.272,-34.6615,0.6661987,
2,40.19,2,16.44501,324.0796,-7.545257,0.4588175,-5.9994,-8.272,-34.6615,0.6661987,
2,40.2,2,16.44561,324.0756,-7.547812,0.458956,-5.9994,-8.272,-34.6615,0.6661987,
2,40.21,2,16.44719,324.0712,-7.546705,0.4588447,-5.9994,-8.272,-34.6615,0.6661987,
2,40.22,2,16.44733,324.0917,-7.546309,0.4588166,-5.9994,-8.272,-34.6615,0.6661987,
2,40.23,2,16.45473,324.0445,-7.545168,0.4585409,-5.9994,-8.272,-34.6615,0.6661987,
2,40.24,2,16.46556,324.0263,-7.5427,0.4580894,-5.9994,-8.272,-34.6615,0.6661987,
2,40.25,2,16.48529,324.0137,-7.545493,0.4577107,-5.9994,-8.272,-34.6615,0.6661987,
2,40.26,2,16.51035,323.9586,-7.551092,0.4573549,-5.9994,-8.272,-34.6615,0.6661987,
2,40.27,2,16.533,323.9357,-7.55847,0.4571747,-5.9994,-8.272,-34.6615,0.6661987,
2,40.28,2,16.54996,323.9007,-7.565497,0.4571308,-5.9994,-8.272,-34.6615,0.6661987,
2,40.29,2,16.5606,323.8967,-7.574567,0.4573847,-5.9994,-8.272,-34.6615,0.6661987,
2,40.3,2,16.56384,323.8689,-7.581896,0.4577378,-5.9994,-8.272,-34.6615,0.6661987,
2,40.31,2,16.56756,323.8588,-7.584602,0.4577983,-5.9994,-8.272,-34.6615,0.6661987,
2,40.32,2,16.56566,323.8546,-7.588362,0.4580778,-5.9994,-8.272,-34.6615,0.6661987,
2,40.33,2,16.56491,323.8516,-7.586234,0.4579701,-5.9994,-8.272,-34.6615,0.6661987,
2,40.34,2,16.56523,323.8391,-7.587834,0.458058,-5.9994,-8.272,-34.6615,0.6661987,
2,40.35,2,16.56218,323.8283,-7.58513,0.4579789,-5.9994,-8.272,-34.6615,0.6661987,
2,40.36,2,16.56473,323.8145,-7.581227,0.4576727,-5.9994,-8.272,-34.6615,0.6661987,
2,40.37,2,16.56333,323.8074,-7.585731,0.4579834,-5.9994,-8.272,-34.6615,0.6661987,
2,40.38,2,16.56238,323.7809,-7.587818,0.4581358,-5.9994,-8.272,-34.6615,0.6661987,
2,40.39,2,16.56368,323.792,-7.587537,0.4580827,-6.0101,-8.272,-34.6652,0.669899,
2,40.4,2,16.56361,323.7879,-7.590475,0.4582621,-6.0101,-8.272,-34.6652,0.669899,
2,40.41,2,16.56151,323.7557,-7.59337,0.4584951,-6.0101,-8.272,-34.6652,0.669899,
2,40.42,2,16.56027,323.7691,-7.597101,0.4587548,-6.0101,-8.272,-34.6652,0.669899,
2,40.43,2,16.56187,323.7849,-7.598169,0.4587747,-6.0101,-8.272,-34.6652,0.669899,
2,40.44,2,16.5621,323.774,-7.601085,0.4589444,-6.0101,-8.272,-34.6652,0.669899,
2,40.45,2,16.55943,323.7647,-7.598877,0.4588852,-6.0101,-8.272,-34.6652,0.669899,
2,40.46,2,16.56108,323.7415,-7.59978,0.458894,-6.0101,-8.272,-34.6652,0.669899,
2,40.47,2,16.55834,323.7654,-7.594339,0.4586412,-6.0101,-8.272,-34.6652,0.669899,
2,40.48,2,16.55843,323.7523,-7.592919,0.458553,-6.0101,-8.272,-34.6652,0.669899,
2,40.49,2,16.55965,323.7346,-7.593907,0.458579,-6.0101,-8.272,-34.6652,0.669899,
2,40.5,2,16.55838,323.7347,-7.597494,0.4588309,-6.0101,-8.272,-34.6652,0.669899,
2,40.51,2,16.56086,323.7393,-7.599871,0.4589056,-6.0101,-8.272,-34.6652,0.669899,
2,40.52,2,16.5697,323.7003,-7.599956,0.4586659,-6.0101,-8.272,-34.6652,0.669899,
2,40.53,2,16.58203,323.6801,-7.604882,0.4586219,-6.0101,-8.272,-34.6652,0.669899,
2,40.54,2,16.60665,323.6552,-7.610676,0.4582908,-6.0101,-8.272,-34.6652,0.669899,
2,40.55,2,16.63005,323.6295,-7.618908,0.4581409,-6.0101,-8.272,-34.6652,0.669899,
2,40.56,2,16.65005,323.5985,-7.626214,0.4580295,-6.0101,-8.272,-34.6652,0.669899,
2,40.57,2,16.66862,323.5524,-7.629004,0.4576867,-6.0101,-8.272,-34.6652,0.669899,
2,40.58,2,16.67754,323.544,-7.63401,0.4577421,-6.0101,-8.272,-34.6652,0.669899,
2,40.59,2,16.67941,323.5241,-7.634015,0.457691,-6.0101,-8.272,-34.6652,0.669899,
2,40.6,2,16.68081,323.5221,-7.635117,0.4577186,-6.0101,-8.272,-34.6652,0.669899,
2,40.61,2,16.68046,323.5087,-7.637605,0.4578774,-6.0101,-8.272,-34.6652,0.669899,
2,40.62,2,16.68064,323.5269,-7.639938,0.4580123,-6.0101,-8.272,-34.6652,0.669899,
2,40.63,2,16.68001,323.4937,-7.644487,0.4583023,-6.0101,-8.272,-34.6652,0.669899,
2,40.64,2,16.67898,323.4897,-7.6457,0.4584034,-6.02217,-8.272,-34.669,0.6736984,
2,40.65,2,16.67926,323.4964,-7.650696,0.4586953,-6.02217,-8.272,-34.669,0.6736984,
2,40.66,2,16.67785,323.5004,-7.654017,0.4589331,-6.02217,-8.272,-34.669,0.6736984,
2,40.67,2,16.674,323.4651,-7.655829,0.4591476,-6.02217,-8.272,-34.669,0.6736984,
2,40.68,2,16.67715,323.4683,-7.656074,0.4590755,-6.02217,-8.272,-34.669,0.6736984,
2,40.69,2,16.67611,323.4873,-7.653906,0.4589744,-6.02217,-8.272,-34.669,0.6736984,
2,40.7,2,16.6744,323.4838,-7.653445,0.4589938,-6.02217,-8.272,-34.669,0.6736984,
2,40.71,2,16.6779,323.4639,-7.649728,0.4586746,-6.02217,-8.272,-34.669,0.6736984,
2,40.72,2,16.6762,323.4396,-7.647995,0.4586172,-6.02217,-8.272,-34.669,0.6736984,
2,40.73,2,16.67329,323.439,-7.651077,0.4588822,-6.02217,-8.272,-34.669,0.6736984,
2,40.74,2,16.675,323.4281,-7.653668,0.4589906,-6.02217,-8.272,-34.669,0.6736984,
2,40.75,2,16.67217,323.4279,-7.657122,0.4592756,-6.02217,-8.272,-34.669,0.6736984,
2,40.76,2,16.67537,323.4271,-7.655866,0.459112,-6.02217,-8.272,-34.669,0.6736984,
2,40.77,2,16.67985,323.4216,-7.662861,0.4594084,-6.02217,-8.272,-34.669,0.6736984,
2,40.78,2,16.68932,323.3983,-7.665267,0.4592919,-6.02217,-8.272,-34.669,0.6736984,
2,40.79,2,16.70646,323.3641,-7.668983,0.4590428,-6.02217,-8.272,-34.669,0.6736984,
2,40.8,2,16.73049,323.3443,-7.673761,0.4586693,-6.02217,-8.272,-34.669,0.6736984,
2,40.81,2,16.75314,323.3164,-7.674747,0.458108,-6.02217,-8.272,-34.669,0.6736984,
2,40.82,2,16.77319,323.2916,-7.679358,0.4578353,-6.02217,-8.272,-34.669,0.6736984,
2,40.83,2,16.78594,323.2726,-7.677886,0.4573998,-6.02217,-8.272,-34.669,0.6736984,
2,40.84,2,16.79044,323.2286,-7.68188,0.4575152,-6.02217,-8.272,-34.669,0.6736984,
2,40.85,2,16.79233,323.2441,-7.685606,0.4576854,-6.02217,-8.272,-34.669,0.6736984,
2,40.86,2,16.78828,323.1842,-7.689486,0.4580271,-6.02217,-8.272,-34.669,0.6736984,
2,40.87,2,16.78913,323.2105,-7.69516,0.4583417,-6.02217,-8.272,-34.669,0.6736984,
2,40.88,2,16.79014,323.2112,-7.695731,0.4583483,-6.02217,-8.272,-34.669,0.6736984,
2,40.89,2,16.78874,323.1996,-7.700225,0.4586542,-6.02217,-8.272,-34.669,0.6736984,
2,40.9,2,16.78834,323.1954,-7.704894,0.458943,-6.02217,-8.272,-34.669,0.6736984,
2,40.91,2,16.78821,323.2431,-7.705276,0.4589696,-6.02217,-8.272,-34.669,0.6736984,
2,40.92,2,16.78849,323.191,-7.706894,0.4590581,-6.02217,-8.272,-34.669,0.6736984,
2,40.93,2,16.78987,323.1765,-7.705633,0.4589455,-6.02217,-8.272,-34.669,0.6736984,
2,40.94,2,16.78656,323.1725,-7.706796,0.4591051,-6.0329,-8.272,-34.6725,0.6772003,
2,40.95,2,16.78761,323.1711,-7.700748,0.4587162,-6.0329,-8.272,-34.6725,0.6772003,
2,40.96,2,16.7882,323.1725,-7.700619,0.4586923,-6.0329,-8.272,-34.6725,0.6772003,
2,40.97,2,16.78584,323.1577,-7.702387,0.4588621,-6.0329,-8.272,-34.6725,0.6772003,
2,40.98,2,16.78463,323.1467,-7.705133,0.4590588,-6.0329,-8.272,-34.6725,0.6772003,
2,40.99,2,16.78359,323.147,-7.707773,0.4592445,-6.0329,-8.272,-34.6725,0.6772003,
2,41,2,16.78212,323.1282,-7.708032,0.4593004,-6.0329,-8.272,-34.6725,0.6772003,
2,41.01,2,16.78893,323.1396,-7.712667,0.4593899,-6.0329,-8.272,-34.6725,0.6772003,
2,41.02,2,16.79912,323.1211,-7.713791,0.4591784,-6.0329,-8.272,-34.6725,0.6772003,
2,41.03,2,16.81589,323.1071,-7.719632,0.4590677,-6.0329,-8.272,-34.6725,0.6772003,
2,41.04,2,16.83855,323.0553,-7.724415,0.4587339,-6.0329,-8.272,-34.6725,0.6772003,
2,41.05,2,16.85965,323.0155,-7.72304,0.4580783,-6.0329,-8.272,-34.6725,0.6772003,
2,41.06,2,16.88226,322.9843,-7.728611,0.4577948,-6.0329,-8.272,-34.6725,0.6772003,
2,41.07,2,16.89716,322.9739,-7.728196,0.4573665,-6.0329,-8.272,-34.6725,0.6772003,
2,41.08,2,16.90251,322.9708,-7.731408,0.4574119,-6.0329,-8.272,-34.6725,0.6772003,
2,41.09,2,16.90689,322.9194,-7.737911,0.457678,-6.0329,-8.272,-34.6725,0.6772003,
2,41.1,2,16.90428,322.987,-7.741796,0.4579786,-6.0329,-8.272,-34.6725,0.6772003,
2,41.11,2,16.90272,322.9235,-7.745323,0.4582293,-6.0329,-8.272,-34.6725,0.6772003,
2,41.12,2,16.90194,322.9139,-7.747696,0.458391,-6.0329,-8.272,-34.6725,0.6772003,
2,41.13,2,16.90419,322.9156,-7.753353,0.4586645,-6.0329,-8.272,-34.6725,0.6772003,
2,41.14,2,16.90308,322.9069,-7.756193,0.4588627,-6.04292,-8.272,-34.6762,0.6809006,
2,41.15,2,16.89978,322.8809,-7.760321,0.4591965,-6.04292,-8.272,-34.6762,0.6809006,
2,41.16,2,16.90057,322.8993,-7.758622,0.4590747,-6.04292,-8.272,-34.6762,0.6809006,
2,41.17,2,16.90094,322.9006,-7.757136,0.4589765,-6.04292,-8.272,-34.6762,0.6809006,
2,41.18,2,16.90146,322.8979,-7.759836,0.4591222,-6.04292,-8.272,-34.6762,0.6809006,
2,41.19,2,16.89773,322.884,-7.752815,0.458808,-6.04292,-8.272,-34.6762,0.6809006,
2,41.2,2,16.90051,322.8604,-7.753988,0.4588019,-6.04292,-8.272,-34.6762,0.6809006,
2,41.21,2,16.90149,322.8581,-7.753914,0.4587712,-6.04292,-8.272,-34.6762,0.6809006,
2,41.22,2,16.89843,322.8556,-7.758252,0.4591107,-6.04292,-8.272,-34.6762,0.6809006,
2,41.23,2,16.89858,322.849,-7.761805,0.4593169,-6.04292,-8.272,-34.6762,0.6809006,
2,41.24,2,16.89898,322.8614,-7.761096,0.4592641,-6.04292,-8.272,-34.6762,0.6809006,
2,41.25,2,16.89755,322.839,-7.765899,0.4595873,-6.04292,-8.272,-34.6762,0.6809006,
2,41.26,2,16.89927,322.833,-7.765615,0.4595237,-6.04292,-8.272,-34.6762,0.6809006,
2,41.27,2,16.90554,322.819,-7.769451,0.4595802,-6.04292,-8.272,-34.6762,0.6809006,
2,41.28,2,16.9179,322.8092,-7.769296,0.4592353,-6.04292,-8.272,-34.6762,0.6809006,
2,41.29,2,16.93987,322.783,-7.768886,0.4586153,-6.04292,-8.272,-34.6762,0.6809006,
2,41.3,2,16.96396,322.7463,-7.771595,0.4581239,-6.04292,-8.272,-34.6762,0.6809006,
2,41.31,2,16.98196,322.7178,-7.772376,0.4576842,-6.04292,-8.272,-34.6762,0.6809006,
2,41.32,2,16.99851,322.6698,-7.777797,0.4575576,-6.04292,-8.272,-34.6762,0.6809006,
2,41.33,2,17.00794,322.6741,-7.783918,0.4576637,-6.04292,-8.272,-34.6762,0.6809006,
2,41.34,2,17.01031,322.618,-7.789557,0.4579316,-6.04292,-8.272,-34.6762,0.6809006,
2,41.35,2,17.00989,322.6354,-7.794367,0.4582255,-6.04292,-8.272,-34.6762,0.6809006,
2,41.36,2,17.00792,322.6354,-7.799129,0.4585586,-6.04292,-8.272,-34.6762,0.6809006,
2,41.37,2,17.00769,322.6216,-7.803592,0.4588272,-6.04292,-8.272,-34.6762,0.6809006,
2,41.38,2,17.00831,322.6105,-7.80562,0.4589297,-6.04292,-8.272,-34.6762,0.6809006,
2,41.39,2,17.00505,322.633,-7.809473,0.4592443,-6.04292,-8.272,-34.6762,0.6809006,
2,41.4,2,17.00831,322.5969,-7.803374,0.4587976,-6.04292,-8.272,-34.6762,0.6809006,
2,41.41,2,17.00638,322.5975,-7.801953,0.4587663,-6.05365,-8.272,-34.6796,0.6842995,
2,41.42,2,17.00588,322.589,-7.799931,0.4586609,-6.05365,-8.272,-34.6796,0.6842995,
2,41.43,2,17.00393,322.5768,-7.796415,0.4585067,-6.05365,-8.272,-34.6796,0.6842995,
2,41.44,2,17.00453,322.5741,-7.797193,0.4585363,-6.05365,-8.272,-34.6796,0.6842995,
2,41.45,2,17.00446,322.5665,-7.796864,0.4585189,-6.05365,-8.272,-34.6796,0.6842995,
2,41.46,2,17.00446,322.5482,-7.803991,0.458938,-6.05365,-8.272,-34.6796,0.6842995,
2,41.47,2,17.00345,322.5572,-7.808124,0.4592081,-6.05365,-8.272,-34.6796,0.6842995,
2,41.48,2,17.005,322.5364,-7.810566,0.45931,-6.05365,-8.272,-34.6796,0.6842995,
2,41.49,2,17.00492,322.5494,-7.813654,0.4594938,-6.05365,-8.272,-34.6796,0.6842995,
2,41.5,2,17.00469,322.5496,-7.814664,0.4595594,-6.05365,-8.272,-34.6796,0.6842995,
2,41.51,2,17.0022,322.5418,-7.819683,0.4599217,-6.05365,-8.272,-34.6796,0.6842995,
2,41.52,2,17.00471,322.5332,-7.821005,0.4599316,-6.05365,-8.272,-34.6796,0.6842995,
2,41.53,2,17.01254,322.4992,-7.816953,0.4594817,-6.05365,-8.272,-34.6796,0.6842995,
2,41.54,2,17.03192,322.4882,-7.817335,0.4589814,-6.05365,-8.272,-34.6796,0.6842995,
2,41.55,2,17.05269,322.4674,-7.817301,0.4584205,-6.05365,-8.272,-34.6796,0.6842995,
2,41.56,2,17.07684,322.4266,-7.823567,0.458139,-6.05365,-8.272,-34.6796,0.6842995,
2,41.57,2,17.09463,322.3753,-7.826304,0.4578224,-6.05365,-8.272,-34.6796,0.6842995,
2,41.58,2,17.1057,322.3941,-7.835893,0.4580866,-6.05365,-8.272,-34.6796,0.6842995,
2,41.59,2,17.11276,322.3452,-7.842798,0.4583012,-6.05365,-8.272,-34.6796,0.6842995,
2,41.6,2,17.11441,322.3293,-7.848186,0.4585718,-6.05365,-8.272,-34.6796,0.6842995,
2,41.61,2,17.11534,322.3294,-7.856026,0.4590049,-6.05365,-8.272,-34.6796,0.6842995,
2,41.62,2,17.11583,322.3303,-7.857549,0.4590808,-6.05365,-8.272,-34.6796,0.6842995,
2,41.63,2,17.11292,322.2988,-7.862269,0.4594348,-6.05365,-8.272,-34.6796,0.6842995,
2,41.64,2,17.11322,322.3291,-7.861096,0.4593581,-6.05365,-8.272,-34.6796,0.6842995,
2,41.65,2,17.11257,322.3059,-7.860434,0.4593368,-6.05365,-8.272,-34.6796,0.6842995,
2,41.66,2,17.11258,322.3207,-7.860006,0.4593115,-6.05365,-8.272,-34.6796,0.6842995,
2,41.67,2,17.11374,322.2997,-7.856573,0.4590799,-6.05365,-8.272,-34.6796,0.6842995,
2,41.68,2,17.1121,322.2838,-7.859433,0.4592909,-6.05365,-8.272,-34.6796,0.6842995,
2,41.69,2,17.11274,322.2775,-7.857975,0.4591886,-6.06437,-8.272,-34.6831,0.6878014,
2,41.7,2,17.11151,322.2838,-7.860265,0.4593554,-6.06437,-8.272,-34.6831,0.6878014,
2,41.71,2,17.10956,322.2822,-7.864152,0.4596349,-6.06437,-8.272,-34.6831,0.6878014,
2,41.72,2,17.11193,322.2631,-7.861814,0.4594348,-6.06437,-8.272,-34.6831,0.6878014,
2,41.73,2,17.10922,322.2464,-7.865669,0.4597327,-6.06437,-8.272,-34.6831,0.6878014,
2,41.74,2,17.11022,322.2416,-7.861089,0.4594381,-6.06437,-8.272,-34.6831,0.6878014,
2,41.75,2,17.10929,322.2454,-7.865187,0.4597026,-6.06437,-8.272,-34.6831,0.6878014,
2,41.76,2,17.1079,322.2329,-7.863654,0.4596505,-6.06437,-8.272,-34.6831,0.6878014,
2,41.77,2,17.10699,322.2345,-7.857232,0.4592995,-6.06437,-8.272,-34.6831,0.6878014,
2,41.78,2,17.11475,322.201,-7.854925,0.4589564,-6.06437,-8.272,-34.6831,0.6878014,
2,41.79,2,17.12598,322.1959,-7.850423,0.4583927,-6.06437,-8.272,-34.6831,0.6878014,
2,41.8,2,17.14537,322.1523,-7.852636,0.4580033,-6.06437,-8.272,-34.6831,0.6878014,
2,41.81,2,17.16953,322.1257,-7.854433,0.4574636,-6.06437,-8.272,-34.6831,0.6878014,
2,41.82,2,17.1918,322.0532,-7.86252,0.4573413,-6.06437,-8.272,-34.6831,0.6878014,
2,41.83,2,17.21064,322.0468,-7.870156,0.4572842,-6.06437,-8.272,-34.6831,0.6878014,
2,41.84,2,17.2219,322.0448,-7.876249,0.4573392,-6.06437,-8.272,-34.6831,0.6878014,
2,41.85,2,17.22301,322.0122,-7.8856,0.4578525,-6.06437,-8.272,-34.6831,0.6878014,
2,41.86,2,17.2257,321.9943,-7.888764,0.4579649,-6.06437,-8.272,-34.6831,0.6878014,
2,41.87,2,17.22773,322.0015,-7.892499,0.4581278,-6.06437,-8.272,-34.6831,0.6878014,
2,41.88,2,17.22455,321.9731,-7.891596,0.4581598,-6.06437,-8.272,-34.6831,0.6878014,
2,41.89,2,17.2239,321.9986,-7.895983,0.4584318,-6.06437,-8.272,-34.6831,0.6878014,
2,41.9,2,17.22367,321.9597,-7.89406,0.4583261,-6.06437,-8.272,-34.6831,0.6878014,
2,41.91,2,17.22173,321.9346,-7.889473,0.4581116,-6.06437,-8.272,-34.6831,0.6878014,
2,41.92,2,17.22219,321.944,-7.894444,0.4583879,-6.06437,-8.272,-34.6831,0.6878014,
2,41.93,2,17.22228,321.9265,-7.891179,0.4581959,-6.06437,-8.272,-34.6831,0.6878014,
2,41.94,2,17.2215,321.9059,-7.898257,0.4586277,-6.06437,-8.272,-34.6831,0.6878014,
2,41.95,2,17.22129,321.9131,-7.901472,0.45882,-6.0751,-8.272,-34.6867,0.6913986,
2,41.96,2,17.21976,321.8972,-7.903277,0.4589655,-6.0751,-8.272,-34.6867,0.6913986,
2,41.97,2,17.22041,321.9056,-7.903964,0.4589881,-6.0751,-8.272,-34.6867,0.6913986,
2,41.98,2,17.21708,321.8893,-7.90742,0.4592776,-6.0751,-8.272,-34.6867,0.6913986,
2,41.99,2,17.21924,321.8902,-7.910624,0.4594062,-6.0751,-8.272,-34.6867,0.6913986,
2,42,2,17.21757,321.8838,-7.909998,0.4594144,-6.0751,-8.272,-34.6867,0.6913986,
2,42.01,2,17.2169,321.8552,-7.908041,0.4593186,-6.0751,-8.272,-34.6867,0.6913986,
2,42.02,2,17.21814,321.8598,-7.902896,0.4589866,-6.0751,-8.272,-34.6867,0.6913986,
2,42.03,2,17.21615,321.8582,-7.901765,0.458974,-6.0751,-8.272,-34.6867,0.6913986,
2,42.04,2,17.2159,321.8468,-7.902477,0.4590221,-6.0751,-8.272,-34.6867,0.6913986,
2,42.05,2,17.21278,321.8269,-7.905413,0.4592758,-6.0751,-8.272,-34.6867,0.6913986,
2,42.06,2,17.21633,321.8421,-7.909625,0.4594257,-6.0751,-8.272,-34.6867,0.6913986,
2,42.07,2,17.22363,321.8049,-7.9121,0.4593746,-6.0751,-8.272,-34.6867,0.6913986,
2,42.08,2,17.23491,321.7776,-7.916128,0.4593076,-6.0751,-8.272,-34.6867,0.6913986,
2,42.09,2,17.25802,321.7526,-7.921108,0.4589812,-6.0751,-8.272,-34.6867,0.6913986,
2,42.1,2,17.28045,321.7199,-7.926636,0.4587055,-6.0751,-8.272,-34.6867,0.6913986,
2,42.11,2,17.30603,321.6893,-7.93499,0.4585101,-6.0751,-8.272,-34.6867,0.6913986,
2,42.12,2,17.32205,321.6725,-7.936425,0.4581689,-6.0751,-8.272,-34.6867,0.6913986,
2,42.13,2,17.33048,321.6266,-7.938708,0.4580779,-6.0751,-8.272,-34.6867,0.6913986,
2,42.14,2,17.33372,321.642,-7.941032,0.4581264,-6.0751,-8.272,-34.6867,0.6913986,
2,42.15,2,17.33438,321.629,-7.943914,0.4582751,-6.0751,-8.272,-34.6867,0.6913986,
2,42.16,2,17.33344,321.6137,-7.949369,0.4586148,-6.0751,-8.272,-34.6867,0.6913986,
2,42.17,2,17.3316,321.603,-7.950436,0.4587249,-6.0751,-8.272,-34.6867,0.6913986,
2,42.18,2,17.33302,321.6051,-7.955302,0.4589681,-6.0751,-8.272,-34.6867,0.6913986,
2,42.19,2,17.33125,321.5896,-7.958454,0.4591967,-6.0751,-8.272,-34.6867,0.6913986,
2,42.2,2,17.32963,321.5705,-7.963291,0.4595188,-6.0751,-8.272,-34.6867,0.6913986,
2,42.21,2,17.33222,321.5741,-7.967139,0.4596722,-6.08715,-8.272,-34.6903,0.6949997,
2,42.22,2,17.32961,321.5814,-7.966601,0.4597104,-6.08715,-8.272,-34.6903,0.6949997,
2,42.23,2,17.33044,321.5659,-7.969812,0.4598736,-6.08715,-8.272,-34.6903,0.6949997,
2,42.24,2,17.33075,321.5611,-7.974489,0.4601352,-6.08715,-8.272,-34.6903,0.6949997,
2,42.25,2,17.33021,321.5732,-7.968809,0.4598219,-6.08715,-8.272,-34.6903,0.6949997,
2,42.26,2,17.33043,321.5457,-7.967267,0.4597271,-6.08715,-8.272,-34.6903,0.6949997,
2,42.27,2,17.32699,321.5533,-7.969499,0.4599471,-6.08715,-8.272,-34.6903,0.6949997,
2,42.28,2,17.32806,321.5443,-7.967167,0.4597842,-6.08715,-8.272,-34.6903,0.6949997,
2,42.29,2,17.3274,321.5468,-7.967172,0.4598019,-6.08715,-8.272,-34.6903,0.6949997,
2,42.3,2,17.32946,321.5164,-7.972253,0.4600405,-6.08715,-8.272,-34.6903,0.6949997,
2,42.31,2,17.32646,321.526,-7.975426,0.4603032,-6.08715,-8.272,-34.6903,0.6949997,
2,42.32,2,17.33108,321.5485,-7.980188,0.4604552,-6.08715,-8.272,-34.6903,0.6949997,
2,42.33,2,17.34186,321.5127,-7.981198,0.4602275,-6.08715,-8.272,-34.6903,0.6949997,
2,42.34,2,17.3601,321.4785,-7.983608,0.4598827,-6.08715,-8.272,-34.6903,0.6949997,
2,42.35,2,17.38339,321.4466,-7.987388,0.4594839,-6.08715,-8.272,-34.6903,0.6949997,
2,42.36,2,17.40628,321.4126,-7.987514,0.4588869,-6.08715,-8.272,-34.6903,0.6949997,
2,42.37,2,17.4275,321.4044,-7.991845,0.4585766,-6.08715,-8.272,-34.6903,0.6949997,
2,42.38,2,17.44109,321.3576,-7.993474,0.4583128,-6.08715,-8.272,-34.6903,0.6949997,
2,42.39,2,17.44598,321.3283,-7.997915,0.4584389,-6.08715,-8.272,-34.6903,0.6949997,
2,42.4,2,17.44724,321.325,-8.004031,0.4587563,-6.08715,-8.272,-34.6903,0.6949997,
2,42.41,2,17.44906,321.3127,-8.009034,0.4589951,-6.08715,-8.272,-34.6903,0.6949997,
2,42.42,2,17.44497,321.3047,-8.018907,0.4596687,-6.08715,-8.272,-34.6903,0.6949997,
2,42.43,2,17.44655,321.3055,-8.017738,0.4595602,-6.08715,-8.272,-34.6903,0.6949997,
2,42.44,2,17.44572,321.309,-8.022949,0.4598807,-6.08715,-8.272,-34.6903,0.6949997,
2,42.45,2,17.44404,321.3058,-8.028237,0.4602282,-6.08715,-8.272,-34.6903,0.6949997,
2,42.46,2,17.44572,321.3006,-8.030321,0.4603033,-6.08715,-8.272,-34.6903,0.6949997,
2,42.47,2,17.44483,321.293,-8.034636,0.4605741,-6.09788,-8.272,-34.6938,0.6985016,
2,42.48,2,17.4457,321.2964,-8.031432,0.4603675,-6.09788,-8.272,-34.6938,0.6985016,
2,42.49,2,17.44563,321.2785,-8.032631,0.4604381,-6.09788,-8.272,-34.6938,0.6985016,
2,42.5,2,17.44522,321.2818,-8.027388,0.4601481,-6.09788,-8.272,-34.6938,0.6985016,
2,42.51,2,17.44452,321.2651,-8.029799,0.4603049,-6.09788,-8.272,-34.6938,0.6985016,
2,42.52,2,17.44199,321.2765,-8.03644,0.4607526,-6.09788,-8.272,-34.6938,0.6985016,
2,42.53,2,17.44121,321.2358,-8.032414,0.4605423,-6.09788,-8.272,-34.6938,0.6985016,
2,42.54,2,17.43997,321.2503,-8.032926,0.4606044,-6.09788,-8.272,-34.6938,0.6985016,
2,42.55,2,17.44152,321.2419,-8.0345,0.4606536,-6.09788,-8.272,-34.6938,0.6985016,
2,42.56,2,17.44323,321.2185,-8.039195,0.4608776,-6.09788,-8.272,-34.6938,0.6985016,
2,42.57,2,17.45235,321.2126,-8.042919,0.4608503,-6.09788,-8.272,-34.6938,0.6985016,
2,42.58,2,17.46976,321.215,-8.046078,0.4605719,-6.09788,-8.272,-34.6938,0.6985016,
2,42.59,2,17.49159,321.1757,-8.050352,0.4602412,-6.09788,-8.272,-34.6938,0.6985016,
2,42.6,2,17.51353,321.1406,-8.052959,0.4598137,-6.09788,-8.272,-34.6938,0.6985016,
2,42.61,2,17.53786,321.0847,-8.056107,0.4593552,-6.09788,-8.272,-34.6938,0.6985016,
2,42.62,2,17.55221,321.0809,-8.056917,0.4590257,-6.09788,-8.272,-34.6938,0.6985016,
2,42.63,2,17.55763,321.0662,-8.059039,0.4590049,-6.09788,-8.272,-34.6938,0.6985016,
2,42.64,2,17.55829,321.0565,-8.06514,0.459335,-6.09788,-8.272,-34.6938,0.6985016,
2,42.65,2,17.55756,321.039,-8.069164,0.4595835,-6.09788,-8.272,-34.6938,0.6985016,
2,42.66,2,17.56006,321.031,-8.071573,0.4596551,-6.09788,-8.272,-34.6938,0.6985016,
2,42.67,2,17.55909,321.0194,-8.071354,0.459668,-6.09788,-8.272,-34.6938,0.6985016,
2,42.68,2,17.55773,321.0112,-8.077032,0.4600272,-6.09788,-8.272,-34.6938,0.6985016,
2,42.69,2,17.55684,321.0084,-8.078398,0.4601281,-6.09788,-8.272,-34.6938,0.6985016,
2,42.7,2,17.55615,321.0111,-8.079119,0.4601875,-6.09788,-8.272,-34.6938,0.6985016,
2,42.71,2,17.55576,320.9867,-8.080522,0.4602776,-6.09788,-8.272,-34.6938,0.6985016,
2,42.72,2,17.55342,320.9809,-8.077604,0.4601728,-6.10792,-8.272,-34.6974,0.7020988,
2,42.73,2,17.55547,320.984,-8.078194,0.4601524,-6.10792,-8.272,-34.6974,0.7020988,
2,42.74,2,17.55513,320.9663,-8.075424,0.4600036,-6.10792,-8.272,-34.6974,0.7020988,
2,42.75,2,17.55493,320.9777,-8.076162,0.460051,-6.10792,-8.272,-34.6974,0.7020988,
2,42.76,2,17.55441,320.9473,-8.076447,0.4600809,-6.10792,-8.272,-34.6974,0.7020988,
2,42.77,2,17.55361,320.9786,-8.077831,0.4601807,-6.10792,-8.272,-34.6974,0.7020988,
2,42.78,2,17.55248,320.9429,-8.07977,0.4603207,-6.10792,-8.272,-34.6974,0.7020988,
2,42.79,2,17.55305,320.934,-8.081147,0.4603843,-6.10792,-8.272,-34.6974,0.7020988,
2,42.8,2,17.55072,320.9375,-8.08781,0.4608248,-6.10792,-8.272,-34.6974,0.7020988,
2,42.81,2,17.55157,320.9337,-8.089296,0.4608874,-6.10792,-8.272,-34.6974,0.7020988,
2,42.82,2,17.56027,320.8871,-8.090155,0.4607078,-6.10792,-8.272,-34.6974,0.7020988,
2,42.83,2,17.56949,320.9074,-8.090416,0.4604809,-6.10792,-8.272,-34.6974,0.7020988,
2,42.84,2,17.59018,320.8745,-8.091129,0.4599799,-6.10792,-8.272,-34.6974,0.7020988,
2,42.85,2,17.61346,320.8522,-8.094938,0.4595882,-6.10792,-8.272,-34.6974,0.7020988,
2,42.86,2,17.63509,320.8053,-8.094759,0.4590142,-6.10792,-8.272,-34.6974,0.7020988,
2,42.87,2,17.65216,320.7642,-8.099634,0.4588466,-6.10792,-8.272,-34.6974,0.7020988,
2,42.88,2,17.66257,320.7513,-8.10514,0.4588878,-6.10792,-8.272,-34.6974,0.7020988,
2,42.89,2,17.6646,320.7337,-8.107005,0.4589409,-6.10792,-8.272,-34.6974,0.7020988,
2,42.9,2,17.66847,320.7214,-8.111485,0.4590938,-6.10792,-8.272,-34.6974,0.7020988,
2,42.91,2,17.66597,320.7316,-8.112041,0.4591904,-6.10792,-8.272,-34.6974,0.7020988,
2,42.92,2,17.66572,320.7017,-8.116815,0.459467,-6.10792,-8.272,-34.6974,0.7020988,
2,42.93,2,17.66479,320.6985,-8.120151,0.45968,-6.10792,-8.272,-34.6974,0.7020988,
2,42.94,2,17.66118,320.6918,-8.127839,0.4602093,-6.10792,-8.272,-34.6974,0.7020988,
2,42.95,2,17.66397,320.6917,-8.130364,0.4602797,-6.10792,-8.272,-34.6974,0.7020988,
2,42.96,2,17.66166,320.7003,-8.12917,0.4602722,-6.11865,-8.272,-34.7008,0.7055016,
2,42.97,2,17.66327,320.6907,-8.127729,0.4601485,-6.11865,-8.272,-34.7008,0.7055016,
2,42.98,2,17.66421,320.6722,-8.122274,0.4598153,-6.11865,-8.272,-34.7008,0.7055016,
2,42.99,2,17.66305,320.6362,-8.124585,0.4599763,-6.11865,-8.272,-34.7008,0.7055016,
2,43,2,17.66213,320.6543,-8.12661,0.4601148,-6.11865,-8.272,-34.7008,0.7055016,
2,43.01,2,17.66141,320.5906,-8.128067,0.4602162,-6.11865,-8.272,-34.7008,0.7055016,
2,43.02,2,17.66038,320.6356,-8.129985,0.4603516,-6.11865,-8.272,-34.7008,0.7055016,
2,43.03,2,17.6638,320.6202,-8.131938,0.460373,-6.11865,-8.272,-34.7008,0.7055016,
2,43.04,2,17.66107,320.6234,-8.140849,0.4609489,-6.11865,-8.272,-34.7008,0.7055016,
2,43.05,2,17.65811,320.621,-8.143497,0.461176,-6.11865,-8.272,-34.7008,0.7055016,
2,43.06,2,17.6598,320.6509,-8.146247,0.4612877,-6.11865,-8.272,-34.7008,0.7055016,
2,43.07,2,17.66462,320.6136,-8.14354,0.4610086,-6.11865,-8.272,-34.7008,0.7055016,
2,43.08,2,17.66995,320.601,-8.143934,0.4608918,-6.11865,-8.272,-34.7008,0.7055016,
2,43.09,2,17.68595,320.5741,-8.146993,0.4606479,-6.11865,-8.272,-34.7008,0.7055016,
2,43.1,2,17.70687,320.5535,-8.144278,0.4599503,-6.11865,-8.272,-34.7008,0.7055016,
2,43.11,2,17.72976,320.5219,-8.15309,0.4598533,-6.11865,-8.272,-34.7008,0.7055016,
2,43.12,2,17.7473,320.4759,-8.160385,0.4598099,-6.11865,-8.272,-34.7008,0.7055016,
2,43.13,2,17.76127,320.4558,-8.167788,0.4598651,-6.11865,-8.272,-34.7008,0.7055016,
2,43.14,2,17.76921,320.4529,-8.17368,0.4599912,-6.11865,-8.272,-34.7008,0.7055016,
2,43.15,2,17.77163,320.4323,-8.176393,0.4600812,-6.11865,-8.272,-34.7008,0.7055016,
2,43.16,2,17.76867,320.441,-8.182148,0.4604816,-6.11865,-8.272,-34.7008,0.7055016,
2,43.17,2,17.76991,320.4368,-8.184712,0.4605938,-6.11865,-8.272,-34.7008,0.7055016,
2,43.18,2,17.768,320.4398,-8.186584,0.4607486,-6.11865,-8.272,-34.7008,0.7055016,
2,43.19,2,17.76886,320.4228,-8.190962,0.4609729,-6.12937,-8.272,-34.7042,0.7089005,
2,43.2,2,17.76836,320.4107,-8.190358,0.4609517,-6.12937,-8.272,-34.7042,0.7089005,
2,43.21,2,17.76761,320.4158,-8.189758,0.4609374,-6.12937,-8.272,-34.7042,0.7089005,
2,43.22,2,17.76717,320.4007,-8.185961,0.4607353,-6.12937,-8.272,-34.7042,0.7089005,
2,43.23,2,17.76735,320.412,-8.190752,0.4610003,-6.12937,-8.272,-34.7042,0.7089005,
2,43.24,2,17.76693,320.383,-8.191744,0.4610669,-6.12937,-8.272,-34.7042,0.7089005,
2,43.25,2,17.76562,320.4319,-8.196491,0.4613681,-6.12937,-8.272,-34.7042,0.7089005,
2,43.26,2,17.76686,320.3924,-8.200171,0.4615431,-6.12937,-8.272,-34.7042,0.7089005,
2,43.27,2,17.76509,320.3792,-8.202354,0.4617119,-6.12937,-8.272,-34.7042,0.7089005,
2,43.28,2,17.76358,320.3774,-8.209422,0.4621491,-6.12937,-8.272,-34.7042,0.7089005,
2,43.29,2,17.76504,320.3782,-8.211896,0.4622504,-6.12937,-8.272,-34.7042,0.7089005,
2,43.3,2,17.76659,320.3568,-8.214407,0.4623514,-6.12937,-8.272,-34.7042,0.7089005,
2,43.31,2,17.76987,320.3728,-8.211855,0.4621225,-6.12937,-8.272,-34.7042,0.7089005,
2,43.32,2,17.77644,320.3605,-8.208565,0.4617666,-6.12937,-8.272,-34.7042,0.7089005,
2,43.33,2,17.79125,320.344,-8.207585,0.461327,-6.12937,-8.272,-34.7042,0.7089005,
2,43.34,2,17.81453,320.3134,-8.205243,0.4605927,-6.12937,-8.272,-34.7042,0.7089005,
2,43.35,2,17.83717,320.2637,-8.21075,0.460317,-6.12937,-8.272,-34.7042,0.7089005,
2,43.36,2,17.85824,320.2434,-8.219032,0.4602375,-6.12937,-8.272,-34.7042,0.7089005,
2,43.37,2,17.8696,320.2294,-8.224791,0.4602671,-6.12937,-8.272,-34.7042,0.7089005,
2,43.38,2,17.87582,320.2091,-8.233068,0.4605702,-6.12937,-8.272,-34.7042,0.7089005,
2,43.39,2,17.87701,320.2084,-8.238229,0.460828,-6.12937,-8.272,-34.7042,0.7089005,
2,43.4,2,17.87661,320.1855,-8.2421,0.4610549,-6.12937,-8.272,-34.7042,0.7089005,
2,43.41,2,17.87647,320.1904,-8.242615,0.4610875,-6.12937,-8.272,-34.7042,0.7089005,
2,43.42,2,17.87578,320.1854,-8.248246,0.4614201,-6.12937,-8.272,-34.7042,0.7089005,
2,43.43,2,17.87338,320.1738,-8.247585,0.4614453,-6.1381,-8.272,-34.7075,0.7122002,
2,43.44,2,17.87361,320.1893,-8.24451,0.4612671,-6.1381,-8.272,-34.7075,0.7122002,
2,43.45,2,17.87232,320.1754,-8.243568,0.4612479,-6.1381,-8.272,-34.7075,0.7122002,
2,43.46,2,17.87343,320.154,-8.240648,0.4610559,-6.1381,-8.272,-34.7075,0.7122002,
2,43.47,2,17.87148,320.1397,-8.240522,0.4610991,-6.1381,-8.272,-34.7075,0.7122002,
2,43.48,2,17.87328,320.1609,-8.240937,0.4610759,-6.1381,-8.272,-34.7075,0.7122002,
2,43.49,2,17.87231,320.0976,-8.240859,0.4610966,-6.1381,-8.272,-34.7075,0.7122002,
2,43.5,2,17.87121,320.124,-8.243344,0.4612639,-6.1381,-8.272,-34.7075,0.7122002,
2,43.51,2,17.87197,320.1257,-8.246062,0.4613965,-6.1381,-8.272,-34.7075,0.7122002,
2,43.52,2,17.87234,320.1413,-8.253078,0.4617793,-6.1381,-8.272,-34.7075,0.7122002,
2,43.53,2,17.87082,320.0921,-8.253929,0.4618664,-6.1381,-8.272,-34.7075,0.7122002,
2,43.54,2,17.86998,320.1096,-8.25677,0.4620469,-6.1381,-8.272,-34.7075,0.7122002,
2,43.55,2,17.87193,320.0888,-8.256266,0.4619684,-6.1381,-8.272,-34.7075,0.7122002,
2,43.56,2,17.88173,320.0963,-8.251714,0.4614606,-6.1381,-8.272,-34.7075,0.7122002,
2,43.57,2,17.89667,320.0482,-8.250607,0.4610135,-6.1381,-8.272,-34.7075,0.7122002,
2,43.58,2,17.91964,320.0133,-8.249748,0.4603746,-6.1381,-8.272,-34.7075,0.7122002,
2,43.59,2,17.94299,319.9955,-8.252897,0.4599511,-6.1381,-8.272,-34.7075,0.7122002,
2,43.6,2,17.96257,319.9543,-8.258076,0.4597379,-6.1381,-8.272,-34.7075,0.7122002,
2,43.61,2,17.97503,319.9282,-8.267648,0.4599518,-6.1381,-8.272,-34.7075,0.7122002,
2,43.62,2,17.98045,319.9204,-8.273367,0.4601312,-6.1381,-8.272,-34.7075,0.7122002,
2,43.63,2,17.98379,319.9005,-8.276915,0.4602432,-6.1381,-8.272,-34.7075,0.7122002,
2,43.64,2,17.98126,319.9111,-8.283504,0.4606741,-6.1381,-8.272,-34.7075,0.7122002,
2,43.65,2,17.98093,319.914,-8.283051,0.4606574,-6.1381,-8.272,-34.7075,0.7122002,
2,43.66,2,17.98139,319.8917,-8.289165,0.4609857,-6.1381,-8.272,-34.7075,0.7122002,
2,43.67,2,17.98125,319.8964,-8.287663,0.4609057,-6.1381,-8.272,-34.7075,0.7122002,
2,43.68,2,17.97768,319.8649,-8.287572,0.4609922,-6.1381,-8.272,-34.7075,0.7122002,
2,43.69,2,17.97746,319.8651,-8.283072,0.4607477,-6.1381,-8.272,-34.7075,0.7122002,
2,43.7,2,17.97657,319.856,-8.281206,0.4606666,-6.1488,-8.272,-34.7108,0.7154999,
2,43.71,2,17.97634,319.8625,-8.28241,0.4607396,-6.1488,-8.272,-34.7108,0.7154999,
2,43.72,2,17.9756,319.8499,-8.281471,0.4607063,-6.1488,-8.272,-34.7108,0.7154999,
2,43.73,2,17.97709,319.864,-8.285602,0.4608979,-6.1488,-8.272,-34.7108,0.7154999,
2,43.74,2,17.97479,319.8359,-8.287735,0.4610756,-6.1488,-8.272,-34.7108,0.7154999,
2,43.75,2,17.97589,319.8053,-8.293808,0.4613851,-6.1488,-8.272,-34.7108,0.7154999,
2,43.76,2,17.97448,319.8156,-8.298814,0.4616998,-6.1488,-8.272,-34.7108,0.7154999,
2,43.77,2,17.97267,319.8177,-8.301358,0.4618878,-6.1488,-8.272,-34.7108,0.7154999,
2,43.78,2,17.9763,319.798,-8.305525,0.4620264,-6.1488,-8.272,-34.7108,0.7154999,
2,43.79,2,17.97426,319.8252,-8.301386,0.4618484,-6.1488,-8.272,-34.7108,0.7154999,
2,43.8,2,17.97088,319.7839,-8.301339,0.4619328,-6.1488,-8.272,-34.7108,0.7154999,
2,43.81,2,17.97216,319.8055,-8.298915,0.4617649,-6.1488,-8.272,-34.7108,0.7154999,
2,43.82,2,17.97427,319.8035,-8.294494,0.4614649,-6.1488,-8.272,-34.7108,0.7154999,
2,43.83,2,17.98153,319.7751,-8.295685,0.4613447,-6.1488,-8.272,-34.7108,0.7154999,
2,43.84,2,17.99701,319.7531,-8.295973,0.460964,-6.1488,-8.272,-34.7108,0.7154999,
2,43.85,2,18.01686,319.7468,-8.305129,0.4609644,-6.1488,-8.272,-34.7108,0.7154999,
2,43.86,2,18.04141,319.6934,-8.313451,0.4607984,-6.1488,-8.272,-34.7108,0.7154999,
2,43.87,2,18.06192,319.6624,-8.317256,0.4604856,-6.1488,-8.272,-34.7108,0.7154999,
2,43.88,2,18.07257,319.6375,-8.322176,0.4604866,-6.1488,-8.272,-34.7108,0.7154999,
2,43.89,2,18.08203,319.6313,-8.330439,0.4607027,-6.1488,-8.272,-34.7108,0.7154999,
2,43.9,2,18.08626,319.6234,-8.33378,0.4607797,-6.1488,-8.272,-34.7108,0.7154999,
2,43.91,2,18.08718,319.6129,-8.332253,0.4606716,-6.1488,-8.272,-34.7108,0.7154999,
2,43.92,2,18.08728,319.6002,-8.331813,0.4606449,-6.1488,-8.272,-34.7108,0.7154999,
2,43.93,2,18.08634,319.5854,-8.329252,0.4605273,-6.1488,-8.272,-34.7108,0.7154999,
2,43.94,2,18.0869,319.5894,-8.327181,0.4603983,-6.16085,-8.272,-34.7141,0.7187996,
2,43.95,2,18.08398,319.5807,-8.331963,0.4607373,-6.16085,-8.272,-34.7141,0.7187996,
2,43.96,2,18.08332,319.5839,-8.334504,0.4608946,-6.16085,-8.272,-34.7141,0.7187996,
2,43.97,2,18.08381,319.5408,-8.338986,0.4611299,-6.16085,-8.272,-34.7141,0.7187996,
2,43.98,2,18.0817,319.5616,-8.340634,0.4612748,-6.16085,-8.272,-34.7141,0.7187996,
2,43.99,2,18.08338,319.5866,-8.346573,0.4615604,-6.16085,-8.272,-34.7141,0.7187996,
2,44,2,18.08243,319.5617,-8.349538,0.4617487,-6.16085,-8.272,-34.7141,0.7187996,
2,44.01,2,18.08106,319.549,-8.350844,0.4618559,-6.16085,-8.272,-34.7141,0.7187996,
2,44.02,2,18.08204,319.5581,-8.356436,0.4621402,-6.16085,-8.272,-34.7141,0.7187996,
2,44.03,2,18.08118,319.5472,-8.351977,0.4619155,-6.16085,-8.272,-34.7141,0.7187996,
2,44.04,2,18.08228,319.5726,-8.353298,0.4619605,-6.16085,-8.272,-34.7141,0.7187996,
2,44.05,2,18.08236,319.5313,-8.349762,0.461763,-6.16085,-8.272,-34.7141,0.7187996,
2,44.06,2,18.08316,319.5157,-8.346601,0.4615677,-6.16085,-8.272,-34.7141,0.7187996,
2,44.07,2,18.09071,319.5054,-8.347032,0.4613989,-6.16085,-8.272,-34.7141,0.7187996,
2,44.08,2,18.10393,319.4873,-8.351537,0.4613108,-6.16085,-8.272,-34.7141,0.7187996,
2,44.09,2,18.12415,319.4623,-8.358435,0.4611768,-6.16085,-8.272,-34.7141,0.7187996,
2,44.1,2,18.15002,319.4243,-8.364702,0.4608645,-6.16085,-8.272,-34.7141,0.7187996,
2,44.11,2,18.16841,319.4027,-8.373364,0.4608749,-6.16085,-8.272,-34.7141,0.7187996,
2,44.12,2,18.18224,319.3917,-8.37961,0.4608679,-6.16085,-8.272,-34.7141,0.7187996,
2,44.13,2,18.18942,319.3751,-8.382145,0.4608252,-6.16085,-8.272,-34.7141,0.7187996,
2,44.14,2,18.19144,319.3586,-8.386235,0.460999,-6.16085,-8.272,-34.7141,0.7187996,
2,44.15,2,18.19212,319.3635,-8.385725,0.4609536,-6.16085,-8.272,-34.7141,0.7187996,
2,44.16,2,18.19138,319.3267,-8.387237,0.4610555,-6.16085,-8.272,-34.7141,0.7187996,
2,44.17,2,18.18984,319.337,-8.384776,0.4609593,-6.16085,-8.272,-34.7141,0.7187996,
2,44.18,2,18.19002,319.3243,-8.383641,0.4608923,-6.16958,-8.272,-34.7174,0.7220993,
2,44.19,2,18.19086,319.3214,-8.384433,0.4609146,-6.16958,-8.272,-34.7174,0.7220993,
2,44.2,2,18.19053,319.3017,-8.383791,0.4608876,-6.16958,-8.272,-34.7174,0.7220993,
2,44.21,2,18.18938,319.2977,-8.390265,0.4612727,-6.16958,-8.272,-34.7174,0.7220993,
2,44.22,2,18.18834,319.2977,-8.390737,0.461325,-6.16958,-8.272,-34.7174,0.7220993,
2,44.23,2,18.18839,319.2662,-8.393943,0.4615002,-6.16958,-8.272,-34.7174,0.7220993,
2,44.24,2,18.18784,319.2731,-8.396633,0.4616619,-6.16958,-8.272,-34.7174,0.7220993,
2,44.25,2,18.18584,319.2702,-8.395951,0.4616752,-6.16958,-8.272,-34.7174,0.7220993,
2,44.26,2,18.1873,319.2693,-8.39632,0.4616584,-6.16958,-8.272,-34.7174,0.7220993,
2,44.27,2,18.18702,319.2595,-8.389651,0.4612988,-6.16958,-8.272,-34.7174,0.7220993,
2,44.28,2,18.18521,319.2357,-8.389561,0.4613398,-6.16958,-8.272,-34.7174,0.7220993,
2,44.29,2,18.18598,319.2518,-8.383393,0.4609811,-6.16958,-8.272,-34.7174,0.7220993,
2,44.3,2,18.18643,319.2409,-8.379332,0.4607464,-6.16958,-8.272,-34.7174,0.7220993,
2,44.31,2,18.19463,319.2184,-8.377758,0.4604522,-6.16958,-8.272,-34.7174,0.7220993,
2,44.32,2,18.21112,319.195,-8.38399,0.4603776,-6.16958,-8.272,-34.7174,0.7220993,
2,44.33,2,18.22942,319.1645,-8.391067,0.4603035,-6.16958,-8.272,-34.7174,0.7220993,
2,44.34,2,18.25204,319.1149,-8.395808,0.4599929,-6.16958,-8.272,-34.7174,0.7220993,
2,44.35,2,18.27328,319.0767,-8.399172,0.4596424,-6.16958,-8.272,-34.7174,0.7220993,
2,44.36,2,18.28574,319.0772,-8.403899,0.4595877,-6.16958,-8.272,-34.7174,0.7220993,
2,44.37,2,18.29259,319.0567,-8.408598,0.4596722,-6.16958,-8.272,-34.7174,0.7220993,
2,44.38,2,18.29686,319.0413,-8.416897,0.4600186,-6.16958,-8.272,-34.7174,0.7220993,
2,44.39,2,18.29371,319.03,-8.411646,0.4598108,-6.16958,-8.272,-34.7174,0.7220993,
2,44.4,2,18.29365,319.0252,-8.411279,0.4597923,-6.16958,-8.272,-34.7174,0.7220993,
2,44.41,2,18.29445,319.0023,-8.410963,0.459755,-6.16958,-8.272,-34.7174,0.7220993,
2,44.42,2,18.29185,319.0061,-8.41249,0.4599037,-6.16958,-8.272,-34.7174,0.7220993,
2,44.43,2,18.29179,318.9895,-8.414024,0.4599891,-6.16958,-8.272,-34.7174,0.7220993,
2,44.44,2,18.29144,319.004,-8.41572,0.4600905,-6.16958,-8.272,-34.7174,0.7220993,
2,44.45,2,18.28757,318.9825,-8.421927,0.4605273,-6.16958,-8.272,-34.7174,0.7220993,
2,44.46,2,18.28951,318.9828,-8.42146,0.4604531,-6.16958,-8.272,-34.7174,0.7220993,
2,44.47,2,18.28709,318.9902,-8.428125,0.4608785,-6.18095,-8.272,-34.7206,0.7252998,
2,44.48,2,18.28877,318.971,-8.429814,0.4609285,-6.18095,-8.272,-34.7206,0.7252998,
2,44.49,2,18.2876,318.9457,-8.431177,0.4610324,-6.18095,-8.272,-34.7206,0.7252998,
2,44.5,2,18.28528,318.9504,-8.43388,0.4612389,-6.18095,-8.272,-34.7206,0.7252998,
2,44.51,2,18.28626,318.9551,-8.432178,0.4611208,-6.18095,-8.272,-34.7206,0.7252998,
2,44.52,2,18.28601,318.9698,-8.434611,0.4612604,-6.18095,-8.272,-34.7206,0.7252998,
2,44.53,2,18.28568,318.9329,-8.433022,0.4611818,-6.18095,-8.272,-34.7206,0.7252998,
2,44.54,2,18.28765,318.9255,-8.431211,0.461033,-6.18095,-8.272,-34.7206,0.7252998,
2,44.55,2,18.28517,318.9247,-8.434172,0.4612576,-6.18095,-8.272,-34.7206,0.7252998,
2,44.56,2,18.28508,318.9158,-8.436719,0.461399,-6.18095,-8.272,-34.7206,0.7252998,
2,44.57,2,18.28493,318.9072,-8.440862,0.4616295,-6.18095,-8.272,-34.7206,0.7252998,
2,44.58,2,18.28228,318.9191,-8.444673,0.4619049,-6.18095,-8.272,-34.7206,0.7252998,
2,44.59,2,18.28705,318.909,-8.449134,0.4620282,-6.18095,-8.272,-34.7206,0.7252998,
2,44.6,2,18.29443,318.8915,-8.446394,0.4616922,-6.18095,-8.272,-34.7206,0.7252998,
2,44.61,2,18.30975,318.8668,-8.449618,0.461482,-6.18095,-8.272,-34.7206,0.7252998,
2,44.62,2,18.33375,318.8424,-8.454355,0.4611362,-6.18095,-8.272,-34.7206,0.7252998,
2,44.63,2,18.35767,318.819,-8.45529,0.4605862,-6.18095,-8.272,-34.7206,0.7252998,
2,44.64,2,18.37916,318.7814,-8.460742,0.4603443,-6.18095,-8.272,-34.7206,0.7252998,
2,44.65,2,18.39452,318.764,-8.460813,0.4599639,-6.18095,-8.272,-34.7206,0.7252998,
2,44.66,2,18.39965,318.7285,-8.465377,0.4600835,-6.18095,-8.272,-34.7206,0.7252998,
2,44.67,2,18.40409,318.7383,-8.472314,0.4603494,-6.18095,-8.272,-34.7206,0.7252998,
2,44.68,2,18.40126,318.6906,-8.477154,0.4606834,-6.18095,-8.272,-34.7206,0.7252998,
2,44.69,2,18.40146,318.6953,-8.480791,0.4608759,-6.18095,-8.272,-34.7206,0.7252998,
2,44.7,2,18.40078,318.6996,-8.480819,0.4608944,-6.18095,-8.272,-34.7206,0.7252998,
2,44.71,2,18.399,318.6824,-8.488214,0.4613409,-6.18095,-8.272,-34.7206,0.7252998,
2,44.72,2,18.39856,318.6875,-8.490304,0.4614657,-6.19303,-8.272,-34.724,0.7286987,
2,44.73,2,18.39883,318.7159,-8.494701,0.4616978,-6.19303,-8.272,-34.724,0.7286987,
2,44.74,2,18.39705,318.6861,-8.497924,0.4619178,-6.19303,-8.272,-34.724,0.7286987,
2,44.75,2,18.39766,318.676,-8.49384,0.4616806,-6.19303,-8.272,-34.724,0.7286987,
2,44.76,2,18.39793,318.6644,-8.494745,0.4617228,-6.19303,-8.272,-34.724,0.7286987,
2,44.77,2,18.39918,318.6704,-8.491549,0.4615178,-6.19303,-8.272,-34.724,0.7286987,
2,44.78,2,18.39688,318.6738,-8.491199,0.4615565,-6.19303,-8.272,-34.724,0.7286987,
2,44.79,2,18.39754,318.6545,-8.493649,0.4616732,-6.19303,-8.272,-34.724,0.7286987,
2,44.8,2,18.39536,318.6481,-8.494438,0.4617707,-6.19303,-8.272,-34.724,0.7286987,
2,44.81,2,18.3969,318.6387,-8.498861,0.4619724,-6.19303,-8.272,-34.724,0.7286987,
2,44.82,2,18.3951,318.6298,-8.498269,0.4619854,-6.19303,-8.272,-34.724,0.7286987,
2,44.83,2,18.39447,318.6649,-8.504379,0.4623336,-6.19303,-8.272,-34.724,0.7286987,
2,44.84,2,18.39464,318.5942,-8.50417,0.4623178,-6.19303,-8.272,-34.724,0.7286987,
2,44.85,2,18.39898,318.6098,-8.507996,0.4624167,-6.19303,-8.272,-34.724,0.7286987,
2,44.86,2,18.4085,318.5981,-8.510047,0.4622891,-6.19303,-8.272,-34.724,0.7286987,
2,44.87,2,18.42975,318.5704,-8.510122,0.46176,-6.19303,-8.272,-34.724,0.7286987,
2,44.88,2,18.45612,318.5373,-8.510334,0.4611119,-6.19303,-8.272,-34.724,0.7286987,
2,44.89,2,18.47923,318.5104,-8.510001,0.460517,-6.19303,-8.272,-34.724,0.7286987,
2,44.9,2,18.49638,318.4994,-8.516867,0.4604613,-6.19303,-8.272,-34.724,0.7286987,
2,44.91,2,18.50673,318.4567,-8.522095,0.4604863,-6.19303,-8.272,-34.724,0.7286987,
2,44.92,2,18.50818,318.5016,-8.526525,0.4606895,-6.19303,-8.272,-34.724,0.7286987,
2,44.93,2,18.50905,318.4364,-8.528465,0.4607728,-6.19303,-8.272,-34.724,0.7286987,
2,44.94,2,18.5093,318.4256,-8.53384,0.4610569,-6.19303,-8.272,-34.724,0.7286987,
2,44.95,2,18.50985,318.4264,-8.541345,0.4614487,-6.19303,-8.272,-34.724,0.7286987,
2,44.96,2,18.50733,318.4262,-8.545579,0.4617402,-6.19303,-8.272,-34.724,0.7286987,
2,44.97,2,18.50698,318.3839,-8.548348,0.4618987,-6.19303,-8.272,-34.724,0.7286987,
2,44.98,2,18.5077,318.4107,-8.546982,0.4618067,-6.19303,-8.272,-34.724,0.7286987,
2,44.99,2,18.50944,318.4141,-8.544214,0.4616138,-6.19303,-8.272,-34.724,0.7286987,
2,45,2,18.50931,318.4044,-8.543059,0.4615548,-6.19303,-8.272,-34.724,0.7286987,
2,45.01,2,18.5078,318.3857,-8.53733,0.4612828,-6.19303,-8.272,-34.724,0.7286987,
2,45.02,2,18.50549,318.3686,-8.538408,0.4613987,-6.20372,-8.272,-34.7274,0.7321014,
2,45.03,2,18.50474,318.3723,-8.537679,0.461378,-6.20372,-8.272,-34.7274,0.7321014,
2,45.04,2,18.50363,318.3582,-8.538515,0.4614509,-6.20372,-8.272,-34.7274,0.7321014,
2,45.05,2,18.50431,318.3478,-8.543694,0.4617137,-6.20372,-8.272,-34.7274,0.7321014,
2,45.06,2,18.50217,318.3603,-8.545294,0.4618537,-6.20372,-8.272,-34.7274,0.7321014,
2,45.07,2,18.50382,318.3328,-8.550124,0.4620735,-6.20372,-8.272,-34.7274,0.7321014,
2,45.08,2,18.50336,318.3339,-8.551646,0.4621673,-6.20372,-8.272,-34.7274,0.7321014,
2,45.09,2,18.50215,318.3257,-8.552051,0.4622192,-6.20372,-8.272,-34.7274,0.7321014,
2,45.1,2,18.50518,318.3304,-8.552792,0.4621835,-6.20372,-8.272,-34.7274,0.7321014,
2,45.11,2,18.51013,318.3182,-8.551212,0.4619747,-6.20372,-8.272,-34.7274,0.7321014,
2,45.12,2,18.5248,318.2953,-8.5486,0.4614679,-6.20372,-8.272,-34.7274,0.7321014,
2,45.13,2,18.54761,318.2646,-8.548282,0.4608832,-6.20372,-8.272,-34.7274,0.7321014,
2,45.14,2,18.57246,318.2137,-8.552679,0.4605034,-6.20372,-8.272,-34.7274,0.7321014,
2,45.15,2,18.59488,318.2025,-8.55783,0.4602251,-6.20372,-8.272,-34.7274,0.7321014,
2,45.16,2,18.61159,318.1297,-8.563283,0.4601049,-6.20372,-8.272,-34.7274,0.7321014,
2,45.17,2,18.62243,318.1352,-8.569049,0.4601467,-6.20372,-8.272,-34.7274,0.7321014,
2,45.18,2,18.62541,318.1281,-8.574744,0.4603788,-6.20372,-8.272,-34.7274,0.7321014,
2,45.19,2,18.62598,318.1143,-8.582448,0.4607784,-6.20372,-8.272,-34.7274,0.7321014,
2,45.2,2,18.62798,318.1082,-8.583572,0.4607893,-6.20372,-8.272,-34.7274,0.7321014,
2,45.21,2,18.62359,318.1327,-8.591498,0.4613234,-6.20372,-8.272,-34.7274,0.7321014,
2,45.22,2,18.62371,318.0958,-8.589431,0.4612095,-6.20372,-8.272,-34.7274,0.7321014,
2,45.23,2,18.62483,318.0841,-8.588405,0.4611267,-6.20372,-8.272,-34.7274,0.7321014,
2,45.24,2,18.62068,318.0866,-8.593535,0.461505,-6.20372,-8.272,-34.7274,0.7321014,
2,45.25,2,18.62135,318.0691,-8.585804,0.461073,-6.20372,-8.272,-34.7274,0.7321014,
2,45.26,2,18.62339,318.0788,-8.585621,0.4610127,-6.20372,-8.272,-34.7274,0.7321014,
2,45.27,2,18.62036,318.0617,-8.587294,0.4611776,-6.20372,-8.272,-34.7274,0.7321014,
2,45.28,2,18.62083,318.0442,-8.58602,0.4610977,-6.21445,-8.272,-34.7309,0.7355995,
2,45.29,2,18.619,318.0481,-8.589973,0.4613552,-6.21445,-8.272,-34.7309,0.7355995,
2,45.3,2,18.61823,318.0246,-8.593451,0.4615612,-6.21445,-8.272,-34.7309,0.7355995,
2,45.31,2,18.61849,318.0423,-8.598016,0.4617998,-6.21445,-8.272,-34.7309,0.7355995,
2,45.32,2,18.61761,318.0345,-8.600073,0.461932,-6.21445,-8.272,-34.7309,0.7355995,
2,45.33,2,18.61778,318.03,-8.601914,0.4620268,-6.21445,-8.272,-34.7309,0.7355995,
2,45.34,2,18.61678,318.0175,-8.606244,0.4622842,-6.21445,-8.272,-34.7309,0.7355995,
2,45.35,2,18.61604,317.9972,-8.603029,0.4621298,-6.21445,-8.272,-34.7309,0.7355995,
2,45.36,2,18.61853,318.0061,-8.602005,0.4620132,-6.21445,-8.272,-34.7309,0.7355995,
2,45.37,2,18.61521,318.0042,-8.595571,0.4617498,-6.21445,-8.272,-34.7309,0.7355995,
2,45.38,2,18.61428,318.0086,-8.599101,0.4619625,-6.21445,-8.272,-34.7309,0.7355995,
2,45.39,2,18.62003,317.965,-8.600392,0.4618894,-6.21445,-8.272,-34.7309,0.7355995,
2,45.4,2,18.62653,318.0072,-8.602155,0.4618228,-6.21445,-8.272,-34.7309,0.7355995,
2,45.41,2,18.64348,317.9475,-8.606493,0.4616354,-6.21445,-8.272,-34.7309,0.7355995,
2,45.42,2,18.66707,317.9107,-8.61191,0.4613422,-6.21445,-8.272,-34.7309,0.7355995,
2,45.43,2,18.68875,317.8884,-8.623573,0.4614313,-6.21445,-8.272,-34.7309,0.7355995,
2,45.44,2,18.71138,317.8461,-8.625745,0.4609893,-6.21445,-8.272,-34.7309,0.7355995,
2,45.45,2,18.72462,317.8169,-8.631829,0.4609881,-6.21445,-8.272,-34.7309,0.7355995,
2,45.46,2,18.73182,317.8427,-8.639421,0.4612162,-6.21445,-8.272,-34.7309,0.7355995,
2,45.47,2,18.73588,317.8091,-8.640742,0.461187,-6.21445,-8.272,-34.7309,0.7355995,
2,45.48,2,18.73456,317.8151,-8.640861,0.4612257,-6.21445,-8.272,-34.7309,0.7355995,
2,45.49,2,18.73463,317.8061,-8.638644,0.4611056,-6.21445,-8.272,-34.7309,0.7355995,
2,45.5,2,18.73435,317.7783,-8.6397,0.4611688,-6.21445,-8.272,-34.7309,0.7355995,
2,45.51,2,18.73213,317.7799,-8.637755,0.4611199,-6.21445,-8.272,-34.7309,0.7355995,
2,45.52,2,18.72977,317.7753,-8.645149,0.4615726,-6.21445,-8.272,-34.7309,0.7355995,
2,45.53,2,18.73174,317.7694,-8.646349,0.4615881,-6.21445,-8.272,-34.7309,0.7355995,
2,45.54,2,18.72997,317.7641,-8.650719,0.4618649,-6.21445,-8.272,-34.7309,0.7355995,
2,45.55,2,18.72939,317.7437,-8.65486,0.4621003,-6.21445,-8.272,-34.7309,0.7355995,
2,45.56,2,18.73104,317.7482,-8.653652,0.4619952,-6.2265,-8.272,-34.7344,0.7391014,
2,45.57,2,18.72954,317.7544,-8.659963,0.4623692,-6.2265,-8.272,-34.7344,0.7391014,
2,45.58,2,18.72907,317.7443,-8.659686,0.4623661,-6.2265,-8.272,-34.7344,0.7391014,
2,45.59,2,18.72899,317.7564,-8.65752,0.4622523,-6.2265,-8.272,-34.7344,0.7391014,
2,45.6,2,18.72921,317.7337,-8.655696,0.4621496,-6.2265,-8.272,-34.7344,0.7391014,
2,45.61,2,18.72742,317.7237,-8.649025,0.4618375,-6.2265,-8.272,-34.7344,0.7391014,
2,45.62,2,18.72825,317.7137,-8.652564,0.4620061,-6.2265,-8.272,-34.7344,0.7391014,
2,45.63,2,18.72814,317.7251,-8.655949,0.4621895,-6.2265,-8.272,-34.7344,0.7391014,
2,45.64,2,18.72668,317.6548,-8.657678,0.4623179,-6.2265,-8.272,-34.7344,0.7391014,
2,45.65,2,18.73203,317.7164,-8.657666,0.4621851,-6.2265,-8.272,-34.7344,0.7391014,
2,45.66,2,18.7431,317.6637,-8.662514,0.4621708,-6.2265,-8.272,-34.7344,0.7391014,
2,45.67,2,18.76122,317.6585,-8.668222,0.4620288,-6.2265,-8.272,-34.7344,0.7391014,
2,45.68,2,18.78536,317.6257,-8.674597,0.4617743,-6.2265,-8.272,-34.7344,0.7391014,
2,45.69,2,18.81098,317.6157,-8.682312,0.4615556,-6.2265,-8.272,-34.7344,0.7391014,
2,45.7,2,18.82989,317.5547,-8.68472,0.46122,-6.2265,-8.272,-34.7344,0.7391014,
2,45.71,2,18.84118,317.5621,-8.687466,0.4610892,-6.2265,-8.272,-34.7344,0.7391014,
2,45.72,2,18.84964,317.5223,-8.688581,0.4609414,-6.2265,-8.272,-34.7344,0.7391014,
2,45.73,2,18.85095,317.5044,-8.682222,0.4605722,-6.2265,-8.272,-34.7344,0.7391014,
2,45.74,2,18.85029,317.5136,-8.685334,0.4607534,-6.2265,-8.272,-34.7344,0.7391014,
2,45.75,2,18.84821,317.4982,-8.686527,0.4608674,-6.2265,-8.272,-34.7344,0.7391014,
2,45.76,2,18.84726,317.4758,-8.697667,0.4614817,-6.2265,-8.272,-34.7344,0.7391014,
2,45.77,2,18.84697,317.4795,-8.697498,0.4614798,-6.2265,-8.272,-34.7344,0.7391014,
2,45.78,2,18.84792,317.46,-8.696158,0.4613856,-6.2265,-8.272,-34.7344,0.7391014,
2,45.79,2,18.8457,317.4792,-8.701838,0.4617413,-6.2265,-8.272,-34.7344,0.7391014,
2,45.8,2,18.84583,317.4714,-8.70163,0.4617272,-6.2265,-8.272,-34.7344,0.7391014,
2,45.81,2,18.8448,317.4629,-8.705236,0.4619437,-6.2265,-8.272,-34.7344,0.7391014,
2,45.82,2,18.84665,317.4543,-8.705699,0.461923,-6.23723,-8.272,-34.7379,0.7425995,
2,45.83,2,18.84622,317.4339,-8.703906,0.4618382,-6.23723,-8.272,-34.7379,0.7425995,
2,45.84,2,18.84594,317.4466,-8.703645,0.4618312,-6.23723,-8.272,-34.7379,0.7425995,
2,45.85,2,18.84461,317.437,-8.699789,0.4616592,-6.23723,-8.272,-34.7379,0.7425995,
2,45.86,2,18.8451,317.4274,-8.702571,0.4617948,-6.23723,-8.272,-34.7379,0.7425995,
2,45.87,2,18.84364,317.4135,-8.703643,0.4618875,-6.23723,-8.272,-34.7379,0.7425995,
2,45.88,2,18.84454,317.4334,-8.707256,0.4620572,-6.23723,-8.272,-34.7379,0.7425995,
2,45.89,2,18.8423,317.402,-8.708129,0.4621586,-6.23723,-8.272,-34.7379,0.7425995,
2,45.9,2,18.84515,317.3845,-8.714017,0.4624011,-6.23723,-8.272,-34.7379,0.7425995,
2,45.91,2,18.85144,317.398,-8.719102,0.4625164,-6.23723,-8.272,-34.7379,0.7425995,
2,45.92,2,18.86462,317.3602,-8.721389,0.4623147,-6.23723,-8.272,-34.7379,0.7425995,
2,45.93,2,18.88842,317.3343,-8.72518,0.4619327,-6.23723,-8.272,-34.7379,0.7425995,
2,45.94,2,18.9126,317.321,-8.725124,0.4613393,-6.23723,-8.272,-34.7379,0.7425995,
2,45.95,2,18.93422,317.2687,-8.729642,0.461051,-6.23723,-8.272,-34.7379,0.7425995,
2,45.96,2,18.94882,317.2585,-8.73509,0.4609834,-6.23723,-8.272,-34.7379,0.7425995,
2,45.97,2,18.95845,317.2492,-8.735704,0.4607815,-6.23723,-8.272,-34.7379,0.7425995,
2,45.98,2,18.96176,317.2256,-8.73814,0.4608296,-6.23723,-8.272,-34.7379,0.7425995,
2,45.99,2,18.96312,317.2169,-8.739914,0.4608901,-6.23723,-8.272,-34.7379,0.7425995,
2,46,2,18.96024,317.2216,-8.745953,0.4612787,-6.23723,-8.272,-34.7379,0.7425995,
2,46.01,2,18.96122,317.2019,-8.749397,0.4614365,-6.23723,-8.272,-34.7379,0.7425995,
2,46.02,2,18.96204,317.1985,-8.753137,0.4616137,-6.23723,-8.272,-34.7379,0.7425995,
2,46.03,2,18.96134,317.1951,-8.754877,0.4617224,-6.23723,-8.272,-34.7379,0.7425995,
2,46.04,2,18.95818,317.1832,-8.758465,0.4619888,-6.23723,-8.272,-34.7379,0.7425995,
2,46.05,2,18.95638,317.1774,-8.762286,0.4622342,-6.23723,-8.272,-34.7379,0.7425995,
2,46.06,2,18.95652,317.1711,-8.7586,0.4620362,-6.23723,-8.272,-34.7379,0.7425995,
2,46.07,2,18.95732,317.1767,-8.758254,0.4619985,-6.24795,-8.272,-34.7413,0.7459984,
2,46.08,2,18.95593,317.1633,-8.754237,0.4618205,-6.24795,-8.272,-34.7413,0.7459984,
2,46.09,2,18.95693,317.1555,-8.751082,0.4616298,-6.24795,-8.272,-34.7413,0.7459984,
2,46.1,2,18.95681,317.1456,-8.75487,0.4618326,-6.24795,-8.272,-34.7413,0.7459984,
2,46.11,2,18.95474,317.1477,-8.754671,0.4618725,-6.24795,-8.272,-34.7413,0.7459984,
2,46.12,2,18.95415,317.1221,-8.758749,0.4621018,-6.24795,-8.272,-34.7413,0.7459984,
2,46.13,2,18.95597,317.1303,-8.756837,0.4619566,-6.24795,-8.272,-34.7413,0.7459984,
2,46.14,2,18.95257,317.1438,-8.761091,0.462264,-6.24795,-8.272,-34.7413,0.7459984,
2,46.15,2,18.95307,317.1286,-8.767723,0.4626017,-6.24795,-8.272,-34.7413,0.7459984,
2,46.16,2,18.95448,317.1086,-8.766245,0.4624893,-6.24795,-8.272,-34.7413,0.7459984,
2,46.17,2,18.95257,317.1015,-8.769653,0.4627158,-6.24795,-8.272,-34.7413,0.7459984,
2,46.18,2,18.95214,317.1006,-8.767076,0.4625904,-6.24795,-8.272,-34.7413,0.7459984,
2,46.19,2,18.95464,317.1165,-8.765094,0.4624248,-6.24795,-8.272,-34.7413,0.7459984,
2,46.2,2,18.96342,317.0705,-8.760708,0.4619793,-6.24795,-8.272,-34.7413,0.7459984,
2,46.21,2,18.97849,317.0416,-8.75879,0.4615116,-6.24795,-8.272,-34.7413,0.7459984,
2,46.22,2,19.00068,317.0164,-8.761267,0.4611028,-6.24795,-8.272,-34.7413,0.7459984,
2,46.23,2,19.02614,316.9851,-8.76653,0.4607624,-6.24795,-8.272,-34.7413,0.7459984,
2,46.24,2,19.04609,316.9626,-8.776064,0.4607803,-6.24795,-8.272,-34.7413,0.7459984,
2,46.25,2,19.06116,316.9372,-8.779688,0.4606062,-6.24795,-8.272,-34.7413,0.7459984,
2,46.26,2,19.06952,316.9283,-8.788468,0.4608646,-6.24795,-8.272,-34.7413,0.7459984,
2,46.27,2,19.0705,316.9064,-8.792033,0.461028,-6.24795,-8.272,-34.7413,0.7459984,
2,46.28,2,19.07017,316.8943,-8.796412,0.4612655,-6.24795,-8.272,-34.7413,0.7459984,
2,46.29,2,19.06781,316.8932,-8.799815,0.4615011,-6.24795,-8.272,-34.7413,0.7459984,
2,46.3,2,19.06759,316.8851,-8.797148,0.4613665,-6.24795,-8.272,-34.7413,0.7459984,
2,46.31,2,19.06641,316.8581,-8.796704,0.4613719,-6.24795,-8.272,-34.7413,0.7459984,
2,46.32,2,19.06574,316.8588,-8.793435,0.4612166,-6.24795,-8.272,-34.7413,0.7459984,
2,46.33,2,19.06615,316.8449,-8.79577,0.4613291,-6.26003,-8.272,-34.7448,0.7495003,
2,46.34,2,19.06618,316.849,-8.796796,0.4613821,-6.26003,-8.272,-34.7448,0.7495003,
2,46.35,2,19.06638,316.8212,-8.799382,0.461513,-6.26003,-8.272,-34.7448,0.7495003,
2,46.36,2,19.06488,316.8298,-8.803222,0.4617507,-6.26003,-8.272,-34.7448,0.7495003,
2,46.37,2,19.06452,316.8212,-8.805788,0.4618941,-6.26003,-8.272,-34.7448,0.7495003,
2,46.38,2,19.06516,316.7921,-8.813916,0.4623049,-6.26003,-8.272,-34.7448,0.7495003,
2,46.39,2,19.06242,316.8104,-8.819643,0.4626718,-6.26003,-8.272,-34.7448,0.7495003,
2,46.4,2,19.06223,316.8232,-8.821037,0.4627495,-6.26003,-8.272,-34.7448,0.7495003,
2,46.41,2,19.06152,316.8192,-8.82436,0.462941,-6.26003,-8.272,-34.7448,0.7495003,
2,46.42,2,19.06324,316.81,-8.823377,0.4628478,-6.26003,-8.272,-34.7448,0.7495003,
2,46.43,2,19.06292,316.7877,-8.825263,0.4629545,-6.26003,-8.272,-34.7448,0.7495003,
2,46.44,2,19.06114,316.8094,-8.822992,0.4628785,-6.26003,-8.272,-34.7448,0.7495003,
2,46.45,2,19.06848,316.8033,-8.819339,0.4625089,-6.26003,-8.272,-34.7448,0.7495003,
2,46.46,2,19.08042,316.7775,-8.820197,0.4622643,-6.26003,-8.272,-34.7448,0.7495003,
2,46.47,2,19.09723,316.7475,-8.827276,0.4622282,-6.26003,-8.272,-34.7448,0.7495003,
2,46.48,2,19.12192,316.7198,-8.834032,0.4619846,-6.26003,-8.272,-34.7448,0.7495003,
2,46.49,2,19.14592,316.6828,-8.840366,0.4617362,-6.26003,-8.272,-34.7448,0.7495003,
2,46.5,2,19.16402,316.648,-8.847008,0.4616467,-6.26003,-8.272,-34.7448,0.7495003,
2,46.51,2,19.17604,316.641,-8.853241,0.4616825,-6.26003,-8.272,-34.7448,0.7495003,
2,46.52,2,19.17739,316.6425,-8.860367,0.4620216,-6.26003,-8.272,-34.7448,0.7495003,
2,46.53,2,19.1798,316.6201,-8.865908,0.4622523,-6.26003,-8.272,-34.7448,0.7495003,
2,46.54,2,19.18114,316.615,-8.859686,0.4618957,-6.26003,-8.272,-34.7448,0.7495003,
2,46.55,2,19.17887,316.6208,-8.860823,0.4620095,-6.26003,-8.272,-34.7448,0.7495003,
2,46.56,2,19.17873,316.6038,-8.858431,0.4618882,-6.26003,-8.272,-34.7448,0.7495003,
2,46.57,2,19.17994,316.6113,-8.857116,0.4617905,-6.26003,-8.272,-34.7448,0.7495003,
2,46.58,2,19.17913,316.5798,-8.859277,0.4619228,-6.26003,-8.272,-34.7448,0.7495003,
2,46.59,2,19.17853,316.6034,-8.861243,0.4620397,-6.26003,-8.272,-34.7448,0.7495003,
2,46.6,2,19.17671,316.5839,-8.865327,0.4622965,-6.26003,-8.272,-34.7448,0.7495003,
2,46.61,2,19.17758,316.5748,-8.867983,0.462414,-6.26003,-8.272,-34.7448,0.7495003,
2,46.62,2,19.1778,316.5761,-8.872814,0.4626608,-6.27072,-8.272,-34.7481,0.7528,
2,46.63,2,19.17484,316.5694,-8.873998,0.4627939,-6.27072,-8.272,-34.7481,0.7528,
2,46.64,2,19.17347,316.5438,-8.878126,0.4630422,-6.27072,-8.272,-34.7481,0.7528,
2,46.65,2,19.17557,316.551,-8.878578,0.463015,-6.27072,-8.272,-34.7481,0.7528,
2,46.66,2,19.17192,316.5681,-8.872091,0.462765,-6.27072,-8.272,-34.7481,0.7528,
2,46.67,2,19.17396,316.5613,-8.87136,0.4626774,-6.27072,-8.272,-34.7481,0.7528,
2,46.68,2,19.17489,316.5369,-8.865068,0.462327,-6.27072,-8.272,-34.7481,0.7528,
2,46.69,2,19.17134,316.5133,-8.861626,0.4622329,-6.27072,-8.272,-34.7481,0.7528,
2,46.7,2,19.17655,316.5111,-8.861325,0.4620918,-6.27072,-8.272,-34.7481,0.7528,
2,46.71,2,19.18269,316.5018,-8.859272,0.4618368,-6.27072,-8.272,-34.7481,0.7528,
2,46.72,2,19.19626,316.4813,-8.864166,0.4617652,-6.27072,-8.272,-34.7481,0.7528,
2,46.73,2,19.22076,316.4553,-8.86814,0.4613833,-6.27072,-8.272,-34.7481,0.7528,
2,46.74,2,19.24317,316.4063,-8.873766,0.4611385,-6.27072,-8.272,-34.7481,0.7528,
2,46.75,2,19.26725,316.387,-8.88033,0.4609028,-6.27072,-8.272,-34.7481,0.7528,
2,46.76,2,19.28713,316.3563,-8.888637,0.4608583,-6.27072,-8.272,-34.7481,0.7528,
2,46.77,2,19.29264,316.3454,-8.894249,0.4610178,-6.27072,-8.272,-34.7481,0.7528,
2,46.78,2,19.29839,316.3282,-8.896261,0.4609846,-6.27072,-8.272,-34.7481,0.7528,
2,46.79,2,19.2983,316.3185,-8.897959,0.4610747,-6.27072,-8.272,-34.7481,0.7528,
2,46.8,2,19.29515,316.3212,-8.893527,0.4609202,-6.27072,-8.272,-34.7481,0.7528,
2,46.81,2,19.29613,316.2849,-8.89516,0.4609815,-6.27072,-8.272,-34.7481,0.7528,
2,46.82,2,19.29355,316.3053,-8.899778,0.4612826,-6.27072,-8.272,-34.7481,0.7528,
2,46.83,2,19.29324,316.2413,-8.904554,0.4615376,-6.27072,-8.272,-34.7481,0.7528,
2,46.84,2,19.29321,316.2602,-8.908482,0.4617419,-6.27072,-8.272,-34.7481,0.7528,
2,46.85,2,19.29299,316.2704,-8.907231,0.4616823,-6.27072,-8.272,-34.7481,0.7528,
2,46.86,2,19.28941,316.2557,-8.914322,0.4621356,-6.27072,-8.272,-34.7481,0.7528,
2,46.87,2,19.2929,316.2574,-8.913957,0.462033,-6.27072,-8.272,-34.7481,0.7528,
2,46.88,2,19.29305,316.2848,-8.915169,0.4620924,-6.28145,-8.272,-34.7516,0.7562981,
2,46.89,2,19.28967,316.253,-8.915691,0.4622004,-6.28145,-8.272,-34.7516,0.7562981,
2,46.9,2,19.29221,316.2386,-8.914764,0.4620913,-6.28145,-8.272,-34.7516,0.7562981,
2,46.91,2,19.28917,316.2337,-8.911778,0.4620094,-6.28145,-8.272,-34.7516,0.7562981,
2,46.92,2,19.29143,316.2306,-8.903997,0.4615519,-6.28145,-8.272,-34.7516,0.7562981,
2,46.93,2,19.28889,316.2283,-8.906244,0.4617291,-6.28145,-8.272,-34.7516,0.7562981,
2,46.94,2,19.28702,316.2157,-8.905121,0.4617158,-6.28145,-8.272,-34.7516,0.7562981,
2,46.95,2,19.28603,316.2096,-8.908366,0.4619076,-6.28145,-8.272,-34.7516,0.7562981,
2,46.96,2,19.28465,316.2011,-8.911487,0.4621027,-6.28145,-8.272,-34.7516,0.7562981,
2,46.97,2,19.28502,316.1911,-8.913404,0.4621932,-6.28145,-8.272,-34.7516,0.7562981,
2,46.98,2,19.28585,316.1952,-8.918785,0.4624522,-6.28145,-8.272,-34.7516,0.7562981,
2,46.99,2,19.29095,316.1868,-8.913479,0.4620549,-6.28145,-8.272,-34.7516,0.7562981,
2,47,2,19.29924,316.1646,-8.919236,0.4621548,-6.28145,-8.272,-34.7516,0.7562981,
2,47.01,2,19.31373,316.15,-8.922007,0.4619514,-6.28145,-8.272,-34.7516,0.7562981,
2,47.02,2,19.33696,316.1057,-8.924497,0.4615254,-6.28145,-8.272,-34.7516,0.7562981,
2,47.03,2,19.36218,316.0778,-8.926716,0.4610387,-6.28145,-8.272,-34.7516,0.7562981,
2,47.04,2,19.38358,316.0515,-8.929293,0.4606628,-6.28145,-8.272,-34.7516,0.7562981,
2,47.05,2,19.39672,316.0429,-8.937394,0.4607682,-6.28145,-8.272,-34.7516,0.7562981,
2,47.06,2,19.40485,315.9945,-8.945133,0.4609742,-6.28145,-8.272,-34.7516,0.7562981,
2,47.07,2,19.40369,316.0657,-8.948296,0.4611645,-6.28145,-8.272,-34.7516,0.7562981,
2,47.08,2,19.40384,315.9997,-8.953455,0.4614271,-6.28145,-8.272,-34.7516,0.7562981,
2,47.09,2,19.40487,315.9895,-8.959595,0.461719,-6.28145,-8.272,-34.7516,0.7562981,
2,47.1,2,19.4025,315.9886,-8.966826,0.4621481,-6.28145,-8.272,-34.7516,0.7562981,
2,47.11,2,19.40133,315.9817,-8.970229,0.4623512,-6.28145,-8.272,-34.7516,0.7562981,
2,47.12,2,19.40069,315.9562,-8.974872,0.4626059,-6.28145,-8.272,-34.7516,0.7562981,
2,47.13,2,19.40019,315.9855,-8.974225,0.4625844,-6.28145,-8.272,-34.7516,0.7562981,
2,47.14,2,19.40112,315.9873,-8.971243,0.4624086,-6.28145,-8.272,-34.7516,0.7562981,
2,47.15,2,19.39903,315.9762,-8.97108,0.4624499,-6.28145,-8.272,-34.7516,0.7562981,
2,47.16,2,19.40198,315.9663,-8.966672,0.4621524,-6.29353,-8.272,-34.755,0.7597008,
2,47.17,2,19.40058,315.9463,-8.969408,0.4623268,-6.29353,-8.272,-34.755,0.7597008,
2,47.18,2,19.40071,315.9531,-8.968809,0.4622929,-6.29353,-8.272,-34.755,0.7597008,
2,47.19,2,19.40015,315.953,-8.97275,0.4625094,-6.29353,-8.272,-34.755,0.7597008,
2,47.2,2,19.39779,315.9451,-8.976251,0.4627461,-6.29353,-8.272,-34.755,0.7597008,
2,47.21,2,19.39842,315.9517,-8.976113,0.4627239,-6.29353,-8.272,-34.755,0.7597008,
2,47.22,2,19.40057,315.9251,-8.981053,0.4629272,-6.29353,-8.272,-34.755,0.7597008,
2,47.23,2,19.39924,315.9287,-8.979991,0.4629042,-6.29353,-8.272,-34.755,0.7597008,
2,47.24,2,19.39812,315.9339,-8.985982,0.4632398,-6.29353,-8.272,-34.755,0.7597008,
2,47.25,2,19.40707,315.9204,-8.983721,0.4629096,-6.29353,-8.272,-34.755,0.7597008,
2,47.26,2,19.41213,315.9201,-8.979662,0.4625799,-6.29353,-8.272,-34.755,0.7597008,
2,47.27,2,19.43452,315.8862,-8.98205,0.4621699,-6.29353,-8.272,-34.755,0.7597008,
2,47.28,2,19.46072,315.8401,-8.976681,0.4612717,-6.29353,-8.272,-34.755,0.7597008,
2,47.29,2,19.48275,315.7923,-8.982965,0.4610728,-6.29353,-8.272,-34.755,0.7597008,
2,47.3,2,19.50237,315.7909,-8.990324,0.4609863,-6.29353,-8.272,-34.755,0.7597008,
2,47.31,2,19.51338,315.7254,-8.994884,0.4609598,-6.29353,-8.272,-34.755,0.7597008,
2,47.32,2,19.51865,315.7425,-8.999121,0.4610524,-6.29353,-8.272,-34.755,0.7597008,
2,47.33,2,19.52094,315.7394,-9.006082,0.4613548,-6.29353,-8.272,-34.755,0.7597008,
2,47.34,2,19.51572,315.7249,-9.01053,0.4617063,-6.29353,-8.272,-34.755,0.7597008,
2,47.35,2,19.52044,315.7217,-9.009998,0.4615673,-6.29353,-8.272,-34.755,0.7597008,
2,47.36,2,19.52173,315.7279,-9.011215,0.4615992,-6.29353,-8.272,-34.755,0.7597008,
2,47.37,2,19.5168,315.7026,-9.008136,0.461558,-6.29353,-8.272,-34.755,0.7597008,
2,47.38,2,19.51839,315.6908,-9.009731,0.4616021,-6.29353,-8.272,-34.755,0.7597008,
2,47.39,2,19.51851,315.6897,-9.009922,0.4616091,-6.29353,-8.272,-34.755,0.7597008,
2,47.4,2,19.51392,315.6735,-9.003338,0.4613804,-6.29353,-8.272,-34.755,0.7597008,
2,47.41,2,19.51694,315.6881,-9.006944,0.4614936,-6.29353,-8.272,-34.755,0.7597008,
2,47.42,2,19.5162,315.6599,-9.007206,0.4615247,-6.30422,-8.272,-34.7585,0.7631989,
2,47.43,2,19.51418,315.6427,-9.011592,0.461797,-6.30422,-8.272,-34.7585,0.7631989,
2,47.44,2,19.51445,315.6557,-9.016925,0.4620639,-6.30422,-8.272,-34.7585,0.7631989,
2,47.45,2,19.51394,315.6374,-9.01874,0.4621691,-6.30422,-8.272,-34.7585,0.7631989,
2,47.46,2,19.51303,315.6437,-9.025093,0.4625163,-6.30422,-8.272,-34.7585,0.7631989,
2,47.47,2,19.51356,315.6443,-9.025397,0.4625192,-6.30422,-8.272,-34.7585,0.7631989,
2,47.48,2,19.51121,315.6404,-9.029382,0.4627791,-6.30422,-8.272,-34.7585,0.7631989,
2,47.49,2,19.50998,315.6335,-9.03003,0.4628416,-6.30422,-8.272,-34.7585,0.7631989,
2,47.5,2,19.51136,315.6168,-9.026992,0.462653,-6.30422,-8.272,-34.7585,0.7631989,
2,47.51,2,19.51104,315.6227,-9.021985,0.462404,-6.30422,-8.272,-34.7585,0.7631989,
2,47.52,2,19.51238,315.615,-9.01702,0.4621178,-6.30422,-8.272,-34.7585,0.7631989,
2,47.53,2,19.51334,315.6162,-9.018314,0.4621615,-6.30422,-8.272,-34.7585,0.7631989,
2,47.54,2,19.51774,315.5816,-9.02025,0.4621564,-6.30422,-8.272,-34.7585,0.7631989,
2,47.55,2,19.52892,315.6076,-9.023514,0.462059,-6.30422,-8.272,-34.7585,0.7631989,
2,47.56,2,19.55143,315.5497,-9.0265,0.4616798,-6.30422,-8.272,-34.7585,0.7631989,
2,47.57,2,19.57591,315.5006,-9.035033,0.4615383,-6.30422,-8.272,-34.7585,0.7631989,
2,47.58,2,19.59951,315.4909,-9.049445,0.4617179,-6.30422,-8.272,-34.7585,0.7631989,
2,47.59,2,19.61711,315.4636,-9.050606,0.4613628,-6.30422,-8.272,-34.7585,0.7631989,
2,47.6,2,19.62706,315.4344,-9.056746,0.4614418,-6.30422,-8.272,-34.7585,0.7631989,
2,47.61,2,19.63083,315.4488,-9.058318,0.4614334,-6.30422,-8.272,-34.7585,0.7631989,
2,47.62,2,19.63134,315.4191,-9.058205,0.4614155,-6.30422,-8.272,-34.7585,0.7631989,
2,47.63,2,19.63153,315.4354,-9.058401,0.4614211,-6.30422,-8.272,-34.7585,0.7631989,
2,47.64,2,19.62927,315.4185,-9.057055,0.4614057,-6.30422,-8.272,-34.7585,0.7631989,
2,47.65,2,19.62738,315.3901,-9.058105,0.4615034,-6.30422,-8.272,-34.7585,0.7631989,
2,47.66,2,19.62886,315.3985,-9.057221,0.4614238,-6.30422,-8.272,-34.7585,0.7631989,
2,47.67,2,19.62897,315.4005,-9.060812,0.4616041,-6.30422,-8.272,-34.7585,0.7631989,
2,47.68,2,19.62765,315.3869,-9.06436,0.4618159,-6.3163,-8.272,-34.7619,0.7666016,
2,47.69,2,19.62629,315.3853,-9.065515,0.4619068,-6.3163,-8.272,-34.7619,0.7666016,
2,47.7,2,19.62652,315.3615,-9.071321,0.4621972,-6.3163,-8.272,-34.7619,0.7666016,
2,47.71,2,19.6241,315.3626,-9.073031,0.4623412,-6.3163,-8.272,-34.7619,0.7666016,
2,47.72,2,19.62658,315.3662,-9.072343,0.4622478,-6.3163,-8.272,-34.7619,0.7666016,
2,47.73,2,19.62549,315.3639,-9.070698,0.4621897,-6.3163,-8.272,-34.7619,0.7666016,
2,47.74,2,19.62579,315.3737,-9.06982,0.4621379,-6.3163,-8.272,-34.7619,0.7666016,
2,47.75,2,19.62598,315.3454,-9.065185,0.4618971,-6.3163,-8.272,-34.7619,0.7666016,
2,47.76,2,19.62586,315.3402,-9.06216,0.4617459,-6.3163,-8.272,-34.7619,0.7666016,
2,47.77,2,19.62178,315.3287,-9.065672,0.4620208,-6.3163,-8.272,-34.7619,0.7666016,
2,47.78,2,19.61993,315.3357,-9.066103,0.4620864,-6.3163,-8.272,-34.7619,0.7666016,
2,47.79,2,19.62477,315.2912,-9.070725,0.4622081,-6.3163,-8.272,-34.7619,0.7666016,
2,47.8,2,19.63281,315.3107,-9.071962,0.4620818,-6.3163,-8.272,-34.7619,0.7666016,
2,47.81,2,19.65093,315.3029,-9.075879,0.4618549,-6.3163,-8.272,-34.7619,0.7666016,
2,47.82,2,19.67579,315.2656,-9.081104,0.4615369,-6.3163,-8.272,-34.7619,0.7666016,
2,47.83,2,19.69988,315.2276,-9.083466,0.4610924,-6.3163,-8.272,-34.7619,0.7666016,
2,47.84,2,19.71965,315.1983,-9.08972,0.4609473,-6.3163,-8.272,-34.7619,0.7666016,
2,47.85,2,19.73507,315.1642,-9.091799,0.4606925,-6.3163,-8.272,-34.7619,0.7666016,
2,47.86,2,19.74169,315.1751,-9.093565,0.4606275,-6.3163,-8.272,-34.7619,0.7666016,
2,47.87,2,19.74432,315.1286,-9.093702,0.4605731,-6.3163,-8.272,-34.7619,0.7666016,
2,47.88,2,19.74407,315.1177,-9.09197,0.4604913,-6.3163,-8.272,-34.7619,0.7666016,
2,47.89,2,19.74292,315.1302,-9.093416,0.4605913,-6.3163,-8.272,-34.7619,0.7666016,
2,47.9,2,19.7419,315.1086,-9.098989,0.4608973,-6.3163,-8.272,-34.7619,0.7666016,
2,47.91,2,19.74134,315.091,-9.102864,0.4611067,-6.3163,-8.272,-34.7619,0.7666016,
2,47.92,2,19.74159,315.0984,-9.105321,0.4612254,-6.3163,-8.272,-34.7619,0.7666016,
2,47.93,2,19.74124,315.0934,-9.108819,0.4614106,-6.3163,-8.272,-34.7619,0.7666016,
2,47.94,2,19.74139,315.1047,-9.108319,0.4613819,-6.3163,-8.272,-34.7619,0.7666016,
2,47.95,2,19.74049,315.0827,-9.098708,0.4609159,-6.3163,-8.272,-34.7619,0.7666016,
2,47.96,2,19.73847,315.0743,-9.089778,0.4605107,-6.3163,-8.272,-34.7619,0.7666016,
2,47.97,2,19.73905,315.0546,-9.078013,0.4599013,-6.3163,-8.272,-34.7619,0.7666016,
2,47.98,2,19.73853,315.0274,-9.057772,0.458888,-6.3163,-8.272,-34.7619,0.7666016,
2,47.99,2,19.74076,315.0049,-9.033672,0.4576152,-6.3163,-8.272,-34.7619,0.7666016,
2,48,2,19.74028,314.9806,-9.008686,0.4563606,-6.3163,-8.272,-34.7619,0.7666016,
2,48.01,2,19.73759,314.95,-8.984031,0.4551737,-6.32702,-8.272,-34.7653,0.7700005,
2,48.02,2,19.73865,314.9053,-8.955393,0.4536984,-6.32702,-8.272,-34.7653,0.7700005,

TotalTime
00:02:50.4211060
